record_type,bank,base_currency,quote_currency,currency_pair,unit,transaction_value,amount_tier,std_transaction_value,std_amount_tier,group,effective_date,last_updated,scraped_at,tt_od_sell,tt_buy,mid_rate,bank_mid_rate,mid_source,sell_margin_pct,buy_margin_pct
native,dbs,AED,SGD,AED/SGD,1,SGD 50 – 200,amtBtw50And200,,,mainCurrencies,2026-09-02 00:30:00,2026-09-01 16:30:14,2026-09-01T16:47:58.278460+00:00,0.3491,0.3443,0.34619999999999995,0.3467,MAS,0.8376660889659358,0.5488157134604152
native,dbs,AED,SGD,AED/SGD,1,SGD < 50,amtLessThan50,,,mainCurrencies,2026-09-02 00:30:00,2026-09-01 16:30:14,2026-09-01T16:47:58.278460+00:00,0.3518,0.3415,0.34619999999999995,0.34665,MAS,1.6175621028307483,1.3575967648757732
native,dbs,AUD,SGD,AUD/SGD,1,SGD 50 – 200,amtBtw50And200,,,mainCurrencies,2026-09-02 00:30:00,2026-09-01 16:30:14,2026-09-01T16:47:58.278460+00:00,0.9208,0.9006,0.9114,0.9107,MAS,1.0313802940531012,1.1849901250822945
native,dbs,AUD,SGD,AUD/SGD,1,SGD < 50,amtLessThan50,,,mainCurrencies,2026-09-02 00:30:00,2026-09-01 16:30:14,2026-09-01T16:47:58.278460+00:00,0.9213,0.9002,0.9114,0.91075,MAS,1.0862409479921022,1.2288786482334855
native,dbs,BDT,SGD,BDT/SGD,100,SGD 50 – 200,amtBtw50And200,,,otherCurrencies,2026-09-02 00:30:00,2026-09-01 16:30:14,2026-09-01T16:47:58.278460+00:00,1.0533,,,,,,
native,dbs,BDT,SGD,BDT/SGD,100,SGD < 50,amtLessThan50,,,otherCurrencies,2026-09-02 00:30:00,2026-09-01 16:30:14,2026-09-01T16:47:58.278460+00:00,1.0532,,,,,,
native,dbs,BHD,SGD,BHD/SGD,1,SGD 50 – 200,amtBtw50And200,,,otherCurrencies,2026-09-02 00:30:00,2026-09-01 16:30:14,2026-09-01T16:47:58.278460+00:00,3.4405,,,,,,
native,dbs,BHD,SGD,BHD/SGD,1,SGD < 50,amtLessThan50,,,otherCurrencies,2026-09-02 00:30:00,2026-09-01 16:30:14,2026-09-01T16:47:58.278460+00:00,3.454,,,,,,
native,dbs,BND,SGD,BND/SGD,1,SGD 50 – 200,amtBtw50And200,,,otherCurrencies,2026-09-02 00:30:00,2026-09-01 16:30:14,2026-09-01T16:47:58.278460+00:00,1.0,1.0,,1.0,,,
native,dbs,BND,SGD,BND/SGD,1,SGD < 50,amtLessThan50,,,otherCurrencies,2026-09-02 00:30:00,2026-09-01 16:30:14,2026-09-01T16:47:58.278460+00:00,1.0,1.0,,1.0,,,
native,dbs,CAD,SGD,CAD/SGD,1,SGD 50 – 200,amtBtw50And200,,,mainCurrencies,2026-09-02 00:30:00,2026-09-01 16:30:14,2026-09-01T16:47:58.278460+00:00,0.9228,0.909,0.917,0.9158999999999999,MAS,0.6324972737186386,0.872410032715377
native,dbs,CAD,SGD,CAD/SGD,1,SGD < 50,amtLessThan50,,,mainCurrencies,2026-09-02 00:30:00,2026-09-01 16:30:14,2026-09-01T16:47:58.278460+00:00,0.9261,0.9058,0.917,0.91595,MAS,0.9923664122137401,1.2213740458015254
native,dbs,CHF,SGD,CHF/SGD,1,SGD 50 – 200,amtBtw50And200,,,mainCurrencies,2026-09-02 00:30:00,2026-09-01 16:30:14,2026-09-01T16:47:58.278460+00:00,1.5823,1.5523,1.5702,1.5673,MAS,0.7706024710227996,1.1399821678767053
native,dbs,CHF,SGD,CHF/SGD,1,SGD < 50,amtLessThan50,,,mainCurrencies,2026-09-02 00:30:00,2026-09-01 16:30:14,2026-09-01T16:47:58.278460+00:00,1.5831,1.5516,1.5702,1.56735,MAS,0.8215513947267808,1.1845624761176887
native,dbs,CNH,SGD,CNH/SGD,1,SGD 50 – 200,amtBtw50And200,,,mainCurrencies,2026-09-02 00:30:00,2026-09-01 16:30:14,2026-09-01T16:47:58.278460+00:00,0.1916,0.1872,,0.1894,,,
native,dbs,CNH,SGD,CNH/SGD,1,SGD < 50,amtLessThan50,,,mainCurrencies,2026-09-02 00:30:00,2026-09-01 16:30:14,2026-09-01T16:47:58.278460+00:00,0.1922,0.1865,,0.18935000000000002,,,
native,dbs,CNY,SGD,CNY/SGD,1,SGD 50 – 200,amtBtw50And200,,,otherCurrencies,2026-09-02 00:30:00,2026-09-01 16:30:14,2026-09-01T16:47:58.278460+00:00,0.1894,,0.1892,,MAS,0.10570824524313198,
native,dbs,CNY,SGD,CNY/SGD,1,SGD < 50,amtLessThan50,,,otherCurrencies,2026-09-02 00:30:00,2026-09-01 16:30:14,2026-09-01T16:47:58.278460+00:00,0.1911,,0.1892,,MAS,1.0042283298097172,
native,dbs,DKK,SGD,DKK/SGD,1,SGD 50 – 200,amtBtw50And200,,,mainCurrencies,2026-09-02 00:30:00,2026-09-01 16:30:14,2026-09-01T16:47:58.278460+00:00,0.2,0.1946,,0.1973,,,
native,dbs,DKK,SGD,DKK/SGD,1,SGD < 50,amtLessThan50,,,mainCurrencies,2026-09-02 00:30:00,2026-09-01 16:30:14,2026-09-01T16:47:58.278460+00:00,0.2004,0.1942,,0.1973,,,
native,dbs,EUR,SGD,EUR/SGD,1,SGD 50 – 200,amtBtw50And200,,,mainCurrencies,2026-09-02 00:30:00,2026-09-01 16:30:14,2026-09-01T16:47:58.278460+00:00,1.4879,1.4627,1.4759,1.4752999999999998,MAS,0.8130632156650186,0.8943695372315266
native,dbs,EUR,SGD,EUR/SGD,1,SGD < 50,amtLessThan50,,,mainCurrencies,2026-09-02 00:30:00,2026-09-01 16:30:14,2026-09-01T16:47:58.278460+00:00,1.4887,1.462,1.4759,1.47535,MAS,0.8672674300426805,0.9417982248119807
native,dbs,GBP,SGD,GBP/SGD,1,SGD 50 – 200,amtBtw50And200,,,mainCurrencies,2026-09-02 00:30:00,2026-09-01 16:30:14,2026-09-01T16:47:58.278460+00:00,1.7349,1.7089,1.7219,1.7219000000000002,MAS,0.7549799639932704,0.7549799639932575
native,dbs,GBP,SGD,GBP/SGD,1,SGD < 50,amtLessThan50,,,mainCurrencies,2026-09-02 00:30:00,2026-09-01 16:30:14,2026-09-01T16:47:58.278460+00:00,1.7366,1.7072,1.7219,1.7219,MAS,0.85370811313084,0.85370811313084
native,dbs,HKD,SGD,HKD/SGD,1,SGD 50 – 200,amtBtw50And200,,,mainCurrencies,2026-09-02 00:30:00,2026-09-01 16:30:14,2026-09-01T16:47:58.278460+00:00,0.164,0.1607,0.16219999999999998,0.16235,MAS,1.1097410604192504,0.9247842170160133
native,dbs,HKD,SGD,HKD/SGD,1,SGD < 50,amtLessThan50,,,mainCurrencies,2026-09-02 00:30:00,2026-09-01 16:30:14,2026-09-01T16:47:58.278460+00:00,0.1641,0.1605,0.16219999999999998,0.1623,MAS,1.1713933415536455,1.0480887792848208
native,dbs,HUF,SGD,HUF/SGD,100,SGD 50 – 200,amtBtw50And200,,,otherCurrencies,2026-09-02 00:30:00,2026-09-01 16:30:14,2026-09-01T16:47:58.278460+00:00,0.4125,,,,,,
native,dbs,HUF,SGD,HUF/SGD,100,SGD < 50,amtLessThan50,,,otherCurrencies,2026-09-02 00:30:00,2026-09-01 16:30:14,2026-09-01T16:47:58.278460+00:00,0.4141,,,,,,
native,dbs,ID0,SGD,ID0/SGD,100,SGD 50 – 200,amtBtw50And200,,,otherCurrencies,2026-09-02 00:30:00,2026-09-01 16:30:14,2026-09-01T16:47:58.278460+00:00,,,,,,,
native,dbs,ID0,SGD,ID0/SGD,100,SGD < 50,amtLessThan50,,,otherCurrencies,2026-09-02 00:30:00,2026-09-01 16:30:14,2026-09-01T16:47:58.278460+00:00,,0.0072,,,,,
native,dbs,IDR,SGD,IDR/SGD,100,SGD 50 – 200,amtBtw50And200,,,mainCurrencies,2026-09-02 00:30:00,2026-09-01 16:30:14,2026-09-01T16:47:58.278460+00:00,0.0073,,0.007174,,MAS,1.7563423473654898,
native,dbs,IDR,SGD,IDR/SGD,100,SGD < 50,amtLessThan50,,,mainCurrencies,2026-09-02 00:30:00,2026-09-01 16:30:14,2026-09-01T16:47:58.278460+00:00,0.0073,,0.007174,,MAS,1.7563423473654898,
native,dbs,IN0,SGD,IN0/SGD,100,SGD 50 – 200,amtBtw50And200,,,otherCurrencies,2026-09-02 00:30:00,2026-09-01 16:30:14,2026-09-01T16:47:58.278460+00:00,,1.3375,,,,,
native,dbs,IN0,SGD,IN0/SGD,100,SGD < 50,amtLessThan50,,,otherCurrencies,2026-09-02 00:30:00,2026-09-01 16:30:14,2026-09-01T16:47:58.278460+00:00,,1.3375,,,,,
native,dbs,INR,SGD,INR/SGD,100,SGD 50 – 200,amtBtw50And200,,,otherCurrencies,2026-09-02 00:30:00,2026-09-01 16:30:14,2026-09-01T16:47:58.278460+00:00,1.3561,,1.338,,MAS,1.3527653213751871,
native,dbs,INR,SGD,INR/SGD,100,SGD < 50,amtLessThan50,,,otherCurrencies,2026-09-02 00:30:00,2026-09-01 16:30:14,2026-09-01T16:47:58.278460+00:00,1.3668,,1.338,,MAS,2.1524663677129996,
native,dbs,JPY,SGD,JPY/SGD,100,SGD 50 – 200,amtBtw50And200,,,mainCurrencies,2026-09-02 00:30:00,2026-09-01 16:30:14,2026-09-01T16:47:58.278460+00:00,0.803,0.7869,0.7956999999999999,0.79495,MAS,0.9174311926605752,1.105944451426393
native,dbs,JPY,SGD,JPY/SGD,100,SGD < 50,amtLessThan50,,,mainCurrencies,2026-09-02 00:30:00,2026-09-01 16:30:14,2026-09-01T16:47:58.278460+00:00,0.8038,0.7862,0.7956999999999999,0.7949999999999999,MAS,1.0179715973356929,1.193917305517135
native,dbs,KRW,SGD,KRW/SGD,100,SGD 50 – 200,amtBtw50And200,,,otherCurrencies,2026-09-02 00:30:00,2026-09-01 16:30:14,2026-09-01T16:47:58.278460+00:00,0.0939,,0.0927,,MAS,1.2944983818770148,
native,dbs,KRW,SGD,KRW/SGD,100,SGD < 50,amtLessThan50,,,otherCurrencies,2026-09-02 00:30:00,2026-09-01 16:30:14,2026-09-01T16:47:58.278460+00:00,0.0939,,0.0927,,MAS,1.2944983818770148,
native,dbs,KWD,SGD,KWD/SGD,100,SGD 50 – 200,amtBtw50And200,,,otherCurrencies,2026-09-02 00:30:00,2026-09-01 16:30:14,2026-09-01T16:47:58.278460+00:00,422.1133,,,,,,
native,dbs,KWD,SGD,KWD/SGD,100,SGD < 50,amtLessThan50,,,otherCurrencies,2026-09-02 00:30:00,2026-09-01 16:30:14,2026-09-01T16:47:58.278460+00:00,423.7716,,,,,,
native,dbs,LKR,SGD,LKR/SGD,100,SGD 50 – 200,amtBtw50And200,,,otherCurrencies,2026-09-02 00:30:00,2026-09-01 16:30:14,2026-09-01T16:47:58.278460+00:00,0.3958,,,,,,
native,dbs,LKR,SGD,LKR/SGD,100,SGD < 50,amtLessThan50,,,otherCurrencies,2026-09-02 00:30:00,2026-09-01 16:30:14,2026-09-01T16:47:58.278460+00:00,0.3958,,,,,,
native,dbs,MM1,SGD,MM1/SGD,100,SGD 50 – 200,amtBtw50And200,,,otherCurrencies,2026-09-02 00:30:00,2026-09-01 16:30:14,2026-09-01T16:47:58.278460+00:00,,,,,,,
native,dbs,MM1,SGD,MM1/SGD,100,SGD < 50,amtLessThan50,,,otherCurrencies,2026-09-02 00:30:00,2026-09-01 16:30:14,2026-09-01T16:47:58.278460+00:00,,,,,,,
native,dbs,MMK,SGD,MMK/SGD,100,SGD 50 – 200,amtBtw50And200,,,otherCurrencies,2026-09-02 00:30:00,2026-09-01 16:30:14,2026-09-01T16:47:58.278460+00:00,0.0323,,,,,,
native,dbs,MMK,SGD,MMK/SGD,100,SGD < 50,amtLessThan50,,,otherCurrencies,2026-09-02 00:30:00,2026-09-01 16:30:14,2026-09-01T16:47:58.278460+00:00,0.0323,,,,,,
native,dbs,MUR,SGD,MUR/SGD,100,SGD 50 – 200,amtBtw50And200,,,otherCurrencies,2026-09-02 00:30:00,2026-09-01 16:30:14,2026-09-01T16:47:58.278460+00:00,2.7491,,,,,,
native,dbs,MUR,SGD,MUR/SGD,100,SGD < 50,amtLessThan50,,,otherCurrencies,2026-09-02 00:30:00,2026-09-01 16:30:14,2026-09-01T16:47:58.278460+00:00,2.7599,,,,,,
native,dbs,MXN,SGD,MXN/SGD,100,SGD 50 – 200,amtBtw50And200,,,mainCurrencies,2026-09-02 00:30:00,2026-09-01 16:30:14,2026-09-01T16:47:58.278460+00:00,7.6101,,,,,,
native,dbs,MXN,SGD,MXN/SGD,100,SGD < 50,amtLessThan50,,,mainCurrencies,2026-09-02 00:30:00,2026-09-01 16:30:14,2026-09-01T16:47:58.278460+00:00,7.61,,,,,,
native,dbs,MY0,SGD,MY0/SGD,1,SGD 50 – 200,amtBtw50And200,,,otherCurrencies,2026-09-02 00:30:00,2026-09-01 16:30:14,2026-09-01T16:47:58.278460+00:00,,0.3145,,,,,
native,dbs,MY0,SGD,MY0/SGD,1,SGD < 50,amtLessThan50,,,otherCurrencies,2026-09-02 00:30:00,2026-09-01 16:30:14,2026-09-01T16:47:58.278460+00:00,,0.3145,,,,,
native,dbs,MYR,SGD,MYR/SGD,1,SGD 50 – 200,amtBtw50And200,,,otherCurrencies,2026-09-02 00:30:00,2026-09-01 16:30:14,2026-09-01T16:47:58.278460+00:00,0.3186,,0.3151,,MAS,1.1107584893684554,
native,dbs,MYR,SGD,MYR/SGD,1,SGD < 50,amtLessThan50,,,otherCurrencies,2026-09-02 00:30:00,2026-09-01 16:30:14,2026-09-01T16:47:58.278460+00:00,0.3185,,0.3151,,MAS,1.0790225325293603,
native,dbs,NOK,SGD,NOK/SGD,1,SGD 50 – 200,amtBtw50And200,,,mainCurrencies,2026-09-02 00:30:00,2026-09-01 16:30:14,2026-09-01T16:47:58.278460+00:00,0.1385,0.1347,,0.1366,,,
native,dbs,NOK,SGD,NOK/SGD,1,SGD < 50,amtLessThan50,,,mainCurrencies,2026-09-02 00:30:00,2026-09-01 16:30:14,2026-09-01T16:47:58.278460+00:00,0.1389,0.1343,,0.1366,,,
native,dbs,NZD,SGD,NZD/SGD,1,SGD 50 – 200,amtBtw50And200,,,mainCurrencies,2026-09-02 00:30:00,2026-09-01 16:30:14,2026-09-01T16:47:58.278460+00:00,0.7592,0.7418,0.7511,0.7505,MAS,1.0784183197976296,1.238183996804683
native,dbs,NZD,SGD,NZD/SGD,1,SGD < 50,amtLessThan50,,,mainCurrencies,2026-09-02 00:30:00,2026-09-01 16:30:14,2026-09-01T16:47:58.278460+00:00,0.7599,0.741,0.7511,0.7504500000000001,MAS,1.1716149647184169,1.3446944481427237
native,dbs,OMR,SGD,OMR/SGD,1,SGD 50 – 200,amtBtw50And200,,,otherCurrencies,2026-09-02 00:30:00,2026-09-01 16:30:14,2026-09-01T16:47:58.278460+00:00,3.3305,,,,,,
native,dbs,OMR,SGD,OMR/SGD,1,SGD < 50,amtLessThan50,,,otherCurrencies,2026-09-02 00:30:00,2026-09-01 16:30:14,2026-09-01T16:47:58.278460+00:00,3.3305,,,,,,
native,dbs,PH0,SGD,PH0/SGD,100,SGD 50 – 200,amtBtw50And200,,,otherCurrencies,2026-09-02 00:30:00,2026-09-01 16:30:14,2026-09-01T16:47:58.278460+00:00,,2.0315,,,,,
native,dbs,PH0,SGD,PH0/SGD,100,SGD < 50,amtLessThan50,,,otherCurrencies,2026-09-02 00:30:00,2026-09-01 16:30:14,2026-09-01T16:47:58.278460+00:00,,2.0315,,,,,
native,dbs,PHP,SGD,PHP/SGD,100,SGD 50 – 200,amtBtw50And200,,,otherCurrencies,2026-09-02 00:30:00,2026-09-01 16:30:14,2026-09-01T16:47:58.278460+00:00,2.0631,,2.0384,,MAS,1.2117346938775373,
native,dbs,PHP,SGD,PHP/SGD,100,SGD < 50,amtLessThan50,,,otherCurrencies,2026-09-02 00:30:00,2026-09-01 16:30:14,2026-09-01T16:47:58.278460+00:00,2.0786,,2.0384,,MAS,1.972135007849272,
native,dbs,PLN,SGD,PLN/SGD,1,SGD 50 – 200,amtBtw50And200,,,otherCurrencies,2026-09-02 00:30:00,2026-09-01 16:30:14,2026-09-01T16:47:58.278460+00:00,0.3481,,,,,,
native,dbs,PLN,SGD,PLN/SGD,1,SGD < 50,amtLessThan50,,,otherCurrencies,2026-09-02 00:30:00,2026-09-01 16:30:14,2026-09-01T16:47:58.278460+00:00,0.3495,,,,,,
native,dbs,QAR,SGD,QAR/SGD,1,SGD 50 – 200,amtBtw50And200,,,otherCurrencies,2026-09-02 00:30:00,2026-09-01 16:30:14,2026-09-01T16:47:58.278460+00:00,0.3571,,0.3489,,MAS,2.350243622814556,
native,dbs,QAR,SGD,QAR/SGD,1,SGD < 50,amtLessThan50,,,otherCurrencies,2026-09-02 00:30:00,2026-09-01 16:30:14,2026-09-01T16:47:58.278460+00:00,0.3585,,0.3489,,MAS,2.7515047291487527,
native,dbs,RUB,SGD,RUB/SGD,100,SGD 50 – 200,amtBtw50And200,,,mainCurrencies,2026-09-02 00:30:00,2026-09-01 16:30:14,2026-09-01T16:47:58.278460+00:00,,,,,,,
native,dbs,RUB,SGD,RUB/SGD,100,SGD < 50,amtLessThan50,,,mainCurrencies,2026-09-02 00:30:00,2026-09-01 16:30:14,2026-09-01T16:47:58.278460+00:00,,,,,,,
native,dbs,SAR,SGD,SAR/SGD,100,SGD 50 – 200,amtBtw50And200,,,otherCurrencies,2026-09-02 00:30:00,2026-09-01 16:30:14,2026-09-01T16:47:58.278460+00:00,34.3387,,33.87,,MAS,1.3838204901092575,
native,dbs,SAR,SGD,SAR/SGD,100,SGD < 50,amtLessThan50,,,otherCurrencies,2026-09-02 00:30:00,2026-09-01 16:30:14,2026-09-01T16:47:58.278460+00:00,34.3382,,33.87,,MAS,1.382344257454984,
native,dbs,SEK,SGD,SEK/SGD,1,SGD 50 – 200,amtBtw50And200,,,mainCurrencies,2026-09-02 00:30:00,2026-09-01 16:30:14,2026-09-01T16:47:58.278460+00:00,0.1342,0.1306,,0.13240000000000002,,,
native,dbs,SEK,SGD,SEK/SGD,1,SGD < 50,amtLessThan50,,,mainCurrencies,2026-09-02 00:30:00,2026-09-01 16:30:14,2026-09-01T16:47:58.278460+00:00,0.1347,0.1301,,0.1324,,,
native,dbs,THB,SGD,THB/SGD,100,SGD 50 – 200,amtBtw50And200,,,mainCurrencies,2026-09-02 00:30:00,2026-09-01 16:30:14,2026-09-01T16:47:58.278460+00:00,3.8859,3.7704,3.832,3.82815,MAS,1.4065762004175382,1.6075156576200387
native,dbs,THB,SGD,THB/SGD,100,SGD < 50,amtLessThan50,,,mainCurrencies,2026-09-02 00:30:00,2026-09-01 16:30:14,2026-09-01T16:47:58.278460+00:00,3.8894,3.7656,3.832,3.8275,MAS,1.497912317327775,1.7327766179540658
native,dbs,TND,SGD,TND/SGD,1,SGD 50 – 200,amtBtw50And200,,,otherCurrencies,2026-09-02 00:30:00,2026-09-01 16:30:14,2026-09-01T16:47:58.278460+00:00,0.4469,,,,,,
native,dbs,TND,SGD,TND/SGD,1,SGD < 50,amtLessThan50,,,otherCurrencies,2026-09-02 00:30:00,2026-09-01 16:30:14,2026-09-01T16:47:58.278460+00:00,0.4431,,,,,,
native,dbs,TWD,SGD,TWD/SGD,100,SGD 50 – 200,amtBtw50And200,,,otherCurrencies,2026-09-02 00:30:00,2026-09-01 16:30:14,2026-09-01T16:47:58.278460+00:00,4.0727,,4.0182,,MAS,1.3563287043950025,
native,dbs,TWD,SGD,TWD/SGD,100,SGD < 50,amtLessThan50,,,otherCurrencies,2026-09-02 00:30:00,2026-09-01 16:30:14,2026-09-01T16:47:58.278460+00:00,4.0767,,4.0182,,MAS,1.4558757652680194,
native,dbs,USD,SGD,USD/SGD,1,SGD 50 – 200,amtBtw50And200,,,mainCurrencies,2026-09-02 00:30:00,2026-09-01 16:30:14,2026-09-01T16:47:58.278460+00:00,1.284,1.2627,1.2717,1.27335,MAS,0.9672092474640227,0.7077140835102712
native,dbs,USD,SGD,USD/SGD,1,SGD < 50,amtLessThan50,,,mainCurrencies,2026-09-02 00:30:00,2026-09-01 16:30:14,2026-09-01T16:47:58.278460+00:00,1.2848,1.2618,1.2717,1.2732999999999999,MAS,1.0301171659982613,0.7784854918612896
native,dbs,VND,SGD,VND/SGD,100,SGD 50 – 200,amtBtw50And200,,,otherCurrencies,2026-09-02 00:30:00,2026-09-01 16:30:14,2026-09-01T16:47:58.278460+00:00,0.005,,0.004877,,MAS,2.522042239081399,
native,dbs,VND,SGD,VND/SGD,100,SGD < 50,amtLessThan50,,,otherCurrencies,2026-09-02 00:30:00,2026-09-01 16:30:14,2026-09-01T16:47:58.278460+00:00,0.005,,0.004877,,MAS,2.522042239081399,
native,dbs,XAU,SGD,XAU/SGD,1,SGD 50 – 200,amtBtw50And200,,,otherCurrencies,2026-09-02 00:30:00,2026-09-01 16:30:14,2026-09-01T16:47:58.278460+00:00,5573.474,5506.059,,5539.7665,,,
native,dbs,XAU,SGD,XAU/SGD,1,SGD < 50,amtLessThan50,,,otherCurrencies,2026-09-02 00:30:00,2026-09-01 16:30:14,2026-09-01T16:47:58.278460+00:00,5572.988,5505.586,,5539.287,,,
native,dbs,ZAR,SGD,ZAR/SGD,1,SGD 50 – 200,amtBtw50And200,,,otherCurrencies,2026-09-02 00:30:00,2026-09-01 16:30:14,2026-09-01T16:47:58.278460+00:00,0.0798,0.0778,,0.0788,,,
native,dbs,ZAR,SGD,ZAR/SGD,1,SGD < 50,amtLessThan50,,,otherCurrencies,2026-09-02 00:30:00,2026-09-01 16:30:14,2026-09-01T16:47:58.278460+00:00,0.0801,0.0775,,0.07880000000000001,,,
native,hsbc,AED,SGD,AED/SGD,100,Indicative board,board,,,indicative_fx,2026-9-1,2026-9-1,2026-09-01T16:48:02.239276+00:00,35.72,33.47,34.62,34.595,MAS,3.177354130560374,3.3217793183131095
native,hsbc,AUD,SGD,AUD/SGD,1,Indicative board,board,,,indicative_fx,2026-9-1,2026-9-1,2026-09-01T16:48:02.239276+00:00,0.9397,0.8847,0.9114,0.9122,MAS,3.1051130129471134,2.9295589203423247
native,hsbc,CAD,SGD,CAD/SGD,1,Indicative board,board,,,indicative_fx,2026-9-1,2026-9-1,2026-09-01T16:48:02.239276+00:00,0.9453,0.89,0.917,0.9176500000000001,MAS,3.0861504907306423,2.9443838604143973
native,hsbc,CHF,SGD,CHF/SGD,100,Indicative board,board,,,indicative_fx,2026-9-1,2026-9-1,2026-09-01T16:48:02.239276+00:00,162.0,152.52,157.02,157.26,MAS,3.171570500573169,2.8658769583492547
native,hsbc,CNY,SGD,CNY/SGD,100,Indicative board,board,,,indicative_fx,2026-9-1,2026-9-1,2026-09-01T16:48:02.239276+00:00,19.53,18.3,18.92,18.915,MAS,3.22410147991543,3.276955602537003
native,hsbc,DKK,SGD,DKK/SGD,100,Indicative board,board,,,indicative_fx,2026-9-1,2026-9-1,2026-09-01T16:48:02.239276+00:00,20.35,19.16,,19.755000000000003,,,
native,hsbc,EUR,SGD,EUR/SGD,1,Indicative board,board,,,indicative_fx,2026-9-1,2026-9-1,2026-09-01T16:48:02.239276+00:00,1.5214,1.4324,1.4759,1.4769,MAS,3.082864692729866,2.9473541567856967
native,hsbc,FJD,SGD,FJD/SGD,1,Indicative board,board,,,indicative_fx,2026-9-1,2026-9-1,2026-09-01T16:48:02.239276+00:00,0.6048,,,,,,
native,hsbc,GBP,SGD,GBP/SGD,1,Indicative board,board,,,indicative_fx,2026-9-1,2026-9-1,2026-09-01T16:48:02.239276+00:00,1.7747,1.6709,1.7219,1.7227999999999999,MAS,3.066380161449559,2.9618444741274135
native,hsbc,HKD,SGD,HKD/SGD,100,Indicative board,board,,,indicative_fx,2026-9-1,2026-9-1,2026-09-01T16:48:02.239276+00:00,16.41,16.0,16.22,16.205,MAS,1.1713933415536455,1.3563501849568365
native,hsbc,IDR,SGD,IDR/SGD,100,Indicative board,board,,,indicative_fx,2026-9-1,2026-9-1,2026-09-01T16:48:02.239276+00:00,0.0074,,0.007174,,MAS,3.15026484527461,
native,hsbc,INR,SGD,INR/SGD,100,Indicative board,board,,,indicative_fx,2026-9-1,2026-9-1,2026-09-01T16:48:02.239276+00:00,1.38,,1.338,,MAS,3.139013452914784,
native,hsbc,JPY,SGD,JPY/SGD,100,Indicative board,board,,,indicative_fx,2026-9-1,2026-9-1,2026-09-01T16:48:02.239276+00:00,0.8198,0.7718,0.7956999999999999,0.7958000000000001,MAS,3.0287796908382716,3.00364458966945
native,hsbc,LKR,SGD,LKR/SGD,100,Indicative board,board,,,indicative_fx,2026-9-1,2026-9-1,2026-09-01T16:48:02.239276+00:00,0.4,,,,,,
native,hsbc,MUR,SGD,MUR/SGD,100,Indicative board,board,,,indicative_fx,2026-9-1,2026-9-1,2026-09-01T16:48:02.239276+00:00,2.79,2.6,,2.6950000000000003,,,
native,hsbc,NOK,SGD,NOK/SGD,100,Indicative board,board,,,indicative_fx,2026-9-1,2026-9-1,2026-09-01T16:48:02.239276+00:00,14.03,13.2,,13.614999999999998,,,
native,hsbc,NZD,SGD,NZD/SGD,1,Indicative board,board,,,indicative_fx,2026-9-1,2026-9-1,2026-09-01T16:48:02.239276+00:00,0.7759,0.7305,0.7511,0.7532000000000001,MAS,3.30182399147917,2.7426441219544606
native,hsbc,PHP,SGD,PHP/SGD,100,Indicative board,board,,,indicative_fx,2026-9-1,2026-9-1,2026-09-01T16:48:02.239276+00:00,2.11,,2.0384,,MAS,3.5125588697017105,
native,hsbc,PKR,SGD,PKR/SGD,100,Indicative board,board,,,indicative_fx,2026-9-1,2026-9-1,2026-09-01T16:48:02.239276+00:00,0.47,,,,,,
native,hsbc,QAR,SGD,QAR/SGD,100,Indicative board,board,,,indicative_fx,2026-9-1,2026-9-1,2026-09-01T16:48:02.239276+00:00,35.3,34.42,34.89,34.86,MAS,1.1751218114072701,1.3470908569790738
native,hsbc,RUB,SGD,RUB/SGD,100,Indicative board,board,,,indicative_fx,2026-9-1,2026-9-1,2026-09-01T16:48:02.239276+00:00,15.47,14.0,,14.735,,,
native,hsbc,SAR,SGD,SAR/SGD,100,Indicative board,board,,,indicative_fx,2026-9-1,2026-9-1,2026-09-01T16:48:02.239276+00:00,34.27,33.41,33.87,33.84,MAS,1.1809861234130667,1.35813404192501
native,hsbc,SEK,SGD,SEK/SGD,100,Indicative board,board,,,indicative_fx,2026-9-1,2026-9-1,2026-09-01T16:48:02.239276+00:00,13.68,12.87,,13.274999999999999,,,
native,hsbc,THB,SGD,THB/SGD,100,Indicative board,board,,,indicative_fx,2026-9-1,2026-9-1,2026-09-01T16:48:02.239276+00:00,3.96,,3.832,,MAS,3.340292275574116,
native,hsbc,TRY,SGD,TRY/SGD,1,Indicative board,board,,,indicative_fx,2026-9-1,2026-9-1,2026-09-01T16:48:02.239276+00:00,0.0272,,,,,,
native,hsbc,USD,SGD,USD/SGD,1,Indicative board,board,,,indicative_fx,2026-9-1,2026-9-1,2026-09-01T16:48:02.239276+00:00,1.2961,1.2451,1.2717,1.2706,MAS,1.9186915152944857,2.0916882912636594
native,hsbc,ZAR,SGD,ZAR/SGD,1,Indicative board,board,,,indicative_fx,2026-9-1,2026-9-1,2026-09-01T16:48:02.239276+00:00,0.0816,0.0764,,0.079,,,
native,ocbc,AED,SGD,AED/SGD,100,"SGD 0 – 39,999.99",tier_1,,,fxRatesSgd,2026-09-01T07:00:13,2026-09-01T07:00:13,2026-09-01T16:47:59.598219+00:00,35.5643,33.5519,34.62,34.5581,MAS,2.727614095898341,3.0852108607741022
native,ocbc,AED,SGD,AED/SGD,100,"SGD 40,000 – 100,000",tier_2,,,fxRatesSgd,2026-09-01T07:00:13,2026-09-01T07:00:13,2026-09-01T16:47:59.598219+00:00,35.5538,33.5691,34.62,34.5581,MAS,2.6972848064702633,3.0355285961871714
native,ocbc,AUD,SGD,AUD/SGD,1,"SGD 0 – 39,999.99",tier_1,,,fxRatesSgd,2026-09-01T07:00:13,2026-09-01T07:00:13,2026-09-01T16:47:59.598219+00:00,0.9262,0.8968,0.9114,0.9115,MAS,1.6238753565942545,1.6019310950186467
native,ocbc,AUD,SGD,AUD/SGD,1,"SGD 40,000 – 100,000",tier_2,,,fxRatesSgd,2026-09-01T07:00:13,2026-09-01T07:00:13,2026-09-01T16:47:59.598219+00:00,0.9244,0.8987,0.9114,0.9115,MAS,1.42637700241387,1.3934606100504645
native,ocbc,BGN,SGD,BGN/SGD,100,"SGD 0 – 39,999.99",tier_1,,,fxRatesSgd,2026-09-01T07:00:13,2026-09-01T07:00:13,2026-09-01T16:47:59.598219+00:00,0.0,0.0,,0.0,,,
native,ocbc,BGN,SGD,BGN/SGD,100,"SGD 40,000 – 100,000",tier_2,,,fxRatesSgd,2026-09-01T07:00:13,2026-09-01T07:00:13,2026-09-01T16:47:59.598219+00:00,0.0,0.0,,0.0,,,
native,ocbc,BHD,SGD,BHD/SGD,1,"SGD 0 – 39,999.99",tier_1,,,fxRatesSgd,2026-09-01T07:00:13,2026-09-01T07:00:13,2026-09-01T16:47:59.598219+00:00,0.0,0.0,,0.0,,,
native,ocbc,BHD,SGD,BHD/SGD,1,"SGD 40,000 – 100,000",tier_2,,,fxRatesSgd,2026-09-01T07:00:13,2026-09-01T07:00:13,2026-09-01T16:47:59.598219+00:00,0.0,0.0,,0.0,,,
native,ocbc,CAD,SGD,CAD/SGD,1,"SGD 0 – 39,999.99",tier_1,,,fxRatesSgd,2026-09-01T07:00:13,2026-09-01T07:00:13,2026-09-01T16:47:59.598219+00:00,0.9345,0.9013,0.917,0.9179,MAS,1.9083969465648811,1.7121046892039309
native,ocbc,CAD,SGD,CAD/SGD,1,"SGD 40,000 – 100,000",tier_2,,,fxRatesSgd,2026-09-01T07:00:13,2026-09-01T07:00:13,2026-09-01T16:47:59.598219+00:00,0.9326,0.9031,0.917,0.9179,MAS,1.7011995637949777,1.5158124318429687
native,ocbc,CHF,SGD,CHF/SGD,100,"SGD 0 – 39,999.99",tier_1,,,fxRatesSgd,2026-09-01T07:00:13,2026-09-01T07:00:13,2026-09-01T16:47:59.598219+00:00,160.0245,154.3331,157.02,157.1788,MAS,1.913450515857839,1.7111832887530303
native,ocbc,CHF,SGD,CHF/SGD,100,"SGD 40,000 – 100,000",tier_2,,,fxRatesSgd,2026-09-01T07:00:13,2026-09-01T07:00:13,2026-09-01T16:47:59.598219+00:00,159.7101,154.6474,157.02,157.1788,MAS,1.7132212457011853,1.5110177047509907
native,ocbc,CNH,SGD,CNH/SGD,100,"SGD 0 – 39,999.99",tier_1,,,fxRatesSgd,2026-09-01T07:00:13,2026-09-01T07:00:13,2026-09-01T16:47:59.598219+00:00,19.2799,18.7088,,18.9944,,,
native,ocbc,CNH,SGD,CNH/SGD,100,"SGD 40,000 – 100,000",tier_2,,,fxRatesSgd,2026-09-01T07:00:13,2026-09-01T07:00:13,2026-09-01T16:47:59.598219+00:00,19.261,18.7277,,18.9944,,,
native,ocbc,CZK,SGD,CZK/SGD,100,"SGD 0 – 39,999.99",tier_1,,,fxRatesSgd,2026-09-01T07:00:13,2026-09-01T07:00:13,2026-09-01T16:47:59.598219+00:00,0.0,0.0,,0.0,,,
native,ocbc,CZK,SGD,CZK/SGD,100,"SGD 40,000 – 100,000",tier_2,,,fxRatesSgd,2026-09-01T07:00:13,2026-09-01T07:00:13,2026-09-01T16:47:59.598219+00:00,0.0,0.0,,0.0,,,
native,ocbc,DKK,SGD,DKK/SGD,100,"SGD 0 – 39,999.99",tier_1,,,fxRatesSgd,2026-09-01T07:00:13,2026-09-01T07:00:13,2026-09-01T16:47:59.598219+00:00,20.1045,19.3906,,19.7476,,,
native,ocbc,DKK,SGD,DKK/SGD,100,"SGD 40,000 – 100,000",tier_2,,,fxRatesSgd,2026-09-01T07:00:13,2026-09-01T07:00:13,2026-09-01T16:47:59.598219+00:00,20.065,19.4301,,19.7476,,,
native,ocbc,EUR,SGD,EUR/SGD,1,"SGD 0 – 39,999.99",tier_1,,,fxRatesSgd,2026-09-01T07:00:13,2026-09-01T07:00:13,2026-09-01T16:47:59.598219+00:00,1.4928,1.456,1.4759,1.4744,MAS,1.1450640287282279,1.34832983264449
native,ocbc,EUR,SGD,EUR/SGD,1,"SGD 40,000 – 100,000",tier_2,,,fxRatesSgd,2026-09-01T07:00:13,2026-09-01T07:00:13,2026-09-01T16:47:59.598219+00:00,1.491,1.458,1.4759,1.4744,MAS,1.0231045463784887,1.2128192967003202
native,ocbc,GBP,SGD,GBP/SGD,1,"SGD 0 – 39,999.99",tier_1,,,fxRatesSgd,2026-09-01T07:00:13,2026-09-01T07:00:13,2026-09-01T16:47:59.598219+00:00,1.746,1.6997,1.7219,1.7229,MAS,1.3996167024798194,1.289273476973111
native,ocbc,GBP,SGD,GBP/SGD,1,"SGD 40,000 – 100,000",tier_2,,,fxRatesSgd,2026-09-01T07:00:13,2026-09-01T07:00:13,2026-09-01T16:47:59.598219+00:00,1.7443,1.7018,1.7219,1.7229,MAS,1.3008885533422367,1.1673151750972766
native,ocbc,HKD,SGD,HKD/SGD,100,"SGD 0 – 39,999.99",tier_1,,,fxRatesSgd,2026-09-01T07:00:13,2026-09-01T07:00:13,2026-09-01T16:47:59.598219+00:00,16.4499,16.0506,16.22,16.2503,MAS,1.4173859432799056,1.0443896424167667
native,ocbc,HKD,SGD,HKD/SGD,100,"SGD 40,000 – 100,000",tier_2,,,fxRatesSgd,2026-09-01T07:00:13,2026-09-01T07:00:13,2026-09-01T16:47:59.598219+00:00,16.4207,16.0604,16.22,16.2503,MAS,1.2373612823674551,0.9839704069050402
native,ocbc,HUF,SGD,HUF/SGD,100,"SGD 0 – 39,999.99",tier_1,,,fxRatesSgd,2026-09-01T07:00:13,2026-09-01T07:00:13,2026-09-01T16:47:59.598219+00:00,0.0,0.0,,0.0,,,
native,ocbc,HUF,SGD,HUF/SGD,100,"SGD 40,000 – 100,000",tier_2,,,fxRatesSgd,2026-09-01T07:00:13,2026-09-01T07:00:13,2026-09-01T16:47:59.598219+00:00,0.0,0.0,,0.0,,,
native,ocbc,IDR,SGD,IDR/SGD,100,"SGD 0 – 39,999.99",tier_1,,,fxRatesSgd,2026-09-01T07:00:13,2026-09-01T07:00:13,2026-09-01T16:47:59.598219+00:00,0.0074,0.0,0.007174,0.0074,MAS,3.15026484527461,100.0
native,ocbc,IDR,SGD,IDR/SGD,100,"SGD 40,000 – 100,000",tier_2,,,fxRatesSgd,2026-09-01T07:00:13,2026-09-01T07:00:13,2026-09-01T16:47:59.598219+00:00,0.0074,0.0,0.007174,0.0074,MAS,3.15026484527461,100.0
native,ocbc,ILS,SGD,ILS/SGD,100,"SGD 0 – 39,999.99",tier_1,,,fxRatesSgd,2026-09-01T07:00:13,2026-09-01T07:00:13,2026-09-01T16:47:59.598219+00:00,0.0,0.0,,0.0,,,
native,ocbc,ILS,SGD,ILS/SGD,100,"SGD 40,000 – 100,000",tier_2,,,fxRatesSgd,2026-09-01T07:00:13,2026-09-01T07:00:13,2026-09-01T16:47:59.598219+00:00,0.0,0.0,,0.0,,,
native,ocbc,INR,SGD,INR/SGD,100,"SGD 0 – 39,999.99",tier_1,,,fxRatesSgd,2026-09-01T07:00:13,2026-09-01T07:00:13,2026-09-01T16:47:59.598219+00:00,1.3823,0.0,1.338,1.3823,MAS,3.3109118086696565,100.0
native,ocbc,INR,SGD,INR/SGD,100,"SGD 40,000 – 100,000",tier_2,,,fxRatesSgd,2026-09-01T07:00:13,2026-09-01T07:00:13,2026-09-01T16:47:59.598219+00:00,1.3796,0.0,1.338,1.3823,MAS,3.1091180866965513,100.0
native,ocbc,JOD,SGD,JOD/SGD,1,"SGD 0 – 39,999.99",tier_1,,,fxRatesSgd,2026-09-01T07:00:13,2026-09-01T07:00:13,2026-09-01T16:47:59.598219+00:00,0.0,0.0,,0.0,,,
native,ocbc,JOD,SGD,JOD/SGD,1,"SGD 40,000 – 100,000",tier_2,,,fxRatesSgd,2026-09-01T07:00:13,2026-09-01T07:00:13,2026-09-01T16:47:59.598219+00:00,0.0,0.0,,0.0,,,
native,ocbc,JPY,SGD,JPY/SGD,100,"SGD 0 – 39,999.99",tier_1,,,fxRatesSgd,2026-09-01T07:00:13,2026-09-01T07:00:13,2026-09-01T16:47:59.598219+00:00,0.8058,0.786,0.7956999999999999,0.7959,MAS,1.2693226090235152,1.2190524066859145
native,ocbc,JPY,SGD,JPY/SGD,100,"SGD 40,000 – 100,000",tier_2,,,fxRatesSgd,2026-09-01T07:00:13,2026-09-01T07:00:13,2026-09-01T16:47:59.598219+00:00,0.805,0.7874,0.7956999999999999,0.7959,MAS,1.1687822043483975,1.0431066985044444
native,ocbc,KRW,SGD,KRW/SGD,100,"SGD 0 – 39,999.99",tier_1,,,fxRatesSgd,2026-09-01T07:00:13,2026-09-01T07:00:13,2026-09-01T16:47:59.598219+00:00,0.0,0.0,0.0927,0.0,MAS,-100.0,100.0
native,ocbc,KRW,SGD,KRW/SGD,100,"SGD 40,000 – 100,000",tier_2,,,fxRatesSgd,2026-09-01T07:00:13,2026-09-01T07:00:13,2026-09-01T16:47:59.598219+00:00,0.0,0.0,0.0927,0.0,MAS,-100.0,100.0
native,ocbc,LKR,SGD,LKR/SGD,100,"SGD 0 – 39,999.99",tier_1,,,fxRatesSgd,2026-09-01T07:00:13,2026-09-01T07:00:13,2026-09-01T16:47:59.598219+00:00,0.4,0.0,,0.4,,,
native,ocbc,LKR,SGD,LKR/SGD,100,"SGD 40,000 – 100,000",tier_2,,,fxRatesSgd,2026-09-01T07:00:13,2026-09-01T07:00:13,2026-09-01T16:47:59.598219+00:00,0.3992,0.0,,0.4,,,
native,ocbc,MAD,SGD,MAD/SGD,100,"SGD 0 – 39,999.99",tier_1,,,fxRatesSgd,2026-09-01T07:00:13,2026-09-01T07:00:13,2026-09-01T16:47:59.598219+00:00,0.0,0.0,,0.0,,,
native,ocbc,MAD,SGD,MAD/SGD,100,"SGD 40,000 – 100,000",tier_2,,,fxRatesSgd,2026-09-01T07:00:13,2026-09-01T07:00:13,2026-09-01T16:47:59.598219+00:00,0.0,0.0,,0.0,,,
native,ocbc,MXN,SGD,MXN/SGD,100,"SGD 0 – 39,999.99",tier_1,,,fxRatesSgd,2026-09-01T07:00:13,2026-09-01T07:00:13,2026-09-01T16:47:59.598219+00:00,7.7283,0.0,,7.7283,,,
native,ocbc,MXN,SGD,MXN/SGD,100,"SGD 40,000 – 100,000",tier_2,,,fxRatesSgd,2026-09-01T07:00:13,2026-09-01T07:00:13,2026-09-01T16:47:59.598219+00:00,7.7267,0.0,,7.7283,,,
native,ocbc,MYR,SGD,MYR/SGD,100,"SGD 0 – 39,999.99",tier_1,,,fxRatesSgd,2026-09-01T07:00:13,2026-09-01T07:00:13,2026-09-01T16:47:59.598219+00:00,0.0,0.0,31.509999999999998,0.0,MAS,-100.0,100.0
native,ocbc,MYR,SGD,MYR/SGD,100,"SGD 40,000 – 100,000",tier_2,,,fxRatesSgd,2026-09-01T07:00:13,2026-09-01T07:00:13,2026-09-01T16:47:59.598219+00:00,0.0,0.0,31.509999999999998,0.0,MAS,-100.0,100.0
native,ocbc,NOK,SGD,NOK/SGD,100,"SGD 0 – 39,999.99",tier_1,,,fxRatesSgd,2026-09-01T07:00:13,2026-09-01T07:00:13,2026-09-01T16:47:59.598219+00:00,13.8988,13.4033,,13.6511,,,
native,ocbc,NOK,SGD,NOK/SGD,100,"SGD 40,000 – 100,000",tier_2,,,fxRatesSgd,2026-09-01T07:00:13,2026-09-01T07:00:13,2026-09-01T16:47:59.598219+00:00,13.8714,13.4306,,13.6511,,,
native,ocbc,NZD,SGD,NZD/SGD,1,"SGD 0 – 39,999.99",tier_1,,,fxRatesSgd,2026-09-01T07:00:13,2026-09-01T07:00:13,2026-09-01T16:47:59.598219+00:00,0.7663,0.7402,0.7511,0.7533,MAS,2.023698575422712,1.4512048994807645
native,ocbc,NZD,SGD,NZD/SGD,1,"SGD 40,000 – 100,000",tier_2,,,fxRatesSgd,2026-09-01T07:00:13,2026-09-01T07:00:13,2026-09-01T16:47:59.598219+00:00,0.7644,0.7424,0.7511,0.7533,MAS,1.7707362534948714,1.1583011583011638
native,ocbc,OMR,SGD,OMR/SGD,1,"SGD 0 – 39,999.99",tier_1,,,fxRatesSgd,2026-09-01T07:00:13,2026-09-01T07:00:13,2026-09-01T16:47:59.598219+00:00,0.0,0.0,,0.0,,,
native,ocbc,OMR,SGD,OMR/SGD,1,"SGD 40,000 – 100,000",tier_2,,,fxRatesSgd,2026-09-01T07:00:13,2026-09-01T07:00:13,2026-09-01T16:47:59.598219+00:00,0.0,0.0,,0.0,,,
native,ocbc,PHP,SGD,PHP/SGD,100,"SGD 0 – 39,999.99",tier_1,,,fxRatesSgd,2026-09-01T07:00:13,2026-09-01T07:00:13,2026-09-01T16:47:59.598219+00:00,2.1071,0.0,2.0384,2.1071,MAS,3.37029042386184,100.0
native,ocbc,PHP,SGD,PHP/SGD,100,"SGD 40,000 – 100,000",tier_2,,,fxRatesSgd,2026-09-01T07:00:13,2026-09-01T07:00:13,2026-09-01T16:47:59.598219+00:00,2.1061,0.0,2.0384,2.1071,MAS,3.321232339089476,100.0
native,ocbc,PLN,SGD,PLN/SGD,100,"SGD 0 – 39,999.99",tier_1,,,fxRatesSgd,2026-09-01T07:00:13,2026-09-01T07:00:13,2026-09-01T16:47:59.598219+00:00,35.2096,33.0109,,34.1103,,,
native,ocbc,PLN,SGD,PLN/SGD,100,"SGD 40,000 – 100,000",tier_2,,,fxRatesSgd,2026-09-01T07:00:13,2026-09-01T07:00:13,2026-09-01T16:47:59.598219+00:00,35.1923,33.0378,,34.1103,,,
native,ocbc,QAR,SGD,QAR/SGD,100,"SGD 0 – 39,999.99",tier_1,,,fxRatesSgd,2026-09-01T07:00:13,2026-09-01T07:00:13,2026-09-01T16:47:59.598219+00:00,35.9338,33.8799,34.89,34.9069,MAS,2.991688162797356,2.8950988822012076
native,ocbc,QAR,SGD,QAR/SGD,100,"SGD 40,000 – 100,000",tier_2,,,fxRatesSgd,2026-09-01T07:00:13,2026-09-01T07:00:13,2026-09-01T16:47:59.598219+00:00,35.9125,33.8971,34.89,34.9069,MAS,2.9306391516193777,2.845801089137285
native,ocbc,RON,SGD,RON/SGD,100,"SGD 0 – 39,999.99",tier_1,,,fxRatesSgd,2026-09-01T07:00:13,2026-09-01T07:00:13,2026-09-01T16:47:59.598219+00:00,0.0,0.0,,0.0,,,
native,ocbc,RON,SGD,RON/SGD,100,"SGD 40,000 – 100,000",tier_2,,,fxRatesSgd,2026-09-01T07:00:13,2026-09-01T07:00:13,2026-09-01T16:47:59.598219+00:00,0.0,0.0,,0.0,,,
native,ocbc,RUB,SGD,RUB/SGD,100,"SGD 0 – 39,999.99",tier_1,,,fxRatesSgd,2026-09-01T07:00:13,2026-09-01T07:00:13,2026-09-01T16:47:59.598219+00:00,0.0,0.0,,0.0,,,
native,ocbc,RUB,SGD,RUB/SGD,100,"SGD 40,000 – 100,000",tier_2,,,fxRatesSgd,2026-09-01T07:00:13,2026-09-01T07:00:13,2026-09-01T16:47:59.598219+00:00,0.0,0.0,,0.0,,,
native,ocbc,SAR,SGD,SAR/SGD,100,"SGD 0 – 39,999.99",tier_1,,,fxRatesSgd,2026-09-01T07:00:13,2026-09-01T07:00:13,2026-09-01T16:47:59.598219+00:00,34.8647,32.945,33.87,33.9049,MAS,2.936817242397407,2.7310304103926697
native,ocbc,SAR,SGD,SAR/SGD,100,"SGD 40,000 – 100,000",tier_2,,,fxRatesSgd,2026-09-01T07:00:13,2026-09-01T07:00:13,2026-09-01T16:47:59.598219+00:00,34.8475,32.9617,33.87,33.9049,MAS,2.8860348390906383,2.6817242397401744
native,ocbc,SEK,SGD,SEK/SGD,100,"SGD 0 – 39,999.99",tier_1,,,fxRatesSgd,2026-09-01T07:00:13,2026-09-01T07:00:13,2026-09-01T16:47:59.598219+00:00,13.516,13.0341,,13.2751,,,
native,ocbc,SEK,SGD,SEK/SGD,100,"SGD 40,000 – 100,000",tier_2,,,fxRatesSgd,2026-09-01T07:00:13,2026-09-01T07:00:13,2026-09-01T16:47:59.598219+00:00,13.4894,13.0606,,13.2751,,,
native,ocbc,THB,SGD,THB/SGD,100,"SGD 0 – 39,999.99",tier_1,,,fxRatesSgd,2026-09-01T07:00:13,2026-09-01T07:00:13,2026-09-01T16:47:59.598219+00:00,3.9383,3.7208,3.832,3.8296,MAS,2.7740083507306905,2.901878914405004
native,ocbc,THB,SGD,THB/SGD,100,"SGD 40,000 – 100,000",tier_2,,,fxRatesSgd,2026-09-01T07:00:13,2026-09-01T07:00:13,2026-09-01T16:47:59.598219+00:00,3.9306,3.7285,3.832,3.8296,MAS,2.5730688935281902,2.7009394572025034
native,ocbc,TRY,SGD,TRY/SGD,100,"SGD 0 – 39,999.99",tier_1,,,fxRatesSgd,2026-09-01T07:00:13,2026-09-01T07:00:13,2026-09-01T16:47:59.598219+00:00,2.709,2.5962,,2.6526,,,
native,ocbc,TRY,SGD,TRY/SGD,100,"SGD 40,000 – 100,000",tier_2,,,fxRatesSgd,2026-09-01T07:00:13,2026-09-01T07:00:13,2026-09-01T16:47:59.598219+00:00,2.7077,2.5965,,2.6526,,,
native,ocbc,TWD,SGD,TWD/SGD,100,"SGD 0 – 39,999.99",tier_1,,,fxRatesSgd,2026-09-01T07:00:13,2026-09-01T07:00:13,2026-09-01T16:47:59.598219+00:00,4.1703,0.0,4.0182,4.1703,MAS,3.7852769896968765,100.0
native,ocbc,TWD,SGD,TWD/SGD,100,"SGD 40,000 – 100,000",tier_2,,,fxRatesSgd,2026-09-01T07:00:13,2026-09-01T07:00:13,2026-09-01T16:47:59.598219+00:00,0.0,0.0,4.0182,4.1703,MAS,-100.0,100.0
native,ocbc,USD,SGD,USD/SGD,1,"SGD 0 – 39,999.99",tier_1,,,fxRatesSgd,2026-09-01T07:00:13,2026-09-01T07:00:13,2026-09-01T16:47:59.598219+00:00,1.2855,1.2625,1.2717,1.274,MAS,1.0851615947157376,0.7234410631438308
native,ocbc,USD,SGD,USD/SGD,1,"SGD 40,000 – 100,000",tier_2,,,fxRatesSgd,2026-09-01T07:00:13,2026-09-01T07:00:13,2026-09-01T16:47:59.598219+00:00,1.2843,1.2636,1.2717,1.274,MAS,0.9907997169143623,0.6369426751592353
native,ocbc,ZAR,SGD,ZAR/SGD,100,"SGD 0 – 39,999.99",tier_1,,,fxRatesSgd,2026-09-01T07:00:13,2026-09-01T07:00:13,2026-09-01T16:47:59.598219+00:00,8.1215,7.6455,,7.8835,,,
native,ocbc,ZAR,SGD,ZAR/SGD,100,"SGD 40,000 – 100,000",tier_2,,,fxRatesSgd,2026-09-01T07:00:13,2026-09-01T07:00:13,2026-09-01T16:47:59.598219+00:00,8.1176,7.6495,,7.8835,,,
native,uob,AED,SGD,AED/SGD,100,Indicative board,board,,,forex_sgd,01 September 2026 05:31:57 PM,01 September 2026 05:31:57 PM,2026-09-01T16:48:01.456844+00:00,35.52,33.82,34.62,34.67,MAS,2.59965337954941,2.310803004043897
native,uob,AOA,SGD,AOA/SGD,100,Indicative board,board,,,forex_sgd,01 September 2026 05:31:57 PM,01 September 2026 05:31:57 PM,2026-09-01T16:48:01.456844+00:00,0.143,,,,,,
native,uob,AUD,SGD,AUD/SGD,1,Indicative board,board,,,forex_sgd,01 September 2026 05:31:57 PM,01 September 2026 05:31:57 PM,2026-09-01T16:48:01.456844+00:00,0.9248,0.8938,0.9114,0.9093,MAS,1.4702655255650612,1.9310950186526166
native,uob,BDT,SGD,BDT/SGD,100,Indicative board,board,,,forex_sgd,01 September 2026 05:31:57 PM,01 September 2026 05:31:57 PM,2026-09-01T16:48:01.456844+00:00,1.0628,,,,,,
native,uob,BND,SGD,BND/SGD,1,Indicative board,board,,,forex_sgd,01 September 2026 05:31:57 PM,01 September 2026 05:31:57 PM,2026-09-01T16:48:01.456844+00:00,1.0,1.0,,1.0,,,
native,uob,CAD,SGD,CAD/SGD,1,Indicative board,board,,,forex_sgd,01 September 2026 05:31:57 PM,01 September 2026 05:31:57 PM,2026-09-01T16:48:01.456844+00:00,0.928,0.908,0.917,0.918,MAS,1.1995637949836433,0.9814612868047992
native,uob,CHF,SGD,CHF/SGD,100,Indicative board,board,,,forex_sgd,01 September 2026 05:31:57 PM,01 September 2026 05:31:57 PM,2026-09-01T16:48:01.456844+00:00,158.89,155.59,157.02,157.24,MAS,1.190931091580675,0.9107120112087675
native,uob,CNH,SGD,CNH/SGD,100,Indicative board,board,,,forex_sgd,01 September 2026 05:31:57 PM,01 September 2026 05:31:57 PM,2026-09-01T16:48:01.456844+00:00,19.17,18.71,,18.94,,,
native,uob,DKK,SGD,DKK/SGD,100,Indicative board,board,,,forex_sgd,01 September 2026 05:31:57 PM,01 September 2026 05:31:57 PM,2026-09-01T16:48:01.456844+00:00,20.1,19.4,,19.75,,,
native,uob,EGP,SGD,EGP/SGD,100,Indicative board,board,,,forex_sgd,01 September 2026 05:31:57 PM,01 September 2026 05:31:57 PM,2026-09-01T16:48:01.456844+00:00,2.5709,,,,,,
native,uob,EUR,SGD,EUR/SGD,1,Indicative board,board,,,forex_sgd,01 September 2026 05:31:57 PM,01 September 2026 05:31:57 PM,2026-09-01T16:48:01.456844+00:00,1.4955,1.4575,1.4759,1.4765000000000001,MAS,1.3280032522528669,1.246696930686359
native,uob,GBP,SGD,GBP/SGD,1,Indicative board,board,,,forex_sgd,01 September 2026 05:31:57 PM,01 September 2026 05:31:57 PM,2026-09-01T16:48:01.456844+00:00,1.7471,1.7021,1.7219,1.7246000000000001,MAS,1.4634996225100245,1.149892560543588
native,uob,HKD,SGD,HKD/SGD,100,Indicative board,board,,,forex_sgd,01 September 2026 05:31:57 PM,01 September 2026 05:31:57 PM,2026-09-01T16:48:01.456844+00:00,16.419,16.061,16.22,16.240000000000002,MAS,1.2268803945746092,0.9802712700369847
native,uob,INR,SGD,INR/SGD,100,Indicative board,board,,,forex_sgd,01 September 2026 05:31:57 PM,01 September 2026 05:31:57 PM,2026-09-01T16:48:01.456844+00:00,1.3782,,1.338,,MAS,3.0044843049327365,
native,uob,JPY,SGD,JPY/SGD,100,Indicative board,board,,,forex_sgd,01 September 2026 05:31:57 PM,01 September 2026 05:31:57 PM,2026-09-01T16:48:01.456844+00:00,0.8132,0.7792,0.7956999999999999,0.7962,MAS,2.1993213522684663,2.073645846424513
native,uob,KRW,SGD,KRW/SGD,1000,Indicative board,board,,,forex_sgd,01 September 2026 05:31:57 PM,01 September 2026 05:31:57 PM,2026-09-01T16:48:01.456844+00:00,0.943,,0.927,,MAS,1.7259978425026863,
native,uob,KWD,SGD,KWD/SGD,1,Indicative board,board,,,forex_sgd,01 September 2026 05:31:57 PM,01 September 2026 05:31:57 PM,2026-09-01T16:48:01.456844+00:00,4.1777,,,,,,
native,uob,LKR,SGD,LKR/SGD,100,Indicative board,board,,,forex_sgd,01 September 2026 05:31:57 PM,01 September 2026 05:31:57 PM,2026-09-01T16:48:01.456844+00:00,0.3939,,,,,,
native,uob,MXN,SGD,MXN/SGD,100,Indicative board,board,,,forex_sgd,01 September 2026 05:31:57 PM,01 September 2026 05:31:57 PM,2026-09-01T16:48:01.456844+00:00,7.5538,,,,,,
native,uob,MYR,SGD,MYR/SGD,100,Indicative board,board,,,forex_sgd,01 September 2026 05:31:57 PM,01 September 2026 05:31:57 PM,2026-09-01T16:48:01.456844+00:00,31.9693,,31.509999999999998,,MAS,1.4576324976198112,
native,uob,NOK,SGD,NOK/SGD,100,Indicative board,board,,,forex_sgd,01 September 2026 05:31:57 PM,01 September 2026 05:31:57 PM,2026-09-01T16:48:01.456844+00:00,13.87,13.43,,13.649999999999999,,,
native,uob,NZD,SGD,NZD/SGD,1,Indicative board,board,,,forex_sgd,01 September 2026 05:31:57 PM,01 September 2026 05:31:57 PM,2026-09-01T16:48:01.456844+00:00,0.7606,0.7406,0.7511,0.7506,MAS,1.2648116096392044,1.3979496738117367
native,uob,PHP,SGD,PHP/SGD,100,Indicative board,board,,,forex_sgd,01 September 2026 05:31:57 PM,01 September 2026 05:31:57 PM,2026-09-01T16:48:01.456844+00:00,2.0859,,2.0384,,MAS,2.330259026687592,
native,uob,PKR,SGD,PKR/SGD,100,Indicative board,board,,,forex_sgd,01 September 2026 05:31:57 PM,01 September 2026 05:31:57 PM,2026-09-01T16:48:01.456844+00:00,0.4646,,,,,,
native,uob,SAR,SGD,SAR/SGD,100,Indicative board,board,,,forex_sgd,01 September 2026 05:31:57 PM,01 September 2026 05:31:57 PM,2026-09-01T16:48:01.456844+00:00,,,33.87,,MAS,,
native,uob,SEK,SGD,SEK/SGD,100,Indicative board,board,,,forex_sgd,01 September 2026 05:31:57 PM,01 September 2026 05:31:57 PM,2026-09-01T16:48:01.456844+00:00,13.51,13.03,,13.27,,,
native,uob,THB,SGD,THB/SGD,100,Indicative board,board,,,forex_sgd,01 September 2026 05:31:57 PM,01 September 2026 05:31:57 PM,2026-09-01T16:48:01.456844+00:00,3.93,3.73,3.832,3.83,MAS,2.557411273486438,2.661795407098118
native,uob,TWD,SGD,TWD/SGD,100,Indicative board,board,,,forex_sgd,01 September 2026 05:31:57 PM,01 September 2026 05:31:57 PM,2026-09-01T16:48:01.456844+00:00,4.1077,,4.0182,,MAS,2.2273654870339983,
native,uob,USD,SGD,USD/SGD,1,Indicative board,board,,,forex_sgd,01 September 2026 05:31:57 PM,01 September 2026 05:31:57 PM,2026-09-01T16:48:01.456844+00:00,1.2853,1.2613,1.2717,1.2733,MAS,1.0694346150821779,0.8178029409451887
native,uob,VND,SGD,VND/SGD,1000,Indicative board,board,,,forex_sgd,01 September 2026 05:31:57 PM,01 September 2026 05:31:57 PM,2026-09-01T16:48:01.456844+00:00,,,0.04877,,MAS,,
native,uob,XAF,SGD,XAF/SGD,100,Indicative board,board,,,forex_sgd,01 September 2026 05:31:57 PM,01 September 2026 05:31:57 PM,2026-09-01T16:48:01.456844+00:00,0.2312,,,,,,
native,uob,XOF,SGD,XOF/SGD,100,Indicative board,board,,,forex_sgd,01 September 2026 05:31:57 PM,01 September 2026 05:31:57 PM,2026-09-01T16:48:01.456844+00:00,0.2321,,,,,,
native,uob,ZAR,SGD,ZAR/SGD,1,Indicative board,board,,,forex_sgd,01 September 2026 05:31:57 PM,01 September 2026 05:31:57 PM,2026-09-01T16:48:01.456844+00:00,0.0807,0.0767,,0.07869999999999999,,,
standardized,dbs,AED,SGD,AED/SGD,1,SGD 50 – 200,amtBtw50And200,"SGD 200 – 39,999.99",std_200_40k,mainCurrencies,2026-09-02 00:30:00,2026-09-01 16:30:14,2026-09-01T16:47:58.278460+00:00,0.3491,0.3443,0.34619999999999995,0.3467,MAS,0.8376660889659358,0.5488157134604152
standardized,dbs,AED,SGD,AED/SGD,1,SGD 50 – 200,amtBtw50And200,"SGD 40,000 – 100,000",std_40k_100k,mainCurrencies,2026-09-02 00:30:00,2026-09-01 16:30:14,2026-09-01T16:47:58.278460+00:00,0.3491,0.3443,0.34619999999999995,0.3467,MAS,0.8376660889659358,0.5488157134604152
standardized,dbs,AED,SGD,AED/SGD,1,SGD 50 – 200,amtBtw50And200,SGD 50 – 200,std_50_200,mainCurrencies,2026-09-02 00:30:00,2026-09-01 16:30:14,2026-09-01T16:47:58.278460+00:00,0.3491,0.3443,0.34619999999999995,0.3467,MAS,0.8376660889659358,0.5488157134604152
standardized,dbs,AED,SGD,AED/SGD,1,SGD < 50,amtLessThan50,SGD < 50,std_lt_50,mainCurrencies,2026-09-02 00:30:00,2026-09-01 16:30:14,2026-09-01T16:47:58.278460+00:00,0.3518,0.3415,0.34619999999999995,0.34665,MAS,1.6175621028307483,1.3575967648757732
standardized,dbs,AUD,SGD,AUD/SGD,1,SGD 50 – 200,amtBtw50And200,"SGD 200 – 39,999.99",std_200_40k,mainCurrencies,2026-09-02 00:30:00,2026-09-01 16:30:14,2026-09-01T16:47:58.278460+00:00,0.9208,0.9006,0.9114,0.9107,MAS,1.0313802940531012,1.1849901250822945
standardized,dbs,AUD,SGD,AUD/SGD,1,SGD 50 – 200,amtBtw50And200,"SGD 40,000 – 100,000",std_40k_100k,mainCurrencies,2026-09-02 00:30:00,2026-09-01 16:30:14,2026-09-01T16:47:58.278460+00:00,0.9208,0.9006,0.9114,0.9107,MAS,1.0313802940531012,1.1849901250822945
standardized,dbs,AUD,SGD,AUD/SGD,1,SGD 50 – 200,amtBtw50And200,SGD 50 – 200,std_50_200,mainCurrencies,2026-09-02 00:30:00,2026-09-01 16:30:14,2026-09-01T16:47:58.278460+00:00,0.9208,0.9006,0.9114,0.9107,MAS,1.0313802940531012,1.1849901250822945
standardized,dbs,AUD,SGD,AUD/SGD,1,SGD < 50,amtLessThan50,SGD < 50,std_lt_50,mainCurrencies,2026-09-02 00:30:00,2026-09-01 16:30:14,2026-09-01T16:47:58.278460+00:00,0.9213,0.9002,0.9114,0.91075,MAS,1.0862409479921022,1.2288786482334855
standardized,dbs,BDT,SGD,BDT/SGD,100,SGD 50 – 200,amtBtw50And200,"SGD 200 – 39,999.99",std_200_40k,otherCurrencies,2026-09-02 00:30:00,2026-09-01 16:30:14,2026-09-01T16:47:58.278460+00:00,1.0533,,,,,,
standardized,dbs,BDT,SGD,BDT/SGD,100,SGD 50 – 200,amtBtw50And200,"SGD 40,000 – 100,000",std_40k_100k,otherCurrencies,2026-09-02 00:30:00,2026-09-01 16:30:14,2026-09-01T16:47:58.278460+00:00,1.0533,,,,,,
standardized,dbs,BDT,SGD,BDT/SGD,100,SGD 50 – 200,amtBtw50And200,SGD 50 – 200,std_50_200,otherCurrencies,2026-09-02 00:30:00,2026-09-01 16:30:14,2026-09-01T16:47:58.278460+00:00,1.0533,,,,,,
standardized,dbs,BDT,SGD,BDT/SGD,100,SGD < 50,amtLessThan50,SGD < 50,std_lt_50,otherCurrencies,2026-09-02 00:30:00,2026-09-01 16:30:14,2026-09-01T16:47:58.278460+00:00,1.0532,,,,,,
standardized,dbs,BHD,SGD,BHD/SGD,1,SGD 50 – 200,amtBtw50And200,"SGD 200 – 39,999.99",std_200_40k,otherCurrencies,2026-09-02 00:30:00,2026-09-01 16:30:14,2026-09-01T16:47:58.278460+00:00,3.4405,,,,,,
standardized,dbs,BHD,SGD,BHD/SGD,1,SGD 50 – 200,amtBtw50And200,"SGD 40,000 – 100,000",std_40k_100k,otherCurrencies,2026-09-02 00:30:00,2026-09-01 16:30:14,2026-09-01T16:47:58.278460+00:00,3.4405,,,,,,
standardized,dbs,BHD,SGD,BHD/SGD,1,SGD 50 – 200,amtBtw50And200,SGD 50 – 200,std_50_200,otherCurrencies,2026-09-02 00:30:00,2026-09-01 16:30:14,2026-09-01T16:47:58.278460+00:00,3.4405,,,,,,
standardized,dbs,BHD,SGD,BHD/SGD,1,SGD < 50,amtLessThan50,SGD < 50,std_lt_50,otherCurrencies,2026-09-02 00:30:00,2026-09-01 16:30:14,2026-09-01T16:47:58.278460+00:00,3.454,,,,,,
standardized,dbs,BND,SGD,BND/SGD,1,SGD 50 – 200,amtBtw50And200,"SGD 200 – 39,999.99",std_200_40k,otherCurrencies,2026-09-02 00:30:00,2026-09-01 16:30:14,2026-09-01T16:47:58.278460+00:00,1.0,1.0,,1.0,,,
standardized,dbs,BND,SGD,BND/SGD,1,SGD 50 – 200,amtBtw50And200,"SGD 40,000 – 100,000",std_40k_100k,otherCurrencies,2026-09-02 00:30:00,2026-09-01 16:30:14,2026-09-01T16:47:58.278460+00:00,1.0,1.0,,1.0,,,
standardized,dbs,BND,SGD,BND/SGD,1,SGD 50 – 200,amtBtw50And200,SGD 50 – 200,std_50_200,otherCurrencies,2026-09-02 00:30:00,2026-09-01 16:30:14,2026-09-01T16:47:58.278460+00:00,1.0,1.0,,1.0,,,
standardized,dbs,BND,SGD,BND/SGD,1,SGD < 50,amtLessThan50,SGD < 50,std_lt_50,otherCurrencies,2026-09-02 00:30:00,2026-09-01 16:30:14,2026-09-01T16:47:58.278460+00:00,1.0,1.0,,1.0,,,
standardized,dbs,CAD,SGD,CAD/SGD,1,SGD 50 – 200,amtBtw50And200,"SGD 200 – 39,999.99",std_200_40k,mainCurrencies,2026-09-02 00:30:00,2026-09-01 16:30:14,2026-09-01T16:47:58.278460+00:00,0.9228,0.909,0.917,0.9158999999999999,MAS,0.6324972737186386,0.872410032715377
standardized,dbs,CAD,SGD,CAD/SGD,1,SGD 50 – 200,amtBtw50And200,"SGD 40,000 – 100,000",std_40k_100k,mainCurrencies,2026-09-02 00:30:00,2026-09-01 16:30:14,2026-09-01T16:47:58.278460+00:00,0.9228,0.909,0.917,0.9158999999999999,MAS,0.6324972737186386,0.872410032715377
standardized,dbs,CAD,SGD,CAD/SGD,1,SGD 50 – 200,amtBtw50And200,SGD 50 – 200,std_50_200,mainCurrencies,2026-09-02 00:30:00,2026-09-01 16:30:14,2026-09-01T16:47:58.278460+00:00,0.9228,0.909,0.917,0.9158999999999999,MAS,0.6324972737186386,0.872410032715377
standardized,dbs,CAD,SGD,CAD/SGD,1,SGD < 50,amtLessThan50,SGD < 50,std_lt_50,mainCurrencies,2026-09-02 00:30:00,2026-09-01 16:30:14,2026-09-01T16:47:58.278460+00:00,0.9261,0.9058,0.917,0.91595,MAS,0.9923664122137401,1.2213740458015254
standardized,dbs,CHF,SGD,CHF/SGD,1,SGD 50 – 200,amtBtw50And200,"SGD 200 – 39,999.99",std_200_40k,mainCurrencies,2026-09-02 00:30:00,2026-09-01 16:30:14,2026-09-01T16:47:58.278460+00:00,1.5823,1.5523,1.5702,1.5673,MAS,0.7706024710227996,1.1399821678767053
standardized,dbs,CHF,SGD,CHF/SGD,1,SGD 50 – 200,amtBtw50And200,"SGD 40,000 – 100,000",std_40k_100k,mainCurrencies,2026-09-02 00:30:00,2026-09-01 16:30:14,2026-09-01T16:47:58.278460+00:00,1.5823,1.5523,1.5702,1.5673,MAS,0.7706024710227996,1.1399821678767053
standardized,dbs,CHF,SGD,CHF/SGD,1,SGD 50 – 200,amtBtw50And200,SGD 50 – 200,std_50_200,mainCurrencies,2026-09-02 00:30:00,2026-09-01 16:30:14,2026-09-01T16:47:58.278460+00:00,1.5823,1.5523,1.5702,1.5673,MAS,0.7706024710227996,1.1399821678767053
standardized,dbs,CHF,SGD,CHF/SGD,1,SGD < 50,amtLessThan50,SGD < 50,std_lt_50,mainCurrencies,2026-09-02 00:30:00,2026-09-01 16:30:14,2026-09-01T16:47:58.278460+00:00,1.5831,1.5516,1.5702,1.56735,MAS,0.8215513947267808,1.1845624761176887
standardized,dbs,CNH,SGD,CNH/SGD,1,SGD 50 – 200,amtBtw50And200,"SGD 200 – 39,999.99",std_200_40k,mainCurrencies,2026-09-02 00:30:00,2026-09-01 16:30:14,2026-09-01T16:47:58.278460+00:00,0.1916,0.1872,,0.1894,,,
standardized,dbs,CNH,SGD,CNH/SGD,1,SGD 50 – 200,amtBtw50And200,"SGD 40,000 – 100,000",std_40k_100k,mainCurrencies,2026-09-02 00:30:00,2026-09-01 16:30:14,2026-09-01T16:47:58.278460+00:00,0.1916,0.1872,,0.1894,,,
standardized,dbs,CNH,SGD,CNH/SGD,1,SGD 50 – 200,amtBtw50And200,SGD 50 – 200,std_50_200,mainCurrencies,2026-09-02 00:30:00,2026-09-01 16:30:14,2026-09-01T16:47:58.278460+00:00,0.1916,0.1872,,0.1894,,,
standardized,dbs,CNH,SGD,CNH/SGD,1,SGD < 50,amtLessThan50,SGD < 50,std_lt_50,mainCurrencies,2026-09-02 00:30:00,2026-09-01 16:30:14,2026-09-01T16:47:58.278460+00:00,0.1922,0.1865,,0.18935000000000002,,,
standardized,dbs,CNY,SGD,CNY/SGD,1,SGD 50 – 200,amtBtw50And200,"SGD 200 – 39,999.99",std_200_40k,otherCurrencies,2026-09-02 00:30:00,2026-09-01 16:30:14,2026-09-01T16:47:58.278460+00:00,0.1894,,0.1892,,MAS,0.10570824524313198,
standardized,dbs,CNY,SGD,CNY/SGD,1,SGD 50 – 200,amtBtw50And200,"SGD 40,000 – 100,000",std_40k_100k,otherCurrencies,2026-09-02 00:30:00,2026-09-01 16:30:14,2026-09-01T16:47:58.278460+00:00,0.1894,,0.1892,,MAS,0.10570824524313198,
standardized,dbs,CNY,SGD,CNY/SGD,1,SGD 50 – 200,amtBtw50And200,SGD 50 – 200,std_50_200,otherCurrencies,2026-09-02 00:30:00,2026-09-01 16:30:14,2026-09-01T16:47:58.278460+00:00,0.1894,,0.1892,,MAS,0.10570824524313198,
standardized,dbs,CNY,SGD,CNY/SGD,1,SGD < 50,amtLessThan50,SGD < 50,std_lt_50,otherCurrencies,2026-09-02 00:30:00,2026-09-01 16:30:14,2026-09-01T16:47:58.278460+00:00,0.1911,,0.1892,,MAS,1.0042283298097172,
standardized,dbs,DKK,SGD,DKK/SGD,1,SGD 50 – 200,amtBtw50And200,"SGD 200 – 39,999.99",std_200_40k,mainCurrencies,2026-09-02 00:30:00,2026-09-01 16:30:14,2026-09-01T16:47:58.278460+00:00,0.2,0.1946,,0.1973,,,
standardized,dbs,DKK,SGD,DKK/SGD,1,SGD 50 – 200,amtBtw50And200,"SGD 40,000 – 100,000",std_40k_100k,mainCurrencies,2026-09-02 00:30:00,2026-09-01 16:30:14,2026-09-01T16:47:58.278460+00:00,0.2,0.1946,,0.1973,,,
standardized,dbs,DKK,SGD,DKK/SGD,1,SGD 50 – 200,amtBtw50And200,SGD 50 – 200,std_50_200,mainCurrencies,2026-09-02 00:30:00,2026-09-01 16:30:14,2026-09-01T16:47:58.278460+00:00,0.2,0.1946,,0.1973,,,
standardized,dbs,DKK,SGD,DKK/SGD,1,SGD < 50,amtLessThan50,SGD < 50,std_lt_50,mainCurrencies,2026-09-02 00:30:00,2026-09-01 16:30:14,2026-09-01T16:47:58.278460+00:00,0.2004,0.1942,,0.1973,,,
standardized,dbs,EUR,SGD,EUR/SGD,1,SGD 50 – 200,amtBtw50And200,"SGD 200 – 39,999.99",std_200_40k,mainCurrencies,2026-09-02 00:30:00,2026-09-01 16:30:14,2026-09-01T16:47:58.278460+00:00,1.4879,1.4627,1.4759,1.4752999999999998,MAS,0.8130632156650186,0.8943695372315266
standardized,dbs,EUR,SGD,EUR/SGD,1,SGD 50 – 200,amtBtw50And200,"SGD 40,000 – 100,000",std_40k_100k,mainCurrencies,2026-09-02 00:30:00,2026-09-01 16:30:14,2026-09-01T16:47:58.278460+00:00,1.4879,1.4627,1.4759,1.4752999999999998,MAS,0.8130632156650186,0.8943695372315266
standardized,dbs,EUR,SGD,EUR/SGD,1,SGD 50 – 200,amtBtw50And200,SGD 50 – 200,std_50_200,mainCurrencies,2026-09-02 00:30:00,2026-09-01 16:30:14,2026-09-01T16:47:58.278460+00:00,1.4879,1.4627,1.4759,1.4752999999999998,MAS,0.8130632156650186,0.8943695372315266
standardized,dbs,EUR,SGD,EUR/SGD,1,SGD < 50,amtLessThan50,SGD < 50,std_lt_50,mainCurrencies,2026-09-02 00:30:00,2026-09-01 16:30:14,2026-09-01T16:47:58.278460+00:00,1.4887,1.462,1.4759,1.47535,MAS,0.8672674300426805,0.9417982248119807
standardized,dbs,GBP,SGD,GBP/SGD,1,SGD 50 – 200,amtBtw50And200,"SGD 200 – 39,999.99",std_200_40k,mainCurrencies,2026-09-02 00:30:00,2026-09-01 16:30:14,2026-09-01T16:47:58.278460+00:00,1.7349,1.7089,1.7219,1.7219000000000002,MAS,0.7549799639932704,0.7549799639932575
standardized,dbs,GBP,SGD,GBP/SGD,1,SGD 50 – 200,amtBtw50And200,"SGD 40,000 – 100,000",std_40k_100k,mainCurrencies,2026-09-02 00:30:00,2026-09-01 16:30:14,2026-09-01T16:47:58.278460+00:00,1.7349,1.7089,1.7219,1.7219000000000002,MAS,0.7549799639932704,0.7549799639932575
standardized,dbs,GBP,SGD,GBP/SGD,1,SGD 50 – 200,amtBtw50And200,SGD 50 – 200,std_50_200,mainCurrencies,2026-09-02 00:30:00,2026-09-01 16:30:14,2026-09-01T16:47:58.278460+00:00,1.7349,1.7089,1.7219,1.7219000000000002,MAS,0.7549799639932704,0.7549799639932575
standardized,dbs,GBP,SGD,GBP/SGD,1,SGD < 50,amtLessThan50,SGD < 50,std_lt_50,mainCurrencies,2026-09-02 00:30:00,2026-09-01 16:30:14,2026-09-01T16:47:58.278460+00:00,1.7366,1.7072,1.7219,1.7219,MAS,0.85370811313084,0.85370811313084
standardized,dbs,HKD,SGD,HKD/SGD,1,SGD 50 – 200,amtBtw50And200,"SGD 200 – 39,999.99",std_200_40k,mainCurrencies,2026-09-02 00:30:00,2026-09-01 16:30:14,2026-09-01T16:47:58.278460+00:00,0.164,0.1607,0.16219999999999998,0.16235,MAS,1.1097410604192504,0.9247842170160133
standardized,dbs,HKD,SGD,HKD/SGD,1,SGD 50 – 200,amtBtw50And200,"SGD 40,000 – 100,000",std_40k_100k,mainCurrencies,2026-09-02 00:30:00,2026-09-01 16:30:14,2026-09-01T16:47:58.278460+00:00,0.164,0.1607,0.16219999999999998,0.16235,MAS,1.1097410604192504,0.9247842170160133
standardized,dbs,HKD,SGD,HKD/SGD,1,SGD 50 – 200,amtBtw50And200,SGD 50 – 200,std_50_200,mainCurrencies,2026-09-02 00:30:00,2026-09-01 16:30:14,2026-09-01T16:47:58.278460+00:00,0.164,0.1607,0.16219999999999998,0.16235,MAS,1.1097410604192504,0.9247842170160133
standardized,dbs,HKD,SGD,HKD/SGD,1,SGD < 50,amtLessThan50,SGD < 50,std_lt_50,mainCurrencies,2026-09-02 00:30:00,2026-09-01 16:30:14,2026-09-01T16:47:58.278460+00:00,0.1641,0.1605,0.16219999999999998,0.1623,MAS,1.1713933415536455,1.0480887792848208
standardized,dbs,HUF,SGD,HUF/SGD,100,SGD 50 – 200,amtBtw50And200,"SGD 200 – 39,999.99",std_200_40k,otherCurrencies,2026-09-02 00:30:00,2026-09-01 16:30:14,2026-09-01T16:47:58.278460+00:00,0.4125,,,,,,
standardized,dbs,HUF,SGD,HUF/SGD,100,SGD 50 – 200,amtBtw50And200,"SGD 40,000 – 100,000",std_40k_100k,otherCurrencies,2026-09-02 00:30:00,2026-09-01 16:30:14,2026-09-01T16:47:58.278460+00:00,0.4125,,,,,,
standardized,dbs,HUF,SGD,HUF/SGD,100,SGD 50 – 200,amtBtw50And200,SGD 50 – 200,std_50_200,otherCurrencies,2026-09-02 00:30:00,2026-09-01 16:30:14,2026-09-01T16:47:58.278460+00:00,0.4125,,,,,,
standardized,dbs,HUF,SGD,HUF/SGD,100,SGD < 50,amtLessThan50,SGD < 50,std_lt_50,otherCurrencies,2026-09-02 00:30:00,2026-09-01 16:30:14,2026-09-01T16:47:58.278460+00:00,0.4141,,,,,,
standardized,dbs,ID0,SGD,ID0/SGD,100,SGD 50 – 200,amtBtw50And200,"SGD 200 – 39,999.99",std_200_40k,otherCurrencies,2026-09-02 00:30:00,2026-09-01 16:30:14,2026-09-01T16:47:58.278460+00:00,,,,,,,
standardized,dbs,ID0,SGD,ID0/SGD,100,SGD 50 – 200,amtBtw50And200,"SGD 40,000 – 100,000",std_40k_100k,otherCurrencies,2026-09-02 00:30:00,2026-09-01 16:30:14,2026-09-01T16:47:58.278460+00:00,,,,,,,
standardized,dbs,ID0,SGD,ID0/SGD,100,SGD 50 – 200,amtBtw50And200,SGD 50 – 200,std_50_200,otherCurrencies,2026-09-02 00:30:00,2026-09-01 16:30:14,2026-09-01T16:47:58.278460+00:00,,,,,,,
standardized,dbs,ID0,SGD,ID0/SGD,100,SGD < 50,amtLessThan50,SGD < 50,std_lt_50,otherCurrencies,2026-09-02 00:30:00,2026-09-01 16:30:14,2026-09-01T16:47:58.278460+00:00,,0.0072,,,,,
standardized,dbs,IDR,SGD,IDR/SGD,100,SGD 50 – 200,amtBtw50And200,"SGD 200 – 39,999.99",std_200_40k,mainCurrencies,2026-09-02 00:30:00,2026-09-01 16:30:14,2026-09-01T16:47:58.278460+00:00,0.0073,,0.007174,,MAS,1.7563423473654898,
standardized,dbs,IDR,SGD,IDR/SGD,100,SGD 50 – 200,amtBtw50And200,"SGD 40,000 – 100,000",std_40k_100k,mainCurrencies,2026-09-02 00:30:00,2026-09-01 16:30:14,2026-09-01T16:47:58.278460+00:00,0.0073,,0.007174,,MAS,1.7563423473654898,
standardized,dbs,IDR,SGD,IDR/SGD,100,SGD 50 – 200,amtBtw50And200,SGD 50 – 200,std_50_200,mainCurrencies,2026-09-02 00:30:00,2026-09-01 16:30:14,2026-09-01T16:47:58.278460+00:00,0.0073,,0.007174,,MAS,1.7563423473654898,
standardized,dbs,IDR,SGD,IDR/SGD,100,SGD < 50,amtLessThan50,SGD < 50,std_lt_50,mainCurrencies,2026-09-02 00:30:00,2026-09-01 16:30:14,2026-09-01T16:47:58.278460+00:00,0.0073,,0.007174,,MAS,1.7563423473654898,
standardized,dbs,IN0,SGD,IN0/SGD,100,SGD 50 – 200,amtBtw50And200,"SGD 200 – 39,999.99",std_200_40k,otherCurrencies,2026-09-02 00:30:00,2026-09-01 16:30:14,2026-09-01T16:47:58.278460+00:00,,1.3375,,,,,
standardized,dbs,IN0,SGD,IN0/SGD,100,SGD 50 – 200,amtBtw50And200,"SGD 40,000 – 100,000",std_40k_100k,otherCurrencies,2026-09-02 00:30:00,2026-09-01 16:30:14,2026-09-01T16:47:58.278460+00:00,,1.3375,,,,,
standardized,dbs,IN0,SGD,IN0/SGD,100,SGD 50 – 200,amtBtw50And200,SGD 50 – 200,std_50_200,otherCurrencies,2026-09-02 00:30:00,2026-09-01 16:30:14,2026-09-01T16:47:58.278460+00:00,,1.3375,,,,,
standardized,dbs,IN0,SGD,IN0/SGD,100,SGD < 50,amtLessThan50,SGD < 50,std_lt_50,otherCurrencies,2026-09-02 00:30:00,2026-09-01 16:30:14,2026-09-01T16:47:58.278460+00:00,,1.3375,,,,,
standardized,dbs,INR,SGD,INR/SGD,100,SGD 50 – 200,amtBtw50And200,"SGD 200 – 39,999.99",std_200_40k,otherCurrencies,2026-09-02 00:30:00,2026-09-01 16:30:14,2026-09-01T16:47:58.278460+00:00,1.3561,,1.338,,MAS,1.3527653213751871,
standardized,dbs,INR,SGD,INR/SGD,100,SGD 50 – 200,amtBtw50And200,"SGD 40,000 – 100,000",std_40k_100k,otherCurrencies,2026-09-02 00:30:00,2026-09-01 16:30:14,2026-09-01T16:47:58.278460+00:00,1.3561,,1.338,,MAS,1.3527653213751871,
standardized,dbs,INR,SGD,INR/SGD,100,SGD 50 – 200,amtBtw50And200,SGD 50 – 200,std_50_200,otherCurrencies,2026-09-02 00:30:00,2026-09-01 16:30:14,2026-09-01T16:47:58.278460+00:00,1.3561,,1.338,,MAS,1.3527653213751871,
standardized,dbs,INR,SGD,INR/SGD,100,SGD < 50,amtLessThan50,SGD < 50,std_lt_50,otherCurrencies,2026-09-02 00:30:00,2026-09-01 16:30:14,2026-09-01T16:47:58.278460+00:00,1.3668,,1.338,,MAS,2.1524663677129996,
standardized,dbs,JPY,SGD,JPY/SGD,100,SGD 50 – 200,amtBtw50And200,"SGD 200 – 39,999.99",std_200_40k,mainCurrencies,2026-09-02 00:30:00,2026-09-01 16:30:14,2026-09-01T16:47:58.278460+00:00,0.803,0.7869,0.7956999999999999,0.79495,MAS,0.9174311926605752,1.105944451426393
standardized,dbs,JPY,SGD,JPY/SGD,100,SGD 50 – 200,amtBtw50And200,"SGD 40,000 – 100,000",std_40k_100k,mainCurrencies,2026-09-02 00:30:00,2026-09-01 16:30:14,2026-09-01T16:47:58.278460+00:00,0.803,0.7869,0.7956999999999999,0.79495,MAS,0.9174311926605752,1.105944451426393
standardized,dbs,JPY,SGD,JPY/SGD,100,SGD 50 – 200,amtBtw50And200,SGD 50 – 200,std_50_200,mainCurrencies,2026-09-02 00:30:00,2026-09-01 16:30:14,2026-09-01T16:47:58.278460+00:00,0.803,0.7869,0.7956999999999999,0.79495,MAS,0.9174311926605752,1.105944451426393
standardized,dbs,JPY,SGD,JPY/SGD,100,SGD < 50,amtLessThan50,SGD < 50,std_lt_50,mainCurrencies,2026-09-02 00:30:00,2026-09-01 16:30:14,2026-09-01T16:47:58.278460+00:00,0.8038,0.7862,0.7956999999999999,0.7949999999999999,MAS,1.0179715973356929,1.193917305517135
standardized,dbs,KRW,SGD,KRW/SGD,100,SGD 50 – 200,amtBtw50And200,"SGD 200 – 39,999.99",std_200_40k,otherCurrencies,2026-09-02 00:30:00,2026-09-01 16:30:14,2026-09-01T16:47:58.278460+00:00,0.0939,,0.0927,,MAS,1.2944983818770148,
standardized,dbs,KRW,SGD,KRW/SGD,100,SGD 50 – 200,amtBtw50And200,"SGD 40,000 – 100,000",std_40k_100k,otherCurrencies,2026-09-02 00:30:00,2026-09-01 16:30:14,2026-09-01T16:47:58.278460+00:00,0.0939,,0.0927,,MAS,1.2944983818770148,
standardized,dbs,KRW,SGD,KRW/SGD,100,SGD 50 – 200,amtBtw50And200,SGD 50 – 200,std_50_200,otherCurrencies,2026-09-02 00:30:00,2026-09-01 16:30:14,2026-09-01T16:47:58.278460+00:00,0.0939,,0.0927,,MAS,1.2944983818770148,
standardized,dbs,KRW,SGD,KRW/SGD,100,SGD < 50,amtLessThan50,SGD < 50,std_lt_50,otherCurrencies,2026-09-02 00:30:00,2026-09-01 16:30:14,2026-09-01T16:47:58.278460+00:00,0.0939,,0.0927,,MAS,1.2944983818770148,
standardized,dbs,KWD,SGD,KWD/SGD,100,SGD 50 – 200,amtBtw50And200,"SGD 200 – 39,999.99",std_200_40k,otherCurrencies,2026-09-02 00:30:00,2026-09-01 16:30:14,2026-09-01T16:47:58.278460+00:00,422.1133,,,,,,
standardized,dbs,KWD,SGD,KWD/SGD,100,SGD 50 – 200,amtBtw50And200,"SGD 40,000 – 100,000",std_40k_100k,otherCurrencies,2026-09-02 00:30:00,2026-09-01 16:30:14,2026-09-01T16:47:58.278460+00:00,422.1133,,,,,,
standardized,dbs,KWD,SGD,KWD/SGD,100,SGD 50 – 200,amtBtw50And200,SGD 50 – 200,std_50_200,otherCurrencies,2026-09-02 00:30:00,2026-09-01 16:30:14,2026-09-01T16:47:58.278460+00:00,422.1133,,,,,,
standardized,dbs,KWD,SGD,KWD/SGD,100,SGD < 50,amtLessThan50,SGD < 50,std_lt_50,otherCurrencies,2026-09-02 00:30:00,2026-09-01 16:30:14,2026-09-01T16:47:58.278460+00:00,423.7716,,,,,,
standardized,dbs,LKR,SGD,LKR/SGD,100,SGD 50 – 200,amtBtw50And200,"SGD 200 – 39,999.99",std_200_40k,otherCurrencies,2026-09-02 00:30:00,2026-09-01 16:30:14,2026-09-01T16:47:58.278460+00:00,0.3958,,,,,,
standardized,dbs,LKR,SGD,LKR/SGD,100,SGD 50 – 200,amtBtw50And200,"SGD 40,000 – 100,000",std_40k_100k,otherCurrencies,2026-09-02 00:30:00,2026-09-01 16:30:14,2026-09-01T16:47:58.278460+00:00,0.3958,,,,,,
standardized,dbs,LKR,SGD,LKR/SGD,100,SGD 50 – 200,amtBtw50And200,SGD 50 – 200,std_50_200,otherCurrencies,2026-09-02 00:30:00,2026-09-01 16:30:14,2026-09-01T16:47:58.278460+00:00,0.3958,,,,,,
standardized,dbs,LKR,SGD,LKR/SGD,100,SGD < 50,amtLessThan50,SGD < 50,std_lt_50,otherCurrencies,2026-09-02 00:30:00,2026-09-01 16:30:14,2026-09-01T16:47:58.278460+00:00,0.3958,,,,,,
standardized,dbs,MM1,SGD,MM1/SGD,100,SGD 50 – 200,amtBtw50And200,"SGD 200 – 39,999.99",std_200_40k,otherCurrencies,2026-09-02 00:30:00,2026-09-01 16:30:14,2026-09-01T16:47:58.278460+00:00,,,,,,,
standardized,dbs,MM1,SGD,MM1/SGD,100,SGD 50 – 200,amtBtw50And200,"SGD 40,000 – 100,000",std_40k_100k,otherCurrencies,2026-09-02 00:30:00,2026-09-01 16:30:14,2026-09-01T16:47:58.278460+00:00,,,,,,,
standardized,dbs,MM1,SGD,MM1/SGD,100,SGD 50 – 200,amtBtw50And200,SGD 50 – 200,std_50_200,otherCurrencies,2026-09-02 00:30:00,2026-09-01 16:30:14,2026-09-01T16:47:58.278460+00:00,,,,,,,
standardized,dbs,MM1,SGD,MM1/SGD,100,SGD < 50,amtLessThan50,SGD < 50,std_lt_50,otherCurrencies,2026-09-02 00:30:00,2026-09-01 16:30:14,2026-09-01T16:47:58.278460+00:00,,,,,,,
standardized,dbs,MMK,SGD,MMK/SGD,100,SGD 50 – 200,amtBtw50And200,"SGD 200 – 39,999.99",std_200_40k,otherCurrencies,2026-09-02 00:30:00,2026-09-01 16:30:14,2026-09-01T16:47:58.278460+00:00,0.0323,,,,,,
standardized,dbs,MMK,SGD,MMK/SGD,100,SGD 50 – 200,amtBtw50And200,"SGD 40,000 – 100,000",std_40k_100k,otherCurrencies,2026-09-02 00:30:00,2026-09-01 16:30:14,2026-09-01T16:47:58.278460+00:00,0.0323,,,,,,
standardized,dbs,MMK,SGD,MMK/SGD,100,SGD 50 – 200,amtBtw50And200,SGD 50 – 200,std_50_200,otherCurrencies,2026-09-02 00:30:00,2026-09-01 16:30:14,2026-09-01T16:47:58.278460+00:00,0.0323,,,,,,
standardized,dbs,MMK,SGD,MMK/SGD,100,SGD < 50,amtLessThan50,SGD < 50,std_lt_50,otherCurrencies,2026-09-02 00:30:00,2026-09-01 16:30:14,2026-09-01T16:47:58.278460+00:00,0.0323,,,,,,
standardized,dbs,MUR,SGD,MUR/SGD,100,SGD 50 – 200,amtBtw50And200,"SGD 200 – 39,999.99",std_200_40k,otherCurrencies,2026-09-02 00:30:00,2026-09-01 16:30:14,2026-09-01T16:47:58.278460+00:00,2.7491,,,,,,
standardized,dbs,MUR,SGD,MUR/SGD,100,SGD 50 – 200,amtBtw50And200,"SGD 40,000 – 100,000",std_40k_100k,otherCurrencies,2026-09-02 00:30:00,2026-09-01 16:30:14,2026-09-01T16:47:58.278460+00:00,2.7491,,,,,,
standardized,dbs,MUR,SGD,MUR/SGD,100,SGD 50 – 200,amtBtw50And200,SGD 50 – 200,std_50_200,otherCurrencies,2026-09-02 00:30:00,2026-09-01 16:30:14,2026-09-01T16:47:58.278460+00:00,2.7491,,,,,,
standardized,dbs,MUR,SGD,MUR/SGD,100,SGD < 50,amtLessThan50,SGD < 50,std_lt_50,otherCurrencies,2026-09-02 00:30:00,2026-09-01 16:30:14,2026-09-01T16:47:58.278460+00:00,2.7599,,,,,,
standardized,dbs,MXN,SGD,MXN/SGD,100,SGD 50 – 200,amtBtw50And200,"SGD 200 – 39,999.99",std_200_40k,mainCurrencies,2026-09-02 00:30:00,2026-09-01 16:30:14,2026-09-01T16:47:58.278460+00:00,7.6101,,,,,,
standardized,dbs,MXN,SGD,MXN/SGD,100,SGD 50 – 200,amtBtw50And200,"SGD 40,000 – 100,000",std_40k_100k,mainCurrencies,2026-09-02 00:30:00,2026-09-01 16:30:14,2026-09-01T16:47:58.278460+00:00,7.6101,,,,,,
standardized,dbs,MXN,SGD,MXN/SGD,100,SGD 50 – 200,amtBtw50And200,SGD 50 – 200,std_50_200,mainCurrencies,2026-09-02 00:30:00,2026-09-01 16:30:14,2026-09-01T16:47:58.278460+00:00,7.6101,,,,,,
standardized,dbs,MXN,SGD,MXN/SGD,100,SGD < 50,amtLessThan50,SGD < 50,std_lt_50,mainCurrencies,2026-09-02 00:30:00,2026-09-01 16:30:14,2026-09-01T16:47:58.278460+00:00,7.61,,,,,,
standardized,dbs,MY0,SGD,MY0/SGD,1,SGD 50 – 200,amtBtw50And200,"SGD 200 – 39,999.99",std_200_40k,otherCurrencies,2026-09-02 00:30:00,2026-09-01 16:30:14,2026-09-01T16:47:58.278460+00:00,,0.3145,,,,,
standardized,dbs,MY0,SGD,MY0/SGD,1,SGD 50 – 200,amtBtw50And200,"SGD 40,000 – 100,000",std_40k_100k,otherCurrencies,2026-09-02 00:30:00,2026-09-01 16:30:14,2026-09-01T16:47:58.278460+00:00,,0.3145,,,,,
standardized,dbs,MY0,SGD,MY0/SGD,1,SGD 50 – 200,amtBtw50And200,SGD 50 – 200,std_50_200,otherCurrencies,2026-09-02 00:30:00,2026-09-01 16:30:14,2026-09-01T16:47:58.278460+00:00,,0.3145,,,,,
standardized,dbs,MY0,SGD,MY0/SGD,1,SGD < 50,amtLessThan50,SGD < 50,std_lt_50,otherCurrencies,2026-09-02 00:30:00,2026-09-01 16:30:14,2026-09-01T16:47:58.278460+00:00,,0.3145,,,,,
standardized,dbs,MYR,SGD,MYR/SGD,1,SGD 50 – 200,amtBtw50And200,"SGD 200 – 39,999.99",std_200_40k,otherCurrencies,2026-09-02 00:30:00,2026-09-01 16:30:14,2026-09-01T16:47:58.278460+00:00,0.3186,,0.3151,,MAS,1.1107584893684554,
standardized,dbs,MYR,SGD,MYR/SGD,1,SGD 50 – 200,amtBtw50And200,"SGD 40,000 – 100,000",std_40k_100k,otherCurrencies,2026-09-02 00:30:00,2026-09-01 16:30:14,2026-09-01T16:47:58.278460+00:00,0.3186,,0.3151,,MAS,1.1107584893684554,
standardized,dbs,MYR,SGD,MYR/SGD,1,SGD 50 – 200,amtBtw50And200,SGD 50 – 200,std_50_200,otherCurrencies,2026-09-02 00:30:00,2026-09-01 16:30:14,2026-09-01T16:47:58.278460+00:00,0.3186,,0.3151,,MAS,1.1107584893684554,
standardized,dbs,MYR,SGD,MYR/SGD,1,SGD < 50,amtLessThan50,SGD < 50,std_lt_50,otherCurrencies,2026-09-02 00:30:00,2026-09-01 16:30:14,2026-09-01T16:47:58.278460+00:00,0.3185,,0.3151,,MAS,1.0790225325293603,
standardized,dbs,NOK,SGD,NOK/SGD,1,SGD 50 – 200,amtBtw50And200,"SGD 200 – 39,999.99",std_200_40k,mainCurrencies,2026-09-02 00:30:00,2026-09-01 16:30:14,2026-09-01T16:47:58.278460+00:00,0.1385,0.1347,,0.1366,,,
standardized,dbs,NOK,SGD,NOK/SGD,1,SGD 50 – 200,amtBtw50And200,"SGD 40,000 – 100,000",std_40k_100k,mainCurrencies,2026-09-02 00:30:00,2026-09-01 16:30:14,2026-09-01T16:47:58.278460+00:00,0.1385,0.1347,,0.1366,,,
standardized,dbs,NOK,SGD,NOK/SGD,1,SGD 50 – 200,amtBtw50And200,SGD 50 – 200,std_50_200,mainCurrencies,2026-09-02 00:30:00,2026-09-01 16:30:14,2026-09-01T16:47:58.278460+00:00,0.1385,0.1347,,0.1366,,,
standardized,dbs,NOK,SGD,NOK/SGD,1,SGD < 50,amtLessThan50,SGD < 50,std_lt_50,mainCurrencies,2026-09-02 00:30:00,2026-09-01 16:30:14,2026-09-01T16:47:58.278460+00:00,0.1389,0.1343,,0.1366,,,
standardized,dbs,NZD,SGD,NZD/SGD,1,SGD 50 – 200,amtBtw50And200,"SGD 200 – 39,999.99",std_200_40k,mainCurrencies,2026-09-02 00:30:00,2026-09-01 16:30:14,2026-09-01T16:47:58.278460+00:00,0.7592,0.7418,0.7511,0.7505,MAS,1.0784183197976296,1.238183996804683
standardized,dbs,NZD,SGD,NZD/SGD,1,SGD 50 – 200,amtBtw50And200,"SGD 40,000 – 100,000",std_40k_100k,mainCurrencies,2026-09-02 00:30:00,2026-09-01 16:30:14,2026-09-01T16:47:58.278460+00:00,0.7592,0.7418,0.7511,0.7505,MAS,1.0784183197976296,1.238183996804683
standardized,dbs,NZD,SGD,NZD/SGD,1,SGD 50 – 200,amtBtw50And200,SGD 50 – 200,std_50_200,mainCurrencies,2026-09-02 00:30:00,2026-09-01 16:30:14,2026-09-01T16:47:58.278460+00:00,0.7592,0.7418,0.7511,0.7505,MAS,1.0784183197976296,1.238183996804683
standardized,dbs,NZD,SGD,NZD/SGD,1,SGD < 50,amtLessThan50,SGD < 50,std_lt_50,mainCurrencies,2026-09-02 00:30:00,2026-09-01 16:30:14,2026-09-01T16:47:58.278460+00:00,0.7599,0.741,0.7511,0.7504500000000001,MAS,1.1716149647184169,1.3446944481427237
standardized,dbs,OMR,SGD,OMR/SGD,1,SGD 50 – 200,amtBtw50And200,"SGD 200 – 39,999.99",std_200_40k,otherCurrencies,2026-09-02 00:30:00,2026-09-01 16:30:14,2026-09-01T16:47:58.278460+00:00,3.3305,,,,,,
standardized,dbs,OMR,SGD,OMR/SGD,1,SGD 50 – 200,amtBtw50And200,"SGD 40,000 – 100,000",std_40k_100k,otherCurrencies,2026-09-02 00:30:00,2026-09-01 16:30:14,2026-09-01T16:47:58.278460+00:00,3.3305,,,,,,
standardized,dbs,OMR,SGD,OMR/SGD,1,SGD 50 – 200,amtBtw50And200,SGD 50 – 200,std_50_200,otherCurrencies,2026-09-02 00:30:00,2026-09-01 16:30:14,2026-09-01T16:47:58.278460+00:00,3.3305,,,,,,
standardized,dbs,OMR,SGD,OMR/SGD,1,SGD < 50,amtLessThan50,SGD < 50,std_lt_50,otherCurrencies,2026-09-02 00:30:00,2026-09-01 16:30:14,2026-09-01T16:47:58.278460+00:00,3.3305,,,,,,
standardized,dbs,PH0,SGD,PH0/SGD,100,SGD 50 – 200,amtBtw50And200,"SGD 200 – 39,999.99",std_200_40k,otherCurrencies,2026-09-02 00:30:00,2026-09-01 16:30:14,2026-09-01T16:47:58.278460+00:00,,2.0315,,,,,
standardized,dbs,PH0,SGD,PH0/SGD,100,SGD 50 – 200,amtBtw50And200,"SGD 40,000 – 100,000",std_40k_100k,otherCurrencies,2026-09-02 00:30:00,2026-09-01 16:30:14,2026-09-01T16:47:58.278460+00:00,,2.0315,,,,,
standardized,dbs,PH0,SGD,PH0/SGD,100,SGD 50 – 200,amtBtw50And200,SGD 50 – 200,std_50_200,otherCurrencies,2026-09-02 00:30:00,2026-09-01 16:30:14,2026-09-01T16:47:58.278460+00:00,,2.0315,,,,,
standardized,dbs,PH0,SGD,PH0/SGD,100,SGD < 50,amtLessThan50,SGD < 50,std_lt_50,otherCurrencies,2026-09-02 00:30:00,2026-09-01 16:30:14,2026-09-01T16:47:58.278460+00:00,,2.0315,,,,,
standardized,dbs,PHP,SGD,PHP/SGD,100,SGD 50 – 200,amtBtw50And200,"SGD 200 – 39,999.99",std_200_40k,otherCurrencies,2026-09-02 00:30:00,2026-09-01 16:30:14,2026-09-01T16:47:58.278460+00:00,2.0631,,2.0384,,MAS,1.2117346938775373,
standardized,dbs,PHP,SGD,PHP/SGD,100,SGD 50 – 200,amtBtw50And200,"SGD 40,000 – 100,000",std_40k_100k,otherCurrencies,2026-09-02 00:30:00,2026-09-01 16:30:14,2026-09-01T16:47:58.278460+00:00,2.0631,,2.0384,,MAS,1.2117346938775373,
standardized,dbs,PHP,SGD,PHP/SGD,100,SGD 50 – 200,amtBtw50And200,SGD 50 – 200,std_50_200,otherCurrencies,2026-09-02 00:30:00,2026-09-01 16:30:14,2026-09-01T16:47:58.278460+00:00,2.0631,,2.0384,,MAS,1.2117346938775373,
standardized,dbs,PHP,SGD,PHP/SGD,100,SGD < 50,amtLessThan50,SGD < 50,std_lt_50,otherCurrencies,2026-09-02 00:30:00,2026-09-01 16:30:14,2026-09-01T16:47:58.278460+00:00,2.0786,,2.0384,,MAS,1.972135007849272,
standardized,dbs,PLN,SGD,PLN/SGD,1,SGD 50 – 200,amtBtw50And200,"SGD 200 – 39,999.99",std_200_40k,otherCurrencies,2026-09-02 00:30:00,2026-09-01 16:30:14,2026-09-01T16:47:58.278460+00:00,0.3481,,,,,,
standardized,dbs,PLN,SGD,PLN/SGD,1,SGD 50 – 200,amtBtw50And200,"SGD 40,000 – 100,000",std_40k_100k,otherCurrencies,2026-09-02 00:30:00,2026-09-01 16:30:14,2026-09-01T16:47:58.278460+00:00,0.3481,,,,,,
standardized,dbs,PLN,SGD,PLN/SGD,1,SGD 50 – 200,amtBtw50And200,SGD 50 – 200,std_50_200,otherCurrencies,2026-09-02 00:30:00,2026-09-01 16:30:14,2026-09-01T16:47:58.278460+00:00,0.3481,,,,,,
standardized,dbs,PLN,SGD,PLN/SGD,1,SGD < 50,amtLessThan50,SGD < 50,std_lt_50,otherCurrencies,2026-09-02 00:30:00,2026-09-01 16:30:14,2026-09-01T16:47:58.278460+00:00,0.3495,,,,,,
standardized,dbs,QAR,SGD,QAR/SGD,1,SGD 50 – 200,amtBtw50And200,"SGD 200 – 39,999.99",std_200_40k,otherCurrencies,2026-09-02 00:30:00,2026-09-01 16:30:14,2026-09-01T16:47:58.278460+00:00,0.3571,,0.3489,,MAS,2.350243622814556,
standardized,dbs,QAR,SGD,QAR/SGD,1,SGD 50 – 200,amtBtw50And200,"SGD 40,000 – 100,000",std_40k_100k,otherCurrencies,2026-09-02 00:30:00,2026-09-01 16:30:14,2026-09-01T16:47:58.278460+00:00,0.3571,,0.3489,,MAS,2.350243622814556,
standardized,dbs,QAR,SGD,QAR/SGD,1,SGD 50 – 200,amtBtw50And200,SGD 50 – 200,std_50_200,otherCurrencies,2026-09-02 00:30:00,2026-09-01 16:30:14,2026-09-01T16:47:58.278460+00:00,0.3571,,0.3489,,MAS,2.350243622814556,
standardized,dbs,QAR,SGD,QAR/SGD,1,SGD < 50,amtLessThan50,SGD < 50,std_lt_50,otherCurrencies,2026-09-02 00:30:00,2026-09-01 16:30:14,2026-09-01T16:47:58.278460+00:00,0.3585,,0.3489,,MAS,2.7515047291487527,
standardized,dbs,RUB,SGD,RUB/SGD,100,SGD 50 – 200,amtBtw50And200,"SGD 200 – 39,999.99",std_200_40k,mainCurrencies,2026-09-02 00:30:00,2026-09-01 16:30:14,2026-09-01T16:47:58.278460+00:00,,,,,,,
standardized,dbs,RUB,SGD,RUB/SGD,100,SGD 50 – 200,amtBtw50And200,"SGD 40,000 – 100,000",std_40k_100k,mainCurrencies,2026-09-02 00:30:00,2026-09-01 16:30:14,2026-09-01T16:47:58.278460+00:00,,,,,,,
standardized,dbs,RUB,SGD,RUB/SGD,100,SGD 50 – 200,amtBtw50And200,SGD 50 – 200,std_50_200,mainCurrencies,2026-09-02 00:30:00,2026-09-01 16:30:14,2026-09-01T16:47:58.278460+00:00,,,,,,,
standardized,dbs,RUB,SGD,RUB/SGD,100,SGD < 50,amtLessThan50,SGD < 50,std_lt_50,mainCurrencies,2026-09-02 00:30:00,2026-09-01 16:30:14,2026-09-01T16:47:58.278460+00:00,,,,,,,
standardized,dbs,SAR,SGD,SAR/SGD,100,SGD 50 – 200,amtBtw50And200,"SGD 200 – 39,999.99",std_200_40k,otherCurrencies,2026-09-02 00:30:00,2026-09-01 16:30:14,2026-09-01T16:47:58.278460+00:00,34.3387,,33.87,,MAS,1.3838204901092575,
standardized,dbs,SAR,SGD,SAR/SGD,100,SGD 50 – 200,amtBtw50And200,"SGD 40,000 – 100,000",std_40k_100k,otherCurrencies,2026-09-02 00:30:00,2026-09-01 16:30:14,2026-09-01T16:47:58.278460+00:00,34.3387,,33.87,,MAS,1.3838204901092575,
standardized,dbs,SAR,SGD,SAR/SGD,100,SGD 50 – 200,amtBtw50And200,SGD 50 – 200,std_50_200,otherCurrencies,2026-09-02 00:30:00,2026-09-01 16:30:14,2026-09-01T16:47:58.278460+00:00,34.3387,,33.87,,MAS,1.3838204901092575,
standardized,dbs,SAR,SGD,SAR/SGD,100,SGD < 50,amtLessThan50,SGD < 50,std_lt_50,otherCurrencies,2026-09-02 00:30:00,2026-09-01 16:30:14,2026-09-01T16:47:58.278460+00:00,34.3382,,33.87,,MAS,1.382344257454984,
standardized,dbs,SEK,SGD,SEK/SGD,1,SGD 50 – 200,amtBtw50And200,"SGD 200 – 39,999.99",std_200_40k,mainCurrencies,2026-09-02 00:30:00,2026-09-01 16:30:14,2026-09-01T16:47:58.278460+00:00,0.1342,0.1306,,0.13240000000000002,,,
standardized,dbs,SEK,SGD,SEK/SGD,1,SGD 50 – 200,amtBtw50And200,"SGD 40,000 – 100,000",std_40k_100k,mainCurrencies,2026-09-02 00:30:00,2026-09-01 16:30:14,2026-09-01T16:47:58.278460+00:00,0.1342,0.1306,,0.13240000000000002,,,
standardized,dbs,SEK,SGD,SEK/SGD,1,SGD 50 – 200,amtBtw50And200,SGD 50 – 200,std_50_200,mainCurrencies,2026-09-02 00:30:00,2026-09-01 16:30:14,2026-09-01T16:47:58.278460+00:00,0.1342,0.1306,,0.13240000000000002,,,
standardized,dbs,SEK,SGD,SEK/SGD,1,SGD < 50,amtLessThan50,SGD < 50,std_lt_50,mainCurrencies,2026-09-02 00:30:00,2026-09-01 16:30:14,2026-09-01T16:47:58.278460+00:00,0.1347,0.1301,,0.1324,,,
standardized,dbs,THB,SGD,THB/SGD,100,SGD 50 – 200,amtBtw50And200,"SGD 200 – 39,999.99",std_200_40k,mainCurrencies,2026-09-02 00:30:00,2026-09-01 16:30:14,2026-09-01T16:47:58.278460+00:00,3.8859,3.7704,3.832,3.82815,MAS,1.4065762004175382,1.6075156576200387
standardized,dbs,THB,SGD,THB/SGD,100,SGD 50 – 200,amtBtw50And200,"SGD 40,000 – 100,000",std_40k_100k,mainCurrencies,2026-09-02 00:30:00,2026-09-01 16:30:14,2026-09-01T16:47:58.278460+00:00,3.8859,3.7704,3.832,3.82815,MAS,1.4065762004175382,1.6075156576200387
standardized,dbs,THB,SGD,THB/SGD,100,SGD 50 – 200,amtBtw50And200,SGD 50 – 200,std_50_200,mainCurrencies,2026-09-02 00:30:00,2026-09-01 16:30:14,2026-09-01T16:47:58.278460+00:00,3.8859,3.7704,3.832,3.82815,MAS,1.4065762004175382,1.6075156576200387
standardized,dbs,THB,SGD,THB/SGD,100,SGD < 50,amtLessThan50,SGD < 50,std_lt_50,mainCurrencies,2026-09-02 00:30:00,2026-09-01 16:30:14,2026-09-01T16:47:58.278460+00:00,3.8894,3.7656,3.832,3.8275,MAS,1.497912317327775,1.7327766179540658
standardized,dbs,TND,SGD,TND/SGD,1,SGD 50 – 200,amtBtw50And200,"SGD 200 – 39,999.99",std_200_40k,otherCurrencies,2026-09-02 00:30:00,2026-09-01 16:30:14,2026-09-01T16:47:58.278460+00:00,0.4469,,,,,,
standardized,dbs,TND,SGD,TND/SGD,1,SGD 50 – 200,amtBtw50And200,"SGD 40,000 – 100,000",std_40k_100k,otherCurrencies,2026-09-02 00:30:00,2026-09-01 16:30:14,2026-09-01T16:47:58.278460+00:00,0.4469,,,,,,
standardized,dbs,TND,SGD,TND/SGD,1,SGD 50 – 200,amtBtw50And200,SGD 50 – 200,std_50_200,otherCurrencies,2026-09-02 00:30:00,2026-09-01 16:30:14,2026-09-01T16:47:58.278460+00:00,0.4469,,,,,,
standardized,dbs,TND,SGD,TND/SGD,1,SGD < 50,amtLessThan50,SGD < 50,std_lt_50,otherCurrencies,2026-09-02 00:30:00,2026-09-01 16:30:14,2026-09-01T16:47:58.278460+00:00,0.4431,,,,,,
standardized,dbs,TWD,SGD,TWD/SGD,100,SGD 50 – 200,amtBtw50And200,"SGD 200 – 39,999.99",std_200_40k,otherCurrencies,2026-09-02 00:30:00,2026-09-01 16:30:14,2026-09-01T16:47:58.278460+00:00,4.0727,,4.0182,,MAS,1.3563287043950025,
standardized,dbs,TWD,SGD,TWD/SGD,100,SGD 50 – 200,amtBtw50And200,"SGD 40,000 – 100,000",std_40k_100k,otherCurrencies,2026-09-02 00:30:00,2026-09-01 16:30:14,2026-09-01T16:47:58.278460+00:00,4.0727,,4.0182,,MAS,1.3563287043950025,
standardized,dbs,TWD,SGD,TWD/SGD,100,SGD 50 – 200,amtBtw50And200,SGD 50 – 200,std_50_200,otherCurrencies,2026-09-02 00:30:00,2026-09-01 16:30:14,2026-09-01T16:47:58.278460+00:00,4.0727,,4.0182,,MAS,1.3563287043950025,
standardized,dbs,TWD,SGD,TWD/SGD,100,SGD < 50,amtLessThan50,SGD < 50,std_lt_50,otherCurrencies,2026-09-02 00:30:00,2026-09-01 16:30:14,2026-09-01T16:47:58.278460+00:00,4.0767,,4.0182,,MAS,1.4558757652680194,
standardized,dbs,USD,SGD,USD/SGD,1,SGD 50 – 200,amtBtw50And200,"SGD 200 – 39,999.99",std_200_40k,mainCurrencies,2026-09-02 00:30:00,2026-09-01 16:30:14,2026-09-01T16:47:58.278460+00:00,1.284,1.2627,1.2717,1.27335,MAS,0.9672092474640227,0.7077140835102712
standardized,dbs,USD,SGD,USD/SGD,1,SGD 50 – 200,amtBtw50And200,"SGD 40,000 – 100,000",std_40k_100k,mainCurrencies,2026-09-02 00:30:00,2026-09-01 16:30:14,2026-09-01T16:47:58.278460+00:00,1.284,1.2627,1.2717,1.27335,MAS,0.9672092474640227,0.7077140835102712
standardized,dbs,USD,SGD,USD/SGD,1,SGD 50 – 200,amtBtw50And200,SGD 50 – 200,std_50_200,mainCurrencies,2026-09-02 00:30:00,2026-09-01 16:30:14,2026-09-01T16:47:58.278460+00:00,1.284,1.2627,1.2717,1.27335,MAS,0.9672092474640227,0.7077140835102712
standardized,dbs,USD,SGD,USD/SGD,1,SGD < 50,amtLessThan50,SGD < 50,std_lt_50,mainCurrencies,2026-09-02 00:30:00,2026-09-01 16:30:14,2026-09-01T16:47:58.278460+00:00,1.2848,1.2618,1.2717,1.2732999999999999,MAS,1.0301171659982613,0.7784854918612896
standardized,dbs,VND,SGD,VND/SGD,100,SGD 50 – 200,amtBtw50And200,"SGD 200 – 39,999.99",std_200_40k,otherCurrencies,2026-09-02 00:30:00,2026-09-01 16:30:14,2026-09-01T16:47:58.278460+00:00,0.005,,0.004877,,MAS,2.522042239081399,
standardized,dbs,VND,SGD,VND/SGD,100,SGD 50 – 200,amtBtw50And200,"SGD 40,000 – 100,000",std_40k_100k,otherCurrencies,2026-09-02 00:30:00,2026-09-01 16:30:14,2026-09-01T16:47:58.278460+00:00,0.005,,0.004877,,MAS,2.522042239081399,
standardized,dbs,VND,SGD,VND/SGD,100,SGD 50 – 200,amtBtw50And200,SGD 50 – 200,std_50_200,otherCurrencies,2026-09-02 00:30:00,2026-09-01 16:30:14,2026-09-01T16:47:58.278460+00:00,0.005,,0.004877,,MAS,2.522042239081399,
standardized,dbs,VND,SGD,VND/SGD,100,SGD < 50,amtLessThan50,SGD < 50,std_lt_50,otherCurrencies,2026-09-02 00:30:00,2026-09-01 16:30:14,2026-09-01T16:47:58.278460+00:00,0.005,,0.004877,,MAS,2.522042239081399,
standardized,dbs,XAU,SGD,XAU/SGD,1,SGD 50 – 200,amtBtw50And200,"SGD 200 – 39,999.99",std_200_40k,otherCurrencies,2026-09-02 00:30:00,2026-09-01 16:30:14,2026-09-01T16:47:58.278460+00:00,5573.474,5506.059,,5539.7665,,,
standardized,dbs,XAU,SGD,XAU/SGD,1,SGD 50 – 200,amtBtw50And200,"SGD 40,000 – 100,000",std_40k_100k,otherCurrencies,2026-09-02 00:30:00,2026-09-01 16:30:14,2026-09-01T16:47:58.278460+00:00,5573.474,5506.059,,5539.7665,,,
standardized,dbs,XAU,SGD,XAU/SGD,1,SGD 50 – 200,amtBtw50And200,SGD 50 – 200,std_50_200,otherCurrencies,2026-09-02 00:30:00,2026-09-01 16:30:14,2026-09-01T16:47:58.278460+00:00,5573.474,5506.059,,5539.7665,,,
standardized,dbs,XAU,SGD,XAU/SGD,1,SGD < 50,amtLessThan50,SGD < 50,std_lt_50,otherCurrencies,2026-09-02 00:30:00,2026-09-01 16:30:14,2026-09-01T16:47:58.278460+00:00,5572.988,5505.586,,5539.287,,,
standardized,dbs,ZAR,SGD,ZAR/SGD,1,SGD 50 – 200,amtBtw50And200,"SGD 200 – 39,999.99",std_200_40k,otherCurrencies,2026-09-02 00:30:00,2026-09-01 16:30:14,2026-09-01T16:47:58.278460+00:00,0.0798,0.0778,,0.0788,,,
standardized,dbs,ZAR,SGD,ZAR/SGD,1,SGD 50 – 200,amtBtw50And200,"SGD 40,000 – 100,000",std_40k_100k,otherCurrencies,2026-09-02 00:30:00,2026-09-01 16:30:14,2026-09-01T16:47:58.278460+00:00,0.0798,0.0778,,0.0788,,,
standardized,dbs,ZAR,SGD,ZAR/SGD,1,SGD 50 – 200,amtBtw50And200,SGD 50 – 200,std_50_200,otherCurrencies,2026-09-02 00:30:00,2026-09-01 16:30:14,2026-09-01T16:47:58.278460+00:00,0.0798,0.0778,,0.0788,,,
standardized,dbs,ZAR,SGD,ZAR/SGD,1,SGD < 50,amtLessThan50,SGD < 50,std_lt_50,otherCurrencies,2026-09-02 00:30:00,2026-09-01 16:30:14,2026-09-01T16:47:58.278460+00:00,0.0801,0.0775,,0.07880000000000001,,,
standardized,hsbc,AED,SGD,AED/SGD,100,Indicative board,board,"SGD 200 – 39,999.99",std_200_40k,indicative_fx,2026-9-1,2026-9-1,2026-09-01T16:48:02.239276+00:00,35.72,33.47,34.62,34.595,MAS,3.177354130560374,3.3217793183131095
standardized,hsbc,AED,SGD,AED/SGD,100,Indicative board,board,"SGD 40,000 – 100,000",std_40k_100k,indicative_fx,2026-9-1,2026-9-1,2026-09-01T16:48:02.239276+00:00,35.72,33.47,34.62,34.595,MAS,3.177354130560374,3.3217793183131095
standardized,hsbc,AED,SGD,AED/SGD,100,Indicative board,board,SGD 50 – 200,std_50_200,indicative_fx,2026-9-1,2026-9-1,2026-09-01T16:48:02.239276+00:00,35.72,33.47,34.62,34.595,MAS,3.177354130560374,3.3217793183131095
standardized,hsbc,AED,SGD,AED/SGD,100,Indicative board,board,SGD < 50,std_lt_50,indicative_fx,2026-9-1,2026-9-1,2026-09-01T16:48:02.239276+00:00,35.72,33.47,34.62,34.595,MAS,3.177354130560374,3.3217793183131095
standardized,hsbc,AUD,SGD,AUD/SGD,1,Indicative board,board,"SGD 200 – 39,999.99",std_200_40k,indicative_fx,2026-9-1,2026-9-1,2026-09-01T16:48:02.239276+00:00,0.9397,0.8847,0.9114,0.9122,MAS,3.1051130129471134,2.9295589203423247
standardized,hsbc,AUD,SGD,AUD/SGD,1,Indicative board,board,"SGD 40,000 – 100,000",std_40k_100k,indicative_fx,2026-9-1,2026-9-1,2026-09-01T16:48:02.239276+00:00,0.9397,0.8847,0.9114,0.9122,MAS,3.1051130129471134,2.9295589203423247
standardized,hsbc,AUD,SGD,AUD/SGD,1,Indicative board,board,SGD 50 – 200,std_50_200,indicative_fx,2026-9-1,2026-9-1,2026-09-01T16:48:02.239276+00:00,0.9397,0.8847,0.9114,0.9122,MAS,3.1051130129471134,2.9295589203423247
standardized,hsbc,AUD,SGD,AUD/SGD,1,Indicative board,board,SGD < 50,std_lt_50,indicative_fx,2026-9-1,2026-9-1,2026-09-01T16:48:02.239276+00:00,0.9397,0.8847,0.9114,0.9122,MAS,3.1051130129471134,2.9295589203423247
standardized,hsbc,CAD,SGD,CAD/SGD,1,Indicative board,board,"SGD 200 – 39,999.99",std_200_40k,indicative_fx,2026-9-1,2026-9-1,2026-09-01T16:48:02.239276+00:00,0.9453,0.89,0.917,0.9176500000000001,MAS,3.0861504907306423,2.9443838604143973
standardized,hsbc,CAD,SGD,CAD/SGD,1,Indicative board,board,"SGD 40,000 – 100,000",std_40k_100k,indicative_fx,2026-9-1,2026-9-1,2026-09-01T16:48:02.239276+00:00,0.9453,0.89,0.917,0.9176500000000001,MAS,3.0861504907306423,2.9443838604143973
standardized,hsbc,CAD,SGD,CAD/SGD,1,Indicative board,board,SGD 50 – 200,std_50_200,indicative_fx,2026-9-1,2026-9-1,2026-09-01T16:48:02.239276+00:00,0.9453,0.89,0.917,0.9176500000000001,MAS,3.0861504907306423,2.9443838604143973
standardized,hsbc,CAD,SGD,CAD/SGD,1,Indicative board,board,SGD < 50,std_lt_50,indicative_fx,2026-9-1,2026-9-1,2026-09-01T16:48:02.239276+00:00,0.9453,0.89,0.917,0.9176500000000001,MAS,3.0861504907306423,2.9443838604143973
standardized,hsbc,CHF,SGD,CHF/SGD,100,Indicative board,board,"SGD 200 – 39,999.99",std_200_40k,indicative_fx,2026-9-1,2026-9-1,2026-09-01T16:48:02.239276+00:00,162.0,152.52,157.02,157.26,MAS,3.171570500573169,2.8658769583492547
standardized,hsbc,CHF,SGD,CHF/SGD,100,Indicative board,board,"SGD 40,000 – 100,000",std_40k_100k,indicative_fx,2026-9-1,2026-9-1,2026-09-01T16:48:02.239276+00:00,162.0,152.52,157.02,157.26,MAS,3.171570500573169,2.8658769583492547
standardized,hsbc,CHF,SGD,CHF/SGD,100,Indicative board,board,SGD 50 – 200,std_50_200,indicative_fx,2026-9-1,2026-9-1,2026-09-01T16:48:02.239276+00:00,162.0,152.52,157.02,157.26,MAS,3.171570500573169,2.8658769583492547
standardized,hsbc,CHF,SGD,CHF/SGD,100,Indicative board,board,SGD < 50,std_lt_50,indicative_fx,2026-9-1,2026-9-1,2026-09-01T16:48:02.239276+00:00,162.0,152.52,157.02,157.26,MAS,3.171570500573169,2.8658769583492547
standardized,hsbc,CNY,SGD,CNY/SGD,100,Indicative board,board,"SGD 200 – 39,999.99",std_200_40k,indicative_fx,2026-9-1,2026-9-1,2026-09-01T16:48:02.239276+00:00,19.53,18.3,18.92,18.915,MAS,3.22410147991543,3.276955602537003
standardized,hsbc,CNY,SGD,CNY/SGD,100,Indicative board,board,"SGD 40,000 – 100,000",std_40k_100k,indicative_fx,2026-9-1,2026-9-1,2026-09-01T16:48:02.239276+00:00,19.53,18.3,18.92,18.915,MAS,3.22410147991543,3.276955602537003
standardized,hsbc,CNY,SGD,CNY/SGD,100,Indicative board,board,SGD 50 – 200,std_50_200,indicative_fx,2026-9-1,2026-9-1,2026-09-01T16:48:02.239276+00:00,19.53,18.3,18.92,18.915,MAS,3.22410147991543,3.276955602537003
standardized,hsbc,CNY,SGD,CNY/SGD,100,Indicative board,board,SGD < 50,std_lt_50,indicative_fx,2026-9-1,2026-9-1,2026-09-01T16:48:02.239276+00:00,19.53,18.3,18.92,18.915,MAS,3.22410147991543,3.276955602537003
standardized,hsbc,DKK,SGD,DKK/SGD,100,Indicative board,board,"SGD 200 – 39,999.99",std_200_40k,indicative_fx,2026-9-1,2026-9-1,2026-09-01T16:48:02.239276+00:00,20.35,19.16,,19.755000000000003,,,
standardized,hsbc,DKK,SGD,DKK/SGD,100,Indicative board,board,"SGD 40,000 – 100,000",std_40k_100k,indicative_fx,2026-9-1,2026-9-1,2026-09-01T16:48:02.239276+00:00,20.35,19.16,,19.755000000000003,,,
standardized,hsbc,DKK,SGD,DKK/SGD,100,Indicative board,board,SGD 50 – 200,std_50_200,indicative_fx,2026-9-1,2026-9-1,2026-09-01T16:48:02.239276+00:00,20.35,19.16,,19.755000000000003,,,
standardized,hsbc,DKK,SGD,DKK/SGD,100,Indicative board,board,SGD < 50,std_lt_50,indicative_fx,2026-9-1,2026-9-1,2026-09-01T16:48:02.239276+00:00,20.35,19.16,,19.755000000000003,,,
standardized,hsbc,EUR,SGD,EUR/SGD,1,Indicative board,board,"SGD 200 – 39,999.99",std_200_40k,indicative_fx,2026-9-1,2026-9-1,2026-09-01T16:48:02.239276+00:00,1.5214,1.4324,1.4759,1.4769,MAS,3.082864692729866,2.9473541567856967
standardized,hsbc,EUR,SGD,EUR/SGD,1,Indicative board,board,"SGD 40,000 – 100,000",std_40k_100k,indicative_fx,2026-9-1,2026-9-1,2026-09-01T16:48:02.239276+00:00,1.5214,1.4324,1.4759,1.4769,MAS,3.082864692729866,2.9473541567856967
standardized,hsbc,EUR,SGD,EUR/SGD,1,Indicative board,board,SGD 50 – 200,std_50_200,indicative_fx,2026-9-1,2026-9-1,2026-09-01T16:48:02.239276+00:00,1.5214,1.4324,1.4759,1.4769,MAS,3.082864692729866,2.9473541567856967
standardized,hsbc,EUR,SGD,EUR/SGD,1,Indicative board,board,SGD < 50,std_lt_50,indicative_fx,2026-9-1,2026-9-1,2026-09-01T16:48:02.239276+00:00,1.5214,1.4324,1.4759,1.4769,MAS,3.082864692729866,2.9473541567856967
standardized,hsbc,FJD,SGD,FJD/SGD,1,Indicative board,board,"SGD 200 – 39,999.99",std_200_40k,indicative_fx,2026-9-1,2026-9-1,2026-09-01T16:48:02.239276+00:00,0.6048,,,,,,
standardized,hsbc,FJD,SGD,FJD/SGD,1,Indicative board,board,"SGD 40,000 – 100,000",std_40k_100k,indicative_fx,2026-9-1,2026-9-1,2026-09-01T16:48:02.239276+00:00,0.6048,,,,,,
standardized,hsbc,FJD,SGD,FJD/SGD,1,Indicative board,board,SGD 50 – 200,std_50_200,indicative_fx,2026-9-1,2026-9-1,2026-09-01T16:48:02.239276+00:00,0.6048,,,,,,
standardized,hsbc,FJD,SGD,FJD/SGD,1,Indicative board,board,SGD < 50,std_lt_50,indicative_fx,2026-9-1,2026-9-1,2026-09-01T16:48:02.239276+00:00,0.6048,,,,,,
standardized,hsbc,GBP,SGD,GBP/SGD,1,Indicative board,board,"SGD 200 – 39,999.99",std_200_40k,indicative_fx,2026-9-1,2026-9-1,2026-09-01T16:48:02.239276+00:00,1.7747,1.6709,1.7219,1.7227999999999999,MAS,3.066380161449559,2.9618444741274135
standardized,hsbc,GBP,SGD,GBP/SGD,1,Indicative board,board,"SGD 40,000 – 100,000",std_40k_100k,indicative_fx,2026-9-1,2026-9-1,2026-09-01T16:48:02.239276+00:00,1.7747,1.6709,1.7219,1.7227999999999999,MAS,3.066380161449559,2.9618444741274135
standardized,hsbc,GBP,SGD,GBP/SGD,1,Indicative board,board,SGD 50 – 200,std_50_200,indicative_fx,2026-9-1,2026-9-1,2026-09-01T16:48:02.239276+00:00,1.7747,1.6709,1.7219,1.7227999999999999,MAS,3.066380161449559,2.9618444741274135
standardized,hsbc,GBP,SGD,GBP/SGD,1,Indicative board,board,SGD < 50,std_lt_50,indicative_fx,2026-9-1,2026-9-1,2026-09-01T16:48:02.239276+00:00,1.7747,1.6709,1.7219,1.7227999999999999,MAS,3.066380161449559,2.9618444741274135
standardized,hsbc,HKD,SGD,HKD/SGD,100,Indicative board,board,"SGD 200 – 39,999.99",std_200_40k,indicative_fx,2026-9-1,2026-9-1,2026-09-01T16:48:02.239276+00:00,16.41,16.0,16.22,16.205,MAS,1.1713933415536455,1.3563501849568365
standardized,hsbc,HKD,SGD,HKD/SGD,100,Indicative board,board,"SGD 40,000 – 100,000",std_40k_100k,indicative_fx,2026-9-1,2026-9-1,2026-09-01T16:48:02.239276+00:00,16.41,16.0,16.22,16.205,MAS,1.1713933415536455,1.3563501849568365
standardized,hsbc,HKD,SGD,HKD/SGD,100,Indicative board,board,SGD 50 – 200,std_50_200,indicative_fx,2026-9-1,2026-9-1,2026-09-01T16:48:02.239276+00:00,16.41,16.0,16.22,16.205,MAS,1.1713933415536455,1.3563501849568365
standardized,hsbc,HKD,SGD,HKD/SGD,100,Indicative board,board,SGD < 50,std_lt_50,indicative_fx,2026-9-1,2026-9-1,2026-09-01T16:48:02.239276+00:00,16.41,16.0,16.22,16.205,MAS,1.1713933415536455,1.3563501849568365
standardized,hsbc,IDR,SGD,IDR/SGD,100,Indicative board,board,"SGD 200 – 39,999.99",std_200_40k,indicative_fx,2026-9-1,2026-9-1,2026-09-01T16:48:02.239276+00:00,0.0074,,0.007174,,MAS,3.15026484527461,
standardized,hsbc,IDR,SGD,IDR/SGD,100,Indicative board,board,"SGD 40,000 – 100,000",std_40k_100k,indicative_fx,2026-9-1,2026-9-1,2026-09-01T16:48:02.239276+00:00,0.0074,,0.007174,,MAS,3.15026484527461,
standardized,hsbc,IDR,SGD,IDR/SGD,100,Indicative board,board,SGD 50 – 200,std_50_200,indicative_fx,2026-9-1,2026-9-1,2026-09-01T16:48:02.239276+00:00,0.0074,,0.007174,,MAS,3.15026484527461,
standardized,hsbc,IDR,SGD,IDR/SGD,100,Indicative board,board,SGD < 50,std_lt_50,indicative_fx,2026-9-1,2026-9-1,2026-09-01T16:48:02.239276+00:00,0.0074,,0.007174,,MAS,3.15026484527461,
standardized,hsbc,INR,SGD,INR/SGD,100,Indicative board,board,"SGD 200 – 39,999.99",std_200_40k,indicative_fx,2026-9-1,2026-9-1,2026-09-01T16:48:02.239276+00:00,1.38,,1.338,,MAS,3.139013452914784,
standardized,hsbc,INR,SGD,INR/SGD,100,Indicative board,board,"SGD 40,000 – 100,000",std_40k_100k,indicative_fx,2026-9-1,2026-9-1,2026-09-01T16:48:02.239276+00:00,1.38,,1.338,,MAS,3.139013452914784,
standardized,hsbc,INR,SGD,INR/SGD,100,Indicative board,board,SGD 50 – 200,std_50_200,indicative_fx,2026-9-1,2026-9-1,2026-09-01T16:48:02.239276+00:00,1.38,,1.338,,MAS,3.139013452914784,
standardized,hsbc,INR,SGD,INR/SGD,100,Indicative board,board,SGD < 50,std_lt_50,indicative_fx,2026-9-1,2026-9-1,2026-09-01T16:48:02.239276+00:00,1.38,,1.338,,MAS,3.139013452914784,
standardized,hsbc,JPY,SGD,JPY/SGD,100,Indicative board,board,"SGD 200 – 39,999.99",std_200_40k,indicative_fx,2026-9-1,2026-9-1,2026-09-01T16:48:02.239276+00:00,0.8198,0.7718,0.7956999999999999,0.7958000000000001,MAS,3.0287796908382716,3.00364458966945
standardized,hsbc,JPY,SGD,JPY/SGD,100,Indicative board,board,"SGD 40,000 – 100,000",std_40k_100k,indicative_fx,2026-9-1,2026-9-1,2026-09-01T16:48:02.239276+00:00,0.8198,0.7718,0.7956999999999999,0.7958000000000001,MAS,3.0287796908382716,3.00364458966945
standardized,hsbc,JPY,SGD,JPY/SGD,100,Indicative board,board,SGD 50 – 200,std_50_200,indicative_fx,2026-9-1,2026-9-1,2026-09-01T16:48:02.239276+00:00,0.8198,0.7718,0.7956999999999999,0.7958000000000001,MAS,3.0287796908382716,3.00364458966945
standardized,hsbc,JPY,SGD,JPY/SGD,100,Indicative board,board,SGD < 50,std_lt_50,indicative_fx,2026-9-1,2026-9-1,2026-09-01T16:48:02.239276+00:00,0.8198,0.7718,0.7956999999999999,0.7958000000000001,MAS,3.0287796908382716,3.00364458966945
standardized,hsbc,LKR,SGD,LKR/SGD,100,Indicative board,board,"SGD 200 – 39,999.99",std_200_40k,indicative_fx,2026-9-1,2026-9-1,2026-09-01T16:48:02.239276+00:00,0.4,,,,,,
standardized,hsbc,LKR,SGD,LKR/SGD,100,Indicative board,board,"SGD 40,000 – 100,000",std_40k_100k,indicative_fx,2026-9-1,2026-9-1,2026-09-01T16:48:02.239276+00:00,0.4,,,,,,
standardized,hsbc,LKR,SGD,LKR/SGD,100,Indicative board,board,SGD 50 – 200,std_50_200,indicative_fx,2026-9-1,2026-9-1,2026-09-01T16:48:02.239276+00:00,0.4,,,,,,
standardized,hsbc,LKR,SGD,LKR/SGD,100,Indicative board,board,SGD < 50,std_lt_50,indicative_fx,2026-9-1,2026-9-1,2026-09-01T16:48:02.239276+00:00,0.4,,,,,,
standardized,hsbc,MUR,SGD,MUR/SGD,100,Indicative board,board,"SGD 200 – 39,999.99",std_200_40k,indicative_fx,2026-9-1,2026-9-1,2026-09-01T16:48:02.239276+00:00,2.79,2.6,,2.6950000000000003,,,
standardized,hsbc,MUR,SGD,MUR/SGD,100,Indicative board,board,"SGD 40,000 – 100,000",std_40k_100k,indicative_fx,2026-9-1,2026-9-1,2026-09-01T16:48:02.239276+00:00,2.79,2.6,,2.6950000000000003,,,
standardized,hsbc,MUR,SGD,MUR/SGD,100,Indicative board,board,SGD 50 – 200,std_50_200,indicative_fx,2026-9-1,2026-9-1,2026-09-01T16:48:02.239276+00:00,2.79,2.6,,2.6950000000000003,,,
standardized,hsbc,MUR,SGD,MUR/SGD,100,Indicative board,board,SGD < 50,std_lt_50,indicative_fx,2026-9-1,2026-9-1,2026-09-01T16:48:02.239276+00:00,2.79,2.6,,2.6950000000000003,,,
standardized,hsbc,NOK,SGD,NOK/SGD,100,Indicative board,board,"SGD 200 – 39,999.99",std_200_40k,indicative_fx,2026-9-1,2026-9-1,2026-09-01T16:48:02.239276+00:00,14.03,13.2,,13.614999999999998,,,
standardized,hsbc,NOK,SGD,NOK/SGD,100,Indicative board,board,"SGD 40,000 – 100,000",std_40k_100k,indicative_fx,2026-9-1,2026-9-1,2026-09-01T16:48:02.239276+00:00,14.03,13.2,,13.614999999999998,,,
standardized,hsbc,NOK,SGD,NOK/SGD,100,Indicative board,board,SGD 50 – 200,std_50_200,indicative_fx,2026-9-1,2026-9-1,2026-09-01T16:48:02.239276+00:00,14.03,13.2,,13.614999999999998,,,
standardized,hsbc,NOK,SGD,NOK/SGD,100,Indicative board,board,SGD < 50,std_lt_50,indicative_fx,2026-9-1,2026-9-1,2026-09-01T16:48:02.239276+00:00,14.03,13.2,,13.614999999999998,,,
standardized,hsbc,NZD,SGD,NZD/SGD,1,Indicative board,board,"SGD 200 – 39,999.99",std_200_40k,indicative_fx,2026-9-1,2026-9-1,2026-09-01T16:48:02.239276+00:00,0.7759,0.7305,0.7511,0.7532000000000001,MAS,3.30182399147917,2.7426441219544606
standardized,hsbc,NZD,SGD,NZD/SGD,1,Indicative board,board,"SGD 40,000 – 100,000",std_40k_100k,indicative_fx,2026-9-1,2026-9-1,2026-09-01T16:48:02.239276+00:00,0.7759,0.7305,0.7511,0.7532000000000001,MAS,3.30182399147917,2.7426441219544606
standardized,hsbc,NZD,SGD,NZD/SGD,1,Indicative board,board,SGD 50 – 200,std_50_200,indicative_fx,2026-9-1,2026-9-1,2026-09-01T16:48:02.239276+00:00,0.7759,0.7305,0.7511,0.7532000000000001,MAS,3.30182399147917,2.7426441219544606
standardized,hsbc,NZD,SGD,NZD/SGD,1,Indicative board,board,SGD < 50,std_lt_50,indicative_fx,2026-9-1,2026-9-1,2026-09-01T16:48:02.239276+00:00,0.7759,0.7305,0.7511,0.7532000000000001,MAS,3.30182399147917,2.7426441219544606
standardized,hsbc,PHP,SGD,PHP/SGD,100,Indicative board,board,"SGD 200 – 39,999.99",std_200_40k,indicative_fx,2026-9-1,2026-9-1,2026-09-01T16:48:02.239276+00:00,2.11,,2.0384,,MAS,3.5125588697017105,
standardized,hsbc,PHP,SGD,PHP/SGD,100,Indicative board,board,"SGD 40,000 – 100,000",std_40k_100k,indicative_fx,2026-9-1,2026-9-1,2026-09-01T16:48:02.239276+00:00,2.11,,2.0384,,MAS,3.5125588697017105,
standardized,hsbc,PHP,SGD,PHP/SGD,100,Indicative board,board,SGD 50 – 200,std_50_200,indicative_fx,2026-9-1,2026-9-1,2026-09-01T16:48:02.239276+00:00,2.11,,2.0384,,MAS,3.5125588697017105,
standardized,hsbc,PHP,SGD,PHP/SGD,100,Indicative board,board,SGD < 50,std_lt_50,indicative_fx,2026-9-1,2026-9-1,2026-09-01T16:48:02.239276+00:00,2.11,,2.0384,,MAS,3.5125588697017105,
standardized,hsbc,PKR,SGD,PKR/SGD,100,Indicative board,board,"SGD 200 – 39,999.99",std_200_40k,indicative_fx,2026-9-1,2026-9-1,2026-09-01T16:48:02.239276+00:00,0.47,,,,,,
standardized,hsbc,PKR,SGD,PKR/SGD,100,Indicative board,board,"SGD 40,000 – 100,000",std_40k_100k,indicative_fx,2026-9-1,2026-9-1,2026-09-01T16:48:02.239276+00:00,0.47,,,,,,
standardized,hsbc,PKR,SGD,PKR/SGD,100,Indicative board,board,SGD 50 – 200,std_50_200,indicative_fx,2026-9-1,2026-9-1,2026-09-01T16:48:02.239276+00:00,0.47,,,,,,
standardized,hsbc,PKR,SGD,PKR/SGD,100,Indicative board,board,SGD < 50,std_lt_50,indicative_fx,2026-9-1,2026-9-1,2026-09-01T16:48:02.239276+00:00,0.47,,,,,,
standardized,hsbc,QAR,SGD,QAR/SGD,100,Indicative board,board,"SGD 200 – 39,999.99",std_200_40k,indicative_fx,2026-9-1,2026-9-1,2026-09-01T16:48:02.239276+00:00,35.3,34.42,34.89,34.86,MAS,1.1751218114072701,1.3470908569790738
standardized,hsbc,QAR,SGD,QAR/SGD,100,Indicative board,board,"SGD 40,000 – 100,000",std_40k_100k,indicative_fx,2026-9-1,2026-9-1,2026-09-01T16:48:02.239276+00:00,35.3,34.42,34.89,34.86,MAS,1.1751218114072701,1.3470908569790738
standardized,hsbc,QAR,SGD,QAR/SGD,100,Indicative board,board,SGD 50 – 200,std_50_200,indicative_fx,2026-9-1,2026-9-1,2026-09-01T16:48:02.239276+00:00,35.3,34.42,34.89,34.86,MAS,1.1751218114072701,1.3470908569790738
standardized,hsbc,QAR,SGD,QAR/SGD,100,Indicative board,board,SGD < 50,std_lt_50,indicative_fx,2026-9-1,2026-9-1,2026-09-01T16:48:02.239276+00:00,35.3,34.42,34.89,34.86,MAS,1.1751218114072701,1.3470908569790738
standardized,hsbc,RUB,SGD,RUB/SGD,100,Indicative board,board,"SGD 200 – 39,999.99",std_200_40k,indicative_fx,2026-9-1,2026-9-1,2026-09-01T16:48:02.239276+00:00,15.47,14.0,,14.735,,,
standardized,hsbc,RUB,SGD,RUB/SGD,100,Indicative board,board,"SGD 40,000 – 100,000",std_40k_100k,indicative_fx,2026-9-1,2026-9-1,2026-09-01T16:48:02.239276+00:00,15.47,14.0,,14.735,,,
standardized,hsbc,RUB,SGD,RUB/SGD,100,Indicative board,board,SGD 50 – 200,std_50_200,indicative_fx,2026-9-1,2026-9-1,2026-09-01T16:48:02.239276+00:00,15.47,14.0,,14.735,,,
standardized,hsbc,RUB,SGD,RUB/SGD,100,Indicative board,board,SGD < 50,std_lt_50,indicative_fx,2026-9-1,2026-9-1,2026-09-01T16:48:02.239276+00:00,15.47,14.0,,14.735,,,
standardized,hsbc,SAR,SGD,SAR/SGD,100,Indicative board,board,"SGD 200 – 39,999.99",std_200_40k,indicative_fx,2026-9-1,2026-9-1,2026-09-01T16:48:02.239276+00:00,34.27,33.41,33.87,33.84,MAS,1.1809861234130667,1.35813404192501
standardized,hsbc,SAR,SGD,SAR/SGD,100,Indicative board,board,"SGD 40,000 – 100,000",std_40k_100k,indicative_fx,2026-9-1,2026-9-1,2026-09-01T16:48:02.239276+00:00,34.27,33.41,33.87,33.84,MAS,1.1809861234130667,1.35813404192501
standardized,hsbc,SAR,SGD,SAR/SGD,100,Indicative board,board,SGD 50 – 200,std_50_200,indicative_fx,2026-9-1,2026-9-1,2026-09-01T16:48:02.239276+00:00,34.27,33.41,33.87,33.84,MAS,1.1809861234130667,1.35813404192501
standardized,hsbc,SAR,SGD,SAR/SGD,100,Indicative board,board,SGD < 50,std_lt_50,indicative_fx,2026-9-1,2026-9-1,2026-09-01T16:48:02.239276+00:00,34.27,33.41,33.87,33.84,MAS,1.1809861234130667,1.35813404192501
standardized,hsbc,SEK,SGD,SEK/SGD,100,Indicative board,board,"SGD 200 – 39,999.99",std_200_40k,indicative_fx,2026-9-1,2026-9-1,2026-09-01T16:48:02.239276+00:00,13.68,12.87,,13.274999999999999,,,
standardized,hsbc,SEK,SGD,SEK/SGD,100,Indicative board,board,"SGD 40,000 – 100,000",std_40k_100k,indicative_fx,2026-9-1,2026-9-1,2026-09-01T16:48:02.239276+00:00,13.68,12.87,,13.274999999999999,,,
standardized,hsbc,SEK,SGD,SEK/SGD,100,Indicative board,board,SGD 50 – 200,std_50_200,indicative_fx,2026-9-1,2026-9-1,2026-09-01T16:48:02.239276+00:00,13.68,12.87,,13.274999999999999,,,
standardized,hsbc,SEK,SGD,SEK/SGD,100,Indicative board,board,SGD < 50,std_lt_50,indicative_fx,2026-9-1,2026-9-1,2026-09-01T16:48:02.239276+00:00,13.68,12.87,,13.274999999999999,,,
standardized,hsbc,THB,SGD,THB/SGD,100,Indicative board,board,"SGD 200 – 39,999.99",std_200_40k,indicative_fx,2026-9-1,2026-9-1,2026-09-01T16:48:02.239276+00:00,3.96,,3.832,,MAS,3.340292275574116,
standardized,hsbc,THB,SGD,THB/SGD,100,Indicative board,board,"SGD 40,000 – 100,000",std_40k_100k,indicative_fx,2026-9-1,2026-9-1,2026-09-01T16:48:02.239276+00:00,3.96,,3.832,,MAS,3.340292275574116,
standardized,hsbc,THB,SGD,THB/SGD,100,Indicative board,board,SGD 50 – 200,std_50_200,indicative_fx,2026-9-1,2026-9-1,2026-09-01T16:48:02.239276+00:00,3.96,,3.832,,MAS,3.340292275574116,
standardized,hsbc,THB,SGD,THB/SGD,100,Indicative board,board,SGD < 50,std_lt_50,indicative_fx,2026-9-1,2026-9-1,2026-09-01T16:48:02.239276+00:00,3.96,,3.832,,MAS,3.340292275574116,
standardized,hsbc,TRY,SGD,TRY/SGD,1,Indicative board,board,"SGD 200 – 39,999.99",std_200_40k,indicative_fx,2026-9-1,2026-9-1,2026-09-01T16:48:02.239276+00:00,0.0272,,,,,,
standardized,hsbc,TRY,SGD,TRY/SGD,1,Indicative board,board,"SGD 40,000 – 100,000",std_40k_100k,indicative_fx,2026-9-1,2026-9-1,2026-09-01T16:48:02.239276+00:00,0.0272,,,,,,
standardized,hsbc,TRY,SGD,TRY/SGD,1,Indicative board,board,SGD 50 – 200,std_50_200,indicative_fx,2026-9-1,2026-9-1,2026-09-01T16:48:02.239276+00:00,0.0272,,,,,,
standardized,hsbc,TRY,SGD,TRY/SGD,1,Indicative board,board,SGD < 50,std_lt_50,indicative_fx,2026-9-1,2026-9-1,2026-09-01T16:48:02.239276+00:00,0.0272,,,,,,
standardized,hsbc,USD,SGD,USD/SGD,1,Indicative board,board,"SGD 200 – 39,999.99",std_200_40k,indicative_fx,2026-9-1,2026-9-1,2026-09-01T16:48:02.239276+00:00,1.2961,1.2451,1.2717,1.2706,MAS,1.9186915152944857,2.0916882912636594
standardized,hsbc,USD,SGD,USD/SGD,1,Indicative board,board,"SGD 40,000 – 100,000",std_40k_100k,indicative_fx,2026-9-1,2026-9-1,2026-09-01T16:48:02.239276+00:00,1.2961,1.2451,1.2717,1.2706,MAS,1.9186915152944857,2.0916882912636594
standardized,hsbc,USD,SGD,USD/SGD,1,Indicative board,board,SGD 50 – 200,std_50_200,indicative_fx,2026-9-1,2026-9-1,2026-09-01T16:48:02.239276+00:00,1.2961,1.2451,1.2717,1.2706,MAS,1.9186915152944857,2.0916882912636594
standardized,hsbc,USD,SGD,USD/SGD,1,Indicative board,board,SGD < 50,std_lt_50,indicative_fx,2026-9-1,2026-9-1,2026-09-01T16:48:02.239276+00:00,1.2961,1.2451,1.2717,1.2706,MAS,1.9186915152944857,2.0916882912636594
standardized,hsbc,ZAR,SGD,ZAR/SGD,1,Indicative board,board,"SGD 200 – 39,999.99",std_200_40k,indicative_fx,2026-9-1,2026-9-1,2026-09-01T16:48:02.239276+00:00,0.0816,0.0764,,0.079,,,
standardized,hsbc,ZAR,SGD,ZAR/SGD,1,Indicative board,board,"SGD 40,000 – 100,000",std_40k_100k,indicative_fx,2026-9-1,2026-9-1,2026-09-01T16:48:02.239276+00:00,0.0816,0.0764,,0.079,,,
standardized,hsbc,ZAR,SGD,ZAR/SGD,1,Indicative board,board,SGD 50 – 200,std_50_200,indicative_fx,2026-9-1,2026-9-1,2026-09-01T16:48:02.239276+00:00,0.0816,0.0764,,0.079,,,
standardized,hsbc,ZAR,SGD,ZAR/SGD,1,Indicative board,board,SGD < 50,std_lt_50,indicative_fx,2026-9-1,2026-9-1,2026-09-01T16:48:02.239276+00:00,0.0816,0.0764,,0.079,,,
standardized,ocbc,AED,SGD,AED/SGD,100,"SGD 0 – 39,999.99",tier_1,"SGD 200 – 39,999.99",std_200_40k,fxRatesSgd,2026-09-01T07:00:13,2026-09-01T07:00:13,2026-09-01T16:47:59.598219+00:00,35.5643,33.5519,34.62,34.5581,MAS,2.727614095898341,3.0852108607741022
standardized,ocbc,AED,SGD,AED/SGD,100,"SGD 40,000 – 100,000",tier_2,"SGD 40,000 – 100,000",std_40k_100k,fxRatesSgd,2026-09-01T07:00:13,2026-09-01T07:00:13,2026-09-01T16:47:59.598219+00:00,35.5538,33.5691,34.62,34.5581,MAS,2.6972848064702633,3.0355285961871714
standardized,ocbc,AED,SGD,AED/SGD,100,"SGD 0 – 39,999.99",tier_1,SGD 50 – 200,std_50_200,fxRatesSgd,2026-09-01T07:00:13,2026-09-01T07:00:13,2026-09-01T16:47:59.598219+00:00,35.5643,33.5519,34.62,34.5581,MAS,2.727614095898341,3.0852108607741022
standardized,ocbc,AED,SGD,AED/SGD,100,"SGD 0 – 39,999.99",tier_1,SGD < 50,std_lt_50,fxRatesSgd,2026-09-01T07:00:13,2026-09-01T07:00:13,2026-09-01T16:47:59.598219+00:00,35.5643,33.5519,34.62,34.5581,MAS,2.727614095898341,3.0852108607741022
standardized,ocbc,AUD,SGD,AUD/SGD,1,"SGD 0 – 39,999.99",tier_1,"SGD 200 – 39,999.99",std_200_40k,fxRatesSgd,2026-09-01T07:00:13,2026-09-01T07:00:13,2026-09-01T16:47:59.598219+00:00,0.9262,0.8968,0.9114,0.9115,MAS,1.6238753565942545,1.6019310950186467
standardized,ocbc,AUD,SGD,AUD/SGD,1,"SGD 40,000 – 100,000",tier_2,"SGD 40,000 – 100,000",std_40k_100k,fxRatesSgd,2026-09-01T07:00:13,2026-09-01T07:00:13,2026-09-01T16:47:59.598219+00:00,0.9244,0.8987,0.9114,0.9115,MAS,1.42637700241387,1.3934606100504645
standardized,ocbc,AUD,SGD,AUD/SGD,1,"SGD 0 – 39,999.99",tier_1,SGD 50 – 200,std_50_200,fxRatesSgd,2026-09-01T07:00:13,2026-09-01T07:00:13,2026-09-01T16:47:59.598219+00:00,0.9262,0.8968,0.9114,0.9115,MAS,1.6238753565942545,1.6019310950186467
standardized,ocbc,AUD,SGD,AUD/SGD,1,"SGD 0 – 39,999.99",tier_1,SGD < 50,std_lt_50,fxRatesSgd,2026-09-01T07:00:13,2026-09-01T07:00:13,2026-09-01T16:47:59.598219+00:00,0.9262,0.8968,0.9114,0.9115,MAS,1.6238753565942545,1.6019310950186467
standardized,ocbc,BGN,SGD,BGN/SGD,100,"SGD 0 – 39,999.99",tier_1,"SGD 200 – 39,999.99",std_200_40k,fxRatesSgd,2026-09-01T07:00:13,2026-09-01T07:00:13,2026-09-01T16:47:59.598219+00:00,0.0,0.0,,0.0,,,
standardized,ocbc,BGN,SGD,BGN/SGD,100,"SGD 40,000 – 100,000",tier_2,"SGD 40,000 – 100,000",std_40k_100k,fxRatesSgd,2026-09-01T07:00:13,2026-09-01T07:00:13,2026-09-01T16:47:59.598219+00:00,0.0,0.0,,0.0,,,
standardized,ocbc,BGN,SGD,BGN/SGD,100,"SGD 0 – 39,999.99",tier_1,SGD 50 – 200,std_50_200,fxRatesSgd,2026-09-01T07:00:13,2026-09-01T07:00:13,2026-09-01T16:47:59.598219+00:00,0.0,0.0,,0.0,,,
standardized,ocbc,BGN,SGD,BGN/SGD,100,"SGD 0 – 39,999.99",tier_1,SGD < 50,std_lt_50,fxRatesSgd,2026-09-01T07:00:13,2026-09-01T07:00:13,2026-09-01T16:47:59.598219+00:00,0.0,0.0,,0.0,,,
standardized,ocbc,BHD,SGD,BHD/SGD,1,"SGD 0 – 39,999.99",tier_1,"SGD 200 – 39,999.99",std_200_40k,fxRatesSgd,2026-09-01T07:00:13,2026-09-01T07:00:13,2026-09-01T16:47:59.598219+00:00,0.0,0.0,,0.0,,,
standardized,ocbc,BHD,SGD,BHD/SGD,1,"SGD 40,000 – 100,000",tier_2,"SGD 40,000 – 100,000",std_40k_100k,fxRatesSgd,2026-09-01T07:00:13,2026-09-01T07:00:13,2026-09-01T16:47:59.598219+00:00,0.0,0.0,,0.0,,,
standardized,ocbc,BHD,SGD,BHD/SGD,1,"SGD 0 – 39,999.99",tier_1,SGD 50 – 200,std_50_200,fxRatesSgd,2026-09-01T07:00:13,2026-09-01T07:00:13,2026-09-01T16:47:59.598219+00:00,0.0,0.0,,0.0,,,
standardized,ocbc,BHD,SGD,BHD/SGD,1,"SGD 0 – 39,999.99",tier_1,SGD < 50,std_lt_50,fxRatesSgd,2026-09-01T07:00:13,2026-09-01T07:00:13,2026-09-01T16:47:59.598219+00:00,0.0,0.0,,0.0,,,
standardized,ocbc,CAD,SGD,CAD/SGD,1,"SGD 0 – 39,999.99",tier_1,"SGD 200 – 39,999.99",std_200_40k,fxRatesSgd,2026-09-01T07:00:13,2026-09-01T07:00:13,2026-09-01T16:47:59.598219+00:00,0.9345,0.9013,0.917,0.9179,MAS,1.9083969465648811,1.7121046892039309
standardized,ocbc,CAD,SGD,CAD/SGD,1,"SGD 40,000 – 100,000",tier_2,"SGD 40,000 – 100,000",std_40k_100k,fxRatesSgd,2026-09-01T07:00:13,2026-09-01T07:00:13,2026-09-01T16:47:59.598219+00:00,0.9326,0.9031,0.917,0.9179,MAS,1.7011995637949777,1.5158124318429687
standardized,ocbc,CAD,SGD,CAD/SGD,1,"SGD 0 – 39,999.99",tier_1,SGD 50 – 200,std_50_200,fxRatesSgd,2026-09-01T07:00:13,2026-09-01T07:00:13,2026-09-01T16:47:59.598219+00:00,0.9345,0.9013,0.917,0.9179,MAS,1.9083969465648811,1.7121046892039309
standardized,ocbc,CAD,SGD,CAD/SGD,1,"SGD 0 – 39,999.99",tier_1,SGD < 50,std_lt_50,fxRatesSgd,2026-09-01T07:00:13,2026-09-01T07:00:13,2026-09-01T16:47:59.598219+00:00,0.9345,0.9013,0.917,0.9179,MAS,1.9083969465648811,1.7121046892039309
standardized,ocbc,CHF,SGD,CHF/SGD,100,"SGD 0 – 39,999.99",tier_1,"SGD 200 – 39,999.99",std_200_40k,fxRatesSgd,2026-09-01T07:00:13,2026-09-01T07:00:13,2026-09-01T16:47:59.598219+00:00,160.0245,154.3331,157.02,157.1788,MAS,1.913450515857839,1.7111832887530303
standardized,ocbc,CHF,SGD,CHF/SGD,100,"SGD 40,000 – 100,000",tier_2,"SGD 40,000 – 100,000",std_40k_100k,fxRatesSgd,2026-09-01T07:00:13,2026-09-01T07:00:13,2026-09-01T16:47:59.598219+00:00,159.7101,154.6474,157.02,157.1788,MAS,1.7132212457011853,1.5110177047509907
standardized,ocbc,CHF,SGD,CHF/SGD,100,"SGD 0 – 39,999.99",tier_1,SGD 50 – 200,std_50_200,fxRatesSgd,2026-09-01T07:00:13,2026-09-01T07:00:13,2026-09-01T16:47:59.598219+00:00,160.0245,154.3331,157.02,157.1788,MAS,1.913450515857839,1.7111832887530303
standardized,ocbc,CHF,SGD,CHF/SGD,100,"SGD 0 – 39,999.99",tier_1,SGD < 50,std_lt_50,fxRatesSgd,2026-09-01T07:00:13,2026-09-01T07:00:13,2026-09-01T16:47:59.598219+00:00,160.0245,154.3331,157.02,157.1788,MAS,1.913450515857839,1.7111832887530303
standardized,ocbc,CNH,SGD,CNH/SGD,100,"SGD 0 – 39,999.99",tier_1,"SGD 200 – 39,999.99",std_200_40k,fxRatesSgd,2026-09-01T07:00:13,2026-09-01T07:00:13,2026-09-01T16:47:59.598219+00:00,19.2799,18.7088,,18.9944,,,
standardized,ocbc,CNH,SGD,CNH/SGD,100,"SGD 40,000 – 100,000",tier_2,"SGD 40,000 – 100,000",std_40k_100k,fxRatesSgd,2026-09-01T07:00:13,2026-09-01T07:00:13,2026-09-01T16:47:59.598219+00:00,19.261,18.7277,,18.9944,,,
standardized,ocbc,CNH,SGD,CNH/SGD,100,"SGD 0 – 39,999.99",tier_1,SGD 50 – 200,std_50_200,fxRatesSgd,2026-09-01T07:00:13,2026-09-01T07:00:13,2026-09-01T16:47:59.598219+00:00,19.2799,18.7088,,18.9944,,,
standardized,ocbc,CNH,SGD,CNH/SGD,100,"SGD 0 – 39,999.99",tier_1,SGD < 50,std_lt_50,fxRatesSgd,2026-09-01T07:00:13,2026-09-01T07:00:13,2026-09-01T16:47:59.598219+00:00,19.2799,18.7088,,18.9944,,,
standardized,ocbc,CZK,SGD,CZK/SGD,100,"SGD 0 – 39,999.99",tier_1,"SGD 200 – 39,999.99",std_200_40k,fxRatesSgd,2026-09-01T07:00:13,2026-09-01T07:00:13,2026-09-01T16:47:59.598219+00:00,0.0,0.0,,0.0,,,
standardized,ocbc,CZK,SGD,CZK/SGD,100,"SGD 40,000 – 100,000",tier_2,"SGD 40,000 – 100,000",std_40k_100k,fxRatesSgd,2026-09-01T07:00:13,2026-09-01T07:00:13,2026-09-01T16:47:59.598219+00:00,0.0,0.0,,0.0,,,
standardized,ocbc,CZK,SGD,CZK/SGD,100,"SGD 0 – 39,999.99",tier_1,SGD 50 – 200,std_50_200,fxRatesSgd,2026-09-01T07:00:13,2026-09-01T07:00:13,2026-09-01T16:47:59.598219+00:00,0.0,0.0,,0.0,,,
standardized,ocbc,CZK,SGD,CZK/SGD,100,"SGD 0 – 39,999.99",tier_1,SGD < 50,std_lt_50,fxRatesSgd,2026-09-01T07:00:13,2026-09-01T07:00:13,2026-09-01T16:47:59.598219+00:00,0.0,0.0,,0.0,,,
standardized,ocbc,DKK,SGD,DKK/SGD,100,"SGD 0 – 39,999.99",tier_1,"SGD 200 – 39,999.99",std_200_40k,fxRatesSgd,2026-09-01T07:00:13,2026-09-01T07:00:13,2026-09-01T16:47:59.598219+00:00,20.1045,19.3906,,19.7476,,,
standardized,ocbc,DKK,SGD,DKK/SGD,100,"SGD 40,000 – 100,000",tier_2,"SGD 40,000 – 100,000",std_40k_100k,fxRatesSgd,2026-09-01T07:00:13,2026-09-01T07:00:13,2026-09-01T16:47:59.598219+00:00,20.065,19.4301,,19.7476,,,
standardized,ocbc,DKK,SGD,DKK/SGD,100,"SGD 0 – 39,999.99",tier_1,SGD 50 – 200,std_50_200,fxRatesSgd,2026-09-01T07:00:13,2026-09-01T07:00:13,2026-09-01T16:47:59.598219+00:00,20.1045,19.3906,,19.7476,,,
standardized,ocbc,DKK,SGD,DKK/SGD,100,"SGD 0 – 39,999.99",tier_1,SGD < 50,std_lt_50,fxRatesSgd,2026-09-01T07:00:13,2026-09-01T07:00:13,2026-09-01T16:47:59.598219+00:00,20.1045,19.3906,,19.7476,,,
standardized,ocbc,EUR,SGD,EUR/SGD,1,"SGD 0 – 39,999.99",tier_1,"SGD 200 – 39,999.99",std_200_40k,fxRatesSgd,2026-09-01T07:00:13,2026-09-01T07:00:13,2026-09-01T16:47:59.598219+00:00,1.4928,1.456,1.4759,1.4744,MAS,1.1450640287282279,1.34832983264449
standardized,ocbc,EUR,SGD,EUR/SGD,1,"SGD 40,000 – 100,000",tier_2,"SGD 40,000 – 100,000",std_40k_100k,fxRatesSgd,2026-09-01T07:00:13,2026-09-01T07:00:13,2026-09-01T16:47:59.598219+00:00,1.491,1.458,1.4759,1.4744,MAS,1.0231045463784887,1.2128192967003202
standardized,ocbc,EUR,SGD,EUR/SGD,1,"SGD 0 – 39,999.99",tier_1,SGD 50 – 200,std_50_200,fxRatesSgd,2026-09-01T07:00:13,2026-09-01T07:00:13,2026-09-01T16:47:59.598219+00:00,1.4928,1.456,1.4759,1.4744,MAS,1.1450640287282279,1.34832983264449
standardized,ocbc,EUR,SGD,EUR/SGD,1,"SGD 0 – 39,999.99",tier_1,SGD < 50,std_lt_50,fxRatesSgd,2026-09-01T07:00:13,2026-09-01T07:00:13,2026-09-01T16:47:59.598219+00:00,1.4928,1.456,1.4759,1.4744,MAS,1.1450640287282279,1.34832983264449
standardized,ocbc,GBP,SGD,GBP/SGD,1,"SGD 0 – 39,999.99",tier_1,"SGD 200 – 39,999.99",std_200_40k,fxRatesSgd,2026-09-01T07:00:13,2026-09-01T07:00:13,2026-09-01T16:47:59.598219+00:00,1.746,1.6997,1.7219,1.7229,MAS,1.3996167024798194,1.289273476973111
standardized,ocbc,GBP,SGD,GBP/SGD,1,"SGD 40,000 – 100,000",tier_2,"SGD 40,000 – 100,000",std_40k_100k,fxRatesSgd,2026-09-01T07:00:13,2026-09-01T07:00:13,2026-09-01T16:47:59.598219+00:00,1.7443,1.7018,1.7219,1.7229,MAS,1.3008885533422367,1.1673151750972766
standardized,ocbc,GBP,SGD,GBP/SGD,1,"SGD 0 – 39,999.99",tier_1,SGD 50 – 200,std_50_200,fxRatesSgd,2026-09-01T07:00:13,2026-09-01T07:00:13,2026-09-01T16:47:59.598219+00:00,1.746,1.6997,1.7219,1.7229,MAS,1.3996167024798194,1.289273476973111
standardized,ocbc,GBP,SGD,GBP/SGD,1,"SGD 0 – 39,999.99",tier_1,SGD < 50,std_lt_50,fxRatesSgd,2026-09-01T07:00:13,2026-09-01T07:00:13,2026-09-01T16:47:59.598219+00:00,1.746,1.6997,1.7219,1.7229,MAS,1.3996167024798194,1.289273476973111
standardized,ocbc,HKD,SGD,HKD/SGD,100,"SGD 0 – 39,999.99",tier_1,"SGD 200 – 39,999.99",std_200_40k,fxRatesSgd,2026-09-01T07:00:13,2026-09-01T07:00:13,2026-09-01T16:47:59.598219+00:00,16.4499,16.0506,16.22,16.2503,MAS,1.4173859432799056,1.0443896424167667
standardized,ocbc,HKD,SGD,HKD/SGD,100,"SGD 40,000 – 100,000",tier_2,"SGD 40,000 – 100,000",std_40k_100k,fxRatesSgd,2026-09-01T07:00:13,2026-09-01T07:00:13,2026-09-01T16:47:59.598219+00:00,16.4207,16.0604,16.22,16.2503,MAS,1.2373612823674551,0.9839704069050402
standardized,ocbc,HKD,SGD,HKD/SGD,100,"SGD 0 – 39,999.99",tier_1,SGD 50 – 200,std_50_200,fxRatesSgd,2026-09-01T07:00:13,2026-09-01T07:00:13,2026-09-01T16:47:59.598219+00:00,16.4499,16.0506,16.22,16.2503,MAS,1.4173859432799056,1.0443896424167667
standardized,ocbc,HKD,SGD,HKD/SGD,100,"SGD 0 – 39,999.99",tier_1,SGD < 50,std_lt_50,fxRatesSgd,2026-09-01T07:00:13,2026-09-01T07:00:13,2026-09-01T16:47:59.598219+00:00,16.4499,16.0506,16.22,16.2503,MAS,1.4173859432799056,1.0443896424167667
standardized,ocbc,HUF,SGD,HUF/SGD,100,"SGD 0 – 39,999.99",tier_1,"SGD 200 – 39,999.99",std_200_40k,fxRatesSgd,2026-09-01T07:00:13,2026-09-01T07:00:13,2026-09-01T16:47:59.598219+00:00,0.0,0.0,,0.0,,,
standardized,ocbc,HUF,SGD,HUF/SGD,100,"SGD 40,000 – 100,000",tier_2,"SGD 40,000 – 100,000",std_40k_100k,fxRatesSgd,2026-09-01T07:00:13,2026-09-01T07:00:13,2026-09-01T16:47:59.598219+00:00,0.0,0.0,,0.0,,,
standardized,ocbc,HUF,SGD,HUF/SGD,100,"SGD 0 – 39,999.99",tier_1,SGD 50 – 200,std_50_200,fxRatesSgd,2026-09-01T07:00:13,2026-09-01T07:00:13,2026-09-01T16:47:59.598219+00:00,0.0,0.0,,0.0,,,
standardized,ocbc,HUF,SGD,HUF/SGD,100,"SGD 0 – 39,999.99",tier_1,SGD < 50,std_lt_50,fxRatesSgd,2026-09-01T07:00:13,2026-09-01T07:00:13,2026-09-01T16:47:59.598219+00:00,0.0,0.0,,0.0,,,
standardized,ocbc,IDR,SGD,IDR/SGD,100,"SGD 0 – 39,999.99",tier_1,"SGD 200 – 39,999.99",std_200_40k,fxRatesSgd,2026-09-01T07:00:13,2026-09-01T07:00:13,2026-09-01T16:47:59.598219+00:00,0.0074,0.0,0.007174,0.0074,MAS,3.15026484527461,100.0
standardized,ocbc,IDR,SGD,IDR/SGD,100,"SGD 40,000 – 100,000",tier_2,"SGD 40,000 – 100,000",std_40k_100k,fxRatesSgd,2026-09-01T07:00:13,2026-09-01T07:00:13,2026-09-01T16:47:59.598219+00:00,0.0074,0.0,0.007174,0.0074,MAS,3.15026484527461,100.0
standardized,ocbc,IDR,SGD,IDR/SGD,100,"SGD 0 – 39,999.99",tier_1,SGD 50 – 200,std_50_200,fxRatesSgd,2026-09-01T07:00:13,2026-09-01T07:00:13,2026-09-01T16:47:59.598219+00:00,0.0074,0.0,0.007174,0.0074,MAS,3.15026484527461,100.0
standardized,ocbc,IDR,SGD,IDR/SGD,100,"SGD 0 – 39,999.99",tier_1,SGD < 50,std_lt_50,fxRatesSgd,2026-09-01T07:00:13,2026-09-01T07:00:13,2026-09-01T16:47:59.598219+00:00,0.0074,0.0,0.007174,0.0074,MAS,3.15026484527461,100.0
standardized,ocbc,ILS,SGD,ILS/SGD,100,"SGD 0 – 39,999.99",tier_1,"SGD 200 – 39,999.99",std_200_40k,fxRatesSgd,2026-09-01T07:00:13,2026-09-01T07:00:13,2026-09-01T16:47:59.598219+00:00,0.0,0.0,,0.0,,,
standardized,ocbc,ILS,SGD,ILS/SGD,100,"SGD 40,000 – 100,000",tier_2,"SGD 40,000 – 100,000",std_40k_100k,fxRatesSgd,2026-09-01T07:00:13,2026-09-01T07:00:13,2026-09-01T16:47:59.598219+00:00,0.0,0.0,,0.0,,,
standardized,ocbc,ILS,SGD,ILS/SGD,100,"SGD 0 – 39,999.99",tier_1,SGD 50 – 200,std_50_200,fxRatesSgd,2026-09-01T07:00:13,2026-09-01T07:00:13,2026-09-01T16:47:59.598219+00:00,0.0,0.0,,0.0,,,
standardized,ocbc,ILS,SGD,ILS/SGD,100,"SGD 0 – 39,999.99",tier_1,SGD < 50,std_lt_50,fxRatesSgd,2026-09-01T07:00:13,2026-09-01T07:00:13,2026-09-01T16:47:59.598219+00:00,0.0,0.0,,0.0,,,
standardized,ocbc,INR,SGD,INR/SGD,100,"SGD 0 – 39,999.99",tier_1,"SGD 200 – 39,999.99",std_200_40k,fxRatesSgd,2026-09-01T07:00:13,2026-09-01T07:00:13,2026-09-01T16:47:59.598219+00:00,1.3823,0.0,1.338,1.3823,MAS,3.3109118086696565,100.0
standardized,ocbc,INR,SGD,INR/SGD,100,"SGD 40,000 – 100,000",tier_2,"SGD 40,000 – 100,000",std_40k_100k,fxRatesSgd,2026-09-01T07:00:13,2026-09-01T07:00:13,2026-09-01T16:47:59.598219+00:00,1.3796,0.0,1.338,1.3823,MAS,3.1091180866965513,100.0
standardized,ocbc,INR,SGD,INR/SGD,100,"SGD 0 – 39,999.99",tier_1,SGD 50 – 200,std_50_200,fxRatesSgd,2026-09-01T07:00:13,2026-09-01T07:00:13,2026-09-01T16:47:59.598219+00:00,1.3823,0.0,1.338,1.3823,MAS,3.3109118086696565,100.0
standardized,ocbc,INR,SGD,INR/SGD,100,"SGD 0 – 39,999.99",tier_1,SGD < 50,std_lt_50,fxRatesSgd,2026-09-01T07:00:13,2026-09-01T07:00:13,2026-09-01T16:47:59.598219+00:00,1.3823,0.0,1.338,1.3823,MAS,3.3109118086696565,100.0
standardized,ocbc,JOD,SGD,JOD/SGD,1,"SGD 0 – 39,999.99",tier_1,"SGD 200 – 39,999.99",std_200_40k,fxRatesSgd,2026-09-01T07:00:13,2026-09-01T07:00:13,2026-09-01T16:47:59.598219+00:00,0.0,0.0,,0.0,,,
standardized,ocbc,JOD,SGD,JOD/SGD,1,"SGD 40,000 – 100,000",tier_2,"SGD 40,000 – 100,000",std_40k_100k,fxRatesSgd,2026-09-01T07:00:13,2026-09-01T07:00:13,2026-09-01T16:47:59.598219+00:00,0.0,0.0,,0.0,,,
standardized,ocbc,JOD,SGD,JOD/SGD,1,"SGD 0 – 39,999.99",tier_1,SGD 50 – 200,std_50_200,fxRatesSgd,2026-09-01T07:00:13,2026-09-01T07:00:13,2026-09-01T16:47:59.598219+00:00,0.0,0.0,,0.0,,,
standardized,ocbc,JOD,SGD,JOD/SGD,1,"SGD 0 – 39,999.99",tier_1,SGD < 50,std_lt_50,fxRatesSgd,2026-09-01T07:00:13,2026-09-01T07:00:13,2026-09-01T16:47:59.598219+00:00,0.0,0.0,,0.0,,,
standardized,ocbc,JPY,SGD,JPY/SGD,100,"SGD 0 – 39,999.99",tier_1,"SGD 200 – 39,999.99",std_200_40k,fxRatesSgd,2026-09-01T07:00:13,2026-09-01T07:00:13,2026-09-01T16:47:59.598219+00:00,0.8058,0.786,0.7956999999999999,0.7959,MAS,1.2693226090235152,1.2190524066859145
standardized,ocbc,JPY,SGD,JPY/SGD,100,"SGD 40,000 – 100,000",tier_2,"SGD 40,000 – 100,000",std_40k_100k,fxRatesSgd,2026-09-01T07:00:13,2026-09-01T07:00:13,2026-09-01T16:47:59.598219+00:00,0.805,0.7874,0.7956999999999999,0.7959,MAS,1.1687822043483975,1.0431066985044444
standardized,ocbc,JPY,SGD,JPY/SGD,100,"SGD 0 – 39,999.99",tier_1,SGD 50 – 200,std_50_200,fxRatesSgd,2026-09-01T07:00:13,2026-09-01T07:00:13,2026-09-01T16:47:59.598219+00:00,0.8058,0.786,0.7956999999999999,0.7959,MAS,1.2693226090235152,1.2190524066859145
standardized,ocbc,JPY,SGD,JPY/SGD,100,"SGD 0 – 39,999.99",tier_1,SGD < 50,std_lt_50,fxRatesSgd,2026-09-01T07:00:13,2026-09-01T07:00:13,2026-09-01T16:47:59.598219+00:00,0.8058,0.786,0.7956999999999999,0.7959,MAS,1.2693226090235152,1.2190524066859145
standardized,ocbc,KRW,SGD,KRW/SGD,100,"SGD 0 – 39,999.99",tier_1,"SGD 200 – 39,999.99",std_200_40k,fxRatesSgd,2026-09-01T07:00:13,2026-09-01T07:00:13,2026-09-01T16:47:59.598219+00:00,0.0,0.0,0.0927,0.0,MAS,-100.0,100.0
standardized,ocbc,KRW,SGD,KRW/SGD,100,"SGD 40,000 – 100,000",tier_2,"SGD 40,000 – 100,000",std_40k_100k,fxRatesSgd,2026-09-01T07:00:13,2026-09-01T07:00:13,2026-09-01T16:47:59.598219+00:00,0.0,0.0,0.0927,0.0,MAS,-100.0,100.0
standardized,ocbc,KRW,SGD,KRW/SGD,100,"SGD 0 – 39,999.99",tier_1,SGD 50 – 200,std_50_200,fxRatesSgd,2026-09-01T07:00:13,2026-09-01T07:00:13,2026-09-01T16:47:59.598219+00:00,0.0,0.0,0.0927,0.0,MAS,-100.0,100.0
standardized,ocbc,KRW,SGD,KRW/SGD,100,"SGD 0 – 39,999.99",tier_1,SGD < 50,std_lt_50,fxRatesSgd,2026-09-01T07:00:13,2026-09-01T07:00:13,2026-09-01T16:47:59.598219+00:00,0.0,0.0,0.0927,0.0,MAS,-100.0,100.0
standardized,ocbc,LKR,SGD,LKR/SGD,100,"SGD 0 – 39,999.99",tier_1,"SGD 200 – 39,999.99",std_200_40k,fxRatesSgd,2026-09-01T07:00:13,2026-09-01T07:00:13,2026-09-01T16:47:59.598219+00:00,0.4,0.0,,0.4,,,
standardized,ocbc,LKR,SGD,LKR/SGD,100,"SGD 40,000 – 100,000",tier_2,"SGD 40,000 – 100,000",std_40k_100k,fxRatesSgd,2026-09-01T07:00:13,2026-09-01T07:00:13,2026-09-01T16:47:59.598219+00:00,0.3992,0.0,,0.4,,,
standardized,ocbc,LKR,SGD,LKR/SGD,100,"SGD 0 – 39,999.99",tier_1,SGD 50 – 200,std_50_200,fxRatesSgd,2026-09-01T07:00:13,2026-09-01T07:00:13,2026-09-01T16:47:59.598219+00:00,0.4,0.0,,0.4,,,
standardized,ocbc,LKR,SGD,LKR/SGD,100,"SGD 0 – 39,999.99",tier_1,SGD < 50,std_lt_50,fxRatesSgd,2026-09-01T07:00:13,2026-09-01T07:00:13,2026-09-01T16:47:59.598219+00:00,0.4,0.0,,0.4,,,
standardized,ocbc,MAD,SGD,MAD/SGD,100,"SGD 0 – 39,999.99",tier_1,"SGD 200 – 39,999.99",std_200_40k,fxRatesSgd,2026-09-01T07:00:13,2026-09-01T07:00:13,2026-09-01T16:47:59.598219+00:00,0.0,0.0,,0.0,,,
standardized,ocbc,MAD,SGD,MAD/SGD,100,"SGD 40,000 – 100,000",tier_2,"SGD 40,000 – 100,000",std_40k_100k,fxRatesSgd,2026-09-01T07:00:13,2026-09-01T07:00:13,2026-09-01T16:47:59.598219+00:00,0.0,0.0,,0.0,,,
standardized,ocbc,MAD,SGD,MAD/SGD,100,"SGD 0 – 39,999.99",tier_1,SGD 50 – 200,std_50_200,fxRatesSgd,2026-09-01T07:00:13,2026-09-01T07:00:13,2026-09-01T16:47:59.598219+00:00,0.0,0.0,,0.0,,,
standardized,ocbc,MAD,SGD,MAD/SGD,100,"SGD 0 – 39,999.99",tier_1,SGD < 50,std_lt_50,fxRatesSgd,2026-09-01T07:00:13,2026-09-01T07:00:13,2026-09-01T16:47:59.598219+00:00,0.0,0.0,,0.0,,,
standardized,ocbc,MXN,SGD,MXN/SGD,100,"SGD 0 – 39,999.99",tier_1,"SGD 200 – 39,999.99",std_200_40k,fxRatesSgd,2026-09-01T07:00:13,2026-09-01T07:00:13,2026-09-01T16:47:59.598219+00:00,7.7283,0.0,,7.7283,,,
standardized,ocbc,MXN,SGD,MXN/SGD,100,"SGD 40,000 – 100,000",tier_2,"SGD 40,000 – 100,000",std_40k_100k,fxRatesSgd,2026-09-01T07:00:13,2026-09-01T07:00:13,2026-09-01T16:47:59.598219+00:00,7.7267,0.0,,7.7283,,,
standardized,ocbc,MXN,SGD,MXN/SGD,100,"SGD 0 – 39,999.99",tier_1,SGD 50 – 200,std_50_200,fxRatesSgd,2026-09-01T07:00:13,2026-09-01T07:00:13,2026-09-01T16:47:59.598219+00:00,7.7283,0.0,,7.7283,,,
standardized,ocbc,MXN,SGD,MXN/SGD,100,"SGD 0 – 39,999.99",tier_1,SGD < 50,std_lt_50,fxRatesSgd,2026-09-01T07:00:13,2026-09-01T07:00:13,2026-09-01T16:47:59.598219+00:00,7.7283,0.0,,7.7283,,,
standardized,ocbc,MYR,SGD,MYR/SGD,100,"SGD 0 – 39,999.99",tier_1,"SGD 200 – 39,999.99",std_200_40k,fxRatesSgd,2026-09-01T07:00:13,2026-09-01T07:00:13,2026-09-01T16:47:59.598219+00:00,0.0,0.0,31.509999999999998,0.0,MAS,-100.0,100.0
standardized,ocbc,MYR,SGD,MYR/SGD,100,"SGD 40,000 – 100,000",tier_2,"SGD 40,000 – 100,000",std_40k_100k,fxRatesSgd,2026-09-01T07:00:13,2026-09-01T07:00:13,2026-09-01T16:47:59.598219+00:00,0.0,0.0,31.509999999999998,0.0,MAS,-100.0,100.0
standardized,ocbc,MYR,SGD,MYR/SGD,100,"SGD 0 – 39,999.99",tier_1,SGD 50 – 200,std_50_200,fxRatesSgd,2026-09-01T07:00:13,2026-09-01T07:00:13,2026-09-01T16:47:59.598219+00:00,0.0,0.0,31.509999999999998,0.0,MAS,-100.0,100.0
standardized,ocbc,MYR,SGD,MYR/SGD,100,"SGD 0 – 39,999.99",tier_1,SGD < 50,std_lt_50,fxRatesSgd,2026-09-01T07:00:13,2026-09-01T07:00:13,2026-09-01T16:47:59.598219+00:00,0.0,0.0,31.509999999999998,0.0,MAS,-100.0,100.0
standardized,ocbc,NOK,SGD,NOK/SGD,100,"SGD 0 – 39,999.99",tier_1,"SGD 200 – 39,999.99",std_200_40k,fxRatesSgd,2026-09-01T07:00:13,2026-09-01T07:00:13,2026-09-01T16:47:59.598219+00:00,13.8988,13.4033,,13.6511,,,
standardized,ocbc,NOK,SGD,NOK/SGD,100,"SGD 40,000 – 100,000",tier_2,"SGD 40,000 – 100,000",std_40k_100k,fxRatesSgd,2026-09-01T07:00:13,2026-09-01T07:00:13,2026-09-01T16:47:59.598219+00:00,13.8714,13.4306,,13.6511,,,
standardized,ocbc,NOK,SGD,NOK/SGD,100,"SGD 0 – 39,999.99",tier_1,SGD 50 – 200,std_50_200,fxRatesSgd,2026-09-01T07:00:13,2026-09-01T07:00:13,2026-09-01T16:47:59.598219+00:00,13.8988,13.4033,,13.6511,,,
standardized,ocbc,NOK,SGD,NOK/SGD,100,"SGD 0 – 39,999.99",tier_1,SGD < 50,std_lt_50,fxRatesSgd,2026-09-01T07:00:13,2026-09-01T07:00:13,2026-09-01T16:47:59.598219+00:00,13.8988,13.4033,,13.6511,,,
standardized,ocbc,NZD,SGD,NZD/SGD,1,"SGD 0 – 39,999.99",tier_1,"SGD 200 – 39,999.99",std_200_40k,fxRatesSgd,2026-09-01T07:00:13,2026-09-01T07:00:13,2026-09-01T16:47:59.598219+00:00,0.7663,0.7402,0.7511,0.7533,MAS,2.023698575422712,1.4512048994807645
standardized,ocbc,NZD,SGD,NZD/SGD,1,"SGD 40,000 – 100,000",tier_2,"SGD 40,000 – 100,000",std_40k_100k,fxRatesSgd,2026-09-01T07:00:13,2026-09-01T07:00:13,2026-09-01T16:47:59.598219+00:00,0.7644,0.7424,0.7511,0.7533,MAS,1.7707362534948714,1.1583011583011638
standardized,ocbc,NZD,SGD,NZD/SGD,1,"SGD 0 – 39,999.99",tier_1,SGD 50 – 200,std_50_200,fxRatesSgd,2026-09-01T07:00:13,2026-09-01T07:00:13,2026-09-01T16:47:59.598219+00:00,0.7663,0.7402,0.7511,0.7533,MAS,2.023698575422712,1.4512048994807645
standardized,ocbc,NZD,SGD,NZD/SGD,1,"SGD 0 – 39,999.99",tier_1,SGD < 50,std_lt_50,fxRatesSgd,2026-09-01T07:00:13,2026-09-01T07:00:13,2026-09-01T16:47:59.598219+00:00,0.7663,0.7402,0.7511,0.7533,MAS,2.023698575422712,1.4512048994807645
standardized,ocbc,OMR,SGD,OMR/SGD,1,"SGD 0 – 39,999.99",tier_1,"SGD 200 – 39,999.99",std_200_40k,fxRatesSgd,2026-09-01T07:00:13,2026-09-01T07:00:13,2026-09-01T16:47:59.598219+00:00,0.0,0.0,,0.0,,,
standardized,ocbc,OMR,SGD,OMR/SGD,1,"SGD 40,000 – 100,000",tier_2,"SGD 40,000 – 100,000",std_40k_100k,fxRatesSgd,2026-09-01T07:00:13,2026-09-01T07:00:13,2026-09-01T16:47:59.598219+00:00,0.0,0.0,,0.0,,,
standardized,ocbc,OMR,SGD,OMR/SGD,1,"SGD 0 – 39,999.99",tier_1,SGD 50 – 200,std_50_200,fxRatesSgd,2026-09-01T07:00:13,2026-09-01T07:00:13,2026-09-01T16:47:59.598219+00:00,0.0,0.0,,0.0,,,
standardized,ocbc,OMR,SGD,OMR/SGD,1,"SGD 0 – 39,999.99",tier_1,SGD < 50,std_lt_50,fxRatesSgd,2026-09-01T07:00:13,2026-09-01T07:00:13,2026-09-01T16:47:59.598219+00:00,0.0,0.0,,0.0,,,
standardized,ocbc,PHP,SGD,PHP/SGD,100,"SGD 0 – 39,999.99",tier_1,"SGD 200 – 39,999.99",std_200_40k,fxRatesSgd,2026-09-01T07:00:13,2026-09-01T07:00:13,2026-09-01T16:47:59.598219+00:00,2.1071,0.0,2.0384,2.1071,MAS,3.37029042386184,100.0
standardized,ocbc,PHP,SGD,PHP/SGD,100,"SGD 40,000 – 100,000",tier_2,"SGD 40,000 – 100,000",std_40k_100k,fxRatesSgd,2026-09-01T07:00:13,2026-09-01T07:00:13,2026-09-01T16:47:59.598219+00:00,2.1061,0.0,2.0384,2.1071,MAS,3.321232339089476,100.0
standardized,ocbc,PHP,SGD,PHP/SGD,100,"SGD 0 – 39,999.99",tier_1,SGD 50 – 200,std_50_200,fxRatesSgd,2026-09-01T07:00:13,2026-09-01T07:00:13,2026-09-01T16:47:59.598219+00:00,2.1071,0.0,2.0384,2.1071,MAS,3.37029042386184,100.0
standardized,ocbc,PHP,SGD,PHP/SGD,100,"SGD 0 – 39,999.99",tier_1,SGD < 50,std_lt_50,fxRatesSgd,2026-09-01T07:00:13,2026-09-01T07:00:13,2026-09-01T16:47:59.598219+00:00,2.1071,0.0,2.0384,2.1071,MAS,3.37029042386184,100.0
standardized,ocbc,PLN,SGD,PLN/SGD,100,"SGD 0 – 39,999.99",tier_1,"SGD 200 – 39,999.99",std_200_40k,fxRatesSgd,2026-09-01T07:00:13,2026-09-01T07:00:13,2026-09-01T16:47:59.598219+00:00,35.2096,33.0109,,34.1103,,,
standardized,ocbc,PLN,SGD,PLN/SGD,100,"SGD 40,000 – 100,000",tier_2,"SGD 40,000 – 100,000",std_40k_100k,fxRatesSgd,2026-09-01T07:00:13,2026-09-01T07:00:13,2026-09-01T16:47:59.598219+00:00,35.1923,33.0378,,34.1103,,,
standardized,ocbc,PLN,SGD,PLN/SGD,100,"SGD 0 – 39,999.99",tier_1,SGD 50 – 200,std_50_200,fxRatesSgd,2026-09-01T07:00:13,2026-09-01T07:00:13,2026-09-01T16:47:59.598219+00:00,35.2096,33.0109,,34.1103,,,
standardized,ocbc,PLN,SGD,PLN/SGD,100,"SGD 0 – 39,999.99",tier_1,SGD < 50,std_lt_50,fxRatesSgd,2026-09-01T07:00:13,2026-09-01T07:00:13,2026-09-01T16:47:59.598219+00:00,35.2096,33.0109,,34.1103,,,
standardized,ocbc,QAR,SGD,QAR/SGD,100,"SGD 0 – 39,999.99",tier_1,"SGD 200 – 39,999.99",std_200_40k,fxRatesSgd,2026-09-01T07:00:13,2026-09-01T07:00:13,2026-09-01T16:47:59.598219+00:00,35.9338,33.8799,34.89,34.9069,MAS,2.991688162797356,2.8950988822012076
standardized,ocbc,QAR,SGD,QAR/SGD,100,"SGD 40,000 – 100,000",tier_2,"SGD 40,000 – 100,000",std_40k_100k,fxRatesSgd,2026-09-01T07:00:13,2026-09-01T07:00:13,2026-09-01T16:47:59.598219+00:00,35.9125,33.8971,34.89,34.9069,MAS,2.9306391516193777,2.845801089137285
standardized,ocbc,QAR,SGD,QAR/SGD,100,"SGD 0 – 39,999.99",tier_1,SGD 50 – 200,std_50_200,fxRatesSgd,2026-09-01T07:00:13,2026-09-01T07:00:13,2026-09-01T16:47:59.598219+00:00,35.9338,33.8799,34.89,34.9069,MAS,2.991688162797356,2.8950988822012076
standardized,ocbc,QAR,SGD,QAR/SGD,100,"SGD 0 – 39,999.99",tier_1,SGD < 50,std_lt_50,fxRatesSgd,2026-09-01T07:00:13,2026-09-01T07:00:13,2026-09-01T16:47:59.598219+00:00,35.9338,33.8799,34.89,34.9069,MAS,2.991688162797356,2.8950988822012076
standardized,ocbc,RON,SGD,RON/SGD,100,"SGD 0 – 39,999.99",tier_1,"SGD 200 – 39,999.99",std_200_40k,fxRatesSgd,2026-09-01T07:00:13,2026-09-01T07:00:13,2026-09-01T16:47:59.598219+00:00,0.0,0.0,,0.0,,,
standardized,ocbc,RON,SGD,RON/SGD,100,"SGD 40,000 – 100,000",tier_2,"SGD 40,000 – 100,000",std_40k_100k,fxRatesSgd,2026-09-01T07:00:13,2026-09-01T07:00:13,2026-09-01T16:47:59.598219+00:00,0.0,0.0,,0.0,,,
standardized,ocbc,RON,SGD,RON/SGD,100,"SGD 0 – 39,999.99",tier_1,SGD 50 – 200,std_50_200,fxRatesSgd,2026-09-01T07:00:13,2026-09-01T07:00:13,2026-09-01T16:47:59.598219+00:00,0.0,0.0,,0.0,,,
standardized,ocbc,RON,SGD,RON/SGD,100,"SGD 0 – 39,999.99",tier_1,SGD < 50,std_lt_50,fxRatesSgd,2026-09-01T07:00:13,2026-09-01T07:00:13,2026-09-01T16:47:59.598219+00:00,0.0,0.0,,0.0,,,
standardized,ocbc,RUB,SGD,RUB/SGD,100,"SGD 0 – 39,999.99",tier_1,"SGD 200 – 39,999.99",std_200_40k,fxRatesSgd,2026-09-01T07:00:13,2026-09-01T07:00:13,2026-09-01T16:47:59.598219+00:00,0.0,0.0,,0.0,,,
standardized,ocbc,RUB,SGD,RUB/SGD,100,"SGD 40,000 – 100,000",tier_2,"SGD 40,000 – 100,000",std_40k_100k,fxRatesSgd,2026-09-01T07:00:13,2026-09-01T07:00:13,2026-09-01T16:47:59.598219+00:00,0.0,0.0,,0.0,,,
standardized,ocbc,RUB,SGD,RUB/SGD,100,"SGD 0 – 39,999.99",tier_1,SGD 50 – 200,std_50_200,fxRatesSgd,2026-09-01T07:00:13,2026-09-01T07:00:13,2026-09-01T16:47:59.598219+00:00,0.0,0.0,,0.0,,,
standardized,ocbc,RUB,SGD,RUB/SGD,100,"SGD 0 – 39,999.99",tier_1,SGD < 50,std_lt_50,fxRatesSgd,2026-09-01T07:00:13,2026-09-01T07:00:13,2026-09-01T16:47:59.598219+00:00,0.0,0.0,,0.0,,,
standardized,ocbc,SAR,SGD,SAR/SGD,100,"SGD 0 – 39,999.99",tier_1,"SGD 200 – 39,999.99",std_200_40k,fxRatesSgd,2026-09-01T07:00:13,2026-09-01T07:00:13,2026-09-01T16:47:59.598219+00:00,34.8647,32.945,33.87,33.9049,MAS,2.936817242397407,2.7310304103926697
standardized,ocbc,SAR,SGD,SAR/SGD,100,"SGD 40,000 – 100,000",tier_2,"SGD 40,000 – 100,000",std_40k_100k,fxRatesSgd,2026-09-01T07:00:13,2026-09-01T07:00:13,2026-09-01T16:47:59.598219+00:00,34.8475,32.9617,33.87,33.9049,MAS,2.8860348390906383,2.6817242397401744
standardized,ocbc,SAR,SGD,SAR/SGD,100,"SGD 0 – 39,999.99",tier_1,SGD 50 – 200,std_50_200,fxRatesSgd,2026-09-01T07:00:13,2026-09-01T07:00:13,2026-09-01T16:47:59.598219+00:00,34.8647,32.945,33.87,33.9049,MAS,2.936817242397407,2.7310304103926697
standardized,ocbc,SAR,SGD,SAR/SGD,100,"SGD 0 – 39,999.99",tier_1,SGD < 50,std_lt_50,fxRatesSgd,2026-09-01T07:00:13,2026-09-01T07:00:13,2026-09-01T16:47:59.598219+00:00,34.8647,32.945,33.87,33.9049,MAS,2.936817242397407,2.7310304103926697
standardized,ocbc,SEK,SGD,SEK/SGD,100,"SGD 0 – 39,999.99",tier_1,"SGD 200 – 39,999.99",std_200_40k,fxRatesSgd,2026-09-01T07:00:13,2026-09-01T07:00:13,2026-09-01T16:47:59.598219+00:00,13.516,13.0341,,13.2751,,,
standardized,ocbc,SEK,SGD,SEK/SGD,100,"SGD 40,000 – 100,000",tier_2,"SGD 40,000 – 100,000",std_40k_100k,fxRatesSgd,2026-09-01T07:00:13,2026-09-01T07:00:13,2026-09-01T16:47:59.598219+00:00,13.4894,13.0606,,13.2751,,,
standardized,ocbc,SEK,SGD,SEK/SGD,100,"SGD 0 – 39,999.99",tier_1,SGD 50 – 200,std_50_200,fxRatesSgd,2026-09-01T07:00:13,2026-09-01T07:00:13,2026-09-01T16:47:59.598219+00:00,13.516,13.0341,,13.2751,,,
standardized,ocbc,SEK,SGD,SEK/SGD,100,"SGD 0 – 39,999.99",tier_1,SGD < 50,std_lt_50,fxRatesSgd,2026-09-01T07:00:13,2026-09-01T07:00:13,2026-09-01T16:47:59.598219+00:00,13.516,13.0341,,13.2751,,,
standardized,ocbc,THB,SGD,THB/SGD,100,"SGD 0 – 39,999.99",tier_1,"SGD 200 – 39,999.99",std_200_40k,fxRatesSgd,2026-09-01T07:00:13,2026-09-01T07:00:13,2026-09-01T16:47:59.598219+00:00,3.9383,3.7208,3.832,3.8296,MAS,2.7740083507306905,2.901878914405004
standardized,ocbc,THB,SGD,THB/SGD,100,"SGD 40,000 – 100,000",tier_2,"SGD 40,000 – 100,000",std_40k_100k,fxRatesSgd,2026-09-01T07:00:13,2026-09-01T07:00:13,2026-09-01T16:47:59.598219+00:00,3.9306,3.7285,3.832,3.8296,MAS,2.5730688935281902,2.7009394572025034
standardized,ocbc,THB,SGD,THB/SGD,100,"SGD 0 – 39,999.99",tier_1,SGD 50 – 200,std_50_200,fxRatesSgd,2026-09-01T07:00:13,2026-09-01T07:00:13,2026-09-01T16:47:59.598219+00:00,3.9383,3.7208,3.832,3.8296,MAS,2.7740083507306905,2.901878914405004
standardized,ocbc,THB,SGD,THB/SGD,100,"SGD 0 – 39,999.99",tier_1,SGD < 50,std_lt_50,fxRatesSgd,2026-09-01T07:00:13,2026-09-01T07:00:13,2026-09-01T16:47:59.598219+00:00,3.9383,3.7208,3.832,3.8296,MAS,2.7740083507306905,2.901878914405004
standardized,ocbc,TRY,SGD,TRY/SGD,100,"SGD 0 – 39,999.99",tier_1,"SGD 200 – 39,999.99",std_200_40k,fxRatesSgd,2026-09-01T07:00:13,2026-09-01T07:00:13,2026-09-01T16:47:59.598219+00:00,2.709,2.5962,,2.6526,,,
standardized,ocbc,TRY,SGD,TRY/SGD,100,"SGD 40,000 – 100,000",tier_2,"SGD 40,000 – 100,000",std_40k_100k,fxRatesSgd,2026-09-01T07:00:13,2026-09-01T07:00:13,2026-09-01T16:47:59.598219+00:00,2.7077,2.5965,,2.6526,,,
standardized,ocbc,TRY,SGD,TRY/SGD,100,"SGD 0 – 39,999.99",tier_1,SGD 50 – 200,std_50_200,fxRatesSgd,2026-09-01T07:00:13,2026-09-01T07:00:13,2026-09-01T16:47:59.598219+00:00,2.709,2.5962,,2.6526,,,
standardized,ocbc,TRY,SGD,TRY/SGD,100,"SGD 0 – 39,999.99",tier_1,SGD < 50,std_lt_50,fxRatesSgd,2026-09-01T07:00:13,2026-09-01T07:00:13,2026-09-01T16:47:59.598219+00:00,2.709,2.5962,,2.6526,,,
standardized,ocbc,TWD,SGD,TWD/SGD,100,"SGD 0 – 39,999.99",tier_1,"SGD 200 – 39,999.99",std_200_40k,fxRatesSgd,2026-09-01T07:00:13,2026-09-01T07:00:13,2026-09-01T16:47:59.598219+00:00,4.1703,0.0,4.0182,4.1703,MAS,3.7852769896968765,100.0
standardized,ocbc,TWD,SGD,TWD/SGD,100,"SGD 40,000 – 100,000",tier_2,"SGD 40,000 – 100,000",std_40k_100k,fxRatesSgd,2026-09-01T07:00:13,2026-09-01T07:00:13,2026-09-01T16:47:59.598219+00:00,0.0,0.0,4.0182,4.1703,MAS,-100.0,100.0
standardized,ocbc,TWD,SGD,TWD/SGD,100,"SGD 0 – 39,999.99",tier_1,SGD 50 – 200,std_50_200,fxRatesSgd,2026-09-01T07:00:13,2026-09-01T07:00:13,2026-09-01T16:47:59.598219+00:00,4.1703,0.0,4.0182,4.1703,MAS,3.7852769896968765,100.0
standardized,ocbc,TWD,SGD,TWD/SGD,100,"SGD 0 – 39,999.99",tier_1,SGD < 50,std_lt_50,fxRatesSgd,2026-09-01T07:00:13,2026-09-01T07:00:13,2026-09-01T16:47:59.598219+00:00,4.1703,0.0,4.0182,4.1703,MAS,3.7852769896968765,100.0
standardized,ocbc,USD,SGD,USD/SGD,1,"SGD 0 – 39,999.99",tier_1,"SGD 200 – 39,999.99",std_200_40k,fxRatesSgd,2026-09-01T07:00:13,2026-09-01T07:00:13,2026-09-01T16:47:59.598219+00:00,1.2855,1.2625,1.2717,1.274,MAS,1.0851615947157376,0.7234410631438308
standardized,ocbc,USD,SGD,USD/SGD,1,"SGD 40,000 – 100,000",tier_2,"SGD 40,000 – 100,000",std_40k_100k,fxRatesSgd,2026-09-01T07:00:13,2026-09-01T07:00:13,2026-09-01T16:47:59.598219+00:00,1.2843,1.2636,1.2717,1.274,MAS,0.9907997169143623,0.6369426751592353
standardized,ocbc,USD,SGD,USD/SGD,1,"SGD 0 – 39,999.99",tier_1,SGD 50 – 200,std_50_200,fxRatesSgd,2026-09-01T07:00:13,2026-09-01T07:00:13,2026-09-01T16:47:59.598219+00:00,1.2855,1.2625,1.2717,1.274,MAS,1.0851615947157376,0.7234410631438308
standardized,ocbc,USD,SGD,USD/SGD,1,"SGD 0 – 39,999.99",tier_1,SGD < 50,std_lt_50,fxRatesSgd,2026-09-01T07:00:13,2026-09-01T07:00:13,2026-09-01T16:47:59.598219+00:00,1.2855,1.2625,1.2717,1.274,MAS,1.0851615947157376,0.7234410631438308
standardized,ocbc,ZAR,SGD,ZAR/SGD,100,"SGD 0 – 39,999.99",tier_1,"SGD 200 – 39,999.99",std_200_40k,fxRatesSgd,2026-09-01T07:00:13,2026-09-01T07:00:13,2026-09-01T16:47:59.598219+00:00,8.1215,7.6455,,7.8835,,,
standardized,ocbc,ZAR,SGD,ZAR/SGD,100,"SGD 40,000 – 100,000",tier_2,"SGD 40,000 – 100,000",std_40k_100k,fxRatesSgd,2026-09-01T07:00:13,2026-09-01T07:00:13,2026-09-01T16:47:59.598219+00:00,8.1176,7.6495,,7.8835,,,
standardized,ocbc,ZAR,SGD,ZAR/SGD,100,"SGD 0 – 39,999.99",tier_1,SGD 50 – 200,std_50_200,fxRatesSgd,2026-09-01T07:00:13,2026-09-01T07:00:13,2026-09-01T16:47:59.598219+00:00,8.1215,7.6455,,7.8835,,,
standardized,ocbc,ZAR,SGD,ZAR/SGD,100,"SGD 0 – 39,999.99",tier_1,SGD < 50,std_lt_50,fxRatesSgd,2026-09-01T07:00:13,2026-09-01T07:00:13,2026-09-01T16:47:59.598219+00:00,8.1215,7.6455,,7.8835,,,
standardized,uob,AED,SGD,AED/SGD,100,Indicative board,board,"SGD 200 – 39,999.99",std_200_40k,forex_sgd,01 September 2026 05:31:57 PM,01 September 2026 05:31:57 PM,2026-09-01T16:48:01.456844+00:00,35.52,33.82,34.62,34.67,MAS,2.59965337954941,2.310803004043897
standardized,uob,AED,SGD,AED/SGD,100,Indicative board,board,"SGD 40,000 – 100,000",std_40k_100k,forex_sgd,01 September 2026 05:31:57 PM,01 September 2026 05:31:57 PM,2026-09-01T16:48:01.456844+00:00,35.52,33.82,34.62,34.67,MAS,2.59965337954941,2.310803004043897
standardized,uob,AED,SGD,AED/SGD,100,Indicative board,board,SGD 50 – 200,std_50_200,forex_sgd,01 September 2026 05:31:57 PM,01 September 2026 05:31:57 PM,2026-09-01T16:48:01.456844+00:00,35.52,33.82,34.62,34.67,MAS,2.59965337954941,2.310803004043897
standardized,uob,AED,SGD,AED/SGD,100,Indicative board,board,SGD < 50,std_lt_50,forex_sgd,01 September 2026 05:31:57 PM,01 September 2026 05:31:57 PM,2026-09-01T16:48:01.456844+00:00,35.52,33.82,34.62,34.67,MAS,2.59965337954941,2.310803004043897
standardized,uob,AOA,SGD,AOA/SGD,100,Indicative board,board,"SGD 200 – 39,999.99",std_200_40k,forex_sgd,01 September 2026 05:31:57 PM,01 September 2026 05:31:57 PM,2026-09-01T16:48:01.456844+00:00,0.143,,,,,,
standardized,uob,AOA,SGD,AOA/SGD,100,Indicative board,board,"SGD 40,000 – 100,000",std_40k_100k,forex_sgd,01 September 2026 05:31:57 PM,01 September 2026 05:31:57 PM,2026-09-01T16:48:01.456844+00:00,0.143,,,,,,
standardized,uob,AOA,SGD,AOA/SGD,100,Indicative board,board,SGD 50 – 200,std_50_200,forex_sgd,01 September 2026 05:31:57 PM,01 September 2026 05:31:57 PM,2026-09-01T16:48:01.456844+00:00,0.143,,,,,,
standardized,uob,AOA,SGD,AOA/SGD,100,Indicative board,board,SGD < 50,std_lt_50,forex_sgd,01 September 2026 05:31:57 PM,01 September 2026 05:31:57 PM,2026-09-01T16:48:01.456844+00:00,0.143,,,,,,
standardized,uob,AUD,SGD,AUD/SGD,1,Indicative board,board,"SGD 200 – 39,999.99",std_200_40k,forex_sgd,01 September 2026 05:31:57 PM,01 September 2026 05:31:57 PM,2026-09-01T16:48:01.456844+00:00,0.9248,0.8938,0.9114,0.9093,MAS,1.4702655255650612,1.9310950186526166
standardized,uob,AUD,SGD,AUD/SGD,1,Indicative board,board,"SGD 40,000 – 100,000",std_40k_100k,forex_sgd,01 September 2026 05:31:57 PM,01 September 2026 05:31:57 PM,2026-09-01T16:48:01.456844+00:00,0.9248,0.8938,0.9114,0.9093,MAS,1.4702655255650612,1.9310950186526166
standardized,uob,AUD,SGD,AUD/SGD,1,Indicative board,board,SGD 50 – 200,std_50_200,forex_sgd,01 September 2026 05:31:57 PM,01 September 2026 05:31:57 PM,2026-09-01T16:48:01.456844+00:00,0.9248,0.8938,0.9114,0.9093,MAS,1.4702655255650612,1.9310950186526166
standardized,uob,AUD,SGD,AUD/SGD,1,Indicative board,board,SGD < 50,std_lt_50,forex_sgd,01 September 2026 05:31:57 PM,01 September 2026 05:31:57 PM,2026-09-01T16:48:01.456844+00:00,0.9248,0.8938,0.9114,0.9093,MAS,1.4702655255650612,1.9310950186526166
standardized,uob,BDT,SGD,BDT/SGD,100,Indicative board,board,"SGD 200 – 39,999.99",std_200_40k,forex_sgd,01 September 2026 05:31:57 PM,01 September 2026 05:31:57 PM,2026-09-01T16:48:01.456844+00:00,1.0628,,,,,,
standardized,uob,BDT,SGD,BDT/SGD,100,Indicative board,board,"SGD 40,000 – 100,000",std_40k_100k,forex_sgd,01 September 2026 05:31:57 PM,01 September 2026 05:31:57 PM,2026-09-01T16:48:01.456844+00:00,1.0628,,,,,,
standardized,uob,BDT,SGD,BDT/SGD,100,Indicative board,board,SGD 50 – 200,std_50_200,forex_sgd,01 September 2026 05:31:57 PM,01 September 2026 05:31:57 PM,2026-09-01T16:48:01.456844+00:00,1.0628,,,,,,
standardized,uob,BDT,SGD,BDT/SGD,100,Indicative board,board,SGD < 50,std_lt_50,forex_sgd,01 September 2026 05:31:57 PM,01 September 2026 05:31:57 PM,2026-09-01T16:48:01.456844+00:00,1.0628,,,,,,
standardized,uob,BND,SGD,BND/SGD,1,Indicative board,board,"SGD 200 – 39,999.99",std_200_40k,forex_sgd,01 September 2026 05:31:57 PM,01 September 2026 05:31:57 PM,2026-09-01T16:48:01.456844+00:00,1.0,1.0,,1.0,,,
standardized,uob,BND,SGD,BND/SGD,1,Indicative board,board,"SGD 40,000 – 100,000",std_40k_100k,forex_sgd,01 September 2026 05:31:57 PM,01 September 2026 05:31:57 PM,2026-09-01T16:48:01.456844+00:00,1.0,1.0,,1.0,,,
standardized,uob,BND,SGD,BND/SGD,1,Indicative board,board,SGD 50 – 200,std_50_200,forex_sgd,01 September 2026 05:31:57 PM,01 September 2026 05:31:57 PM,2026-09-01T16:48:01.456844+00:00,1.0,1.0,,1.0,,,
standardized,uob,BND,SGD,BND/SGD,1,Indicative board,board,SGD < 50,std_lt_50,forex_sgd,01 September 2026 05:31:57 PM,01 September 2026 05:31:57 PM,2026-09-01T16:48:01.456844+00:00,1.0,1.0,,1.0,,,
standardized,uob,CAD,SGD,CAD/SGD,1,Indicative board,board,"SGD 200 – 39,999.99",std_200_40k,forex_sgd,01 September 2026 05:31:57 PM,01 September 2026 05:31:57 PM,2026-09-01T16:48:01.456844+00:00,0.928,0.908,0.917,0.918,MAS,1.1995637949836433,0.9814612868047992
standardized,uob,CAD,SGD,CAD/SGD,1,Indicative board,board,"SGD 40,000 – 100,000",std_40k_100k,forex_sgd,01 September 2026 05:31:57 PM,01 September 2026 05:31:57 PM,2026-09-01T16:48:01.456844+00:00,0.928,0.908,0.917,0.918,MAS,1.1995637949836433,0.9814612868047992
standardized,uob,CAD,SGD,CAD/SGD,1,Indicative board,board,SGD 50 – 200,std_50_200,forex_sgd,01 September 2026 05:31:57 PM,01 September 2026 05:31:57 PM,2026-09-01T16:48:01.456844+00:00,0.928,0.908,0.917,0.918,MAS,1.1995637949836433,0.9814612868047992
standardized,uob,CAD,SGD,CAD/SGD,1,Indicative board,board,SGD < 50,std_lt_50,forex_sgd,01 September 2026 05:31:57 PM,01 September 2026 05:31:57 PM,2026-09-01T16:48:01.456844+00:00,0.928,0.908,0.917,0.918,MAS,1.1995637949836433,0.9814612868047992
standardized,uob,CHF,SGD,CHF/SGD,100,Indicative board,board,"SGD 200 – 39,999.99",std_200_40k,forex_sgd,01 September 2026 05:31:57 PM,01 September 2026 05:31:57 PM,2026-09-01T16:48:01.456844+00:00,158.89,155.59,157.02,157.24,MAS,1.190931091580675,0.9107120112087675
standardized,uob,CHF,SGD,CHF/SGD,100,Indicative board,board,"SGD 40,000 – 100,000",std_40k_100k,forex_sgd,01 September 2026 05:31:57 PM,01 September 2026 05:31:57 PM,2026-09-01T16:48:01.456844+00:00,158.89,155.59,157.02,157.24,MAS,1.190931091580675,0.9107120112087675
standardized,uob,CHF,SGD,CHF/SGD,100,Indicative board,board,SGD 50 – 200,std_50_200,forex_sgd,01 September 2026 05:31:57 PM,01 September 2026 05:31:57 PM,2026-09-01T16:48:01.456844+00:00,158.89,155.59,157.02,157.24,MAS,1.190931091580675,0.9107120112087675
standardized,uob,CHF,SGD,CHF/SGD,100,Indicative board,board,SGD < 50,std_lt_50,forex_sgd,01 September 2026 05:31:57 PM,01 September 2026 05:31:57 PM,2026-09-01T16:48:01.456844+00:00,158.89,155.59,157.02,157.24,MAS,1.190931091580675,0.9107120112087675
standardized,uob,CNH,SGD,CNH/SGD,100,Indicative board,board,"SGD 200 – 39,999.99",std_200_40k,forex_sgd,01 September 2026 05:31:57 PM,01 September 2026 05:31:57 PM,2026-09-01T16:48:01.456844+00:00,19.17,18.71,,18.94,,,
standardized,uob,CNH,SGD,CNH/SGD,100,Indicative board,board,"SGD 40,000 – 100,000",std_40k_100k,forex_sgd,01 September 2026 05:31:57 PM,01 September 2026 05:31:57 PM,2026-09-01T16:48:01.456844+00:00,19.17,18.71,,18.94,,,
standardized,uob,CNH,SGD,CNH/SGD,100,Indicative board,board,SGD 50 – 200,std_50_200,forex_sgd,01 September 2026 05:31:57 PM,01 September 2026 05:31:57 PM,2026-09-01T16:48:01.456844+00:00,19.17,18.71,,18.94,,,
standardized,uob,CNH,SGD,CNH/SGD,100,Indicative board,board,SGD < 50,std_lt_50,forex_sgd,01 September 2026 05:31:57 PM,01 September 2026 05:31:57 PM,2026-09-01T16:48:01.456844+00:00,19.17,18.71,,18.94,,,
standardized,uob,DKK,SGD,DKK/SGD,100,Indicative board,board,"SGD 200 – 39,999.99",std_200_40k,forex_sgd,01 September 2026 05:31:57 PM,01 September 2026 05:31:57 PM,2026-09-01T16:48:01.456844+00:00,20.1,19.4,,19.75,,,
standardized,uob,DKK,SGD,DKK/SGD,100,Indicative board,board,"SGD 40,000 – 100,000",std_40k_100k,forex_sgd,01 September 2026 05:31:57 PM,01 September 2026 05:31:57 PM,2026-09-01T16:48:01.456844+00:00,20.1,19.4,,19.75,,,
standardized,uob,DKK,SGD,DKK/SGD,100,Indicative board,board,SGD 50 – 200,std_50_200,forex_sgd,01 September 2026 05:31:57 PM,01 September 2026 05:31:57 PM,2026-09-01T16:48:01.456844+00:00,20.1,19.4,,19.75,,,
standardized,uob,DKK,SGD,DKK/SGD,100,Indicative board,board,SGD < 50,std_lt_50,forex_sgd,01 September 2026 05:31:57 PM,01 September 2026 05:31:57 PM,2026-09-01T16:48:01.456844+00:00,20.1,19.4,,19.75,,,
standardized,uob,EGP,SGD,EGP/SGD,100,Indicative board,board,"SGD 200 – 39,999.99",std_200_40k,forex_sgd,01 September 2026 05:31:57 PM,01 September 2026 05:31:57 PM,2026-09-01T16:48:01.456844+00:00,2.5709,,,,,,
standardized,uob,EGP,SGD,EGP/SGD,100,Indicative board,board,"SGD 40,000 – 100,000",std_40k_100k,forex_sgd,01 September 2026 05:31:57 PM,01 September 2026 05:31:57 PM,2026-09-01T16:48:01.456844+00:00,2.5709,,,,,,
standardized,uob,EGP,SGD,EGP/SGD,100,Indicative board,board,SGD 50 – 200,std_50_200,forex_sgd,01 September 2026 05:31:57 PM,01 September 2026 05:31:57 PM,2026-09-01T16:48:01.456844+00:00,2.5709,,,,,,
standardized,uob,EGP,SGD,EGP/SGD,100,Indicative board,board,SGD < 50,std_lt_50,forex_sgd,01 September 2026 05:31:57 PM,01 September 2026 05:31:57 PM,2026-09-01T16:48:01.456844+00:00,2.5709,,,,,,
standardized,uob,EUR,SGD,EUR/SGD,1,Indicative board,board,"SGD 200 – 39,999.99",std_200_40k,forex_sgd,01 September 2026 05:31:57 PM,01 September 2026 05:31:57 PM,2026-09-01T16:48:01.456844+00:00,1.4955,1.4575,1.4759,1.4765000000000001,MAS,1.3280032522528669,1.246696930686359
standardized,uob,EUR,SGD,EUR/SGD,1,Indicative board,board,"SGD 40,000 – 100,000",std_40k_100k,forex_sgd,01 September 2026 05:31:57 PM,01 September 2026 05:31:57 PM,2026-09-01T16:48:01.456844+00:00,1.4955,1.4575,1.4759,1.4765000000000001,MAS,1.3280032522528669,1.246696930686359
standardized,uob,EUR,SGD,EUR/SGD,1,Indicative board,board,SGD 50 – 200,std_50_200,forex_sgd,01 September 2026 05:31:57 PM,01 September 2026 05:31:57 PM,2026-09-01T16:48:01.456844+00:00,1.4955,1.4575,1.4759,1.4765000000000001,MAS,1.3280032522528669,1.246696930686359
standardized,uob,EUR,SGD,EUR/SGD,1,Indicative board,board,SGD < 50,std_lt_50,forex_sgd,01 September 2026 05:31:57 PM,01 September 2026 05:31:57 PM,2026-09-01T16:48:01.456844+00:00,1.4955,1.4575,1.4759,1.4765000000000001,MAS,1.3280032522528669,1.246696930686359
standardized,uob,GBP,SGD,GBP/SGD,1,Indicative board,board,"SGD 200 – 39,999.99",std_200_40k,forex_sgd,01 September 2026 05:31:57 PM,01 September 2026 05:31:57 PM,2026-09-01T16:48:01.456844+00:00,1.7471,1.7021,1.7219,1.7246000000000001,MAS,1.4634996225100245,1.149892560543588
standardized,uob,GBP,SGD,GBP/SGD,1,Indicative board,board,"SGD 40,000 – 100,000",std_40k_100k,forex_sgd,01 September 2026 05:31:57 PM,01 September 2026 05:31:57 PM,2026-09-01T16:48:01.456844+00:00,1.7471,1.7021,1.7219,1.7246000000000001,MAS,1.4634996225100245,1.149892560543588
standardized,uob,GBP,SGD,GBP/SGD,1,Indicative board,board,SGD 50 – 200,std_50_200,forex_sgd,01 September 2026 05:31:57 PM,01 September 2026 05:31:57 PM,2026-09-01T16:48:01.456844+00:00,1.7471,1.7021,1.7219,1.7246000000000001,MAS,1.4634996225100245,1.149892560543588
standardized,uob,GBP,SGD,GBP/SGD,1,Indicative board,board,SGD < 50,std_lt_50,forex_sgd,01 September 2026 05:31:57 PM,01 September 2026 05:31:57 PM,2026-09-01T16:48:01.456844+00:00,1.7471,1.7021,1.7219,1.7246000000000001,MAS,1.4634996225100245,1.149892560543588
standardized,uob,HKD,SGD,HKD/SGD,100,Indicative board,board,"SGD 200 – 39,999.99",std_200_40k,forex_sgd,01 September 2026 05:31:57 PM,01 September 2026 05:31:57 PM,2026-09-01T16:48:01.456844+00:00,16.419,16.061,16.22,16.240000000000002,MAS,1.2268803945746092,0.9802712700369847
standardized,uob,HKD,SGD,HKD/SGD,100,Indicative board,board,"SGD 40,000 – 100,000",std_40k_100k,forex_sgd,01 September 2026 05:31:57 PM,01 September 2026 05:31:57 PM,2026-09-01T16:48:01.456844+00:00,16.419,16.061,16.22,16.240000000000002,MAS,1.2268803945746092,0.9802712700369847
standardized,uob,HKD,SGD,HKD/SGD,100,Indicative board,board,SGD 50 – 200,std_50_200,forex_sgd,01 September 2026 05:31:57 PM,01 September 2026 05:31:57 PM,2026-09-01T16:48:01.456844+00:00,16.419,16.061,16.22,16.240000000000002,MAS,1.2268803945746092,0.9802712700369847
standardized,uob,HKD,SGD,HKD/SGD,100,Indicative board,board,SGD < 50,std_lt_50,forex_sgd,01 September 2026 05:31:57 PM,01 September 2026 05:31:57 PM,2026-09-01T16:48:01.456844+00:00,16.419,16.061,16.22,16.240000000000002,MAS,1.2268803945746092,0.9802712700369847
standardized,uob,INR,SGD,INR/SGD,100,Indicative board,board,"SGD 200 – 39,999.99",std_200_40k,forex_sgd,01 September 2026 05:31:57 PM,01 September 2026 05:31:57 PM,2026-09-01T16:48:01.456844+00:00,1.3782,,1.338,,MAS,3.0044843049327365,
standardized,uob,INR,SGD,INR/SGD,100,Indicative board,board,"SGD 40,000 – 100,000",std_40k_100k,forex_sgd,01 September 2026 05:31:57 PM,01 September 2026 05:31:57 PM,2026-09-01T16:48:01.456844+00:00,1.3782,,1.338,,MAS,3.0044843049327365,
standardized,uob,INR,SGD,INR/SGD,100,Indicative board,board,SGD 50 – 200,std_50_200,forex_sgd,01 September 2026 05:31:57 PM,01 September 2026 05:31:57 PM,2026-09-01T16:48:01.456844+00:00,1.3782,,1.338,,MAS,3.0044843049327365,
standardized,uob,INR,SGD,INR/SGD,100,Indicative board,board,SGD < 50,std_lt_50,forex_sgd,01 September 2026 05:31:57 PM,01 September 2026 05:31:57 PM,2026-09-01T16:48:01.456844+00:00,1.3782,,1.338,,MAS,3.0044843049327365,
standardized,uob,JPY,SGD,JPY/SGD,100,Indicative board,board,"SGD 200 – 39,999.99",std_200_40k,forex_sgd,01 September 2026 05:31:57 PM,01 September 2026 05:31:57 PM,2026-09-01T16:48:01.456844+00:00,0.8132,0.7792,0.7956999999999999,0.7962,MAS,2.1993213522684663,2.073645846424513
standardized,uob,JPY,SGD,JPY/SGD,100,Indicative board,board,"SGD 40,000 – 100,000",std_40k_100k,forex_sgd,01 September 2026 05:31:57 PM,01 September 2026 05:31:57 PM,2026-09-01T16:48:01.456844+00:00,0.8132,0.7792,0.7956999999999999,0.7962,MAS,2.1993213522684663,2.073645846424513
standardized,uob,JPY,SGD,JPY/SGD,100,Indicative board,board,SGD 50 – 200,std_50_200,forex_sgd,01 September 2026 05:31:57 PM,01 September 2026 05:31:57 PM,2026-09-01T16:48:01.456844+00:00,0.8132,0.7792,0.7956999999999999,0.7962,MAS,2.1993213522684663,2.073645846424513
standardized,uob,JPY,SGD,JPY/SGD,100,Indicative board,board,SGD < 50,std_lt_50,forex_sgd,01 September 2026 05:31:57 PM,01 September 2026 05:31:57 PM,2026-09-01T16:48:01.456844+00:00,0.8132,0.7792,0.7956999999999999,0.7962,MAS,2.1993213522684663,2.073645846424513
standardized,uob,KRW,SGD,KRW/SGD,1000,Indicative board,board,"SGD 200 – 39,999.99",std_200_40k,forex_sgd,01 September 2026 05:31:57 PM,01 September 2026 05:31:57 PM,2026-09-01T16:48:01.456844+00:00,0.943,,0.927,,MAS,1.7259978425026863,
standardized,uob,KRW,SGD,KRW/SGD,1000,Indicative board,board,"SGD 40,000 – 100,000",std_40k_100k,forex_sgd,01 September 2026 05:31:57 PM,01 September 2026 05:31:57 PM,2026-09-01T16:48:01.456844+00:00,0.943,,0.927,,MAS,1.7259978425026863,
standardized,uob,KRW,SGD,KRW/SGD,1000,Indicative board,board,SGD 50 – 200,std_50_200,forex_sgd,01 September 2026 05:31:57 PM,01 September 2026 05:31:57 PM,2026-09-01T16:48:01.456844+00:00,0.943,,0.927,,MAS,1.7259978425026863,
standardized,uob,KRW,SGD,KRW/SGD,1000,Indicative board,board,SGD < 50,std_lt_50,forex_sgd,01 September 2026 05:31:57 PM,01 September 2026 05:31:57 PM,2026-09-01T16:48:01.456844+00:00,0.943,,0.927,,MAS,1.7259978425026863,
standardized,uob,KWD,SGD,KWD/SGD,1,Indicative board,board,"SGD 200 – 39,999.99",std_200_40k,forex_sgd,01 September 2026 05:31:57 PM,01 September 2026 05:31:57 PM,2026-09-01T16:48:01.456844+00:00,4.1777,,,,,,
standardized,uob,KWD,SGD,KWD/SGD,1,Indicative board,board,"SGD 40,000 – 100,000",std_40k_100k,forex_sgd,01 September 2026 05:31:57 PM,01 September 2026 05:31:57 PM,2026-09-01T16:48:01.456844+00:00,4.1777,,,,,,
standardized,uob,KWD,SGD,KWD/SGD,1,Indicative board,board,SGD 50 – 200,std_50_200,forex_sgd,01 September 2026 05:31:57 PM,01 September 2026 05:31:57 PM,2026-09-01T16:48:01.456844+00:00,4.1777,,,,,,
standardized,uob,KWD,SGD,KWD/SGD,1,Indicative board,board,SGD < 50,std_lt_50,forex_sgd,01 September 2026 05:31:57 PM,01 September 2026 05:31:57 PM,2026-09-01T16:48:01.456844+00:00,4.1777,,,,,,
standardized,uob,LKR,SGD,LKR/SGD,100,Indicative board,board,"SGD 200 – 39,999.99",std_200_40k,forex_sgd,01 September 2026 05:31:57 PM,01 September 2026 05:31:57 PM,2026-09-01T16:48:01.456844+00:00,0.3939,,,,,,
standardized,uob,LKR,SGD,LKR/SGD,100,Indicative board,board,"SGD 40,000 – 100,000",std_40k_100k,forex_sgd,01 September 2026 05:31:57 PM,01 September 2026 05:31:57 PM,2026-09-01T16:48:01.456844+00:00,0.3939,,,,,,
standardized,uob,LKR,SGD,LKR/SGD,100,Indicative board,board,SGD 50 – 200,std_50_200,forex_sgd,01 September 2026 05:31:57 PM,01 September 2026 05:31:57 PM,2026-09-01T16:48:01.456844+00:00,0.3939,,,,,,
standardized,uob,LKR,SGD,LKR/SGD,100,Indicative board,board,SGD < 50,std_lt_50,forex_sgd,01 September 2026 05:31:57 PM,01 September 2026 05:31:57 PM,2026-09-01T16:48:01.456844+00:00,0.3939,,,,,,
standardized,uob,MXN,SGD,MXN/SGD,100,Indicative board,board,"SGD 200 – 39,999.99",std_200_40k,forex_sgd,01 September 2026 05:31:57 PM,01 September 2026 05:31:57 PM,2026-09-01T16:48:01.456844+00:00,7.5538,,,,,,
standardized,uob,MXN,SGD,MXN/SGD,100,Indicative board,board,"SGD 40,000 – 100,000",std_40k_100k,forex_sgd,01 September 2026 05:31:57 PM,01 September 2026 05:31:57 PM,2026-09-01T16:48:01.456844+00:00,7.5538,,,,,,
standardized,uob,MXN,SGD,MXN/SGD,100,Indicative board,board,SGD 50 – 200,std_50_200,forex_sgd,01 September 2026 05:31:57 PM,01 September 2026 05:31:57 PM,2026-09-01T16:48:01.456844+00:00,7.5538,,,,,,
standardized,uob,MXN,SGD,MXN/SGD,100,Indicative board,board,SGD < 50,std_lt_50,forex_sgd,01 September 2026 05:31:57 PM,01 September 2026 05:31:57 PM,2026-09-01T16:48:01.456844+00:00,7.5538,,,,,,
standardized,uob,MYR,SGD,MYR/SGD,100,Indicative board,board,"SGD 200 – 39,999.99",std_200_40k,forex_sgd,01 September 2026 05:31:57 PM,01 September 2026 05:31:57 PM,2026-09-01T16:48:01.456844+00:00,31.9693,,31.509999999999998,,MAS,1.4576324976198112,
standardized,uob,MYR,SGD,MYR/SGD,100,Indicative board,board,"SGD 40,000 – 100,000",std_40k_100k,forex_sgd,01 September 2026 05:31:57 PM,01 September 2026 05:31:57 PM,2026-09-01T16:48:01.456844+00:00,31.9693,,31.509999999999998,,MAS,1.4576324976198112,
standardized,uob,MYR,SGD,MYR/SGD,100,Indicative board,board,SGD 50 – 200,std_50_200,forex_sgd,01 September 2026 05:31:57 PM,01 September 2026 05:31:57 PM,2026-09-01T16:48:01.456844+00:00,31.9693,,31.509999999999998,,MAS,1.4576324976198112,
standardized,uob,MYR,SGD,MYR/SGD,100,Indicative board,board,SGD < 50,std_lt_50,forex_sgd,01 September 2026 05:31:57 PM,01 September 2026 05:31:57 PM,2026-09-01T16:48:01.456844+00:00,31.9693,,31.509999999999998,,MAS,1.4576324976198112,
standardized,uob,NOK,SGD,NOK/SGD,100,Indicative board,board,"SGD 200 – 39,999.99",std_200_40k,forex_sgd,01 September 2026 05:31:57 PM,01 September 2026 05:31:57 PM,2026-09-01T16:48:01.456844+00:00,13.87,13.43,,13.649999999999999,,,
standardized,uob,NOK,SGD,NOK/SGD,100,Indicative board,board,"SGD 40,000 – 100,000",std_40k_100k,forex_sgd,01 September 2026 05:31:57 PM,01 September 2026 05:31:57 PM,2026-09-01T16:48:01.456844+00:00,13.87,13.43,,13.649999999999999,,,
standardized,uob,NOK,SGD,NOK/SGD,100,Indicative board,board,SGD 50 – 200,std_50_200,forex_sgd,01 September 2026 05:31:57 PM,01 September 2026 05:31:57 PM,2026-09-01T16:48:01.456844+00:00,13.87,13.43,,13.649999999999999,,,
standardized,uob,NOK,SGD,NOK/SGD,100,Indicative board,board,SGD < 50,std_lt_50,forex_sgd,01 September 2026 05:31:57 PM,01 September 2026 05:31:57 PM,2026-09-01T16:48:01.456844+00:00,13.87,13.43,,13.649999999999999,,,
standardized,uob,NZD,SGD,NZD/SGD,1,Indicative board,board,"SGD 200 – 39,999.99",std_200_40k,forex_sgd,01 September 2026 05:31:57 PM,01 September 2026 05:31:57 PM,2026-09-01T16:48:01.456844+00:00,0.7606,0.7406,0.7511,0.7506,MAS,1.2648116096392044,1.3979496738117367
standardized,uob,NZD,SGD,NZD/SGD,1,Indicative board,board,"SGD 40,000 – 100,000",std_40k_100k,forex_sgd,01 September 2026 05:31:57 PM,01 September 2026 05:31:57 PM,2026-09-01T16:48:01.456844+00:00,0.7606,0.7406,0.7511,0.7506,MAS,1.2648116096392044,1.3979496738117367
standardized,uob,NZD,SGD,NZD/SGD,1,Indicative board,board,SGD 50 – 200,std_50_200,forex_sgd,01 September 2026 05:31:57 PM,01 September 2026 05:31:57 PM,2026-09-01T16:48:01.456844+00:00,0.7606,0.7406,0.7511,0.7506,MAS,1.2648116096392044,1.3979496738117367
standardized,uob,NZD,SGD,NZD/SGD,1,Indicative board,board,SGD < 50,std_lt_50,forex_sgd,01 September 2026 05:31:57 PM,01 September 2026 05:31:57 PM,2026-09-01T16:48:01.456844+00:00,0.7606,0.7406,0.7511,0.7506,MAS,1.2648116096392044,1.3979496738117367
standardized,uob,PHP,SGD,PHP/SGD,100,Indicative board,board,"SGD 200 – 39,999.99",std_200_40k,forex_sgd,01 September 2026 05:31:57 PM,01 September 2026 05:31:57 PM,2026-09-01T16:48:01.456844+00:00,2.0859,,2.0384,,MAS,2.330259026687592,
standardized,uob,PHP,SGD,PHP/SGD,100,Indicative board,board,"SGD 40,000 – 100,000",std_40k_100k,forex_sgd,01 September 2026 05:31:57 PM,01 September 2026 05:31:57 PM,2026-09-01T16:48:01.456844+00:00,2.0859,,2.0384,,MAS,2.330259026687592,
standardized,uob,PHP,SGD,PHP/SGD,100,Indicative board,board,SGD 50 – 200,std_50_200,forex_sgd,01 September 2026 05:31:57 PM,01 September 2026 05:31:57 PM,2026-09-01T16:48:01.456844+00:00,2.0859,,2.0384,,MAS,2.330259026687592,
standardized,uob,PHP,SGD,PHP/SGD,100,Indicative board,board,SGD < 50,std_lt_50,forex_sgd,01 September 2026 05:31:57 PM,01 September 2026 05:31:57 PM,2026-09-01T16:48:01.456844+00:00,2.0859,,2.0384,,MAS,2.330259026687592,
standardized,uob,PKR,SGD,PKR/SGD,100,Indicative board,board,"SGD 200 – 39,999.99",std_200_40k,forex_sgd,01 September 2026 05:31:57 PM,01 September 2026 05:31:57 PM,2026-09-01T16:48:01.456844+00:00,0.4646,,,,,,
standardized,uob,PKR,SGD,PKR/SGD,100,Indicative board,board,"SGD 40,000 – 100,000",std_40k_100k,forex_sgd,01 September 2026 05:31:57 PM,01 September 2026 05:31:57 PM,2026-09-01T16:48:01.456844+00:00,0.4646,,,,,,
standardized,uob,PKR,SGD,PKR/SGD,100,Indicative board,board,SGD 50 – 200,std_50_200,forex_sgd,01 September 2026 05:31:57 PM,01 September 2026 05:31:57 PM,2026-09-01T16:48:01.456844+00:00,0.4646,,,,,,
standardized,uob,PKR,SGD,PKR/SGD,100,Indicative board,board,SGD < 50,std_lt_50,forex_sgd,01 September 2026 05:31:57 PM,01 September 2026 05:31:57 PM,2026-09-01T16:48:01.456844+00:00,0.4646,,,,,,
standardized,uob,SAR,SGD,SAR/SGD,100,Indicative board,board,"SGD 200 – 39,999.99",std_200_40k,forex_sgd,01 September 2026 05:31:57 PM,01 September 2026 05:31:57 PM,2026-09-01T16:48:01.456844+00:00,,,33.87,,MAS,,
standardized,uob,SAR,SGD,SAR/SGD,100,Indicative board,board,"SGD 40,000 – 100,000",std_40k_100k,forex_sgd,01 September 2026 05:31:57 PM,01 September 2026 05:31:57 PM,2026-09-01T16:48:01.456844+00:00,,,33.87,,MAS,,
standardized,uob,SAR,SGD,SAR/SGD,100,Indicative board,board,SGD 50 – 200,std_50_200,forex_sgd,01 September 2026 05:31:57 PM,01 September 2026 05:31:57 PM,2026-09-01T16:48:01.456844+00:00,,,33.87,,MAS,,
standardized,uob,SAR,SGD,SAR/SGD,100,Indicative board,board,SGD < 50,std_lt_50,forex_sgd,01 September 2026 05:31:57 PM,01 September 2026 05:31:57 PM,2026-09-01T16:48:01.456844+00:00,,,33.87,,MAS,,
standardized,uob,SEK,SGD,SEK/SGD,100,Indicative board,board,"SGD 200 – 39,999.99",std_200_40k,forex_sgd,01 September 2026 05:31:57 PM,01 September 2026 05:31:57 PM,2026-09-01T16:48:01.456844+00:00,13.51,13.03,,13.27,,,
standardized,uob,SEK,SGD,SEK/SGD,100,Indicative board,board,"SGD 40,000 – 100,000",std_40k_100k,forex_sgd,01 September 2026 05:31:57 PM,01 September 2026 05:31:57 PM,2026-09-01T16:48:01.456844+00:00,13.51,13.03,,13.27,,,
standardized,uob,SEK,SGD,SEK/SGD,100,Indicative board,board,SGD 50 – 200,std_50_200,forex_sgd,01 September 2026 05:31:57 PM,01 September 2026 05:31:57 PM,2026-09-01T16:48:01.456844+00:00,13.51,13.03,,13.27,,,
standardized,uob,SEK,SGD,SEK/SGD,100,Indicative board,board,SGD < 50,std_lt_50,forex_sgd,01 September 2026 05:31:57 PM,01 September 2026 05:31:57 PM,2026-09-01T16:48:01.456844+00:00,13.51,13.03,,13.27,,,
standardized,uob,THB,SGD,THB/SGD,100,Indicative board,board,"SGD 200 – 39,999.99",std_200_40k,forex_sgd,01 September 2026 05:31:57 PM,01 September 2026 05:31:57 PM,2026-09-01T16:48:01.456844+00:00,3.93,3.73,3.832,3.83,MAS,2.557411273486438,2.661795407098118
standardized,uob,THB,SGD,THB/SGD,100,Indicative board,board,"SGD 40,000 – 100,000",std_40k_100k,forex_sgd,01 September 2026 05:31:57 PM,01 September 2026 05:31:57 PM,2026-09-01T16:48:01.456844+00:00,3.93,3.73,3.832,3.83,MAS,2.557411273486438,2.661795407098118
standardized,uob,THB,SGD,THB/SGD,100,Indicative board,board,SGD 50 – 200,std_50_200,forex_sgd,01 September 2026 05:31:57 PM,01 September 2026 05:31:57 PM,2026-09-01T16:48:01.456844+00:00,3.93,3.73,3.832,3.83,MAS,2.557411273486438,2.661795407098118
standardized,uob,THB,SGD,THB/SGD,100,Indicative board,board,SGD < 50,std_lt_50,forex_sgd,01 September 2026 05:31:57 PM,01 September 2026 05:31:57 PM,2026-09-01T16:48:01.456844+00:00,3.93,3.73,3.832,3.83,MAS,2.557411273486438,2.661795407098118
standardized,uob,TWD,SGD,TWD/SGD,100,Indicative board,board,"SGD 200 – 39,999.99",std_200_40k,forex_sgd,01 September 2026 05:31:57 PM,01 September 2026 05:31:57 PM,2026-09-01T16:48:01.456844+00:00,4.1077,,4.0182,,MAS,2.2273654870339983,
standardized,uob,TWD,SGD,TWD/SGD,100,Indicative board,board,"SGD 40,000 – 100,000",std_40k_100k,forex_sgd,01 September 2026 05:31:57 PM,01 September 2026 05:31:57 PM,2026-09-01T16:48:01.456844+00:00,4.1077,,4.0182,,MAS,2.2273654870339983,
standardized,uob,TWD,SGD,TWD/SGD,100,Indicative board,board,SGD 50 – 200,std_50_200,forex_sgd,01 September 2026 05:31:57 PM,01 September 2026 05:31:57 PM,2026-09-01T16:48:01.456844+00:00,4.1077,,4.0182,,MAS,2.2273654870339983,
standardized,uob,TWD,SGD,TWD/SGD,100,Indicative board,board,SGD < 50,std_lt_50,forex_sgd,01 September 2026 05:31:57 PM,01 September 2026 05:31:57 PM,2026-09-01T16:48:01.456844+00:00,4.1077,,4.0182,,MAS,2.2273654870339983,
standardized,uob,USD,SGD,USD/SGD,1,Indicative board,board,"SGD 200 – 39,999.99",std_200_40k,forex_sgd,01 September 2026 05:31:57 PM,01 September 2026 05:31:57 PM,2026-09-01T16:48:01.456844+00:00,1.2853,1.2613,1.2717,1.2733,MAS,1.0694346150821779,0.8178029409451887
standardized,uob,USD,SGD,USD/SGD,1,Indicative board,board,"SGD 40,000 – 100,000",std_40k_100k,forex_sgd,01 September 2026 05:31:57 PM,01 September 2026 05:31:57 PM,2026-09-01T16:48:01.456844+00:00,1.2853,1.2613,1.2717,1.2733,MAS,1.0694346150821779,0.8178029409451887
standardized,uob,USD,SGD,USD/SGD,1,Indicative board,board,SGD 50 – 200,std_50_200,forex_sgd,01 September 2026 05:31:57 PM,01 September 2026 05:31:57 PM,2026-09-01T16:48:01.456844+00:00,1.2853,1.2613,1.2717,1.2733,MAS,1.0694346150821779,0.8178029409451887
standardized,uob,USD,SGD,USD/SGD,1,Indicative board,board,SGD < 50,std_lt_50,forex_sgd,01 September 2026 05:31:57 PM,01 September 2026 05:31:57 PM,2026-09-01T16:48:01.456844+00:00,1.2853,1.2613,1.2717,1.2733,MAS,1.0694346150821779,0.8178029409451887
standardized,uob,VND,SGD,VND/SGD,1000,Indicative board,board,"SGD 200 – 39,999.99",std_200_40k,forex_sgd,01 September 2026 05:31:57 PM,01 September 2026 05:31:57 PM,2026-09-01T16:48:01.456844+00:00,,,0.04877,,MAS,,
standardized,uob,VND,SGD,VND/SGD,1000,Indicative board,board,"SGD 40,000 – 100,000",std_40k_100k,forex_sgd,01 September 2026 05:31:57 PM,01 September 2026 05:31:57 PM,2026-09-01T16:48:01.456844+00:00,,,0.04877,,MAS,,
standardized,uob,VND,SGD,VND/SGD,1000,Indicative board,board,SGD 50 – 200,std_50_200,forex_sgd,01 September 2026 05:31:57 PM,01 September 2026 05:31:57 PM,2026-09-01T16:48:01.456844+00:00,,,0.04877,,MAS,,
standardized,uob,VND,SGD,VND/SGD,1000,Indicative board,board,SGD < 50,std_lt_50,forex_sgd,01 September 2026 05:31:57 PM,01 September 2026 05:31:57 PM,2026-09-01T16:48:01.456844+00:00,,,0.04877,,MAS,,
standardized,uob,XAF,SGD,XAF/SGD,100,Indicative board,board,"SGD 200 – 39,999.99",std_200_40k,forex_sgd,01 September 2026 05:31:57 PM,01 September 2026 05:31:57 PM,2026-09-01T16:48:01.456844+00:00,0.2312,,,,,,
standardized,uob,XAF,SGD,XAF/SGD,100,Indicative board,board,"SGD 40,000 – 100,000",std_40k_100k,forex_sgd,01 September 2026 05:31:57 PM,01 September 2026 05:31:57 PM,2026-09-01T16:48:01.456844+00:00,0.2312,,,,,,
standardized,uob,XAF,SGD,XAF/SGD,100,Indicative board,board,SGD 50 – 200,std_50_200,forex_sgd,01 September 2026 05:31:57 PM,01 September 2026 05:31:57 PM,2026-09-01T16:48:01.456844+00:00,0.2312,,,,,,
standardized,uob,XAF,SGD,XAF/SGD,100,Indicative board,board,SGD < 50,std_lt_50,forex_sgd,01 September 2026 05:31:57 PM,01 September 2026 05:31:57 PM,2026-09-01T16:48:01.456844+00:00,0.2312,,,,,,
standardized,uob,XOF,SGD,XOF/SGD,100,Indicative board,board,"SGD 200 – 39,999.99",std_200_40k,forex_sgd,01 September 2026 05:31:57 PM,01 September 2026 05:31:57 PM,2026-09-01T16:48:01.456844+00:00,0.2321,,,,,,
standardized,uob,XOF,SGD,XOF/SGD,100,Indicative board,board,"SGD 40,000 – 100,000",std_40k_100k,forex_sgd,01 September 2026 05:31:57 PM,01 September 2026 05:31:57 PM,2026-09-01T16:48:01.456844+00:00,0.2321,,,,,,
standardized,uob,XOF,SGD,XOF/SGD,100,Indicative board,board,SGD 50 – 200,std_50_200,forex_sgd,01 September 2026 05:31:57 PM,01 September 2026 05:31:57 PM,2026-09-01T16:48:01.456844+00:00,0.2321,,,,,,
standardized,uob,XOF,SGD,XOF/SGD,100,Indicative board,board,SGD < 50,std_lt_50,forex_sgd,01 September 2026 05:31:57 PM,01 September 2026 05:31:57 PM,2026-09-01T16:48:01.456844+00:00,0.2321,,,,,,
standardized,uob,ZAR,SGD,ZAR/SGD,1,Indicative board,board,"SGD 200 – 39,999.99",std_200_40k,forex_sgd,01 September 2026 05:31:57 PM,01 September 2026 05:31:57 PM,2026-09-01T16:48:01.456844+00:00,0.0807,0.0767,,0.07869999999999999,,,
standardized,uob,ZAR,SGD,ZAR/SGD,1,Indicative board,board,"SGD 40,000 – 100,000",std_40k_100k,forex_sgd,01 September 2026 05:31:57 PM,01 September 2026 05:31:57 PM,2026-09-01T16:48:01.456844+00:00,0.0807,0.0767,,0.07869999999999999,,,
standardized,uob,ZAR,SGD,ZAR/SGD,1,Indicative board,board,SGD 50 – 200,std_50_200,forex_sgd,01 September 2026 05:31:57 PM,01 September 2026 05:31:57 PM,2026-09-01T16:48:01.456844+00:00,0.0807,0.0767,,0.07869999999999999,,,
standardized,uob,ZAR,SGD,ZAR/SGD,1,Indicative board,board,SGD < 50,std_lt_50,forex_sgd,01 September 2026 05:31:57 PM,01 September 2026 05:31:57 PM,2026-09-01T16:48:01.456844+00:00,0.0807,0.0767,,0.07869999999999999,,,
