record_type,bank,base_currency,quote_currency,currency_pair,unit,transaction_value,amount_tier,std_transaction_value,std_amount_tier,group,effective_date,last_updated,scraped_at,tt_od_sell,tt_buy,mid_rate,bank_mid_rate,mid_source,sell_margin_pct,buy_margin_pct
native,dbs,AED,SGD,AED/SGD,1,SGD 50 – 200,amtBtw50And200,,,mainCurrencies,2026-09-03 00:30:11,2026-09-02 16:30:25,2026-09-02T16:43:48.511722+00:00,0.3485,0.3438,0.3468,0.34614999999999996,MAS,0.49019607843136653,0.8650519031141877
native,dbs,AED,SGD,AED/SGD,1,SGD < 50,amtLessThan50,,,mainCurrencies,2026-09-03 00:30:11,2026-09-02 16:30:25,2026-09-02T16:43:48.511722+00:00,0.3513,0.341,0.3468,0.34615,MAS,1.2975778546712815,1.6724336793540864
native,dbs,AUD,SGD,AUD/SGD,1,SGD 50 – 200,amtBtw50And200,,,mainCurrencies,2026-09-03 00:30:11,2026-09-02 16:30:25,2026-09-02T16:43:48.511722+00:00,0.9213,0.9011,0.9094,0.9112,MAS,1.308555091268971,0.9126896855069249
native,dbs,AUD,SGD,AUD/SGD,1,SGD < 50,amtLessThan50,,,mainCurrencies,2026-09-03 00:30:11,2026-09-02 16:30:25,2026-09-02T16:43:48.511722+00:00,0.9217,0.9007,0.9094,0.9112,MAS,1.3525401363536373,0.9566747305916035
native,dbs,BDT,SGD,BDT/SGD,100,SGD 50 – 200,amtBtw50And200,,,otherCurrencies,2026-09-03 00:30:11,2026-09-02 16:30:25,2026-09-02T16:43:48.511722+00:00,1.0517,,,,,,
native,dbs,BDT,SGD,BDT/SGD,100,SGD < 50,amtLessThan50,,,otherCurrencies,2026-09-03 00:30:11,2026-09-02 16:30:25,2026-09-02T16:43:48.511722+00:00,1.0517,,,,,,
native,dbs,BHD,SGD,BHD/SGD,1,SGD 50 – 200,amtBtw50And200,,,otherCurrencies,2026-09-03 00:30:11,2026-09-02 16:30:25,2026-09-02T16:43:48.511722+00:00,3.4353,,,,,,
native,dbs,BHD,SGD,BHD/SGD,1,SGD < 50,amtLessThan50,,,otherCurrencies,2026-09-03 00:30:11,2026-09-02 16:30:25,2026-09-02T16:43:48.511722+00:00,3.4488,,,,,,
native,dbs,BND,SGD,BND/SGD,1,SGD 50 – 200,amtBtw50And200,,,otherCurrencies,2026-09-03 00:30:11,2026-09-02 16:30:25,2026-09-02T16:43:48.511722+00:00,1.0,1.0,,1.0,,,
native,dbs,BND,SGD,BND/SGD,1,SGD < 50,amtLessThan50,,,otherCurrencies,2026-09-03 00:30:11,2026-09-02 16:30:25,2026-09-02T16:43:48.511722+00:00,1.0,1.0,,1.0,,,
native,dbs,CAD,SGD,CAD/SGD,1,SGD 50 – 200,amtBtw50And200,,,mainCurrencies,2026-09-03 00:30:11,2026-09-02 16:30:25,2026-09-02T16:43:48.511722+00:00,0.9248,0.9109,0.9152,0.91785,MAS,1.0489510489510425,0.46984265734265407
native,dbs,CAD,SGD,CAD/SGD,1,SGD < 50,amtLessThan50,,,mainCurrencies,2026-09-03 00:30:11,2026-09-02 16:30:25,2026-09-02T16:43:48.511722+00:00,0.928,0.9077,0.9152,0.91785,MAS,1.3986013986014023,0.8194930069930138
native,dbs,CHF,SGD,CHF/SGD,1,SGD 50 – 200,amtBtw50And200,,,mainCurrencies,2026-09-03 00:30:11,2026-09-02 16:30:25,2026-09-02T16:43:48.511722+00:00,1.5779,1.548,1.5667,1.56295,MAS,0.7148784068424139,1.1935916257100874
native,dbs,CHF,SGD,CHF/SGD,1,SGD < 50,amtLessThan50,,,mainCurrencies,2026-09-03 00:30:11,2026-09-02 16:30:25,2026-09-02T16:43:48.511722+00:00,1.5787,1.5473,1.5667,1.563,MAS,0.7659411501882946,1.238271526137747
native,dbs,CNH,SGD,CNH/SGD,1,SGD 50 – 200,amtBtw50And200,,,mainCurrencies,2026-09-03 00:30:11,2026-09-02 16:30:25,2026-09-02T16:43:48.511722+00:00,0.1914,0.187,,0.18919999999999998,,,
native,dbs,CNH,SGD,CNH/SGD,1,SGD < 50,amtLessThan50,,,mainCurrencies,2026-09-03 00:30:11,2026-09-02 16:30:25,2026-09-02T16:43:48.511722+00:00,0.192,0.1863,,0.18914999999999998,,,
native,dbs,CNY,SGD,CNY/SGD,1,SGD 50 – 200,amtBtw50And200,,,otherCurrencies,2026-09-03 00:30:11,2026-09-02 16:30:25,2026-09-02T16:43:48.511722+00:00,0.1892,,0.1894,,MAS,-0.10559662090813397,
native,dbs,CNY,SGD,CNY/SGD,1,SGD < 50,amtLessThan50,,,otherCurrencies,2026-09-03 00:30:11,2026-09-02 16:30:25,2026-09-02T16:43:48.511722+00:00,0.1909,,0.1894,,MAS,0.7919746568109681,
native,dbs,DKK,SGD,DKK/SGD,1,SGD 50 – 200,amtBtw50And200,,,mainCurrencies,2026-09-03 00:30:11,2026-09-02 16:30:25,2026-09-02T16:43:48.511722+00:00,0.1998,0.1943,,0.19705,,,
native,dbs,DKK,SGD,DKK/SGD,1,SGD < 50,amtLessThan50,,,mainCurrencies,2026-09-03 00:30:11,2026-09-02 16:30:25,2026-09-02T16:43:48.511722+00:00,0.2001,0.194,,0.19705,,,
native,dbs,EUR,SGD,EUR/SGD,1,SGD 50 – 200,amtBtw50And200,,,mainCurrencies,2026-09-03 00:30:11,2026-09-02 16:30:25,2026-09-02T16:43:48.511722+00:00,1.4859,1.4607,1.4747,1.4733,MAS,0.7594765036956737,0.9493456296195696
native,dbs,EUR,SGD,EUR/SGD,1,SGD < 50,amtLessThan50,,,mainCurrencies,2026-09-03 00:30:11,2026-09-02 16:30:25,2026-09-02T16:43:48.511722+00:00,1.4866,1.46,1.4747,1.4733,MAS,0.8069437851766476,0.9968129111005586
native,dbs,GBP,SGD,GBP/SGD,1,SGD 50 – 200,amtBtw50And200,,,mainCurrencies,2026-09-03 00:30:11,2026-09-02 16:30:25,2026-09-02T16:43:48.511722+00:00,1.7289,1.703,1.7195,1.71595,MAS,0.5466705437627261,0.9595812736260516
native,dbs,GBP,SGD,GBP/SGD,1,SGD < 50,amtLessThan50,,,mainCurrencies,2026-09-03 00:30:11,2026-09-02 16:30:25,2026-09-02T16:43:48.511722+00:00,1.7306,1.7013,1.7195,1.7159499999999999,MAS,0.6455364931666117,1.0584472230299502
native,dbs,HKD,SGD,HKD/SGD,1,SGD 50 – 200,amtBtw50And200,,,mainCurrencies,2026-09-03 00:30:11,2026-09-02 16:30:25,2026-09-02T16:43:48.511722+00:00,0.1637,0.1604,0.1624,0.16205,MAS,0.8004926108374529,1.2315270935960603
native,dbs,HKD,SGD,HKD/SGD,1,SGD < 50,amtLessThan50,,,mainCurrencies,2026-09-03 00:30:11,2026-09-02 16:30:25,2026-09-02T16:43:48.511722+00:00,0.1639,0.1603,0.1624,0.1621,MAS,0.9236453201970453,1.2931034482758565
native,dbs,HUF,SGD,HUF/SGD,100,SGD 50 – 200,amtBtw50And200,,,otherCurrencies,2026-09-03 00:30:11,2026-09-02 16:30:25,2026-09-02T16:43:48.511722+00:00,0.4069,,,,,,
native,dbs,HUF,SGD,HUF/SGD,100,SGD < 50,amtLessThan50,,,otherCurrencies,2026-09-03 00:30:11,2026-09-02 16:30:25,2026-09-02T16:43:48.511722+00:00,0.4085,,,,,,
native,dbs,ID0,SGD,ID0/SGD,100,SGD 50 – 200,amtBtw50And200,,,otherCurrencies,2026-09-03 00:30:11,2026-09-02 16:30:25,2026-09-02T16:43:48.511722+00:00,,,,,,,
native,dbs,ID0,SGD,ID0/SGD,100,SGD < 50,amtLessThan50,,,otherCurrencies,2026-09-03 00:30:11,2026-09-02 16:30:25,2026-09-02T16:43:48.511722+00:00,,0.0071,,,,,
native,dbs,IDR,SGD,IDR/SGD,100,SGD 50 – 200,amtBtw50And200,,,mainCurrencies,2026-09-03 00:30:11,2026-09-02 16:30:25,2026-09-02T16:43:48.511722+00:00,0.0073,,0.0071660000000000005,,MAS,1.8699413898967283,
native,dbs,IDR,SGD,IDR/SGD,100,SGD < 50,amtLessThan50,,,mainCurrencies,2026-09-03 00:30:11,2026-09-02 16:30:25,2026-09-02T16:43:48.511722+00:00,0.0073,,0.0071660000000000005,,MAS,1.8699413898967283,
native,dbs,IN0,SGD,IN0/SGD,100,SGD 50 – 200,amtBtw50And200,,,otherCurrencies,2026-09-03 00:30:11,2026-09-02 16:30:25,2026-09-02T16:43:48.511722+00:00,,1.3393,,,,,
native,dbs,IN0,SGD,IN0/SGD,100,SGD < 50,amtLessThan50,,,otherCurrencies,2026-09-03 00:30:11,2026-09-02 16:30:25,2026-09-02T16:43:48.511722+00:00,,1.3393,,,,,
native,dbs,INR,SGD,INR/SGD,100,SGD 50 – 200,amtBtw50And200,,,otherCurrencies,2026-09-03 00:30:11,2026-09-02 16:30:25,2026-09-02T16:43:48.511722+00:00,1.3534,,1.3412,,MAS,0.9096331643304496,
native,dbs,INR,SGD,INR/SGD,100,SGD < 50,amtLessThan50,,,otherCurrencies,2026-09-03 00:30:11,2026-09-02 16:30:25,2026-09-02T16:43:48.511722+00:00,1.3642,,1.3412,,MAS,1.7148821950492197,
native,dbs,JPY,SGD,JPY/SGD,100,SGD 50 – 200,amtBtw50And200,,,mainCurrencies,2026-09-03 00:30:11,2026-09-02 16:30:25,2026-09-02T16:43:48.511722+00:00,0.8082,0.7921,0.7949000000000002,0.80015,MAS,1.6731664360296723,0.35224556547995156
native,dbs,JPY,SGD,JPY/SGD,100,SGD < 50,amtLessThan50,,,mainCurrencies,2026-09-03 00:30:11,2026-09-02 16:30:25,2026-09-02T16:43:48.511722+00:00,0.809,0.7913,0.7949000000000002,0.80015,MAS,1.7738080261667992,0.4528871556170786
native,dbs,KRW,SGD,KRW/SGD,100,SGD 50 – 200,amtBtw50And200,,,otherCurrencies,2026-09-03 00:30:11,2026-09-02 16:30:25,2026-09-02T16:43:48.511722+00:00,0.0948,,0.0929,,MAS,2.045209903121635,
native,dbs,KRW,SGD,KRW/SGD,100,SGD < 50,amtLessThan50,,,otherCurrencies,2026-09-03 00:30:11,2026-09-02 16:30:25,2026-09-02T16:43:48.511722+00:00,0.0948,,0.0929,,MAS,2.045209903121635,
native,dbs,KWD,SGD,KWD/SGD,100,SGD 50 – 200,amtBtw50And200,,,otherCurrencies,2026-09-03 00:30:11,2026-09-02 16:30:25,2026-09-02T16:43:48.511722+00:00,421.4702,,,,,,
native,dbs,KWD,SGD,KWD/SGD,100,SGD < 50,amtLessThan50,,,otherCurrencies,2026-09-03 00:30:11,2026-09-02 16:30:25,2026-09-02T16:43:48.511722+00:00,423.1321,,,,,,
native,dbs,LKR,SGD,LKR/SGD,100,SGD 50 – 200,amtBtw50And200,,,otherCurrencies,2026-09-03 00:30:11,2026-09-02 16:30:25,2026-09-02T16:43:48.511722+00:00,0.3948,,,,,,
native,dbs,LKR,SGD,LKR/SGD,100,SGD < 50,amtLessThan50,,,otherCurrencies,2026-09-03 00:30:11,2026-09-02 16:30:25,2026-09-02T16:43:48.511722+00:00,0.3948,,,,,,
native,dbs,MM1,SGD,MM1/SGD,100,SGD 50 – 200,amtBtw50And200,,,otherCurrencies,2026-09-03 00:30:11,2026-09-02 16:30:25,2026-09-02T16:43:48.511722+00:00,,,,,,,
native,dbs,MM1,SGD,MM1/SGD,100,SGD < 50,amtLessThan50,,,otherCurrencies,2026-09-03 00:30:11,2026-09-02 16:30:25,2026-09-02T16:43:48.511722+00:00,,,,,,,
native,dbs,MMK,SGD,MMK/SGD,100,SGD 50 – 200,amtBtw50And200,,,otherCurrencies,2026-09-03 00:30:11,2026-09-02 16:30:25,2026-09-02T16:43:48.511722+00:00,0.0323,,,,,,
native,dbs,MMK,SGD,MMK/SGD,100,SGD < 50,amtLessThan50,,,otherCurrencies,2026-09-03 00:30:11,2026-09-02 16:30:25,2026-09-02T16:43:48.511722+00:00,0.0323,,,,,,
native,dbs,MUR,SGD,MUR/SGD,100,SGD 50 – 200,amtBtw50And200,,,otherCurrencies,2026-09-03 00:30:11,2026-09-02 16:30:25,2026-09-02T16:43:48.511722+00:00,2.7085,,,,,,
native,dbs,MUR,SGD,MUR/SGD,100,SGD < 50,amtLessThan50,,,otherCurrencies,2026-09-03 00:30:11,2026-09-02 16:30:25,2026-09-02T16:43:48.511722+00:00,2.7192,,,,,,
native,dbs,MXN,SGD,MXN/SGD,100,SGD 50 – 200,amtBtw50And200,,,mainCurrencies,2026-09-03 00:30:11,2026-09-02 16:30:25,2026-09-02T16:43:48.511722+00:00,7.5934,,,,,,
native,dbs,MXN,SGD,MXN/SGD,100,SGD < 50,amtLessThan50,,,mainCurrencies,2026-09-03 00:30:11,2026-09-02 16:30:25,2026-09-02T16:43:48.511722+00:00,7.5935,,,,,,
native,dbs,MY0,SGD,MY0/SGD,1,SGD 50 – 200,amtBtw50And200,,,otherCurrencies,2026-09-03 00:30:11,2026-09-02 16:30:25,2026-09-02T16:43:48.511722+00:00,,0.3137,,,,,
native,dbs,MY0,SGD,MY0/SGD,1,SGD < 50,amtLessThan50,,,otherCurrencies,2026-09-03 00:30:11,2026-09-02 16:30:25,2026-09-02T16:43:48.511722+00:00,,0.3137,,,,,
native,dbs,MYR,SGD,MYR/SGD,1,SGD 50 – 200,amtBtw50And200,,,otherCurrencies,2026-09-03 00:30:11,2026-09-02 16:30:25,2026-09-02T16:43:48.511722+00:00,0.3177,,0.31489999999999996,,MAS,0.8891711654493569,
native,dbs,MYR,SGD,MYR/SGD,1,SGD < 50,amtLessThan50,,,otherCurrencies,2026-09-03 00:30:11,2026-09-02 16:30:25,2026-09-02T16:43:48.511722+00:00,0.3177,,0.31489999999999996,,MAS,0.8891711654493569,
native,dbs,NOK,SGD,NOK/SGD,1,SGD 50 – 200,amtBtw50And200,,,mainCurrencies,2026-09-03 00:30:11,2026-09-02 16:30:25,2026-09-02T16:43:48.511722+00:00,0.1384,0.1345,,0.13645000000000002,,,
native,dbs,NOK,SGD,NOK/SGD,1,SGD < 50,amtLessThan50,,,mainCurrencies,2026-09-03 00:30:11,2026-09-02 16:30:25,2026-09-02T16:43:48.511722+00:00,0.1388,0.1342,,0.1365,,,
native,dbs,NZD,SGD,NZD/SGD,1,SGD 50 – 200,amtBtw50And200,,,mainCurrencies,2026-09-03 00:30:11,2026-09-02 16:30:25,2026-09-02T16:43:48.511722+00:00,0.7515,0.7343,0.7440000000000001,0.7428999999999999,MAS,1.0080645161290105,1.3037634408602354
native,dbs,NZD,SGD,NZD/SGD,1,SGD < 50,amtLessThan50,,,mainCurrencies,2026-09-03 00:30:11,2026-09-02 16:30:25,2026-09-02T16:43:48.511722+00:00,0.7522,0.7335,0.7440000000000001,0.74285,MAS,1.1021505376343916,1.4112903225806537
native,dbs,OMR,SGD,OMR/SGD,1,SGD 50 – 200,amtBtw50And200,,,otherCurrencies,2026-09-03 00:30:11,2026-09-02 16:30:25,2026-09-02T16:43:48.511722+00:00,3.3272,,,,,,
native,dbs,OMR,SGD,OMR/SGD,1,SGD < 50,amtLessThan50,,,otherCurrencies,2026-09-03 00:30:11,2026-09-02 16:30:25,2026-09-02T16:43:48.511722+00:00,3.3272,,,,,,
native,dbs,PH0,SGD,PH0/SGD,100,SGD 50 – 200,amtBtw50And200,,,otherCurrencies,2026-09-03 00:30:11,2026-09-02 16:30:25,2026-09-02T16:43:48.511722+00:00,,2.0258,,,,,
native,dbs,PH0,SGD,PH0/SGD,100,SGD < 50,amtLessThan50,,,otherCurrencies,2026-09-03 00:30:11,2026-09-02 16:30:25,2026-09-02T16:43:48.511722+00:00,,2.0258,,,,,
native,dbs,PHP,SGD,PHP/SGD,100,SGD 50 – 200,amtBtw50And200,,,otherCurrencies,2026-09-03 00:30:11,2026-09-02 16:30:25,2026-09-02T16:43:48.511722+00:00,2.053,,2.0322,,MAS,1.0235213069579732,
native,dbs,PHP,SGD,PHP/SGD,100,SGD < 50,amtLessThan50,,,otherCurrencies,2026-09-03 00:30:11,2026-09-02 16:30:25,2026-09-02T16:43:48.511722+00:00,2.0684,,2.0322,,MAS,1.7813207361480172,
native,dbs,PLN,SGD,PLN/SGD,1,SGD 50 – 200,amtBtw50And200,,,otherCurrencies,2026-09-03 00:30:11,2026-09-02 16:30:25,2026-09-02T16:43:48.511722+00:00,0.346,,,,,,
native,dbs,PLN,SGD,PLN/SGD,1,SGD < 50,amtLessThan50,,,otherCurrencies,2026-09-03 00:30:11,2026-09-02 16:30:25,2026-09-02T16:43:48.511722+00:00,0.3473,,,,,,
native,dbs,QAR,SGD,QAR/SGD,1,SGD 50 – 200,amtBtw50And200,,,otherCurrencies,2026-09-03 00:30:11,2026-09-02 16:30:25,2026-09-02T16:43:48.511722+00:00,0.3565,,0.3494,,MAS,2.032054951345162,
native,dbs,QAR,SGD,QAR/SGD,1,SGD < 50,amtLessThan50,,,otherCurrencies,2026-09-03 00:30:11,2026-09-02 16:30:25,2026-09-02T16:43:48.511722+00:00,0.3579,,0.3494,,MAS,2.4327418431597048,
native,dbs,RUB,SGD,RUB/SGD,100,SGD 50 – 200,amtBtw50And200,,,mainCurrencies,2026-09-03 00:30:11,2026-09-02 16:30:25,2026-09-02T16:43:48.511722+00:00,,,,,,,
native,dbs,RUB,SGD,RUB/SGD,100,SGD < 50,amtLessThan50,,,mainCurrencies,2026-09-03 00:30:11,2026-09-02 16:30:25,2026-09-02T16:43:48.511722+00:00,,,,,,,
native,dbs,SAR,SGD,SAR/SGD,100,SGD 50 – 200,amtBtw50And200,,,otherCurrencies,2026-09-03 00:30:11,2026-09-02 16:30:25,2026-09-02T16:43:48.511722+00:00,34.2819,,33.92,,MAS,1.0669221698113165,
native,dbs,SAR,SGD,SAR/SGD,100,SGD < 50,amtLessThan50,,,otherCurrencies,2026-09-03 00:30:11,2026-09-02 16:30:25,2026-09-02T16:43:48.511722+00:00,34.2819,,33.92,,MAS,1.0669221698113165,
native,dbs,SEK,SGD,SEK/SGD,1,SGD 50 – 200,amtBtw50And200,,,mainCurrencies,2026-09-03 00:30:11,2026-09-02 16:30:25,2026-09-02T16:43:48.511722+00:00,0.1339,0.1302,,0.13205,,,
native,dbs,SEK,SGD,SEK/SGD,1,SGD < 50,amtLessThan50,,,mainCurrencies,2026-09-03 00:30:11,2026-09-02 16:30:25,2026-09-02T16:43:48.511722+00:00,0.1344,0.1297,,0.13205,,,
native,dbs,THB,SGD,THB/SGD,100,SGD 50 – 200,amtBtw50And200,,,mainCurrencies,2026-09-03 00:30:11,2026-09-02 16:30:25,2026-09-02T16:43:48.511722+00:00,3.8899,3.7735,3.8232000000000004,3.8316999999999997,MAS,1.7446118434818876,1.2999581502406496
native,dbs,THB,SGD,THB/SGD,100,SGD < 50,amtLessThan50,,,mainCurrencies,2026-09-03 00:30:11,2026-09-02 16:30:25,2026-09-02T16:43:48.511722+00:00,3.8941,3.7692,3.8232000000000004,3.83165,MAS,1.854467461812082,1.4124293785310804
native,dbs,TND,SGD,TND/SGD,1,SGD 50 – 200,amtBtw50And200,,,otherCurrencies,2026-09-03 00:30:11,2026-09-02 16:30:25,2026-09-02T16:43:48.511722+00:00,0.4425,,,,,,
native,dbs,TND,SGD,TND/SGD,1,SGD < 50,amtLessThan50,,,otherCurrencies,2026-09-03 00:30:11,2026-09-02 16:30:25,2026-09-02T16:43:48.511722+00:00,0.4425,,,,,,
native,dbs,TWD,SGD,TWD/SGD,100,SGD 50 – 200,amtBtw50And200,,,otherCurrencies,2026-09-03 00:30:11,2026-09-02 16:30:25,2026-09-02T16:43:48.511722+00:00,4.0549,,4.005,,MAS,1.24594257178527,
native,dbs,TWD,SGD,TWD/SGD,100,SGD < 50,amtLessThan50,,,otherCurrencies,2026-09-03 00:30:11,2026-09-02 16:30:25,2026-09-02T16:43:48.511722+00:00,4.0589,,4.005,,MAS,1.3458177278402124,
native,dbs,USD,SGD,USD/SGD,1,SGD 50 – 200,amtBtw50And200,,,mainCurrencies,2026-09-03 00:30:11,2026-09-02 16:30:25,2026-09-02T16:43:48.511722+00:00,1.282,1.2608,1.2735,1.2713999999999999,MAS,0.667451904201017,0.9972516686297725
native,dbs,USD,SGD,USD/SGD,1,SGD < 50,amtLessThan50,,,mainCurrencies,2026-09-03 00:30:11,2026-09-02 16:30:25,2026-09-02T16:43:48.511722+00:00,1.2829,1.2599,1.2735,1.2713999999999999,MAS,0.738123282292882,1.0679230467216376
native,dbs,VND,SGD,VND/SGD,100,SGD 50 – 200,amtBtw50And200,,,otherCurrencies,2026-09-03 00:30:11,2026-09-02 16:30:25,2026-09-02T16:43:48.511722+00:00,0.005,,0.004884,,MAS,2.3751023751023705,
native,dbs,VND,SGD,VND/SGD,100,SGD < 50,amtLessThan50,,,otherCurrencies,2026-09-03 00:30:11,2026-09-02 16:30:25,2026-09-02T16:43:48.511722+00:00,0.005,,0.004884,,MAS,2.3751023751023705,
native,dbs,XAU,SGD,XAU/SGD,1,SGD 50 – 200,amtBtw50And200,,,otherCurrencies,2026-09-03 00:30:11,2026-09-02 16:30:25,2026-09-02T16:43:48.511722+00:00,5587.021,5519.578,,5553.2995,,,
native,dbs,XAU,SGD,XAU/SGD,1,SGD < 50,amtLessThan50,,,otherCurrencies,2026-09-03 00:30:11,2026-09-02 16:30:25,2026-09-02T16:43:48.511722+00:00,5586.945,5519.458,,5553.201499999999,,,
native,dbs,ZAR,SGD,ZAR/SGD,1,SGD 50 – 200,amtBtw50And200,,,otherCurrencies,2026-09-03 00:30:11,2026-09-02 16:30:25,2026-09-02T16:43:48.511722+00:00,0.0801,0.0781,,0.0791,,,
native,dbs,ZAR,SGD,ZAR/SGD,1,SGD < 50,amtLessThan50,,,otherCurrencies,2026-09-03 00:30:11,2026-09-02 16:30:25,2026-09-02T16:43:48.511722+00:00,0.0804,0.0778,,0.0791,,,
native,hsbc,AED,SGD,AED/SGD,100,Indicative board,board,,,indicative_fx,2026-9-2,2026-9-2,2026-09-02T16:43:52.794602+00:00,35.81,33.55,34.68,34.68,MAS,3.258362168396778,3.258362168396778
native,hsbc,AUD,SGD,AUD/SGD,1,Indicative board,board,,,indicative_fx,2026-9-2,2026-9-2,2026-09-02T16:43:52.794602+00:00,0.937,0.8822,0.9094,0.9096,MAS,3.034968110842321,2.9909830657576424
native,hsbc,CAD,SGD,CAD/SGD,1,Indicative board,board,,,indicative_fx,2026-9-2,2026-9-2,2026-09-02T16:43:52.794602+00:00,0.944,0.8888,0.9152,0.9164,MAS,3.1468531468531404,2.8846153846153824
native,hsbc,CHF,SGD,CHF/SGD,100,Indicative board,board,,,indicative_fx,2026-9-2,2026-9-2,2026-09-02T16:43:52.794602+00:00,161.52,152.06,156.67,156.79000000000002,MAS,3.0956788153443693,2.9424905853066865
native,hsbc,CNY,SGD,CNY/SGD,100,Indicative board,board,,,indicative_fx,2026-9-2,2026-9-2,2026-09-02T16:43:52.794602+00:00,19.56,18.33,18.94,18.945,MAS,3.273495248152045,3.2206969376980097
native,hsbc,DKK,SGD,DKK/SGD,100,Indicative board,board,,,indicative_fx,2026-9-2,2026-9-2,2026-09-02T16:43:52.794602+00:00,20.34,19.15,,19.744999999999997,,,
native,hsbc,EUR,SGD,EUR/SGD,1,Indicative board,board,,,indicative_fx,2026-9-2,2026-9-2,2026-09-02T16:43:52.794602+00:00,1.5201,1.4313,1.4747,1.4757,MAS,3.0785922560520858,2.9429714518207013
native,hsbc,FJD,SGD,FJD/SGD,1,Indicative board,board,,,indicative_fx,2026-9-2,2026-9-2,2026-09-02T16:43:52.794602+00:00,0.6044,,,,,,
native,hsbc,GBP,SGD,GBP/SGD,1,Indicative board,board,,,indicative_fx,2026-9-2,2026-9-2,2026-09-02T16:43:52.794602+00:00,1.7724,1.6687,1.7195,1.72055,MAS,3.076475719685952,2.9543471939517274
native,hsbc,HKD,SGD,HKD/SGD,100,Indicative board,board,,,indicative_fx,2026-9-2,2026-9-2,2026-09-02T16:43:52.794602+00:00,16.45,16.04,16.24,16.244999999999997,MAS,1.2931034482758674,1.2315270935960547
native,hsbc,IDR,SGD,IDR/SGD,100,Indicative board,board,,,indicative_fx,2026-9-2,2026-9-2,2026-09-02T16:43:52.794602+00:00,0.0074,,0.0071660000000000005,,MAS,3.2654200390733994,
native,hsbc,INR,SGD,INR/SGD,100,Indicative board,board,,,indicative_fx,2026-9-2,2026-9-2,2026-09-02T16:43:52.794602+00:00,1.39,,1.3412,,MAS,3.6385326573217984,
native,hsbc,JPY,SGD,JPY/SGD,100,Indicative board,board,,,indicative_fx,2026-9-2,2026-9-2,2026-09-02T16:43:52.794602+00:00,0.819,0.7711,0.7949000000000002,0.79505,MAS,3.0318279028808384,2.9940873065794626
native,hsbc,LKR,SGD,LKR/SGD,100,Indicative board,board,,,indicative_fx,2026-9-2,2026-9-2,2026-09-02T16:43:52.794602+00:00,0.4,,,,,,
native,hsbc,MUR,SGD,MUR/SGD,100,Indicative board,board,,,indicative_fx,2026-9-2,2026-9-2,2026-09-02T16:43:52.794602+00:00,2.8,2.61,,2.705,,,
native,hsbc,NOK,SGD,NOK/SGD,100,Indicative board,board,,,indicative_fx,2026-9-2,2026-9-2,2026-09-02T16:43:52.794602+00:00,14.06,13.24,,13.65,,,
native,hsbc,NZD,SGD,NZD/SGD,1,Indicative board,board,,,indicative_fx,2026-9-2,2026-9-2,2026-09-02T16:43:52.794602+00:00,0.7727,0.7275,0.7440000000000001,0.7501,MAS,3.8575268817204225,2.21774193548388
native,hsbc,PHP,SGD,PHP/SGD,100,Indicative board,board,,,indicative_fx,2026-9-2,2026-9-2,2026-09-02T16:43:52.794602+00:00,2.11,,2.0322,,MAS,3.828363350063964,
native,hsbc,PKR,SGD,PKR/SGD,100,Indicative board,board,,,indicative_fx,2026-9-2,2026-9-2,2026-09-02T16:43:52.794602+00:00,0.47,,,,,,
native,hsbc,QAR,SGD,QAR/SGD,100,Indicative board,board,,,indicative_fx,2026-9-2,2026-9-2,2026-09-02T16:43:52.794602+00:00,35.37,34.49,34.94,34.93,MAS,1.230681167716084,1.2879221522610067
native,hsbc,RUB,SGD,RUB/SGD,100,Indicative board,board,,,indicative_fx,2026-9-2,2026-9-2,2026-09-02T16:43:52.794602+00:00,15.5,13.87,,14.684999999999999,,,
native,hsbc,SAR,SGD,SAR/SGD,100,Indicative board,board,,,indicative_fx,2026-9-2,2026-9-2,2026-09-02T16:43:52.794602+00:00,34.34,33.49,33.92,33.915000000000006,MAS,1.2382075471698162,1.267688679245282
native,hsbc,SEK,SGD,SEK/SGD,100,Indicative board,board,,,indicative_fx,2026-9-2,2026-9-2,2026-09-02T16:43:52.794602+00:00,13.64,12.83,,13.235,,,
native,hsbc,THB,SGD,THB/SGD,100,Indicative board,board,,,indicative_fx,2026-9-2,2026-9-2,2026-09-02T16:43:52.794602+00:00,3.95,,3.8232000000000004,,MAS,3.316593429587775,
native,hsbc,TRY,SGD,TRY/SGD,1,Indicative board,board,,,indicative_fx,2026-9-2,2026-9-2,2026-09-02T16:43:52.794602+00:00,0.0272,,,,,,
native,hsbc,USD,SGD,USD/SGD,1,Indicative board,board,,,indicative_fx,2026-9-2,2026-9-2,2026-09-02T16:43:52.794602+00:00,1.2991,1.248,1.2735,1.27355,MAS,2.0102080879465913,2.002355712603068
native,hsbc,ZAR,SGD,ZAR/SGD,1,Indicative board,board,,,indicative_fx,2026-9-2,2026-9-2,2026-09-02T16:43:52.794602+00:00,0.0813,0.0762,,0.07875,,,
native,ocbc,AED,SGD,AED/SGD,100,"SGD 0 – 39,999.99",tier_1,,,fxRatesSgd,2026-09-02T07:00:12,2026-09-02T07:00:12,2026-09-02T16:43:50.119511+00:00,35.5803,33.5607,34.68,34.5705,MAS,2.5960207612456787,3.2275086505190385
native,ocbc,AED,SGD,AED/SGD,100,"SGD 40,000 – 100,000",tier_2,,,fxRatesSgd,2026-09-02T07:00:12,2026-09-02T07:00:12,2026-09-02T16:43:50.119511+00:00,35.5698,33.5779,34.68,34.5705,MAS,2.565743944636681,3.177912341407151
native,ocbc,AUD,SGD,AUD/SGD,1,"SGD 0 – 39,999.99",tier_1,,,fxRatesSgd,2026-09-02T07:00:12,2026-09-02T07:00:12,2026-09-02T16:43:50.119511+00:00,0.925,0.8957,0.9094,0.9104,MAS,1.7154167583021838,1.506487794149982
native,ocbc,AUD,SGD,AUD/SGD,1,"SGD 40,000 – 100,000",tier_2,,,fxRatesSgd,2026-09-02T07:00:12,2026-09-02T07:00:12,2026-09-02T16:43:50.119511+00:00,0.9232,0.8975,0.9094,0.9104,MAS,1.5174840554211606,1.308555091268971
native,ocbc,BGN,SGD,BGN/SGD,100,"SGD 0 – 39,999.99",tier_1,,,fxRatesSgd,2026-09-02T07:00:12,2026-09-02T07:00:12,2026-09-02T16:43:50.119511+00:00,0.0,0.0,,0.0,,,
native,ocbc,BGN,SGD,BGN/SGD,100,"SGD 40,000 – 100,000",tier_2,,,fxRatesSgd,2026-09-02T07:00:12,2026-09-02T07:00:12,2026-09-02T16:43:50.119511+00:00,0.0,0.0,,0.0,,,
native,ocbc,BHD,SGD,BHD/SGD,1,"SGD 0 – 39,999.99",tier_1,,,fxRatesSgd,2026-09-02T07:00:12,2026-09-02T07:00:12,2026-09-02T16:43:50.119511+00:00,0.0,0.0,,0.0,,,
native,ocbc,BHD,SGD,BHD/SGD,1,"SGD 40,000 – 100,000",tier_2,,,fxRatesSgd,2026-09-02T07:00:12,2026-09-02T07:00:12,2026-09-02T16:43:50.119511+00:00,0.0,0.0,,0.0,,,
native,ocbc,CAD,SGD,CAD/SGD,1,"SGD 0 – 39,999.99",tier_1,,,fxRatesSgd,2026-09-02T07:00:12,2026-09-02T07:00:12,2026-09-02T16:43:50.119511+00:00,0.931,0.898,0.9152,0.9145,MAS,1.7263986013986055,1.8793706293706285
native,ocbc,CAD,SGD,CAD/SGD,1,"SGD 40,000 – 100,000",tier_2,,,fxRatesSgd,2026-09-02T07:00:12,2026-09-02T07:00:12,2026-09-02T16:43:50.119511+00:00,0.9292,0.8998,0.9152,0.9145,MAS,1.529720279720281,1.6826923076923042
native,ocbc,CHF,SGD,CHF/SGD,100,"SGD 0 – 39,999.99",tier_1,,,fxRatesSgd,2026-09-02T07:00:12,2026-09-02T07:00:12,2026-09-02T16:43:50.119511+00:00,159.1256,153.466,156.67,156.2958,MAS,1.5673709070019815,2.045062871002732
native,ocbc,CHF,SGD,CHF/SGD,100,"SGD 40,000 – 100,000",tier_2,,,fxRatesSgd,2026-09-02T07:00:12,2026-09-02T07:00:12,2026-09-02T16:43:50.119511+00:00,158.813,153.7785,156.67,156.2958,MAS,1.3678432373779286,1.8455990298078633
native,ocbc,CNH,SGD,CNH/SGD,100,"SGD 0 – 39,999.99",tier_1,,,fxRatesSgd,2026-09-02T07:00:12,2026-09-02T07:00:12,2026-09-02T16:43:50.119511+00:00,19.2901,18.7186,,19.0044,,,
native,ocbc,CNH,SGD,CNH/SGD,100,"SGD 40,000 – 100,000",tier_2,,,fxRatesSgd,2026-09-02T07:00:12,2026-09-02T07:00:12,2026-09-02T16:43:50.119511+00:00,19.2711,18.7376,,19.0044,,,
native,ocbc,CZK,SGD,CZK/SGD,100,"SGD 0 – 39,999.99",tier_1,,,fxRatesSgd,2026-09-02T07:00:12,2026-09-02T07:00:12,2026-09-02T16:43:50.119511+00:00,0.0,0.0,,0.0,,,
native,ocbc,CZK,SGD,CZK/SGD,100,"SGD 40,000 – 100,000",tier_2,,,fxRatesSgd,2026-09-02T07:00:12,2026-09-02T07:00:12,2026-09-02T16:43:50.119511+00:00,0.0,0.0,,0.0,,,
native,ocbc,DKK,SGD,DKK/SGD,100,"SGD 0 – 39,999.99",tier_1,,,fxRatesSgd,2026-09-02T07:00:12,2026-09-02T07:00:12,2026-09-02T16:43:50.119511+00:00,20.079,19.366,,19.7225,,,
native,ocbc,DKK,SGD,DKK/SGD,100,"SGD 40,000 – 100,000",tier_2,,,fxRatesSgd,2026-09-02T07:00:12,2026-09-02T07:00:12,2026-09-02T16:43:50.119511+00:00,20.0396,19.4055,,19.7225,,,
native,ocbc,EUR,SGD,EUR/SGD,1,"SGD 0 – 39,999.99",tier_1,,,fxRatesSgd,2026-09-02T07:00:12,2026-09-02T07:00:12,2026-09-02T16:43:50.119511+00:00,1.4908,1.4542,1.4747,1.4725,MAS,1.0917474740625215,1.3901132433715306
native,ocbc,EUR,SGD,EUR/SGD,1,"SGD 40,000 – 100,000",tier_2,,,fxRatesSgd,2026-09-02T07:00:12,2026-09-02T07:00:12,2026-09-02T16:43:50.119511+00:00,1.489,1.4561,1.4747,1.4725,MAS,0.9696887502543028,1.2612734793517293
native,ocbc,GBP,SGD,GBP/SGD,1,"SGD 0 – 39,999.99",tier_1,,,fxRatesSgd,2026-09-02T07:00:12,2026-09-02T07:00:12,2026-09-02T16:43:50.119511+00:00,1.7401,1.6939,1.7195,1.717,MAS,1.1980226810119192,1.4888048851410332
native,ocbc,GBP,SGD,GBP/SGD,1,"SGD 40,000 – 100,000",tier_2,,,fxRatesSgd,2026-09-02T07:00:12,2026-09-02T07:00:12,2026-09-02T16:43:50.119511+00:00,1.7383,1.696,1.7195,1.717,MAS,1.0933410875254392,1.3666763594068088
native,ocbc,HKD,SGD,HKD/SGD,100,"SGD 0 – 39,999.99",tier_1,,,fxRatesSgd,2026-09-02T07:00:12,2026-09-02T07:00:12,2026-09-02T16:43:50.119511+00:00,16.4519,16.0526,16.24,16.2523,MAS,1.3048029556650247,1.1539408866994871
native,ocbc,HKD,SGD,HKD/SGD,100,"SGD 40,000 – 100,000",tier_2,,,fxRatesSgd,2026-09-02T07:00:12,2026-09-02T07:00:12,2026-09-02T16:43:50.119511+00:00,16.4227,16.0623,16.24,16.2523,MAS,1.1250000000000033,1.094211822660086
native,ocbc,HUF,SGD,HUF/SGD,100,"SGD 0 – 39,999.99",tier_1,,,fxRatesSgd,2026-09-02T07:00:12,2026-09-02T07:00:12,2026-09-02T16:43:50.119511+00:00,0.0,0.0,,0.0,,,
native,ocbc,HUF,SGD,HUF/SGD,100,"SGD 40,000 – 100,000",tier_2,,,fxRatesSgd,2026-09-02T07:00:12,2026-09-02T07:00:12,2026-09-02T16:43:50.119511+00:00,0.0,0.0,,0.0,,,
native,ocbc,IDR,SGD,IDR/SGD,100,"SGD 0 – 39,999.99",tier_1,,,fxRatesSgd,2026-09-02T07:00:12,2026-09-02T07:00:12,2026-09-02T16:43:50.119511+00:00,0.0074,0.0,0.0071660000000000005,0.0074,MAS,3.2654200390733994,100.0
native,ocbc,IDR,SGD,IDR/SGD,100,"SGD 40,000 – 100,000",tier_2,,,fxRatesSgd,2026-09-02T07:00:12,2026-09-02T07:00:12,2026-09-02T16:43:50.119511+00:00,0.0074,0.0,0.0071660000000000005,0.0074,MAS,3.2654200390733994,100.0
native,ocbc,ILS,SGD,ILS/SGD,100,"SGD 0 – 39,999.99",tier_1,,,fxRatesSgd,2026-09-02T07:00:12,2026-09-02T07:00:12,2026-09-02T16:43:50.119511+00:00,0.0,0.0,,0.0,,,
native,ocbc,ILS,SGD,ILS/SGD,100,"SGD 40,000 – 100,000",tier_2,,,fxRatesSgd,2026-09-02T07:00:12,2026-09-02T07:00:12,2026-09-02T16:43:50.119511+00:00,0.0,0.0,,0.0,,,
native,ocbc,INR,SGD,INR/SGD,100,"SGD 0 – 39,999.99",tier_1,,,fxRatesSgd,2026-09-02T07:00:12,2026-09-02T07:00:12,2026-09-02T16:43:50.119511+00:00,1.3823,0.0,1.3412,1.3823,MAS,3.064419922457511,100.0
native,ocbc,INR,SGD,INR/SGD,100,"SGD 40,000 – 100,000",tier_2,,,fxRatesSgd,2026-09-02T07:00:12,2026-09-02T07:00:12,2026-09-02T16:43:50.119511+00:00,1.3796,0.0,1.3412,1.3823,MAS,2.8631076647778104,100.0
native,ocbc,JOD,SGD,JOD/SGD,1,"SGD 0 – 39,999.99",tier_1,,,fxRatesSgd,2026-09-02T07:00:12,2026-09-02T07:00:12,2026-09-02T16:43:50.119511+00:00,0.0,0.0,,0.0,,,
native,ocbc,JOD,SGD,JOD/SGD,1,"SGD 40,000 – 100,000",tier_2,,,fxRatesSgd,2026-09-02T07:00:12,2026-09-02T07:00:12,2026-09-02T16:43:50.119511+00:00,0.0,0.0,,0.0,,,
native,ocbc,JPY,SGD,JPY/SGD,100,"SGD 0 – 39,999.99",tier_1,,,fxRatesSgd,2026-09-02T07:00:12,2026-09-02T07:00:12,2026-09-02T16:43:50.119511+00:00,0.8071,0.7873,0.7949000000000002,0.7972,MAS,1.5347842495911277,0.9560951063026999
native,ocbc,JPY,SGD,JPY/SGD,100,"SGD 40,000 – 100,000",tier_2,,,fxRatesSgd,2026-09-02T07:00:12,2026-09-02T07:00:12,2026-09-02T16:43:50.119511+00:00,0.8063,0.7887,0.7949000000000002,0.7972,MAS,1.4341426594540008,0.7799723235627379
native,ocbc,KRW,SGD,KRW/SGD,100,"SGD 0 – 39,999.99",tier_1,,,fxRatesSgd,2026-09-02T07:00:12,2026-09-02T07:00:12,2026-09-02T16:43:50.119511+00:00,0.0,0.0,0.0929,0.0,MAS,-100.0,100.0
native,ocbc,KRW,SGD,KRW/SGD,100,"SGD 40,000 – 100,000",tier_2,,,fxRatesSgd,2026-09-02T07:00:12,2026-09-02T07:00:12,2026-09-02T16:43:50.119511+00:00,0.0,0.0,0.0929,0.0,MAS,-100.0,100.0
native,ocbc,LKR,SGD,LKR/SGD,100,"SGD 0 – 39,999.99",tier_1,,,fxRatesSgd,2026-09-02T07:00:12,2026-09-02T07:00:12,2026-09-02T16:43:50.119511+00:00,0.4001,0.0,,0.4001,,,
native,ocbc,LKR,SGD,LKR/SGD,100,"SGD 40,000 – 100,000",tier_2,,,fxRatesSgd,2026-09-02T07:00:12,2026-09-02T07:00:12,2026-09-02T16:43:50.119511+00:00,0.3994,0.0,,0.4001,,,
native,ocbc,MAD,SGD,MAD/SGD,100,"SGD 0 – 39,999.99",tier_1,,,fxRatesSgd,2026-09-02T07:00:12,2026-09-02T07:00:12,2026-09-02T16:43:50.119511+00:00,0.0,0.0,,0.0,,,
native,ocbc,MAD,SGD,MAD/SGD,100,"SGD 40,000 – 100,000",tier_2,,,fxRatesSgd,2026-09-02T07:00:12,2026-09-02T07:00:12,2026-09-02T16:43:50.119511+00:00,0.0,0.0,,0.0,,,
native,ocbc,MXN,SGD,MXN/SGD,100,"SGD 0 – 39,999.99",tier_1,,,fxRatesSgd,2026-09-02T07:00:12,2026-09-02T07:00:12,2026-09-02T16:43:50.119511+00:00,7.7439,0.0,,7.7439,,,
native,ocbc,MXN,SGD,MXN/SGD,100,"SGD 40,000 – 100,000",tier_2,,,fxRatesSgd,2026-09-02T07:00:12,2026-09-02T07:00:12,2026-09-02T16:43:50.119511+00:00,7.7424,0.0,,7.7439,,,
native,ocbc,MYR,SGD,MYR/SGD,100,"SGD 0 – 39,999.99",tier_1,,,fxRatesSgd,2026-09-02T07:00:12,2026-09-02T07:00:12,2026-09-02T16:43:50.119511+00:00,0.0,0.0,31.489999999999995,0.0,MAS,-100.0,100.0
native,ocbc,MYR,SGD,MYR/SGD,100,"SGD 40,000 – 100,000",tier_2,,,fxRatesSgd,2026-09-02T07:00:12,2026-09-02T07:00:12,2026-09-02T16:43:50.119511+00:00,0.0,0.0,31.489999999999995,0.0,MAS,-100.0,100.0
native,ocbc,NOK,SGD,NOK/SGD,100,"SGD 0 – 39,999.99",tier_1,,,fxRatesSgd,2026-09-02T07:00:12,2026-09-02T07:00:12,2026-09-02T16:43:50.119511+00:00,13.8906,13.3964,,13.6435,,,
native,ocbc,NOK,SGD,NOK/SGD,100,"SGD 40,000 – 100,000",tier_2,,,fxRatesSgd,2026-09-02T07:00:12,2026-09-02T07:00:12,2026-09-02T16:43:50.119511+00:00,13.8633,13.4237,,13.6435,,,
native,ocbc,NZD,SGD,NZD/SGD,1,"SGD 0 – 39,999.99",tier_1,,,fxRatesSgd,2026-09-02T07:00:12,2026-09-02T07:00:12,2026-09-02T16:43:50.119511+00:00,0.7564,0.7307,0.7440000000000001,0.7436,MAS,1.666666666666647,1.7876344086021623
native,ocbc,NZD,SGD,NZD/SGD,1,"SGD 40,000 – 100,000",tier_2,,,fxRatesSgd,2026-09-02T07:00:12,2026-09-02T07:00:12,2026-09-02T16:43:50.119511+00:00,0.7546,0.7329,0.7440000000000001,0.7436,MAS,1.424731182795691,1.4919354838709824
native,ocbc,OMR,SGD,OMR/SGD,1,"SGD 0 – 39,999.99",tier_1,,,fxRatesSgd,2026-09-02T07:00:12,2026-09-02T07:00:12,2026-09-02T16:43:50.119511+00:00,0.0,0.0,,0.0,,,
native,ocbc,OMR,SGD,OMR/SGD,1,"SGD 40,000 – 100,000",tier_2,,,fxRatesSgd,2026-09-02T07:00:12,2026-09-02T07:00:12,2026-09-02T16:43:50.119511+00:00,0.0,0.0,,0.0,,,
native,ocbc,PHP,SGD,PHP/SGD,100,"SGD 0 – 39,999.99",tier_1,,,fxRatesSgd,2026-09-02T07:00:12,2026-09-02T07:00:12,2026-09-02T16:43:50.119511+00:00,2.1045,0.0,2.0322,2.1045,MAS,3.5577206967818036,100.0
native,ocbc,PHP,SGD,PHP/SGD,100,"SGD 40,000 – 100,000",tier_2,,,fxRatesSgd,2026-09-02T07:00:12,2026-09-02T07:00:12,2026-09-02T16:43:50.119511+00:00,2.1034,0.0,2.0322,2.1045,MAS,3.503592166125389,100.0
native,ocbc,PLN,SGD,PLN/SGD,100,"SGD 0 – 39,999.99",tier_1,,,fxRatesSgd,2026-09-02T07:00:12,2026-09-02T07:00:12,2026-09-02T16:43:50.119511+00:00,35.1221,32.9301,,34.0261,,,
native,ocbc,PLN,SGD,PLN/SGD,100,"SGD 40,000 – 100,000",tier_2,,,fxRatesSgd,2026-09-02T07:00:12,2026-09-02T07:00:12,2026-09-02T16:43:50.119511+00:00,35.1048,32.9569,,34.0261,,,
native,ocbc,QAR,SGD,QAR/SGD,100,"SGD 0 – 39,999.99",tier_1,,,fxRatesSgd,2026-09-02T07:00:12,2026-09-02T07:00:12,2026-09-02T16:43:50.119511+00:00,35.9471,33.8924,34.94,34.9198,MAS,2.882369776760164,2.9982827704636397
native,ocbc,QAR,SGD,QAR/SGD,100,"SGD 40,000 – 100,000",tier_2,,,fxRatesSgd,2026-09-02T07:00:12,2026-09-02T07:00:12,2026-09-02T16:43:50.119511+00:00,35.9258,33.9096,34.94,34.9198,MAS,2.821408128219819,2.949055523755009
native,ocbc,RON,SGD,RON/SGD,100,"SGD 0 – 39,999.99",tier_1,,,fxRatesSgd,2026-09-02T07:00:12,2026-09-02T07:00:12,2026-09-02T16:43:50.119511+00:00,0.0,0.0,,0.0,,,
native,ocbc,RON,SGD,RON/SGD,100,"SGD 40,000 – 100,000",tier_2,,,fxRatesSgd,2026-09-02T07:00:12,2026-09-02T07:00:12,2026-09-02T16:43:50.119511+00:00,0.0,0.0,,0.0,,,
native,ocbc,RUB,SGD,RUB/SGD,100,"SGD 0 – 39,999.99",tier_1,,,fxRatesSgd,2026-09-02T07:00:12,2026-09-02T07:00:12,2026-09-02T16:43:50.119511+00:00,0.0,0.0,,0.0,,,
native,ocbc,RUB,SGD,RUB/SGD,100,"SGD 40,000 – 100,000",tier_2,,,fxRatesSgd,2026-09-02T07:00:12,2026-09-02T07:00:12,2026-09-02T16:43:50.119511+00:00,0.0,0.0,,0.0,,,
native,ocbc,SAR,SGD,SAR/SGD,100,"SGD 0 – 39,999.99",tier_1,,,fxRatesSgd,2026-09-02T07:00:12,2026-09-02T07:00:12,2026-09-02T16:43:50.119511+00:00,34.8786,32.958,33.92,33.9183,MAS,2.8260613207547083,2.8360849056603867
native,ocbc,SAR,SGD,SAR/SGD,100,"SGD 40,000 – 100,000",tier_2,,,fxRatesSgd,2026-09-02T07:00:12,2026-09-02T07:00:12,2026-09-02T16:43:50.119511+00:00,34.8613,32.9747,33.92,33.9183,MAS,2.7750589622641453,2.7868514150943486
native,ocbc,SEK,SGD,SEK/SGD,100,"SGD 0 – 39,999.99",tier_1,,,fxRatesSgd,2026-09-02T07:00:12,2026-09-02T07:00:12,2026-09-02T16:43:50.119511+00:00,13.4284,12.9506,,13.1895,,,
native,ocbc,SEK,SGD,SEK/SGD,100,"SGD 40,000 – 100,000",tier_2,,,fxRatesSgd,2026-09-02T07:00:12,2026-09-02T07:00:12,2026-09-02T16:43:50.119511+00:00,13.4021,12.977,,13.1895,,,
native,ocbc,THB,SGD,THB/SGD,100,"SGD 0 – 39,999.99",tier_1,,,fxRatesSgd,2026-09-02T07:00:12,2026-09-02T07:00:12,2026-09-02T16:43:50.119511+00:00,3.9331,3.7169,3.8232000000000004,3.825,MAS,2.87455534630675,2.7803933877380334
native,ocbc,THB,SGD,THB/SGD,100,"SGD 40,000 – 100,000",tier_2,,,fxRatesSgd,2026-09-02T07:00:12,2026-09-02T07:00:12,2026-09-02T16:43:50.119511+00:00,3.9255,3.7246,3.8232000000000004,3.825,MAS,2.675768989328301,2.5789914207993365
native,ocbc,TRY,SGD,TRY/SGD,100,"SGD 0 – 39,999.99",tier_1,,,fxRatesSgd,2026-09-02T07:00:12,2026-09-02T07:00:12,2026-09-02T16:43:50.119511+00:00,2.7082,2.5963,,2.6523,,,
native,ocbc,TRY,SGD,TRY/SGD,100,"SGD 40,000 – 100,000",tier_2,,,fxRatesSgd,2026-09-02T07:00:12,2026-09-02T07:00:12,2026-09-02T16:43:50.119511+00:00,2.7069,2.5965,,2.6523,,,
native,ocbc,TWD,SGD,TWD/SGD,100,"SGD 0 – 39,999.99",tier_1,,,fxRatesSgd,2026-09-02T07:00:12,2026-09-02T07:00:12,2026-09-02T16:43:50.119511+00:00,4.1718,0.0,4.005,4.1718,MAS,4.164794007490643,100.0
native,ocbc,TWD,SGD,TWD/SGD,100,"SGD 40,000 – 100,000",tier_2,,,fxRatesSgd,2026-09-02T07:00:12,2026-09-02T07:00:12,2026-09-02T16:43:50.119511+00:00,0.0,0.0,4.005,4.1718,MAS,-100.0,100.0
native,ocbc,USD,SGD,USD/SGD,1,"SGD 0 – 39,999.99",tier_1,,,fxRatesSgd,2026-09-02T07:00:12,2026-09-02T07:00:12,2026-09-02T16:43:50.119511+00:00,1.286,1.263,1.2735,1.2745,MAS,0.9815469179426741,0.8244994110718631
native,ocbc,USD,SGD,USD/SGD,1,"SGD 40,000 – 100,000",tier_2,,,fxRatesSgd,2026-09-02T07:00:12,2026-09-02T07:00:12,2026-09-02T16:43:50.119511+00:00,1.2847,1.264,1.2735,1.2745,MAS,0.8794660384766294,0.74597565763644
native,ocbc,ZAR,SGD,ZAR/SGD,100,"SGD 0 – 39,999.99",tier_1,,,fxRatesSgd,2026-09-02T07:00:12,2026-09-02T07:00:12,2026-09-02T16:43:50.119511+00:00,8.1288,7.6514,,7.8901,,,
native,ocbc,ZAR,SGD,ZAR/SGD,100,"SGD 40,000 – 100,000",tier_2,,,fxRatesSgd,2026-09-02T07:00:12,2026-09-02T07:00:12,2026-09-02T16:43:50.119511+00:00,8.1248,7.6553,,7.8901,,,
native,uob,AED,SGD,AED/SGD,100,Indicative board,board,,,forex_sgd,02 September 2026 05:22:13 PM,02 September 2026 05:22:13 PM,2026-09-02T16:43:51.920092+00:00,35.53,33.83,34.68,34.68,MAS,2.450980392156867,2.450980392156867
native,uob,AOA,SGD,AOA/SGD,100,Indicative board,board,,,forex_sgd,02 September 2026 05:22:13 PM,02 September 2026 05:22:13 PM,2026-09-02T16:43:51.920092+00:00,0.1431,,,,,,
native,uob,AUD,SGD,AUD/SGD,1,Indicative board,board,,,forex_sgd,02 September 2026 05:22:13 PM,02 September 2026 05:22:13 PM,2026-09-02T16:43:51.920092+00:00,0.9236,0.8926,0.9094,0.9080999999999999,MAS,1.561469100505827,1.8473718935561951
native,uob,BDT,SGD,BDT/SGD,100,Indicative board,board,,,forex_sgd,02 September 2026 05:22:13 PM,02 September 2026 05:22:13 PM,2026-09-02T16:43:51.920092+00:00,1.0711,,,,,,
native,uob,BND,SGD,BND/SGD,1,Indicative board,board,,,forex_sgd,02 September 2026 05:22:13 PM,02 September 2026 05:22:13 PM,2026-09-02T16:43:51.920092+00:00,1.0,1.0,,1.0,,,
native,uob,CAD,SGD,CAD/SGD,1,Indicative board,board,,,forex_sgd,02 September 2026 05:22:13 PM,02 September 2026 05:22:13 PM,2026-09-02T16:43:51.920092+00:00,0.9242,0.9042,0.9152,0.9142,MAS,0.9833916083916092,1.201923076923078
native,uob,CHF,SGD,CHF/SGD,100,Indicative board,board,,,forex_sgd,02 September 2026 05:22:13 PM,02 September 2026 05:22:13 PM,2026-09-02T16:43:51.920092+00:00,157.99,154.69,156.67,156.34,MAS,0.8425352652071372,1.2638028978106783
native,uob,CNH,SGD,CNH/SGD,100,Indicative board,board,,,forex_sgd,02 September 2026 05:22:13 PM,02 September 2026 05:22:13 PM,2026-09-02T16:43:51.920092+00:00,19.17,18.71,,18.94,,,
native,uob,DKK,SGD,DKK/SGD,100,Indicative board,board,,,forex_sgd,02 September 2026 05:22:13 PM,02 September 2026 05:22:13 PM,2026-09-02T16:43:51.920092+00:00,20.08,19.38,,19.729999999999997,,,
native,uob,EGP,SGD,EGP/SGD,100,Indicative board,board,,,forex_sgd,02 September 2026 05:22:13 PM,02 September 2026 05:22:13 PM,2026-09-02T16:43:51.920092+00:00,2.5737,,,,,,
native,uob,EUR,SGD,EUR/SGD,1,Indicative board,board,,,forex_sgd,02 September 2026 05:22:13 PM,02 September 2026 05:22:13 PM,2026-09-02T16:43:51.920092+00:00,1.4936,1.4556,1.4747,1.4746000000000001,MAS,1.2816165999864475,1.2951786804095677
native,uob,GBP,SGD,GBP/SGD,1,Indicative board,board,,,forex_sgd,02 September 2026 05:22:13 PM,02 September 2026 05:22:13 PM,2026-09-02T16:43:51.920092+00:00,1.7428,1.6978,1.7195,1.7203,MAS,1.3550450712416329,1.2619947659203288
native,uob,HKD,SGD,HKD/SGD,100,Indicative board,board,,,forex_sgd,02 September 2026 05:22:13 PM,02 September 2026 05:22:13 PM,2026-09-02T16:43:51.920092+00:00,16.419,16.061,16.24,16.240000000000002,MAS,1.1022167487684855,1.1022167487684638
native,uob,INR,SGD,INR/SGD,100,Indicative board,board,,,forex_sgd,02 September 2026 05:22:13 PM,02 September 2026 05:22:13 PM,2026-09-02T16:43:51.920092+00:00,1.3782,,1.3412,,MAS,2.7587235311661304,
native,uob,JPY,SGD,JPY/SGD,100,Indicative board,board,,,forex_sgd,02 September 2026 05:22:13 PM,02 September 2026 05:22:13 PM,2026-09-02T16:43:51.920092+00:00,0.8139,0.7799,0.7949000000000002,0.7968999999999999,MAS,2.3902377657566727,1.8870298150710934
native,uob,KRW,SGD,KRW/SGD,1000,Indicative board,board,,,forex_sgd,02 September 2026 05:22:13 PM,02 September 2026 05:22:13 PM,2026-09-02T16:43:51.920092+00:00,0.9432,,0.9289999999999999,,MAS,1.5285252960172337,
native,uob,KWD,SGD,KWD/SGD,1,Indicative board,board,,,forex_sgd,02 September 2026 05:22:13 PM,02 September 2026 05:22:13 PM,2026-09-02T16:43:51.920092+00:00,4.1812,,,,,,
native,uob,LKR,SGD,LKR/SGD,100,Indicative board,board,,,forex_sgd,02 September 2026 05:22:13 PM,02 September 2026 05:22:13 PM,2026-09-02T16:43:51.920092+00:00,0.3944,,,,,,
native,uob,MXN,SGD,MXN/SGD,100,Indicative board,board,,,forex_sgd,02 September 2026 05:22:13 PM,02 September 2026 05:22:13 PM,2026-09-02T16:43:51.920092+00:00,7.5746,,,,,,
native,uob,MYR,SGD,MYR/SGD,100,Indicative board,board,,,forex_sgd,02 September 2026 05:22:13 PM,02 September 2026 05:22:13 PM,2026-09-02T16:43:51.920092+00:00,32.0,,31.489999999999995,,MAS,1.6195617656399022,
native,uob,NOK,SGD,NOK/SGD,100,Indicative board,board,,,forex_sgd,02 September 2026 05:22:13 PM,02 September 2026 05:22:13 PM,2026-09-02T16:43:51.920092+00:00,13.87,13.43,,13.649999999999999,,,
native,uob,NZD,SGD,NZD/SGD,1,Indicative board,board,,,forex_sgd,02 September 2026 05:22:13 PM,02 September 2026 05:22:13 PM,2026-09-02T16:43:51.920092+00:00,0.7508,0.7308,0.7440000000000001,0.7408,MAS,0.9139784946236447,1.77419354838711
native,uob,PHP,SGD,PHP/SGD,100,Indicative board,board,,,forex_sgd,02 September 2026 05:22:13 PM,02 September 2026 05:22:13 PM,2026-09-02T16:43:51.920092+00:00,2.0821,,2.0322,,MAS,2.4554669815963024,
native,uob,PKR,SGD,PKR/SGD,100,Indicative board,board,,,forex_sgd,02 September 2026 05:22:13 PM,02 September 2026 05:22:13 PM,2026-09-02T16:43:51.920092+00:00,0.4651,,,,,,
native,uob,SAR,SGD,SAR/SGD,100,Indicative board,board,,,forex_sgd,02 September 2026 05:22:13 PM,02 September 2026 05:22:13 PM,2026-09-02T16:43:51.920092+00:00,,,33.92,,MAS,,
native,uob,SEK,SGD,SEK/SGD,100,Indicative board,board,,,forex_sgd,02 September 2026 05:22:13 PM,02 September 2026 05:22:13 PM,2026-09-02T16:43:51.920092+00:00,13.44,12.96,,13.2,,,
native,uob,THB,SGD,THB/SGD,100,Indicative board,board,,,forex_sgd,02 September 2026 05:22:13 PM,02 September 2026 05:22:13 PM,2026-09-02T16:43:51.920092+00:00,3.92,3.72,3.8232000000000004,3.8200000000000003,MAS,2.5319104415149494,2.6993094789705006
native,uob,TWD,SGD,TWD/SGD,100,Indicative board,board,,,forex_sgd,02 September 2026 05:22:13 PM,02 September 2026 05:22:13 PM,2026-09-02T16:43:51.920092+00:00,4.0997,,4.005,,MAS,2.3645443196005105,
native,uob,USD,SGD,USD/SGD,1,Indicative board,board,,,forex_sgd,02 September 2026 05:22:13 PM,02 September 2026 05:22:13 PM,2026-09-02T16:43:51.920092+00:00,1.2857,1.2617,1.2735,1.2737,MAS,0.9579897919120525,0.9265802905378903
native,uob,VND,SGD,VND/SGD,1000,Indicative board,board,,,forex_sgd,02 September 2026 05:22:13 PM,02 September 2026 05:22:13 PM,2026-09-02T16:43:51.920092+00:00,,,0.04884,,MAS,,
native,uob,XAF,SGD,XAF/SGD,100,Indicative board,board,,,forex_sgd,02 September 2026 05:22:13 PM,02 September 2026 05:22:13 PM,2026-09-02T16:43:51.920092+00:00,0.2309,,,,,,
native,uob,XOF,SGD,XOF/SGD,100,Indicative board,board,,,forex_sgd,02 September 2026 05:22:13 PM,02 September 2026 05:22:13 PM,2026-09-02T16:43:51.920092+00:00,0.2324,,,,,,
native,uob,ZAR,SGD,ZAR/SGD,1,Indicative board,board,,,forex_sgd,02 September 2026 05:22:13 PM,02 September 2026 05:22:13 PM,2026-09-02T16:43:51.920092+00:00,0.0809,0.0769,,0.0789,,,
standardized,dbs,AED,SGD,AED/SGD,1,SGD 50 – 200,amtBtw50And200,"SGD 200 – 39,999.99",std_200_40k,mainCurrencies,2026-09-03 00:30:11,2026-09-02 16:30:25,2026-09-02T16:43:48.511722+00:00,0.3485,0.3438,0.3468,0.34614999999999996,MAS,0.49019607843136653,0.8650519031141877
standardized,dbs,AED,SGD,AED/SGD,1,SGD 50 – 200,amtBtw50And200,"SGD 40,000 – 100,000",std_40k_100k,mainCurrencies,2026-09-03 00:30:11,2026-09-02 16:30:25,2026-09-02T16:43:48.511722+00:00,0.3485,0.3438,0.3468,0.34614999999999996,MAS,0.49019607843136653,0.8650519031141877
standardized,dbs,AED,SGD,AED/SGD,1,SGD 50 – 200,amtBtw50And200,SGD 50 – 200,std_50_200,mainCurrencies,2026-09-03 00:30:11,2026-09-02 16:30:25,2026-09-02T16:43:48.511722+00:00,0.3485,0.3438,0.3468,0.34614999999999996,MAS,0.49019607843136653,0.8650519031141877
standardized,dbs,AED,SGD,AED/SGD,1,SGD < 50,amtLessThan50,SGD < 50,std_lt_50,mainCurrencies,2026-09-03 00:30:11,2026-09-02 16:30:25,2026-09-02T16:43:48.511722+00:00,0.3513,0.341,0.3468,0.34615,MAS,1.2975778546712815,1.6724336793540864
standardized,dbs,AUD,SGD,AUD/SGD,1,SGD 50 – 200,amtBtw50And200,"SGD 200 – 39,999.99",std_200_40k,mainCurrencies,2026-09-03 00:30:11,2026-09-02 16:30:25,2026-09-02T16:43:48.511722+00:00,0.9213,0.9011,0.9094,0.9112,MAS,1.308555091268971,0.9126896855069249
standardized,dbs,AUD,SGD,AUD/SGD,1,SGD 50 – 200,amtBtw50And200,"SGD 40,000 – 100,000",std_40k_100k,mainCurrencies,2026-09-03 00:30:11,2026-09-02 16:30:25,2026-09-02T16:43:48.511722+00:00,0.9213,0.9011,0.9094,0.9112,MAS,1.308555091268971,0.9126896855069249
standardized,dbs,AUD,SGD,AUD/SGD,1,SGD 50 – 200,amtBtw50And200,SGD 50 – 200,std_50_200,mainCurrencies,2026-09-03 00:30:11,2026-09-02 16:30:25,2026-09-02T16:43:48.511722+00:00,0.9213,0.9011,0.9094,0.9112,MAS,1.308555091268971,0.9126896855069249
standardized,dbs,AUD,SGD,AUD/SGD,1,SGD < 50,amtLessThan50,SGD < 50,std_lt_50,mainCurrencies,2026-09-03 00:30:11,2026-09-02 16:30:25,2026-09-02T16:43:48.511722+00:00,0.9217,0.9007,0.9094,0.9112,MAS,1.3525401363536373,0.9566747305916035
standardized,dbs,BDT,SGD,BDT/SGD,100,SGD 50 – 200,amtBtw50And200,"SGD 200 – 39,999.99",std_200_40k,otherCurrencies,2026-09-03 00:30:11,2026-09-02 16:30:25,2026-09-02T16:43:48.511722+00:00,1.0517,,,,,,
standardized,dbs,BDT,SGD,BDT/SGD,100,SGD 50 – 200,amtBtw50And200,"SGD 40,000 – 100,000",std_40k_100k,otherCurrencies,2026-09-03 00:30:11,2026-09-02 16:30:25,2026-09-02T16:43:48.511722+00:00,1.0517,,,,,,
standardized,dbs,BDT,SGD,BDT/SGD,100,SGD 50 – 200,amtBtw50And200,SGD 50 – 200,std_50_200,otherCurrencies,2026-09-03 00:30:11,2026-09-02 16:30:25,2026-09-02T16:43:48.511722+00:00,1.0517,,,,,,
standardized,dbs,BDT,SGD,BDT/SGD,100,SGD < 50,amtLessThan50,SGD < 50,std_lt_50,otherCurrencies,2026-09-03 00:30:11,2026-09-02 16:30:25,2026-09-02T16:43:48.511722+00:00,1.0517,,,,,,
standardized,dbs,BHD,SGD,BHD/SGD,1,SGD 50 – 200,amtBtw50And200,"SGD 200 – 39,999.99",std_200_40k,otherCurrencies,2026-09-03 00:30:11,2026-09-02 16:30:25,2026-09-02T16:43:48.511722+00:00,3.4353,,,,,,
standardized,dbs,BHD,SGD,BHD/SGD,1,SGD 50 – 200,amtBtw50And200,"SGD 40,000 – 100,000",std_40k_100k,otherCurrencies,2026-09-03 00:30:11,2026-09-02 16:30:25,2026-09-02T16:43:48.511722+00:00,3.4353,,,,,,
standardized,dbs,BHD,SGD,BHD/SGD,1,SGD 50 – 200,amtBtw50And200,SGD 50 – 200,std_50_200,otherCurrencies,2026-09-03 00:30:11,2026-09-02 16:30:25,2026-09-02T16:43:48.511722+00:00,3.4353,,,,,,
standardized,dbs,BHD,SGD,BHD/SGD,1,SGD < 50,amtLessThan50,SGD < 50,std_lt_50,otherCurrencies,2026-09-03 00:30:11,2026-09-02 16:30:25,2026-09-02T16:43:48.511722+00:00,3.4488,,,,,,
standardized,dbs,BND,SGD,BND/SGD,1,SGD 50 – 200,amtBtw50And200,"SGD 200 – 39,999.99",std_200_40k,otherCurrencies,2026-09-03 00:30:11,2026-09-02 16:30:25,2026-09-02T16:43:48.511722+00:00,1.0,1.0,,1.0,,,
standardized,dbs,BND,SGD,BND/SGD,1,SGD 50 – 200,amtBtw50And200,"SGD 40,000 – 100,000",std_40k_100k,otherCurrencies,2026-09-03 00:30:11,2026-09-02 16:30:25,2026-09-02T16:43:48.511722+00:00,1.0,1.0,,1.0,,,
standardized,dbs,BND,SGD,BND/SGD,1,SGD 50 – 200,amtBtw50And200,SGD 50 – 200,std_50_200,otherCurrencies,2026-09-03 00:30:11,2026-09-02 16:30:25,2026-09-02T16:43:48.511722+00:00,1.0,1.0,,1.0,,,
standardized,dbs,BND,SGD,BND/SGD,1,SGD < 50,amtLessThan50,SGD < 50,std_lt_50,otherCurrencies,2026-09-03 00:30:11,2026-09-02 16:30:25,2026-09-02T16:43:48.511722+00:00,1.0,1.0,,1.0,,,
standardized,dbs,CAD,SGD,CAD/SGD,1,SGD 50 – 200,amtBtw50And200,"SGD 200 – 39,999.99",std_200_40k,mainCurrencies,2026-09-03 00:30:11,2026-09-02 16:30:25,2026-09-02T16:43:48.511722+00:00,0.9248,0.9109,0.9152,0.91785,MAS,1.0489510489510425,0.46984265734265407
standardized,dbs,CAD,SGD,CAD/SGD,1,SGD 50 – 200,amtBtw50And200,"SGD 40,000 – 100,000",std_40k_100k,mainCurrencies,2026-09-03 00:30:11,2026-09-02 16:30:25,2026-09-02T16:43:48.511722+00:00,0.9248,0.9109,0.9152,0.91785,MAS,1.0489510489510425,0.46984265734265407
standardized,dbs,CAD,SGD,CAD/SGD,1,SGD 50 – 200,amtBtw50And200,SGD 50 – 200,std_50_200,mainCurrencies,2026-09-03 00:30:11,2026-09-02 16:30:25,2026-09-02T16:43:48.511722+00:00,0.9248,0.9109,0.9152,0.91785,MAS,1.0489510489510425,0.46984265734265407
standardized,dbs,CAD,SGD,CAD/SGD,1,SGD < 50,amtLessThan50,SGD < 50,std_lt_50,mainCurrencies,2026-09-03 00:30:11,2026-09-02 16:30:25,2026-09-02T16:43:48.511722+00:00,0.928,0.9077,0.9152,0.91785,MAS,1.3986013986014023,0.8194930069930138
standardized,dbs,CHF,SGD,CHF/SGD,1,SGD 50 – 200,amtBtw50And200,"SGD 200 – 39,999.99",std_200_40k,mainCurrencies,2026-09-03 00:30:11,2026-09-02 16:30:25,2026-09-02T16:43:48.511722+00:00,1.5779,1.548,1.5667,1.56295,MAS,0.7148784068424139,1.1935916257100874
standardized,dbs,CHF,SGD,CHF/SGD,1,SGD 50 – 200,amtBtw50And200,"SGD 40,000 – 100,000",std_40k_100k,mainCurrencies,2026-09-03 00:30:11,2026-09-02 16:30:25,2026-09-02T16:43:48.511722+00:00,1.5779,1.548,1.5667,1.56295,MAS,0.7148784068424139,1.1935916257100874
standardized,dbs,CHF,SGD,CHF/SGD,1,SGD 50 – 200,amtBtw50And200,SGD 50 – 200,std_50_200,mainCurrencies,2026-09-03 00:30:11,2026-09-02 16:30:25,2026-09-02T16:43:48.511722+00:00,1.5779,1.548,1.5667,1.56295,MAS,0.7148784068424139,1.1935916257100874
standardized,dbs,CHF,SGD,CHF/SGD,1,SGD < 50,amtLessThan50,SGD < 50,std_lt_50,mainCurrencies,2026-09-03 00:30:11,2026-09-02 16:30:25,2026-09-02T16:43:48.511722+00:00,1.5787,1.5473,1.5667,1.563,MAS,0.7659411501882946,1.238271526137747
standardized,dbs,CNH,SGD,CNH/SGD,1,SGD 50 – 200,amtBtw50And200,"SGD 200 – 39,999.99",std_200_40k,mainCurrencies,2026-09-03 00:30:11,2026-09-02 16:30:25,2026-09-02T16:43:48.511722+00:00,0.1914,0.187,,0.18919999999999998,,,
standardized,dbs,CNH,SGD,CNH/SGD,1,SGD 50 – 200,amtBtw50And200,"SGD 40,000 – 100,000",std_40k_100k,mainCurrencies,2026-09-03 00:30:11,2026-09-02 16:30:25,2026-09-02T16:43:48.511722+00:00,0.1914,0.187,,0.18919999999999998,,,
standardized,dbs,CNH,SGD,CNH/SGD,1,SGD 50 – 200,amtBtw50And200,SGD 50 – 200,std_50_200,mainCurrencies,2026-09-03 00:30:11,2026-09-02 16:30:25,2026-09-02T16:43:48.511722+00:00,0.1914,0.187,,0.18919999999999998,,,
standardized,dbs,CNH,SGD,CNH/SGD,1,SGD < 50,amtLessThan50,SGD < 50,std_lt_50,mainCurrencies,2026-09-03 00:30:11,2026-09-02 16:30:25,2026-09-02T16:43:48.511722+00:00,0.192,0.1863,,0.18914999999999998,,,
standardized,dbs,CNY,SGD,CNY/SGD,1,SGD 50 – 200,amtBtw50And200,"SGD 200 – 39,999.99",std_200_40k,otherCurrencies,2026-09-03 00:30:11,2026-09-02 16:30:25,2026-09-02T16:43:48.511722+00:00,0.1892,,0.1894,,MAS,-0.10559662090813397,
standardized,dbs,CNY,SGD,CNY/SGD,1,SGD 50 – 200,amtBtw50And200,"SGD 40,000 – 100,000",std_40k_100k,otherCurrencies,2026-09-03 00:30:11,2026-09-02 16:30:25,2026-09-02T16:43:48.511722+00:00,0.1892,,0.1894,,MAS,-0.10559662090813397,
standardized,dbs,CNY,SGD,CNY/SGD,1,SGD 50 – 200,amtBtw50And200,SGD 50 – 200,std_50_200,otherCurrencies,2026-09-03 00:30:11,2026-09-02 16:30:25,2026-09-02T16:43:48.511722+00:00,0.1892,,0.1894,,MAS,-0.10559662090813397,
standardized,dbs,CNY,SGD,CNY/SGD,1,SGD < 50,amtLessThan50,SGD < 50,std_lt_50,otherCurrencies,2026-09-03 00:30:11,2026-09-02 16:30:25,2026-09-02T16:43:48.511722+00:00,0.1909,,0.1894,,MAS,0.7919746568109681,
standardized,dbs,DKK,SGD,DKK/SGD,1,SGD 50 – 200,amtBtw50And200,"SGD 200 – 39,999.99",std_200_40k,mainCurrencies,2026-09-03 00:30:11,2026-09-02 16:30:25,2026-09-02T16:43:48.511722+00:00,0.1998,0.1943,,0.19705,,,
standardized,dbs,DKK,SGD,DKK/SGD,1,SGD 50 – 200,amtBtw50And200,"SGD 40,000 – 100,000",std_40k_100k,mainCurrencies,2026-09-03 00:30:11,2026-09-02 16:30:25,2026-09-02T16:43:48.511722+00:00,0.1998,0.1943,,0.19705,,,
standardized,dbs,DKK,SGD,DKK/SGD,1,SGD 50 – 200,amtBtw50And200,SGD 50 – 200,std_50_200,mainCurrencies,2026-09-03 00:30:11,2026-09-02 16:30:25,2026-09-02T16:43:48.511722+00:00,0.1998,0.1943,,0.19705,,,
standardized,dbs,DKK,SGD,DKK/SGD,1,SGD < 50,amtLessThan50,SGD < 50,std_lt_50,mainCurrencies,2026-09-03 00:30:11,2026-09-02 16:30:25,2026-09-02T16:43:48.511722+00:00,0.2001,0.194,,0.19705,,,
standardized,dbs,EUR,SGD,EUR/SGD,1,SGD 50 – 200,amtBtw50And200,"SGD 200 – 39,999.99",std_200_40k,mainCurrencies,2026-09-03 00:30:11,2026-09-02 16:30:25,2026-09-02T16:43:48.511722+00:00,1.4859,1.4607,1.4747,1.4733,MAS,0.7594765036956737,0.9493456296195696
standardized,dbs,EUR,SGD,EUR/SGD,1,SGD 50 – 200,amtBtw50And200,"SGD 40,000 – 100,000",std_40k_100k,mainCurrencies,2026-09-03 00:30:11,2026-09-02 16:30:25,2026-09-02T16:43:48.511722+00:00,1.4859,1.4607,1.4747,1.4733,MAS,0.7594765036956737,0.9493456296195696
standardized,dbs,EUR,SGD,EUR/SGD,1,SGD 50 – 200,amtBtw50And200,SGD 50 – 200,std_50_200,mainCurrencies,2026-09-03 00:30:11,2026-09-02 16:30:25,2026-09-02T16:43:48.511722+00:00,1.4859,1.4607,1.4747,1.4733,MAS,0.7594765036956737,0.9493456296195696
standardized,dbs,EUR,SGD,EUR/SGD,1,SGD < 50,amtLessThan50,SGD < 50,std_lt_50,mainCurrencies,2026-09-03 00:30:11,2026-09-02 16:30:25,2026-09-02T16:43:48.511722+00:00,1.4866,1.46,1.4747,1.4733,MAS,0.8069437851766476,0.9968129111005586
standardized,dbs,GBP,SGD,GBP/SGD,1,SGD 50 – 200,amtBtw50And200,"SGD 200 – 39,999.99",std_200_40k,mainCurrencies,2026-09-03 00:30:11,2026-09-02 16:30:25,2026-09-02T16:43:48.511722+00:00,1.7289,1.703,1.7195,1.71595,MAS,0.5466705437627261,0.9595812736260516
standardized,dbs,GBP,SGD,GBP/SGD,1,SGD 50 – 200,amtBtw50And200,"SGD 40,000 – 100,000",std_40k_100k,mainCurrencies,2026-09-03 00:30:11,2026-09-02 16:30:25,2026-09-02T16:43:48.511722+00:00,1.7289,1.703,1.7195,1.71595,MAS,0.5466705437627261,0.9595812736260516
standardized,dbs,GBP,SGD,GBP/SGD,1,SGD 50 – 200,amtBtw50And200,SGD 50 – 200,std_50_200,mainCurrencies,2026-09-03 00:30:11,2026-09-02 16:30:25,2026-09-02T16:43:48.511722+00:00,1.7289,1.703,1.7195,1.71595,MAS,0.5466705437627261,0.9595812736260516
standardized,dbs,GBP,SGD,GBP/SGD,1,SGD < 50,amtLessThan50,SGD < 50,std_lt_50,mainCurrencies,2026-09-03 00:30:11,2026-09-02 16:30:25,2026-09-02T16:43:48.511722+00:00,1.7306,1.7013,1.7195,1.7159499999999999,MAS,0.6455364931666117,1.0584472230299502
standardized,dbs,HKD,SGD,HKD/SGD,1,SGD 50 – 200,amtBtw50And200,"SGD 200 – 39,999.99",std_200_40k,mainCurrencies,2026-09-03 00:30:11,2026-09-02 16:30:25,2026-09-02T16:43:48.511722+00:00,0.1637,0.1604,0.1624,0.16205,MAS,0.8004926108374529,1.2315270935960603
standardized,dbs,HKD,SGD,HKD/SGD,1,SGD 50 – 200,amtBtw50And200,"SGD 40,000 – 100,000",std_40k_100k,mainCurrencies,2026-09-03 00:30:11,2026-09-02 16:30:25,2026-09-02T16:43:48.511722+00:00,0.1637,0.1604,0.1624,0.16205,MAS,0.8004926108374529,1.2315270935960603
standardized,dbs,HKD,SGD,HKD/SGD,1,SGD 50 – 200,amtBtw50And200,SGD 50 – 200,std_50_200,mainCurrencies,2026-09-03 00:30:11,2026-09-02 16:30:25,2026-09-02T16:43:48.511722+00:00,0.1637,0.1604,0.1624,0.16205,MAS,0.8004926108374529,1.2315270935960603
standardized,dbs,HKD,SGD,HKD/SGD,1,SGD < 50,amtLessThan50,SGD < 50,std_lt_50,mainCurrencies,2026-09-03 00:30:11,2026-09-02 16:30:25,2026-09-02T16:43:48.511722+00:00,0.1639,0.1603,0.1624,0.1621,MAS,0.9236453201970453,1.2931034482758565
standardized,dbs,HUF,SGD,HUF/SGD,100,SGD 50 – 200,amtBtw50And200,"SGD 200 – 39,999.99",std_200_40k,otherCurrencies,2026-09-03 00:30:11,2026-09-02 16:30:25,2026-09-02T16:43:48.511722+00:00,0.4069,,,,,,
standardized,dbs,HUF,SGD,HUF/SGD,100,SGD 50 – 200,amtBtw50And200,"SGD 40,000 – 100,000",std_40k_100k,otherCurrencies,2026-09-03 00:30:11,2026-09-02 16:30:25,2026-09-02T16:43:48.511722+00:00,0.4069,,,,,,
standardized,dbs,HUF,SGD,HUF/SGD,100,SGD 50 – 200,amtBtw50And200,SGD 50 – 200,std_50_200,otherCurrencies,2026-09-03 00:30:11,2026-09-02 16:30:25,2026-09-02T16:43:48.511722+00:00,0.4069,,,,,,
standardized,dbs,HUF,SGD,HUF/SGD,100,SGD < 50,amtLessThan50,SGD < 50,std_lt_50,otherCurrencies,2026-09-03 00:30:11,2026-09-02 16:30:25,2026-09-02T16:43:48.511722+00:00,0.4085,,,,,,
standardized,dbs,ID0,SGD,ID0/SGD,100,SGD 50 – 200,amtBtw50And200,"SGD 200 – 39,999.99",std_200_40k,otherCurrencies,2026-09-03 00:30:11,2026-09-02 16:30:25,2026-09-02T16:43:48.511722+00:00,,,,,,,
standardized,dbs,ID0,SGD,ID0/SGD,100,SGD 50 – 200,amtBtw50And200,"SGD 40,000 – 100,000",std_40k_100k,otherCurrencies,2026-09-03 00:30:11,2026-09-02 16:30:25,2026-09-02T16:43:48.511722+00:00,,,,,,,
standardized,dbs,ID0,SGD,ID0/SGD,100,SGD 50 – 200,amtBtw50And200,SGD 50 – 200,std_50_200,otherCurrencies,2026-09-03 00:30:11,2026-09-02 16:30:25,2026-09-02T16:43:48.511722+00:00,,,,,,,
standardized,dbs,ID0,SGD,ID0/SGD,100,SGD < 50,amtLessThan50,SGD < 50,std_lt_50,otherCurrencies,2026-09-03 00:30:11,2026-09-02 16:30:25,2026-09-02T16:43:48.511722+00:00,,0.0071,,,,,
standardized,dbs,IDR,SGD,IDR/SGD,100,SGD 50 – 200,amtBtw50And200,"SGD 200 – 39,999.99",std_200_40k,mainCurrencies,2026-09-03 00:30:11,2026-09-02 16:30:25,2026-09-02T16:43:48.511722+00:00,0.0073,,0.0071660000000000005,,MAS,1.8699413898967283,
standardized,dbs,IDR,SGD,IDR/SGD,100,SGD 50 – 200,amtBtw50And200,"SGD 40,000 – 100,000",std_40k_100k,mainCurrencies,2026-09-03 00:30:11,2026-09-02 16:30:25,2026-09-02T16:43:48.511722+00:00,0.0073,,0.0071660000000000005,,MAS,1.8699413898967283,
standardized,dbs,IDR,SGD,IDR/SGD,100,SGD 50 – 200,amtBtw50And200,SGD 50 – 200,std_50_200,mainCurrencies,2026-09-03 00:30:11,2026-09-02 16:30:25,2026-09-02T16:43:48.511722+00:00,0.0073,,0.0071660000000000005,,MAS,1.8699413898967283,
standardized,dbs,IDR,SGD,IDR/SGD,100,SGD < 50,amtLessThan50,SGD < 50,std_lt_50,mainCurrencies,2026-09-03 00:30:11,2026-09-02 16:30:25,2026-09-02T16:43:48.511722+00:00,0.0073,,0.0071660000000000005,,MAS,1.8699413898967283,
standardized,dbs,IN0,SGD,IN0/SGD,100,SGD 50 – 200,amtBtw50And200,"SGD 200 – 39,999.99",std_200_40k,otherCurrencies,2026-09-03 00:30:11,2026-09-02 16:30:25,2026-09-02T16:43:48.511722+00:00,,1.3393,,,,,
standardized,dbs,IN0,SGD,IN0/SGD,100,SGD 50 – 200,amtBtw50And200,"SGD 40,000 – 100,000",std_40k_100k,otherCurrencies,2026-09-03 00:30:11,2026-09-02 16:30:25,2026-09-02T16:43:48.511722+00:00,,1.3393,,,,,
standardized,dbs,IN0,SGD,IN0/SGD,100,SGD 50 – 200,amtBtw50And200,SGD 50 – 200,std_50_200,otherCurrencies,2026-09-03 00:30:11,2026-09-02 16:30:25,2026-09-02T16:43:48.511722+00:00,,1.3393,,,,,
standardized,dbs,IN0,SGD,IN0/SGD,100,SGD < 50,amtLessThan50,SGD < 50,std_lt_50,otherCurrencies,2026-09-03 00:30:11,2026-09-02 16:30:25,2026-09-02T16:43:48.511722+00:00,,1.3393,,,,,
standardized,dbs,INR,SGD,INR/SGD,100,SGD 50 – 200,amtBtw50And200,"SGD 200 – 39,999.99",std_200_40k,otherCurrencies,2026-09-03 00:30:11,2026-09-02 16:30:25,2026-09-02T16:43:48.511722+00:00,1.3534,,1.3412,,MAS,0.9096331643304496,
standardized,dbs,INR,SGD,INR/SGD,100,SGD 50 – 200,amtBtw50And200,"SGD 40,000 – 100,000",std_40k_100k,otherCurrencies,2026-09-03 00:30:11,2026-09-02 16:30:25,2026-09-02T16:43:48.511722+00:00,1.3534,,1.3412,,MAS,0.9096331643304496,
standardized,dbs,INR,SGD,INR/SGD,100,SGD 50 – 200,amtBtw50And200,SGD 50 – 200,std_50_200,otherCurrencies,2026-09-03 00:30:11,2026-09-02 16:30:25,2026-09-02T16:43:48.511722+00:00,1.3534,,1.3412,,MAS,0.9096331643304496,
standardized,dbs,INR,SGD,INR/SGD,100,SGD < 50,amtLessThan50,SGD < 50,std_lt_50,otherCurrencies,2026-09-03 00:30:11,2026-09-02 16:30:25,2026-09-02T16:43:48.511722+00:00,1.3642,,1.3412,,MAS,1.7148821950492197,
standardized,dbs,JPY,SGD,JPY/SGD,100,SGD 50 – 200,amtBtw50And200,"SGD 200 – 39,999.99",std_200_40k,mainCurrencies,2026-09-03 00:30:11,2026-09-02 16:30:25,2026-09-02T16:43:48.511722+00:00,0.8082,0.7921,0.7949000000000002,0.80015,MAS,1.6731664360296723,0.35224556547995156
standardized,dbs,JPY,SGD,JPY/SGD,100,SGD 50 – 200,amtBtw50And200,"SGD 40,000 – 100,000",std_40k_100k,mainCurrencies,2026-09-03 00:30:11,2026-09-02 16:30:25,2026-09-02T16:43:48.511722+00:00,0.8082,0.7921,0.7949000000000002,0.80015,MAS,1.6731664360296723,0.35224556547995156
standardized,dbs,JPY,SGD,JPY/SGD,100,SGD 50 – 200,amtBtw50And200,SGD 50 – 200,std_50_200,mainCurrencies,2026-09-03 00:30:11,2026-09-02 16:30:25,2026-09-02T16:43:48.511722+00:00,0.8082,0.7921,0.7949000000000002,0.80015,MAS,1.6731664360296723,0.35224556547995156
standardized,dbs,JPY,SGD,JPY/SGD,100,SGD < 50,amtLessThan50,SGD < 50,std_lt_50,mainCurrencies,2026-09-03 00:30:11,2026-09-02 16:30:25,2026-09-02T16:43:48.511722+00:00,0.809,0.7913,0.7949000000000002,0.80015,MAS,1.7738080261667992,0.4528871556170786
standardized,dbs,KRW,SGD,KRW/SGD,100,SGD 50 – 200,amtBtw50And200,"SGD 200 – 39,999.99",std_200_40k,otherCurrencies,2026-09-03 00:30:11,2026-09-02 16:30:25,2026-09-02T16:43:48.511722+00:00,0.0948,,0.0929,,MAS,2.045209903121635,
standardized,dbs,KRW,SGD,KRW/SGD,100,SGD 50 – 200,amtBtw50And200,"SGD 40,000 – 100,000",std_40k_100k,otherCurrencies,2026-09-03 00:30:11,2026-09-02 16:30:25,2026-09-02T16:43:48.511722+00:00,0.0948,,0.0929,,MAS,2.045209903121635,
standardized,dbs,KRW,SGD,KRW/SGD,100,SGD 50 – 200,amtBtw50And200,SGD 50 – 200,std_50_200,otherCurrencies,2026-09-03 00:30:11,2026-09-02 16:30:25,2026-09-02T16:43:48.511722+00:00,0.0948,,0.0929,,MAS,2.045209903121635,
standardized,dbs,KRW,SGD,KRW/SGD,100,SGD < 50,amtLessThan50,SGD < 50,std_lt_50,otherCurrencies,2026-09-03 00:30:11,2026-09-02 16:30:25,2026-09-02T16:43:48.511722+00:00,0.0948,,0.0929,,MAS,2.045209903121635,
standardized,dbs,KWD,SGD,KWD/SGD,100,SGD 50 – 200,amtBtw50And200,"SGD 200 – 39,999.99",std_200_40k,otherCurrencies,2026-09-03 00:30:11,2026-09-02 16:30:25,2026-09-02T16:43:48.511722+00:00,421.4702,,,,,,
standardized,dbs,KWD,SGD,KWD/SGD,100,SGD 50 – 200,amtBtw50And200,"SGD 40,000 – 100,000",std_40k_100k,otherCurrencies,2026-09-03 00:30:11,2026-09-02 16:30:25,2026-09-02T16:43:48.511722+00:00,421.4702,,,,,,
standardized,dbs,KWD,SGD,KWD/SGD,100,SGD 50 – 200,amtBtw50And200,SGD 50 – 200,std_50_200,otherCurrencies,2026-09-03 00:30:11,2026-09-02 16:30:25,2026-09-02T16:43:48.511722+00:00,421.4702,,,,,,
standardized,dbs,KWD,SGD,KWD/SGD,100,SGD < 50,amtLessThan50,SGD < 50,std_lt_50,otherCurrencies,2026-09-03 00:30:11,2026-09-02 16:30:25,2026-09-02T16:43:48.511722+00:00,423.1321,,,,,,
standardized,dbs,LKR,SGD,LKR/SGD,100,SGD 50 – 200,amtBtw50And200,"SGD 200 – 39,999.99",std_200_40k,otherCurrencies,2026-09-03 00:30:11,2026-09-02 16:30:25,2026-09-02T16:43:48.511722+00:00,0.3948,,,,,,
standardized,dbs,LKR,SGD,LKR/SGD,100,SGD 50 – 200,amtBtw50And200,"SGD 40,000 – 100,000",std_40k_100k,otherCurrencies,2026-09-03 00:30:11,2026-09-02 16:30:25,2026-09-02T16:43:48.511722+00:00,0.3948,,,,,,
standardized,dbs,LKR,SGD,LKR/SGD,100,SGD 50 – 200,amtBtw50And200,SGD 50 – 200,std_50_200,otherCurrencies,2026-09-03 00:30:11,2026-09-02 16:30:25,2026-09-02T16:43:48.511722+00:00,0.3948,,,,,,
standardized,dbs,LKR,SGD,LKR/SGD,100,SGD < 50,amtLessThan50,SGD < 50,std_lt_50,otherCurrencies,2026-09-03 00:30:11,2026-09-02 16:30:25,2026-09-02T16:43:48.511722+00:00,0.3948,,,,,,
standardized,dbs,MM1,SGD,MM1/SGD,100,SGD 50 – 200,amtBtw50And200,"SGD 200 – 39,999.99",std_200_40k,otherCurrencies,2026-09-03 00:30:11,2026-09-02 16:30:25,2026-09-02T16:43:48.511722+00:00,,,,,,,
standardized,dbs,MM1,SGD,MM1/SGD,100,SGD 50 – 200,amtBtw50And200,"SGD 40,000 – 100,000",std_40k_100k,otherCurrencies,2026-09-03 00:30:11,2026-09-02 16:30:25,2026-09-02T16:43:48.511722+00:00,,,,,,,
standardized,dbs,MM1,SGD,MM1/SGD,100,SGD 50 – 200,amtBtw50And200,SGD 50 – 200,std_50_200,otherCurrencies,2026-09-03 00:30:11,2026-09-02 16:30:25,2026-09-02T16:43:48.511722+00:00,,,,,,,
standardized,dbs,MM1,SGD,MM1/SGD,100,SGD < 50,amtLessThan50,SGD < 50,std_lt_50,otherCurrencies,2026-09-03 00:30:11,2026-09-02 16:30:25,2026-09-02T16:43:48.511722+00:00,,,,,,,
standardized,dbs,MMK,SGD,MMK/SGD,100,SGD 50 – 200,amtBtw50And200,"SGD 200 – 39,999.99",std_200_40k,otherCurrencies,2026-09-03 00:30:11,2026-09-02 16:30:25,2026-09-02T16:43:48.511722+00:00,0.0323,,,,,,
standardized,dbs,MMK,SGD,MMK/SGD,100,SGD 50 – 200,amtBtw50And200,"SGD 40,000 – 100,000",std_40k_100k,otherCurrencies,2026-09-03 00:30:11,2026-09-02 16:30:25,2026-09-02T16:43:48.511722+00:00,0.0323,,,,,,
standardized,dbs,MMK,SGD,MMK/SGD,100,SGD 50 – 200,amtBtw50And200,SGD 50 – 200,std_50_200,otherCurrencies,2026-09-03 00:30:11,2026-09-02 16:30:25,2026-09-02T16:43:48.511722+00:00,0.0323,,,,,,
standardized,dbs,MMK,SGD,MMK/SGD,100,SGD < 50,amtLessThan50,SGD < 50,std_lt_50,otherCurrencies,2026-09-03 00:30:11,2026-09-02 16:30:25,2026-09-02T16:43:48.511722+00:00,0.0323,,,,,,
standardized,dbs,MUR,SGD,MUR/SGD,100,SGD 50 – 200,amtBtw50And200,"SGD 200 – 39,999.99",std_200_40k,otherCurrencies,2026-09-03 00:30:11,2026-09-02 16:30:25,2026-09-02T16:43:48.511722+00:00,2.7085,,,,,,
standardized,dbs,MUR,SGD,MUR/SGD,100,SGD 50 – 200,amtBtw50And200,"SGD 40,000 – 100,000",std_40k_100k,otherCurrencies,2026-09-03 00:30:11,2026-09-02 16:30:25,2026-09-02T16:43:48.511722+00:00,2.7085,,,,,,
standardized,dbs,MUR,SGD,MUR/SGD,100,SGD 50 – 200,amtBtw50And200,SGD 50 – 200,std_50_200,otherCurrencies,2026-09-03 00:30:11,2026-09-02 16:30:25,2026-09-02T16:43:48.511722+00:00,2.7085,,,,,,
standardized,dbs,MUR,SGD,MUR/SGD,100,SGD < 50,amtLessThan50,SGD < 50,std_lt_50,otherCurrencies,2026-09-03 00:30:11,2026-09-02 16:30:25,2026-09-02T16:43:48.511722+00:00,2.7192,,,,,,
standardized,dbs,MXN,SGD,MXN/SGD,100,SGD 50 – 200,amtBtw50And200,"SGD 200 – 39,999.99",std_200_40k,mainCurrencies,2026-09-03 00:30:11,2026-09-02 16:30:25,2026-09-02T16:43:48.511722+00:00,7.5934,,,,,,
standardized,dbs,MXN,SGD,MXN/SGD,100,SGD 50 – 200,amtBtw50And200,"SGD 40,000 – 100,000",std_40k_100k,mainCurrencies,2026-09-03 00:30:11,2026-09-02 16:30:25,2026-09-02T16:43:48.511722+00:00,7.5934,,,,,,
standardized,dbs,MXN,SGD,MXN/SGD,100,SGD 50 – 200,amtBtw50And200,SGD 50 – 200,std_50_200,mainCurrencies,2026-09-03 00:30:11,2026-09-02 16:30:25,2026-09-02T16:43:48.511722+00:00,7.5934,,,,,,
standardized,dbs,MXN,SGD,MXN/SGD,100,SGD < 50,amtLessThan50,SGD < 50,std_lt_50,mainCurrencies,2026-09-03 00:30:11,2026-09-02 16:30:25,2026-09-02T16:43:48.511722+00:00,7.5935,,,,,,
standardized,dbs,MY0,SGD,MY0/SGD,1,SGD 50 – 200,amtBtw50And200,"SGD 200 – 39,999.99",std_200_40k,otherCurrencies,2026-09-03 00:30:11,2026-09-02 16:30:25,2026-09-02T16:43:48.511722+00:00,,0.3137,,,,,
standardized,dbs,MY0,SGD,MY0/SGD,1,SGD 50 – 200,amtBtw50And200,"SGD 40,000 – 100,000",std_40k_100k,otherCurrencies,2026-09-03 00:30:11,2026-09-02 16:30:25,2026-09-02T16:43:48.511722+00:00,,0.3137,,,,,
standardized,dbs,MY0,SGD,MY0/SGD,1,SGD 50 – 200,amtBtw50And200,SGD 50 – 200,std_50_200,otherCurrencies,2026-09-03 00:30:11,2026-09-02 16:30:25,2026-09-02T16:43:48.511722+00:00,,0.3137,,,,,
standardized,dbs,MY0,SGD,MY0/SGD,1,SGD < 50,amtLessThan50,SGD < 50,std_lt_50,otherCurrencies,2026-09-03 00:30:11,2026-09-02 16:30:25,2026-09-02T16:43:48.511722+00:00,,0.3137,,,,,
standardized,dbs,MYR,SGD,MYR/SGD,1,SGD 50 – 200,amtBtw50And200,"SGD 200 – 39,999.99",std_200_40k,otherCurrencies,2026-09-03 00:30:11,2026-09-02 16:30:25,2026-09-02T16:43:48.511722+00:00,0.3177,,0.31489999999999996,,MAS,0.8891711654493569,
standardized,dbs,MYR,SGD,MYR/SGD,1,SGD 50 – 200,amtBtw50And200,"SGD 40,000 – 100,000",std_40k_100k,otherCurrencies,2026-09-03 00:30:11,2026-09-02 16:30:25,2026-09-02T16:43:48.511722+00:00,0.3177,,0.31489999999999996,,MAS,0.8891711654493569,
standardized,dbs,MYR,SGD,MYR/SGD,1,SGD 50 – 200,amtBtw50And200,SGD 50 – 200,std_50_200,otherCurrencies,2026-09-03 00:30:11,2026-09-02 16:30:25,2026-09-02T16:43:48.511722+00:00,0.3177,,0.31489999999999996,,MAS,0.8891711654493569,
standardized,dbs,MYR,SGD,MYR/SGD,1,SGD < 50,amtLessThan50,SGD < 50,std_lt_50,otherCurrencies,2026-09-03 00:30:11,2026-09-02 16:30:25,2026-09-02T16:43:48.511722+00:00,0.3177,,0.31489999999999996,,MAS,0.8891711654493569,
standardized,dbs,NOK,SGD,NOK/SGD,1,SGD 50 – 200,amtBtw50And200,"SGD 200 – 39,999.99",std_200_40k,mainCurrencies,2026-09-03 00:30:11,2026-09-02 16:30:25,2026-09-02T16:43:48.511722+00:00,0.1384,0.1345,,0.13645000000000002,,,
standardized,dbs,NOK,SGD,NOK/SGD,1,SGD 50 – 200,amtBtw50And200,"SGD 40,000 – 100,000",std_40k_100k,mainCurrencies,2026-09-03 00:30:11,2026-09-02 16:30:25,2026-09-02T16:43:48.511722+00:00,0.1384,0.1345,,0.13645000000000002,,,
standardized,dbs,NOK,SGD,NOK/SGD,1,SGD 50 – 200,amtBtw50And200,SGD 50 – 200,std_50_200,mainCurrencies,2026-09-03 00:30:11,2026-09-02 16:30:25,2026-09-02T16:43:48.511722+00:00,0.1384,0.1345,,0.13645000000000002,,,
standardized,dbs,NOK,SGD,NOK/SGD,1,SGD < 50,amtLessThan50,SGD < 50,std_lt_50,mainCurrencies,2026-09-03 00:30:11,2026-09-02 16:30:25,2026-09-02T16:43:48.511722+00:00,0.1388,0.1342,,0.1365,,,
standardized,dbs,NZD,SGD,NZD/SGD,1,SGD 50 – 200,amtBtw50And200,"SGD 200 – 39,999.99",std_200_40k,mainCurrencies,2026-09-03 00:30:11,2026-09-02 16:30:25,2026-09-02T16:43:48.511722+00:00,0.7515,0.7343,0.7440000000000001,0.7428999999999999,MAS,1.0080645161290105,1.3037634408602354
standardized,dbs,NZD,SGD,NZD/SGD,1,SGD 50 – 200,amtBtw50And200,"SGD 40,000 – 100,000",std_40k_100k,mainCurrencies,2026-09-03 00:30:11,2026-09-02 16:30:25,2026-09-02T16:43:48.511722+00:00,0.7515,0.7343,0.7440000000000001,0.7428999999999999,MAS,1.0080645161290105,1.3037634408602354
standardized,dbs,NZD,SGD,NZD/SGD,1,SGD 50 – 200,amtBtw50And200,SGD 50 – 200,std_50_200,mainCurrencies,2026-09-03 00:30:11,2026-09-02 16:30:25,2026-09-02T16:43:48.511722+00:00,0.7515,0.7343,0.7440000000000001,0.7428999999999999,MAS,1.0080645161290105,1.3037634408602354
standardized,dbs,NZD,SGD,NZD/SGD,1,SGD < 50,amtLessThan50,SGD < 50,std_lt_50,mainCurrencies,2026-09-03 00:30:11,2026-09-02 16:30:25,2026-09-02T16:43:48.511722+00:00,0.7522,0.7335,0.7440000000000001,0.74285,MAS,1.1021505376343916,1.4112903225806537
standardized,dbs,OMR,SGD,OMR/SGD,1,SGD 50 – 200,amtBtw50And200,"SGD 200 – 39,999.99",std_200_40k,otherCurrencies,2026-09-03 00:30:11,2026-09-02 16:30:25,2026-09-02T16:43:48.511722+00:00,3.3272,,,,,,
standardized,dbs,OMR,SGD,OMR/SGD,1,SGD 50 – 200,amtBtw50And200,"SGD 40,000 – 100,000",std_40k_100k,otherCurrencies,2026-09-03 00:30:11,2026-09-02 16:30:25,2026-09-02T16:43:48.511722+00:00,3.3272,,,,,,
standardized,dbs,OMR,SGD,OMR/SGD,1,SGD 50 – 200,amtBtw50And200,SGD 50 – 200,std_50_200,otherCurrencies,2026-09-03 00:30:11,2026-09-02 16:30:25,2026-09-02T16:43:48.511722+00:00,3.3272,,,,,,
standardized,dbs,OMR,SGD,OMR/SGD,1,SGD < 50,amtLessThan50,SGD < 50,std_lt_50,otherCurrencies,2026-09-03 00:30:11,2026-09-02 16:30:25,2026-09-02T16:43:48.511722+00:00,3.3272,,,,,,
standardized,dbs,PH0,SGD,PH0/SGD,100,SGD 50 – 200,amtBtw50And200,"SGD 200 – 39,999.99",std_200_40k,otherCurrencies,2026-09-03 00:30:11,2026-09-02 16:30:25,2026-09-02T16:43:48.511722+00:00,,2.0258,,,,,
standardized,dbs,PH0,SGD,PH0/SGD,100,SGD 50 – 200,amtBtw50And200,"SGD 40,000 – 100,000",std_40k_100k,otherCurrencies,2026-09-03 00:30:11,2026-09-02 16:30:25,2026-09-02T16:43:48.511722+00:00,,2.0258,,,,,
standardized,dbs,PH0,SGD,PH0/SGD,100,SGD 50 – 200,amtBtw50And200,SGD 50 – 200,std_50_200,otherCurrencies,2026-09-03 00:30:11,2026-09-02 16:30:25,2026-09-02T16:43:48.511722+00:00,,2.0258,,,,,
standardized,dbs,PH0,SGD,PH0/SGD,100,SGD < 50,amtLessThan50,SGD < 50,std_lt_50,otherCurrencies,2026-09-03 00:30:11,2026-09-02 16:30:25,2026-09-02T16:43:48.511722+00:00,,2.0258,,,,,
standardized,dbs,PHP,SGD,PHP/SGD,100,SGD 50 – 200,amtBtw50And200,"SGD 200 – 39,999.99",std_200_40k,otherCurrencies,2026-09-03 00:30:11,2026-09-02 16:30:25,2026-09-02T16:43:48.511722+00:00,2.053,,2.0322,,MAS,1.0235213069579732,
standardized,dbs,PHP,SGD,PHP/SGD,100,SGD 50 – 200,amtBtw50And200,"SGD 40,000 – 100,000",std_40k_100k,otherCurrencies,2026-09-03 00:30:11,2026-09-02 16:30:25,2026-09-02T16:43:48.511722+00:00,2.053,,2.0322,,MAS,1.0235213069579732,
standardized,dbs,PHP,SGD,PHP/SGD,100,SGD 50 – 200,amtBtw50And200,SGD 50 – 200,std_50_200,otherCurrencies,2026-09-03 00:30:11,2026-09-02 16:30:25,2026-09-02T16:43:48.511722+00:00,2.053,,2.0322,,MAS,1.0235213069579732,
standardized,dbs,PHP,SGD,PHP/SGD,100,SGD < 50,amtLessThan50,SGD < 50,std_lt_50,otherCurrencies,2026-09-03 00:30:11,2026-09-02 16:30:25,2026-09-02T16:43:48.511722+00:00,2.0684,,2.0322,,MAS,1.7813207361480172,
standardized,dbs,PLN,SGD,PLN/SGD,1,SGD 50 – 200,amtBtw50And200,"SGD 200 – 39,999.99",std_200_40k,otherCurrencies,2026-09-03 00:30:11,2026-09-02 16:30:25,2026-09-02T16:43:48.511722+00:00,0.346,,,,,,
standardized,dbs,PLN,SGD,PLN/SGD,1,SGD 50 – 200,amtBtw50And200,"SGD 40,000 – 100,000",std_40k_100k,otherCurrencies,2026-09-03 00:30:11,2026-09-02 16:30:25,2026-09-02T16:43:48.511722+00:00,0.346,,,,,,
standardized,dbs,PLN,SGD,PLN/SGD,1,SGD 50 – 200,amtBtw50And200,SGD 50 – 200,std_50_200,otherCurrencies,2026-09-03 00:30:11,2026-09-02 16:30:25,2026-09-02T16:43:48.511722+00:00,0.346,,,,,,
standardized,dbs,PLN,SGD,PLN/SGD,1,SGD < 50,amtLessThan50,SGD < 50,std_lt_50,otherCurrencies,2026-09-03 00:30:11,2026-09-02 16:30:25,2026-09-02T16:43:48.511722+00:00,0.3473,,,,,,
standardized,dbs,QAR,SGD,QAR/SGD,1,SGD 50 – 200,amtBtw50And200,"SGD 200 – 39,999.99",std_200_40k,otherCurrencies,2026-09-03 00:30:11,2026-09-02 16:30:25,2026-09-02T16:43:48.511722+00:00,0.3565,,0.3494,,MAS,2.032054951345162,
standardized,dbs,QAR,SGD,QAR/SGD,1,SGD 50 – 200,amtBtw50And200,"SGD 40,000 – 100,000",std_40k_100k,otherCurrencies,2026-09-03 00:30:11,2026-09-02 16:30:25,2026-09-02T16:43:48.511722+00:00,0.3565,,0.3494,,MAS,2.032054951345162,
standardized,dbs,QAR,SGD,QAR/SGD,1,SGD 50 – 200,amtBtw50And200,SGD 50 – 200,std_50_200,otherCurrencies,2026-09-03 00:30:11,2026-09-02 16:30:25,2026-09-02T16:43:48.511722+00:00,0.3565,,0.3494,,MAS,2.032054951345162,
standardized,dbs,QAR,SGD,QAR/SGD,1,SGD < 50,amtLessThan50,SGD < 50,std_lt_50,otherCurrencies,2026-09-03 00:30:11,2026-09-02 16:30:25,2026-09-02T16:43:48.511722+00:00,0.3579,,0.3494,,MAS,2.4327418431597048,
standardized,dbs,RUB,SGD,RUB/SGD,100,SGD 50 – 200,amtBtw50And200,"SGD 200 – 39,999.99",std_200_40k,mainCurrencies,2026-09-03 00:30:11,2026-09-02 16:30:25,2026-09-02T16:43:48.511722+00:00,,,,,,,
standardized,dbs,RUB,SGD,RUB/SGD,100,SGD 50 – 200,amtBtw50And200,"SGD 40,000 – 100,000",std_40k_100k,mainCurrencies,2026-09-03 00:30:11,2026-09-02 16:30:25,2026-09-02T16:43:48.511722+00:00,,,,,,,
standardized,dbs,RUB,SGD,RUB/SGD,100,SGD 50 – 200,amtBtw50And200,SGD 50 – 200,std_50_200,mainCurrencies,2026-09-03 00:30:11,2026-09-02 16:30:25,2026-09-02T16:43:48.511722+00:00,,,,,,,
standardized,dbs,RUB,SGD,RUB/SGD,100,SGD < 50,amtLessThan50,SGD < 50,std_lt_50,mainCurrencies,2026-09-03 00:30:11,2026-09-02 16:30:25,2026-09-02T16:43:48.511722+00:00,,,,,,,
standardized,dbs,SAR,SGD,SAR/SGD,100,SGD 50 – 200,amtBtw50And200,"SGD 200 – 39,999.99",std_200_40k,otherCurrencies,2026-09-03 00:30:11,2026-09-02 16:30:25,2026-09-02T16:43:48.511722+00:00,34.2819,,33.92,,MAS,1.0669221698113165,
standardized,dbs,SAR,SGD,SAR/SGD,100,SGD 50 – 200,amtBtw50And200,"SGD 40,000 – 100,000",std_40k_100k,otherCurrencies,2026-09-03 00:30:11,2026-09-02 16:30:25,2026-09-02T16:43:48.511722+00:00,34.2819,,33.92,,MAS,1.0669221698113165,
standardized,dbs,SAR,SGD,SAR/SGD,100,SGD 50 – 200,amtBtw50And200,SGD 50 – 200,std_50_200,otherCurrencies,2026-09-03 00:30:11,2026-09-02 16:30:25,2026-09-02T16:43:48.511722+00:00,34.2819,,33.92,,MAS,1.0669221698113165,
standardized,dbs,SAR,SGD,SAR/SGD,100,SGD < 50,amtLessThan50,SGD < 50,std_lt_50,otherCurrencies,2026-09-03 00:30:11,2026-09-02 16:30:25,2026-09-02T16:43:48.511722+00:00,34.2819,,33.92,,MAS,1.0669221698113165,
standardized,dbs,SEK,SGD,SEK/SGD,1,SGD 50 – 200,amtBtw50And200,"SGD 200 – 39,999.99",std_200_40k,mainCurrencies,2026-09-03 00:30:11,2026-09-02 16:30:25,2026-09-02T16:43:48.511722+00:00,0.1339,0.1302,,0.13205,,,
standardized,dbs,SEK,SGD,SEK/SGD,1,SGD 50 – 200,amtBtw50And200,"SGD 40,000 – 100,000",std_40k_100k,mainCurrencies,2026-09-03 00:30:11,2026-09-02 16:30:25,2026-09-02T16:43:48.511722+00:00,0.1339,0.1302,,0.13205,,,
standardized,dbs,SEK,SGD,SEK/SGD,1,SGD 50 – 200,amtBtw50And200,SGD 50 – 200,std_50_200,mainCurrencies,2026-09-03 00:30:11,2026-09-02 16:30:25,2026-09-02T16:43:48.511722+00:00,0.1339,0.1302,,0.13205,,,
standardized,dbs,SEK,SGD,SEK/SGD,1,SGD < 50,amtLessThan50,SGD < 50,std_lt_50,mainCurrencies,2026-09-03 00:30:11,2026-09-02 16:30:25,2026-09-02T16:43:48.511722+00:00,0.1344,0.1297,,0.13205,,,
standardized,dbs,THB,SGD,THB/SGD,100,SGD 50 – 200,amtBtw50And200,"SGD 200 – 39,999.99",std_200_40k,mainCurrencies,2026-09-03 00:30:11,2026-09-02 16:30:25,2026-09-02T16:43:48.511722+00:00,3.8899,3.7735,3.8232000000000004,3.8316999999999997,MAS,1.7446118434818876,1.2999581502406496
standardized,dbs,THB,SGD,THB/SGD,100,SGD 50 – 200,amtBtw50And200,"SGD 40,000 – 100,000",std_40k_100k,mainCurrencies,2026-09-03 00:30:11,2026-09-02 16:30:25,2026-09-02T16:43:48.511722+00:00,3.8899,3.7735,3.8232000000000004,3.8316999999999997,MAS,1.7446118434818876,1.2999581502406496
standardized,dbs,THB,SGD,THB/SGD,100,SGD 50 – 200,amtBtw50And200,SGD 50 – 200,std_50_200,mainCurrencies,2026-09-03 00:30:11,2026-09-02 16:30:25,2026-09-02T16:43:48.511722+00:00,3.8899,3.7735,3.8232000000000004,3.8316999999999997,MAS,1.7446118434818876,1.2999581502406496
standardized,dbs,THB,SGD,THB/SGD,100,SGD < 50,amtLessThan50,SGD < 50,std_lt_50,mainCurrencies,2026-09-03 00:30:11,2026-09-02 16:30:25,2026-09-02T16:43:48.511722+00:00,3.8941,3.7692,3.8232000000000004,3.83165,MAS,1.854467461812082,1.4124293785310804
standardized,dbs,TND,SGD,TND/SGD,1,SGD 50 – 200,amtBtw50And200,"SGD 200 – 39,999.99",std_200_40k,otherCurrencies,2026-09-03 00:30:11,2026-09-02 16:30:25,2026-09-02T16:43:48.511722+00:00,0.4425,,,,,,
standardized,dbs,TND,SGD,TND/SGD,1,SGD 50 – 200,amtBtw50And200,"SGD 40,000 – 100,000",std_40k_100k,otherCurrencies,2026-09-03 00:30:11,2026-09-02 16:30:25,2026-09-02T16:43:48.511722+00:00,0.4425,,,,,,
standardized,dbs,TND,SGD,TND/SGD,1,SGD 50 – 200,amtBtw50And200,SGD 50 – 200,std_50_200,otherCurrencies,2026-09-03 00:30:11,2026-09-02 16:30:25,2026-09-02T16:43:48.511722+00:00,0.4425,,,,,,
standardized,dbs,TND,SGD,TND/SGD,1,SGD < 50,amtLessThan50,SGD < 50,std_lt_50,otherCurrencies,2026-09-03 00:30:11,2026-09-02 16:30:25,2026-09-02T16:43:48.511722+00:00,0.4425,,,,,,
standardized,dbs,TWD,SGD,TWD/SGD,100,SGD 50 – 200,amtBtw50And200,"SGD 200 – 39,999.99",std_200_40k,otherCurrencies,2026-09-03 00:30:11,2026-09-02 16:30:25,2026-09-02T16:43:48.511722+00:00,4.0549,,4.005,,MAS,1.24594257178527,
standardized,dbs,TWD,SGD,TWD/SGD,100,SGD 50 – 200,amtBtw50And200,"SGD 40,000 – 100,000",std_40k_100k,otherCurrencies,2026-09-03 00:30:11,2026-09-02 16:30:25,2026-09-02T16:43:48.511722+00:00,4.0549,,4.005,,MAS,1.24594257178527,
standardized,dbs,TWD,SGD,TWD/SGD,100,SGD 50 – 200,amtBtw50And200,SGD 50 – 200,std_50_200,otherCurrencies,2026-09-03 00:30:11,2026-09-02 16:30:25,2026-09-02T16:43:48.511722+00:00,4.0549,,4.005,,MAS,1.24594257178527,
standardized,dbs,TWD,SGD,TWD/SGD,100,SGD < 50,amtLessThan50,SGD < 50,std_lt_50,otherCurrencies,2026-09-03 00:30:11,2026-09-02 16:30:25,2026-09-02T16:43:48.511722+00:00,4.0589,,4.005,,MAS,1.3458177278402124,
standardized,dbs,USD,SGD,USD/SGD,1,SGD 50 – 200,amtBtw50And200,"SGD 200 – 39,999.99",std_200_40k,mainCurrencies,2026-09-03 00:30:11,2026-09-02 16:30:25,2026-09-02T16:43:48.511722+00:00,1.282,1.2608,1.2735,1.2713999999999999,MAS,0.667451904201017,0.9972516686297725
standardized,dbs,USD,SGD,USD/SGD,1,SGD 50 – 200,amtBtw50And200,"SGD 40,000 – 100,000",std_40k_100k,mainCurrencies,2026-09-03 00:30:11,2026-09-02 16:30:25,2026-09-02T16:43:48.511722+00:00,1.282,1.2608,1.2735,1.2713999999999999,MAS,0.667451904201017,0.9972516686297725
standardized,dbs,USD,SGD,USD/SGD,1,SGD 50 – 200,amtBtw50And200,SGD 50 – 200,std_50_200,mainCurrencies,2026-09-03 00:30:11,2026-09-02 16:30:25,2026-09-02T16:43:48.511722+00:00,1.282,1.2608,1.2735,1.2713999999999999,MAS,0.667451904201017,0.9972516686297725
standardized,dbs,USD,SGD,USD/SGD,1,SGD < 50,amtLessThan50,SGD < 50,std_lt_50,mainCurrencies,2026-09-03 00:30:11,2026-09-02 16:30:25,2026-09-02T16:43:48.511722+00:00,1.2829,1.2599,1.2735,1.2713999999999999,MAS,0.738123282292882,1.0679230467216376
standardized,dbs,VND,SGD,VND/SGD,100,SGD 50 – 200,amtBtw50And200,"SGD 200 – 39,999.99",std_200_40k,otherCurrencies,2026-09-03 00:30:11,2026-09-02 16:30:25,2026-09-02T16:43:48.511722+00:00,0.005,,0.004884,,MAS,2.3751023751023705,
standardized,dbs,VND,SGD,VND/SGD,100,SGD 50 – 200,amtBtw50And200,"SGD 40,000 – 100,000",std_40k_100k,otherCurrencies,2026-09-03 00:30:11,2026-09-02 16:30:25,2026-09-02T16:43:48.511722+00:00,0.005,,0.004884,,MAS,2.3751023751023705,
standardized,dbs,VND,SGD,VND/SGD,100,SGD 50 – 200,amtBtw50And200,SGD 50 – 200,std_50_200,otherCurrencies,2026-09-03 00:30:11,2026-09-02 16:30:25,2026-09-02T16:43:48.511722+00:00,0.005,,0.004884,,MAS,2.3751023751023705,
standardized,dbs,VND,SGD,VND/SGD,100,SGD < 50,amtLessThan50,SGD < 50,std_lt_50,otherCurrencies,2026-09-03 00:30:11,2026-09-02 16:30:25,2026-09-02T16:43:48.511722+00:00,0.005,,0.004884,,MAS,2.3751023751023705,
standardized,dbs,XAU,SGD,XAU/SGD,1,SGD 50 – 200,amtBtw50And200,"SGD 200 – 39,999.99",std_200_40k,otherCurrencies,2026-09-03 00:30:11,2026-09-02 16:30:25,2026-09-02T16:43:48.511722+00:00,5587.021,5519.578,,5553.2995,,,
standardized,dbs,XAU,SGD,XAU/SGD,1,SGD 50 – 200,amtBtw50And200,"SGD 40,000 – 100,000",std_40k_100k,otherCurrencies,2026-09-03 00:30:11,2026-09-02 16:30:25,2026-09-02T16:43:48.511722+00:00,5587.021,5519.578,,5553.2995,,,
standardized,dbs,XAU,SGD,XAU/SGD,1,SGD 50 – 200,amtBtw50And200,SGD 50 – 200,std_50_200,otherCurrencies,2026-09-03 00:30:11,2026-09-02 16:30:25,2026-09-02T16:43:48.511722+00:00,5587.021,5519.578,,5553.2995,,,
standardized,dbs,XAU,SGD,XAU/SGD,1,SGD < 50,amtLessThan50,SGD < 50,std_lt_50,otherCurrencies,2026-09-03 00:30:11,2026-09-02 16:30:25,2026-09-02T16:43:48.511722+00:00,5586.945,5519.458,,5553.201499999999,,,
standardized,dbs,ZAR,SGD,ZAR/SGD,1,SGD 50 – 200,amtBtw50And200,"SGD 200 – 39,999.99",std_200_40k,otherCurrencies,2026-09-03 00:30:11,2026-09-02 16:30:25,2026-09-02T16:43:48.511722+00:00,0.0801,0.0781,,0.0791,,,
standardized,dbs,ZAR,SGD,ZAR/SGD,1,SGD 50 – 200,amtBtw50And200,"SGD 40,000 – 100,000",std_40k_100k,otherCurrencies,2026-09-03 00:30:11,2026-09-02 16:30:25,2026-09-02T16:43:48.511722+00:00,0.0801,0.0781,,0.0791,,,
standardized,dbs,ZAR,SGD,ZAR/SGD,1,SGD 50 – 200,amtBtw50And200,SGD 50 – 200,std_50_200,otherCurrencies,2026-09-03 00:30:11,2026-09-02 16:30:25,2026-09-02T16:43:48.511722+00:00,0.0801,0.0781,,0.0791,,,
standardized,dbs,ZAR,SGD,ZAR/SGD,1,SGD < 50,amtLessThan50,SGD < 50,std_lt_50,otherCurrencies,2026-09-03 00:30:11,2026-09-02 16:30:25,2026-09-02T16:43:48.511722+00:00,0.0804,0.0778,,0.0791,,,
standardized,hsbc,AED,SGD,AED/SGD,100,Indicative board,board,"SGD 200 – 39,999.99",std_200_40k,indicative_fx,2026-9-2,2026-9-2,2026-09-02T16:43:52.794602+00:00,35.81,33.55,34.68,34.68,MAS,3.258362168396778,3.258362168396778
standardized,hsbc,AED,SGD,AED/SGD,100,Indicative board,board,"SGD 40,000 – 100,000",std_40k_100k,indicative_fx,2026-9-2,2026-9-2,2026-09-02T16:43:52.794602+00:00,35.81,33.55,34.68,34.68,MAS,3.258362168396778,3.258362168396778
standardized,hsbc,AED,SGD,AED/SGD,100,Indicative board,board,SGD 50 – 200,std_50_200,indicative_fx,2026-9-2,2026-9-2,2026-09-02T16:43:52.794602+00:00,35.81,33.55,34.68,34.68,MAS,3.258362168396778,3.258362168396778
standardized,hsbc,AED,SGD,AED/SGD,100,Indicative board,board,SGD < 50,std_lt_50,indicative_fx,2026-9-2,2026-9-2,2026-09-02T16:43:52.794602+00:00,35.81,33.55,34.68,34.68,MAS,3.258362168396778,3.258362168396778
standardized,hsbc,AUD,SGD,AUD/SGD,1,Indicative board,board,"SGD 200 – 39,999.99",std_200_40k,indicative_fx,2026-9-2,2026-9-2,2026-09-02T16:43:52.794602+00:00,0.937,0.8822,0.9094,0.9096,MAS,3.034968110842321,2.9909830657576424
standardized,hsbc,AUD,SGD,AUD/SGD,1,Indicative board,board,"SGD 40,000 – 100,000",std_40k_100k,indicative_fx,2026-9-2,2026-9-2,2026-09-02T16:43:52.794602+00:00,0.937,0.8822,0.9094,0.9096,MAS,3.034968110842321,2.9909830657576424
standardized,hsbc,AUD,SGD,AUD/SGD,1,Indicative board,board,SGD 50 – 200,std_50_200,indicative_fx,2026-9-2,2026-9-2,2026-09-02T16:43:52.794602+00:00,0.937,0.8822,0.9094,0.9096,MAS,3.034968110842321,2.9909830657576424
standardized,hsbc,AUD,SGD,AUD/SGD,1,Indicative board,board,SGD < 50,std_lt_50,indicative_fx,2026-9-2,2026-9-2,2026-09-02T16:43:52.794602+00:00,0.937,0.8822,0.9094,0.9096,MAS,3.034968110842321,2.9909830657576424
standardized,hsbc,CAD,SGD,CAD/SGD,1,Indicative board,board,"SGD 200 – 39,999.99",std_200_40k,indicative_fx,2026-9-2,2026-9-2,2026-09-02T16:43:52.794602+00:00,0.944,0.8888,0.9152,0.9164,MAS,3.1468531468531404,2.8846153846153824
standardized,hsbc,CAD,SGD,CAD/SGD,1,Indicative board,board,"SGD 40,000 – 100,000",std_40k_100k,indicative_fx,2026-9-2,2026-9-2,2026-09-02T16:43:52.794602+00:00,0.944,0.8888,0.9152,0.9164,MAS,3.1468531468531404,2.8846153846153824
standardized,hsbc,CAD,SGD,CAD/SGD,1,Indicative board,board,SGD 50 – 200,std_50_200,indicative_fx,2026-9-2,2026-9-2,2026-09-02T16:43:52.794602+00:00,0.944,0.8888,0.9152,0.9164,MAS,3.1468531468531404,2.8846153846153824
standardized,hsbc,CAD,SGD,CAD/SGD,1,Indicative board,board,SGD < 50,std_lt_50,indicative_fx,2026-9-2,2026-9-2,2026-09-02T16:43:52.794602+00:00,0.944,0.8888,0.9152,0.9164,MAS,3.1468531468531404,2.8846153846153824
standardized,hsbc,CHF,SGD,CHF/SGD,100,Indicative board,board,"SGD 200 – 39,999.99",std_200_40k,indicative_fx,2026-9-2,2026-9-2,2026-09-02T16:43:52.794602+00:00,161.52,152.06,156.67,156.79000000000002,MAS,3.0956788153443693,2.9424905853066865
standardized,hsbc,CHF,SGD,CHF/SGD,100,Indicative board,board,"SGD 40,000 – 100,000",std_40k_100k,indicative_fx,2026-9-2,2026-9-2,2026-09-02T16:43:52.794602+00:00,161.52,152.06,156.67,156.79000000000002,MAS,3.0956788153443693,2.9424905853066865
standardized,hsbc,CHF,SGD,CHF/SGD,100,Indicative board,board,SGD 50 – 200,std_50_200,indicative_fx,2026-9-2,2026-9-2,2026-09-02T16:43:52.794602+00:00,161.52,152.06,156.67,156.79000000000002,MAS,3.0956788153443693,2.9424905853066865
standardized,hsbc,CHF,SGD,CHF/SGD,100,Indicative board,board,SGD < 50,std_lt_50,indicative_fx,2026-9-2,2026-9-2,2026-09-02T16:43:52.794602+00:00,161.52,152.06,156.67,156.79000000000002,MAS,3.0956788153443693,2.9424905853066865
standardized,hsbc,CNY,SGD,CNY/SGD,100,Indicative board,board,"SGD 200 – 39,999.99",std_200_40k,indicative_fx,2026-9-2,2026-9-2,2026-09-02T16:43:52.794602+00:00,19.56,18.33,18.94,18.945,MAS,3.273495248152045,3.2206969376980097
standardized,hsbc,CNY,SGD,CNY/SGD,100,Indicative board,board,"SGD 40,000 – 100,000",std_40k_100k,indicative_fx,2026-9-2,2026-9-2,2026-09-02T16:43:52.794602+00:00,19.56,18.33,18.94,18.945,MAS,3.273495248152045,3.2206969376980097
standardized,hsbc,CNY,SGD,CNY/SGD,100,Indicative board,board,SGD 50 – 200,std_50_200,indicative_fx,2026-9-2,2026-9-2,2026-09-02T16:43:52.794602+00:00,19.56,18.33,18.94,18.945,MAS,3.273495248152045,3.2206969376980097
standardized,hsbc,CNY,SGD,CNY/SGD,100,Indicative board,board,SGD < 50,std_lt_50,indicative_fx,2026-9-2,2026-9-2,2026-09-02T16:43:52.794602+00:00,19.56,18.33,18.94,18.945,MAS,3.273495248152045,3.2206969376980097
standardized,hsbc,DKK,SGD,DKK/SGD,100,Indicative board,board,"SGD 200 – 39,999.99",std_200_40k,indicative_fx,2026-9-2,2026-9-2,2026-09-02T16:43:52.794602+00:00,20.34,19.15,,19.744999999999997,,,
standardized,hsbc,DKK,SGD,DKK/SGD,100,Indicative board,board,"SGD 40,000 – 100,000",std_40k_100k,indicative_fx,2026-9-2,2026-9-2,2026-09-02T16:43:52.794602+00:00,20.34,19.15,,19.744999999999997,,,
standardized,hsbc,DKK,SGD,DKK/SGD,100,Indicative board,board,SGD 50 – 200,std_50_200,indicative_fx,2026-9-2,2026-9-2,2026-09-02T16:43:52.794602+00:00,20.34,19.15,,19.744999999999997,,,
standardized,hsbc,DKK,SGD,DKK/SGD,100,Indicative board,board,SGD < 50,std_lt_50,indicative_fx,2026-9-2,2026-9-2,2026-09-02T16:43:52.794602+00:00,20.34,19.15,,19.744999999999997,,,
standardized,hsbc,EUR,SGD,EUR/SGD,1,Indicative board,board,"SGD 200 – 39,999.99",std_200_40k,indicative_fx,2026-9-2,2026-9-2,2026-09-02T16:43:52.794602+00:00,1.5201,1.4313,1.4747,1.4757,MAS,3.0785922560520858,2.9429714518207013
standardized,hsbc,EUR,SGD,EUR/SGD,1,Indicative board,board,"SGD 40,000 – 100,000",std_40k_100k,indicative_fx,2026-9-2,2026-9-2,2026-09-02T16:43:52.794602+00:00,1.5201,1.4313,1.4747,1.4757,MAS,3.0785922560520858,2.9429714518207013
standardized,hsbc,EUR,SGD,EUR/SGD,1,Indicative board,board,SGD 50 – 200,std_50_200,indicative_fx,2026-9-2,2026-9-2,2026-09-02T16:43:52.794602+00:00,1.5201,1.4313,1.4747,1.4757,MAS,3.0785922560520858,2.9429714518207013
standardized,hsbc,EUR,SGD,EUR/SGD,1,Indicative board,board,SGD < 50,std_lt_50,indicative_fx,2026-9-2,2026-9-2,2026-09-02T16:43:52.794602+00:00,1.5201,1.4313,1.4747,1.4757,MAS,3.0785922560520858,2.9429714518207013
standardized,hsbc,FJD,SGD,FJD/SGD,1,Indicative board,board,"SGD 200 – 39,999.99",std_200_40k,indicative_fx,2026-9-2,2026-9-2,2026-09-02T16:43:52.794602+00:00,0.6044,,,,,,
standardized,hsbc,FJD,SGD,FJD/SGD,1,Indicative board,board,"SGD 40,000 – 100,000",std_40k_100k,indicative_fx,2026-9-2,2026-9-2,2026-09-02T16:43:52.794602+00:00,0.6044,,,,,,
standardized,hsbc,FJD,SGD,FJD/SGD,1,Indicative board,board,SGD 50 – 200,std_50_200,indicative_fx,2026-9-2,2026-9-2,2026-09-02T16:43:52.794602+00:00,0.6044,,,,,,
standardized,hsbc,FJD,SGD,FJD/SGD,1,Indicative board,board,SGD < 50,std_lt_50,indicative_fx,2026-9-2,2026-9-2,2026-09-02T16:43:52.794602+00:00,0.6044,,,,,,
standardized,hsbc,GBP,SGD,GBP/SGD,1,Indicative board,board,"SGD 200 – 39,999.99",std_200_40k,indicative_fx,2026-9-2,2026-9-2,2026-09-02T16:43:52.794602+00:00,1.7724,1.6687,1.7195,1.72055,MAS,3.076475719685952,2.9543471939517274
standardized,hsbc,GBP,SGD,GBP/SGD,1,Indicative board,board,"SGD 40,000 – 100,000",std_40k_100k,indicative_fx,2026-9-2,2026-9-2,2026-09-02T16:43:52.794602+00:00,1.7724,1.6687,1.7195,1.72055,MAS,3.076475719685952,2.9543471939517274
standardized,hsbc,GBP,SGD,GBP/SGD,1,Indicative board,board,SGD 50 – 200,std_50_200,indicative_fx,2026-9-2,2026-9-2,2026-09-02T16:43:52.794602+00:00,1.7724,1.6687,1.7195,1.72055,MAS,3.076475719685952,2.9543471939517274
standardized,hsbc,GBP,SGD,GBP/SGD,1,Indicative board,board,SGD < 50,std_lt_50,indicative_fx,2026-9-2,2026-9-2,2026-09-02T16:43:52.794602+00:00,1.7724,1.6687,1.7195,1.72055,MAS,3.076475719685952,2.9543471939517274
standardized,hsbc,HKD,SGD,HKD/SGD,100,Indicative board,board,"SGD 200 – 39,999.99",std_200_40k,indicative_fx,2026-9-2,2026-9-2,2026-09-02T16:43:52.794602+00:00,16.45,16.04,16.24,16.244999999999997,MAS,1.2931034482758674,1.2315270935960547
standardized,hsbc,HKD,SGD,HKD/SGD,100,Indicative board,board,"SGD 40,000 – 100,000",std_40k_100k,indicative_fx,2026-9-2,2026-9-2,2026-09-02T16:43:52.794602+00:00,16.45,16.04,16.24,16.244999999999997,MAS,1.2931034482758674,1.2315270935960547
standardized,hsbc,HKD,SGD,HKD/SGD,100,Indicative board,board,SGD 50 – 200,std_50_200,indicative_fx,2026-9-2,2026-9-2,2026-09-02T16:43:52.794602+00:00,16.45,16.04,16.24,16.244999999999997,MAS,1.2931034482758674,1.2315270935960547
standardized,hsbc,HKD,SGD,HKD/SGD,100,Indicative board,board,SGD < 50,std_lt_50,indicative_fx,2026-9-2,2026-9-2,2026-09-02T16:43:52.794602+00:00,16.45,16.04,16.24,16.244999999999997,MAS,1.2931034482758674,1.2315270935960547
standardized,hsbc,IDR,SGD,IDR/SGD,100,Indicative board,board,"SGD 200 – 39,999.99",std_200_40k,indicative_fx,2026-9-2,2026-9-2,2026-09-02T16:43:52.794602+00:00,0.0074,,0.0071660000000000005,,MAS,3.2654200390733994,
standardized,hsbc,IDR,SGD,IDR/SGD,100,Indicative board,board,"SGD 40,000 – 100,000",std_40k_100k,indicative_fx,2026-9-2,2026-9-2,2026-09-02T16:43:52.794602+00:00,0.0074,,0.0071660000000000005,,MAS,3.2654200390733994,
standardized,hsbc,IDR,SGD,IDR/SGD,100,Indicative board,board,SGD 50 – 200,std_50_200,indicative_fx,2026-9-2,2026-9-2,2026-09-02T16:43:52.794602+00:00,0.0074,,0.0071660000000000005,,MAS,3.2654200390733994,
standardized,hsbc,IDR,SGD,IDR/SGD,100,Indicative board,board,SGD < 50,std_lt_50,indicative_fx,2026-9-2,2026-9-2,2026-09-02T16:43:52.794602+00:00,0.0074,,0.0071660000000000005,,MAS,3.2654200390733994,
standardized,hsbc,INR,SGD,INR/SGD,100,Indicative board,board,"SGD 200 – 39,999.99",std_200_40k,indicative_fx,2026-9-2,2026-9-2,2026-09-02T16:43:52.794602+00:00,1.39,,1.3412,,MAS,3.6385326573217984,
standardized,hsbc,INR,SGD,INR/SGD,100,Indicative board,board,"SGD 40,000 – 100,000",std_40k_100k,indicative_fx,2026-9-2,2026-9-2,2026-09-02T16:43:52.794602+00:00,1.39,,1.3412,,MAS,3.6385326573217984,
standardized,hsbc,INR,SGD,INR/SGD,100,Indicative board,board,SGD 50 – 200,std_50_200,indicative_fx,2026-9-2,2026-9-2,2026-09-02T16:43:52.794602+00:00,1.39,,1.3412,,MAS,3.6385326573217984,
standardized,hsbc,INR,SGD,INR/SGD,100,Indicative board,board,SGD < 50,std_lt_50,indicative_fx,2026-9-2,2026-9-2,2026-09-02T16:43:52.794602+00:00,1.39,,1.3412,,MAS,3.6385326573217984,
standardized,hsbc,JPY,SGD,JPY/SGD,100,Indicative board,board,"SGD 200 – 39,999.99",std_200_40k,indicative_fx,2026-9-2,2026-9-2,2026-09-02T16:43:52.794602+00:00,0.819,0.7711,0.7949000000000002,0.79505,MAS,3.0318279028808384,2.9940873065794626
standardized,hsbc,JPY,SGD,JPY/SGD,100,Indicative board,board,"SGD 40,000 – 100,000",std_40k_100k,indicative_fx,2026-9-2,2026-9-2,2026-09-02T16:43:52.794602+00:00,0.819,0.7711,0.7949000000000002,0.79505,MAS,3.0318279028808384,2.9940873065794626
standardized,hsbc,JPY,SGD,JPY/SGD,100,Indicative board,board,SGD 50 – 200,std_50_200,indicative_fx,2026-9-2,2026-9-2,2026-09-02T16:43:52.794602+00:00,0.819,0.7711,0.7949000000000002,0.79505,MAS,3.0318279028808384,2.9940873065794626
standardized,hsbc,JPY,SGD,JPY/SGD,100,Indicative board,board,SGD < 50,std_lt_50,indicative_fx,2026-9-2,2026-9-2,2026-09-02T16:43:52.794602+00:00,0.819,0.7711,0.7949000000000002,0.79505,MAS,3.0318279028808384,2.9940873065794626
standardized,hsbc,LKR,SGD,LKR/SGD,100,Indicative board,board,"SGD 200 – 39,999.99",std_200_40k,indicative_fx,2026-9-2,2026-9-2,2026-09-02T16:43:52.794602+00:00,0.4,,,,,,
standardized,hsbc,LKR,SGD,LKR/SGD,100,Indicative board,board,"SGD 40,000 – 100,000",std_40k_100k,indicative_fx,2026-9-2,2026-9-2,2026-09-02T16:43:52.794602+00:00,0.4,,,,,,
standardized,hsbc,LKR,SGD,LKR/SGD,100,Indicative board,board,SGD 50 – 200,std_50_200,indicative_fx,2026-9-2,2026-9-2,2026-09-02T16:43:52.794602+00:00,0.4,,,,,,
standardized,hsbc,LKR,SGD,LKR/SGD,100,Indicative board,board,SGD < 50,std_lt_50,indicative_fx,2026-9-2,2026-9-2,2026-09-02T16:43:52.794602+00:00,0.4,,,,,,
standardized,hsbc,MUR,SGD,MUR/SGD,100,Indicative board,board,"SGD 200 – 39,999.99",std_200_40k,indicative_fx,2026-9-2,2026-9-2,2026-09-02T16:43:52.794602+00:00,2.8,2.61,,2.705,,,
standardized,hsbc,MUR,SGD,MUR/SGD,100,Indicative board,board,"SGD 40,000 – 100,000",std_40k_100k,indicative_fx,2026-9-2,2026-9-2,2026-09-02T16:43:52.794602+00:00,2.8,2.61,,2.705,,,
standardized,hsbc,MUR,SGD,MUR/SGD,100,Indicative board,board,SGD 50 – 200,std_50_200,indicative_fx,2026-9-2,2026-9-2,2026-09-02T16:43:52.794602+00:00,2.8,2.61,,2.705,,,
standardized,hsbc,MUR,SGD,MUR/SGD,100,Indicative board,board,SGD < 50,std_lt_50,indicative_fx,2026-9-2,2026-9-2,2026-09-02T16:43:52.794602+00:00,2.8,2.61,,2.705,,,
standardized,hsbc,NOK,SGD,NOK/SGD,100,Indicative board,board,"SGD 200 – 39,999.99",std_200_40k,indicative_fx,2026-9-2,2026-9-2,2026-09-02T16:43:52.794602+00:00,14.06,13.24,,13.65,,,
standardized,hsbc,NOK,SGD,NOK/SGD,100,Indicative board,board,"SGD 40,000 – 100,000",std_40k_100k,indicative_fx,2026-9-2,2026-9-2,2026-09-02T16:43:52.794602+00:00,14.06,13.24,,13.65,,,
standardized,hsbc,NOK,SGD,NOK/SGD,100,Indicative board,board,SGD 50 – 200,std_50_200,indicative_fx,2026-9-2,2026-9-2,2026-09-02T16:43:52.794602+00:00,14.06,13.24,,13.65,,,
standardized,hsbc,NOK,SGD,NOK/SGD,100,Indicative board,board,SGD < 50,std_lt_50,indicative_fx,2026-9-2,2026-9-2,2026-09-02T16:43:52.794602+00:00,14.06,13.24,,13.65,,,
standardized,hsbc,NZD,SGD,NZD/SGD,1,Indicative board,board,"SGD 200 – 39,999.99",std_200_40k,indicative_fx,2026-9-2,2026-9-2,2026-09-02T16:43:52.794602+00:00,0.7727,0.7275,0.7440000000000001,0.7501,MAS,3.8575268817204225,2.21774193548388
standardized,hsbc,NZD,SGD,NZD/SGD,1,Indicative board,board,"SGD 40,000 – 100,000",std_40k_100k,indicative_fx,2026-9-2,2026-9-2,2026-09-02T16:43:52.794602+00:00,0.7727,0.7275,0.7440000000000001,0.7501,MAS,3.8575268817204225,2.21774193548388
standardized,hsbc,NZD,SGD,NZD/SGD,1,Indicative board,board,SGD 50 – 200,std_50_200,indicative_fx,2026-9-2,2026-9-2,2026-09-02T16:43:52.794602+00:00,0.7727,0.7275,0.7440000000000001,0.7501,MAS,3.8575268817204225,2.21774193548388
standardized,hsbc,NZD,SGD,NZD/SGD,1,Indicative board,board,SGD < 50,std_lt_50,indicative_fx,2026-9-2,2026-9-2,2026-09-02T16:43:52.794602+00:00,0.7727,0.7275,0.7440000000000001,0.7501,MAS,3.8575268817204225,2.21774193548388
standardized,hsbc,PHP,SGD,PHP/SGD,100,Indicative board,board,"SGD 200 – 39,999.99",std_200_40k,indicative_fx,2026-9-2,2026-9-2,2026-09-02T16:43:52.794602+00:00,2.11,,2.0322,,MAS,3.828363350063964,
standardized,hsbc,PHP,SGD,PHP/SGD,100,Indicative board,board,"SGD 40,000 – 100,000",std_40k_100k,indicative_fx,2026-9-2,2026-9-2,2026-09-02T16:43:52.794602+00:00,2.11,,2.0322,,MAS,3.828363350063964,
standardized,hsbc,PHP,SGD,PHP/SGD,100,Indicative board,board,SGD 50 – 200,std_50_200,indicative_fx,2026-9-2,2026-9-2,2026-09-02T16:43:52.794602+00:00,2.11,,2.0322,,MAS,3.828363350063964,
standardized,hsbc,PHP,SGD,PHP/SGD,100,Indicative board,board,SGD < 50,std_lt_50,indicative_fx,2026-9-2,2026-9-2,2026-09-02T16:43:52.794602+00:00,2.11,,2.0322,,MAS,3.828363350063964,
standardized,hsbc,PKR,SGD,PKR/SGD,100,Indicative board,board,"SGD 200 – 39,999.99",std_200_40k,indicative_fx,2026-9-2,2026-9-2,2026-09-02T16:43:52.794602+00:00,0.47,,,,,,
standardized,hsbc,PKR,SGD,PKR/SGD,100,Indicative board,board,"SGD 40,000 – 100,000",std_40k_100k,indicative_fx,2026-9-2,2026-9-2,2026-09-02T16:43:52.794602+00:00,0.47,,,,,,
standardized,hsbc,PKR,SGD,PKR/SGD,100,Indicative board,board,SGD 50 – 200,std_50_200,indicative_fx,2026-9-2,2026-9-2,2026-09-02T16:43:52.794602+00:00,0.47,,,,,,
standardized,hsbc,PKR,SGD,PKR/SGD,100,Indicative board,board,SGD < 50,std_lt_50,indicative_fx,2026-9-2,2026-9-2,2026-09-02T16:43:52.794602+00:00,0.47,,,,,,
standardized,hsbc,QAR,SGD,QAR/SGD,100,Indicative board,board,"SGD 200 – 39,999.99",std_200_40k,indicative_fx,2026-9-2,2026-9-2,2026-09-02T16:43:52.794602+00:00,35.37,34.49,34.94,34.93,MAS,1.230681167716084,1.2879221522610067
standardized,hsbc,QAR,SGD,QAR/SGD,100,Indicative board,board,"SGD 40,000 – 100,000",std_40k_100k,indicative_fx,2026-9-2,2026-9-2,2026-09-02T16:43:52.794602+00:00,35.37,34.49,34.94,34.93,MAS,1.230681167716084,1.2879221522610067
standardized,hsbc,QAR,SGD,QAR/SGD,100,Indicative board,board,SGD 50 – 200,std_50_200,indicative_fx,2026-9-2,2026-9-2,2026-09-02T16:43:52.794602+00:00,35.37,34.49,34.94,34.93,MAS,1.230681167716084,1.2879221522610067
standardized,hsbc,QAR,SGD,QAR/SGD,100,Indicative board,board,SGD < 50,std_lt_50,indicative_fx,2026-9-2,2026-9-2,2026-09-02T16:43:52.794602+00:00,35.37,34.49,34.94,34.93,MAS,1.230681167716084,1.2879221522610067
standardized,hsbc,RUB,SGD,RUB/SGD,100,Indicative board,board,"SGD 200 – 39,999.99",std_200_40k,indicative_fx,2026-9-2,2026-9-2,2026-09-02T16:43:52.794602+00:00,15.5,13.87,,14.684999999999999,,,
standardized,hsbc,RUB,SGD,RUB/SGD,100,Indicative board,board,"SGD 40,000 – 100,000",std_40k_100k,indicative_fx,2026-9-2,2026-9-2,2026-09-02T16:43:52.794602+00:00,15.5,13.87,,14.684999999999999,,,
standardized,hsbc,RUB,SGD,RUB/SGD,100,Indicative board,board,SGD 50 – 200,std_50_200,indicative_fx,2026-9-2,2026-9-2,2026-09-02T16:43:52.794602+00:00,15.5,13.87,,14.684999999999999,,,
standardized,hsbc,RUB,SGD,RUB/SGD,100,Indicative board,board,SGD < 50,std_lt_50,indicative_fx,2026-9-2,2026-9-2,2026-09-02T16:43:52.794602+00:00,15.5,13.87,,14.684999999999999,,,
standardized,hsbc,SAR,SGD,SAR/SGD,100,Indicative board,board,"SGD 200 – 39,999.99",std_200_40k,indicative_fx,2026-9-2,2026-9-2,2026-09-02T16:43:52.794602+00:00,34.34,33.49,33.92,33.915000000000006,MAS,1.2382075471698162,1.267688679245282
standardized,hsbc,SAR,SGD,SAR/SGD,100,Indicative board,board,"SGD 40,000 – 100,000",std_40k_100k,indicative_fx,2026-9-2,2026-9-2,2026-09-02T16:43:52.794602+00:00,34.34,33.49,33.92,33.915000000000006,MAS,1.2382075471698162,1.267688679245282
standardized,hsbc,SAR,SGD,SAR/SGD,100,Indicative board,board,SGD 50 – 200,std_50_200,indicative_fx,2026-9-2,2026-9-2,2026-09-02T16:43:52.794602+00:00,34.34,33.49,33.92,33.915000000000006,MAS,1.2382075471698162,1.267688679245282
standardized,hsbc,SAR,SGD,SAR/SGD,100,Indicative board,board,SGD < 50,std_lt_50,indicative_fx,2026-9-2,2026-9-2,2026-09-02T16:43:52.794602+00:00,34.34,33.49,33.92,33.915000000000006,MAS,1.2382075471698162,1.267688679245282
standardized,hsbc,SEK,SGD,SEK/SGD,100,Indicative board,board,"SGD 200 – 39,999.99",std_200_40k,indicative_fx,2026-9-2,2026-9-2,2026-09-02T16:43:52.794602+00:00,13.64,12.83,,13.235,,,
standardized,hsbc,SEK,SGD,SEK/SGD,100,Indicative board,board,"SGD 40,000 – 100,000",std_40k_100k,indicative_fx,2026-9-2,2026-9-2,2026-09-02T16:43:52.794602+00:00,13.64,12.83,,13.235,,,
standardized,hsbc,SEK,SGD,SEK/SGD,100,Indicative board,board,SGD 50 – 200,std_50_200,indicative_fx,2026-9-2,2026-9-2,2026-09-02T16:43:52.794602+00:00,13.64,12.83,,13.235,,,
standardized,hsbc,SEK,SGD,SEK/SGD,100,Indicative board,board,SGD < 50,std_lt_50,indicative_fx,2026-9-2,2026-9-2,2026-09-02T16:43:52.794602+00:00,13.64,12.83,,13.235,,,
standardized,hsbc,THB,SGD,THB/SGD,100,Indicative board,board,"SGD 200 – 39,999.99",std_200_40k,indicative_fx,2026-9-2,2026-9-2,2026-09-02T16:43:52.794602+00:00,3.95,,3.8232000000000004,,MAS,3.316593429587775,
standardized,hsbc,THB,SGD,THB/SGD,100,Indicative board,board,"SGD 40,000 – 100,000",std_40k_100k,indicative_fx,2026-9-2,2026-9-2,2026-09-02T16:43:52.794602+00:00,3.95,,3.8232000000000004,,MAS,3.316593429587775,
standardized,hsbc,THB,SGD,THB/SGD,100,Indicative board,board,SGD 50 – 200,std_50_200,indicative_fx,2026-9-2,2026-9-2,2026-09-02T16:43:52.794602+00:00,3.95,,3.8232000000000004,,MAS,3.316593429587775,
standardized,hsbc,THB,SGD,THB/SGD,100,Indicative board,board,SGD < 50,std_lt_50,indicative_fx,2026-9-2,2026-9-2,2026-09-02T16:43:52.794602+00:00,3.95,,3.8232000000000004,,MAS,3.316593429587775,
standardized,hsbc,TRY,SGD,TRY/SGD,1,Indicative board,board,"SGD 200 – 39,999.99",std_200_40k,indicative_fx,2026-9-2,2026-9-2,2026-09-02T16:43:52.794602+00:00,0.0272,,,,,,
standardized,hsbc,TRY,SGD,TRY/SGD,1,Indicative board,board,"SGD 40,000 – 100,000",std_40k_100k,indicative_fx,2026-9-2,2026-9-2,2026-09-02T16:43:52.794602+00:00,0.0272,,,,,,
standardized,hsbc,TRY,SGD,TRY/SGD,1,Indicative board,board,SGD 50 – 200,std_50_200,indicative_fx,2026-9-2,2026-9-2,2026-09-02T16:43:52.794602+00:00,0.0272,,,,,,
standardized,hsbc,TRY,SGD,TRY/SGD,1,Indicative board,board,SGD < 50,std_lt_50,indicative_fx,2026-9-2,2026-9-2,2026-09-02T16:43:52.794602+00:00,0.0272,,,,,,
standardized,hsbc,USD,SGD,USD/SGD,1,Indicative board,board,"SGD 200 – 39,999.99",std_200_40k,indicative_fx,2026-9-2,2026-9-2,2026-09-02T16:43:52.794602+00:00,1.2991,1.248,1.2735,1.27355,MAS,2.0102080879465913,2.002355712603068
standardized,hsbc,USD,SGD,USD/SGD,1,Indicative board,board,"SGD 40,000 – 100,000",std_40k_100k,indicative_fx,2026-9-2,2026-9-2,2026-09-02T16:43:52.794602+00:00,1.2991,1.248,1.2735,1.27355,MAS,2.0102080879465913,2.002355712603068
standardized,hsbc,USD,SGD,USD/SGD,1,Indicative board,board,SGD 50 – 200,std_50_200,indicative_fx,2026-9-2,2026-9-2,2026-09-02T16:43:52.794602+00:00,1.2991,1.248,1.2735,1.27355,MAS,2.0102080879465913,2.002355712603068
standardized,hsbc,USD,SGD,USD/SGD,1,Indicative board,board,SGD < 50,std_lt_50,indicative_fx,2026-9-2,2026-9-2,2026-09-02T16:43:52.794602+00:00,1.2991,1.248,1.2735,1.27355,MAS,2.0102080879465913,2.002355712603068
standardized,hsbc,ZAR,SGD,ZAR/SGD,1,Indicative board,board,"SGD 200 – 39,999.99",std_200_40k,indicative_fx,2026-9-2,2026-9-2,2026-09-02T16:43:52.794602+00:00,0.0813,0.0762,,0.07875,,,
standardized,hsbc,ZAR,SGD,ZAR/SGD,1,Indicative board,board,"SGD 40,000 – 100,000",std_40k_100k,indicative_fx,2026-9-2,2026-9-2,2026-09-02T16:43:52.794602+00:00,0.0813,0.0762,,0.07875,,,
standardized,hsbc,ZAR,SGD,ZAR/SGD,1,Indicative board,board,SGD 50 – 200,std_50_200,indicative_fx,2026-9-2,2026-9-2,2026-09-02T16:43:52.794602+00:00,0.0813,0.0762,,0.07875,,,
standardized,hsbc,ZAR,SGD,ZAR/SGD,1,Indicative board,board,SGD < 50,std_lt_50,indicative_fx,2026-9-2,2026-9-2,2026-09-02T16:43:52.794602+00:00,0.0813,0.0762,,0.07875,,,
standardized,ocbc,AED,SGD,AED/SGD,100,"SGD 0 – 39,999.99",tier_1,"SGD 200 – 39,999.99",std_200_40k,fxRatesSgd,2026-09-02T07:00:12,2026-09-02T07:00:12,2026-09-02T16:43:50.119511+00:00,35.5803,33.5607,34.68,34.5705,MAS,2.5960207612456787,3.2275086505190385
standardized,ocbc,AED,SGD,AED/SGD,100,"SGD 40,000 – 100,000",tier_2,"SGD 40,000 – 100,000",std_40k_100k,fxRatesSgd,2026-09-02T07:00:12,2026-09-02T07:00:12,2026-09-02T16:43:50.119511+00:00,35.5698,33.5779,34.68,34.5705,MAS,2.565743944636681,3.177912341407151
standardized,ocbc,AED,SGD,AED/SGD,100,"SGD 0 – 39,999.99",tier_1,SGD 50 – 200,std_50_200,fxRatesSgd,2026-09-02T07:00:12,2026-09-02T07:00:12,2026-09-02T16:43:50.119511+00:00,35.5803,33.5607,34.68,34.5705,MAS,2.5960207612456787,3.2275086505190385
standardized,ocbc,AED,SGD,AED/SGD,100,"SGD 0 – 39,999.99",tier_1,SGD < 50,std_lt_50,fxRatesSgd,2026-09-02T07:00:12,2026-09-02T07:00:12,2026-09-02T16:43:50.119511+00:00,35.5803,33.5607,34.68,34.5705,MAS,2.5960207612456787,3.2275086505190385
standardized,ocbc,AUD,SGD,AUD/SGD,1,"SGD 0 – 39,999.99",tier_1,"SGD 200 – 39,999.99",std_200_40k,fxRatesSgd,2026-09-02T07:00:12,2026-09-02T07:00:12,2026-09-02T16:43:50.119511+00:00,0.925,0.8957,0.9094,0.9104,MAS,1.7154167583021838,1.506487794149982
standardized,ocbc,AUD,SGD,AUD/SGD,1,"SGD 40,000 – 100,000",tier_2,"SGD 40,000 – 100,000",std_40k_100k,fxRatesSgd,2026-09-02T07:00:12,2026-09-02T07:00:12,2026-09-02T16:43:50.119511+00:00,0.9232,0.8975,0.9094,0.9104,MAS,1.5174840554211606,1.308555091268971
standardized,ocbc,AUD,SGD,AUD/SGD,1,"SGD 0 – 39,999.99",tier_1,SGD 50 – 200,std_50_200,fxRatesSgd,2026-09-02T07:00:12,2026-09-02T07:00:12,2026-09-02T16:43:50.119511+00:00,0.925,0.8957,0.9094,0.9104,MAS,1.7154167583021838,1.506487794149982
standardized,ocbc,AUD,SGD,AUD/SGD,1,"SGD 0 – 39,999.99",tier_1,SGD < 50,std_lt_50,fxRatesSgd,2026-09-02T07:00:12,2026-09-02T07:00:12,2026-09-02T16:43:50.119511+00:00,0.925,0.8957,0.9094,0.9104,MAS,1.7154167583021838,1.506487794149982
standardized,ocbc,BGN,SGD,BGN/SGD,100,"SGD 0 – 39,999.99",tier_1,"SGD 200 – 39,999.99",std_200_40k,fxRatesSgd,2026-09-02T07:00:12,2026-09-02T07:00:12,2026-09-02T16:43:50.119511+00:00,0.0,0.0,,0.0,,,
standardized,ocbc,BGN,SGD,BGN/SGD,100,"SGD 40,000 – 100,000",tier_2,"SGD 40,000 – 100,000",std_40k_100k,fxRatesSgd,2026-09-02T07:00:12,2026-09-02T07:00:12,2026-09-02T16:43:50.119511+00:00,0.0,0.0,,0.0,,,
standardized,ocbc,BGN,SGD,BGN/SGD,100,"SGD 0 – 39,999.99",tier_1,SGD 50 – 200,std_50_200,fxRatesSgd,2026-09-02T07:00:12,2026-09-02T07:00:12,2026-09-02T16:43:50.119511+00:00,0.0,0.0,,0.0,,,
standardized,ocbc,BGN,SGD,BGN/SGD,100,"SGD 0 – 39,999.99",tier_1,SGD < 50,std_lt_50,fxRatesSgd,2026-09-02T07:00:12,2026-09-02T07:00:12,2026-09-02T16:43:50.119511+00:00,0.0,0.0,,0.0,,,
standardized,ocbc,BHD,SGD,BHD/SGD,1,"SGD 0 – 39,999.99",tier_1,"SGD 200 – 39,999.99",std_200_40k,fxRatesSgd,2026-09-02T07:00:12,2026-09-02T07:00:12,2026-09-02T16:43:50.119511+00:00,0.0,0.0,,0.0,,,
standardized,ocbc,BHD,SGD,BHD/SGD,1,"SGD 40,000 – 100,000",tier_2,"SGD 40,000 – 100,000",std_40k_100k,fxRatesSgd,2026-09-02T07:00:12,2026-09-02T07:00:12,2026-09-02T16:43:50.119511+00:00,0.0,0.0,,0.0,,,
standardized,ocbc,BHD,SGD,BHD/SGD,1,"SGD 0 – 39,999.99",tier_1,SGD 50 – 200,std_50_200,fxRatesSgd,2026-09-02T07:00:12,2026-09-02T07:00:12,2026-09-02T16:43:50.119511+00:00,0.0,0.0,,0.0,,,
standardized,ocbc,BHD,SGD,BHD/SGD,1,"SGD 0 – 39,999.99",tier_1,SGD < 50,std_lt_50,fxRatesSgd,2026-09-02T07:00:12,2026-09-02T07:00:12,2026-09-02T16:43:50.119511+00:00,0.0,0.0,,0.0,,,
standardized,ocbc,CAD,SGD,CAD/SGD,1,"SGD 0 – 39,999.99",tier_1,"SGD 200 – 39,999.99",std_200_40k,fxRatesSgd,2026-09-02T07:00:12,2026-09-02T07:00:12,2026-09-02T16:43:50.119511+00:00,0.931,0.898,0.9152,0.9145,MAS,1.7263986013986055,1.8793706293706285
standardized,ocbc,CAD,SGD,CAD/SGD,1,"SGD 40,000 – 100,000",tier_2,"SGD 40,000 – 100,000",std_40k_100k,fxRatesSgd,2026-09-02T07:00:12,2026-09-02T07:00:12,2026-09-02T16:43:50.119511+00:00,0.9292,0.8998,0.9152,0.9145,MAS,1.529720279720281,1.6826923076923042
standardized,ocbc,CAD,SGD,CAD/SGD,1,"SGD 0 – 39,999.99",tier_1,SGD 50 – 200,std_50_200,fxRatesSgd,2026-09-02T07:00:12,2026-09-02T07:00:12,2026-09-02T16:43:50.119511+00:00,0.931,0.898,0.9152,0.9145,MAS,1.7263986013986055,1.8793706293706285
standardized,ocbc,CAD,SGD,CAD/SGD,1,"SGD 0 – 39,999.99",tier_1,SGD < 50,std_lt_50,fxRatesSgd,2026-09-02T07:00:12,2026-09-02T07:00:12,2026-09-02T16:43:50.119511+00:00,0.931,0.898,0.9152,0.9145,MAS,1.7263986013986055,1.8793706293706285
standardized,ocbc,CHF,SGD,CHF/SGD,100,"SGD 0 – 39,999.99",tier_1,"SGD 200 – 39,999.99",std_200_40k,fxRatesSgd,2026-09-02T07:00:12,2026-09-02T07:00:12,2026-09-02T16:43:50.119511+00:00,159.1256,153.466,156.67,156.2958,MAS,1.5673709070019815,2.045062871002732
standardized,ocbc,CHF,SGD,CHF/SGD,100,"SGD 40,000 – 100,000",tier_2,"SGD 40,000 – 100,000",std_40k_100k,fxRatesSgd,2026-09-02T07:00:12,2026-09-02T07:00:12,2026-09-02T16:43:50.119511+00:00,158.813,153.7785,156.67,156.2958,MAS,1.3678432373779286,1.8455990298078633
standardized,ocbc,CHF,SGD,CHF/SGD,100,"SGD 0 – 39,999.99",tier_1,SGD 50 – 200,std_50_200,fxRatesSgd,2026-09-02T07:00:12,2026-09-02T07:00:12,2026-09-02T16:43:50.119511+00:00,159.1256,153.466,156.67,156.2958,MAS,1.5673709070019815,2.045062871002732
standardized,ocbc,CHF,SGD,CHF/SGD,100,"SGD 0 – 39,999.99",tier_1,SGD < 50,std_lt_50,fxRatesSgd,2026-09-02T07:00:12,2026-09-02T07:00:12,2026-09-02T16:43:50.119511+00:00,159.1256,153.466,156.67,156.2958,MAS,1.5673709070019815,2.045062871002732
standardized,ocbc,CNH,SGD,CNH/SGD,100,"SGD 0 – 39,999.99",tier_1,"SGD 200 – 39,999.99",std_200_40k,fxRatesSgd,2026-09-02T07:00:12,2026-09-02T07:00:12,2026-09-02T16:43:50.119511+00:00,19.2901,18.7186,,19.0044,,,
standardized,ocbc,CNH,SGD,CNH/SGD,100,"SGD 40,000 – 100,000",tier_2,"SGD 40,000 – 100,000",std_40k_100k,fxRatesSgd,2026-09-02T07:00:12,2026-09-02T07:00:12,2026-09-02T16:43:50.119511+00:00,19.2711,18.7376,,19.0044,,,
standardized,ocbc,CNH,SGD,CNH/SGD,100,"SGD 0 – 39,999.99",tier_1,SGD 50 – 200,std_50_200,fxRatesSgd,2026-09-02T07:00:12,2026-09-02T07:00:12,2026-09-02T16:43:50.119511+00:00,19.2901,18.7186,,19.0044,,,
standardized,ocbc,CNH,SGD,CNH/SGD,100,"SGD 0 – 39,999.99",tier_1,SGD < 50,std_lt_50,fxRatesSgd,2026-09-02T07:00:12,2026-09-02T07:00:12,2026-09-02T16:43:50.119511+00:00,19.2901,18.7186,,19.0044,,,
standardized,ocbc,CZK,SGD,CZK/SGD,100,"SGD 0 – 39,999.99",tier_1,"SGD 200 – 39,999.99",std_200_40k,fxRatesSgd,2026-09-02T07:00:12,2026-09-02T07:00:12,2026-09-02T16:43:50.119511+00:00,0.0,0.0,,0.0,,,
standardized,ocbc,CZK,SGD,CZK/SGD,100,"SGD 40,000 – 100,000",tier_2,"SGD 40,000 – 100,000",std_40k_100k,fxRatesSgd,2026-09-02T07:00:12,2026-09-02T07:00:12,2026-09-02T16:43:50.119511+00:00,0.0,0.0,,0.0,,,
standardized,ocbc,CZK,SGD,CZK/SGD,100,"SGD 0 – 39,999.99",tier_1,SGD 50 – 200,std_50_200,fxRatesSgd,2026-09-02T07:00:12,2026-09-02T07:00:12,2026-09-02T16:43:50.119511+00:00,0.0,0.0,,0.0,,,
standardized,ocbc,CZK,SGD,CZK/SGD,100,"SGD 0 – 39,999.99",tier_1,SGD < 50,std_lt_50,fxRatesSgd,2026-09-02T07:00:12,2026-09-02T07:00:12,2026-09-02T16:43:50.119511+00:00,0.0,0.0,,0.0,,,
standardized,ocbc,DKK,SGD,DKK/SGD,100,"SGD 0 – 39,999.99",tier_1,"SGD 200 – 39,999.99",std_200_40k,fxRatesSgd,2026-09-02T07:00:12,2026-09-02T07:00:12,2026-09-02T16:43:50.119511+00:00,20.079,19.366,,19.7225,,,
standardized,ocbc,DKK,SGD,DKK/SGD,100,"SGD 40,000 – 100,000",tier_2,"SGD 40,000 – 100,000",std_40k_100k,fxRatesSgd,2026-09-02T07:00:12,2026-09-02T07:00:12,2026-09-02T16:43:50.119511+00:00,20.0396,19.4055,,19.7225,,,
standardized,ocbc,DKK,SGD,DKK/SGD,100,"SGD 0 – 39,999.99",tier_1,SGD 50 – 200,std_50_200,fxRatesSgd,2026-09-02T07:00:12,2026-09-02T07:00:12,2026-09-02T16:43:50.119511+00:00,20.079,19.366,,19.7225,,,
standardized,ocbc,DKK,SGD,DKK/SGD,100,"SGD 0 – 39,999.99",tier_1,SGD < 50,std_lt_50,fxRatesSgd,2026-09-02T07:00:12,2026-09-02T07:00:12,2026-09-02T16:43:50.119511+00:00,20.079,19.366,,19.7225,,,
standardized,ocbc,EUR,SGD,EUR/SGD,1,"SGD 0 – 39,999.99",tier_1,"SGD 200 – 39,999.99",std_200_40k,fxRatesSgd,2026-09-02T07:00:12,2026-09-02T07:00:12,2026-09-02T16:43:50.119511+00:00,1.4908,1.4542,1.4747,1.4725,MAS,1.0917474740625215,1.3901132433715306
standardized,ocbc,EUR,SGD,EUR/SGD,1,"SGD 40,000 – 100,000",tier_2,"SGD 40,000 – 100,000",std_40k_100k,fxRatesSgd,2026-09-02T07:00:12,2026-09-02T07:00:12,2026-09-02T16:43:50.119511+00:00,1.489,1.4561,1.4747,1.4725,MAS,0.9696887502543028,1.2612734793517293
standardized,ocbc,EUR,SGD,EUR/SGD,1,"SGD 0 – 39,999.99",tier_1,SGD 50 – 200,std_50_200,fxRatesSgd,2026-09-02T07:00:12,2026-09-02T07:00:12,2026-09-02T16:43:50.119511+00:00,1.4908,1.4542,1.4747,1.4725,MAS,1.0917474740625215,1.3901132433715306
standardized,ocbc,EUR,SGD,EUR/SGD,1,"SGD 0 – 39,999.99",tier_1,SGD < 50,std_lt_50,fxRatesSgd,2026-09-02T07:00:12,2026-09-02T07:00:12,2026-09-02T16:43:50.119511+00:00,1.4908,1.4542,1.4747,1.4725,MAS,1.0917474740625215,1.3901132433715306
standardized,ocbc,GBP,SGD,GBP/SGD,1,"SGD 0 – 39,999.99",tier_1,"SGD 200 – 39,999.99",std_200_40k,fxRatesSgd,2026-09-02T07:00:12,2026-09-02T07:00:12,2026-09-02T16:43:50.119511+00:00,1.7401,1.6939,1.7195,1.717,MAS,1.1980226810119192,1.4888048851410332
standardized,ocbc,GBP,SGD,GBP/SGD,1,"SGD 40,000 – 100,000",tier_2,"SGD 40,000 – 100,000",std_40k_100k,fxRatesSgd,2026-09-02T07:00:12,2026-09-02T07:00:12,2026-09-02T16:43:50.119511+00:00,1.7383,1.696,1.7195,1.717,MAS,1.0933410875254392,1.3666763594068088
standardized,ocbc,GBP,SGD,GBP/SGD,1,"SGD 0 – 39,999.99",tier_1,SGD 50 – 200,std_50_200,fxRatesSgd,2026-09-02T07:00:12,2026-09-02T07:00:12,2026-09-02T16:43:50.119511+00:00,1.7401,1.6939,1.7195,1.717,MAS,1.1980226810119192,1.4888048851410332
standardized,ocbc,GBP,SGD,GBP/SGD,1,"SGD 0 – 39,999.99",tier_1,SGD < 50,std_lt_50,fxRatesSgd,2026-09-02T07:00:12,2026-09-02T07:00:12,2026-09-02T16:43:50.119511+00:00,1.7401,1.6939,1.7195,1.717,MAS,1.1980226810119192,1.4888048851410332
standardized,ocbc,HKD,SGD,HKD/SGD,100,"SGD 0 – 39,999.99",tier_1,"SGD 200 – 39,999.99",std_200_40k,fxRatesSgd,2026-09-02T07:00:12,2026-09-02T07:00:12,2026-09-02T16:43:50.119511+00:00,16.4519,16.0526,16.24,16.2523,MAS,1.3048029556650247,1.1539408866994871
standardized,ocbc,HKD,SGD,HKD/SGD,100,"SGD 40,000 – 100,000",tier_2,"SGD 40,000 – 100,000",std_40k_100k,fxRatesSgd,2026-09-02T07:00:12,2026-09-02T07:00:12,2026-09-02T16:43:50.119511+00:00,16.4227,16.0623,16.24,16.2523,MAS,1.1250000000000033,1.094211822660086
standardized,ocbc,HKD,SGD,HKD/SGD,100,"SGD 0 – 39,999.99",tier_1,SGD 50 – 200,std_50_200,fxRatesSgd,2026-09-02T07:00:12,2026-09-02T07:00:12,2026-09-02T16:43:50.119511+00:00,16.4519,16.0526,16.24,16.2523,MAS,1.3048029556650247,1.1539408866994871
standardized,ocbc,HKD,SGD,HKD/SGD,100,"SGD 0 – 39,999.99",tier_1,SGD < 50,std_lt_50,fxRatesSgd,2026-09-02T07:00:12,2026-09-02T07:00:12,2026-09-02T16:43:50.119511+00:00,16.4519,16.0526,16.24,16.2523,MAS,1.3048029556650247,1.1539408866994871
standardized,ocbc,HUF,SGD,HUF/SGD,100,"SGD 0 – 39,999.99",tier_1,"SGD 200 – 39,999.99",std_200_40k,fxRatesSgd,2026-09-02T07:00:12,2026-09-02T07:00:12,2026-09-02T16:43:50.119511+00:00,0.0,0.0,,0.0,,,
standardized,ocbc,HUF,SGD,HUF/SGD,100,"SGD 40,000 – 100,000",tier_2,"SGD 40,000 – 100,000",std_40k_100k,fxRatesSgd,2026-09-02T07:00:12,2026-09-02T07:00:12,2026-09-02T16:43:50.119511+00:00,0.0,0.0,,0.0,,,
standardized,ocbc,HUF,SGD,HUF/SGD,100,"SGD 0 – 39,999.99",tier_1,SGD 50 – 200,std_50_200,fxRatesSgd,2026-09-02T07:00:12,2026-09-02T07:00:12,2026-09-02T16:43:50.119511+00:00,0.0,0.0,,0.0,,,
standardized,ocbc,HUF,SGD,HUF/SGD,100,"SGD 0 – 39,999.99",tier_1,SGD < 50,std_lt_50,fxRatesSgd,2026-09-02T07:00:12,2026-09-02T07:00:12,2026-09-02T16:43:50.119511+00:00,0.0,0.0,,0.0,,,
standardized,ocbc,IDR,SGD,IDR/SGD,100,"SGD 0 – 39,999.99",tier_1,"SGD 200 – 39,999.99",std_200_40k,fxRatesSgd,2026-09-02T07:00:12,2026-09-02T07:00:12,2026-09-02T16:43:50.119511+00:00,0.0074,0.0,0.0071660000000000005,0.0074,MAS,3.2654200390733994,100.0
standardized,ocbc,IDR,SGD,IDR/SGD,100,"SGD 40,000 – 100,000",tier_2,"SGD 40,000 – 100,000",std_40k_100k,fxRatesSgd,2026-09-02T07:00:12,2026-09-02T07:00:12,2026-09-02T16:43:50.119511+00:00,0.0074,0.0,0.0071660000000000005,0.0074,MAS,3.2654200390733994,100.0
standardized,ocbc,IDR,SGD,IDR/SGD,100,"SGD 0 – 39,999.99",tier_1,SGD 50 – 200,std_50_200,fxRatesSgd,2026-09-02T07:00:12,2026-09-02T07:00:12,2026-09-02T16:43:50.119511+00:00,0.0074,0.0,0.0071660000000000005,0.0074,MAS,3.2654200390733994,100.0
standardized,ocbc,IDR,SGD,IDR/SGD,100,"SGD 0 – 39,999.99",tier_1,SGD < 50,std_lt_50,fxRatesSgd,2026-09-02T07:00:12,2026-09-02T07:00:12,2026-09-02T16:43:50.119511+00:00,0.0074,0.0,0.0071660000000000005,0.0074,MAS,3.2654200390733994,100.0
standardized,ocbc,ILS,SGD,ILS/SGD,100,"SGD 0 – 39,999.99",tier_1,"SGD 200 – 39,999.99",std_200_40k,fxRatesSgd,2026-09-02T07:00:12,2026-09-02T07:00:12,2026-09-02T16:43:50.119511+00:00,0.0,0.0,,0.0,,,
standardized,ocbc,ILS,SGD,ILS/SGD,100,"SGD 40,000 – 100,000",tier_2,"SGD 40,000 – 100,000",std_40k_100k,fxRatesSgd,2026-09-02T07:00:12,2026-09-02T07:00:12,2026-09-02T16:43:50.119511+00:00,0.0,0.0,,0.0,,,
standardized,ocbc,ILS,SGD,ILS/SGD,100,"SGD 0 – 39,999.99",tier_1,SGD 50 – 200,std_50_200,fxRatesSgd,2026-09-02T07:00:12,2026-09-02T07:00:12,2026-09-02T16:43:50.119511+00:00,0.0,0.0,,0.0,,,
standardized,ocbc,ILS,SGD,ILS/SGD,100,"SGD 0 – 39,999.99",tier_1,SGD < 50,std_lt_50,fxRatesSgd,2026-09-02T07:00:12,2026-09-02T07:00:12,2026-09-02T16:43:50.119511+00:00,0.0,0.0,,0.0,,,
standardized,ocbc,INR,SGD,INR/SGD,100,"SGD 0 – 39,999.99",tier_1,"SGD 200 – 39,999.99",std_200_40k,fxRatesSgd,2026-09-02T07:00:12,2026-09-02T07:00:12,2026-09-02T16:43:50.119511+00:00,1.3823,0.0,1.3412,1.3823,MAS,3.064419922457511,100.0
standardized,ocbc,INR,SGD,INR/SGD,100,"SGD 40,000 – 100,000",tier_2,"SGD 40,000 – 100,000",std_40k_100k,fxRatesSgd,2026-09-02T07:00:12,2026-09-02T07:00:12,2026-09-02T16:43:50.119511+00:00,1.3796,0.0,1.3412,1.3823,MAS,2.8631076647778104,100.0
standardized,ocbc,INR,SGD,INR/SGD,100,"SGD 0 – 39,999.99",tier_1,SGD 50 – 200,std_50_200,fxRatesSgd,2026-09-02T07:00:12,2026-09-02T07:00:12,2026-09-02T16:43:50.119511+00:00,1.3823,0.0,1.3412,1.3823,MAS,3.064419922457511,100.0
standardized,ocbc,INR,SGD,INR/SGD,100,"SGD 0 – 39,999.99",tier_1,SGD < 50,std_lt_50,fxRatesSgd,2026-09-02T07:00:12,2026-09-02T07:00:12,2026-09-02T16:43:50.119511+00:00,1.3823,0.0,1.3412,1.3823,MAS,3.064419922457511,100.0
standardized,ocbc,JOD,SGD,JOD/SGD,1,"SGD 0 – 39,999.99",tier_1,"SGD 200 – 39,999.99",std_200_40k,fxRatesSgd,2026-09-02T07:00:12,2026-09-02T07:00:12,2026-09-02T16:43:50.119511+00:00,0.0,0.0,,0.0,,,
standardized,ocbc,JOD,SGD,JOD/SGD,1,"SGD 40,000 – 100,000",tier_2,"SGD 40,000 – 100,000",std_40k_100k,fxRatesSgd,2026-09-02T07:00:12,2026-09-02T07:00:12,2026-09-02T16:43:50.119511+00:00,0.0,0.0,,0.0,,,
standardized,ocbc,JOD,SGD,JOD/SGD,1,"SGD 0 – 39,999.99",tier_1,SGD 50 – 200,std_50_200,fxRatesSgd,2026-09-02T07:00:12,2026-09-02T07:00:12,2026-09-02T16:43:50.119511+00:00,0.0,0.0,,0.0,,,
standardized,ocbc,JOD,SGD,JOD/SGD,1,"SGD 0 – 39,999.99",tier_1,SGD < 50,std_lt_50,fxRatesSgd,2026-09-02T07:00:12,2026-09-02T07:00:12,2026-09-02T16:43:50.119511+00:00,0.0,0.0,,0.0,,,
standardized,ocbc,JPY,SGD,JPY/SGD,100,"SGD 0 – 39,999.99",tier_1,"SGD 200 – 39,999.99",std_200_40k,fxRatesSgd,2026-09-02T07:00:12,2026-09-02T07:00:12,2026-09-02T16:43:50.119511+00:00,0.8071,0.7873,0.7949000000000002,0.7972,MAS,1.5347842495911277,0.9560951063026999
standardized,ocbc,JPY,SGD,JPY/SGD,100,"SGD 40,000 – 100,000",tier_2,"SGD 40,000 – 100,000",std_40k_100k,fxRatesSgd,2026-09-02T07:00:12,2026-09-02T07:00:12,2026-09-02T16:43:50.119511+00:00,0.8063,0.7887,0.7949000000000002,0.7972,MAS,1.4341426594540008,0.7799723235627379
standardized,ocbc,JPY,SGD,JPY/SGD,100,"SGD 0 – 39,999.99",tier_1,SGD 50 – 200,std_50_200,fxRatesSgd,2026-09-02T07:00:12,2026-09-02T07:00:12,2026-09-02T16:43:50.119511+00:00,0.8071,0.7873,0.7949000000000002,0.7972,MAS,1.5347842495911277,0.9560951063026999
standardized,ocbc,JPY,SGD,JPY/SGD,100,"SGD 0 – 39,999.99",tier_1,SGD < 50,std_lt_50,fxRatesSgd,2026-09-02T07:00:12,2026-09-02T07:00:12,2026-09-02T16:43:50.119511+00:00,0.8071,0.7873,0.7949000000000002,0.7972,MAS,1.5347842495911277,0.9560951063026999
standardized,ocbc,KRW,SGD,KRW/SGD,100,"SGD 0 – 39,999.99",tier_1,"SGD 200 – 39,999.99",std_200_40k,fxRatesSgd,2026-09-02T07:00:12,2026-09-02T07:00:12,2026-09-02T16:43:50.119511+00:00,0.0,0.0,0.0929,0.0,MAS,-100.0,100.0
standardized,ocbc,KRW,SGD,KRW/SGD,100,"SGD 40,000 – 100,000",tier_2,"SGD 40,000 – 100,000",std_40k_100k,fxRatesSgd,2026-09-02T07:00:12,2026-09-02T07:00:12,2026-09-02T16:43:50.119511+00:00,0.0,0.0,0.0929,0.0,MAS,-100.0,100.0
standardized,ocbc,KRW,SGD,KRW/SGD,100,"SGD 0 – 39,999.99",tier_1,SGD 50 – 200,std_50_200,fxRatesSgd,2026-09-02T07:00:12,2026-09-02T07:00:12,2026-09-02T16:43:50.119511+00:00,0.0,0.0,0.0929,0.0,MAS,-100.0,100.0
standardized,ocbc,KRW,SGD,KRW/SGD,100,"SGD 0 – 39,999.99",tier_1,SGD < 50,std_lt_50,fxRatesSgd,2026-09-02T07:00:12,2026-09-02T07:00:12,2026-09-02T16:43:50.119511+00:00,0.0,0.0,0.0929,0.0,MAS,-100.0,100.0
standardized,ocbc,LKR,SGD,LKR/SGD,100,"SGD 0 – 39,999.99",tier_1,"SGD 200 – 39,999.99",std_200_40k,fxRatesSgd,2026-09-02T07:00:12,2026-09-02T07:00:12,2026-09-02T16:43:50.119511+00:00,0.4001,0.0,,0.4001,,,
standardized,ocbc,LKR,SGD,LKR/SGD,100,"SGD 40,000 – 100,000",tier_2,"SGD 40,000 – 100,000",std_40k_100k,fxRatesSgd,2026-09-02T07:00:12,2026-09-02T07:00:12,2026-09-02T16:43:50.119511+00:00,0.3994,0.0,,0.4001,,,
standardized,ocbc,LKR,SGD,LKR/SGD,100,"SGD 0 – 39,999.99",tier_1,SGD 50 – 200,std_50_200,fxRatesSgd,2026-09-02T07:00:12,2026-09-02T07:00:12,2026-09-02T16:43:50.119511+00:00,0.4001,0.0,,0.4001,,,
standardized,ocbc,LKR,SGD,LKR/SGD,100,"SGD 0 – 39,999.99",tier_1,SGD < 50,std_lt_50,fxRatesSgd,2026-09-02T07:00:12,2026-09-02T07:00:12,2026-09-02T16:43:50.119511+00:00,0.4001,0.0,,0.4001,,,
standardized,ocbc,MAD,SGD,MAD/SGD,100,"SGD 0 – 39,999.99",tier_1,"SGD 200 – 39,999.99",std_200_40k,fxRatesSgd,2026-09-02T07:00:12,2026-09-02T07:00:12,2026-09-02T16:43:50.119511+00:00,0.0,0.0,,0.0,,,
standardized,ocbc,MAD,SGD,MAD/SGD,100,"SGD 40,000 – 100,000",tier_2,"SGD 40,000 – 100,000",std_40k_100k,fxRatesSgd,2026-09-02T07:00:12,2026-09-02T07:00:12,2026-09-02T16:43:50.119511+00:00,0.0,0.0,,0.0,,,
standardized,ocbc,MAD,SGD,MAD/SGD,100,"SGD 0 – 39,999.99",tier_1,SGD 50 – 200,std_50_200,fxRatesSgd,2026-09-02T07:00:12,2026-09-02T07:00:12,2026-09-02T16:43:50.119511+00:00,0.0,0.0,,0.0,,,
standardized,ocbc,MAD,SGD,MAD/SGD,100,"SGD 0 – 39,999.99",tier_1,SGD < 50,std_lt_50,fxRatesSgd,2026-09-02T07:00:12,2026-09-02T07:00:12,2026-09-02T16:43:50.119511+00:00,0.0,0.0,,0.0,,,
standardized,ocbc,MXN,SGD,MXN/SGD,100,"SGD 0 – 39,999.99",tier_1,"SGD 200 – 39,999.99",std_200_40k,fxRatesSgd,2026-09-02T07:00:12,2026-09-02T07:00:12,2026-09-02T16:43:50.119511+00:00,7.7439,0.0,,7.7439,,,
standardized,ocbc,MXN,SGD,MXN/SGD,100,"SGD 40,000 – 100,000",tier_2,"SGD 40,000 – 100,000",std_40k_100k,fxRatesSgd,2026-09-02T07:00:12,2026-09-02T07:00:12,2026-09-02T16:43:50.119511+00:00,7.7424,0.0,,7.7439,,,
standardized,ocbc,MXN,SGD,MXN/SGD,100,"SGD 0 – 39,999.99",tier_1,SGD 50 – 200,std_50_200,fxRatesSgd,2026-09-02T07:00:12,2026-09-02T07:00:12,2026-09-02T16:43:50.119511+00:00,7.7439,0.0,,7.7439,,,
standardized,ocbc,MXN,SGD,MXN/SGD,100,"SGD 0 – 39,999.99",tier_1,SGD < 50,std_lt_50,fxRatesSgd,2026-09-02T07:00:12,2026-09-02T07:00:12,2026-09-02T16:43:50.119511+00:00,7.7439,0.0,,7.7439,,,
standardized,ocbc,MYR,SGD,MYR/SGD,100,"SGD 0 – 39,999.99",tier_1,"SGD 200 – 39,999.99",std_200_40k,fxRatesSgd,2026-09-02T07:00:12,2026-09-02T07:00:12,2026-09-02T16:43:50.119511+00:00,0.0,0.0,31.489999999999995,0.0,MAS,-100.0,100.0
standardized,ocbc,MYR,SGD,MYR/SGD,100,"SGD 40,000 – 100,000",tier_2,"SGD 40,000 – 100,000",std_40k_100k,fxRatesSgd,2026-09-02T07:00:12,2026-09-02T07:00:12,2026-09-02T16:43:50.119511+00:00,0.0,0.0,31.489999999999995,0.0,MAS,-100.0,100.0
standardized,ocbc,MYR,SGD,MYR/SGD,100,"SGD 0 – 39,999.99",tier_1,SGD 50 – 200,std_50_200,fxRatesSgd,2026-09-02T07:00:12,2026-09-02T07:00:12,2026-09-02T16:43:50.119511+00:00,0.0,0.0,31.489999999999995,0.0,MAS,-100.0,100.0
standardized,ocbc,MYR,SGD,MYR/SGD,100,"SGD 0 – 39,999.99",tier_1,SGD < 50,std_lt_50,fxRatesSgd,2026-09-02T07:00:12,2026-09-02T07:00:12,2026-09-02T16:43:50.119511+00:00,0.0,0.0,31.489999999999995,0.0,MAS,-100.0,100.0
standardized,ocbc,NOK,SGD,NOK/SGD,100,"SGD 0 – 39,999.99",tier_1,"SGD 200 – 39,999.99",std_200_40k,fxRatesSgd,2026-09-02T07:00:12,2026-09-02T07:00:12,2026-09-02T16:43:50.119511+00:00,13.8906,13.3964,,13.6435,,,
standardized,ocbc,NOK,SGD,NOK/SGD,100,"SGD 40,000 – 100,000",tier_2,"SGD 40,000 – 100,000",std_40k_100k,fxRatesSgd,2026-09-02T07:00:12,2026-09-02T07:00:12,2026-09-02T16:43:50.119511+00:00,13.8633,13.4237,,13.6435,,,
standardized,ocbc,NOK,SGD,NOK/SGD,100,"SGD 0 – 39,999.99",tier_1,SGD 50 – 200,std_50_200,fxRatesSgd,2026-09-02T07:00:12,2026-09-02T07:00:12,2026-09-02T16:43:50.119511+00:00,13.8906,13.3964,,13.6435,,,
standardized,ocbc,NOK,SGD,NOK/SGD,100,"SGD 0 – 39,999.99",tier_1,SGD < 50,std_lt_50,fxRatesSgd,2026-09-02T07:00:12,2026-09-02T07:00:12,2026-09-02T16:43:50.119511+00:00,13.8906,13.3964,,13.6435,,,
standardized,ocbc,NZD,SGD,NZD/SGD,1,"SGD 0 – 39,999.99",tier_1,"SGD 200 – 39,999.99",std_200_40k,fxRatesSgd,2026-09-02T07:00:12,2026-09-02T07:00:12,2026-09-02T16:43:50.119511+00:00,0.7564,0.7307,0.7440000000000001,0.7436,MAS,1.666666666666647,1.7876344086021623
standardized,ocbc,NZD,SGD,NZD/SGD,1,"SGD 40,000 – 100,000",tier_2,"SGD 40,000 – 100,000",std_40k_100k,fxRatesSgd,2026-09-02T07:00:12,2026-09-02T07:00:12,2026-09-02T16:43:50.119511+00:00,0.7546,0.7329,0.7440000000000001,0.7436,MAS,1.424731182795691,1.4919354838709824
standardized,ocbc,NZD,SGD,NZD/SGD,1,"SGD 0 – 39,999.99",tier_1,SGD 50 – 200,std_50_200,fxRatesSgd,2026-09-02T07:00:12,2026-09-02T07:00:12,2026-09-02T16:43:50.119511+00:00,0.7564,0.7307,0.7440000000000001,0.7436,MAS,1.666666666666647,1.7876344086021623
standardized,ocbc,NZD,SGD,NZD/SGD,1,"SGD 0 – 39,999.99",tier_1,SGD < 50,std_lt_50,fxRatesSgd,2026-09-02T07:00:12,2026-09-02T07:00:12,2026-09-02T16:43:50.119511+00:00,0.7564,0.7307,0.7440000000000001,0.7436,MAS,1.666666666666647,1.7876344086021623
standardized,ocbc,OMR,SGD,OMR/SGD,1,"SGD 0 – 39,999.99",tier_1,"SGD 200 – 39,999.99",std_200_40k,fxRatesSgd,2026-09-02T07:00:12,2026-09-02T07:00:12,2026-09-02T16:43:50.119511+00:00,0.0,0.0,,0.0,,,
standardized,ocbc,OMR,SGD,OMR/SGD,1,"SGD 40,000 – 100,000",tier_2,"SGD 40,000 – 100,000",std_40k_100k,fxRatesSgd,2026-09-02T07:00:12,2026-09-02T07:00:12,2026-09-02T16:43:50.119511+00:00,0.0,0.0,,0.0,,,
standardized,ocbc,OMR,SGD,OMR/SGD,1,"SGD 0 – 39,999.99",tier_1,SGD 50 – 200,std_50_200,fxRatesSgd,2026-09-02T07:00:12,2026-09-02T07:00:12,2026-09-02T16:43:50.119511+00:00,0.0,0.0,,0.0,,,
standardized,ocbc,OMR,SGD,OMR/SGD,1,"SGD 0 – 39,999.99",tier_1,SGD < 50,std_lt_50,fxRatesSgd,2026-09-02T07:00:12,2026-09-02T07:00:12,2026-09-02T16:43:50.119511+00:00,0.0,0.0,,0.0,,,
standardized,ocbc,PHP,SGD,PHP/SGD,100,"SGD 0 – 39,999.99",tier_1,"SGD 200 – 39,999.99",std_200_40k,fxRatesSgd,2026-09-02T07:00:12,2026-09-02T07:00:12,2026-09-02T16:43:50.119511+00:00,2.1045,0.0,2.0322,2.1045,MAS,3.5577206967818036,100.0
standardized,ocbc,PHP,SGD,PHP/SGD,100,"SGD 40,000 – 100,000",tier_2,"SGD 40,000 – 100,000",std_40k_100k,fxRatesSgd,2026-09-02T07:00:12,2026-09-02T07:00:12,2026-09-02T16:43:50.119511+00:00,2.1034,0.0,2.0322,2.1045,MAS,3.503592166125389,100.0
standardized,ocbc,PHP,SGD,PHP/SGD,100,"SGD 0 – 39,999.99",tier_1,SGD 50 – 200,std_50_200,fxRatesSgd,2026-09-02T07:00:12,2026-09-02T07:00:12,2026-09-02T16:43:50.119511+00:00,2.1045,0.0,2.0322,2.1045,MAS,3.5577206967818036,100.0
standardized,ocbc,PHP,SGD,PHP/SGD,100,"SGD 0 – 39,999.99",tier_1,SGD < 50,std_lt_50,fxRatesSgd,2026-09-02T07:00:12,2026-09-02T07:00:12,2026-09-02T16:43:50.119511+00:00,2.1045,0.0,2.0322,2.1045,MAS,3.5577206967818036,100.0
standardized,ocbc,PLN,SGD,PLN/SGD,100,"SGD 0 – 39,999.99",tier_1,"SGD 200 – 39,999.99",std_200_40k,fxRatesSgd,2026-09-02T07:00:12,2026-09-02T07:00:12,2026-09-02T16:43:50.119511+00:00,35.1221,32.9301,,34.0261,,,
standardized,ocbc,PLN,SGD,PLN/SGD,100,"SGD 40,000 – 100,000",tier_2,"SGD 40,000 – 100,000",std_40k_100k,fxRatesSgd,2026-09-02T07:00:12,2026-09-02T07:00:12,2026-09-02T16:43:50.119511+00:00,35.1048,32.9569,,34.0261,,,
standardized,ocbc,PLN,SGD,PLN/SGD,100,"SGD 0 – 39,999.99",tier_1,SGD 50 – 200,std_50_200,fxRatesSgd,2026-09-02T07:00:12,2026-09-02T07:00:12,2026-09-02T16:43:50.119511+00:00,35.1221,32.9301,,34.0261,,,
standardized,ocbc,PLN,SGD,PLN/SGD,100,"SGD 0 – 39,999.99",tier_1,SGD < 50,std_lt_50,fxRatesSgd,2026-09-02T07:00:12,2026-09-02T07:00:12,2026-09-02T16:43:50.119511+00:00,35.1221,32.9301,,34.0261,,,
standardized,ocbc,QAR,SGD,QAR/SGD,100,"SGD 0 – 39,999.99",tier_1,"SGD 200 – 39,999.99",std_200_40k,fxRatesSgd,2026-09-02T07:00:12,2026-09-02T07:00:12,2026-09-02T16:43:50.119511+00:00,35.9471,33.8924,34.94,34.9198,MAS,2.882369776760164,2.9982827704636397
standardized,ocbc,QAR,SGD,QAR/SGD,100,"SGD 40,000 – 100,000",tier_2,"SGD 40,000 – 100,000",std_40k_100k,fxRatesSgd,2026-09-02T07:00:12,2026-09-02T07:00:12,2026-09-02T16:43:50.119511+00:00,35.9258,33.9096,34.94,34.9198,MAS,2.821408128219819,2.949055523755009
standardized,ocbc,QAR,SGD,QAR/SGD,100,"SGD 0 – 39,999.99",tier_1,SGD 50 – 200,std_50_200,fxRatesSgd,2026-09-02T07:00:12,2026-09-02T07:00:12,2026-09-02T16:43:50.119511+00:00,35.9471,33.8924,34.94,34.9198,MAS,2.882369776760164,2.9982827704636397
standardized,ocbc,QAR,SGD,QAR/SGD,100,"SGD 0 – 39,999.99",tier_1,SGD < 50,std_lt_50,fxRatesSgd,2026-09-02T07:00:12,2026-09-02T07:00:12,2026-09-02T16:43:50.119511+00:00,35.9471,33.8924,34.94,34.9198,MAS,2.882369776760164,2.9982827704636397
standardized,ocbc,RON,SGD,RON/SGD,100,"SGD 0 – 39,999.99",tier_1,"SGD 200 – 39,999.99",std_200_40k,fxRatesSgd,2026-09-02T07:00:12,2026-09-02T07:00:12,2026-09-02T16:43:50.119511+00:00,0.0,0.0,,0.0,,,
standardized,ocbc,RON,SGD,RON/SGD,100,"SGD 40,000 – 100,000",tier_2,"SGD 40,000 – 100,000",std_40k_100k,fxRatesSgd,2026-09-02T07:00:12,2026-09-02T07:00:12,2026-09-02T16:43:50.119511+00:00,0.0,0.0,,0.0,,,
standardized,ocbc,RON,SGD,RON/SGD,100,"SGD 0 – 39,999.99",tier_1,SGD 50 – 200,std_50_200,fxRatesSgd,2026-09-02T07:00:12,2026-09-02T07:00:12,2026-09-02T16:43:50.119511+00:00,0.0,0.0,,0.0,,,
standardized,ocbc,RON,SGD,RON/SGD,100,"SGD 0 – 39,999.99",tier_1,SGD < 50,std_lt_50,fxRatesSgd,2026-09-02T07:00:12,2026-09-02T07:00:12,2026-09-02T16:43:50.119511+00:00,0.0,0.0,,0.0,,,
standardized,ocbc,RUB,SGD,RUB/SGD,100,"SGD 0 – 39,999.99",tier_1,"SGD 200 – 39,999.99",std_200_40k,fxRatesSgd,2026-09-02T07:00:12,2026-09-02T07:00:12,2026-09-02T16:43:50.119511+00:00,0.0,0.0,,0.0,,,
standardized,ocbc,RUB,SGD,RUB/SGD,100,"SGD 40,000 – 100,000",tier_2,"SGD 40,000 – 100,000",std_40k_100k,fxRatesSgd,2026-09-02T07:00:12,2026-09-02T07:00:12,2026-09-02T16:43:50.119511+00:00,0.0,0.0,,0.0,,,
standardized,ocbc,RUB,SGD,RUB/SGD,100,"SGD 0 – 39,999.99",tier_1,SGD 50 – 200,std_50_200,fxRatesSgd,2026-09-02T07:00:12,2026-09-02T07:00:12,2026-09-02T16:43:50.119511+00:00,0.0,0.0,,0.0,,,
standardized,ocbc,RUB,SGD,RUB/SGD,100,"SGD 0 – 39,999.99",tier_1,SGD < 50,std_lt_50,fxRatesSgd,2026-09-02T07:00:12,2026-09-02T07:00:12,2026-09-02T16:43:50.119511+00:00,0.0,0.0,,0.0,,,
standardized,ocbc,SAR,SGD,SAR/SGD,100,"SGD 0 – 39,999.99",tier_1,"SGD 200 – 39,999.99",std_200_40k,fxRatesSgd,2026-09-02T07:00:12,2026-09-02T07:00:12,2026-09-02T16:43:50.119511+00:00,34.8786,32.958,33.92,33.9183,MAS,2.8260613207547083,2.8360849056603867
standardized,ocbc,SAR,SGD,SAR/SGD,100,"SGD 40,000 – 100,000",tier_2,"SGD 40,000 – 100,000",std_40k_100k,fxRatesSgd,2026-09-02T07:00:12,2026-09-02T07:00:12,2026-09-02T16:43:50.119511+00:00,34.8613,32.9747,33.92,33.9183,MAS,2.7750589622641453,2.7868514150943486
standardized,ocbc,SAR,SGD,SAR/SGD,100,"SGD 0 – 39,999.99",tier_1,SGD 50 – 200,std_50_200,fxRatesSgd,2026-09-02T07:00:12,2026-09-02T07:00:12,2026-09-02T16:43:50.119511+00:00,34.8786,32.958,33.92,33.9183,MAS,2.8260613207547083,2.8360849056603867
standardized,ocbc,SAR,SGD,SAR/SGD,100,"SGD 0 – 39,999.99",tier_1,SGD < 50,std_lt_50,fxRatesSgd,2026-09-02T07:00:12,2026-09-02T07:00:12,2026-09-02T16:43:50.119511+00:00,34.8786,32.958,33.92,33.9183,MAS,2.8260613207547083,2.8360849056603867
standardized,ocbc,SEK,SGD,SEK/SGD,100,"SGD 0 – 39,999.99",tier_1,"SGD 200 – 39,999.99",std_200_40k,fxRatesSgd,2026-09-02T07:00:12,2026-09-02T07:00:12,2026-09-02T16:43:50.119511+00:00,13.4284,12.9506,,13.1895,,,
standardized,ocbc,SEK,SGD,SEK/SGD,100,"SGD 40,000 – 100,000",tier_2,"SGD 40,000 – 100,000",std_40k_100k,fxRatesSgd,2026-09-02T07:00:12,2026-09-02T07:00:12,2026-09-02T16:43:50.119511+00:00,13.4021,12.977,,13.1895,,,
standardized,ocbc,SEK,SGD,SEK/SGD,100,"SGD 0 – 39,999.99",tier_1,SGD 50 – 200,std_50_200,fxRatesSgd,2026-09-02T07:00:12,2026-09-02T07:00:12,2026-09-02T16:43:50.119511+00:00,13.4284,12.9506,,13.1895,,,
standardized,ocbc,SEK,SGD,SEK/SGD,100,"SGD 0 – 39,999.99",tier_1,SGD < 50,std_lt_50,fxRatesSgd,2026-09-02T07:00:12,2026-09-02T07:00:12,2026-09-02T16:43:50.119511+00:00,13.4284,12.9506,,13.1895,,,
standardized,ocbc,THB,SGD,THB/SGD,100,"SGD 0 – 39,999.99",tier_1,"SGD 200 – 39,999.99",std_200_40k,fxRatesSgd,2026-09-02T07:00:12,2026-09-02T07:00:12,2026-09-02T16:43:50.119511+00:00,3.9331,3.7169,3.8232000000000004,3.825,MAS,2.87455534630675,2.7803933877380334
standardized,ocbc,THB,SGD,THB/SGD,100,"SGD 40,000 – 100,000",tier_2,"SGD 40,000 – 100,000",std_40k_100k,fxRatesSgd,2026-09-02T07:00:12,2026-09-02T07:00:12,2026-09-02T16:43:50.119511+00:00,3.9255,3.7246,3.8232000000000004,3.825,MAS,2.675768989328301,2.5789914207993365
standardized,ocbc,THB,SGD,THB/SGD,100,"SGD 0 – 39,999.99",tier_1,SGD 50 – 200,std_50_200,fxRatesSgd,2026-09-02T07:00:12,2026-09-02T07:00:12,2026-09-02T16:43:50.119511+00:00,3.9331,3.7169,3.8232000000000004,3.825,MAS,2.87455534630675,2.7803933877380334
standardized,ocbc,THB,SGD,THB/SGD,100,"SGD 0 – 39,999.99",tier_1,SGD < 50,std_lt_50,fxRatesSgd,2026-09-02T07:00:12,2026-09-02T07:00:12,2026-09-02T16:43:50.119511+00:00,3.9331,3.7169,3.8232000000000004,3.825,MAS,2.87455534630675,2.7803933877380334
standardized,ocbc,TRY,SGD,TRY/SGD,100,"SGD 0 – 39,999.99",tier_1,"SGD 200 – 39,999.99",std_200_40k,fxRatesSgd,2026-09-02T07:00:12,2026-09-02T07:00:12,2026-09-02T16:43:50.119511+00:00,2.7082,2.5963,,2.6523,,,
standardized,ocbc,TRY,SGD,TRY/SGD,100,"SGD 40,000 – 100,000",tier_2,"SGD 40,000 – 100,000",std_40k_100k,fxRatesSgd,2026-09-02T07:00:12,2026-09-02T07:00:12,2026-09-02T16:43:50.119511+00:00,2.7069,2.5965,,2.6523,,,
standardized,ocbc,TRY,SGD,TRY/SGD,100,"SGD 0 – 39,999.99",tier_1,SGD 50 – 200,std_50_200,fxRatesSgd,2026-09-02T07:00:12,2026-09-02T07:00:12,2026-09-02T16:43:50.119511+00:00,2.7082,2.5963,,2.6523,,,
standardized,ocbc,TRY,SGD,TRY/SGD,100,"SGD 0 – 39,999.99",tier_1,SGD < 50,std_lt_50,fxRatesSgd,2026-09-02T07:00:12,2026-09-02T07:00:12,2026-09-02T16:43:50.119511+00:00,2.7082,2.5963,,2.6523,,,
standardized,ocbc,TWD,SGD,TWD/SGD,100,"SGD 0 – 39,999.99",tier_1,"SGD 200 – 39,999.99",std_200_40k,fxRatesSgd,2026-09-02T07:00:12,2026-09-02T07:00:12,2026-09-02T16:43:50.119511+00:00,4.1718,0.0,4.005,4.1718,MAS,4.164794007490643,100.0
standardized,ocbc,TWD,SGD,TWD/SGD,100,"SGD 40,000 – 100,000",tier_2,"SGD 40,000 – 100,000",std_40k_100k,fxRatesSgd,2026-09-02T07:00:12,2026-09-02T07:00:12,2026-09-02T16:43:50.119511+00:00,0.0,0.0,4.005,4.1718,MAS,-100.0,100.0
standardized,ocbc,TWD,SGD,TWD/SGD,100,"SGD 0 – 39,999.99",tier_1,SGD 50 – 200,std_50_200,fxRatesSgd,2026-09-02T07:00:12,2026-09-02T07:00:12,2026-09-02T16:43:50.119511+00:00,4.1718,0.0,4.005,4.1718,MAS,4.164794007490643,100.0
standardized,ocbc,TWD,SGD,TWD/SGD,100,"SGD 0 – 39,999.99",tier_1,SGD < 50,std_lt_50,fxRatesSgd,2026-09-02T07:00:12,2026-09-02T07:00:12,2026-09-02T16:43:50.119511+00:00,4.1718,0.0,4.005,4.1718,MAS,4.164794007490643,100.0
standardized,ocbc,USD,SGD,USD/SGD,1,"SGD 0 – 39,999.99",tier_1,"SGD 200 – 39,999.99",std_200_40k,fxRatesSgd,2026-09-02T07:00:12,2026-09-02T07:00:12,2026-09-02T16:43:50.119511+00:00,1.286,1.263,1.2735,1.2745,MAS,0.9815469179426741,0.8244994110718631
standardized,ocbc,USD,SGD,USD/SGD,1,"SGD 40,000 – 100,000",tier_2,"SGD 40,000 – 100,000",std_40k_100k,fxRatesSgd,2026-09-02T07:00:12,2026-09-02T07:00:12,2026-09-02T16:43:50.119511+00:00,1.2847,1.264,1.2735,1.2745,MAS,0.8794660384766294,0.74597565763644
standardized,ocbc,USD,SGD,USD/SGD,1,"SGD 0 – 39,999.99",tier_1,SGD 50 – 200,std_50_200,fxRatesSgd,2026-09-02T07:00:12,2026-09-02T07:00:12,2026-09-02T16:43:50.119511+00:00,1.286,1.263,1.2735,1.2745,MAS,0.9815469179426741,0.8244994110718631
standardized,ocbc,USD,SGD,USD/SGD,1,"SGD 0 – 39,999.99",tier_1,SGD < 50,std_lt_50,fxRatesSgd,2026-09-02T07:00:12,2026-09-02T07:00:12,2026-09-02T16:43:50.119511+00:00,1.286,1.263,1.2735,1.2745,MAS,0.9815469179426741,0.8244994110718631
standardized,ocbc,ZAR,SGD,ZAR/SGD,100,"SGD 0 – 39,999.99",tier_1,"SGD 200 – 39,999.99",std_200_40k,fxRatesSgd,2026-09-02T07:00:12,2026-09-02T07:00:12,2026-09-02T16:43:50.119511+00:00,8.1288,7.6514,,7.8901,,,
standardized,ocbc,ZAR,SGD,ZAR/SGD,100,"SGD 40,000 – 100,000",tier_2,"SGD 40,000 – 100,000",std_40k_100k,fxRatesSgd,2026-09-02T07:00:12,2026-09-02T07:00:12,2026-09-02T16:43:50.119511+00:00,8.1248,7.6553,,7.8901,,,
standardized,ocbc,ZAR,SGD,ZAR/SGD,100,"SGD 0 – 39,999.99",tier_1,SGD 50 – 200,std_50_200,fxRatesSgd,2026-09-02T07:00:12,2026-09-02T07:00:12,2026-09-02T16:43:50.119511+00:00,8.1288,7.6514,,7.8901,,,
standardized,ocbc,ZAR,SGD,ZAR/SGD,100,"SGD 0 – 39,999.99",tier_1,SGD < 50,std_lt_50,fxRatesSgd,2026-09-02T07:00:12,2026-09-02T07:00:12,2026-09-02T16:43:50.119511+00:00,8.1288,7.6514,,7.8901,,,
standardized,uob,AED,SGD,AED/SGD,100,Indicative board,board,"SGD 200 – 39,999.99",std_200_40k,forex_sgd,02 September 2026 05:22:13 PM,02 September 2026 05:22:13 PM,2026-09-02T16:43:51.920092+00:00,35.53,33.83,34.68,34.68,MAS,2.450980392156867,2.450980392156867
standardized,uob,AED,SGD,AED/SGD,100,Indicative board,board,"SGD 40,000 – 100,000",std_40k_100k,forex_sgd,02 September 2026 05:22:13 PM,02 September 2026 05:22:13 PM,2026-09-02T16:43:51.920092+00:00,35.53,33.83,34.68,34.68,MAS,2.450980392156867,2.450980392156867
standardized,uob,AED,SGD,AED/SGD,100,Indicative board,board,SGD 50 – 200,std_50_200,forex_sgd,02 September 2026 05:22:13 PM,02 September 2026 05:22:13 PM,2026-09-02T16:43:51.920092+00:00,35.53,33.83,34.68,34.68,MAS,2.450980392156867,2.450980392156867
standardized,uob,AED,SGD,AED/SGD,100,Indicative board,board,SGD < 50,std_lt_50,forex_sgd,02 September 2026 05:22:13 PM,02 September 2026 05:22:13 PM,2026-09-02T16:43:51.920092+00:00,35.53,33.83,34.68,34.68,MAS,2.450980392156867,2.450980392156867
standardized,uob,AOA,SGD,AOA/SGD,100,Indicative board,board,"SGD 200 – 39,999.99",std_200_40k,forex_sgd,02 September 2026 05:22:13 PM,02 September 2026 05:22:13 PM,2026-09-02T16:43:51.920092+00:00,0.1431,,,,,,
standardized,uob,AOA,SGD,AOA/SGD,100,Indicative board,board,"SGD 40,000 – 100,000",std_40k_100k,forex_sgd,02 September 2026 05:22:13 PM,02 September 2026 05:22:13 PM,2026-09-02T16:43:51.920092+00:00,0.1431,,,,,,
standardized,uob,AOA,SGD,AOA/SGD,100,Indicative board,board,SGD 50 – 200,std_50_200,forex_sgd,02 September 2026 05:22:13 PM,02 September 2026 05:22:13 PM,2026-09-02T16:43:51.920092+00:00,0.1431,,,,,,
standardized,uob,AOA,SGD,AOA/SGD,100,Indicative board,board,SGD < 50,std_lt_50,forex_sgd,02 September 2026 05:22:13 PM,02 September 2026 05:22:13 PM,2026-09-02T16:43:51.920092+00:00,0.1431,,,,,,
standardized,uob,AUD,SGD,AUD/SGD,1,Indicative board,board,"SGD 200 – 39,999.99",std_200_40k,forex_sgd,02 September 2026 05:22:13 PM,02 September 2026 05:22:13 PM,2026-09-02T16:43:51.920092+00:00,0.9236,0.8926,0.9094,0.9080999999999999,MAS,1.561469100505827,1.8473718935561951
standardized,uob,AUD,SGD,AUD/SGD,1,Indicative board,board,"SGD 40,000 – 100,000",std_40k_100k,forex_sgd,02 September 2026 05:22:13 PM,02 September 2026 05:22:13 PM,2026-09-02T16:43:51.920092+00:00,0.9236,0.8926,0.9094,0.9080999999999999,MAS,1.561469100505827,1.8473718935561951
standardized,uob,AUD,SGD,AUD/SGD,1,Indicative board,board,SGD 50 – 200,std_50_200,forex_sgd,02 September 2026 05:22:13 PM,02 September 2026 05:22:13 PM,2026-09-02T16:43:51.920092+00:00,0.9236,0.8926,0.9094,0.9080999999999999,MAS,1.561469100505827,1.8473718935561951
standardized,uob,AUD,SGD,AUD/SGD,1,Indicative board,board,SGD < 50,std_lt_50,forex_sgd,02 September 2026 05:22:13 PM,02 September 2026 05:22:13 PM,2026-09-02T16:43:51.920092+00:00,0.9236,0.8926,0.9094,0.9080999999999999,MAS,1.561469100505827,1.8473718935561951
standardized,uob,BDT,SGD,BDT/SGD,100,Indicative board,board,"SGD 200 – 39,999.99",std_200_40k,forex_sgd,02 September 2026 05:22:13 PM,02 September 2026 05:22:13 PM,2026-09-02T16:43:51.920092+00:00,1.0711,,,,,,
standardized,uob,BDT,SGD,BDT/SGD,100,Indicative board,board,"SGD 40,000 – 100,000",std_40k_100k,forex_sgd,02 September 2026 05:22:13 PM,02 September 2026 05:22:13 PM,2026-09-02T16:43:51.920092+00:00,1.0711,,,,,,
standardized,uob,BDT,SGD,BDT/SGD,100,Indicative board,board,SGD 50 – 200,std_50_200,forex_sgd,02 September 2026 05:22:13 PM,02 September 2026 05:22:13 PM,2026-09-02T16:43:51.920092+00:00,1.0711,,,,,,
standardized,uob,BDT,SGD,BDT/SGD,100,Indicative board,board,SGD < 50,std_lt_50,forex_sgd,02 September 2026 05:22:13 PM,02 September 2026 05:22:13 PM,2026-09-02T16:43:51.920092+00:00,1.0711,,,,,,
standardized,uob,BND,SGD,BND/SGD,1,Indicative board,board,"SGD 200 – 39,999.99",std_200_40k,forex_sgd,02 September 2026 05:22:13 PM,02 September 2026 05:22:13 PM,2026-09-02T16:43:51.920092+00:00,1.0,1.0,,1.0,,,
standardized,uob,BND,SGD,BND/SGD,1,Indicative board,board,"SGD 40,000 – 100,000",std_40k_100k,forex_sgd,02 September 2026 05:22:13 PM,02 September 2026 05:22:13 PM,2026-09-02T16:43:51.920092+00:00,1.0,1.0,,1.0,,,
standardized,uob,BND,SGD,BND/SGD,1,Indicative board,board,SGD 50 – 200,std_50_200,forex_sgd,02 September 2026 05:22:13 PM,02 September 2026 05:22:13 PM,2026-09-02T16:43:51.920092+00:00,1.0,1.0,,1.0,,,
standardized,uob,BND,SGD,BND/SGD,1,Indicative board,board,SGD < 50,std_lt_50,forex_sgd,02 September 2026 05:22:13 PM,02 September 2026 05:22:13 PM,2026-09-02T16:43:51.920092+00:00,1.0,1.0,,1.0,,,
standardized,uob,CAD,SGD,CAD/SGD,1,Indicative board,board,"SGD 200 – 39,999.99",std_200_40k,forex_sgd,02 September 2026 05:22:13 PM,02 September 2026 05:22:13 PM,2026-09-02T16:43:51.920092+00:00,0.9242,0.9042,0.9152,0.9142,MAS,0.9833916083916092,1.201923076923078
standardized,uob,CAD,SGD,CAD/SGD,1,Indicative board,board,"SGD 40,000 – 100,000",std_40k_100k,forex_sgd,02 September 2026 05:22:13 PM,02 September 2026 05:22:13 PM,2026-09-02T16:43:51.920092+00:00,0.9242,0.9042,0.9152,0.9142,MAS,0.9833916083916092,1.201923076923078
standardized,uob,CAD,SGD,CAD/SGD,1,Indicative board,board,SGD 50 – 200,std_50_200,forex_sgd,02 September 2026 05:22:13 PM,02 September 2026 05:22:13 PM,2026-09-02T16:43:51.920092+00:00,0.9242,0.9042,0.9152,0.9142,MAS,0.9833916083916092,1.201923076923078
standardized,uob,CAD,SGD,CAD/SGD,1,Indicative board,board,SGD < 50,std_lt_50,forex_sgd,02 September 2026 05:22:13 PM,02 September 2026 05:22:13 PM,2026-09-02T16:43:51.920092+00:00,0.9242,0.9042,0.9152,0.9142,MAS,0.9833916083916092,1.201923076923078
standardized,uob,CHF,SGD,CHF/SGD,100,Indicative board,board,"SGD 200 – 39,999.99",std_200_40k,forex_sgd,02 September 2026 05:22:13 PM,02 September 2026 05:22:13 PM,2026-09-02T16:43:51.920092+00:00,157.99,154.69,156.67,156.34,MAS,0.8425352652071372,1.2638028978106783
standardized,uob,CHF,SGD,CHF/SGD,100,Indicative board,board,"SGD 40,000 – 100,000",std_40k_100k,forex_sgd,02 September 2026 05:22:13 PM,02 September 2026 05:22:13 PM,2026-09-02T16:43:51.920092+00:00,157.99,154.69,156.67,156.34,MAS,0.8425352652071372,1.2638028978106783
standardized,uob,CHF,SGD,CHF/SGD,100,Indicative board,board,SGD 50 – 200,std_50_200,forex_sgd,02 September 2026 05:22:13 PM,02 September 2026 05:22:13 PM,2026-09-02T16:43:51.920092+00:00,157.99,154.69,156.67,156.34,MAS,0.8425352652071372,1.2638028978106783
standardized,uob,CHF,SGD,CHF/SGD,100,Indicative board,board,SGD < 50,std_lt_50,forex_sgd,02 September 2026 05:22:13 PM,02 September 2026 05:22:13 PM,2026-09-02T16:43:51.920092+00:00,157.99,154.69,156.67,156.34,MAS,0.8425352652071372,1.2638028978106783
standardized,uob,CNH,SGD,CNH/SGD,100,Indicative board,board,"SGD 200 – 39,999.99",std_200_40k,forex_sgd,02 September 2026 05:22:13 PM,02 September 2026 05:22:13 PM,2026-09-02T16:43:51.920092+00:00,19.17,18.71,,18.94,,,
standardized,uob,CNH,SGD,CNH/SGD,100,Indicative board,board,"SGD 40,000 – 100,000",std_40k_100k,forex_sgd,02 September 2026 05:22:13 PM,02 September 2026 05:22:13 PM,2026-09-02T16:43:51.920092+00:00,19.17,18.71,,18.94,,,
standardized,uob,CNH,SGD,CNH/SGD,100,Indicative board,board,SGD 50 – 200,std_50_200,forex_sgd,02 September 2026 05:22:13 PM,02 September 2026 05:22:13 PM,2026-09-02T16:43:51.920092+00:00,19.17,18.71,,18.94,,,
standardized,uob,CNH,SGD,CNH/SGD,100,Indicative board,board,SGD < 50,std_lt_50,forex_sgd,02 September 2026 05:22:13 PM,02 September 2026 05:22:13 PM,2026-09-02T16:43:51.920092+00:00,19.17,18.71,,18.94,,,
standardized,uob,DKK,SGD,DKK/SGD,100,Indicative board,board,"SGD 200 – 39,999.99",std_200_40k,forex_sgd,02 September 2026 05:22:13 PM,02 September 2026 05:22:13 PM,2026-09-02T16:43:51.920092+00:00,20.08,19.38,,19.729999999999997,,,
standardized,uob,DKK,SGD,DKK/SGD,100,Indicative board,board,"SGD 40,000 – 100,000",std_40k_100k,forex_sgd,02 September 2026 05:22:13 PM,02 September 2026 05:22:13 PM,2026-09-02T16:43:51.920092+00:00,20.08,19.38,,19.729999999999997,,,
standardized,uob,DKK,SGD,DKK/SGD,100,Indicative board,board,SGD 50 – 200,std_50_200,forex_sgd,02 September 2026 05:22:13 PM,02 September 2026 05:22:13 PM,2026-09-02T16:43:51.920092+00:00,20.08,19.38,,19.729999999999997,,,
standardized,uob,DKK,SGD,DKK/SGD,100,Indicative board,board,SGD < 50,std_lt_50,forex_sgd,02 September 2026 05:22:13 PM,02 September 2026 05:22:13 PM,2026-09-02T16:43:51.920092+00:00,20.08,19.38,,19.729999999999997,,,
standardized,uob,EGP,SGD,EGP/SGD,100,Indicative board,board,"SGD 200 – 39,999.99",std_200_40k,forex_sgd,02 September 2026 05:22:13 PM,02 September 2026 05:22:13 PM,2026-09-02T16:43:51.920092+00:00,2.5737,,,,,,
standardized,uob,EGP,SGD,EGP/SGD,100,Indicative board,board,"SGD 40,000 – 100,000",std_40k_100k,forex_sgd,02 September 2026 05:22:13 PM,02 September 2026 05:22:13 PM,2026-09-02T16:43:51.920092+00:00,2.5737,,,,,,
standardized,uob,EGP,SGD,EGP/SGD,100,Indicative board,board,SGD 50 – 200,std_50_200,forex_sgd,02 September 2026 05:22:13 PM,02 September 2026 05:22:13 PM,2026-09-02T16:43:51.920092+00:00,2.5737,,,,,,
standardized,uob,EGP,SGD,EGP/SGD,100,Indicative board,board,SGD < 50,std_lt_50,forex_sgd,02 September 2026 05:22:13 PM,02 September 2026 05:22:13 PM,2026-09-02T16:43:51.920092+00:00,2.5737,,,,,,
standardized,uob,EUR,SGD,EUR/SGD,1,Indicative board,board,"SGD 200 – 39,999.99",std_200_40k,forex_sgd,02 September 2026 05:22:13 PM,02 September 2026 05:22:13 PM,2026-09-02T16:43:51.920092+00:00,1.4936,1.4556,1.4747,1.4746000000000001,MAS,1.2816165999864475,1.2951786804095677
standardized,uob,EUR,SGD,EUR/SGD,1,Indicative board,board,"SGD 40,000 – 100,000",std_40k_100k,forex_sgd,02 September 2026 05:22:13 PM,02 September 2026 05:22:13 PM,2026-09-02T16:43:51.920092+00:00,1.4936,1.4556,1.4747,1.4746000000000001,MAS,1.2816165999864475,1.2951786804095677
standardized,uob,EUR,SGD,EUR/SGD,1,Indicative board,board,SGD 50 – 200,std_50_200,forex_sgd,02 September 2026 05:22:13 PM,02 September 2026 05:22:13 PM,2026-09-02T16:43:51.920092+00:00,1.4936,1.4556,1.4747,1.4746000000000001,MAS,1.2816165999864475,1.2951786804095677
standardized,uob,EUR,SGD,EUR/SGD,1,Indicative board,board,SGD < 50,std_lt_50,forex_sgd,02 September 2026 05:22:13 PM,02 September 2026 05:22:13 PM,2026-09-02T16:43:51.920092+00:00,1.4936,1.4556,1.4747,1.4746000000000001,MAS,1.2816165999864475,1.2951786804095677
standardized,uob,GBP,SGD,GBP/SGD,1,Indicative board,board,"SGD 200 – 39,999.99",std_200_40k,forex_sgd,02 September 2026 05:22:13 PM,02 September 2026 05:22:13 PM,2026-09-02T16:43:51.920092+00:00,1.7428,1.6978,1.7195,1.7203,MAS,1.3550450712416329,1.2619947659203288
standardized,uob,GBP,SGD,GBP/SGD,1,Indicative board,board,"SGD 40,000 – 100,000",std_40k_100k,forex_sgd,02 September 2026 05:22:13 PM,02 September 2026 05:22:13 PM,2026-09-02T16:43:51.920092+00:00,1.7428,1.6978,1.7195,1.7203,MAS,1.3550450712416329,1.2619947659203288
standardized,uob,GBP,SGD,GBP/SGD,1,Indicative board,board,SGD 50 – 200,std_50_200,forex_sgd,02 September 2026 05:22:13 PM,02 September 2026 05:22:13 PM,2026-09-02T16:43:51.920092+00:00,1.7428,1.6978,1.7195,1.7203,MAS,1.3550450712416329,1.2619947659203288
standardized,uob,GBP,SGD,GBP/SGD,1,Indicative board,board,SGD < 50,std_lt_50,forex_sgd,02 September 2026 05:22:13 PM,02 September 2026 05:22:13 PM,2026-09-02T16:43:51.920092+00:00,1.7428,1.6978,1.7195,1.7203,MAS,1.3550450712416329,1.2619947659203288
standardized,uob,HKD,SGD,HKD/SGD,100,Indicative board,board,"SGD 200 – 39,999.99",std_200_40k,forex_sgd,02 September 2026 05:22:13 PM,02 September 2026 05:22:13 PM,2026-09-02T16:43:51.920092+00:00,16.419,16.061,16.24,16.240000000000002,MAS,1.1022167487684855,1.1022167487684638
standardized,uob,HKD,SGD,HKD/SGD,100,Indicative board,board,"SGD 40,000 – 100,000",std_40k_100k,forex_sgd,02 September 2026 05:22:13 PM,02 September 2026 05:22:13 PM,2026-09-02T16:43:51.920092+00:00,16.419,16.061,16.24,16.240000000000002,MAS,1.1022167487684855,1.1022167487684638
standardized,uob,HKD,SGD,HKD/SGD,100,Indicative board,board,SGD 50 – 200,std_50_200,forex_sgd,02 September 2026 05:22:13 PM,02 September 2026 05:22:13 PM,2026-09-02T16:43:51.920092+00:00,16.419,16.061,16.24,16.240000000000002,MAS,1.1022167487684855,1.1022167487684638
standardized,uob,HKD,SGD,HKD/SGD,100,Indicative board,board,SGD < 50,std_lt_50,forex_sgd,02 September 2026 05:22:13 PM,02 September 2026 05:22:13 PM,2026-09-02T16:43:51.920092+00:00,16.419,16.061,16.24,16.240000000000002,MAS,1.1022167487684855,1.1022167487684638
standardized,uob,INR,SGD,INR/SGD,100,Indicative board,board,"SGD 200 – 39,999.99",std_200_40k,forex_sgd,02 September 2026 05:22:13 PM,02 September 2026 05:22:13 PM,2026-09-02T16:43:51.920092+00:00,1.3782,,1.3412,,MAS,2.7587235311661304,
standardized,uob,INR,SGD,INR/SGD,100,Indicative board,board,"SGD 40,000 – 100,000",std_40k_100k,forex_sgd,02 September 2026 05:22:13 PM,02 September 2026 05:22:13 PM,2026-09-02T16:43:51.920092+00:00,1.3782,,1.3412,,MAS,2.7587235311661304,
standardized,uob,INR,SGD,INR/SGD,100,Indicative board,board,SGD 50 – 200,std_50_200,forex_sgd,02 September 2026 05:22:13 PM,02 September 2026 05:22:13 PM,2026-09-02T16:43:51.920092+00:00,1.3782,,1.3412,,MAS,2.7587235311661304,
standardized,uob,INR,SGD,INR/SGD,100,Indicative board,board,SGD < 50,std_lt_50,forex_sgd,02 September 2026 05:22:13 PM,02 September 2026 05:22:13 PM,2026-09-02T16:43:51.920092+00:00,1.3782,,1.3412,,MAS,2.7587235311661304,
standardized,uob,JPY,SGD,JPY/SGD,100,Indicative board,board,"SGD 200 – 39,999.99",std_200_40k,forex_sgd,02 September 2026 05:22:13 PM,02 September 2026 05:22:13 PM,2026-09-02T16:43:51.920092+00:00,0.8139,0.7799,0.7949000000000002,0.7968999999999999,MAS,2.3902377657566727,1.8870298150710934
standardized,uob,JPY,SGD,JPY/SGD,100,Indicative board,board,"SGD 40,000 – 100,000",std_40k_100k,forex_sgd,02 September 2026 05:22:13 PM,02 September 2026 05:22:13 PM,2026-09-02T16:43:51.920092+00:00,0.8139,0.7799,0.7949000000000002,0.7968999999999999,MAS,2.3902377657566727,1.8870298150710934
standardized,uob,JPY,SGD,JPY/SGD,100,Indicative board,board,SGD 50 – 200,std_50_200,forex_sgd,02 September 2026 05:22:13 PM,02 September 2026 05:22:13 PM,2026-09-02T16:43:51.920092+00:00,0.8139,0.7799,0.7949000000000002,0.7968999999999999,MAS,2.3902377657566727,1.8870298150710934
standardized,uob,JPY,SGD,JPY/SGD,100,Indicative board,board,SGD < 50,std_lt_50,forex_sgd,02 September 2026 05:22:13 PM,02 September 2026 05:22:13 PM,2026-09-02T16:43:51.920092+00:00,0.8139,0.7799,0.7949000000000002,0.7968999999999999,MAS,2.3902377657566727,1.8870298150710934
standardized,uob,KRW,SGD,KRW/SGD,1000,Indicative board,board,"SGD 200 – 39,999.99",std_200_40k,forex_sgd,02 September 2026 05:22:13 PM,02 September 2026 05:22:13 PM,2026-09-02T16:43:51.920092+00:00,0.9432,,0.9289999999999999,,MAS,1.5285252960172337,
standardized,uob,KRW,SGD,KRW/SGD,1000,Indicative board,board,"SGD 40,000 – 100,000",std_40k_100k,forex_sgd,02 September 2026 05:22:13 PM,02 September 2026 05:22:13 PM,2026-09-02T16:43:51.920092+00:00,0.9432,,0.9289999999999999,,MAS,1.5285252960172337,
standardized,uob,KRW,SGD,KRW/SGD,1000,Indicative board,board,SGD 50 – 200,std_50_200,forex_sgd,02 September 2026 05:22:13 PM,02 September 2026 05:22:13 PM,2026-09-02T16:43:51.920092+00:00,0.9432,,0.9289999999999999,,MAS,1.5285252960172337,
standardized,uob,KRW,SGD,KRW/SGD,1000,Indicative board,board,SGD < 50,std_lt_50,forex_sgd,02 September 2026 05:22:13 PM,02 September 2026 05:22:13 PM,2026-09-02T16:43:51.920092+00:00,0.9432,,0.9289999999999999,,MAS,1.5285252960172337,
standardized,uob,KWD,SGD,KWD/SGD,1,Indicative board,board,"SGD 200 – 39,999.99",std_200_40k,forex_sgd,02 September 2026 05:22:13 PM,02 September 2026 05:22:13 PM,2026-09-02T16:43:51.920092+00:00,4.1812,,,,,,
standardized,uob,KWD,SGD,KWD/SGD,1,Indicative board,board,"SGD 40,000 – 100,000",std_40k_100k,forex_sgd,02 September 2026 05:22:13 PM,02 September 2026 05:22:13 PM,2026-09-02T16:43:51.920092+00:00,4.1812,,,,,,
standardized,uob,KWD,SGD,KWD/SGD,1,Indicative board,board,SGD 50 – 200,std_50_200,forex_sgd,02 September 2026 05:22:13 PM,02 September 2026 05:22:13 PM,2026-09-02T16:43:51.920092+00:00,4.1812,,,,,,
standardized,uob,KWD,SGD,KWD/SGD,1,Indicative board,board,SGD < 50,std_lt_50,forex_sgd,02 September 2026 05:22:13 PM,02 September 2026 05:22:13 PM,2026-09-02T16:43:51.920092+00:00,4.1812,,,,,,
standardized,uob,LKR,SGD,LKR/SGD,100,Indicative board,board,"SGD 200 – 39,999.99",std_200_40k,forex_sgd,02 September 2026 05:22:13 PM,02 September 2026 05:22:13 PM,2026-09-02T16:43:51.920092+00:00,0.3944,,,,,,
standardized,uob,LKR,SGD,LKR/SGD,100,Indicative board,board,"SGD 40,000 – 100,000",std_40k_100k,forex_sgd,02 September 2026 05:22:13 PM,02 September 2026 05:22:13 PM,2026-09-02T16:43:51.920092+00:00,0.3944,,,,,,
standardized,uob,LKR,SGD,LKR/SGD,100,Indicative board,board,SGD 50 – 200,std_50_200,forex_sgd,02 September 2026 05:22:13 PM,02 September 2026 05:22:13 PM,2026-09-02T16:43:51.920092+00:00,0.3944,,,,,,
standardized,uob,LKR,SGD,LKR/SGD,100,Indicative board,board,SGD < 50,std_lt_50,forex_sgd,02 September 2026 05:22:13 PM,02 September 2026 05:22:13 PM,2026-09-02T16:43:51.920092+00:00,0.3944,,,,,,
standardized,uob,MXN,SGD,MXN/SGD,100,Indicative board,board,"SGD 200 – 39,999.99",std_200_40k,forex_sgd,02 September 2026 05:22:13 PM,02 September 2026 05:22:13 PM,2026-09-02T16:43:51.920092+00:00,7.5746,,,,,,
standardized,uob,MXN,SGD,MXN/SGD,100,Indicative board,board,"SGD 40,000 – 100,000",std_40k_100k,forex_sgd,02 September 2026 05:22:13 PM,02 September 2026 05:22:13 PM,2026-09-02T16:43:51.920092+00:00,7.5746,,,,,,
standardized,uob,MXN,SGD,MXN/SGD,100,Indicative board,board,SGD 50 – 200,std_50_200,forex_sgd,02 September 2026 05:22:13 PM,02 September 2026 05:22:13 PM,2026-09-02T16:43:51.920092+00:00,7.5746,,,,,,
standardized,uob,MXN,SGD,MXN/SGD,100,Indicative board,board,SGD < 50,std_lt_50,forex_sgd,02 September 2026 05:22:13 PM,02 September 2026 05:22:13 PM,2026-09-02T16:43:51.920092+00:00,7.5746,,,,,,
standardized,uob,MYR,SGD,MYR/SGD,100,Indicative board,board,"SGD 200 – 39,999.99",std_200_40k,forex_sgd,02 September 2026 05:22:13 PM,02 September 2026 05:22:13 PM,2026-09-02T16:43:51.920092+00:00,32.0,,31.489999999999995,,MAS,1.6195617656399022,
standardized,uob,MYR,SGD,MYR/SGD,100,Indicative board,board,"SGD 40,000 – 100,000",std_40k_100k,forex_sgd,02 September 2026 05:22:13 PM,02 September 2026 05:22:13 PM,2026-09-02T16:43:51.920092+00:00,32.0,,31.489999999999995,,MAS,1.6195617656399022,
standardized,uob,MYR,SGD,MYR/SGD,100,Indicative board,board,SGD 50 – 200,std_50_200,forex_sgd,02 September 2026 05:22:13 PM,02 September 2026 05:22:13 PM,2026-09-02T16:43:51.920092+00:00,32.0,,31.489999999999995,,MAS,1.6195617656399022,
standardized,uob,MYR,SGD,MYR/SGD,100,Indicative board,board,SGD < 50,std_lt_50,forex_sgd,02 September 2026 05:22:13 PM,02 September 2026 05:22:13 PM,2026-09-02T16:43:51.920092+00:00,32.0,,31.489999999999995,,MAS,1.6195617656399022,
standardized,uob,NOK,SGD,NOK/SGD,100,Indicative board,board,"SGD 200 – 39,999.99",std_200_40k,forex_sgd,02 September 2026 05:22:13 PM,02 September 2026 05:22:13 PM,2026-09-02T16:43:51.920092+00:00,13.87,13.43,,13.649999999999999,,,
standardized,uob,NOK,SGD,NOK/SGD,100,Indicative board,board,"SGD 40,000 – 100,000",std_40k_100k,forex_sgd,02 September 2026 05:22:13 PM,02 September 2026 05:22:13 PM,2026-09-02T16:43:51.920092+00:00,13.87,13.43,,13.649999999999999,,,
standardized,uob,NOK,SGD,NOK/SGD,100,Indicative board,board,SGD 50 – 200,std_50_200,forex_sgd,02 September 2026 05:22:13 PM,02 September 2026 05:22:13 PM,2026-09-02T16:43:51.920092+00:00,13.87,13.43,,13.649999999999999,,,
standardized,uob,NOK,SGD,NOK/SGD,100,Indicative board,board,SGD < 50,std_lt_50,forex_sgd,02 September 2026 05:22:13 PM,02 September 2026 05:22:13 PM,2026-09-02T16:43:51.920092+00:00,13.87,13.43,,13.649999999999999,,,
standardized,uob,NZD,SGD,NZD/SGD,1,Indicative board,board,"SGD 200 – 39,999.99",std_200_40k,forex_sgd,02 September 2026 05:22:13 PM,02 September 2026 05:22:13 PM,2026-09-02T16:43:51.920092+00:00,0.7508,0.7308,0.7440000000000001,0.7408,MAS,0.9139784946236447,1.77419354838711
standardized,uob,NZD,SGD,NZD/SGD,1,Indicative board,board,"SGD 40,000 – 100,000",std_40k_100k,forex_sgd,02 September 2026 05:22:13 PM,02 September 2026 05:22:13 PM,2026-09-02T16:43:51.920092+00:00,0.7508,0.7308,0.7440000000000001,0.7408,MAS,0.9139784946236447,1.77419354838711
standardized,uob,NZD,SGD,NZD/SGD,1,Indicative board,board,SGD 50 – 200,std_50_200,forex_sgd,02 September 2026 05:22:13 PM,02 September 2026 05:22:13 PM,2026-09-02T16:43:51.920092+00:00,0.7508,0.7308,0.7440000000000001,0.7408,MAS,0.9139784946236447,1.77419354838711
standardized,uob,NZD,SGD,NZD/SGD,1,Indicative board,board,SGD < 50,std_lt_50,forex_sgd,02 September 2026 05:22:13 PM,02 September 2026 05:22:13 PM,2026-09-02T16:43:51.920092+00:00,0.7508,0.7308,0.7440000000000001,0.7408,MAS,0.9139784946236447,1.77419354838711
standardized,uob,PHP,SGD,PHP/SGD,100,Indicative board,board,"SGD 200 – 39,999.99",std_200_40k,forex_sgd,02 September 2026 05:22:13 PM,02 September 2026 05:22:13 PM,2026-09-02T16:43:51.920092+00:00,2.0821,,2.0322,,MAS,2.4554669815963024,
standardized,uob,PHP,SGD,PHP/SGD,100,Indicative board,board,"SGD 40,000 – 100,000",std_40k_100k,forex_sgd,02 September 2026 05:22:13 PM,02 September 2026 05:22:13 PM,2026-09-02T16:43:51.920092+00:00,2.0821,,2.0322,,MAS,2.4554669815963024,
standardized,uob,PHP,SGD,PHP/SGD,100,Indicative board,board,SGD 50 – 200,std_50_200,forex_sgd,02 September 2026 05:22:13 PM,02 September 2026 05:22:13 PM,2026-09-02T16:43:51.920092+00:00,2.0821,,2.0322,,MAS,2.4554669815963024,
standardized,uob,PHP,SGD,PHP/SGD,100,Indicative board,board,SGD < 50,std_lt_50,forex_sgd,02 September 2026 05:22:13 PM,02 September 2026 05:22:13 PM,2026-09-02T16:43:51.920092+00:00,2.0821,,2.0322,,MAS,2.4554669815963024,
standardized,uob,PKR,SGD,PKR/SGD,100,Indicative board,board,"SGD 200 – 39,999.99",std_200_40k,forex_sgd,02 September 2026 05:22:13 PM,02 September 2026 05:22:13 PM,2026-09-02T16:43:51.920092+00:00,0.4651,,,,,,
standardized,uob,PKR,SGD,PKR/SGD,100,Indicative board,board,"SGD 40,000 – 100,000",std_40k_100k,forex_sgd,02 September 2026 05:22:13 PM,02 September 2026 05:22:13 PM,2026-09-02T16:43:51.920092+00:00,0.4651,,,,,,
standardized,uob,PKR,SGD,PKR/SGD,100,Indicative board,board,SGD 50 – 200,std_50_200,forex_sgd,02 September 2026 05:22:13 PM,02 September 2026 05:22:13 PM,2026-09-02T16:43:51.920092+00:00,0.4651,,,,,,
standardized,uob,PKR,SGD,PKR/SGD,100,Indicative board,board,SGD < 50,std_lt_50,forex_sgd,02 September 2026 05:22:13 PM,02 September 2026 05:22:13 PM,2026-09-02T16:43:51.920092+00:00,0.4651,,,,,,
standardized,uob,SAR,SGD,SAR/SGD,100,Indicative board,board,"SGD 200 – 39,999.99",std_200_40k,forex_sgd,02 September 2026 05:22:13 PM,02 September 2026 05:22:13 PM,2026-09-02T16:43:51.920092+00:00,,,33.92,,MAS,,
standardized,uob,SAR,SGD,SAR/SGD,100,Indicative board,board,"SGD 40,000 – 100,000",std_40k_100k,forex_sgd,02 September 2026 05:22:13 PM,02 September 2026 05:22:13 PM,2026-09-02T16:43:51.920092+00:00,,,33.92,,MAS,,
standardized,uob,SAR,SGD,SAR/SGD,100,Indicative board,board,SGD 50 – 200,std_50_200,forex_sgd,02 September 2026 05:22:13 PM,02 September 2026 05:22:13 PM,2026-09-02T16:43:51.920092+00:00,,,33.92,,MAS,,
standardized,uob,SAR,SGD,SAR/SGD,100,Indicative board,board,SGD < 50,std_lt_50,forex_sgd,02 September 2026 05:22:13 PM,02 September 2026 05:22:13 PM,2026-09-02T16:43:51.920092+00:00,,,33.92,,MAS,,
standardized,uob,SEK,SGD,SEK/SGD,100,Indicative board,board,"SGD 200 – 39,999.99",std_200_40k,forex_sgd,02 September 2026 05:22:13 PM,02 September 2026 05:22:13 PM,2026-09-02T16:43:51.920092+00:00,13.44,12.96,,13.2,,,
standardized,uob,SEK,SGD,SEK/SGD,100,Indicative board,board,"SGD 40,000 – 100,000",std_40k_100k,forex_sgd,02 September 2026 05:22:13 PM,02 September 2026 05:22:13 PM,2026-09-02T16:43:51.920092+00:00,13.44,12.96,,13.2,,,
standardized,uob,SEK,SGD,SEK/SGD,100,Indicative board,board,SGD 50 – 200,std_50_200,forex_sgd,02 September 2026 05:22:13 PM,02 September 2026 05:22:13 PM,2026-09-02T16:43:51.920092+00:00,13.44,12.96,,13.2,,,
standardized,uob,SEK,SGD,SEK/SGD,100,Indicative board,board,SGD < 50,std_lt_50,forex_sgd,02 September 2026 05:22:13 PM,02 September 2026 05:22:13 PM,2026-09-02T16:43:51.920092+00:00,13.44,12.96,,13.2,,,
standardized,uob,THB,SGD,THB/SGD,100,Indicative board,board,"SGD 200 – 39,999.99",std_200_40k,forex_sgd,02 September 2026 05:22:13 PM,02 September 2026 05:22:13 PM,2026-09-02T16:43:51.920092+00:00,3.92,3.72,3.8232000000000004,3.8200000000000003,MAS,2.5319104415149494,2.6993094789705006
standardized,uob,THB,SGD,THB/SGD,100,Indicative board,board,"SGD 40,000 – 100,000",std_40k_100k,forex_sgd,02 September 2026 05:22:13 PM,02 September 2026 05:22:13 PM,2026-09-02T16:43:51.920092+00:00,3.92,3.72,3.8232000000000004,3.8200000000000003,MAS,2.5319104415149494,2.6993094789705006
standardized,uob,THB,SGD,THB/SGD,100,Indicative board,board,SGD 50 – 200,std_50_200,forex_sgd,02 September 2026 05:22:13 PM,02 September 2026 05:22:13 PM,2026-09-02T16:43:51.920092+00:00,3.92,3.72,3.8232000000000004,3.8200000000000003,MAS,2.5319104415149494,2.6993094789705006
standardized,uob,THB,SGD,THB/SGD,100,Indicative board,board,SGD < 50,std_lt_50,forex_sgd,02 September 2026 05:22:13 PM,02 September 2026 05:22:13 PM,2026-09-02T16:43:51.920092+00:00,3.92,3.72,3.8232000000000004,3.8200000000000003,MAS,2.5319104415149494,2.6993094789705006
standardized,uob,TWD,SGD,TWD/SGD,100,Indicative board,board,"SGD 200 – 39,999.99",std_200_40k,forex_sgd,02 September 2026 05:22:13 PM,02 September 2026 05:22:13 PM,2026-09-02T16:43:51.920092+00:00,4.0997,,4.005,,MAS,2.3645443196005105,
standardized,uob,TWD,SGD,TWD/SGD,100,Indicative board,board,"SGD 40,000 – 100,000",std_40k_100k,forex_sgd,02 September 2026 05:22:13 PM,02 September 2026 05:22:13 PM,2026-09-02T16:43:51.920092+00:00,4.0997,,4.005,,MAS,2.3645443196005105,
standardized,uob,TWD,SGD,TWD/SGD,100,Indicative board,board,SGD 50 – 200,std_50_200,forex_sgd,02 September 2026 05:22:13 PM,02 September 2026 05:22:13 PM,2026-09-02T16:43:51.920092+00:00,4.0997,,4.005,,MAS,2.3645443196005105,
standardized,uob,TWD,SGD,TWD/SGD,100,Indicative board,board,SGD < 50,std_lt_50,forex_sgd,02 September 2026 05:22:13 PM,02 September 2026 05:22:13 PM,2026-09-02T16:43:51.920092+00:00,4.0997,,4.005,,MAS,2.3645443196005105,
standardized,uob,USD,SGD,USD/SGD,1,Indicative board,board,"SGD 200 – 39,999.99",std_200_40k,forex_sgd,02 September 2026 05:22:13 PM,02 September 2026 05:22:13 PM,2026-09-02T16:43:51.920092+00:00,1.2857,1.2617,1.2735,1.2737,MAS,0.9579897919120525,0.9265802905378903
standardized,uob,USD,SGD,USD/SGD,1,Indicative board,board,"SGD 40,000 – 100,000",std_40k_100k,forex_sgd,02 September 2026 05:22:13 PM,02 September 2026 05:22:13 PM,2026-09-02T16:43:51.920092+00:00,1.2857,1.2617,1.2735,1.2737,MAS,0.9579897919120525,0.9265802905378903
standardized,uob,USD,SGD,USD/SGD,1,Indicative board,board,SGD 50 – 200,std_50_200,forex_sgd,02 September 2026 05:22:13 PM,02 September 2026 05:22:13 PM,2026-09-02T16:43:51.920092+00:00,1.2857,1.2617,1.2735,1.2737,MAS,0.9579897919120525,0.9265802905378903
standardized,uob,USD,SGD,USD/SGD,1,Indicative board,board,SGD < 50,std_lt_50,forex_sgd,02 September 2026 05:22:13 PM,02 September 2026 05:22:13 PM,2026-09-02T16:43:51.920092+00:00,1.2857,1.2617,1.2735,1.2737,MAS,0.9579897919120525,0.9265802905378903
standardized,uob,VND,SGD,VND/SGD,1000,Indicative board,board,"SGD 200 – 39,999.99",std_200_40k,forex_sgd,02 September 2026 05:22:13 PM,02 September 2026 05:22:13 PM,2026-09-02T16:43:51.920092+00:00,,,0.04884,,MAS,,
standardized,uob,VND,SGD,VND/SGD,1000,Indicative board,board,"SGD 40,000 – 100,000",std_40k_100k,forex_sgd,02 September 2026 05:22:13 PM,02 September 2026 05:22:13 PM,2026-09-02T16:43:51.920092+00:00,,,0.04884,,MAS,,
standardized,uob,VND,SGD,VND/SGD,1000,Indicative board,board,SGD 50 – 200,std_50_200,forex_sgd,02 September 2026 05:22:13 PM,02 September 2026 05:22:13 PM,2026-09-02T16:43:51.920092+00:00,,,0.04884,,MAS,,
standardized,uob,VND,SGD,VND/SGD,1000,Indicative board,board,SGD < 50,std_lt_50,forex_sgd,02 September 2026 05:22:13 PM,02 September 2026 05:22:13 PM,2026-09-02T16:43:51.920092+00:00,,,0.04884,,MAS,,
standardized,uob,XAF,SGD,XAF/SGD,100,Indicative board,board,"SGD 200 – 39,999.99",std_200_40k,forex_sgd,02 September 2026 05:22:13 PM,02 September 2026 05:22:13 PM,2026-09-02T16:43:51.920092+00:00,0.2309,,,,,,
standardized,uob,XAF,SGD,XAF/SGD,100,Indicative board,board,"SGD 40,000 – 100,000",std_40k_100k,forex_sgd,02 September 2026 05:22:13 PM,02 September 2026 05:22:13 PM,2026-09-02T16:43:51.920092+00:00,0.2309,,,,,,
standardized,uob,XAF,SGD,XAF/SGD,100,Indicative board,board,SGD 50 – 200,std_50_200,forex_sgd,02 September 2026 05:22:13 PM,02 September 2026 05:22:13 PM,2026-09-02T16:43:51.920092+00:00,0.2309,,,,,,
standardized,uob,XAF,SGD,XAF/SGD,100,Indicative board,board,SGD < 50,std_lt_50,forex_sgd,02 September 2026 05:22:13 PM,02 September 2026 05:22:13 PM,2026-09-02T16:43:51.920092+00:00,0.2309,,,,,,
standardized,uob,XOF,SGD,XOF/SGD,100,Indicative board,board,"SGD 200 – 39,999.99",std_200_40k,forex_sgd,02 September 2026 05:22:13 PM,02 September 2026 05:22:13 PM,2026-09-02T16:43:51.920092+00:00,0.2324,,,,,,
standardized,uob,XOF,SGD,XOF/SGD,100,Indicative board,board,"SGD 40,000 – 100,000",std_40k_100k,forex_sgd,02 September 2026 05:22:13 PM,02 September 2026 05:22:13 PM,2026-09-02T16:43:51.920092+00:00,0.2324,,,,,,
standardized,uob,XOF,SGD,XOF/SGD,100,Indicative board,board,SGD 50 – 200,std_50_200,forex_sgd,02 September 2026 05:22:13 PM,02 September 2026 05:22:13 PM,2026-09-02T16:43:51.920092+00:00,0.2324,,,,,,
standardized,uob,XOF,SGD,XOF/SGD,100,Indicative board,board,SGD < 50,std_lt_50,forex_sgd,02 September 2026 05:22:13 PM,02 September 2026 05:22:13 PM,2026-09-02T16:43:51.920092+00:00,0.2324,,,,,,
standardized,uob,ZAR,SGD,ZAR/SGD,1,Indicative board,board,"SGD 200 – 39,999.99",std_200_40k,forex_sgd,02 September 2026 05:22:13 PM,02 September 2026 05:22:13 PM,2026-09-02T16:43:51.920092+00:00,0.0809,0.0769,,0.0789,,,
standardized,uob,ZAR,SGD,ZAR/SGD,1,Indicative board,board,"SGD 40,000 – 100,000",std_40k_100k,forex_sgd,02 September 2026 05:22:13 PM,02 September 2026 05:22:13 PM,2026-09-02T16:43:51.920092+00:00,0.0809,0.0769,,0.0789,,,
standardized,uob,ZAR,SGD,ZAR/SGD,1,Indicative board,board,SGD 50 – 200,std_50_200,forex_sgd,02 September 2026 05:22:13 PM,02 September 2026 05:22:13 PM,2026-09-02T16:43:51.920092+00:00,0.0809,0.0769,,0.0789,,,
standardized,uob,ZAR,SGD,ZAR/SGD,1,Indicative board,board,SGD < 50,std_lt_50,forex_sgd,02 September 2026 05:22:13 PM,02 September 2026 05:22:13 PM,2026-09-02T16:43:51.920092+00:00,0.0809,0.0769,,0.0789,,,
