record_type,bank,base_currency,quote_currency,currency_pair,unit,transaction_value,amount_tier,std_transaction_value,std_amount_tier,group,effective_date,last_updated,scraped_at,tt_od_sell,tt_buy,mid_rate,bank_mid_rate,mid_source,sell_margin_pct,buy_margin_pct
native,dbs,AED,SGD,AED/SGD,1,SGD 50 – 200,amtBtw50And200,,,mainCurrencies,2026-09-12 00:30:00,2026-09-11 16:30:15,2026-09-11T16:38:43.616126+00:00,0.3474,0.3427,0.3454,0.34504999999999997,MAS,0.5790387955993057,0.7817023740590562
native,dbs,AED,SGD,AED/SGD,1,SGD < 50,amtLessThan50,,,mainCurrencies,2026-09-12 00:30:00,2026-09-11 16:30:15,2026-09-11T16:38:43.616126+00:00,0.3502,0.3399,0.3454,0.34504999999999997,MAS,1.3896931094383402,1.5923566878980906
native,dbs,AUD,SGD,AUD/SGD,1,SGD 50 – 200,amtBtw50And200,,,mainCurrencies,2026-09-12 00:30:00,2026-09-11 16:30:15,2026-09-11T16:38:43.616126+00:00,0.9194,0.8993,0.9076000000000001,0.90935,MAS,1.3001322168356015,0.9144997796386165
native,dbs,AUD,SGD,AUD/SGD,1,SGD < 50,amtLessThan50,,,mainCurrencies,2026-09-12 00:30:00,2026-09-11 16:30:15,2026-09-11T16:38:43.616126+00:00,0.9199,0.8989,0.9076000000000001,0.9094,MAS,1.355222565006608,0.9585720581754121
native,dbs,BDT,SGD,BDT/SGD,100,SGD 50 – 200,amtBtw50And200,,,otherCurrencies,2026-09-12 00:30:00,2026-09-11 16:30:15,2026-09-11T16:38:43.616126+00:00,1.039,,,,,,
native,dbs,BDT,SGD,BDT/SGD,100,SGD < 50,amtLessThan50,,,otherCurrencies,2026-09-12 00:30:00,2026-09-11 16:30:15,2026-09-11T16:38:43.616126+00:00,1.039,,,,,,
native,dbs,BHD,SGD,BHD/SGD,1,SGD 50 – 200,amtBtw50And200,,,otherCurrencies,2026-09-12 00:30:00,2026-09-11 16:30:15,2026-09-11T16:38:43.616126+00:00,3.4245,,,,,,
native,dbs,BHD,SGD,BHD/SGD,1,SGD < 50,amtLessThan50,,,otherCurrencies,2026-09-12 00:30:00,2026-09-11 16:30:15,2026-09-11T16:38:43.616126+00:00,3.4379,,,,,,
native,dbs,BND,SGD,BND/SGD,1,SGD 50 – 200,amtBtw50And200,,,otherCurrencies,2026-09-12 00:30:00,2026-09-11 16:30:15,2026-09-11T16:38:43.616126+00:00,1.0,1.0,,1.0,,,
native,dbs,BND,SGD,BND/SGD,1,SGD < 50,amtLessThan50,,,otherCurrencies,2026-09-12 00:30:00,2026-09-11 16:30:15,2026-09-11T16:38:43.616126+00:00,1.0,1.0,,1.0,,,
native,dbs,CAD,SGD,CAD/SGD,1,SGD 50 – 200,amtBtw50And200,,,mainCurrencies,2026-09-12 00:30:00,2026-09-11 16:30:15,2026-09-11T16:38:43.616126+00:00,0.921,0.9071,0.9163,0.91405,MAS,0.5129324457055591,1.0040379788278933
native,dbs,CAD,SGD,CAD/SGD,1,SGD < 50,amtLessThan50,,,mainCurrencies,2026-09-12 00:30:00,2026-09-11 16:30:15,2026-09-11T16:38:43.616126+00:00,0.9242,0.904,0.9163,0.9141,MAS,0.8621630470369986,1.3423551238677265
native,dbs,CHF,SGD,CHF/SGD,1,SGD 50 – 200,amtBtw50And200,,,mainCurrencies,2026-09-12 00:30:00,2026-09-11 16:30:15,2026-09-11T16:38:43.616126+00:00,1.5679,1.5381,1.5585,1.553,MAS,0.6031440487648427,1.3089509143407105
native,dbs,CHF,SGD,CHF/SGD,1,SGD < 50,amtLessThan50,,,mainCurrencies,2026-09-12 00:30:00,2026-09-11 16:30:15,2026-09-11T16:38:43.616126+00:00,1.5688,1.5374,1.5585,1.5531000000000001,MAS,0.6608918832210443,1.353865896695534
native,dbs,CNH,SGD,CNH/SGD,1,SGD 50 – 200,amtBtw50And200,,,mainCurrencies,2026-09-12 00:30:00,2026-09-11 16:30:15,2026-09-11T16:38:43.616126+00:00,0.191,0.1867,,0.18885000000000002,,,
native,dbs,CNH,SGD,CNH/SGD,1,SGD < 50,amtLessThan50,,,mainCurrencies,2026-09-12 00:30:00,2026-09-11 16:30:15,2026-09-11T16:38:43.616126+00:00,0.1917,0.186,,0.18885000000000002,,,
native,dbs,CNY,SGD,CNY/SGD,1,SGD 50 – 200,amtBtw50And200,,,otherCurrencies,2026-09-12 00:30:00,2026-09-11 16:30:15,2026-09-11T16:38:43.616126+00:00,0.1889,,0.18899999999999997,,MAS,-0.0529100529100324,
native,dbs,CNY,SGD,CNY/SGD,1,SGD < 50,amtLessThan50,,,otherCurrencies,2026-09-12 00:30:00,2026-09-11 16:30:15,2026-09-11T16:38:43.616126+00:00,0.1905,,0.18899999999999997,,MAS,0.7936507936508093,
native,dbs,DKK,SGD,DKK/SGD,1,SGD 50 – 200,amtBtw50And200,,,mainCurrencies,2026-09-12 00:30:00,2026-09-11 16:30:15,2026-09-11T16:38:43.616126+00:00,0.1994,0.194,,0.19669999999999999,,,
native,dbs,DKK,SGD,DKK/SGD,1,SGD < 50,amtLessThan50,,,mainCurrencies,2026-09-12 00:30:00,2026-09-11 16:30:15,2026-09-11T16:38:43.616126+00:00,0.1998,0.1936,,0.19669999999999999,,,
native,dbs,EUR,SGD,EUR/SGD,1,SGD 50 – 200,amtBtw50And200,,,mainCurrencies,2026-09-12 00:30:00,2026-09-11 16:30:15,2026-09-11T16:38:43.616126+00:00,1.4831,1.4579,1.4716,1.4705,MAS,0.7814623539005208,0.9309594998640967
native,dbs,EUR,SGD,EUR/SGD,1,SGD < 50,amtLessThan50,,,mainCurrencies,2026-09-12 00:30:00,2026-09-11 16:30:15,2026-09-11T16:38:43.616126+00:00,1.4839,1.4572,1.4716,1.47055,MAS,0.8358249524327248,0.9785267735797749
native,dbs,GBP,SGD,GBP/SGD,1,SGD 50 – 200,amtBtw50And200,,,mainCurrencies,2026-09-12 00:30:00,2026-09-11 16:30:15,2026-09-11T16:38:43.616126+00:00,1.7267,1.7008,1.7123,1.71375,MAS,0.8409741283653547,0.6716112830695464
native,dbs,GBP,SGD,GBP/SGD,1,SGD < 50,amtLessThan50,,,mainCurrencies,2026-09-12 00:30:00,2026-09-11 16:30:15,2026-09-11T16:38:43.616126+00:00,1.7285,1.6991,1.7123,1.7138,MAS,0.9460958944110257,0.7708929510015697
native,dbs,HKD,SGD,HKD/SGD,1,SGD 50 – 200,amtBtw50And200,,,mainCurrencies,2026-09-12 00:30:00,2026-09-11 16:30:15,2026-09-11T16:38:43.616126+00:00,0.1632,0.1599,0.1618,0.16155,MAS,0.8652657601977827,1.1742892459827026
native,dbs,HKD,SGD,HKD/SGD,1,SGD < 50,amtLessThan50,,,mainCurrencies,2026-09-12 00:30:00,2026-09-11 16:30:15,2026-09-11T16:38:43.616126+00:00,0.1633,0.1597,0.1618,0.1615,MAS,0.9270704573547598,1.2978986402966568
native,dbs,HUF,SGD,HUF/SGD,100,SGD 50 – 200,amtBtw50And200,,,otherCurrencies,2026-09-12 00:30:00,2026-09-11 16:30:15,2026-09-11T16:38:43.616126+00:00,0.4106,,,,,,
native,dbs,HUF,SGD,HUF/SGD,100,SGD < 50,amtLessThan50,,,otherCurrencies,2026-09-12 00:30:00,2026-09-11 16:30:15,2026-09-11T16:38:43.616126+00:00,0.4122,,,,,,
native,dbs,ID0,SGD,ID0/SGD,100,SGD 50 – 200,amtBtw50And200,,,otherCurrencies,2026-09-12 00:30:00,2026-09-11 16:30:15,2026-09-11T16:38:43.616126+00:00,,,,,,,
native,dbs,ID0,SGD,ID0/SGD,100,SGD < 50,amtLessThan50,,,otherCurrencies,2026-09-12 00:30:00,2026-09-11 16:30:15,2026-09-11T16:38:43.616126+00:00,,0.0072,,,,,
native,dbs,IDR,SGD,IDR/SGD,100,SGD 50 – 200,amtBtw50And200,,,mainCurrencies,2026-09-12 00:30:00,2026-09-11 16:30:15,2026-09-11T16:38:43.616126+00:00,0.0074,,0.0071979999999999995,,MAS,2.8063350930814224,
native,dbs,IDR,SGD,IDR/SGD,100,SGD < 50,amtLessThan50,,,mainCurrencies,2026-09-12 00:30:00,2026-09-11 16:30:15,2026-09-11T16:38:43.616126+00:00,0.0074,,0.0071979999999999995,,MAS,2.8063350930814224,
native,dbs,IN0,SGD,IN0/SGD,100,SGD 50 – 200,amtBtw50And200,,,otherCurrencies,2026-09-12 00:30:00,2026-09-11 16:30:15,2026-09-11T16:38:43.616126+00:00,,1.3227,,,,,
native,dbs,IN0,SGD,IN0/SGD,100,SGD < 50,amtLessThan50,,,otherCurrencies,2026-09-12 00:30:00,2026-09-11 16:30:15,2026-09-11T16:38:43.616126+00:00,,1.3227,,,,,
native,dbs,INR,SGD,INR/SGD,100,SGD 50 – 200,amtBtw50And200,,,otherCurrencies,2026-09-12 00:30:00,2026-09-11 16:30:15,2026-09-11T16:38:43.616126+00:00,1.3397,,1.3251,,MAS,1.1018036374613196,
native,dbs,INR,SGD,INR/SGD,100,SGD < 50,amtLessThan50,,,otherCurrencies,2026-09-12 00:30:00,2026-09-11 16:30:15,2026-09-11T16:38:43.616126+00:00,1.3502,,1.3251,,MAS,1.8941966644026957,
native,dbs,JPY,SGD,JPY/SGD,100,SGD 50 – 200,amtBtw50And200,,,mainCurrencies,2026-09-12 00:30:00,2026-09-11 16:30:15,2026-09-11T16:38:43.616126+00:00,0.8326,0.816,0.8215,0.8243,MAS,1.3511868533171025,0.6695069993913646
native,dbs,JPY,SGD,JPY/SGD,100,SGD < 50,amtLessThan50,,,mainCurrencies,2026-09-12 00:30:00,2026-09-11 16:30:15,2026-09-11T16:38:43.616126+00:00,0.8336,0.8152,0.8215,0.8244,MAS,1.472915398660986,0.7668898356664604
native,dbs,KRW,SGD,KRW/SGD,100,SGD 50 – 200,amtBtw50And200,,,otherCurrencies,2026-09-12 00:30:00,2026-09-11 16:30:15,2026-09-11T16:38:43.616126+00:00,0.0958,,0.0943,,MAS,1.590668080593851,
native,dbs,KRW,SGD,KRW/SGD,100,SGD < 50,amtLessThan50,,,otherCurrencies,2026-09-12 00:30:00,2026-09-11 16:30:15,2026-09-11T16:38:43.616126+00:00,0.0958,,0.0943,,MAS,1.590668080593851,
native,dbs,KWD,SGD,KWD/SGD,100,SGD 50 – 200,amtBtw50And200,,,otherCurrencies,2026-09-12 00:30:00,2026-09-11 16:30:15,2026-09-11T16:38:43.616126+00:00,420.9719,,,,,,
native,dbs,KWD,SGD,KWD/SGD,100,SGD < 50,amtLessThan50,,,otherCurrencies,2026-09-12 00:30:00,2026-09-11 16:30:15,2026-09-11T16:38:43.616126+00:00,422.622,,,,,,
native,dbs,LKR,SGD,LKR/SGD,100,SGD 50 – 200,amtBtw50And200,,,otherCurrencies,2026-09-12 00:30:00,2026-09-11 16:30:15,2026-09-11T16:38:43.616126+00:00,0.3931,,,,,,
native,dbs,LKR,SGD,LKR/SGD,100,SGD < 50,amtLessThan50,,,otherCurrencies,2026-09-12 00:30:00,2026-09-11 16:30:15,2026-09-11T16:38:43.616126+00:00,0.393,,,,,,
native,dbs,MM1,SGD,MM1/SGD,100,SGD 50 – 200,amtBtw50And200,,,otherCurrencies,2026-09-12 00:30:00,2026-09-11 16:30:15,2026-09-11T16:38:43.616126+00:00,,,,,,,
native,dbs,MM1,SGD,MM1/SGD,100,SGD < 50,amtLessThan50,,,otherCurrencies,2026-09-12 00:30:00,2026-09-11 16:30:15,2026-09-11T16:38:43.616126+00:00,,,,,,,
native,dbs,MMK,SGD,MMK/SGD,100,SGD 50 – 200,amtBtw50And200,,,otherCurrencies,2026-09-12 00:30:00,2026-09-11 16:30:15,2026-09-11T16:38:43.616126+00:00,0.0322,,,,,,
native,dbs,MMK,SGD,MMK/SGD,100,SGD < 50,amtLessThan50,,,otherCurrencies,2026-09-12 00:30:00,2026-09-11 16:30:15,2026-09-11T16:38:43.616126+00:00,0.0322,,,,,,
native,dbs,MUR,SGD,MUR/SGD,100,SGD 50 – 200,amtBtw50And200,,,otherCurrencies,2026-09-12 00:30:00,2026-09-11 16:30:15,2026-09-11T16:38:43.616126+00:00,2.6804,,,,,,
native,dbs,MUR,SGD,MUR/SGD,100,SGD < 50,amtLessThan50,,,otherCurrencies,2026-09-12 00:30:00,2026-09-11 16:30:15,2026-09-11T16:38:43.616126+00:00,2.6908,,,,,,
native,dbs,MXN,SGD,MXN/SGD,100,SGD 50 – 200,amtBtw50And200,,,mainCurrencies,2026-09-12 00:30:00,2026-09-11 16:30:15,2026-09-11T16:38:43.616126+00:00,7.576,,,,,,
native,dbs,MXN,SGD,MXN/SGD,100,SGD < 50,amtLessThan50,,,mainCurrencies,2026-09-12 00:30:00,2026-09-11 16:30:15,2026-09-11T16:38:43.616126+00:00,7.5738,,,,,,
native,dbs,MY0,SGD,MY0/SGD,1,SGD 50 – 200,amtBtw50And200,,,otherCurrencies,2026-09-12 00:30:00,2026-09-11 16:30:15,2026-09-11T16:38:43.616126+00:00,,0.3108,,,,,
native,dbs,MY0,SGD,MY0/SGD,1,SGD < 50,amtLessThan50,,,otherCurrencies,2026-09-12 00:30:00,2026-09-11 16:30:15,2026-09-11T16:38:43.616126+00:00,,0.3108,,,,,
native,dbs,MYR,SGD,MYR/SGD,1,SGD 50 – 200,amtBtw50And200,,,otherCurrencies,2026-09-12 00:30:00,2026-09-11 16:30:15,2026-09-11T16:38:43.616126+00:00,0.3148,,0.31120000000000003,,MAS,1.156812339331617,
native,dbs,MYR,SGD,MYR/SGD,1,SGD < 50,amtLessThan50,,,otherCurrencies,2026-09-12 00:30:00,2026-09-11 16:30:15,2026-09-11T16:38:43.616126+00:00,0.3148,,0.31120000000000003,,MAS,1.156812339331617,
native,dbs,NOK,SGD,NOK/SGD,1,SGD 50 – 200,amtBtw50And200,,,mainCurrencies,2026-09-12 00:30:00,2026-09-11 16:30:15,2026-09-11T16:38:43.616126+00:00,0.1384,0.1345,,0.13645000000000002,,,
native,dbs,NOK,SGD,NOK/SGD,1,SGD < 50,amtLessThan50,,,mainCurrencies,2026-09-12 00:30:00,2026-09-11 16:30:15,2026-09-11T16:38:43.616126+00:00,0.1388,0.1341,,0.13645000000000002,,,
native,dbs,NZD,SGD,NZD/SGD,1,SGD 50 – 200,amtBtw50And200,,,mainCurrencies,2026-09-12 00:30:00,2026-09-11 16:30:15,2026-09-11T16:38:43.616126+00:00,0.7457,0.7285,0.7387,0.7371000000000001,MAS,0.9476106673886566,1.3808041153377537
native,dbs,NZD,SGD,NZD/SGD,1,SGD < 50,amtLessThan50,,,mainCurrencies,2026-09-12 00:30:00,2026-09-11 16:30:15,2026-09-11T16:38:43.616126+00:00,0.7465,0.7278,0.7387,0.73715,MAS,1.0559090293759348,1.4755651820766238
native,dbs,OMR,SGD,OMR/SGD,1,SGD 50 – 200,amtBtw50And200,,,otherCurrencies,2026-09-12 00:30:00,2026-09-11 16:30:15,2026-09-11T16:38:43.616126+00:00,3.3133,,,,,,
native,dbs,OMR,SGD,OMR/SGD,1,SGD < 50,amtLessThan50,,,otherCurrencies,2026-09-12 00:30:00,2026-09-11 16:30:15,2026-09-11T16:38:43.616126+00:00,3.3132,,,,,,
native,dbs,PH0,SGD,PH0/SGD,100,SGD 50 – 200,amtBtw50And200,,,otherCurrencies,2026-09-12 00:30:00,2026-09-11 16:30:15,2026-09-11T16:38:43.616126+00:00,,2.0175,,,,,
native,dbs,PH0,SGD,PH0/SGD,100,SGD < 50,amtLessThan50,,,otherCurrencies,2026-09-12 00:30:00,2026-09-11 16:30:15,2026-09-11T16:38:43.616126+00:00,,2.0175,,,,,
native,dbs,PHP,SGD,PHP/SGD,100,SGD 50 – 200,amtBtw50And200,,,otherCurrencies,2026-09-12 00:30:00,2026-09-11 16:30:15,2026-09-11T16:38:43.616126+00:00,2.0444,,2.0222,,MAS,1.0978142616951723,
native,dbs,PHP,SGD,PHP/SGD,100,SGD < 50,amtLessThan50,,,otherCurrencies,2026-09-12 00:30:00,2026-09-11 16:30:15,2026-09-11T16:38:43.616126+00:00,2.0596,,2.0222,,MAS,1.849470873306294,
native,dbs,PLN,SGD,PLN/SGD,1,SGD 50 – 200,amtBtw50And200,,,otherCurrencies,2026-09-12 00:30:00,2026-09-11 16:30:15,2026-09-11T16:38:43.616126+00:00,0.3467,,,,,,
native,dbs,PLN,SGD,PLN/SGD,1,SGD < 50,amtLessThan50,,,otherCurrencies,2026-09-12 00:30:00,2026-09-11 16:30:15,2026-09-11T16:38:43.616126+00:00,0.348,,,,,,
native,dbs,QAR,SGD,QAR/SGD,1,SGD 50 – 200,amtBtw50And200,,,otherCurrencies,2026-09-12 00:30:00,2026-09-11 16:30:15,2026-09-11T16:38:43.616126+00:00,0.3554,,0.348,,MAS,2.1264367816092005,
native,dbs,QAR,SGD,QAR/SGD,1,SGD < 50,amtLessThan50,,,otherCurrencies,2026-09-12 00:30:00,2026-09-11 16:30:15,2026-09-11T16:38:43.616126+00:00,0.3568,,0.348,,MAS,2.5287356321839165,
native,dbs,RUB,SGD,RUB/SGD,100,SGD 50 – 200,amtBtw50And200,,,mainCurrencies,2026-09-12 00:30:00,2026-09-11 16:30:15,2026-09-11T16:38:43.616126+00:00,,,,,,,
native,dbs,RUB,SGD,RUB/SGD,100,SGD < 50,amtLessThan50,,,mainCurrencies,2026-09-12 00:30:00,2026-09-11 16:30:15,2026-09-11T16:38:43.616126+00:00,,,,,,,
native,dbs,SAR,SGD,SAR/SGD,100,SGD 50 – 200,amtBtw50And200,,,otherCurrencies,2026-09-12 00:30:00,2026-09-11 16:30:15,2026-09-11T16:38:43.616126+00:00,34.169,,33.78,,MAS,1.1515689757252687,
native,dbs,SAR,SGD,SAR/SGD,100,SGD < 50,amtLessThan50,,,otherCurrencies,2026-09-12 00:30:00,2026-09-11 16:30:15,2026-09-11T16:38:43.616126+00:00,34.168,,33.78,,MAS,1.1486086441681413,
native,dbs,SEK,SGD,SEK/SGD,1,SGD 50 – 200,amtBtw50And200,,,mainCurrencies,2026-09-12 00:30:00,2026-09-11 16:30:15,2026-09-11T16:38:43.616126+00:00,0.1324,0.1289,,0.13065,,,
native,dbs,SEK,SGD,SEK/SGD,1,SGD < 50,amtLessThan50,,,mainCurrencies,2026-09-12 00:30:00,2026-09-11 16:30:15,2026-09-11T16:38:43.616126+00:00,0.1329,0.1284,,0.13065,,,
native,dbs,THB,SGD,THB/SGD,100,SGD 50 – 200,amtBtw50And200,,,mainCurrencies,2026-09-12 00:30:00,2026-09-11 16:30:15,2026-09-11T16:38:43.616126+00:00,3.8976,3.7824,3.8240999999999996,3.84,MAS,1.9220208676551493,1.090452655526781
native,dbs,THB,SGD,THB/SGD,100,SGD < 50,amtLessThan50,,,mainCurrencies,2026-09-12 00:30:00,2026-09-11 16:30:15,2026-09-11T16:38:43.616126+00:00,3.9024,3.7787,3.8240999999999996,3.8405500000000004,MAS,2.0475405977877275,1.1872074475039733
native,dbs,TND,SGD,TND/SGD,1,SGD 50 – 200,amtBtw50And200,,,otherCurrencies,2026-09-12 00:30:00,2026-09-11 16:30:15,2026-09-11T16:38:43.616126+00:00,0.4485,,,,,,
native,dbs,TND,SGD,TND/SGD,1,SGD < 50,amtLessThan50,,,otherCurrencies,2026-09-12 00:30:00,2026-09-11 16:30:15,2026-09-11T16:38:43.616126+00:00,0.4484,,,,,,
native,dbs,TWD,SGD,TWD/SGD,100,SGD 50 – 200,amtBtw50And200,,,otherCurrencies,2026-09-12 00:30:00,2026-09-11 16:30:15,2026-09-11T16:38:43.616126+00:00,4.054,,4.0093,,MAS,1.1149078392737044,
native,dbs,TWD,SGD,TWD/SGD,100,SGD < 50,amtLessThan50,,,otherCurrencies,2026-09-12 00:30:00,2026-09-11 16:30:15,2026-09-11T16:38:43.616126+00:00,4.0578,,4.0093,,MAS,1.2096874766168821,
native,dbs,USD,SGD,USD/SGD,1,SGD 50 – 200,amtBtw50And200,,,mainCurrencies,2026-09-12 00:30:00,2026-09-11 16:30:15,2026-09-11T16:38:43.616126+00:00,1.278,1.2568,1.2685,1.2673999999999999,MAS,0.7489160425699696,0.9223492313756441
native,dbs,USD,SGD,USD/SGD,1,SGD < 50,amtLessThan50,,,mainCurrencies,2026-09-12 00:30:00,2026-09-11 16:30:15,2026-09-11T16:38:43.616126+00:00,1.2788,1.2559,1.2685,1.26735,MAS,0.8119826566811176,0.9932991722506855
native,dbs,VND,SGD,VND/SGD,100,SGD 50 – 200,amtBtw50And200,,,otherCurrencies,2026-09-12 00:30:00,2026-09-11 16:30:15,2026-09-11T16:38:43.616126+00:00,0.005,,0.004894,,MAS,2.1659174499387044,
native,dbs,VND,SGD,VND/SGD,100,SGD < 50,amtLessThan50,,,otherCurrencies,2026-09-12 00:30:00,2026-09-11 16:30:15,2026-09-11T16:38:43.616126+00:00,0.005,,0.004894,,MAS,2.1659174499387044,
native,dbs,XAU,SGD,XAU/SGD,1,SGD 50 – 200,amtBtw50And200,,,otherCurrencies,2026-09-12 00:30:00,2026-09-11 16:30:15,2026-09-11T16:38:43.616126+00:00,5550.15,5482.378,,5516.263999999999,,,
native,dbs,XAU,SGD,XAU/SGD,1,SGD < 50,amtLessThan50,,,otherCurrencies,2026-09-12 00:30:00,2026-09-11 16:30:15,2026-09-11T16:38:43.616126+00:00,5551.008,5483.312,,5517.16,,,
native,dbs,ZAR,SGD,ZAR/SGD,1,SGD 50 – 200,amtBtw50And200,,,otherCurrencies,2026-09-12 00:30:00,2026-09-11 16:30:15,2026-09-11T16:38:43.616126+00:00,0.0795,0.0775,,0.0785,,,
native,dbs,ZAR,SGD,ZAR/SGD,1,SGD < 50,amtLessThan50,,,otherCurrencies,2026-09-12 00:30:00,2026-09-11 16:30:15,2026-09-11T16:38:43.616126+00:00,0.0798,0.0772,,0.0785,,,
native,hsbc,AED,SGD,AED/SGD,100,Indicative board,board,,,indicative_fx,2026-9-11,2026-9-11,2026-09-11T16:38:50.121500+00:00,35.64,33.39,34.54,34.515,MAS,3.1847133757961825,3.329473074696001
native,hsbc,AUD,SGD,AUD/SGD,1,Indicative board,board,,,indicative_fx,2026-9-11,2026-9-11,2026-09-11T16:38:50.121500+00:00,0.9353,0.8806,0.9076000000000001,0.90795,MAS,3.0520052886734184,2.974878801234026
native,hsbc,CAD,SGD,CAD/SGD,1,Indicative board,board,,,indicative_fx,2026-9-11,2026-9-11,2026-09-11T16:38:50.121500+00:00,0.944,0.8887,0.9163,0.91635,MAS,3.0230273927752864,3.0121139364836798
native,hsbc,CHF,SGD,CHF/SGD,100,Indicative board,board,,,indicative_fx,2026-9-11,2026-9-11,2026-09-11T16:38:50.121500+00:00,160.65,151.26,155.85,155.95499999999998,MAS,3.079884504331095,2.945139557266605
native,hsbc,CNY,SGD,CNY/SGD,100,Indicative board,board,,,indicative_fx,2026-9-11,2026-9-11,2026-09-11T16:38:50.121500+00:00,19.5,18.27,18.9,18.884999999999998,MAS,3.174603174603182,3.3333333333333286
native,hsbc,DKK,SGD,DKK/SGD,100,Indicative board,board,,,indicative_fx,2026-9-11,2026-9-11,2026-09-11T16:38:50.121500+00:00,20.29,19.1,,19.695,,,
native,hsbc,EUR,SGD,EUR/SGD,1,Indicative board,board,,,indicative_fx,2026-9-11,2026-9-11,2026-09-11T16:38:50.121500+00:00,1.5167,1.428,1.4716,1.47235,MAS,3.064691492253324,2.962761620005442
native,hsbc,FJD,SGD,FJD/SGD,1,Indicative board,board,,,indicative_fx,2026-9-11,2026-9-11,2026-09-11T16:38:50.121500+00:00,0.5993,,,,,,
native,hsbc,GBP,SGD,GBP/SGD,1,Indicative board,board,,,indicative_fx,2026-9-11,2026-9-11,2026-09-11T16:38:50.121500+00:00,1.7648,1.6616,1.7123,1.7132,MAS,3.0660515096653618,2.9609297436196913
native,hsbc,HKD,SGD,HKD/SGD,100,Indicative board,board,,,indicative_fx,2026-9-11,2026-9-11,2026-09-11T16:38:50.121500+00:00,16.37,15.96,16.18,16.165,MAS,1.1742892459827026,1.3597033374536394
native,hsbc,IDR,SGD,IDR/SGD,100,Indicative board,board,,,indicative_fx,2026-9-11,2026-9-11,2026-09-11T16:38:50.121500+00:00,0.0075,,0.0071979999999999995,,MAS,4.195609891636569,
native,hsbc,INR,SGD,INR/SGD,100,Indicative board,board,,,indicative_fx,2026-9-11,2026-9-11,2026-09-11T16:38:50.121500+00:00,1.37,,1.3251,,MAS,3.3884235152064117,
native,hsbc,JPY,SGD,JPY/SGD,100,Indicative board,board,,,indicative_fx,2026-9-11,2026-9-11,2026-09-11T16:38:50.121500+00:00,0.8453,0.7959,0.8215,0.8206,MAS,2.897139379184424,3.1162507608034034
native,hsbc,LKR,SGD,LKR/SGD,100,Indicative board,board,,,indicative_fx,2026-9-11,2026-9-11,2026-09-11T16:38:50.121500+00:00,0.4,,,,,,
native,hsbc,MUR,SGD,MUR/SGD,100,Indicative board,board,,,indicative_fx,2026-9-11,2026-9-11,2026-09-11T16:38:50.121500+00:00,2.8,2.61,,2.705,,,
native,hsbc,NOK,SGD,NOK/SGD,100,Indicative board,board,,,indicative_fx,2026-9-11,2026-9-11,2026-09-11T16:38:50.121500+00:00,14.08,13.25,,13.665,,,
native,hsbc,NZD,SGD,NZD/SGD,1,Indicative board,board,,,indicative_fx,2026-9-11,2026-9-11,2026-09-11T16:38:50.121500+00:00,0.7587,0.7142,0.7387,0.73645,MAS,2.707459049681876,3.3166373358603054
native,hsbc,PHP,SGD,PHP/SGD,100,Indicative board,board,,,indicative_fx,2026-9-11,2026-9-11,2026-09-11T16:38:50.121500+00:00,2.09,,2.0222,,MAS,3.352784096528515,
native,hsbc,PKR,SGD,PKR/SGD,100,Indicative board,board,,,indicative_fx,2026-9-11,2026-9-11,2026-09-11T16:38:50.121500+00:00,0.47,,,,,,
native,hsbc,QAR,SGD,QAR/SGD,100,Indicative board,board,,,indicative_fx,2026-9-11,2026-9-11,2026-09-11T16:38:50.121500+00:00,35.22,34.34,34.8,34.78,MAS,1.206896551724143,1.3218390804597522
native,hsbc,RUB,SGD,RUB/SGD,100,Indicative board,board,,,indicative_fx,2026-9-11,2026-9-11,2026-09-11T16:38:50.121500+00:00,15.87,14.35,,15.11,,,
native,hsbc,SAR,SGD,SAR/SGD,100,Indicative board,board,,,indicative_fx,2026-9-11,2026-9-11,2026-09-11T16:38:50.121500+00:00,34.19,33.34,33.78,33.765,MAS,1.2137359384250934,1.3025458851391287
native,hsbc,SEK,SGD,SEK/SGD,100,Indicative board,board,,,indicative_fx,2026-9-11,2026-9-11,2026-09-11T16:38:50.121500+00:00,13.49,12.7,,13.094999999999999,,,
native,hsbc,THB,SGD,THB/SGD,100,Indicative board,board,,,indicative_fx,2026-9-11,2026-9-11,2026-09-11T16:38:50.121500+00:00,3.95,,3.8240999999999996,,MAS,3.2922779216024836,
native,hsbc,TRY,SGD,TRY/SGD,1,Indicative board,board,,,indicative_fx,2026-9-11,2026-9-11,2026-09-11T16:38:50.121500+00:00,0.0269,,,,,,
native,hsbc,USD,SGD,USD/SGD,1,Indicative board,board,,,indicative_fx,2026-9-11,2026-9-11,2026-09-11T16:38:50.121500+00:00,1.2933,1.2423,1.2685,1.2677999999999998,MAS,1.9550650374457972,2.0654316121403236
native,hsbc,ZAR,SGD,ZAR/SGD,1,Indicative board,board,,,indicative_fx,2026-9-11,2026-9-11,2026-09-11T16:38:50.121500+00:00,0.0809,0.0757,,0.07830000000000001,,,
native,ocbc,AED,SGD,AED/SGD,100,"SGD 0 – 39,999.99",tier_1,,,fxRatesSgd,2026-09-11T07:00:13,2026-09-11T07:00:13,2026-09-11T16:38:45.278251+00:00,35.4057,33.4031,34.54,34.4044,MAS,2.5063694267516037,3.2915460335842415
native,ocbc,AED,SGD,AED/SGD,100,"SGD 40,000 – 100,000",tier_2,,,fxRatesSgd,2026-09-11T07:00:13,2026-09-11T07:00:13,2026-09-11T16:38:45.278251+00:00,35.3952,33.4201,34.54,34.4044,MAS,2.4759698899826392,3.242327735958313
native,ocbc,AUD,SGD,AUD/SGD,1,"SGD 0 – 39,999.99",tier_1,,,fxRatesSgd,2026-09-11T07:00:13,2026-09-11T07:00:13,2026-09-11T16:38:45.278251+00:00,0.9253,0.8961,0.9076000000000001,0.9107,MAS,1.9501983252534085,1.2670780079330173
native,ocbc,AUD,SGD,AUD/SGD,1,"SGD 40,000 – 100,000",tier_2,,,fxRatesSgd,2026-09-11T07:00:13,2026-09-11T07:00:13,2026-09-11T16:38:45.278251+00:00,0.9235,0.8979,0.9076000000000001,0.9107,MAS,1.7518730718378044,1.068752754517413
native,ocbc,BGN,SGD,BGN/SGD,100,"SGD 0 – 39,999.99",tier_1,,,fxRatesSgd,2026-09-11T07:00:13,2026-09-11T07:00:13,2026-09-11T16:38:45.278251+00:00,0.0,0.0,,0.0,,,
native,ocbc,BGN,SGD,BGN/SGD,100,"SGD 40,000 – 100,000",tier_2,,,fxRatesSgd,2026-09-11T07:00:13,2026-09-11T07:00:13,2026-09-11T16:38:45.278251+00:00,0.0,0.0,,0.0,,,
native,ocbc,BHD,SGD,BHD/SGD,1,"SGD 0 – 39,999.99",tier_1,,,fxRatesSgd,2026-09-11T07:00:13,2026-09-11T07:00:13,2026-09-11T16:38:45.278251+00:00,0.0,0.0,,0.0,,,
native,ocbc,BHD,SGD,BHD/SGD,1,"SGD 40,000 – 100,000",tier_2,,,fxRatesSgd,2026-09-11T07:00:13,2026-09-11T07:00:13,2026-09-11T16:38:45.278251+00:00,0.0,0.0,,0.0,,,
native,ocbc,CAD,SGD,CAD/SGD,1,"SGD 0 – 39,999.99",tier_1,,,fxRatesSgd,2026-09-11T07:00:13,2026-09-11T07:00:13,2026-09-11T16:38:45.278251+00:00,0.9312,0.8982,0.9163,0.9147,MAS,1.6261049874495277,1.9753355887809674
native,ocbc,CAD,SGD,CAD/SGD,1,"SGD 40,000 – 100,000",tier_2,,,fxRatesSgd,2026-09-11T07:00:13,2026-09-11T07:00:13,2026-09-11T16:38:45.278251+00:00,0.9294,0.9,0.9163,0.9147,MAS,1.4296627742005894,1.7788933755320289
native,ocbc,CHF,SGD,CHF/SGD,100,"SGD 0 – 39,999.99",tier_1,,,fxRatesSgd,2026-09-11T07:00:13,2026-09-11T07:00:13,2026-09-11T16:38:45.278251+00:00,158.275,152.6575,155.85,155.4663,MAS,1.5559833172922757,2.048444016682705
native,ocbc,CHF,SGD,CHF/SGD,100,"SGD 40,000 – 100,000",tier_2,,,fxRatesSgd,2026-09-11T07:00:13,2026-09-11T07:00:13,2026-09-11T16:38:45.278251+00:00,157.964,152.9684,155.85,155.4663,MAS,1.3564324671158192,1.8489573307667577
native,ocbc,CNH,SGD,CNH/SGD,100,"SGD 0 – 39,999.99",tier_1,,,fxRatesSgd,2026-09-11T07:00:13,2026-09-11T07:00:13,2026-09-11T16:38:45.278251+00:00,19.2373,18.6691,,18.9532,,,
native,ocbc,CNH,SGD,CNH/SGD,100,"SGD 40,000 – 100,000",tier_2,,,fxRatesSgd,2026-09-11T07:00:13,2026-09-11T07:00:13,2026-09-11T16:38:45.278251+00:00,19.2184,18.688,,18.9532,,,
native,ocbc,CZK,SGD,CZK/SGD,100,"SGD 0 – 39,999.99",tier_1,,,fxRatesSgd,2026-09-11T07:00:13,2026-09-11T07:00:13,2026-09-11T16:38:45.278251+00:00,0.0,0.0,,0.0,,,
native,ocbc,CZK,SGD,CZK/SGD,100,"SGD 40,000 – 100,000",tier_2,,,fxRatesSgd,2026-09-11T07:00:13,2026-09-11T07:00:13,2026-09-11T16:38:45.278251+00:00,0.0,0.0,,0.0,,,
native,ocbc,DKK,SGD,DKK/SGD,100,"SGD 0 – 39,999.99",tier_1,,,fxRatesSgd,2026-09-11T07:00:13,2026-09-11T07:00:13,2026-09-11T16:38:45.278251+00:00,20.0156,19.3061,,19.6609,,,
native,ocbc,DKK,SGD,DKK/SGD,100,"SGD 40,000 – 100,000",tier_2,,,fxRatesSgd,2026-09-11T07:00:13,2026-09-11T07:00:13,2026-09-11T16:38:45.278251+00:00,19.9764,19.3454,,19.6609,,,
native,ocbc,EUR,SGD,EUR/SGD,1,"SGD 0 – 39,999.99",tier_1,,,fxRatesSgd,2026-09-11T07:00:13,2026-09-11T07:00:13,2026-09-11T16:38:45.278251+00:00,1.4861,1.4497,1.4716,1.4679,MAS,0.9853220983963005,1.4881761348192464
native,ocbc,EUR,SGD,EUR/SGD,1,"SGD 40,000 – 100,000",tier_2,,,fxRatesSgd,2026-09-11T07:00:13,2026-09-11T07:00:13,2026-09-11T16:38:45.278251+00:00,1.4844,1.4516,1.4716,1.4679,MAS,0.8698015765153522,1.3590649633052472
native,ocbc,GBP,SGD,GBP/SGD,1,"SGD 0 – 39,999.99",tier_1,,,fxRatesSgd,2026-09-11T07:00:13,2026-09-11T07:00:13,2026-09-11T16:38:45.278251+00:00,1.7345,1.6886,1.7123,1.7116,MAS,1.2965017812299247,1.3841032529346395
native,ocbc,GBP,SGD,GBP/SGD,1,"SGD 40,000 – 100,000",tier_2,,,fxRatesSgd,2026-09-11T07:00:13,2026-09-11T07:00:13,2026-09-11T16:38:45.278251+00:00,1.7328,1.6907,1.7123,1.7116,MAS,1.1972201132979012,1.2614611925480257
native,ocbc,HKD,SGD,HKD/SGD,100,"SGD 0 – 39,999.99",tier_1,,,fxRatesSgd,2026-09-11T07:00:13,2026-09-11T07:00:13,2026-09-11T16:38:45.278251+00:00,16.3732,15.9778,16.18,16.1755,MAS,1.1940667490729353,1.2496909765142121
native,ocbc,HKD,SGD,HKD/SGD,100,"SGD 40,000 – 100,000",tier_2,,,fxRatesSgd,2026-09-11T07:00:13,2026-09-11T07:00:13,2026-09-11T16:38:45.278251+00:00,16.3441,15.9875,16.18,16.1755,MAS,1.014215080346114,1.1897404202719346
native,ocbc,HUF,SGD,HUF/SGD,100,"SGD 0 – 39,999.99",tier_1,,,fxRatesSgd,2026-09-11T07:00:13,2026-09-11T07:00:13,2026-09-11T16:38:45.278251+00:00,0.0,0.0,,0.0,,,
native,ocbc,HUF,SGD,HUF/SGD,100,"SGD 40,000 – 100,000",tier_2,,,fxRatesSgd,2026-09-11T07:00:13,2026-09-11T07:00:13,2026-09-11T16:38:45.278251+00:00,0.0,0.0,,0.0,,,
native,ocbc,IDR,SGD,IDR/SGD,100,"SGD 0 – 39,999.99",tier_1,,,fxRatesSgd,2026-09-11T07:00:13,2026-09-11T07:00:13,2026-09-11T16:38:45.278251+00:00,0.0074,0.0,0.0071979999999999995,0.0074,MAS,2.8063350930814224,100.0
native,ocbc,IDR,SGD,IDR/SGD,100,"SGD 40,000 – 100,000",tier_2,,,fxRatesSgd,2026-09-11T07:00:13,2026-09-11T07:00:13,2026-09-11T16:38:45.278251+00:00,0.0074,0.0,0.0071979999999999995,0.0074,MAS,2.8063350930814224,100.0
native,ocbc,ILS,SGD,ILS/SGD,100,"SGD 0 – 39,999.99",tier_1,,,fxRatesSgd,2026-09-11T07:00:13,2026-09-11T07:00:13,2026-09-11T16:38:45.278251+00:00,0.0,0.0,,0.0,,,
native,ocbc,ILS,SGD,ILS/SGD,100,"SGD 40,000 – 100,000",tier_2,,,fxRatesSgd,2026-09-11T07:00:13,2026-09-11T07:00:13,2026-09-11T16:38:45.278251+00:00,0.0,0.0,,0.0,,,
native,ocbc,INR,SGD,INR/SGD,100,"SGD 0 – 39,999.99",tier_1,,,fxRatesSgd,2026-09-11T07:00:13,2026-09-11T07:00:13,2026-09-11T16:38:45.278251+00:00,1.3645,0.0,1.3251,1.3645,MAS,2.9733605010942648,100.0
native,ocbc,INR,SGD,INR/SGD,100,"SGD 40,000 – 100,000",tier_2,,,fxRatesSgd,2026-09-11T07:00:13,2026-09-11T07:00:13,2026-09-11T16:38:45.278251+00:00,1.3618,0.0,1.3251,1.3645,MAS,2.7696022941664746,100.0
native,ocbc,JOD,SGD,JOD/SGD,1,"SGD 0 – 39,999.99",tier_1,,,fxRatesSgd,2026-09-11T07:00:13,2026-09-11T07:00:13,2026-09-11T16:38:45.278251+00:00,0.0,0.0,,0.0,,,
native,ocbc,JOD,SGD,JOD/SGD,1,"SGD 40,000 – 100,000",tier_2,,,fxRatesSgd,2026-09-11T07:00:13,2026-09-11T07:00:13,2026-09-11T16:38:45.278251+00:00,0.0,0.0,,0.0,,,
native,ocbc,JPY,SGD,JPY/SGD,100,"SGD 0 – 39,999.99",tier_1,,,fxRatesSgd,2026-09-11T07:00:13,2026-09-11T07:00:13,2026-09-11T16:38:45.278251+00:00,0.8341,0.8136,0.8215,0.8239,MAS,1.5337796713329208,0.961655508216679
native,ocbc,JPY,SGD,JPY/SGD,100,"SGD 40,000 – 100,000",tier_2,,,fxRatesSgd,2026-09-11T07:00:13,2026-09-11T07:00:13,2026-09-11T16:38:45.278251+00:00,0.8333,0.815,0.8215,0.8239,MAS,1.436396835057825,0.7912355447352479
native,ocbc,KRW,SGD,KRW/SGD,100,"SGD 0 – 39,999.99",tier_1,,,fxRatesSgd,2026-09-11T07:00:13,2026-09-11T07:00:13,2026-09-11T16:38:45.278251+00:00,0.0,0.0,0.0943,0.0,MAS,-100.0,100.0
native,ocbc,KRW,SGD,KRW/SGD,100,"SGD 40,000 – 100,000",tier_2,,,fxRatesSgd,2026-09-11T07:00:13,2026-09-11T07:00:13,2026-09-11T16:38:45.278251+00:00,0.0,0.0,0.0943,0.0,MAS,-100.0,100.0
native,ocbc,LKR,SGD,LKR/SGD,100,"SGD 0 – 39,999.99",tier_1,,,fxRatesSgd,2026-09-11T07:00:13,2026-09-11T07:00:13,2026-09-11T16:38:45.278251+00:00,0.3977,0.0,,0.3977,,,
native,ocbc,LKR,SGD,LKR/SGD,100,"SGD 40,000 – 100,000",tier_2,,,fxRatesSgd,2026-09-11T07:00:13,2026-09-11T07:00:13,2026-09-11T16:38:45.278251+00:00,0.3969,0.0,,0.3977,,,
native,ocbc,MAD,SGD,MAD/SGD,100,"SGD 0 – 39,999.99",tier_1,,,fxRatesSgd,2026-09-11T07:00:13,2026-09-11T07:00:13,2026-09-11T16:38:45.278251+00:00,0.0,0.0,,0.0,,,
native,ocbc,MAD,SGD,MAD/SGD,100,"SGD 40,000 – 100,000",tier_2,,,fxRatesSgd,2026-09-11T07:00:13,2026-09-11T07:00:13,2026-09-11T16:38:45.278251+00:00,0.0,0.0,,0.0,,,
native,ocbc,MXN,SGD,MXN/SGD,100,"SGD 0 – 39,999.99",tier_1,,,fxRatesSgd,2026-09-11T07:00:13,2026-09-11T07:00:13,2026-09-11T16:38:45.278251+00:00,7.6952,0.0,,7.6952,,,
native,ocbc,MXN,SGD,MXN/SGD,100,"SGD 40,000 – 100,000",tier_2,,,fxRatesSgd,2026-09-11T07:00:13,2026-09-11T07:00:13,2026-09-11T16:38:45.278251+00:00,7.6937,0.0,,7.6952,,,
native,ocbc,MYR,SGD,MYR/SGD,100,"SGD 0 – 39,999.99",tier_1,,,fxRatesSgd,2026-09-11T07:00:13,2026-09-11T07:00:13,2026-09-11T16:38:45.278251+00:00,0.0,0.0,31.120000000000005,0.0,MAS,-100.0,100.0
native,ocbc,MYR,SGD,MYR/SGD,100,"SGD 40,000 – 100,000",tier_2,,,fxRatesSgd,2026-09-11T07:00:13,2026-09-11T07:00:13,2026-09-11T16:38:45.278251+00:00,0.0,0.0,31.120000000000005,0.0,MAS,-100.0,100.0
native,ocbc,NOK,SGD,NOK/SGD,100,"SGD 0 – 39,999.99",tier_1,,,fxRatesSgd,2026-09-11T07:00:13,2026-09-11T07:00:13,2026-09-11T16:38:45.278251+00:00,13.855,13.3613,,13.6082,,,
native,ocbc,NOK,SGD,NOK/SGD,100,"SGD 40,000 – 100,000",tier_2,,,fxRatesSgd,2026-09-11T07:00:13,2026-09-11T07:00:13,2026-09-11T16:38:45.278251+00:00,13.8278,13.3886,,13.6082,,,
native,ocbc,NZD,SGD,NZD/SGD,1,"SGD 0 – 39,999.99",tier_1,,,fxRatesSgd,2026-09-11T07:00:13,2026-09-11T07:00:13,2026-09-11T16:38:45.278251+00:00,0.753,0.7274,0.7387,0.7402,MAS,1.9358332205225366,1.5297143630702554
native,ocbc,NZD,SGD,NZD/SGD,1,"SGD 40,000 – 100,000",tier_2,,,fxRatesSgd,2026-09-11T07:00:13,2026-09-11T07:00:13,2026-09-11T16:38:45.278251+00:00,0.7512,0.7297,0.7387,0.7402,MAS,1.692161906051165,1.2183565723568441
native,ocbc,OMR,SGD,OMR/SGD,1,"SGD 0 – 39,999.99",tier_1,,,fxRatesSgd,2026-09-11T07:00:13,2026-09-11T07:00:13,2026-09-11T16:38:45.278251+00:00,0.0,0.0,,0.0,,,
native,ocbc,OMR,SGD,OMR/SGD,1,"SGD 40,000 – 100,000",tier_2,,,fxRatesSgd,2026-09-11T07:00:13,2026-09-11T07:00:13,2026-09-11T16:38:45.278251+00:00,0.0,0.0,,0.0,,,
native,ocbc,PHP,SGD,PHP/SGD,100,"SGD 0 – 39,999.99",tier_1,,,fxRatesSgd,2026-09-11T07:00:13,2026-09-11T07:00:13,2026-09-11T16:38:45.278251+00:00,2.0883,0.0,2.0222,2.0883,MAS,3.268717238650954,100.0
native,ocbc,PHP,SGD,PHP/SGD,100,"SGD 40,000 – 100,000",tier_2,,,fxRatesSgd,2026-09-11T07:00:13,2026-09-11T07:00:13,2026-09-11T16:38:45.278251+00:00,2.0873,0.0,2.0222,2.0883,MAS,3.2192661457818073,100.0
native,ocbc,PLN,SGD,PLN/SGD,100,"SGD 0 – 39,999.99",tier_1,,,fxRatesSgd,2026-09-11T07:00:13,2026-09-11T07:00:13,2026-09-11T16:38:45.278251+00:00,35.0746,32.8862,,33.9804,,,
native,ocbc,PLN,SGD,PLN/SGD,100,"SGD 40,000 – 100,000",tier_2,,,fxRatesSgd,2026-09-11T07:00:13,2026-09-11T07:00:13,2026-09-11T16:38:45.278251+00:00,35.0573,32.913,,33.9804,,,
native,ocbc,QAR,SGD,QAR/SGD,100,"SGD 0 – 39,999.99",tier_1,,,fxRatesSgd,2026-09-11T07:00:13,2026-09-11T07:00:13,2026-09-11T16:38:45.278251+00:00,35.7736,33.7295,34.8,34.7516,MAS,2.797701149425301,3.0761494252873436
native,ocbc,QAR,SGD,QAR/SGD,100,"SGD 40,000 – 100,000",tier_2,,,fxRatesSgd,2026-09-11T07:00:13,2026-09-11T07:00:13,2026-09-11T16:38:45.278251+00:00,35.7524,33.7467,34.8,34.7516,MAS,2.7367816091954147,3.0267241379310352
native,ocbc,RON,SGD,RON/SGD,100,"SGD 0 – 39,999.99",tier_1,,,fxRatesSgd,2026-09-11T07:00:13,2026-09-11T07:00:13,2026-09-11T16:38:45.278251+00:00,0.0,0.0,,0.0,,,
native,ocbc,RON,SGD,RON/SGD,100,"SGD 40,000 – 100,000",tier_2,,,fxRatesSgd,2026-09-11T07:00:13,2026-09-11T07:00:13,2026-09-11T16:38:45.278251+00:00,0.0,0.0,,0.0,,,
native,ocbc,RUB,SGD,RUB/SGD,100,"SGD 0 – 39,999.99",tier_1,,,fxRatesSgd,2026-09-11T07:00:13,2026-09-11T07:00:13,2026-09-11T16:38:45.278251+00:00,0.0,0.0,,0.0,,,
native,ocbc,RUB,SGD,RUB/SGD,100,"SGD 40,000 – 100,000",tier_2,,,fxRatesSgd,2026-09-11T07:00:13,2026-09-11T07:00:13,2026-09-11T16:38:45.278251+00:00,0.0,0.0,,0.0,,,
native,ocbc,SAR,SGD,SAR/SGD,100,"SGD 0 – 39,999.99",tier_1,,,fxRatesSgd,2026-09-11T07:00:13,2026-09-11T07:00:13,2026-09-11T16:38:45.278251+00:00,34.7045,32.7945,33.78,33.7495,MAS,2.7368265245707577,2.9174067495559557
native,ocbc,SAR,SGD,SAR/SGD,100,"SGD 40,000 – 100,000",tier_2,,,fxRatesSgd,2026-09-11T07:00:13,2026-09-11T07:00:13,2026-09-11T16:38:45.278251+00:00,34.6874,32.8111,33.78,33.7495,MAS,2.6862048549437403,2.8682652457075126
native,ocbc,SEK,SGD,SEK/SGD,100,"SGD 0 – 39,999.99",tier_1,,,fxRatesSgd,2026-09-11T07:00:13,2026-09-11T07:00:13,2026-09-11T16:38:45.278251+00:00,13.3161,12.842,,13.0791,,,
native,ocbc,SEK,SGD,SEK/SGD,100,"SGD 40,000 – 100,000",tier_2,,,fxRatesSgd,2026-09-11T07:00:13,2026-09-11T07:00:13,2026-09-11T16:38:45.278251+00:00,13.29,12.8682,,13.0791,,,
native,ocbc,THB,SGD,THB/SGD,100,"SGD 0 – 39,999.99",tier_1,,,fxRatesSgd,2026-09-11T07:00:13,2026-09-11T07:00:13,2026-09-11T16:38:45.278251+00:00,3.9439,3.7281,3.8240999999999996,3.836,MAS,3.1327632645589967,2.510394602651595
native,ocbc,THB,SGD,THB/SGD,100,"SGD 40,000 – 100,000",tier_2,,,fxRatesSgd,2026-09-11T07:00:13,2026-09-11T07:00:13,2026-09-11T16:38:45.278251+00:00,3.9362,3.7358,3.8240999999999996,3.836,MAS,2.931408697471309,2.3090400355639193
native,ocbc,TRY,SGD,TRY/SGD,100,"SGD 0 – 39,999.99",tier_1,,,fxRatesSgd,2026-09-11T07:00:13,2026-09-11T07:00:13,2026-09-11T16:38:45.278251+00:00,2.6812,2.5695,,2.6254,,,
native,ocbc,TRY,SGD,TRY/SGD,100,"SGD 40,000 – 100,000",tier_2,,,fxRatesSgd,2026-09-11T07:00:13,2026-09-11T07:00:13,2026-09-11T16:38:45.278251+00:00,2.6799,2.5698,,2.6254,,,
native,ocbc,TWD,SGD,TWD/SGD,100,"SGD 0 – 39,999.99",tier_1,,,fxRatesSgd,2026-09-11T07:00:13,2026-09-11T07:00:13,2026-09-11T16:38:45.278251+00:00,4.1672,0.0,4.0093,4.1672,MAS,3.9383433517072954,100.0
native,ocbc,TWD,SGD,TWD/SGD,100,"SGD 40,000 – 100,000",tier_2,,,fxRatesSgd,2026-09-11T07:00:13,2026-09-11T07:00:13,2026-09-11T16:38:45.278251+00:00,0.0,0.0,4.0093,4.1672,MAS,-100.0,100.0
native,ocbc,USD,SGD,USD/SGD,1,"SGD 0 – 39,999.99",tier_1,,,fxRatesSgd,2026-09-11T07:00:13,2026-09-11T07:00:13,2026-09-11T16:38:45.278251+00:00,1.2798,1.2557,1.2685,1.2678,MAS,0.89081592432007,1.0090658257784724
native,ocbc,USD,SGD,USD/SGD,1,"SGD 40,000 – 100,000",tier_2,,,fxRatesSgd,2026-09-11T07:00:13,2026-09-11T07:00:13,2026-09-11T16:38:45.278251+00:00,1.2785,1.2579,1.2685,1.2678,MAS,0.788332676389437,0.835632636972798
native,ocbc,ZAR,SGD,ZAR/SGD,100,"SGD 0 – 39,999.99",tier_1,,,fxRatesSgd,2026-09-11T07:00:13,2026-09-11T07:00:13,2026-09-11T16:38:45.278251+00:00,8.0875,7.6127,,7.8501,,,
native,ocbc,ZAR,SGD,ZAR/SGD,100,"SGD 40,000 – 100,000",tier_2,,,fxRatesSgd,2026-09-11T07:00:13,2026-09-11T07:00:13,2026-09-11T16:38:45.278251+00:00,8.0835,7.6166,,7.8501,,,
native,uob,AED,SGD,AED/SGD,100,Indicative board,board,,,forex_sgd,11 September 2026 05:11:20 PM,11 September 2026 05:11:20 PM,2026-09-11T16:38:49.267810+00:00,35.37,33.67,34.54,34.519999999999996,MAS,2.4030110017371116,2.5188187608569703
native,uob,AOA,SGD,AOA/SGD,100,Indicative board,board,,,forex_sgd,11 September 2026 05:11:20 PM,11 September 2026 05:11:20 PM,2026-09-11T16:38:49.267810+00:00,0.1425,,,,,,
native,uob,AUD,SGD,AUD/SGD,1,Indicative board,board,,,forex_sgd,11 September 2026 05:11:20 PM,11 September 2026 05:11:20 PM,2026-09-11T16:38:49.267810+00:00,0.9245,0.8935,0.9076000000000001,0.909,MAS,1.8620537681798055,1.5535478184222247
native,uob,BDT,SGD,BDT/SGD,100,Indicative board,board,,,forex_sgd,11 September 2026 05:11:20 PM,11 September 2026 05:11:20 PM,2026-09-11T16:38:49.267810+00:00,1.0573,,,,,,
native,uob,BND,SGD,BND/SGD,1,Indicative board,board,,,forex_sgd,11 September 2026 05:11:20 PM,11 September 2026 05:11:20 PM,2026-09-11T16:38:49.267810+00:00,1.0,1.0,,1.0,,,
native,uob,CAD,SGD,CAD/SGD,1,Indicative board,board,,,forex_sgd,11 September 2026 05:11:20 PM,11 September 2026 05:11:20 PM,2026-09-11T16:38:49.267810+00:00,0.9256,0.9056,0.9163,0.9156,MAS,1.0149514351194997,1.1677398232020126
native,uob,CHF,SGD,CHF/SGD,100,Indicative board,board,,,forex_sgd,11 September 2026 05:11:20 PM,11 September 2026 05:11:20 PM,2026-09-11T16:38:49.267810+00:00,157.38,154.08,155.85,155.73000000000002,MAS,0.9817131857555349,1.1357074109720768
native,uob,CNH,SGD,CNH/SGD,100,Indicative board,board,,,forex_sgd,11 September 2026 05:11:20 PM,11 September 2026 05:11:20 PM,2026-09-11T16:38:49.267810+00:00,19.13,18.67,,18.9,,,
native,uob,DKK,SGD,DKK/SGD,100,Indicative board,board,,,forex_sgd,11 September 2026 05:11:20 PM,11 September 2026 05:11:20 PM,2026-09-11T16:38:49.267810+00:00,20.03,19.33,,19.68,,,
native,uob,EGP,SGD,EGP/SGD,100,Indicative board,board,,,forex_sgd,11 September 2026 05:11:20 PM,11 September 2026 05:11:20 PM,2026-09-11T16:38:49.267810+00:00,2.5364,,,,,,
native,uob,EUR,SGD,EUR/SGD,1,Indicative board,board,,,forex_sgd,11 September 2026 05:11:20 PM,11 September 2026 05:11:20 PM,2026-09-11T16:38:49.267810+00:00,1.4896,1.4516,1.4716,1.4706000000000001,MAS,1.2231584669747224,1.3590649633052472
native,uob,GBP,SGD,GBP/SGD,1,Indicative board,board,,,forex_sgd,11 September 2026 05:11:20 PM,11 September 2026 05:11:20 PM,2026-09-11T16:38:49.267810+00:00,1.7352,1.6902,1.7123,1.7127,MAS,1.3373824680254711,1.290661683116277
native,uob,HKD,SGD,HKD/SGD,100,Indicative board,board,,,forex_sgd,11 September 2026 05:11:20 PM,11 September 2026 05:11:20 PM,2026-09-11T16:38:49.267810+00:00,16.349,15.991,16.18,16.17,MAS,1.0444993819530315,1.1681087762669966
native,uob,INR,SGD,INR/SGD,100,Indicative board,board,,,forex_sgd,11 September 2026 05:11:20 PM,11 September 2026 05:11:20 PM,2026-09-11T16:38:49.267810+00:00,1.3626,,1.3251,,MAS,2.82997509621916,
native,uob,JPY,SGD,JPY/SGD,100,Indicative board,board,,,forex_sgd,11 September 2026 05:11:20 PM,11 September 2026 05:11:20 PM,2026-09-11T16:38:49.267810+00:00,0.8397,0.8057,0.8215,0.8227,MAS,2.2154595252586726,1.923311016433358
native,uob,KRW,SGD,KRW/SGD,1000,Indicative board,board,,,forex_sgd,11 September 2026 05:11:20 PM,11 September 2026 05:11:20 PM,2026-09-11T16:38:49.267810+00:00,0.954,,0.943,,MAS,1.166489925768824,
native,uob,KWD,SGD,KWD/SGD,1,Indicative board,board,,,forex_sgd,11 September 2026 05:11:20 PM,11 September 2026 05:11:20 PM,2026-09-11T16:38:49.267810+00:00,4.1725,,,,,,
native,uob,LKR,SGD,LKR/SGD,100,Indicative board,board,,,forex_sgd,11 September 2026 05:11:20 PM,11 September 2026 05:11:20 PM,2026-09-11T16:38:49.267810+00:00,0.3923,,,,,,
native,uob,MXN,SGD,MXN/SGD,100,Indicative board,board,,,forex_sgd,11 September 2026 05:11:20 PM,11 September 2026 05:11:20 PM,2026-09-11T16:38:49.267810+00:00,7.5332,,,,,,
native,uob,MYR,SGD,MYR/SGD,100,Indicative board,board,,,forex_sgd,11 September 2026 05:11:20 PM,11 September 2026 05:11:20 PM,2026-09-11T16:38:49.267810+00:00,31.6256,,31.120000000000005,,MAS,1.6246786632390553,
native,uob,NOK,SGD,NOK/SGD,100,Indicative board,board,,,forex_sgd,11 September 2026 05:11:20 PM,11 September 2026 05:11:20 PM,2026-09-11T16:38:49.267810+00:00,13.86,13.42,,13.64,,,
native,uob,NZD,SGD,NZD/SGD,1,Indicative board,board,,,forex_sgd,11 September 2026 05:11:20 PM,11 September 2026 05:11:20 PM,2026-09-11T16:38:49.267810+00:00,0.7485,0.7285,0.7387,0.7385,MAS,1.3266549343441223,1.3808041153377537
native,uob,PHP,SGD,PHP/SGD,100,Indicative board,board,,,forex_sgd,11 September 2026 05:11:20 PM,11 September 2026 05:11:20 PM,2026-09-11T16:38:49.267810+00:00,2.0707,,2.0222,,MAS,2.39837800415388,
native,uob,PKR,SGD,PKR/SGD,100,Indicative board,board,,,forex_sgd,11 September 2026 05:11:20 PM,11 September 2026 05:11:20 PM,2026-09-11T16:38:49.267810+00:00,0.4632,,,,,,
native,uob,SAR,SGD,SAR/SGD,100,Indicative board,board,,,forex_sgd,11 September 2026 05:11:20 PM,11 September 2026 05:11:20 PM,2026-09-11T16:38:49.267810+00:00,,,33.78,,MAS,,
native,uob,SEK,SGD,SEK/SGD,100,Indicative board,board,,,forex_sgd,11 September 2026 05:11:20 PM,11 September 2026 05:11:20 PM,2026-09-11T16:38:49.267810+00:00,13.33,12.85,,13.09,,,
native,uob,THB,SGD,THB/SGD,100,Indicative board,board,,,forex_sgd,11 September 2026 05:11:20 PM,11 September 2026 05:11:20 PM,2026-09-11T16:38:49.267810+00:00,3.94,3.74,3.8240999999999996,3.84,MAS,3.030778483826269,2.1992102716979005
native,uob,TWD,SGD,TWD/SGD,100,Indicative board,board,,,forex_sgd,11 September 2026 05:11:20 PM,11 September 2026 05:11:20 PM,2026-09-11T16:38:49.267810+00:00,4.0922,,4.0093,,MAS,2.067692614670901,
native,uob,USD,SGD,USD/SGD,1,Indicative board,board,,,forex_sgd,11 September 2026 05:11:20 PM,11 September 2026 05:11:20 PM,2026-09-11T16:38:49.267810+00:00,1.2799,1.2559,1.2685,1.2679,MAS,0.8986992510839635,0.9932991722506855
native,uob,VND,SGD,VND/SGD,1000,Indicative board,board,,,forex_sgd,11 September 2026 05:11:20 PM,11 September 2026 05:11:20 PM,2026-09-11T16:38:49.267810+00:00,0.0501,,0.048940000000000004,,MAS,2.3702492848385663,
native,uob,XAF,SGD,XAF/SGD,100,Indicative board,board,,,forex_sgd,11 September 2026 05:11:20 PM,11 September 2026 05:11:20 PM,2026-09-11T16:38:49.267810+00:00,0.2304,,,,,,
native,uob,XOF,SGD,XOF/SGD,100,Indicative board,board,,,forex_sgd,11 September 2026 05:11:20 PM,11 September 2026 05:11:20 PM,2026-09-11T16:38:49.267810+00:00,0.232,,,,,,
native,uob,ZAR,SGD,ZAR/SGD,1,Indicative board,board,,,forex_sgd,11 September 2026 05:11:20 PM,11 September 2026 05:11:20 PM,2026-09-11T16:38:49.267810+00:00,0.0805,0.0765,,0.0785,,,
standardized,dbs,AED,SGD,AED/SGD,1,SGD 50 – 200,amtBtw50And200,"SGD 200 – 39,999.99",std_200_40k,mainCurrencies,2026-09-12 00:30:00,2026-09-11 16:30:15,2026-09-11T16:38:43.616126+00:00,0.3474,0.3427,0.3454,0.34504999999999997,MAS,0.5790387955993057,0.7817023740590562
standardized,dbs,AED,SGD,AED/SGD,1,SGD 50 – 200,amtBtw50And200,"SGD 40,000 – 100,000",std_40k_100k,mainCurrencies,2026-09-12 00:30:00,2026-09-11 16:30:15,2026-09-11T16:38:43.616126+00:00,0.3474,0.3427,0.3454,0.34504999999999997,MAS,0.5790387955993057,0.7817023740590562
standardized,dbs,AED,SGD,AED/SGD,1,SGD 50 – 200,amtBtw50And200,SGD 50 – 200,std_50_200,mainCurrencies,2026-09-12 00:30:00,2026-09-11 16:30:15,2026-09-11T16:38:43.616126+00:00,0.3474,0.3427,0.3454,0.34504999999999997,MAS,0.5790387955993057,0.7817023740590562
standardized,dbs,AED,SGD,AED/SGD,1,SGD < 50,amtLessThan50,SGD < 50,std_lt_50,mainCurrencies,2026-09-12 00:30:00,2026-09-11 16:30:15,2026-09-11T16:38:43.616126+00:00,0.3502,0.3399,0.3454,0.34504999999999997,MAS,1.3896931094383402,1.5923566878980906
standardized,dbs,AUD,SGD,AUD/SGD,1,SGD 50 – 200,amtBtw50And200,"SGD 200 – 39,999.99",std_200_40k,mainCurrencies,2026-09-12 00:30:00,2026-09-11 16:30:15,2026-09-11T16:38:43.616126+00:00,0.9194,0.8993,0.9076000000000001,0.90935,MAS,1.3001322168356015,0.9144997796386165
standardized,dbs,AUD,SGD,AUD/SGD,1,SGD 50 – 200,amtBtw50And200,"SGD 40,000 – 100,000",std_40k_100k,mainCurrencies,2026-09-12 00:30:00,2026-09-11 16:30:15,2026-09-11T16:38:43.616126+00:00,0.9194,0.8993,0.9076000000000001,0.90935,MAS,1.3001322168356015,0.9144997796386165
standardized,dbs,AUD,SGD,AUD/SGD,1,SGD 50 – 200,amtBtw50And200,SGD 50 – 200,std_50_200,mainCurrencies,2026-09-12 00:30:00,2026-09-11 16:30:15,2026-09-11T16:38:43.616126+00:00,0.9194,0.8993,0.9076000000000001,0.90935,MAS,1.3001322168356015,0.9144997796386165
standardized,dbs,AUD,SGD,AUD/SGD,1,SGD < 50,amtLessThan50,SGD < 50,std_lt_50,mainCurrencies,2026-09-12 00:30:00,2026-09-11 16:30:15,2026-09-11T16:38:43.616126+00:00,0.9199,0.8989,0.9076000000000001,0.9094,MAS,1.355222565006608,0.9585720581754121
standardized,dbs,BDT,SGD,BDT/SGD,100,SGD 50 – 200,amtBtw50And200,"SGD 200 – 39,999.99",std_200_40k,otherCurrencies,2026-09-12 00:30:00,2026-09-11 16:30:15,2026-09-11T16:38:43.616126+00:00,1.039,,,,,,
standardized,dbs,BDT,SGD,BDT/SGD,100,SGD 50 – 200,amtBtw50And200,"SGD 40,000 – 100,000",std_40k_100k,otherCurrencies,2026-09-12 00:30:00,2026-09-11 16:30:15,2026-09-11T16:38:43.616126+00:00,1.039,,,,,,
standardized,dbs,BDT,SGD,BDT/SGD,100,SGD 50 – 200,amtBtw50And200,SGD 50 – 200,std_50_200,otherCurrencies,2026-09-12 00:30:00,2026-09-11 16:30:15,2026-09-11T16:38:43.616126+00:00,1.039,,,,,,
standardized,dbs,BDT,SGD,BDT/SGD,100,SGD < 50,amtLessThan50,SGD < 50,std_lt_50,otherCurrencies,2026-09-12 00:30:00,2026-09-11 16:30:15,2026-09-11T16:38:43.616126+00:00,1.039,,,,,,
standardized,dbs,BHD,SGD,BHD/SGD,1,SGD 50 – 200,amtBtw50And200,"SGD 200 – 39,999.99",std_200_40k,otherCurrencies,2026-09-12 00:30:00,2026-09-11 16:30:15,2026-09-11T16:38:43.616126+00:00,3.4245,,,,,,
standardized,dbs,BHD,SGD,BHD/SGD,1,SGD 50 – 200,amtBtw50And200,"SGD 40,000 – 100,000",std_40k_100k,otherCurrencies,2026-09-12 00:30:00,2026-09-11 16:30:15,2026-09-11T16:38:43.616126+00:00,3.4245,,,,,,
standardized,dbs,BHD,SGD,BHD/SGD,1,SGD 50 – 200,amtBtw50And200,SGD 50 – 200,std_50_200,otherCurrencies,2026-09-12 00:30:00,2026-09-11 16:30:15,2026-09-11T16:38:43.616126+00:00,3.4245,,,,,,
standardized,dbs,BHD,SGD,BHD/SGD,1,SGD < 50,amtLessThan50,SGD < 50,std_lt_50,otherCurrencies,2026-09-12 00:30:00,2026-09-11 16:30:15,2026-09-11T16:38:43.616126+00:00,3.4379,,,,,,
standardized,dbs,BND,SGD,BND/SGD,1,SGD 50 – 200,amtBtw50And200,"SGD 200 – 39,999.99",std_200_40k,otherCurrencies,2026-09-12 00:30:00,2026-09-11 16:30:15,2026-09-11T16:38:43.616126+00:00,1.0,1.0,,1.0,,,
standardized,dbs,BND,SGD,BND/SGD,1,SGD 50 – 200,amtBtw50And200,"SGD 40,000 – 100,000",std_40k_100k,otherCurrencies,2026-09-12 00:30:00,2026-09-11 16:30:15,2026-09-11T16:38:43.616126+00:00,1.0,1.0,,1.0,,,
standardized,dbs,BND,SGD,BND/SGD,1,SGD 50 – 200,amtBtw50And200,SGD 50 – 200,std_50_200,otherCurrencies,2026-09-12 00:30:00,2026-09-11 16:30:15,2026-09-11T16:38:43.616126+00:00,1.0,1.0,,1.0,,,
standardized,dbs,BND,SGD,BND/SGD,1,SGD < 50,amtLessThan50,SGD < 50,std_lt_50,otherCurrencies,2026-09-12 00:30:00,2026-09-11 16:30:15,2026-09-11T16:38:43.616126+00:00,1.0,1.0,,1.0,,,
standardized,dbs,CAD,SGD,CAD/SGD,1,SGD 50 – 200,amtBtw50And200,"SGD 200 – 39,999.99",std_200_40k,mainCurrencies,2026-09-12 00:30:00,2026-09-11 16:30:15,2026-09-11T16:38:43.616126+00:00,0.921,0.9071,0.9163,0.91405,MAS,0.5129324457055591,1.0040379788278933
standardized,dbs,CAD,SGD,CAD/SGD,1,SGD 50 – 200,amtBtw50And200,"SGD 40,000 – 100,000",std_40k_100k,mainCurrencies,2026-09-12 00:30:00,2026-09-11 16:30:15,2026-09-11T16:38:43.616126+00:00,0.921,0.9071,0.9163,0.91405,MAS,0.5129324457055591,1.0040379788278933
standardized,dbs,CAD,SGD,CAD/SGD,1,SGD 50 – 200,amtBtw50And200,SGD 50 – 200,std_50_200,mainCurrencies,2026-09-12 00:30:00,2026-09-11 16:30:15,2026-09-11T16:38:43.616126+00:00,0.921,0.9071,0.9163,0.91405,MAS,0.5129324457055591,1.0040379788278933
standardized,dbs,CAD,SGD,CAD/SGD,1,SGD < 50,amtLessThan50,SGD < 50,std_lt_50,mainCurrencies,2026-09-12 00:30:00,2026-09-11 16:30:15,2026-09-11T16:38:43.616126+00:00,0.9242,0.904,0.9163,0.9141,MAS,0.8621630470369986,1.3423551238677265
standardized,dbs,CHF,SGD,CHF/SGD,1,SGD 50 – 200,amtBtw50And200,"SGD 200 – 39,999.99",std_200_40k,mainCurrencies,2026-09-12 00:30:00,2026-09-11 16:30:15,2026-09-11T16:38:43.616126+00:00,1.5679,1.5381,1.5585,1.553,MAS,0.6031440487648427,1.3089509143407105
standardized,dbs,CHF,SGD,CHF/SGD,1,SGD 50 – 200,amtBtw50And200,"SGD 40,000 – 100,000",std_40k_100k,mainCurrencies,2026-09-12 00:30:00,2026-09-11 16:30:15,2026-09-11T16:38:43.616126+00:00,1.5679,1.5381,1.5585,1.553,MAS,0.6031440487648427,1.3089509143407105
standardized,dbs,CHF,SGD,CHF/SGD,1,SGD 50 – 200,amtBtw50And200,SGD 50 – 200,std_50_200,mainCurrencies,2026-09-12 00:30:00,2026-09-11 16:30:15,2026-09-11T16:38:43.616126+00:00,1.5679,1.5381,1.5585,1.553,MAS,0.6031440487648427,1.3089509143407105
standardized,dbs,CHF,SGD,CHF/SGD,1,SGD < 50,amtLessThan50,SGD < 50,std_lt_50,mainCurrencies,2026-09-12 00:30:00,2026-09-11 16:30:15,2026-09-11T16:38:43.616126+00:00,1.5688,1.5374,1.5585,1.5531000000000001,MAS,0.6608918832210443,1.353865896695534
standardized,dbs,CNH,SGD,CNH/SGD,1,SGD 50 – 200,amtBtw50And200,"SGD 200 – 39,999.99",std_200_40k,mainCurrencies,2026-09-12 00:30:00,2026-09-11 16:30:15,2026-09-11T16:38:43.616126+00:00,0.191,0.1867,,0.18885000000000002,,,
standardized,dbs,CNH,SGD,CNH/SGD,1,SGD 50 – 200,amtBtw50And200,"SGD 40,000 – 100,000",std_40k_100k,mainCurrencies,2026-09-12 00:30:00,2026-09-11 16:30:15,2026-09-11T16:38:43.616126+00:00,0.191,0.1867,,0.18885000000000002,,,
standardized,dbs,CNH,SGD,CNH/SGD,1,SGD 50 – 200,amtBtw50And200,SGD 50 – 200,std_50_200,mainCurrencies,2026-09-12 00:30:00,2026-09-11 16:30:15,2026-09-11T16:38:43.616126+00:00,0.191,0.1867,,0.18885000000000002,,,
standardized,dbs,CNH,SGD,CNH/SGD,1,SGD < 50,amtLessThan50,SGD < 50,std_lt_50,mainCurrencies,2026-09-12 00:30:00,2026-09-11 16:30:15,2026-09-11T16:38:43.616126+00:00,0.1917,0.186,,0.18885000000000002,,,
standardized,dbs,CNY,SGD,CNY/SGD,1,SGD 50 – 200,amtBtw50And200,"SGD 200 – 39,999.99",std_200_40k,otherCurrencies,2026-09-12 00:30:00,2026-09-11 16:30:15,2026-09-11T16:38:43.616126+00:00,0.1889,,0.18899999999999997,,MAS,-0.0529100529100324,
standardized,dbs,CNY,SGD,CNY/SGD,1,SGD 50 – 200,amtBtw50And200,"SGD 40,000 – 100,000",std_40k_100k,otherCurrencies,2026-09-12 00:30:00,2026-09-11 16:30:15,2026-09-11T16:38:43.616126+00:00,0.1889,,0.18899999999999997,,MAS,-0.0529100529100324,
standardized,dbs,CNY,SGD,CNY/SGD,1,SGD 50 – 200,amtBtw50And200,SGD 50 – 200,std_50_200,otherCurrencies,2026-09-12 00:30:00,2026-09-11 16:30:15,2026-09-11T16:38:43.616126+00:00,0.1889,,0.18899999999999997,,MAS,-0.0529100529100324,
standardized,dbs,CNY,SGD,CNY/SGD,1,SGD < 50,amtLessThan50,SGD < 50,std_lt_50,otherCurrencies,2026-09-12 00:30:00,2026-09-11 16:30:15,2026-09-11T16:38:43.616126+00:00,0.1905,,0.18899999999999997,,MAS,0.7936507936508093,
standardized,dbs,DKK,SGD,DKK/SGD,1,SGD 50 – 200,amtBtw50And200,"SGD 200 – 39,999.99",std_200_40k,mainCurrencies,2026-09-12 00:30:00,2026-09-11 16:30:15,2026-09-11T16:38:43.616126+00:00,0.1994,0.194,,0.19669999999999999,,,
standardized,dbs,DKK,SGD,DKK/SGD,1,SGD 50 – 200,amtBtw50And200,"SGD 40,000 – 100,000",std_40k_100k,mainCurrencies,2026-09-12 00:30:00,2026-09-11 16:30:15,2026-09-11T16:38:43.616126+00:00,0.1994,0.194,,0.19669999999999999,,,
standardized,dbs,DKK,SGD,DKK/SGD,1,SGD 50 – 200,amtBtw50And200,SGD 50 – 200,std_50_200,mainCurrencies,2026-09-12 00:30:00,2026-09-11 16:30:15,2026-09-11T16:38:43.616126+00:00,0.1994,0.194,,0.19669999999999999,,,
standardized,dbs,DKK,SGD,DKK/SGD,1,SGD < 50,amtLessThan50,SGD < 50,std_lt_50,mainCurrencies,2026-09-12 00:30:00,2026-09-11 16:30:15,2026-09-11T16:38:43.616126+00:00,0.1998,0.1936,,0.19669999999999999,,,
standardized,dbs,EUR,SGD,EUR/SGD,1,SGD 50 – 200,amtBtw50And200,"SGD 200 – 39,999.99",std_200_40k,mainCurrencies,2026-09-12 00:30:00,2026-09-11 16:30:15,2026-09-11T16:38:43.616126+00:00,1.4831,1.4579,1.4716,1.4705,MAS,0.7814623539005208,0.9309594998640967
standardized,dbs,EUR,SGD,EUR/SGD,1,SGD 50 – 200,amtBtw50And200,"SGD 40,000 – 100,000",std_40k_100k,mainCurrencies,2026-09-12 00:30:00,2026-09-11 16:30:15,2026-09-11T16:38:43.616126+00:00,1.4831,1.4579,1.4716,1.4705,MAS,0.7814623539005208,0.9309594998640967
standardized,dbs,EUR,SGD,EUR/SGD,1,SGD 50 – 200,amtBtw50And200,SGD 50 – 200,std_50_200,mainCurrencies,2026-09-12 00:30:00,2026-09-11 16:30:15,2026-09-11T16:38:43.616126+00:00,1.4831,1.4579,1.4716,1.4705,MAS,0.7814623539005208,0.9309594998640967
standardized,dbs,EUR,SGD,EUR/SGD,1,SGD < 50,amtLessThan50,SGD < 50,std_lt_50,mainCurrencies,2026-09-12 00:30:00,2026-09-11 16:30:15,2026-09-11T16:38:43.616126+00:00,1.4839,1.4572,1.4716,1.47055,MAS,0.8358249524327248,0.9785267735797749
standardized,dbs,GBP,SGD,GBP/SGD,1,SGD 50 – 200,amtBtw50And200,"SGD 200 – 39,999.99",std_200_40k,mainCurrencies,2026-09-12 00:30:00,2026-09-11 16:30:15,2026-09-11T16:38:43.616126+00:00,1.7267,1.7008,1.7123,1.71375,MAS,0.8409741283653547,0.6716112830695464
standardized,dbs,GBP,SGD,GBP/SGD,1,SGD 50 – 200,amtBtw50And200,"SGD 40,000 – 100,000",std_40k_100k,mainCurrencies,2026-09-12 00:30:00,2026-09-11 16:30:15,2026-09-11T16:38:43.616126+00:00,1.7267,1.7008,1.7123,1.71375,MAS,0.8409741283653547,0.6716112830695464
standardized,dbs,GBP,SGD,GBP/SGD,1,SGD 50 – 200,amtBtw50And200,SGD 50 – 200,std_50_200,mainCurrencies,2026-09-12 00:30:00,2026-09-11 16:30:15,2026-09-11T16:38:43.616126+00:00,1.7267,1.7008,1.7123,1.71375,MAS,0.8409741283653547,0.6716112830695464
standardized,dbs,GBP,SGD,GBP/SGD,1,SGD < 50,amtLessThan50,SGD < 50,std_lt_50,mainCurrencies,2026-09-12 00:30:00,2026-09-11 16:30:15,2026-09-11T16:38:43.616126+00:00,1.7285,1.6991,1.7123,1.7138,MAS,0.9460958944110257,0.7708929510015697
standardized,dbs,HKD,SGD,HKD/SGD,1,SGD 50 – 200,amtBtw50And200,"SGD 200 – 39,999.99",std_200_40k,mainCurrencies,2026-09-12 00:30:00,2026-09-11 16:30:15,2026-09-11T16:38:43.616126+00:00,0.1632,0.1599,0.1618,0.16155,MAS,0.8652657601977827,1.1742892459827026
standardized,dbs,HKD,SGD,HKD/SGD,1,SGD 50 – 200,amtBtw50And200,"SGD 40,000 – 100,000",std_40k_100k,mainCurrencies,2026-09-12 00:30:00,2026-09-11 16:30:15,2026-09-11T16:38:43.616126+00:00,0.1632,0.1599,0.1618,0.16155,MAS,0.8652657601977827,1.1742892459827026
standardized,dbs,HKD,SGD,HKD/SGD,1,SGD 50 – 200,amtBtw50And200,SGD 50 – 200,std_50_200,mainCurrencies,2026-09-12 00:30:00,2026-09-11 16:30:15,2026-09-11T16:38:43.616126+00:00,0.1632,0.1599,0.1618,0.16155,MAS,0.8652657601977827,1.1742892459827026
standardized,dbs,HKD,SGD,HKD/SGD,1,SGD < 50,amtLessThan50,SGD < 50,std_lt_50,mainCurrencies,2026-09-12 00:30:00,2026-09-11 16:30:15,2026-09-11T16:38:43.616126+00:00,0.1633,0.1597,0.1618,0.1615,MAS,0.9270704573547598,1.2978986402966568
standardized,dbs,HUF,SGD,HUF/SGD,100,SGD 50 – 200,amtBtw50And200,"SGD 200 – 39,999.99",std_200_40k,otherCurrencies,2026-09-12 00:30:00,2026-09-11 16:30:15,2026-09-11T16:38:43.616126+00:00,0.4106,,,,,,
standardized,dbs,HUF,SGD,HUF/SGD,100,SGD 50 – 200,amtBtw50And200,"SGD 40,000 – 100,000",std_40k_100k,otherCurrencies,2026-09-12 00:30:00,2026-09-11 16:30:15,2026-09-11T16:38:43.616126+00:00,0.4106,,,,,,
standardized,dbs,HUF,SGD,HUF/SGD,100,SGD 50 – 200,amtBtw50And200,SGD 50 – 200,std_50_200,otherCurrencies,2026-09-12 00:30:00,2026-09-11 16:30:15,2026-09-11T16:38:43.616126+00:00,0.4106,,,,,,
standardized,dbs,HUF,SGD,HUF/SGD,100,SGD < 50,amtLessThan50,SGD < 50,std_lt_50,otherCurrencies,2026-09-12 00:30:00,2026-09-11 16:30:15,2026-09-11T16:38:43.616126+00:00,0.4122,,,,,,
standardized,dbs,ID0,SGD,ID0/SGD,100,SGD 50 – 200,amtBtw50And200,"SGD 200 – 39,999.99",std_200_40k,otherCurrencies,2026-09-12 00:30:00,2026-09-11 16:30:15,2026-09-11T16:38:43.616126+00:00,,,,,,,
standardized,dbs,ID0,SGD,ID0/SGD,100,SGD 50 – 200,amtBtw50And200,"SGD 40,000 – 100,000",std_40k_100k,otherCurrencies,2026-09-12 00:30:00,2026-09-11 16:30:15,2026-09-11T16:38:43.616126+00:00,,,,,,,
standardized,dbs,ID0,SGD,ID0/SGD,100,SGD 50 – 200,amtBtw50And200,SGD 50 – 200,std_50_200,otherCurrencies,2026-09-12 00:30:00,2026-09-11 16:30:15,2026-09-11T16:38:43.616126+00:00,,,,,,,
standardized,dbs,ID0,SGD,ID0/SGD,100,SGD < 50,amtLessThan50,SGD < 50,std_lt_50,otherCurrencies,2026-09-12 00:30:00,2026-09-11 16:30:15,2026-09-11T16:38:43.616126+00:00,,0.0072,,,,,
standardized,dbs,IDR,SGD,IDR/SGD,100,SGD 50 – 200,amtBtw50And200,"SGD 200 – 39,999.99",std_200_40k,mainCurrencies,2026-09-12 00:30:00,2026-09-11 16:30:15,2026-09-11T16:38:43.616126+00:00,0.0074,,0.0071979999999999995,,MAS,2.8063350930814224,
standardized,dbs,IDR,SGD,IDR/SGD,100,SGD 50 – 200,amtBtw50And200,"SGD 40,000 – 100,000",std_40k_100k,mainCurrencies,2026-09-12 00:30:00,2026-09-11 16:30:15,2026-09-11T16:38:43.616126+00:00,0.0074,,0.0071979999999999995,,MAS,2.8063350930814224,
standardized,dbs,IDR,SGD,IDR/SGD,100,SGD 50 – 200,amtBtw50And200,SGD 50 – 200,std_50_200,mainCurrencies,2026-09-12 00:30:00,2026-09-11 16:30:15,2026-09-11T16:38:43.616126+00:00,0.0074,,0.0071979999999999995,,MAS,2.8063350930814224,
standardized,dbs,IDR,SGD,IDR/SGD,100,SGD < 50,amtLessThan50,SGD < 50,std_lt_50,mainCurrencies,2026-09-12 00:30:00,2026-09-11 16:30:15,2026-09-11T16:38:43.616126+00:00,0.0074,,0.0071979999999999995,,MAS,2.8063350930814224,
standardized,dbs,IN0,SGD,IN0/SGD,100,SGD 50 – 200,amtBtw50And200,"SGD 200 – 39,999.99",std_200_40k,otherCurrencies,2026-09-12 00:30:00,2026-09-11 16:30:15,2026-09-11T16:38:43.616126+00:00,,1.3227,,,,,
standardized,dbs,IN0,SGD,IN0/SGD,100,SGD 50 – 200,amtBtw50And200,"SGD 40,000 – 100,000",std_40k_100k,otherCurrencies,2026-09-12 00:30:00,2026-09-11 16:30:15,2026-09-11T16:38:43.616126+00:00,,1.3227,,,,,
standardized,dbs,IN0,SGD,IN0/SGD,100,SGD 50 – 200,amtBtw50And200,SGD 50 – 200,std_50_200,otherCurrencies,2026-09-12 00:30:00,2026-09-11 16:30:15,2026-09-11T16:38:43.616126+00:00,,1.3227,,,,,
standardized,dbs,IN0,SGD,IN0/SGD,100,SGD < 50,amtLessThan50,SGD < 50,std_lt_50,otherCurrencies,2026-09-12 00:30:00,2026-09-11 16:30:15,2026-09-11T16:38:43.616126+00:00,,1.3227,,,,,
standardized,dbs,INR,SGD,INR/SGD,100,SGD 50 – 200,amtBtw50And200,"SGD 200 – 39,999.99",std_200_40k,otherCurrencies,2026-09-12 00:30:00,2026-09-11 16:30:15,2026-09-11T16:38:43.616126+00:00,1.3397,,1.3251,,MAS,1.1018036374613196,
standardized,dbs,INR,SGD,INR/SGD,100,SGD 50 – 200,amtBtw50And200,"SGD 40,000 – 100,000",std_40k_100k,otherCurrencies,2026-09-12 00:30:00,2026-09-11 16:30:15,2026-09-11T16:38:43.616126+00:00,1.3397,,1.3251,,MAS,1.1018036374613196,
standardized,dbs,INR,SGD,INR/SGD,100,SGD 50 – 200,amtBtw50And200,SGD 50 – 200,std_50_200,otherCurrencies,2026-09-12 00:30:00,2026-09-11 16:30:15,2026-09-11T16:38:43.616126+00:00,1.3397,,1.3251,,MAS,1.1018036374613196,
standardized,dbs,INR,SGD,INR/SGD,100,SGD < 50,amtLessThan50,SGD < 50,std_lt_50,otherCurrencies,2026-09-12 00:30:00,2026-09-11 16:30:15,2026-09-11T16:38:43.616126+00:00,1.3502,,1.3251,,MAS,1.8941966644026957,
standardized,dbs,JPY,SGD,JPY/SGD,100,SGD 50 – 200,amtBtw50And200,"SGD 200 – 39,999.99",std_200_40k,mainCurrencies,2026-09-12 00:30:00,2026-09-11 16:30:15,2026-09-11T16:38:43.616126+00:00,0.8326,0.816,0.8215,0.8243,MAS,1.3511868533171025,0.6695069993913646
standardized,dbs,JPY,SGD,JPY/SGD,100,SGD 50 – 200,amtBtw50And200,"SGD 40,000 – 100,000",std_40k_100k,mainCurrencies,2026-09-12 00:30:00,2026-09-11 16:30:15,2026-09-11T16:38:43.616126+00:00,0.8326,0.816,0.8215,0.8243,MAS,1.3511868533171025,0.6695069993913646
standardized,dbs,JPY,SGD,JPY/SGD,100,SGD 50 – 200,amtBtw50And200,SGD 50 – 200,std_50_200,mainCurrencies,2026-09-12 00:30:00,2026-09-11 16:30:15,2026-09-11T16:38:43.616126+00:00,0.8326,0.816,0.8215,0.8243,MAS,1.3511868533171025,0.6695069993913646
standardized,dbs,JPY,SGD,JPY/SGD,100,SGD < 50,amtLessThan50,SGD < 50,std_lt_50,mainCurrencies,2026-09-12 00:30:00,2026-09-11 16:30:15,2026-09-11T16:38:43.616126+00:00,0.8336,0.8152,0.8215,0.8244,MAS,1.472915398660986,0.7668898356664604
standardized,dbs,KRW,SGD,KRW/SGD,100,SGD 50 – 200,amtBtw50And200,"SGD 200 – 39,999.99",std_200_40k,otherCurrencies,2026-09-12 00:30:00,2026-09-11 16:30:15,2026-09-11T16:38:43.616126+00:00,0.0958,,0.0943,,MAS,1.590668080593851,
standardized,dbs,KRW,SGD,KRW/SGD,100,SGD 50 – 200,amtBtw50And200,"SGD 40,000 – 100,000",std_40k_100k,otherCurrencies,2026-09-12 00:30:00,2026-09-11 16:30:15,2026-09-11T16:38:43.616126+00:00,0.0958,,0.0943,,MAS,1.590668080593851,
standardized,dbs,KRW,SGD,KRW/SGD,100,SGD 50 – 200,amtBtw50And200,SGD 50 – 200,std_50_200,otherCurrencies,2026-09-12 00:30:00,2026-09-11 16:30:15,2026-09-11T16:38:43.616126+00:00,0.0958,,0.0943,,MAS,1.590668080593851,
standardized,dbs,KRW,SGD,KRW/SGD,100,SGD < 50,amtLessThan50,SGD < 50,std_lt_50,otherCurrencies,2026-09-12 00:30:00,2026-09-11 16:30:15,2026-09-11T16:38:43.616126+00:00,0.0958,,0.0943,,MAS,1.590668080593851,
standardized,dbs,KWD,SGD,KWD/SGD,100,SGD 50 – 200,amtBtw50And200,"SGD 200 – 39,999.99",std_200_40k,otherCurrencies,2026-09-12 00:30:00,2026-09-11 16:30:15,2026-09-11T16:38:43.616126+00:00,420.9719,,,,,,
standardized,dbs,KWD,SGD,KWD/SGD,100,SGD 50 – 200,amtBtw50And200,"SGD 40,000 – 100,000",std_40k_100k,otherCurrencies,2026-09-12 00:30:00,2026-09-11 16:30:15,2026-09-11T16:38:43.616126+00:00,420.9719,,,,,,
standardized,dbs,KWD,SGD,KWD/SGD,100,SGD 50 – 200,amtBtw50And200,SGD 50 – 200,std_50_200,otherCurrencies,2026-09-12 00:30:00,2026-09-11 16:30:15,2026-09-11T16:38:43.616126+00:00,420.9719,,,,,,
standardized,dbs,KWD,SGD,KWD/SGD,100,SGD < 50,amtLessThan50,SGD < 50,std_lt_50,otherCurrencies,2026-09-12 00:30:00,2026-09-11 16:30:15,2026-09-11T16:38:43.616126+00:00,422.622,,,,,,
standardized,dbs,LKR,SGD,LKR/SGD,100,SGD 50 – 200,amtBtw50And200,"SGD 200 – 39,999.99",std_200_40k,otherCurrencies,2026-09-12 00:30:00,2026-09-11 16:30:15,2026-09-11T16:38:43.616126+00:00,0.3931,,,,,,
standardized,dbs,LKR,SGD,LKR/SGD,100,SGD 50 – 200,amtBtw50And200,"SGD 40,000 – 100,000",std_40k_100k,otherCurrencies,2026-09-12 00:30:00,2026-09-11 16:30:15,2026-09-11T16:38:43.616126+00:00,0.3931,,,,,,
standardized,dbs,LKR,SGD,LKR/SGD,100,SGD 50 – 200,amtBtw50And200,SGD 50 – 200,std_50_200,otherCurrencies,2026-09-12 00:30:00,2026-09-11 16:30:15,2026-09-11T16:38:43.616126+00:00,0.3931,,,,,,
standardized,dbs,LKR,SGD,LKR/SGD,100,SGD < 50,amtLessThan50,SGD < 50,std_lt_50,otherCurrencies,2026-09-12 00:30:00,2026-09-11 16:30:15,2026-09-11T16:38:43.616126+00:00,0.393,,,,,,
standardized,dbs,MM1,SGD,MM1/SGD,100,SGD 50 – 200,amtBtw50And200,"SGD 200 – 39,999.99",std_200_40k,otherCurrencies,2026-09-12 00:30:00,2026-09-11 16:30:15,2026-09-11T16:38:43.616126+00:00,,,,,,,
standardized,dbs,MM1,SGD,MM1/SGD,100,SGD 50 – 200,amtBtw50And200,"SGD 40,000 – 100,000",std_40k_100k,otherCurrencies,2026-09-12 00:30:00,2026-09-11 16:30:15,2026-09-11T16:38:43.616126+00:00,,,,,,,
standardized,dbs,MM1,SGD,MM1/SGD,100,SGD 50 – 200,amtBtw50And200,SGD 50 – 200,std_50_200,otherCurrencies,2026-09-12 00:30:00,2026-09-11 16:30:15,2026-09-11T16:38:43.616126+00:00,,,,,,,
standardized,dbs,MM1,SGD,MM1/SGD,100,SGD < 50,amtLessThan50,SGD < 50,std_lt_50,otherCurrencies,2026-09-12 00:30:00,2026-09-11 16:30:15,2026-09-11T16:38:43.616126+00:00,,,,,,,
standardized,dbs,MMK,SGD,MMK/SGD,100,SGD 50 – 200,amtBtw50And200,"SGD 200 – 39,999.99",std_200_40k,otherCurrencies,2026-09-12 00:30:00,2026-09-11 16:30:15,2026-09-11T16:38:43.616126+00:00,0.0322,,,,,,
standardized,dbs,MMK,SGD,MMK/SGD,100,SGD 50 – 200,amtBtw50And200,"SGD 40,000 – 100,000",std_40k_100k,otherCurrencies,2026-09-12 00:30:00,2026-09-11 16:30:15,2026-09-11T16:38:43.616126+00:00,0.0322,,,,,,
standardized,dbs,MMK,SGD,MMK/SGD,100,SGD 50 – 200,amtBtw50And200,SGD 50 – 200,std_50_200,otherCurrencies,2026-09-12 00:30:00,2026-09-11 16:30:15,2026-09-11T16:38:43.616126+00:00,0.0322,,,,,,
standardized,dbs,MMK,SGD,MMK/SGD,100,SGD < 50,amtLessThan50,SGD < 50,std_lt_50,otherCurrencies,2026-09-12 00:30:00,2026-09-11 16:30:15,2026-09-11T16:38:43.616126+00:00,0.0322,,,,,,
standardized,dbs,MUR,SGD,MUR/SGD,100,SGD 50 – 200,amtBtw50And200,"SGD 200 – 39,999.99",std_200_40k,otherCurrencies,2026-09-12 00:30:00,2026-09-11 16:30:15,2026-09-11T16:38:43.616126+00:00,2.6804,,,,,,
standardized,dbs,MUR,SGD,MUR/SGD,100,SGD 50 – 200,amtBtw50And200,"SGD 40,000 – 100,000",std_40k_100k,otherCurrencies,2026-09-12 00:30:00,2026-09-11 16:30:15,2026-09-11T16:38:43.616126+00:00,2.6804,,,,,,
standardized,dbs,MUR,SGD,MUR/SGD,100,SGD 50 – 200,amtBtw50And200,SGD 50 – 200,std_50_200,otherCurrencies,2026-09-12 00:30:00,2026-09-11 16:30:15,2026-09-11T16:38:43.616126+00:00,2.6804,,,,,,
standardized,dbs,MUR,SGD,MUR/SGD,100,SGD < 50,amtLessThan50,SGD < 50,std_lt_50,otherCurrencies,2026-09-12 00:30:00,2026-09-11 16:30:15,2026-09-11T16:38:43.616126+00:00,2.6908,,,,,,
standardized,dbs,MXN,SGD,MXN/SGD,100,SGD 50 – 200,amtBtw50And200,"SGD 200 – 39,999.99",std_200_40k,mainCurrencies,2026-09-12 00:30:00,2026-09-11 16:30:15,2026-09-11T16:38:43.616126+00:00,7.576,,,,,,
standardized,dbs,MXN,SGD,MXN/SGD,100,SGD 50 – 200,amtBtw50And200,"SGD 40,000 – 100,000",std_40k_100k,mainCurrencies,2026-09-12 00:30:00,2026-09-11 16:30:15,2026-09-11T16:38:43.616126+00:00,7.576,,,,,,
standardized,dbs,MXN,SGD,MXN/SGD,100,SGD 50 – 200,amtBtw50And200,SGD 50 – 200,std_50_200,mainCurrencies,2026-09-12 00:30:00,2026-09-11 16:30:15,2026-09-11T16:38:43.616126+00:00,7.576,,,,,,
standardized,dbs,MXN,SGD,MXN/SGD,100,SGD < 50,amtLessThan50,SGD < 50,std_lt_50,mainCurrencies,2026-09-12 00:30:00,2026-09-11 16:30:15,2026-09-11T16:38:43.616126+00:00,7.5738,,,,,,
standardized,dbs,MY0,SGD,MY0/SGD,1,SGD 50 – 200,amtBtw50And200,"SGD 200 – 39,999.99",std_200_40k,otherCurrencies,2026-09-12 00:30:00,2026-09-11 16:30:15,2026-09-11T16:38:43.616126+00:00,,0.3108,,,,,
standardized,dbs,MY0,SGD,MY0/SGD,1,SGD 50 – 200,amtBtw50And200,"SGD 40,000 – 100,000",std_40k_100k,otherCurrencies,2026-09-12 00:30:00,2026-09-11 16:30:15,2026-09-11T16:38:43.616126+00:00,,0.3108,,,,,
standardized,dbs,MY0,SGD,MY0/SGD,1,SGD 50 – 200,amtBtw50And200,SGD 50 – 200,std_50_200,otherCurrencies,2026-09-12 00:30:00,2026-09-11 16:30:15,2026-09-11T16:38:43.616126+00:00,,0.3108,,,,,
standardized,dbs,MY0,SGD,MY0/SGD,1,SGD < 50,amtLessThan50,SGD < 50,std_lt_50,otherCurrencies,2026-09-12 00:30:00,2026-09-11 16:30:15,2026-09-11T16:38:43.616126+00:00,,0.3108,,,,,
standardized,dbs,MYR,SGD,MYR/SGD,1,SGD 50 – 200,amtBtw50And200,"SGD 200 – 39,999.99",std_200_40k,otherCurrencies,2026-09-12 00:30:00,2026-09-11 16:30:15,2026-09-11T16:38:43.616126+00:00,0.3148,,0.31120000000000003,,MAS,1.156812339331617,
standardized,dbs,MYR,SGD,MYR/SGD,1,SGD 50 – 200,amtBtw50And200,"SGD 40,000 – 100,000",std_40k_100k,otherCurrencies,2026-09-12 00:30:00,2026-09-11 16:30:15,2026-09-11T16:38:43.616126+00:00,0.3148,,0.31120000000000003,,MAS,1.156812339331617,
standardized,dbs,MYR,SGD,MYR/SGD,1,SGD 50 – 200,amtBtw50And200,SGD 50 – 200,std_50_200,otherCurrencies,2026-09-12 00:30:00,2026-09-11 16:30:15,2026-09-11T16:38:43.616126+00:00,0.3148,,0.31120000000000003,,MAS,1.156812339331617,
standardized,dbs,MYR,SGD,MYR/SGD,1,SGD < 50,amtLessThan50,SGD < 50,std_lt_50,otherCurrencies,2026-09-12 00:30:00,2026-09-11 16:30:15,2026-09-11T16:38:43.616126+00:00,0.3148,,0.31120000000000003,,MAS,1.156812339331617,
standardized,dbs,NOK,SGD,NOK/SGD,1,SGD 50 – 200,amtBtw50And200,"SGD 200 – 39,999.99",std_200_40k,mainCurrencies,2026-09-12 00:30:00,2026-09-11 16:30:15,2026-09-11T16:38:43.616126+00:00,0.1384,0.1345,,0.13645000000000002,,,
standardized,dbs,NOK,SGD,NOK/SGD,1,SGD 50 – 200,amtBtw50And200,"SGD 40,000 – 100,000",std_40k_100k,mainCurrencies,2026-09-12 00:30:00,2026-09-11 16:30:15,2026-09-11T16:38:43.616126+00:00,0.1384,0.1345,,0.13645000000000002,,,
standardized,dbs,NOK,SGD,NOK/SGD,1,SGD 50 – 200,amtBtw50And200,SGD 50 – 200,std_50_200,mainCurrencies,2026-09-12 00:30:00,2026-09-11 16:30:15,2026-09-11T16:38:43.616126+00:00,0.1384,0.1345,,0.13645000000000002,,,
standardized,dbs,NOK,SGD,NOK/SGD,1,SGD < 50,amtLessThan50,SGD < 50,std_lt_50,mainCurrencies,2026-09-12 00:30:00,2026-09-11 16:30:15,2026-09-11T16:38:43.616126+00:00,0.1388,0.1341,,0.13645000000000002,,,
standardized,dbs,NZD,SGD,NZD/SGD,1,SGD 50 – 200,amtBtw50And200,"SGD 200 – 39,999.99",std_200_40k,mainCurrencies,2026-09-12 00:30:00,2026-09-11 16:30:15,2026-09-11T16:38:43.616126+00:00,0.7457,0.7285,0.7387,0.7371000000000001,MAS,0.9476106673886566,1.3808041153377537
standardized,dbs,NZD,SGD,NZD/SGD,1,SGD 50 – 200,amtBtw50And200,"SGD 40,000 – 100,000",std_40k_100k,mainCurrencies,2026-09-12 00:30:00,2026-09-11 16:30:15,2026-09-11T16:38:43.616126+00:00,0.7457,0.7285,0.7387,0.7371000000000001,MAS,0.9476106673886566,1.3808041153377537
standardized,dbs,NZD,SGD,NZD/SGD,1,SGD 50 – 200,amtBtw50And200,SGD 50 – 200,std_50_200,mainCurrencies,2026-09-12 00:30:00,2026-09-11 16:30:15,2026-09-11T16:38:43.616126+00:00,0.7457,0.7285,0.7387,0.7371000000000001,MAS,0.9476106673886566,1.3808041153377537
standardized,dbs,NZD,SGD,NZD/SGD,1,SGD < 50,amtLessThan50,SGD < 50,std_lt_50,mainCurrencies,2026-09-12 00:30:00,2026-09-11 16:30:15,2026-09-11T16:38:43.616126+00:00,0.7465,0.7278,0.7387,0.73715,MAS,1.0559090293759348,1.4755651820766238
standardized,dbs,OMR,SGD,OMR/SGD,1,SGD 50 – 200,amtBtw50And200,"SGD 200 – 39,999.99",std_200_40k,otherCurrencies,2026-09-12 00:30:00,2026-09-11 16:30:15,2026-09-11T16:38:43.616126+00:00,3.3133,,,,,,
standardized,dbs,OMR,SGD,OMR/SGD,1,SGD 50 – 200,amtBtw50And200,"SGD 40,000 – 100,000",std_40k_100k,otherCurrencies,2026-09-12 00:30:00,2026-09-11 16:30:15,2026-09-11T16:38:43.616126+00:00,3.3133,,,,,,
standardized,dbs,OMR,SGD,OMR/SGD,1,SGD 50 – 200,amtBtw50And200,SGD 50 – 200,std_50_200,otherCurrencies,2026-09-12 00:30:00,2026-09-11 16:30:15,2026-09-11T16:38:43.616126+00:00,3.3133,,,,,,
standardized,dbs,OMR,SGD,OMR/SGD,1,SGD < 50,amtLessThan50,SGD < 50,std_lt_50,otherCurrencies,2026-09-12 00:30:00,2026-09-11 16:30:15,2026-09-11T16:38:43.616126+00:00,3.3132,,,,,,
standardized,dbs,PH0,SGD,PH0/SGD,100,SGD 50 – 200,amtBtw50And200,"SGD 200 – 39,999.99",std_200_40k,otherCurrencies,2026-09-12 00:30:00,2026-09-11 16:30:15,2026-09-11T16:38:43.616126+00:00,,2.0175,,,,,
standardized,dbs,PH0,SGD,PH0/SGD,100,SGD 50 – 200,amtBtw50And200,"SGD 40,000 – 100,000",std_40k_100k,otherCurrencies,2026-09-12 00:30:00,2026-09-11 16:30:15,2026-09-11T16:38:43.616126+00:00,,2.0175,,,,,
standardized,dbs,PH0,SGD,PH0/SGD,100,SGD 50 – 200,amtBtw50And200,SGD 50 – 200,std_50_200,otherCurrencies,2026-09-12 00:30:00,2026-09-11 16:30:15,2026-09-11T16:38:43.616126+00:00,,2.0175,,,,,
standardized,dbs,PH0,SGD,PH0/SGD,100,SGD < 50,amtLessThan50,SGD < 50,std_lt_50,otherCurrencies,2026-09-12 00:30:00,2026-09-11 16:30:15,2026-09-11T16:38:43.616126+00:00,,2.0175,,,,,
standardized,dbs,PHP,SGD,PHP/SGD,100,SGD 50 – 200,amtBtw50And200,"SGD 200 – 39,999.99",std_200_40k,otherCurrencies,2026-09-12 00:30:00,2026-09-11 16:30:15,2026-09-11T16:38:43.616126+00:00,2.0444,,2.0222,,MAS,1.0978142616951723,
standardized,dbs,PHP,SGD,PHP/SGD,100,SGD 50 – 200,amtBtw50And200,"SGD 40,000 – 100,000",std_40k_100k,otherCurrencies,2026-09-12 00:30:00,2026-09-11 16:30:15,2026-09-11T16:38:43.616126+00:00,2.0444,,2.0222,,MAS,1.0978142616951723,
standardized,dbs,PHP,SGD,PHP/SGD,100,SGD 50 – 200,amtBtw50And200,SGD 50 – 200,std_50_200,otherCurrencies,2026-09-12 00:30:00,2026-09-11 16:30:15,2026-09-11T16:38:43.616126+00:00,2.0444,,2.0222,,MAS,1.0978142616951723,
standardized,dbs,PHP,SGD,PHP/SGD,100,SGD < 50,amtLessThan50,SGD < 50,std_lt_50,otherCurrencies,2026-09-12 00:30:00,2026-09-11 16:30:15,2026-09-11T16:38:43.616126+00:00,2.0596,,2.0222,,MAS,1.849470873306294,
standardized,dbs,PLN,SGD,PLN/SGD,1,SGD 50 – 200,amtBtw50And200,"SGD 200 – 39,999.99",std_200_40k,otherCurrencies,2026-09-12 00:30:00,2026-09-11 16:30:15,2026-09-11T16:38:43.616126+00:00,0.3467,,,,,,
standardized,dbs,PLN,SGD,PLN/SGD,1,SGD 50 – 200,amtBtw50And200,"SGD 40,000 – 100,000",std_40k_100k,otherCurrencies,2026-09-12 00:30:00,2026-09-11 16:30:15,2026-09-11T16:38:43.616126+00:00,0.3467,,,,,,
standardized,dbs,PLN,SGD,PLN/SGD,1,SGD 50 – 200,amtBtw50And200,SGD 50 – 200,std_50_200,otherCurrencies,2026-09-12 00:30:00,2026-09-11 16:30:15,2026-09-11T16:38:43.616126+00:00,0.3467,,,,,,
standardized,dbs,PLN,SGD,PLN/SGD,1,SGD < 50,amtLessThan50,SGD < 50,std_lt_50,otherCurrencies,2026-09-12 00:30:00,2026-09-11 16:30:15,2026-09-11T16:38:43.616126+00:00,0.348,,,,,,
standardized,dbs,QAR,SGD,QAR/SGD,1,SGD 50 – 200,amtBtw50And200,"SGD 200 – 39,999.99",std_200_40k,otherCurrencies,2026-09-12 00:30:00,2026-09-11 16:30:15,2026-09-11T16:38:43.616126+00:00,0.3554,,0.348,,MAS,2.1264367816092005,
standardized,dbs,QAR,SGD,QAR/SGD,1,SGD 50 – 200,amtBtw50And200,"SGD 40,000 – 100,000",std_40k_100k,otherCurrencies,2026-09-12 00:30:00,2026-09-11 16:30:15,2026-09-11T16:38:43.616126+00:00,0.3554,,0.348,,MAS,2.1264367816092005,
standardized,dbs,QAR,SGD,QAR/SGD,1,SGD 50 – 200,amtBtw50And200,SGD 50 – 200,std_50_200,otherCurrencies,2026-09-12 00:30:00,2026-09-11 16:30:15,2026-09-11T16:38:43.616126+00:00,0.3554,,0.348,,MAS,2.1264367816092005,
standardized,dbs,QAR,SGD,QAR/SGD,1,SGD < 50,amtLessThan50,SGD < 50,std_lt_50,otherCurrencies,2026-09-12 00:30:00,2026-09-11 16:30:15,2026-09-11T16:38:43.616126+00:00,0.3568,,0.348,,MAS,2.5287356321839165,
standardized,dbs,RUB,SGD,RUB/SGD,100,SGD 50 – 200,amtBtw50And200,"SGD 200 – 39,999.99",std_200_40k,mainCurrencies,2026-09-12 00:30:00,2026-09-11 16:30:15,2026-09-11T16:38:43.616126+00:00,,,,,,,
standardized,dbs,RUB,SGD,RUB/SGD,100,SGD 50 – 200,amtBtw50And200,"SGD 40,000 – 100,000",std_40k_100k,mainCurrencies,2026-09-12 00:30:00,2026-09-11 16:30:15,2026-09-11T16:38:43.616126+00:00,,,,,,,
standardized,dbs,RUB,SGD,RUB/SGD,100,SGD 50 – 200,amtBtw50And200,SGD 50 – 200,std_50_200,mainCurrencies,2026-09-12 00:30:00,2026-09-11 16:30:15,2026-09-11T16:38:43.616126+00:00,,,,,,,
standardized,dbs,RUB,SGD,RUB/SGD,100,SGD < 50,amtLessThan50,SGD < 50,std_lt_50,mainCurrencies,2026-09-12 00:30:00,2026-09-11 16:30:15,2026-09-11T16:38:43.616126+00:00,,,,,,,
standardized,dbs,SAR,SGD,SAR/SGD,100,SGD 50 – 200,amtBtw50And200,"SGD 200 – 39,999.99",std_200_40k,otherCurrencies,2026-09-12 00:30:00,2026-09-11 16:30:15,2026-09-11T16:38:43.616126+00:00,34.169,,33.78,,MAS,1.1515689757252687,
standardized,dbs,SAR,SGD,SAR/SGD,100,SGD 50 – 200,amtBtw50And200,"SGD 40,000 – 100,000",std_40k_100k,otherCurrencies,2026-09-12 00:30:00,2026-09-11 16:30:15,2026-09-11T16:38:43.616126+00:00,34.169,,33.78,,MAS,1.1515689757252687,
standardized,dbs,SAR,SGD,SAR/SGD,100,SGD 50 – 200,amtBtw50And200,SGD 50 – 200,std_50_200,otherCurrencies,2026-09-12 00:30:00,2026-09-11 16:30:15,2026-09-11T16:38:43.616126+00:00,34.169,,33.78,,MAS,1.1515689757252687,
standardized,dbs,SAR,SGD,SAR/SGD,100,SGD < 50,amtLessThan50,SGD < 50,std_lt_50,otherCurrencies,2026-09-12 00:30:00,2026-09-11 16:30:15,2026-09-11T16:38:43.616126+00:00,34.168,,33.78,,MAS,1.1486086441681413,
standardized,dbs,SEK,SGD,SEK/SGD,1,SGD 50 – 200,amtBtw50And200,"SGD 200 – 39,999.99",std_200_40k,mainCurrencies,2026-09-12 00:30:00,2026-09-11 16:30:15,2026-09-11T16:38:43.616126+00:00,0.1324,0.1289,,0.13065,,,
standardized,dbs,SEK,SGD,SEK/SGD,1,SGD 50 – 200,amtBtw50And200,"SGD 40,000 – 100,000",std_40k_100k,mainCurrencies,2026-09-12 00:30:00,2026-09-11 16:30:15,2026-09-11T16:38:43.616126+00:00,0.1324,0.1289,,0.13065,,,
standardized,dbs,SEK,SGD,SEK/SGD,1,SGD 50 – 200,amtBtw50And200,SGD 50 – 200,std_50_200,mainCurrencies,2026-09-12 00:30:00,2026-09-11 16:30:15,2026-09-11T16:38:43.616126+00:00,0.1324,0.1289,,0.13065,,,
standardized,dbs,SEK,SGD,SEK/SGD,1,SGD < 50,amtLessThan50,SGD < 50,std_lt_50,mainCurrencies,2026-09-12 00:30:00,2026-09-11 16:30:15,2026-09-11T16:38:43.616126+00:00,0.1329,0.1284,,0.13065,,,
standardized,dbs,THB,SGD,THB/SGD,100,SGD 50 – 200,amtBtw50And200,"SGD 200 – 39,999.99",std_200_40k,mainCurrencies,2026-09-12 00:30:00,2026-09-11 16:30:15,2026-09-11T16:38:43.616126+00:00,3.8976,3.7824,3.8240999999999996,3.84,MAS,1.9220208676551493,1.090452655526781
standardized,dbs,THB,SGD,THB/SGD,100,SGD 50 – 200,amtBtw50And200,"SGD 40,000 – 100,000",std_40k_100k,mainCurrencies,2026-09-12 00:30:00,2026-09-11 16:30:15,2026-09-11T16:38:43.616126+00:00,3.8976,3.7824,3.8240999999999996,3.84,MAS,1.9220208676551493,1.090452655526781
standardized,dbs,THB,SGD,THB/SGD,100,SGD 50 – 200,amtBtw50And200,SGD 50 – 200,std_50_200,mainCurrencies,2026-09-12 00:30:00,2026-09-11 16:30:15,2026-09-11T16:38:43.616126+00:00,3.8976,3.7824,3.8240999999999996,3.84,MAS,1.9220208676551493,1.090452655526781
standardized,dbs,THB,SGD,THB/SGD,100,SGD < 50,amtLessThan50,SGD < 50,std_lt_50,mainCurrencies,2026-09-12 00:30:00,2026-09-11 16:30:15,2026-09-11T16:38:43.616126+00:00,3.9024,3.7787,3.8240999999999996,3.8405500000000004,MAS,2.0475405977877275,1.1872074475039733
standardized,dbs,TND,SGD,TND/SGD,1,SGD 50 – 200,amtBtw50And200,"SGD 200 – 39,999.99",std_200_40k,otherCurrencies,2026-09-12 00:30:00,2026-09-11 16:30:15,2026-09-11T16:38:43.616126+00:00,0.4485,,,,,,
standardized,dbs,TND,SGD,TND/SGD,1,SGD 50 – 200,amtBtw50And200,"SGD 40,000 – 100,000",std_40k_100k,otherCurrencies,2026-09-12 00:30:00,2026-09-11 16:30:15,2026-09-11T16:38:43.616126+00:00,0.4485,,,,,,
standardized,dbs,TND,SGD,TND/SGD,1,SGD 50 – 200,amtBtw50And200,SGD 50 – 200,std_50_200,otherCurrencies,2026-09-12 00:30:00,2026-09-11 16:30:15,2026-09-11T16:38:43.616126+00:00,0.4485,,,,,,
standardized,dbs,TND,SGD,TND/SGD,1,SGD < 50,amtLessThan50,SGD < 50,std_lt_50,otherCurrencies,2026-09-12 00:30:00,2026-09-11 16:30:15,2026-09-11T16:38:43.616126+00:00,0.4484,,,,,,
standardized,dbs,TWD,SGD,TWD/SGD,100,SGD 50 – 200,amtBtw50And200,"SGD 200 – 39,999.99",std_200_40k,otherCurrencies,2026-09-12 00:30:00,2026-09-11 16:30:15,2026-09-11T16:38:43.616126+00:00,4.054,,4.0093,,MAS,1.1149078392737044,
standardized,dbs,TWD,SGD,TWD/SGD,100,SGD 50 – 200,amtBtw50And200,"SGD 40,000 – 100,000",std_40k_100k,otherCurrencies,2026-09-12 00:30:00,2026-09-11 16:30:15,2026-09-11T16:38:43.616126+00:00,4.054,,4.0093,,MAS,1.1149078392737044,
standardized,dbs,TWD,SGD,TWD/SGD,100,SGD 50 – 200,amtBtw50And200,SGD 50 – 200,std_50_200,otherCurrencies,2026-09-12 00:30:00,2026-09-11 16:30:15,2026-09-11T16:38:43.616126+00:00,4.054,,4.0093,,MAS,1.1149078392737044,
standardized,dbs,TWD,SGD,TWD/SGD,100,SGD < 50,amtLessThan50,SGD < 50,std_lt_50,otherCurrencies,2026-09-12 00:30:00,2026-09-11 16:30:15,2026-09-11T16:38:43.616126+00:00,4.0578,,4.0093,,MAS,1.2096874766168821,
standardized,dbs,USD,SGD,USD/SGD,1,SGD 50 – 200,amtBtw50And200,"SGD 200 – 39,999.99",std_200_40k,mainCurrencies,2026-09-12 00:30:00,2026-09-11 16:30:15,2026-09-11T16:38:43.616126+00:00,1.278,1.2568,1.2685,1.2673999999999999,MAS,0.7489160425699696,0.9223492313756441
standardized,dbs,USD,SGD,USD/SGD,1,SGD 50 – 200,amtBtw50And200,"SGD 40,000 – 100,000",std_40k_100k,mainCurrencies,2026-09-12 00:30:00,2026-09-11 16:30:15,2026-09-11T16:38:43.616126+00:00,1.278,1.2568,1.2685,1.2673999999999999,MAS,0.7489160425699696,0.9223492313756441
standardized,dbs,USD,SGD,USD/SGD,1,SGD 50 – 200,amtBtw50And200,SGD 50 – 200,std_50_200,mainCurrencies,2026-09-12 00:30:00,2026-09-11 16:30:15,2026-09-11T16:38:43.616126+00:00,1.278,1.2568,1.2685,1.2673999999999999,MAS,0.7489160425699696,0.9223492313756441
standardized,dbs,USD,SGD,USD/SGD,1,SGD < 50,amtLessThan50,SGD < 50,std_lt_50,mainCurrencies,2026-09-12 00:30:00,2026-09-11 16:30:15,2026-09-11T16:38:43.616126+00:00,1.2788,1.2559,1.2685,1.26735,MAS,0.8119826566811176,0.9932991722506855
standardized,dbs,VND,SGD,VND/SGD,100,SGD 50 – 200,amtBtw50And200,"SGD 200 – 39,999.99",std_200_40k,otherCurrencies,2026-09-12 00:30:00,2026-09-11 16:30:15,2026-09-11T16:38:43.616126+00:00,0.005,,0.004894,,MAS,2.1659174499387044,
standardized,dbs,VND,SGD,VND/SGD,100,SGD 50 – 200,amtBtw50And200,"SGD 40,000 – 100,000",std_40k_100k,otherCurrencies,2026-09-12 00:30:00,2026-09-11 16:30:15,2026-09-11T16:38:43.616126+00:00,0.005,,0.004894,,MAS,2.1659174499387044,
standardized,dbs,VND,SGD,VND/SGD,100,SGD 50 – 200,amtBtw50And200,SGD 50 – 200,std_50_200,otherCurrencies,2026-09-12 00:30:00,2026-09-11 16:30:15,2026-09-11T16:38:43.616126+00:00,0.005,,0.004894,,MAS,2.1659174499387044,
standardized,dbs,VND,SGD,VND/SGD,100,SGD < 50,amtLessThan50,SGD < 50,std_lt_50,otherCurrencies,2026-09-12 00:30:00,2026-09-11 16:30:15,2026-09-11T16:38:43.616126+00:00,0.005,,0.004894,,MAS,2.1659174499387044,
standardized,dbs,XAU,SGD,XAU/SGD,1,SGD 50 – 200,amtBtw50And200,"SGD 200 – 39,999.99",std_200_40k,otherCurrencies,2026-09-12 00:30:00,2026-09-11 16:30:15,2026-09-11T16:38:43.616126+00:00,5550.15,5482.378,,5516.263999999999,,,
standardized,dbs,XAU,SGD,XAU/SGD,1,SGD 50 – 200,amtBtw50And200,"SGD 40,000 – 100,000",std_40k_100k,otherCurrencies,2026-09-12 00:30:00,2026-09-11 16:30:15,2026-09-11T16:38:43.616126+00:00,5550.15,5482.378,,5516.263999999999,,,
standardized,dbs,XAU,SGD,XAU/SGD,1,SGD 50 – 200,amtBtw50And200,SGD 50 – 200,std_50_200,otherCurrencies,2026-09-12 00:30:00,2026-09-11 16:30:15,2026-09-11T16:38:43.616126+00:00,5550.15,5482.378,,5516.263999999999,,,
standardized,dbs,XAU,SGD,XAU/SGD,1,SGD < 50,amtLessThan50,SGD < 50,std_lt_50,otherCurrencies,2026-09-12 00:30:00,2026-09-11 16:30:15,2026-09-11T16:38:43.616126+00:00,5551.008,5483.312,,5517.16,,,
standardized,dbs,ZAR,SGD,ZAR/SGD,1,SGD 50 – 200,amtBtw50And200,"SGD 200 – 39,999.99",std_200_40k,otherCurrencies,2026-09-12 00:30:00,2026-09-11 16:30:15,2026-09-11T16:38:43.616126+00:00,0.0795,0.0775,,0.0785,,,
standardized,dbs,ZAR,SGD,ZAR/SGD,1,SGD 50 – 200,amtBtw50And200,"SGD 40,000 – 100,000",std_40k_100k,otherCurrencies,2026-09-12 00:30:00,2026-09-11 16:30:15,2026-09-11T16:38:43.616126+00:00,0.0795,0.0775,,0.0785,,,
standardized,dbs,ZAR,SGD,ZAR/SGD,1,SGD 50 – 200,amtBtw50And200,SGD 50 – 200,std_50_200,otherCurrencies,2026-09-12 00:30:00,2026-09-11 16:30:15,2026-09-11T16:38:43.616126+00:00,0.0795,0.0775,,0.0785,,,
standardized,dbs,ZAR,SGD,ZAR/SGD,1,SGD < 50,amtLessThan50,SGD < 50,std_lt_50,otherCurrencies,2026-09-12 00:30:00,2026-09-11 16:30:15,2026-09-11T16:38:43.616126+00:00,0.0798,0.0772,,0.0785,,,
standardized,hsbc,AED,SGD,AED/SGD,100,Indicative board,board,"SGD 200 – 39,999.99",std_200_40k,indicative_fx,2026-9-11,2026-9-11,2026-09-11T16:38:50.121500+00:00,35.64,33.39,34.54,34.515,MAS,3.1847133757961825,3.329473074696001
standardized,hsbc,AED,SGD,AED/SGD,100,Indicative board,board,"SGD 40,000 – 100,000",std_40k_100k,indicative_fx,2026-9-11,2026-9-11,2026-09-11T16:38:50.121500+00:00,35.64,33.39,34.54,34.515,MAS,3.1847133757961825,3.329473074696001
standardized,hsbc,AED,SGD,AED/SGD,100,Indicative board,board,SGD 50 – 200,std_50_200,indicative_fx,2026-9-11,2026-9-11,2026-09-11T16:38:50.121500+00:00,35.64,33.39,34.54,34.515,MAS,3.1847133757961825,3.329473074696001
standardized,hsbc,AED,SGD,AED/SGD,100,Indicative board,board,SGD < 50,std_lt_50,indicative_fx,2026-9-11,2026-9-11,2026-09-11T16:38:50.121500+00:00,35.64,33.39,34.54,34.515,MAS,3.1847133757961825,3.329473074696001
standardized,hsbc,AUD,SGD,AUD/SGD,1,Indicative board,board,"SGD 200 – 39,999.99",std_200_40k,indicative_fx,2026-9-11,2026-9-11,2026-09-11T16:38:50.121500+00:00,0.9353,0.8806,0.9076000000000001,0.90795,MAS,3.0520052886734184,2.974878801234026
standardized,hsbc,AUD,SGD,AUD/SGD,1,Indicative board,board,"SGD 40,000 – 100,000",std_40k_100k,indicative_fx,2026-9-11,2026-9-11,2026-09-11T16:38:50.121500+00:00,0.9353,0.8806,0.9076000000000001,0.90795,MAS,3.0520052886734184,2.974878801234026
standardized,hsbc,AUD,SGD,AUD/SGD,1,Indicative board,board,SGD 50 – 200,std_50_200,indicative_fx,2026-9-11,2026-9-11,2026-09-11T16:38:50.121500+00:00,0.9353,0.8806,0.9076000000000001,0.90795,MAS,3.0520052886734184,2.974878801234026
standardized,hsbc,AUD,SGD,AUD/SGD,1,Indicative board,board,SGD < 50,std_lt_50,indicative_fx,2026-9-11,2026-9-11,2026-09-11T16:38:50.121500+00:00,0.9353,0.8806,0.9076000000000001,0.90795,MAS,3.0520052886734184,2.974878801234026
standardized,hsbc,CAD,SGD,CAD/SGD,1,Indicative board,board,"SGD 200 – 39,999.99",std_200_40k,indicative_fx,2026-9-11,2026-9-11,2026-09-11T16:38:50.121500+00:00,0.944,0.8887,0.9163,0.91635,MAS,3.0230273927752864,3.0121139364836798
standardized,hsbc,CAD,SGD,CAD/SGD,1,Indicative board,board,"SGD 40,000 – 100,000",std_40k_100k,indicative_fx,2026-9-11,2026-9-11,2026-09-11T16:38:50.121500+00:00,0.944,0.8887,0.9163,0.91635,MAS,3.0230273927752864,3.0121139364836798
standardized,hsbc,CAD,SGD,CAD/SGD,1,Indicative board,board,SGD 50 – 200,std_50_200,indicative_fx,2026-9-11,2026-9-11,2026-09-11T16:38:50.121500+00:00,0.944,0.8887,0.9163,0.91635,MAS,3.0230273927752864,3.0121139364836798
standardized,hsbc,CAD,SGD,CAD/SGD,1,Indicative board,board,SGD < 50,std_lt_50,indicative_fx,2026-9-11,2026-9-11,2026-09-11T16:38:50.121500+00:00,0.944,0.8887,0.9163,0.91635,MAS,3.0230273927752864,3.0121139364836798
standardized,hsbc,CHF,SGD,CHF/SGD,100,Indicative board,board,"SGD 200 – 39,999.99",std_200_40k,indicative_fx,2026-9-11,2026-9-11,2026-09-11T16:38:50.121500+00:00,160.65,151.26,155.85,155.95499999999998,MAS,3.079884504331095,2.945139557266605
standardized,hsbc,CHF,SGD,CHF/SGD,100,Indicative board,board,"SGD 40,000 – 100,000",std_40k_100k,indicative_fx,2026-9-11,2026-9-11,2026-09-11T16:38:50.121500+00:00,160.65,151.26,155.85,155.95499999999998,MAS,3.079884504331095,2.945139557266605
standardized,hsbc,CHF,SGD,CHF/SGD,100,Indicative board,board,SGD 50 – 200,std_50_200,indicative_fx,2026-9-11,2026-9-11,2026-09-11T16:38:50.121500+00:00,160.65,151.26,155.85,155.95499999999998,MAS,3.079884504331095,2.945139557266605
standardized,hsbc,CHF,SGD,CHF/SGD,100,Indicative board,board,SGD < 50,std_lt_50,indicative_fx,2026-9-11,2026-9-11,2026-09-11T16:38:50.121500+00:00,160.65,151.26,155.85,155.95499999999998,MAS,3.079884504331095,2.945139557266605
standardized,hsbc,CNY,SGD,CNY/SGD,100,Indicative board,board,"SGD 200 – 39,999.99",std_200_40k,indicative_fx,2026-9-11,2026-9-11,2026-09-11T16:38:50.121500+00:00,19.5,18.27,18.9,18.884999999999998,MAS,3.174603174603182,3.3333333333333286
standardized,hsbc,CNY,SGD,CNY/SGD,100,Indicative board,board,"SGD 40,000 – 100,000",std_40k_100k,indicative_fx,2026-9-11,2026-9-11,2026-09-11T16:38:50.121500+00:00,19.5,18.27,18.9,18.884999999999998,MAS,3.174603174603182,3.3333333333333286
standardized,hsbc,CNY,SGD,CNY/SGD,100,Indicative board,board,SGD 50 – 200,std_50_200,indicative_fx,2026-9-11,2026-9-11,2026-09-11T16:38:50.121500+00:00,19.5,18.27,18.9,18.884999999999998,MAS,3.174603174603182,3.3333333333333286
standardized,hsbc,CNY,SGD,CNY/SGD,100,Indicative board,board,SGD < 50,std_lt_50,indicative_fx,2026-9-11,2026-9-11,2026-09-11T16:38:50.121500+00:00,19.5,18.27,18.9,18.884999999999998,MAS,3.174603174603182,3.3333333333333286
standardized,hsbc,DKK,SGD,DKK/SGD,100,Indicative board,board,"SGD 200 – 39,999.99",std_200_40k,indicative_fx,2026-9-11,2026-9-11,2026-09-11T16:38:50.121500+00:00,20.29,19.1,,19.695,,,
standardized,hsbc,DKK,SGD,DKK/SGD,100,Indicative board,board,"SGD 40,000 – 100,000",std_40k_100k,indicative_fx,2026-9-11,2026-9-11,2026-09-11T16:38:50.121500+00:00,20.29,19.1,,19.695,,,
standardized,hsbc,DKK,SGD,DKK/SGD,100,Indicative board,board,SGD 50 – 200,std_50_200,indicative_fx,2026-9-11,2026-9-11,2026-09-11T16:38:50.121500+00:00,20.29,19.1,,19.695,,,
standardized,hsbc,DKK,SGD,DKK/SGD,100,Indicative board,board,SGD < 50,std_lt_50,indicative_fx,2026-9-11,2026-9-11,2026-09-11T16:38:50.121500+00:00,20.29,19.1,,19.695,,,
standardized,hsbc,EUR,SGD,EUR/SGD,1,Indicative board,board,"SGD 200 – 39,999.99",std_200_40k,indicative_fx,2026-9-11,2026-9-11,2026-09-11T16:38:50.121500+00:00,1.5167,1.428,1.4716,1.47235,MAS,3.064691492253324,2.962761620005442
standardized,hsbc,EUR,SGD,EUR/SGD,1,Indicative board,board,"SGD 40,000 – 100,000",std_40k_100k,indicative_fx,2026-9-11,2026-9-11,2026-09-11T16:38:50.121500+00:00,1.5167,1.428,1.4716,1.47235,MAS,3.064691492253324,2.962761620005442
standardized,hsbc,EUR,SGD,EUR/SGD,1,Indicative board,board,SGD 50 – 200,std_50_200,indicative_fx,2026-9-11,2026-9-11,2026-09-11T16:38:50.121500+00:00,1.5167,1.428,1.4716,1.47235,MAS,3.064691492253324,2.962761620005442
standardized,hsbc,EUR,SGD,EUR/SGD,1,Indicative board,board,SGD < 50,std_lt_50,indicative_fx,2026-9-11,2026-9-11,2026-09-11T16:38:50.121500+00:00,1.5167,1.428,1.4716,1.47235,MAS,3.064691492253324,2.962761620005442
standardized,hsbc,FJD,SGD,FJD/SGD,1,Indicative board,board,"SGD 200 – 39,999.99",std_200_40k,indicative_fx,2026-9-11,2026-9-11,2026-09-11T16:38:50.121500+00:00,0.5993,,,,,,
standardized,hsbc,FJD,SGD,FJD/SGD,1,Indicative board,board,"SGD 40,000 – 100,000",std_40k_100k,indicative_fx,2026-9-11,2026-9-11,2026-09-11T16:38:50.121500+00:00,0.5993,,,,,,
standardized,hsbc,FJD,SGD,FJD/SGD,1,Indicative board,board,SGD 50 – 200,std_50_200,indicative_fx,2026-9-11,2026-9-11,2026-09-11T16:38:50.121500+00:00,0.5993,,,,,,
standardized,hsbc,FJD,SGD,FJD/SGD,1,Indicative board,board,SGD < 50,std_lt_50,indicative_fx,2026-9-11,2026-9-11,2026-09-11T16:38:50.121500+00:00,0.5993,,,,,,
standardized,hsbc,GBP,SGD,GBP/SGD,1,Indicative board,board,"SGD 200 – 39,999.99",std_200_40k,indicative_fx,2026-9-11,2026-9-11,2026-09-11T16:38:50.121500+00:00,1.7648,1.6616,1.7123,1.7132,MAS,3.0660515096653618,2.9609297436196913
standardized,hsbc,GBP,SGD,GBP/SGD,1,Indicative board,board,"SGD 40,000 – 100,000",std_40k_100k,indicative_fx,2026-9-11,2026-9-11,2026-09-11T16:38:50.121500+00:00,1.7648,1.6616,1.7123,1.7132,MAS,3.0660515096653618,2.9609297436196913
standardized,hsbc,GBP,SGD,GBP/SGD,1,Indicative board,board,SGD 50 – 200,std_50_200,indicative_fx,2026-9-11,2026-9-11,2026-09-11T16:38:50.121500+00:00,1.7648,1.6616,1.7123,1.7132,MAS,3.0660515096653618,2.9609297436196913
standardized,hsbc,GBP,SGD,GBP/SGD,1,Indicative board,board,SGD < 50,std_lt_50,indicative_fx,2026-9-11,2026-9-11,2026-09-11T16:38:50.121500+00:00,1.7648,1.6616,1.7123,1.7132,MAS,3.0660515096653618,2.9609297436196913
standardized,hsbc,HKD,SGD,HKD/SGD,100,Indicative board,board,"SGD 200 – 39,999.99",std_200_40k,indicative_fx,2026-9-11,2026-9-11,2026-09-11T16:38:50.121500+00:00,16.37,15.96,16.18,16.165,MAS,1.1742892459827026,1.3597033374536394
standardized,hsbc,HKD,SGD,HKD/SGD,100,Indicative board,board,"SGD 40,000 – 100,000",std_40k_100k,indicative_fx,2026-9-11,2026-9-11,2026-09-11T16:38:50.121500+00:00,16.37,15.96,16.18,16.165,MAS,1.1742892459827026,1.3597033374536394
standardized,hsbc,HKD,SGD,HKD/SGD,100,Indicative board,board,SGD 50 – 200,std_50_200,indicative_fx,2026-9-11,2026-9-11,2026-09-11T16:38:50.121500+00:00,16.37,15.96,16.18,16.165,MAS,1.1742892459827026,1.3597033374536394
standardized,hsbc,HKD,SGD,HKD/SGD,100,Indicative board,board,SGD < 50,std_lt_50,indicative_fx,2026-9-11,2026-9-11,2026-09-11T16:38:50.121500+00:00,16.37,15.96,16.18,16.165,MAS,1.1742892459827026,1.3597033374536394
standardized,hsbc,IDR,SGD,IDR/SGD,100,Indicative board,board,"SGD 200 – 39,999.99",std_200_40k,indicative_fx,2026-9-11,2026-9-11,2026-09-11T16:38:50.121500+00:00,0.0075,,0.0071979999999999995,,MAS,4.195609891636569,
standardized,hsbc,IDR,SGD,IDR/SGD,100,Indicative board,board,"SGD 40,000 – 100,000",std_40k_100k,indicative_fx,2026-9-11,2026-9-11,2026-09-11T16:38:50.121500+00:00,0.0075,,0.0071979999999999995,,MAS,4.195609891636569,
standardized,hsbc,IDR,SGD,IDR/SGD,100,Indicative board,board,SGD 50 – 200,std_50_200,indicative_fx,2026-9-11,2026-9-11,2026-09-11T16:38:50.121500+00:00,0.0075,,0.0071979999999999995,,MAS,4.195609891636569,
standardized,hsbc,IDR,SGD,IDR/SGD,100,Indicative board,board,SGD < 50,std_lt_50,indicative_fx,2026-9-11,2026-9-11,2026-09-11T16:38:50.121500+00:00,0.0075,,0.0071979999999999995,,MAS,4.195609891636569,
standardized,hsbc,INR,SGD,INR/SGD,100,Indicative board,board,"SGD 200 – 39,999.99",std_200_40k,indicative_fx,2026-9-11,2026-9-11,2026-09-11T16:38:50.121500+00:00,1.37,,1.3251,,MAS,3.3884235152064117,
standardized,hsbc,INR,SGD,INR/SGD,100,Indicative board,board,"SGD 40,000 – 100,000",std_40k_100k,indicative_fx,2026-9-11,2026-9-11,2026-09-11T16:38:50.121500+00:00,1.37,,1.3251,,MAS,3.3884235152064117,
standardized,hsbc,INR,SGD,INR/SGD,100,Indicative board,board,SGD 50 – 200,std_50_200,indicative_fx,2026-9-11,2026-9-11,2026-09-11T16:38:50.121500+00:00,1.37,,1.3251,,MAS,3.3884235152064117,
standardized,hsbc,INR,SGD,INR/SGD,100,Indicative board,board,SGD < 50,std_lt_50,indicative_fx,2026-9-11,2026-9-11,2026-09-11T16:38:50.121500+00:00,1.37,,1.3251,,MAS,3.3884235152064117,
standardized,hsbc,JPY,SGD,JPY/SGD,100,Indicative board,board,"SGD 200 – 39,999.99",std_200_40k,indicative_fx,2026-9-11,2026-9-11,2026-09-11T16:38:50.121500+00:00,0.8453,0.7959,0.8215,0.8206,MAS,2.897139379184424,3.1162507608034034
standardized,hsbc,JPY,SGD,JPY/SGD,100,Indicative board,board,"SGD 40,000 – 100,000",std_40k_100k,indicative_fx,2026-9-11,2026-9-11,2026-09-11T16:38:50.121500+00:00,0.8453,0.7959,0.8215,0.8206,MAS,2.897139379184424,3.1162507608034034
standardized,hsbc,JPY,SGD,JPY/SGD,100,Indicative board,board,SGD 50 – 200,std_50_200,indicative_fx,2026-9-11,2026-9-11,2026-09-11T16:38:50.121500+00:00,0.8453,0.7959,0.8215,0.8206,MAS,2.897139379184424,3.1162507608034034
standardized,hsbc,JPY,SGD,JPY/SGD,100,Indicative board,board,SGD < 50,std_lt_50,indicative_fx,2026-9-11,2026-9-11,2026-09-11T16:38:50.121500+00:00,0.8453,0.7959,0.8215,0.8206,MAS,2.897139379184424,3.1162507608034034
standardized,hsbc,LKR,SGD,LKR/SGD,100,Indicative board,board,"SGD 200 – 39,999.99",std_200_40k,indicative_fx,2026-9-11,2026-9-11,2026-09-11T16:38:50.121500+00:00,0.4,,,,,,
standardized,hsbc,LKR,SGD,LKR/SGD,100,Indicative board,board,"SGD 40,000 – 100,000",std_40k_100k,indicative_fx,2026-9-11,2026-9-11,2026-09-11T16:38:50.121500+00:00,0.4,,,,,,
standardized,hsbc,LKR,SGD,LKR/SGD,100,Indicative board,board,SGD 50 – 200,std_50_200,indicative_fx,2026-9-11,2026-9-11,2026-09-11T16:38:50.121500+00:00,0.4,,,,,,
standardized,hsbc,LKR,SGD,LKR/SGD,100,Indicative board,board,SGD < 50,std_lt_50,indicative_fx,2026-9-11,2026-9-11,2026-09-11T16:38:50.121500+00:00,0.4,,,,,,
standardized,hsbc,MUR,SGD,MUR/SGD,100,Indicative board,board,"SGD 200 – 39,999.99",std_200_40k,indicative_fx,2026-9-11,2026-9-11,2026-09-11T16:38:50.121500+00:00,2.8,2.61,,2.705,,,
standardized,hsbc,MUR,SGD,MUR/SGD,100,Indicative board,board,"SGD 40,000 – 100,000",std_40k_100k,indicative_fx,2026-9-11,2026-9-11,2026-09-11T16:38:50.121500+00:00,2.8,2.61,,2.705,,,
standardized,hsbc,MUR,SGD,MUR/SGD,100,Indicative board,board,SGD 50 – 200,std_50_200,indicative_fx,2026-9-11,2026-9-11,2026-09-11T16:38:50.121500+00:00,2.8,2.61,,2.705,,,
standardized,hsbc,MUR,SGD,MUR/SGD,100,Indicative board,board,SGD < 50,std_lt_50,indicative_fx,2026-9-11,2026-9-11,2026-09-11T16:38:50.121500+00:00,2.8,2.61,,2.705,,,
standardized,hsbc,NOK,SGD,NOK/SGD,100,Indicative board,board,"SGD 200 – 39,999.99",std_200_40k,indicative_fx,2026-9-11,2026-9-11,2026-09-11T16:38:50.121500+00:00,14.08,13.25,,13.665,,,
standardized,hsbc,NOK,SGD,NOK/SGD,100,Indicative board,board,"SGD 40,000 – 100,000",std_40k_100k,indicative_fx,2026-9-11,2026-9-11,2026-09-11T16:38:50.121500+00:00,14.08,13.25,,13.665,,,
standardized,hsbc,NOK,SGD,NOK/SGD,100,Indicative board,board,SGD 50 – 200,std_50_200,indicative_fx,2026-9-11,2026-9-11,2026-09-11T16:38:50.121500+00:00,14.08,13.25,,13.665,,,
standardized,hsbc,NOK,SGD,NOK/SGD,100,Indicative board,board,SGD < 50,std_lt_50,indicative_fx,2026-9-11,2026-9-11,2026-09-11T16:38:50.121500+00:00,14.08,13.25,,13.665,,,
standardized,hsbc,NZD,SGD,NZD/SGD,1,Indicative board,board,"SGD 200 – 39,999.99",std_200_40k,indicative_fx,2026-9-11,2026-9-11,2026-09-11T16:38:50.121500+00:00,0.7587,0.7142,0.7387,0.73645,MAS,2.707459049681876,3.3166373358603054
standardized,hsbc,NZD,SGD,NZD/SGD,1,Indicative board,board,"SGD 40,000 – 100,000",std_40k_100k,indicative_fx,2026-9-11,2026-9-11,2026-09-11T16:38:50.121500+00:00,0.7587,0.7142,0.7387,0.73645,MAS,2.707459049681876,3.3166373358603054
standardized,hsbc,NZD,SGD,NZD/SGD,1,Indicative board,board,SGD 50 – 200,std_50_200,indicative_fx,2026-9-11,2026-9-11,2026-09-11T16:38:50.121500+00:00,0.7587,0.7142,0.7387,0.73645,MAS,2.707459049681876,3.3166373358603054
standardized,hsbc,NZD,SGD,NZD/SGD,1,Indicative board,board,SGD < 50,std_lt_50,indicative_fx,2026-9-11,2026-9-11,2026-09-11T16:38:50.121500+00:00,0.7587,0.7142,0.7387,0.73645,MAS,2.707459049681876,3.3166373358603054
standardized,hsbc,PHP,SGD,PHP/SGD,100,Indicative board,board,"SGD 200 – 39,999.99",std_200_40k,indicative_fx,2026-9-11,2026-9-11,2026-09-11T16:38:50.121500+00:00,2.09,,2.0222,,MAS,3.352784096528515,
standardized,hsbc,PHP,SGD,PHP/SGD,100,Indicative board,board,"SGD 40,000 – 100,000",std_40k_100k,indicative_fx,2026-9-11,2026-9-11,2026-09-11T16:38:50.121500+00:00,2.09,,2.0222,,MAS,3.352784096528515,
standardized,hsbc,PHP,SGD,PHP/SGD,100,Indicative board,board,SGD 50 – 200,std_50_200,indicative_fx,2026-9-11,2026-9-11,2026-09-11T16:38:50.121500+00:00,2.09,,2.0222,,MAS,3.352784096528515,
standardized,hsbc,PHP,SGD,PHP/SGD,100,Indicative board,board,SGD < 50,std_lt_50,indicative_fx,2026-9-11,2026-9-11,2026-09-11T16:38:50.121500+00:00,2.09,,2.0222,,MAS,3.352784096528515,
standardized,hsbc,PKR,SGD,PKR/SGD,100,Indicative board,board,"SGD 200 – 39,999.99",std_200_40k,indicative_fx,2026-9-11,2026-9-11,2026-09-11T16:38:50.121500+00:00,0.47,,,,,,
standardized,hsbc,PKR,SGD,PKR/SGD,100,Indicative board,board,"SGD 40,000 – 100,000",std_40k_100k,indicative_fx,2026-9-11,2026-9-11,2026-09-11T16:38:50.121500+00:00,0.47,,,,,,
standardized,hsbc,PKR,SGD,PKR/SGD,100,Indicative board,board,SGD 50 – 200,std_50_200,indicative_fx,2026-9-11,2026-9-11,2026-09-11T16:38:50.121500+00:00,0.47,,,,,,
standardized,hsbc,PKR,SGD,PKR/SGD,100,Indicative board,board,SGD < 50,std_lt_50,indicative_fx,2026-9-11,2026-9-11,2026-09-11T16:38:50.121500+00:00,0.47,,,,,,
standardized,hsbc,QAR,SGD,QAR/SGD,100,Indicative board,board,"SGD 200 – 39,999.99",std_200_40k,indicative_fx,2026-9-11,2026-9-11,2026-09-11T16:38:50.121500+00:00,35.22,34.34,34.8,34.78,MAS,1.206896551724143,1.3218390804597522
standardized,hsbc,QAR,SGD,QAR/SGD,100,Indicative board,board,"SGD 40,000 – 100,000",std_40k_100k,indicative_fx,2026-9-11,2026-9-11,2026-09-11T16:38:50.121500+00:00,35.22,34.34,34.8,34.78,MAS,1.206896551724143,1.3218390804597522
standardized,hsbc,QAR,SGD,QAR/SGD,100,Indicative board,board,SGD 50 – 200,std_50_200,indicative_fx,2026-9-11,2026-9-11,2026-09-11T16:38:50.121500+00:00,35.22,34.34,34.8,34.78,MAS,1.206896551724143,1.3218390804597522
standardized,hsbc,QAR,SGD,QAR/SGD,100,Indicative board,board,SGD < 50,std_lt_50,indicative_fx,2026-9-11,2026-9-11,2026-09-11T16:38:50.121500+00:00,35.22,34.34,34.8,34.78,MAS,1.206896551724143,1.3218390804597522
standardized,hsbc,RUB,SGD,RUB/SGD,100,Indicative board,board,"SGD 200 – 39,999.99",std_200_40k,indicative_fx,2026-9-11,2026-9-11,2026-09-11T16:38:50.121500+00:00,15.87,14.35,,15.11,,,
standardized,hsbc,RUB,SGD,RUB/SGD,100,Indicative board,board,"SGD 40,000 – 100,000",std_40k_100k,indicative_fx,2026-9-11,2026-9-11,2026-09-11T16:38:50.121500+00:00,15.87,14.35,,15.11,,,
standardized,hsbc,RUB,SGD,RUB/SGD,100,Indicative board,board,SGD 50 – 200,std_50_200,indicative_fx,2026-9-11,2026-9-11,2026-09-11T16:38:50.121500+00:00,15.87,14.35,,15.11,,,
standardized,hsbc,RUB,SGD,RUB/SGD,100,Indicative board,board,SGD < 50,std_lt_50,indicative_fx,2026-9-11,2026-9-11,2026-09-11T16:38:50.121500+00:00,15.87,14.35,,15.11,,,
standardized,hsbc,SAR,SGD,SAR/SGD,100,Indicative board,board,"SGD 200 – 39,999.99",std_200_40k,indicative_fx,2026-9-11,2026-9-11,2026-09-11T16:38:50.121500+00:00,34.19,33.34,33.78,33.765,MAS,1.2137359384250934,1.3025458851391287
standardized,hsbc,SAR,SGD,SAR/SGD,100,Indicative board,board,"SGD 40,000 – 100,000",std_40k_100k,indicative_fx,2026-9-11,2026-9-11,2026-09-11T16:38:50.121500+00:00,34.19,33.34,33.78,33.765,MAS,1.2137359384250934,1.3025458851391287
standardized,hsbc,SAR,SGD,SAR/SGD,100,Indicative board,board,SGD 50 – 200,std_50_200,indicative_fx,2026-9-11,2026-9-11,2026-09-11T16:38:50.121500+00:00,34.19,33.34,33.78,33.765,MAS,1.2137359384250934,1.3025458851391287
standardized,hsbc,SAR,SGD,SAR/SGD,100,Indicative board,board,SGD < 50,std_lt_50,indicative_fx,2026-9-11,2026-9-11,2026-09-11T16:38:50.121500+00:00,34.19,33.34,33.78,33.765,MAS,1.2137359384250934,1.3025458851391287
standardized,hsbc,SEK,SGD,SEK/SGD,100,Indicative board,board,"SGD 200 – 39,999.99",std_200_40k,indicative_fx,2026-9-11,2026-9-11,2026-09-11T16:38:50.121500+00:00,13.49,12.7,,13.094999999999999,,,
standardized,hsbc,SEK,SGD,SEK/SGD,100,Indicative board,board,"SGD 40,000 – 100,000",std_40k_100k,indicative_fx,2026-9-11,2026-9-11,2026-09-11T16:38:50.121500+00:00,13.49,12.7,,13.094999999999999,,,
standardized,hsbc,SEK,SGD,SEK/SGD,100,Indicative board,board,SGD 50 – 200,std_50_200,indicative_fx,2026-9-11,2026-9-11,2026-09-11T16:38:50.121500+00:00,13.49,12.7,,13.094999999999999,,,
standardized,hsbc,SEK,SGD,SEK/SGD,100,Indicative board,board,SGD < 50,std_lt_50,indicative_fx,2026-9-11,2026-9-11,2026-09-11T16:38:50.121500+00:00,13.49,12.7,,13.094999999999999,,,
standardized,hsbc,THB,SGD,THB/SGD,100,Indicative board,board,"SGD 200 – 39,999.99",std_200_40k,indicative_fx,2026-9-11,2026-9-11,2026-09-11T16:38:50.121500+00:00,3.95,,3.8240999999999996,,MAS,3.2922779216024836,
standardized,hsbc,THB,SGD,THB/SGD,100,Indicative board,board,"SGD 40,000 – 100,000",std_40k_100k,indicative_fx,2026-9-11,2026-9-11,2026-09-11T16:38:50.121500+00:00,3.95,,3.8240999999999996,,MAS,3.2922779216024836,
standardized,hsbc,THB,SGD,THB/SGD,100,Indicative board,board,SGD 50 – 200,std_50_200,indicative_fx,2026-9-11,2026-9-11,2026-09-11T16:38:50.121500+00:00,3.95,,3.8240999999999996,,MAS,3.2922779216024836,
standardized,hsbc,THB,SGD,THB/SGD,100,Indicative board,board,SGD < 50,std_lt_50,indicative_fx,2026-9-11,2026-9-11,2026-09-11T16:38:50.121500+00:00,3.95,,3.8240999999999996,,MAS,3.2922779216024836,
standardized,hsbc,TRY,SGD,TRY/SGD,1,Indicative board,board,"SGD 200 – 39,999.99",std_200_40k,indicative_fx,2026-9-11,2026-9-11,2026-09-11T16:38:50.121500+00:00,0.0269,,,,,,
standardized,hsbc,TRY,SGD,TRY/SGD,1,Indicative board,board,"SGD 40,000 – 100,000",std_40k_100k,indicative_fx,2026-9-11,2026-9-11,2026-09-11T16:38:50.121500+00:00,0.0269,,,,,,
standardized,hsbc,TRY,SGD,TRY/SGD,1,Indicative board,board,SGD 50 – 200,std_50_200,indicative_fx,2026-9-11,2026-9-11,2026-09-11T16:38:50.121500+00:00,0.0269,,,,,,
standardized,hsbc,TRY,SGD,TRY/SGD,1,Indicative board,board,SGD < 50,std_lt_50,indicative_fx,2026-9-11,2026-9-11,2026-09-11T16:38:50.121500+00:00,0.0269,,,,,,
standardized,hsbc,USD,SGD,USD/SGD,1,Indicative board,board,"SGD 200 – 39,999.99",std_200_40k,indicative_fx,2026-9-11,2026-9-11,2026-09-11T16:38:50.121500+00:00,1.2933,1.2423,1.2685,1.2677999999999998,MAS,1.9550650374457972,2.0654316121403236
standardized,hsbc,USD,SGD,USD/SGD,1,Indicative board,board,"SGD 40,000 – 100,000",std_40k_100k,indicative_fx,2026-9-11,2026-9-11,2026-09-11T16:38:50.121500+00:00,1.2933,1.2423,1.2685,1.2677999999999998,MAS,1.9550650374457972,2.0654316121403236
standardized,hsbc,USD,SGD,USD/SGD,1,Indicative board,board,SGD 50 – 200,std_50_200,indicative_fx,2026-9-11,2026-9-11,2026-09-11T16:38:50.121500+00:00,1.2933,1.2423,1.2685,1.2677999999999998,MAS,1.9550650374457972,2.0654316121403236
standardized,hsbc,USD,SGD,USD/SGD,1,Indicative board,board,SGD < 50,std_lt_50,indicative_fx,2026-9-11,2026-9-11,2026-09-11T16:38:50.121500+00:00,1.2933,1.2423,1.2685,1.2677999999999998,MAS,1.9550650374457972,2.0654316121403236
standardized,hsbc,ZAR,SGD,ZAR/SGD,1,Indicative board,board,"SGD 200 – 39,999.99",std_200_40k,indicative_fx,2026-9-11,2026-9-11,2026-09-11T16:38:50.121500+00:00,0.0809,0.0757,,0.07830000000000001,,,
standardized,hsbc,ZAR,SGD,ZAR/SGD,1,Indicative board,board,"SGD 40,000 – 100,000",std_40k_100k,indicative_fx,2026-9-11,2026-9-11,2026-09-11T16:38:50.121500+00:00,0.0809,0.0757,,0.07830000000000001,,,
standardized,hsbc,ZAR,SGD,ZAR/SGD,1,Indicative board,board,SGD 50 – 200,std_50_200,indicative_fx,2026-9-11,2026-9-11,2026-09-11T16:38:50.121500+00:00,0.0809,0.0757,,0.07830000000000001,,,
standardized,hsbc,ZAR,SGD,ZAR/SGD,1,Indicative board,board,SGD < 50,std_lt_50,indicative_fx,2026-9-11,2026-9-11,2026-09-11T16:38:50.121500+00:00,0.0809,0.0757,,0.07830000000000001,,,
standardized,ocbc,AED,SGD,AED/SGD,100,"SGD 0 – 39,999.99",tier_1,"SGD 200 – 39,999.99",std_200_40k,fxRatesSgd,2026-09-11T07:00:13,2026-09-11T07:00:13,2026-09-11T16:38:45.278251+00:00,35.4057,33.4031,34.54,34.4044,MAS,2.5063694267516037,3.2915460335842415
standardized,ocbc,AED,SGD,AED/SGD,100,"SGD 40,000 – 100,000",tier_2,"SGD 40,000 – 100,000",std_40k_100k,fxRatesSgd,2026-09-11T07:00:13,2026-09-11T07:00:13,2026-09-11T16:38:45.278251+00:00,35.3952,33.4201,34.54,34.4044,MAS,2.4759698899826392,3.242327735958313
standardized,ocbc,AED,SGD,AED/SGD,100,"SGD 0 – 39,999.99",tier_1,SGD 50 – 200,std_50_200,fxRatesSgd,2026-09-11T07:00:13,2026-09-11T07:00:13,2026-09-11T16:38:45.278251+00:00,35.4057,33.4031,34.54,34.4044,MAS,2.5063694267516037,3.2915460335842415
standardized,ocbc,AED,SGD,AED/SGD,100,"SGD 0 – 39,999.99",tier_1,SGD < 50,std_lt_50,fxRatesSgd,2026-09-11T07:00:13,2026-09-11T07:00:13,2026-09-11T16:38:45.278251+00:00,35.4057,33.4031,34.54,34.4044,MAS,2.5063694267516037,3.2915460335842415
standardized,ocbc,AUD,SGD,AUD/SGD,1,"SGD 0 – 39,999.99",tier_1,"SGD 200 – 39,999.99",std_200_40k,fxRatesSgd,2026-09-11T07:00:13,2026-09-11T07:00:13,2026-09-11T16:38:45.278251+00:00,0.9253,0.8961,0.9076000000000001,0.9107,MAS,1.9501983252534085,1.2670780079330173
standardized,ocbc,AUD,SGD,AUD/SGD,1,"SGD 40,000 – 100,000",tier_2,"SGD 40,000 – 100,000",std_40k_100k,fxRatesSgd,2026-09-11T07:00:13,2026-09-11T07:00:13,2026-09-11T16:38:45.278251+00:00,0.9235,0.8979,0.9076000000000001,0.9107,MAS,1.7518730718378044,1.068752754517413
standardized,ocbc,AUD,SGD,AUD/SGD,1,"SGD 0 – 39,999.99",tier_1,SGD 50 – 200,std_50_200,fxRatesSgd,2026-09-11T07:00:13,2026-09-11T07:00:13,2026-09-11T16:38:45.278251+00:00,0.9253,0.8961,0.9076000000000001,0.9107,MAS,1.9501983252534085,1.2670780079330173
standardized,ocbc,AUD,SGD,AUD/SGD,1,"SGD 0 – 39,999.99",tier_1,SGD < 50,std_lt_50,fxRatesSgd,2026-09-11T07:00:13,2026-09-11T07:00:13,2026-09-11T16:38:45.278251+00:00,0.9253,0.8961,0.9076000000000001,0.9107,MAS,1.9501983252534085,1.2670780079330173
standardized,ocbc,BGN,SGD,BGN/SGD,100,"SGD 0 – 39,999.99",tier_1,"SGD 200 – 39,999.99",std_200_40k,fxRatesSgd,2026-09-11T07:00:13,2026-09-11T07:00:13,2026-09-11T16:38:45.278251+00:00,0.0,0.0,,0.0,,,
standardized,ocbc,BGN,SGD,BGN/SGD,100,"SGD 40,000 – 100,000",tier_2,"SGD 40,000 – 100,000",std_40k_100k,fxRatesSgd,2026-09-11T07:00:13,2026-09-11T07:00:13,2026-09-11T16:38:45.278251+00:00,0.0,0.0,,0.0,,,
standardized,ocbc,BGN,SGD,BGN/SGD,100,"SGD 0 – 39,999.99",tier_1,SGD 50 – 200,std_50_200,fxRatesSgd,2026-09-11T07:00:13,2026-09-11T07:00:13,2026-09-11T16:38:45.278251+00:00,0.0,0.0,,0.0,,,
standardized,ocbc,BGN,SGD,BGN/SGD,100,"SGD 0 – 39,999.99",tier_1,SGD < 50,std_lt_50,fxRatesSgd,2026-09-11T07:00:13,2026-09-11T07:00:13,2026-09-11T16:38:45.278251+00:00,0.0,0.0,,0.0,,,
standardized,ocbc,BHD,SGD,BHD/SGD,1,"SGD 0 – 39,999.99",tier_1,"SGD 200 – 39,999.99",std_200_40k,fxRatesSgd,2026-09-11T07:00:13,2026-09-11T07:00:13,2026-09-11T16:38:45.278251+00:00,0.0,0.0,,0.0,,,
standardized,ocbc,BHD,SGD,BHD/SGD,1,"SGD 40,000 – 100,000",tier_2,"SGD 40,000 – 100,000",std_40k_100k,fxRatesSgd,2026-09-11T07:00:13,2026-09-11T07:00:13,2026-09-11T16:38:45.278251+00:00,0.0,0.0,,0.0,,,
standardized,ocbc,BHD,SGD,BHD/SGD,1,"SGD 0 – 39,999.99",tier_1,SGD 50 – 200,std_50_200,fxRatesSgd,2026-09-11T07:00:13,2026-09-11T07:00:13,2026-09-11T16:38:45.278251+00:00,0.0,0.0,,0.0,,,
standardized,ocbc,BHD,SGD,BHD/SGD,1,"SGD 0 – 39,999.99",tier_1,SGD < 50,std_lt_50,fxRatesSgd,2026-09-11T07:00:13,2026-09-11T07:00:13,2026-09-11T16:38:45.278251+00:00,0.0,0.0,,0.0,,,
standardized,ocbc,CAD,SGD,CAD/SGD,1,"SGD 0 – 39,999.99",tier_1,"SGD 200 – 39,999.99",std_200_40k,fxRatesSgd,2026-09-11T07:00:13,2026-09-11T07:00:13,2026-09-11T16:38:45.278251+00:00,0.9312,0.8982,0.9163,0.9147,MAS,1.6261049874495277,1.9753355887809674
standardized,ocbc,CAD,SGD,CAD/SGD,1,"SGD 40,000 – 100,000",tier_2,"SGD 40,000 – 100,000",std_40k_100k,fxRatesSgd,2026-09-11T07:00:13,2026-09-11T07:00:13,2026-09-11T16:38:45.278251+00:00,0.9294,0.9,0.9163,0.9147,MAS,1.4296627742005894,1.7788933755320289
standardized,ocbc,CAD,SGD,CAD/SGD,1,"SGD 0 – 39,999.99",tier_1,SGD 50 – 200,std_50_200,fxRatesSgd,2026-09-11T07:00:13,2026-09-11T07:00:13,2026-09-11T16:38:45.278251+00:00,0.9312,0.8982,0.9163,0.9147,MAS,1.6261049874495277,1.9753355887809674
standardized,ocbc,CAD,SGD,CAD/SGD,1,"SGD 0 – 39,999.99",tier_1,SGD < 50,std_lt_50,fxRatesSgd,2026-09-11T07:00:13,2026-09-11T07:00:13,2026-09-11T16:38:45.278251+00:00,0.9312,0.8982,0.9163,0.9147,MAS,1.6261049874495277,1.9753355887809674
standardized,ocbc,CHF,SGD,CHF/SGD,100,"SGD 0 – 39,999.99",tier_1,"SGD 200 – 39,999.99",std_200_40k,fxRatesSgd,2026-09-11T07:00:13,2026-09-11T07:00:13,2026-09-11T16:38:45.278251+00:00,158.275,152.6575,155.85,155.4663,MAS,1.5559833172922757,2.048444016682705
standardized,ocbc,CHF,SGD,CHF/SGD,100,"SGD 40,000 – 100,000",tier_2,"SGD 40,000 – 100,000",std_40k_100k,fxRatesSgd,2026-09-11T07:00:13,2026-09-11T07:00:13,2026-09-11T16:38:45.278251+00:00,157.964,152.9684,155.85,155.4663,MAS,1.3564324671158192,1.8489573307667577
standardized,ocbc,CHF,SGD,CHF/SGD,100,"SGD 0 – 39,999.99",tier_1,SGD 50 – 200,std_50_200,fxRatesSgd,2026-09-11T07:00:13,2026-09-11T07:00:13,2026-09-11T16:38:45.278251+00:00,158.275,152.6575,155.85,155.4663,MAS,1.5559833172922757,2.048444016682705
standardized,ocbc,CHF,SGD,CHF/SGD,100,"SGD 0 – 39,999.99",tier_1,SGD < 50,std_lt_50,fxRatesSgd,2026-09-11T07:00:13,2026-09-11T07:00:13,2026-09-11T16:38:45.278251+00:00,158.275,152.6575,155.85,155.4663,MAS,1.5559833172922757,2.048444016682705
standardized,ocbc,CNH,SGD,CNH/SGD,100,"SGD 0 – 39,999.99",tier_1,"SGD 200 – 39,999.99",std_200_40k,fxRatesSgd,2026-09-11T07:00:13,2026-09-11T07:00:13,2026-09-11T16:38:45.278251+00:00,19.2373,18.6691,,18.9532,,,
standardized,ocbc,CNH,SGD,CNH/SGD,100,"SGD 40,000 – 100,000",tier_2,"SGD 40,000 – 100,000",std_40k_100k,fxRatesSgd,2026-09-11T07:00:13,2026-09-11T07:00:13,2026-09-11T16:38:45.278251+00:00,19.2184,18.688,,18.9532,,,
standardized,ocbc,CNH,SGD,CNH/SGD,100,"SGD 0 – 39,999.99",tier_1,SGD 50 – 200,std_50_200,fxRatesSgd,2026-09-11T07:00:13,2026-09-11T07:00:13,2026-09-11T16:38:45.278251+00:00,19.2373,18.6691,,18.9532,,,
standardized,ocbc,CNH,SGD,CNH/SGD,100,"SGD 0 – 39,999.99",tier_1,SGD < 50,std_lt_50,fxRatesSgd,2026-09-11T07:00:13,2026-09-11T07:00:13,2026-09-11T16:38:45.278251+00:00,19.2373,18.6691,,18.9532,,,
standardized,ocbc,CZK,SGD,CZK/SGD,100,"SGD 0 – 39,999.99",tier_1,"SGD 200 – 39,999.99",std_200_40k,fxRatesSgd,2026-09-11T07:00:13,2026-09-11T07:00:13,2026-09-11T16:38:45.278251+00:00,0.0,0.0,,0.0,,,
standardized,ocbc,CZK,SGD,CZK/SGD,100,"SGD 40,000 – 100,000",tier_2,"SGD 40,000 – 100,000",std_40k_100k,fxRatesSgd,2026-09-11T07:00:13,2026-09-11T07:00:13,2026-09-11T16:38:45.278251+00:00,0.0,0.0,,0.0,,,
standardized,ocbc,CZK,SGD,CZK/SGD,100,"SGD 0 – 39,999.99",tier_1,SGD 50 – 200,std_50_200,fxRatesSgd,2026-09-11T07:00:13,2026-09-11T07:00:13,2026-09-11T16:38:45.278251+00:00,0.0,0.0,,0.0,,,
standardized,ocbc,CZK,SGD,CZK/SGD,100,"SGD 0 – 39,999.99",tier_1,SGD < 50,std_lt_50,fxRatesSgd,2026-09-11T07:00:13,2026-09-11T07:00:13,2026-09-11T16:38:45.278251+00:00,0.0,0.0,,0.0,,,
standardized,ocbc,DKK,SGD,DKK/SGD,100,"SGD 0 – 39,999.99",tier_1,"SGD 200 – 39,999.99",std_200_40k,fxRatesSgd,2026-09-11T07:00:13,2026-09-11T07:00:13,2026-09-11T16:38:45.278251+00:00,20.0156,19.3061,,19.6609,,,
standardized,ocbc,DKK,SGD,DKK/SGD,100,"SGD 40,000 – 100,000",tier_2,"SGD 40,000 – 100,000",std_40k_100k,fxRatesSgd,2026-09-11T07:00:13,2026-09-11T07:00:13,2026-09-11T16:38:45.278251+00:00,19.9764,19.3454,,19.6609,,,
standardized,ocbc,DKK,SGD,DKK/SGD,100,"SGD 0 – 39,999.99",tier_1,SGD 50 – 200,std_50_200,fxRatesSgd,2026-09-11T07:00:13,2026-09-11T07:00:13,2026-09-11T16:38:45.278251+00:00,20.0156,19.3061,,19.6609,,,
standardized,ocbc,DKK,SGD,DKK/SGD,100,"SGD 0 – 39,999.99",tier_1,SGD < 50,std_lt_50,fxRatesSgd,2026-09-11T07:00:13,2026-09-11T07:00:13,2026-09-11T16:38:45.278251+00:00,20.0156,19.3061,,19.6609,,,
standardized,ocbc,EUR,SGD,EUR/SGD,1,"SGD 0 – 39,999.99",tier_1,"SGD 200 – 39,999.99",std_200_40k,fxRatesSgd,2026-09-11T07:00:13,2026-09-11T07:00:13,2026-09-11T16:38:45.278251+00:00,1.4861,1.4497,1.4716,1.4679,MAS,0.9853220983963005,1.4881761348192464
standardized,ocbc,EUR,SGD,EUR/SGD,1,"SGD 40,000 – 100,000",tier_2,"SGD 40,000 – 100,000",std_40k_100k,fxRatesSgd,2026-09-11T07:00:13,2026-09-11T07:00:13,2026-09-11T16:38:45.278251+00:00,1.4844,1.4516,1.4716,1.4679,MAS,0.8698015765153522,1.3590649633052472
standardized,ocbc,EUR,SGD,EUR/SGD,1,"SGD 0 – 39,999.99",tier_1,SGD 50 – 200,std_50_200,fxRatesSgd,2026-09-11T07:00:13,2026-09-11T07:00:13,2026-09-11T16:38:45.278251+00:00,1.4861,1.4497,1.4716,1.4679,MAS,0.9853220983963005,1.4881761348192464
standardized,ocbc,EUR,SGD,EUR/SGD,1,"SGD 0 – 39,999.99",tier_1,SGD < 50,std_lt_50,fxRatesSgd,2026-09-11T07:00:13,2026-09-11T07:00:13,2026-09-11T16:38:45.278251+00:00,1.4861,1.4497,1.4716,1.4679,MAS,0.9853220983963005,1.4881761348192464
standardized,ocbc,GBP,SGD,GBP/SGD,1,"SGD 0 – 39,999.99",tier_1,"SGD 200 – 39,999.99",std_200_40k,fxRatesSgd,2026-09-11T07:00:13,2026-09-11T07:00:13,2026-09-11T16:38:45.278251+00:00,1.7345,1.6886,1.7123,1.7116,MAS,1.2965017812299247,1.3841032529346395
standardized,ocbc,GBP,SGD,GBP/SGD,1,"SGD 40,000 – 100,000",tier_2,"SGD 40,000 – 100,000",std_40k_100k,fxRatesSgd,2026-09-11T07:00:13,2026-09-11T07:00:13,2026-09-11T16:38:45.278251+00:00,1.7328,1.6907,1.7123,1.7116,MAS,1.1972201132979012,1.2614611925480257
standardized,ocbc,GBP,SGD,GBP/SGD,1,"SGD 0 – 39,999.99",tier_1,SGD 50 – 200,std_50_200,fxRatesSgd,2026-09-11T07:00:13,2026-09-11T07:00:13,2026-09-11T16:38:45.278251+00:00,1.7345,1.6886,1.7123,1.7116,MAS,1.2965017812299247,1.3841032529346395
standardized,ocbc,GBP,SGD,GBP/SGD,1,"SGD 0 – 39,999.99",tier_1,SGD < 50,std_lt_50,fxRatesSgd,2026-09-11T07:00:13,2026-09-11T07:00:13,2026-09-11T16:38:45.278251+00:00,1.7345,1.6886,1.7123,1.7116,MAS,1.2965017812299247,1.3841032529346395
standardized,ocbc,HKD,SGD,HKD/SGD,100,"SGD 0 – 39,999.99",tier_1,"SGD 200 – 39,999.99",std_200_40k,fxRatesSgd,2026-09-11T07:00:13,2026-09-11T07:00:13,2026-09-11T16:38:45.278251+00:00,16.3732,15.9778,16.18,16.1755,MAS,1.1940667490729353,1.2496909765142121
standardized,ocbc,HKD,SGD,HKD/SGD,100,"SGD 40,000 – 100,000",tier_2,"SGD 40,000 – 100,000",std_40k_100k,fxRatesSgd,2026-09-11T07:00:13,2026-09-11T07:00:13,2026-09-11T16:38:45.278251+00:00,16.3441,15.9875,16.18,16.1755,MAS,1.014215080346114,1.1897404202719346
standardized,ocbc,HKD,SGD,HKD/SGD,100,"SGD 0 – 39,999.99",tier_1,SGD 50 – 200,std_50_200,fxRatesSgd,2026-09-11T07:00:13,2026-09-11T07:00:13,2026-09-11T16:38:45.278251+00:00,16.3732,15.9778,16.18,16.1755,MAS,1.1940667490729353,1.2496909765142121
standardized,ocbc,HKD,SGD,HKD/SGD,100,"SGD 0 – 39,999.99",tier_1,SGD < 50,std_lt_50,fxRatesSgd,2026-09-11T07:00:13,2026-09-11T07:00:13,2026-09-11T16:38:45.278251+00:00,16.3732,15.9778,16.18,16.1755,MAS,1.1940667490729353,1.2496909765142121
standardized,ocbc,HUF,SGD,HUF/SGD,100,"SGD 0 – 39,999.99",tier_1,"SGD 200 – 39,999.99",std_200_40k,fxRatesSgd,2026-09-11T07:00:13,2026-09-11T07:00:13,2026-09-11T16:38:45.278251+00:00,0.0,0.0,,0.0,,,
standardized,ocbc,HUF,SGD,HUF/SGD,100,"SGD 40,000 – 100,000",tier_2,"SGD 40,000 – 100,000",std_40k_100k,fxRatesSgd,2026-09-11T07:00:13,2026-09-11T07:00:13,2026-09-11T16:38:45.278251+00:00,0.0,0.0,,0.0,,,
standardized,ocbc,HUF,SGD,HUF/SGD,100,"SGD 0 – 39,999.99",tier_1,SGD 50 – 200,std_50_200,fxRatesSgd,2026-09-11T07:00:13,2026-09-11T07:00:13,2026-09-11T16:38:45.278251+00:00,0.0,0.0,,0.0,,,
standardized,ocbc,HUF,SGD,HUF/SGD,100,"SGD 0 – 39,999.99",tier_1,SGD < 50,std_lt_50,fxRatesSgd,2026-09-11T07:00:13,2026-09-11T07:00:13,2026-09-11T16:38:45.278251+00:00,0.0,0.0,,0.0,,,
standardized,ocbc,IDR,SGD,IDR/SGD,100,"SGD 0 – 39,999.99",tier_1,"SGD 200 – 39,999.99",std_200_40k,fxRatesSgd,2026-09-11T07:00:13,2026-09-11T07:00:13,2026-09-11T16:38:45.278251+00:00,0.0074,0.0,0.0071979999999999995,0.0074,MAS,2.8063350930814224,100.0
standardized,ocbc,IDR,SGD,IDR/SGD,100,"SGD 40,000 – 100,000",tier_2,"SGD 40,000 – 100,000",std_40k_100k,fxRatesSgd,2026-09-11T07:00:13,2026-09-11T07:00:13,2026-09-11T16:38:45.278251+00:00,0.0074,0.0,0.0071979999999999995,0.0074,MAS,2.8063350930814224,100.0
standardized,ocbc,IDR,SGD,IDR/SGD,100,"SGD 0 – 39,999.99",tier_1,SGD 50 – 200,std_50_200,fxRatesSgd,2026-09-11T07:00:13,2026-09-11T07:00:13,2026-09-11T16:38:45.278251+00:00,0.0074,0.0,0.0071979999999999995,0.0074,MAS,2.8063350930814224,100.0
standardized,ocbc,IDR,SGD,IDR/SGD,100,"SGD 0 – 39,999.99",tier_1,SGD < 50,std_lt_50,fxRatesSgd,2026-09-11T07:00:13,2026-09-11T07:00:13,2026-09-11T16:38:45.278251+00:00,0.0074,0.0,0.0071979999999999995,0.0074,MAS,2.8063350930814224,100.0
standardized,ocbc,ILS,SGD,ILS/SGD,100,"SGD 0 – 39,999.99",tier_1,"SGD 200 – 39,999.99",std_200_40k,fxRatesSgd,2026-09-11T07:00:13,2026-09-11T07:00:13,2026-09-11T16:38:45.278251+00:00,0.0,0.0,,0.0,,,
standardized,ocbc,ILS,SGD,ILS/SGD,100,"SGD 40,000 – 100,000",tier_2,"SGD 40,000 – 100,000",std_40k_100k,fxRatesSgd,2026-09-11T07:00:13,2026-09-11T07:00:13,2026-09-11T16:38:45.278251+00:00,0.0,0.0,,0.0,,,
standardized,ocbc,ILS,SGD,ILS/SGD,100,"SGD 0 – 39,999.99",tier_1,SGD 50 – 200,std_50_200,fxRatesSgd,2026-09-11T07:00:13,2026-09-11T07:00:13,2026-09-11T16:38:45.278251+00:00,0.0,0.0,,0.0,,,
standardized,ocbc,ILS,SGD,ILS/SGD,100,"SGD 0 – 39,999.99",tier_1,SGD < 50,std_lt_50,fxRatesSgd,2026-09-11T07:00:13,2026-09-11T07:00:13,2026-09-11T16:38:45.278251+00:00,0.0,0.0,,0.0,,,
standardized,ocbc,INR,SGD,INR/SGD,100,"SGD 0 – 39,999.99",tier_1,"SGD 200 – 39,999.99",std_200_40k,fxRatesSgd,2026-09-11T07:00:13,2026-09-11T07:00:13,2026-09-11T16:38:45.278251+00:00,1.3645,0.0,1.3251,1.3645,MAS,2.9733605010942648,100.0
standardized,ocbc,INR,SGD,INR/SGD,100,"SGD 40,000 – 100,000",tier_2,"SGD 40,000 – 100,000",std_40k_100k,fxRatesSgd,2026-09-11T07:00:13,2026-09-11T07:00:13,2026-09-11T16:38:45.278251+00:00,1.3618,0.0,1.3251,1.3645,MAS,2.7696022941664746,100.0
standardized,ocbc,INR,SGD,INR/SGD,100,"SGD 0 – 39,999.99",tier_1,SGD 50 – 200,std_50_200,fxRatesSgd,2026-09-11T07:00:13,2026-09-11T07:00:13,2026-09-11T16:38:45.278251+00:00,1.3645,0.0,1.3251,1.3645,MAS,2.9733605010942648,100.0
standardized,ocbc,INR,SGD,INR/SGD,100,"SGD 0 – 39,999.99",tier_1,SGD < 50,std_lt_50,fxRatesSgd,2026-09-11T07:00:13,2026-09-11T07:00:13,2026-09-11T16:38:45.278251+00:00,1.3645,0.0,1.3251,1.3645,MAS,2.9733605010942648,100.0
standardized,ocbc,JOD,SGD,JOD/SGD,1,"SGD 0 – 39,999.99",tier_1,"SGD 200 – 39,999.99",std_200_40k,fxRatesSgd,2026-09-11T07:00:13,2026-09-11T07:00:13,2026-09-11T16:38:45.278251+00:00,0.0,0.0,,0.0,,,
standardized,ocbc,JOD,SGD,JOD/SGD,1,"SGD 40,000 – 100,000",tier_2,"SGD 40,000 – 100,000",std_40k_100k,fxRatesSgd,2026-09-11T07:00:13,2026-09-11T07:00:13,2026-09-11T16:38:45.278251+00:00,0.0,0.0,,0.0,,,
standardized,ocbc,JOD,SGD,JOD/SGD,1,"SGD 0 – 39,999.99",tier_1,SGD 50 – 200,std_50_200,fxRatesSgd,2026-09-11T07:00:13,2026-09-11T07:00:13,2026-09-11T16:38:45.278251+00:00,0.0,0.0,,0.0,,,
standardized,ocbc,JOD,SGD,JOD/SGD,1,"SGD 0 – 39,999.99",tier_1,SGD < 50,std_lt_50,fxRatesSgd,2026-09-11T07:00:13,2026-09-11T07:00:13,2026-09-11T16:38:45.278251+00:00,0.0,0.0,,0.0,,,
standardized,ocbc,JPY,SGD,JPY/SGD,100,"SGD 0 – 39,999.99",tier_1,"SGD 200 – 39,999.99",std_200_40k,fxRatesSgd,2026-09-11T07:00:13,2026-09-11T07:00:13,2026-09-11T16:38:45.278251+00:00,0.8341,0.8136,0.8215,0.8239,MAS,1.5337796713329208,0.961655508216679
standardized,ocbc,JPY,SGD,JPY/SGD,100,"SGD 40,000 – 100,000",tier_2,"SGD 40,000 – 100,000",std_40k_100k,fxRatesSgd,2026-09-11T07:00:13,2026-09-11T07:00:13,2026-09-11T16:38:45.278251+00:00,0.8333,0.815,0.8215,0.8239,MAS,1.436396835057825,0.7912355447352479
standardized,ocbc,JPY,SGD,JPY/SGD,100,"SGD 0 – 39,999.99",tier_1,SGD 50 – 200,std_50_200,fxRatesSgd,2026-09-11T07:00:13,2026-09-11T07:00:13,2026-09-11T16:38:45.278251+00:00,0.8341,0.8136,0.8215,0.8239,MAS,1.5337796713329208,0.961655508216679
standardized,ocbc,JPY,SGD,JPY/SGD,100,"SGD 0 – 39,999.99",tier_1,SGD < 50,std_lt_50,fxRatesSgd,2026-09-11T07:00:13,2026-09-11T07:00:13,2026-09-11T16:38:45.278251+00:00,0.8341,0.8136,0.8215,0.8239,MAS,1.5337796713329208,0.961655508216679
standardized,ocbc,KRW,SGD,KRW/SGD,100,"SGD 0 – 39,999.99",tier_1,"SGD 200 – 39,999.99",std_200_40k,fxRatesSgd,2026-09-11T07:00:13,2026-09-11T07:00:13,2026-09-11T16:38:45.278251+00:00,0.0,0.0,0.0943,0.0,MAS,-100.0,100.0
standardized,ocbc,KRW,SGD,KRW/SGD,100,"SGD 40,000 – 100,000",tier_2,"SGD 40,000 – 100,000",std_40k_100k,fxRatesSgd,2026-09-11T07:00:13,2026-09-11T07:00:13,2026-09-11T16:38:45.278251+00:00,0.0,0.0,0.0943,0.0,MAS,-100.0,100.0
standardized,ocbc,KRW,SGD,KRW/SGD,100,"SGD 0 – 39,999.99",tier_1,SGD 50 – 200,std_50_200,fxRatesSgd,2026-09-11T07:00:13,2026-09-11T07:00:13,2026-09-11T16:38:45.278251+00:00,0.0,0.0,0.0943,0.0,MAS,-100.0,100.0
standardized,ocbc,KRW,SGD,KRW/SGD,100,"SGD 0 – 39,999.99",tier_1,SGD < 50,std_lt_50,fxRatesSgd,2026-09-11T07:00:13,2026-09-11T07:00:13,2026-09-11T16:38:45.278251+00:00,0.0,0.0,0.0943,0.0,MAS,-100.0,100.0
standardized,ocbc,LKR,SGD,LKR/SGD,100,"SGD 0 – 39,999.99",tier_1,"SGD 200 – 39,999.99",std_200_40k,fxRatesSgd,2026-09-11T07:00:13,2026-09-11T07:00:13,2026-09-11T16:38:45.278251+00:00,0.3977,0.0,,0.3977,,,
standardized,ocbc,LKR,SGD,LKR/SGD,100,"SGD 40,000 – 100,000",tier_2,"SGD 40,000 – 100,000",std_40k_100k,fxRatesSgd,2026-09-11T07:00:13,2026-09-11T07:00:13,2026-09-11T16:38:45.278251+00:00,0.3969,0.0,,0.3977,,,
standardized,ocbc,LKR,SGD,LKR/SGD,100,"SGD 0 – 39,999.99",tier_1,SGD 50 – 200,std_50_200,fxRatesSgd,2026-09-11T07:00:13,2026-09-11T07:00:13,2026-09-11T16:38:45.278251+00:00,0.3977,0.0,,0.3977,,,
standardized,ocbc,LKR,SGD,LKR/SGD,100,"SGD 0 – 39,999.99",tier_1,SGD < 50,std_lt_50,fxRatesSgd,2026-09-11T07:00:13,2026-09-11T07:00:13,2026-09-11T16:38:45.278251+00:00,0.3977,0.0,,0.3977,,,
standardized,ocbc,MAD,SGD,MAD/SGD,100,"SGD 0 – 39,999.99",tier_1,"SGD 200 – 39,999.99",std_200_40k,fxRatesSgd,2026-09-11T07:00:13,2026-09-11T07:00:13,2026-09-11T16:38:45.278251+00:00,0.0,0.0,,0.0,,,
standardized,ocbc,MAD,SGD,MAD/SGD,100,"SGD 40,000 – 100,000",tier_2,"SGD 40,000 – 100,000",std_40k_100k,fxRatesSgd,2026-09-11T07:00:13,2026-09-11T07:00:13,2026-09-11T16:38:45.278251+00:00,0.0,0.0,,0.0,,,
standardized,ocbc,MAD,SGD,MAD/SGD,100,"SGD 0 – 39,999.99",tier_1,SGD 50 – 200,std_50_200,fxRatesSgd,2026-09-11T07:00:13,2026-09-11T07:00:13,2026-09-11T16:38:45.278251+00:00,0.0,0.0,,0.0,,,
standardized,ocbc,MAD,SGD,MAD/SGD,100,"SGD 0 – 39,999.99",tier_1,SGD < 50,std_lt_50,fxRatesSgd,2026-09-11T07:00:13,2026-09-11T07:00:13,2026-09-11T16:38:45.278251+00:00,0.0,0.0,,0.0,,,
standardized,ocbc,MXN,SGD,MXN/SGD,100,"SGD 0 – 39,999.99",tier_1,"SGD 200 – 39,999.99",std_200_40k,fxRatesSgd,2026-09-11T07:00:13,2026-09-11T07:00:13,2026-09-11T16:38:45.278251+00:00,7.6952,0.0,,7.6952,,,
standardized,ocbc,MXN,SGD,MXN/SGD,100,"SGD 40,000 – 100,000",tier_2,"SGD 40,000 – 100,000",std_40k_100k,fxRatesSgd,2026-09-11T07:00:13,2026-09-11T07:00:13,2026-09-11T16:38:45.278251+00:00,7.6937,0.0,,7.6952,,,
standardized,ocbc,MXN,SGD,MXN/SGD,100,"SGD 0 – 39,999.99",tier_1,SGD 50 – 200,std_50_200,fxRatesSgd,2026-09-11T07:00:13,2026-09-11T07:00:13,2026-09-11T16:38:45.278251+00:00,7.6952,0.0,,7.6952,,,
standardized,ocbc,MXN,SGD,MXN/SGD,100,"SGD 0 – 39,999.99",tier_1,SGD < 50,std_lt_50,fxRatesSgd,2026-09-11T07:00:13,2026-09-11T07:00:13,2026-09-11T16:38:45.278251+00:00,7.6952,0.0,,7.6952,,,
standardized,ocbc,MYR,SGD,MYR/SGD,100,"SGD 0 – 39,999.99",tier_1,"SGD 200 – 39,999.99",std_200_40k,fxRatesSgd,2026-09-11T07:00:13,2026-09-11T07:00:13,2026-09-11T16:38:45.278251+00:00,0.0,0.0,31.120000000000005,0.0,MAS,-100.0,100.0
standardized,ocbc,MYR,SGD,MYR/SGD,100,"SGD 40,000 – 100,000",tier_2,"SGD 40,000 – 100,000",std_40k_100k,fxRatesSgd,2026-09-11T07:00:13,2026-09-11T07:00:13,2026-09-11T16:38:45.278251+00:00,0.0,0.0,31.120000000000005,0.0,MAS,-100.0,100.0
standardized,ocbc,MYR,SGD,MYR/SGD,100,"SGD 0 – 39,999.99",tier_1,SGD 50 – 200,std_50_200,fxRatesSgd,2026-09-11T07:00:13,2026-09-11T07:00:13,2026-09-11T16:38:45.278251+00:00,0.0,0.0,31.120000000000005,0.0,MAS,-100.0,100.0
standardized,ocbc,MYR,SGD,MYR/SGD,100,"SGD 0 – 39,999.99",tier_1,SGD < 50,std_lt_50,fxRatesSgd,2026-09-11T07:00:13,2026-09-11T07:00:13,2026-09-11T16:38:45.278251+00:00,0.0,0.0,31.120000000000005,0.0,MAS,-100.0,100.0
standardized,ocbc,NOK,SGD,NOK/SGD,100,"SGD 0 – 39,999.99",tier_1,"SGD 200 – 39,999.99",std_200_40k,fxRatesSgd,2026-09-11T07:00:13,2026-09-11T07:00:13,2026-09-11T16:38:45.278251+00:00,13.855,13.3613,,13.6082,,,
standardized,ocbc,NOK,SGD,NOK/SGD,100,"SGD 40,000 – 100,000",tier_2,"SGD 40,000 – 100,000",std_40k_100k,fxRatesSgd,2026-09-11T07:00:13,2026-09-11T07:00:13,2026-09-11T16:38:45.278251+00:00,13.8278,13.3886,,13.6082,,,
standardized,ocbc,NOK,SGD,NOK/SGD,100,"SGD 0 – 39,999.99",tier_1,SGD 50 – 200,std_50_200,fxRatesSgd,2026-09-11T07:00:13,2026-09-11T07:00:13,2026-09-11T16:38:45.278251+00:00,13.855,13.3613,,13.6082,,,
standardized,ocbc,NOK,SGD,NOK/SGD,100,"SGD 0 – 39,999.99",tier_1,SGD < 50,std_lt_50,fxRatesSgd,2026-09-11T07:00:13,2026-09-11T07:00:13,2026-09-11T16:38:45.278251+00:00,13.855,13.3613,,13.6082,,,
standardized,ocbc,NZD,SGD,NZD/SGD,1,"SGD 0 – 39,999.99",tier_1,"SGD 200 – 39,999.99",std_200_40k,fxRatesSgd,2026-09-11T07:00:13,2026-09-11T07:00:13,2026-09-11T16:38:45.278251+00:00,0.753,0.7274,0.7387,0.7402,MAS,1.9358332205225366,1.5297143630702554
standardized,ocbc,NZD,SGD,NZD/SGD,1,"SGD 40,000 – 100,000",tier_2,"SGD 40,000 – 100,000",std_40k_100k,fxRatesSgd,2026-09-11T07:00:13,2026-09-11T07:00:13,2026-09-11T16:38:45.278251+00:00,0.7512,0.7297,0.7387,0.7402,MAS,1.692161906051165,1.2183565723568441
standardized,ocbc,NZD,SGD,NZD/SGD,1,"SGD 0 – 39,999.99",tier_1,SGD 50 – 200,std_50_200,fxRatesSgd,2026-09-11T07:00:13,2026-09-11T07:00:13,2026-09-11T16:38:45.278251+00:00,0.753,0.7274,0.7387,0.7402,MAS,1.9358332205225366,1.5297143630702554
standardized,ocbc,NZD,SGD,NZD/SGD,1,"SGD 0 – 39,999.99",tier_1,SGD < 50,std_lt_50,fxRatesSgd,2026-09-11T07:00:13,2026-09-11T07:00:13,2026-09-11T16:38:45.278251+00:00,0.753,0.7274,0.7387,0.7402,MAS,1.9358332205225366,1.5297143630702554
standardized,ocbc,OMR,SGD,OMR/SGD,1,"SGD 0 – 39,999.99",tier_1,"SGD 200 – 39,999.99",std_200_40k,fxRatesSgd,2026-09-11T07:00:13,2026-09-11T07:00:13,2026-09-11T16:38:45.278251+00:00,0.0,0.0,,0.0,,,
standardized,ocbc,OMR,SGD,OMR/SGD,1,"SGD 40,000 – 100,000",tier_2,"SGD 40,000 – 100,000",std_40k_100k,fxRatesSgd,2026-09-11T07:00:13,2026-09-11T07:00:13,2026-09-11T16:38:45.278251+00:00,0.0,0.0,,0.0,,,
standardized,ocbc,OMR,SGD,OMR/SGD,1,"SGD 0 – 39,999.99",tier_1,SGD 50 – 200,std_50_200,fxRatesSgd,2026-09-11T07:00:13,2026-09-11T07:00:13,2026-09-11T16:38:45.278251+00:00,0.0,0.0,,0.0,,,
standardized,ocbc,OMR,SGD,OMR/SGD,1,"SGD 0 – 39,999.99",tier_1,SGD < 50,std_lt_50,fxRatesSgd,2026-09-11T07:00:13,2026-09-11T07:00:13,2026-09-11T16:38:45.278251+00:00,0.0,0.0,,0.0,,,
standardized,ocbc,PHP,SGD,PHP/SGD,100,"SGD 0 – 39,999.99",tier_1,"SGD 200 – 39,999.99",std_200_40k,fxRatesSgd,2026-09-11T07:00:13,2026-09-11T07:00:13,2026-09-11T16:38:45.278251+00:00,2.0883,0.0,2.0222,2.0883,MAS,3.268717238650954,100.0
standardized,ocbc,PHP,SGD,PHP/SGD,100,"SGD 40,000 – 100,000",tier_2,"SGD 40,000 – 100,000",std_40k_100k,fxRatesSgd,2026-09-11T07:00:13,2026-09-11T07:00:13,2026-09-11T16:38:45.278251+00:00,2.0873,0.0,2.0222,2.0883,MAS,3.2192661457818073,100.0
standardized,ocbc,PHP,SGD,PHP/SGD,100,"SGD 0 – 39,999.99",tier_1,SGD 50 – 200,std_50_200,fxRatesSgd,2026-09-11T07:00:13,2026-09-11T07:00:13,2026-09-11T16:38:45.278251+00:00,2.0883,0.0,2.0222,2.0883,MAS,3.268717238650954,100.0
standardized,ocbc,PHP,SGD,PHP/SGD,100,"SGD 0 – 39,999.99",tier_1,SGD < 50,std_lt_50,fxRatesSgd,2026-09-11T07:00:13,2026-09-11T07:00:13,2026-09-11T16:38:45.278251+00:00,2.0883,0.0,2.0222,2.0883,MAS,3.268717238650954,100.0
standardized,ocbc,PLN,SGD,PLN/SGD,100,"SGD 0 – 39,999.99",tier_1,"SGD 200 – 39,999.99",std_200_40k,fxRatesSgd,2026-09-11T07:00:13,2026-09-11T07:00:13,2026-09-11T16:38:45.278251+00:00,35.0746,32.8862,,33.9804,,,
standardized,ocbc,PLN,SGD,PLN/SGD,100,"SGD 40,000 – 100,000",tier_2,"SGD 40,000 – 100,000",std_40k_100k,fxRatesSgd,2026-09-11T07:00:13,2026-09-11T07:00:13,2026-09-11T16:38:45.278251+00:00,35.0573,32.913,,33.9804,,,
standardized,ocbc,PLN,SGD,PLN/SGD,100,"SGD 0 – 39,999.99",tier_1,SGD 50 – 200,std_50_200,fxRatesSgd,2026-09-11T07:00:13,2026-09-11T07:00:13,2026-09-11T16:38:45.278251+00:00,35.0746,32.8862,,33.9804,,,
standardized,ocbc,PLN,SGD,PLN/SGD,100,"SGD 0 – 39,999.99",tier_1,SGD < 50,std_lt_50,fxRatesSgd,2026-09-11T07:00:13,2026-09-11T07:00:13,2026-09-11T16:38:45.278251+00:00,35.0746,32.8862,,33.9804,,,
standardized,ocbc,QAR,SGD,QAR/SGD,100,"SGD 0 – 39,999.99",tier_1,"SGD 200 – 39,999.99",std_200_40k,fxRatesSgd,2026-09-11T07:00:13,2026-09-11T07:00:13,2026-09-11T16:38:45.278251+00:00,35.7736,33.7295,34.8,34.7516,MAS,2.797701149425301,3.0761494252873436
standardized,ocbc,QAR,SGD,QAR/SGD,100,"SGD 40,000 – 100,000",tier_2,"SGD 40,000 – 100,000",std_40k_100k,fxRatesSgd,2026-09-11T07:00:13,2026-09-11T07:00:13,2026-09-11T16:38:45.278251+00:00,35.7524,33.7467,34.8,34.7516,MAS,2.7367816091954147,3.0267241379310352
standardized,ocbc,QAR,SGD,QAR/SGD,100,"SGD 0 – 39,999.99",tier_1,SGD 50 – 200,std_50_200,fxRatesSgd,2026-09-11T07:00:13,2026-09-11T07:00:13,2026-09-11T16:38:45.278251+00:00,35.7736,33.7295,34.8,34.7516,MAS,2.797701149425301,3.0761494252873436
standardized,ocbc,QAR,SGD,QAR/SGD,100,"SGD 0 – 39,999.99",tier_1,SGD < 50,std_lt_50,fxRatesSgd,2026-09-11T07:00:13,2026-09-11T07:00:13,2026-09-11T16:38:45.278251+00:00,35.7736,33.7295,34.8,34.7516,MAS,2.797701149425301,3.0761494252873436
standardized,ocbc,RON,SGD,RON/SGD,100,"SGD 0 – 39,999.99",tier_1,"SGD 200 – 39,999.99",std_200_40k,fxRatesSgd,2026-09-11T07:00:13,2026-09-11T07:00:13,2026-09-11T16:38:45.278251+00:00,0.0,0.0,,0.0,,,
standardized,ocbc,RON,SGD,RON/SGD,100,"SGD 40,000 – 100,000",tier_2,"SGD 40,000 – 100,000",std_40k_100k,fxRatesSgd,2026-09-11T07:00:13,2026-09-11T07:00:13,2026-09-11T16:38:45.278251+00:00,0.0,0.0,,0.0,,,
standardized,ocbc,RON,SGD,RON/SGD,100,"SGD 0 – 39,999.99",tier_1,SGD 50 – 200,std_50_200,fxRatesSgd,2026-09-11T07:00:13,2026-09-11T07:00:13,2026-09-11T16:38:45.278251+00:00,0.0,0.0,,0.0,,,
standardized,ocbc,RON,SGD,RON/SGD,100,"SGD 0 – 39,999.99",tier_1,SGD < 50,std_lt_50,fxRatesSgd,2026-09-11T07:00:13,2026-09-11T07:00:13,2026-09-11T16:38:45.278251+00:00,0.0,0.0,,0.0,,,
standardized,ocbc,RUB,SGD,RUB/SGD,100,"SGD 0 – 39,999.99",tier_1,"SGD 200 – 39,999.99",std_200_40k,fxRatesSgd,2026-09-11T07:00:13,2026-09-11T07:00:13,2026-09-11T16:38:45.278251+00:00,0.0,0.0,,0.0,,,
standardized,ocbc,RUB,SGD,RUB/SGD,100,"SGD 40,000 – 100,000",tier_2,"SGD 40,000 – 100,000",std_40k_100k,fxRatesSgd,2026-09-11T07:00:13,2026-09-11T07:00:13,2026-09-11T16:38:45.278251+00:00,0.0,0.0,,0.0,,,
standardized,ocbc,RUB,SGD,RUB/SGD,100,"SGD 0 – 39,999.99",tier_1,SGD 50 – 200,std_50_200,fxRatesSgd,2026-09-11T07:00:13,2026-09-11T07:00:13,2026-09-11T16:38:45.278251+00:00,0.0,0.0,,0.0,,,
standardized,ocbc,RUB,SGD,RUB/SGD,100,"SGD 0 – 39,999.99",tier_1,SGD < 50,std_lt_50,fxRatesSgd,2026-09-11T07:00:13,2026-09-11T07:00:13,2026-09-11T16:38:45.278251+00:00,0.0,0.0,,0.0,,,
standardized,ocbc,SAR,SGD,SAR/SGD,100,"SGD 0 – 39,999.99",tier_1,"SGD 200 – 39,999.99",std_200_40k,fxRatesSgd,2026-09-11T07:00:13,2026-09-11T07:00:13,2026-09-11T16:38:45.278251+00:00,34.7045,32.7945,33.78,33.7495,MAS,2.7368265245707577,2.9174067495559557
standardized,ocbc,SAR,SGD,SAR/SGD,100,"SGD 40,000 – 100,000",tier_2,"SGD 40,000 – 100,000",std_40k_100k,fxRatesSgd,2026-09-11T07:00:13,2026-09-11T07:00:13,2026-09-11T16:38:45.278251+00:00,34.6874,32.8111,33.78,33.7495,MAS,2.6862048549437403,2.8682652457075126
standardized,ocbc,SAR,SGD,SAR/SGD,100,"SGD 0 – 39,999.99",tier_1,SGD 50 – 200,std_50_200,fxRatesSgd,2026-09-11T07:00:13,2026-09-11T07:00:13,2026-09-11T16:38:45.278251+00:00,34.7045,32.7945,33.78,33.7495,MAS,2.7368265245707577,2.9174067495559557
standardized,ocbc,SAR,SGD,SAR/SGD,100,"SGD 0 – 39,999.99",tier_1,SGD < 50,std_lt_50,fxRatesSgd,2026-09-11T07:00:13,2026-09-11T07:00:13,2026-09-11T16:38:45.278251+00:00,34.7045,32.7945,33.78,33.7495,MAS,2.7368265245707577,2.9174067495559557
standardized,ocbc,SEK,SGD,SEK/SGD,100,"SGD 0 – 39,999.99",tier_1,"SGD 200 – 39,999.99",std_200_40k,fxRatesSgd,2026-09-11T07:00:13,2026-09-11T07:00:13,2026-09-11T16:38:45.278251+00:00,13.3161,12.842,,13.0791,,,
standardized,ocbc,SEK,SGD,SEK/SGD,100,"SGD 40,000 – 100,000",tier_2,"SGD 40,000 – 100,000",std_40k_100k,fxRatesSgd,2026-09-11T07:00:13,2026-09-11T07:00:13,2026-09-11T16:38:45.278251+00:00,13.29,12.8682,,13.0791,,,
standardized,ocbc,SEK,SGD,SEK/SGD,100,"SGD 0 – 39,999.99",tier_1,SGD 50 – 200,std_50_200,fxRatesSgd,2026-09-11T07:00:13,2026-09-11T07:00:13,2026-09-11T16:38:45.278251+00:00,13.3161,12.842,,13.0791,,,
standardized,ocbc,SEK,SGD,SEK/SGD,100,"SGD 0 – 39,999.99",tier_1,SGD < 50,std_lt_50,fxRatesSgd,2026-09-11T07:00:13,2026-09-11T07:00:13,2026-09-11T16:38:45.278251+00:00,13.3161,12.842,,13.0791,,,
standardized,ocbc,THB,SGD,THB/SGD,100,"SGD 0 – 39,999.99",tier_1,"SGD 200 – 39,999.99",std_200_40k,fxRatesSgd,2026-09-11T07:00:13,2026-09-11T07:00:13,2026-09-11T16:38:45.278251+00:00,3.9439,3.7281,3.8240999999999996,3.836,MAS,3.1327632645589967,2.510394602651595
standardized,ocbc,THB,SGD,THB/SGD,100,"SGD 40,000 – 100,000",tier_2,"SGD 40,000 – 100,000",std_40k_100k,fxRatesSgd,2026-09-11T07:00:13,2026-09-11T07:00:13,2026-09-11T16:38:45.278251+00:00,3.9362,3.7358,3.8240999999999996,3.836,MAS,2.931408697471309,2.3090400355639193
standardized,ocbc,THB,SGD,THB/SGD,100,"SGD 0 – 39,999.99",tier_1,SGD 50 – 200,std_50_200,fxRatesSgd,2026-09-11T07:00:13,2026-09-11T07:00:13,2026-09-11T16:38:45.278251+00:00,3.9439,3.7281,3.8240999999999996,3.836,MAS,3.1327632645589967,2.510394602651595
standardized,ocbc,THB,SGD,THB/SGD,100,"SGD 0 – 39,999.99",tier_1,SGD < 50,std_lt_50,fxRatesSgd,2026-09-11T07:00:13,2026-09-11T07:00:13,2026-09-11T16:38:45.278251+00:00,3.9439,3.7281,3.8240999999999996,3.836,MAS,3.1327632645589967,2.510394602651595
standardized,ocbc,TRY,SGD,TRY/SGD,100,"SGD 0 – 39,999.99",tier_1,"SGD 200 – 39,999.99",std_200_40k,fxRatesSgd,2026-09-11T07:00:13,2026-09-11T07:00:13,2026-09-11T16:38:45.278251+00:00,2.6812,2.5695,,2.6254,,,
standardized,ocbc,TRY,SGD,TRY/SGD,100,"SGD 40,000 – 100,000",tier_2,"SGD 40,000 – 100,000",std_40k_100k,fxRatesSgd,2026-09-11T07:00:13,2026-09-11T07:00:13,2026-09-11T16:38:45.278251+00:00,2.6799,2.5698,,2.6254,,,
standardized,ocbc,TRY,SGD,TRY/SGD,100,"SGD 0 – 39,999.99",tier_1,SGD 50 – 200,std_50_200,fxRatesSgd,2026-09-11T07:00:13,2026-09-11T07:00:13,2026-09-11T16:38:45.278251+00:00,2.6812,2.5695,,2.6254,,,
standardized,ocbc,TRY,SGD,TRY/SGD,100,"SGD 0 – 39,999.99",tier_1,SGD < 50,std_lt_50,fxRatesSgd,2026-09-11T07:00:13,2026-09-11T07:00:13,2026-09-11T16:38:45.278251+00:00,2.6812,2.5695,,2.6254,,,
standardized,ocbc,TWD,SGD,TWD/SGD,100,"SGD 0 – 39,999.99",tier_1,"SGD 200 – 39,999.99",std_200_40k,fxRatesSgd,2026-09-11T07:00:13,2026-09-11T07:00:13,2026-09-11T16:38:45.278251+00:00,4.1672,0.0,4.0093,4.1672,MAS,3.9383433517072954,100.0
standardized,ocbc,TWD,SGD,TWD/SGD,100,"SGD 40,000 – 100,000",tier_2,"SGD 40,000 – 100,000",std_40k_100k,fxRatesSgd,2026-09-11T07:00:13,2026-09-11T07:00:13,2026-09-11T16:38:45.278251+00:00,0.0,0.0,4.0093,4.1672,MAS,-100.0,100.0
standardized,ocbc,TWD,SGD,TWD/SGD,100,"SGD 0 – 39,999.99",tier_1,SGD 50 – 200,std_50_200,fxRatesSgd,2026-09-11T07:00:13,2026-09-11T07:00:13,2026-09-11T16:38:45.278251+00:00,4.1672,0.0,4.0093,4.1672,MAS,3.9383433517072954,100.0
standardized,ocbc,TWD,SGD,TWD/SGD,100,"SGD 0 – 39,999.99",tier_1,SGD < 50,std_lt_50,fxRatesSgd,2026-09-11T07:00:13,2026-09-11T07:00:13,2026-09-11T16:38:45.278251+00:00,4.1672,0.0,4.0093,4.1672,MAS,3.9383433517072954,100.0
standardized,ocbc,USD,SGD,USD/SGD,1,"SGD 0 – 39,999.99",tier_1,"SGD 200 – 39,999.99",std_200_40k,fxRatesSgd,2026-09-11T07:00:13,2026-09-11T07:00:13,2026-09-11T16:38:45.278251+00:00,1.2798,1.2557,1.2685,1.2678,MAS,0.89081592432007,1.0090658257784724
standardized,ocbc,USD,SGD,USD/SGD,1,"SGD 40,000 – 100,000",tier_2,"SGD 40,000 – 100,000",std_40k_100k,fxRatesSgd,2026-09-11T07:00:13,2026-09-11T07:00:13,2026-09-11T16:38:45.278251+00:00,1.2785,1.2579,1.2685,1.2678,MAS,0.788332676389437,0.835632636972798
standardized,ocbc,USD,SGD,USD/SGD,1,"SGD 0 – 39,999.99",tier_1,SGD 50 – 200,std_50_200,fxRatesSgd,2026-09-11T07:00:13,2026-09-11T07:00:13,2026-09-11T16:38:45.278251+00:00,1.2798,1.2557,1.2685,1.2678,MAS,0.89081592432007,1.0090658257784724
standardized,ocbc,USD,SGD,USD/SGD,1,"SGD 0 – 39,999.99",tier_1,SGD < 50,std_lt_50,fxRatesSgd,2026-09-11T07:00:13,2026-09-11T07:00:13,2026-09-11T16:38:45.278251+00:00,1.2798,1.2557,1.2685,1.2678,MAS,0.89081592432007,1.0090658257784724
standardized,ocbc,ZAR,SGD,ZAR/SGD,100,"SGD 0 – 39,999.99",tier_1,"SGD 200 – 39,999.99",std_200_40k,fxRatesSgd,2026-09-11T07:00:13,2026-09-11T07:00:13,2026-09-11T16:38:45.278251+00:00,8.0875,7.6127,,7.8501,,,
standardized,ocbc,ZAR,SGD,ZAR/SGD,100,"SGD 40,000 – 100,000",tier_2,"SGD 40,000 – 100,000",std_40k_100k,fxRatesSgd,2026-09-11T07:00:13,2026-09-11T07:00:13,2026-09-11T16:38:45.278251+00:00,8.0835,7.6166,,7.8501,,,
standardized,ocbc,ZAR,SGD,ZAR/SGD,100,"SGD 0 – 39,999.99",tier_1,SGD 50 – 200,std_50_200,fxRatesSgd,2026-09-11T07:00:13,2026-09-11T07:00:13,2026-09-11T16:38:45.278251+00:00,8.0875,7.6127,,7.8501,,,
standardized,ocbc,ZAR,SGD,ZAR/SGD,100,"SGD 0 – 39,999.99",tier_1,SGD < 50,std_lt_50,fxRatesSgd,2026-09-11T07:00:13,2026-09-11T07:00:13,2026-09-11T16:38:45.278251+00:00,8.0875,7.6127,,7.8501,,,
standardized,uob,AED,SGD,AED/SGD,100,Indicative board,board,"SGD 200 – 39,999.99",std_200_40k,forex_sgd,11 September 2026 05:11:20 PM,11 September 2026 05:11:20 PM,2026-09-11T16:38:49.267810+00:00,35.37,33.67,34.54,34.519999999999996,MAS,2.4030110017371116,2.5188187608569703
standardized,uob,AED,SGD,AED/SGD,100,Indicative board,board,"SGD 40,000 – 100,000",std_40k_100k,forex_sgd,11 September 2026 05:11:20 PM,11 September 2026 05:11:20 PM,2026-09-11T16:38:49.267810+00:00,35.37,33.67,34.54,34.519999999999996,MAS,2.4030110017371116,2.5188187608569703
standardized,uob,AED,SGD,AED/SGD,100,Indicative board,board,SGD 50 – 200,std_50_200,forex_sgd,11 September 2026 05:11:20 PM,11 September 2026 05:11:20 PM,2026-09-11T16:38:49.267810+00:00,35.37,33.67,34.54,34.519999999999996,MAS,2.4030110017371116,2.5188187608569703
standardized,uob,AED,SGD,AED/SGD,100,Indicative board,board,SGD < 50,std_lt_50,forex_sgd,11 September 2026 05:11:20 PM,11 September 2026 05:11:20 PM,2026-09-11T16:38:49.267810+00:00,35.37,33.67,34.54,34.519999999999996,MAS,2.4030110017371116,2.5188187608569703
standardized,uob,AOA,SGD,AOA/SGD,100,Indicative board,board,"SGD 200 – 39,999.99",std_200_40k,forex_sgd,11 September 2026 05:11:20 PM,11 September 2026 05:11:20 PM,2026-09-11T16:38:49.267810+00:00,0.1425,,,,,,
standardized,uob,AOA,SGD,AOA/SGD,100,Indicative board,board,"SGD 40,000 – 100,000",std_40k_100k,forex_sgd,11 September 2026 05:11:20 PM,11 September 2026 05:11:20 PM,2026-09-11T16:38:49.267810+00:00,0.1425,,,,,,
standardized,uob,AOA,SGD,AOA/SGD,100,Indicative board,board,SGD 50 – 200,std_50_200,forex_sgd,11 September 2026 05:11:20 PM,11 September 2026 05:11:20 PM,2026-09-11T16:38:49.267810+00:00,0.1425,,,,,,
standardized,uob,AOA,SGD,AOA/SGD,100,Indicative board,board,SGD < 50,std_lt_50,forex_sgd,11 September 2026 05:11:20 PM,11 September 2026 05:11:20 PM,2026-09-11T16:38:49.267810+00:00,0.1425,,,,,,
standardized,uob,AUD,SGD,AUD/SGD,1,Indicative board,board,"SGD 200 – 39,999.99",std_200_40k,forex_sgd,11 September 2026 05:11:20 PM,11 September 2026 05:11:20 PM,2026-09-11T16:38:49.267810+00:00,0.9245,0.8935,0.9076000000000001,0.909,MAS,1.8620537681798055,1.5535478184222247
standardized,uob,AUD,SGD,AUD/SGD,1,Indicative board,board,"SGD 40,000 – 100,000",std_40k_100k,forex_sgd,11 September 2026 05:11:20 PM,11 September 2026 05:11:20 PM,2026-09-11T16:38:49.267810+00:00,0.9245,0.8935,0.9076000000000001,0.909,MAS,1.8620537681798055,1.5535478184222247
standardized,uob,AUD,SGD,AUD/SGD,1,Indicative board,board,SGD 50 – 200,std_50_200,forex_sgd,11 September 2026 05:11:20 PM,11 September 2026 05:11:20 PM,2026-09-11T16:38:49.267810+00:00,0.9245,0.8935,0.9076000000000001,0.909,MAS,1.8620537681798055,1.5535478184222247
standardized,uob,AUD,SGD,AUD/SGD,1,Indicative board,board,SGD < 50,std_lt_50,forex_sgd,11 September 2026 05:11:20 PM,11 September 2026 05:11:20 PM,2026-09-11T16:38:49.267810+00:00,0.9245,0.8935,0.9076000000000001,0.909,MAS,1.8620537681798055,1.5535478184222247
standardized,uob,BDT,SGD,BDT/SGD,100,Indicative board,board,"SGD 200 – 39,999.99",std_200_40k,forex_sgd,11 September 2026 05:11:20 PM,11 September 2026 05:11:20 PM,2026-09-11T16:38:49.267810+00:00,1.0573,,,,,,
standardized,uob,BDT,SGD,BDT/SGD,100,Indicative board,board,"SGD 40,000 – 100,000",std_40k_100k,forex_sgd,11 September 2026 05:11:20 PM,11 September 2026 05:11:20 PM,2026-09-11T16:38:49.267810+00:00,1.0573,,,,,,
standardized,uob,BDT,SGD,BDT/SGD,100,Indicative board,board,SGD 50 – 200,std_50_200,forex_sgd,11 September 2026 05:11:20 PM,11 September 2026 05:11:20 PM,2026-09-11T16:38:49.267810+00:00,1.0573,,,,,,
standardized,uob,BDT,SGD,BDT/SGD,100,Indicative board,board,SGD < 50,std_lt_50,forex_sgd,11 September 2026 05:11:20 PM,11 September 2026 05:11:20 PM,2026-09-11T16:38:49.267810+00:00,1.0573,,,,,,
standardized,uob,BND,SGD,BND/SGD,1,Indicative board,board,"SGD 200 – 39,999.99",std_200_40k,forex_sgd,11 September 2026 05:11:20 PM,11 September 2026 05:11:20 PM,2026-09-11T16:38:49.267810+00:00,1.0,1.0,,1.0,,,
standardized,uob,BND,SGD,BND/SGD,1,Indicative board,board,"SGD 40,000 – 100,000",std_40k_100k,forex_sgd,11 September 2026 05:11:20 PM,11 September 2026 05:11:20 PM,2026-09-11T16:38:49.267810+00:00,1.0,1.0,,1.0,,,
standardized,uob,BND,SGD,BND/SGD,1,Indicative board,board,SGD 50 – 200,std_50_200,forex_sgd,11 September 2026 05:11:20 PM,11 September 2026 05:11:20 PM,2026-09-11T16:38:49.267810+00:00,1.0,1.0,,1.0,,,
standardized,uob,BND,SGD,BND/SGD,1,Indicative board,board,SGD < 50,std_lt_50,forex_sgd,11 September 2026 05:11:20 PM,11 September 2026 05:11:20 PM,2026-09-11T16:38:49.267810+00:00,1.0,1.0,,1.0,,,
standardized,uob,CAD,SGD,CAD/SGD,1,Indicative board,board,"SGD 200 – 39,999.99",std_200_40k,forex_sgd,11 September 2026 05:11:20 PM,11 September 2026 05:11:20 PM,2026-09-11T16:38:49.267810+00:00,0.9256,0.9056,0.9163,0.9156,MAS,1.0149514351194997,1.1677398232020126
standardized,uob,CAD,SGD,CAD/SGD,1,Indicative board,board,"SGD 40,000 – 100,000",std_40k_100k,forex_sgd,11 September 2026 05:11:20 PM,11 September 2026 05:11:20 PM,2026-09-11T16:38:49.267810+00:00,0.9256,0.9056,0.9163,0.9156,MAS,1.0149514351194997,1.1677398232020126
standardized,uob,CAD,SGD,CAD/SGD,1,Indicative board,board,SGD 50 – 200,std_50_200,forex_sgd,11 September 2026 05:11:20 PM,11 September 2026 05:11:20 PM,2026-09-11T16:38:49.267810+00:00,0.9256,0.9056,0.9163,0.9156,MAS,1.0149514351194997,1.1677398232020126
standardized,uob,CAD,SGD,CAD/SGD,1,Indicative board,board,SGD < 50,std_lt_50,forex_sgd,11 September 2026 05:11:20 PM,11 September 2026 05:11:20 PM,2026-09-11T16:38:49.267810+00:00,0.9256,0.9056,0.9163,0.9156,MAS,1.0149514351194997,1.1677398232020126
standardized,uob,CHF,SGD,CHF/SGD,100,Indicative board,board,"SGD 200 – 39,999.99",std_200_40k,forex_sgd,11 September 2026 05:11:20 PM,11 September 2026 05:11:20 PM,2026-09-11T16:38:49.267810+00:00,157.38,154.08,155.85,155.73000000000002,MAS,0.9817131857555349,1.1357074109720768
standardized,uob,CHF,SGD,CHF/SGD,100,Indicative board,board,"SGD 40,000 – 100,000",std_40k_100k,forex_sgd,11 September 2026 05:11:20 PM,11 September 2026 05:11:20 PM,2026-09-11T16:38:49.267810+00:00,157.38,154.08,155.85,155.73000000000002,MAS,0.9817131857555349,1.1357074109720768
standardized,uob,CHF,SGD,CHF/SGD,100,Indicative board,board,SGD 50 – 200,std_50_200,forex_sgd,11 September 2026 05:11:20 PM,11 September 2026 05:11:20 PM,2026-09-11T16:38:49.267810+00:00,157.38,154.08,155.85,155.73000000000002,MAS,0.9817131857555349,1.1357074109720768
standardized,uob,CHF,SGD,CHF/SGD,100,Indicative board,board,SGD < 50,std_lt_50,forex_sgd,11 September 2026 05:11:20 PM,11 September 2026 05:11:20 PM,2026-09-11T16:38:49.267810+00:00,157.38,154.08,155.85,155.73000000000002,MAS,0.9817131857555349,1.1357074109720768
standardized,uob,CNH,SGD,CNH/SGD,100,Indicative board,board,"SGD 200 – 39,999.99",std_200_40k,forex_sgd,11 September 2026 05:11:20 PM,11 September 2026 05:11:20 PM,2026-09-11T16:38:49.267810+00:00,19.13,18.67,,18.9,,,
standardized,uob,CNH,SGD,CNH/SGD,100,Indicative board,board,"SGD 40,000 – 100,000",std_40k_100k,forex_sgd,11 September 2026 05:11:20 PM,11 September 2026 05:11:20 PM,2026-09-11T16:38:49.267810+00:00,19.13,18.67,,18.9,,,
standardized,uob,CNH,SGD,CNH/SGD,100,Indicative board,board,SGD 50 – 200,std_50_200,forex_sgd,11 September 2026 05:11:20 PM,11 September 2026 05:11:20 PM,2026-09-11T16:38:49.267810+00:00,19.13,18.67,,18.9,,,
standardized,uob,CNH,SGD,CNH/SGD,100,Indicative board,board,SGD < 50,std_lt_50,forex_sgd,11 September 2026 05:11:20 PM,11 September 2026 05:11:20 PM,2026-09-11T16:38:49.267810+00:00,19.13,18.67,,18.9,,,
standardized,uob,DKK,SGD,DKK/SGD,100,Indicative board,board,"SGD 200 – 39,999.99",std_200_40k,forex_sgd,11 September 2026 05:11:20 PM,11 September 2026 05:11:20 PM,2026-09-11T16:38:49.267810+00:00,20.03,19.33,,19.68,,,
standardized,uob,DKK,SGD,DKK/SGD,100,Indicative board,board,"SGD 40,000 – 100,000",std_40k_100k,forex_sgd,11 September 2026 05:11:20 PM,11 September 2026 05:11:20 PM,2026-09-11T16:38:49.267810+00:00,20.03,19.33,,19.68,,,
standardized,uob,DKK,SGD,DKK/SGD,100,Indicative board,board,SGD 50 – 200,std_50_200,forex_sgd,11 September 2026 05:11:20 PM,11 September 2026 05:11:20 PM,2026-09-11T16:38:49.267810+00:00,20.03,19.33,,19.68,,,
standardized,uob,DKK,SGD,DKK/SGD,100,Indicative board,board,SGD < 50,std_lt_50,forex_sgd,11 September 2026 05:11:20 PM,11 September 2026 05:11:20 PM,2026-09-11T16:38:49.267810+00:00,20.03,19.33,,19.68,,,
standardized,uob,EGP,SGD,EGP/SGD,100,Indicative board,board,"SGD 200 – 39,999.99",std_200_40k,forex_sgd,11 September 2026 05:11:20 PM,11 September 2026 05:11:20 PM,2026-09-11T16:38:49.267810+00:00,2.5364,,,,,,
standardized,uob,EGP,SGD,EGP/SGD,100,Indicative board,board,"SGD 40,000 – 100,000",std_40k_100k,forex_sgd,11 September 2026 05:11:20 PM,11 September 2026 05:11:20 PM,2026-09-11T16:38:49.267810+00:00,2.5364,,,,,,
standardized,uob,EGP,SGD,EGP/SGD,100,Indicative board,board,SGD 50 – 200,std_50_200,forex_sgd,11 September 2026 05:11:20 PM,11 September 2026 05:11:20 PM,2026-09-11T16:38:49.267810+00:00,2.5364,,,,,,
standardized,uob,EGP,SGD,EGP/SGD,100,Indicative board,board,SGD < 50,std_lt_50,forex_sgd,11 September 2026 05:11:20 PM,11 September 2026 05:11:20 PM,2026-09-11T16:38:49.267810+00:00,2.5364,,,,,,
standardized,uob,EUR,SGD,EUR/SGD,1,Indicative board,board,"SGD 200 – 39,999.99",std_200_40k,forex_sgd,11 September 2026 05:11:20 PM,11 September 2026 05:11:20 PM,2026-09-11T16:38:49.267810+00:00,1.4896,1.4516,1.4716,1.4706000000000001,MAS,1.2231584669747224,1.3590649633052472
standardized,uob,EUR,SGD,EUR/SGD,1,Indicative board,board,"SGD 40,000 – 100,000",std_40k_100k,forex_sgd,11 September 2026 05:11:20 PM,11 September 2026 05:11:20 PM,2026-09-11T16:38:49.267810+00:00,1.4896,1.4516,1.4716,1.4706000000000001,MAS,1.2231584669747224,1.3590649633052472
standardized,uob,EUR,SGD,EUR/SGD,1,Indicative board,board,SGD 50 – 200,std_50_200,forex_sgd,11 September 2026 05:11:20 PM,11 September 2026 05:11:20 PM,2026-09-11T16:38:49.267810+00:00,1.4896,1.4516,1.4716,1.4706000000000001,MAS,1.2231584669747224,1.3590649633052472
standardized,uob,EUR,SGD,EUR/SGD,1,Indicative board,board,SGD < 50,std_lt_50,forex_sgd,11 September 2026 05:11:20 PM,11 September 2026 05:11:20 PM,2026-09-11T16:38:49.267810+00:00,1.4896,1.4516,1.4716,1.4706000000000001,MAS,1.2231584669747224,1.3590649633052472
standardized,uob,GBP,SGD,GBP/SGD,1,Indicative board,board,"SGD 200 – 39,999.99",std_200_40k,forex_sgd,11 September 2026 05:11:20 PM,11 September 2026 05:11:20 PM,2026-09-11T16:38:49.267810+00:00,1.7352,1.6902,1.7123,1.7127,MAS,1.3373824680254711,1.290661683116277
standardized,uob,GBP,SGD,GBP/SGD,1,Indicative board,board,"SGD 40,000 – 100,000",std_40k_100k,forex_sgd,11 September 2026 05:11:20 PM,11 September 2026 05:11:20 PM,2026-09-11T16:38:49.267810+00:00,1.7352,1.6902,1.7123,1.7127,MAS,1.3373824680254711,1.290661683116277
standardized,uob,GBP,SGD,GBP/SGD,1,Indicative board,board,SGD 50 – 200,std_50_200,forex_sgd,11 September 2026 05:11:20 PM,11 September 2026 05:11:20 PM,2026-09-11T16:38:49.267810+00:00,1.7352,1.6902,1.7123,1.7127,MAS,1.3373824680254711,1.290661683116277
standardized,uob,GBP,SGD,GBP/SGD,1,Indicative board,board,SGD < 50,std_lt_50,forex_sgd,11 September 2026 05:11:20 PM,11 September 2026 05:11:20 PM,2026-09-11T16:38:49.267810+00:00,1.7352,1.6902,1.7123,1.7127,MAS,1.3373824680254711,1.290661683116277
standardized,uob,HKD,SGD,HKD/SGD,100,Indicative board,board,"SGD 200 – 39,999.99",std_200_40k,forex_sgd,11 September 2026 05:11:20 PM,11 September 2026 05:11:20 PM,2026-09-11T16:38:49.267810+00:00,16.349,15.991,16.18,16.17,MAS,1.0444993819530315,1.1681087762669966
standardized,uob,HKD,SGD,HKD/SGD,100,Indicative board,board,"SGD 40,000 – 100,000",std_40k_100k,forex_sgd,11 September 2026 05:11:20 PM,11 September 2026 05:11:20 PM,2026-09-11T16:38:49.267810+00:00,16.349,15.991,16.18,16.17,MAS,1.0444993819530315,1.1681087762669966
standardized,uob,HKD,SGD,HKD/SGD,100,Indicative board,board,SGD 50 – 200,std_50_200,forex_sgd,11 September 2026 05:11:20 PM,11 September 2026 05:11:20 PM,2026-09-11T16:38:49.267810+00:00,16.349,15.991,16.18,16.17,MAS,1.0444993819530315,1.1681087762669966
standardized,uob,HKD,SGD,HKD/SGD,100,Indicative board,board,SGD < 50,std_lt_50,forex_sgd,11 September 2026 05:11:20 PM,11 September 2026 05:11:20 PM,2026-09-11T16:38:49.267810+00:00,16.349,15.991,16.18,16.17,MAS,1.0444993819530315,1.1681087762669966
standardized,uob,INR,SGD,INR/SGD,100,Indicative board,board,"SGD 200 – 39,999.99",std_200_40k,forex_sgd,11 September 2026 05:11:20 PM,11 September 2026 05:11:20 PM,2026-09-11T16:38:49.267810+00:00,1.3626,,1.3251,,MAS,2.82997509621916,
standardized,uob,INR,SGD,INR/SGD,100,Indicative board,board,"SGD 40,000 – 100,000",std_40k_100k,forex_sgd,11 September 2026 05:11:20 PM,11 September 2026 05:11:20 PM,2026-09-11T16:38:49.267810+00:00,1.3626,,1.3251,,MAS,2.82997509621916,
standardized,uob,INR,SGD,INR/SGD,100,Indicative board,board,SGD 50 – 200,std_50_200,forex_sgd,11 September 2026 05:11:20 PM,11 September 2026 05:11:20 PM,2026-09-11T16:38:49.267810+00:00,1.3626,,1.3251,,MAS,2.82997509621916,
standardized,uob,INR,SGD,INR/SGD,100,Indicative board,board,SGD < 50,std_lt_50,forex_sgd,11 September 2026 05:11:20 PM,11 September 2026 05:11:20 PM,2026-09-11T16:38:49.267810+00:00,1.3626,,1.3251,,MAS,2.82997509621916,
standardized,uob,JPY,SGD,JPY/SGD,100,Indicative board,board,"SGD 200 – 39,999.99",std_200_40k,forex_sgd,11 September 2026 05:11:20 PM,11 September 2026 05:11:20 PM,2026-09-11T16:38:49.267810+00:00,0.8397,0.8057,0.8215,0.8227,MAS,2.2154595252586726,1.923311016433358
standardized,uob,JPY,SGD,JPY/SGD,100,Indicative board,board,"SGD 40,000 – 100,000",std_40k_100k,forex_sgd,11 September 2026 05:11:20 PM,11 September 2026 05:11:20 PM,2026-09-11T16:38:49.267810+00:00,0.8397,0.8057,0.8215,0.8227,MAS,2.2154595252586726,1.923311016433358
standardized,uob,JPY,SGD,JPY/SGD,100,Indicative board,board,SGD 50 – 200,std_50_200,forex_sgd,11 September 2026 05:11:20 PM,11 September 2026 05:11:20 PM,2026-09-11T16:38:49.267810+00:00,0.8397,0.8057,0.8215,0.8227,MAS,2.2154595252586726,1.923311016433358
standardized,uob,JPY,SGD,JPY/SGD,100,Indicative board,board,SGD < 50,std_lt_50,forex_sgd,11 September 2026 05:11:20 PM,11 September 2026 05:11:20 PM,2026-09-11T16:38:49.267810+00:00,0.8397,0.8057,0.8215,0.8227,MAS,2.2154595252586726,1.923311016433358
standardized,uob,KRW,SGD,KRW/SGD,1000,Indicative board,board,"SGD 200 – 39,999.99",std_200_40k,forex_sgd,11 September 2026 05:11:20 PM,11 September 2026 05:11:20 PM,2026-09-11T16:38:49.267810+00:00,0.954,,0.943,,MAS,1.166489925768824,
standardized,uob,KRW,SGD,KRW/SGD,1000,Indicative board,board,"SGD 40,000 – 100,000",std_40k_100k,forex_sgd,11 September 2026 05:11:20 PM,11 September 2026 05:11:20 PM,2026-09-11T16:38:49.267810+00:00,0.954,,0.943,,MAS,1.166489925768824,
standardized,uob,KRW,SGD,KRW/SGD,1000,Indicative board,board,SGD 50 – 200,std_50_200,forex_sgd,11 September 2026 05:11:20 PM,11 September 2026 05:11:20 PM,2026-09-11T16:38:49.267810+00:00,0.954,,0.943,,MAS,1.166489925768824,
standardized,uob,KRW,SGD,KRW/SGD,1000,Indicative board,board,SGD < 50,std_lt_50,forex_sgd,11 September 2026 05:11:20 PM,11 September 2026 05:11:20 PM,2026-09-11T16:38:49.267810+00:00,0.954,,0.943,,MAS,1.166489925768824,
standardized,uob,KWD,SGD,KWD/SGD,1,Indicative board,board,"SGD 200 – 39,999.99",std_200_40k,forex_sgd,11 September 2026 05:11:20 PM,11 September 2026 05:11:20 PM,2026-09-11T16:38:49.267810+00:00,4.1725,,,,,,
standardized,uob,KWD,SGD,KWD/SGD,1,Indicative board,board,"SGD 40,000 – 100,000",std_40k_100k,forex_sgd,11 September 2026 05:11:20 PM,11 September 2026 05:11:20 PM,2026-09-11T16:38:49.267810+00:00,4.1725,,,,,,
standardized,uob,KWD,SGD,KWD/SGD,1,Indicative board,board,SGD 50 – 200,std_50_200,forex_sgd,11 September 2026 05:11:20 PM,11 September 2026 05:11:20 PM,2026-09-11T16:38:49.267810+00:00,4.1725,,,,,,
standardized,uob,KWD,SGD,KWD/SGD,1,Indicative board,board,SGD < 50,std_lt_50,forex_sgd,11 September 2026 05:11:20 PM,11 September 2026 05:11:20 PM,2026-09-11T16:38:49.267810+00:00,4.1725,,,,,,
standardized,uob,LKR,SGD,LKR/SGD,100,Indicative board,board,"SGD 200 – 39,999.99",std_200_40k,forex_sgd,11 September 2026 05:11:20 PM,11 September 2026 05:11:20 PM,2026-09-11T16:38:49.267810+00:00,0.3923,,,,,,
standardized,uob,LKR,SGD,LKR/SGD,100,Indicative board,board,"SGD 40,000 – 100,000",std_40k_100k,forex_sgd,11 September 2026 05:11:20 PM,11 September 2026 05:11:20 PM,2026-09-11T16:38:49.267810+00:00,0.3923,,,,,,
standardized,uob,LKR,SGD,LKR/SGD,100,Indicative board,board,SGD 50 – 200,std_50_200,forex_sgd,11 September 2026 05:11:20 PM,11 September 2026 05:11:20 PM,2026-09-11T16:38:49.267810+00:00,0.3923,,,,,,
standardized,uob,LKR,SGD,LKR/SGD,100,Indicative board,board,SGD < 50,std_lt_50,forex_sgd,11 September 2026 05:11:20 PM,11 September 2026 05:11:20 PM,2026-09-11T16:38:49.267810+00:00,0.3923,,,,,,
standardized,uob,MXN,SGD,MXN/SGD,100,Indicative board,board,"SGD 200 – 39,999.99",std_200_40k,forex_sgd,11 September 2026 05:11:20 PM,11 September 2026 05:11:20 PM,2026-09-11T16:38:49.267810+00:00,7.5332,,,,,,
standardized,uob,MXN,SGD,MXN/SGD,100,Indicative board,board,"SGD 40,000 – 100,000",std_40k_100k,forex_sgd,11 September 2026 05:11:20 PM,11 September 2026 05:11:20 PM,2026-09-11T16:38:49.267810+00:00,7.5332,,,,,,
standardized,uob,MXN,SGD,MXN/SGD,100,Indicative board,board,SGD 50 – 200,std_50_200,forex_sgd,11 September 2026 05:11:20 PM,11 September 2026 05:11:20 PM,2026-09-11T16:38:49.267810+00:00,7.5332,,,,,,
standardized,uob,MXN,SGD,MXN/SGD,100,Indicative board,board,SGD < 50,std_lt_50,forex_sgd,11 September 2026 05:11:20 PM,11 September 2026 05:11:20 PM,2026-09-11T16:38:49.267810+00:00,7.5332,,,,,,
standardized,uob,MYR,SGD,MYR/SGD,100,Indicative board,board,"SGD 200 – 39,999.99",std_200_40k,forex_sgd,11 September 2026 05:11:20 PM,11 September 2026 05:11:20 PM,2026-09-11T16:38:49.267810+00:00,31.6256,,31.120000000000005,,MAS,1.6246786632390553,
standardized,uob,MYR,SGD,MYR/SGD,100,Indicative board,board,"SGD 40,000 – 100,000",std_40k_100k,forex_sgd,11 September 2026 05:11:20 PM,11 September 2026 05:11:20 PM,2026-09-11T16:38:49.267810+00:00,31.6256,,31.120000000000005,,MAS,1.6246786632390553,
standardized,uob,MYR,SGD,MYR/SGD,100,Indicative board,board,SGD 50 – 200,std_50_200,forex_sgd,11 September 2026 05:11:20 PM,11 September 2026 05:11:20 PM,2026-09-11T16:38:49.267810+00:00,31.6256,,31.120000000000005,,MAS,1.6246786632390553,
standardized,uob,MYR,SGD,MYR/SGD,100,Indicative board,board,SGD < 50,std_lt_50,forex_sgd,11 September 2026 05:11:20 PM,11 September 2026 05:11:20 PM,2026-09-11T16:38:49.267810+00:00,31.6256,,31.120000000000005,,MAS,1.6246786632390553,
standardized,uob,NOK,SGD,NOK/SGD,100,Indicative board,board,"SGD 200 – 39,999.99",std_200_40k,forex_sgd,11 September 2026 05:11:20 PM,11 September 2026 05:11:20 PM,2026-09-11T16:38:49.267810+00:00,13.86,13.42,,13.64,,,
standardized,uob,NOK,SGD,NOK/SGD,100,Indicative board,board,"SGD 40,000 – 100,000",std_40k_100k,forex_sgd,11 September 2026 05:11:20 PM,11 September 2026 05:11:20 PM,2026-09-11T16:38:49.267810+00:00,13.86,13.42,,13.64,,,
standardized,uob,NOK,SGD,NOK/SGD,100,Indicative board,board,SGD 50 – 200,std_50_200,forex_sgd,11 September 2026 05:11:20 PM,11 September 2026 05:11:20 PM,2026-09-11T16:38:49.267810+00:00,13.86,13.42,,13.64,,,
standardized,uob,NOK,SGD,NOK/SGD,100,Indicative board,board,SGD < 50,std_lt_50,forex_sgd,11 September 2026 05:11:20 PM,11 September 2026 05:11:20 PM,2026-09-11T16:38:49.267810+00:00,13.86,13.42,,13.64,,,
standardized,uob,NZD,SGD,NZD/SGD,1,Indicative board,board,"SGD 200 – 39,999.99",std_200_40k,forex_sgd,11 September 2026 05:11:20 PM,11 September 2026 05:11:20 PM,2026-09-11T16:38:49.267810+00:00,0.7485,0.7285,0.7387,0.7385,MAS,1.3266549343441223,1.3808041153377537
standardized,uob,NZD,SGD,NZD/SGD,1,Indicative board,board,"SGD 40,000 – 100,000",std_40k_100k,forex_sgd,11 September 2026 05:11:20 PM,11 September 2026 05:11:20 PM,2026-09-11T16:38:49.267810+00:00,0.7485,0.7285,0.7387,0.7385,MAS,1.3266549343441223,1.3808041153377537
standardized,uob,NZD,SGD,NZD/SGD,1,Indicative board,board,SGD 50 – 200,std_50_200,forex_sgd,11 September 2026 05:11:20 PM,11 September 2026 05:11:20 PM,2026-09-11T16:38:49.267810+00:00,0.7485,0.7285,0.7387,0.7385,MAS,1.3266549343441223,1.3808041153377537
standardized,uob,NZD,SGD,NZD/SGD,1,Indicative board,board,SGD < 50,std_lt_50,forex_sgd,11 September 2026 05:11:20 PM,11 September 2026 05:11:20 PM,2026-09-11T16:38:49.267810+00:00,0.7485,0.7285,0.7387,0.7385,MAS,1.3266549343441223,1.3808041153377537
standardized,uob,PHP,SGD,PHP/SGD,100,Indicative board,board,"SGD 200 – 39,999.99",std_200_40k,forex_sgd,11 September 2026 05:11:20 PM,11 September 2026 05:11:20 PM,2026-09-11T16:38:49.267810+00:00,2.0707,,2.0222,,MAS,2.39837800415388,
standardized,uob,PHP,SGD,PHP/SGD,100,Indicative board,board,"SGD 40,000 – 100,000",std_40k_100k,forex_sgd,11 September 2026 05:11:20 PM,11 September 2026 05:11:20 PM,2026-09-11T16:38:49.267810+00:00,2.0707,,2.0222,,MAS,2.39837800415388,
standardized,uob,PHP,SGD,PHP/SGD,100,Indicative board,board,SGD 50 – 200,std_50_200,forex_sgd,11 September 2026 05:11:20 PM,11 September 2026 05:11:20 PM,2026-09-11T16:38:49.267810+00:00,2.0707,,2.0222,,MAS,2.39837800415388,
standardized,uob,PHP,SGD,PHP/SGD,100,Indicative board,board,SGD < 50,std_lt_50,forex_sgd,11 September 2026 05:11:20 PM,11 September 2026 05:11:20 PM,2026-09-11T16:38:49.267810+00:00,2.0707,,2.0222,,MAS,2.39837800415388,
standardized,uob,PKR,SGD,PKR/SGD,100,Indicative board,board,"SGD 200 – 39,999.99",std_200_40k,forex_sgd,11 September 2026 05:11:20 PM,11 September 2026 05:11:20 PM,2026-09-11T16:38:49.267810+00:00,0.4632,,,,,,
standardized,uob,PKR,SGD,PKR/SGD,100,Indicative board,board,"SGD 40,000 – 100,000",std_40k_100k,forex_sgd,11 September 2026 05:11:20 PM,11 September 2026 05:11:20 PM,2026-09-11T16:38:49.267810+00:00,0.4632,,,,,,
standardized,uob,PKR,SGD,PKR/SGD,100,Indicative board,board,SGD 50 – 200,std_50_200,forex_sgd,11 September 2026 05:11:20 PM,11 September 2026 05:11:20 PM,2026-09-11T16:38:49.267810+00:00,0.4632,,,,,,
standardized,uob,PKR,SGD,PKR/SGD,100,Indicative board,board,SGD < 50,std_lt_50,forex_sgd,11 September 2026 05:11:20 PM,11 September 2026 05:11:20 PM,2026-09-11T16:38:49.267810+00:00,0.4632,,,,,,
standardized,uob,SAR,SGD,SAR/SGD,100,Indicative board,board,"SGD 200 – 39,999.99",std_200_40k,forex_sgd,11 September 2026 05:11:20 PM,11 September 2026 05:11:20 PM,2026-09-11T16:38:49.267810+00:00,,,33.78,,MAS,,
standardized,uob,SAR,SGD,SAR/SGD,100,Indicative board,board,"SGD 40,000 – 100,000",std_40k_100k,forex_sgd,11 September 2026 05:11:20 PM,11 September 2026 05:11:20 PM,2026-09-11T16:38:49.267810+00:00,,,33.78,,MAS,,
standardized,uob,SAR,SGD,SAR/SGD,100,Indicative board,board,SGD 50 – 200,std_50_200,forex_sgd,11 September 2026 05:11:20 PM,11 September 2026 05:11:20 PM,2026-09-11T16:38:49.267810+00:00,,,33.78,,MAS,,
standardized,uob,SAR,SGD,SAR/SGD,100,Indicative board,board,SGD < 50,std_lt_50,forex_sgd,11 September 2026 05:11:20 PM,11 September 2026 05:11:20 PM,2026-09-11T16:38:49.267810+00:00,,,33.78,,MAS,,
standardized,uob,SEK,SGD,SEK/SGD,100,Indicative board,board,"SGD 200 – 39,999.99",std_200_40k,forex_sgd,11 September 2026 05:11:20 PM,11 September 2026 05:11:20 PM,2026-09-11T16:38:49.267810+00:00,13.33,12.85,,13.09,,,
standardized,uob,SEK,SGD,SEK/SGD,100,Indicative board,board,"SGD 40,000 – 100,000",std_40k_100k,forex_sgd,11 September 2026 05:11:20 PM,11 September 2026 05:11:20 PM,2026-09-11T16:38:49.267810+00:00,13.33,12.85,,13.09,,,
standardized,uob,SEK,SGD,SEK/SGD,100,Indicative board,board,SGD 50 – 200,std_50_200,forex_sgd,11 September 2026 05:11:20 PM,11 September 2026 05:11:20 PM,2026-09-11T16:38:49.267810+00:00,13.33,12.85,,13.09,,,
standardized,uob,SEK,SGD,SEK/SGD,100,Indicative board,board,SGD < 50,std_lt_50,forex_sgd,11 September 2026 05:11:20 PM,11 September 2026 05:11:20 PM,2026-09-11T16:38:49.267810+00:00,13.33,12.85,,13.09,,,
standardized,uob,THB,SGD,THB/SGD,100,Indicative board,board,"SGD 200 – 39,999.99",std_200_40k,forex_sgd,11 September 2026 05:11:20 PM,11 September 2026 05:11:20 PM,2026-09-11T16:38:49.267810+00:00,3.94,3.74,3.8240999999999996,3.84,MAS,3.030778483826269,2.1992102716979005
standardized,uob,THB,SGD,THB/SGD,100,Indicative board,board,"SGD 40,000 – 100,000",std_40k_100k,forex_sgd,11 September 2026 05:11:20 PM,11 September 2026 05:11:20 PM,2026-09-11T16:38:49.267810+00:00,3.94,3.74,3.8240999999999996,3.84,MAS,3.030778483826269,2.1992102716979005
standardized,uob,THB,SGD,THB/SGD,100,Indicative board,board,SGD 50 – 200,std_50_200,forex_sgd,11 September 2026 05:11:20 PM,11 September 2026 05:11:20 PM,2026-09-11T16:38:49.267810+00:00,3.94,3.74,3.8240999999999996,3.84,MAS,3.030778483826269,2.1992102716979005
standardized,uob,THB,SGD,THB/SGD,100,Indicative board,board,SGD < 50,std_lt_50,forex_sgd,11 September 2026 05:11:20 PM,11 September 2026 05:11:20 PM,2026-09-11T16:38:49.267810+00:00,3.94,3.74,3.8240999999999996,3.84,MAS,3.030778483826269,2.1992102716979005
standardized,uob,TWD,SGD,TWD/SGD,100,Indicative board,board,"SGD 200 – 39,999.99",std_200_40k,forex_sgd,11 September 2026 05:11:20 PM,11 September 2026 05:11:20 PM,2026-09-11T16:38:49.267810+00:00,4.0922,,4.0093,,MAS,2.067692614670901,
standardized,uob,TWD,SGD,TWD/SGD,100,Indicative board,board,"SGD 40,000 – 100,000",std_40k_100k,forex_sgd,11 September 2026 05:11:20 PM,11 September 2026 05:11:20 PM,2026-09-11T16:38:49.267810+00:00,4.0922,,4.0093,,MAS,2.067692614670901,
standardized,uob,TWD,SGD,TWD/SGD,100,Indicative board,board,SGD 50 – 200,std_50_200,forex_sgd,11 September 2026 05:11:20 PM,11 September 2026 05:11:20 PM,2026-09-11T16:38:49.267810+00:00,4.0922,,4.0093,,MAS,2.067692614670901,
standardized,uob,TWD,SGD,TWD/SGD,100,Indicative board,board,SGD < 50,std_lt_50,forex_sgd,11 September 2026 05:11:20 PM,11 September 2026 05:11:20 PM,2026-09-11T16:38:49.267810+00:00,4.0922,,4.0093,,MAS,2.067692614670901,
standardized,uob,USD,SGD,USD/SGD,1,Indicative board,board,"SGD 200 – 39,999.99",std_200_40k,forex_sgd,11 September 2026 05:11:20 PM,11 September 2026 05:11:20 PM,2026-09-11T16:38:49.267810+00:00,1.2799,1.2559,1.2685,1.2679,MAS,0.8986992510839635,0.9932991722506855
standardized,uob,USD,SGD,USD/SGD,1,Indicative board,board,"SGD 40,000 – 100,000",std_40k_100k,forex_sgd,11 September 2026 05:11:20 PM,11 September 2026 05:11:20 PM,2026-09-11T16:38:49.267810+00:00,1.2799,1.2559,1.2685,1.2679,MAS,0.8986992510839635,0.9932991722506855
standardized,uob,USD,SGD,USD/SGD,1,Indicative board,board,SGD 50 – 200,std_50_200,forex_sgd,11 September 2026 05:11:20 PM,11 September 2026 05:11:20 PM,2026-09-11T16:38:49.267810+00:00,1.2799,1.2559,1.2685,1.2679,MAS,0.8986992510839635,0.9932991722506855
standardized,uob,USD,SGD,USD/SGD,1,Indicative board,board,SGD < 50,std_lt_50,forex_sgd,11 September 2026 05:11:20 PM,11 September 2026 05:11:20 PM,2026-09-11T16:38:49.267810+00:00,1.2799,1.2559,1.2685,1.2679,MAS,0.8986992510839635,0.9932991722506855
standardized,uob,VND,SGD,VND/SGD,1000,Indicative board,board,"SGD 200 – 39,999.99",std_200_40k,forex_sgd,11 September 2026 05:11:20 PM,11 September 2026 05:11:20 PM,2026-09-11T16:38:49.267810+00:00,0.0501,,0.048940000000000004,,MAS,2.3702492848385663,
standardized,uob,VND,SGD,VND/SGD,1000,Indicative board,board,"SGD 40,000 – 100,000",std_40k_100k,forex_sgd,11 September 2026 05:11:20 PM,11 September 2026 05:11:20 PM,2026-09-11T16:38:49.267810+00:00,0.0501,,0.048940000000000004,,MAS,2.3702492848385663,
standardized,uob,VND,SGD,VND/SGD,1000,Indicative board,board,SGD 50 – 200,std_50_200,forex_sgd,11 September 2026 05:11:20 PM,11 September 2026 05:11:20 PM,2026-09-11T16:38:49.267810+00:00,0.0501,,0.048940000000000004,,MAS,2.3702492848385663,
standardized,uob,VND,SGD,VND/SGD,1000,Indicative board,board,SGD < 50,std_lt_50,forex_sgd,11 September 2026 05:11:20 PM,11 September 2026 05:11:20 PM,2026-09-11T16:38:49.267810+00:00,0.0501,,0.048940000000000004,,MAS,2.3702492848385663,
standardized,uob,XAF,SGD,XAF/SGD,100,Indicative board,board,"SGD 200 – 39,999.99",std_200_40k,forex_sgd,11 September 2026 05:11:20 PM,11 September 2026 05:11:20 PM,2026-09-11T16:38:49.267810+00:00,0.2304,,,,,,
standardized,uob,XAF,SGD,XAF/SGD,100,Indicative board,board,"SGD 40,000 – 100,000",std_40k_100k,forex_sgd,11 September 2026 05:11:20 PM,11 September 2026 05:11:20 PM,2026-09-11T16:38:49.267810+00:00,0.2304,,,,,,
standardized,uob,XAF,SGD,XAF/SGD,100,Indicative board,board,SGD 50 – 200,std_50_200,forex_sgd,11 September 2026 05:11:20 PM,11 September 2026 05:11:20 PM,2026-09-11T16:38:49.267810+00:00,0.2304,,,,,,
standardized,uob,XAF,SGD,XAF/SGD,100,Indicative board,board,SGD < 50,std_lt_50,forex_sgd,11 September 2026 05:11:20 PM,11 September 2026 05:11:20 PM,2026-09-11T16:38:49.267810+00:00,0.2304,,,,,,
standardized,uob,XOF,SGD,XOF/SGD,100,Indicative board,board,"SGD 200 – 39,999.99",std_200_40k,forex_sgd,11 September 2026 05:11:20 PM,11 September 2026 05:11:20 PM,2026-09-11T16:38:49.267810+00:00,0.232,,,,,,
standardized,uob,XOF,SGD,XOF/SGD,100,Indicative board,board,"SGD 40,000 – 100,000",std_40k_100k,forex_sgd,11 September 2026 05:11:20 PM,11 September 2026 05:11:20 PM,2026-09-11T16:38:49.267810+00:00,0.232,,,,,,
standardized,uob,XOF,SGD,XOF/SGD,100,Indicative board,board,SGD 50 – 200,std_50_200,forex_sgd,11 September 2026 05:11:20 PM,11 September 2026 05:11:20 PM,2026-09-11T16:38:49.267810+00:00,0.232,,,,,,
standardized,uob,XOF,SGD,XOF/SGD,100,Indicative board,board,SGD < 50,std_lt_50,forex_sgd,11 September 2026 05:11:20 PM,11 September 2026 05:11:20 PM,2026-09-11T16:38:49.267810+00:00,0.232,,,,,,
standardized,uob,ZAR,SGD,ZAR/SGD,1,Indicative board,board,"SGD 200 – 39,999.99",std_200_40k,forex_sgd,11 September 2026 05:11:20 PM,11 September 2026 05:11:20 PM,2026-09-11T16:38:49.267810+00:00,0.0805,0.0765,,0.0785,,,
standardized,uob,ZAR,SGD,ZAR/SGD,1,Indicative board,board,"SGD 40,000 – 100,000",std_40k_100k,forex_sgd,11 September 2026 05:11:20 PM,11 September 2026 05:11:20 PM,2026-09-11T16:38:49.267810+00:00,0.0805,0.0765,,0.0785,,,
standardized,uob,ZAR,SGD,ZAR/SGD,1,Indicative board,board,SGD 50 – 200,std_50_200,forex_sgd,11 September 2026 05:11:20 PM,11 September 2026 05:11:20 PM,2026-09-11T16:38:49.267810+00:00,0.0805,0.0765,,0.0785,,,
standardized,uob,ZAR,SGD,ZAR/SGD,1,Indicative board,board,SGD < 50,std_lt_50,forex_sgd,11 September 2026 05:11:20 PM,11 September 2026 05:11:20 PM,2026-09-11T16:38:49.267810+00:00,0.0805,0.0765,,0.0785,,,
