record_type,bank,base_currency,quote_currency,currency_pair,unit,transaction_value,amount_tier,std_transaction_value,std_amount_tier,group,effective_date,last_updated,scraped_at,tt_od_sell,tt_buy,mid_rate,bank_mid_rate,mid_source,sell_margin_pct,buy_margin_pct
native,dbs,AED,SGD,AED/SGD,1,SGD 50 – 200,amtBtw50And200,,,mainCurrencies,2026-09-18 01:00:00,2026-09-17 17:00:16,2026-09-17T17:10:41.539508+00:00,0.3499,0.3451,0.34759999999999996,0.34750000000000003,MAS,0.6616800920598459,0.7192174913693749
native,dbs,AED,SGD,AED/SGD,1,SGD < 50,amtLessThan50,,,mainCurrencies,2026-09-18 01:00:00,2026-09-17 17:00:16,2026-09-17T17:10:41.539508+00:00,0.3526,0.3423,0.34759999999999996,0.34745000000000004,MAS,1.4384349827387974,1.5247410817030989
native,dbs,AUD,SGD,AUD/SGD,1,SGD 50 – 200,amtBtw50And200,,,mainCurrencies,2026-09-18 01:00:00,2026-09-17 17:00:16,2026-09-17T17:10:41.539508+00:00,0.9179,0.8978,0.907,0.90785,MAS,1.2017640573318655,1.0143329658213875
native,dbs,AUD,SGD,AUD/SGD,1,SGD < 50,amtLessThan50,,,mainCurrencies,2026-09-18 01:00:00,2026-09-17 17:00:16,2026-09-17T17:10:41.539508+00:00,0.9183,0.8973,0.907,0.9077999999999999,MAS,1.245865490628443,1.0694597574421214
native,dbs,BDT,SGD,BDT/SGD,100,SGD 50 – 200,amtBtw50And200,,,otherCurrencies,2026-09-18 01:00:00,2026-09-17 17:00:16,2026-09-17T17:10:41.539508+00:00,1.0541,,,,,,
native,dbs,BDT,SGD,BDT/SGD,100,SGD < 50,amtLessThan50,,,otherCurrencies,2026-09-18 01:00:00,2026-09-17 17:00:16,2026-09-17T17:10:41.539508+00:00,1.0541,,,,,,
native,dbs,BHD,SGD,BHD/SGD,1,SGD 50 – 200,amtBtw50And200,,,otherCurrencies,2026-09-18 01:00:00,2026-09-17 17:00:16,2026-09-17T17:10:41.539508+00:00,3.4486,,,,,,
native,dbs,BHD,SGD,BHD/SGD,1,SGD < 50,amtLessThan50,,,otherCurrencies,2026-09-18 01:00:00,2026-09-17 17:00:16,2026-09-17T17:10:41.539508+00:00,3.4621,,,,,,
native,dbs,BND,SGD,BND/SGD,1,SGD 50 – 200,amtBtw50And200,,,otherCurrencies,2026-09-18 01:00:00,2026-09-17 17:00:16,2026-09-17T17:10:41.539508+00:00,1.0,1.0,,1.0,,,
native,dbs,BND,SGD,BND/SGD,1,SGD < 50,amtLessThan50,,,otherCurrencies,2026-09-18 01:00:00,2026-09-17 17:00:16,2026-09-17T17:10:41.539508+00:00,1.0,1.0,,1.0,,,
native,dbs,CAD,SGD,CAD/SGD,1,SGD 50 – 200,amtBtw50And200,,,mainCurrencies,2026-09-18 01:00:00,2026-09-17 17:00:16,2026-09-17T17:10:41.539508+00:00,0.9194,0.9056,0.9124,0.9125,MAS,0.7672073651907065,0.7452871547566887
native,dbs,CAD,SGD,CAD/SGD,1,SGD < 50,amtLessThan50,,,mainCurrencies,2026-09-18 01:00:00,2026-09-17 17:00:16,2026-09-17T17:10:41.539508+00:00,0.9226,0.9025,0.9124,0.91255,MAS,1.1179307321350271,1.0850504164840005
native,dbs,CHF,SGD,CHF/SGD,1,SGD 50 – 200,amtBtw50And200,,,mainCurrencies,2026-09-18 01:00:00,2026-09-17 17:00:16,2026-09-17T17:10:41.539508+00:00,1.5612,1.5316,1.546,1.5464,MAS,0.9831824062095653,0.9314359637774883
native,dbs,CHF,SGD,CHF/SGD,1,SGD < 50,amtLessThan50,,,mainCurrencies,2026-09-18 01:00:00,2026-09-17 17:00:16,2026-09-17T17:10:41.539508+00:00,1.5621,1.5309,1.546,1.5465,MAS,1.0413971539456663,0.9767141009055701
native,dbs,CNH,SGD,CNH/SGD,1,SGD 50 – 200,amtBtw50And200,,,mainCurrencies,2026-09-18 01:00:00,2026-09-17 17:00:16,2026-09-17T17:10:41.539508+00:00,0.1925,0.1881,,0.1903,,,
native,dbs,CNH,SGD,CNH/SGD,1,SGD < 50,amtLessThan50,,,mainCurrencies,2026-09-18 01:00:00,2026-09-17 17:00:16,2026-09-17T17:10:41.539508+00:00,0.1932,0.1874,,0.19030000000000002,,,
native,dbs,CNY,SGD,CNY/SGD,1,SGD 50 – 200,amtBtw50And200,,,otherCurrencies,2026-09-18 01:00:00,2026-09-17 17:00:16,2026-09-17T17:10:41.539508+00:00,0.1902,,0.19030000000000002,,MAS,-0.05254860746191105,
native,dbs,CNY,SGD,CNY/SGD,1,SGD < 50,amtLessThan50,,,otherCurrencies,2026-09-18 01:00:00,2026-09-17 17:00:16,2026-09-17T17:10:41.539508+00:00,0.1919,,0.19030000000000002,,MAS,0.8407777193904163,
native,dbs,DKK,SGD,DKK/SGD,1,SGD 50 – 200,amtBtw50And200,,,mainCurrencies,2026-09-18 01:00:00,2026-09-17 17:00:16,2026-09-17T17:10:41.539508+00:00,0.1985,0.1931,,0.1958,,,
native,dbs,DKK,SGD,DKK/SGD,1,SGD < 50,amtLessThan50,,,mainCurrencies,2026-09-18 01:00:00,2026-09-17 17:00:16,2026-09-17T17:10:41.539508+00:00,0.1989,0.1928,,0.19585,,,
native,dbs,EUR,SGD,EUR/SGD,1,SGD 50 – 200,amtBtw50And200,,,mainCurrencies,2026-09-18 01:00:00,2026-09-17 17:00:16,2026-09-17T17:10:41.539508+00:00,1.4769,1.4519,1.463,1.4644,MAS,0.9501025290498991,0.7587149692412926
native,dbs,EUR,SGD,EUR/SGD,1,SGD < 50,amtLessThan50,,,mainCurrencies,2026-09-18 01:00:00,2026-09-17 17:00:16,2026-09-17T17:10:41.539508+00:00,1.4777,1.4512,1.463,1.46445,MAS,1.0047846889952108,0.8065618591934403
native,dbs,GBP,SGD,GBP/SGD,1,SGD 50 – 200,amtBtw50And200,,,mainCurrencies,2026-09-18 01:00:00,2026-09-17 17:00:16,2026-09-17T17:10:41.539508+00:00,1.7165,1.6907,1.7073,1.7036,MAS,0.5388625314824503,0.9722954372400836
native,dbs,GBP,SGD,GBP/SGD,1,SGD < 50,amtLessThan50,,,mainCurrencies,2026-09-18 01:00:00,2026-09-17 17:00:16,2026-09-17T17:10:41.539508+00:00,1.7182,1.6891,1.7073,1.70365,MAS,0.6384349557781239,1.0660106601066006
native,dbs,HKD,SGD,HKD/SGD,1,SGD 50 – 200,amtBtw50And200,,,mainCurrencies,2026-09-18 01:00:00,2026-09-17 17:00:16,2026-09-17T17:10:41.539508+00:00,0.1642,0.161,0.16269999999999998,0.16260000000000002,MAS,0.9219422249539209,1.0448678549477441
native,dbs,HKD,SGD,HKD/SGD,1,SGD < 50,amtLessThan50,,,mainCurrencies,2026-09-18 01:00:00,2026-09-17 17:00:16,2026-09-17T17:10:41.539508+00:00,0.1644,0.1608,0.16269999999999998,0.1626,MAS,1.044867854947761,1.1677934849416012
native,dbs,HUF,SGD,HUF/SGD,100,SGD 50 – 200,amtBtw50And200,,,otherCurrencies,2026-09-18 01:00:00,2026-09-17 17:00:16,2026-09-17T17:10:41.539508+00:00,0.408,,,,,,
native,dbs,HUF,SGD,HUF/SGD,100,SGD < 50,amtLessThan50,,,otherCurrencies,2026-09-18 01:00:00,2026-09-17 17:00:16,2026-09-17T17:10:41.539508+00:00,0.4096,,,,,,
native,dbs,ID0,SGD,ID0/SGD,100,SGD 50 – 200,amtBtw50And200,,,otherCurrencies,2026-09-18 01:00:00,2026-09-17 17:00:16,2026-09-17T17:10:41.539508+00:00,,,,,,,
native,dbs,ID0,SGD,ID0/SGD,100,SGD < 50,amtLessThan50,,,otherCurrencies,2026-09-18 01:00:00,2026-09-17 17:00:16,2026-09-17T17:10:41.539508+00:00,,0.0072,,,,,
native,dbs,IDR,SGD,IDR/SGD,100,SGD 50 – 200,amtBtw50And200,,,mainCurrencies,2026-09-18 01:00:00,2026-09-17 17:00:16,2026-09-17T17:10:41.539508+00:00,0.0073,,0.00719,,MAS,1.5299026425591078,
native,dbs,IDR,SGD,IDR/SGD,100,SGD < 50,amtLessThan50,,,mainCurrencies,2026-09-18 01:00:00,2026-09-17 17:00:16,2026-09-17T17:10:41.539508+00:00,0.0073,,0.00719,,MAS,1.5299026425591078,
native,dbs,IN0,SGD,IN0/SGD,100,SGD 50 – 200,amtBtw50And200,,,otherCurrencies,2026-09-18 01:00:00,2026-09-17 17:00:16,2026-09-17T17:10:41.539508+00:00,,1.3283,,,,,
native,dbs,IN0,SGD,IN0/SGD,100,SGD < 50,amtLessThan50,,,otherCurrencies,2026-09-18 01:00:00,2026-09-17 17:00:16,2026-09-17T17:10:41.539508+00:00,,1.3283,,,,,
native,dbs,INR,SGD,INR/SGD,100,SGD 50 – 200,amtBtw50And200,,,otherCurrencies,2026-09-18 01:00:00,2026-09-17 17:00:16,2026-09-17T17:10:41.539508+00:00,1.3445,,1.329,,MAS,1.1662904439428194,
native,dbs,INR,SGD,INR/SGD,100,SGD < 50,amtLessThan50,,,otherCurrencies,2026-09-18 01:00:00,2026-09-17 17:00:16,2026-09-17T17:10:41.539508+00:00,1.3552,,1.329,,MAS,1.9714070729872086,
native,dbs,JPY,SGD,JPY/SGD,100,SGD 50 – 200,amtBtw50And200,,,mainCurrencies,2026-09-18 01:00:00,2026-09-17 17:00:16,2026-09-17T17:10:41.539508+00:00,0.8256,0.8091,0.8177,0.81735,MAS,0.9661244955362626,1.0517304634951623
native,dbs,JPY,SGD,JPY/SGD,100,SGD < 50,amtLessThan50,,,mainCurrencies,2026-09-18 01:00:00,2026-09-17 17:00:16,2026-09-17T17:10:41.539508+00:00,0.8264,0.8083,0.8177,0.81735,MAS,1.0639598874893044,1.149565855448204
native,dbs,KRW,SGD,KRW/SGD,100,SGD 50 – 200,amtBtw50And200,,,otherCurrencies,2026-09-18 01:00:00,2026-09-17 17:00:16,2026-09-17T17:10:41.539508+00:00,0.0936,,0.0925,,MAS,1.1891891891891933,
native,dbs,KRW,SGD,KRW/SGD,100,SGD < 50,amtLessThan50,,,otherCurrencies,2026-09-18 01:00:00,2026-09-17 17:00:16,2026-09-17T17:10:41.539508+00:00,0.0936,,0.0925,,MAS,1.1891891891891933,
native,dbs,KWD,SGD,KWD/SGD,100,SGD 50 – 200,amtBtw50And200,,,otherCurrencies,2026-09-18 01:00:00,2026-09-17 17:00:16,2026-09-17T17:10:41.539508+00:00,426.0214,,,,,,
native,dbs,KWD,SGD,KWD/SGD,100,SGD < 50,amtLessThan50,,,otherCurrencies,2026-09-18 01:00:00,2026-09-17 17:00:16,2026-09-17T17:10:41.539508+00:00,427.6914,,,,,,
native,dbs,LKR,SGD,LKR/SGD,100,SGD 50 – 200,amtBtw50And200,,,otherCurrencies,2026-09-18 01:00:00,2026-09-17 17:00:16,2026-09-17T17:10:41.539508+00:00,0.3921,,,,,,
native,dbs,LKR,SGD,LKR/SGD,100,SGD < 50,amtLessThan50,,,otherCurrencies,2026-09-18 01:00:00,2026-09-17 17:00:16,2026-09-17T17:10:41.539508+00:00,0.3921,,,,,,
native,dbs,MM1,SGD,MM1/SGD,100,SGD 50 – 200,amtBtw50And200,,,otherCurrencies,2026-09-18 01:00:00,2026-09-17 17:00:16,2026-09-17T17:10:41.539508+00:00,,,,,,,
native,dbs,MM1,SGD,MM1/SGD,100,SGD < 50,amtLessThan50,,,otherCurrencies,2026-09-18 01:00:00,2026-09-17 17:00:16,2026-09-17T17:10:41.539508+00:00,,,,,,,
native,dbs,MMK,SGD,MMK/SGD,100,SGD 50 – 200,amtBtw50And200,,,otherCurrencies,2026-09-18 01:00:00,2026-09-17 17:00:16,2026-09-17T17:10:41.539508+00:00,0.0324,,,,,,
native,dbs,MMK,SGD,MMK/SGD,100,SGD < 50,amtLessThan50,,,otherCurrencies,2026-09-18 01:00:00,2026-09-17 17:00:16,2026-09-17T17:10:41.539508+00:00,0.0324,,,,,,
native,dbs,MUR,SGD,MUR/SGD,100,SGD 50 – 200,amtBtw50And200,,,otherCurrencies,2026-09-18 01:00:00,2026-09-17 17:00:16,2026-09-17T17:10:41.539508+00:00,2.7019,,,,,,
native,dbs,MUR,SGD,MUR/SGD,100,SGD < 50,amtLessThan50,,,otherCurrencies,2026-09-18 01:00:00,2026-09-17 17:00:16,2026-09-17T17:10:41.539508+00:00,2.7126,,,,,,
native,dbs,MXN,SGD,MXN/SGD,100,SGD 50 – 200,amtBtw50And200,,,mainCurrencies,2026-09-18 01:00:00,2026-09-17 17:00:16,2026-09-17T17:10:41.539508+00:00,7.5353,,,,,,
native,dbs,MXN,SGD,MXN/SGD,100,SGD < 50,amtLessThan50,,,mainCurrencies,2026-09-18 01:00:00,2026-09-17 17:00:16,2026-09-17T17:10:41.539508+00:00,7.5312,,,,,,
native,dbs,MY0,SGD,MY0/SGD,1,SGD 50 – 200,amtBtw50And200,,,otherCurrencies,2026-09-18 01:00:00,2026-09-17 17:00:16,2026-09-17T17:10:41.539508+00:00,,0.3107,,,,,
native,dbs,MY0,SGD,MY0/SGD,1,SGD < 50,amtLessThan50,,,otherCurrencies,2026-09-18 01:00:00,2026-09-17 17:00:16,2026-09-17T17:10:41.539508+00:00,,0.3106,,,,,
native,dbs,MYR,SGD,MYR/SGD,1,SGD 50 – 200,amtBtw50And200,,,otherCurrencies,2026-09-18 01:00:00,2026-09-17 17:00:16,2026-09-17T17:10:41.539508+00:00,0.3147,,0.3115,,MAS,1.0272873194221446,
native,dbs,MYR,SGD,MYR/SGD,1,SGD < 50,amtLessThan50,,,otherCurrencies,2026-09-18 01:00:00,2026-09-17 17:00:16,2026-09-17T17:10:41.539508+00:00,0.3147,,0.3115,,MAS,1.0272873194221446,
native,dbs,NOK,SGD,NOK/SGD,1,SGD 50 – 200,amtBtw50And200,,,mainCurrencies,2026-09-18 01:00:00,2026-09-17 17:00:16,2026-09-17T17:10:41.539508+00:00,0.1373,0.1335,,0.13540000000000002,,,
native,dbs,NOK,SGD,NOK/SGD,1,SGD < 50,amtLessThan50,,,mainCurrencies,2026-09-18 01:00:00,2026-09-17 17:00:16,2026-09-17T17:10:41.539508+00:00,0.1377,0.1331,,0.1354,,,
native,dbs,NZD,SGD,NZD/SGD,1,SGD 50 – 200,amtBtw50And200,,,mainCurrencies,2026-09-18 01:00:00,2026-09-17 17:00:16,2026-09-17T17:10:41.539508+00:00,0.7396,0.7227,0.7306999999999999,0.73115,MAS,1.2180101272752335,1.0948405638428762
native,dbs,NZD,SGD,NZD/SGD,1,SGD < 50,amtLessThan50,,,mainCurrencies,2026-09-18 01:00:00,2026-09-17 17:00:16,2026-09-17T17:10:41.539508+00:00,0.7404,0.722,0.7306999999999999,0.7312,MAS,1.3274941836595104,1.1906391131791338
native,dbs,OMR,SGD,OMR/SGD,1,SGD 50 – 200,amtBtw50And200,,,otherCurrencies,2026-09-18 01:00:00,2026-09-17 17:00:16,2026-09-17T17:10:41.539508+00:00,3.3383,,,,,,
native,dbs,OMR,SGD,OMR/SGD,1,SGD < 50,amtLessThan50,,,otherCurrencies,2026-09-18 01:00:00,2026-09-17 17:00:16,2026-09-17T17:10:41.539508+00:00,3.3382,,,,,,
native,dbs,PH0,SGD,PH0/SGD,100,SGD 50 – 200,amtBtw50And200,,,otherCurrencies,2026-09-18 01:00:00,2026-09-17 17:00:16,2026-09-17T17:10:41.539508+00:00,,2.0261,,,,,
native,dbs,PH0,SGD,PH0/SGD,100,SGD < 50,amtLessThan50,,,otherCurrencies,2026-09-18 01:00:00,2026-09-17 17:00:16,2026-09-17T17:10:41.539508+00:00,,2.0261,,,,,
native,dbs,PHP,SGD,PHP/SGD,100,SGD 50 – 200,amtBtw50And200,,,otherCurrencies,2026-09-18 01:00:00,2026-09-17 17:00:16,2026-09-17T17:10:41.539508+00:00,2.0559,,2.0333,,MAS,1.1114936310431187,
native,dbs,PHP,SGD,PHP/SGD,100,SGD < 50,amtLessThan50,,,otherCurrencies,2026-09-18 01:00:00,2026-09-17 17:00:16,2026-09-17T17:10:41.539508+00:00,2.0712,,2.0333,,MAS,1.863964983032511,
native,dbs,PLN,SGD,PLN/SGD,1,SGD 50 – 200,amtBtw50And200,,,otherCurrencies,2026-09-18 01:00:00,2026-09-17 17:00:16,2026-09-17T17:10:41.539508+00:00,0.3412,,,,,,
native,dbs,PLN,SGD,PLN/SGD,1,SGD < 50,amtLessThan50,,,otherCurrencies,2026-09-18 01:00:00,2026-09-17 17:00:16,2026-09-17T17:10:41.539508+00:00,0.3426,,,,,,
native,dbs,QAR,SGD,QAR/SGD,1,SGD 50 – 200,amtBtw50And200,,,otherCurrencies,2026-09-18 01:00:00,2026-09-17 17:00:16,2026-09-17T17:10:41.539508+00:00,0.3569,,0.3504,,MAS,1.85502283105023,
native,dbs,QAR,SGD,QAR/SGD,1,SGD < 50,amtLessThan50,,,otherCurrencies,2026-09-18 01:00:00,2026-09-17 17:00:16,2026-09-17T17:10:41.539508+00:00,0.3583,,0.3504,,MAS,2.254566210045667,
native,dbs,RUB,SGD,RUB/SGD,100,SGD 50 – 200,amtBtw50And200,,,mainCurrencies,2026-09-18 01:00:00,2026-09-17 17:00:16,2026-09-17T17:10:41.539508+00:00,,,,,,,
native,dbs,RUB,SGD,RUB/SGD,100,SGD < 50,amtLessThan50,,,mainCurrencies,2026-09-18 01:00:00,2026-09-17 17:00:16,2026-09-17T17:10:41.539508+00:00,,,,,,,
native,dbs,SAR,SGD,SAR/SGD,100,SGD 50 – 200,amtBtw50And200,,,otherCurrencies,2026-09-18 01:00:00,2026-09-17 17:00:16,2026-09-17T17:10:41.539508+00:00,34.3995,,33.99,,MAS,1.2047661076787328,
native,dbs,SAR,SGD,SAR/SGD,100,SGD < 50,amtLessThan50,,,otherCurrencies,2026-09-18 01:00:00,2026-09-17 17:00:16,2026-09-17T17:10:41.539508+00:00,34.3987,,33.99,,MAS,1.2024124742571227,
native,dbs,SEK,SGD,SEK/SGD,1,SGD 50 – 200,amtBtw50And200,,,mainCurrencies,2026-09-18 01:00:00,2026-09-17 17:00:16,2026-09-17T17:10:41.539508+00:00,0.1316,0.128,,0.1298,,,
native,dbs,SEK,SGD,SEK/SGD,1,SGD < 50,amtLessThan50,,,mainCurrencies,2026-09-18 01:00:00,2026-09-17 17:00:16,2026-09-17T17:10:41.539508+00:00,0.1321,0.1275,,0.1298,,,
native,dbs,THB,SGD,THB/SGD,100,SGD 50 – 200,amtBtw50And200,,,mainCurrencies,2026-09-18 01:00:00,2026-09-17 17:00:16,2026-09-17T17:10:41.539508+00:00,3.8942,3.7798,3.821,3.8369999999999997,MAS,1.9157288667887968,1.0782517665532674
native,dbs,THB,SGD,THB/SGD,100,SGD < 50,amtLessThan50,,,mainCurrencies,2026-09-18 01:00:00,2026-09-17 17:00:16,2026-09-17T17:10:41.539508+00:00,3.8984,3.7756,3.821,3.8369999999999997,MAS,2.025647736194711,1.1881706359591815
native,dbs,TND,SGD,TND/SGD,1,SGD 50 – 200,amtBtw50And200,,,otherCurrencies,2026-09-18 01:00:00,2026-09-17 17:00:16,2026-09-17T17:10:41.539508+00:00,0.4458,,,,,,
native,dbs,TND,SGD,TND/SGD,1,SGD < 50,amtLessThan50,,,otherCurrencies,2026-09-18 01:00:00,2026-09-17 17:00:16,2026-09-17T17:10:41.539508+00:00,0.4458,,,,,,
native,dbs,TWD,SGD,TWD/SGD,100,SGD 50 – 200,amtBtw50And200,,,otherCurrencies,2026-09-18 01:00:00,2026-09-17 17:00:16,2026-09-17T17:10:41.539508+00:00,4.0515,,4.003,,MAS,1.211591306520104,
native,dbs,TWD,SGD,TWD/SGD,100,SGD < 50,amtLessThan50,,,otherCurrencies,2026-09-18 01:00:00,2026-09-17 17:00:16,2026-09-17T17:10:41.539508+00:00,4.0554,,4.003,,MAS,1.3090182363227467,
native,dbs,USD,SGD,USD/SGD,1,SGD 50 – 200,amtBtw50And200,,,mainCurrencies,2026-09-18 01:00:00,2026-09-17 17:00:16,2026-09-17T17:10:41.539508+00:00,1.2869,1.2657,1.2766,1.2763,MAS,0.8068306438978518,0.8538304872317023
native,dbs,USD,SGD,USD/SGD,1,SGD < 50,amtLessThan50,,,mainCurrencies,2026-09-18 01:00:00,2026-09-17 17:00:16,2026-09-17T17:10:41.539508+00:00,1.2878,1.2647,1.2766,1.27625,MAS,0.8773304088986448,0.9321635594548036
native,dbs,VND,SGD,VND/SGD,100,SGD 50 – 200,amtBtw50And200,,,otherCurrencies,2026-09-18 01:00:00,2026-09-17 17:00:16,2026-09-17T17:10:41.539508+00:00,0.0051,,0.004911,,MAS,3.8485033598045373,
native,dbs,VND,SGD,VND/SGD,100,SGD < 50,amtLessThan50,,,otherCurrencies,2026-09-18 01:00:00,2026-09-17 17:00:16,2026-09-17T17:10:41.539508+00:00,0.0051,,0.004911,,MAS,3.8485033598045373,
native,dbs,XAU,SGD,XAU/SGD,1,SGD 50 – 200,amtBtw50And200,,,otherCurrencies,2026-09-18 01:00:00,2026-09-17 17:00:16,2026-09-17T17:10:41.539508+00:00,5599.095,5531.127,,5565.111000000001,,,
native,dbs,XAU,SGD,XAU/SGD,1,SGD < 50,amtLessThan50,,,otherCurrencies,2026-09-18 01:00:00,2026-09-17 17:00:16,2026-09-17T17:10:41.539508+00:00,5599.593,5531.616,,5565.6044999999995,,,
native,dbs,ZAR,SGD,ZAR/SGD,1,SGD 50 – 200,amtBtw50And200,,,otherCurrencies,2026-09-18 01:00:00,2026-09-17 17:00:16,2026-09-17T17:10:41.539508+00:00,0.0794,0.0774,,0.0784,,,
native,dbs,ZAR,SGD,ZAR/SGD,1,SGD < 50,amtLessThan50,,,otherCurrencies,2026-09-18 01:00:00,2026-09-17 17:00:16,2026-09-17T17:10:41.539508+00:00,0.0797,0.0771,,0.0784,,,
native,hsbc,AED,SGD,AED/SGD,100,Indicative board,board,,,indicative_fx,2026-9-17,2026-9-17,2026-09-17T17:10:44.971813+00:00,35.92,33.64,34.76,34.78,MAS,3.337169159953981,3.2220943613348605
native,hsbc,AUD,SGD,AUD/SGD,1,Indicative board,board,,,indicative_fx,2026-9-17,2026-9-17,2026-09-17T17:10:44.971813+00:00,0.9331,0.8785,0.907,0.9057999999999999,MAS,2.8776185226019857,3.1422271223814864
native,hsbc,CAD,SGD,CAD/SGD,1,Indicative board,board,,,indicative_fx,2026-9-17,2026-9-17,2026-09-17T17:10:44.971813+00:00,0.9409,0.8859,0.9124,0.9134,MAS,3.1236299868478703,2.904427882507669
native,hsbc,CHF,SGD,CHF/SGD,100,Indicative board,board,,,indicative_fx,2026-9-17,2026-9-17,2026-09-17T17:10:44.971813+00:00,159.46,150.14,154.6,154.8,MAS,3.1435963777490388,2.884864165588621
native,hsbc,CNY,SGD,CNY/SGD,100,Indicative board,board,,,indicative_fx,2026-9-17,2026-9-17,2026-09-17T17:10:44.971813+00:00,19.66,18.42,19.03,19.04,MAS,3.310562270099837,3.205465055176035
native,hsbc,DKK,SGD,DKK/SGD,100,Indicative board,board,,,indicative_fx,2026-9-17,2026-9-17,2026-09-17T17:10:44.971813+00:00,20.19,19.01,,19.6,,,
native,hsbc,EUR,SGD,EUR/SGD,1,Indicative board,board,,,indicative_fx,2026-9-17,2026-9-17,2026-09-17T17:10:44.971813+00:00,1.5091,1.421,1.463,1.4650500000000002,MAS,3.1510594668489427,2.870813397129189
native,hsbc,FJD,SGD,FJD/SGD,1,Indicative board,board,,,indicative_fx,2026-9-17,2026-9-17,2026-09-17T17:10:44.971813+00:00,0.5999,,,,,,
native,hsbc,GBP,SGD,GBP/SGD,1,Indicative board,board,,,indicative_fx,2026-9-17,2026-9-17,2026-09-17T17:10:44.971813+00:00,1.761,1.6581,1.7073,1.70955,MAS,3.1453171674573808,2.881743103145325
native,hsbc,HKD,SGD,HKD/SGD,100,Indicative board,board,,,indicative_fx,2026-9-17,2026-9-17,2026-09-17T17:10:44.971813+00:00,16.49,16.08,16.27,16.284999999999997,MAS,1.3521819299323838,1.1677934849416183
native,hsbc,IDR,SGD,IDR/SGD,100,Indicative board,board,,,indicative_fx,2026-9-17,2026-9-17,2026-09-17T17:10:44.971813+00:00,0.0075,,0.00719,,MAS,4.311543810848393,
native,hsbc,INR,SGD,INR/SGD,100,Indicative board,board,,,indicative_fx,2026-9-17,2026-9-17,2026-09-17T17:10:44.971813+00:00,1.37,,1.329,,MAS,3.085026335590681,
native,hsbc,JPY,SGD,JPY/SGD,100,Indicative board,board,,,indicative_fx,2026-9-17,2026-9-17,2026-09-17T17:10:44.971813+00:00,0.8431,0.7938,0.8177,0.8184499999999999,MAS,3.106273694508986,2.9228323345970444
native,hsbc,LKR,SGD,LKR/SGD,100,Indicative board,board,,,indicative_fx,2026-9-17,2026-9-17,2026-09-17T17:10:44.971813+00:00,0.4,,,,,,
native,hsbc,MUR,SGD,MUR/SGD,100,Indicative board,board,,,indicative_fx,2026-9-17,2026-9-17,2026-09-17T17:10:44.971813+00:00,2.8,2.61,,2.705,,,
native,hsbc,NOK,SGD,NOK/SGD,100,Indicative board,board,,,indicative_fx,2026-9-17,2026-9-17,2026-09-17T17:10:44.971813+00:00,13.96,13.14,,13.55,,,
native,hsbc,NZD,SGD,NZD/SGD,1,Indicative board,board,,,indicative_fx,2026-9-17,2026-9-17,2026-09-17T17:10:44.971813+00:00,0.7523,0.7084,0.7306999999999999,0.73035,MAS,2.956069522375813,3.0518680717120406
native,hsbc,PHP,SGD,PHP/SGD,100,Indicative board,board,,,indicative_fx,2026-9-17,2026-9-17,2026-09-17T17:10:44.971813+00:00,2.1,,2.0333,,MAS,3.280381645600747,
native,hsbc,PKR,SGD,PKR/SGD,100,Indicative board,board,,,indicative_fx,2026-9-17,2026-9-17,2026-09-17T17:10:44.971813+00:00,0.48,,,,,,
native,hsbc,QAR,SGD,QAR/SGD,100,Indicative board,board,,,indicative_fx,2026-9-17,2026-9-17,2026-09-17T17:10:44.971813+00:00,35.53,34.6,35.04,35.065,MAS,1.398401826484024,1.2557077625570712
native,hsbc,RUB,SGD,RUB/SGD,100,Indicative board,board,,,indicative_fx,2026-9-17,2026-9-17,2026-09-17T17:10:44.971813+00:00,15.7,14.62,,15.16,,,
native,hsbc,SAR,SGD,SAR/SGD,100,Indicative board,board,,,indicative_fx,2026-9-17,2026-9-17,2026-09-17T17:10:44.971813+00:00,34.43,33.58,33.99,34.004999999999995,MAS,1.294498381877016,1.2062371285672364
native,hsbc,SEK,SGD,SEK/SGD,100,Indicative board,board,,,indicative_fx,2026-9-17,2026-9-17,2026-09-17T17:10:44.971813+00:00,13.36,12.57,,12.965,,,
native,hsbc,THB,SGD,THB/SGD,100,Indicative board,board,,,indicative_fx,2026-9-17,2026-9-17,2026-09-17T17:10:44.971813+00:00,3.95,,3.821,,MAS,3.376079560324522,
native,hsbc,TRY,SGD,TRY/SGD,1,Indicative board,board,,,indicative_fx,2026-9-17,2026-9-17,2026-09-17T17:10:44.971813+00:00,0.0271,,,,,,
native,hsbc,USD,SGD,USD/SGD,1,Indicative board,board,,,indicative_fx,2026-9-17,2026-9-17,2026-09-17T17:10:44.971813+00:00,1.3032,1.252,1.2766,1.2776,MAS,2.0836597211342593,1.9269935766880741
native,hsbc,ZAR,SGD,ZAR/SGD,1,Indicative board,board,,,indicative_fx,2026-9-17,2026-9-17,2026-09-17T17:10:44.971813+00:00,0.0806,0.0755,,0.07805000000000001,,,
native,ocbc,AED,SGD,AED/SGD,100,"SGD 0 – 39,999.99",tier_1,,,fxRatesSgd,2026-09-17T07:00:15,2026-09-17T07:00:15,2026-09-17T17:10:42.761325+00:00,35.6342,33.6126,34.76,34.6234,MAS,2.514959723820489,3.3009205983889456
native,ocbc,AED,SGD,AED/SGD,100,"SGD 40,000 – 100,000",tier_2,,,fxRatesSgd,2026-09-17T07:00:15,2026-09-17T07:00:15,2026-09-17T17:10:42.761325+00:00,35.6237,33.6298,34.76,34.6234,MAS,2.4847525891829734,3.2514384349827243
native,ocbc,AUD,SGD,AUD/SGD,1,"SGD 0 – 39,999.99",tier_1,,,fxRatesSgd,2026-09-17T07:00:15,2026-09-17T07:00:15,2026-09-17T17:10:42.761325+00:00,0.9235,0.8943,0.907,0.9089,MAS,1.8191841234840085,1.4002205071664877
native,ocbc,AUD,SGD,AUD/SGD,1,"SGD 40,000 – 100,000",tier_2,,,fxRatesSgd,2026-09-17T07:00:15,2026-09-17T07:00:15,2026-09-17T17:10:42.761325+00:00,0.9217,0.8961,0.907,0.9089,MAS,1.6207276736493865,1.2017640573318655
native,ocbc,BGN,SGD,BGN/SGD,100,"SGD 0 – 39,999.99",tier_1,,,fxRatesSgd,2026-09-17T07:00:15,2026-09-17T07:00:15,2026-09-17T17:10:42.761325+00:00,0.0,0.0,,0.0,,,
native,ocbc,BGN,SGD,BGN/SGD,100,"SGD 40,000 – 100,000",tier_2,,,fxRatesSgd,2026-09-17T07:00:15,2026-09-17T07:00:15,2026-09-17T17:10:42.761325+00:00,0.0,0.0,,0.0,,,
native,ocbc,BHD,SGD,BHD/SGD,1,"SGD 0 – 39,999.99",tier_1,,,fxRatesSgd,2026-09-17T07:00:15,2026-09-17T07:00:15,2026-09-17T17:10:42.761325+00:00,0.0,0.0,,0.0,,,
native,ocbc,BHD,SGD,BHD/SGD,1,"SGD 40,000 – 100,000",tier_2,,,fxRatesSgd,2026-09-17T07:00:15,2026-09-17T07:00:15,2026-09-17T17:10:42.761325+00:00,0.0,0.0,,0.0,,,
native,ocbc,CAD,SGD,CAD/SGD,1,"SGD 0 – 39,999.99",tier_1,,,fxRatesSgd,2026-09-17T07:00:15,2026-09-17T07:00:15,2026-09-17T17:10:42.761325+00:00,0.9282,0.8953,0.9124,0.9118,MAS,1.7316966242875973,1.874177992108725
native,ocbc,CAD,SGD,CAD/SGD,1,"SGD 40,000 – 100,000",tier_2,,,fxRatesSgd,2026-09-17T07:00:15,2026-09-17T07:00:15,2026-09-17T17:10:42.761325+00:00,0.9264,0.8971,0.9124,0.9118,MAS,1.534414730381413,1.6768960982025405
native,ocbc,CHF,SGD,CHF/SGD,100,"SGD 0 – 39,999.99",tier_1,,,fxRatesSgd,2026-09-17T07:00:15,2026-09-17T07:00:15,2026-09-17T17:10:42.761325+00:00,157.3864,151.8018,154.6,154.5941,MAS,1.8023285899094532,1.8099611901681814
native,ocbc,CHF,SGD,CHF/SGD,100,"SGD 40,000 – 100,000",tier_2,,,fxRatesSgd,2026-09-17T07:00:15,2026-09-17T07:00:15,2026-09-17T17:10:42.761325+00:00,157.0772,152.111,154.6,154.5941,MAS,1.6023285899094506,1.6099611901681787
native,ocbc,CNH,SGD,CNH/SGD,100,"SGD 0 – 39,999.99",tier_1,,,fxRatesSgd,2026-09-17T07:00:15,2026-09-17T07:00:15,2026-09-17T17:10:42.761325+00:00,19.3655,18.7938,,19.0797,,,
native,ocbc,CNH,SGD,CNH/SGD,100,"SGD 40,000 – 100,000",tier_2,,,fxRatesSgd,2026-09-17T07:00:15,2026-09-17T07:00:15,2026-09-17T17:10:42.761325+00:00,19.3465,18.8128,,19.0797,,,
native,ocbc,CZK,SGD,CZK/SGD,100,"SGD 0 – 39,999.99",tier_1,,,fxRatesSgd,2026-09-17T07:00:15,2026-09-17T07:00:15,2026-09-17T17:10:42.761325+00:00,0.0,0.0,,0.0,,,
native,ocbc,CZK,SGD,CZK/SGD,100,"SGD 40,000 – 100,000",tier_2,,,fxRatesSgd,2026-09-17T07:00:15,2026-09-17T07:00:15,2026-09-17T17:10:42.761325+00:00,0.0,0.0,,0.0,,,
native,ocbc,DKK,SGD,DKK/SGD,100,"SGD 0 – 39,999.99",tier_1,,,fxRatesSgd,2026-09-17T07:00:15,2026-09-17T07:00:15,2026-09-17T17:10:42.761325+00:00,19.9429,19.2359,,19.5894,,,
native,ocbc,DKK,SGD,DKK/SGD,100,"SGD 40,000 – 100,000",tier_2,,,fxRatesSgd,2026-09-17T07:00:15,2026-09-17T07:00:15,2026-09-17T17:10:42.761325+00:00,19.9037,19.275,,19.5894,,,
native,ocbc,EUR,SGD,EUR/SGD,1,"SGD 0 – 39,999.99",tier_1,,,fxRatesSgd,2026-09-17T07:00:15,2026-09-17T07:00:15,2026-09-17T17:10:42.761325+00:00,1.4808,1.4445,1.463,1.4627,MAS,1.2166780587833093,1.2645249487354875
native,ocbc,EUR,SGD,EUR/SGD,1,"SGD 40,000 – 100,000",tier_2,,,fxRatesSgd,2026-09-17T07:00:15,2026-09-17T07:00:15,2026-09-17T17:10:42.761325+00:00,1.4791,1.4464,1.463,1.4627,MAS,1.1004784688995217,1.134654818865357
native,ocbc,GBP,SGD,GBP/SGD,1,"SGD 0 – 39,999.99",tier_1,,,fxRatesSgd,2026-09-17T07:00:15,2026-09-17T07:00:15,2026-09-17T17:10:42.761325+00:00,1.7309,1.685,1.7073,1.708,MAS,1.382299537281091,1.3061559187020435
native,ocbc,GBP,SGD,GBP/SGD,1,"SGD 40,000 – 100,000",tier_2,,,fxRatesSgd,2026-09-17T07:00:15,2026-09-17T07:00:15,2026-09-17T17:10:42.761325+00:00,1.7292,1.687,1.7073,1.708,MAS,1.2827271129854174,1.1890118901189004
native,ocbc,HKD,SGD,HKD/SGD,100,"SGD 0 – 39,999.99",tier_1,,,fxRatesSgd,2026-09-17T07:00:15,2026-09-17T07:00:15,2026-09-17T17:10:42.761325+00:00,16.4707,16.0731,16.27,16.2719,MAS,1.2335586969883297,1.2102028272894862
native,ocbc,HKD,SGD,HKD/SGD,100,"SGD 40,000 – 100,000",tier_2,,,fxRatesSgd,2026-09-17T07:00:15,2026-09-17T07:00:15,2026-09-17T17:10:42.761325+00:00,16.4414,16.0829,16.27,16.2719,MAS,1.0534726490473387,1.1499692685925074
native,ocbc,HUF,SGD,HUF/SGD,100,"SGD 0 – 39,999.99",tier_1,,,fxRatesSgd,2026-09-17T07:00:15,2026-09-17T07:00:15,2026-09-17T17:10:42.761325+00:00,0.0,0.0,,0.0,,,
native,ocbc,HUF,SGD,HUF/SGD,100,"SGD 40,000 – 100,000",tier_2,,,fxRatesSgd,2026-09-17T07:00:15,2026-09-17T07:00:15,2026-09-17T17:10:42.761325+00:00,0.0,0.0,,0.0,,,
native,ocbc,IDR,SGD,IDR/SGD,100,"SGD 0 – 39,999.99",tier_1,,,fxRatesSgd,2026-09-17T07:00:15,2026-09-17T07:00:15,2026-09-17T17:10:42.761325+00:00,0.0074,0.0,0.00719,0.0074,MAS,2.920723226703757,100.0
native,ocbc,IDR,SGD,IDR/SGD,100,"SGD 40,000 – 100,000",tier_2,,,fxRatesSgd,2026-09-17T07:00:15,2026-09-17T07:00:15,2026-09-17T17:10:42.761325+00:00,0.0074,0.0,0.00719,0.0074,MAS,2.920723226703757,100.0
native,ocbc,ILS,SGD,ILS/SGD,100,"SGD 0 – 39,999.99",tier_1,,,fxRatesSgd,2026-09-17T07:00:15,2026-09-17T07:00:15,2026-09-17T17:10:42.761325+00:00,0.0,0.0,,0.0,,,
native,ocbc,ILS,SGD,ILS/SGD,100,"SGD 40,000 – 100,000",tier_2,,,fxRatesSgd,2026-09-17T07:00:15,2026-09-17T07:00:15,2026-09-17T17:10:42.761325+00:00,0.0,0.0,,0.0,,,
native,ocbc,INR,SGD,INR/SGD,100,"SGD 0 – 39,999.99",tier_1,,,fxRatesSgd,2026-09-17T07:00:15,2026-09-17T07:00:15,2026-09-17T17:10:42.761325+00:00,1.3695,0.0,1.329,1.3695,MAS,3.0474040632054162,100.0
native,ocbc,INR,SGD,INR/SGD,100,"SGD 40,000 – 100,000",tier_2,,,fxRatesSgd,2026-09-17T07:00:15,2026-09-17T07:00:15,2026-09-17T17:10:42.761325+00:00,1.3669,0.0,1.329,1.3695,MAS,2.85176824680211,100.0
native,ocbc,JOD,SGD,JOD/SGD,1,"SGD 0 – 39,999.99",tier_1,,,fxRatesSgd,2026-09-17T07:00:15,2026-09-17T07:00:15,2026-09-17T17:10:42.761325+00:00,0.0,0.0,,0.0,,,
native,ocbc,JOD,SGD,JOD/SGD,1,"SGD 40,000 – 100,000",tier_2,,,fxRatesSgd,2026-09-17T07:00:15,2026-09-17T07:00:15,2026-09-17T17:10:42.761325+00:00,0.0,0.0,,0.0,,,
native,ocbc,JPY,SGD,JPY/SGD,100,"SGD 0 – 39,999.99",tier_1,,,fxRatesSgd,2026-09-17T07:00:15,2026-09-17T07:00:15,2026-09-17T17:10:42.761325+00:00,0.8304,0.81,0.8177,0.8202,MAS,1.5531368472544997,0.9416656475479919
native,ocbc,JPY,SGD,JPY/SGD,100,"SGD 40,000 – 100,000",tier_2,,,fxRatesSgd,2026-09-17T07:00:15,2026-09-17T07:00:15,2026-09-17T17:10:42.761325+00:00,0.8296,0.8114,0.8177,0.8202,MAS,1.455301455301458,0.7704537116301788
native,ocbc,KRW,SGD,KRW/SGD,100,"SGD 0 – 39,999.99",tier_1,,,fxRatesSgd,2026-09-17T07:00:15,2026-09-17T07:00:15,2026-09-17T17:10:42.761325+00:00,0.0,0.0,0.0925,0.0,MAS,-100.0,100.0
native,ocbc,KRW,SGD,KRW/SGD,100,"SGD 40,000 – 100,000",tier_2,,,fxRatesSgd,2026-09-17T07:00:15,2026-09-17T07:00:15,2026-09-17T17:10:42.761325+00:00,0.0,0.0,0.0925,0.0,MAS,-100.0,100.0
native,ocbc,LKR,SGD,LKR/SGD,100,"SGD 0 – 39,999.99",tier_1,,,fxRatesSgd,2026-09-17T07:00:15,2026-09-17T07:00:15,2026-09-17T17:10:42.761325+00:00,0.3965,0.0,,0.3965,,,
native,ocbc,LKR,SGD,LKR/SGD,100,"SGD 40,000 – 100,000",tier_2,,,fxRatesSgd,2026-09-17T07:00:15,2026-09-17T07:00:15,2026-09-17T17:10:42.761325+00:00,0.3958,0.0,,0.3965,,,
native,ocbc,MAD,SGD,MAD/SGD,100,"SGD 0 – 39,999.99",tier_1,,,fxRatesSgd,2026-09-17T07:00:15,2026-09-17T07:00:15,2026-09-17T17:10:42.761325+00:00,0.0,0.0,,0.0,,,
native,ocbc,MAD,SGD,MAD/SGD,100,"SGD 40,000 – 100,000",tier_2,,,fxRatesSgd,2026-09-17T07:00:15,2026-09-17T07:00:15,2026-09-17T17:10:42.761325+00:00,0.0,0.0,,0.0,,,
native,ocbc,MXN,SGD,MXN/SGD,100,"SGD 0 – 39,999.99",tier_1,,,fxRatesSgd,2026-09-17T07:00:15,2026-09-17T07:00:15,2026-09-17T17:10:42.761325+00:00,7.6296,0.0,,7.6296,,,
native,ocbc,MXN,SGD,MXN/SGD,100,"SGD 40,000 – 100,000",tier_2,,,fxRatesSgd,2026-09-17T07:00:15,2026-09-17T07:00:15,2026-09-17T17:10:42.761325+00:00,7.6281,0.0,,7.6296,,,
native,ocbc,MYR,SGD,MYR/SGD,100,"SGD 0 – 39,999.99",tier_1,,,fxRatesSgd,2026-09-17T07:00:15,2026-09-17T07:00:15,2026-09-17T17:10:42.761325+00:00,0.0,0.0,31.15,0.0,MAS,-100.0,100.0
native,ocbc,MYR,SGD,MYR/SGD,100,"SGD 40,000 – 100,000",tier_2,,,fxRatesSgd,2026-09-17T07:00:15,2026-09-17T07:00:15,2026-09-17T17:10:42.761325+00:00,0.0,0.0,31.15,0.0,MAS,-100.0,100.0
native,ocbc,NOK,SGD,NOK/SGD,100,"SGD 0 – 39,999.99",tier_1,,,fxRatesSgd,2026-09-17T07:00:15,2026-09-17T07:00:15,2026-09-17T17:10:42.761325+00:00,13.7745,13.2829,,13.5287,,,
native,ocbc,NOK,SGD,NOK/SGD,100,"SGD 40,000 – 100,000",tier_2,,,fxRatesSgd,2026-09-17T07:00:15,2026-09-17T07:00:15,2026-09-17T17:10:42.761325+00:00,13.7474,13.31,,13.5287,,,
native,ocbc,NZD,SGD,NZD/SGD,1,"SGD 0 – 39,999.99",tier_1,,,fxRatesSgd,2026-09-17T07:00:15,2026-09-17T07:00:15,2026-09-17T17:10:42.761325+00:00,0.7472,0.7219,0.7306999999999999,0.7346,MAS,2.2581086629259715,1.2043246202271685
native,ocbc,NZD,SGD,NZD/SGD,1,"SGD 40,000 – 100,000",tier_2,,,fxRatesSgd,2026-09-17T07:00:15,2026-09-17T07:00:15,2026-09-17T17:10:42.761325+00:00,0.7454,0.7241,0.7306999999999999,0.7346,MAS,2.0117695360613177,0.9032434651703765
native,ocbc,OMR,SGD,OMR/SGD,1,"SGD 0 – 39,999.99",tier_1,,,fxRatesSgd,2026-09-17T07:00:15,2026-09-17T07:00:15,2026-09-17T17:10:42.761325+00:00,0.0,0.0,,0.0,,,
native,ocbc,OMR,SGD,OMR/SGD,1,"SGD 40,000 – 100,000",tier_2,,,fxRatesSgd,2026-09-17T07:00:15,2026-09-17T07:00:15,2026-09-17T17:10:42.761325+00:00,0.0,0.0,,0.0,,,
native,ocbc,PHP,SGD,PHP/SGD,100,"SGD 0 – 39,999.99",tier_1,,,fxRatesSgd,2026-09-17T07:00:15,2026-09-17T07:00:15,2026-09-17T17:10:42.761325+00:00,2.0946,0.0,2.0333,2.0946,MAS,3.0148035213691875,100.0
native,ocbc,PHP,SGD,PHP/SGD,100,"SGD 40,000 – 100,000",tier_2,,,fxRatesSgd,2026-09-17T07:00:15,2026-09-17T07:00:15,2026-09-17T17:10:42.761325+00:00,2.0936,0.0,2.0333,2.0946,MAS,2.9656223872522403,100.0
native,ocbc,PLN,SGD,PLN/SGD,100,"SGD 0 – 39,999.99",tier_1,,,fxRatesSgd,2026-09-17T07:00:15,2026-09-17T07:00:15,2026-09-17T17:10:42.761325+00:00,34.545,32.3799,,33.4625,,,
native,ocbc,PLN,SGD,PLN/SGD,100,"SGD 40,000 – 100,000",tier_2,,,fxRatesSgd,2026-09-17T07:00:15,2026-09-17T07:00:15,2026-09-17T17:10:42.761325+00:00,34.528,32.4062,,33.4625,,,
native,ocbc,QAR,SGD,QAR/SGD,100,"SGD 0 – 39,999.99",tier_1,,,fxRatesSgd,2026-09-17T07:00:15,2026-09-17T07:00:15,2026-09-17T17:10:42.761325+00:00,36.0397,33.943,35.04,34.9914,MAS,2.853025114155263,3.130707762557081
native,ocbc,QAR,SGD,QAR/SGD,100,"SGD 40,000 – 100,000",tier_2,,,fxRatesSgd,2026-09-17T07:00:15,2026-09-17T07:00:15,2026-09-17T17:10:42.761325+00:00,36.0184,33.9602,35.04,34.9914,MAS,2.792237442922376,3.0816210045662062
native,ocbc,RON,SGD,RON/SGD,100,"SGD 0 – 39,999.99",tier_1,,,fxRatesSgd,2026-09-17T07:00:15,2026-09-17T07:00:15,2026-09-17T17:10:42.761325+00:00,0.0,0.0,,0.0,,,
native,ocbc,RON,SGD,RON/SGD,100,"SGD 40,000 – 100,000",tier_2,,,fxRatesSgd,2026-09-17T07:00:15,2026-09-17T07:00:15,2026-09-17T17:10:42.761325+00:00,0.0,0.0,,0.0,,,
native,ocbc,RUB,SGD,RUB/SGD,100,"SGD 0 – 39,999.99",tier_1,,,fxRatesSgd,2026-09-17T07:00:15,2026-09-17T07:00:15,2026-09-17T17:10:42.761325+00:00,0.0,0.0,,0.0,,,
native,ocbc,RUB,SGD,RUB/SGD,100,"SGD 40,000 – 100,000",tier_2,,,fxRatesSgd,2026-09-17T07:00:15,2026-09-17T07:00:15,2026-09-17T17:10:42.761325+00:00,0.0,0.0,,0.0,,,
native,ocbc,SAR,SGD,SAR/SGD,100,"SGD 0 – 39,999.99",tier_1,,,fxRatesSgd,2026-09-17T07:00:15,2026-09-17T07:00:15,2026-09-17T17:10:42.761325+00:00,34.9163,32.9951,33.99,33.9557,MAS,2.7252132980288253,2.9270373639305713
native,ocbc,SAR,SGD,SAR/SGD,100,"SGD 40,000 – 100,000",tier_2,,,fxRatesSgd,2026-09-17T07:00:15,2026-09-17T07:00:15,2026-09-17T17:10:42.761325+00:00,34.8991,33.0118,33.99,33.9557,MAS,2.674610179464534,2.8779052662547837
native,ocbc,SEK,SGD,SEK/SGD,100,"SGD 0 – 39,999.99",tier_1,,,fxRatesSgd,2026-09-17T07:00:15,2026-09-17T07:00:15,2026-09-17T17:10:42.761325+00:00,13.2169,12.7457,,12.9813,,,
native,ocbc,SEK,SGD,SEK/SGD,100,"SGD 40,000 – 100,000",tier_2,,,fxRatesSgd,2026-09-17T07:00:15,2026-09-17T07:00:15,2026-09-17T17:10:42.761325+00:00,13.191,12.7717,,12.9813,,,
native,ocbc,THB,SGD,THB/SGD,100,"SGD 0 – 39,999.99",tier_1,,,fxRatesSgd,2026-09-17T07:00:15,2026-09-17T07:00:15,2026-09-17T17:10:42.761325+00:00,3.9333,3.7179,3.821,3.8256,MAS,2.9390211986390953,2.698246532321381
native,ocbc,THB,SGD,THB/SGD,100,"SGD 40,000 – 100,000",tier_2,,,fxRatesSgd,2026-09-17T07:00:15,2026-09-17T07:00:15,2026-09-17T17:10:42.761325+00:00,3.9257,3.7256,3.821,3.8256,MAS,2.7401203873331537,2.496728605077209
native,ocbc,TRY,SGD,TRY/SGD,100,"SGD 0 – 39,999.99",tier_1,,,fxRatesSgd,2026-09-17T07:00:15,2026-09-17T07:00:15,2026-09-17T17:10:42.761325+00:00,2.6915,2.58,,2.6358,,,
native,ocbc,TRY,SGD,TRY/SGD,100,"SGD 40,000 – 100,000",tier_2,,,fxRatesSgd,2026-09-17T07:00:15,2026-09-17T07:00:15,2026-09-17T17:10:42.761325+00:00,2.6902,2.5803,,2.6358,,,
native,ocbc,TWD,SGD,TWD/SGD,100,"SGD 0 – 39,999.99",tier_1,,,fxRatesSgd,2026-09-17T07:00:15,2026-09-17T07:00:15,2026-09-17T17:10:42.761325+00:00,4.1491,0.0,4.003,4.1491,MAS,3.649762677991498,100.0
native,ocbc,TWD,SGD,TWD/SGD,100,"SGD 40,000 – 100,000",tier_2,,,fxRatesSgd,2026-09-17T07:00:15,2026-09-17T07:00:15,2026-09-17T17:10:42.761325+00:00,0.0,0.0,4.003,4.1491,MAS,-100.0,100.0
native,ocbc,USD,SGD,USD/SGD,1,"SGD 0 – 39,999.99",tier_1,,,fxRatesSgd,2026-09-17T07:00:15,2026-09-17T07:00:15,2026-09-17T17:10:42.761325+00:00,1.288,1.2637,1.2766,1.2759,MAS,0.8929970233432616,1.0104966316778876
native,ocbc,USD,SGD,USD/SGD,1,"SGD 40,000 – 100,000",tier_2,,,fxRatesSgd,2026-09-17T07:00:15,2026-09-17T07:00:15,2026-09-17T17:10:42.761325+00:00,1.2867,1.266,1.2766,1.2759,MAS,0.791164029453235,0.8303305655647769
native,ocbc,ZAR,SGD,ZAR/SGD,100,"SGD 0 – 39,999.99",tier_1,,,fxRatesSgd,2026-09-17T07:00:15,2026-09-17T07:00:15,2026-09-17T17:10:42.761325+00:00,8.0708,7.5968,,7.8338,,,
native,ocbc,ZAR,SGD,ZAR/SGD,100,"SGD 40,000 – 100,000",tier_2,,,fxRatesSgd,2026-09-17T07:00:15,2026-09-17T07:00:15,2026-09-17T17:10:42.761325+00:00,8.0669,7.6007,,7.8338,,,
native,uob,AED,SGD,AED/SGD,100,Indicative board,board,,,forex_sgd,17 September 2026 06:01:44 PM,17 September 2026 06:01:44 PM,2026-09-17T17:10:44.489719+00:00,35.6,33.9,34.76,34.75,MAS,2.416570771001161,2.4741081703107004
native,uob,AOA,SGD,AOA/SGD,100,Indicative board,board,,,forex_sgd,17 September 2026 06:01:44 PM,17 September 2026 06:01:44 PM,2026-09-17T17:10:44.489719+00:00,0.1436,,,,,,
native,uob,AUD,SGD,AUD/SGD,1,Indicative board,board,,,forex_sgd,17 September 2026 06:01:44 PM,17 September 2026 06:01:44 PM,2026-09-17T17:10:44.489719+00:00,0.9232,0.8922,0.907,0.9077,MAS,1.786108048511576,1.631753031973543
native,uob,BDT,SGD,BDT/SGD,100,Indicative board,board,,,forex_sgd,17 September 2026 06:01:44 PM,17 September 2026 06:01:44 PM,2026-09-17T17:10:44.489719+00:00,1.0683,,,,,,
native,uob,BND,SGD,BND/SGD,1,Indicative board,board,,,forex_sgd,17 September 2026 06:01:44 PM,17 September 2026 06:01:44 PM,2026-09-17T17:10:44.489719+00:00,1.0,1.0,,1.0,,,
native,uob,CAD,SGD,CAD/SGD,1,Indicative board,board,,,forex_sgd,17 September 2026 06:01:44 PM,17 September 2026 06:01:44 PM,2026-09-17T17:10:44.489719+00:00,0.9221,0.9021,0.9124,0.9121,MAS,1.0631302060499825,1.1288908373520359
native,uob,CHF,SGD,CHF/SGD,100,Indicative board,board,,,forex_sgd,17 September 2026 06:01:44 PM,17 September 2026 06:01:44 PM,2026-09-17T17:10:44.489719+00:00,156.19,152.89,154.6,154.54,MAS,1.0284605433376477,1.106080206985775
native,uob,CNH,SGD,CNH/SGD,100,Indicative board,board,,,forex_sgd,17 September 2026 06:01:44 PM,17 September 2026 06:01:44 PM,2026-09-17T17:10:44.489719+00:00,19.25,18.79,,19.02,,,
native,uob,DKK,SGD,DKK/SGD,100,Indicative board,board,,,forex_sgd,17 September 2026 06:01:44 PM,17 September 2026 06:01:44 PM,2026-09-17T17:10:44.489719+00:00,19.94,19.24,,19.59,,,
native,uob,EGP,SGD,EGP/SGD,100,Indicative board,board,,,forex_sgd,17 September 2026 06:01:44 PM,17 September 2026 06:01:44 PM,2026-09-17T17:10:44.489719+00:00,2.5144,,,,,,
native,uob,EUR,SGD,EUR/SGD,1,Indicative board,board,,,forex_sgd,17 September 2026 06:01:44 PM,17 September 2026 06:01:44 PM,2026-09-17T17:10:44.489719+00:00,1.4833,1.4453,1.463,1.4643000000000002,MAS,1.387559808612439,1.2098427887901604
native,uob,GBP,SGD,GBP/SGD,1,Indicative board,board,,,forex_sgd,17 September 2026 06:01:44 PM,17 September 2026 06:01:44 PM,2026-09-17T17:10:44.489719+00:00,1.732,1.687,1.7073,1.7095,MAS,1.4467287530018125,1.1890118901189004
native,uob,HKD,SGD,HKD/SGD,100,Indicative board,board,,,forex_sgd,17 September 2026 06:01:44 PM,17 September 2026 06:01:44 PM,2026-09-17T17:10:44.489719+00:00,16.449,16.091,16.27,16.270000000000003,MAS,1.1001843884450033,1.1001843884449816
native,uob,INR,SGD,INR/SGD,100,Indicative board,board,,,forex_sgd,17 September 2026 06:01:44 PM,17 September 2026 06:01:44 PM,2026-09-17T17:10:44.489719+00:00,1.3671,,1.329,,MAS,2.8668171557562094,
native,uob,JPY,SGD,JPY/SGD,100,Indicative board,board,,,forex_sgd,17 September 2026 06:01:44 PM,17 September 2026 06:01:44 PM,2026-09-17T17:10:44.489719+00:00,0.8366,0.8026,0.8177,0.8196,MAS,2.31136113489055,1.8466430231136117
native,uob,KRW,SGD,KRW/SGD,1000,Indicative board,board,,,forex_sgd,17 September 2026 06:01:44 PM,17 September 2026 06:01:44 PM,2026-09-17T17:10:44.489719+00:00,0.9413,,0.925,,MAS,1.7621621621621602,
native,uob,KWD,SGD,KWD/SGD,1,Indicative board,board,,,forex_sgd,17 September 2026 06:01:44 PM,17 September 2026 06:01:44 PM,2026-09-17T17:10:44.489719+00:00,4.1986,,,,,,
native,uob,LKR,SGD,LKR/SGD,100,Indicative board,board,,,forex_sgd,17 September 2026 06:01:44 PM,17 September 2026 06:01:44 PM,2026-09-17T17:10:44.489719+00:00,0.3913,,,,,,
native,uob,MXN,SGD,MXN/SGD,100,Indicative board,board,,,forex_sgd,17 September 2026 06:01:44 PM,17 September 2026 06:01:44 PM,2026-09-17T17:10:44.489719+00:00,7.4779,,,,,,
native,uob,MYR,SGD,MYR/SGD,100,Indicative board,board,,,forex_sgd,17 September 2026 06:01:44 PM,17 September 2026 06:01:44 PM,2026-09-17T17:10:44.489719+00:00,31.6556,,31.15,,MAS,1.623113964687002,
native,uob,NOK,SGD,NOK/SGD,100,Indicative board,board,,,forex_sgd,17 September 2026 06:01:44 PM,17 September 2026 06:01:44 PM,2026-09-17T17:10:44.489719+00:00,13.76,13.32,,13.54,,,
native,uob,NZD,SGD,NZD/SGD,1,Indicative board,board,,,forex_sgd,17 September 2026 06:01:44 PM,17 September 2026 06:01:44 PM,2026-09-17T17:10:44.489719+00:00,0.7417,0.7217,0.7306999999999999,0.7317,MAS,1.5054057752839909,1.2316956343232377
native,uob,PHP,SGD,PHP/SGD,100,Indicative board,board,,,forex_sgd,17 September 2026 06:01:44 PM,17 September 2026 06:01:44 PM,2026-09-17T17:10:44.489719+00:00,2.0818,,2.0333,,MAS,2.385285004672196,
native,uob,PKR,SGD,PKR/SGD,100,Indicative board,board,,,forex_sgd,17 September 2026 06:01:44 PM,17 September 2026 06:01:44 PM,2026-09-17T17:10:44.489719+00:00,0.4671,,,,,,
native,uob,SAR,SGD,SAR/SGD,100,Indicative board,board,,,forex_sgd,17 September 2026 06:01:44 PM,17 September 2026 06:01:44 PM,2026-09-17T17:10:44.489719+00:00,,,33.99,,MAS,,
native,uob,SEK,SGD,SEK/SGD,100,Indicative board,board,,,forex_sgd,17 September 2026 06:01:44 PM,17 September 2026 06:01:44 PM,2026-09-17T17:10:44.489719+00:00,13.23,12.75,,12.99,,,
native,uob,THB,SGD,THB/SGD,100,Indicative board,board,,,forex_sgd,17 September 2026 06:01:44 PM,17 September 2026 06:01:44 PM,2026-09-17T17:10:44.489719+00:00,3.93,3.73,3.821,3.83,MAS,2.852656372677309,2.381575503794823
native,uob,TWD,SGD,TWD/SGD,100,Indicative board,board,,,forex_sgd,17 September 2026 06:01:44 PM,17 September 2026 06:01:44 PM,2026-09-17T17:10:44.489719+00:00,4.0922,,4.003,,MAS,2.2283287534349223,
native,uob,USD,SGD,USD/SGD,1,Indicative board,board,,,forex_sgd,17 September 2026 06:01:44 PM,17 September 2026 06:01:44 PM,2026-09-17T17:10:44.489719+00:00,1.288,1.264,1.2766,1.276,MAS,0.8929970233432616,0.9869967100109625
native,uob,VND,SGD,VND/SGD,1000,Indicative board,board,,,forex_sgd,17 September 2026 06:01:44 PM,17 September 2026 06:01:44 PM,2026-09-17T17:10:44.489719+00:00,0.0504,,0.049109999999999994,,MAS,2.6267562614538926,
native,uob,XAF,SGD,XAF/SGD,100,Indicative board,board,,,forex_sgd,17 September 2026 06:01:44 PM,17 September 2026 06:01:44 PM,2026-09-17T17:10:44.489719+00:00,0.2292,,,,,,
native,uob,XOF,SGD,XOF/SGD,100,Indicative board,board,,,forex_sgd,17 September 2026 06:01:44 PM,17 September 2026 06:01:44 PM,2026-09-17T17:10:44.489719+00:00,0.2317,,,,,,
native,uob,ZAR,SGD,ZAR/SGD,1,Indicative board,board,,,forex_sgd,17 September 2026 06:01:44 PM,17 September 2026 06:01:44 PM,2026-09-17T17:10:44.489719+00:00,0.0804,0.0764,,0.0784,,,
standardized,dbs,AED,SGD,AED/SGD,1,SGD 50 – 200,amtBtw50And200,"SGD 200 – 39,999.99",std_200_40k,mainCurrencies,2026-09-18 01:00:00,2026-09-17 17:00:16,2026-09-17T17:10:41.539508+00:00,0.3499,0.3451,0.34759999999999996,0.34750000000000003,MAS,0.6616800920598459,0.7192174913693749
standardized,dbs,AED,SGD,AED/SGD,1,SGD 50 – 200,amtBtw50And200,"SGD 40,000 – 100,000",std_40k_100k,mainCurrencies,2026-09-18 01:00:00,2026-09-17 17:00:16,2026-09-17T17:10:41.539508+00:00,0.3499,0.3451,0.34759999999999996,0.34750000000000003,MAS,0.6616800920598459,0.7192174913693749
standardized,dbs,AED,SGD,AED/SGD,1,SGD 50 – 200,amtBtw50And200,SGD 50 – 200,std_50_200,mainCurrencies,2026-09-18 01:00:00,2026-09-17 17:00:16,2026-09-17T17:10:41.539508+00:00,0.3499,0.3451,0.34759999999999996,0.34750000000000003,MAS,0.6616800920598459,0.7192174913693749
standardized,dbs,AED,SGD,AED/SGD,1,SGD < 50,amtLessThan50,SGD < 50,std_lt_50,mainCurrencies,2026-09-18 01:00:00,2026-09-17 17:00:16,2026-09-17T17:10:41.539508+00:00,0.3526,0.3423,0.34759999999999996,0.34745000000000004,MAS,1.4384349827387974,1.5247410817030989
standardized,dbs,AUD,SGD,AUD/SGD,1,SGD 50 – 200,amtBtw50And200,"SGD 200 – 39,999.99",std_200_40k,mainCurrencies,2026-09-18 01:00:00,2026-09-17 17:00:16,2026-09-17T17:10:41.539508+00:00,0.9179,0.8978,0.907,0.90785,MAS,1.2017640573318655,1.0143329658213875
standardized,dbs,AUD,SGD,AUD/SGD,1,SGD 50 – 200,amtBtw50And200,"SGD 40,000 – 100,000",std_40k_100k,mainCurrencies,2026-09-18 01:00:00,2026-09-17 17:00:16,2026-09-17T17:10:41.539508+00:00,0.9179,0.8978,0.907,0.90785,MAS,1.2017640573318655,1.0143329658213875
standardized,dbs,AUD,SGD,AUD/SGD,1,SGD 50 – 200,amtBtw50And200,SGD 50 – 200,std_50_200,mainCurrencies,2026-09-18 01:00:00,2026-09-17 17:00:16,2026-09-17T17:10:41.539508+00:00,0.9179,0.8978,0.907,0.90785,MAS,1.2017640573318655,1.0143329658213875
standardized,dbs,AUD,SGD,AUD/SGD,1,SGD < 50,amtLessThan50,SGD < 50,std_lt_50,mainCurrencies,2026-09-18 01:00:00,2026-09-17 17:00:16,2026-09-17T17:10:41.539508+00:00,0.9183,0.8973,0.907,0.9077999999999999,MAS,1.245865490628443,1.0694597574421214
standardized,dbs,BDT,SGD,BDT/SGD,100,SGD 50 – 200,amtBtw50And200,"SGD 200 – 39,999.99",std_200_40k,otherCurrencies,2026-09-18 01:00:00,2026-09-17 17:00:16,2026-09-17T17:10:41.539508+00:00,1.0541,,,,,,
standardized,dbs,BDT,SGD,BDT/SGD,100,SGD 50 – 200,amtBtw50And200,"SGD 40,000 – 100,000",std_40k_100k,otherCurrencies,2026-09-18 01:00:00,2026-09-17 17:00:16,2026-09-17T17:10:41.539508+00:00,1.0541,,,,,,
standardized,dbs,BDT,SGD,BDT/SGD,100,SGD 50 – 200,amtBtw50And200,SGD 50 – 200,std_50_200,otherCurrencies,2026-09-18 01:00:00,2026-09-17 17:00:16,2026-09-17T17:10:41.539508+00:00,1.0541,,,,,,
standardized,dbs,BDT,SGD,BDT/SGD,100,SGD < 50,amtLessThan50,SGD < 50,std_lt_50,otherCurrencies,2026-09-18 01:00:00,2026-09-17 17:00:16,2026-09-17T17:10:41.539508+00:00,1.0541,,,,,,
standardized,dbs,BHD,SGD,BHD/SGD,1,SGD 50 – 200,amtBtw50And200,"SGD 200 – 39,999.99",std_200_40k,otherCurrencies,2026-09-18 01:00:00,2026-09-17 17:00:16,2026-09-17T17:10:41.539508+00:00,3.4486,,,,,,
standardized,dbs,BHD,SGD,BHD/SGD,1,SGD 50 – 200,amtBtw50And200,"SGD 40,000 – 100,000",std_40k_100k,otherCurrencies,2026-09-18 01:00:00,2026-09-17 17:00:16,2026-09-17T17:10:41.539508+00:00,3.4486,,,,,,
standardized,dbs,BHD,SGD,BHD/SGD,1,SGD 50 – 200,amtBtw50And200,SGD 50 – 200,std_50_200,otherCurrencies,2026-09-18 01:00:00,2026-09-17 17:00:16,2026-09-17T17:10:41.539508+00:00,3.4486,,,,,,
standardized,dbs,BHD,SGD,BHD/SGD,1,SGD < 50,amtLessThan50,SGD < 50,std_lt_50,otherCurrencies,2026-09-18 01:00:00,2026-09-17 17:00:16,2026-09-17T17:10:41.539508+00:00,3.4621,,,,,,
standardized,dbs,BND,SGD,BND/SGD,1,SGD 50 – 200,amtBtw50And200,"SGD 200 – 39,999.99",std_200_40k,otherCurrencies,2026-09-18 01:00:00,2026-09-17 17:00:16,2026-09-17T17:10:41.539508+00:00,1.0,1.0,,1.0,,,
standardized,dbs,BND,SGD,BND/SGD,1,SGD 50 – 200,amtBtw50And200,"SGD 40,000 – 100,000",std_40k_100k,otherCurrencies,2026-09-18 01:00:00,2026-09-17 17:00:16,2026-09-17T17:10:41.539508+00:00,1.0,1.0,,1.0,,,
standardized,dbs,BND,SGD,BND/SGD,1,SGD 50 – 200,amtBtw50And200,SGD 50 – 200,std_50_200,otherCurrencies,2026-09-18 01:00:00,2026-09-17 17:00:16,2026-09-17T17:10:41.539508+00:00,1.0,1.0,,1.0,,,
standardized,dbs,BND,SGD,BND/SGD,1,SGD < 50,amtLessThan50,SGD < 50,std_lt_50,otherCurrencies,2026-09-18 01:00:00,2026-09-17 17:00:16,2026-09-17T17:10:41.539508+00:00,1.0,1.0,,1.0,,,
standardized,dbs,CAD,SGD,CAD/SGD,1,SGD 50 – 200,amtBtw50And200,"SGD 200 – 39,999.99",std_200_40k,mainCurrencies,2026-09-18 01:00:00,2026-09-17 17:00:16,2026-09-17T17:10:41.539508+00:00,0.9194,0.9056,0.9124,0.9125,MAS,0.7672073651907065,0.7452871547566887
standardized,dbs,CAD,SGD,CAD/SGD,1,SGD 50 – 200,amtBtw50And200,"SGD 40,000 – 100,000",std_40k_100k,mainCurrencies,2026-09-18 01:00:00,2026-09-17 17:00:16,2026-09-17T17:10:41.539508+00:00,0.9194,0.9056,0.9124,0.9125,MAS,0.7672073651907065,0.7452871547566887
standardized,dbs,CAD,SGD,CAD/SGD,1,SGD 50 – 200,amtBtw50And200,SGD 50 – 200,std_50_200,mainCurrencies,2026-09-18 01:00:00,2026-09-17 17:00:16,2026-09-17T17:10:41.539508+00:00,0.9194,0.9056,0.9124,0.9125,MAS,0.7672073651907065,0.7452871547566887
standardized,dbs,CAD,SGD,CAD/SGD,1,SGD < 50,amtLessThan50,SGD < 50,std_lt_50,mainCurrencies,2026-09-18 01:00:00,2026-09-17 17:00:16,2026-09-17T17:10:41.539508+00:00,0.9226,0.9025,0.9124,0.91255,MAS,1.1179307321350271,1.0850504164840005
standardized,dbs,CHF,SGD,CHF/SGD,1,SGD 50 – 200,amtBtw50And200,"SGD 200 – 39,999.99",std_200_40k,mainCurrencies,2026-09-18 01:00:00,2026-09-17 17:00:16,2026-09-17T17:10:41.539508+00:00,1.5612,1.5316,1.546,1.5464,MAS,0.9831824062095653,0.9314359637774883
standardized,dbs,CHF,SGD,CHF/SGD,1,SGD 50 – 200,amtBtw50And200,"SGD 40,000 – 100,000",std_40k_100k,mainCurrencies,2026-09-18 01:00:00,2026-09-17 17:00:16,2026-09-17T17:10:41.539508+00:00,1.5612,1.5316,1.546,1.5464,MAS,0.9831824062095653,0.9314359637774883
standardized,dbs,CHF,SGD,CHF/SGD,1,SGD 50 – 200,amtBtw50And200,SGD 50 – 200,std_50_200,mainCurrencies,2026-09-18 01:00:00,2026-09-17 17:00:16,2026-09-17T17:10:41.539508+00:00,1.5612,1.5316,1.546,1.5464,MAS,0.9831824062095653,0.9314359637774883
standardized,dbs,CHF,SGD,CHF/SGD,1,SGD < 50,amtLessThan50,SGD < 50,std_lt_50,mainCurrencies,2026-09-18 01:00:00,2026-09-17 17:00:16,2026-09-17T17:10:41.539508+00:00,1.5621,1.5309,1.546,1.5465,MAS,1.0413971539456663,0.9767141009055701
standardized,dbs,CNH,SGD,CNH/SGD,1,SGD 50 – 200,amtBtw50And200,"SGD 200 – 39,999.99",std_200_40k,mainCurrencies,2026-09-18 01:00:00,2026-09-17 17:00:16,2026-09-17T17:10:41.539508+00:00,0.1925,0.1881,,0.1903,,,
standardized,dbs,CNH,SGD,CNH/SGD,1,SGD 50 – 200,amtBtw50And200,"SGD 40,000 – 100,000",std_40k_100k,mainCurrencies,2026-09-18 01:00:00,2026-09-17 17:00:16,2026-09-17T17:10:41.539508+00:00,0.1925,0.1881,,0.1903,,,
standardized,dbs,CNH,SGD,CNH/SGD,1,SGD 50 – 200,amtBtw50And200,SGD 50 – 200,std_50_200,mainCurrencies,2026-09-18 01:00:00,2026-09-17 17:00:16,2026-09-17T17:10:41.539508+00:00,0.1925,0.1881,,0.1903,,,
standardized,dbs,CNH,SGD,CNH/SGD,1,SGD < 50,amtLessThan50,SGD < 50,std_lt_50,mainCurrencies,2026-09-18 01:00:00,2026-09-17 17:00:16,2026-09-17T17:10:41.539508+00:00,0.1932,0.1874,,0.19030000000000002,,,
standardized,dbs,CNY,SGD,CNY/SGD,1,SGD 50 – 200,amtBtw50And200,"SGD 200 – 39,999.99",std_200_40k,otherCurrencies,2026-09-18 01:00:00,2026-09-17 17:00:16,2026-09-17T17:10:41.539508+00:00,0.1902,,0.19030000000000002,,MAS,-0.05254860746191105,
standardized,dbs,CNY,SGD,CNY/SGD,1,SGD 50 – 200,amtBtw50And200,"SGD 40,000 – 100,000",std_40k_100k,otherCurrencies,2026-09-18 01:00:00,2026-09-17 17:00:16,2026-09-17T17:10:41.539508+00:00,0.1902,,0.19030000000000002,,MAS,-0.05254860746191105,
standardized,dbs,CNY,SGD,CNY/SGD,1,SGD 50 – 200,amtBtw50And200,SGD 50 – 200,std_50_200,otherCurrencies,2026-09-18 01:00:00,2026-09-17 17:00:16,2026-09-17T17:10:41.539508+00:00,0.1902,,0.19030000000000002,,MAS,-0.05254860746191105,
standardized,dbs,CNY,SGD,CNY/SGD,1,SGD < 50,amtLessThan50,SGD < 50,std_lt_50,otherCurrencies,2026-09-18 01:00:00,2026-09-17 17:00:16,2026-09-17T17:10:41.539508+00:00,0.1919,,0.19030000000000002,,MAS,0.8407777193904163,
standardized,dbs,DKK,SGD,DKK/SGD,1,SGD 50 – 200,amtBtw50And200,"SGD 200 – 39,999.99",std_200_40k,mainCurrencies,2026-09-18 01:00:00,2026-09-17 17:00:16,2026-09-17T17:10:41.539508+00:00,0.1985,0.1931,,0.1958,,,
standardized,dbs,DKK,SGD,DKK/SGD,1,SGD 50 – 200,amtBtw50And200,"SGD 40,000 – 100,000",std_40k_100k,mainCurrencies,2026-09-18 01:00:00,2026-09-17 17:00:16,2026-09-17T17:10:41.539508+00:00,0.1985,0.1931,,0.1958,,,
standardized,dbs,DKK,SGD,DKK/SGD,1,SGD 50 – 200,amtBtw50And200,SGD 50 – 200,std_50_200,mainCurrencies,2026-09-18 01:00:00,2026-09-17 17:00:16,2026-09-17T17:10:41.539508+00:00,0.1985,0.1931,,0.1958,,,
standardized,dbs,DKK,SGD,DKK/SGD,1,SGD < 50,amtLessThan50,SGD < 50,std_lt_50,mainCurrencies,2026-09-18 01:00:00,2026-09-17 17:00:16,2026-09-17T17:10:41.539508+00:00,0.1989,0.1928,,0.19585,,,
standardized,dbs,EUR,SGD,EUR/SGD,1,SGD 50 – 200,amtBtw50And200,"SGD 200 – 39,999.99",std_200_40k,mainCurrencies,2026-09-18 01:00:00,2026-09-17 17:00:16,2026-09-17T17:10:41.539508+00:00,1.4769,1.4519,1.463,1.4644,MAS,0.9501025290498991,0.7587149692412926
standardized,dbs,EUR,SGD,EUR/SGD,1,SGD 50 – 200,amtBtw50And200,"SGD 40,000 – 100,000",std_40k_100k,mainCurrencies,2026-09-18 01:00:00,2026-09-17 17:00:16,2026-09-17T17:10:41.539508+00:00,1.4769,1.4519,1.463,1.4644,MAS,0.9501025290498991,0.7587149692412926
standardized,dbs,EUR,SGD,EUR/SGD,1,SGD 50 – 200,amtBtw50And200,SGD 50 – 200,std_50_200,mainCurrencies,2026-09-18 01:00:00,2026-09-17 17:00:16,2026-09-17T17:10:41.539508+00:00,1.4769,1.4519,1.463,1.4644,MAS,0.9501025290498991,0.7587149692412926
standardized,dbs,EUR,SGD,EUR/SGD,1,SGD < 50,amtLessThan50,SGD < 50,std_lt_50,mainCurrencies,2026-09-18 01:00:00,2026-09-17 17:00:16,2026-09-17T17:10:41.539508+00:00,1.4777,1.4512,1.463,1.46445,MAS,1.0047846889952108,0.8065618591934403
standardized,dbs,GBP,SGD,GBP/SGD,1,SGD 50 – 200,amtBtw50And200,"SGD 200 – 39,999.99",std_200_40k,mainCurrencies,2026-09-18 01:00:00,2026-09-17 17:00:16,2026-09-17T17:10:41.539508+00:00,1.7165,1.6907,1.7073,1.7036,MAS,0.5388625314824503,0.9722954372400836
standardized,dbs,GBP,SGD,GBP/SGD,1,SGD 50 – 200,amtBtw50And200,"SGD 40,000 – 100,000",std_40k_100k,mainCurrencies,2026-09-18 01:00:00,2026-09-17 17:00:16,2026-09-17T17:10:41.539508+00:00,1.7165,1.6907,1.7073,1.7036,MAS,0.5388625314824503,0.9722954372400836
standardized,dbs,GBP,SGD,GBP/SGD,1,SGD 50 – 200,amtBtw50And200,SGD 50 – 200,std_50_200,mainCurrencies,2026-09-18 01:00:00,2026-09-17 17:00:16,2026-09-17T17:10:41.539508+00:00,1.7165,1.6907,1.7073,1.7036,MAS,0.5388625314824503,0.9722954372400836
standardized,dbs,GBP,SGD,GBP/SGD,1,SGD < 50,amtLessThan50,SGD < 50,std_lt_50,mainCurrencies,2026-09-18 01:00:00,2026-09-17 17:00:16,2026-09-17T17:10:41.539508+00:00,1.7182,1.6891,1.7073,1.70365,MAS,0.6384349557781239,1.0660106601066006
standardized,dbs,HKD,SGD,HKD/SGD,1,SGD 50 – 200,amtBtw50And200,"SGD 200 – 39,999.99",std_200_40k,mainCurrencies,2026-09-18 01:00:00,2026-09-17 17:00:16,2026-09-17T17:10:41.539508+00:00,0.1642,0.161,0.16269999999999998,0.16260000000000002,MAS,0.9219422249539209,1.0448678549477441
standardized,dbs,HKD,SGD,HKD/SGD,1,SGD 50 – 200,amtBtw50And200,"SGD 40,000 – 100,000",std_40k_100k,mainCurrencies,2026-09-18 01:00:00,2026-09-17 17:00:16,2026-09-17T17:10:41.539508+00:00,0.1642,0.161,0.16269999999999998,0.16260000000000002,MAS,0.9219422249539209,1.0448678549477441
standardized,dbs,HKD,SGD,HKD/SGD,1,SGD 50 – 200,amtBtw50And200,SGD 50 – 200,std_50_200,mainCurrencies,2026-09-18 01:00:00,2026-09-17 17:00:16,2026-09-17T17:10:41.539508+00:00,0.1642,0.161,0.16269999999999998,0.16260000000000002,MAS,0.9219422249539209,1.0448678549477441
standardized,dbs,HKD,SGD,HKD/SGD,1,SGD < 50,amtLessThan50,SGD < 50,std_lt_50,mainCurrencies,2026-09-18 01:00:00,2026-09-17 17:00:16,2026-09-17T17:10:41.539508+00:00,0.1644,0.1608,0.16269999999999998,0.1626,MAS,1.044867854947761,1.1677934849416012
standardized,dbs,HUF,SGD,HUF/SGD,100,SGD 50 – 200,amtBtw50And200,"SGD 200 – 39,999.99",std_200_40k,otherCurrencies,2026-09-18 01:00:00,2026-09-17 17:00:16,2026-09-17T17:10:41.539508+00:00,0.408,,,,,,
standardized,dbs,HUF,SGD,HUF/SGD,100,SGD 50 – 200,amtBtw50And200,"SGD 40,000 – 100,000",std_40k_100k,otherCurrencies,2026-09-18 01:00:00,2026-09-17 17:00:16,2026-09-17T17:10:41.539508+00:00,0.408,,,,,,
standardized,dbs,HUF,SGD,HUF/SGD,100,SGD 50 – 200,amtBtw50And200,SGD 50 – 200,std_50_200,otherCurrencies,2026-09-18 01:00:00,2026-09-17 17:00:16,2026-09-17T17:10:41.539508+00:00,0.408,,,,,,
standardized,dbs,HUF,SGD,HUF/SGD,100,SGD < 50,amtLessThan50,SGD < 50,std_lt_50,otherCurrencies,2026-09-18 01:00:00,2026-09-17 17:00:16,2026-09-17T17:10:41.539508+00:00,0.4096,,,,,,
standardized,dbs,ID0,SGD,ID0/SGD,100,SGD 50 – 200,amtBtw50And200,"SGD 200 – 39,999.99",std_200_40k,otherCurrencies,2026-09-18 01:00:00,2026-09-17 17:00:16,2026-09-17T17:10:41.539508+00:00,,,,,,,
standardized,dbs,ID0,SGD,ID0/SGD,100,SGD 50 – 200,amtBtw50And200,"SGD 40,000 – 100,000",std_40k_100k,otherCurrencies,2026-09-18 01:00:00,2026-09-17 17:00:16,2026-09-17T17:10:41.539508+00:00,,,,,,,
standardized,dbs,ID0,SGD,ID0/SGD,100,SGD 50 – 200,amtBtw50And200,SGD 50 – 200,std_50_200,otherCurrencies,2026-09-18 01:00:00,2026-09-17 17:00:16,2026-09-17T17:10:41.539508+00:00,,,,,,,
standardized,dbs,ID0,SGD,ID0/SGD,100,SGD < 50,amtLessThan50,SGD < 50,std_lt_50,otherCurrencies,2026-09-18 01:00:00,2026-09-17 17:00:16,2026-09-17T17:10:41.539508+00:00,,0.0072,,,,,
standardized,dbs,IDR,SGD,IDR/SGD,100,SGD 50 – 200,amtBtw50And200,"SGD 200 – 39,999.99",std_200_40k,mainCurrencies,2026-09-18 01:00:00,2026-09-17 17:00:16,2026-09-17T17:10:41.539508+00:00,0.0073,,0.00719,,MAS,1.5299026425591078,
standardized,dbs,IDR,SGD,IDR/SGD,100,SGD 50 – 200,amtBtw50And200,"SGD 40,000 – 100,000",std_40k_100k,mainCurrencies,2026-09-18 01:00:00,2026-09-17 17:00:16,2026-09-17T17:10:41.539508+00:00,0.0073,,0.00719,,MAS,1.5299026425591078,
standardized,dbs,IDR,SGD,IDR/SGD,100,SGD 50 – 200,amtBtw50And200,SGD 50 – 200,std_50_200,mainCurrencies,2026-09-18 01:00:00,2026-09-17 17:00:16,2026-09-17T17:10:41.539508+00:00,0.0073,,0.00719,,MAS,1.5299026425591078,
standardized,dbs,IDR,SGD,IDR/SGD,100,SGD < 50,amtLessThan50,SGD < 50,std_lt_50,mainCurrencies,2026-09-18 01:00:00,2026-09-17 17:00:16,2026-09-17T17:10:41.539508+00:00,0.0073,,0.00719,,MAS,1.5299026425591078,
standardized,dbs,IN0,SGD,IN0/SGD,100,SGD 50 – 200,amtBtw50And200,"SGD 200 – 39,999.99",std_200_40k,otherCurrencies,2026-09-18 01:00:00,2026-09-17 17:00:16,2026-09-17T17:10:41.539508+00:00,,1.3283,,,,,
standardized,dbs,IN0,SGD,IN0/SGD,100,SGD 50 – 200,amtBtw50And200,"SGD 40,000 – 100,000",std_40k_100k,otherCurrencies,2026-09-18 01:00:00,2026-09-17 17:00:16,2026-09-17T17:10:41.539508+00:00,,1.3283,,,,,
standardized,dbs,IN0,SGD,IN0/SGD,100,SGD 50 – 200,amtBtw50And200,SGD 50 – 200,std_50_200,otherCurrencies,2026-09-18 01:00:00,2026-09-17 17:00:16,2026-09-17T17:10:41.539508+00:00,,1.3283,,,,,
standardized,dbs,IN0,SGD,IN0/SGD,100,SGD < 50,amtLessThan50,SGD < 50,std_lt_50,otherCurrencies,2026-09-18 01:00:00,2026-09-17 17:00:16,2026-09-17T17:10:41.539508+00:00,,1.3283,,,,,
standardized,dbs,INR,SGD,INR/SGD,100,SGD 50 – 200,amtBtw50And200,"SGD 200 – 39,999.99",std_200_40k,otherCurrencies,2026-09-18 01:00:00,2026-09-17 17:00:16,2026-09-17T17:10:41.539508+00:00,1.3445,,1.329,,MAS,1.1662904439428194,
standardized,dbs,INR,SGD,INR/SGD,100,SGD 50 – 200,amtBtw50And200,"SGD 40,000 – 100,000",std_40k_100k,otherCurrencies,2026-09-18 01:00:00,2026-09-17 17:00:16,2026-09-17T17:10:41.539508+00:00,1.3445,,1.329,,MAS,1.1662904439428194,
standardized,dbs,INR,SGD,INR/SGD,100,SGD 50 – 200,amtBtw50And200,SGD 50 – 200,std_50_200,otherCurrencies,2026-09-18 01:00:00,2026-09-17 17:00:16,2026-09-17T17:10:41.539508+00:00,1.3445,,1.329,,MAS,1.1662904439428194,
standardized,dbs,INR,SGD,INR/SGD,100,SGD < 50,amtLessThan50,SGD < 50,std_lt_50,otherCurrencies,2026-09-18 01:00:00,2026-09-17 17:00:16,2026-09-17T17:10:41.539508+00:00,1.3552,,1.329,,MAS,1.9714070729872086,
standardized,dbs,JPY,SGD,JPY/SGD,100,SGD 50 – 200,amtBtw50And200,"SGD 200 – 39,999.99",std_200_40k,mainCurrencies,2026-09-18 01:00:00,2026-09-17 17:00:16,2026-09-17T17:10:41.539508+00:00,0.8256,0.8091,0.8177,0.81735,MAS,0.9661244955362626,1.0517304634951623
standardized,dbs,JPY,SGD,JPY/SGD,100,SGD 50 – 200,amtBtw50And200,"SGD 40,000 – 100,000",std_40k_100k,mainCurrencies,2026-09-18 01:00:00,2026-09-17 17:00:16,2026-09-17T17:10:41.539508+00:00,0.8256,0.8091,0.8177,0.81735,MAS,0.9661244955362626,1.0517304634951623
standardized,dbs,JPY,SGD,JPY/SGD,100,SGD 50 – 200,amtBtw50And200,SGD 50 – 200,std_50_200,mainCurrencies,2026-09-18 01:00:00,2026-09-17 17:00:16,2026-09-17T17:10:41.539508+00:00,0.8256,0.8091,0.8177,0.81735,MAS,0.9661244955362626,1.0517304634951623
standardized,dbs,JPY,SGD,JPY/SGD,100,SGD < 50,amtLessThan50,SGD < 50,std_lt_50,mainCurrencies,2026-09-18 01:00:00,2026-09-17 17:00:16,2026-09-17T17:10:41.539508+00:00,0.8264,0.8083,0.8177,0.81735,MAS,1.0639598874893044,1.149565855448204
standardized,dbs,KRW,SGD,KRW/SGD,100,SGD 50 – 200,amtBtw50And200,"SGD 200 – 39,999.99",std_200_40k,otherCurrencies,2026-09-18 01:00:00,2026-09-17 17:00:16,2026-09-17T17:10:41.539508+00:00,0.0936,,0.0925,,MAS,1.1891891891891933,
standardized,dbs,KRW,SGD,KRW/SGD,100,SGD 50 – 200,amtBtw50And200,"SGD 40,000 – 100,000",std_40k_100k,otherCurrencies,2026-09-18 01:00:00,2026-09-17 17:00:16,2026-09-17T17:10:41.539508+00:00,0.0936,,0.0925,,MAS,1.1891891891891933,
standardized,dbs,KRW,SGD,KRW/SGD,100,SGD 50 – 200,amtBtw50And200,SGD 50 – 200,std_50_200,otherCurrencies,2026-09-18 01:00:00,2026-09-17 17:00:16,2026-09-17T17:10:41.539508+00:00,0.0936,,0.0925,,MAS,1.1891891891891933,
standardized,dbs,KRW,SGD,KRW/SGD,100,SGD < 50,amtLessThan50,SGD < 50,std_lt_50,otherCurrencies,2026-09-18 01:00:00,2026-09-17 17:00:16,2026-09-17T17:10:41.539508+00:00,0.0936,,0.0925,,MAS,1.1891891891891933,
standardized,dbs,KWD,SGD,KWD/SGD,100,SGD 50 – 200,amtBtw50And200,"SGD 200 – 39,999.99",std_200_40k,otherCurrencies,2026-09-18 01:00:00,2026-09-17 17:00:16,2026-09-17T17:10:41.539508+00:00,426.0214,,,,,,
standardized,dbs,KWD,SGD,KWD/SGD,100,SGD 50 – 200,amtBtw50And200,"SGD 40,000 – 100,000",std_40k_100k,otherCurrencies,2026-09-18 01:00:00,2026-09-17 17:00:16,2026-09-17T17:10:41.539508+00:00,426.0214,,,,,,
standardized,dbs,KWD,SGD,KWD/SGD,100,SGD 50 – 200,amtBtw50And200,SGD 50 – 200,std_50_200,otherCurrencies,2026-09-18 01:00:00,2026-09-17 17:00:16,2026-09-17T17:10:41.539508+00:00,426.0214,,,,,,
standardized,dbs,KWD,SGD,KWD/SGD,100,SGD < 50,amtLessThan50,SGD < 50,std_lt_50,otherCurrencies,2026-09-18 01:00:00,2026-09-17 17:00:16,2026-09-17T17:10:41.539508+00:00,427.6914,,,,,,
standardized,dbs,LKR,SGD,LKR/SGD,100,SGD 50 – 200,amtBtw50And200,"SGD 200 – 39,999.99",std_200_40k,otherCurrencies,2026-09-18 01:00:00,2026-09-17 17:00:16,2026-09-17T17:10:41.539508+00:00,0.3921,,,,,,
standardized,dbs,LKR,SGD,LKR/SGD,100,SGD 50 – 200,amtBtw50And200,"SGD 40,000 – 100,000",std_40k_100k,otherCurrencies,2026-09-18 01:00:00,2026-09-17 17:00:16,2026-09-17T17:10:41.539508+00:00,0.3921,,,,,,
standardized,dbs,LKR,SGD,LKR/SGD,100,SGD 50 – 200,amtBtw50And200,SGD 50 – 200,std_50_200,otherCurrencies,2026-09-18 01:00:00,2026-09-17 17:00:16,2026-09-17T17:10:41.539508+00:00,0.3921,,,,,,
standardized,dbs,LKR,SGD,LKR/SGD,100,SGD < 50,amtLessThan50,SGD < 50,std_lt_50,otherCurrencies,2026-09-18 01:00:00,2026-09-17 17:00:16,2026-09-17T17:10:41.539508+00:00,0.3921,,,,,,
standardized,dbs,MM1,SGD,MM1/SGD,100,SGD 50 – 200,amtBtw50And200,"SGD 200 – 39,999.99",std_200_40k,otherCurrencies,2026-09-18 01:00:00,2026-09-17 17:00:16,2026-09-17T17:10:41.539508+00:00,,,,,,,
standardized,dbs,MM1,SGD,MM1/SGD,100,SGD 50 – 200,amtBtw50And200,"SGD 40,000 – 100,000",std_40k_100k,otherCurrencies,2026-09-18 01:00:00,2026-09-17 17:00:16,2026-09-17T17:10:41.539508+00:00,,,,,,,
standardized,dbs,MM1,SGD,MM1/SGD,100,SGD 50 – 200,amtBtw50And200,SGD 50 – 200,std_50_200,otherCurrencies,2026-09-18 01:00:00,2026-09-17 17:00:16,2026-09-17T17:10:41.539508+00:00,,,,,,,
standardized,dbs,MM1,SGD,MM1/SGD,100,SGD < 50,amtLessThan50,SGD < 50,std_lt_50,otherCurrencies,2026-09-18 01:00:00,2026-09-17 17:00:16,2026-09-17T17:10:41.539508+00:00,,,,,,,
standardized,dbs,MMK,SGD,MMK/SGD,100,SGD 50 – 200,amtBtw50And200,"SGD 200 – 39,999.99",std_200_40k,otherCurrencies,2026-09-18 01:00:00,2026-09-17 17:00:16,2026-09-17T17:10:41.539508+00:00,0.0324,,,,,,
standardized,dbs,MMK,SGD,MMK/SGD,100,SGD 50 – 200,amtBtw50And200,"SGD 40,000 – 100,000",std_40k_100k,otherCurrencies,2026-09-18 01:00:00,2026-09-17 17:00:16,2026-09-17T17:10:41.539508+00:00,0.0324,,,,,,
standardized,dbs,MMK,SGD,MMK/SGD,100,SGD 50 – 200,amtBtw50And200,SGD 50 – 200,std_50_200,otherCurrencies,2026-09-18 01:00:00,2026-09-17 17:00:16,2026-09-17T17:10:41.539508+00:00,0.0324,,,,,,
standardized,dbs,MMK,SGD,MMK/SGD,100,SGD < 50,amtLessThan50,SGD < 50,std_lt_50,otherCurrencies,2026-09-18 01:00:00,2026-09-17 17:00:16,2026-09-17T17:10:41.539508+00:00,0.0324,,,,,,
standardized,dbs,MUR,SGD,MUR/SGD,100,SGD 50 – 200,amtBtw50And200,"SGD 200 – 39,999.99",std_200_40k,otherCurrencies,2026-09-18 01:00:00,2026-09-17 17:00:16,2026-09-17T17:10:41.539508+00:00,2.7019,,,,,,
standardized,dbs,MUR,SGD,MUR/SGD,100,SGD 50 – 200,amtBtw50And200,"SGD 40,000 – 100,000",std_40k_100k,otherCurrencies,2026-09-18 01:00:00,2026-09-17 17:00:16,2026-09-17T17:10:41.539508+00:00,2.7019,,,,,,
standardized,dbs,MUR,SGD,MUR/SGD,100,SGD 50 – 200,amtBtw50And200,SGD 50 – 200,std_50_200,otherCurrencies,2026-09-18 01:00:00,2026-09-17 17:00:16,2026-09-17T17:10:41.539508+00:00,2.7019,,,,,,
standardized,dbs,MUR,SGD,MUR/SGD,100,SGD < 50,amtLessThan50,SGD < 50,std_lt_50,otherCurrencies,2026-09-18 01:00:00,2026-09-17 17:00:16,2026-09-17T17:10:41.539508+00:00,2.7126,,,,,,
standardized,dbs,MXN,SGD,MXN/SGD,100,SGD 50 – 200,amtBtw50And200,"SGD 200 – 39,999.99",std_200_40k,mainCurrencies,2026-09-18 01:00:00,2026-09-17 17:00:16,2026-09-17T17:10:41.539508+00:00,7.5353,,,,,,
standardized,dbs,MXN,SGD,MXN/SGD,100,SGD 50 – 200,amtBtw50And200,"SGD 40,000 – 100,000",std_40k_100k,mainCurrencies,2026-09-18 01:00:00,2026-09-17 17:00:16,2026-09-17T17:10:41.539508+00:00,7.5353,,,,,,
standardized,dbs,MXN,SGD,MXN/SGD,100,SGD 50 – 200,amtBtw50And200,SGD 50 – 200,std_50_200,mainCurrencies,2026-09-18 01:00:00,2026-09-17 17:00:16,2026-09-17T17:10:41.539508+00:00,7.5353,,,,,,
standardized,dbs,MXN,SGD,MXN/SGD,100,SGD < 50,amtLessThan50,SGD < 50,std_lt_50,mainCurrencies,2026-09-18 01:00:00,2026-09-17 17:00:16,2026-09-17T17:10:41.539508+00:00,7.5312,,,,,,
standardized,dbs,MY0,SGD,MY0/SGD,1,SGD 50 – 200,amtBtw50And200,"SGD 200 – 39,999.99",std_200_40k,otherCurrencies,2026-09-18 01:00:00,2026-09-17 17:00:16,2026-09-17T17:10:41.539508+00:00,,0.3107,,,,,
standardized,dbs,MY0,SGD,MY0/SGD,1,SGD 50 – 200,amtBtw50And200,"SGD 40,000 – 100,000",std_40k_100k,otherCurrencies,2026-09-18 01:00:00,2026-09-17 17:00:16,2026-09-17T17:10:41.539508+00:00,,0.3107,,,,,
standardized,dbs,MY0,SGD,MY0/SGD,1,SGD 50 – 200,amtBtw50And200,SGD 50 – 200,std_50_200,otherCurrencies,2026-09-18 01:00:00,2026-09-17 17:00:16,2026-09-17T17:10:41.539508+00:00,,0.3107,,,,,
standardized,dbs,MY0,SGD,MY0/SGD,1,SGD < 50,amtLessThan50,SGD < 50,std_lt_50,otherCurrencies,2026-09-18 01:00:00,2026-09-17 17:00:16,2026-09-17T17:10:41.539508+00:00,,0.3106,,,,,
standardized,dbs,MYR,SGD,MYR/SGD,1,SGD 50 – 200,amtBtw50And200,"SGD 200 – 39,999.99",std_200_40k,otherCurrencies,2026-09-18 01:00:00,2026-09-17 17:00:16,2026-09-17T17:10:41.539508+00:00,0.3147,,0.3115,,MAS,1.0272873194221446,
standardized,dbs,MYR,SGD,MYR/SGD,1,SGD 50 – 200,amtBtw50And200,"SGD 40,000 – 100,000",std_40k_100k,otherCurrencies,2026-09-18 01:00:00,2026-09-17 17:00:16,2026-09-17T17:10:41.539508+00:00,0.3147,,0.3115,,MAS,1.0272873194221446,
standardized,dbs,MYR,SGD,MYR/SGD,1,SGD 50 – 200,amtBtw50And200,SGD 50 – 200,std_50_200,otherCurrencies,2026-09-18 01:00:00,2026-09-17 17:00:16,2026-09-17T17:10:41.539508+00:00,0.3147,,0.3115,,MAS,1.0272873194221446,
standardized,dbs,MYR,SGD,MYR/SGD,1,SGD < 50,amtLessThan50,SGD < 50,std_lt_50,otherCurrencies,2026-09-18 01:00:00,2026-09-17 17:00:16,2026-09-17T17:10:41.539508+00:00,0.3147,,0.3115,,MAS,1.0272873194221446,
standardized,dbs,NOK,SGD,NOK/SGD,1,SGD 50 – 200,amtBtw50And200,"SGD 200 – 39,999.99",std_200_40k,mainCurrencies,2026-09-18 01:00:00,2026-09-17 17:00:16,2026-09-17T17:10:41.539508+00:00,0.1373,0.1335,,0.13540000000000002,,,
standardized,dbs,NOK,SGD,NOK/SGD,1,SGD 50 – 200,amtBtw50And200,"SGD 40,000 – 100,000",std_40k_100k,mainCurrencies,2026-09-18 01:00:00,2026-09-17 17:00:16,2026-09-17T17:10:41.539508+00:00,0.1373,0.1335,,0.13540000000000002,,,
standardized,dbs,NOK,SGD,NOK/SGD,1,SGD 50 – 200,amtBtw50And200,SGD 50 – 200,std_50_200,mainCurrencies,2026-09-18 01:00:00,2026-09-17 17:00:16,2026-09-17T17:10:41.539508+00:00,0.1373,0.1335,,0.13540000000000002,,,
standardized,dbs,NOK,SGD,NOK/SGD,1,SGD < 50,amtLessThan50,SGD < 50,std_lt_50,mainCurrencies,2026-09-18 01:00:00,2026-09-17 17:00:16,2026-09-17T17:10:41.539508+00:00,0.1377,0.1331,,0.1354,,,
standardized,dbs,NZD,SGD,NZD/SGD,1,SGD 50 – 200,amtBtw50And200,"SGD 200 – 39,999.99",std_200_40k,mainCurrencies,2026-09-18 01:00:00,2026-09-17 17:00:16,2026-09-17T17:10:41.539508+00:00,0.7396,0.7227,0.7306999999999999,0.73115,MAS,1.2180101272752335,1.0948405638428762
standardized,dbs,NZD,SGD,NZD/SGD,1,SGD 50 – 200,amtBtw50And200,"SGD 40,000 – 100,000",std_40k_100k,mainCurrencies,2026-09-18 01:00:00,2026-09-17 17:00:16,2026-09-17T17:10:41.539508+00:00,0.7396,0.7227,0.7306999999999999,0.73115,MAS,1.2180101272752335,1.0948405638428762
standardized,dbs,NZD,SGD,NZD/SGD,1,SGD 50 – 200,amtBtw50And200,SGD 50 – 200,std_50_200,mainCurrencies,2026-09-18 01:00:00,2026-09-17 17:00:16,2026-09-17T17:10:41.539508+00:00,0.7396,0.7227,0.7306999999999999,0.73115,MAS,1.2180101272752335,1.0948405638428762
standardized,dbs,NZD,SGD,NZD/SGD,1,SGD < 50,amtLessThan50,SGD < 50,std_lt_50,mainCurrencies,2026-09-18 01:00:00,2026-09-17 17:00:16,2026-09-17T17:10:41.539508+00:00,0.7404,0.722,0.7306999999999999,0.7312,MAS,1.3274941836595104,1.1906391131791338
standardized,dbs,OMR,SGD,OMR/SGD,1,SGD 50 – 200,amtBtw50And200,"SGD 200 – 39,999.99",std_200_40k,otherCurrencies,2026-09-18 01:00:00,2026-09-17 17:00:16,2026-09-17T17:10:41.539508+00:00,3.3383,,,,,,
standardized,dbs,OMR,SGD,OMR/SGD,1,SGD 50 – 200,amtBtw50And200,"SGD 40,000 – 100,000",std_40k_100k,otherCurrencies,2026-09-18 01:00:00,2026-09-17 17:00:16,2026-09-17T17:10:41.539508+00:00,3.3383,,,,,,
standardized,dbs,OMR,SGD,OMR/SGD,1,SGD 50 – 200,amtBtw50And200,SGD 50 – 200,std_50_200,otherCurrencies,2026-09-18 01:00:00,2026-09-17 17:00:16,2026-09-17T17:10:41.539508+00:00,3.3383,,,,,,
standardized,dbs,OMR,SGD,OMR/SGD,1,SGD < 50,amtLessThan50,SGD < 50,std_lt_50,otherCurrencies,2026-09-18 01:00:00,2026-09-17 17:00:16,2026-09-17T17:10:41.539508+00:00,3.3382,,,,,,
standardized,dbs,PH0,SGD,PH0/SGD,100,SGD 50 – 200,amtBtw50And200,"SGD 200 – 39,999.99",std_200_40k,otherCurrencies,2026-09-18 01:00:00,2026-09-17 17:00:16,2026-09-17T17:10:41.539508+00:00,,2.0261,,,,,
standardized,dbs,PH0,SGD,PH0/SGD,100,SGD 50 – 200,amtBtw50And200,"SGD 40,000 – 100,000",std_40k_100k,otherCurrencies,2026-09-18 01:00:00,2026-09-17 17:00:16,2026-09-17T17:10:41.539508+00:00,,2.0261,,,,,
standardized,dbs,PH0,SGD,PH0/SGD,100,SGD 50 – 200,amtBtw50And200,SGD 50 – 200,std_50_200,otherCurrencies,2026-09-18 01:00:00,2026-09-17 17:00:16,2026-09-17T17:10:41.539508+00:00,,2.0261,,,,,
standardized,dbs,PH0,SGD,PH0/SGD,100,SGD < 50,amtLessThan50,SGD < 50,std_lt_50,otherCurrencies,2026-09-18 01:00:00,2026-09-17 17:00:16,2026-09-17T17:10:41.539508+00:00,,2.0261,,,,,
standardized,dbs,PHP,SGD,PHP/SGD,100,SGD 50 – 200,amtBtw50And200,"SGD 200 – 39,999.99",std_200_40k,otherCurrencies,2026-09-18 01:00:00,2026-09-17 17:00:16,2026-09-17T17:10:41.539508+00:00,2.0559,,2.0333,,MAS,1.1114936310431187,
standardized,dbs,PHP,SGD,PHP/SGD,100,SGD 50 – 200,amtBtw50And200,"SGD 40,000 – 100,000",std_40k_100k,otherCurrencies,2026-09-18 01:00:00,2026-09-17 17:00:16,2026-09-17T17:10:41.539508+00:00,2.0559,,2.0333,,MAS,1.1114936310431187,
standardized,dbs,PHP,SGD,PHP/SGD,100,SGD 50 – 200,amtBtw50And200,SGD 50 – 200,std_50_200,otherCurrencies,2026-09-18 01:00:00,2026-09-17 17:00:16,2026-09-17T17:10:41.539508+00:00,2.0559,,2.0333,,MAS,1.1114936310431187,
standardized,dbs,PHP,SGD,PHP/SGD,100,SGD < 50,amtLessThan50,SGD < 50,std_lt_50,otherCurrencies,2026-09-18 01:00:00,2026-09-17 17:00:16,2026-09-17T17:10:41.539508+00:00,2.0712,,2.0333,,MAS,1.863964983032511,
standardized,dbs,PLN,SGD,PLN/SGD,1,SGD 50 – 200,amtBtw50And200,"SGD 200 – 39,999.99",std_200_40k,otherCurrencies,2026-09-18 01:00:00,2026-09-17 17:00:16,2026-09-17T17:10:41.539508+00:00,0.3412,,,,,,
standardized,dbs,PLN,SGD,PLN/SGD,1,SGD 50 – 200,amtBtw50And200,"SGD 40,000 – 100,000",std_40k_100k,otherCurrencies,2026-09-18 01:00:00,2026-09-17 17:00:16,2026-09-17T17:10:41.539508+00:00,0.3412,,,,,,
standardized,dbs,PLN,SGD,PLN/SGD,1,SGD 50 – 200,amtBtw50And200,SGD 50 – 200,std_50_200,otherCurrencies,2026-09-18 01:00:00,2026-09-17 17:00:16,2026-09-17T17:10:41.539508+00:00,0.3412,,,,,,
standardized,dbs,PLN,SGD,PLN/SGD,1,SGD < 50,amtLessThan50,SGD < 50,std_lt_50,otherCurrencies,2026-09-18 01:00:00,2026-09-17 17:00:16,2026-09-17T17:10:41.539508+00:00,0.3426,,,,,,
standardized,dbs,QAR,SGD,QAR/SGD,1,SGD 50 – 200,amtBtw50And200,"SGD 200 – 39,999.99",std_200_40k,otherCurrencies,2026-09-18 01:00:00,2026-09-17 17:00:16,2026-09-17T17:10:41.539508+00:00,0.3569,,0.3504,,MAS,1.85502283105023,
standardized,dbs,QAR,SGD,QAR/SGD,1,SGD 50 – 200,amtBtw50And200,"SGD 40,000 – 100,000",std_40k_100k,otherCurrencies,2026-09-18 01:00:00,2026-09-17 17:00:16,2026-09-17T17:10:41.539508+00:00,0.3569,,0.3504,,MAS,1.85502283105023,
standardized,dbs,QAR,SGD,QAR/SGD,1,SGD 50 – 200,amtBtw50And200,SGD 50 – 200,std_50_200,otherCurrencies,2026-09-18 01:00:00,2026-09-17 17:00:16,2026-09-17T17:10:41.539508+00:00,0.3569,,0.3504,,MAS,1.85502283105023,
standardized,dbs,QAR,SGD,QAR/SGD,1,SGD < 50,amtLessThan50,SGD < 50,std_lt_50,otherCurrencies,2026-09-18 01:00:00,2026-09-17 17:00:16,2026-09-17T17:10:41.539508+00:00,0.3583,,0.3504,,MAS,2.254566210045667,
standardized,dbs,RUB,SGD,RUB/SGD,100,SGD 50 – 200,amtBtw50And200,"SGD 200 – 39,999.99",std_200_40k,mainCurrencies,2026-09-18 01:00:00,2026-09-17 17:00:16,2026-09-17T17:10:41.539508+00:00,,,,,,,
standardized,dbs,RUB,SGD,RUB/SGD,100,SGD 50 – 200,amtBtw50And200,"SGD 40,000 – 100,000",std_40k_100k,mainCurrencies,2026-09-18 01:00:00,2026-09-17 17:00:16,2026-09-17T17:10:41.539508+00:00,,,,,,,
standardized,dbs,RUB,SGD,RUB/SGD,100,SGD 50 – 200,amtBtw50And200,SGD 50 – 200,std_50_200,mainCurrencies,2026-09-18 01:00:00,2026-09-17 17:00:16,2026-09-17T17:10:41.539508+00:00,,,,,,,
standardized,dbs,RUB,SGD,RUB/SGD,100,SGD < 50,amtLessThan50,SGD < 50,std_lt_50,mainCurrencies,2026-09-18 01:00:00,2026-09-17 17:00:16,2026-09-17T17:10:41.539508+00:00,,,,,,,
standardized,dbs,SAR,SGD,SAR/SGD,100,SGD 50 – 200,amtBtw50And200,"SGD 200 – 39,999.99",std_200_40k,otherCurrencies,2026-09-18 01:00:00,2026-09-17 17:00:16,2026-09-17T17:10:41.539508+00:00,34.3995,,33.99,,MAS,1.2047661076787328,
standardized,dbs,SAR,SGD,SAR/SGD,100,SGD 50 – 200,amtBtw50And200,"SGD 40,000 – 100,000",std_40k_100k,otherCurrencies,2026-09-18 01:00:00,2026-09-17 17:00:16,2026-09-17T17:10:41.539508+00:00,34.3995,,33.99,,MAS,1.2047661076787328,
standardized,dbs,SAR,SGD,SAR/SGD,100,SGD 50 – 200,amtBtw50And200,SGD 50 – 200,std_50_200,otherCurrencies,2026-09-18 01:00:00,2026-09-17 17:00:16,2026-09-17T17:10:41.539508+00:00,34.3995,,33.99,,MAS,1.2047661076787328,
standardized,dbs,SAR,SGD,SAR/SGD,100,SGD < 50,amtLessThan50,SGD < 50,std_lt_50,otherCurrencies,2026-09-18 01:00:00,2026-09-17 17:00:16,2026-09-17T17:10:41.539508+00:00,34.3987,,33.99,,MAS,1.2024124742571227,
standardized,dbs,SEK,SGD,SEK/SGD,1,SGD 50 – 200,amtBtw50And200,"SGD 200 – 39,999.99",std_200_40k,mainCurrencies,2026-09-18 01:00:00,2026-09-17 17:00:16,2026-09-17T17:10:41.539508+00:00,0.1316,0.128,,0.1298,,,
standardized,dbs,SEK,SGD,SEK/SGD,1,SGD 50 – 200,amtBtw50And200,"SGD 40,000 – 100,000",std_40k_100k,mainCurrencies,2026-09-18 01:00:00,2026-09-17 17:00:16,2026-09-17T17:10:41.539508+00:00,0.1316,0.128,,0.1298,,,
standardized,dbs,SEK,SGD,SEK/SGD,1,SGD 50 – 200,amtBtw50And200,SGD 50 – 200,std_50_200,mainCurrencies,2026-09-18 01:00:00,2026-09-17 17:00:16,2026-09-17T17:10:41.539508+00:00,0.1316,0.128,,0.1298,,,
standardized,dbs,SEK,SGD,SEK/SGD,1,SGD < 50,amtLessThan50,SGD < 50,std_lt_50,mainCurrencies,2026-09-18 01:00:00,2026-09-17 17:00:16,2026-09-17T17:10:41.539508+00:00,0.1321,0.1275,,0.1298,,,
standardized,dbs,THB,SGD,THB/SGD,100,SGD 50 – 200,amtBtw50And200,"SGD 200 – 39,999.99",std_200_40k,mainCurrencies,2026-09-18 01:00:00,2026-09-17 17:00:16,2026-09-17T17:10:41.539508+00:00,3.8942,3.7798,3.821,3.8369999999999997,MAS,1.9157288667887968,1.0782517665532674
standardized,dbs,THB,SGD,THB/SGD,100,SGD 50 – 200,amtBtw50And200,"SGD 40,000 – 100,000",std_40k_100k,mainCurrencies,2026-09-18 01:00:00,2026-09-17 17:00:16,2026-09-17T17:10:41.539508+00:00,3.8942,3.7798,3.821,3.8369999999999997,MAS,1.9157288667887968,1.0782517665532674
standardized,dbs,THB,SGD,THB/SGD,100,SGD 50 – 200,amtBtw50And200,SGD 50 – 200,std_50_200,mainCurrencies,2026-09-18 01:00:00,2026-09-17 17:00:16,2026-09-17T17:10:41.539508+00:00,3.8942,3.7798,3.821,3.8369999999999997,MAS,1.9157288667887968,1.0782517665532674
standardized,dbs,THB,SGD,THB/SGD,100,SGD < 50,amtLessThan50,SGD < 50,std_lt_50,mainCurrencies,2026-09-18 01:00:00,2026-09-17 17:00:16,2026-09-17T17:10:41.539508+00:00,3.8984,3.7756,3.821,3.8369999999999997,MAS,2.025647736194711,1.1881706359591815
standardized,dbs,TND,SGD,TND/SGD,1,SGD 50 – 200,amtBtw50And200,"SGD 200 – 39,999.99",std_200_40k,otherCurrencies,2026-09-18 01:00:00,2026-09-17 17:00:16,2026-09-17T17:10:41.539508+00:00,0.4458,,,,,,
standardized,dbs,TND,SGD,TND/SGD,1,SGD 50 – 200,amtBtw50And200,"SGD 40,000 – 100,000",std_40k_100k,otherCurrencies,2026-09-18 01:00:00,2026-09-17 17:00:16,2026-09-17T17:10:41.539508+00:00,0.4458,,,,,,
standardized,dbs,TND,SGD,TND/SGD,1,SGD 50 – 200,amtBtw50And200,SGD 50 – 200,std_50_200,otherCurrencies,2026-09-18 01:00:00,2026-09-17 17:00:16,2026-09-17T17:10:41.539508+00:00,0.4458,,,,,,
standardized,dbs,TND,SGD,TND/SGD,1,SGD < 50,amtLessThan50,SGD < 50,std_lt_50,otherCurrencies,2026-09-18 01:00:00,2026-09-17 17:00:16,2026-09-17T17:10:41.539508+00:00,0.4458,,,,,,
standardized,dbs,TWD,SGD,TWD/SGD,100,SGD 50 – 200,amtBtw50And200,"SGD 200 – 39,999.99",std_200_40k,otherCurrencies,2026-09-18 01:00:00,2026-09-17 17:00:16,2026-09-17T17:10:41.539508+00:00,4.0515,,4.003,,MAS,1.211591306520104,
standardized,dbs,TWD,SGD,TWD/SGD,100,SGD 50 – 200,amtBtw50And200,"SGD 40,000 – 100,000",std_40k_100k,otherCurrencies,2026-09-18 01:00:00,2026-09-17 17:00:16,2026-09-17T17:10:41.539508+00:00,4.0515,,4.003,,MAS,1.211591306520104,
standardized,dbs,TWD,SGD,TWD/SGD,100,SGD 50 – 200,amtBtw50And200,SGD 50 – 200,std_50_200,otherCurrencies,2026-09-18 01:00:00,2026-09-17 17:00:16,2026-09-17T17:10:41.539508+00:00,4.0515,,4.003,,MAS,1.211591306520104,
standardized,dbs,TWD,SGD,TWD/SGD,100,SGD < 50,amtLessThan50,SGD < 50,std_lt_50,otherCurrencies,2026-09-18 01:00:00,2026-09-17 17:00:16,2026-09-17T17:10:41.539508+00:00,4.0554,,4.003,,MAS,1.3090182363227467,
standardized,dbs,USD,SGD,USD/SGD,1,SGD 50 – 200,amtBtw50And200,"SGD 200 – 39,999.99",std_200_40k,mainCurrencies,2026-09-18 01:00:00,2026-09-17 17:00:16,2026-09-17T17:10:41.539508+00:00,1.2869,1.2657,1.2766,1.2763,MAS,0.8068306438978518,0.8538304872317023
standardized,dbs,USD,SGD,USD/SGD,1,SGD 50 – 200,amtBtw50And200,"SGD 40,000 – 100,000",std_40k_100k,mainCurrencies,2026-09-18 01:00:00,2026-09-17 17:00:16,2026-09-17T17:10:41.539508+00:00,1.2869,1.2657,1.2766,1.2763,MAS,0.8068306438978518,0.8538304872317023
standardized,dbs,USD,SGD,USD/SGD,1,SGD 50 – 200,amtBtw50And200,SGD 50 – 200,std_50_200,mainCurrencies,2026-09-18 01:00:00,2026-09-17 17:00:16,2026-09-17T17:10:41.539508+00:00,1.2869,1.2657,1.2766,1.2763,MAS,0.8068306438978518,0.8538304872317023
standardized,dbs,USD,SGD,USD/SGD,1,SGD < 50,amtLessThan50,SGD < 50,std_lt_50,mainCurrencies,2026-09-18 01:00:00,2026-09-17 17:00:16,2026-09-17T17:10:41.539508+00:00,1.2878,1.2647,1.2766,1.27625,MAS,0.8773304088986448,0.9321635594548036
standardized,dbs,VND,SGD,VND/SGD,100,SGD 50 – 200,amtBtw50And200,"SGD 200 – 39,999.99",std_200_40k,otherCurrencies,2026-09-18 01:00:00,2026-09-17 17:00:16,2026-09-17T17:10:41.539508+00:00,0.0051,,0.004911,,MAS,3.8485033598045373,
standardized,dbs,VND,SGD,VND/SGD,100,SGD 50 – 200,amtBtw50And200,"SGD 40,000 – 100,000",std_40k_100k,otherCurrencies,2026-09-18 01:00:00,2026-09-17 17:00:16,2026-09-17T17:10:41.539508+00:00,0.0051,,0.004911,,MAS,3.8485033598045373,
standardized,dbs,VND,SGD,VND/SGD,100,SGD 50 – 200,amtBtw50And200,SGD 50 – 200,std_50_200,otherCurrencies,2026-09-18 01:00:00,2026-09-17 17:00:16,2026-09-17T17:10:41.539508+00:00,0.0051,,0.004911,,MAS,3.8485033598045373,
standardized,dbs,VND,SGD,VND/SGD,100,SGD < 50,amtLessThan50,SGD < 50,std_lt_50,otherCurrencies,2026-09-18 01:00:00,2026-09-17 17:00:16,2026-09-17T17:10:41.539508+00:00,0.0051,,0.004911,,MAS,3.8485033598045373,
standardized,dbs,XAU,SGD,XAU/SGD,1,SGD 50 – 200,amtBtw50And200,"SGD 200 – 39,999.99",std_200_40k,otherCurrencies,2026-09-18 01:00:00,2026-09-17 17:00:16,2026-09-17T17:10:41.539508+00:00,5599.095,5531.127,,5565.111000000001,,,
standardized,dbs,XAU,SGD,XAU/SGD,1,SGD 50 – 200,amtBtw50And200,"SGD 40,000 – 100,000",std_40k_100k,otherCurrencies,2026-09-18 01:00:00,2026-09-17 17:00:16,2026-09-17T17:10:41.539508+00:00,5599.095,5531.127,,5565.111000000001,,,
standardized,dbs,XAU,SGD,XAU/SGD,1,SGD 50 – 200,amtBtw50And200,SGD 50 – 200,std_50_200,otherCurrencies,2026-09-18 01:00:00,2026-09-17 17:00:16,2026-09-17T17:10:41.539508+00:00,5599.095,5531.127,,5565.111000000001,,,
standardized,dbs,XAU,SGD,XAU/SGD,1,SGD < 50,amtLessThan50,SGD < 50,std_lt_50,otherCurrencies,2026-09-18 01:00:00,2026-09-17 17:00:16,2026-09-17T17:10:41.539508+00:00,5599.593,5531.616,,5565.6044999999995,,,
standardized,dbs,ZAR,SGD,ZAR/SGD,1,SGD 50 – 200,amtBtw50And200,"SGD 200 – 39,999.99",std_200_40k,otherCurrencies,2026-09-18 01:00:00,2026-09-17 17:00:16,2026-09-17T17:10:41.539508+00:00,0.0794,0.0774,,0.0784,,,
standardized,dbs,ZAR,SGD,ZAR/SGD,1,SGD 50 – 200,amtBtw50And200,"SGD 40,000 – 100,000",std_40k_100k,otherCurrencies,2026-09-18 01:00:00,2026-09-17 17:00:16,2026-09-17T17:10:41.539508+00:00,0.0794,0.0774,,0.0784,,,
standardized,dbs,ZAR,SGD,ZAR/SGD,1,SGD 50 – 200,amtBtw50And200,SGD 50 – 200,std_50_200,otherCurrencies,2026-09-18 01:00:00,2026-09-17 17:00:16,2026-09-17T17:10:41.539508+00:00,0.0794,0.0774,,0.0784,,,
standardized,dbs,ZAR,SGD,ZAR/SGD,1,SGD < 50,amtLessThan50,SGD < 50,std_lt_50,otherCurrencies,2026-09-18 01:00:00,2026-09-17 17:00:16,2026-09-17T17:10:41.539508+00:00,0.0797,0.0771,,0.0784,,,
standardized,hsbc,AED,SGD,AED/SGD,100,Indicative board,board,"SGD 200 – 39,999.99",std_200_40k,indicative_fx,2026-9-17,2026-9-17,2026-09-17T17:10:44.971813+00:00,35.92,33.64,34.76,34.78,MAS,3.337169159953981,3.2220943613348605
standardized,hsbc,AED,SGD,AED/SGD,100,Indicative board,board,"SGD 40,000 – 100,000",std_40k_100k,indicative_fx,2026-9-17,2026-9-17,2026-09-17T17:10:44.971813+00:00,35.92,33.64,34.76,34.78,MAS,3.337169159953981,3.2220943613348605
standardized,hsbc,AED,SGD,AED/SGD,100,Indicative board,board,SGD 50 – 200,std_50_200,indicative_fx,2026-9-17,2026-9-17,2026-09-17T17:10:44.971813+00:00,35.92,33.64,34.76,34.78,MAS,3.337169159953981,3.2220943613348605
standardized,hsbc,AED,SGD,AED/SGD,100,Indicative board,board,SGD < 50,std_lt_50,indicative_fx,2026-9-17,2026-9-17,2026-09-17T17:10:44.971813+00:00,35.92,33.64,34.76,34.78,MAS,3.337169159953981,3.2220943613348605
standardized,hsbc,AUD,SGD,AUD/SGD,1,Indicative board,board,"SGD 200 – 39,999.99",std_200_40k,indicative_fx,2026-9-17,2026-9-17,2026-09-17T17:10:44.971813+00:00,0.9331,0.8785,0.907,0.9057999999999999,MAS,2.8776185226019857,3.1422271223814864
standardized,hsbc,AUD,SGD,AUD/SGD,1,Indicative board,board,"SGD 40,000 – 100,000",std_40k_100k,indicative_fx,2026-9-17,2026-9-17,2026-09-17T17:10:44.971813+00:00,0.9331,0.8785,0.907,0.9057999999999999,MAS,2.8776185226019857,3.1422271223814864
standardized,hsbc,AUD,SGD,AUD/SGD,1,Indicative board,board,SGD 50 – 200,std_50_200,indicative_fx,2026-9-17,2026-9-17,2026-09-17T17:10:44.971813+00:00,0.9331,0.8785,0.907,0.9057999999999999,MAS,2.8776185226019857,3.1422271223814864
standardized,hsbc,AUD,SGD,AUD/SGD,1,Indicative board,board,SGD < 50,std_lt_50,indicative_fx,2026-9-17,2026-9-17,2026-09-17T17:10:44.971813+00:00,0.9331,0.8785,0.907,0.9057999999999999,MAS,2.8776185226019857,3.1422271223814864
standardized,hsbc,CAD,SGD,CAD/SGD,1,Indicative board,board,"SGD 200 – 39,999.99",std_200_40k,indicative_fx,2026-9-17,2026-9-17,2026-09-17T17:10:44.971813+00:00,0.9409,0.8859,0.9124,0.9134,MAS,3.1236299868478703,2.904427882507669
standardized,hsbc,CAD,SGD,CAD/SGD,1,Indicative board,board,"SGD 40,000 – 100,000",std_40k_100k,indicative_fx,2026-9-17,2026-9-17,2026-09-17T17:10:44.971813+00:00,0.9409,0.8859,0.9124,0.9134,MAS,3.1236299868478703,2.904427882507669
standardized,hsbc,CAD,SGD,CAD/SGD,1,Indicative board,board,SGD 50 – 200,std_50_200,indicative_fx,2026-9-17,2026-9-17,2026-09-17T17:10:44.971813+00:00,0.9409,0.8859,0.9124,0.9134,MAS,3.1236299868478703,2.904427882507669
standardized,hsbc,CAD,SGD,CAD/SGD,1,Indicative board,board,SGD < 50,std_lt_50,indicative_fx,2026-9-17,2026-9-17,2026-09-17T17:10:44.971813+00:00,0.9409,0.8859,0.9124,0.9134,MAS,3.1236299868478703,2.904427882507669
standardized,hsbc,CHF,SGD,CHF/SGD,100,Indicative board,board,"SGD 200 – 39,999.99",std_200_40k,indicative_fx,2026-9-17,2026-9-17,2026-09-17T17:10:44.971813+00:00,159.46,150.14,154.6,154.8,MAS,3.1435963777490388,2.884864165588621
standardized,hsbc,CHF,SGD,CHF/SGD,100,Indicative board,board,"SGD 40,000 – 100,000",std_40k_100k,indicative_fx,2026-9-17,2026-9-17,2026-09-17T17:10:44.971813+00:00,159.46,150.14,154.6,154.8,MAS,3.1435963777490388,2.884864165588621
standardized,hsbc,CHF,SGD,CHF/SGD,100,Indicative board,board,SGD 50 – 200,std_50_200,indicative_fx,2026-9-17,2026-9-17,2026-09-17T17:10:44.971813+00:00,159.46,150.14,154.6,154.8,MAS,3.1435963777490388,2.884864165588621
standardized,hsbc,CHF,SGD,CHF/SGD,100,Indicative board,board,SGD < 50,std_lt_50,indicative_fx,2026-9-17,2026-9-17,2026-09-17T17:10:44.971813+00:00,159.46,150.14,154.6,154.8,MAS,3.1435963777490388,2.884864165588621
standardized,hsbc,CNY,SGD,CNY/SGD,100,Indicative board,board,"SGD 200 – 39,999.99",std_200_40k,indicative_fx,2026-9-17,2026-9-17,2026-09-17T17:10:44.971813+00:00,19.66,18.42,19.03,19.04,MAS,3.310562270099837,3.205465055176035
standardized,hsbc,CNY,SGD,CNY/SGD,100,Indicative board,board,"SGD 40,000 – 100,000",std_40k_100k,indicative_fx,2026-9-17,2026-9-17,2026-09-17T17:10:44.971813+00:00,19.66,18.42,19.03,19.04,MAS,3.310562270099837,3.205465055176035
standardized,hsbc,CNY,SGD,CNY/SGD,100,Indicative board,board,SGD 50 – 200,std_50_200,indicative_fx,2026-9-17,2026-9-17,2026-09-17T17:10:44.971813+00:00,19.66,18.42,19.03,19.04,MAS,3.310562270099837,3.205465055176035
standardized,hsbc,CNY,SGD,CNY/SGD,100,Indicative board,board,SGD < 50,std_lt_50,indicative_fx,2026-9-17,2026-9-17,2026-09-17T17:10:44.971813+00:00,19.66,18.42,19.03,19.04,MAS,3.310562270099837,3.205465055176035
standardized,hsbc,DKK,SGD,DKK/SGD,100,Indicative board,board,"SGD 200 – 39,999.99",std_200_40k,indicative_fx,2026-9-17,2026-9-17,2026-09-17T17:10:44.971813+00:00,20.19,19.01,,19.6,,,
standardized,hsbc,DKK,SGD,DKK/SGD,100,Indicative board,board,"SGD 40,000 – 100,000",std_40k_100k,indicative_fx,2026-9-17,2026-9-17,2026-09-17T17:10:44.971813+00:00,20.19,19.01,,19.6,,,
standardized,hsbc,DKK,SGD,DKK/SGD,100,Indicative board,board,SGD 50 – 200,std_50_200,indicative_fx,2026-9-17,2026-9-17,2026-09-17T17:10:44.971813+00:00,20.19,19.01,,19.6,,,
standardized,hsbc,DKK,SGD,DKK/SGD,100,Indicative board,board,SGD < 50,std_lt_50,indicative_fx,2026-9-17,2026-9-17,2026-09-17T17:10:44.971813+00:00,20.19,19.01,,19.6,,,
standardized,hsbc,EUR,SGD,EUR/SGD,1,Indicative board,board,"SGD 200 – 39,999.99",std_200_40k,indicative_fx,2026-9-17,2026-9-17,2026-09-17T17:10:44.971813+00:00,1.5091,1.421,1.463,1.4650500000000002,MAS,3.1510594668489427,2.870813397129189
standardized,hsbc,EUR,SGD,EUR/SGD,1,Indicative board,board,"SGD 40,000 – 100,000",std_40k_100k,indicative_fx,2026-9-17,2026-9-17,2026-09-17T17:10:44.971813+00:00,1.5091,1.421,1.463,1.4650500000000002,MAS,3.1510594668489427,2.870813397129189
standardized,hsbc,EUR,SGD,EUR/SGD,1,Indicative board,board,SGD 50 – 200,std_50_200,indicative_fx,2026-9-17,2026-9-17,2026-09-17T17:10:44.971813+00:00,1.5091,1.421,1.463,1.4650500000000002,MAS,3.1510594668489427,2.870813397129189
standardized,hsbc,EUR,SGD,EUR/SGD,1,Indicative board,board,SGD < 50,std_lt_50,indicative_fx,2026-9-17,2026-9-17,2026-09-17T17:10:44.971813+00:00,1.5091,1.421,1.463,1.4650500000000002,MAS,3.1510594668489427,2.870813397129189
standardized,hsbc,FJD,SGD,FJD/SGD,1,Indicative board,board,"SGD 200 – 39,999.99",std_200_40k,indicative_fx,2026-9-17,2026-9-17,2026-09-17T17:10:44.971813+00:00,0.5999,,,,,,
standardized,hsbc,FJD,SGD,FJD/SGD,1,Indicative board,board,"SGD 40,000 – 100,000",std_40k_100k,indicative_fx,2026-9-17,2026-9-17,2026-09-17T17:10:44.971813+00:00,0.5999,,,,,,
standardized,hsbc,FJD,SGD,FJD/SGD,1,Indicative board,board,SGD 50 – 200,std_50_200,indicative_fx,2026-9-17,2026-9-17,2026-09-17T17:10:44.971813+00:00,0.5999,,,,,,
standardized,hsbc,FJD,SGD,FJD/SGD,1,Indicative board,board,SGD < 50,std_lt_50,indicative_fx,2026-9-17,2026-9-17,2026-09-17T17:10:44.971813+00:00,0.5999,,,,,,
standardized,hsbc,GBP,SGD,GBP/SGD,1,Indicative board,board,"SGD 200 – 39,999.99",std_200_40k,indicative_fx,2026-9-17,2026-9-17,2026-09-17T17:10:44.971813+00:00,1.761,1.6581,1.7073,1.70955,MAS,3.1453171674573808,2.881743103145325
standardized,hsbc,GBP,SGD,GBP/SGD,1,Indicative board,board,"SGD 40,000 – 100,000",std_40k_100k,indicative_fx,2026-9-17,2026-9-17,2026-09-17T17:10:44.971813+00:00,1.761,1.6581,1.7073,1.70955,MAS,3.1453171674573808,2.881743103145325
standardized,hsbc,GBP,SGD,GBP/SGD,1,Indicative board,board,SGD 50 – 200,std_50_200,indicative_fx,2026-9-17,2026-9-17,2026-09-17T17:10:44.971813+00:00,1.761,1.6581,1.7073,1.70955,MAS,3.1453171674573808,2.881743103145325
standardized,hsbc,GBP,SGD,GBP/SGD,1,Indicative board,board,SGD < 50,std_lt_50,indicative_fx,2026-9-17,2026-9-17,2026-09-17T17:10:44.971813+00:00,1.761,1.6581,1.7073,1.70955,MAS,3.1453171674573808,2.881743103145325
standardized,hsbc,HKD,SGD,HKD/SGD,100,Indicative board,board,"SGD 200 – 39,999.99",std_200_40k,indicative_fx,2026-9-17,2026-9-17,2026-09-17T17:10:44.971813+00:00,16.49,16.08,16.27,16.284999999999997,MAS,1.3521819299323838,1.1677934849416183
standardized,hsbc,HKD,SGD,HKD/SGD,100,Indicative board,board,"SGD 40,000 – 100,000",std_40k_100k,indicative_fx,2026-9-17,2026-9-17,2026-09-17T17:10:44.971813+00:00,16.49,16.08,16.27,16.284999999999997,MAS,1.3521819299323838,1.1677934849416183
standardized,hsbc,HKD,SGD,HKD/SGD,100,Indicative board,board,SGD 50 – 200,std_50_200,indicative_fx,2026-9-17,2026-9-17,2026-09-17T17:10:44.971813+00:00,16.49,16.08,16.27,16.284999999999997,MAS,1.3521819299323838,1.1677934849416183
standardized,hsbc,HKD,SGD,HKD/SGD,100,Indicative board,board,SGD < 50,std_lt_50,indicative_fx,2026-9-17,2026-9-17,2026-09-17T17:10:44.971813+00:00,16.49,16.08,16.27,16.284999999999997,MAS,1.3521819299323838,1.1677934849416183
standardized,hsbc,IDR,SGD,IDR/SGD,100,Indicative board,board,"SGD 200 – 39,999.99",std_200_40k,indicative_fx,2026-9-17,2026-9-17,2026-09-17T17:10:44.971813+00:00,0.0075,,0.00719,,MAS,4.311543810848393,
standardized,hsbc,IDR,SGD,IDR/SGD,100,Indicative board,board,"SGD 40,000 – 100,000",std_40k_100k,indicative_fx,2026-9-17,2026-9-17,2026-09-17T17:10:44.971813+00:00,0.0075,,0.00719,,MAS,4.311543810848393,
standardized,hsbc,IDR,SGD,IDR/SGD,100,Indicative board,board,SGD 50 – 200,std_50_200,indicative_fx,2026-9-17,2026-9-17,2026-09-17T17:10:44.971813+00:00,0.0075,,0.00719,,MAS,4.311543810848393,
standardized,hsbc,IDR,SGD,IDR/SGD,100,Indicative board,board,SGD < 50,std_lt_50,indicative_fx,2026-9-17,2026-9-17,2026-09-17T17:10:44.971813+00:00,0.0075,,0.00719,,MAS,4.311543810848393,
standardized,hsbc,INR,SGD,INR/SGD,100,Indicative board,board,"SGD 200 – 39,999.99",std_200_40k,indicative_fx,2026-9-17,2026-9-17,2026-09-17T17:10:44.971813+00:00,1.37,,1.329,,MAS,3.085026335590681,
standardized,hsbc,INR,SGD,INR/SGD,100,Indicative board,board,"SGD 40,000 – 100,000",std_40k_100k,indicative_fx,2026-9-17,2026-9-17,2026-09-17T17:10:44.971813+00:00,1.37,,1.329,,MAS,3.085026335590681,
standardized,hsbc,INR,SGD,INR/SGD,100,Indicative board,board,SGD 50 – 200,std_50_200,indicative_fx,2026-9-17,2026-9-17,2026-09-17T17:10:44.971813+00:00,1.37,,1.329,,MAS,3.085026335590681,
standardized,hsbc,INR,SGD,INR/SGD,100,Indicative board,board,SGD < 50,std_lt_50,indicative_fx,2026-9-17,2026-9-17,2026-09-17T17:10:44.971813+00:00,1.37,,1.329,,MAS,3.085026335590681,
standardized,hsbc,JPY,SGD,JPY/SGD,100,Indicative board,board,"SGD 200 – 39,999.99",std_200_40k,indicative_fx,2026-9-17,2026-9-17,2026-09-17T17:10:44.971813+00:00,0.8431,0.7938,0.8177,0.8184499999999999,MAS,3.106273694508986,2.9228323345970444
standardized,hsbc,JPY,SGD,JPY/SGD,100,Indicative board,board,"SGD 40,000 – 100,000",std_40k_100k,indicative_fx,2026-9-17,2026-9-17,2026-09-17T17:10:44.971813+00:00,0.8431,0.7938,0.8177,0.8184499999999999,MAS,3.106273694508986,2.9228323345970444
standardized,hsbc,JPY,SGD,JPY/SGD,100,Indicative board,board,SGD 50 – 200,std_50_200,indicative_fx,2026-9-17,2026-9-17,2026-09-17T17:10:44.971813+00:00,0.8431,0.7938,0.8177,0.8184499999999999,MAS,3.106273694508986,2.9228323345970444
standardized,hsbc,JPY,SGD,JPY/SGD,100,Indicative board,board,SGD < 50,std_lt_50,indicative_fx,2026-9-17,2026-9-17,2026-09-17T17:10:44.971813+00:00,0.8431,0.7938,0.8177,0.8184499999999999,MAS,3.106273694508986,2.9228323345970444
standardized,hsbc,LKR,SGD,LKR/SGD,100,Indicative board,board,"SGD 200 – 39,999.99",std_200_40k,indicative_fx,2026-9-17,2026-9-17,2026-09-17T17:10:44.971813+00:00,0.4,,,,,,
standardized,hsbc,LKR,SGD,LKR/SGD,100,Indicative board,board,"SGD 40,000 – 100,000",std_40k_100k,indicative_fx,2026-9-17,2026-9-17,2026-09-17T17:10:44.971813+00:00,0.4,,,,,,
standardized,hsbc,LKR,SGD,LKR/SGD,100,Indicative board,board,SGD 50 – 200,std_50_200,indicative_fx,2026-9-17,2026-9-17,2026-09-17T17:10:44.971813+00:00,0.4,,,,,,
standardized,hsbc,LKR,SGD,LKR/SGD,100,Indicative board,board,SGD < 50,std_lt_50,indicative_fx,2026-9-17,2026-9-17,2026-09-17T17:10:44.971813+00:00,0.4,,,,,,
standardized,hsbc,MUR,SGD,MUR/SGD,100,Indicative board,board,"SGD 200 – 39,999.99",std_200_40k,indicative_fx,2026-9-17,2026-9-17,2026-09-17T17:10:44.971813+00:00,2.8,2.61,,2.705,,,
standardized,hsbc,MUR,SGD,MUR/SGD,100,Indicative board,board,"SGD 40,000 – 100,000",std_40k_100k,indicative_fx,2026-9-17,2026-9-17,2026-09-17T17:10:44.971813+00:00,2.8,2.61,,2.705,,,
standardized,hsbc,MUR,SGD,MUR/SGD,100,Indicative board,board,SGD 50 – 200,std_50_200,indicative_fx,2026-9-17,2026-9-17,2026-09-17T17:10:44.971813+00:00,2.8,2.61,,2.705,,,
standardized,hsbc,MUR,SGD,MUR/SGD,100,Indicative board,board,SGD < 50,std_lt_50,indicative_fx,2026-9-17,2026-9-17,2026-09-17T17:10:44.971813+00:00,2.8,2.61,,2.705,,,
standardized,hsbc,NOK,SGD,NOK/SGD,100,Indicative board,board,"SGD 200 – 39,999.99",std_200_40k,indicative_fx,2026-9-17,2026-9-17,2026-09-17T17:10:44.971813+00:00,13.96,13.14,,13.55,,,
standardized,hsbc,NOK,SGD,NOK/SGD,100,Indicative board,board,"SGD 40,000 – 100,000",std_40k_100k,indicative_fx,2026-9-17,2026-9-17,2026-09-17T17:10:44.971813+00:00,13.96,13.14,,13.55,,,
standardized,hsbc,NOK,SGD,NOK/SGD,100,Indicative board,board,SGD 50 – 200,std_50_200,indicative_fx,2026-9-17,2026-9-17,2026-09-17T17:10:44.971813+00:00,13.96,13.14,,13.55,,,
standardized,hsbc,NOK,SGD,NOK/SGD,100,Indicative board,board,SGD < 50,std_lt_50,indicative_fx,2026-9-17,2026-9-17,2026-09-17T17:10:44.971813+00:00,13.96,13.14,,13.55,,,
standardized,hsbc,NZD,SGD,NZD/SGD,1,Indicative board,board,"SGD 200 – 39,999.99",std_200_40k,indicative_fx,2026-9-17,2026-9-17,2026-09-17T17:10:44.971813+00:00,0.7523,0.7084,0.7306999999999999,0.73035,MAS,2.956069522375813,3.0518680717120406
standardized,hsbc,NZD,SGD,NZD/SGD,1,Indicative board,board,"SGD 40,000 – 100,000",std_40k_100k,indicative_fx,2026-9-17,2026-9-17,2026-09-17T17:10:44.971813+00:00,0.7523,0.7084,0.7306999999999999,0.73035,MAS,2.956069522375813,3.0518680717120406
standardized,hsbc,NZD,SGD,NZD/SGD,1,Indicative board,board,SGD 50 – 200,std_50_200,indicative_fx,2026-9-17,2026-9-17,2026-09-17T17:10:44.971813+00:00,0.7523,0.7084,0.7306999999999999,0.73035,MAS,2.956069522375813,3.0518680717120406
standardized,hsbc,NZD,SGD,NZD/SGD,1,Indicative board,board,SGD < 50,std_lt_50,indicative_fx,2026-9-17,2026-9-17,2026-09-17T17:10:44.971813+00:00,0.7523,0.7084,0.7306999999999999,0.73035,MAS,2.956069522375813,3.0518680717120406
standardized,hsbc,PHP,SGD,PHP/SGD,100,Indicative board,board,"SGD 200 – 39,999.99",std_200_40k,indicative_fx,2026-9-17,2026-9-17,2026-09-17T17:10:44.971813+00:00,2.1,,2.0333,,MAS,3.280381645600747,
standardized,hsbc,PHP,SGD,PHP/SGD,100,Indicative board,board,"SGD 40,000 – 100,000",std_40k_100k,indicative_fx,2026-9-17,2026-9-17,2026-09-17T17:10:44.971813+00:00,2.1,,2.0333,,MAS,3.280381645600747,
standardized,hsbc,PHP,SGD,PHP/SGD,100,Indicative board,board,SGD 50 – 200,std_50_200,indicative_fx,2026-9-17,2026-9-17,2026-09-17T17:10:44.971813+00:00,2.1,,2.0333,,MAS,3.280381645600747,
standardized,hsbc,PHP,SGD,PHP/SGD,100,Indicative board,board,SGD < 50,std_lt_50,indicative_fx,2026-9-17,2026-9-17,2026-09-17T17:10:44.971813+00:00,2.1,,2.0333,,MAS,3.280381645600747,
standardized,hsbc,PKR,SGD,PKR/SGD,100,Indicative board,board,"SGD 200 – 39,999.99",std_200_40k,indicative_fx,2026-9-17,2026-9-17,2026-09-17T17:10:44.971813+00:00,0.48,,,,,,
standardized,hsbc,PKR,SGD,PKR/SGD,100,Indicative board,board,"SGD 40,000 – 100,000",std_40k_100k,indicative_fx,2026-9-17,2026-9-17,2026-09-17T17:10:44.971813+00:00,0.48,,,,,,
standardized,hsbc,PKR,SGD,PKR/SGD,100,Indicative board,board,SGD 50 – 200,std_50_200,indicative_fx,2026-9-17,2026-9-17,2026-09-17T17:10:44.971813+00:00,0.48,,,,,,
standardized,hsbc,PKR,SGD,PKR/SGD,100,Indicative board,board,SGD < 50,std_lt_50,indicative_fx,2026-9-17,2026-9-17,2026-09-17T17:10:44.971813+00:00,0.48,,,,,,
standardized,hsbc,QAR,SGD,QAR/SGD,100,Indicative board,board,"SGD 200 – 39,999.99",std_200_40k,indicative_fx,2026-9-17,2026-9-17,2026-09-17T17:10:44.971813+00:00,35.53,34.6,35.04,35.065,MAS,1.398401826484024,1.2557077625570712
standardized,hsbc,QAR,SGD,QAR/SGD,100,Indicative board,board,"SGD 40,000 – 100,000",std_40k_100k,indicative_fx,2026-9-17,2026-9-17,2026-09-17T17:10:44.971813+00:00,35.53,34.6,35.04,35.065,MAS,1.398401826484024,1.2557077625570712
standardized,hsbc,QAR,SGD,QAR/SGD,100,Indicative board,board,SGD 50 – 200,std_50_200,indicative_fx,2026-9-17,2026-9-17,2026-09-17T17:10:44.971813+00:00,35.53,34.6,35.04,35.065,MAS,1.398401826484024,1.2557077625570712
standardized,hsbc,QAR,SGD,QAR/SGD,100,Indicative board,board,SGD < 50,std_lt_50,indicative_fx,2026-9-17,2026-9-17,2026-09-17T17:10:44.971813+00:00,35.53,34.6,35.04,35.065,MAS,1.398401826484024,1.2557077625570712
standardized,hsbc,RUB,SGD,RUB/SGD,100,Indicative board,board,"SGD 200 – 39,999.99",std_200_40k,indicative_fx,2026-9-17,2026-9-17,2026-09-17T17:10:44.971813+00:00,15.7,14.62,,15.16,,,
standardized,hsbc,RUB,SGD,RUB/SGD,100,Indicative board,board,"SGD 40,000 – 100,000",std_40k_100k,indicative_fx,2026-9-17,2026-9-17,2026-09-17T17:10:44.971813+00:00,15.7,14.62,,15.16,,,
standardized,hsbc,RUB,SGD,RUB/SGD,100,Indicative board,board,SGD 50 – 200,std_50_200,indicative_fx,2026-9-17,2026-9-17,2026-09-17T17:10:44.971813+00:00,15.7,14.62,,15.16,,,
standardized,hsbc,RUB,SGD,RUB/SGD,100,Indicative board,board,SGD < 50,std_lt_50,indicative_fx,2026-9-17,2026-9-17,2026-09-17T17:10:44.971813+00:00,15.7,14.62,,15.16,,,
standardized,hsbc,SAR,SGD,SAR/SGD,100,Indicative board,board,"SGD 200 – 39,999.99",std_200_40k,indicative_fx,2026-9-17,2026-9-17,2026-09-17T17:10:44.971813+00:00,34.43,33.58,33.99,34.004999999999995,MAS,1.294498381877016,1.2062371285672364
standardized,hsbc,SAR,SGD,SAR/SGD,100,Indicative board,board,"SGD 40,000 – 100,000",std_40k_100k,indicative_fx,2026-9-17,2026-9-17,2026-09-17T17:10:44.971813+00:00,34.43,33.58,33.99,34.004999999999995,MAS,1.294498381877016,1.2062371285672364
standardized,hsbc,SAR,SGD,SAR/SGD,100,Indicative board,board,SGD 50 – 200,std_50_200,indicative_fx,2026-9-17,2026-9-17,2026-09-17T17:10:44.971813+00:00,34.43,33.58,33.99,34.004999999999995,MAS,1.294498381877016,1.2062371285672364
standardized,hsbc,SAR,SGD,SAR/SGD,100,Indicative board,board,SGD < 50,std_lt_50,indicative_fx,2026-9-17,2026-9-17,2026-09-17T17:10:44.971813+00:00,34.43,33.58,33.99,34.004999999999995,MAS,1.294498381877016,1.2062371285672364
standardized,hsbc,SEK,SGD,SEK/SGD,100,Indicative board,board,"SGD 200 – 39,999.99",std_200_40k,indicative_fx,2026-9-17,2026-9-17,2026-09-17T17:10:44.971813+00:00,13.36,12.57,,12.965,,,
standardized,hsbc,SEK,SGD,SEK/SGD,100,Indicative board,board,"SGD 40,000 – 100,000",std_40k_100k,indicative_fx,2026-9-17,2026-9-17,2026-09-17T17:10:44.971813+00:00,13.36,12.57,,12.965,,,
standardized,hsbc,SEK,SGD,SEK/SGD,100,Indicative board,board,SGD 50 – 200,std_50_200,indicative_fx,2026-9-17,2026-9-17,2026-09-17T17:10:44.971813+00:00,13.36,12.57,,12.965,,,
standardized,hsbc,SEK,SGD,SEK/SGD,100,Indicative board,board,SGD < 50,std_lt_50,indicative_fx,2026-9-17,2026-9-17,2026-09-17T17:10:44.971813+00:00,13.36,12.57,,12.965,,,
standardized,hsbc,THB,SGD,THB/SGD,100,Indicative board,board,"SGD 200 – 39,999.99",std_200_40k,indicative_fx,2026-9-17,2026-9-17,2026-09-17T17:10:44.971813+00:00,3.95,,3.821,,MAS,3.376079560324522,
standardized,hsbc,THB,SGD,THB/SGD,100,Indicative board,board,"SGD 40,000 – 100,000",std_40k_100k,indicative_fx,2026-9-17,2026-9-17,2026-09-17T17:10:44.971813+00:00,3.95,,3.821,,MAS,3.376079560324522,
standardized,hsbc,THB,SGD,THB/SGD,100,Indicative board,board,SGD 50 – 200,std_50_200,indicative_fx,2026-9-17,2026-9-17,2026-09-17T17:10:44.971813+00:00,3.95,,3.821,,MAS,3.376079560324522,
standardized,hsbc,THB,SGD,THB/SGD,100,Indicative board,board,SGD < 50,std_lt_50,indicative_fx,2026-9-17,2026-9-17,2026-09-17T17:10:44.971813+00:00,3.95,,3.821,,MAS,3.376079560324522,
standardized,hsbc,TRY,SGD,TRY/SGD,1,Indicative board,board,"SGD 200 – 39,999.99",std_200_40k,indicative_fx,2026-9-17,2026-9-17,2026-09-17T17:10:44.971813+00:00,0.0271,,,,,,
standardized,hsbc,TRY,SGD,TRY/SGD,1,Indicative board,board,"SGD 40,000 – 100,000",std_40k_100k,indicative_fx,2026-9-17,2026-9-17,2026-09-17T17:10:44.971813+00:00,0.0271,,,,,,
standardized,hsbc,TRY,SGD,TRY/SGD,1,Indicative board,board,SGD 50 – 200,std_50_200,indicative_fx,2026-9-17,2026-9-17,2026-09-17T17:10:44.971813+00:00,0.0271,,,,,,
standardized,hsbc,TRY,SGD,TRY/SGD,1,Indicative board,board,SGD < 50,std_lt_50,indicative_fx,2026-9-17,2026-9-17,2026-09-17T17:10:44.971813+00:00,0.0271,,,,,,
standardized,hsbc,USD,SGD,USD/SGD,1,Indicative board,board,"SGD 200 – 39,999.99",std_200_40k,indicative_fx,2026-9-17,2026-9-17,2026-09-17T17:10:44.971813+00:00,1.3032,1.252,1.2766,1.2776,MAS,2.0836597211342593,1.9269935766880741
standardized,hsbc,USD,SGD,USD/SGD,1,Indicative board,board,"SGD 40,000 – 100,000",std_40k_100k,indicative_fx,2026-9-17,2026-9-17,2026-09-17T17:10:44.971813+00:00,1.3032,1.252,1.2766,1.2776,MAS,2.0836597211342593,1.9269935766880741
standardized,hsbc,USD,SGD,USD/SGD,1,Indicative board,board,SGD 50 – 200,std_50_200,indicative_fx,2026-9-17,2026-9-17,2026-09-17T17:10:44.971813+00:00,1.3032,1.252,1.2766,1.2776,MAS,2.0836597211342593,1.9269935766880741
standardized,hsbc,USD,SGD,USD/SGD,1,Indicative board,board,SGD < 50,std_lt_50,indicative_fx,2026-9-17,2026-9-17,2026-09-17T17:10:44.971813+00:00,1.3032,1.252,1.2766,1.2776,MAS,2.0836597211342593,1.9269935766880741
standardized,hsbc,ZAR,SGD,ZAR/SGD,1,Indicative board,board,"SGD 200 – 39,999.99",std_200_40k,indicative_fx,2026-9-17,2026-9-17,2026-09-17T17:10:44.971813+00:00,0.0806,0.0755,,0.07805000000000001,,,
standardized,hsbc,ZAR,SGD,ZAR/SGD,1,Indicative board,board,"SGD 40,000 – 100,000",std_40k_100k,indicative_fx,2026-9-17,2026-9-17,2026-09-17T17:10:44.971813+00:00,0.0806,0.0755,,0.07805000000000001,,,
standardized,hsbc,ZAR,SGD,ZAR/SGD,1,Indicative board,board,SGD 50 – 200,std_50_200,indicative_fx,2026-9-17,2026-9-17,2026-09-17T17:10:44.971813+00:00,0.0806,0.0755,,0.07805000000000001,,,
standardized,hsbc,ZAR,SGD,ZAR/SGD,1,Indicative board,board,SGD < 50,std_lt_50,indicative_fx,2026-9-17,2026-9-17,2026-09-17T17:10:44.971813+00:00,0.0806,0.0755,,0.07805000000000001,,,
standardized,ocbc,AED,SGD,AED/SGD,100,"SGD 0 – 39,999.99",tier_1,"SGD 200 – 39,999.99",std_200_40k,fxRatesSgd,2026-09-17T07:00:15,2026-09-17T07:00:15,2026-09-17T17:10:42.761325+00:00,35.6342,33.6126,34.76,34.6234,MAS,2.514959723820489,3.3009205983889456
standardized,ocbc,AED,SGD,AED/SGD,100,"SGD 40,000 – 100,000",tier_2,"SGD 40,000 – 100,000",std_40k_100k,fxRatesSgd,2026-09-17T07:00:15,2026-09-17T07:00:15,2026-09-17T17:10:42.761325+00:00,35.6237,33.6298,34.76,34.6234,MAS,2.4847525891829734,3.2514384349827243
standardized,ocbc,AED,SGD,AED/SGD,100,"SGD 0 – 39,999.99",tier_1,SGD 50 – 200,std_50_200,fxRatesSgd,2026-09-17T07:00:15,2026-09-17T07:00:15,2026-09-17T17:10:42.761325+00:00,35.6342,33.6126,34.76,34.6234,MAS,2.514959723820489,3.3009205983889456
standardized,ocbc,AED,SGD,AED/SGD,100,"SGD 0 – 39,999.99",tier_1,SGD < 50,std_lt_50,fxRatesSgd,2026-09-17T07:00:15,2026-09-17T07:00:15,2026-09-17T17:10:42.761325+00:00,35.6342,33.6126,34.76,34.6234,MAS,2.514959723820489,3.3009205983889456
standardized,ocbc,AUD,SGD,AUD/SGD,1,"SGD 0 – 39,999.99",tier_1,"SGD 200 – 39,999.99",std_200_40k,fxRatesSgd,2026-09-17T07:00:15,2026-09-17T07:00:15,2026-09-17T17:10:42.761325+00:00,0.9235,0.8943,0.907,0.9089,MAS,1.8191841234840085,1.4002205071664877
standardized,ocbc,AUD,SGD,AUD/SGD,1,"SGD 40,000 – 100,000",tier_2,"SGD 40,000 – 100,000",std_40k_100k,fxRatesSgd,2026-09-17T07:00:15,2026-09-17T07:00:15,2026-09-17T17:10:42.761325+00:00,0.9217,0.8961,0.907,0.9089,MAS,1.6207276736493865,1.2017640573318655
standardized,ocbc,AUD,SGD,AUD/SGD,1,"SGD 0 – 39,999.99",tier_1,SGD 50 – 200,std_50_200,fxRatesSgd,2026-09-17T07:00:15,2026-09-17T07:00:15,2026-09-17T17:10:42.761325+00:00,0.9235,0.8943,0.907,0.9089,MAS,1.8191841234840085,1.4002205071664877
standardized,ocbc,AUD,SGD,AUD/SGD,1,"SGD 0 – 39,999.99",tier_1,SGD < 50,std_lt_50,fxRatesSgd,2026-09-17T07:00:15,2026-09-17T07:00:15,2026-09-17T17:10:42.761325+00:00,0.9235,0.8943,0.907,0.9089,MAS,1.8191841234840085,1.4002205071664877
standardized,ocbc,BGN,SGD,BGN/SGD,100,"SGD 0 – 39,999.99",tier_1,"SGD 200 – 39,999.99",std_200_40k,fxRatesSgd,2026-09-17T07:00:15,2026-09-17T07:00:15,2026-09-17T17:10:42.761325+00:00,0.0,0.0,,0.0,,,
standardized,ocbc,BGN,SGD,BGN/SGD,100,"SGD 40,000 – 100,000",tier_2,"SGD 40,000 – 100,000",std_40k_100k,fxRatesSgd,2026-09-17T07:00:15,2026-09-17T07:00:15,2026-09-17T17:10:42.761325+00:00,0.0,0.0,,0.0,,,
standardized,ocbc,BGN,SGD,BGN/SGD,100,"SGD 0 – 39,999.99",tier_1,SGD 50 – 200,std_50_200,fxRatesSgd,2026-09-17T07:00:15,2026-09-17T07:00:15,2026-09-17T17:10:42.761325+00:00,0.0,0.0,,0.0,,,
standardized,ocbc,BGN,SGD,BGN/SGD,100,"SGD 0 – 39,999.99",tier_1,SGD < 50,std_lt_50,fxRatesSgd,2026-09-17T07:00:15,2026-09-17T07:00:15,2026-09-17T17:10:42.761325+00:00,0.0,0.0,,0.0,,,
standardized,ocbc,BHD,SGD,BHD/SGD,1,"SGD 0 – 39,999.99",tier_1,"SGD 200 – 39,999.99",std_200_40k,fxRatesSgd,2026-09-17T07:00:15,2026-09-17T07:00:15,2026-09-17T17:10:42.761325+00:00,0.0,0.0,,0.0,,,
standardized,ocbc,BHD,SGD,BHD/SGD,1,"SGD 40,000 – 100,000",tier_2,"SGD 40,000 – 100,000",std_40k_100k,fxRatesSgd,2026-09-17T07:00:15,2026-09-17T07:00:15,2026-09-17T17:10:42.761325+00:00,0.0,0.0,,0.0,,,
standardized,ocbc,BHD,SGD,BHD/SGD,1,"SGD 0 – 39,999.99",tier_1,SGD 50 – 200,std_50_200,fxRatesSgd,2026-09-17T07:00:15,2026-09-17T07:00:15,2026-09-17T17:10:42.761325+00:00,0.0,0.0,,0.0,,,
standardized,ocbc,BHD,SGD,BHD/SGD,1,"SGD 0 – 39,999.99",tier_1,SGD < 50,std_lt_50,fxRatesSgd,2026-09-17T07:00:15,2026-09-17T07:00:15,2026-09-17T17:10:42.761325+00:00,0.0,0.0,,0.0,,,
standardized,ocbc,CAD,SGD,CAD/SGD,1,"SGD 0 – 39,999.99",tier_1,"SGD 200 – 39,999.99",std_200_40k,fxRatesSgd,2026-09-17T07:00:15,2026-09-17T07:00:15,2026-09-17T17:10:42.761325+00:00,0.9282,0.8953,0.9124,0.9118,MAS,1.7316966242875973,1.874177992108725
standardized,ocbc,CAD,SGD,CAD/SGD,1,"SGD 40,000 – 100,000",tier_2,"SGD 40,000 – 100,000",std_40k_100k,fxRatesSgd,2026-09-17T07:00:15,2026-09-17T07:00:15,2026-09-17T17:10:42.761325+00:00,0.9264,0.8971,0.9124,0.9118,MAS,1.534414730381413,1.6768960982025405
standardized,ocbc,CAD,SGD,CAD/SGD,1,"SGD 0 – 39,999.99",tier_1,SGD 50 – 200,std_50_200,fxRatesSgd,2026-09-17T07:00:15,2026-09-17T07:00:15,2026-09-17T17:10:42.761325+00:00,0.9282,0.8953,0.9124,0.9118,MAS,1.7316966242875973,1.874177992108725
standardized,ocbc,CAD,SGD,CAD/SGD,1,"SGD 0 – 39,999.99",tier_1,SGD < 50,std_lt_50,fxRatesSgd,2026-09-17T07:00:15,2026-09-17T07:00:15,2026-09-17T17:10:42.761325+00:00,0.9282,0.8953,0.9124,0.9118,MAS,1.7316966242875973,1.874177992108725
standardized,ocbc,CHF,SGD,CHF/SGD,100,"SGD 0 – 39,999.99",tier_1,"SGD 200 – 39,999.99",std_200_40k,fxRatesSgd,2026-09-17T07:00:15,2026-09-17T07:00:15,2026-09-17T17:10:42.761325+00:00,157.3864,151.8018,154.6,154.5941,MAS,1.8023285899094532,1.8099611901681814
standardized,ocbc,CHF,SGD,CHF/SGD,100,"SGD 40,000 – 100,000",tier_2,"SGD 40,000 – 100,000",std_40k_100k,fxRatesSgd,2026-09-17T07:00:15,2026-09-17T07:00:15,2026-09-17T17:10:42.761325+00:00,157.0772,152.111,154.6,154.5941,MAS,1.6023285899094506,1.6099611901681787
standardized,ocbc,CHF,SGD,CHF/SGD,100,"SGD 0 – 39,999.99",tier_1,SGD 50 – 200,std_50_200,fxRatesSgd,2026-09-17T07:00:15,2026-09-17T07:00:15,2026-09-17T17:10:42.761325+00:00,157.3864,151.8018,154.6,154.5941,MAS,1.8023285899094532,1.8099611901681814
standardized,ocbc,CHF,SGD,CHF/SGD,100,"SGD 0 – 39,999.99",tier_1,SGD < 50,std_lt_50,fxRatesSgd,2026-09-17T07:00:15,2026-09-17T07:00:15,2026-09-17T17:10:42.761325+00:00,157.3864,151.8018,154.6,154.5941,MAS,1.8023285899094532,1.8099611901681814
standardized,ocbc,CNH,SGD,CNH/SGD,100,"SGD 0 – 39,999.99",tier_1,"SGD 200 – 39,999.99",std_200_40k,fxRatesSgd,2026-09-17T07:00:15,2026-09-17T07:00:15,2026-09-17T17:10:42.761325+00:00,19.3655,18.7938,,19.0797,,,
standardized,ocbc,CNH,SGD,CNH/SGD,100,"SGD 40,000 – 100,000",tier_2,"SGD 40,000 – 100,000",std_40k_100k,fxRatesSgd,2026-09-17T07:00:15,2026-09-17T07:00:15,2026-09-17T17:10:42.761325+00:00,19.3465,18.8128,,19.0797,,,
standardized,ocbc,CNH,SGD,CNH/SGD,100,"SGD 0 – 39,999.99",tier_1,SGD 50 – 200,std_50_200,fxRatesSgd,2026-09-17T07:00:15,2026-09-17T07:00:15,2026-09-17T17:10:42.761325+00:00,19.3655,18.7938,,19.0797,,,
standardized,ocbc,CNH,SGD,CNH/SGD,100,"SGD 0 – 39,999.99",tier_1,SGD < 50,std_lt_50,fxRatesSgd,2026-09-17T07:00:15,2026-09-17T07:00:15,2026-09-17T17:10:42.761325+00:00,19.3655,18.7938,,19.0797,,,
standardized,ocbc,CZK,SGD,CZK/SGD,100,"SGD 0 – 39,999.99",tier_1,"SGD 200 – 39,999.99",std_200_40k,fxRatesSgd,2026-09-17T07:00:15,2026-09-17T07:00:15,2026-09-17T17:10:42.761325+00:00,0.0,0.0,,0.0,,,
standardized,ocbc,CZK,SGD,CZK/SGD,100,"SGD 40,000 – 100,000",tier_2,"SGD 40,000 – 100,000",std_40k_100k,fxRatesSgd,2026-09-17T07:00:15,2026-09-17T07:00:15,2026-09-17T17:10:42.761325+00:00,0.0,0.0,,0.0,,,
standardized,ocbc,CZK,SGD,CZK/SGD,100,"SGD 0 – 39,999.99",tier_1,SGD 50 – 200,std_50_200,fxRatesSgd,2026-09-17T07:00:15,2026-09-17T07:00:15,2026-09-17T17:10:42.761325+00:00,0.0,0.0,,0.0,,,
standardized,ocbc,CZK,SGD,CZK/SGD,100,"SGD 0 – 39,999.99",tier_1,SGD < 50,std_lt_50,fxRatesSgd,2026-09-17T07:00:15,2026-09-17T07:00:15,2026-09-17T17:10:42.761325+00:00,0.0,0.0,,0.0,,,
standardized,ocbc,DKK,SGD,DKK/SGD,100,"SGD 0 – 39,999.99",tier_1,"SGD 200 – 39,999.99",std_200_40k,fxRatesSgd,2026-09-17T07:00:15,2026-09-17T07:00:15,2026-09-17T17:10:42.761325+00:00,19.9429,19.2359,,19.5894,,,
standardized,ocbc,DKK,SGD,DKK/SGD,100,"SGD 40,000 – 100,000",tier_2,"SGD 40,000 – 100,000",std_40k_100k,fxRatesSgd,2026-09-17T07:00:15,2026-09-17T07:00:15,2026-09-17T17:10:42.761325+00:00,19.9037,19.275,,19.5894,,,
standardized,ocbc,DKK,SGD,DKK/SGD,100,"SGD 0 – 39,999.99",tier_1,SGD 50 – 200,std_50_200,fxRatesSgd,2026-09-17T07:00:15,2026-09-17T07:00:15,2026-09-17T17:10:42.761325+00:00,19.9429,19.2359,,19.5894,,,
standardized,ocbc,DKK,SGD,DKK/SGD,100,"SGD 0 – 39,999.99",tier_1,SGD < 50,std_lt_50,fxRatesSgd,2026-09-17T07:00:15,2026-09-17T07:00:15,2026-09-17T17:10:42.761325+00:00,19.9429,19.2359,,19.5894,,,
standardized,ocbc,EUR,SGD,EUR/SGD,1,"SGD 0 – 39,999.99",tier_1,"SGD 200 – 39,999.99",std_200_40k,fxRatesSgd,2026-09-17T07:00:15,2026-09-17T07:00:15,2026-09-17T17:10:42.761325+00:00,1.4808,1.4445,1.463,1.4627,MAS,1.2166780587833093,1.2645249487354875
standardized,ocbc,EUR,SGD,EUR/SGD,1,"SGD 40,000 – 100,000",tier_2,"SGD 40,000 – 100,000",std_40k_100k,fxRatesSgd,2026-09-17T07:00:15,2026-09-17T07:00:15,2026-09-17T17:10:42.761325+00:00,1.4791,1.4464,1.463,1.4627,MAS,1.1004784688995217,1.134654818865357
standardized,ocbc,EUR,SGD,EUR/SGD,1,"SGD 0 – 39,999.99",tier_1,SGD 50 – 200,std_50_200,fxRatesSgd,2026-09-17T07:00:15,2026-09-17T07:00:15,2026-09-17T17:10:42.761325+00:00,1.4808,1.4445,1.463,1.4627,MAS,1.2166780587833093,1.2645249487354875
standardized,ocbc,EUR,SGD,EUR/SGD,1,"SGD 0 – 39,999.99",tier_1,SGD < 50,std_lt_50,fxRatesSgd,2026-09-17T07:00:15,2026-09-17T07:00:15,2026-09-17T17:10:42.761325+00:00,1.4808,1.4445,1.463,1.4627,MAS,1.2166780587833093,1.2645249487354875
standardized,ocbc,GBP,SGD,GBP/SGD,1,"SGD 0 – 39,999.99",tier_1,"SGD 200 – 39,999.99",std_200_40k,fxRatesSgd,2026-09-17T07:00:15,2026-09-17T07:00:15,2026-09-17T17:10:42.761325+00:00,1.7309,1.685,1.7073,1.708,MAS,1.382299537281091,1.3061559187020435
standardized,ocbc,GBP,SGD,GBP/SGD,1,"SGD 40,000 – 100,000",tier_2,"SGD 40,000 – 100,000",std_40k_100k,fxRatesSgd,2026-09-17T07:00:15,2026-09-17T07:00:15,2026-09-17T17:10:42.761325+00:00,1.7292,1.687,1.7073,1.708,MAS,1.2827271129854174,1.1890118901189004
standardized,ocbc,GBP,SGD,GBP/SGD,1,"SGD 0 – 39,999.99",tier_1,SGD 50 – 200,std_50_200,fxRatesSgd,2026-09-17T07:00:15,2026-09-17T07:00:15,2026-09-17T17:10:42.761325+00:00,1.7309,1.685,1.7073,1.708,MAS,1.382299537281091,1.3061559187020435
standardized,ocbc,GBP,SGD,GBP/SGD,1,"SGD 0 – 39,999.99",tier_1,SGD < 50,std_lt_50,fxRatesSgd,2026-09-17T07:00:15,2026-09-17T07:00:15,2026-09-17T17:10:42.761325+00:00,1.7309,1.685,1.7073,1.708,MAS,1.382299537281091,1.3061559187020435
standardized,ocbc,HKD,SGD,HKD/SGD,100,"SGD 0 – 39,999.99",tier_1,"SGD 200 – 39,999.99",std_200_40k,fxRatesSgd,2026-09-17T07:00:15,2026-09-17T07:00:15,2026-09-17T17:10:42.761325+00:00,16.4707,16.0731,16.27,16.2719,MAS,1.2335586969883297,1.2102028272894862
standardized,ocbc,HKD,SGD,HKD/SGD,100,"SGD 40,000 – 100,000",tier_2,"SGD 40,000 – 100,000",std_40k_100k,fxRatesSgd,2026-09-17T07:00:15,2026-09-17T07:00:15,2026-09-17T17:10:42.761325+00:00,16.4414,16.0829,16.27,16.2719,MAS,1.0534726490473387,1.1499692685925074
standardized,ocbc,HKD,SGD,HKD/SGD,100,"SGD 0 – 39,999.99",tier_1,SGD 50 – 200,std_50_200,fxRatesSgd,2026-09-17T07:00:15,2026-09-17T07:00:15,2026-09-17T17:10:42.761325+00:00,16.4707,16.0731,16.27,16.2719,MAS,1.2335586969883297,1.2102028272894862
standardized,ocbc,HKD,SGD,HKD/SGD,100,"SGD 0 – 39,999.99",tier_1,SGD < 50,std_lt_50,fxRatesSgd,2026-09-17T07:00:15,2026-09-17T07:00:15,2026-09-17T17:10:42.761325+00:00,16.4707,16.0731,16.27,16.2719,MAS,1.2335586969883297,1.2102028272894862
standardized,ocbc,HUF,SGD,HUF/SGD,100,"SGD 0 – 39,999.99",tier_1,"SGD 200 – 39,999.99",std_200_40k,fxRatesSgd,2026-09-17T07:00:15,2026-09-17T07:00:15,2026-09-17T17:10:42.761325+00:00,0.0,0.0,,0.0,,,
standardized,ocbc,HUF,SGD,HUF/SGD,100,"SGD 40,000 – 100,000",tier_2,"SGD 40,000 – 100,000",std_40k_100k,fxRatesSgd,2026-09-17T07:00:15,2026-09-17T07:00:15,2026-09-17T17:10:42.761325+00:00,0.0,0.0,,0.0,,,
standardized,ocbc,HUF,SGD,HUF/SGD,100,"SGD 0 – 39,999.99",tier_1,SGD 50 – 200,std_50_200,fxRatesSgd,2026-09-17T07:00:15,2026-09-17T07:00:15,2026-09-17T17:10:42.761325+00:00,0.0,0.0,,0.0,,,
standardized,ocbc,HUF,SGD,HUF/SGD,100,"SGD 0 – 39,999.99",tier_1,SGD < 50,std_lt_50,fxRatesSgd,2026-09-17T07:00:15,2026-09-17T07:00:15,2026-09-17T17:10:42.761325+00:00,0.0,0.0,,0.0,,,
standardized,ocbc,IDR,SGD,IDR/SGD,100,"SGD 0 – 39,999.99",tier_1,"SGD 200 – 39,999.99",std_200_40k,fxRatesSgd,2026-09-17T07:00:15,2026-09-17T07:00:15,2026-09-17T17:10:42.761325+00:00,0.0074,0.0,0.00719,0.0074,MAS,2.920723226703757,100.0
standardized,ocbc,IDR,SGD,IDR/SGD,100,"SGD 40,000 – 100,000",tier_2,"SGD 40,000 – 100,000",std_40k_100k,fxRatesSgd,2026-09-17T07:00:15,2026-09-17T07:00:15,2026-09-17T17:10:42.761325+00:00,0.0074,0.0,0.00719,0.0074,MAS,2.920723226703757,100.0
standardized,ocbc,IDR,SGD,IDR/SGD,100,"SGD 0 – 39,999.99",tier_1,SGD 50 – 200,std_50_200,fxRatesSgd,2026-09-17T07:00:15,2026-09-17T07:00:15,2026-09-17T17:10:42.761325+00:00,0.0074,0.0,0.00719,0.0074,MAS,2.920723226703757,100.0
standardized,ocbc,IDR,SGD,IDR/SGD,100,"SGD 0 – 39,999.99",tier_1,SGD < 50,std_lt_50,fxRatesSgd,2026-09-17T07:00:15,2026-09-17T07:00:15,2026-09-17T17:10:42.761325+00:00,0.0074,0.0,0.00719,0.0074,MAS,2.920723226703757,100.0
standardized,ocbc,ILS,SGD,ILS/SGD,100,"SGD 0 – 39,999.99",tier_1,"SGD 200 – 39,999.99",std_200_40k,fxRatesSgd,2026-09-17T07:00:15,2026-09-17T07:00:15,2026-09-17T17:10:42.761325+00:00,0.0,0.0,,0.0,,,
standardized,ocbc,ILS,SGD,ILS/SGD,100,"SGD 40,000 – 100,000",tier_2,"SGD 40,000 – 100,000",std_40k_100k,fxRatesSgd,2026-09-17T07:00:15,2026-09-17T07:00:15,2026-09-17T17:10:42.761325+00:00,0.0,0.0,,0.0,,,
standardized,ocbc,ILS,SGD,ILS/SGD,100,"SGD 0 – 39,999.99",tier_1,SGD 50 – 200,std_50_200,fxRatesSgd,2026-09-17T07:00:15,2026-09-17T07:00:15,2026-09-17T17:10:42.761325+00:00,0.0,0.0,,0.0,,,
standardized,ocbc,ILS,SGD,ILS/SGD,100,"SGD 0 – 39,999.99",tier_1,SGD < 50,std_lt_50,fxRatesSgd,2026-09-17T07:00:15,2026-09-17T07:00:15,2026-09-17T17:10:42.761325+00:00,0.0,0.0,,0.0,,,
standardized,ocbc,INR,SGD,INR/SGD,100,"SGD 0 – 39,999.99",tier_1,"SGD 200 – 39,999.99",std_200_40k,fxRatesSgd,2026-09-17T07:00:15,2026-09-17T07:00:15,2026-09-17T17:10:42.761325+00:00,1.3695,0.0,1.329,1.3695,MAS,3.0474040632054162,100.0
standardized,ocbc,INR,SGD,INR/SGD,100,"SGD 40,000 – 100,000",tier_2,"SGD 40,000 – 100,000",std_40k_100k,fxRatesSgd,2026-09-17T07:00:15,2026-09-17T07:00:15,2026-09-17T17:10:42.761325+00:00,1.3669,0.0,1.329,1.3695,MAS,2.85176824680211,100.0
standardized,ocbc,INR,SGD,INR/SGD,100,"SGD 0 – 39,999.99",tier_1,SGD 50 – 200,std_50_200,fxRatesSgd,2026-09-17T07:00:15,2026-09-17T07:00:15,2026-09-17T17:10:42.761325+00:00,1.3695,0.0,1.329,1.3695,MAS,3.0474040632054162,100.0
standardized,ocbc,INR,SGD,INR/SGD,100,"SGD 0 – 39,999.99",tier_1,SGD < 50,std_lt_50,fxRatesSgd,2026-09-17T07:00:15,2026-09-17T07:00:15,2026-09-17T17:10:42.761325+00:00,1.3695,0.0,1.329,1.3695,MAS,3.0474040632054162,100.0
standardized,ocbc,JOD,SGD,JOD/SGD,1,"SGD 0 – 39,999.99",tier_1,"SGD 200 – 39,999.99",std_200_40k,fxRatesSgd,2026-09-17T07:00:15,2026-09-17T07:00:15,2026-09-17T17:10:42.761325+00:00,0.0,0.0,,0.0,,,
standardized,ocbc,JOD,SGD,JOD/SGD,1,"SGD 40,000 – 100,000",tier_2,"SGD 40,000 – 100,000",std_40k_100k,fxRatesSgd,2026-09-17T07:00:15,2026-09-17T07:00:15,2026-09-17T17:10:42.761325+00:00,0.0,0.0,,0.0,,,
standardized,ocbc,JOD,SGD,JOD/SGD,1,"SGD 0 – 39,999.99",tier_1,SGD 50 – 200,std_50_200,fxRatesSgd,2026-09-17T07:00:15,2026-09-17T07:00:15,2026-09-17T17:10:42.761325+00:00,0.0,0.0,,0.0,,,
standardized,ocbc,JOD,SGD,JOD/SGD,1,"SGD 0 – 39,999.99",tier_1,SGD < 50,std_lt_50,fxRatesSgd,2026-09-17T07:00:15,2026-09-17T07:00:15,2026-09-17T17:10:42.761325+00:00,0.0,0.0,,0.0,,,
standardized,ocbc,JPY,SGD,JPY/SGD,100,"SGD 0 – 39,999.99",tier_1,"SGD 200 – 39,999.99",std_200_40k,fxRatesSgd,2026-09-17T07:00:15,2026-09-17T07:00:15,2026-09-17T17:10:42.761325+00:00,0.8304,0.81,0.8177,0.8202,MAS,1.5531368472544997,0.9416656475479919
standardized,ocbc,JPY,SGD,JPY/SGD,100,"SGD 40,000 – 100,000",tier_2,"SGD 40,000 – 100,000",std_40k_100k,fxRatesSgd,2026-09-17T07:00:15,2026-09-17T07:00:15,2026-09-17T17:10:42.761325+00:00,0.8296,0.8114,0.8177,0.8202,MAS,1.455301455301458,0.7704537116301788
standardized,ocbc,JPY,SGD,JPY/SGD,100,"SGD 0 – 39,999.99",tier_1,SGD 50 – 200,std_50_200,fxRatesSgd,2026-09-17T07:00:15,2026-09-17T07:00:15,2026-09-17T17:10:42.761325+00:00,0.8304,0.81,0.8177,0.8202,MAS,1.5531368472544997,0.9416656475479919
standardized,ocbc,JPY,SGD,JPY/SGD,100,"SGD 0 – 39,999.99",tier_1,SGD < 50,std_lt_50,fxRatesSgd,2026-09-17T07:00:15,2026-09-17T07:00:15,2026-09-17T17:10:42.761325+00:00,0.8304,0.81,0.8177,0.8202,MAS,1.5531368472544997,0.9416656475479919
standardized,ocbc,KRW,SGD,KRW/SGD,100,"SGD 0 – 39,999.99",tier_1,"SGD 200 – 39,999.99",std_200_40k,fxRatesSgd,2026-09-17T07:00:15,2026-09-17T07:00:15,2026-09-17T17:10:42.761325+00:00,0.0,0.0,0.0925,0.0,MAS,-100.0,100.0
standardized,ocbc,KRW,SGD,KRW/SGD,100,"SGD 40,000 – 100,000",tier_2,"SGD 40,000 – 100,000",std_40k_100k,fxRatesSgd,2026-09-17T07:00:15,2026-09-17T07:00:15,2026-09-17T17:10:42.761325+00:00,0.0,0.0,0.0925,0.0,MAS,-100.0,100.0
standardized,ocbc,KRW,SGD,KRW/SGD,100,"SGD 0 – 39,999.99",tier_1,SGD 50 – 200,std_50_200,fxRatesSgd,2026-09-17T07:00:15,2026-09-17T07:00:15,2026-09-17T17:10:42.761325+00:00,0.0,0.0,0.0925,0.0,MAS,-100.0,100.0
standardized,ocbc,KRW,SGD,KRW/SGD,100,"SGD 0 – 39,999.99",tier_1,SGD < 50,std_lt_50,fxRatesSgd,2026-09-17T07:00:15,2026-09-17T07:00:15,2026-09-17T17:10:42.761325+00:00,0.0,0.0,0.0925,0.0,MAS,-100.0,100.0
standardized,ocbc,LKR,SGD,LKR/SGD,100,"SGD 0 – 39,999.99",tier_1,"SGD 200 – 39,999.99",std_200_40k,fxRatesSgd,2026-09-17T07:00:15,2026-09-17T07:00:15,2026-09-17T17:10:42.761325+00:00,0.3965,0.0,,0.3965,,,
standardized,ocbc,LKR,SGD,LKR/SGD,100,"SGD 40,000 – 100,000",tier_2,"SGD 40,000 – 100,000",std_40k_100k,fxRatesSgd,2026-09-17T07:00:15,2026-09-17T07:00:15,2026-09-17T17:10:42.761325+00:00,0.3958,0.0,,0.3965,,,
standardized,ocbc,LKR,SGD,LKR/SGD,100,"SGD 0 – 39,999.99",tier_1,SGD 50 – 200,std_50_200,fxRatesSgd,2026-09-17T07:00:15,2026-09-17T07:00:15,2026-09-17T17:10:42.761325+00:00,0.3965,0.0,,0.3965,,,
standardized,ocbc,LKR,SGD,LKR/SGD,100,"SGD 0 – 39,999.99",tier_1,SGD < 50,std_lt_50,fxRatesSgd,2026-09-17T07:00:15,2026-09-17T07:00:15,2026-09-17T17:10:42.761325+00:00,0.3965,0.0,,0.3965,,,
standardized,ocbc,MAD,SGD,MAD/SGD,100,"SGD 0 – 39,999.99",tier_1,"SGD 200 – 39,999.99",std_200_40k,fxRatesSgd,2026-09-17T07:00:15,2026-09-17T07:00:15,2026-09-17T17:10:42.761325+00:00,0.0,0.0,,0.0,,,
standardized,ocbc,MAD,SGD,MAD/SGD,100,"SGD 40,000 – 100,000",tier_2,"SGD 40,000 – 100,000",std_40k_100k,fxRatesSgd,2026-09-17T07:00:15,2026-09-17T07:00:15,2026-09-17T17:10:42.761325+00:00,0.0,0.0,,0.0,,,
standardized,ocbc,MAD,SGD,MAD/SGD,100,"SGD 0 – 39,999.99",tier_1,SGD 50 – 200,std_50_200,fxRatesSgd,2026-09-17T07:00:15,2026-09-17T07:00:15,2026-09-17T17:10:42.761325+00:00,0.0,0.0,,0.0,,,
standardized,ocbc,MAD,SGD,MAD/SGD,100,"SGD 0 – 39,999.99",tier_1,SGD < 50,std_lt_50,fxRatesSgd,2026-09-17T07:00:15,2026-09-17T07:00:15,2026-09-17T17:10:42.761325+00:00,0.0,0.0,,0.0,,,
standardized,ocbc,MXN,SGD,MXN/SGD,100,"SGD 0 – 39,999.99",tier_1,"SGD 200 – 39,999.99",std_200_40k,fxRatesSgd,2026-09-17T07:00:15,2026-09-17T07:00:15,2026-09-17T17:10:42.761325+00:00,7.6296,0.0,,7.6296,,,
standardized,ocbc,MXN,SGD,MXN/SGD,100,"SGD 40,000 – 100,000",tier_2,"SGD 40,000 – 100,000",std_40k_100k,fxRatesSgd,2026-09-17T07:00:15,2026-09-17T07:00:15,2026-09-17T17:10:42.761325+00:00,7.6281,0.0,,7.6296,,,
standardized,ocbc,MXN,SGD,MXN/SGD,100,"SGD 0 – 39,999.99",tier_1,SGD 50 – 200,std_50_200,fxRatesSgd,2026-09-17T07:00:15,2026-09-17T07:00:15,2026-09-17T17:10:42.761325+00:00,7.6296,0.0,,7.6296,,,
standardized,ocbc,MXN,SGD,MXN/SGD,100,"SGD 0 – 39,999.99",tier_1,SGD < 50,std_lt_50,fxRatesSgd,2026-09-17T07:00:15,2026-09-17T07:00:15,2026-09-17T17:10:42.761325+00:00,7.6296,0.0,,7.6296,,,
standardized,ocbc,MYR,SGD,MYR/SGD,100,"SGD 0 – 39,999.99",tier_1,"SGD 200 – 39,999.99",std_200_40k,fxRatesSgd,2026-09-17T07:00:15,2026-09-17T07:00:15,2026-09-17T17:10:42.761325+00:00,0.0,0.0,31.15,0.0,MAS,-100.0,100.0
standardized,ocbc,MYR,SGD,MYR/SGD,100,"SGD 40,000 – 100,000",tier_2,"SGD 40,000 – 100,000",std_40k_100k,fxRatesSgd,2026-09-17T07:00:15,2026-09-17T07:00:15,2026-09-17T17:10:42.761325+00:00,0.0,0.0,31.15,0.0,MAS,-100.0,100.0
standardized,ocbc,MYR,SGD,MYR/SGD,100,"SGD 0 – 39,999.99",tier_1,SGD 50 – 200,std_50_200,fxRatesSgd,2026-09-17T07:00:15,2026-09-17T07:00:15,2026-09-17T17:10:42.761325+00:00,0.0,0.0,31.15,0.0,MAS,-100.0,100.0
standardized,ocbc,MYR,SGD,MYR/SGD,100,"SGD 0 – 39,999.99",tier_1,SGD < 50,std_lt_50,fxRatesSgd,2026-09-17T07:00:15,2026-09-17T07:00:15,2026-09-17T17:10:42.761325+00:00,0.0,0.0,31.15,0.0,MAS,-100.0,100.0
standardized,ocbc,NOK,SGD,NOK/SGD,100,"SGD 0 – 39,999.99",tier_1,"SGD 200 – 39,999.99",std_200_40k,fxRatesSgd,2026-09-17T07:00:15,2026-09-17T07:00:15,2026-09-17T17:10:42.761325+00:00,13.7745,13.2829,,13.5287,,,
standardized,ocbc,NOK,SGD,NOK/SGD,100,"SGD 40,000 – 100,000",tier_2,"SGD 40,000 – 100,000",std_40k_100k,fxRatesSgd,2026-09-17T07:00:15,2026-09-17T07:00:15,2026-09-17T17:10:42.761325+00:00,13.7474,13.31,,13.5287,,,
standardized,ocbc,NOK,SGD,NOK/SGD,100,"SGD 0 – 39,999.99",tier_1,SGD 50 – 200,std_50_200,fxRatesSgd,2026-09-17T07:00:15,2026-09-17T07:00:15,2026-09-17T17:10:42.761325+00:00,13.7745,13.2829,,13.5287,,,
standardized,ocbc,NOK,SGD,NOK/SGD,100,"SGD 0 – 39,999.99",tier_1,SGD < 50,std_lt_50,fxRatesSgd,2026-09-17T07:00:15,2026-09-17T07:00:15,2026-09-17T17:10:42.761325+00:00,13.7745,13.2829,,13.5287,,,
standardized,ocbc,NZD,SGD,NZD/SGD,1,"SGD 0 – 39,999.99",tier_1,"SGD 200 – 39,999.99",std_200_40k,fxRatesSgd,2026-09-17T07:00:15,2026-09-17T07:00:15,2026-09-17T17:10:42.761325+00:00,0.7472,0.7219,0.7306999999999999,0.7346,MAS,2.2581086629259715,1.2043246202271685
standardized,ocbc,NZD,SGD,NZD/SGD,1,"SGD 40,000 – 100,000",tier_2,"SGD 40,000 – 100,000",std_40k_100k,fxRatesSgd,2026-09-17T07:00:15,2026-09-17T07:00:15,2026-09-17T17:10:42.761325+00:00,0.7454,0.7241,0.7306999999999999,0.7346,MAS,2.0117695360613177,0.9032434651703765
standardized,ocbc,NZD,SGD,NZD/SGD,1,"SGD 0 – 39,999.99",tier_1,SGD 50 – 200,std_50_200,fxRatesSgd,2026-09-17T07:00:15,2026-09-17T07:00:15,2026-09-17T17:10:42.761325+00:00,0.7472,0.7219,0.7306999999999999,0.7346,MAS,2.2581086629259715,1.2043246202271685
standardized,ocbc,NZD,SGD,NZD/SGD,1,"SGD 0 – 39,999.99",tier_1,SGD < 50,std_lt_50,fxRatesSgd,2026-09-17T07:00:15,2026-09-17T07:00:15,2026-09-17T17:10:42.761325+00:00,0.7472,0.7219,0.7306999999999999,0.7346,MAS,2.2581086629259715,1.2043246202271685
standardized,ocbc,OMR,SGD,OMR/SGD,1,"SGD 0 – 39,999.99",tier_1,"SGD 200 – 39,999.99",std_200_40k,fxRatesSgd,2026-09-17T07:00:15,2026-09-17T07:00:15,2026-09-17T17:10:42.761325+00:00,0.0,0.0,,0.0,,,
standardized,ocbc,OMR,SGD,OMR/SGD,1,"SGD 40,000 – 100,000",tier_2,"SGD 40,000 – 100,000",std_40k_100k,fxRatesSgd,2026-09-17T07:00:15,2026-09-17T07:00:15,2026-09-17T17:10:42.761325+00:00,0.0,0.0,,0.0,,,
standardized,ocbc,OMR,SGD,OMR/SGD,1,"SGD 0 – 39,999.99",tier_1,SGD 50 – 200,std_50_200,fxRatesSgd,2026-09-17T07:00:15,2026-09-17T07:00:15,2026-09-17T17:10:42.761325+00:00,0.0,0.0,,0.0,,,
standardized,ocbc,OMR,SGD,OMR/SGD,1,"SGD 0 – 39,999.99",tier_1,SGD < 50,std_lt_50,fxRatesSgd,2026-09-17T07:00:15,2026-09-17T07:00:15,2026-09-17T17:10:42.761325+00:00,0.0,0.0,,0.0,,,
standardized,ocbc,PHP,SGD,PHP/SGD,100,"SGD 0 – 39,999.99",tier_1,"SGD 200 – 39,999.99",std_200_40k,fxRatesSgd,2026-09-17T07:00:15,2026-09-17T07:00:15,2026-09-17T17:10:42.761325+00:00,2.0946,0.0,2.0333,2.0946,MAS,3.0148035213691875,100.0
standardized,ocbc,PHP,SGD,PHP/SGD,100,"SGD 40,000 – 100,000",tier_2,"SGD 40,000 – 100,000",std_40k_100k,fxRatesSgd,2026-09-17T07:00:15,2026-09-17T07:00:15,2026-09-17T17:10:42.761325+00:00,2.0936,0.0,2.0333,2.0946,MAS,2.9656223872522403,100.0
standardized,ocbc,PHP,SGD,PHP/SGD,100,"SGD 0 – 39,999.99",tier_1,SGD 50 – 200,std_50_200,fxRatesSgd,2026-09-17T07:00:15,2026-09-17T07:00:15,2026-09-17T17:10:42.761325+00:00,2.0946,0.0,2.0333,2.0946,MAS,3.0148035213691875,100.0
standardized,ocbc,PHP,SGD,PHP/SGD,100,"SGD 0 – 39,999.99",tier_1,SGD < 50,std_lt_50,fxRatesSgd,2026-09-17T07:00:15,2026-09-17T07:00:15,2026-09-17T17:10:42.761325+00:00,2.0946,0.0,2.0333,2.0946,MAS,3.0148035213691875,100.0
standardized,ocbc,PLN,SGD,PLN/SGD,100,"SGD 0 – 39,999.99",tier_1,"SGD 200 – 39,999.99",std_200_40k,fxRatesSgd,2026-09-17T07:00:15,2026-09-17T07:00:15,2026-09-17T17:10:42.761325+00:00,34.545,32.3799,,33.4625,,,
standardized,ocbc,PLN,SGD,PLN/SGD,100,"SGD 40,000 – 100,000",tier_2,"SGD 40,000 – 100,000",std_40k_100k,fxRatesSgd,2026-09-17T07:00:15,2026-09-17T07:00:15,2026-09-17T17:10:42.761325+00:00,34.528,32.4062,,33.4625,,,
standardized,ocbc,PLN,SGD,PLN/SGD,100,"SGD 0 – 39,999.99",tier_1,SGD 50 – 200,std_50_200,fxRatesSgd,2026-09-17T07:00:15,2026-09-17T07:00:15,2026-09-17T17:10:42.761325+00:00,34.545,32.3799,,33.4625,,,
standardized,ocbc,PLN,SGD,PLN/SGD,100,"SGD 0 – 39,999.99",tier_1,SGD < 50,std_lt_50,fxRatesSgd,2026-09-17T07:00:15,2026-09-17T07:00:15,2026-09-17T17:10:42.761325+00:00,34.545,32.3799,,33.4625,,,
standardized,ocbc,QAR,SGD,QAR/SGD,100,"SGD 0 – 39,999.99",tier_1,"SGD 200 – 39,999.99",std_200_40k,fxRatesSgd,2026-09-17T07:00:15,2026-09-17T07:00:15,2026-09-17T17:10:42.761325+00:00,36.0397,33.943,35.04,34.9914,MAS,2.853025114155263,3.130707762557081
standardized,ocbc,QAR,SGD,QAR/SGD,100,"SGD 40,000 – 100,000",tier_2,"SGD 40,000 – 100,000",std_40k_100k,fxRatesSgd,2026-09-17T07:00:15,2026-09-17T07:00:15,2026-09-17T17:10:42.761325+00:00,36.0184,33.9602,35.04,34.9914,MAS,2.792237442922376,3.0816210045662062
standardized,ocbc,QAR,SGD,QAR/SGD,100,"SGD 0 – 39,999.99",tier_1,SGD 50 – 200,std_50_200,fxRatesSgd,2026-09-17T07:00:15,2026-09-17T07:00:15,2026-09-17T17:10:42.761325+00:00,36.0397,33.943,35.04,34.9914,MAS,2.853025114155263,3.130707762557081
standardized,ocbc,QAR,SGD,QAR/SGD,100,"SGD 0 – 39,999.99",tier_1,SGD < 50,std_lt_50,fxRatesSgd,2026-09-17T07:00:15,2026-09-17T07:00:15,2026-09-17T17:10:42.761325+00:00,36.0397,33.943,35.04,34.9914,MAS,2.853025114155263,3.130707762557081
standardized,ocbc,RON,SGD,RON/SGD,100,"SGD 0 – 39,999.99",tier_1,"SGD 200 – 39,999.99",std_200_40k,fxRatesSgd,2026-09-17T07:00:15,2026-09-17T07:00:15,2026-09-17T17:10:42.761325+00:00,0.0,0.0,,0.0,,,
standardized,ocbc,RON,SGD,RON/SGD,100,"SGD 40,000 – 100,000",tier_2,"SGD 40,000 – 100,000",std_40k_100k,fxRatesSgd,2026-09-17T07:00:15,2026-09-17T07:00:15,2026-09-17T17:10:42.761325+00:00,0.0,0.0,,0.0,,,
standardized,ocbc,RON,SGD,RON/SGD,100,"SGD 0 – 39,999.99",tier_1,SGD 50 – 200,std_50_200,fxRatesSgd,2026-09-17T07:00:15,2026-09-17T07:00:15,2026-09-17T17:10:42.761325+00:00,0.0,0.0,,0.0,,,
standardized,ocbc,RON,SGD,RON/SGD,100,"SGD 0 – 39,999.99",tier_1,SGD < 50,std_lt_50,fxRatesSgd,2026-09-17T07:00:15,2026-09-17T07:00:15,2026-09-17T17:10:42.761325+00:00,0.0,0.0,,0.0,,,
standardized,ocbc,RUB,SGD,RUB/SGD,100,"SGD 0 – 39,999.99",tier_1,"SGD 200 – 39,999.99",std_200_40k,fxRatesSgd,2026-09-17T07:00:15,2026-09-17T07:00:15,2026-09-17T17:10:42.761325+00:00,0.0,0.0,,0.0,,,
standardized,ocbc,RUB,SGD,RUB/SGD,100,"SGD 40,000 – 100,000",tier_2,"SGD 40,000 – 100,000",std_40k_100k,fxRatesSgd,2026-09-17T07:00:15,2026-09-17T07:00:15,2026-09-17T17:10:42.761325+00:00,0.0,0.0,,0.0,,,
standardized,ocbc,RUB,SGD,RUB/SGD,100,"SGD 0 – 39,999.99",tier_1,SGD 50 – 200,std_50_200,fxRatesSgd,2026-09-17T07:00:15,2026-09-17T07:00:15,2026-09-17T17:10:42.761325+00:00,0.0,0.0,,0.0,,,
standardized,ocbc,RUB,SGD,RUB/SGD,100,"SGD 0 – 39,999.99",tier_1,SGD < 50,std_lt_50,fxRatesSgd,2026-09-17T07:00:15,2026-09-17T07:00:15,2026-09-17T17:10:42.761325+00:00,0.0,0.0,,0.0,,,
standardized,ocbc,SAR,SGD,SAR/SGD,100,"SGD 0 – 39,999.99",tier_1,"SGD 200 – 39,999.99",std_200_40k,fxRatesSgd,2026-09-17T07:00:15,2026-09-17T07:00:15,2026-09-17T17:10:42.761325+00:00,34.9163,32.9951,33.99,33.9557,MAS,2.7252132980288253,2.9270373639305713
standardized,ocbc,SAR,SGD,SAR/SGD,100,"SGD 40,000 – 100,000",tier_2,"SGD 40,000 – 100,000",std_40k_100k,fxRatesSgd,2026-09-17T07:00:15,2026-09-17T07:00:15,2026-09-17T17:10:42.761325+00:00,34.8991,33.0118,33.99,33.9557,MAS,2.674610179464534,2.8779052662547837
standardized,ocbc,SAR,SGD,SAR/SGD,100,"SGD 0 – 39,999.99",tier_1,SGD 50 – 200,std_50_200,fxRatesSgd,2026-09-17T07:00:15,2026-09-17T07:00:15,2026-09-17T17:10:42.761325+00:00,34.9163,32.9951,33.99,33.9557,MAS,2.7252132980288253,2.9270373639305713
standardized,ocbc,SAR,SGD,SAR/SGD,100,"SGD 0 – 39,999.99",tier_1,SGD < 50,std_lt_50,fxRatesSgd,2026-09-17T07:00:15,2026-09-17T07:00:15,2026-09-17T17:10:42.761325+00:00,34.9163,32.9951,33.99,33.9557,MAS,2.7252132980288253,2.9270373639305713
standardized,ocbc,SEK,SGD,SEK/SGD,100,"SGD 0 – 39,999.99",tier_1,"SGD 200 – 39,999.99",std_200_40k,fxRatesSgd,2026-09-17T07:00:15,2026-09-17T07:00:15,2026-09-17T17:10:42.761325+00:00,13.2169,12.7457,,12.9813,,,
standardized,ocbc,SEK,SGD,SEK/SGD,100,"SGD 40,000 – 100,000",tier_2,"SGD 40,000 – 100,000",std_40k_100k,fxRatesSgd,2026-09-17T07:00:15,2026-09-17T07:00:15,2026-09-17T17:10:42.761325+00:00,13.191,12.7717,,12.9813,,,
standardized,ocbc,SEK,SGD,SEK/SGD,100,"SGD 0 – 39,999.99",tier_1,SGD 50 – 200,std_50_200,fxRatesSgd,2026-09-17T07:00:15,2026-09-17T07:00:15,2026-09-17T17:10:42.761325+00:00,13.2169,12.7457,,12.9813,,,
standardized,ocbc,SEK,SGD,SEK/SGD,100,"SGD 0 – 39,999.99",tier_1,SGD < 50,std_lt_50,fxRatesSgd,2026-09-17T07:00:15,2026-09-17T07:00:15,2026-09-17T17:10:42.761325+00:00,13.2169,12.7457,,12.9813,,,
standardized,ocbc,THB,SGD,THB/SGD,100,"SGD 0 – 39,999.99",tier_1,"SGD 200 – 39,999.99",std_200_40k,fxRatesSgd,2026-09-17T07:00:15,2026-09-17T07:00:15,2026-09-17T17:10:42.761325+00:00,3.9333,3.7179,3.821,3.8256,MAS,2.9390211986390953,2.698246532321381
standardized,ocbc,THB,SGD,THB/SGD,100,"SGD 40,000 – 100,000",tier_2,"SGD 40,000 – 100,000",std_40k_100k,fxRatesSgd,2026-09-17T07:00:15,2026-09-17T07:00:15,2026-09-17T17:10:42.761325+00:00,3.9257,3.7256,3.821,3.8256,MAS,2.7401203873331537,2.496728605077209
standardized,ocbc,THB,SGD,THB/SGD,100,"SGD 0 – 39,999.99",tier_1,SGD 50 – 200,std_50_200,fxRatesSgd,2026-09-17T07:00:15,2026-09-17T07:00:15,2026-09-17T17:10:42.761325+00:00,3.9333,3.7179,3.821,3.8256,MAS,2.9390211986390953,2.698246532321381
standardized,ocbc,THB,SGD,THB/SGD,100,"SGD 0 – 39,999.99",tier_1,SGD < 50,std_lt_50,fxRatesSgd,2026-09-17T07:00:15,2026-09-17T07:00:15,2026-09-17T17:10:42.761325+00:00,3.9333,3.7179,3.821,3.8256,MAS,2.9390211986390953,2.698246532321381
standardized,ocbc,TRY,SGD,TRY/SGD,100,"SGD 0 – 39,999.99",tier_1,"SGD 200 – 39,999.99",std_200_40k,fxRatesSgd,2026-09-17T07:00:15,2026-09-17T07:00:15,2026-09-17T17:10:42.761325+00:00,2.6915,2.58,,2.6358,,,
standardized,ocbc,TRY,SGD,TRY/SGD,100,"SGD 40,000 – 100,000",tier_2,"SGD 40,000 – 100,000",std_40k_100k,fxRatesSgd,2026-09-17T07:00:15,2026-09-17T07:00:15,2026-09-17T17:10:42.761325+00:00,2.6902,2.5803,,2.6358,,,
standardized,ocbc,TRY,SGD,TRY/SGD,100,"SGD 0 – 39,999.99",tier_1,SGD 50 – 200,std_50_200,fxRatesSgd,2026-09-17T07:00:15,2026-09-17T07:00:15,2026-09-17T17:10:42.761325+00:00,2.6915,2.58,,2.6358,,,
standardized,ocbc,TRY,SGD,TRY/SGD,100,"SGD 0 – 39,999.99",tier_1,SGD < 50,std_lt_50,fxRatesSgd,2026-09-17T07:00:15,2026-09-17T07:00:15,2026-09-17T17:10:42.761325+00:00,2.6915,2.58,,2.6358,,,
standardized,ocbc,TWD,SGD,TWD/SGD,100,"SGD 0 – 39,999.99",tier_1,"SGD 200 – 39,999.99",std_200_40k,fxRatesSgd,2026-09-17T07:00:15,2026-09-17T07:00:15,2026-09-17T17:10:42.761325+00:00,4.1491,0.0,4.003,4.1491,MAS,3.649762677991498,100.0
standardized,ocbc,TWD,SGD,TWD/SGD,100,"SGD 40,000 – 100,000",tier_2,"SGD 40,000 – 100,000",std_40k_100k,fxRatesSgd,2026-09-17T07:00:15,2026-09-17T07:00:15,2026-09-17T17:10:42.761325+00:00,0.0,0.0,4.003,4.1491,MAS,-100.0,100.0
standardized,ocbc,TWD,SGD,TWD/SGD,100,"SGD 0 – 39,999.99",tier_1,SGD 50 – 200,std_50_200,fxRatesSgd,2026-09-17T07:00:15,2026-09-17T07:00:15,2026-09-17T17:10:42.761325+00:00,4.1491,0.0,4.003,4.1491,MAS,3.649762677991498,100.0
standardized,ocbc,TWD,SGD,TWD/SGD,100,"SGD 0 – 39,999.99",tier_1,SGD < 50,std_lt_50,fxRatesSgd,2026-09-17T07:00:15,2026-09-17T07:00:15,2026-09-17T17:10:42.761325+00:00,4.1491,0.0,4.003,4.1491,MAS,3.649762677991498,100.0
standardized,ocbc,USD,SGD,USD/SGD,1,"SGD 0 – 39,999.99",tier_1,"SGD 200 – 39,999.99",std_200_40k,fxRatesSgd,2026-09-17T07:00:15,2026-09-17T07:00:15,2026-09-17T17:10:42.761325+00:00,1.288,1.2637,1.2766,1.2759,MAS,0.8929970233432616,1.0104966316778876
standardized,ocbc,USD,SGD,USD/SGD,1,"SGD 40,000 – 100,000",tier_2,"SGD 40,000 – 100,000",std_40k_100k,fxRatesSgd,2026-09-17T07:00:15,2026-09-17T07:00:15,2026-09-17T17:10:42.761325+00:00,1.2867,1.266,1.2766,1.2759,MAS,0.791164029453235,0.8303305655647769
standardized,ocbc,USD,SGD,USD/SGD,1,"SGD 0 – 39,999.99",tier_1,SGD 50 – 200,std_50_200,fxRatesSgd,2026-09-17T07:00:15,2026-09-17T07:00:15,2026-09-17T17:10:42.761325+00:00,1.288,1.2637,1.2766,1.2759,MAS,0.8929970233432616,1.0104966316778876
standardized,ocbc,USD,SGD,USD/SGD,1,"SGD 0 – 39,999.99",tier_1,SGD < 50,std_lt_50,fxRatesSgd,2026-09-17T07:00:15,2026-09-17T07:00:15,2026-09-17T17:10:42.761325+00:00,1.288,1.2637,1.2766,1.2759,MAS,0.8929970233432616,1.0104966316778876
standardized,ocbc,ZAR,SGD,ZAR/SGD,100,"SGD 0 – 39,999.99",tier_1,"SGD 200 – 39,999.99",std_200_40k,fxRatesSgd,2026-09-17T07:00:15,2026-09-17T07:00:15,2026-09-17T17:10:42.761325+00:00,8.0708,7.5968,,7.8338,,,
standardized,ocbc,ZAR,SGD,ZAR/SGD,100,"SGD 40,000 – 100,000",tier_2,"SGD 40,000 – 100,000",std_40k_100k,fxRatesSgd,2026-09-17T07:00:15,2026-09-17T07:00:15,2026-09-17T17:10:42.761325+00:00,8.0669,7.6007,,7.8338,,,
standardized,ocbc,ZAR,SGD,ZAR/SGD,100,"SGD 0 – 39,999.99",tier_1,SGD 50 – 200,std_50_200,fxRatesSgd,2026-09-17T07:00:15,2026-09-17T07:00:15,2026-09-17T17:10:42.761325+00:00,8.0708,7.5968,,7.8338,,,
standardized,ocbc,ZAR,SGD,ZAR/SGD,100,"SGD 0 – 39,999.99",tier_1,SGD < 50,std_lt_50,fxRatesSgd,2026-09-17T07:00:15,2026-09-17T07:00:15,2026-09-17T17:10:42.761325+00:00,8.0708,7.5968,,7.8338,,,
standardized,uob,AED,SGD,AED/SGD,100,Indicative board,board,"SGD 200 – 39,999.99",std_200_40k,forex_sgd,17 September 2026 06:01:44 PM,17 September 2026 06:01:44 PM,2026-09-17T17:10:44.489719+00:00,35.6,33.9,34.76,34.75,MAS,2.416570771001161,2.4741081703107004
standardized,uob,AED,SGD,AED/SGD,100,Indicative board,board,"SGD 40,000 – 100,000",std_40k_100k,forex_sgd,17 September 2026 06:01:44 PM,17 September 2026 06:01:44 PM,2026-09-17T17:10:44.489719+00:00,35.6,33.9,34.76,34.75,MAS,2.416570771001161,2.4741081703107004
standardized,uob,AED,SGD,AED/SGD,100,Indicative board,board,SGD 50 – 200,std_50_200,forex_sgd,17 September 2026 06:01:44 PM,17 September 2026 06:01:44 PM,2026-09-17T17:10:44.489719+00:00,35.6,33.9,34.76,34.75,MAS,2.416570771001161,2.4741081703107004
standardized,uob,AED,SGD,AED/SGD,100,Indicative board,board,SGD < 50,std_lt_50,forex_sgd,17 September 2026 06:01:44 PM,17 September 2026 06:01:44 PM,2026-09-17T17:10:44.489719+00:00,35.6,33.9,34.76,34.75,MAS,2.416570771001161,2.4741081703107004
standardized,uob,AOA,SGD,AOA/SGD,100,Indicative board,board,"SGD 200 – 39,999.99",std_200_40k,forex_sgd,17 September 2026 06:01:44 PM,17 September 2026 06:01:44 PM,2026-09-17T17:10:44.489719+00:00,0.1436,,,,,,
standardized,uob,AOA,SGD,AOA/SGD,100,Indicative board,board,"SGD 40,000 – 100,000",std_40k_100k,forex_sgd,17 September 2026 06:01:44 PM,17 September 2026 06:01:44 PM,2026-09-17T17:10:44.489719+00:00,0.1436,,,,,,
standardized,uob,AOA,SGD,AOA/SGD,100,Indicative board,board,SGD 50 – 200,std_50_200,forex_sgd,17 September 2026 06:01:44 PM,17 September 2026 06:01:44 PM,2026-09-17T17:10:44.489719+00:00,0.1436,,,,,,
standardized,uob,AOA,SGD,AOA/SGD,100,Indicative board,board,SGD < 50,std_lt_50,forex_sgd,17 September 2026 06:01:44 PM,17 September 2026 06:01:44 PM,2026-09-17T17:10:44.489719+00:00,0.1436,,,,,,
standardized,uob,AUD,SGD,AUD/SGD,1,Indicative board,board,"SGD 200 – 39,999.99",std_200_40k,forex_sgd,17 September 2026 06:01:44 PM,17 September 2026 06:01:44 PM,2026-09-17T17:10:44.489719+00:00,0.9232,0.8922,0.907,0.9077,MAS,1.786108048511576,1.631753031973543
standardized,uob,AUD,SGD,AUD/SGD,1,Indicative board,board,"SGD 40,000 – 100,000",std_40k_100k,forex_sgd,17 September 2026 06:01:44 PM,17 September 2026 06:01:44 PM,2026-09-17T17:10:44.489719+00:00,0.9232,0.8922,0.907,0.9077,MAS,1.786108048511576,1.631753031973543
standardized,uob,AUD,SGD,AUD/SGD,1,Indicative board,board,SGD 50 – 200,std_50_200,forex_sgd,17 September 2026 06:01:44 PM,17 September 2026 06:01:44 PM,2026-09-17T17:10:44.489719+00:00,0.9232,0.8922,0.907,0.9077,MAS,1.786108048511576,1.631753031973543
standardized,uob,AUD,SGD,AUD/SGD,1,Indicative board,board,SGD < 50,std_lt_50,forex_sgd,17 September 2026 06:01:44 PM,17 September 2026 06:01:44 PM,2026-09-17T17:10:44.489719+00:00,0.9232,0.8922,0.907,0.9077,MAS,1.786108048511576,1.631753031973543
standardized,uob,BDT,SGD,BDT/SGD,100,Indicative board,board,"SGD 200 – 39,999.99",std_200_40k,forex_sgd,17 September 2026 06:01:44 PM,17 September 2026 06:01:44 PM,2026-09-17T17:10:44.489719+00:00,1.0683,,,,,,
standardized,uob,BDT,SGD,BDT/SGD,100,Indicative board,board,"SGD 40,000 – 100,000",std_40k_100k,forex_sgd,17 September 2026 06:01:44 PM,17 September 2026 06:01:44 PM,2026-09-17T17:10:44.489719+00:00,1.0683,,,,,,
standardized,uob,BDT,SGD,BDT/SGD,100,Indicative board,board,SGD 50 – 200,std_50_200,forex_sgd,17 September 2026 06:01:44 PM,17 September 2026 06:01:44 PM,2026-09-17T17:10:44.489719+00:00,1.0683,,,,,,
standardized,uob,BDT,SGD,BDT/SGD,100,Indicative board,board,SGD < 50,std_lt_50,forex_sgd,17 September 2026 06:01:44 PM,17 September 2026 06:01:44 PM,2026-09-17T17:10:44.489719+00:00,1.0683,,,,,,
standardized,uob,BND,SGD,BND/SGD,1,Indicative board,board,"SGD 200 – 39,999.99",std_200_40k,forex_sgd,17 September 2026 06:01:44 PM,17 September 2026 06:01:44 PM,2026-09-17T17:10:44.489719+00:00,1.0,1.0,,1.0,,,
standardized,uob,BND,SGD,BND/SGD,1,Indicative board,board,"SGD 40,000 – 100,000",std_40k_100k,forex_sgd,17 September 2026 06:01:44 PM,17 September 2026 06:01:44 PM,2026-09-17T17:10:44.489719+00:00,1.0,1.0,,1.0,,,
standardized,uob,BND,SGD,BND/SGD,1,Indicative board,board,SGD 50 – 200,std_50_200,forex_sgd,17 September 2026 06:01:44 PM,17 September 2026 06:01:44 PM,2026-09-17T17:10:44.489719+00:00,1.0,1.0,,1.0,,,
standardized,uob,BND,SGD,BND/SGD,1,Indicative board,board,SGD < 50,std_lt_50,forex_sgd,17 September 2026 06:01:44 PM,17 September 2026 06:01:44 PM,2026-09-17T17:10:44.489719+00:00,1.0,1.0,,1.0,,,
standardized,uob,CAD,SGD,CAD/SGD,1,Indicative board,board,"SGD 200 – 39,999.99",std_200_40k,forex_sgd,17 September 2026 06:01:44 PM,17 September 2026 06:01:44 PM,2026-09-17T17:10:44.489719+00:00,0.9221,0.9021,0.9124,0.9121,MAS,1.0631302060499825,1.1288908373520359
standardized,uob,CAD,SGD,CAD/SGD,1,Indicative board,board,"SGD 40,000 – 100,000",std_40k_100k,forex_sgd,17 September 2026 06:01:44 PM,17 September 2026 06:01:44 PM,2026-09-17T17:10:44.489719+00:00,0.9221,0.9021,0.9124,0.9121,MAS,1.0631302060499825,1.1288908373520359
standardized,uob,CAD,SGD,CAD/SGD,1,Indicative board,board,SGD 50 – 200,std_50_200,forex_sgd,17 September 2026 06:01:44 PM,17 September 2026 06:01:44 PM,2026-09-17T17:10:44.489719+00:00,0.9221,0.9021,0.9124,0.9121,MAS,1.0631302060499825,1.1288908373520359
standardized,uob,CAD,SGD,CAD/SGD,1,Indicative board,board,SGD < 50,std_lt_50,forex_sgd,17 September 2026 06:01:44 PM,17 September 2026 06:01:44 PM,2026-09-17T17:10:44.489719+00:00,0.9221,0.9021,0.9124,0.9121,MAS,1.0631302060499825,1.1288908373520359
standardized,uob,CHF,SGD,CHF/SGD,100,Indicative board,board,"SGD 200 – 39,999.99",std_200_40k,forex_sgd,17 September 2026 06:01:44 PM,17 September 2026 06:01:44 PM,2026-09-17T17:10:44.489719+00:00,156.19,152.89,154.6,154.54,MAS,1.0284605433376477,1.106080206985775
standardized,uob,CHF,SGD,CHF/SGD,100,Indicative board,board,"SGD 40,000 – 100,000",std_40k_100k,forex_sgd,17 September 2026 06:01:44 PM,17 September 2026 06:01:44 PM,2026-09-17T17:10:44.489719+00:00,156.19,152.89,154.6,154.54,MAS,1.0284605433376477,1.106080206985775
standardized,uob,CHF,SGD,CHF/SGD,100,Indicative board,board,SGD 50 – 200,std_50_200,forex_sgd,17 September 2026 06:01:44 PM,17 September 2026 06:01:44 PM,2026-09-17T17:10:44.489719+00:00,156.19,152.89,154.6,154.54,MAS,1.0284605433376477,1.106080206985775
standardized,uob,CHF,SGD,CHF/SGD,100,Indicative board,board,SGD < 50,std_lt_50,forex_sgd,17 September 2026 06:01:44 PM,17 September 2026 06:01:44 PM,2026-09-17T17:10:44.489719+00:00,156.19,152.89,154.6,154.54,MAS,1.0284605433376477,1.106080206985775
standardized,uob,CNH,SGD,CNH/SGD,100,Indicative board,board,"SGD 200 – 39,999.99",std_200_40k,forex_sgd,17 September 2026 06:01:44 PM,17 September 2026 06:01:44 PM,2026-09-17T17:10:44.489719+00:00,19.25,18.79,,19.02,,,
standardized,uob,CNH,SGD,CNH/SGD,100,Indicative board,board,"SGD 40,000 – 100,000",std_40k_100k,forex_sgd,17 September 2026 06:01:44 PM,17 September 2026 06:01:44 PM,2026-09-17T17:10:44.489719+00:00,19.25,18.79,,19.02,,,
standardized,uob,CNH,SGD,CNH/SGD,100,Indicative board,board,SGD 50 – 200,std_50_200,forex_sgd,17 September 2026 06:01:44 PM,17 September 2026 06:01:44 PM,2026-09-17T17:10:44.489719+00:00,19.25,18.79,,19.02,,,
standardized,uob,CNH,SGD,CNH/SGD,100,Indicative board,board,SGD < 50,std_lt_50,forex_sgd,17 September 2026 06:01:44 PM,17 September 2026 06:01:44 PM,2026-09-17T17:10:44.489719+00:00,19.25,18.79,,19.02,,,
standardized,uob,DKK,SGD,DKK/SGD,100,Indicative board,board,"SGD 200 – 39,999.99",std_200_40k,forex_sgd,17 September 2026 06:01:44 PM,17 September 2026 06:01:44 PM,2026-09-17T17:10:44.489719+00:00,19.94,19.24,,19.59,,,
standardized,uob,DKK,SGD,DKK/SGD,100,Indicative board,board,"SGD 40,000 – 100,000",std_40k_100k,forex_sgd,17 September 2026 06:01:44 PM,17 September 2026 06:01:44 PM,2026-09-17T17:10:44.489719+00:00,19.94,19.24,,19.59,,,
standardized,uob,DKK,SGD,DKK/SGD,100,Indicative board,board,SGD 50 – 200,std_50_200,forex_sgd,17 September 2026 06:01:44 PM,17 September 2026 06:01:44 PM,2026-09-17T17:10:44.489719+00:00,19.94,19.24,,19.59,,,
standardized,uob,DKK,SGD,DKK/SGD,100,Indicative board,board,SGD < 50,std_lt_50,forex_sgd,17 September 2026 06:01:44 PM,17 September 2026 06:01:44 PM,2026-09-17T17:10:44.489719+00:00,19.94,19.24,,19.59,,,
standardized,uob,EGP,SGD,EGP/SGD,100,Indicative board,board,"SGD 200 – 39,999.99",std_200_40k,forex_sgd,17 September 2026 06:01:44 PM,17 September 2026 06:01:44 PM,2026-09-17T17:10:44.489719+00:00,2.5144,,,,,,
standardized,uob,EGP,SGD,EGP/SGD,100,Indicative board,board,"SGD 40,000 – 100,000",std_40k_100k,forex_sgd,17 September 2026 06:01:44 PM,17 September 2026 06:01:44 PM,2026-09-17T17:10:44.489719+00:00,2.5144,,,,,,
standardized,uob,EGP,SGD,EGP/SGD,100,Indicative board,board,SGD 50 – 200,std_50_200,forex_sgd,17 September 2026 06:01:44 PM,17 September 2026 06:01:44 PM,2026-09-17T17:10:44.489719+00:00,2.5144,,,,,,
standardized,uob,EGP,SGD,EGP/SGD,100,Indicative board,board,SGD < 50,std_lt_50,forex_sgd,17 September 2026 06:01:44 PM,17 September 2026 06:01:44 PM,2026-09-17T17:10:44.489719+00:00,2.5144,,,,,,
standardized,uob,EUR,SGD,EUR/SGD,1,Indicative board,board,"SGD 200 – 39,999.99",std_200_40k,forex_sgd,17 September 2026 06:01:44 PM,17 September 2026 06:01:44 PM,2026-09-17T17:10:44.489719+00:00,1.4833,1.4453,1.463,1.4643000000000002,MAS,1.387559808612439,1.2098427887901604
standardized,uob,EUR,SGD,EUR/SGD,1,Indicative board,board,"SGD 40,000 – 100,000",std_40k_100k,forex_sgd,17 September 2026 06:01:44 PM,17 September 2026 06:01:44 PM,2026-09-17T17:10:44.489719+00:00,1.4833,1.4453,1.463,1.4643000000000002,MAS,1.387559808612439,1.2098427887901604
standardized,uob,EUR,SGD,EUR/SGD,1,Indicative board,board,SGD 50 – 200,std_50_200,forex_sgd,17 September 2026 06:01:44 PM,17 September 2026 06:01:44 PM,2026-09-17T17:10:44.489719+00:00,1.4833,1.4453,1.463,1.4643000000000002,MAS,1.387559808612439,1.2098427887901604
standardized,uob,EUR,SGD,EUR/SGD,1,Indicative board,board,SGD < 50,std_lt_50,forex_sgd,17 September 2026 06:01:44 PM,17 September 2026 06:01:44 PM,2026-09-17T17:10:44.489719+00:00,1.4833,1.4453,1.463,1.4643000000000002,MAS,1.387559808612439,1.2098427887901604
standardized,uob,GBP,SGD,GBP/SGD,1,Indicative board,board,"SGD 200 – 39,999.99",std_200_40k,forex_sgd,17 September 2026 06:01:44 PM,17 September 2026 06:01:44 PM,2026-09-17T17:10:44.489719+00:00,1.732,1.687,1.7073,1.7095,MAS,1.4467287530018125,1.1890118901189004
standardized,uob,GBP,SGD,GBP/SGD,1,Indicative board,board,"SGD 40,000 – 100,000",std_40k_100k,forex_sgd,17 September 2026 06:01:44 PM,17 September 2026 06:01:44 PM,2026-09-17T17:10:44.489719+00:00,1.732,1.687,1.7073,1.7095,MAS,1.4467287530018125,1.1890118901189004
standardized,uob,GBP,SGD,GBP/SGD,1,Indicative board,board,SGD 50 – 200,std_50_200,forex_sgd,17 September 2026 06:01:44 PM,17 September 2026 06:01:44 PM,2026-09-17T17:10:44.489719+00:00,1.732,1.687,1.7073,1.7095,MAS,1.4467287530018125,1.1890118901189004
standardized,uob,GBP,SGD,GBP/SGD,1,Indicative board,board,SGD < 50,std_lt_50,forex_sgd,17 September 2026 06:01:44 PM,17 September 2026 06:01:44 PM,2026-09-17T17:10:44.489719+00:00,1.732,1.687,1.7073,1.7095,MAS,1.4467287530018125,1.1890118901189004
standardized,uob,HKD,SGD,HKD/SGD,100,Indicative board,board,"SGD 200 – 39,999.99",std_200_40k,forex_sgd,17 September 2026 06:01:44 PM,17 September 2026 06:01:44 PM,2026-09-17T17:10:44.489719+00:00,16.449,16.091,16.27,16.270000000000003,MAS,1.1001843884450033,1.1001843884449816
standardized,uob,HKD,SGD,HKD/SGD,100,Indicative board,board,"SGD 40,000 – 100,000",std_40k_100k,forex_sgd,17 September 2026 06:01:44 PM,17 September 2026 06:01:44 PM,2026-09-17T17:10:44.489719+00:00,16.449,16.091,16.27,16.270000000000003,MAS,1.1001843884450033,1.1001843884449816
standardized,uob,HKD,SGD,HKD/SGD,100,Indicative board,board,SGD 50 – 200,std_50_200,forex_sgd,17 September 2026 06:01:44 PM,17 September 2026 06:01:44 PM,2026-09-17T17:10:44.489719+00:00,16.449,16.091,16.27,16.270000000000003,MAS,1.1001843884450033,1.1001843884449816
standardized,uob,HKD,SGD,HKD/SGD,100,Indicative board,board,SGD < 50,std_lt_50,forex_sgd,17 September 2026 06:01:44 PM,17 September 2026 06:01:44 PM,2026-09-17T17:10:44.489719+00:00,16.449,16.091,16.27,16.270000000000003,MAS,1.1001843884450033,1.1001843884449816
standardized,uob,INR,SGD,INR/SGD,100,Indicative board,board,"SGD 200 – 39,999.99",std_200_40k,forex_sgd,17 September 2026 06:01:44 PM,17 September 2026 06:01:44 PM,2026-09-17T17:10:44.489719+00:00,1.3671,,1.329,,MAS,2.8668171557562094,
standardized,uob,INR,SGD,INR/SGD,100,Indicative board,board,"SGD 40,000 – 100,000",std_40k_100k,forex_sgd,17 September 2026 06:01:44 PM,17 September 2026 06:01:44 PM,2026-09-17T17:10:44.489719+00:00,1.3671,,1.329,,MAS,2.8668171557562094,
standardized,uob,INR,SGD,INR/SGD,100,Indicative board,board,SGD 50 – 200,std_50_200,forex_sgd,17 September 2026 06:01:44 PM,17 September 2026 06:01:44 PM,2026-09-17T17:10:44.489719+00:00,1.3671,,1.329,,MAS,2.8668171557562094,
standardized,uob,INR,SGD,INR/SGD,100,Indicative board,board,SGD < 50,std_lt_50,forex_sgd,17 September 2026 06:01:44 PM,17 September 2026 06:01:44 PM,2026-09-17T17:10:44.489719+00:00,1.3671,,1.329,,MAS,2.8668171557562094,
standardized,uob,JPY,SGD,JPY/SGD,100,Indicative board,board,"SGD 200 – 39,999.99",std_200_40k,forex_sgd,17 September 2026 06:01:44 PM,17 September 2026 06:01:44 PM,2026-09-17T17:10:44.489719+00:00,0.8366,0.8026,0.8177,0.8196,MAS,2.31136113489055,1.8466430231136117
standardized,uob,JPY,SGD,JPY/SGD,100,Indicative board,board,"SGD 40,000 – 100,000",std_40k_100k,forex_sgd,17 September 2026 06:01:44 PM,17 September 2026 06:01:44 PM,2026-09-17T17:10:44.489719+00:00,0.8366,0.8026,0.8177,0.8196,MAS,2.31136113489055,1.8466430231136117
standardized,uob,JPY,SGD,JPY/SGD,100,Indicative board,board,SGD 50 – 200,std_50_200,forex_sgd,17 September 2026 06:01:44 PM,17 September 2026 06:01:44 PM,2026-09-17T17:10:44.489719+00:00,0.8366,0.8026,0.8177,0.8196,MAS,2.31136113489055,1.8466430231136117
standardized,uob,JPY,SGD,JPY/SGD,100,Indicative board,board,SGD < 50,std_lt_50,forex_sgd,17 September 2026 06:01:44 PM,17 September 2026 06:01:44 PM,2026-09-17T17:10:44.489719+00:00,0.8366,0.8026,0.8177,0.8196,MAS,2.31136113489055,1.8466430231136117
standardized,uob,KRW,SGD,KRW/SGD,1000,Indicative board,board,"SGD 200 – 39,999.99",std_200_40k,forex_sgd,17 September 2026 06:01:44 PM,17 September 2026 06:01:44 PM,2026-09-17T17:10:44.489719+00:00,0.9413,,0.925,,MAS,1.7621621621621602,
standardized,uob,KRW,SGD,KRW/SGD,1000,Indicative board,board,"SGD 40,000 – 100,000",std_40k_100k,forex_sgd,17 September 2026 06:01:44 PM,17 September 2026 06:01:44 PM,2026-09-17T17:10:44.489719+00:00,0.9413,,0.925,,MAS,1.7621621621621602,
standardized,uob,KRW,SGD,KRW/SGD,1000,Indicative board,board,SGD 50 – 200,std_50_200,forex_sgd,17 September 2026 06:01:44 PM,17 September 2026 06:01:44 PM,2026-09-17T17:10:44.489719+00:00,0.9413,,0.925,,MAS,1.7621621621621602,
standardized,uob,KRW,SGD,KRW/SGD,1000,Indicative board,board,SGD < 50,std_lt_50,forex_sgd,17 September 2026 06:01:44 PM,17 September 2026 06:01:44 PM,2026-09-17T17:10:44.489719+00:00,0.9413,,0.925,,MAS,1.7621621621621602,
standardized,uob,KWD,SGD,KWD/SGD,1,Indicative board,board,"SGD 200 – 39,999.99",std_200_40k,forex_sgd,17 September 2026 06:01:44 PM,17 September 2026 06:01:44 PM,2026-09-17T17:10:44.489719+00:00,4.1986,,,,,,
standardized,uob,KWD,SGD,KWD/SGD,1,Indicative board,board,"SGD 40,000 – 100,000",std_40k_100k,forex_sgd,17 September 2026 06:01:44 PM,17 September 2026 06:01:44 PM,2026-09-17T17:10:44.489719+00:00,4.1986,,,,,,
standardized,uob,KWD,SGD,KWD/SGD,1,Indicative board,board,SGD 50 – 200,std_50_200,forex_sgd,17 September 2026 06:01:44 PM,17 September 2026 06:01:44 PM,2026-09-17T17:10:44.489719+00:00,4.1986,,,,,,
standardized,uob,KWD,SGD,KWD/SGD,1,Indicative board,board,SGD < 50,std_lt_50,forex_sgd,17 September 2026 06:01:44 PM,17 September 2026 06:01:44 PM,2026-09-17T17:10:44.489719+00:00,4.1986,,,,,,
standardized,uob,LKR,SGD,LKR/SGD,100,Indicative board,board,"SGD 200 – 39,999.99",std_200_40k,forex_sgd,17 September 2026 06:01:44 PM,17 September 2026 06:01:44 PM,2026-09-17T17:10:44.489719+00:00,0.3913,,,,,,
standardized,uob,LKR,SGD,LKR/SGD,100,Indicative board,board,"SGD 40,000 – 100,000",std_40k_100k,forex_sgd,17 September 2026 06:01:44 PM,17 September 2026 06:01:44 PM,2026-09-17T17:10:44.489719+00:00,0.3913,,,,,,
standardized,uob,LKR,SGD,LKR/SGD,100,Indicative board,board,SGD 50 – 200,std_50_200,forex_sgd,17 September 2026 06:01:44 PM,17 September 2026 06:01:44 PM,2026-09-17T17:10:44.489719+00:00,0.3913,,,,,,
standardized,uob,LKR,SGD,LKR/SGD,100,Indicative board,board,SGD < 50,std_lt_50,forex_sgd,17 September 2026 06:01:44 PM,17 September 2026 06:01:44 PM,2026-09-17T17:10:44.489719+00:00,0.3913,,,,,,
standardized,uob,MXN,SGD,MXN/SGD,100,Indicative board,board,"SGD 200 – 39,999.99",std_200_40k,forex_sgd,17 September 2026 06:01:44 PM,17 September 2026 06:01:44 PM,2026-09-17T17:10:44.489719+00:00,7.4779,,,,,,
standardized,uob,MXN,SGD,MXN/SGD,100,Indicative board,board,"SGD 40,000 – 100,000",std_40k_100k,forex_sgd,17 September 2026 06:01:44 PM,17 September 2026 06:01:44 PM,2026-09-17T17:10:44.489719+00:00,7.4779,,,,,,
standardized,uob,MXN,SGD,MXN/SGD,100,Indicative board,board,SGD 50 – 200,std_50_200,forex_sgd,17 September 2026 06:01:44 PM,17 September 2026 06:01:44 PM,2026-09-17T17:10:44.489719+00:00,7.4779,,,,,,
standardized,uob,MXN,SGD,MXN/SGD,100,Indicative board,board,SGD < 50,std_lt_50,forex_sgd,17 September 2026 06:01:44 PM,17 September 2026 06:01:44 PM,2026-09-17T17:10:44.489719+00:00,7.4779,,,,,,
standardized,uob,MYR,SGD,MYR/SGD,100,Indicative board,board,"SGD 200 – 39,999.99",std_200_40k,forex_sgd,17 September 2026 06:01:44 PM,17 September 2026 06:01:44 PM,2026-09-17T17:10:44.489719+00:00,31.6556,,31.15,,MAS,1.623113964687002,
standardized,uob,MYR,SGD,MYR/SGD,100,Indicative board,board,"SGD 40,000 – 100,000",std_40k_100k,forex_sgd,17 September 2026 06:01:44 PM,17 September 2026 06:01:44 PM,2026-09-17T17:10:44.489719+00:00,31.6556,,31.15,,MAS,1.623113964687002,
standardized,uob,MYR,SGD,MYR/SGD,100,Indicative board,board,SGD 50 – 200,std_50_200,forex_sgd,17 September 2026 06:01:44 PM,17 September 2026 06:01:44 PM,2026-09-17T17:10:44.489719+00:00,31.6556,,31.15,,MAS,1.623113964687002,
standardized,uob,MYR,SGD,MYR/SGD,100,Indicative board,board,SGD < 50,std_lt_50,forex_sgd,17 September 2026 06:01:44 PM,17 September 2026 06:01:44 PM,2026-09-17T17:10:44.489719+00:00,31.6556,,31.15,,MAS,1.623113964687002,
standardized,uob,NOK,SGD,NOK/SGD,100,Indicative board,board,"SGD 200 – 39,999.99",std_200_40k,forex_sgd,17 September 2026 06:01:44 PM,17 September 2026 06:01:44 PM,2026-09-17T17:10:44.489719+00:00,13.76,13.32,,13.54,,,
standardized,uob,NOK,SGD,NOK/SGD,100,Indicative board,board,"SGD 40,000 – 100,000",std_40k_100k,forex_sgd,17 September 2026 06:01:44 PM,17 September 2026 06:01:44 PM,2026-09-17T17:10:44.489719+00:00,13.76,13.32,,13.54,,,
standardized,uob,NOK,SGD,NOK/SGD,100,Indicative board,board,SGD 50 – 200,std_50_200,forex_sgd,17 September 2026 06:01:44 PM,17 September 2026 06:01:44 PM,2026-09-17T17:10:44.489719+00:00,13.76,13.32,,13.54,,,
standardized,uob,NOK,SGD,NOK/SGD,100,Indicative board,board,SGD < 50,std_lt_50,forex_sgd,17 September 2026 06:01:44 PM,17 September 2026 06:01:44 PM,2026-09-17T17:10:44.489719+00:00,13.76,13.32,,13.54,,,
standardized,uob,NZD,SGD,NZD/SGD,1,Indicative board,board,"SGD 200 – 39,999.99",std_200_40k,forex_sgd,17 September 2026 06:01:44 PM,17 September 2026 06:01:44 PM,2026-09-17T17:10:44.489719+00:00,0.7417,0.7217,0.7306999999999999,0.7317,MAS,1.5054057752839909,1.2316956343232377
standardized,uob,NZD,SGD,NZD/SGD,1,Indicative board,board,"SGD 40,000 – 100,000",std_40k_100k,forex_sgd,17 September 2026 06:01:44 PM,17 September 2026 06:01:44 PM,2026-09-17T17:10:44.489719+00:00,0.7417,0.7217,0.7306999999999999,0.7317,MAS,1.5054057752839909,1.2316956343232377
standardized,uob,NZD,SGD,NZD/SGD,1,Indicative board,board,SGD 50 – 200,std_50_200,forex_sgd,17 September 2026 06:01:44 PM,17 September 2026 06:01:44 PM,2026-09-17T17:10:44.489719+00:00,0.7417,0.7217,0.7306999999999999,0.7317,MAS,1.5054057752839909,1.2316956343232377
standardized,uob,NZD,SGD,NZD/SGD,1,Indicative board,board,SGD < 50,std_lt_50,forex_sgd,17 September 2026 06:01:44 PM,17 September 2026 06:01:44 PM,2026-09-17T17:10:44.489719+00:00,0.7417,0.7217,0.7306999999999999,0.7317,MAS,1.5054057752839909,1.2316956343232377
standardized,uob,PHP,SGD,PHP/SGD,100,Indicative board,board,"SGD 200 – 39,999.99",std_200_40k,forex_sgd,17 September 2026 06:01:44 PM,17 September 2026 06:01:44 PM,2026-09-17T17:10:44.489719+00:00,2.0818,,2.0333,,MAS,2.385285004672196,
standardized,uob,PHP,SGD,PHP/SGD,100,Indicative board,board,"SGD 40,000 – 100,000",std_40k_100k,forex_sgd,17 September 2026 06:01:44 PM,17 September 2026 06:01:44 PM,2026-09-17T17:10:44.489719+00:00,2.0818,,2.0333,,MAS,2.385285004672196,
standardized,uob,PHP,SGD,PHP/SGD,100,Indicative board,board,SGD 50 – 200,std_50_200,forex_sgd,17 September 2026 06:01:44 PM,17 September 2026 06:01:44 PM,2026-09-17T17:10:44.489719+00:00,2.0818,,2.0333,,MAS,2.385285004672196,
standardized,uob,PHP,SGD,PHP/SGD,100,Indicative board,board,SGD < 50,std_lt_50,forex_sgd,17 September 2026 06:01:44 PM,17 September 2026 06:01:44 PM,2026-09-17T17:10:44.489719+00:00,2.0818,,2.0333,,MAS,2.385285004672196,
standardized,uob,PKR,SGD,PKR/SGD,100,Indicative board,board,"SGD 200 – 39,999.99",std_200_40k,forex_sgd,17 September 2026 06:01:44 PM,17 September 2026 06:01:44 PM,2026-09-17T17:10:44.489719+00:00,0.4671,,,,,,
standardized,uob,PKR,SGD,PKR/SGD,100,Indicative board,board,"SGD 40,000 – 100,000",std_40k_100k,forex_sgd,17 September 2026 06:01:44 PM,17 September 2026 06:01:44 PM,2026-09-17T17:10:44.489719+00:00,0.4671,,,,,,
standardized,uob,PKR,SGD,PKR/SGD,100,Indicative board,board,SGD 50 – 200,std_50_200,forex_sgd,17 September 2026 06:01:44 PM,17 September 2026 06:01:44 PM,2026-09-17T17:10:44.489719+00:00,0.4671,,,,,,
standardized,uob,PKR,SGD,PKR/SGD,100,Indicative board,board,SGD < 50,std_lt_50,forex_sgd,17 September 2026 06:01:44 PM,17 September 2026 06:01:44 PM,2026-09-17T17:10:44.489719+00:00,0.4671,,,,,,
standardized,uob,SAR,SGD,SAR/SGD,100,Indicative board,board,"SGD 200 – 39,999.99",std_200_40k,forex_sgd,17 September 2026 06:01:44 PM,17 September 2026 06:01:44 PM,2026-09-17T17:10:44.489719+00:00,,,33.99,,MAS,,
standardized,uob,SAR,SGD,SAR/SGD,100,Indicative board,board,"SGD 40,000 – 100,000",std_40k_100k,forex_sgd,17 September 2026 06:01:44 PM,17 September 2026 06:01:44 PM,2026-09-17T17:10:44.489719+00:00,,,33.99,,MAS,,
standardized,uob,SAR,SGD,SAR/SGD,100,Indicative board,board,SGD 50 – 200,std_50_200,forex_sgd,17 September 2026 06:01:44 PM,17 September 2026 06:01:44 PM,2026-09-17T17:10:44.489719+00:00,,,33.99,,MAS,,
standardized,uob,SAR,SGD,SAR/SGD,100,Indicative board,board,SGD < 50,std_lt_50,forex_sgd,17 September 2026 06:01:44 PM,17 September 2026 06:01:44 PM,2026-09-17T17:10:44.489719+00:00,,,33.99,,MAS,,
standardized,uob,SEK,SGD,SEK/SGD,100,Indicative board,board,"SGD 200 – 39,999.99",std_200_40k,forex_sgd,17 September 2026 06:01:44 PM,17 September 2026 06:01:44 PM,2026-09-17T17:10:44.489719+00:00,13.23,12.75,,12.99,,,
standardized,uob,SEK,SGD,SEK/SGD,100,Indicative board,board,"SGD 40,000 – 100,000",std_40k_100k,forex_sgd,17 September 2026 06:01:44 PM,17 September 2026 06:01:44 PM,2026-09-17T17:10:44.489719+00:00,13.23,12.75,,12.99,,,
standardized,uob,SEK,SGD,SEK/SGD,100,Indicative board,board,SGD 50 – 200,std_50_200,forex_sgd,17 September 2026 06:01:44 PM,17 September 2026 06:01:44 PM,2026-09-17T17:10:44.489719+00:00,13.23,12.75,,12.99,,,
standardized,uob,SEK,SGD,SEK/SGD,100,Indicative board,board,SGD < 50,std_lt_50,forex_sgd,17 September 2026 06:01:44 PM,17 September 2026 06:01:44 PM,2026-09-17T17:10:44.489719+00:00,13.23,12.75,,12.99,,,
standardized,uob,THB,SGD,THB/SGD,100,Indicative board,board,"SGD 200 – 39,999.99",std_200_40k,forex_sgd,17 September 2026 06:01:44 PM,17 September 2026 06:01:44 PM,2026-09-17T17:10:44.489719+00:00,3.93,3.73,3.821,3.83,MAS,2.852656372677309,2.381575503794823
standardized,uob,THB,SGD,THB/SGD,100,Indicative board,board,"SGD 40,000 – 100,000",std_40k_100k,forex_sgd,17 September 2026 06:01:44 PM,17 September 2026 06:01:44 PM,2026-09-17T17:10:44.489719+00:00,3.93,3.73,3.821,3.83,MAS,2.852656372677309,2.381575503794823
standardized,uob,THB,SGD,THB/SGD,100,Indicative board,board,SGD 50 – 200,std_50_200,forex_sgd,17 September 2026 06:01:44 PM,17 September 2026 06:01:44 PM,2026-09-17T17:10:44.489719+00:00,3.93,3.73,3.821,3.83,MAS,2.852656372677309,2.381575503794823
standardized,uob,THB,SGD,THB/SGD,100,Indicative board,board,SGD < 50,std_lt_50,forex_sgd,17 September 2026 06:01:44 PM,17 September 2026 06:01:44 PM,2026-09-17T17:10:44.489719+00:00,3.93,3.73,3.821,3.83,MAS,2.852656372677309,2.381575503794823
standardized,uob,TWD,SGD,TWD/SGD,100,Indicative board,board,"SGD 200 – 39,999.99",std_200_40k,forex_sgd,17 September 2026 06:01:44 PM,17 September 2026 06:01:44 PM,2026-09-17T17:10:44.489719+00:00,4.0922,,4.003,,MAS,2.2283287534349223,
standardized,uob,TWD,SGD,TWD/SGD,100,Indicative board,board,"SGD 40,000 – 100,000",std_40k_100k,forex_sgd,17 September 2026 06:01:44 PM,17 September 2026 06:01:44 PM,2026-09-17T17:10:44.489719+00:00,4.0922,,4.003,,MAS,2.2283287534349223,
standardized,uob,TWD,SGD,TWD/SGD,100,Indicative board,board,SGD 50 – 200,std_50_200,forex_sgd,17 September 2026 06:01:44 PM,17 September 2026 06:01:44 PM,2026-09-17T17:10:44.489719+00:00,4.0922,,4.003,,MAS,2.2283287534349223,
standardized,uob,TWD,SGD,TWD/SGD,100,Indicative board,board,SGD < 50,std_lt_50,forex_sgd,17 September 2026 06:01:44 PM,17 September 2026 06:01:44 PM,2026-09-17T17:10:44.489719+00:00,4.0922,,4.003,,MAS,2.2283287534349223,
standardized,uob,USD,SGD,USD/SGD,1,Indicative board,board,"SGD 200 – 39,999.99",std_200_40k,forex_sgd,17 September 2026 06:01:44 PM,17 September 2026 06:01:44 PM,2026-09-17T17:10:44.489719+00:00,1.288,1.264,1.2766,1.276,MAS,0.8929970233432616,0.9869967100109625
standardized,uob,USD,SGD,USD/SGD,1,Indicative board,board,"SGD 40,000 – 100,000",std_40k_100k,forex_sgd,17 September 2026 06:01:44 PM,17 September 2026 06:01:44 PM,2026-09-17T17:10:44.489719+00:00,1.288,1.264,1.2766,1.276,MAS,0.8929970233432616,0.9869967100109625
standardized,uob,USD,SGD,USD/SGD,1,Indicative board,board,SGD 50 – 200,std_50_200,forex_sgd,17 September 2026 06:01:44 PM,17 September 2026 06:01:44 PM,2026-09-17T17:10:44.489719+00:00,1.288,1.264,1.2766,1.276,MAS,0.8929970233432616,0.9869967100109625
standardized,uob,USD,SGD,USD/SGD,1,Indicative board,board,SGD < 50,std_lt_50,forex_sgd,17 September 2026 06:01:44 PM,17 September 2026 06:01:44 PM,2026-09-17T17:10:44.489719+00:00,1.288,1.264,1.2766,1.276,MAS,0.8929970233432616,0.9869967100109625
standardized,uob,VND,SGD,VND/SGD,1000,Indicative board,board,"SGD 200 – 39,999.99",std_200_40k,forex_sgd,17 September 2026 06:01:44 PM,17 September 2026 06:01:44 PM,2026-09-17T17:10:44.489719+00:00,0.0504,,0.049109999999999994,,MAS,2.6267562614538926,
standardized,uob,VND,SGD,VND/SGD,1000,Indicative board,board,"SGD 40,000 – 100,000",std_40k_100k,forex_sgd,17 September 2026 06:01:44 PM,17 September 2026 06:01:44 PM,2026-09-17T17:10:44.489719+00:00,0.0504,,0.049109999999999994,,MAS,2.6267562614538926,
standardized,uob,VND,SGD,VND/SGD,1000,Indicative board,board,SGD 50 – 200,std_50_200,forex_sgd,17 September 2026 06:01:44 PM,17 September 2026 06:01:44 PM,2026-09-17T17:10:44.489719+00:00,0.0504,,0.049109999999999994,,MAS,2.6267562614538926,
standardized,uob,VND,SGD,VND/SGD,1000,Indicative board,board,SGD < 50,std_lt_50,forex_sgd,17 September 2026 06:01:44 PM,17 September 2026 06:01:44 PM,2026-09-17T17:10:44.489719+00:00,0.0504,,0.049109999999999994,,MAS,2.6267562614538926,
standardized,uob,XAF,SGD,XAF/SGD,100,Indicative board,board,"SGD 200 – 39,999.99",std_200_40k,forex_sgd,17 September 2026 06:01:44 PM,17 September 2026 06:01:44 PM,2026-09-17T17:10:44.489719+00:00,0.2292,,,,,,
standardized,uob,XAF,SGD,XAF/SGD,100,Indicative board,board,"SGD 40,000 – 100,000",std_40k_100k,forex_sgd,17 September 2026 06:01:44 PM,17 September 2026 06:01:44 PM,2026-09-17T17:10:44.489719+00:00,0.2292,,,,,,
standardized,uob,XAF,SGD,XAF/SGD,100,Indicative board,board,SGD 50 – 200,std_50_200,forex_sgd,17 September 2026 06:01:44 PM,17 September 2026 06:01:44 PM,2026-09-17T17:10:44.489719+00:00,0.2292,,,,,,
standardized,uob,XAF,SGD,XAF/SGD,100,Indicative board,board,SGD < 50,std_lt_50,forex_sgd,17 September 2026 06:01:44 PM,17 September 2026 06:01:44 PM,2026-09-17T17:10:44.489719+00:00,0.2292,,,,,,
standardized,uob,XOF,SGD,XOF/SGD,100,Indicative board,board,"SGD 200 – 39,999.99",std_200_40k,forex_sgd,17 September 2026 06:01:44 PM,17 September 2026 06:01:44 PM,2026-09-17T17:10:44.489719+00:00,0.2317,,,,,,
standardized,uob,XOF,SGD,XOF/SGD,100,Indicative board,board,"SGD 40,000 – 100,000",std_40k_100k,forex_sgd,17 September 2026 06:01:44 PM,17 September 2026 06:01:44 PM,2026-09-17T17:10:44.489719+00:00,0.2317,,,,,,
standardized,uob,XOF,SGD,XOF/SGD,100,Indicative board,board,SGD 50 – 200,std_50_200,forex_sgd,17 September 2026 06:01:44 PM,17 September 2026 06:01:44 PM,2026-09-17T17:10:44.489719+00:00,0.2317,,,,,,
standardized,uob,XOF,SGD,XOF/SGD,100,Indicative board,board,SGD < 50,std_lt_50,forex_sgd,17 September 2026 06:01:44 PM,17 September 2026 06:01:44 PM,2026-09-17T17:10:44.489719+00:00,0.2317,,,,,,
standardized,uob,ZAR,SGD,ZAR/SGD,1,Indicative board,board,"SGD 200 – 39,999.99",std_200_40k,forex_sgd,17 September 2026 06:01:44 PM,17 September 2026 06:01:44 PM,2026-09-17T17:10:44.489719+00:00,0.0804,0.0764,,0.0784,,,
standardized,uob,ZAR,SGD,ZAR/SGD,1,Indicative board,board,"SGD 40,000 – 100,000",std_40k_100k,forex_sgd,17 September 2026 06:01:44 PM,17 September 2026 06:01:44 PM,2026-09-17T17:10:44.489719+00:00,0.0804,0.0764,,0.0784,,,
standardized,uob,ZAR,SGD,ZAR/SGD,1,Indicative board,board,SGD 50 – 200,std_50_200,forex_sgd,17 September 2026 06:01:44 PM,17 September 2026 06:01:44 PM,2026-09-17T17:10:44.489719+00:00,0.0804,0.0764,,0.0784,,,
standardized,uob,ZAR,SGD,ZAR/SGD,1,Indicative board,board,SGD < 50,std_lt_50,forex_sgd,17 September 2026 06:01:44 PM,17 September 2026 06:01:44 PM,2026-09-17T17:10:44.489719+00:00,0.0804,0.0764,,0.0784,,,
