record_type,bank,base_currency,quote_currency,currency_pair,unit,transaction_value,amount_tier,std_transaction_value,std_amount_tier,group,effective_date,last_updated,scraped_at,tt_od_sell,tt_buy,mid_rate,bank_mid_rate,mid_source,sell_margin_pct,buy_margin_pct
native,dbs,AED,SGD,AED/SGD,1,SGD 50 – 200,amtBtw50And200,,,mainCurrencies,2026-09-09 00:45:00,2026-09-08 16:45:13,2026-09-08T16:46:23.831481+00:00,0.3468,0.3421,0.3444,0.34445000000000003,MAS,0.6968641114982618,0.6678281068524881
native,dbs,AED,SGD,AED/SGD,1,SGD < 50,amtLessThan50,,,mainCurrencies,2026-09-09 00:45:00,2026-09-08 16:45:13,2026-09-08T16:46:23.831481+00:00,0.3496,0.3394,0.3444,0.34450000000000003,MAS,1.5098722415795696,1.4518002322880386
native,dbs,AUD,SGD,AUD/SGD,1,SGD 50 – 200,amtBtw50And200,,,mainCurrencies,2026-09-09 00:45:00,2026-09-08 16:45:13,2026-09-08T16:46:23.831481+00:00,0.9231,0.9029,0.9126000000000001,0.913,MAS,1.15055884286653,1.0628972167433752
native,dbs,AUD,SGD,AUD/SGD,1,SGD < 50,amtLessThan50,,,mainCurrencies,2026-09-09 00:45:00,2026-09-08 16:45:13,2026-09-08T16:46:23.831481+00:00,0.9236,0.9025,0.9126000000000001,0.9130499999999999,MAS,1.2053473591935018,1.1067280298049649
native,dbs,BDT,SGD,BDT/SGD,100,SGD 50 – 200,amtBtw50And200,,,otherCurrencies,2026-09-09 00:45:00,2026-09-08 16:45:13,2026-09-08T16:46:23.831481+00:00,1.0398,,,,,,
native,dbs,BDT,SGD,BDT/SGD,100,SGD < 50,amtLessThan50,,,otherCurrencies,2026-09-09 00:45:00,2026-09-08 16:45:13,2026-09-08T16:46:23.831481+00:00,1.0398,,,,,,
native,dbs,BHD,SGD,BHD/SGD,1,SGD 50 – 200,amtBtw50And200,,,otherCurrencies,2026-09-09 00:45:00,2026-09-08 16:45:13,2026-09-08T16:46:23.831481+00:00,3.4186,,,,,,
native,dbs,BHD,SGD,BHD/SGD,1,SGD < 50,amtLessThan50,,,otherCurrencies,2026-09-09 00:45:00,2026-09-08 16:45:13,2026-09-08T16:46:23.831481+00:00,3.4321,,,,,,
native,dbs,BND,SGD,BND/SGD,1,SGD 50 – 200,amtBtw50And200,,,otherCurrencies,2026-09-09 00:45:00,2026-09-08 16:45:13,2026-09-08T16:46:23.831481+00:00,1.0,1.0,,1.0,,,
native,dbs,BND,SGD,BND/SGD,1,SGD < 50,amtLessThan50,,,otherCurrencies,2026-09-09 00:45:00,2026-09-08 16:45:13,2026-09-08T16:46:23.831481+00:00,1.0,1.0,,1.0,,,
native,dbs,CAD,SGD,CAD/SGD,1,SGD 50 – 200,amtBtw50And200,,,mainCurrencies,2026-09-09 00:45:00,2026-09-08 16:45:13,2026-09-08T16:46:23.831481+00:00,0.9242,0.9104,0.9163,0.9173,MAS,0.8621630470369986,0.6438939212048473
native,dbs,CAD,SGD,CAD/SGD,1,SGD < 50,amtLessThan50,,,mainCurrencies,2026-09-09 00:45:00,2026-09-08 16:45:13,2026-09-08T16:46:23.831481+00:00,0.9275,0.9072,0.9163,0.91735,MAS,1.2223071046600444,0.9931245225362869
native,dbs,CHF,SGD,CHF/SGD,1,SGD 50 – 200,amtBtw50And200,,,mainCurrencies,2026-09-09 00:45:00,2026-09-08 16:45:13,2026-09-08T16:46:23.831481+00:00,1.5774,1.5475,1.5627000000000002,1.5624500000000001,MAS,0.940679593012076,0.9726754975363218
native,dbs,CHF,SGD,CHF/SGD,1,SGD < 50,amtLessThan50,,,mainCurrencies,2026-09-09 00:45:00,2026-09-08 16:45:13,2026-09-08T16:46:23.831481+00:00,1.5781,1.5467,1.5627000000000002,1.5624,MAS,0.9854738593459944,1.023868944775084
native,dbs,CNH,SGD,CNH/SGD,1,SGD 50 – 200,amtBtw50And200,,,mainCurrencies,2026-09-09 00:45:00,2026-09-08 16:45:13,2026-09-08T16:46:23.831481+00:00,0.1908,0.1864,,0.1886,,,
native,dbs,CNH,SGD,CNH/SGD,1,SGD < 50,amtLessThan50,,,mainCurrencies,2026-09-09 00:45:00,2026-09-08 16:45:13,2026-09-08T16:46:23.831481+00:00,0.1914,0.1858,,0.1886,,,
native,dbs,CNY,SGD,CNY/SGD,1,SGD 50 – 200,amtBtw50And200,,,otherCurrencies,2026-09-09 00:45:00,2026-09-08 16:45:13,2026-09-08T16:46:23.831481+00:00,0.1885,,0.1885,,MAS,0.0,
native,dbs,CNY,SGD,CNY/SGD,1,SGD < 50,amtLessThan50,,,otherCurrencies,2026-09-09 00:45:00,2026-09-08 16:45:13,2026-09-08T16:46:23.831481+00:00,0.1902,,0.1885,,MAS,0.9018567639257331,
native,dbs,DKK,SGD,DKK/SGD,1,SGD 50 – 200,amtBtw50And200,,,mainCurrencies,2026-09-09 00:45:00,2026-09-08 16:45:13,2026-09-08T16:46:23.831481+00:00,0.1994,0.1939,,0.19665,,,
native,dbs,DKK,SGD,DKK/SGD,1,SGD < 50,amtLessThan50,,,mainCurrencies,2026-09-09 00:45:00,2026-09-08 16:45:13,2026-09-08T16:46:23.831481+00:00,0.1997,0.1936,,0.19665,,,
native,dbs,EUR,SGD,EUR/SGD,1,SGD 50 – 200,amtBtw50And200,,,mainCurrencies,2026-09-09 00:45:00,2026-09-08 16:45:13,2026-09-08T16:46:23.831481+00:00,1.4828,1.4577,1.4704,1.47025,MAS,0.8433079434167551,0.8637105549510292
native,dbs,EUR,SGD,EUR/SGD,1,SGD < 50,amtLessThan50,,,mainCurrencies,2026-09-09 00:45:00,2026-09-08 16:45:13,2026-09-08T16:46:23.831481+00:00,1.4836,1.457,1.4704,1.4703,MAS,0.8977149075081678,0.9113166485310022
native,dbs,GBP,SGD,GBP/SGD,1,SGD 50 – 200,amtBtw50And200,,,mainCurrencies,2026-09-09 00:45:00,2026-09-08 16:45:13,2026-09-08T16:46:23.831481+00:00,1.7251,1.6993,1.7123,1.7122000000000002,MAS,0.7475325585469921,0.7592127547742744
native,dbs,GBP,SGD,GBP/SGD,1,SGD < 50,amtLessThan50,,,mainCurrencies,2026-09-09 00:45:00,2026-09-08 16:45:13,2026-09-08T16:46:23.831481+00:00,1.7268,1.6975,1.7123,1.7121499999999998,MAS,0.8468142264790025,0.8643345208199454
native,dbs,HKD,SGD,HKD/SGD,1,SGD 50 – 200,amtBtw50And200,,,mainCurrencies,2026-09-09 00:45:00,2026-09-08 16:45:13,2026-09-08T16:46:23.831481+00:00,0.1629,0.1597,0.1613,0.1613,MAS,0.9919404835709797,0.9919404835709797
native,dbs,HKD,SGD,HKD/SGD,1,SGD < 50,amtLessThan50,,,mainCurrencies,2026-09-09 00:45:00,2026-09-08 16:45:13,2026-09-08T16:46:23.831481+00:00,0.1631,0.1595,0.1613,0.1613,MAS,1.1159330440173565,1.1159330440173565
native,dbs,HUF,SGD,HUF/SGD,100,SGD 50 – 200,amtBtw50And200,,,otherCurrencies,2026-09-09 00:45:00,2026-09-08 16:45:13,2026-09-08T16:46:23.831481+00:00,0.4124,,,,,,
native,dbs,HUF,SGD,HUF/SGD,100,SGD < 50,amtLessThan50,,,otherCurrencies,2026-09-09 00:45:00,2026-09-08 16:45:13,2026-09-08T16:46:23.831481+00:00,0.414,,,,,,
native,dbs,ID0,SGD,ID0/SGD,100,SGD 50 – 200,amtBtw50And200,,,otherCurrencies,2026-09-09 00:45:00,2026-09-08 16:45:13,2026-09-08T16:46:23.831481+00:00,,,,,,,
native,dbs,ID0,SGD,ID0/SGD,100,SGD < 50,amtLessThan50,,,otherCurrencies,2026-09-09 00:45:00,2026-09-08 16:45:13,2026-09-08T16:46:23.831481+00:00,,0.0071,,,,,
native,dbs,IDR,SGD,IDR/SGD,100,SGD 50 – 200,amtBtw50And200,,,mainCurrencies,2026-09-09 00:45:00,2026-09-08 16:45:13,2026-09-08T16:46:23.831481+00:00,0.0073,,0.007186,,MAS,1.5864180350681938,
native,dbs,IDR,SGD,IDR/SGD,100,SGD < 50,amtLessThan50,,,mainCurrencies,2026-09-09 00:45:00,2026-09-08 16:45:13,2026-09-08T16:46:23.831481+00:00,0.0073,,0.007186,,MAS,1.5864180350681938,
native,dbs,IN0,SGD,IN0/SGD,100,SGD 50 – 200,amtBtw50And200,,,otherCurrencies,2026-09-09 00:45:00,2026-09-08 16:45:13,2026-09-08T16:46:23.831481+00:00,,1.3308,,,,,
native,dbs,IN0,SGD,IN0/SGD,100,SGD < 50,amtLessThan50,,,otherCurrencies,2026-09-09 00:45:00,2026-09-08 16:45:13,2026-09-08T16:46:23.831481+00:00,,1.3308,,,,,
native,dbs,INR,SGD,INR/SGD,100,SGD 50 – 200,amtBtw50And200,,,otherCurrencies,2026-09-09 00:45:00,2026-09-08 16:45:13,2026-09-08T16:46:23.831481+00:00,1.3486,,1.3361,,MAS,0.9355587156649917,
native,dbs,INR,SGD,INR/SGD,100,SGD < 50,amtLessThan50,,,otherCurrencies,2026-09-09 00:45:00,2026-09-08 16:45:13,2026-09-08T16:46:23.831481+00:00,1.3593,,1.3361,,MAS,1.7363969762742224,
native,dbs,JPY,SGD,JPY/SGD,100,SGD 50 – 200,amtBtw50And200,,,mainCurrencies,2026-09-09 00:45:00,2026-09-08 16:45:13,2026-09-08T16:46:23.831481+00:00,0.8281,0.8116,0.8249,0.81985,MAS,0.3879258091889903,1.612316644441748
native,dbs,JPY,SGD,JPY/SGD,100,SGD < 50,amtLessThan50,,,mainCurrencies,2026-09-09 00:45:00,2026-09-08 16:45:13,2026-09-08T16:46:23.831481+00:00,0.8289,0.8108,0.8249,0.81985,MAS,0.4849072614862412,1.7092980967389988
native,dbs,KRW,SGD,KRW/SGD,100,SGD 50 – 200,amtBtw50And200,,,otherCurrencies,2026-09-09 00:45:00,2026-09-08 16:45:13,2026-09-08T16:46:23.831481+00:00,0.0955,,0.0944,,MAS,1.1652542372881396,
native,dbs,KRW,SGD,KRW/SGD,100,SGD < 50,amtLessThan50,,,otherCurrencies,2026-09-09 00:45:00,2026-09-08 16:45:13,2026-09-08T16:46:23.831481+00:00,0.0955,,0.0944,,MAS,1.1652542372881396,
native,dbs,KWD,SGD,KWD/SGD,100,SGD 50 – 200,amtBtw50And200,,,otherCurrencies,2026-09-09 00:45:00,2026-09-08 16:45:13,2026-09-08T16:46:23.831481+00:00,419.978,,,,,,
native,dbs,KWD,SGD,KWD/SGD,100,SGD < 50,amtLessThan50,,,otherCurrencies,2026-09-09 00:45:00,2026-09-08 16:45:13,2026-09-08T16:46:23.831481+00:00,421.6344,,,,,,
native,dbs,LKR,SGD,LKR/SGD,100,SGD 50 – 200,amtBtw50And200,,,otherCurrencies,2026-09-09 00:45:00,2026-09-08 16:45:13,2026-09-08T16:46:23.831481+00:00,0.3925,,,,,,
native,dbs,LKR,SGD,LKR/SGD,100,SGD < 50,amtLessThan50,,,otherCurrencies,2026-09-09 00:45:00,2026-09-08 16:45:13,2026-09-08T16:46:23.831481+00:00,0.3925,,,,,,
native,dbs,MM1,SGD,MM1/SGD,100,SGD 50 – 200,amtBtw50And200,,,otherCurrencies,2026-09-09 00:45:00,2026-09-08 16:45:13,2026-09-08T16:46:23.831481+00:00,,,,,,,
native,dbs,MM1,SGD,MM1/SGD,100,SGD < 50,amtLessThan50,,,otherCurrencies,2026-09-09 00:45:00,2026-09-08 16:45:13,2026-09-08T16:46:23.831481+00:00,,,,,,,
native,dbs,MMK,SGD,MMK/SGD,100,SGD 50 – 200,amtBtw50And200,,,otherCurrencies,2026-09-09 00:45:00,2026-09-08 16:45:13,2026-09-08T16:46:23.831481+00:00,0.0321,,,,,,
native,dbs,MMK,SGD,MMK/SGD,100,SGD < 50,amtLessThan50,,,otherCurrencies,2026-09-09 00:45:00,2026-09-08 16:45:13,2026-09-08T16:46:23.831481+00:00,0.0321,,,,,,
native,dbs,MUR,SGD,MUR/SGD,100,SGD 50 – 200,amtBtw50And200,,,otherCurrencies,2026-09-09 00:45:00,2026-09-08 16:45:13,2026-09-08T16:46:23.831481+00:00,2.6814,,,,,,
native,dbs,MUR,SGD,MUR/SGD,100,SGD < 50,amtLessThan50,,,otherCurrencies,2026-09-09 00:45:00,2026-09-08 16:45:13,2026-09-08T16:46:23.831481+00:00,2.692,,,,,,
native,dbs,MXN,SGD,MXN/SGD,100,SGD 50 – 200,amtBtw50And200,,,mainCurrencies,2026-09-09 00:45:00,2026-09-08 16:45:13,2026-09-08T16:46:23.831481+00:00,7.5877,,,,,,
native,dbs,MXN,SGD,MXN/SGD,100,SGD < 50,amtLessThan50,,,mainCurrencies,2026-09-09 00:45:00,2026-09-08 16:45:13,2026-09-08T16:46:23.831481+00:00,7.5877,,,,,,
native,dbs,MY0,SGD,MY0/SGD,1,SGD 50 – 200,amtBtw50And200,,,otherCurrencies,2026-09-09 00:45:00,2026-09-08 16:45:13,2026-09-08T16:46:23.831481+00:00,,0.3107,,,,,
native,dbs,MY0,SGD,MY0/SGD,1,SGD < 50,amtLessThan50,,,otherCurrencies,2026-09-09 00:45:00,2026-09-08 16:45:13,2026-09-08T16:46:23.831481+00:00,,0.3107,,,,,
native,dbs,MYR,SGD,MYR/SGD,1,SGD 50 – 200,amtBtw50And200,,,otherCurrencies,2026-09-09 00:45:00,2026-09-08 16:45:13,2026-09-08T16:46:23.831481+00:00,0.3147,,0.3119,,MAS,0.8977236293683775,
native,dbs,MYR,SGD,MYR/SGD,1,SGD < 50,amtLessThan50,,,otherCurrencies,2026-09-09 00:45:00,2026-09-08 16:45:13,2026-09-08T16:46:23.831481+00:00,0.3147,,0.3119,,MAS,0.8977236293683775,
native,dbs,NOK,SGD,NOK/SGD,1,SGD 50 – 200,amtBtw50And200,,,mainCurrencies,2026-09-09 00:45:00,2026-09-08 16:45:13,2026-09-08T16:46:23.831481+00:00,0.1386,0.1348,,0.1367,,,
native,dbs,NOK,SGD,NOK/SGD,1,SGD < 50,amtLessThan50,,,mainCurrencies,2026-09-09 00:45:00,2026-09-08 16:45:13,2026-09-08T16:46:23.831481+00:00,0.139,0.1344,,0.1367,,,
native,dbs,NZD,SGD,NZD/SGD,1,SGD 50 – 200,amtBtw50And200,,,mainCurrencies,2026-09-09 00:45:00,2026-09-08 16:45:13,2026-09-08T16:46:23.831481+00:00,0.7489,0.7317,0.7406999999999999,0.7403,MAS,1.1070608883488722,1.2150668286755635
native,dbs,NZD,SGD,NZD/SGD,1,SGD < 50,amtLessThan50,,,mainCurrencies,2026-09-09 00:45:00,2026-09-08 16:45:13,2026-09-08T16:46:23.831481+00:00,0.7496,0.731,0.7406999999999999,0.7403,MAS,1.2015660861347552,1.3095720264614463
native,dbs,OMR,SGD,OMR/SGD,1,SGD 50 – 200,amtBtw50And200,,,otherCurrencies,2026-09-09 00:45:00,2026-09-08 16:45:13,2026-09-08T16:46:23.831481+00:00,3.3085,,,,,,
native,dbs,OMR,SGD,OMR/SGD,1,SGD < 50,amtLessThan50,,,otherCurrencies,2026-09-09 00:45:00,2026-09-08 16:45:13,2026-09-08T16:46:23.831481+00:00,3.3085,,,,,,
native,dbs,PH0,SGD,PH0/SGD,100,SGD 50 – 200,amtBtw50And200,,,otherCurrencies,2026-09-09 00:45:00,2026-09-08 16:45:13,2026-09-08T16:46:23.831481+00:00,,2.0189,,,,,
native,dbs,PH0,SGD,PH0/SGD,100,SGD < 50,amtLessThan50,,,otherCurrencies,2026-09-09 00:45:00,2026-09-08 16:45:13,2026-09-08T16:46:23.831481+00:00,,2.0189,,,,,
native,dbs,PHP,SGD,PHP/SGD,100,SGD 50 – 200,amtBtw50And200,,,otherCurrencies,2026-09-09 00:45:00,2026-09-08 16:45:13,2026-09-08T16:46:23.831481+00:00,2.0415,,2.0234,,MAS,0.8945339527527926,
native,dbs,PHP,SGD,PHP/SGD,100,SGD < 50,amtLessThan50,,,otherCurrencies,2026-09-09 00:45:00,2026-09-08 16:45:13,2026-09-08T16:46:23.831481+00:00,2.0569,,2.0234,,MAS,1.655629139072852,
native,dbs,PLN,SGD,PLN/SGD,1,SGD 50 – 200,amtBtw50And200,,,otherCurrencies,2026-09-09 00:45:00,2026-09-08 16:45:13,2026-09-08T16:46:23.831481+00:00,0.3477,,,,,,
native,dbs,PLN,SGD,PLN/SGD,1,SGD < 50,amtLessThan50,,,otherCurrencies,2026-09-09 00:45:00,2026-09-08 16:45:13,2026-09-08T16:46:23.831481+00:00,0.3491,,,,,,
native,dbs,QAR,SGD,QAR/SGD,1,SGD 50 – 200,amtBtw50And200,,,otherCurrencies,2026-09-09 00:45:00,2026-09-08 16:45:13,2026-09-08T16:46:23.831481+00:00,0.3548,,0.34700000000000003,,MAS,2.2478386167146898,
native,dbs,QAR,SGD,QAR/SGD,1,SGD < 50,amtLessThan50,,,otherCurrencies,2026-09-09 00:45:00,2026-09-08 16:45:13,2026-09-08T16:46:23.831481+00:00,0.3562,,0.34700000000000003,,MAS,2.6512968299711774,
native,dbs,RUB,SGD,RUB/SGD,100,SGD 50 – 200,amtBtw50And200,,,mainCurrencies,2026-09-09 00:45:00,2026-09-08 16:45:13,2026-09-08T16:46:23.831481+00:00,,,,,,,
native,dbs,RUB,SGD,RUB/SGD,100,SGD < 50,amtLessThan50,,,mainCurrencies,2026-09-09 00:45:00,2026-09-08 16:45:13,2026-09-08T16:46:23.831481+00:00,,,,,,,
native,dbs,SAR,SGD,SAR/SGD,100,SGD 50 – 200,amtBtw50And200,,,otherCurrencies,2026-09-09 00:45:00,2026-09-08 16:45:13,2026-09-08T16:46:23.831481+00:00,34.1149,,33.68,,MAS,1.291270783847978,
native,dbs,SAR,SGD,SAR/SGD,100,SGD < 50,amtLessThan50,,,otherCurrencies,2026-09-09 00:45:00,2026-09-08 16:45:13,2026-09-08T16:46:23.831481+00:00,34.1149,,33.68,,MAS,1.291270783847978,
native,dbs,SEK,SGD,SEK/SGD,1,SGD 50 – 200,amtBtw50And200,,,mainCurrencies,2026-09-09 00:45:00,2026-09-08 16:45:13,2026-09-08T16:46:23.831481+00:00,0.1337,0.1301,,0.13190000000000002,,,
native,dbs,SEK,SGD,SEK/SGD,1,SGD < 50,amtLessThan50,,,mainCurrencies,2026-09-09 00:45:00,2026-09-08 16:45:13,2026-09-08T16:46:23.831481+00:00,0.1342,0.1296,,0.13190000000000002,,,
native,dbs,THB,SGD,THB/SGD,100,SGD 50 – 200,amtBtw50And200,,,mainCurrencies,2026-09-09 00:45:00,2026-09-08 16:45:13,2026-09-08T16:46:23.831481+00:00,3.9028,3.7899,3.8486,3.84635,MAS,1.4083043184534703,1.525229953749415
native,dbs,THB,SGD,THB/SGD,100,SGD < 50,amtLessThan50,,,mainCurrencies,2026-09-09 00:45:00,2026-09-08 16:45:13,2026-09-08T16:46:23.831481+00:00,3.9071,3.7856,3.8486,3.84635,MAS,1.520033258847373,1.636958894143318
native,dbs,TND,SGD,TND/SGD,1,SGD 50 – 200,amtBtw50And200,,,otherCurrencies,2026-09-09 00:45:00,2026-09-08 16:45:13,2026-09-08T16:46:23.831481+00:00,0.4481,,,,,,
native,dbs,TND,SGD,TND/SGD,1,SGD < 50,amtLessThan50,,,otherCurrencies,2026-09-09 00:45:00,2026-09-08 16:45:13,2026-09-08T16:46:23.831481+00:00,0.4481,,,,,,
native,dbs,TWD,SGD,TWD/SGD,100,SGD 50 – 200,amtBtw50And200,,,otherCurrencies,2026-09-09 00:45:00,2026-09-08 16:45:13,2026-09-08T16:46:23.831481+00:00,4.0606,,4.0197,,MAS,1.0174888673284004,
native,dbs,TWD,SGD,TWD/SGD,100,SGD < 50,amtLessThan50,,,otherCurrencies,2026-09-09 00:45:00,2026-09-08 16:45:13,2026-09-08T16:46:23.831481+00:00,4.0646,,4.0197,,MAS,1.1169987810035615,
native,dbs,USD,SGD,USD/SGD,1,SGD 50 – 200,amtBtw50And200,,,mainCurrencies,2026-09-09 00:45:00,2026-09-08 16:45:13,2026-09-08T16:46:23.831481+00:00,1.2758,1.2547,1.2649,1.26525,MAS,0.8617281998577068,0.806387856747568
native,dbs,USD,SGD,USD/SGD,1,SGD < 50,amtLessThan50,,,mainCurrencies,2026-09-09 00:45:00,2026-09-08 16:45:13,2026-09-08T16:46:23.831481+00:00,1.2767,1.2538,1.2649,1.26525,MAS,0.9328800695707197,0.877539726460581
native,dbs,VND,SGD,VND/SGD,100,SGD 50 – 200,amtBtw50And200,,,otherCurrencies,2026-09-09 00:45:00,2026-09-08 16:45:13,2026-09-08T16:46:23.831481+00:00,0.005,,0.004871,,MAS,2.648326832272629,
native,dbs,VND,SGD,VND/SGD,100,SGD < 50,amtLessThan50,,,otherCurrencies,2026-09-09 00:45:00,2026-09-08 16:45:13,2026-09-08T16:46:23.831481+00:00,0.005,,0.004871,,MAS,2.648326832272629,
native,dbs,XAU,SGD,XAU/SGD,1,SGD 50 – 200,amtBtw50And200,,,otherCurrencies,2026-09-09 00:45:00,2026-09-08 16:45:13,2026-09-08T16:46:23.831481+00:00,5592.472,5524.907,,5558.6895,,,
native,dbs,XAU,SGD,XAU/SGD,1,SGD < 50,amtLessThan50,,,otherCurrencies,2026-09-09 00:45:00,2026-09-08 16:45:13,2026-09-08T16:46:23.831481+00:00,5592.931,5525.411,,5559.171,,,
native,dbs,ZAR,SGD,ZAR/SGD,1,SGD 50 – 200,amtBtw50And200,,,otherCurrencies,2026-09-09 00:45:00,2026-09-08 16:45:13,2026-09-08T16:46:23.831481+00:00,0.0801,0.0781,,0.0791,,,
native,dbs,ZAR,SGD,ZAR/SGD,1,SGD < 50,amtLessThan50,,,otherCurrencies,2026-09-09 00:45:00,2026-09-08 16:45:13,2026-09-08T16:46:23.831481+00:00,0.0804,0.0778,,0.0791,,,
native,hsbc,AED,SGD,AED/SGD,100,Indicative board,board,,,indicative_fx,2026-9-8,2026-9-8,2026-09-08T16:46:29.480878+00:00,35.57,33.32,34.44,34.445,MAS,3.281068524970972,3.252032520325196
native,hsbc,AUD,SGD,AUD/SGD,1,Indicative board,board,,,indicative_fx,2026-9-8,2026-9-8,2026-09-08T16:46:29.480878+00:00,0.9405,0.8856,0.9126000000000001,0.91305,MAS,3.0571992110453565,2.958579881656807
native,hsbc,CAD,SGD,CAD/SGD,1,Indicative board,board,,,indicative_fx,2026-9-8,2026-9-8,2026-09-08T16:46:29.480878+00:00,0.9439,0.8887,0.9163,0.9163,MAS,3.0121139364836798,3.0121139364836798
native,hsbc,CHF,SGD,CHF/SGD,100,Indicative board,board,,,indicative_fx,2026-9-8,2026-9-8,2026-09-08T16:46:29.480878+00:00,161.09,151.67,156.27,156.38,MAS,3.08440519613489,2.943623216228337
native,hsbc,CNY,SGD,CNY/SGD,100,Indicative board,board,,,indicative_fx,2026-9-8,2026-9-8,2026-09-08T16:46:29.480878+00:00,19.47,18.25,18.85,18.86,MAS,3.289124668434999,3.183023872679053
native,hsbc,DKK,SGD,DKK/SGD,100,Indicative board,board,,,indicative_fx,2026-9-8,2026-9-8,2026-09-08T16:46:29.480878+00:00,20.27,19.09,,19.68,,,
native,hsbc,EUR,SGD,EUR/SGD,1,Indicative board,board,,,indicative_fx,2026-9-8,2026-9-8,2026-09-08T16:46:29.480878+00:00,1.5152,1.4268,1.4704,1.471,MAS,3.046789989118619,2.9651795429814927
native,hsbc,FJD,SGD,FJD/SGD,1,Indicative board,board,,,indicative_fx,2026-9-8,2026-9-8,2026-09-08T16:46:29.480878+00:00,0.6029,,,,,,
native,hsbc,GBP,SGD,GBP/SGD,1,Indicative board,board,,,indicative_fx,2026-9-8,2026-9-8,2026-09-08T16:46:29.480878+00:00,1.7651,1.6619,1.7123,1.7134999999999998,MAS,3.0835718040063047,2.9434094492787484
native,hsbc,HKD,SGD,HKD/SGD,100,Indicative board,board,,,indicative_fx,2026-9-8,2026-9-8,2026-09-08T16:46:29.480878+00:00,16.34,15.93,16.13,16.134999999999998,MAS,1.3019218846869243,1.239925604463728
native,hsbc,IDR,SGD,IDR/SGD,100,Indicative board,board,,,indicative_fx,2026-9-8,2026-9-8,2026-09-08T16:46:29.480878+00:00,0.0074,,0.007186,,MAS,2.978012802671871,
native,hsbc,INR,SGD,INR/SGD,100,Indicative board,board,,,indicative_fx,2026-9-8,2026-9-8,2026-09-08T16:46:29.480878+00:00,1.38,,1.3361,,MAS,3.28568220941545,
native,hsbc,JPY,SGD,JPY/SGD,100,Indicative board,board,,,indicative_fx,2026-9-8,2026-9-8,2026-09-08T16:46:29.480878+00:00,0.8487,0.7991,0.8249,0.8239000000000001,MAS,2.885198205843138,3.127651836586245
native,hsbc,LKR,SGD,LKR/SGD,100,Indicative board,board,,,indicative_fx,2026-9-8,2026-9-8,2026-09-08T16:46:29.480878+00:00,0.4,,,,,,
native,hsbc,MUR,SGD,MUR/SGD,100,Indicative board,board,,,indicative_fx,2026-9-8,2026-9-8,2026-09-08T16:46:29.480878+00:00,2.79,2.6,,2.6950000000000003,,,
native,hsbc,NOK,SGD,NOK/SGD,100,Indicative board,board,,,indicative_fx,2026-9-8,2026-9-8,2026-09-08T16:46:29.480878+00:00,14.06,13.24,,13.65,,,
native,hsbc,NZD,SGD,NZD/SGD,1,Indicative board,board,,,indicative_fx,2026-9-8,2026-9-8,2026-09-08T16:46:29.480878+00:00,0.7665,0.7216,0.7406999999999999,0.74405,MAS,3.4831915755366607,2.5786418253003776
native,hsbc,PHP,SGD,PHP/SGD,100,Indicative board,board,,,indicative_fx,2026-9-8,2026-9-8,2026-09-08T16:46:29.480878+00:00,2.09,,2.0234,,MAS,3.291489572007501,
native,hsbc,PKR,SGD,PKR/SGD,100,Indicative board,board,,,indicative_fx,2026-9-8,2026-9-8,2026-09-08T16:46:29.480878+00:00,0.47,,,,,,
native,hsbc,QAR,SGD,QAR/SGD,100,Indicative board,board,,,indicative_fx,2026-9-8,2026-9-8,2026-09-08T16:46:29.480878+00:00,35.14,34.27,34.7,34.705,MAS,1.268011527377515,1.2391930835734861
native,hsbc,RUB,SGD,RUB/SGD,100,Indicative board,board,,,indicative_fx,2026-9-8,2026-9-8,2026-09-08T16:46:29.480878+00:00,15.27,14.06,,14.665,,,
native,hsbc,SAR,SGD,SAR/SGD,100,Indicative board,board,,,indicative_fx,2026-9-8,2026-9-8,2026-09-08T16:46:29.480878+00:00,34.11,33.26,33.68,33.685,MAS,1.276722090261282,1.2470308788598625
native,hsbc,SEK,SGD,SEK/SGD,100,Indicative board,board,,,indicative_fx,2026-9-8,2026-9-8,2026-09-08T16:46:29.480878+00:00,13.59,12.79,,13.19,,,
native,hsbc,THB,SGD,THB/SGD,100,Indicative board,board,,,indicative_fx,2026-9-8,2026-9-8,2026-09-08T16:46:29.480878+00:00,3.98,,3.8486,,MAS,3.4142285506417966,
native,hsbc,TRY,SGD,TRY/SGD,1,Indicative board,board,,,indicative_fx,2026-9-8,2026-9-8,2026-09-08T16:46:29.480878+00:00,0.0269,,,,,,
native,hsbc,USD,SGD,USD/SGD,1,Indicative board,board,,,indicative_fx,2026-9-8,2026-9-8,2026-09-08T16:46:29.480878+00:00,1.2904,1.2397,1.2649,1.26505,MAS,2.015969641868929,1.9922523519645736
native,hsbc,ZAR,SGD,ZAR/SGD,1,Indicative board,board,,,indicative_fx,2026-9-8,2026-9-8,2026-09-08T16:46:29.480878+00:00,0.0817,0.0765,,0.0791,,,
native,ocbc,AED,SGD,AED/SGD,100,"SGD 0 – 39,999.99",tier_1,,,fxRatesSgd,2026-09-08T07:00:14,2026-09-08T07:00:14,2026-09-08T16:46:26.844494+00:00,35.3617,33.3607,34.44,34.3612,MAS,2.6762485481997715,3.133855981416947
native,ocbc,AED,SGD,AED/SGD,100,"SGD 40,000 – 100,000",tier_2,,,fxRatesSgd,2026-09-08T07:00:14,2026-09-08T07:00:14,2026-09-08T16:46:26.844494+00:00,35.3512,33.3778,34.44,34.3612,MAS,2.6457607433217216,3.084204413472698
native,ocbc,AUD,SGD,AUD/SGD,1,"SGD 0 – 39,999.99",tier_1,,,fxRatesSgd,2026-09-08T07:00:14,2026-09-08T07:00:14,2026-09-08T16:46:26.844494+00:00,0.9297,0.9003,0.9126000000000001,0.915,MAS,1.873767258382631,1.347797501643665
native,ocbc,AUD,SGD,AUD/SGD,1,"SGD 40,000 – 100,000",tier_2,,,fxRatesSgd,2026-09-08T07:00:14,2026-09-08T07:00:14,2026-09-08T16:46:26.844494+00:00,0.9279,0.9021,0.9126000000000001,0.915,MAS,1.6765285996055084,1.150558842866542
native,ocbc,BGN,SGD,BGN/SGD,100,"SGD 0 – 39,999.99",tier_1,,,fxRatesSgd,2026-09-08T07:00:14,2026-09-08T07:00:14,2026-09-08T16:46:26.844494+00:00,0.0,0.0,,0.0,,,
native,ocbc,BGN,SGD,BGN/SGD,100,"SGD 40,000 – 100,000",tier_2,,,fxRatesSgd,2026-09-08T07:00:14,2026-09-08T07:00:14,2026-09-08T16:46:26.844494+00:00,0.0,0.0,,0.0,,,
native,ocbc,BHD,SGD,BHD/SGD,1,"SGD 0 – 39,999.99",tier_1,,,fxRatesSgd,2026-09-08T07:00:14,2026-09-08T07:00:14,2026-09-08T16:46:26.844494+00:00,0.0,0.0,,0.0,,,
native,ocbc,BHD,SGD,BHD/SGD,1,"SGD 40,000 – 100,000",tier_2,,,fxRatesSgd,2026-09-08T07:00:14,2026-09-08T07:00:14,2026-09-08T16:46:26.844494+00:00,0.0,0.0,,0.0,,,
native,ocbc,CAD,SGD,CAD/SGD,1,"SGD 0 – 39,999.99",tier_1,,,fxRatesSgd,2026-09-08T07:00:14,2026-09-08T07:00:14,2026-09-08T16:46:26.844494+00:00,0.9332,0.9001,0.9163,0.9167,MAS,1.844374113281679,1.7679799192404229
native,ocbc,CAD,SGD,CAD/SGD,1,"SGD 40,000 – 100,000",tier_2,,,fxRatesSgd,2026-09-08T07:00:14,2026-09-08T07:00:14,2026-09-08T16:46:26.844494+00:00,0.9314,0.9019,0.9163,0.9167,MAS,1.6479319000327408,1.571537705991484
native,ocbc,CHF,SGD,CHF/SGD,100,"SGD 0 – 39,999.99",tier_1,,,fxRatesSgd,2026-09-08T07:00:14,2026-09-08T07:00:14,2026-09-08T16:46:26.844494+00:00,158.7838,153.1351,156.27,155.9595,MAS,1.608626095859732,2.006079221859612
native,ocbc,CHF,SGD,CHF/SGD,100,"SGD 40,000 – 100,000",tier_2,,,fxRatesSgd,2026-09-08T07:00:14,2026-09-08T07:00:14,2026-09-08T16:46:26.844494+00:00,158.4718,153.447,156.27,155.9595,MAS,1.408971651628586,1.8064887694375167
native,ocbc,CNH,SGD,CNH/SGD,100,"SGD 0 – 39,999.99",tier_1,,,fxRatesSgd,2026-09-08T07:00:14,2026-09-08T07:00:14,2026-09-08T16:46:26.844494+00:00,19.2095,18.6416,,18.9256,,,
native,ocbc,CNH,SGD,CNH/SGD,100,"SGD 40,000 – 100,000",tier_2,,,fxRatesSgd,2026-09-08T07:00:14,2026-09-08T07:00:14,2026-09-08T16:46:26.844494+00:00,19.1906,18.6605,,18.9256,,,
native,ocbc,CZK,SGD,CZK/SGD,100,"SGD 0 – 39,999.99",tier_1,,,fxRatesSgd,2026-09-08T07:00:14,2026-09-08T07:00:14,2026-09-08T16:46:26.844494+00:00,0.0,0.0,,0.0,,,
native,ocbc,CZK,SGD,CZK/SGD,100,"SGD 40,000 – 100,000",tier_2,,,fxRatesSgd,2026-09-08T07:00:14,2026-09-08T07:00:14,2026-09-08T16:46:26.844494+00:00,0.0,0.0,,0.0,,,
native,ocbc,DKK,SGD,DKK/SGD,100,"SGD 0 – 39,999.99",tier_1,,,fxRatesSgd,2026-09-08T07:00:14,2026-09-08T07:00:14,2026-09-08T16:46:26.844494+00:00,20.0242,19.3139,,19.6691,,,
native,ocbc,DKK,SGD,DKK/SGD,100,"SGD 40,000 – 100,000",tier_2,,,fxRatesSgd,2026-09-08T07:00:14,2026-09-08T07:00:14,2026-09-08T16:46:26.844494+00:00,19.9849,19.3532,,19.6691,,,
native,ocbc,EUR,SGD,EUR/SGD,1,"SGD 0 – 39,999.99",tier_1,,,fxRatesSgd,2026-09-08T07:00:14,2026-09-08T07:00:14,2026-09-08T16:46:26.844494+00:00,1.4868,1.4503,1.4704,1.4686,MAS,1.1153427638737738,1.3669749727965186
native,ocbc,EUR,SGD,EUR/SGD,1,"SGD 40,000 – 100,000",tier_2,,,fxRatesSgd,2026-09-08T07:00:14,2026-09-08T07:00:14,2026-09-08T16:46:26.844494+00:00,1.4851,1.4522,1.4704,1.4686,MAS,0.9997279651795538,1.2377584330794338
native,ocbc,GBP,SGD,GBP/SGD,1,"SGD 0 – 39,999.99",tier_1,,,fxRatesSgd,2026-09-08T07:00:14,2026-09-08T07:00:14,2026-09-08T16:46:26.844494+00:00,1.7352,1.6892,1.7123,1.7122,MAS,1.3373824680254711,1.3490626642527535
native,ocbc,GBP,SGD,GBP/SGD,1,"SGD 40,000 – 100,000",tier_2,,,fxRatesSgd,2026-09-08T07:00:14,2026-09-08T07:00:14,2026-09-08T16:46:26.844494+00:00,1.7335,1.6912,1.7123,1.7122,MAS,1.238100800093448,1.2322607019797873
native,ocbc,HKD,SGD,HKD/SGD,100,"SGD 0 – 39,999.99",tier_1,,,fxRatesSgd,2026-09-08T07:00:14,2026-09-08T07:00:14,2026-09-08T16:46:26.844494+00:00,16.3534,15.958,16.13,16.1557,MAS,1.3849969001859987,1.0663360198388026
native,ocbc,HKD,SGD,HKD/SGD,100,"SGD 40,000 – 100,000",tier_2,,,fxRatesSgd,2026-09-08T07:00:14,2026-09-08T07:00:14,2026-09-08T16:46:26.844494+00:00,16.3243,15.9677,16.13,16.1557,MAS,1.2045877247365278,1.0061996280223084
native,ocbc,HUF,SGD,HUF/SGD,100,"SGD 0 – 39,999.99",tier_1,,,fxRatesSgd,2026-09-08T07:00:14,2026-09-08T07:00:14,2026-09-08T16:46:26.844494+00:00,0.0,0.0,,0.0,,,
native,ocbc,HUF,SGD,HUF/SGD,100,"SGD 40,000 – 100,000",tier_2,,,fxRatesSgd,2026-09-08T07:00:14,2026-09-08T07:00:14,2026-09-08T16:46:26.844494+00:00,0.0,0.0,,0.0,,,
native,ocbc,IDR,SGD,IDR/SGD,100,"SGD 0 – 39,999.99",tier_1,,,fxRatesSgd,2026-09-08T07:00:14,2026-09-08T07:00:14,2026-09-08T16:46:26.844494+00:00,0.0074,0.0,0.007186,0.0074,MAS,2.978012802671871,100.0
native,ocbc,IDR,SGD,IDR/SGD,100,"SGD 40,000 – 100,000",tier_2,,,fxRatesSgd,2026-09-08T07:00:14,2026-09-08T07:00:14,2026-09-08T16:46:26.844494+00:00,0.0074,0.0,0.007186,0.0074,MAS,2.978012802671871,100.0
native,ocbc,ILS,SGD,ILS/SGD,100,"SGD 0 – 39,999.99",tier_1,,,fxRatesSgd,2026-09-08T07:00:14,2026-09-08T07:00:14,2026-09-08T16:46:26.844494+00:00,0.0,0.0,,0.0,,,
native,ocbc,ILS,SGD,ILS/SGD,100,"SGD 40,000 – 100,000",tier_2,,,fxRatesSgd,2026-09-08T07:00:14,2026-09-08T07:00:14,2026-09-08T16:46:26.844494+00:00,0.0,0.0,,0.0,,,
native,ocbc,INR,SGD,INR/SGD,100,"SGD 0 – 39,999.99",tier_1,,,fxRatesSgd,2026-09-08T07:00:14,2026-09-08T07:00:14,2026-09-08T16:46:26.844494+00:00,1.3771,0.0,1.3361,1.3771,MAS,3.0686325873811784,100.0
native,ocbc,INR,SGD,INR/SGD,100,"SGD 40,000 – 100,000",tier_2,,,fxRatesSgd,2026-09-08T07:00:14,2026-09-08T07:00:14,2026-09-08T16:46:26.844494+00:00,1.3744,0.0,1.3361,1.3771,MAS,2.866551904797545,100.0
native,ocbc,JOD,SGD,JOD/SGD,1,"SGD 0 – 39,999.99",tier_1,,,fxRatesSgd,2026-09-08T07:00:14,2026-09-08T07:00:14,2026-09-08T16:46:26.844494+00:00,0.0,0.0,,0.0,,,
native,ocbc,JOD,SGD,JOD/SGD,1,"SGD 40,000 – 100,000",tier_2,,,fxRatesSgd,2026-09-08T07:00:14,2026-09-08T07:00:14,2026-09-08T16:46:26.844494+00:00,0.0,0.0,,0.0,,,
native,ocbc,JPY,SGD,JPY/SGD,100,"SGD 0 – 39,999.99",tier_1,,,fxRatesSgd,2026-09-08T07:00:14,2026-09-08T07:00:14,2026-09-08T16:46:26.844494+00:00,0.8316,0.8111,0.8249,0.8214,MAS,0.8122196629894581,1.6729300521275212
native,ocbc,JPY,SGD,JPY/SGD,100,"SGD 40,000 – 100,000",tier_2,,,fxRatesSgd,2026-09-08T07:00:14,2026-09-08T07:00:14,2026-09-08T16:46:26.844494+00:00,0.8308,0.8125,0.8249,0.8214,MAS,0.7152382106922072,1.5032125106073424
native,ocbc,KRW,SGD,KRW/SGD,100,"SGD 0 – 39,999.99",tier_1,,,fxRatesSgd,2026-09-08T07:00:14,2026-09-08T07:00:14,2026-09-08T16:46:26.844494+00:00,0.0,0.0,0.0944,0.0,MAS,-100.0,100.0
native,ocbc,KRW,SGD,KRW/SGD,100,"SGD 40,000 – 100,000",tier_2,,,fxRatesSgd,2026-09-08T07:00:14,2026-09-08T07:00:14,2026-09-08T16:46:26.844494+00:00,0.0,0.0,0.0944,0.0,MAS,-100.0,100.0
native,ocbc,LKR,SGD,LKR/SGD,100,"SGD 0 – 39,999.99",tier_1,,,fxRatesSgd,2026-09-08T07:00:14,2026-09-08T07:00:14,2026-09-08T16:46:26.844494+00:00,0.3979,0.0,,0.3979,,,
native,ocbc,LKR,SGD,LKR/SGD,100,"SGD 40,000 – 100,000",tier_2,,,fxRatesSgd,2026-09-08T07:00:14,2026-09-08T07:00:14,2026-09-08T16:46:26.844494+00:00,0.3971,0.0,,0.3979,,,
native,ocbc,MAD,SGD,MAD/SGD,100,"SGD 0 – 39,999.99",tier_1,,,fxRatesSgd,2026-09-08T07:00:14,2026-09-08T07:00:14,2026-09-08T16:46:26.844494+00:00,0.0,0.0,,0.0,,,
native,ocbc,MAD,SGD,MAD/SGD,100,"SGD 40,000 – 100,000",tier_2,,,fxRatesSgd,2026-09-08T07:00:14,2026-09-08T07:00:14,2026-09-08T16:46:26.844494+00:00,0.0,0.0,,0.0,,,
native,ocbc,MXN,SGD,MXN/SGD,100,"SGD 0 – 39,999.99",tier_1,,,fxRatesSgd,2026-09-08T07:00:14,2026-09-08T07:00:14,2026-09-08T16:46:26.844494+00:00,7.7186,0.0,,7.7186,,,
native,ocbc,MXN,SGD,MXN/SGD,100,"SGD 40,000 – 100,000",tier_2,,,fxRatesSgd,2026-09-08T07:00:14,2026-09-08T07:00:14,2026-09-08T16:46:26.844494+00:00,7.7171,0.0,,7.7186,,,
native,ocbc,MYR,SGD,MYR/SGD,100,"SGD 0 – 39,999.99",tier_1,,,fxRatesSgd,2026-09-08T07:00:14,2026-09-08T07:00:14,2026-09-08T16:46:26.844494+00:00,0.0,0.0,31.19,0.0,MAS,-100.0,100.0
native,ocbc,MYR,SGD,MYR/SGD,100,"SGD 40,000 – 100,000",tier_2,,,fxRatesSgd,2026-09-08T07:00:14,2026-09-08T07:00:14,2026-09-08T16:46:26.844494+00:00,0.0,0.0,31.19,0.0,MAS,-100.0,100.0
native,ocbc,NOK,SGD,NOK/SGD,100,"SGD 0 – 39,999.99",tier_1,,,fxRatesSgd,2026-09-08T07:00:14,2026-09-08T07:00:14,2026-09-08T16:46:26.844494+00:00,13.9156,13.4199,,13.6678,,,
native,ocbc,NOK,SGD,NOK/SGD,100,"SGD 40,000 – 100,000",tier_2,,,fxRatesSgd,2026-09-08T07:00:14,2026-09-08T07:00:14,2026-09-08T16:46:26.844494+00:00,13.8883,13.4472,,13.6678,,,
native,ocbc,NZD,SGD,NZD/SGD,1,"SGD 0 – 39,999.99",tier_1,,,fxRatesSgd,2026-09-08T07:00:14,2026-09-08T07:00:14,2026-09-08T16:46:26.844494+00:00,0.7549,0.7292,0.7406999999999999,0.7421,MAS,1.9171054407992578,1.5525853921965649
native,ocbc,NZD,SGD,NZD/SGD,1,"SGD 40,000 – 100,000",tier_2,,,fxRatesSgd,2026-09-08T07:00:14,2026-09-08T07:00:14,2026-09-08T16:46:26.844494+00:00,0.753,0.7314,0.7406999999999999,0.7421,MAS,1.660591332523301,1.2555690562980781
native,ocbc,OMR,SGD,OMR/SGD,1,"SGD 0 – 39,999.99",tier_1,,,fxRatesSgd,2026-09-08T07:00:14,2026-09-08T07:00:14,2026-09-08T16:46:26.844494+00:00,0.0,0.0,,0.0,,,
native,ocbc,OMR,SGD,OMR/SGD,1,"SGD 40,000 – 100,000",tier_2,,,fxRatesSgd,2026-09-08T07:00:14,2026-09-08T07:00:14,2026-09-08T16:46:26.844494+00:00,0.0,0.0,,0.0,,,
native,ocbc,PHP,SGD,PHP/SGD,100,"SGD 0 – 39,999.99",tier_1,,,fxRatesSgd,2026-09-08T07:00:14,2026-09-08T07:00:14,2026-09-08T16:46:26.844494+00:00,2.0848,0.0,2.0234,2.0848,MAS,3.0344963922111248,100.0
native,ocbc,PHP,SGD,PHP/SGD,100,"SGD 40,000 – 100,000",tier_2,,,fxRatesSgd,2026-09-08T07:00:14,2026-09-08T07:00:14,2026-09-08T16:46:26.844494+00:00,2.0838,0.0,2.0234,2.0848,MAS,2.985074626865672,100.0
native,ocbc,PLN,SGD,PLN/SGD,100,"SGD 0 – 39,999.99",tier_1,,,fxRatesSgd,2026-09-08T07:00:14,2026-09-08T07:00:14,2026-09-08T16:46:26.844494+00:00,35.1788,32.9882,,34.0835,,,
native,ocbc,PLN,SGD,PLN/SGD,100,"SGD 40,000 – 100,000",tier_2,,,fxRatesSgd,2026-09-08T07:00:14,2026-09-08T07:00:14,2026-09-08T16:46:26.844494+00:00,35.1615,33.0151,,34.0835,,,
native,ocbc,QAR,SGD,QAR/SGD,100,"SGD 0 – 39,999.99",tier_1,,,fxRatesSgd,2026-09-08T07:00:14,2026-09-08T07:00:14,2026-09-08T16:46:26.844494+00:00,35.7261,33.684,34.7,34.7051,MAS,2.957060518731987,2.927953890489929
native,ocbc,QAR,SGD,QAR/SGD,100,"SGD 40,000 – 100,000",tier_2,,,fxRatesSgd,2026-09-08T07:00:14,2026-09-08T07:00:14,2026-09-08T16:46:26.844494+00:00,35.705,33.7012,34.7,34.7051,MAS,2.896253602305462,2.878386167146982
native,ocbc,RON,SGD,RON/SGD,100,"SGD 0 – 39,999.99",tier_1,,,fxRatesSgd,2026-09-08T07:00:14,2026-09-08T07:00:14,2026-09-08T16:46:26.844494+00:00,0.0,0.0,,0.0,,,
native,ocbc,RON,SGD,RON/SGD,100,"SGD 40,000 – 100,000",tier_2,,,fxRatesSgd,2026-09-08T07:00:14,2026-09-08T07:00:14,2026-09-08T16:46:26.844494+00:00,0.0,0.0,,0.0,,,
native,ocbc,RUB,SGD,RUB/SGD,100,"SGD 0 – 39,999.99",tier_1,,,fxRatesSgd,2026-09-08T07:00:14,2026-09-08T07:00:14,2026-09-08T16:46:26.844494+00:00,0.0,0.0,,0.0,,,
native,ocbc,RUB,SGD,RUB/SGD,100,"SGD 40,000 – 100,000",tier_2,,,fxRatesSgd,2026-09-08T07:00:14,2026-09-08T07:00:14,2026-09-08T16:46:26.844494+00:00,0.0,0.0,,0.0,,,
native,ocbc,SAR,SGD,SAR/SGD,100,"SGD 0 – 39,999.99",tier_1,,,fxRatesSgd,2026-09-08T07:00:14,2026-09-08T07:00:14,2026-09-08T16:46:26.844494+00:00,34.6567,32.7485,33.68,33.7026,MAS,2.8999406175772005,2.765736342042755
native,ocbc,SAR,SGD,SAR/SGD,100,"SGD 40,000 – 100,000",tier_2,,,fxRatesSgd,2026-09-08T07:00:14,2026-09-08T07:00:14,2026-09-08T16:46:26.844494+00:00,34.6396,32.7651,33.68,33.7026,MAS,2.8491686460807655,2.7164489311163984
native,ocbc,SEK,SGD,SEK/SGD,100,"SGD 0 – 39,999.99",tier_1,,,fxRatesSgd,2026-09-08T07:00:14,2026-09-08T07:00:14,2026-09-08T16:46:26.844494+00:00,13.4153,12.9376,,13.1765,,,
native,ocbc,SEK,SGD,SEK/SGD,100,"SGD 40,000 – 100,000",tier_2,,,fxRatesSgd,2026-09-08T07:00:14,2026-09-08T07:00:14,2026-09-08T16:46:26.844494+00:00,13.389,12.964,,13.1765,,,
native,ocbc,THB,SGD,THB/SGD,100,"SGD 0 – 39,999.99",tier_1,,,fxRatesSgd,2026-09-08T07:00:14,2026-09-08T07:00:14,2026-09-08T16:46:26.844494+00:00,3.9518,3.7349,3.8486,3.8434,MAS,2.6814945694538324,2.95432105181104
native,ocbc,THB,SGD,THB/SGD,100,"SGD 40,000 – 100,000",tier_2,,,fxRatesSgd,2026-09-08T07:00:14,2026-09-08T07:00:14,2026-09-08T16:46:26.844494+00:00,3.9443,3.7426,3.8486,3.8434,MAS,2.48661851062725,2.7542482980824166
native,ocbc,TRY,SGD,TRY/SGD,100,"SGD 0 – 39,999.99",tier_1,,,fxRatesSgd,2026-09-08T07:00:14,2026-09-08T07:00:14,2026-09-08T16:46:26.844494+00:00,2.683,2.572,,2.6275,,,
native,ocbc,TRY,SGD,TRY/SGD,100,"SGD 40,000 – 100,000",tier_2,,,fxRatesSgd,2026-09-08T07:00:14,2026-09-08T07:00:14,2026-09-08T16:46:26.844494+00:00,2.6816,2.5723,,2.6275,,,
native,ocbc,TWD,SGD,TWD/SGD,100,"SGD 0 – 39,999.99",tier_1,,,fxRatesSgd,2026-09-08T07:00:14,2026-09-08T07:00:14,2026-09-08T16:46:26.844494+00:00,4.168,0.0,4.0197,4.168,MAS,3.6893300495061787,100.0
native,ocbc,TWD,SGD,TWD/SGD,100,"SGD 40,000 – 100,000",tier_2,,,fxRatesSgd,2026-09-08T07:00:14,2026-09-08T07:00:14,2026-09-08T16:46:26.844494+00:00,0.0,0.0,4.0197,4.168,MAS,-100.0,100.0
native,ocbc,USD,SGD,USD/SGD,1,"SGD 0 – 39,999.99",tier_1,,,fxRatesSgd,2026-09-08T07:00:14,2026-09-08T07:00:14,2026-09-08T16:46:26.844494+00:00,1.2781,1.2552,1.2649,1.2667,MAS,1.0435607557909796,0.766859040240321
native,ocbc,USD,SGD,USD/SGD,1,"SGD 40,000 – 100,000",tier_2,,,fxRatesSgd,2026-09-08T07:00:14,2026-09-08T07:00:14,2026-09-08T16:46:26.844494+00:00,1.2769,1.2563,1.2649,1.2667,MAS,0.9486915961736114,0.6798956439244163
native,ocbc,ZAR,SGD,ZAR/SGD,100,"SGD 0 – 39,999.99",tier_1,,,fxRatesSgd,2026-09-08T07:00:14,2026-09-08T07:00:14,2026-09-08T16:46:26.844494+00:00,8.1293,7.6512,,7.8903,,,
native,ocbc,ZAR,SGD,ZAR/SGD,100,"SGD 40,000 – 100,000",tier_2,,,fxRatesSgd,2026-09-08T07:00:14,2026-09-08T07:00:14,2026-09-08T16:46:26.844494+00:00,8.1254,7.6552,,7.8903,,,
native,uob,AED,SGD,AED/SGD,100,Indicative board,board,,,forex_sgd,08 September 2026 05:53:27 PM,08 September 2026 05:53:27 PM,2026-09-08T16:46:28.573497+00:00,35.32,33.62,34.44,34.47,MAS,2.555168408826953,2.380952380952382
native,uob,AOA,SGD,AOA/SGD,100,Indicative board,board,,,forex_sgd,08 September 2026 05:53:27 PM,08 September 2026 05:53:27 PM,2026-09-08T16:46:28.573497+00:00,0.1423,,,,,,
native,uob,AUD,SGD,AUD/SGD,1,Indicative board,board,,,forex_sgd,08 September 2026 05:53:27 PM,08 September 2026 05:53:27 PM,2026-09-08T16:46:28.573497+00:00,0.9284,0.8974,0.9126000000000001,0.9129,MAS,1.7313171159324923,1.665570896340138
native,uob,BDT,SGD,BDT/SGD,100,Indicative board,board,,,forex_sgd,08 September 2026 05:53:27 PM,08 September 2026 05:53:27 PM,2026-09-08T16:46:28.573497+00:00,1.0581,,,,,,
native,uob,BND,SGD,BND/SGD,1,Indicative board,board,,,forex_sgd,08 September 2026 05:53:27 PM,08 September 2026 05:53:27 PM,2026-09-08T16:46:28.573497+00:00,1.0,1.0,,1.0,,,
native,uob,CAD,SGD,CAD/SGD,1,Indicative board,board,,,forex_sgd,08 September 2026 05:53:27 PM,08 September 2026 05:53:27 PM,2026-09-08T16:46:28.573497+00:00,0.9273,0.9073,0.9163,0.9173,MAS,1.2004801920768318,0.9822110662446806
native,uob,CHF,SGD,CHF/SGD,100,Indicative board,board,,,forex_sgd,08 September 2026 05:53:27 PM,08 September 2026 05:53:27 PM,2026-09-08T16:46:28.573497+00:00,157.72,154.42,156.27,156.07,MAS,0.9278812312023987,1.1838484673961878
native,uob,CNH,SGD,CNH/SGD,100,Indicative board,board,,,forex_sgd,08 September 2026 05:53:27 PM,08 September 2026 05:53:27 PM,2026-09-08T16:46:28.573497+00:00,19.1,18.64,,18.87,,,
native,uob,DKK,SGD,DKK/SGD,100,Indicative board,board,,,forex_sgd,08 September 2026 05:53:27 PM,08 September 2026 05:53:27 PM,2026-09-08T16:46:28.573497+00:00,20.02,19.32,,19.67,,,
native,uob,EGP,SGD,EGP/SGD,100,Indicative board,board,,,forex_sgd,08 September 2026 05:53:27 PM,08 September 2026 05:53:27 PM,2026-09-08T16:46:28.573497+00:00,2.5533,,,,,,
native,uob,EUR,SGD,EUR/SGD,1,Indicative board,board,,,forex_sgd,08 September 2026 05:53:27 PM,08 September 2026 05:53:27 PM,2026-09-08T16:46:28.573497+00:00,1.4896,1.4516,1.4704,1.4706000000000001,MAS,1.3057671381936962,1.278563656147982
native,uob,GBP,SGD,GBP/SGD,1,Indicative board,board,,,forex_sgd,08 September 2026 05:53:27 PM,08 September 2026 05:53:27 PM,2026-09-08T16:46:28.573497+00:00,1.7355,1.6905,1.7123,1.713,MAS,1.3549027623664143,1.2731413887753338
native,uob,HKD,SGD,HKD/SGD,100,Indicative board,board,,,forex_sgd,08 September 2026 05:53:27 PM,08 September 2026 05:53:27 PM,2026-09-08T16:46:28.573497+00:00,16.319,15.961,16.13,16.14,MAS,1.1717296962182273,1.0477371357718457
native,uob,INR,SGD,INR/SGD,100,Indicative board,board,,,forex_sgd,08 September 2026 05:53:27 PM,08 September 2026 05:53:27 PM,2026-09-08T16:46:28.573497+00:00,1.3718,,1.3361,,MAS,2.671955691939214,
native,uob,JPY,SGD,JPY/SGD,100,Indicative board,board,,,forex_sgd,08 September 2026 05:53:27 PM,08 September 2026 05:53:27 PM,2026-09-08T16:46:28.573497+00:00,0.8394,0.8054,0.8249,0.8224,MAS,1.757788822887631,2.363922899745419
native,uob,KRW,SGD,KRW/SGD,1000,Indicative board,board,,,forex_sgd,08 September 2026 05:53:27 PM,08 September 2026 05:53:27 PM,2026-09-08T16:46:28.573497+00:00,0.9577,,0.944,,MAS,1.4512711864406829,
native,uob,KWD,SGD,KWD/SGD,1,Indicative board,board,,,forex_sgd,08 September 2026 05:53:27 PM,08 September 2026 05:53:27 PM,2026-09-08T16:46:28.573497+00:00,4.1604,,,,,,
native,uob,LKR,SGD,LKR/SGD,100,Indicative board,board,,,forex_sgd,08 September 2026 05:53:27 PM,08 September 2026 05:53:27 PM,2026-09-08T16:46:28.573497+00:00,0.3918,,,,,,
native,uob,MXN,SGD,MXN/SGD,100,Indicative board,board,,,forex_sgd,08 September 2026 05:53:27 PM,08 September 2026 05:53:27 PM,2026-09-08T16:46:28.573497+00:00,7.5512,,,,,,
native,uob,MYR,SGD,MYR/SGD,100,Indicative board,board,,,forex_sgd,08 September 2026 05:53:27 PM,08 September 2026 05:53:27 PM,2026-09-08T16:46:28.573497+00:00,31.736,,31.19,,MAS,1.7505610772683533,
native,uob,NOK,SGD,NOK/SGD,100,Indicative board,board,,,forex_sgd,08 September 2026 05:53:27 PM,08 September 2026 05:53:27 PM,2026-09-08T16:46:28.573497+00:00,13.88,13.44,,13.66,,,
native,uob,NZD,SGD,NZD/SGD,1,Indicative board,board,,,forex_sgd,08 September 2026 05:53:27 PM,08 September 2026 05:53:27 PM,2026-09-08T16:46:28.573497+00:00,0.7501,0.7301,0.7406999999999999,0.7401,MAS,1.2690697988389466,1.4310787093290054
native,uob,PHP,SGD,PHP/SGD,100,Indicative board,board,,,forex_sgd,08 September 2026 05:53:27 PM,08 September 2026 05:53:27 PM,2026-09-08T16:46:28.573497+00:00,2.0686,,2.0234,,MAS,2.233863793614703,
native,uob,PKR,SGD,PKR/SGD,100,Indicative board,board,,,forex_sgd,08 September 2026 05:53:27 PM,08 September 2026 05:53:27 PM,2026-09-08T16:46:28.573497+00:00,0.4623,,,,,,
native,uob,SAR,SGD,SAR/SGD,100,Indicative board,board,,,forex_sgd,08 September 2026 05:53:27 PM,08 September 2026 05:53:27 PM,2026-09-08T16:46:28.573497+00:00,,,33.68,,MAS,,
native,uob,SEK,SGD,SEK/SGD,100,Indicative board,board,,,forex_sgd,08 September 2026 05:53:27 PM,08 September 2026 05:53:27 PM,2026-09-08T16:46:28.573497+00:00,13.42,12.94,,13.18,,,
native,uob,THB,SGD,THB/SGD,100,Indicative board,board,,,forex_sgd,08 September 2026 05:53:27 PM,08 September 2026 05:53:27 PM,2026-09-08T16:46:28.573497+00:00,3.95,3.75,3.8486,3.85,MAS,2.6347243153354567,2.5619705867068494
native,uob,TWD,SGD,TWD/SGD,100,Indicative board,board,,,forex_sgd,08 September 2026 05:53:27 PM,08 September 2026 05:53:27 PM,2026-09-08T16:46:28.573497+00:00,4.0991,,4.0197,,MAS,1.9752717864517175,
native,uob,USD,SGD,USD/SGD,1,Indicative board,board,,,forex_sgd,08 September 2026 05:53:27 PM,08 September 2026 05:53:27 PM,2026-09-08T16:46:28.573497+00:00,1.278,1.254,1.2649,1.266,MAS,1.0356549924895337,0.8617281998576892
native,uob,VND,SGD,VND/SGD,1000,Indicative board,board,,,forex_sgd,08 September 2026 05:53:27 PM,08 September 2026 05:53:27 PM,2026-09-08T16:46:28.573497+00:00,0.0498,,0.04871,,MAS,2.2377335249435304,
native,uob,XAF,SGD,XAF/SGD,100,Indicative board,board,,,forex_sgd,08 September 2026 05:53:27 PM,08 September 2026 05:53:27 PM,2026-09-08T16:46:28.573497+00:00,0.2302,,,,,,
native,uob,XOF,SGD,XOF/SGD,100,Indicative board,board,,,forex_sgd,08 September 2026 05:53:27 PM,08 September 2026 05:53:27 PM,2026-09-08T16:46:28.573497+00:00,0.2316,,,,,,
native,uob,ZAR,SGD,ZAR/SGD,1,Indicative board,board,,,forex_sgd,08 September 2026 05:53:27 PM,08 September 2026 05:53:27 PM,2026-09-08T16:46:28.573497+00:00,0.0809,0.0769,,0.0789,,,
standardized,dbs,AED,SGD,AED/SGD,1,SGD 50 – 200,amtBtw50And200,"SGD 200 – 39,999.99",std_200_40k,mainCurrencies,2026-09-09 00:45:00,2026-09-08 16:45:13,2026-09-08T16:46:23.831481+00:00,0.3468,0.3421,0.3444,0.34445000000000003,MAS,0.6968641114982618,0.6678281068524881
standardized,dbs,AED,SGD,AED/SGD,1,SGD 50 – 200,amtBtw50And200,"SGD 40,000 – 100,000",std_40k_100k,mainCurrencies,2026-09-09 00:45:00,2026-09-08 16:45:13,2026-09-08T16:46:23.831481+00:00,0.3468,0.3421,0.3444,0.34445000000000003,MAS,0.6968641114982618,0.6678281068524881
standardized,dbs,AED,SGD,AED/SGD,1,SGD 50 – 200,amtBtw50And200,SGD 50 – 200,std_50_200,mainCurrencies,2026-09-09 00:45:00,2026-09-08 16:45:13,2026-09-08T16:46:23.831481+00:00,0.3468,0.3421,0.3444,0.34445000000000003,MAS,0.6968641114982618,0.6678281068524881
standardized,dbs,AED,SGD,AED/SGD,1,SGD < 50,amtLessThan50,SGD < 50,std_lt_50,mainCurrencies,2026-09-09 00:45:00,2026-09-08 16:45:13,2026-09-08T16:46:23.831481+00:00,0.3496,0.3394,0.3444,0.34450000000000003,MAS,1.5098722415795696,1.4518002322880386
standardized,dbs,AUD,SGD,AUD/SGD,1,SGD 50 – 200,amtBtw50And200,"SGD 200 – 39,999.99",std_200_40k,mainCurrencies,2026-09-09 00:45:00,2026-09-08 16:45:13,2026-09-08T16:46:23.831481+00:00,0.9231,0.9029,0.9126000000000001,0.913,MAS,1.15055884286653,1.0628972167433752
standardized,dbs,AUD,SGD,AUD/SGD,1,SGD 50 – 200,amtBtw50And200,"SGD 40,000 – 100,000",std_40k_100k,mainCurrencies,2026-09-09 00:45:00,2026-09-08 16:45:13,2026-09-08T16:46:23.831481+00:00,0.9231,0.9029,0.9126000000000001,0.913,MAS,1.15055884286653,1.0628972167433752
standardized,dbs,AUD,SGD,AUD/SGD,1,SGD 50 – 200,amtBtw50And200,SGD 50 – 200,std_50_200,mainCurrencies,2026-09-09 00:45:00,2026-09-08 16:45:13,2026-09-08T16:46:23.831481+00:00,0.9231,0.9029,0.9126000000000001,0.913,MAS,1.15055884286653,1.0628972167433752
standardized,dbs,AUD,SGD,AUD/SGD,1,SGD < 50,amtLessThan50,SGD < 50,std_lt_50,mainCurrencies,2026-09-09 00:45:00,2026-09-08 16:45:13,2026-09-08T16:46:23.831481+00:00,0.9236,0.9025,0.9126000000000001,0.9130499999999999,MAS,1.2053473591935018,1.1067280298049649
standardized,dbs,BDT,SGD,BDT/SGD,100,SGD 50 – 200,amtBtw50And200,"SGD 200 – 39,999.99",std_200_40k,otherCurrencies,2026-09-09 00:45:00,2026-09-08 16:45:13,2026-09-08T16:46:23.831481+00:00,1.0398,,,,,,
standardized,dbs,BDT,SGD,BDT/SGD,100,SGD 50 – 200,amtBtw50And200,"SGD 40,000 – 100,000",std_40k_100k,otherCurrencies,2026-09-09 00:45:00,2026-09-08 16:45:13,2026-09-08T16:46:23.831481+00:00,1.0398,,,,,,
standardized,dbs,BDT,SGD,BDT/SGD,100,SGD 50 – 200,amtBtw50And200,SGD 50 – 200,std_50_200,otherCurrencies,2026-09-09 00:45:00,2026-09-08 16:45:13,2026-09-08T16:46:23.831481+00:00,1.0398,,,,,,
standardized,dbs,BDT,SGD,BDT/SGD,100,SGD < 50,amtLessThan50,SGD < 50,std_lt_50,otherCurrencies,2026-09-09 00:45:00,2026-09-08 16:45:13,2026-09-08T16:46:23.831481+00:00,1.0398,,,,,,
standardized,dbs,BHD,SGD,BHD/SGD,1,SGD 50 – 200,amtBtw50And200,"SGD 200 – 39,999.99",std_200_40k,otherCurrencies,2026-09-09 00:45:00,2026-09-08 16:45:13,2026-09-08T16:46:23.831481+00:00,3.4186,,,,,,
standardized,dbs,BHD,SGD,BHD/SGD,1,SGD 50 – 200,amtBtw50And200,"SGD 40,000 – 100,000",std_40k_100k,otherCurrencies,2026-09-09 00:45:00,2026-09-08 16:45:13,2026-09-08T16:46:23.831481+00:00,3.4186,,,,,,
standardized,dbs,BHD,SGD,BHD/SGD,1,SGD 50 – 200,amtBtw50And200,SGD 50 – 200,std_50_200,otherCurrencies,2026-09-09 00:45:00,2026-09-08 16:45:13,2026-09-08T16:46:23.831481+00:00,3.4186,,,,,,
standardized,dbs,BHD,SGD,BHD/SGD,1,SGD < 50,amtLessThan50,SGD < 50,std_lt_50,otherCurrencies,2026-09-09 00:45:00,2026-09-08 16:45:13,2026-09-08T16:46:23.831481+00:00,3.4321,,,,,,
standardized,dbs,BND,SGD,BND/SGD,1,SGD 50 – 200,amtBtw50And200,"SGD 200 – 39,999.99",std_200_40k,otherCurrencies,2026-09-09 00:45:00,2026-09-08 16:45:13,2026-09-08T16:46:23.831481+00:00,1.0,1.0,,1.0,,,
standardized,dbs,BND,SGD,BND/SGD,1,SGD 50 – 200,amtBtw50And200,"SGD 40,000 – 100,000",std_40k_100k,otherCurrencies,2026-09-09 00:45:00,2026-09-08 16:45:13,2026-09-08T16:46:23.831481+00:00,1.0,1.0,,1.0,,,
standardized,dbs,BND,SGD,BND/SGD,1,SGD 50 – 200,amtBtw50And200,SGD 50 – 200,std_50_200,otherCurrencies,2026-09-09 00:45:00,2026-09-08 16:45:13,2026-09-08T16:46:23.831481+00:00,1.0,1.0,,1.0,,,
standardized,dbs,BND,SGD,BND/SGD,1,SGD < 50,amtLessThan50,SGD < 50,std_lt_50,otherCurrencies,2026-09-09 00:45:00,2026-09-08 16:45:13,2026-09-08T16:46:23.831481+00:00,1.0,1.0,,1.0,,,
standardized,dbs,CAD,SGD,CAD/SGD,1,SGD 50 – 200,amtBtw50And200,"SGD 200 – 39,999.99",std_200_40k,mainCurrencies,2026-09-09 00:45:00,2026-09-08 16:45:13,2026-09-08T16:46:23.831481+00:00,0.9242,0.9104,0.9163,0.9173,MAS,0.8621630470369986,0.6438939212048473
standardized,dbs,CAD,SGD,CAD/SGD,1,SGD 50 – 200,amtBtw50And200,"SGD 40,000 – 100,000",std_40k_100k,mainCurrencies,2026-09-09 00:45:00,2026-09-08 16:45:13,2026-09-08T16:46:23.831481+00:00,0.9242,0.9104,0.9163,0.9173,MAS,0.8621630470369986,0.6438939212048473
standardized,dbs,CAD,SGD,CAD/SGD,1,SGD 50 – 200,amtBtw50And200,SGD 50 – 200,std_50_200,mainCurrencies,2026-09-09 00:45:00,2026-09-08 16:45:13,2026-09-08T16:46:23.831481+00:00,0.9242,0.9104,0.9163,0.9173,MAS,0.8621630470369986,0.6438939212048473
standardized,dbs,CAD,SGD,CAD/SGD,1,SGD < 50,amtLessThan50,SGD < 50,std_lt_50,mainCurrencies,2026-09-09 00:45:00,2026-09-08 16:45:13,2026-09-08T16:46:23.831481+00:00,0.9275,0.9072,0.9163,0.91735,MAS,1.2223071046600444,0.9931245225362869
standardized,dbs,CHF,SGD,CHF/SGD,1,SGD 50 – 200,amtBtw50And200,"SGD 200 – 39,999.99",std_200_40k,mainCurrencies,2026-09-09 00:45:00,2026-09-08 16:45:13,2026-09-08T16:46:23.831481+00:00,1.5774,1.5475,1.5627000000000002,1.5624500000000001,MAS,0.940679593012076,0.9726754975363218
standardized,dbs,CHF,SGD,CHF/SGD,1,SGD 50 – 200,amtBtw50And200,"SGD 40,000 – 100,000",std_40k_100k,mainCurrencies,2026-09-09 00:45:00,2026-09-08 16:45:13,2026-09-08T16:46:23.831481+00:00,1.5774,1.5475,1.5627000000000002,1.5624500000000001,MAS,0.940679593012076,0.9726754975363218
standardized,dbs,CHF,SGD,CHF/SGD,1,SGD 50 – 200,amtBtw50And200,SGD 50 – 200,std_50_200,mainCurrencies,2026-09-09 00:45:00,2026-09-08 16:45:13,2026-09-08T16:46:23.831481+00:00,1.5774,1.5475,1.5627000000000002,1.5624500000000001,MAS,0.940679593012076,0.9726754975363218
standardized,dbs,CHF,SGD,CHF/SGD,1,SGD < 50,amtLessThan50,SGD < 50,std_lt_50,mainCurrencies,2026-09-09 00:45:00,2026-09-08 16:45:13,2026-09-08T16:46:23.831481+00:00,1.5781,1.5467,1.5627000000000002,1.5624,MAS,0.9854738593459944,1.023868944775084
standardized,dbs,CNH,SGD,CNH/SGD,1,SGD 50 – 200,amtBtw50And200,"SGD 200 – 39,999.99",std_200_40k,mainCurrencies,2026-09-09 00:45:00,2026-09-08 16:45:13,2026-09-08T16:46:23.831481+00:00,0.1908,0.1864,,0.1886,,,
standardized,dbs,CNH,SGD,CNH/SGD,1,SGD 50 – 200,amtBtw50And200,"SGD 40,000 – 100,000",std_40k_100k,mainCurrencies,2026-09-09 00:45:00,2026-09-08 16:45:13,2026-09-08T16:46:23.831481+00:00,0.1908,0.1864,,0.1886,,,
standardized,dbs,CNH,SGD,CNH/SGD,1,SGD 50 – 200,amtBtw50And200,SGD 50 – 200,std_50_200,mainCurrencies,2026-09-09 00:45:00,2026-09-08 16:45:13,2026-09-08T16:46:23.831481+00:00,0.1908,0.1864,,0.1886,,,
standardized,dbs,CNH,SGD,CNH/SGD,1,SGD < 50,amtLessThan50,SGD < 50,std_lt_50,mainCurrencies,2026-09-09 00:45:00,2026-09-08 16:45:13,2026-09-08T16:46:23.831481+00:00,0.1914,0.1858,,0.1886,,,
standardized,dbs,CNY,SGD,CNY/SGD,1,SGD 50 – 200,amtBtw50And200,"SGD 200 – 39,999.99",std_200_40k,otherCurrencies,2026-09-09 00:45:00,2026-09-08 16:45:13,2026-09-08T16:46:23.831481+00:00,0.1885,,0.1885,,MAS,0.0,
standardized,dbs,CNY,SGD,CNY/SGD,1,SGD 50 – 200,amtBtw50And200,"SGD 40,000 – 100,000",std_40k_100k,otherCurrencies,2026-09-09 00:45:00,2026-09-08 16:45:13,2026-09-08T16:46:23.831481+00:00,0.1885,,0.1885,,MAS,0.0,
standardized,dbs,CNY,SGD,CNY/SGD,1,SGD 50 – 200,amtBtw50And200,SGD 50 – 200,std_50_200,otherCurrencies,2026-09-09 00:45:00,2026-09-08 16:45:13,2026-09-08T16:46:23.831481+00:00,0.1885,,0.1885,,MAS,0.0,
standardized,dbs,CNY,SGD,CNY/SGD,1,SGD < 50,amtLessThan50,SGD < 50,std_lt_50,otherCurrencies,2026-09-09 00:45:00,2026-09-08 16:45:13,2026-09-08T16:46:23.831481+00:00,0.1902,,0.1885,,MAS,0.9018567639257331,
standardized,dbs,DKK,SGD,DKK/SGD,1,SGD 50 – 200,amtBtw50And200,"SGD 200 – 39,999.99",std_200_40k,mainCurrencies,2026-09-09 00:45:00,2026-09-08 16:45:13,2026-09-08T16:46:23.831481+00:00,0.1994,0.1939,,0.19665,,,
standardized,dbs,DKK,SGD,DKK/SGD,1,SGD 50 – 200,amtBtw50And200,"SGD 40,000 – 100,000",std_40k_100k,mainCurrencies,2026-09-09 00:45:00,2026-09-08 16:45:13,2026-09-08T16:46:23.831481+00:00,0.1994,0.1939,,0.19665,,,
standardized,dbs,DKK,SGD,DKK/SGD,1,SGD 50 – 200,amtBtw50And200,SGD 50 – 200,std_50_200,mainCurrencies,2026-09-09 00:45:00,2026-09-08 16:45:13,2026-09-08T16:46:23.831481+00:00,0.1994,0.1939,,0.19665,,,
standardized,dbs,DKK,SGD,DKK/SGD,1,SGD < 50,amtLessThan50,SGD < 50,std_lt_50,mainCurrencies,2026-09-09 00:45:00,2026-09-08 16:45:13,2026-09-08T16:46:23.831481+00:00,0.1997,0.1936,,0.19665,,,
standardized,dbs,EUR,SGD,EUR/SGD,1,SGD 50 – 200,amtBtw50And200,"SGD 200 – 39,999.99",std_200_40k,mainCurrencies,2026-09-09 00:45:00,2026-09-08 16:45:13,2026-09-08T16:46:23.831481+00:00,1.4828,1.4577,1.4704,1.47025,MAS,0.8433079434167551,0.8637105549510292
standardized,dbs,EUR,SGD,EUR/SGD,1,SGD 50 – 200,amtBtw50And200,"SGD 40,000 – 100,000",std_40k_100k,mainCurrencies,2026-09-09 00:45:00,2026-09-08 16:45:13,2026-09-08T16:46:23.831481+00:00,1.4828,1.4577,1.4704,1.47025,MAS,0.8433079434167551,0.8637105549510292
standardized,dbs,EUR,SGD,EUR/SGD,1,SGD 50 – 200,amtBtw50And200,SGD 50 – 200,std_50_200,mainCurrencies,2026-09-09 00:45:00,2026-09-08 16:45:13,2026-09-08T16:46:23.831481+00:00,1.4828,1.4577,1.4704,1.47025,MAS,0.8433079434167551,0.8637105549510292
standardized,dbs,EUR,SGD,EUR/SGD,1,SGD < 50,amtLessThan50,SGD < 50,std_lt_50,mainCurrencies,2026-09-09 00:45:00,2026-09-08 16:45:13,2026-09-08T16:46:23.831481+00:00,1.4836,1.457,1.4704,1.4703,MAS,0.8977149075081678,0.9113166485310022
standardized,dbs,GBP,SGD,GBP/SGD,1,SGD 50 – 200,amtBtw50And200,"SGD 200 – 39,999.99",std_200_40k,mainCurrencies,2026-09-09 00:45:00,2026-09-08 16:45:13,2026-09-08T16:46:23.831481+00:00,1.7251,1.6993,1.7123,1.7122000000000002,MAS,0.7475325585469921,0.7592127547742744
standardized,dbs,GBP,SGD,GBP/SGD,1,SGD 50 – 200,amtBtw50And200,"SGD 40,000 – 100,000",std_40k_100k,mainCurrencies,2026-09-09 00:45:00,2026-09-08 16:45:13,2026-09-08T16:46:23.831481+00:00,1.7251,1.6993,1.7123,1.7122000000000002,MAS,0.7475325585469921,0.7592127547742744
standardized,dbs,GBP,SGD,GBP/SGD,1,SGD 50 – 200,amtBtw50And200,SGD 50 – 200,std_50_200,mainCurrencies,2026-09-09 00:45:00,2026-09-08 16:45:13,2026-09-08T16:46:23.831481+00:00,1.7251,1.6993,1.7123,1.7122000000000002,MAS,0.7475325585469921,0.7592127547742744
standardized,dbs,GBP,SGD,GBP/SGD,1,SGD < 50,amtLessThan50,SGD < 50,std_lt_50,mainCurrencies,2026-09-09 00:45:00,2026-09-08 16:45:13,2026-09-08T16:46:23.831481+00:00,1.7268,1.6975,1.7123,1.7121499999999998,MAS,0.8468142264790025,0.8643345208199454
standardized,dbs,HKD,SGD,HKD/SGD,1,SGD 50 – 200,amtBtw50And200,"SGD 200 – 39,999.99",std_200_40k,mainCurrencies,2026-09-09 00:45:00,2026-09-08 16:45:13,2026-09-08T16:46:23.831481+00:00,0.1629,0.1597,0.1613,0.1613,MAS,0.9919404835709797,0.9919404835709797
standardized,dbs,HKD,SGD,HKD/SGD,1,SGD 50 – 200,amtBtw50And200,"SGD 40,000 – 100,000",std_40k_100k,mainCurrencies,2026-09-09 00:45:00,2026-09-08 16:45:13,2026-09-08T16:46:23.831481+00:00,0.1629,0.1597,0.1613,0.1613,MAS,0.9919404835709797,0.9919404835709797
standardized,dbs,HKD,SGD,HKD/SGD,1,SGD 50 – 200,amtBtw50And200,SGD 50 – 200,std_50_200,mainCurrencies,2026-09-09 00:45:00,2026-09-08 16:45:13,2026-09-08T16:46:23.831481+00:00,0.1629,0.1597,0.1613,0.1613,MAS,0.9919404835709797,0.9919404835709797
standardized,dbs,HKD,SGD,HKD/SGD,1,SGD < 50,amtLessThan50,SGD < 50,std_lt_50,mainCurrencies,2026-09-09 00:45:00,2026-09-08 16:45:13,2026-09-08T16:46:23.831481+00:00,0.1631,0.1595,0.1613,0.1613,MAS,1.1159330440173565,1.1159330440173565
standardized,dbs,HUF,SGD,HUF/SGD,100,SGD 50 – 200,amtBtw50And200,"SGD 200 – 39,999.99",std_200_40k,otherCurrencies,2026-09-09 00:45:00,2026-09-08 16:45:13,2026-09-08T16:46:23.831481+00:00,0.4124,,,,,,
standardized,dbs,HUF,SGD,HUF/SGD,100,SGD 50 – 200,amtBtw50And200,"SGD 40,000 – 100,000",std_40k_100k,otherCurrencies,2026-09-09 00:45:00,2026-09-08 16:45:13,2026-09-08T16:46:23.831481+00:00,0.4124,,,,,,
standardized,dbs,HUF,SGD,HUF/SGD,100,SGD 50 – 200,amtBtw50And200,SGD 50 – 200,std_50_200,otherCurrencies,2026-09-09 00:45:00,2026-09-08 16:45:13,2026-09-08T16:46:23.831481+00:00,0.4124,,,,,,
standardized,dbs,HUF,SGD,HUF/SGD,100,SGD < 50,amtLessThan50,SGD < 50,std_lt_50,otherCurrencies,2026-09-09 00:45:00,2026-09-08 16:45:13,2026-09-08T16:46:23.831481+00:00,0.414,,,,,,
standardized,dbs,ID0,SGD,ID0/SGD,100,SGD 50 – 200,amtBtw50And200,"SGD 200 – 39,999.99",std_200_40k,otherCurrencies,2026-09-09 00:45:00,2026-09-08 16:45:13,2026-09-08T16:46:23.831481+00:00,,,,,,,
standardized,dbs,ID0,SGD,ID0/SGD,100,SGD 50 – 200,amtBtw50And200,"SGD 40,000 – 100,000",std_40k_100k,otherCurrencies,2026-09-09 00:45:00,2026-09-08 16:45:13,2026-09-08T16:46:23.831481+00:00,,,,,,,
standardized,dbs,ID0,SGD,ID0/SGD,100,SGD 50 – 200,amtBtw50And200,SGD 50 – 200,std_50_200,otherCurrencies,2026-09-09 00:45:00,2026-09-08 16:45:13,2026-09-08T16:46:23.831481+00:00,,,,,,,
standardized,dbs,ID0,SGD,ID0/SGD,100,SGD < 50,amtLessThan50,SGD < 50,std_lt_50,otherCurrencies,2026-09-09 00:45:00,2026-09-08 16:45:13,2026-09-08T16:46:23.831481+00:00,,0.0071,,,,,
standardized,dbs,IDR,SGD,IDR/SGD,100,SGD 50 – 200,amtBtw50And200,"SGD 200 – 39,999.99",std_200_40k,mainCurrencies,2026-09-09 00:45:00,2026-09-08 16:45:13,2026-09-08T16:46:23.831481+00:00,0.0073,,0.007186,,MAS,1.5864180350681938,
standardized,dbs,IDR,SGD,IDR/SGD,100,SGD 50 – 200,amtBtw50And200,"SGD 40,000 – 100,000",std_40k_100k,mainCurrencies,2026-09-09 00:45:00,2026-09-08 16:45:13,2026-09-08T16:46:23.831481+00:00,0.0073,,0.007186,,MAS,1.5864180350681938,
standardized,dbs,IDR,SGD,IDR/SGD,100,SGD 50 – 200,amtBtw50And200,SGD 50 – 200,std_50_200,mainCurrencies,2026-09-09 00:45:00,2026-09-08 16:45:13,2026-09-08T16:46:23.831481+00:00,0.0073,,0.007186,,MAS,1.5864180350681938,
standardized,dbs,IDR,SGD,IDR/SGD,100,SGD < 50,amtLessThan50,SGD < 50,std_lt_50,mainCurrencies,2026-09-09 00:45:00,2026-09-08 16:45:13,2026-09-08T16:46:23.831481+00:00,0.0073,,0.007186,,MAS,1.5864180350681938,
standardized,dbs,IN0,SGD,IN0/SGD,100,SGD 50 – 200,amtBtw50And200,"SGD 200 – 39,999.99",std_200_40k,otherCurrencies,2026-09-09 00:45:00,2026-09-08 16:45:13,2026-09-08T16:46:23.831481+00:00,,1.3308,,,,,
standardized,dbs,IN0,SGD,IN0/SGD,100,SGD 50 – 200,amtBtw50And200,"SGD 40,000 – 100,000",std_40k_100k,otherCurrencies,2026-09-09 00:45:00,2026-09-08 16:45:13,2026-09-08T16:46:23.831481+00:00,,1.3308,,,,,
standardized,dbs,IN0,SGD,IN0/SGD,100,SGD 50 – 200,amtBtw50And200,SGD 50 – 200,std_50_200,otherCurrencies,2026-09-09 00:45:00,2026-09-08 16:45:13,2026-09-08T16:46:23.831481+00:00,,1.3308,,,,,
standardized,dbs,IN0,SGD,IN0/SGD,100,SGD < 50,amtLessThan50,SGD < 50,std_lt_50,otherCurrencies,2026-09-09 00:45:00,2026-09-08 16:45:13,2026-09-08T16:46:23.831481+00:00,,1.3308,,,,,
standardized,dbs,INR,SGD,INR/SGD,100,SGD 50 – 200,amtBtw50And200,"SGD 200 – 39,999.99",std_200_40k,otherCurrencies,2026-09-09 00:45:00,2026-09-08 16:45:13,2026-09-08T16:46:23.831481+00:00,1.3486,,1.3361,,MAS,0.9355587156649917,
standardized,dbs,INR,SGD,INR/SGD,100,SGD 50 – 200,amtBtw50And200,"SGD 40,000 – 100,000",std_40k_100k,otherCurrencies,2026-09-09 00:45:00,2026-09-08 16:45:13,2026-09-08T16:46:23.831481+00:00,1.3486,,1.3361,,MAS,0.9355587156649917,
standardized,dbs,INR,SGD,INR/SGD,100,SGD 50 – 200,amtBtw50And200,SGD 50 – 200,std_50_200,otherCurrencies,2026-09-09 00:45:00,2026-09-08 16:45:13,2026-09-08T16:46:23.831481+00:00,1.3486,,1.3361,,MAS,0.9355587156649917,
standardized,dbs,INR,SGD,INR/SGD,100,SGD < 50,amtLessThan50,SGD < 50,std_lt_50,otherCurrencies,2026-09-09 00:45:00,2026-09-08 16:45:13,2026-09-08T16:46:23.831481+00:00,1.3593,,1.3361,,MAS,1.7363969762742224,
standardized,dbs,JPY,SGD,JPY/SGD,100,SGD 50 – 200,amtBtw50And200,"SGD 200 – 39,999.99",std_200_40k,mainCurrencies,2026-09-09 00:45:00,2026-09-08 16:45:13,2026-09-08T16:46:23.831481+00:00,0.8281,0.8116,0.8249,0.81985,MAS,0.3879258091889903,1.612316644441748
standardized,dbs,JPY,SGD,JPY/SGD,100,SGD 50 – 200,amtBtw50And200,"SGD 40,000 – 100,000",std_40k_100k,mainCurrencies,2026-09-09 00:45:00,2026-09-08 16:45:13,2026-09-08T16:46:23.831481+00:00,0.8281,0.8116,0.8249,0.81985,MAS,0.3879258091889903,1.612316644441748
standardized,dbs,JPY,SGD,JPY/SGD,100,SGD 50 – 200,amtBtw50And200,SGD 50 – 200,std_50_200,mainCurrencies,2026-09-09 00:45:00,2026-09-08 16:45:13,2026-09-08T16:46:23.831481+00:00,0.8281,0.8116,0.8249,0.81985,MAS,0.3879258091889903,1.612316644441748
standardized,dbs,JPY,SGD,JPY/SGD,100,SGD < 50,amtLessThan50,SGD < 50,std_lt_50,mainCurrencies,2026-09-09 00:45:00,2026-09-08 16:45:13,2026-09-08T16:46:23.831481+00:00,0.8289,0.8108,0.8249,0.81985,MAS,0.4849072614862412,1.7092980967389988
standardized,dbs,KRW,SGD,KRW/SGD,100,SGD 50 – 200,amtBtw50And200,"SGD 200 – 39,999.99",std_200_40k,otherCurrencies,2026-09-09 00:45:00,2026-09-08 16:45:13,2026-09-08T16:46:23.831481+00:00,0.0955,,0.0944,,MAS,1.1652542372881396,
standardized,dbs,KRW,SGD,KRW/SGD,100,SGD 50 – 200,amtBtw50And200,"SGD 40,000 – 100,000",std_40k_100k,otherCurrencies,2026-09-09 00:45:00,2026-09-08 16:45:13,2026-09-08T16:46:23.831481+00:00,0.0955,,0.0944,,MAS,1.1652542372881396,
standardized,dbs,KRW,SGD,KRW/SGD,100,SGD 50 – 200,amtBtw50And200,SGD 50 – 200,std_50_200,otherCurrencies,2026-09-09 00:45:00,2026-09-08 16:45:13,2026-09-08T16:46:23.831481+00:00,0.0955,,0.0944,,MAS,1.1652542372881396,
standardized,dbs,KRW,SGD,KRW/SGD,100,SGD < 50,amtLessThan50,SGD < 50,std_lt_50,otherCurrencies,2026-09-09 00:45:00,2026-09-08 16:45:13,2026-09-08T16:46:23.831481+00:00,0.0955,,0.0944,,MAS,1.1652542372881396,
standardized,dbs,KWD,SGD,KWD/SGD,100,SGD 50 – 200,amtBtw50And200,"SGD 200 – 39,999.99",std_200_40k,otherCurrencies,2026-09-09 00:45:00,2026-09-08 16:45:13,2026-09-08T16:46:23.831481+00:00,419.978,,,,,,
standardized,dbs,KWD,SGD,KWD/SGD,100,SGD 50 – 200,amtBtw50And200,"SGD 40,000 – 100,000",std_40k_100k,otherCurrencies,2026-09-09 00:45:00,2026-09-08 16:45:13,2026-09-08T16:46:23.831481+00:00,419.978,,,,,,
standardized,dbs,KWD,SGD,KWD/SGD,100,SGD 50 – 200,amtBtw50And200,SGD 50 – 200,std_50_200,otherCurrencies,2026-09-09 00:45:00,2026-09-08 16:45:13,2026-09-08T16:46:23.831481+00:00,419.978,,,,,,
standardized,dbs,KWD,SGD,KWD/SGD,100,SGD < 50,amtLessThan50,SGD < 50,std_lt_50,otherCurrencies,2026-09-09 00:45:00,2026-09-08 16:45:13,2026-09-08T16:46:23.831481+00:00,421.6344,,,,,,
standardized,dbs,LKR,SGD,LKR/SGD,100,SGD 50 – 200,amtBtw50And200,"SGD 200 – 39,999.99",std_200_40k,otherCurrencies,2026-09-09 00:45:00,2026-09-08 16:45:13,2026-09-08T16:46:23.831481+00:00,0.3925,,,,,,
standardized,dbs,LKR,SGD,LKR/SGD,100,SGD 50 – 200,amtBtw50And200,"SGD 40,000 – 100,000",std_40k_100k,otherCurrencies,2026-09-09 00:45:00,2026-09-08 16:45:13,2026-09-08T16:46:23.831481+00:00,0.3925,,,,,,
standardized,dbs,LKR,SGD,LKR/SGD,100,SGD 50 – 200,amtBtw50And200,SGD 50 – 200,std_50_200,otherCurrencies,2026-09-09 00:45:00,2026-09-08 16:45:13,2026-09-08T16:46:23.831481+00:00,0.3925,,,,,,
standardized,dbs,LKR,SGD,LKR/SGD,100,SGD < 50,amtLessThan50,SGD < 50,std_lt_50,otherCurrencies,2026-09-09 00:45:00,2026-09-08 16:45:13,2026-09-08T16:46:23.831481+00:00,0.3925,,,,,,
standardized,dbs,MM1,SGD,MM1/SGD,100,SGD 50 – 200,amtBtw50And200,"SGD 200 – 39,999.99",std_200_40k,otherCurrencies,2026-09-09 00:45:00,2026-09-08 16:45:13,2026-09-08T16:46:23.831481+00:00,,,,,,,
standardized,dbs,MM1,SGD,MM1/SGD,100,SGD 50 – 200,amtBtw50And200,"SGD 40,000 – 100,000",std_40k_100k,otherCurrencies,2026-09-09 00:45:00,2026-09-08 16:45:13,2026-09-08T16:46:23.831481+00:00,,,,,,,
standardized,dbs,MM1,SGD,MM1/SGD,100,SGD 50 – 200,amtBtw50And200,SGD 50 – 200,std_50_200,otherCurrencies,2026-09-09 00:45:00,2026-09-08 16:45:13,2026-09-08T16:46:23.831481+00:00,,,,,,,
standardized,dbs,MM1,SGD,MM1/SGD,100,SGD < 50,amtLessThan50,SGD < 50,std_lt_50,otherCurrencies,2026-09-09 00:45:00,2026-09-08 16:45:13,2026-09-08T16:46:23.831481+00:00,,,,,,,
standardized,dbs,MMK,SGD,MMK/SGD,100,SGD 50 – 200,amtBtw50And200,"SGD 200 – 39,999.99",std_200_40k,otherCurrencies,2026-09-09 00:45:00,2026-09-08 16:45:13,2026-09-08T16:46:23.831481+00:00,0.0321,,,,,,
standardized,dbs,MMK,SGD,MMK/SGD,100,SGD 50 – 200,amtBtw50And200,"SGD 40,000 – 100,000",std_40k_100k,otherCurrencies,2026-09-09 00:45:00,2026-09-08 16:45:13,2026-09-08T16:46:23.831481+00:00,0.0321,,,,,,
standardized,dbs,MMK,SGD,MMK/SGD,100,SGD 50 – 200,amtBtw50And200,SGD 50 – 200,std_50_200,otherCurrencies,2026-09-09 00:45:00,2026-09-08 16:45:13,2026-09-08T16:46:23.831481+00:00,0.0321,,,,,,
standardized,dbs,MMK,SGD,MMK/SGD,100,SGD < 50,amtLessThan50,SGD < 50,std_lt_50,otherCurrencies,2026-09-09 00:45:00,2026-09-08 16:45:13,2026-09-08T16:46:23.831481+00:00,0.0321,,,,,,
standardized,dbs,MUR,SGD,MUR/SGD,100,SGD 50 – 200,amtBtw50And200,"SGD 200 – 39,999.99",std_200_40k,otherCurrencies,2026-09-09 00:45:00,2026-09-08 16:45:13,2026-09-08T16:46:23.831481+00:00,2.6814,,,,,,
standardized,dbs,MUR,SGD,MUR/SGD,100,SGD 50 – 200,amtBtw50And200,"SGD 40,000 – 100,000",std_40k_100k,otherCurrencies,2026-09-09 00:45:00,2026-09-08 16:45:13,2026-09-08T16:46:23.831481+00:00,2.6814,,,,,,
standardized,dbs,MUR,SGD,MUR/SGD,100,SGD 50 – 200,amtBtw50And200,SGD 50 – 200,std_50_200,otherCurrencies,2026-09-09 00:45:00,2026-09-08 16:45:13,2026-09-08T16:46:23.831481+00:00,2.6814,,,,,,
standardized,dbs,MUR,SGD,MUR/SGD,100,SGD < 50,amtLessThan50,SGD < 50,std_lt_50,otherCurrencies,2026-09-09 00:45:00,2026-09-08 16:45:13,2026-09-08T16:46:23.831481+00:00,2.692,,,,,,
standardized,dbs,MXN,SGD,MXN/SGD,100,SGD 50 – 200,amtBtw50And200,"SGD 200 – 39,999.99",std_200_40k,mainCurrencies,2026-09-09 00:45:00,2026-09-08 16:45:13,2026-09-08T16:46:23.831481+00:00,7.5877,,,,,,
standardized,dbs,MXN,SGD,MXN/SGD,100,SGD 50 – 200,amtBtw50And200,"SGD 40,000 – 100,000",std_40k_100k,mainCurrencies,2026-09-09 00:45:00,2026-09-08 16:45:13,2026-09-08T16:46:23.831481+00:00,7.5877,,,,,,
standardized,dbs,MXN,SGD,MXN/SGD,100,SGD 50 – 200,amtBtw50And200,SGD 50 – 200,std_50_200,mainCurrencies,2026-09-09 00:45:00,2026-09-08 16:45:13,2026-09-08T16:46:23.831481+00:00,7.5877,,,,,,
standardized,dbs,MXN,SGD,MXN/SGD,100,SGD < 50,amtLessThan50,SGD < 50,std_lt_50,mainCurrencies,2026-09-09 00:45:00,2026-09-08 16:45:13,2026-09-08T16:46:23.831481+00:00,7.5877,,,,,,
standardized,dbs,MY0,SGD,MY0/SGD,1,SGD 50 – 200,amtBtw50And200,"SGD 200 – 39,999.99",std_200_40k,otherCurrencies,2026-09-09 00:45:00,2026-09-08 16:45:13,2026-09-08T16:46:23.831481+00:00,,0.3107,,,,,
standardized,dbs,MY0,SGD,MY0/SGD,1,SGD 50 – 200,amtBtw50And200,"SGD 40,000 – 100,000",std_40k_100k,otherCurrencies,2026-09-09 00:45:00,2026-09-08 16:45:13,2026-09-08T16:46:23.831481+00:00,,0.3107,,,,,
standardized,dbs,MY0,SGD,MY0/SGD,1,SGD 50 – 200,amtBtw50And200,SGD 50 – 200,std_50_200,otherCurrencies,2026-09-09 00:45:00,2026-09-08 16:45:13,2026-09-08T16:46:23.831481+00:00,,0.3107,,,,,
standardized,dbs,MY0,SGD,MY0/SGD,1,SGD < 50,amtLessThan50,SGD < 50,std_lt_50,otherCurrencies,2026-09-09 00:45:00,2026-09-08 16:45:13,2026-09-08T16:46:23.831481+00:00,,0.3107,,,,,
standardized,dbs,MYR,SGD,MYR/SGD,1,SGD 50 – 200,amtBtw50And200,"SGD 200 – 39,999.99",std_200_40k,otherCurrencies,2026-09-09 00:45:00,2026-09-08 16:45:13,2026-09-08T16:46:23.831481+00:00,0.3147,,0.3119,,MAS,0.8977236293683775,
standardized,dbs,MYR,SGD,MYR/SGD,1,SGD 50 – 200,amtBtw50And200,"SGD 40,000 – 100,000",std_40k_100k,otherCurrencies,2026-09-09 00:45:00,2026-09-08 16:45:13,2026-09-08T16:46:23.831481+00:00,0.3147,,0.3119,,MAS,0.8977236293683775,
standardized,dbs,MYR,SGD,MYR/SGD,1,SGD 50 – 200,amtBtw50And200,SGD 50 – 200,std_50_200,otherCurrencies,2026-09-09 00:45:00,2026-09-08 16:45:13,2026-09-08T16:46:23.831481+00:00,0.3147,,0.3119,,MAS,0.8977236293683775,
standardized,dbs,MYR,SGD,MYR/SGD,1,SGD < 50,amtLessThan50,SGD < 50,std_lt_50,otherCurrencies,2026-09-09 00:45:00,2026-09-08 16:45:13,2026-09-08T16:46:23.831481+00:00,0.3147,,0.3119,,MAS,0.8977236293683775,
standardized,dbs,NOK,SGD,NOK/SGD,1,SGD 50 – 200,amtBtw50And200,"SGD 200 – 39,999.99",std_200_40k,mainCurrencies,2026-09-09 00:45:00,2026-09-08 16:45:13,2026-09-08T16:46:23.831481+00:00,0.1386,0.1348,,0.1367,,,
standardized,dbs,NOK,SGD,NOK/SGD,1,SGD 50 – 200,amtBtw50And200,"SGD 40,000 – 100,000",std_40k_100k,mainCurrencies,2026-09-09 00:45:00,2026-09-08 16:45:13,2026-09-08T16:46:23.831481+00:00,0.1386,0.1348,,0.1367,,,
standardized,dbs,NOK,SGD,NOK/SGD,1,SGD 50 – 200,amtBtw50And200,SGD 50 – 200,std_50_200,mainCurrencies,2026-09-09 00:45:00,2026-09-08 16:45:13,2026-09-08T16:46:23.831481+00:00,0.1386,0.1348,,0.1367,,,
standardized,dbs,NOK,SGD,NOK/SGD,1,SGD < 50,amtLessThan50,SGD < 50,std_lt_50,mainCurrencies,2026-09-09 00:45:00,2026-09-08 16:45:13,2026-09-08T16:46:23.831481+00:00,0.139,0.1344,,0.1367,,,
standardized,dbs,NZD,SGD,NZD/SGD,1,SGD 50 – 200,amtBtw50And200,"SGD 200 – 39,999.99",std_200_40k,mainCurrencies,2026-09-09 00:45:00,2026-09-08 16:45:13,2026-09-08T16:46:23.831481+00:00,0.7489,0.7317,0.7406999999999999,0.7403,MAS,1.1070608883488722,1.2150668286755635
standardized,dbs,NZD,SGD,NZD/SGD,1,SGD 50 – 200,amtBtw50And200,"SGD 40,000 – 100,000",std_40k_100k,mainCurrencies,2026-09-09 00:45:00,2026-09-08 16:45:13,2026-09-08T16:46:23.831481+00:00,0.7489,0.7317,0.7406999999999999,0.7403,MAS,1.1070608883488722,1.2150668286755635
standardized,dbs,NZD,SGD,NZD/SGD,1,SGD 50 – 200,amtBtw50And200,SGD 50 – 200,std_50_200,mainCurrencies,2026-09-09 00:45:00,2026-09-08 16:45:13,2026-09-08T16:46:23.831481+00:00,0.7489,0.7317,0.7406999999999999,0.7403,MAS,1.1070608883488722,1.2150668286755635
standardized,dbs,NZD,SGD,NZD/SGD,1,SGD < 50,amtLessThan50,SGD < 50,std_lt_50,mainCurrencies,2026-09-09 00:45:00,2026-09-08 16:45:13,2026-09-08T16:46:23.831481+00:00,0.7496,0.731,0.7406999999999999,0.7403,MAS,1.2015660861347552,1.3095720264614463
standardized,dbs,OMR,SGD,OMR/SGD,1,SGD 50 – 200,amtBtw50And200,"SGD 200 – 39,999.99",std_200_40k,otherCurrencies,2026-09-09 00:45:00,2026-09-08 16:45:13,2026-09-08T16:46:23.831481+00:00,3.3085,,,,,,
standardized,dbs,OMR,SGD,OMR/SGD,1,SGD 50 – 200,amtBtw50And200,"SGD 40,000 – 100,000",std_40k_100k,otherCurrencies,2026-09-09 00:45:00,2026-09-08 16:45:13,2026-09-08T16:46:23.831481+00:00,3.3085,,,,,,
standardized,dbs,OMR,SGD,OMR/SGD,1,SGD 50 – 200,amtBtw50And200,SGD 50 – 200,std_50_200,otherCurrencies,2026-09-09 00:45:00,2026-09-08 16:45:13,2026-09-08T16:46:23.831481+00:00,3.3085,,,,,,
standardized,dbs,OMR,SGD,OMR/SGD,1,SGD < 50,amtLessThan50,SGD < 50,std_lt_50,otherCurrencies,2026-09-09 00:45:00,2026-09-08 16:45:13,2026-09-08T16:46:23.831481+00:00,3.3085,,,,,,
standardized,dbs,PH0,SGD,PH0/SGD,100,SGD 50 – 200,amtBtw50And200,"SGD 200 – 39,999.99",std_200_40k,otherCurrencies,2026-09-09 00:45:00,2026-09-08 16:45:13,2026-09-08T16:46:23.831481+00:00,,2.0189,,,,,
standardized,dbs,PH0,SGD,PH0/SGD,100,SGD 50 – 200,amtBtw50And200,"SGD 40,000 – 100,000",std_40k_100k,otherCurrencies,2026-09-09 00:45:00,2026-09-08 16:45:13,2026-09-08T16:46:23.831481+00:00,,2.0189,,,,,
standardized,dbs,PH0,SGD,PH0/SGD,100,SGD 50 – 200,amtBtw50And200,SGD 50 – 200,std_50_200,otherCurrencies,2026-09-09 00:45:00,2026-09-08 16:45:13,2026-09-08T16:46:23.831481+00:00,,2.0189,,,,,
standardized,dbs,PH0,SGD,PH0/SGD,100,SGD < 50,amtLessThan50,SGD < 50,std_lt_50,otherCurrencies,2026-09-09 00:45:00,2026-09-08 16:45:13,2026-09-08T16:46:23.831481+00:00,,2.0189,,,,,
standardized,dbs,PHP,SGD,PHP/SGD,100,SGD 50 – 200,amtBtw50And200,"SGD 200 – 39,999.99",std_200_40k,otherCurrencies,2026-09-09 00:45:00,2026-09-08 16:45:13,2026-09-08T16:46:23.831481+00:00,2.0415,,2.0234,,MAS,0.8945339527527926,
standardized,dbs,PHP,SGD,PHP/SGD,100,SGD 50 – 200,amtBtw50And200,"SGD 40,000 – 100,000",std_40k_100k,otherCurrencies,2026-09-09 00:45:00,2026-09-08 16:45:13,2026-09-08T16:46:23.831481+00:00,2.0415,,2.0234,,MAS,0.8945339527527926,
standardized,dbs,PHP,SGD,PHP/SGD,100,SGD 50 – 200,amtBtw50And200,SGD 50 – 200,std_50_200,otherCurrencies,2026-09-09 00:45:00,2026-09-08 16:45:13,2026-09-08T16:46:23.831481+00:00,2.0415,,2.0234,,MAS,0.8945339527527926,
standardized,dbs,PHP,SGD,PHP/SGD,100,SGD < 50,amtLessThan50,SGD < 50,std_lt_50,otherCurrencies,2026-09-09 00:45:00,2026-09-08 16:45:13,2026-09-08T16:46:23.831481+00:00,2.0569,,2.0234,,MAS,1.655629139072852,
standardized,dbs,PLN,SGD,PLN/SGD,1,SGD 50 – 200,amtBtw50And200,"SGD 200 – 39,999.99",std_200_40k,otherCurrencies,2026-09-09 00:45:00,2026-09-08 16:45:13,2026-09-08T16:46:23.831481+00:00,0.3477,,,,,,
standardized,dbs,PLN,SGD,PLN/SGD,1,SGD 50 – 200,amtBtw50And200,"SGD 40,000 – 100,000",std_40k_100k,otherCurrencies,2026-09-09 00:45:00,2026-09-08 16:45:13,2026-09-08T16:46:23.831481+00:00,0.3477,,,,,,
standardized,dbs,PLN,SGD,PLN/SGD,1,SGD 50 – 200,amtBtw50And200,SGD 50 – 200,std_50_200,otherCurrencies,2026-09-09 00:45:00,2026-09-08 16:45:13,2026-09-08T16:46:23.831481+00:00,0.3477,,,,,,
standardized,dbs,PLN,SGD,PLN/SGD,1,SGD < 50,amtLessThan50,SGD < 50,std_lt_50,otherCurrencies,2026-09-09 00:45:00,2026-09-08 16:45:13,2026-09-08T16:46:23.831481+00:00,0.3491,,,,,,
standardized,dbs,QAR,SGD,QAR/SGD,1,SGD 50 – 200,amtBtw50And200,"SGD 200 – 39,999.99",std_200_40k,otherCurrencies,2026-09-09 00:45:00,2026-09-08 16:45:13,2026-09-08T16:46:23.831481+00:00,0.3548,,0.34700000000000003,,MAS,2.2478386167146898,
standardized,dbs,QAR,SGD,QAR/SGD,1,SGD 50 – 200,amtBtw50And200,"SGD 40,000 – 100,000",std_40k_100k,otherCurrencies,2026-09-09 00:45:00,2026-09-08 16:45:13,2026-09-08T16:46:23.831481+00:00,0.3548,,0.34700000000000003,,MAS,2.2478386167146898,
standardized,dbs,QAR,SGD,QAR/SGD,1,SGD 50 – 200,amtBtw50And200,SGD 50 – 200,std_50_200,otherCurrencies,2026-09-09 00:45:00,2026-09-08 16:45:13,2026-09-08T16:46:23.831481+00:00,0.3548,,0.34700000000000003,,MAS,2.2478386167146898,
standardized,dbs,QAR,SGD,QAR/SGD,1,SGD < 50,amtLessThan50,SGD < 50,std_lt_50,otherCurrencies,2026-09-09 00:45:00,2026-09-08 16:45:13,2026-09-08T16:46:23.831481+00:00,0.3562,,0.34700000000000003,,MAS,2.6512968299711774,
standardized,dbs,RUB,SGD,RUB/SGD,100,SGD 50 – 200,amtBtw50And200,"SGD 200 – 39,999.99",std_200_40k,mainCurrencies,2026-09-09 00:45:00,2026-09-08 16:45:13,2026-09-08T16:46:23.831481+00:00,,,,,,,
standardized,dbs,RUB,SGD,RUB/SGD,100,SGD 50 – 200,amtBtw50And200,"SGD 40,000 – 100,000",std_40k_100k,mainCurrencies,2026-09-09 00:45:00,2026-09-08 16:45:13,2026-09-08T16:46:23.831481+00:00,,,,,,,
standardized,dbs,RUB,SGD,RUB/SGD,100,SGD 50 – 200,amtBtw50And200,SGD 50 – 200,std_50_200,mainCurrencies,2026-09-09 00:45:00,2026-09-08 16:45:13,2026-09-08T16:46:23.831481+00:00,,,,,,,
standardized,dbs,RUB,SGD,RUB/SGD,100,SGD < 50,amtLessThan50,SGD < 50,std_lt_50,mainCurrencies,2026-09-09 00:45:00,2026-09-08 16:45:13,2026-09-08T16:46:23.831481+00:00,,,,,,,
standardized,dbs,SAR,SGD,SAR/SGD,100,SGD 50 – 200,amtBtw50And200,"SGD 200 – 39,999.99",std_200_40k,otherCurrencies,2026-09-09 00:45:00,2026-09-08 16:45:13,2026-09-08T16:46:23.831481+00:00,34.1149,,33.68,,MAS,1.291270783847978,
standardized,dbs,SAR,SGD,SAR/SGD,100,SGD 50 – 200,amtBtw50And200,"SGD 40,000 – 100,000",std_40k_100k,otherCurrencies,2026-09-09 00:45:00,2026-09-08 16:45:13,2026-09-08T16:46:23.831481+00:00,34.1149,,33.68,,MAS,1.291270783847978,
standardized,dbs,SAR,SGD,SAR/SGD,100,SGD 50 – 200,amtBtw50And200,SGD 50 – 200,std_50_200,otherCurrencies,2026-09-09 00:45:00,2026-09-08 16:45:13,2026-09-08T16:46:23.831481+00:00,34.1149,,33.68,,MAS,1.291270783847978,
standardized,dbs,SAR,SGD,SAR/SGD,100,SGD < 50,amtLessThan50,SGD < 50,std_lt_50,otherCurrencies,2026-09-09 00:45:00,2026-09-08 16:45:13,2026-09-08T16:46:23.831481+00:00,34.1149,,33.68,,MAS,1.291270783847978,
standardized,dbs,SEK,SGD,SEK/SGD,1,SGD 50 – 200,amtBtw50And200,"SGD 200 – 39,999.99",std_200_40k,mainCurrencies,2026-09-09 00:45:00,2026-09-08 16:45:13,2026-09-08T16:46:23.831481+00:00,0.1337,0.1301,,0.13190000000000002,,,
standardized,dbs,SEK,SGD,SEK/SGD,1,SGD 50 – 200,amtBtw50And200,"SGD 40,000 – 100,000",std_40k_100k,mainCurrencies,2026-09-09 00:45:00,2026-09-08 16:45:13,2026-09-08T16:46:23.831481+00:00,0.1337,0.1301,,0.13190000000000002,,,
standardized,dbs,SEK,SGD,SEK/SGD,1,SGD 50 – 200,amtBtw50And200,SGD 50 – 200,std_50_200,mainCurrencies,2026-09-09 00:45:00,2026-09-08 16:45:13,2026-09-08T16:46:23.831481+00:00,0.1337,0.1301,,0.13190000000000002,,,
standardized,dbs,SEK,SGD,SEK/SGD,1,SGD < 50,amtLessThan50,SGD < 50,std_lt_50,mainCurrencies,2026-09-09 00:45:00,2026-09-08 16:45:13,2026-09-08T16:46:23.831481+00:00,0.1342,0.1296,,0.13190000000000002,,,
standardized,dbs,THB,SGD,THB/SGD,100,SGD 50 – 200,amtBtw50And200,"SGD 200 – 39,999.99",std_200_40k,mainCurrencies,2026-09-09 00:45:00,2026-09-08 16:45:13,2026-09-08T16:46:23.831481+00:00,3.9028,3.7899,3.8486,3.84635,MAS,1.4083043184534703,1.525229953749415
standardized,dbs,THB,SGD,THB/SGD,100,SGD 50 – 200,amtBtw50And200,"SGD 40,000 – 100,000",std_40k_100k,mainCurrencies,2026-09-09 00:45:00,2026-09-08 16:45:13,2026-09-08T16:46:23.831481+00:00,3.9028,3.7899,3.8486,3.84635,MAS,1.4083043184534703,1.525229953749415
standardized,dbs,THB,SGD,THB/SGD,100,SGD 50 – 200,amtBtw50And200,SGD 50 – 200,std_50_200,mainCurrencies,2026-09-09 00:45:00,2026-09-08 16:45:13,2026-09-08T16:46:23.831481+00:00,3.9028,3.7899,3.8486,3.84635,MAS,1.4083043184534703,1.525229953749415
standardized,dbs,THB,SGD,THB/SGD,100,SGD < 50,amtLessThan50,SGD < 50,std_lt_50,mainCurrencies,2026-09-09 00:45:00,2026-09-08 16:45:13,2026-09-08T16:46:23.831481+00:00,3.9071,3.7856,3.8486,3.84635,MAS,1.520033258847373,1.636958894143318
standardized,dbs,TND,SGD,TND/SGD,1,SGD 50 – 200,amtBtw50And200,"SGD 200 – 39,999.99",std_200_40k,otherCurrencies,2026-09-09 00:45:00,2026-09-08 16:45:13,2026-09-08T16:46:23.831481+00:00,0.4481,,,,,,
standardized,dbs,TND,SGD,TND/SGD,1,SGD 50 – 200,amtBtw50And200,"SGD 40,000 – 100,000",std_40k_100k,otherCurrencies,2026-09-09 00:45:00,2026-09-08 16:45:13,2026-09-08T16:46:23.831481+00:00,0.4481,,,,,,
standardized,dbs,TND,SGD,TND/SGD,1,SGD 50 – 200,amtBtw50And200,SGD 50 – 200,std_50_200,otherCurrencies,2026-09-09 00:45:00,2026-09-08 16:45:13,2026-09-08T16:46:23.831481+00:00,0.4481,,,,,,
standardized,dbs,TND,SGD,TND/SGD,1,SGD < 50,amtLessThan50,SGD < 50,std_lt_50,otherCurrencies,2026-09-09 00:45:00,2026-09-08 16:45:13,2026-09-08T16:46:23.831481+00:00,0.4481,,,,,,
standardized,dbs,TWD,SGD,TWD/SGD,100,SGD 50 – 200,amtBtw50And200,"SGD 200 – 39,999.99",std_200_40k,otherCurrencies,2026-09-09 00:45:00,2026-09-08 16:45:13,2026-09-08T16:46:23.831481+00:00,4.0606,,4.0197,,MAS,1.0174888673284004,
standardized,dbs,TWD,SGD,TWD/SGD,100,SGD 50 – 200,amtBtw50And200,"SGD 40,000 – 100,000",std_40k_100k,otherCurrencies,2026-09-09 00:45:00,2026-09-08 16:45:13,2026-09-08T16:46:23.831481+00:00,4.0606,,4.0197,,MAS,1.0174888673284004,
standardized,dbs,TWD,SGD,TWD/SGD,100,SGD 50 – 200,amtBtw50And200,SGD 50 – 200,std_50_200,otherCurrencies,2026-09-09 00:45:00,2026-09-08 16:45:13,2026-09-08T16:46:23.831481+00:00,4.0606,,4.0197,,MAS,1.0174888673284004,
standardized,dbs,TWD,SGD,TWD/SGD,100,SGD < 50,amtLessThan50,SGD < 50,std_lt_50,otherCurrencies,2026-09-09 00:45:00,2026-09-08 16:45:13,2026-09-08T16:46:23.831481+00:00,4.0646,,4.0197,,MAS,1.1169987810035615,
standardized,dbs,USD,SGD,USD/SGD,1,SGD 50 – 200,amtBtw50And200,"SGD 200 – 39,999.99",std_200_40k,mainCurrencies,2026-09-09 00:45:00,2026-09-08 16:45:13,2026-09-08T16:46:23.831481+00:00,1.2758,1.2547,1.2649,1.26525,MAS,0.8617281998577068,0.806387856747568
standardized,dbs,USD,SGD,USD/SGD,1,SGD 50 – 200,amtBtw50And200,"SGD 40,000 – 100,000",std_40k_100k,mainCurrencies,2026-09-09 00:45:00,2026-09-08 16:45:13,2026-09-08T16:46:23.831481+00:00,1.2758,1.2547,1.2649,1.26525,MAS,0.8617281998577068,0.806387856747568
standardized,dbs,USD,SGD,USD/SGD,1,SGD 50 – 200,amtBtw50And200,SGD 50 – 200,std_50_200,mainCurrencies,2026-09-09 00:45:00,2026-09-08 16:45:13,2026-09-08T16:46:23.831481+00:00,1.2758,1.2547,1.2649,1.26525,MAS,0.8617281998577068,0.806387856747568
standardized,dbs,USD,SGD,USD/SGD,1,SGD < 50,amtLessThan50,SGD < 50,std_lt_50,mainCurrencies,2026-09-09 00:45:00,2026-09-08 16:45:13,2026-09-08T16:46:23.831481+00:00,1.2767,1.2538,1.2649,1.26525,MAS,0.9328800695707197,0.877539726460581
standardized,dbs,VND,SGD,VND/SGD,100,SGD 50 – 200,amtBtw50And200,"SGD 200 – 39,999.99",std_200_40k,otherCurrencies,2026-09-09 00:45:00,2026-09-08 16:45:13,2026-09-08T16:46:23.831481+00:00,0.005,,0.004871,,MAS,2.648326832272629,
standardized,dbs,VND,SGD,VND/SGD,100,SGD 50 – 200,amtBtw50And200,"SGD 40,000 – 100,000",std_40k_100k,otherCurrencies,2026-09-09 00:45:00,2026-09-08 16:45:13,2026-09-08T16:46:23.831481+00:00,0.005,,0.004871,,MAS,2.648326832272629,
standardized,dbs,VND,SGD,VND/SGD,100,SGD 50 – 200,amtBtw50And200,SGD 50 – 200,std_50_200,otherCurrencies,2026-09-09 00:45:00,2026-09-08 16:45:13,2026-09-08T16:46:23.831481+00:00,0.005,,0.004871,,MAS,2.648326832272629,
standardized,dbs,VND,SGD,VND/SGD,100,SGD < 50,amtLessThan50,SGD < 50,std_lt_50,otherCurrencies,2026-09-09 00:45:00,2026-09-08 16:45:13,2026-09-08T16:46:23.831481+00:00,0.005,,0.004871,,MAS,2.648326832272629,
standardized,dbs,XAU,SGD,XAU/SGD,1,SGD 50 – 200,amtBtw50And200,"SGD 200 – 39,999.99",std_200_40k,otherCurrencies,2026-09-09 00:45:00,2026-09-08 16:45:13,2026-09-08T16:46:23.831481+00:00,5592.472,5524.907,,5558.6895,,,
standardized,dbs,XAU,SGD,XAU/SGD,1,SGD 50 – 200,amtBtw50And200,"SGD 40,000 – 100,000",std_40k_100k,otherCurrencies,2026-09-09 00:45:00,2026-09-08 16:45:13,2026-09-08T16:46:23.831481+00:00,5592.472,5524.907,,5558.6895,,,
standardized,dbs,XAU,SGD,XAU/SGD,1,SGD 50 – 200,amtBtw50And200,SGD 50 – 200,std_50_200,otherCurrencies,2026-09-09 00:45:00,2026-09-08 16:45:13,2026-09-08T16:46:23.831481+00:00,5592.472,5524.907,,5558.6895,,,
standardized,dbs,XAU,SGD,XAU/SGD,1,SGD < 50,amtLessThan50,SGD < 50,std_lt_50,otherCurrencies,2026-09-09 00:45:00,2026-09-08 16:45:13,2026-09-08T16:46:23.831481+00:00,5592.931,5525.411,,5559.171,,,
standardized,dbs,ZAR,SGD,ZAR/SGD,1,SGD 50 – 200,amtBtw50And200,"SGD 200 – 39,999.99",std_200_40k,otherCurrencies,2026-09-09 00:45:00,2026-09-08 16:45:13,2026-09-08T16:46:23.831481+00:00,0.0801,0.0781,,0.0791,,,
standardized,dbs,ZAR,SGD,ZAR/SGD,1,SGD 50 – 200,amtBtw50And200,"SGD 40,000 – 100,000",std_40k_100k,otherCurrencies,2026-09-09 00:45:00,2026-09-08 16:45:13,2026-09-08T16:46:23.831481+00:00,0.0801,0.0781,,0.0791,,,
standardized,dbs,ZAR,SGD,ZAR/SGD,1,SGD 50 – 200,amtBtw50And200,SGD 50 – 200,std_50_200,otherCurrencies,2026-09-09 00:45:00,2026-09-08 16:45:13,2026-09-08T16:46:23.831481+00:00,0.0801,0.0781,,0.0791,,,
standardized,dbs,ZAR,SGD,ZAR/SGD,1,SGD < 50,amtLessThan50,SGD < 50,std_lt_50,otherCurrencies,2026-09-09 00:45:00,2026-09-08 16:45:13,2026-09-08T16:46:23.831481+00:00,0.0804,0.0778,,0.0791,,,
standardized,hsbc,AED,SGD,AED/SGD,100,Indicative board,board,"SGD 200 – 39,999.99",std_200_40k,indicative_fx,2026-9-8,2026-9-8,2026-09-08T16:46:29.480878+00:00,35.57,33.32,34.44,34.445,MAS,3.281068524970972,3.252032520325196
standardized,hsbc,AED,SGD,AED/SGD,100,Indicative board,board,"SGD 40,000 – 100,000",std_40k_100k,indicative_fx,2026-9-8,2026-9-8,2026-09-08T16:46:29.480878+00:00,35.57,33.32,34.44,34.445,MAS,3.281068524970972,3.252032520325196
standardized,hsbc,AED,SGD,AED/SGD,100,Indicative board,board,SGD 50 – 200,std_50_200,indicative_fx,2026-9-8,2026-9-8,2026-09-08T16:46:29.480878+00:00,35.57,33.32,34.44,34.445,MAS,3.281068524970972,3.252032520325196
standardized,hsbc,AED,SGD,AED/SGD,100,Indicative board,board,SGD < 50,std_lt_50,indicative_fx,2026-9-8,2026-9-8,2026-09-08T16:46:29.480878+00:00,35.57,33.32,34.44,34.445,MAS,3.281068524970972,3.252032520325196
standardized,hsbc,AUD,SGD,AUD/SGD,1,Indicative board,board,"SGD 200 – 39,999.99",std_200_40k,indicative_fx,2026-9-8,2026-9-8,2026-09-08T16:46:29.480878+00:00,0.9405,0.8856,0.9126000000000001,0.91305,MAS,3.0571992110453565,2.958579881656807
standardized,hsbc,AUD,SGD,AUD/SGD,1,Indicative board,board,"SGD 40,000 – 100,000",std_40k_100k,indicative_fx,2026-9-8,2026-9-8,2026-09-08T16:46:29.480878+00:00,0.9405,0.8856,0.9126000000000001,0.91305,MAS,3.0571992110453565,2.958579881656807
standardized,hsbc,AUD,SGD,AUD/SGD,1,Indicative board,board,SGD 50 – 200,std_50_200,indicative_fx,2026-9-8,2026-9-8,2026-09-08T16:46:29.480878+00:00,0.9405,0.8856,0.9126000000000001,0.91305,MAS,3.0571992110453565,2.958579881656807
standardized,hsbc,AUD,SGD,AUD/SGD,1,Indicative board,board,SGD < 50,std_lt_50,indicative_fx,2026-9-8,2026-9-8,2026-09-08T16:46:29.480878+00:00,0.9405,0.8856,0.9126000000000001,0.91305,MAS,3.0571992110453565,2.958579881656807
standardized,hsbc,CAD,SGD,CAD/SGD,1,Indicative board,board,"SGD 200 – 39,999.99",std_200_40k,indicative_fx,2026-9-8,2026-9-8,2026-09-08T16:46:29.480878+00:00,0.9439,0.8887,0.9163,0.9163,MAS,3.0121139364836798,3.0121139364836798
standardized,hsbc,CAD,SGD,CAD/SGD,1,Indicative board,board,"SGD 40,000 – 100,000",std_40k_100k,indicative_fx,2026-9-8,2026-9-8,2026-09-08T16:46:29.480878+00:00,0.9439,0.8887,0.9163,0.9163,MAS,3.0121139364836798,3.0121139364836798
standardized,hsbc,CAD,SGD,CAD/SGD,1,Indicative board,board,SGD 50 – 200,std_50_200,indicative_fx,2026-9-8,2026-9-8,2026-09-08T16:46:29.480878+00:00,0.9439,0.8887,0.9163,0.9163,MAS,3.0121139364836798,3.0121139364836798
standardized,hsbc,CAD,SGD,CAD/SGD,1,Indicative board,board,SGD < 50,std_lt_50,indicative_fx,2026-9-8,2026-9-8,2026-09-08T16:46:29.480878+00:00,0.9439,0.8887,0.9163,0.9163,MAS,3.0121139364836798,3.0121139364836798
standardized,hsbc,CHF,SGD,CHF/SGD,100,Indicative board,board,"SGD 200 – 39,999.99",std_200_40k,indicative_fx,2026-9-8,2026-9-8,2026-09-08T16:46:29.480878+00:00,161.09,151.67,156.27,156.38,MAS,3.08440519613489,2.943623216228337
standardized,hsbc,CHF,SGD,CHF/SGD,100,Indicative board,board,"SGD 40,000 – 100,000",std_40k_100k,indicative_fx,2026-9-8,2026-9-8,2026-09-08T16:46:29.480878+00:00,161.09,151.67,156.27,156.38,MAS,3.08440519613489,2.943623216228337
standardized,hsbc,CHF,SGD,CHF/SGD,100,Indicative board,board,SGD 50 – 200,std_50_200,indicative_fx,2026-9-8,2026-9-8,2026-09-08T16:46:29.480878+00:00,161.09,151.67,156.27,156.38,MAS,3.08440519613489,2.943623216228337
standardized,hsbc,CHF,SGD,CHF/SGD,100,Indicative board,board,SGD < 50,std_lt_50,indicative_fx,2026-9-8,2026-9-8,2026-09-08T16:46:29.480878+00:00,161.09,151.67,156.27,156.38,MAS,3.08440519613489,2.943623216228337
standardized,hsbc,CNY,SGD,CNY/SGD,100,Indicative board,board,"SGD 200 – 39,999.99",std_200_40k,indicative_fx,2026-9-8,2026-9-8,2026-09-08T16:46:29.480878+00:00,19.47,18.25,18.85,18.86,MAS,3.289124668434999,3.183023872679053
standardized,hsbc,CNY,SGD,CNY/SGD,100,Indicative board,board,"SGD 40,000 – 100,000",std_40k_100k,indicative_fx,2026-9-8,2026-9-8,2026-09-08T16:46:29.480878+00:00,19.47,18.25,18.85,18.86,MAS,3.289124668434999,3.183023872679053
standardized,hsbc,CNY,SGD,CNY/SGD,100,Indicative board,board,SGD 50 – 200,std_50_200,indicative_fx,2026-9-8,2026-9-8,2026-09-08T16:46:29.480878+00:00,19.47,18.25,18.85,18.86,MAS,3.289124668434999,3.183023872679053
standardized,hsbc,CNY,SGD,CNY/SGD,100,Indicative board,board,SGD < 50,std_lt_50,indicative_fx,2026-9-8,2026-9-8,2026-09-08T16:46:29.480878+00:00,19.47,18.25,18.85,18.86,MAS,3.289124668434999,3.183023872679053
standardized,hsbc,DKK,SGD,DKK/SGD,100,Indicative board,board,"SGD 200 – 39,999.99",std_200_40k,indicative_fx,2026-9-8,2026-9-8,2026-09-08T16:46:29.480878+00:00,20.27,19.09,,19.68,,,
standardized,hsbc,DKK,SGD,DKK/SGD,100,Indicative board,board,"SGD 40,000 – 100,000",std_40k_100k,indicative_fx,2026-9-8,2026-9-8,2026-09-08T16:46:29.480878+00:00,20.27,19.09,,19.68,,,
standardized,hsbc,DKK,SGD,DKK/SGD,100,Indicative board,board,SGD 50 – 200,std_50_200,indicative_fx,2026-9-8,2026-9-8,2026-09-08T16:46:29.480878+00:00,20.27,19.09,,19.68,,,
standardized,hsbc,DKK,SGD,DKK/SGD,100,Indicative board,board,SGD < 50,std_lt_50,indicative_fx,2026-9-8,2026-9-8,2026-09-08T16:46:29.480878+00:00,20.27,19.09,,19.68,,,
standardized,hsbc,EUR,SGD,EUR/SGD,1,Indicative board,board,"SGD 200 – 39,999.99",std_200_40k,indicative_fx,2026-9-8,2026-9-8,2026-09-08T16:46:29.480878+00:00,1.5152,1.4268,1.4704,1.471,MAS,3.046789989118619,2.9651795429814927
standardized,hsbc,EUR,SGD,EUR/SGD,1,Indicative board,board,"SGD 40,000 – 100,000",std_40k_100k,indicative_fx,2026-9-8,2026-9-8,2026-09-08T16:46:29.480878+00:00,1.5152,1.4268,1.4704,1.471,MAS,3.046789989118619,2.9651795429814927
standardized,hsbc,EUR,SGD,EUR/SGD,1,Indicative board,board,SGD 50 – 200,std_50_200,indicative_fx,2026-9-8,2026-9-8,2026-09-08T16:46:29.480878+00:00,1.5152,1.4268,1.4704,1.471,MAS,3.046789989118619,2.9651795429814927
standardized,hsbc,EUR,SGD,EUR/SGD,1,Indicative board,board,SGD < 50,std_lt_50,indicative_fx,2026-9-8,2026-9-8,2026-09-08T16:46:29.480878+00:00,1.5152,1.4268,1.4704,1.471,MAS,3.046789989118619,2.9651795429814927
standardized,hsbc,FJD,SGD,FJD/SGD,1,Indicative board,board,"SGD 200 – 39,999.99",std_200_40k,indicative_fx,2026-9-8,2026-9-8,2026-09-08T16:46:29.480878+00:00,0.6029,,,,,,
standardized,hsbc,FJD,SGD,FJD/SGD,1,Indicative board,board,"SGD 40,000 – 100,000",std_40k_100k,indicative_fx,2026-9-8,2026-9-8,2026-09-08T16:46:29.480878+00:00,0.6029,,,,,,
standardized,hsbc,FJD,SGD,FJD/SGD,1,Indicative board,board,SGD 50 – 200,std_50_200,indicative_fx,2026-9-8,2026-9-8,2026-09-08T16:46:29.480878+00:00,0.6029,,,,,,
standardized,hsbc,FJD,SGD,FJD/SGD,1,Indicative board,board,SGD < 50,std_lt_50,indicative_fx,2026-9-8,2026-9-8,2026-09-08T16:46:29.480878+00:00,0.6029,,,,,,
standardized,hsbc,GBP,SGD,GBP/SGD,1,Indicative board,board,"SGD 200 – 39,999.99",std_200_40k,indicative_fx,2026-9-8,2026-9-8,2026-09-08T16:46:29.480878+00:00,1.7651,1.6619,1.7123,1.7134999999999998,MAS,3.0835718040063047,2.9434094492787484
standardized,hsbc,GBP,SGD,GBP/SGD,1,Indicative board,board,"SGD 40,000 – 100,000",std_40k_100k,indicative_fx,2026-9-8,2026-9-8,2026-09-08T16:46:29.480878+00:00,1.7651,1.6619,1.7123,1.7134999999999998,MAS,3.0835718040063047,2.9434094492787484
standardized,hsbc,GBP,SGD,GBP/SGD,1,Indicative board,board,SGD 50 – 200,std_50_200,indicative_fx,2026-9-8,2026-9-8,2026-09-08T16:46:29.480878+00:00,1.7651,1.6619,1.7123,1.7134999999999998,MAS,3.0835718040063047,2.9434094492787484
standardized,hsbc,GBP,SGD,GBP/SGD,1,Indicative board,board,SGD < 50,std_lt_50,indicative_fx,2026-9-8,2026-9-8,2026-09-08T16:46:29.480878+00:00,1.7651,1.6619,1.7123,1.7134999999999998,MAS,3.0835718040063047,2.9434094492787484
standardized,hsbc,HKD,SGD,HKD/SGD,100,Indicative board,board,"SGD 200 – 39,999.99",std_200_40k,indicative_fx,2026-9-8,2026-9-8,2026-09-08T16:46:29.480878+00:00,16.34,15.93,16.13,16.134999999999998,MAS,1.3019218846869243,1.239925604463728
standardized,hsbc,HKD,SGD,HKD/SGD,100,Indicative board,board,"SGD 40,000 – 100,000",std_40k_100k,indicative_fx,2026-9-8,2026-9-8,2026-09-08T16:46:29.480878+00:00,16.34,15.93,16.13,16.134999999999998,MAS,1.3019218846869243,1.239925604463728
standardized,hsbc,HKD,SGD,HKD/SGD,100,Indicative board,board,SGD 50 – 200,std_50_200,indicative_fx,2026-9-8,2026-9-8,2026-09-08T16:46:29.480878+00:00,16.34,15.93,16.13,16.134999999999998,MAS,1.3019218846869243,1.239925604463728
standardized,hsbc,HKD,SGD,HKD/SGD,100,Indicative board,board,SGD < 50,std_lt_50,indicative_fx,2026-9-8,2026-9-8,2026-09-08T16:46:29.480878+00:00,16.34,15.93,16.13,16.134999999999998,MAS,1.3019218846869243,1.239925604463728
standardized,hsbc,IDR,SGD,IDR/SGD,100,Indicative board,board,"SGD 200 – 39,999.99",std_200_40k,indicative_fx,2026-9-8,2026-9-8,2026-09-08T16:46:29.480878+00:00,0.0074,,0.007186,,MAS,2.978012802671871,
standardized,hsbc,IDR,SGD,IDR/SGD,100,Indicative board,board,"SGD 40,000 – 100,000",std_40k_100k,indicative_fx,2026-9-8,2026-9-8,2026-09-08T16:46:29.480878+00:00,0.0074,,0.007186,,MAS,2.978012802671871,
standardized,hsbc,IDR,SGD,IDR/SGD,100,Indicative board,board,SGD 50 – 200,std_50_200,indicative_fx,2026-9-8,2026-9-8,2026-09-08T16:46:29.480878+00:00,0.0074,,0.007186,,MAS,2.978012802671871,
standardized,hsbc,IDR,SGD,IDR/SGD,100,Indicative board,board,SGD < 50,std_lt_50,indicative_fx,2026-9-8,2026-9-8,2026-09-08T16:46:29.480878+00:00,0.0074,,0.007186,,MAS,2.978012802671871,
standardized,hsbc,INR,SGD,INR/SGD,100,Indicative board,board,"SGD 200 – 39,999.99",std_200_40k,indicative_fx,2026-9-8,2026-9-8,2026-09-08T16:46:29.480878+00:00,1.38,,1.3361,,MAS,3.28568220941545,
standardized,hsbc,INR,SGD,INR/SGD,100,Indicative board,board,"SGD 40,000 – 100,000",std_40k_100k,indicative_fx,2026-9-8,2026-9-8,2026-09-08T16:46:29.480878+00:00,1.38,,1.3361,,MAS,3.28568220941545,
standardized,hsbc,INR,SGD,INR/SGD,100,Indicative board,board,SGD 50 – 200,std_50_200,indicative_fx,2026-9-8,2026-9-8,2026-09-08T16:46:29.480878+00:00,1.38,,1.3361,,MAS,3.28568220941545,
standardized,hsbc,INR,SGD,INR/SGD,100,Indicative board,board,SGD < 50,std_lt_50,indicative_fx,2026-9-8,2026-9-8,2026-09-08T16:46:29.480878+00:00,1.38,,1.3361,,MAS,3.28568220941545,
standardized,hsbc,JPY,SGD,JPY/SGD,100,Indicative board,board,"SGD 200 – 39,999.99",std_200_40k,indicative_fx,2026-9-8,2026-9-8,2026-09-08T16:46:29.480878+00:00,0.8487,0.7991,0.8249,0.8239000000000001,MAS,2.885198205843138,3.127651836586245
standardized,hsbc,JPY,SGD,JPY/SGD,100,Indicative board,board,"SGD 40,000 – 100,000",std_40k_100k,indicative_fx,2026-9-8,2026-9-8,2026-09-08T16:46:29.480878+00:00,0.8487,0.7991,0.8249,0.8239000000000001,MAS,2.885198205843138,3.127651836586245
standardized,hsbc,JPY,SGD,JPY/SGD,100,Indicative board,board,SGD 50 – 200,std_50_200,indicative_fx,2026-9-8,2026-9-8,2026-09-08T16:46:29.480878+00:00,0.8487,0.7991,0.8249,0.8239000000000001,MAS,2.885198205843138,3.127651836586245
standardized,hsbc,JPY,SGD,JPY/SGD,100,Indicative board,board,SGD < 50,std_lt_50,indicative_fx,2026-9-8,2026-9-8,2026-09-08T16:46:29.480878+00:00,0.8487,0.7991,0.8249,0.8239000000000001,MAS,2.885198205843138,3.127651836586245
standardized,hsbc,LKR,SGD,LKR/SGD,100,Indicative board,board,"SGD 200 – 39,999.99",std_200_40k,indicative_fx,2026-9-8,2026-9-8,2026-09-08T16:46:29.480878+00:00,0.4,,,,,,
standardized,hsbc,LKR,SGD,LKR/SGD,100,Indicative board,board,"SGD 40,000 – 100,000",std_40k_100k,indicative_fx,2026-9-8,2026-9-8,2026-09-08T16:46:29.480878+00:00,0.4,,,,,,
standardized,hsbc,LKR,SGD,LKR/SGD,100,Indicative board,board,SGD 50 – 200,std_50_200,indicative_fx,2026-9-8,2026-9-8,2026-09-08T16:46:29.480878+00:00,0.4,,,,,,
standardized,hsbc,LKR,SGD,LKR/SGD,100,Indicative board,board,SGD < 50,std_lt_50,indicative_fx,2026-9-8,2026-9-8,2026-09-08T16:46:29.480878+00:00,0.4,,,,,,
standardized,hsbc,MUR,SGD,MUR/SGD,100,Indicative board,board,"SGD 200 – 39,999.99",std_200_40k,indicative_fx,2026-9-8,2026-9-8,2026-09-08T16:46:29.480878+00:00,2.79,2.6,,2.6950000000000003,,,
standardized,hsbc,MUR,SGD,MUR/SGD,100,Indicative board,board,"SGD 40,000 – 100,000",std_40k_100k,indicative_fx,2026-9-8,2026-9-8,2026-09-08T16:46:29.480878+00:00,2.79,2.6,,2.6950000000000003,,,
standardized,hsbc,MUR,SGD,MUR/SGD,100,Indicative board,board,SGD 50 – 200,std_50_200,indicative_fx,2026-9-8,2026-9-8,2026-09-08T16:46:29.480878+00:00,2.79,2.6,,2.6950000000000003,,,
standardized,hsbc,MUR,SGD,MUR/SGD,100,Indicative board,board,SGD < 50,std_lt_50,indicative_fx,2026-9-8,2026-9-8,2026-09-08T16:46:29.480878+00:00,2.79,2.6,,2.6950000000000003,,,
standardized,hsbc,NOK,SGD,NOK/SGD,100,Indicative board,board,"SGD 200 – 39,999.99",std_200_40k,indicative_fx,2026-9-8,2026-9-8,2026-09-08T16:46:29.480878+00:00,14.06,13.24,,13.65,,,
standardized,hsbc,NOK,SGD,NOK/SGD,100,Indicative board,board,"SGD 40,000 – 100,000",std_40k_100k,indicative_fx,2026-9-8,2026-9-8,2026-09-08T16:46:29.480878+00:00,14.06,13.24,,13.65,,,
standardized,hsbc,NOK,SGD,NOK/SGD,100,Indicative board,board,SGD 50 – 200,std_50_200,indicative_fx,2026-9-8,2026-9-8,2026-09-08T16:46:29.480878+00:00,14.06,13.24,,13.65,,,
standardized,hsbc,NOK,SGD,NOK/SGD,100,Indicative board,board,SGD < 50,std_lt_50,indicative_fx,2026-9-8,2026-9-8,2026-09-08T16:46:29.480878+00:00,14.06,13.24,,13.65,,,
standardized,hsbc,NZD,SGD,NZD/SGD,1,Indicative board,board,"SGD 200 – 39,999.99",std_200_40k,indicative_fx,2026-9-8,2026-9-8,2026-09-08T16:46:29.480878+00:00,0.7665,0.7216,0.7406999999999999,0.74405,MAS,3.4831915755366607,2.5786418253003776
standardized,hsbc,NZD,SGD,NZD/SGD,1,Indicative board,board,"SGD 40,000 – 100,000",std_40k_100k,indicative_fx,2026-9-8,2026-9-8,2026-09-08T16:46:29.480878+00:00,0.7665,0.7216,0.7406999999999999,0.74405,MAS,3.4831915755366607,2.5786418253003776
standardized,hsbc,NZD,SGD,NZD/SGD,1,Indicative board,board,SGD 50 – 200,std_50_200,indicative_fx,2026-9-8,2026-9-8,2026-09-08T16:46:29.480878+00:00,0.7665,0.7216,0.7406999999999999,0.74405,MAS,3.4831915755366607,2.5786418253003776
standardized,hsbc,NZD,SGD,NZD/SGD,1,Indicative board,board,SGD < 50,std_lt_50,indicative_fx,2026-9-8,2026-9-8,2026-09-08T16:46:29.480878+00:00,0.7665,0.7216,0.7406999999999999,0.74405,MAS,3.4831915755366607,2.5786418253003776
standardized,hsbc,PHP,SGD,PHP/SGD,100,Indicative board,board,"SGD 200 – 39,999.99",std_200_40k,indicative_fx,2026-9-8,2026-9-8,2026-09-08T16:46:29.480878+00:00,2.09,,2.0234,,MAS,3.291489572007501,
standardized,hsbc,PHP,SGD,PHP/SGD,100,Indicative board,board,"SGD 40,000 – 100,000",std_40k_100k,indicative_fx,2026-9-8,2026-9-8,2026-09-08T16:46:29.480878+00:00,2.09,,2.0234,,MAS,3.291489572007501,
standardized,hsbc,PHP,SGD,PHP/SGD,100,Indicative board,board,SGD 50 – 200,std_50_200,indicative_fx,2026-9-8,2026-9-8,2026-09-08T16:46:29.480878+00:00,2.09,,2.0234,,MAS,3.291489572007501,
standardized,hsbc,PHP,SGD,PHP/SGD,100,Indicative board,board,SGD < 50,std_lt_50,indicative_fx,2026-9-8,2026-9-8,2026-09-08T16:46:29.480878+00:00,2.09,,2.0234,,MAS,3.291489572007501,
standardized,hsbc,PKR,SGD,PKR/SGD,100,Indicative board,board,"SGD 200 – 39,999.99",std_200_40k,indicative_fx,2026-9-8,2026-9-8,2026-09-08T16:46:29.480878+00:00,0.47,,,,,,
standardized,hsbc,PKR,SGD,PKR/SGD,100,Indicative board,board,"SGD 40,000 – 100,000",std_40k_100k,indicative_fx,2026-9-8,2026-9-8,2026-09-08T16:46:29.480878+00:00,0.47,,,,,,
standardized,hsbc,PKR,SGD,PKR/SGD,100,Indicative board,board,SGD 50 – 200,std_50_200,indicative_fx,2026-9-8,2026-9-8,2026-09-08T16:46:29.480878+00:00,0.47,,,,,,
standardized,hsbc,PKR,SGD,PKR/SGD,100,Indicative board,board,SGD < 50,std_lt_50,indicative_fx,2026-9-8,2026-9-8,2026-09-08T16:46:29.480878+00:00,0.47,,,,,,
standardized,hsbc,QAR,SGD,QAR/SGD,100,Indicative board,board,"SGD 200 – 39,999.99",std_200_40k,indicative_fx,2026-9-8,2026-9-8,2026-09-08T16:46:29.480878+00:00,35.14,34.27,34.7,34.705,MAS,1.268011527377515,1.2391930835734861
standardized,hsbc,QAR,SGD,QAR/SGD,100,Indicative board,board,"SGD 40,000 – 100,000",std_40k_100k,indicative_fx,2026-9-8,2026-9-8,2026-09-08T16:46:29.480878+00:00,35.14,34.27,34.7,34.705,MAS,1.268011527377515,1.2391930835734861
standardized,hsbc,QAR,SGD,QAR/SGD,100,Indicative board,board,SGD 50 – 200,std_50_200,indicative_fx,2026-9-8,2026-9-8,2026-09-08T16:46:29.480878+00:00,35.14,34.27,34.7,34.705,MAS,1.268011527377515,1.2391930835734861
standardized,hsbc,QAR,SGD,QAR/SGD,100,Indicative board,board,SGD < 50,std_lt_50,indicative_fx,2026-9-8,2026-9-8,2026-09-08T16:46:29.480878+00:00,35.14,34.27,34.7,34.705,MAS,1.268011527377515,1.2391930835734861
standardized,hsbc,RUB,SGD,RUB/SGD,100,Indicative board,board,"SGD 200 – 39,999.99",std_200_40k,indicative_fx,2026-9-8,2026-9-8,2026-09-08T16:46:29.480878+00:00,15.27,14.06,,14.665,,,
standardized,hsbc,RUB,SGD,RUB/SGD,100,Indicative board,board,"SGD 40,000 – 100,000",std_40k_100k,indicative_fx,2026-9-8,2026-9-8,2026-09-08T16:46:29.480878+00:00,15.27,14.06,,14.665,,,
standardized,hsbc,RUB,SGD,RUB/SGD,100,Indicative board,board,SGD 50 – 200,std_50_200,indicative_fx,2026-9-8,2026-9-8,2026-09-08T16:46:29.480878+00:00,15.27,14.06,,14.665,,,
standardized,hsbc,RUB,SGD,RUB/SGD,100,Indicative board,board,SGD < 50,std_lt_50,indicative_fx,2026-9-8,2026-9-8,2026-09-08T16:46:29.480878+00:00,15.27,14.06,,14.665,,,
standardized,hsbc,SAR,SGD,SAR/SGD,100,Indicative board,board,"SGD 200 – 39,999.99",std_200_40k,indicative_fx,2026-9-8,2026-9-8,2026-09-08T16:46:29.480878+00:00,34.11,33.26,33.68,33.685,MAS,1.276722090261282,1.2470308788598625
standardized,hsbc,SAR,SGD,SAR/SGD,100,Indicative board,board,"SGD 40,000 – 100,000",std_40k_100k,indicative_fx,2026-9-8,2026-9-8,2026-09-08T16:46:29.480878+00:00,34.11,33.26,33.68,33.685,MAS,1.276722090261282,1.2470308788598625
standardized,hsbc,SAR,SGD,SAR/SGD,100,Indicative board,board,SGD 50 – 200,std_50_200,indicative_fx,2026-9-8,2026-9-8,2026-09-08T16:46:29.480878+00:00,34.11,33.26,33.68,33.685,MAS,1.276722090261282,1.2470308788598625
standardized,hsbc,SAR,SGD,SAR/SGD,100,Indicative board,board,SGD < 50,std_lt_50,indicative_fx,2026-9-8,2026-9-8,2026-09-08T16:46:29.480878+00:00,34.11,33.26,33.68,33.685,MAS,1.276722090261282,1.2470308788598625
standardized,hsbc,SEK,SGD,SEK/SGD,100,Indicative board,board,"SGD 200 – 39,999.99",std_200_40k,indicative_fx,2026-9-8,2026-9-8,2026-09-08T16:46:29.480878+00:00,13.59,12.79,,13.19,,,
standardized,hsbc,SEK,SGD,SEK/SGD,100,Indicative board,board,"SGD 40,000 – 100,000",std_40k_100k,indicative_fx,2026-9-8,2026-9-8,2026-09-08T16:46:29.480878+00:00,13.59,12.79,,13.19,,,
standardized,hsbc,SEK,SGD,SEK/SGD,100,Indicative board,board,SGD 50 – 200,std_50_200,indicative_fx,2026-9-8,2026-9-8,2026-09-08T16:46:29.480878+00:00,13.59,12.79,,13.19,,,
standardized,hsbc,SEK,SGD,SEK/SGD,100,Indicative board,board,SGD < 50,std_lt_50,indicative_fx,2026-9-8,2026-9-8,2026-09-08T16:46:29.480878+00:00,13.59,12.79,,13.19,,,
standardized,hsbc,THB,SGD,THB/SGD,100,Indicative board,board,"SGD 200 – 39,999.99",std_200_40k,indicative_fx,2026-9-8,2026-9-8,2026-09-08T16:46:29.480878+00:00,3.98,,3.8486,,MAS,3.4142285506417966,
standardized,hsbc,THB,SGD,THB/SGD,100,Indicative board,board,"SGD 40,000 – 100,000",std_40k_100k,indicative_fx,2026-9-8,2026-9-8,2026-09-08T16:46:29.480878+00:00,3.98,,3.8486,,MAS,3.4142285506417966,
standardized,hsbc,THB,SGD,THB/SGD,100,Indicative board,board,SGD 50 – 200,std_50_200,indicative_fx,2026-9-8,2026-9-8,2026-09-08T16:46:29.480878+00:00,3.98,,3.8486,,MAS,3.4142285506417966,
standardized,hsbc,THB,SGD,THB/SGD,100,Indicative board,board,SGD < 50,std_lt_50,indicative_fx,2026-9-8,2026-9-8,2026-09-08T16:46:29.480878+00:00,3.98,,3.8486,,MAS,3.4142285506417966,
standardized,hsbc,TRY,SGD,TRY/SGD,1,Indicative board,board,"SGD 200 – 39,999.99",std_200_40k,indicative_fx,2026-9-8,2026-9-8,2026-09-08T16:46:29.480878+00:00,0.0269,,,,,,
standardized,hsbc,TRY,SGD,TRY/SGD,1,Indicative board,board,"SGD 40,000 – 100,000",std_40k_100k,indicative_fx,2026-9-8,2026-9-8,2026-09-08T16:46:29.480878+00:00,0.0269,,,,,,
standardized,hsbc,TRY,SGD,TRY/SGD,1,Indicative board,board,SGD 50 – 200,std_50_200,indicative_fx,2026-9-8,2026-9-8,2026-09-08T16:46:29.480878+00:00,0.0269,,,,,,
standardized,hsbc,TRY,SGD,TRY/SGD,1,Indicative board,board,SGD < 50,std_lt_50,indicative_fx,2026-9-8,2026-9-8,2026-09-08T16:46:29.480878+00:00,0.0269,,,,,,
standardized,hsbc,USD,SGD,USD/SGD,1,Indicative board,board,"SGD 200 – 39,999.99",std_200_40k,indicative_fx,2026-9-8,2026-9-8,2026-09-08T16:46:29.480878+00:00,1.2904,1.2397,1.2649,1.26505,MAS,2.015969641868929,1.9922523519645736
standardized,hsbc,USD,SGD,USD/SGD,1,Indicative board,board,"SGD 40,000 – 100,000",std_40k_100k,indicative_fx,2026-9-8,2026-9-8,2026-09-08T16:46:29.480878+00:00,1.2904,1.2397,1.2649,1.26505,MAS,2.015969641868929,1.9922523519645736
standardized,hsbc,USD,SGD,USD/SGD,1,Indicative board,board,SGD 50 – 200,std_50_200,indicative_fx,2026-9-8,2026-9-8,2026-09-08T16:46:29.480878+00:00,1.2904,1.2397,1.2649,1.26505,MAS,2.015969641868929,1.9922523519645736
standardized,hsbc,USD,SGD,USD/SGD,1,Indicative board,board,SGD < 50,std_lt_50,indicative_fx,2026-9-8,2026-9-8,2026-09-08T16:46:29.480878+00:00,1.2904,1.2397,1.2649,1.26505,MAS,2.015969641868929,1.9922523519645736
standardized,hsbc,ZAR,SGD,ZAR/SGD,1,Indicative board,board,"SGD 200 – 39,999.99",std_200_40k,indicative_fx,2026-9-8,2026-9-8,2026-09-08T16:46:29.480878+00:00,0.0817,0.0765,,0.0791,,,
standardized,hsbc,ZAR,SGD,ZAR/SGD,1,Indicative board,board,"SGD 40,000 – 100,000",std_40k_100k,indicative_fx,2026-9-8,2026-9-8,2026-09-08T16:46:29.480878+00:00,0.0817,0.0765,,0.0791,,,
standardized,hsbc,ZAR,SGD,ZAR/SGD,1,Indicative board,board,SGD 50 – 200,std_50_200,indicative_fx,2026-9-8,2026-9-8,2026-09-08T16:46:29.480878+00:00,0.0817,0.0765,,0.0791,,,
standardized,hsbc,ZAR,SGD,ZAR/SGD,1,Indicative board,board,SGD < 50,std_lt_50,indicative_fx,2026-9-8,2026-9-8,2026-09-08T16:46:29.480878+00:00,0.0817,0.0765,,0.0791,,,
standardized,ocbc,AED,SGD,AED/SGD,100,"SGD 0 – 39,999.99",tier_1,"SGD 200 – 39,999.99",std_200_40k,fxRatesSgd,2026-09-08T07:00:14,2026-09-08T07:00:14,2026-09-08T16:46:26.844494+00:00,35.3617,33.3607,34.44,34.3612,MAS,2.6762485481997715,3.133855981416947
standardized,ocbc,AED,SGD,AED/SGD,100,"SGD 40,000 – 100,000",tier_2,"SGD 40,000 – 100,000",std_40k_100k,fxRatesSgd,2026-09-08T07:00:14,2026-09-08T07:00:14,2026-09-08T16:46:26.844494+00:00,35.3512,33.3778,34.44,34.3612,MAS,2.6457607433217216,3.084204413472698
standardized,ocbc,AED,SGD,AED/SGD,100,"SGD 0 – 39,999.99",tier_1,SGD 50 – 200,std_50_200,fxRatesSgd,2026-09-08T07:00:14,2026-09-08T07:00:14,2026-09-08T16:46:26.844494+00:00,35.3617,33.3607,34.44,34.3612,MAS,2.6762485481997715,3.133855981416947
standardized,ocbc,AED,SGD,AED/SGD,100,"SGD 0 – 39,999.99",tier_1,SGD < 50,std_lt_50,fxRatesSgd,2026-09-08T07:00:14,2026-09-08T07:00:14,2026-09-08T16:46:26.844494+00:00,35.3617,33.3607,34.44,34.3612,MAS,2.6762485481997715,3.133855981416947
standardized,ocbc,AUD,SGD,AUD/SGD,1,"SGD 0 – 39,999.99",tier_1,"SGD 200 – 39,999.99",std_200_40k,fxRatesSgd,2026-09-08T07:00:14,2026-09-08T07:00:14,2026-09-08T16:46:26.844494+00:00,0.9297,0.9003,0.9126000000000001,0.915,MAS,1.873767258382631,1.347797501643665
standardized,ocbc,AUD,SGD,AUD/SGD,1,"SGD 40,000 – 100,000",tier_2,"SGD 40,000 – 100,000",std_40k_100k,fxRatesSgd,2026-09-08T07:00:14,2026-09-08T07:00:14,2026-09-08T16:46:26.844494+00:00,0.9279,0.9021,0.9126000000000001,0.915,MAS,1.6765285996055084,1.150558842866542
standardized,ocbc,AUD,SGD,AUD/SGD,1,"SGD 0 – 39,999.99",tier_1,SGD 50 – 200,std_50_200,fxRatesSgd,2026-09-08T07:00:14,2026-09-08T07:00:14,2026-09-08T16:46:26.844494+00:00,0.9297,0.9003,0.9126000000000001,0.915,MAS,1.873767258382631,1.347797501643665
standardized,ocbc,AUD,SGD,AUD/SGD,1,"SGD 0 – 39,999.99",tier_1,SGD < 50,std_lt_50,fxRatesSgd,2026-09-08T07:00:14,2026-09-08T07:00:14,2026-09-08T16:46:26.844494+00:00,0.9297,0.9003,0.9126000000000001,0.915,MAS,1.873767258382631,1.347797501643665
standardized,ocbc,BGN,SGD,BGN/SGD,100,"SGD 0 – 39,999.99",tier_1,"SGD 200 – 39,999.99",std_200_40k,fxRatesSgd,2026-09-08T07:00:14,2026-09-08T07:00:14,2026-09-08T16:46:26.844494+00:00,0.0,0.0,,0.0,,,
standardized,ocbc,BGN,SGD,BGN/SGD,100,"SGD 40,000 – 100,000",tier_2,"SGD 40,000 – 100,000",std_40k_100k,fxRatesSgd,2026-09-08T07:00:14,2026-09-08T07:00:14,2026-09-08T16:46:26.844494+00:00,0.0,0.0,,0.0,,,
standardized,ocbc,BGN,SGD,BGN/SGD,100,"SGD 0 – 39,999.99",tier_1,SGD 50 – 200,std_50_200,fxRatesSgd,2026-09-08T07:00:14,2026-09-08T07:00:14,2026-09-08T16:46:26.844494+00:00,0.0,0.0,,0.0,,,
standardized,ocbc,BGN,SGD,BGN/SGD,100,"SGD 0 – 39,999.99",tier_1,SGD < 50,std_lt_50,fxRatesSgd,2026-09-08T07:00:14,2026-09-08T07:00:14,2026-09-08T16:46:26.844494+00:00,0.0,0.0,,0.0,,,
standardized,ocbc,BHD,SGD,BHD/SGD,1,"SGD 0 – 39,999.99",tier_1,"SGD 200 – 39,999.99",std_200_40k,fxRatesSgd,2026-09-08T07:00:14,2026-09-08T07:00:14,2026-09-08T16:46:26.844494+00:00,0.0,0.0,,0.0,,,
standardized,ocbc,BHD,SGD,BHD/SGD,1,"SGD 40,000 – 100,000",tier_2,"SGD 40,000 – 100,000",std_40k_100k,fxRatesSgd,2026-09-08T07:00:14,2026-09-08T07:00:14,2026-09-08T16:46:26.844494+00:00,0.0,0.0,,0.0,,,
standardized,ocbc,BHD,SGD,BHD/SGD,1,"SGD 0 – 39,999.99",tier_1,SGD 50 – 200,std_50_200,fxRatesSgd,2026-09-08T07:00:14,2026-09-08T07:00:14,2026-09-08T16:46:26.844494+00:00,0.0,0.0,,0.0,,,
standardized,ocbc,BHD,SGD,BHD/SGD,1,"SGD 0 – 39,999.99",tier_1,SGD < 50,std_lt_50,fxRatesSgd,2026-09-08T07:00:14,2026-09-08T07:00:14,2026-09-08T16:46:26.844494+00:00,0.0,0.0,,0.0,,,
standardized,ocbc,CAD,SGD,CAD/SGD,1,"SGD 0 – 39,999.99",tier_1,"SGD 200 – 39,999.99",std_200_40k,fxRatesSgd,2026-09-08T07:00:14,2026-09-08T07:00:14,2026-09-08T16:46:26.844494+00:00,0.9332,0.9001,0.9163,0.9167,MAS,1.844374113281679,1.7679799192404229
standardized,ocbc,CAD,SGD,CAD/SGD,1,"SGD 40,000 – 100,000",tier_2,"SGD 40,000 – 100,000",std_40k_100k,fxRatesSgd,2026-09-08T07:00:14,2026-09-08T07:00:14,2026-09-08T16:46:26.844494+00:00,0.9314,0.9019,0.9163,0.9167,MAS,1.6479319000327408,1.571537705991484
standardized,ocbc,CAD,SGD,CAD/SGD,1,"SGD 0 – 39,999.99",tier_1,SGD 50 – 200,std_50_200,fxRatesSgd,2026-09-08T07:00:14,2026-09-08T07:00:14,2026-09-08T16:46:26.844494+00:00,0.9332,0.9001,0.9163,0.9167,MAS,1.844374113281679,1.7679799192404229
standardized,ocbc,CAD,SGD,CAD/SGD,1,"SGD 0 – 39,999.99",tier_1,SGD < 50,std_lt_50,fxRatesSgd,2026-09-08T07:00:14,2026-09-08T07:00:14,2026-09-08T16:46:26.844494+00:00,0.9332,0.9001,0.9163,0.9167,MAS,1.844374113281679,1.7679799192404229
standardized,ocbc,CHF,SGD,CHF/SGD,100,"SGD 0 – 39,999.99",tier_1,"SGD 200 – 39,999.99",std_200_40k,fxRatesSgd,2026-09-08T07:00:14,2026-09-08T07:00:14,2026-09-08T16:46:26.844494+00:00,158.7838,153.1351,156.27,155.9595,MAS,1.608626095859732,2.006079221859612
standardized,ocbc,CHF,SGD,CHF/SGD,100,"SGD 40,000 – 100,000",tier_2,"SGD 40,000 – 100,000",std_40k_100k,fxRatesSgd,2026-09-08T07:00:14,2026-09-08T07:00:14,2026-09-08T16:46:26.844494+00:00,158.4718,153.447,156.27,155.9595,MAS,1.408971651628586,1.8064887694375167
standardized,ocbc,CHF,SGD,CHF/SGD,100,"SGD 0 – 39,999.99",tier_1,SGD 50 – 200,std_50_200,fxRatesSgd,2026-09-08T07:00:14,2026-09-08T07:00:14,2026-09-08T16:46:26.844494+00:00,158.7838,153.1351,156.27,155.9595,MAS,1.608626095859732,2.006079221859612
standardized,ocbc,CHF,SGD,CHF/SGD,100,"SGD 0 – 39,999.99",tier_1,SGD < 50,std_lt_50,fxRatesSgd,2026-09-08T07:00:14,2026-09-08T07:00:14,2026-09-08T16:46:26.844494+00:00,158.7838,153.1351,156.27,155.9595,MAS,1.608626095859732,2.006079221859612
standardized,ocbc,CNH,SGD,CNH/SGD,100,"SGD 0 – 39,999.99",tier_1,"SGD 200 – 39,999.99",std_200_40k,fxRatesSgd,2026-09-08T07:00:14,2026-09-08T07:00:14,2026-09-08T16:46:26.844494+00:00,19.2095,18.6416,,18.9256,,,
standardized,ocbc,CNH,SGD,CNH/SGD,100,"SGD 40,000 – 100,000",tier_2,"SGD 40,000 – 100,000",std_40k_100k,fxRatesSgd,2026-09-08T07:00:14,2026-09-08T07:00:14,2026-09-08T16:46:26.844494+00:00,19.1906,18.6605,,18.9256,,,
standardized,ocbc,CNH,SGD,CNH/SGD,100,"SGD 0 – 39,999.99",tier_1,SGD 50 – 200,std_50_200,fxRatesSgd,2026-09-08T07:00:14,2026-09-08T07:00:14,2026-09-08T16:46:26.844494+00:00,19.2095,18.6416,,18.9256,,,
standardized,ocbc,CNH,SGD,CNH/SGD,100,"SGD 0 – 39,999.99",tier_1,SGD < 50,std_lt_50,fxRatesSgd,2026-09-08T07:00:14,2026-09-08T07:00:14,2026-09-08T16:46:26.844494+00:00,19.2095,18.6416,,18.9256,,,
standardized,ocbc,CZK,SGD,CZK/SGD,100,"SGD 0 – 39,999.99",tier_1,"SGD 200 – 39,999.99",std_200_40k,fxRatesSgd,2026-09-08T07:00:14,2026-09-08T07:00:14,2026-09-08T16:46:26.844494+00:00,0.0,0.0,,0.0,,,
standardized,ocbc,CZK,SGD,CZK/SGD,100,"SGD 40,000 – 100,000",tier_2,"SGD 40,000 – 100,000",std_40k_100k,fxRatesSgd,2026-09-08T07:00:14,2026-09-08T07:00:14,2026-09-08T16:46:26.844494+00:00,0.0,0.0,,0.0,,,
standardized,ocbc,CZK,SGD,CZK/SGD,100,"SGD 0 – 39,999.99",tier_1,SGD 50 – 200,std_50_200,fxRatesSgd,2026-09-08T07:00:14,2026-09-08T07:00:14,2026-09-08T16:46:26.844494+00:00,0.0,0.0,,0.0,,,
standardized,ocbc,CZK,SGD,CZK/SGD,100,"SGD 0 – 39,999.99",tier_1,SGD < 50,std_lt_50,fxRatesSgd,2026-09-08T07:00:14,2026-09-08T07:00:14,2026-09-08T16:46:26.844494+00:00,0.0,0.0,,0.0,,,
standardized,ocbc,DKK,SGD,DKK/SGD,100,"SGD 0 – 39,999.99",tier_1,"SGD 200 – 39,999.99",std_200_40k,fxRatesSgd,2026-09-08T07:00:14,2026-09-08T07:00:14,2026-09-08T16:46:26.844494+00:00,20.0242,19.3139,,19.6691,,,
standardized,ocbc,DKK,SGD,DKK/SGD,100,"SGD 40,000 – 100,000",tier_2,"SGD 40,000 – 100,000",std_40k_100k,fxRatesSgd,2026-09-08T07:00:14,2026-09-08T07:00:14,2026-09-08T16:46:26.844494+00:00,19.9849,19.3532,,19.6691,,,
standardized,ocbc,DKK,SGD,DKK/SGD,100,"SGD 0 – 39,999.99",tier_1,SGD 50 – 200,std_50_200,fxRatesSgd,2026-09-08T07:00:14,2026-09-08T07:00:14,2026-09-08T16:46:26.844494+00:00,20.0242,19.3139,,19.6691,,,
standardized,ocbc,DKK,SGD,DKK/SGD,100,"SGD 0 – 39,999.99",tier_1,SGD < 50,std_lt_50,fxRatesSgd,2026-09-08T07:00:14,2026-09-08T07:00:14,2026-09-08T16:46:26.844494+00:00,20.0242,19.3139,,19.6691,,,
standardized,ocbc,EUR,SGD,EUR/SGD,1,"SGD 0 – 39,999.99",tier_1,"SGD 200 – 39,999.99",std_200_40k,fxRatesSgd,2026-09-08T07:00:14,2026-09-08T07:00:14,2026-09-08T16:46:26.844494+00:00,1.4868,1.4503,1.4704,1.4686,MAS,1.1153427638737738,1.3669749727965186
standardized,ocbc,EUR,SGD,EUR/SGD,1,"SGD 40,000 – 100,000",tier_2,"SGD 40,000 – 100,000",std_40k_100k,fxRatesSgd,2026-09-08T07:00:14,2026-09-08T07:00:14,2026-09-08T16:46:26.844494+00:00,1.4851,1.4522,1.4704,1.4686,MAS,0.9997279651795538,1.2377584330794338
standardized,ocbc,EUR,SGD,EUR/SGD,1,"SGD 0 – 39,999.99",tier_1,SGD 50 – 200,std_50_200,fxRatesSgd,2026-09-08T07:00:14,2026-09-08T07:00:14,2026-09-08T16:46:26.844494+00:00,1.4868,1.4503,1.4704,1.4686,MAS,1.1153427638737738,1.3669749727965186
standardized,ocbc,EUR,SGD,EUR/SGD,1,"SGD 0 – 39,999.99",tier_1,SGD < 50,std_lt_50,fxRatesSgd,2026-09-08T07:00:14,2026-09-08T07:00:14,2026-09-08T16:46:26.844494+00:00,1.4868,1.4503,1.4704,1.4686,MAS,1.1153427638737738,1.3669749727965186
standardized,ocbc,GBP,SGD,GBP/SGD,1,"SGD 0 – 39,999.99",tier_1,"SGD 200 – 39,999.99",std_200_40k,fxRatesSgd,2026-09-08T07:00:14,2026-09-08T07:00:14,2026-09-08T16:46:26.844494+00:00,1.7352,1.6892,1.7123,1.7122,MAS,1.3373824680254711,1.3490626642527535
standardized,ocbc,GBP,SGD,GBP/SGD,1,"SGD 40,000 – 100,000",tier_2,"SGD 40,000 – 100,000",std_40k_100k,fxRatesSgd,2026-09-08T07:00:14,2026-09-08T07:00:14,2026-09-08T16:46:26.844494+00:00,1.7335,1.6912,1.7123,1.7122,MAS,1.238100800093448,1.2322607019797873
standardized,ocbc,GBP,SGD,GBP/SGD,1,"SGD 0 – 39,999.99",tier_1,SGD 50 – 200,std_50_200,fxRatesSgd,2026-09-08T07:00:14,2026-09-08T07:00:14,2026-09-08T16:46:26.844494+00:00,1.7352,1.6892,1.7123,1.7122,MAS,1.3373824680254711,1.3490626642527535
standardized,ocbc,GBP,SGD,GBP/SGD,1,"SGD 0 – 39,999.99",tier_1,SGD < 50,std_lt_50,fxRatesSgd,2026-09-08T07:00:14,2026-09-08T07:00:14,2026-09-08T16:46:26.844494+00:00,1.7352,1.6892,1.7123,1.7122,MAS,1.3373824680254711,1.3490626642527535
standardized,ocbc,HKD,SGD,HKD/SGD,100,"SGD 0 – 39,999.99",tier_1,"SGD 200 – 39,999.99",std_200_40k,fxRatesSgd,2026-09-08T07:00:14,2026-09-08T07:00:14,2026-09-08T16:46:26.844494+00:00,16.3534,15.958,16.13,16.1557,MAS,1.3849969001859987,1.0663360198388026
standardized,ocbc,HKD,SGD,HKD/SGD,100,"SGD 40,000 – 100,000",tier_2,"SGD 40,000 – 100,000",std_40k_100k,fxRatesSgd,2026-09-08T07:00:14,2026-09-08T07:00:14,2026-09-08T16:46:26.844494+00:00,16.3243,15.9677,16.13,16.1557,MAS,1.2045877247365278,1.0061996280223084
standardized,ocbc,HKD,SGD,HKD/SGD,100,"SGD 0 – 39,999.99",tier_1,SGD 50 – 200,std_50_200,fxRatesSgd,2026-09-08T07:00:14,2026-09-08T07:00:14,2026-09-08T16:46:26.844494+00:00,16.3534,15.958,16.13,16.1557,MAS,1.3849969001859987,1.0663360198388026
standardized,ocbc,HKD,SGD,HKD/SGD,100,"SGD 0 – 39,999.99",tier_1,SGD < 50,std_lt_50,fxRatesSgd,2026-09-08T07:00:14,2026-09-08T07:00:14,2026-09-08T16:46:26.844494+00:00,16.3534,15.958,16.13,16.1557,MAS,1.3849969001859987,1.0663360198388026
standardized,ocbc,HUF,SGD,HUF/SGD,100,"SGD 0 – 39,999.99",tier_1,"SGD 200 – 39,999.99",std_200_40k,fxRatesSgd,2026-09-08T07:00:14,2026-09-08T07:00:14,2026-09-08T16:46:26.844494+00:00,0.0,0.0,,0.0,,,
standardized,ocbc,HUF,SGD,HUF/SGD,100,"SGD 40,000 – 100,000",tier_2,"SGD 40,000 – 100,000",std_40k_100k,fxRatesSgd,2026-09-08T07:00:14,2026-09-08T07:00:14,2026-09-08T16:46:26.844494+00:00,0.0,0.0,,0.0,,,
standardized,ocbc,HUF,SGD,HUF/SGD,100,"SGD 0 – 39,999.99",tier_1,SGD 50 – 200,std_50_200,fxRatesSgd,2026-09-08T07:00:14,2026-09-08T07:00:14,2026-09-08T16:46:26.844494+00:00,0.0,0.0,,0.0,,,
standardized,ocbc,HUF,SGD,HUF/SGD,100,"SGD 0 – 39,999.99",tier_1,SGD < 50,std_lt_50,fxRatesSgd,2026-09-08T07:00:14,2026-09-08T07:00:14,2026-09-08T16:46:26.844494+00:00,0.0,0.0,,0.0,,,
standardized,ocbc,IDR,SGD,IDR/SGD,100,"SGD 0 – 39,999.99",tier_1,"SGD 200 – 39,999.99",std_200_40k,fxRatesSgd,2026-09-08T07:00:14,2026-09-08T07:00:14,2026-09-08T16:46:26.844494+00:00,0.0074,0.0,0.007186,0.0074,MAS,2.978012802671871,100.0
standardized,ocbc,IDR,SGD,IDR/SGD,100,"SGD 40,000 – 100,000",tier_2,"SGD 40,000 – 100,000",std_40k_100k,fxRatesSgd,2026-09-08T07:00:14,2026-09-08T07:00:14,2026-09-08T16:46:26.844494+00:00,0.0074,0.0,0.007186,0.0074,MAS,2.978012802671871,100.0
standardized,ocbc,IDR,SGD,IDR/SGD,100,"SGD 0 – 39,999.99",tier_1,SGD 50 – 200,std_50_200,fxRatesSgd,2026-09-08T07:00:14,2026-09-08T07:00:14,2026-09-08T16:46:26.844494+00:00,0.0074,0.0,0.007186,0.0074,MAS,2.978012802671871,100.0
standardized,ocbc,IDR,SGD,IDR/SGD,100,"SGD 0 – 39,999.99",tier_1,SGD < 50,std_lt_50,fxRatesSgd,2026-09-08T07:00:14,2026-09-08T07:00:14,2026-09-08T16:46:26.844494+00:00,0.0074,0.0,0.007186,0.0074,MAS,2.978012802671871,100.0
standardized,ocbc,ILS,SGD,ILS/SGD,100,"SGD 0 – 39,999.99",tier_1,"SGD 200 – 39,999.99",std_200_40k,fxRatesSgd,2026-09-08T07:00:14,2026-09-08T07:00:14,2026-09-08T16:46:26.844494+00:00,0.0,0.0,,0.0,,,
standardized,ocbc,ILS,SGD,ILS/SGD,100,"SGD 40,000 – 100,000",tier_2,"SGD 40,000 – 100,000",std_40k_100k,fxRatesSgd,2026-09-08T07:00:14,2026-09-08T07:00:14,2026-09-08T16:46:26.844494+00:00,0.0,0.0,,0.0,,,
standardized,ocbc,ILS,SGD,ILS/SGD,100,"SGD 0 – 39,999.99",tier_1,SGD 50 – 200,std_50_200,fxRatesSgd,2026-09-08T07:00:14,2026-09-08T07:00:14,2026-09-08T16:46:26.844494+00:00,0.0,0.0,,0.0,,,
standardized,ocbc,ILS,SGD,ILS/SGD,100,"SGD 0 – 39,999.99",tier_1,SGD < 50,std_lt_50,fxRatesSgd,2026-09-08T07:00:14,2026-09-08T07:00:14,2026-09-08T16:46:26.844494+00:00,0.0,0.0,,0.0,,,
standardized,ocbc,INR,SGD,INR/SGD,100,"SGD 0 – 39,999.99",tier_1,"SGD 200 – 39,999.99",std_200_40k,fxRatesSgd,2026-09-08T07:00:14,2026-09-08T07:00:14,2026-09-08T16:46:26.844494+00:00,1.3771,0.0,1.3361,1.3771,MAS,3.0686325873811784,100.0
standardized,ocbc,INR,SGD,INR/SGD,100,"SGD 40,000 – 100,000",tier_2,"SGD 40,000 – 100,000",std_40k_100k,fxRatesSgd,2026-09-08T07:00:14,2026-09-08T07:00:14,2026-09-08T16:46:26.844494+00:00,1.3744,0.0,1.3361,1.3771,MAS,2.866551904797545,100.0
standardized,ocbc,INR,SGD,INR/SGD,100,"SGD 0 – 39,999.99",tier_1,SGD 50 – 200,std_50_200,fxRatesSgd,2026-09-08T07:00:14,2026-09-08T07:00:14,2026-09-08T16:46:26.844494+00:00,1.3771,0.0,1.3361,1.3771,MAS,3.0686325873811784,100.0
standardized,ocbc,INR,SGD,INR/SGD,100,"SGD 0 – 39,999.99",tier_1,SGD < 50,std_lt_50,fxRatesSgd,2026-09-08T07:00:14,2026-09-08T07:00:14,2026-09-08T16:46:26.844494+00:00,1.3771,0.0,1.3361,1.3771,MAS,3.0686325873811784,100.0
standardized,ocbc,JOD,SGD,JOD/SGD,1,"SGD 0 – 39,999.99",tier_1,"SGD 200 – 39,999.99",std_200_40k,fxRatesSgd,2026-09-08T07:00:14,2026-09-08T07:00:14,2026-09-08T16:46:26.844494+00:00,0.0,0.0,,0.0,,,
standardized,ocbc,JOD,SGD,JOD/SGD,1,"SGD 40,000 – 100,000",tier_2,"SGD 40,000 – 100,000",std_40k_100k,fxRatesSgd,2026-09-08T07:00:14,2026-09-08T07:00:14,2026-09-08T16:46:26.844494+00:00,0.0,0.0,,0.0,,,
standardized,ocbc,JOD,SGD,JOD/SGD,1,"SGD 0 – 39,999.99",tier_1,SGD 50 – 200,std_50_200,fxRatesSgd,2026-09-08T07:00:14,2026-09-08T07:00:14,2026-09-08T16:46:26.844494+00:00,0.0,0.0,,0.0,,,
standardized,ocbc,JOD,SGD,JOD/SGD,1,"SGD 0 – 39,999.99",tier_1,SGD < 50,std_lt_50,fxRatesSgd,2026-09-08T07:00:14,2026-09-08T07:00:14,2026-09-08T16:46:26.844494+00:00,0.0,0.0,,0.0,,,
standardized,ocbc,JPY,SGD,JPY/SGD,100,"SGD 0 – 39,999.99",tier_1,"SGD 200 – 39,999.99",std_200_40k,fxRatesSgd,2026-09-08T07:00:14,2026-09-08T07:00:14,2026-09-08T16:46:26.844494+00:00,0.8316,0.8111,0.8249,0.8214,MAS,0.8122196629894581,1.6729300521275212
standardized,ocbc,JPY,SGD,JPY/SGD,100,"SGD 40,000 – 100,000",tier_2,"SGD 40,000 – 100,000",std_40k_100k,fxRatesSgd,2026-09-08T07:00:14,2026-09-08T07:00:14,2026-09-08T16:46:26.844494+00:00,0.8308,0.8125,0.8249,0.8214,MAS,0.7152382106922072,1.5032125106073424
standardized,ocbc,JPY,SGD,JPY/SGD,100,"SGD 0 – 39,999.99",tier_1,SGD 50 – 200,std_50_200,fxRatesSgd,2026-09-08T07:00:14,2026-09-08T07:00:14,2026-09-08T16:46:26.844494+00:00,0.8316,0.8111,0.8249,0.8214,MAS,0.8122196629894581,1.6729300521275212
standardized,ocbc,JPY,SGD,JPY/SGD,100,"SGD 0 – 39,999.99",tier_1,SGD < 50,std_lt_50,fxRatesSgd,2026-09-08T07:00:14,2026-09-08T07:00:14,2026-09-08T16:46:26.844494+00:00,0.8316,0.8111,0.8249,0.8214,MAS,0.8122196629894581,1.6729300521275212
standardized,ocbc,KRW,SGD,KRW/SGD,100,"SGD 0 – 39,999.99",tier_1,"SGD 200 – 39,999.99",std_200_40k,fxRatesSgd,2026-09-08T07:00:14,2026-09-08T07:00:14,2026-09-08T16:46:26.844494+00:00,0.0,0.0,0.0944,0.0,MAS,-100.0,100.0
standardized,ocbc,KRW,SGD,KRW/SGD,100,"SGD 40,000 – 100,000",tier_2,"SGD 40,000 – 100,000",std_40k_100k,fxRatesSgd,2026-09-08T07:00:14,2026-09-08T07:00:14,2026-09-08T16:46:26.844494+00:00,0.0,0.0,0.0944,0.0,MAS,-100.0,100.0
standardized,ocbc,KRW,SGD,KRW/SGD,100,"SGD 0 – 39,999.99",tier_1,SGD 50 – 200,std_50_200,fxRatesSgd,2026-09-08T07:00:14,2026-09-08T07:00:14,2026-09-08T16:46:26.844494+00:00,0.0,0.0,0.0944,0.0,MAS,-100.0,100.0
standardized,ocbc,KRW,SGD,KRW/SGD,100,"SGD 0 – 39,999.99",tier_1,SGD < 50,std_lt_50,fxRatesSgd,2026-09-08T07:00:14,2026-09-08T07:00:14,2026-09-08T16:46:26.844494+00:00,0.0,0.0,0.0944,0.0,MAS,-100.0,100.0
standardized,ocbc,LKR,SGD,LKR/SGD,100,"SGD 0 – 39,999.99",tier_1,"SGD 200 – 39,999.99",std_200_40k,fxRatesSgd,2026-09-08T07:00:14,2026-09-08T07:00:14,2026-09-08T16:46:26.844494+00:00,0.3979,0.0,,0.3979,,,
standardized,ocbc,LKR,SGD,LKR/SGD,100,"SGD 40,000 – 100,000",tier_2,"SGD 40,000 – 100,000",std_40k_100k,fxRatesSgd,2026-09-08T07:00:14,2026-09-08T07:00:14,2026-09-08T16:46:26.844494+00:00,0.3971,0.0,,0.3979,,,
standardized,ocbc,LKR,SGD,LKR/SGD,100,"SGD 0 – 39,999.99",tier_1,SGD 50 – 200,std_50_200,fxRatesSgd,2026-09-08T07:00:14,2026-09-08T07:00:14,2026-09-08T16:46:26.844494+00:00,0.3979,0.0,,0.3979,,,
standardized,ocbc,LKR,SGD,LKR/SGD,100,"SGD 0 – 39,999.99",tier_1,SGD < 50,std_lt_50,fxRatesSgd,2026-09-08T07:00:14,2026-09-08T07:00:14,2026-09-08T16:46:26.844494+00:00,0.3979,0.0,,0.3979,,,
standardized,ocbc,MAD,SGD,MAD/SGD,100,"SGD 0 – 39,999.99",tier_1,"SGD 200 – 39,999.99",std_200_40k,fxRatesSgd,2026-09-08T07:00:14,2026-09-08T07:00:14,2026-09-08T16:46:26.844494+00:00,0.0,0.0,,0.0,,,
standardized,ocbc,MAD,SGD,MAD/SGD,100,"SGD 40,000 – 100,000",tier_2,"SGD 40,000 – 100,000",std_40k_100k,fxRatesSgd,2026-09-08T07:00:14,2026-09-08T07:00:14,2026-09-08T16:46:26.844494+00:00,0.0,0.0,,0.0,,,
standardized,ocbc,MAD,SGD,MAD/SGD,100,"SGD 0 – 39,999.99",tier_1,SGD 50 – 200,std_50_200,fxRatesSgd,2026-09-08T07:00:14,2026-09-08T07:00:14,2026-09-08T16:46:26.844494+00:00,0.0,0.0,,0.0,,,
standardized,ocbc,MAD,SGD,MAD/SGD,100,"SGD 0 – 39,999.99",tier_1,SGD < 50,std_lt_50,fxRatesSgd,2026-09-08T07:00:14,2026-09-08T07:00:14,2026-09-08T16:46:26.844494+00:00,0.0,0.0,,0.0,,,
standardized,ocbc,MXN,SGD,MXN/SGD,100,"SGD 0 – 39,999.99",tier_1,"SGD 200 – 39,999.99",std_200_40k,fxRatesSgd,2026-09-08T07:00:14,2026-09-08T07:00:14,2026-09-08T16:46:26.844494+00:00,7.7186,0.0,,7.7186,,,
standardized,ocbc,MXN,SGD,MXN/SGD,100,"SGD 40,000 – 100,000",tier_2,"SGD 40,000 – 100,000",std_40k_100k,fxRatesSgd,2026-09-08T07:00:14,2026-09-08T07:00:14,2026-09-08T16:46:26.844494+00:00,7.7171,0.0,,7.7186,,,
standardized,ocbc,MXN,SGD,MXN/SGD,100,"SGD 0 – 39,999.99",tier_1,SGD 50 – 200,std_50_200,fxRatesSgd,2026-09-08T07:00:14,2026-09-08T07:00:14,2026-09-08T16:46:26.844494+00:00,7.7186,0.0,,7.7186,,,
standardized,ocbc,MXN,SGD,MXN/SGD,100,"SGD 0 – 39,999.99",tier_1,SGD < 50,std_lt_50,fxRatesSgd,2026-09-08T07:00:14,2026-09-08T07:00:14,2026-09-08T16:46:26.844494+00:00,7.7186,0.0,,7.7186,,,
standardized,ocbc,MYR,SGD,MYR/SGD,100,"SGD 0 – 39,999.99",tier_1,"SGD 200 – 39,999.99",std_200_40k,fxRatesSgd,2026-09-08T07:00:14,2026-09-08T07:00:14,2026-09-08T16:46:26.844494+00:00,0.0,0.0,31.19,0.0,MAS,-100.0,100.0
standardized,ocbc,MYR,SGD,MYR/SGD,100,"SGD 40,000 – 100,000",tier_2,"SGD 40,000 – 100,000",std_40k_100k,fxRatesSgd,2026-09-08T07:00:14,2026-09-08T07:00:14,2026-09-08T16:46:26.844494+00:00,0.0,0.0,31.19,0.0,MAS,-100.0,100.0
standardized,ocbc,MYR,SGD,MYR/SGD,100,"SGD 0 – 39,999.99",tier_1,SGD 50 – 200,std_50_200,fxRatesSgd,2026-09-08T07:00:14,2026-09-08T07:00:14,2026-09-08T16:46:26.844494+00:00,0.0,0.0,31.19,0.0,MAS,-100.0,100.0
standardized,ocbc,MYR,SGD,MYR/SGD,100,"SGD 0 – 39,999.99",tier_1,SGD < 50,std_lt_50,fxRatesSgd,2026-09-08T07:00:14,2026-09-08T07:00:14,2026-09-08T16:46:26.844494+00:00,0.0,0.0,31.19,0.0,MAS,-100.0,100.0
standardized,ocbc,NOK,SGD,NOK/SGD,100,"SGD 0 – 39,999.99",tier_1,"SGD 200 – 39,999.99",std_200_40k,fxRatesSgd,2026-09-08T07:00:14,2026-09-08T07:00:14,2026-09-08T16:46:26.844494+00:00,13.9156,13.4199,,13.6678,,,
standardized,ocbc,NOK,SGD,NOK/SGD,100,"SGD 40,000 – 100,000",tier_2,"SGD 40,000 – 100,000",std_40k_100k,fxRatesSgd,2026-09-08T07:00:14,2026-09-08T07:00:14,2026-09-08T16:46:26.844494+00:00,13.8883,13.4472,,13.6678,,,
standardized,ocbc,NOK,SGD,NOK/SGD,100,"SGD 0 – 39,999.99",tier_1,SGD 50 – 200,std_50_200,fxRatesSgd,2026-09-08T07:00:14,2026-09-08T07:00:14,2026-09-08T16:46:26.844494+00:00,13.9156,13.4199,,13.6678,,,
standardized,ocbc,NOK,SGD,NOK/SGD,100,"SGD 0 – 39,999.99",tier_1,SGD < 50,std_lt_50,fxRatesSgd,2026-09-08T07:00:14,2026-09-08T07:00:14,2026-09-08T16:46:26.844494+00:00,13.9156,13.4199,,13.6678,,,
standardized,ocbc,NZD,SGD,NZD/SGD,1,"SGD 0 – 39,999.99",tier_1,"SGD 200 – 39,999.99",std_200_40k,fxRatesSgd,2026-09-08T07:00:14,2026-09-08T07:00:14,2026-09-08T16:46:26.844494+00:00,0.7549,0.7292,0.7406999999999999,0.7421,MAS,1.9171054407992578,1.5525853921965649
standardized,ocbc,NZD,SGD,NZD/SGD,1,"SGD 40,000 – 100,000",tier_2,"SGD 40,000 – 100,000",std_40k_100k,fxRatesSgd,2026-09-08T07:00:14,2026-09-08T07:00:14,2026-09-08T16:46:26.844494+00:00,0.753,0.7314,0.7406999999999999,0.7421,MAS,1.660591332523301,1.2555690562980781
standardized,ocbc,NZD,SGD,NZD/SGD,1,"SGD 0 – 39,999.99",tier_1,SGD 50 – 200,std_50_200,fxRatesSgd,2026-09-08T07:00:14,2026-09-08T07:00:14,2026-09-08T16:46:26.844494+00:00,0.7549,0.7292,0.7406999999999999,0.7421,MAS,1.9171054407992578,1.5525853921965649
standardized,ocbc,NZD,SGD,NZD/SGD,1,"SGD 0 – 39,999.99",tier_1,SGD < 50,std_lt_50,fxRatesSgd,2026-09-08T07:00:14,2026-09-08T07:00:14,2026-09-08T16:46:26.844494+00:00,0.7549,0.7292,0.7406999999999999,0.7421,MAS,1.9171054407992578,1.5525853921965649
standardized,ocbc,OMR,SGD,OMR/SGD,1,"SGD 0 – 39,999.99",tier_1,"SGD 200 – 39,999.99",std_200_40k,fxRatesSgd,2026-09-08T07:00:14,2026-09-08T07:00:14,2026-09-08T16:46:26.844494+00:00,0.0,0.0,,0.0,,,
standardized,ocbc,OMR,SGD,OMR/SGD,1,"SGD 40,000 – 100,000",tier_2,"SGD 40,000 – 100,000",std_40k_100k,fxRatesSgd,2026-09-08T07:00:14,2026-09-08T07:00:14,2026-09-08T16:46:26.844494+00:00,0.0,0.0,,0.0,,,
standardized,ocbc,OMR,SGD,OMR/SGD,1,"SGD 0 – 39,999.99",tier_1,SGD 50 – 200,std_50_200,fxRatesSgd,2026-09-08T07:00:14,2026-09-08T07:00:14,2026-09-08T16:46:26.844494+00:00,0.0,0.0,,0.0,,,
standardized,ocbc,OMR,SGD,OMR/SGD,1,"SGD 0 – 39,999.99",tier_1,SGD < 50,std_lt_50,fxRatesSgd,2026-09-08T07:00:14,2026-09-08T07:00:14,2026-09-08T16:46:26.844494+00:00,0.0,0.0,,0.0,,,
standardized,ocbc,PHP,SGD,PHP/SGD,100,"SGD 0 – 39,999.99",tier_1,"SGD 200 – 39,999.99",std_200_40k,fxRatesSgd,2026-09-08T07:00:14,2026-09-08T07:00:14,2026-09-08T16:46:26.844494+00:00,2.0848,0.0,2.0234,2.0848,MAS,3.0344963922111248,100.0
standardized,ocbc,PHP,SGD,PHP/SGD,100,"SGD 40,000 – 100,000",tier_2,"SGD 40,000 – 100,000",std_40k_100k,fxRatesSgd,2026-09-08T07:00:14,2026-09-08T07:00:14,2026-09-08T16:46:26.844494+00:00,2.0838,0.0,2.0234,2.0848,MAS,2.985074626865672,100.0
standardized,ocbc,PHP,SGD,PHP/SGD,100,"SGD 0 – 39,999.99",tier_1,SGD 50 – 200,std_50_200,fxRatesSgd,2026-09-08T07:00:14,2026-09-08T07:00:14,2026-09-08T16:46:26.844494+00:00,2.0848,0.0,2.0234,2.0848,MAS,3.0344963922111248,100.0
standardized,ocbc,PHP,SGD,PHP/SGD,100,"SGD 0 – 39,999.99",tier_1,SGD < 50,std_lt_50,fxRatesSgd,2026-09-08T07:00:14,2026-09-08T07:00:14,2026-09-08T16:46:26.844494+00:00,2.0848,0.0,2.0234,2.0848,MAS,3.0344963922111248,100.0
standardized,ocbc,PLN,SGD,PLN/SGD,100,"SGD 0 – 39,999.99",tier_1,"SGD 200 – 39,999.99",std_200_40k,fxRatesSgd,2026-09-08T07:00:14,2026-09-08T07:00:14,2026-09-08T16:46:26.844494+00:00,35.1788,32.9882,,34.0835,,,
standardized,ocbc,PLN,SGD,PLN/SGD,100,"SGD 40,000 – 100,000",tier_2,"SGD 40,000 – 100,000",std_40k_100k,fxRatesSgd,2026-09-08T07:00:14,2026-09-08T07:00:14,2026-09-08T16:46:26.844494+00:00,35.1615,33.0151,,34.0835,,,
standardized,ocbc,PLN,SGD,PLN/SGD,100,"SGD 0 – 39,999.99",tier_1,SGD 50 – 200,std_50_200,fxRatesSgd,2026-09-08T07:00:14,2026-09-08T07:00:14,2026-09-08T16:46:26.844494+00:00,35.1788,32.9882,,34.0835,,,
standardized,ocbc,PLN,SGD,PLN/SGD,100,"SGD 0 – 39,999.99",tier_1,SGD < 50,std_lt_50,fxRatesSgd,2026-09-08T07:00:14,2026-09-08T07:00:14,2026-09-08T16:46:26.844494+00:00,35.1788,32.9882,,34.0835,,,
standardized,ocbc,QAR,SGD,QAR/SGD,100,"SGD 0 – 39,999.99",tier_1,"SGD 200 – 39,999.99",std_200_40k,fxRatesSgd,2026-09-08T07:00:14,2026-09-08T07:00:14,2026-09-08T16:46:26.844494+00:00,35.7261,33.684,34.7,34.7051,MAS,2.957060518731987,2.927953890489929
standardized,ocbc,QAR,SGD,QAR/SGD,100,"SGD 40,000 – 100,000",tier_2,"SGD 40,000 – 100,000",std_40k_100k,fxRatesSgd,2026-09-08T07:00:14,2026-09-08T07:00:14,2026-09-08T16:46:26.844494+00:00,35.705,33.7012,34.7,34.7051,MAS,2.896253602305462,2.878386167146982
standardized,ocbc,QAR,SGD,QAR/SGD,100,"SGD 0 – 39,999.99",tier_1,SGD 50 – 200,std_50_200,fxRatesSgd,2026-09-08T07:00:14,2026-09-08T07:00:14,2026-09-08T16:46:26.844494+00:00,35.7261,33.684,34.7,34.7051,MAS,2.957060518731987,2.927953890489929
standardized,ocbc,QAR,SGD,QAR/SGD,100,"SGD 0 – 39,999.99",tier_1,SGD < 50,std_lt_50,fxRatesSgd,2026-09-08T07:00:14,2026-09-08T07:00:14,2026-09-08T16:46:26.844494+00:00,35.7261,33.684,34.7,34.7051,MAS,2.957060518731987,2.927953890489929
standardized,ocbc,RON,SGD,RON/SGD,100,"SGD 0 – 39,999.99",tier_1,"SGD 200 – 39,999.99",std_200_40k,fxRatesSgd,2026-09-08T07:00:14,2026-09-08T07:00:14,2026-09-08T16:46:26.844494+00:00,0.0,0.0,,0.0,,,
standardized,ocbc,RON,SGD,RON/SGD,100,"SGD 40,000 – 100,000",tier_2,"SGD 40,000 – 100,000",std_40k_100k,fxRatesSgd,2026-09-08T07:00:14,2026-09-08T07:00:14,2026-09-08T16:46:26.844494+00:00,0.0,0.0,,0.0,,,
standardized,ocbc,RON,SGD,RON/SGD,100,"SGD 0 – 39,999.99",tier_1,SGD 50 – 200,std_50_200,fxRatesSgd,2026-09-08T07:00:14,2026-09-08T07:00:14,2026-09-08T16:46:26.844494+00:00,0.0,0.0,,0.0,,,
standardized,ocbc,RON,SGD,RON/SGD,100,"SGD 0 – 39,999.99",tier_1,SGD < 50,std_lt_50,fxRatesSgd,2026-09-08T07:00:14,2026-09-08T07:00:14,2026-09-08T16:46:26.844494+00:00,0.0,0.0,,0.0,,,
standardized,ocbc,RUB,SGD,RUB/SGD,100,"SGD 0 – 39,999.99",tier_1,"SGD 200 – 39,999.99",std_200_40k,fxRatesSgd,2026-09-08T07:00:14,2026-09-08T07:00:14,2026-09-08T16:46:26.844494+00:00,0.0,0.0,,0.0,,,
standardized,ocbc,RUB,SGD,RUB/SGD,100,"SGD 40,000 – 100,000",tier_2,"SGD 40,000 – 100,000",std_40k_100k,fxRatesSgd,2026-09-08T07:00:14,2026-09-08T07:00:14,2026-09-08T16:46:26.844494+00:00,0.0,0.0,,0.0,,,
standardized,ocbc,RUB,SGD,RUB/SGD,100,"SGD 0 – 39,999.99",tier_1,SGD 50 – 200,std_50_200,fxRatesSgd,2026-09-08T07:00:14,2026-09-08T07:00:14,2026-09-08T16:46:26.844494+00:00,0.0,0.0,,0.0,,,
standardized,ocbc,RUB,SGD,RUB/SGD,100,"SGD 0 – 39,999.99",tier_1,SGD < 50,std_lt_50,fxRatesSgd,2026-09-08T07:00:14,2026-09-08T07:00:14,2026-09-08T16:46:26.844494+00:00,0.0,0.0,,0.0,,,
standardized,ocbc,SAR,SGD,SAR/SGD,100,"SGD 0 – 39,999.99",tier_1,"SGD 200 – 39,999.99",std_200_40k,fxRatesSgd,2026-09-08T07:00:14,2026-09-08T07:00:14,2026-09-08T16:46:26.844494+00:00,34.6567,32.7485,33.68,33.7026,MAS,2.8999406175772005,2.765736342042755
standardized,ocbc,SAR,SGD,SAR/SGD,100,"SGD 40,000 – 100,000",tier_2,"SGD 40,000 – 100,000",std_40k_100k,fxRatesSgd,2026-09-08T07:00:14,2026-09-08T07:00:14,2026-09-08T16:46:26.844494+00:00,34.6396,32.7651,33.68,33.7026,MAS,2.8491686460807655,2.7164489311163984
standardized,ocbc,SAR,SGD,SAR/SGD,100,"SGD 0 – 39,999.99",tier_1,SGD 50 – 200,std_50_200,fxRatesSgd,2026-09-08T07:00:14,2026-09-08T07:00:14,2026-09-08T16:46:26.844494+00:00,34.6567,32.7485,33.68,33.7026,MAS,2.8999406175772005,2.765736342042755
standardized,ocbc,SAR,SGD,SAR/SGD,100,"SGD 0 – 39,999.99",tier_1,SGD < 50,std_lt_50,fxRatesSgd,2026-09-08T07:00:14,2026-09-08T07:00:14,2026-09-08T16:46:26.844494+00:00,34.6567,32.7485,33.68,33.7026,MAS,2.8999406175772005,2.765736342042755
standardized,ocbc,SEK,SGD,SEK/SGD,100,"SGD 0 – 39,999.99",tier_1,"SGD 200 – 39,999.99",std_200_40k,fxRatesSgd,2026-09-08T07:00:14,2026-09-08T07:00:14,2026-09-08T16:46:26.844494+00:00,13.4153,12.9376,,13.1765,,,
standardized,ocbc,SEK,SGD,SEK/SGD,100,"SGD 40,000 – 100,000",tier_2,"SGD 40,000 – 100,000",std_40k_100k,fxRatesSgd,2026-09-08T07:00:14,2026-09-08T07:00:14,2026-09-08T16:46:26.844494+00:00,13.389,12.964,,13.1765,,,
standardized,ocbc,SEK,SGD,SEK/SGD,100,"SGD 0 – 39,999.99",tier_1,SGD 50 – 200,std_50_200,fxRatesSgd,2026-09-08T07:00:14,2026-09-08T07:00:14,2026-09-08T16:46:26.844494+00:00,13.4153,12.9376,,13.1765,,,
standardized,ocbc,SEK,SGD,SEK/SGD,100,"SGD 0 – 39,999.99",tier_1,SGD < 50,std_lt_50,fxRatesSgd,2026-09-08T07:00:14,2026-09-08T07:00:14,2026-09-08T16:46:26.844494+00:00,13.4153,12.9376,,13.1765,,,
standardized,ocbc,THB,SGD,THB/SGD,100,"SGD 0 – 39,999.99",tier_1,"SGD 200 – 39,999.99",std_200_40k,fxRatesSgd,2026-09-08T07:00:14,2026-09-08T07:00:14,2026-09-08T16:46:26.844494+00:00,3.9518,3.7349,3.8486,3.8434,MAS,2.6814945694538324,2.95432105181104
standardized,ocbc,THB,SGD,THB/SGD,100,"SGD 40,000 – 100,000",tier_2,"SGD 40,000 – 100,000",std_40k_100k,fxRatesSgd,2026-09-08T07:00:14,2026-09-08T07:00:14,2026-09-08T16:46:26.844494+00:00,3.9443,3.7426,3.8486,3.8434,MAS,2.48661851062725,2.7542482980824166
standardized,ocbc,THB,SGD,THB/SGD,100,"SGD 0 – 39,999.99",tier_1,SGD 50 – 200,std_50_200,fxRatesSgd,2026-09-08T07:00:14,2026-09-08T07:00:14,2026-09-08T16:46:26.844494+00:00,3.9518,3.7349,3.8486,3.8434,MAS,2.6814945694538324,2.95432105181104
standardized,ocbc,THB,SGD,THB/SGD,100,"SGD 0 – 39,999.99",tier_1,SGD < 50,std_lt_50,fxRatesSgd,2026-09-08T07:00:14,2026-09-08T07:00:14,2026-09-08T16:46:26.844494+00:00,3.9518,3.7349,3.8486,3.8434,MAS,2.6814945694538324,2.95432105181104
standardized,ocbc,TRY,SGD,TRY/SGD,100,"SGD 0 – 39,999.99",tier_1,"SGD 200 – 39,999.99",std_200_40k,fxRatesSgd,2026-09-08T07:00:14,2026-09-08T07:00:14,2026-09-08T16:46:26.844494+00:00,2.683,2.572,,2.6275,,,
standardized,ocbc,TRY,SGD,TRY/SGD,100,"SGD 40,000 – 100,000",tier_2,"SGD 40,000 – 100,000",std_40k_100k,fxRatesSgd,2026-09-08T07:00:14,2026-09-08T07:00:14,2026-09-08T16:46:26.844494+00:00,2.6816,2.5723,,2.6275,,,
standardized,ocbc,TRY,SGD,TRY/SGD,100,"SGD 0 – 39,999.99",tier_1,SGD 50 – 200,std_50_200,fxRatesSgd,2026-09-08T07:00:14,2026-09-08T07:00:14,2026-09-08T16:46:26.844494+00:00,2.683,2.572,,2.6275,,,
standardized,ocbc,TRY,SGD,TRY/SGD,100,"SGD 0 – 39,999.99",tier_1,SGD < 50,std_lt_50,fxRatesSgd,2026-09-08T07:00:14,2026-09-08T07:00:14,2026-09-08T16:46:26.844494+00:00,2.683,2.572,,2.6275,,,
standardized,ocbc,TWD,SGD,TWD/SGD,100,"SGD 0 – 39,999.99",tier_1,"SGD 200 – 39,999.99",std_200_40k,fxRatesSgd,2026-09-08T07:00:14,2026-09-08T07:00:14,2026-09-08T16:46:26.844494+00:00,4.168,0.0,4.0197,4.168,MAS,3.6893300495061787,100.0
standardized,ocbc,TWD,SGD,TWD/SGD,100,"SGD 40,000 – 100,000",tier_2,"SGD 40,000 – 100,000",std_40k_100k,fxRatesSgd,2026-09-08T07:00:14,2026-09-08T07:00:14,2026-09-08T16:46:26.844494+00:00,0.0,0.0,4.0197,4.168,MAS,-100.0,100.0
standardized,ocbc,TWD,SGD,TWD/SGD,100,"SGD 0 – 39,999.99",tier_1,SGD 50 – 200,std_50_200,fxRatesSgd,2026-09-08T07:00:14,2026-09-08T07:00:14,2026-09-08T16:46:26.844494+00:00,4.168,0.0,4.0197,4.168,MAS,3.6893300495061787,100.0
standardized,ocbc,TWD,SGD,TWD/SGD,100,"SGD 0 – 39,999.99",tier_1,SGD < 50,std_lt_50,fxRatesSgd,2026-09-08T07:00:14,2026-09-08T07:00:14,2026-09-08T16:46:26.844494+00:00,4.168,0.0,4.0197,4.168,MAS,3.6893300495061787,100.0
standardized,ocbc,USD,SGD,USD/SGD,1,"SGD 0 – 39,999.99",tier_1,"SGD 200 – 39,999.99",std_200_40k,fxRatesSgd,2026-09-08T07:00:14,2026-09-08T07:00:14,2026-09-08T16:46:26.844494+00:00,1.2781,1.2552,1.2649,1.2667,MAS,1.0435607557909796,0.766859040240321
standardized,ocbc,USD,SGD,USD/SGD,1,"SGD 40,000 – 100,000",tier_2,"SGD 40,000 – 100,000",std_40k_100k,fxRatesSgd,2026-09-08T07:00:14,2026-09-08T07:00:14,2026-09-08T16:46:26.844494+00:00,1.2769,1.2563,1.2649,1.2667,MAS,0.9486915961736114,0.6798956439244163
standardized,ocbc,USD,SGD,USD/SGD,1,"SGD 0 – 39,999.99",tier_1,SGD 50 – 200,std_50_200,fxRatesSgd,2026-09-08T07:00:14,2026-09-08T07:00:14,2026-09-08T16:46:26.844494+00:00,1.2781,1.2552,1.2649,1.2667,MAS,1.0435607557909796,0.766859040240321
standardized,ocbc,USD,SGD,USD/SGD,1,"SGD 0 – 39,999.99",tier_1,SGD < 50,std_lt_50,fxRatesSgd,2026-09-08T07:00:14,2026-09-08T07:00:14,2026-09-08T16:46:26.844494+00:00,1.2781,1.2552,1.2649,1.2667,MAS,1.0435607557909796,0.766859040240321
standardized,ocbc,ZAR,SGD,ZAR/SGD,100,"SGD 0 – 39,999.99",tier_1,"SGD 200 – 39,999.99",std_200_40k,fxRatesSgd,2026-09-08T07:00:14,2026-09-08T07:00:14,2026-09-08T16:46:26.844494+00:00,8.1293,7.6512,,7.8903,,,
standardized,ocbc,ZAR,SGD,ZAR/SGD,100,"SGD 40,000 – 100,000",tier_2,"SGD 40,000 – 100,000",std_40k_100k,fxRatesSgd,2026-09-08T07:00:14,2026-09-08T07:00:14,2026-09-08T16:46:26.844494+00:00,8.1254,7.6552,,7.8903,,,
standardized,ocbc,ZAR,SGD,ZAR/SGD,100,"SGD 0 – 39,999.99",tier_1,SGD 50 – 200,std_50_200,fxRatesSgd,2026-09-08T07:00:14,2026-09-08T07:00:14,2026-09-08T16:46:26.844494+00:00,8.1293,7.6512,,7.8903,,,
standardized,ocbc,ZAR,SGD,ZAR/SGD,100,"SGD 0 – 39,999.99",tier_1,SGD < 50,std_lt_50,fxRatesSgd,2026-09-08T07:00:14,2026-09-08T07:00:14,2026-09-08T16:46:26.844494+00:00,8.1293,7.6512,,7.8903,,,
standardized,uob,AED,SGD,AED/SGD,100,Indicative board,board,"SGD 200 – 39,999.99",std_200_40k,forex_sgd,08 September 2026 05:53:27 PM,08 September 2026 05:53:27 PM,2026-09-08T16:46:28.573497+00:00,35.32,33.62,34.44,34.47,MAS,2.555168408826953,2.380952380952382
standardized,uob,AED,SGD,AED/SGD,100,Indicative board,board,"SGD 40,000 – 100,000",std_40k_100k,forex_sgd,08 September 2026 05:53:27 PM,08 September 2026 05:53:27 PM,2026-09-08T16:46:28.573497+00:00,35.32,33.62,34.44,34.47,MAS,2.555168408826953,2.380952380952382
standardized,uob,AED,SGD,AED/SGD,100,Indicative board,board,SGD 50 – 200,std_50_200,forex_sgd,08 September 2026 05:53:27 PM,08 September 2026 05:53:27 PM,2026-09-08T16:46:28.573497+00:00,35.32,33.62,34.44,34.47,MAS,2.555168408826953,2.380952380952382
standardized,uob,AED,SGD,AED/SGD,100,Indicative board,board,SGD < 50,std_lt_50,forex_sgd,08 September 2026 05:53:27 PM,08 September 2026 05:53:27 PM,2026-09-08T16:46:28.573497+00:00,35.32,33.62,34.44,34.47,MAS,2.555168408826953,2.380952380952382
standardized,uob,AOA,SGD,AOA/SGD,100,Indicative board,board,"SGD 200 – 39,999.99",std_200_40k,forex_sgd,08 September 2026 05:53:27 PM,08 September 2026 05:53:27 PM,2026-09-08T16:46:28.573497+00:00,0.1423,,,,,,
standardized,uob,AOA,SGD,AOA/SGD,100,Indicative board,board,"SGD 40,000 – 100,000",std_40k_100k,forex_sgd,08 September 2026 05:53:27 PM,08 September 2026 05:53:27 PM,2026-09-08T16:46:28.573497+00:00,0.1423,,,,,,
standardized,uob,AOA,SGD,AOA/SGD,100,Indicative board,board,SGD 50 – 200,std_50_200,forex_sgd,08 September 2026 05:53:27 PM,08 September 2026 05:53:27 PM,2026-09-08T16:46:28.573497+00:00,0.1423,,,,,,
standardized,uob,AOA,SGD,AOA/SGD,100,Indicative board,board,SGD < 50,std_lt_50,forex_sgd,08 September 2026 05:53:27 PM,08 September 2026 05:53:27 PM,2026-09-08T16:46:28.573497+00:00,0.1423,,,,,,
standardized,uob,AUD,SGD,AUD/SGD,1,Indicative board,board,"SGD 200 – 39,999.99",std_200_40k,forex_sgd,08 September 2026 05:53:27 PM,08 September 2026 05:53:27 PM,2026-09-08T16:46:28.573497+00:00,0.9284,0.8974,0.9126000000000001,0.9129,MAS,1.7313171159324923,1.665570896340138
standardized,uob,AUD,SGD,AUD/SGD,1,Indicative board,board,"SGD 40,000 – 100,000",std_40k_100k,forex_sgd,08 September 2026 05:53:27 PM,08 September 2026 05:53:27 PM,2026-09-08T16:46:28.573497+00:00,0.9284,0.8974,0.9126000000000001,0.9129,MAS,1.7313171159324923,1.665570896340138
standardized,uob,AUD,SGD,AUD/SGD,1,Indicative board,board,SGD 50 – 200,std_50_200,forex_sgd,08 September 2026 05:53:27 PM,08 September 2026 05:53:27 PM,2026-09-08T16:46:28.573497+00:00,0.9284,0.8974,0.9126000000000001,0.9129,MAS,1.7313171159324923,1.665570896340138
standardized,uob,AUD,SGD,AUD/SGD,1,Indicative board,board,SGD < 50,std_lt_50,forex_sgd,08 September 2026 05:53:27 PM,08 September 2026 05:53:27 PM,2026-09-08T16:46:28.573497+00:00,0.9284,0.8974,0.9126000000000001,0.9129,MAS,1.7313171159324923,1.665570896340138
standardized,uob,BDT,SGD,BDT/SGD,100,Indicative board,board,"SGD 200 – 39,999.99",std_200_40k,forex_sgd,08 September 2026 05:53:27 PM,08 September 2026 05:53:27 PM,2026-09-08T16:46:28.573497+00:00,1.0581,,,,,,
standardized,uob,BDT,SGD,BDT/SGD,100,Indicative board,board,"SGD 40,000 – 100,000",std_40k_100k,forex_sgd,08 September 2026 05:53:27 PM,08 September 2026 05:53:27 PM,2026-09-08T16:46:28.573497+00:00,1.0581,,,,,,
standardized,uob,BDT,SGD,BDT/SGD,100,Indicative board,board,SGD 50 – 200,std_50_200,forex_sgd,08 September 2026 05:53:27 PM,08 September 2026 05:53:27 PM,2026-09-08T16:46:28.573497+00:00,1.0581,,,,,,
standardized,uob,BDT,SGD,BDT/SGD,100,Indicative board,board,SGD < 50,std_lt_50,forex_sgd,08 September 2026 05:53:27 PM,08 September 2026 05:53:27 PM,2026-09-08T16:46:28.573497+00:00,1.0581,,,,,,
standardized,uob,BND,SGD,BND/SGD,1,Indicative board,board,"SGD 200 – 39,999.99",std_200_40k,forex_sgd,08 September 2026 05:53:27 PM,08 September 2026 05:53:27 PM,2026-09-08T16:46:28.573497+00:00,1.0,1.0,,1.0,,,
standardized,uob,BND,SGD,BND/SGD,1,Indicative board,board,"SGD 40,000 – 100,000",std_40k_100k,forex_sgd,08 September 2026 05:53:27 PM,08 September 2026 05:53:27 PM,2026-09-08T16:46:28.573497+00:00,1.0,1.0,,1.0,,,
standardized,uob,BND,SGD,BND/SGD,1,Indicative board,board,SGD 50 – 200,std_50_200,forex_sgd,08 September 2026 05:53:27 PM,08 September 2026 05:53:27 PM,2026-09-08T16:46:28.573497+00:00,1.0,1.0,,1.0,,,
standardized,uob,BND,SGD,BND/SGD,1,Indicative board,board,SGD < 50,std_lt_50,forex_sgd,08 September 2026 05:53:27 PM,08 September 2026 05:53:27 PM,2026-09-08T16:46:28.573497+00:00,1.0,1.0,,1.0,,,
standardized,uob,CAD,SGD,CAD/SGD,1,Indicative board,board,"SGD 200 – 39,999.99",std_200_40k,forex_sgd,08 September 2026 05:53:27 PM,08 September 2026 05:53:27 PM,2026-09-08T16:46:28.573497+00:00,0.9273,0.9073,0.9163,0.9173,MAS,1.2004801920768318,0.9822110662446806
standardized,uob,CAD,SGD,CAD/SGD,1,Indicative board,board,"SGD 40,000 – 100,000",std_40k_100k,forex_sgd,08 September 2026 05:53:27 PM,08 September 2026 05:53:27 PM,2026-09-08T16:46:28.573497+00:00,0.9273,0.9073,0.9163,0.9173,MAS,1.2004801920768318,0.9822110662446806
standardized,uob,CAD,SGD,CAD/SGD,1,Indicative board,board,SGD 50 – 200,std_50_200,forex_sgd,08 September 2026 05:53:27 PM,08 September 2026 05:53:27 PM,2026-09-08T16:46:28.573497+00:00,0.9273,0.9073,0.9163,0.9173,MAS,1.2004801920768318,0.9822110662446806
standardized,uob,CAD,SGD,CAD/SGD,1,Indicative board,board,SGD < 50,std_lt_50,forex_sgd,08 September 2026 05:53:27 PM,08 September 2026 05:53:27 PM,2026-09-08T16:46:28.573497+00:00,0.9273,0.9073,0.9163,0.9173,MAS,1.2004801920768318,0.9822110662446806
standardized,uob,CHF,SGD,CHF/SGD,100,Indicative board,board,"SGD 200 – 39,999.99",std_200_40k,forex_sgd,08 September 2026 05:53:27 PM,08 September 2026 05:53:27 PM,2026-09-08T16:46:28.573497+00:00,157.72,154.42,156.27,156.07,MAS,0.9278812312023987,1.1838484673961878
standardized,uob,CHF,SGD,CHF/SGD,100,Indicative board,board,"SGD 40,000 – 100,000",std_40k_100k,forex_sgd,08 September 2026 05:53:27 PM,08 September 2026 05:53:27 PM,2026-09-08T16:46:28.573497+00:00,157.72,154.42,156.27,156.07,MAS,0.9278812312023987,1.1838484673961878
standardized,uob,CHF,SGD,CHF/SGD,100,Indicative board,board,SGD 50 – 200,std_50_200,forex_sgd,08 September 2026 05:53:27 PM,08 September 2026 05:53:27 PM,2026-09-08T16:46:28.573497+00:00,157.72,154.42,156.27,156.07,MAS,0.9278812312023987,1.1838484673961878
standardized,uob,CHF,SGD,CHF/SGD,100,Indicative board,board,SGD < 50,std_lt_50,forex_sgd,08 September 2026 05:53:27 PM,08 September 2026 05:53:27 PM,2026-09-08T16:46:28.573497+00:00,157.72,154.42,156.27,156.07,MAS,0.9278812312023987,1.1838484673961878
standardized,uob,CNH,SGD,CNH/SGD,100,Indicative board,board,"SGD 200 – 39,999.99",std_200_40k,forex_sgd,08 September 2026 05:53:27 PM,08 September 2026 05:53:27 PM,2026-09-08T16:46:28.573497+00:00,19.1,18.64,,18.87,,,
standardized,uob,CNH,SGD,CNH/SGD,100,Indicative board,board,"SGD 40,000 – 100,000",std_40k_100k,forex_sgd,08 September 2026 05:53:27 PM,08 September 2026 05:53:27 PM,2026-09-08T16:46:28.573497+00:00,19.1,18.64,,18.87,,,
standardized,uob,CNH,SGD,CNH/SGD,100,Indicative board,board,SGD 50 – 200,std_50_200,forex_sgd,08 September 2026 05:53:27 PM,08 September 2026 05:53:27 PM,2026-09-08T16:46:28.573497+00:00,19.1,18.64,,18.87,,,
standardized,uob,CNH,SGD,CNH/SGD,100,Indicative board,board,SGD < 50,std_lt_50,forex_sgd,08 September 2026 05:53:27 PM,08 September 2026 05:53:27 PM,2026-09-08T16:46:28.573497+00:00,19.1,18.64,,18.87,,,
standardized,uob,DKK,SGD,DKK/SGD,100,Indicative board,board,"SGD 200 – 39,999.99",std_200_40k,forex_sgd,08 September 2026 05:53:27 PM,08 September 2026 05:53:27 PM,2026-09-08T16:46:28.573497+00:00,20.02,19.32,,19.67,,,
standardized,uob,DKK,SGD,DKK/SGD,100,Indicative board,board,"SGD 40,000 – 100,000",std_40k_100k,forex_sgd,08 September 2026 05:53:27 PM,08 September 2026 05:53:27 PM,2026-09-08T16:46:28.573497+00:00,20.02,19.32,,19.67,,,
standardized,uob,DKK,SGD,DKK/SGD,100,Indicative board,board,SGD 50 – 200,std_50_200,forex_sgd,08 September 2026 05:53:27 PM,08 September 2026 05:53:27 PM,2026-09-08T16:46:28.573497+00:00,20.02,19.32,,19.67,,,
standardized,uob,DKK,SGD,DKK/SGD,100,Indicative board,board,SGD < 50,std_lt_50,forex_sgd,08 September 2026 05:53:27 PM,08 September 2026 05:53:27 PM,2026-09-08T16:46:28.573497+00:00,20.02,19.32,,19.67,,,
standardized,uob,EGP,SGD,EGP/SGD,100,Indicative board,board,"SGD 200 – 39,999.99",std_200_40k,forex_sgd,08 September 2026 05:53:27 PM,08 September 2026 05:53:27 PM,2026-09-08T16:46:28.573497+00:00,2.5533,,,,,,
standardized,uob,EGP,SGD,EGP/SGD,100,Indicative board,board,"SGD 40,000 – 100,000",std_40k_100k,forex_sgd,08 September 2026 05:53:27 PM,08 September 2026 05:53:27 PM,2026-09-08T16:46:28.573497+00:00,2.5533,,,,,,
standardized,uob,EGP,SGD,EGP/SGD,100,Indicative board,board,SGD 50 – 200,std_50_200,forex_sgd,08 September 2026 05:53:27 PM,08 September 2026 05:53:27 PM,2026-09-08T16:46:28.573497+00:00,2.5533,,,,,,
standardized,uob,EGP,SGD,EGP/SGD,100,Indicative board,board,SGD < 50,std_lt_50,forex_sgd,08 September 2026 05:53:27 PM,08 September 2026 05:53:27 PM,2026-09-08T16:46:28.573497+00:00,2.5533,,,,,,
standardized,uob,EUR,SGD,EUR/SGD,1,Indicative board,board,"SGD 200 – 39,999.99",std_200_40k,forex_sgd,08 September 2026 05:53:27 PM,08 September 2026 05:53:27 PM,2026-09-08T16:46:28.573497+00:00,1.4896,1.4516,1.4704,1.4706000000000001,MAS,1.3057671381936962,1.278563656147982
standardized,uob,EUR,SGD,EUR/SGD,1,Indicative board,board,"SGD 40,000 – 100,000",std_40k_100k,forex_sgd,08 September 2026 05:53:27 PM,08 September 2026 05:53:27 PM,2026-09-08T16:46:28.573497+00:00,1.4896,1.4516,1.4704,1.4706000000000001,MAS,1.3057671381936962,1.278563656147982
standardized,uob,EUR,SGD,EUR/SGD,1,Indicative board,board,SGD 50 – 200,std_50_200,forex_sgd,08 September 2026 05:53:27 PM,08 September 2026 05:53:27 PM,2026-09-08T16:46:28.573497+00:00,1.4896,1.4516,1.4704,1.4706000000000001,MAS,1.3057671381936962,1.278563656147982
standardized,uob,EUR,SGD,EUR/SGD,1,Indicative board,board,SGD < 50,std_lt_50,forex_sgd,08 September 2026 05:53:27 PM,08 September 2026 05:53:27 PM,2026-09-08T16:46:28.573497+00:00,1.4896,1.4516,1.4704,1.4706000000000001,MAS,1.3057671381936962,1.278563656147982
standardized,uob,GBP,SGD,GBP/SGD,1,Indicative board,board,"SGD 200 – 39,999.99",std_200_40k,forex_sgd,08 September 2026 05:53:27 PM,08 September 2026 05:53:27 PM,2026-09-08T16:46:28.573497+00:00,1.7355,1.6905,1.7123,1.713,MAS,1.3549027623664143,1.2731413887753338
standardized,uob,GBP,SGD,GBP/SGD,1,Indicative board,board,"SGD 40,000 – 100,000",std_40k_100k,forex_sgd,08 September 2026 05:53:27 PM,08 September 2026 05:53:27 PM,2026-09-08T16:46:28.573497+00:00,1.7355,1.6905,1.7123,1.713,MAS,1.3549027623664143,1.2731413887753338
standardized,uob,GBP,SGD,GBP/SGD,1,Indicative board,board,SGD 50 – 200,std_50_200,forex_sgd,08 September 2026 05:53:27 PM,08 September 2026 05:53:27 PM,2026-09-08T16:46:28.573497+00:00,1.7355,1.6905,1.7123,1.713,MAS,1.3549027623664143,1.2731413887753338
standardized,uob,GBP,SGD,GBP/SGD,1,Indicative board,board,SGD < 50,std_lt_50,forex_sgd,08 September 2026 05:53:27 PM,08 September 2026 05:53:27 PM,2026-09-08T16:46:28.573497+00:00,1.7355,1.6905,1.7123,1.713,MAS,1.3549027623664143,1.2731413887753338
standardized,uob,HKD,SGD,HKD/SGD,100,Indicative board,board,"SGD 200 – 39,999.99",std_200_40k,forex_sgd,08 September 2026 05:53:27 PM,08 September 2026 05:53:27 PM,2026-09-08T16:46:28.573497+00:00,16.319,15.961,16.13,16.14,MAS,1.1717296962182273,1.0477371357718457
standardized,uob,HKD,SGD,HKD/SGD,100,Indicative board,board,"SGD 40,000 – 100,000",std_40k_100k,forex_sgd,08 September 2026 05:53:27 PM,08 September 2026 05:53:27 PM,2026-09-08T16:46:28.573497+00:00,16.319,15.961,16.13,16.14,MAS,1.1717296962182273,1.0477371357718457
standardized,uob,HKD,SGD,HKD/SGD,100,Indicative board,board,SGD 50 – 200,std_50_200,forex_sgd,08 September 2026 05:53:27 PM,08 September 2026 05:53:27 PM,2026-09-08T16:46:28.573497+00:00,16.319,15.961,16.13,16.14,MAS,1.1717296962182273,1.0477371357718457
standardized,uob,HKD,SGD,HKD/SGD,100,Indicative board,board,SGD < 50,std_lt_50,forex_sgd,08 September 2026 05:53:27 PM,08 September 2026 05:53:27 PM,2026-09-08T16:46:28.573497+00:00,16.319,15.961,16.13,16.14,MAS,1.1717296962182273,1.0477371357718457
standardized,uob,INR,SGD,INR/SGD,100,Indicative board,board,"SGD 200 – 39,999.99",std_200_40k,forex_sgd,08 September 2026 05:53:27 PM,08 September 2026 05:53:27 PM,2026-09-08T16:46:28.573497+00:00,1.3718,,1.3361,,MAS,2.671955691939214,
standardized,uob,INR,SGD,INR/SGD,100,Indicative board,board,"SGD 40,000 – 100,000",std_40k_100k,forex_sgd,08 September 2026 05:53:27 PM,08 September 2026 05:53:27 PM,2026-09-08T16:46:28.573497+00:00,1.3718,,1.3361,,MAS,2.671955691939214,
standardized,uob,INR,SGD,INR/SGD,100,Indicative board,board,SGD 50 – 200,std_50_200,forex_sgd,08 September 2026 05:53:27 PM,08 September 2026 05:53:27 PM,2026-09-08T16:46:28.573497+00:00,1.3718,,1.3361,,MAS,2.671955691939214,
standardized,uob,INR,SGD,INR/SGD,100,Indicative board,board,SGD < 50,std_lt_50,forex_sgd,08 September 2026 05:53:27 PM,08 September 2026 05:53:27 PM,2026-09-08T16:46:28.573497+00:00,1.3718,,1.3361,,MAS,2.671955691939214,
standardized,uob,JPY,SGD,JPY/SGD,100,Indicative board,board,"SGD 200 – 39,999.99",std_200_40k,forex_sgd,08 September 2026 05:53:27 PM,08 September 2026 05:53:27 PM,2026-09-08T16:46:28.573497+00:00,0.8394,0.8054,0.8249,0.8224,MAS,1.757788822887631,2.363922899745419
standardized,uob,JPY,SGD,JPY/SGD,100,Indicative board,board,"SGD 40,000 – 100,000",std_40k_100k,forex_sgd,08 September 2026 05:53:27 PM,08 September 2026 05:53:27 PM,2026-09-08T16:46:28.573497+00:00,0.8394,0.8054,0.8249,0.8224,MAS,1.757788822887631,2.363922899745419
standardized,uob,JPY,SGD,JPY/SGD,100,Indicative board,board,SGD 50 – 200,std_50_200,forex_sgd,08 September 2026 05:53:27 PM,08 September 2026 05:53:27 PM,2026-09-08T16:46:28.573497+00:00,0.8394,0.8054,0.8249,0.8224,MAS,1.757788822887631,2.363922899745419
standardized,uob,JPY,SGD,JPY/SGD,100,Indicative board,board,SGD < 50,std_lt_50,forex_sgd,08 September 2026 05:53:27 PM,08 September 2026 05:53:27 PM,2026-09-08T16:46:28.573497+00:00,0.8394,0.8054,0.8249,0.8224,MAS,1.757788822887631,2.363922899745419
standardized,uob,KRW,SGD,KRW/SGD,1000,Indicative board,board,"SGD 200 – 39,999.99",std_200_40k,forex_sgd,08 September 2026 05:53:27 PM,08 September 2026 05:53:27 PM,2026-09-08T16:46:28.573497+00:00,0.9577,,0.944,,MAS,1.4512711864406829,
standardized,uob,KRW,SGD,KRW/SGD,1000,Indicative board,board,"SGD 40,000 – 100,000",std_40k_100k,forex_sgd,08 September 2026 05:53:27 PM,08 September 2026 05:53:27 PM,2026-09-08T16:46:28.573497+00:00,0.9577,,0.944,,MAS,1.4512711864406829,
standardized,uob,KRW,SGD,KRW/SGD,1000,Indicative board,board,SGD 50 – 200,std_50_200,forex_sgd,08 September 2026 05:53:27 PM,08 September 2026 05:53:27 PM,2026-09-08T16:46:28.573497+00:00,0.9577,,0.944,,MAS,1.4512711864406829,
standardized,uob,KRW,SGD,KRW/SGD,1000,Indicative board,board,SGD < 50,std_lt_50,forex_sgd,08 September 2026 05:53:27 PM,08 September 2026 05:53:27 PM,2026-09-08T16:46:28.573497+00:00,0.9577,,0.944,,MAS,1.4512711864406829,
standardized,uob,KWD,SGD,KWD/SGD,1,Indicative board,board,"SGD 200 – 39,999.99",std_200_40k,forex_sgd,08 September 2026 05:53:27 PM,08 September 2026 05:53:27 PM,2026-09-08T16:46:28.573497+00:00,4.1604,,,,,,
standardized,uob,KWD,SGD,KWD/SGD,1,Indicative board,board,"SGD 40,000 – 100,000",std_40k_100k,forex_sgd,08 September 2026 05:53:27 PM,08 September 2026 05:53:27 PM,2026-09-08T16:46:28.573497+00:00,4.1604,,,,,,
standardized,uob,KWD,SGD,KWD/SGD,1,Indicative board,board,SGD 50 – 200,std_50_200,forex_sgd,08 September 2026 05:53:27 PM,08 September 2026 05:53:27 PM,2026-09-08T16:46:28.573497+00:00,4.1604,,,,,,
standardized,uob,KWD,SGD,KWD/SGD,1,Indicative board,board,SGD < 50,std_lt_50,forex_sgd,08 September 2026 05:53:27 PM,08 September 2026 05:53:27 PM,2026-09-08T16:46:28.573497+00:00,4.1604,,,,,,
standardized,uob,LKR,SGD,LKR/SGD,100,Indicative board,board,"SGD 200 – 39,999.99",std_200_40k,forex_sgd,08 September 2026 05:53:27 PM,08 September 2026 05:53:27 PM,2026-09-08T16:46:28.573497+00:00,0.3918,,,,,,
standardized,uob,LKR,SGD,LKR/SGD,100,Indicative board,board,"SGD 40,000 – 100,000",std_40k_100k,forex_sgd,08 September 2026 05:53:27 PM,08 September 2026 05:53:27 PM,2026-09-08T16:46:28.573497+00:00,0.3918,,,,,,
standardized,uob,LKR,SGD,LKR/SGD,100,Indicative board,board,SGD 50 – 200,std_50_200,forex_sgd,08 September 2026 05:53:27 PM,08 September 2026 05:53:27 PM,2026-09-08T16:46:28.573497+00:00,0.3918,,,,,,
standardized,uob,LKR,SGD,LKR/SGD,100,Indicative board,board,SGD < 50,std_lt_50,forex_sgd,08 September 2026 05:53:27 PM,08 September 2026 05:53:27 PM,2026-09-08T16:46:28.573497+00:00,0.3918,,,,,,
standardized,uob,MXN,SGD,MXN/SGD,100,Indicative board,board,"SGD 200 – 39,999.99",std_200_40k,forex_sgd,08 September 2026 05:53:27 PM,08 September 2026 05:53:27 PM,2026-09-08T16:46:28.573497+00:00,7.5512,,,,,,
standardized,uob,MXN,SGD,MXN/SGD,100,Indicative board,board,"SGD 40,000 – 100,000",std_40k_100k,forex_sgd,08 September 2026 05:53:27 PM,08 September 2026 05:53:27 PM,2026-09-08T16:46:28.573497+00:00,7.5512,,,,,,
standardized,uob,MXN,SGD,MXN/SGD,100,Indicative board,board,SGD 50 – 200,std_50_200,forex_sgd,08 September 2026 05:53:27 PM,08 September 2026 05:53:27 PM,2026-09-08T16:46:28.573497+00:00,7.5512,,,,,,
standardized,uob,MXN,SGD,MXN/SGD,100,Indicative board,board,SGD < 50,std_lt_50,forex_sgd,08 September 2026 05:53:27 PM,08 September 2026 05:53:27 PM,2026-09-08T16:46:28.573497+00:00,7.5512,,,,,,
standardized,uob,MYR,SGD,MYR/SGD,100,Indicative board,board,"SGD 200 – 39,999.99",std_200_40k,forex_sgd,08 September 2026 05:53:27 PM,08 September 2026 05:53:27 PM,2026-09-08T16:46:28.573497+00:00,31.736,,31.19,,MAS,1.7505610772683533,
standardized,uob,MYR,SGD,MYR/SGD,100,Indicative board,board,"SGD 40,000 – 100,000",std_40k_100k,forex_sgd,08 September 2026 05:53:27 PM,08 September 2026 05:53:27 PM,2026-09-08T16:46:28.573497+00:00,31.736,,31.19,,MAS,1.7505610772683533,
standardized,uob,MYR,SGD,MYR/SGD,100,Indicative board,board,SGD 50 – 200,std_50_200,forex_sgd,08 September 2026 05:53:27 PM,08 September 2026 05:53:27 PM,2026-09-08T16:46:28.573497+00:00,31.736,,31.19,,MAS,1.7505610772683533,
standardized,uob,MYR,SGD,MYR/SGD,100,Indicative board,board,SGD < 50,std_lt_50,forex_sgd,08 September 2026 05:53:27 PM,08 September 2026 05:53:27 PM,2026-09-08T16:46:28.573497+00:00,31.736,,31.19,,MAS,1.7505610772683533,
standardized,uob,NOK,SGD,NOK/SGD,100,Indicative board,board,"SGD 200 – 39,999.99",std_200_40k,forex_sgd,08 September 2026 05:53:27 PM,08 September 2026 05:53:27 PM,2026-09-08T16:46:28.573497+00:00,13.88,13.44,,13.66,,,
standardized,uob,NOK,SGD,NOK/SGD,100,Indicative board,board,"SGD 40,000 – 100,000",std_40k_100k,forex_sgd,08 September 2026 05:53:27 PM,08 September 2026 05:53:27 PM,2026-09-08T16:46:28.573497+00:00,13.88,13.44,,13.66,,,
standardized,uob,NOK,SGD,NOK/SGD,100,Indicative board,board,SGD 50 – 200,std_50_200,forex_sgd,08 September 2026 05:53:27 PM,08 September 2026 05:53:27 PM,2026-09-08T16:46:28.573497+00:00,13.88,13.44,,13.66,,,
standardized,uob,NOK,SGD,NOK/SGD,100,Indicative board,board,SGD < 50,std_lt_50,forex_sgd,08 September 2026 05:53:27 PM,08 September 2026 05:53:27 PM,2026-09-08T16:46:28.573497+00:00,13.88,13.44,,13.66,,,
standardized,uob,NZD,SGD,NZD/SGD,1,Indicative board,board,"SGD 200 – 39,999.99",std_200_40k,forex_sgd,08 September 2026 05:53:27 PM,08 September 2026 05:53:27 PM,2026-09-08T16:46:28.573497+00:00,0.7501,0.7301,0.7406999999999999,0.7401,MAS,1.2690697988389466,1.4310787093290054
standardized,uob,NZD,SGD,NZD/SGD,1,Indicative board,board,"SGD 40,000 – 100,000",std_40k_100k,forex_sgd,08 September 2026 05:53:27 PM,08 September 2026 05:53:27 PM,2026-09-08T16:46:28.573497+00:00,0.7501,0.7301,0.7406999999999999,0.7401,MAS,1.2690697988389466,1.4310787093290054
standardized,uob,NZD,SGD,NZD/SGD,1,Indicative board,board,SGD 50 – 200,std_50_200,forex_sgd,08 September 2026 05:53:27 PM,08 September 2026 05:53:27 PM,2026-09-08T16:46:28.573497+00:00,0.7501,0.7301,0.7406999999999999,0.7401,MAS,1.2690697988389466,1.4310787093290054
standardized,uob,NZD,SGD,NZD/SGD,1,Indicative board,board,SGD < 50,std_lt_50,forex_sgd,08 September 2026 05:53:27 PM,08 September 2026 05:53:27 PM,2026-09-08T16:46:28.573497+00:00,0.7501,0.7301,0.7406999999999999,0.7401,MAS,1.2690697988389466,1.4310787093290054
standardized,uob,PHP,SGD,PHP/SGD,100,Indicative board,board,"SGD 200 – 39,999.99",std_200_40k,forex_sgd,08 September 2026 05:53:27 PM,08 September 2026 05:53:27 PM,2026-09-08T16:46:28.573497+00:00,2.0686,,2.0234,,MAS,2.233863793614703,
standardized,uob,PHP,SGD,PHP/SGD,100,Indicative board,board,"SGD 40,000 – 100,000",std_40k_100k,forex_sgd,08 September 2026 05:53:27 PM,08 September 2026 05:53:27 PM,2026-09-08T16:46:28.573497+00:00,2.0686,,2.0234,,MAS,2.233863793614703,
standardized,uob,PHP,SGD,PHP/SGD,100,Indicative board,board,SGD 50 – 200,std_50_200,forex_sgd,08 September 2026 05:53:27 PM,08 September 2026 05:53:27 PM,2026-09-08T16:46:28.573497+00:00,2.0686,,2.0234,,MAS,2.233863793614703,
standardized,uob,PHP,SGD,PHP/SGD,100,Indicative board,board,SGD < 50,std_lt_50,forex_sgd,08 September 2026 05:53:27 PM,08 September 2026 05:53:27 PM,2026-09-08T16:46:28.573497+00:00,2.0686,,2.0234,,MAS,2.233863793614703,
standardized,uob,PKR,SGD,PKR/SGD,100,Indicative board,board,"SGD 200 – 39,999.99",std_200_40k,forex_sgd,08 September 2026 05:53:27 PM,08 September 2026 05:53:27 PM,2026-09-08T16:46:28.573497+00:00,0.4623,,,,,,
standardized,uob,PKR,SGD,PKR/SGD,100,Indicative board,board,"SGD 40,000 – 100,000",std_40k_100k,forex_sgd,08 September 2026 05:53:27 PM,08 September 2026 05:53:27 PM,2026-09-08T16:46:28.573497+00:00,0.4623,,,,,,
standardized,uob,PKR,SGD,PKR/SGD,100,Indicative board,board,SGD 50 – 200,std_50_200,forex_sgd,08 September 2026 05:53:27 PM,08 September 2026 05:53:27 PM,2026-09-08T16:46:28.573497+00:00,0.4623,,,,,,
standardized,uob,PKR,SGD,PKR/SGD,100,Indicative board,board,SGD < 50,std_lt_50,forex_sgd,08 September 2026 05:53:27 PM,08 September 2026 05:53:27 PM,2026-09-08T16:46:28.573497+00:00,0.4623,,,,,,
standardized,uob,SAR,SGD,SAR/SGD,100,Indicative board,board,"SGD 200 – 39,999.99",std_200_40k,forex_sgd,08 September 2026 05:53:27 PM,08 September 2026 05:53:27 PM,2026-09-08T16:46:28.573497+00:00,,,33.68,,MAS,,
standardized,uob,SAR,SGD,SAR/SGD,100,Indicative board,board,"SGD 40,000 – 100,000",std_40k_100k,forex_sgd,08 September 2026 05:53:27 PM,08 September 2026 05:53:27 PM,2026-09-08T16:46:28.573497+00:00,,,33.68,,MAS,,
standardized,uob,SAR,SGD,SAR/SGD,100,Indicative board,board,SGD 50 – 200,std_50_200,forex_sgd,08 September 2026 05:53:27 PM,08 September 2026 05:53:27 PM,2026-09-08T16:46:28.573497+00:00,,,33.68,,MAS,,
standardized,uob,SAR,SGD,SAR/SGD,100,Indicative board,board,SGD < 50,std_lt_50,forex_sgd,08 September 2026 05:53:27 PM,08 September 2026 05:53:27 PM,2026-09-08T16:46:28.573497+00:00,,,33.68,,MAS,,
standardized,uob,SEK,SGD,SEK/SGD,100,Indicative board,board,"SGD 200 – 39,999.99",std_200_40k,forex_sgd,08 September 2026 05:53:27 PM,08 September 2026 05:53:27 PM,2026-09-08T16:46:28.573497+00:00,13.42,12.94,,13.18,,,
standardized,uob,SEK,SGD,SEK/SGD,100,Indicative board,board,"SGD 40,000 – 100,000",std_40k_100k,forex_sgd,08 September 2026 05:53:27 PM,08 September 2026 05:53:27 PM,2026-09-08T16:46:28.573497+00:00,13.42,12.94,,13.18,,,
standardized,uob,SEK,SGD,SEK/SGD,100,Indicative board,board,SGD 50 – 200,std_50_200,forex_sgd,08 September 2026 05:53:27 PM,08 September 2026 05:53:27 PM,2026-09-08T16:46:28.573497+00:00,13.42,12.94,,13.18,,,
standardized,uob,SEK,SGD,SEK/SGD,100,Indicative board,board,SGD < 50,std_lt_50,forex_sgd,08 September 2026 05:53:27 PM,08 September 2026 05:53:27 PM,2026-09-08T16:46:28.573497+00:00,13.42,12.94,,13.18,,,
standardized,uob,THB,SGD,THB/SGD,100,Indicative board,board,"SGD 200 – 39,999.99",std_200_40k,forex_sgd,08 September 2026 05:53:27 PM,08 September 2026 05:53:27 PM,2026-09-08T16:46:28.573497+00:00,3.95,3.75,3.8486,3.85,MAS,2.6347243153354567,2.5619705867068494
standardized,uob,THB,SGD,THB/SGD,100,Indicative board,board,"SGD 40,000 – 100,000",std_40k_100k,forex_sgd,08 September 2026 05:53:27 PM,08 September 2026 05:53:27 PM,2026-09-08T16:46:28.573497+00:00,3.95,3.75,3.8486,3.85,MAS,2.6347243153354567,2.5619705867068494
standardized,uob,THB,SGD,THB/SGD,100,Indicative board,board,SGD 50 – 200,std_50_200,forex_sgd,08 September 2026 05:53:27 PM,08 September 2026 05:53:27 PM,2026-09-08T16:46:28.573497+00:00,3.95,3.75,3.8486,3.85,MAS,2.6347243153354567,2.5619705867068494
standardized,uob,THB,SGD,THB/SGD,100,Indicative board,board,SGD < 50,std_lt_50,forex_sgd,08 September 2026 05:53:27 PM,08 September 2026 05:53:27 PM,2026-09-08T16:46:28.573497+00:00,3.95,3.75,3.8486,3.85,MAS,2.6347243153354567,2.5619705867068494
standardized,uob,TWD,SGD,TWD/SGD,100,Indicative board,board,"SGD 200 – 39,999.99",std_200_40k,forex_sgd,08 September 2026 05:53:27 PM,08 September 2026 05:53:27 PM,2026-09-08T16:46:28.573497+00:00,4.0991,,4.0197,,MAS,1.9752717864517175,
standardized,uob,TWD,SGD,TWD/SGD,100,Indicative board,board,"SGD 40,000 – 100,000",std_40k_100k,forex_sgd,08 September 2026 05:53:27 PM,08 September 2026 05:53:27 PM,2026-09-08T16:46:28.573497+00:00,4.0991,,4.0197,,MAS,1.9752717864517175,
standardized,uob,TWD,SGD,TWD/SGD,100,Indicative board,board,SGD 50 – 200,std_50_200,forex_sgd,08 September 2026 05:53:27 PM,08 September 2026 05:53:27 PM,2026-09-08T16:46:28.573497+00:00,4.0991,,4.0197,,MAS,1.9752717864517175,
standardized,uob,TWD,SGD,TWD/SGD,100,Indicative board,board,SGD < 50,std_lt_50,forex_sgd,08 September 2026 05:53:27 PM,08 September 2026 05:53:27 PM,2026-09-08T16:46:28.573497+00:00,4.0991,,4.0197,,MAS,1.9752717864517175,
standardized,uob,USD,SGD,USD/SGD,1,Indicative board,board,"SGD 200 – 39,999.99",std_200_40k,forex_sgd,08 September 2026 05:53:27 PM,08 September 2026 05:53:27 PM,2026-09-08T16:46:28.573497+00:00,1.278,1.254,1.2649,1.266,MAS,1.0356549924895337,0.8617281998576892
standardized,uob,USD,SGD,USD/SGD,1,Indicative board,board,"SGD 40,000 – 100,000",std_40k_100k,forex_sgd,08 September 2026 05:53:27 PM,08 September 2026 05:53:27 PM,2026-09-08T16:46:28.573497+00:00,1.278,1.254,1.2649,1.266,MAS,1.0356549924895337,0.8617281998576892
standardized,uob,USD,SGD,USD/SGD,1,Indicative board,board,SGD 50 – 200,std_50_200,forex_sgd,08 September 2026 05:53:27 PM,08 September 2026 05:53:27 PM,2026-09-08T16:46:28.573497+00:00,1.278,1.254,1.2649,1.266,MAS,1.0356549924895337,0.8617281998576892
standardized,uob,USD,SGD,USD/SGD,1,Indicative board,board,SGD < 50,std_lt_50,forex_sgd,08 September 2026 05:53:27 PM,08 September 2026 05:53:27 PM,2026-09-08T16:46:28.573497+00:00,1.278,1.254,1.2649,1.266,MAS,1.0356549924895337,0.8617281998576892
standardized,uob,VND,SGD,VND/SGD,1000,Indicative board,board,"SGD 200 – 39,999.99",std_200_40k,forex_sgd,08 September 2026 05:53:27 PM,08 September 2026 05:53:27 PM,2026-09-08T16:46:28.573497+00:00,0.0498,,0.04871,,MAS,2.2377335249435304,
standardized,uob,VND,SGD,VND/SGD,1000,Indicative board,board,"SGD 40,000 – 100,000",std_40k_100k,forex_sgd,08 September 2026 05:53:27 PM,08 September 2026 05:53:27 PM,2026-09-08T16:46:28.573497+00:00,0.0498,,0.04871,,MAS,2.2377335249435304,
standardized,uob,VND,SGD,VND/SGD,1000,Indicative board,board,SGD 50 – 200,std_50_200,forex_sgd,08 September 2026 05:53:27 PM,08 September 2026 05:53:27 PM,2026-09-08T16:46:28.573497+00:00,0.0498,,0.04871,,MAS,2.2377335249435304,
standardized,uob,VND,SGD,VND/SGD,1000,Indicative board,board,SGD < 50,std_lt_50,forex_sgd,08 September 2026 05:53:27 PM,08 September 2026 05:53:27 PM,2026-09-08T16:46:28.573497+00:00,0.0498,,0.04871,,MAS,2.2377335249435304,
standardized,uob,XAF,SGD,XAF/SGD,100,Indicative board,board,"SGD 200 – 39,999.99",std_200_40k,forex_sgd,08 September 2026 05:53:27 PM,08 September 2026 05:53:27 PM,2026-09-08T16:46:28.573497+00:00,0.2302,,,,,,
standardized,uob,XAF,SGD,XAF/SGD,100,Indicative board,board,"SGD 40,000 – 100,000",std_40k_100k,forex_sgd,08 September 2026 05:53:27 PM,08 September 2026 05:53:27 PM,2026-09-08T16:46:28.573497+00:00,0.2302,,,,,,
standardized,uob,XAF,SGD,XAF/SGD,100,Indicative board,board,SGD 50 – 200,std_50_200,forex_sgd,08 September 2026 05:53:27 PM,08 September 2026 05:53:27 PM,2026-09-08T16:46:28.573497+00:00,0.2302,,,,,,
standardized,uob,XAF,SGD,XAF/SGD,100,Indicative board,board,SGD < 50,std_lt_50,forex_sgd,08 September 2026 05:53:27 PM,08 September 2026 05:53:27 PM,2026-09-08T16:46:28.573497+00:00,0.2302,,,,,,
standardized,uob,XOF,SGD,XOF/SGD,100,Indicative board,board,"SGD 200 – 39,999.99",std_200_40k,forex_sgd,08 September 2026 05:53:27 PM,08 September 2026 05:53:27 PM,2026-09-08T16:46:28.573497+00:00,0.2316,,,,,,
standardized,uob,XOF,SGD,XOF/SGD,100,Indicative board,board,"SGD 40,000 – 100,000",std_40k_100k,forex_sgd,08 September 2026 05:53:27 PM,08 September 2026 05:53:27 PM,2026-09-08T16:46:28.573497+00:00,0.2316,,,,,,
standardized,uob,XOF,SGD,XOF/SGD,100,Indicative board,board,SGD 50 – 200,std_50_200,forex_sgd,08 September 2026 05:53:27 PM,08 September 2026 05:53:27 PM,2026-09-08T16:46:28.573497+00:00,0.2316,,,,,,
standardized,uob,XOF,SGD,XOF/SGD,100,Indicative board,board,SGD < 50,std_lt_50,forex_sgd,08 September 2026 05:53:27 PM,08 September 2026 05:53:27 PM,2026-09-08T16:46:28.573497+00:00,0.2316,,,,,,
standardized,uob,ZAR,SGD,ZAR/SGD,1,Indicative board,board,"SGD 200 – 39,999.99",std_200_40k,forex_sgd,08 September 2026 05:53:27 PM,08 September 2026 05:53:27 PM,2026-09-08T16:46:28.573497+00:00,0.0809,0.0769,,0.0789,,,
standardized,uob,ZAR,SGD,ZAR/SGD,1,Indicative board,board,"SGD 40,000 – 100,000",std_40k_100k,forex_sgd,08 September 2026 05:53:27 PM,08 September 2026 05:53:27 PM,2026-09-08T16:46:28.573497+00:00,0.0809,0.0769,,0.0789,,,
standardized,uob,ZAR,SGD,ZAR/SGD,1,Indicative board,board,SGD 50 – 200,std_50_200,forex_sgd,08 September 2026 05:53:27 PM,08 September 2026 05:53:27 PM,2026-09-08T16:46:28.573497+00:00,0.0809,0.0769,,0.0789,,,
standardized,uob,ZAR,SGD,ZAR/SGD,1,Indicative board,board,SGD < 50,std_lt_50,forex_sgd,08 September 2026 05:53:27 PM,08 September 2026 05:53:27 PM,2026-09-08T16:46:28.573497+00:00,0.0809,0.0769,,0.0789,,,
