record_type,bank,base_currency,quote_currency,currency_pair,unit,transaction_value,amount_tier,std_transaction_value,std_amount_tier,group,effective_date,last_updated,scraped_at,tt_od_sell,tt_buy,mid_rate,bank_mid_rate,mid_source,sell_margin_pct,buy_margin_pct
native,dbs,AED,SGD,AED/SGD,1,SGD 50 – 200,amtBtw50And200,,,mainCurrencies,2026-08-29 06:00:11,2026-08-28 22:00:23,2026-08-28T22:30:14.733596+00:00,0.3497,0.3445,0.34590000000000004,0.34709999999999996,MAS,1.0985834056085486,0.40474125469790917
native,dbs,AED,SGD,AED/SGD,1,SGD < 50,amtLessThan50,,,mainCurrencies,2026-08-29 06:00:11,2026-08-28 22:00:23,2026-08-28T22:30:14.733596+00:00,0.3525,0.3417,0.34590000000000004,0.34709999999999996,MAS,1.9080659150043187,1.2142237640936793
native,dbs,AUD,SGD,AUD/SGD,1,SGD 50 – 200,amtBtw50And200,,,mainCurrencies,2026-08-29 06:00:11,2026-08-28 22:00:23,2026-08-28T22:30:14.733596+00:00,0.9245,0.9019,0.9148999999999999,0.9132,MAS,1.0492950049185763,1.4209203191605533
native,dbs,AUD,SGD,AUD/SGD,1,SGD < 50,amtLessThan50,,,mainCurrencies,2026-08-29 06:00:11,2026-08-28 22:00:23,2026-08-28T22:30:14.733596+00:00,0.925,0.9015,0.9148999999999999,0.91325,MAS,1.103945786424758,1.4646409443655009
native,dbs,BDT,SGD,BDT/SGD,100,SGD 50 – 200,amtBtw50And200,,,otherCurrencies,2026-08-29 06:00:11,2026-08-28 22:00:23,2026-08-28T22:30:14.733596+00:00,1.0487,,,,,,
native,dbs,BDT,SGD,BDT/SGD,100,SGD < 50,amtLessThan50,,,otherCurrencies,2026-08-29 06:00:11,2026-08-28 22:00:23,2026-08-28T22:30:14.733596+00:00,1.0487,,,,,,
native,dbs,BHD,SGD,BHD/SGD,1,SGD 50 – 200,amtBtw50And200,,,otherCurrencies,2026-08-29 06:00:11,2026-08-28 22:00:23,2026-08-28T22:30:14.733596+00:00,3.4471,,,,,,
native,dbs,BHD,SGD,BHD/SGD,1,SGD < 50,amtLessThan50,,,otherCurrencies,2026-08-29 06:00:11,2026-08-28 22:00:23,2026-08-28T22:30:14.733596+00:00,3.4607,,,,,,
native,dbs,BND,SGD,BND/SGD,1,SGD 50 – 200,amtBtw50And200,,,otherCurrencies,2026-08-29 06:00:11,2026-08-28 22:00:23,2026-08-28T22:30:14.733596+00:00,1.0,1.0,,1.0,,,
native,dbs,BND,SGD,BND/SGD,1,SGD < 50,amtLessThan50,,,otherCurrencies,2026-08-29 06:00:11,2026-08-28 22:00:23,2026-08-28T22:30:14.733596+00:00,1.0,1.0,,1.0,,,
native,dbs,CAD,SGD,CAD/SGD,1,SGD 50 – 200,amtBtw50And200,,,mainCurrencies,2026-08-29 06:00:11,2026-08-28 22:00:23,2026-08-28T22:30:14.733596+00:00,0.9248,0.9088,0.9173,0.9168000000000001,MAS,0.8176169192194431,0.9266325084487029
native,dbs,CAD,SGD,CAD/SGD,1,SGD < 50,amtLessThan50,,,mainCurrencies,2026-08-29 06:00:11,2026-08-28 22:00:23,2026-08-28T22:30:14.733596+00:00,0.928,0.9056,0.9173,0.9168000000000001,MAS,1.1664668047530844,1.275482393982344
native,dbs,CHF,SGD,CHF/SGD,1,SGD 50 – 200,amtBtw50And200,,,mainCurrencies,2026-08-29 06:00:11,2026-08-28 22:00:23,2026-08-28T22:30:14.733596+00:00,1.5915,1.5575,1.5788,1.5745,MAS,0.8044084114517313,1.3491259184190445
native,dbs,CHF,SGD,CHF/SGD,1,SGD < 50,amtLessThan50,,,mainCurrencies,2026-08-29 06:00:11,2026-08-28 22:00:23,2026-08-28T22:30:14.733596+00:00,1.5923,1.5568,1.5788,1.57455,MAS,0.8550798074486995,1.3934633899163935
native,dbs,CNH,SGD,CNH/SGD,1,SGD 50 – 200,amtBtw50And200,,,mainCurrencies,2026-08-29 06:00:11,2026-08-28 22:00:23,2026-08-28T22:30:14.733596+00:00,0.1917,0.1869,,0.18930000000000002,,,
native,dbs,CNH,SGD,CNH/SGD,1,SGD < 50,amtLessThan50,,,mainCurrencies,2026-08-29 06:00:11,2026-08-28 22:00:23,2026-08-28T22:30:14.733596+00:00,0.1924,0.1863,,0.18935,,,
native,dbs,CNY,SGD,CNY/SGD,1,SGD 50 – 200,amtBtw50And200,,,otherCurrencies,2026-08-29 06:00:11,2026-08-28 22:00:23,2026-08-28T22:30:14.733596+00:00,0.1896,,0.18899999999999997,,MAS,0.3174603174603266,
native,dbs,CNY,SGD,CNY/SGD,1,SGD < 50,amtLessThan50,,,otherCurrencies,2026-08-29 06:00:11,2026-08-28 22:00:23,2026-08-28T22:30:14.733596+00:00,0.1913,,0.18899999999999997,,MAS,1.21693121693123,
native,dbs,DKK,SGD,DKK/SGD,1,SGD 50 – 200,amtBtw50And200,,,mainCurrencies,2026-08-29 06:00:11,2026-08-28 22:00:23,2026-08-28T22:30:14.733596+00:00,0.2004,0.1946,,0.1975,,,
native,dbs,DKK,SGD,DKK/SGD,1,SGD < 50,amtLessThan50,,,mainCurrencies,2026-08-29 06:00:11,2026-08-28 22:00:23,2026-08-28T22:30:14.733596+00:00,0.2008,0.1942,,0.1975,,,
native,dbs,EUR,SGD,EUR/SGD,1,SGD 50 – 200,amtBtw50And200,,,mainCurrencies,2026-08-29 06:00:11,2026-08-28 22:00:23,2026-08-28T22:30:14.733596+00:00,1.4905,1.4623,1.4797,1.4764,MAS,0.7298776779076787,1.175914036629052
native,dbs,EUR,SGD,EUR/SGD,1,SGD < 50,amtLessThan50,,,mainCurrencies,2026-08-29 06:00:11,2026-08-28 22:00:23,2026-08-28T22:30:14.733596+00:00,1.4912,1.4616,1.4797,1.4764,MAS,0.7771845644387421,1.2232209231601003
native,dbs,GBP,SGD,GBP/SGD,1,SGD 50 – 200,amtBtw50And200,,,mainCurrencies,2026-08-29 06:00:11,2026-08-28 22:00:23,2026-08-28T22:30:14.733596+00:00,1.7408,1.7105,1.7267,1.72565,MAS,0.8165865523831587,0.938205826142352
native,dbs,GBP,SGD,GBP/SGD,1,SGD < 50,amtLessThan50,,,mainCurrencies,2026-08-29 06:00:11,2026-08-28 22:00:23,2026-08-28T22:30:14.733596+00:00,1.7425,1.7088,1.7267,1.72565,MAS,0.9150402501882225,1.0366595239474028
native,dbs,HKD,SGD,HKD/SGD,1,SGD 50 – 200,amtBtw50And200,,,mainCurrencies,2026-08-29 06:00:11,2026-08-28 22:00:23,2026-08-28T22:30:14.733596+00:00,0.1644,0.1608,0.16210000000000002,0.1626,MAS,1.4188772362738855,0.8019740900678738
native,dbs,HKD,SGD,HKD/SGD,1,SGD < 50,amtLessThan50,,,mainCurrencies,2026-08-29 06:00:11,2026-08-28 22:00:23,2026-08-28T22:30:14.733596+00:00,0.1645,0.1606,0.16210000000000002,0.16255,MAS,1.4805675508945004,0.9253547193090863
native,dbs,HUF,SGD,HUF/SGD,100,SGD 50 – 200,amtBtw50And200,,,otherCurrencies,2026-08-29 06:00:11,2026-08-28 22:00:23,2026-08-28T22:30:14.733596+00:00,0.415,,,,,,
native,dbs,HUF,SGD,HUF/SGD,100,SGD < 50,amtLessThan50,,,otherCurrencies,2026-08-29 06:00:11,2026-08-28 22:00:23,2026-08-28T22:30:14.733596+00:00,0.4166,,,,,,
native,dbs,ID0,SGD,ID0/SGD,100,SGD 50 – 200,amtBtw50And200,,,otherCurrencies,2026-08-29 06:00:11,2026-08-28 22:00:23,2026-08-28T22:30:14.733596+00:00,,,,,,,
native,dbs,ID0,SGD,ID0/SGD,100,SGD < 50,amtLessThan50,,,otherCurrencies,2026-08-29 06:00:11,2026-08-28 22:00:23,2026-08-28T22:30:14.733596+00:00,,0.0072,,,,,
native,dbs,IDR,SGD,IDR/SGD,100,SGD 50 – 200,amtBtw50And200,,,mainCurrencies,2026-08-29 06:00:11,2026-08-28 22:00:23,2026-08-28T22:30:14.733596+00:00,0.0074,,0.007176,,MAS,3.121516164994429,
native,dbs,IDR,SGD,IDR/SGD,100,SGD < 50,amtLessThan50,,,mainCurrencies,2026-08-29 06:00:11,2026-08-28 22:00:23,2026-08-28T22:30:14.733596+00:00,0.0074,,0.007176,,MAS,3.121516164994429,
native,dbs,IN0,SGD,IN0/SGD,100,SGD 50 – 200,amtBtw50And200,,,otherCurrencies,2026-08-29 06:00:11,2026-08-28 22:00:23,2026-08-28T22:30:14.733596+00:00,,1.3295,,,,,
native,dbs,IN0,SGD,IN0/SGD,100,SGD < 50,amtLessThan50,,,otherCurrencies,2026-08-29 06:00:11,2026-08-28 22:00:23,2026-08-28T22:30:14.733596+00:00,,1.3295,,,,,
native,dbs,INR,SGD,INR/SGD,100,SGD 50 – 200,amtBtw50And200,,,otherCurrencies,2026-08-29 06:00:11,2026-08-28 22:00:23,2026-08-28T22:30:14.733596+00:00,1.3522,,1.3296,,MAS,1.6997593261131299,
native,dbs,INR,SGD,INR/SGD,100,SGD < 50,amtLessThan50,,,otherCurrencies,2026-08-29 06:00:11,2026-08-28 22:00:23,2026-08-28T22:30:14.733596+00:00,1.363,,1.3296,,MAS,2.5120336943441712,
native,dbs,JPY,SGD,JPY/SGD,100,SGD 50 – 200,amtBtw50And200,,,mainCurrencies,2026-08-29 06:00:11,2026-08-28 22:00:23,2026-08-28T22:30:14.733596+00:00,0.805,0.7873,0.7968,0.79615,MAS,1.029116465863466,1.192269076305215
native,dbs,JPY,SGD,JPY/SGD,100,SGD < 50,amtLessThan50,,,mainCurrencies,2026-08-29 06:00:11,2026-08-28 22:00:23,2026-08-28T22:30:14.733596+00:00,0.8058,0.7865,0.7968,0.7961499999999999,MAS,1.1295180722891576,1.2926706827309207
native,dbs,KRW,SGD,KRW/SGD,100,SGD 50 – 200,amtBtw50And200,,,otherCurrencies,2026-08-29 06:00:11,2026-08-28 22:00:23,2026-08-28T22:30:14.733596+00:00,0.0939,,0.0923,,MAS,1.7334777898158227,
native,dbs,KRW,SGD,KRW/SGD,100,SGD < 50,amtLessThan50,,,otherCurrencies,2026-08-29 06:00:11,2026-08-28 22:00:23,2026-08-28T22:30:14.733596+00:00,0.0939,,0.0923,,MAS,1.7334777898158227,
native,dbs,KWD,SGD,KWD/SGD,100,SGD 50 – 200,amtBtw50And200,,,otherCurrencies,2026-08-29 06:00:11,2026-08-28 22:00:23,2026-08-28T22:30:14.733596+00:00,423.474,,,,,,
native,dbs,KWD,SGD,KWD/SGD,100,SGD < 50,amtLessThan50,,,otherCurrencies,2026-08-29 06:00:11,2026-08-28 22:00:23,2026-08-28T22:30:14.733596+00:00,425.1441,,,,,,
native,dbs,LKR,SGD,LKR/SGD,100,SGD 50 – 200,amtBtw50And200,,,otherCurrencies,2026-08-29 06:00:11,2026-08-28 22:00:23,2026-08-28T22:30:14.733596+00:00,0.3966,,,,,,
native,dbs,LKR,SGD,LKR/SGD,100,SGD < 50,amtLessThan50,,,otherCurrencies,2026-08-29 06:00:11,2026-08-28 22:00:23,2026-08-28T22:30:14.733596+00:00,0.3966,,,,,,
native,dbs,MM1,SGD,MM1/SGD,100,SGD 50 – 200,amtBtw50And200,,,otherCurrencies,2026-08-29 06:00:11,2026-08-28 22:00:23,2026-08-28T22:30:14.733596+00:00,,,,,,,
native,dbs,MM1,SGD,MM1/SGD,100,SGD < 50,amtLessThan50,,,otherCurrencies,2026-08-29 06:00:11,2026-08-28 22:00:23,2026-08-28T22:30:14.733596+00:00,,,,,,,
native,dbs,MMK,SGD,MMK/SGD,100,SGD 50 – 200,amtBtw50And200,,,otherCurrencies,2026-08-29 06:00:11,2026-08-28 22:00:23,2026-08-28T22:30:14.733596+00:00,0.0326,,,,,,
native,dbs,MMK,SGD,MMK/SGD,100,SGD < 50,amtLessThan50,,,otherCurrencies,2026-08-29 06:00:11,2026-08-28 22:00:23,2026-08-28T22:30:14.733596+00:00,0.0326,,,,,,
native,dbs,MUR,SGD,MUR/SGD,100,SGD 50 – 200,amtBtw50And200,,,otherCurrencies,2026-08-29 06:00:11,2026-08-28 22:00:23,2026-08-28T22:30:14.733596+00:00,2.7596,,,,,,
native,dbs,MUR,SGD,MUR/SGD,100,SGD < 50,amtLessThan50,,,otherCurrencies,2026-08-29 06:00:11,2026-08-28 22:00:23,2026-08-28T22:30:14.733596+00:00,2.7705,,,,,,
native,dbs,MXN,SGD,MXN/SGD,100,SGD 50 – 200,amtBtw50And200,,,mainCurrencies,2026-08-29 06:00:11,2026-08-28 22:00:23,2026-08-28T22:30:14.733596+00:00,7.6189,,,,,,
native,dbs,MXN,SGD,MXN/SGD,100,SGD < 50,amtLessThan50,,,mainCurrencies,2026-08-29 06:00:11,2026-08-28 22:00:23,2026-08-28T22:30:14.733596+00:00,7.6189,,,,,,
native,dbs,MY0,SGD,MY0/SGD,1,SGD 50 – 200,amtBtw50And200,,,otherCurrencies,2026-08-29 06:00:11,2026-08-28 22:00:23,2026-08-28T22:30:14.733596+00:00,,0.3158,,,,,
native,dbs,MY0,SGD,MY0/SGD,1,SGD < 50,amtLessThan50,,,otherCurrencies,2026-08-29 06:00:11,2026-08-28 22:00:23,2026-08-28T22:30:14.733596+00:00,,0.3158,,,,,
native,dbs,MYR,SGD,MYR/SGD,1,SGD 50 – 200,amtBtw50And200,,,otherCurrencies,2026-08-29 06:00:11,2026-08-28 22:00:23,2026-08-28T22:30:14.733596+00:00,0.3201,,0.3155,,MAS,1.4580031695721056,
native,dbs,MYR,SGD,MYR/SGD,1,SGD < 50,amtLessThan50,,,otherCurrencies,2026-08-29 06:00:11,2026-08-28 22:00:23,2026-08-28T22:30:14.733596+00:00,0.3201,,0.3155,,MAS,1.4580031695721056,
native,dbs,NOK,SGD,NOK/SGD,1,SGD 50 – 200,amtBtw50And200,,,mainCurrencies,2026-08-29 06:00:11,2026-08-28 22:00:23,2026-08-28T22:30:14.733596+00:00,0.138,0.1339,,0.13595000000000002,,,
native,dbs,NOK,SGD,NOK/SGD,1,SGD < 50,amtLessThan50,,,mainCurrencies,2026-08-29 06:00:11,2026-08-28 22:00:23,2026-08-28T22:30:14.733596+00:00,0.1384,0.1335,,0.13595000000000002,,,
native,dbs,NZD,SGD,NZD/SGD,1,SGD 50 – 200,amtBtw50And200,,,mainCurrencies,2026-08-29 06:00:11,2026-08-28 22:00:23,2026-08-28T22:30:14.733596+00:00,0.7635,0.744,0.7576,0.7537499999999999,MAS,0.7787750791974531,1.7951425554382332
native,dbs,NZD,SGD,NZD/SGD,1,SGD < 50,amtLessThan50,,,mainCurrencies,2026-08-29 06:00:11,2026-08-28 22:00:23,2026-08-28T22:30:14.733596+00:00,0.7643,0.7432,0.7576,0.7537499999999999,MAS,0.8843717001055872,1.9007391763463672
native,dbs,OMR,SGD,OMR/SGD,1,SGD 50 – 200,amtBtw50And200,,,otherCurrencies,2026-08-29 06:00:11,2026-08-28 22:00:23,2026-08-28T22:30:14.733596+00:00,3.3369,,,,,,
native,dbs,OMR,SGD,OMR/SGD,1,SGD < 50,amtLessThan50,,,otherCurrencies,2026-08-29 06:00:11,2026-08-28 22:00:23,2026-08-28T22:30:14.733596+00:00,3.3369,,,,,,
native,dbs,PH0,SGD,PH0/SGD,100,SGD 50 – 200,amtBtw50And200,,,otherCurrencies,2026-08-29 06:00:11,2026-08-28 22:00:23,2026-08-28T22:30:14.733596+00:00,,2.0374,,,,,
native,dbs,PH0,SGD,PH0/SGD,100,SGD < 50,amtLessThan50,,,otherCurrencies,2026-08-29 06:00:11,2026-08-28 22:00:23,2026-08-28T22:30:14.733596+00:00,,2.0374,,,,,
native,dbs,PHP,SGD,PHP/SGD,100,SGD 50 – 200,amtBtw50And200,,,otherCurrencies,2026-08-29 06:00:11,2026-08-28 22:00:23,2026-08-28T22:30:14.733596+00:00,2.0744,,2.0421,,MAS,1.5817051074873794,
native,dbs,PHP,SGD,PHP/SGD,100,SGD < 50,amtLessThan50,,,otherCurrencies,2026-08-29 06:00:11,2026-08-28 22:00:23,2026-08-28T22:30:14.733596+00:00,2.09,,2.0421,,MAS,2.345624602125255,
native,dbs,PLN,SGD,PLN/SGD,1,SGD 50 – 200,amtBtw50And200,,,otherCurrencies,2026-08-29 06:00:11,2026-08-28 22:00:23,2026-08-28T22:30:14.733596+00:00,0.3492,,,,,,
native,dbs,PLN,SGD,PLN/SGD,1,SGD < 50,amtLessThan50,,,otherCurrencies,2026-08-29 06:00:11,2026-08-28 22:00:23,2026-08-28T22:30:14.733596+00:00,0.3506,,,,,,
native,dbs,QAR,SGD,QAR/SGD,1,SGD 50 – 200,amtBtw50And200,,,otherCurrencies,2026-08-29 06:00:11,2026-08-28 22:00:23,2026-08-28T22:30:14.733596+00:00,0.3577,,0.34850000000000003,,MAS,2.6398852223816314,
native,dbs,QAR,SGD,QAR/SGD,1,SGD < 50,amtLessThan50,,,otherCurrencies,2026-08-29 06:00:11,2026-08-28 22:00:23,2026-08-28T22:30:14.733596+00:00,0.3592,,0.34850000000000003,,MAS,3.0703012912482026,
native,dbs,RUB,SGD,RUB/SGD,100,SGD 50 – 200,amtBtw50And200,,,mainCurrencies,2026-08-29 06:00:11,2026-08-28 22:00:23,2026-08-28T22:30:14.733596+00:00,,,,,,,
native,dbs,RUB,SGD,RUB/SGD,100,SGD < 50,amtLessThan50,,,mainCurrencies,2026-08-29 06:00:11,2026-08-28 22:00:23,2026-08-28T22:30:14.733596+00:00,,,,,,,
native,dbs,SAR,SGD,SAR/SGD,100,SGD 50 – 200,amtBtw50And200,,,otherCurrencies,2026-08-29 06:00:11,2026-08-28 22:00:23,2026-08-28T22:30:14.733596+00:00,34.4156,,33.84,,MAS,1.7009456264775247,
native,dbs,SAR,SGD,SAR/SGD,100,SGD < 50,amtLessThan50,,,otherCurrencies,2026-08-29 06:00:11,2026-08-28 22:00:23,2026-08-28T22:30:14.733596+00:00,34.4156,,33.84,,MAS,1.7009456264775247,
native,dbs,SEK,SGD,SEK/SGD,1,SGD 50 – 200,amtBtw50And200,,,mainCurrencies,2026-08-29 06:00:11,2026-08-28 22:00:23,2026-08-28T22:30:14.733596+00:00,0.1346,0.1307,,0.13265,,,
native,dbs,SEK,SGD,SEK/SGD,1,SGD < 50,amtLessThan50,,,mainCurrencies,2026-08-29 06:00:11,2026-08-28 22:00:23,2026-08-28T22:30:14.733596+00:00,0.1351,0.1302,,0.13265,,,
native,dbs,THB,SGD,THB/SGD,100,SGD 50 – 200,amtBtw50And200,,,mainCurrencies,2026-08-29 06:00:11,2026-08-28 22:00:23,2026-08-28T22:30:14.733596+00:00,3.9177,3.7858,3.8502,3.85175,MAS,1.753155680224401,1.672640382317802
native,dbs,THB,SGD,THB/SGD,100,SGD < 50,amtLessThan50,,,mainCurrencies,2026-08-29 06:00:11,2026-08-28 22:00:23,2026-08-28T22:30:14.733596+00:00,3.922,3.7816,3.8502,3.8518,MAS,1.8648381902238866,1.7817256246428756
native,dbs,TND,SGD,TND/SGD,1,SGD 50 – 200,amtBtw50And200,,,otherCurrencies,2026-08-29 06:00:11,2026-08-28 22:00:23,2026-08-28T22:30:14.733596+00:00,0.4485,,,,,,
native,dbs,TND,SGD,TND/SGD,1,SGD < 50,amtLessThan50,,,otherCurrencies,2026-08-29 06:00:11,2026-08-28 22:00:23,2026-08-28T22:30:14.733596+00:00,0.4485,,,,,,
native,dbs,TWD,SGD,TWD/SGD,100,SGD 50 – 200,amtBtw50And200,,,otherCurrencies,2026-08-29 06:00:11,2026-08-28 22:00:23,2026-08-28T22:30:14.733596+00:00,4.0848,,4.0203,,MAS,1.604357883740036,
native,dbs,TWD,SGD,TWD/SGD,100,SGD < 50,amtLessThan50,,,otherCurrencies,2026-08-29 06:00:11,2026-08-28 22:00:23,2026-08-28T22:30:14.733596+00:00,4.0888,,4.0203,,MAS,1.7038529462975456,
native,dbs,USD,SGD,USD/SGD,1,SGD 50 – 200,amtBtw50And200,,,mainCurrencies,2026-08-29 06:00:11,2026-08-28 22:00:23,2026-08-28T22:30:14.733596+00:00,1.2864,1.2635,1.2706,1.27495,MAS,1.2435070045647754,0.5587911223044141
native,dbs,USD,SGD,USD/SGD,1,SGD < 50,amtLessThan50,,,mainCurrencies,2026-08-29 06:00:11,2026-08-28 22:00:23,2026-08-28T22:30:14.733596+00:00,1.2873,1.2626,1.2706,1.27495,MAS,1.3143396820399937,0.6296237997796322
native,dbs,VND,SGD,VND/SGD,100,SGD 50 – 200,amtBtw50And200,,,otherCurrencies,2026-08-29 06:00:11,2026-08-28 22:00:23,2026-08-28T22:30:14.733596+00:00,0.005,,0.00487,,MAS,2.669404517453797,
native,dbs,VND,SGD,VND/SGD,100,SGD < 50,amtLessThan50,,,otherCurrencies,2026-08-29 06:00:11,2026-08-28 22:00:23,2026-08-28T22:30:14.733596+00:00,0.005,,0.00487,,MAS,2.669404517453797,
native,dbs,XAU,SGD,XAU/SGD,1,SGD 50 – 200,amtBtw50And200,,,otherCurrencies,2026-08-29 06:00:11,2026-08-28 22:00:23,2026-08-28T22:30:14.733596+00:00,5717.153,5636.878,,5677.0154999999995,,,
native,dbs,XAU,SGD,XAU/SGD,1,SGD < 50,amtLessThan50,,,otherCurrencies,2026-08-29 06:00:11,2026-08-28 22:00:23,2026-08-28T22:30:14.733596+00:00,5717.153,5636.878,,5677.0154999999995,,,
native,dbs,ZAR,SGD,ZAR/SGD,1,SGD 50 – 200,amtBtw50And200,,,otherCurrencies,2026-08-29 06:00:11,2026-08-28 22:00:23,2026-08-28T22:30:14.733596+00:00,0.0799,0.0777,,0.07880000000000001,,,
native,dbs,ZAR,SGD,ZAR/SGD,1,SGD < 50,amtLessThan50,,,otherCurrencies,2026-08-29 06:00:11,2026-08-28 22:00:23,2026-08-28T22:30:14.733596+00:00,0.0802,0.0773,,0.07874999999999999,,,
native,hsbc,AED,SGD,AED/SGD,100,Indicative board,board,,,indicative_fx,2026-8-28,2026-8-28,2026-08-28T22:30:18.748942+00:00,35.74,33.48,34.59,34.61,MAS,3.3246603064469458,3.2090199479618575
native,hsbc,AUD,SGD,AUD/SGD,1,Indicative board,board,,,indicative_fx,2026-8-28,2026-8-28,2026-08-28T22:30:18.748942+00:00,0.9424,0.8874,0.9148999999999999,0.9149,MAS,3.0057929828396635,3.0057929828396515
native,hsbc,CAD,SGD,CAD/SGD,1,Indicative board,board,,,indicative_fx,2026-8-28,2026-8-28,2026-08-28T22:30:18.748942+00:00,0.9453,0.8901,0.9173,0.9177,MAS,3.0524364984192767,2.965224027035866
native,hsbc,CHF,SGD,CHF/SGD,100,Indicative board,board,,,indicative_fx,2026-8-28,2026-8-28,2026-08-28T22:30:18.748942+00:00,162.82,153.3,157.88,158.06,MAS,3.1289587028122607,2.900937420825934
native,hsbc,CNY,SGD,CNY/SGD,100,Indicative board,board,,,indicative_fx,2026-8-28,2026-8-28,2026-08-28T22:30:18.748942+00:00,19.53,18.3,18.9,18.915,MAS,3.3333333333333472,3.1746031746031633
native,hsbc,DKK,SGD,DKK/SGD,100,Indicative board,board,,,indicative_fx,2026-8-28,2026-8-28,2026-08-28T22:30:18.748942+00:00,20.41,19.22,,19.814999999999998,,,
native,hsbc,EUR,SGD,EUR/SGD,1,Indicative board,board,,,indicative_fx,2026-8-28,2026-8-28,2026-08-28T22:30:18.748942+00:00,1.5256,1.4365,1.4797,1.4810500000000002,MAS,3.1019801311076605,2.9195107116307293
native,hsbc,FJD,SGD,FJD/SGD,1,Indicative board,board,,,indicative_fx,2026-8-28,2026-8-28,2026-08-28T22:30:18.748942+00:00,0.6062,,,,,,
native,hsbc,GBP,SGD,GBP/SGD,1,Indicative board,board,,,indicative_fx,2026-8-28,2026-8-28,2026-08-28T22:30:18.748942+00:00,1.7797,1.6757,1.7267,1.7277,MAS,3.0694388139225204,2.953610934151847
native,hsbc,HKD,SGD,HKD/SGD,100,Indicative board,board,,,indicative_fx,2026-8-28,2026-8-28,2026-08-28T22:30:18.748942+00:00,16.42,16.01,16.21,16.215000000000003,MAS,1.295496607032701,1.233806292412087
native,hsbc,IDR,SGD,IDR/SGD,100,Indicative board,board,,,indicative_fx,2026-8-28,2026-8-28,2026-08-28T22:30:18.748942+00:00,0.0074,,0.007176,,MAS,3.121516164994429,
native,hsbc,INR,SGD,INR/SGD,100,Indicative board,board,,,indicative_fx,2026-8-28,2026-8-28,2026-08-28T22:30:18.748942+00:00,1.37,,1.3296,,MAS,3.03850782190134,
native,hsbc,JPY,SGD,JPY/SGD,100,Indicative board,board,,,indicative_fx,2026-8-28,2026-8-28,2026-08-28T22:30:18.748942+00:00,0.8216,0.7736,0.7968,0.7976,MAS,3.112449799196793,2.9116465863453818
native,hsbc,LKR,SGD,LKR/SGD,100,Indicative board,board,,,indicative_fx,2026-8-28,2026-8-28,2026-08-28T22:30:18.748942+00:00,0.4,,,,,,
native,hsbc,MUR,SGD,MUR/SGD,100,Indicative board,board,,,indicative_fx,2026-8-28,2026-8-28,2026-08-28T22:30:18.748942+00:00,2.81,2.62,,2.715,,,
native,hsbc,NOK,SGD,NOK/SGD,100,Indicative board,board,,,indicative_fx,2026-8-28,2026-8-28,2026-08-28T22:30:18.748942+00:00,14.05,13.22,,13.635000000000002,,,
native,hsbc,NZD,SGD,NZD/SGD,1,Indicative board,board,,,indicative_fx,2026-8-28,2026-8-28,2026-08-28T22:30:18.748942+00:00,0.7798,0.7342,0.7576,0.757,MAS,2.930306230200633,3.0887011615628412
native,hsbc,PHP,SGD,PHP/SGD,100,Indicative board,board,,,indicative_fx,2026-8-28,2026-8-28,2026-08-28T22:30:18.748942+00:00,2.12,,2.0421,,MAS,3.8147005533519454,
native,hsbc,PKR,SGD,PKR/SGD,100,Indicative board,board,,,indicative_fx,2026-8-28,2026-8-28,2026-08-28T22:30:18.748942+00:00,0.47,,,,,,
native,hsbc,QAR,SGD,QAR/SGD,100,Indicative board,board,,,indicative_fx,2026-8-28,2026-8-28,2026-08-28T22:30:18.748942+00:00,35.31,34.43,34.85,34.870000000000005,MAS,1.3199426111908201,1.2051649928264037
native,hsbc,RUB,SGD,RUB/SGD,100,Indicative board,board,,,indicative_fx,2026-8-28,2026-8-28,2026-08-28T22:30:18.748942+00:00,15.48,14.01,,14.745000000000001,,,
native,hsbc,SAR,SGD,SAR/SGD,100,Indicative board,board,,,indicative_fx,2026-8-28,2026-8-28,2026-08-28T22:30:18.748942+00:00,34.28,33.43,33.84,33.855000000000004,MAS,1.3002364066193786,1.2115839243498925
native,hsbc,SEK,SGD,SEK/SGD,100,Indicative board,board,,,indicative_fx,2026-8-28,2026-8-28,2026-08-28T22:30:18.748942+00:00,13.76,12.95,,13.355,,,
native,hsbc,THB,SGD,THB/SGD,100,Indicative board,board,,,indicative_fx,2026-8-28,2026-8-28,2026-08-28T22:30:18.748942+00:00,3.99,,3.8502,,MAS,3.6309802088203247,
native,hsbc,TRY,SGD,TRY/SGD,1,Indicative board,board,,,indicative_fx,2026-8-28,2026-8-28,2026-08-28T22:30:18.748942+00:00,0.0272,,,,,,
native,hsbc,USD,SGD,USD/SGD,1,Indicative board,board,,,indicative_fx,2026-8-28,2026-8-28,2026-08-28T22:30:18.748942+00:00,1.2965,1.2456,1.2706,1.27105,MAS,2.0384070517865602,1.967574374311342
native,hsbc,ZAR,SGD,ZAR/SGD,1,Indicative board,board,,,indicative_fx,2026-8-28,2026-8-28,2026-08-28T22:30:18.748942+00:00,0.0821,0.0769,,0.0795,,,
native,ocbc,AED,SGD,AED/SGD,100,"SGD 0 – 39,999.99",tier_1,,,fxRatesSgd,2026-08-28T07:00:17,2026-08-28T07:00:17,2026-08-28T22:30:16.171423+00:00,35.4922,33.4839,34.59,34.4881,MAS,2.608268285631666,3.197745013009554
native,ocbc,AED,SGD,AED/SGD,100,"SGD 40,000 – 100,000",tier_2,,,fxRatesSgd,2026-08-28T07:00:17,2026-08-28T07:00:17,2026-08-28T22:30:16.171423+00:00,35.4817,33.5011,34.59,34.4881,MAS,2.577912691529323,3.148019658860949
native,ocbc,AUD,SGD,AUD/SGD,1,"SGD 0 – 39,999.99",tier_1,,,fxRatesSgd,2026-08-28T07:00:17,2026-08-28T07:00:17,2026-08-28T22:30:16.171423+00:00,0.9316,0.9021,0.9148999999999999,0.9169,MAS,1.8253361023062682,1.3990600065580854
native,ocbc,AUD,SGD,AUD/SGD,1,"SGD 40,000 – 100,000",tier_2,,,fxRatesSgd,2026-08-28T07:00:17,2026-08-28T07:00:17,2026-08-28T22:30:16.171423+00:00,0.9298,0.904,0.9148999999999999,0.9169,MAS,1.6285932888840338,1.1913870368346169
native,ocbc,BGN,SGD,BGN/SGD,100,"SGD 0 – 39,999.99",tier_1,,,fxRatesSgd,2026-08-28T07:00:17,2026-08-28T07:00:17,2026-08-28T22:30:16.171423+00:00,0.0,0.0,,0.0,,,
native,ocbc,BGN,SGD,BGN/SGD,100,"SGD 40,000 – 100,000",tier_2,,,fxRatesSgd,2026-08-28T07:00:17,2026-08-28T07:00:17,2026-08-28T22:30:16.171423+00:00,0.0,0.0,,0.0,,,
native,ocbc,BHD,SGD,BHD/SGD,1,"SGD 0 – 39,999.99",tier_1,,,fxRatesSgd,2026-08-28T07:00:17,2026-08-28T07:00:17,2026-08-28T22:30:16.171423+00:00,0.0,0.0,,0.0,,,
native,ocbc,BHD,SGD,BHD/SGD,1,"SGD 40,000 – 100,000",tier_2,,,fxRatesSgd,2026-08-28T07:00:17,2026-08-28T07:00:17,2026-08-28T22:30:16.171423+00:00,0.0,0.0,,0.0,,,
native,ocbc,CAD,SGD,CAD/SGD,1,"SGD 0 – 39,999.99",tier_1,,,fxRatesSgd,2026-08-28T07:00:17,2026-08-28T07:00:17,2026-08-28T22:30:16.171423+00:00,0.9345,0.9013,0.9173,0.9179,MAS,1.8750681347432674,1.744249427668158
native,ocbc,CAD,SGD,CAD/SGD,1,"SGD 40,000 – 100,000",tier_2,,,fxRatesSgd,2026-08-28T07:00:17,2026-08-28T07:00:17,2026-08-28T22:30:16.171423+00:00,0.9326,0.9031,0.9173,0.9179,MAS,1.6679385152076724,1.5480213670554879
native,ocbc,CHF,SGD,CHF/SGD,100,"SGD 0 – 39,999.99",tier_1,,,fxRatesSgd,2026-08-28T07:00:17,2026-08-28T07:00:17,2026-08-28T22:30:16.171423+00:00,161.0759,155.3474,157.88,158.2117,MAS,2.024258930833541,1.6041297187737538
native,ocbc,CHF,SGD,CHF/SGD,100,"SGD 40,000 – 100,000",tier_2,,,fxRatesSgd,2026-08-28T07:00:17,2026-08-28T07:00:17,2026-08-28T22:30:16.171423+00:00,160.7595,155.6638,157.88,158.2117,MAS,1.8238535596655736,1.403724347605768
native,ocbc,CNH,SGD,CNH/SGD,100,"SGD 0 – 39,999.99",tier_1,,,fxRatesSgd,2026-08-28T07:00:17,2026-08-28T07:00:17,2026-08-28T22:30:16.171423+00:00,19.2478,18.6788,,18.9633,,,
native,ocbc,CNH,SGD,CNH/SGD,100,"SGD 40,000 – 100,000",tier_2,,,fxRatesSgd,2026-08-28T07:00:17,2026-08-28T07:00:17,2026-08-28T22:30:16.171423+00:00,19.2289,18.6977,,18.9633,,,
native,ocbc,CZK,SGD,CZK/SGD,100,"SGD 0 – 39,999.99",tier_1,,,fxRatesSgd,2026-08-28T07:00:17,2026-08-28T07:00:17,2026-08-28T22:30:16.171423+00:00,0.0,0.0,,0.0,,,
native,ocbc,CZK,SGD,CZK/SGD,100,"SGD 40,000 – 100,000",tier_2,,,fxRatesSgd,2026-08-28T07:00:17,2026-08-28T07:00:17,2026-08-28T22:30:16.171423+00:00,0.0,0.0,,0.0,,,
native,ocbc,DKK,SGD,DKK/SGD,100,"SGD 0 – 39,999.99",tier_1,,,fxRatesSgd,2026-08-28T07:00:17,2026-08-28T07:00:17,2026-08-28T22:30:16.171423+00:00,20.1633,19.4481,,19.8057,,,
native,ocbc,DKK,SGD,DKK/SGD,100,"SGD 40,000 – 100,000",tier_2,,,fxRatesSgd,2026-08-28T07:00:17,2026-08-28T07:00:17,2026-08-28T22:30:16.171423+00:00,20.1237,19.4877,,19.8057,,,
native,ocbc,EUR,SGD,EUR/SGD,1,"SGD 0 – 39,999.99",tier_1,,,fxRatesSgd,2026-08-28T07:00:17,2026-08-28T07:00:17,2026-08-28T22:30:16.171423+00:00,1.4971,1.4603,1.4797,1.4787,MAS,1.175914036629052,1.3110765695749194
native,ocbc,EUR,SGD,EUR/SGD,1,"SGD 40,000 – 100,000",tier_2,,,fxRatesSgd,2026-08-28T07:00:17,2026-08-28T07:00:17,2026-08-28T22:30:16.171423+00:00,1.4954,1.4623,1.4797,1.4787,MAS,1.0610258836250623,1.175914036629052
native,ocbc,GBP,SGD,GBP/SGD,1,"SGD 0 – 39,999.99",tier_1,,,fxRatesSgd,2026-08-28T07:00:17,2026-08-28T07:00:17,2026-08-28T22:30:16.171423+00:00,1.7498,1.7034,1.7267,1.7266,MAS,1.3378120113511394,1.3493947993281912
native,ocbc,GBP,SGD,GBP/SGD,1,"SGD 40,000 – 100,000",tier_2,,,fxRatesSgd,2026-08-28T07:00:17,2026-08-28T07:00:17,2026-08-28T22:30:16.171423+00:00,1.7481,1.7055,1.7267,1.7266,MAS,1.2393583135460755,1.227775525568998
native,ocbc,HKD,SGD,HKD/SGD,100,"SGD 0 – 39,999.99",tier_1,,,fxRatesSgd,2026-08-28T07:00:17,2026-08-28T07:00:17,2026-08-28T22:30:16.171423+00:00,16.4179,16.021,16.21,16.2195,MAS,1.2825416409623605,1.1659469463294265
native,ocbc,HKD,SGD,HKD/SGD,100,"SGD 40,000 – 100,000",tier_2,,,fxRatesSgd,2026-08-28T07:00:17,2026-08-28T07:00:17,2026-08-28T22:30:16.171423+00:00,16.3888,16.0308,16.21,16.2195,MAS,1.1030228254164032,1.1054904380012436
native,ocbc,HUF,SGD,HUF/SGD,100,"SGD 0 – 39,999.99",tier_1,,,fxRatesSgd,2026-08-28T07:00:17,2026-08-28T07:00:17,2026-08-28T22:30:16.171423+00:00,0.0,0.0,,0.0,,,
native,ocbc,HUF,SGD,HUF/SGD,100,"SGD 40,000 – 100,000",tier_2,,,fxRatesSgd,2026-08-28T07:00:17,2026-08-28T07:00:17,2026-08-28T22:30:16.171423+00:00,0.0,0.0,,0.0,,,
native,ocbc,IDR,SGD,IDR/SGD,100,"SGD 0 – 39,999.99",tier_1,,,fxRatesSgd,2026-08-28T07:00:17,2026-08-28T07:00:17,2026-08-28T22:30:16.171423+00:00,0.0074,0.0,0.007176,0.0074,MAS,3.121516164994429,100.0
native,ocbc,IDR,SGD,IDR/SGD,100,"SGD 40,000 – 100,000",tier_2,,,fxRatesSgd,2026-08-28T07:00:17,2026-08-28T07:00:17,2026-08-28T22:30:16.171423+00:00,0.0074,0.0,0.007176,0.0074,MAS,3.121516164994429,100.0
native,ocbc,ILS,SGD,ILS/SGD,100,"SGD 0 – 39,999.99",tier_1,,,fxRatesSgd,2026-08-28T07:00:17,2026-08-28T07:00:17,2026-08-28T22:30:16.171423+00:00,0.0,0.0,,0.0,,,
native,ocbc,ILS,SGD,ILS/SGD,100,"SGD 40,000 – 100,000",tier_2,,,fxRatesSgd,2026-08-28T07:00:17,2026-08-28T07:00:17,2026-08-28T22:30:16.171423+00:00,0.0,0.0,,0.0,,,
native,ocbc,INR,SGD,INR/SGD,100,"SGD 0 – 39,999.99",tier_1,,,fxRatesSgd,2026-08-28T07:00:17,2026-08-28T07:00:17,2026-08-28T22:30:16.171423+00:00,1.3707,0.0,1.3296,1.3707,MAS,3.0911552346570503,100.0
native,ocbc,INR,SGD,INR/SGD,100,"SGD 40,000 – 100,000",tier_2,,,fxRatesSgd,2026-08-28T07:00:17,2026-08-28T07:00:17,2026-08-28T22:30:16.171423+00:00,1.368,0.0,1.3296,1.3707,MAS,2.888086642599294,100.0
native,ocbc,JOD,SGD,JOD/SGD,1,"SGD 0 – 39,999.99",tier_1,,,fxRatesSgd,2026-08-28T07:00:17,2026-08-28T07:00:17,2026-08-28T22:30:16.171423+00:00,0.0,0.0,,0.0,,,
native,ocbc,JOD,SGD,JOD/SGD,1,"SGD 40,000 – 100,000",tier_2,,,fxRatesSgd,2026-08-28T07:00:17,2026-08-28T07:00:17,2026-08-28T22:30:16.171423+00:00,0.0,0.0,,0.0,,,
native,ocbc,JPY,SGD,JPY/SGD,100,"SGD 0 – 39,999.99",tier_1,,,fxRatesSgd,2026-08-28T07:00:17,2026-08-28T07:00:17,2026-08-28T22:30:16.171423+00:00,0.8065,0.7867,0.7968,0.7966,MAS,1.2173694779116517,1.2675702811244978
native,ocbc,JPY,SGD,JPY/SGD,100,"SGD 40,000 – 100,000",tier_2,,,fxRatesSgd,2026-08-28T07:00:17,2026-08-28T07:00:17,2026-08-28T22:30:16.171423+00:00,0.8057,0.788,0.7968,0.7966,MAS,1.1169678714859461,1.104417670682721
native,ocbc,KRW,SGD,KRW/SGD,100,"SGD 0 – 39,999.99",tier_1,,,fxRatesSgd,2026-08-28T07:00:17,2026-08-28T07:00:17,2026-08-28T22:30:16.171423+00:00,0.0,0.0,0.0923,0.0,MAS,-100.0,100.0
native,ocbc,KRW,SGD,KRW/SGD,100,"SGD 40,000 – 100,000",tier_2,,,fxRatesSgd,2026-08-28T07:00:17,2026-08-28T07:00:17,2026-08-28T22:30:16.171423+00:00,0.0,0.0,0.0923,0.0,MAS,-100.0,100.0
native,ocbc,LKR,SGD,LKR/SGD,100,"SGD 0 – 39,999.99",tier_1,,,fxRatesSgd,2026-08-28T07:00:17,2026-08-28T07:00:17,2026-08-28T22:30:16.171423+00:00,0.3997,0.0,,0.3997,,,
native,ocbc,LKR,SGD,LKR/SGD,100,"SGD 40,000 – 100,000",tier_2,,,fxRatesSgd,2026-08-28T07:00:17,2026-08-28T07:00:17,2026-08-28T22:30:16.171423+00:00,0.3989,0.0,,0.3997,,,
native,ocbc,MAD,SGD,MAD/SGD,100,"SGD 0 – 39,999.99",tier_1,,,fxRatesSgd,2026-08-28T07:00:17,2026-08-28T07:00:17,2026-08-28T22:30:16.171423+00:00,0.0,0.0,,0.0,,,
native,ocbc,MAD,SGD,MAD/SGD,100,"SGD 40,000 – 100,000",tier_2,,,fxRatesSgd,2026-08-28T07:00:17,2026-08-28T07:00:17,2026-08-28T22:30:16.171423+00:00,0.0,0.0,,0.0,,,
native,ocbc,MXN,SGD,MXN/SGD,100,"SGD 0 – 39,999.99",tier_1,,,fxRatesSgd,2026-08-28T07:00:17,2026-08-28T07:00:17,2026-08-28T22:30:16.171423+00:00,7.7194,0.0,,7.7194,,,
native,ocbc,MXN,SGD,MXN/SGD,100,"SGD 40,000 – 100,000",tier_2,,,fxRatesSgd,2026-08-28T07:00:17,2026-08-28T07:00:17,2026-08-28T22:30:16.171423+00:00,7.7179,0.0,,7.7194,,,
native,ocbc,MYR,SGD,MYR/SGD,100,"SGD 0 – 39,999.99",tier_1,,,fxRatesSgd,2026-08-28T07:00:17,2026-08-28T07:00:17,2026-08-28T22:30:16.171423+00:00,0.0,0.0,31.55,0.0,MAS,-100.0,100.0
native,ocbc,MYR,SGD,MYR/SGD,100,"SGD 40,000 – 100,000",tier_2,,,fxRatesSgd,2026-08-28T07:00:17,2026-08-28T07:00:17,2026-08-28T22:30:16.171423+00:00,0.0,0.0,31.55,0.0,MAS,-100.0,100.0
native,ocbc,NOK,SGD,NOK/SGD,100,"SGD 0 – 39,999.99",tier_1,,,fxRatesSgd,2026-08-28T07:00:17,2026-08-28T07:00:17,2026-08-28T22:30:16.171423+00:00,13.8969,13.4014,,13.6492,,,
native,ocbc,NOK,SGD,NOK/SGD,100,"SGD 40,000 – 100,000",tier_2,,,fxRatesSgd,2026-08-28T07:00:17,2026-08-28T07:00:17,2026-08-28T22:30:16.171423+00:00,13.8696,13.4287,,13.6492,,,
native,ocbc,NZD,SGD,NZD/SGD,1,"SGD 0 – 39,999.99",tier_1,,,fxRatesSgd,2026-08-28T07:00:17,2026-08-28T07:00:17,2026-08-28T22:30:16.171423+00:00,0.7722,0.7459,0.7576,0.7591,MAS,1.9271383315733823,1.5443505807814206
native,ocbc,NZD,SGD,NZD/SGD,1,"SGD 40,000 – 100,000",tier_2,,,fxRatesSgd,2026-08-28T07:00:17,2026-08-28T07:00:17,2026-08-28T22:30:16.171423+00:00,0.7703,0.7482,0.7576,0.7591,MAS,1.6763463569165697,1.2407602956705484
native,ocbc,OMR,SGD,OMR/SGD,1,"SGD 0 – 39,999.99",tier_1,,,fxRatesSgd,2026-08-28T07:00:17,2026-08-28T07:00:17,2026-08-28T22:30:16.171423+00:00,0.0,0.0,,0.0,,,
native,ocbc,OMR,SGD,OMR/SGD,1,"SGD 40,000 – 100,000",tier_2,,,fxRatesSgd,2026-08-28T07:00:17,2026-08-28T07:00:17,2026-08-28T22:30:16.171423+00:00,0.0,0.0,,0.0,,,
native,ocbc,PHP,SGD,PHP/SGD,100,"SGD 0 – 39,999.99",tier_1,,,fxRatesSgd,2026-08-28T07:00:17,2026-08-28T07:00:17,2026-08-28T22:30:16.171423+00:00,2.1062,0.0,2.0421,2.1062,MAS,3.1389256157876613,100.0
native,ocbc,PHP,SGD,PHP/SGD,100,"SGD 40,000 – 100,000",tier_2,,,fxRatesSgd,2026-08-28T07:00:17,2026-08-28T07:00:17,2026-08-28T22:30:16.171423+00:00,2.1052,0.0,2.0421,2.1062,MAS,3.0899564174134437,100.0
native,ocbc,PLN,SGD,PLN/SGD,100,"SGD 0 – 39,999.99",tier_1,,,fxRatesSgd,2026-08-28T07:00:17,2026-08-28T07:00:17,2026-08-28T22:30:16.171423+00:00,35.2344,33.0348,,34.1346,,,
native,ocbc,PLN,SGD,PLN/SGD,100,"SGD 40,000 – 100,000",tier_2,,,fxRatesSgd,2026-08-28T07:00:17,2026-08-28T07:00:17,2026-08-28T22:30:16.171423+00:00,35.217,33.0617,,34.1346,,,
native,ocbc,QAR,SGD,QAR/SGD,100,"SGD 0 – 39,999.99",tier_1,,,fxRatesSgd,2026-08-28T07:00:17,2026-08-28T07:00:17,2026-08-28T22:30:16.171423+00:00,35.861,33.8112,34.85,34.8361,MAS,2.901004304160676,2.9807747489239653
native,ocbc,QAR,SGD,QAR/SGD,100,"SGD 40,000 – 100,000",tier_2,,,fxRatesSgd,2026-08-28T07:00:17,2026-08-28T07:00:17,2026-08-28T22:30:16.171423+00:00,35.8398,33.8284,34.85,34.8361,MAS,2.840172166427533,2.931420373027258
native,ocbc,RON,SGD,RON/SGD,100,"SGD 0 – 39,999.99",tier_1,,,fxRatesSgd,2026-08-28T07:00:17,2026-08-28T07:00:17,2026-08-28T22:30:16.171423+00:00,0.0,0.0,,0.0,,,
native,ocbc,RON,SGD,RON/SGD,100,"SGD 40,000 – 100,000",tier_2,,,fxRatesSgd,2026-08-28T07:00:17,2026-08-28T07:00:17,2026-08-28T22:30:16.171423+00:00,0.0,0.0,,0.0,,,
native,ocbc,RUB,SGD,RUB/SGD,100,"SGD 0 – 39,999.99",tier_1,,,fxRatesSgd,2026-08-28T07:00:17,2026-08-28T07:00:17,2026-08-28T22:30:16.171423+00:00,0.0,0.0,,0.0,,,
native,ocbc,RUB,SGD,RUB/SGD,100,"SGD 40,000 – 100,000",tier_2,,,fxRatesSgd,2026-08-28T07:00:17,2026-08-28T07:00:17,2026-08-28T22:30:16.171423+00:00,0.0,0.0,,0.0,,,
native,ocbc,SAR,SGD,SAR/SGD,100,"SGD 0 – 39,999.99",tier_1,,,fxRatesSgd,2026-08-28T07:00:17,2026-08-28T07:00:17,2026-08-28T22:30:16.171423+00:00,34.7941,32.8782,33.84,33.8362,MAS,2.819444444444435,2.842198581560295
native,ocbc,SAR,SGD,SAR/SGD,100,"SGD 40,000 – 100,000",tier_2,,,fxRatesSgd,2026-08-28T07:00:17,2026-08-28T07:00:17,2026-08-28T22:30:16.171423+00:00,34.7769,32.8949,33.84,33.8362,MAS,2.7686170212765786,2.7928486997636037
native,ocbc,SEK,SGD,SEK/SGD,100,"SGD 0 – 39,999.99",tier_1,,,fxRatesSgd,2026-08-28T07:00:17,2026-08-28T07:00:17,2026-08-28T22:30:16.171423+00:00,13.5964,13.1122,,13.3543,,,
native,ocbc,SEK,SGD,SEK/SGD,100,"SGD 40,000 – 100,000",tier_2,,,fxRatesSgd,2026-08-28T07:00:17,2026-08-28T07:00:17,2026-08-28T22:30:16.171423+00:00,13.5697,13.1389,,13.3543,,,
native,ocbc,THB,SGD,THB/SGD,100,"SGD 0 – 39,999.99",tier_1,,,fxRatesSgd,2026-08-28T07:00:17,2026-08-28T07:00:17,2026-08-28T22:30:16.171423+00:00,3.9664,3.7486,3.8502,3.8575,MAS,3.0180250376603834,2.6388239571970264
native,ocbc,THB,SGD,THB/SGD,100,"SGD 40,000 – 100,000",tier_2,,,fxRatesSgd,2026-08-28T07:00:17,2026-08-28T07:00:17,2026-08-28T22:30:16.171423+00:00,3.9587,3.7563,3.8502,3.8575,MAS,2.818035426731074,2.4388343462677287
native,ocbc,TRY,SGD,TRY/SGD,100,"SGD 0 – 39,999.99",tier_1,,,fxRatesSgd,2026-08-28T07:00:17,2026-08-28T07:00:17,2026-08-28T22:30:16.171423+00:00,2.7202,2.5805,,2.6504,,,
native,ocbc,TRY,SGD,TRY/SGD,100,"SGD 40,000 – 100,000",tier_2,,,fxRatesSgd,2026-08-28T07:00:17,2026-08-28T07:00:17,2026-08-28T22:30:16.171423+00:00,2.7188,2.5807,,2.6504,,,
native,ocbc,TWD,SGD,TWD/SGD,100,"SGD 0 – 39,999.99",tier_1,,,fxRatesSgd,2026-08-28T07:00:17,2026-08-28T07:00:17,2026-08-28T22:30:16.171423+00:00,4.164,0.0,4.0203,4.164,MAS,3.5743601223789256,100.0
native,ocbc,TWD,SGD,TWD/SGD,100,"SGD 40,000 – 100,000",tier_2,,,fxRatesSgd,2026-08-28T07:00:17,2026-08-28T07:00:17,2026-08-28T22:30:16.171423+00:00,0.0,0.0,4.0203,4.164,MAS,-100.0,100.0
native,ocbc,USD,SGD,USD/SGD,1,"SGD 0 – 39,999.99",tier_1,,,fxRatesSgd,2026-08-28T07:00:17,2026-08-28T07:00:17,2026-08-28T22:30:16.171423+00:00,1.2829,1.26,1.2706,1.2715,MAS,0.9680465921611819,0.8342515347080075
native,ocbc,USD,SGD,USD/SGD,1,"SGD 40,000 – 100,000",tier_2,,,fxRatesSgd,2026-08-28T07:00:17,2026-08-28T07:00:17,2026-08-28T22:30:16.171423+00:00,1.2817,1.261,1.2706,1.2715,MAS,0.8736030221942476,0.7555485597355622
native,ocbc,ZAR,SGD,ZAR/SGD,100,"SGD 0 – 39,999.99",tier_1,,,fxRatesSgd,2026-08-28T07:00:17,2026-08-28T07:00:17,2026-08-28T22:30:16.171423+00:00,8.1868,7.7055,,7.9462,,,
native,ocbc,ZAR,SGD,ZAR/SGD,100,"SGD 40,000 – 100,000",tier_2,,,fxRatesSgd,2026-08-28T07:00:17,2026-08-28T07:00:17,2026-08-28T22:30:16.171423+00:00,8.1828,7.7095,,7.9462,,,
native,uob,AED,SGD,AED/SGD,100,Indicative board,board,,,forex_sgd,28 August 2026 06:03:33 PM,28 August 2026 06:03:33 PM,2026-08-28T22:30:17.824915+00:00,35.45,33.75,34.59,34.6,MAS,2.486267707429891,2.428447528187347
native,uob,AOA,SGD,AOA/SGD,100,Indicative board,board,,,forex_sgd,28 August 2026 06:03:33 PM,28 August 2026 06:03:33 PM,2026-08-28T22:30:17.824915+00:00,0.1429,,,,,,
native,uob,AUD,SGD,AUD/SGD,1,Indicative board,board,,,forex_sgd,28 August 2026 06:03:33 PM,28 August 2026 06:03:33 PM,2026-08-28T22:30:17.824915+00:00,0.9301,0.8991,0.9148999999999999,0.9146000000000001,MAS,1.6613837577877477,1.726964695595139
native,uob,BDT,SGD,BDT/SGD,100,Indicative board,board,,,forex_sgd,28 August 2026 06:03:33 PM,28 August 2026 06:03:33 PM,2026-08-28T22:30:17.824915+00:00,1.0623,,,,,,
native,uob,BND,SGD,BND/SGD,1,Indicative board,board,,,forex_sgd,28 August 2026 06:03:33 PM,28 August 2026 06:03:33 PM,2026-08-28T22:30:17.824915+00:00,1.0,1.0,,1.0,,,
native,uob,CAD,SGD,CAD/SGD,1,Indicative board,board,,,forex_sgd,28 August 2026 06:03:33 PM,28 August 2026 06:03:33 PM,2026-08-28T22:30:17.824915+00:00,0.927,0.907,0.9173,0.917,MAS,1.0574512155238245,1.122860569061373
native,uob,CHF,SGD,CHF/SGD,100,Indicative board,board,,,forex_sgd,28 August 2026 06:03:33 PM,28 August 2026 06:03:33 PM,2026-08-28T22:30:17.824915+00:00,159.77,156.47,157.88,158.12,MAS,1.1971117304281826,0.893083354446413
native,uob,CNH,SGD,CNH/SGD,100,Indicative board,board,,,forex_sgd,28 August 2026 06:03:33 PM,28 August 2026 06:03:33 PM,2026-08-28T22:30:17.824915+00:00,19.14,18.68,,18.91,,,
native,uob,DKK,SGD,DKK/SGD,100,Indicative board,board,,,forex_sgd,28 August 2026 06:03:33 PM,28 August 2026 06:03:33 PM,2026-08-28T22:30:17.824915+00:00,20.14,19.44,,19.79,,,
native,uob,EGP,SGD,EGP/SGD,100,Indicative board,board,,,forex_sgd,28 August 2026 06:03:33 PM,28 August 2026 06:03:33 PM,2026-08-28T22:30:17.824915+00:00,2.5986,,,,,,
native,uob,EUR,SGD,EUR/SGD,1,Indicative board,board,,,forex_sgd,28 August 2026 06:03:33 PM,28 August 2026 06:03:33 PM,2026-08-28T22:30:17.824915+00:00,1.4983,1.4603,1.4797,1.4792999999999998,MAS,1.2570115563965634,1.3110765695749194
native,uob,GBP,SGD,GBP/SGD,1,Indicative board,board,,,forex_sgd,28 August 2026 06:03:33 PM,28 August 2026 06:03:33 PM,2026-08-28T22:30:17.824915+00:00,1.7486,1.7036,1.7267,1.7261,MAS,1.2683152834887377,1.3378120113511265
native,uob,HKD,SGD,HKD/SGD,100,Indicative board,board,,,forex_sgd,28 August 2026 06:03:33 PM,28 August 2026 06:03:33 PM,2026-08-28T22:30:17.824915+00:00,16.389,16.031,16.21,16.21,MAS,1.1042566317088123,1.1042566317088343
native,uob,INR,SGD,INR/SGD,100,Indicative board,board,,,forex_sgd,28 August 2026 06:03:33 PM,28 August 2026 06:03:33 PM,2026-08-28T22:30:17.824915+00:00,1.3689,,1.3296,,MAS,2.9557761732852073,
native,uob,JPY,SGD,JPY/SGD,100,Indicative board,board,,,forex_sgd,28 August 2026 06:03:33 PM,28 August 2026 06:03:33 PM,2026-08-28T22:30:17.824915+00:00,0.8129,0.7789,0.7968,0.7959,MAS,2.0205823293172696,2.24648594377509
native,uob,KRW,SGD,KRW/SGD,1000,Indicative board,board,,,forex_sgd,28 August 2026 06:03:33 PM,28 August 2026 06:03:33 PM,2026-08-28T22:30:17.824915+00:00,0.9339,,0.9229999999999999,,MAS,1.1809317443120284,
native,uob,KWD,SGD,KWD/SGD,1,Indicative board,board,,,forex_sgd,28 August 2026 06:03:33 PM,28 August 2026 06:03:33 PM,2026-08-28T22:30:17.824915+00:00,4.1794,,,,,,
native,uob,LKR,SGD,LKR/SGD,100,Indicative board,board,,,forex_sgd,28 August 2026 06:03:33 PM,28 August 2026 06:03:33 PM,2026-08-28T22:30:17.824915+00:00,0.3931,,,,,,
native,uob,MXN,SGD,MXN/SGD,100,Indicative board,board,,,forex_sgd,28 August 2026 06:03:33 PM,28 August 2026 06:03:33 PM,2026-08-28T22:30:17.824915+00:00,7.5563,,,,,,
native,uob,MYR,SGD,MYR/SGD,100,Indicative board,board,,,forex_sgd,28 August 2026 06:03:33 PM,28 August 2026 06:03:33 PM,2026-08-28T22:30:17.824915+00:00,32.0307,,31.55,,MAS,1.52361331220286,
native,uob,NOK,SGD,NOK/SGD,100,Indicative board,board,,,forex_sgd,28 August 2026 06:03:33 PM,28 August 2026 06:03:33 PM,2026-08-28T22:30:17.824915+00:00,13.85,13.41,,13.629999999999999,,,
native,uob,NZD,SGD,NZD/SGD,1,Indicative board,board,,,forex_sgd,28 August 2026 06:03:33 PM,28 August 2026 06:03:33 PM,2026-08-28T22:30:17.824915+00:00,0.7661,0.7461,0.7576,0.7561,MAS,1.121964097148885,1.5179514255543909
native,uob,PHP,SGD,PHP/SGD,100,Indicative board,board,,,forex_sgd,28 August 2026 06:03:33 PM,28 August 2026 06:03:33 PM,2026-08-28T22:30:17.824915+00:00,2.0881,,2.0421,,MAS,2.2525831252142314,
native,uob,PKR,SGD,PKR/SGD,100,Indicative board,board,,,forex_sgd,28 August 2026 06:03:33 PM,28 August 2026 06:03:33 PM,2026-08-28T22:30:17.824915+00:00,0.4643,,,,,,
native,uob,SAR,SGD,SAR/SGD,100,Indicative board,board,,,forex_sgd,28 August 2026 06:03:33 PM,28 August 2026 06:03:33 PM,2026-08-28T22:30:17.824915+00:00,,,33.84,,MAS,,
native,uob,SEK,SGD,SEK/SGD,100,Indicative board,board,,,forex_sgd,28 August 2026 06:03:33 PM,28 August 2026 06:03:33 PM,2026-08-28T22:30:17.824915+00:00,13.58,13.1,,13.34,,,
native,uob,THB,SGD,THB/SGD,100,Indicative board,board,,,forex_sgd,28 August 2026 06:03:33 PM,28 August 2026 06:03:33 PM,2026-08-28T22:30:17.824915+00:00,3.96,3.76,3.8502,3.86,MAS,2.851799906498361,2.342735442314692
native,uob,TWD,SGD,TWD/SGD,100,Indicative board,board,,,forex_sgd,28 August 2026 06:03:33 PM,28 August 2026 06:03:33 PM,2026-08-28T22:30:17.824915+00:00,4.1143,,4.0203,,MAS,2.3381339701017416,
native,uob,USD,SGD,USD/SGD,1,Indicative board,board,,,forex_sgd,28 August 2026 06:03:33 PM,28 August 2026 06:03:33 PM,2026-08-28T22:30:17.824915+00:00,1.2828,1.2588,1.2706,1.2708,MAS,0.9601762946639374,0.9286951046749594
native,uob,VND,SGD,VND/SGD,1000,Indicative board,board,,,forex_sgd,28 August 2026 06:03:33 PM,28 August 2026 06:03:33 PM,2026-08-28T22:30:17.824915+00:00,0.0499,,0.04870000000000001,,MAS,2.464065708418876,
native,uob,XAF,SGD,XAF/SGD,100,Indicative board,board,,,forex_sgd,28 August 2026 06:03:33 PM,28 August 2026 06:03:33 PM,2026-08-28T22:30:17.824915+00:00,0.2316,,,,,,
native,uob,XOF,SGD,XOF/SGD,100,Indicative board,board,,,forex_sgd,28 August 2026 06:03:33 PM,28 August 2026 06:03:33 PM,2026-08-28T22:30:17.824915+00:00,0.2332,,,,,,
native,uob,ZAR,SGD,ZAR/SGD,1,Indicative board,board,,,forex_sgd,28 August 2026 06:03:33 PM,28 August 2026 06:03:33 PM,2026-08-28T22:30:17.824915+00:00,0.0815,0.0775,,0.0795,,,
standardized,dbs,AED,SGD,AED/SGD,1,SGD 50 – 200,amtBtw50And200,"SGD 200 – 39,999.99",std_200_40k,mainCurrencies,2026-08-29 06:00:11,2026-08-28 22:00:23,2026-08-28T22:30:14.733596+00:00,0.3497,0.3445,0.34590000000000004,0.34709999999999996,MAS,1.0985834056085486,0.40474125469790917
standardized,dbs,AED,SGD,AED/SGD,1,SGD 50 – 200,amtBtw50And200,"SGD 40,000 – 100,000",std_40k_100k,mainCurrencies,2026-08-29 06:00:11,2026-08-28 22:00:23,2026-08-28T22:30:14.733596+00:00,0.3497,0.3445,0.34590000000000004,0.34709999999999996,MAS,1.0985834056085486,0.40474125469790917
standardized,dbs,AED,SGD,AED/SGD,1,SGD 50 – 200,amtBtw50And200,SGD 50 – 200,std_50_200,mainCurrencies,2026-08-29 06:00:11,2026-08-28 22:00:23,2026-08-28T22:30:14.733596+00:00,0.3497,0.3445,0.34590000000000004,0.34709999999999996,MAS,1.0985834056085486,0.40474125469790917
standardized,dbs,AED,SGD,AED/SGD,1,SGD < 50,amtLessThan50,SGD < 50,std_lt_50,mainCurrencies,2026-08-29 06:00:11,2026-08-28 22:00:23,2026-08-28T22:30:14.733596+00:00,0.3525,0.3417,0.34590000000000004,0.34709999999999996,MAS,1.9080659150043187,1.2142237640936793
standardized,dbs,AUD,SGD,AUD/SGD,1,SGD 50 – 200,amtBtw50And200,"SGD 200 – 39,999.99",std_200_40k,mainCurrencies,2026-08-29 06:00:11,2026-08-28 22:00:23,2026-08-28T22:30:14.733596+00:00,0.9245,0.9019,0.9148999999999999,0.9132,MAS,1.0492950049185763,1.4209203191605533
standardized,dbs,AUD,SGD,AUD/SGD,1,SGD 50 – 200,amtBtw50And200,"SGD 40,000 – 100,000",std_40k_100k,mainCurrencies,2026-08-29 06:00:11,2026-08-28 22:00:23,2026-08-28T22:30:14.733596+00:00,0.9245,0.9019,0.9148999999999999,0.9132,MAS,1.0492950049185763,1.4209203191605533
standardized,dbs,AUD,SGD,AUD/SGD,1,SGD 50 – 200,amtBtw50And200,SGD 50 – 200,std_50_200,mainCurrencies,2026-08-29 06:00:11,2026-08-28 22:00:23,2026-08-28T22:30:14.733596+00:00,0.9245,0.9019,0.9148999999999999,0.9132,MAS,1.0492950049185763,1.4209203191605533
standardized,dbs,AUD,SGD,AUD/SGD,1,SGD < 50,amtLessThan50,SGD < 50,std_lt_50,mainCurrencies,2026-08-29 06:00:11,2026-08-28 22:00:23,2026-08-28T22:30:14.733596+00:00,0.925,0.9015,0.9148999999999999,0.91325,MAS,1.103945786424758,1.4646409443655009
standardized,dbs,BDT,SGD,BDT/SGD,100,SGD 50 – 200,amtBtw50And200,"SGD 200 – 39,999.99",std_200_40k,otherCurrencies,2026-08-29 06:00:11,2026-08-28 22:00:23,2026-08-28T22:30:14.733596+00:00,1.0487,,,,,,
standardized,dbs,BDT,SGD,BDT/SGD,100,SGD 50 – 200,amtBtw50And200,"SGD 40,000 – 100,000",std_40k_100k,otherCurrencies,2026-08-29 06:00:11,2026-08-28 22:00:23,2026-08-28T22:30:14.733596+00:00,1.0487,,,,,,
standardized,dbs,BDT,SGD,BDT/SGD,100,SGD 50 – 200,amtBtw50And200,SGD 50 – 200,std_50_200,otherCurrencies,2026-08-29 06:00:11,2026-08-28 22:00:23,2026-08-28T22:30:14.733596+00:00,1.0487,,,,,,
standardized,dbs,BDT,SGD,BDT/SGD,100,SGD < 50,amtLessThan50,SGD < 50,std_lt_50,otherCurrencies,2026-08-29 06:00:11,2026-08-28 22:00:23,2026-08-28T22:30:14.733596+00:00,1.0487,,,,,,
standardized,dbs,BHD,SGD,BHD/SGD,1,SGD 50 – 200,amtBtw50And200,"SGD 200 – 39,999.99",std_200_40k,otherCurrencies,2026-08-29 06:00:11,2026-08-28 22:00:23,2026-08-28T22:30:14.733596+00:00,3.4471,,,,,,
standardized,dbs,BHD,SGD,BHD/SGD,1,SGD 50 – 200,amtBtw50And200,"SGD 40,000 – 100,000",std_40k_100k,otherCurrencies,2026-08-29 06:00:11,2026-08-28 22:00:23,2026-08-28T22:30:14.733596+00:00,3.4471,,,,,,
standardized,dbs,BHD,SGD,BHD/SGD,1,SGD 50 – 200,amtBtw50And200,SGD 50 – 200,std_50_200,otherCurrencies,2026-08-29 06:00:11,2026-08-28 22:00:23,2026-08-28T22:30:14.733596+00:00,3.4471,,,,,,
standardized,dbs,BHD,SGD,BHD/SGD,1,SGD < 50,amtLessThan50,SGD < 50,std_lt_50,otherCurrencies,2026-08-29 06:00:11,2026-08-28 22:00:23,2026-08-28T22:30:14.733596+00:00,3.4607,,,,,,
standardized,dbs,BND,SGD,BND/SGD,1,SGD 50 – 200,amtBtw50And200,"SGD 200 – 39,999.99",std_200_40k,otherCurrencies,2026-08-29 06:00:11,2026-08-28 22:00:23,2026-08-28T22:30:14.733596+00:00,1.0,1.0,,1.0,,,
standardized,dbs,BND,SGD,BND/SGD,1,SGD 50 – 200,amtBtw50And200,"SGD 40,000 – 100,000",std_40k_100k,otherCurrencies,2026-08-29 06:00:11,2026-08-28 22:00:23,2026-08-28T22:30:14.733596+00:00,1.0,1.0,,1.0,,,
standardized,dbs,BND,SGD,BND/SGD,1,SGD 50 – 200,amtBtw50And200,SGD 50 – 200,std_50_200,otherCurrencies,2026-08-29 06:00:11,2026-08-28 22:00:23,2026-08-28T22:30:14.733596+00:00,1.0,1.0,,1.0,,,
standardized,dbs,BND,SGD,BND/SGD,1,SGD < 50,amtLessThan50,SGD < 50,std_lt_50,otherCurrencies,2026-08-29 06:00:11,2026-08-28 22:00:23,2026-08-28T22:30:14.733596+00:00,1.0,1.0,,1.0,,,
standardized,dbs,CAD,SGD,CAD/SGD,1,SGD 50 – 200,amtBtw50And200,"SGD 200 – 39,999.99",std_200_40k,mainCurrencies,2026-08-29 06:00:11,2026-08-28 22:00:23,2026-08-28T22:30:14.733596+00:00,0.9248,0.9088,0.9173,0.9168000000000001,MAS,0.8176169192194431,0.9266325084487029
standardized,dbs,CAD,SGD,CAD/SGD,1,SGD 50 – 200,amtBtw50And200,"SGD 40,000 – 100,000",std_40k_100k,mainCurrencies,2026-08-29 06:00:11,2026-08-28 22:00:23,2026-08-28T22:30:14.733596+00:00,0.9248,0.9088,0.9173,0.9168000000000001,MAS,0.8176169192194431,0.9266325084487029
standardized,dbs,CAD,SGD,CAD/SGD,1,SGD 50 – 200,amtBtw50And200,SGD 50 – 200,std_50_200,mainCurrencies,2026-08-29 06:00:11,2026-08-28 22:00:23,2026-08-28T22:30:14.733596+00:00,0.9248,0.9088,0.9173,0.9168000000000001,MAS,0.8176169192194431,0.9266325084487029
standardized,dbs,CAD,SGD,CAD/SGD,1,SGD < 50,amtLessThan50,SGD < 50,std_lt_50,mainCurrencies,2026-08-29 06:00:11,2026-08-28 22:00:23,2026-08-28T22:30:14.733596+00:00,0.928,0.9056,0.9173,0.9168000000000001,MAS,1.1664668047530844,1.275482393982344
standardized,dbs,CHF,SGD,CHF/SGD,1,SGD 50 – 200,amtBtw50And200,"SGD 200 – 39,999.99",std_200_40k,mainCurrencies,2026-08-29 06:00:11,2026-08-28 22:00:23,2026-08-28T22:30:14.733596+00:00,1.5915,1.5575,1.5788,1.5745,MAS,0.8044084114517313,1.3491259184190445
standardized,dbs,CHF,SGD,CHF/SGD,1,SGD 50 – 200,amtBtw50And200,"SGD 40,000 – 100,000",std_40k_100k,mainCurrencies,2026-08-29 06:00:11,2026-08-28 22:00:23,2026-08-28T22:30:14.733596+00:00,1.5915,1.5575,1.5788,1.5745,MAS,0.8044084114517313,1.3491259184190445
standardized,dbs,CHF,SGD,CHF/SGD,1,SGD 50 – 200,amtBtw50And200,SGD 50 – 200,std_50_200,mainCurrencies,2026-08-29 06:00:11,2026-08-28 22:00:23,2026-08-28T22:30:14.733596+00:00,1.5915,1.5575,1.5788,1.5745,MAS,0.8044084114517313,1.3491259184190445
standardized,dbs,CHF,SGD,CHF/SGD,1,SGD < 50,amtLessThan50,SGD < 50,std_lt_50,mainCurrencies,2026-08-29 06:00:11,2026-08-28 22:00:23,2026-08-28T22:30:14.733596+00:00,1.5923,1.5568,1.5788,1.57455,MAS,0.8550798074486995,1.3934633899163935
standardized,dbs,CNH,SGD,CNH/SGD,1,SGD 50 – 200,amtBtw50And200,"SGD 200 – 39,999.99",std_200_40k,mainCurrencies,2026-08-29 06:00:11,2026-08-28 22:00:23,2026-08-28T22:30:14.733596+00:00,0.1917,0.1869,,0.18930000000000002,,,
standardized,dbs,CNH,SGD,CNH/SGD,1,SGD 50 – 200,amtBtw50And200,"SGD 40,000 – 100,000",std_40k_100k,mainCurrencies,2026-08-29 06:00:11,2026-08-28 22:00:23,2026-08-28T22:30:14.733596+00:00,0.1917,0.1869,,0.18930000000000002,,,
standardized,dbs,CNH,SGD,CNH/SGD,1,SGD 50 – 200,amtBtw50And200,SGD 50 – 200,std_50_200,mainCurrencies,2026-08-29 06:00:11,2026-08-28 22:00:23,2026-08-28T22:30:14.733596+00:00,0.1917,0.1869,,0.18930000000000002,,,
standardized,dbs,CNH,SGD,CNH/SGD,1,SGD < 50,amtLessThan50,SGD < 50,std_lt_50,mainCurrencies,2026-08-29 06:00:11,2026-08-28 22:00:23,2026-08-28T22:30:14.733596+00:00,0.1924,0.1863,,0.18935,,,
standardized,dbs,CNY,SGD,CNY/SGD,1,SGD 50 – 200,amtBtw50And200,"SGD 200 – 39,999.99",std_200_40k,otherCurrencies,2026-08-29 06:00:11,2026-08-28 22:00:23,2026-08-28T22:30:14.733596+00:00,0.1896,,0.18899999999999997,,MAS,0.3174603174603266,
standardized,dbs,CNY,SGD,CNY/SGD,1,SGD 50 – 200,amtBtw50And200,"SGD 40,000 – 100,000",std_40k_100k,otherCurrencies,2026-08-29 06:00:11,2026-08-28 22:00:23,2026-08-28T22:30:14.733596+00:00,0.1896,,0.18899999999999997,,MAS,0.3174603174603266,
standardized,dbs,CNY,SGD,CNY/SGD,1,SGD 50 – 200,amtBtw50And200,SGD 50 – 200,std_50_200,otherCurrencies,2026-08-29 06:00:11,2026-08-28 22:00:23,2026-08-28T22:30:14.733596+00:00,0.1896,,0.18899999999999997,,MAS,0.3174603174603266,
standardized,dbs,CNY,SGD,CNY/SGD,1,SGD < 50,amtLessThan50,SGD < 50,std_lt_50,otherCurrencies,2026-08-29 06:00:11,2026-08-28 22:00:23,2026-08-28T22:30:14.733596+00:00,0.1913,,0.18899999999999997,,MAS,1.21693121693123,
standardized,dbs,DKK,SGD,DKK/SGD,1,SGD 50 – 200,amtBtw50And200,"SGD 200 – 39,999.99",std_200_40k,mainCurrencies,2026-08-29 06:00:11,2026-08-28 22:00:23,2026-08-28T22:30:14.733596+00:00,0.2004,0.1946,,0.1975,,,
standardized,dbs,DKK,SGD,DKK/SGD,1,SGD 50 – 200,amtBtw50And200,"SGD 40,000 – 100,000",std_40k_100k,mainCurrencies,2026-08-29 06:00:11,2026-08-28 22:00:23,2026-08-28T22:30:14.733596+00:00,0.2004,0.1946,,0.1975,,,
standardized,dbs,DKK,SGD,DKK/SGD,1,SGD 50 – 200,amtBtw50And200,SGD 50 – 200,std_50_200,mainCurrencies,2026-08-29 06:00:11,2026-08-28 22:00:23,2026-08-28T22:30:14.733596+00:00,0.2004,0.1946,,0.1975,,,
standardized,dbs,DKK,SGD,DKK/SGD,1,SGD < 50,amtLessThan50,SGD < 50,std_lt_50,mainCurrencies,2026-08-29 06:00:11,2026-08-28 22:00:23,2026-08-28T22:30:14.733596+00:00,0.2008,0.1942,,0.1975,,,
standardized,dbs,EUR,SGD,EUR/SGD,1,SGD 50 – 200,amtBtw50And200,"SGD 200 – 39,999.99",std_200_40k,mainCurrencies,2026-08-29 06:00:11,2026-08-28 22:00:23,2026-08-28T22:30:14.733596+00:00,1.4905,1.4623,1.4797,1.4764,MAS,0.7298776779076787,1.175914036629052
standardized,dbs,EUR,SGD,EUR/SGD,1,SGD 50 – 200,amtBtw50And200,"SGD 40,000 – 100,000",std_40k_100k,mainCurrencies,2026-08-29 06:00:11,2026-08-28 22:00:23,2026-08-28T22:30:14.733596+00:00,1.4905,1.4623,1.4797,1.4764,MAS,0.7298776779076787,1.175914036629052
standardized,dbs,EUR,SGD,EUR/SGD,1,SGD 50 – 200,amtBtw50And200,SGD 50 – 200,std_50_200,mainCurrencies,2026-08-29 06:00:11,2026-08-28 22:00:23,2026-08-28T22:30:14.733596+00:00,1.4905,1.4623,1.4797,1.4764,MAS,0.7298776779076787,1.175914036629052
standardized,dbs,EUR,SGD,EUR/SGD,1,SGD < 50,amtLessThan50,SGD < 50,std_lt_50,mainCurrencies,2026-08-29 06:00:11,2026-08-28 22:00:23,2026-08-28T22:30:14.733596+00:00,1.4912,1.4616,1.4797,1.4764,MAS,0.7771845644387421,1.2232209231601003
standardized,dbs,GBP,SGD,GBP/SGD,1,SGD 50 – 200,amtBtw50And200,"SGD 200 – 39,999.99",std_200_40k,mainCurrencies,2026-08-29 06:00:11,2026-08-28 22:00:23,2026-08-28T22:30:14.733596+00:00,1.7408,1.7105,1.7267,1.72565,MAS,0.8165865523831587,0.938205826142352
standardized,dbs,GBP,SGD,GBP/SGD,1,SGD 50 – 200,amtBtw50And200,"SGD 40,000 – 100,000",std_40k_100k,mainCurrencies,2026-08-29 06:00:11,2026-08-28 22:00:23,2026-08-28T22:30:14.733596+00:00,1.7408,1.7105,1.7267,1.72565,MAS,0.8165865523831587,0.938205826142352
standardized,dbs,GBP,SGD,GBP/SGD,1,SGD 50 – 200,amtBtw50And200,SGD 50 – 200,std_50_200,mainCurrencies,2026-08-29 06:00:11,2026-08-28 22:00:23,2026-08-28T22:30:14.733596+00:00,1.7408,1.7105,1.7267,1.72565,MAS,0.8165865523831587,0.938205826142352
standardized,dbs,GBP,SGD,GBP/SGD,1,SGD < 50,amtLessThan50,SGD < 50,std_lt_50,mainCurrencies,2026-08-29 06:00:11,2026-08-28 22:00:23,2026-08-28T22:30:14.733596+00:00,1.7425,1.7088,1.7267,1.72565,MAS,0.9150402501882225,1.0366595239474028
standardized,dbs,HKD,SGD,HKD/SGD,1,SGD 50 – 200,amtBtw50And200,"SGD 200 – 39,999.99",std_200_40k,mainCurrencies,2026-08-29 06:00:11,2026-08-28 22:00:23,2026-08-28T22:30:14.733596+00:00,0.1644,0.1608,0.16210000000000002,0.1626,MAS,1.4188772362738855,0.8019740900678738
standardized,dbs,HKD,SGD,HKD/SGD,1,SGD 50 – 200,amtBtw50And200,"SGD 40,000 – 100,000",std_40k_100k,mainCurrencies,2026-08-29 06:00:11,2026-08-28 22:00:23,2026-08-28T22:30:14.733596+00:00,0.1644,0.1608,0.16210000000000002,0.1626,MAS,1.4188772362738855,0.8019740900678738
standardized,dbs,HKD,SGD,HKD/SGD,1,SGD 50 – 200,amtBtw50And200,SGD 50 – 200,std_50_200,mainCurrencies,2026-08-29 06:00:11,2026-08-28 22:00:23,2026-08-28T22:30:14.733596+00:00,0.1644,0.1608,0.16210000000000002,0.1626,MAS,1.4188772362738855,0.8019740900678738
standardized,dbs,HKD,SGD,HKD/SGD,1,SGD < 50,amtLessThan50,SGD < 50,std_lt_50,mainCurrencies,2026-08-29 06:00:11,2026-08-28 22:00:23,2026-08-28T22:30:14.733596+00:00,0.1645,0.1606,0.16210000000000002,0.16255,MAS,1.4805675508945004,0.9253547193090863
standardized,dbs,HUF,SGD,HUF/SGD,100,SGD 50 – 200,amtBtw50And200,"SGD 200 – 39,999.99",std_200_40k,otherCurrencies,2026-08-29 06:00:11,2026-08-28 22:00:23,2026-08-28T22:30:14.733596+00:00,0.415,,,,,,
standardized,dbs,HUF,SGD,HUF/SGD,100,SGD 50 – 200,amtBtw50And200,"SGD 40,000 – 100,000",std_40k_100k,otherCurrencies,2026-08-29 06:00:11,2026-08-28 22:00:23,2026-08-28T22:30:14.733596+00:00,0.415,,,,,,
standardized,dbs,HUF,SGD,HUF/SGD,100,SGD 50 – 200,amtBtw50And200,SGD 50 – 200,std_50_200,otherCurrencies,2026-08-29 06:00:11,2026-08-28 22:00:23,2026-08-28T22:30:14.733596+00:00,0.415,,,,,,
standardized,dbs,HUF,SGD,HUF/SGD,100,SGD < 50,amtLessThan50,SGD < 50,std_lt_50,otherCurrencies,2026-08-29 06:00:11,2026-08-28 22:00:23,2026-08-28T22:30:14.733596+00:00,0.4166,,,,,,
standardized,dbs,ID0,SGD,ID0/SGD,100,SGD 50 – 200,amtBtw50And200,"SGD 200 – 39,999.99",std_200_40k,otherCurrencies,2026-08-29 06:00:11,2026-08-28 22:00:23,2026-08-28T22:30:14.733596+00:00,,,,,,,
standardized,dbs,ID0,SGD,ID0/SGD,100,SGD 50 – 200,amtBtw50And200,"SGD 40,000 – 100,000",std_40k_100k,otherCurrencies,2026-08-29 06:00:11,2026-08-28 22:00:23,2026-08-28T22:30:14.733596+00:00,,,,,,,
standardized,dbs,ID0,SGD,ID0/SGD,100,SGD 50 – 200,amtBtw50And200,SGD 50 – 200,std_50_200,otherCurrencies,2026-08-29 06:00:11,2026-08-28 22:00:23,2026-08-28T22:30:14.733596+00:00,,,,,,,
standardized,dbs,ID0,SGD,ID0/SGD,100,SGD < 50,amtLessThan50,SGD < 50,std_lt_50,otherCurrencies,2026-08-29 06:00:11,2026-08-28 22:00:23,2026-08-28T22:30:14.733596+00:00,,0.0072,,,,,
standardized,dbs,IDR,SGD,IDR/SGD,100,SGD 50 – 200,amtBtw50And200,"SGD 200 – 39,999.99",std_200_40k,mainCurrencies,2026-08-29 06:00:11,2026-08-28 22:00:23,2026-08-28T22:30:14.733596+00:00,0.0074,,0.007176,,MAS,3.121516164994429,
standardized,dbs,IDR,SGD,IDR/SGD,100,SGD 50 – 200,amtBtw50And200,"SGD 40,000 – 100,000",std_40k_100k,mainCurrencies,2026-08-29 06:00:11,2026-08-28 22:00:23,2026-08-28T22:30:14.733596+00:00,0.0074,,0.007176,,MAS,3.121516164994429,
standardized,dbs,IDR,SGD,IDR/SGD,100,SGD 50 – 200,amtBtw50And200,SGD 50 – 200,std_50_200,mainCurrencies,2026-08-29 06:00:11,2026-08-28 22:00:23,2026-08-28T22:30:14.733596+00:00,0.0074,,0.007176,,MAS,3.121516164994429,
standardized,dbs,IDR,SGD,IDR/SGD,100,SGD < 50,amtLessThan50,SGD < 50,std_lt_50,mainCurrencies,2026-08-29 06:00:11,2026-08-28 22:00:23,2026-08-28T22:30:14.733596+00:00,0.0074,,0.007176,,MAS,3.121516164994429,
standardized,dbs,IN0,SGD,IN0/SGD,100,SGD 50 – 200,amtBtw50And200,"SGD 200 – 39,999.99",std_200_40k,otherCurrencies,2026-08-29 06:00:11,2026-08-28 22:00:23,2026-08-28T22:30:14.733596+00:00,,1.3295,,,,,
standardized,dbs,IN0,SGD,IN0/SGD,100,SGD 50 – 200,amtBtw50And200,"SGD 40,000 – 100,000",std_40k_100k,otherCurrencies,2026-08-29 06:00:11,2026-08-28 22:00:23,2026-08-28T22:30:14.733596+00:00,,1.3295,,,,,
standardized,dbs,IN0,SGD,IN0/SGD,100,SGD 50 – 200,amtBtw50And200,SGD 50 – 200,std_50_200,otherCurrencies,2026-08-29 06:00:11,2026-08-28 22:00:23,2026-08-28T22:30:14.733596+00:00,,1.3295,,,,,
standardized,dbs,IN0,SGD,IN0/SGD,100,SGD < 50,amtLessThan50,SGD < 50,std_lt_50,otherCurrencies,2026-08-29 06:00:11,2026-08-28 22:00:23,2026-08-28T22:30:14.733596+00:00,,1.3295,,,,,
standardized,dbs,INR,SGD,INR/SGD,100,SGD 50 – 200,amtBtw50And200,"SGD 200 – 39,999.99",std_200_40k,otherCurrencies,2026-08-29 06:00:11,2026-08-28 22:00:23,2026-08-28T22:30:14.733596+00:00,1.3522,,1.3296,,MAS,1.6997593261131299,
standardized,dbs,INR,SGD,INR/SGD,100,SGD 50 – 200,amtBtw50And200,"SGD 40,000 – 100,000",std_40k_100k,otherCurrencies,2026-08-29 06:00:11,2026-08-28 22:00:23,2026-08-28T22:30:14.733596+00:00,1.3522,,1.3296,,MAS,1.6997593261131299,
standardized,dbs,INR,SGD,INR/SGD,100,SGD 50 – 200,amtBtw50And200,SGD 50 – 200,std_50_200,otherCurrencies,2026-08-29 06:00:11,2026-08-28 22:00:23,2026-08-28T22:30:14.733596+00:00,1.3522,,1.3296,,MAS,1.6997593261131299,
standardized,dbs,INR,SGD,INR/SGD,100,SGD < 50,amtLessThan50,SGD < 50,std_lt_50,otherCurrencies,2026-08-29 06:00:11,2026-08-28 22:00:23,2026-08-28T22:30:14.733596+00:00,1.363,,1.3296,,MAS,2.5120336943441712,
standardized,dbs,JPY,SGD,JPY/SGD,100,SGD 50 – 200,amtBtw50And200,"SGD 200 – 39,999.99",std_200_40k,mainCurrencies,2026-08-29 06:00:11,2026-08-28 22:00:23,2026-08-28T22:30:14.733596+00:00,0.805,0.7873,0.7968,0.79615,MAS,1.029116465863466,1.192269076305215
standardized,dbs,JPY,SGD,JPY/SGD,100,SGD 50 – 200,amtBtw50And200,"SGD 40,000 – 100,000",std_40k_100k,mainCurrencies,2026-08-29 06:00:11,2026-08-28 22:00:23,2026-08-28T22:30:14.733596+00:00,0.805,0.7873,0.7968,0.79615,MAS,1.029116465863466,1.192269076305215
standardized,dbs,JPY,SGD,JPY/SGD,100,SGD 50 – 200,amtBtw50And200,SGD 50 – 200,std_50_200,mainCurrencies,2026-08-29 06:00:11,2026-08-28 22:00:23,2026-08-28T22:30:14.733596+00:00,0.805,0.7873,0.7968,0.79615,MAS,1.029116465863466,1.192269076305215
standardized,dbs,JPY,SGD,JPY/SGD,100,SGD < 50,amtLessThan50,SGD < 50,std_lt_50,mainCurrencies,2026-08-29 06:00:11,2026-08-28 22:00:23,2026-08-28T22:30:14.733596+00:00,0.8058,0.7865,0.7968,0.7961499999999999,MAS,1.1295180722891576,1.2926706827309207
standardized,dbs,KRW,SGD,KRW/SGD,100,SGD 50 – 200,amtBtw50And200,"SGD 200 – 39,999.99",std_200_40k,otherCurrencies,2026-08-29 06:00:11,2026-08-28 22:00:23,2026-08-28T22:30:14.733596+00:00,0.0939,,0.0923,,MAS,1.7334777898158227,
standardized,dbs,KRW,SGD,KRW/SGD,100,SGD 50 – 200,amtBtw50And200,"SGD 40,000 – 100,000",std_40k_100k,otherCurrencies,2026-08-29 06:00:11,2026-08-28 22:00:23,2026-08-28T22:30:14.733596+00:00,0.0939,,0.0923,,MAS,1.7334777898158227,
standardized,dbs,KRW,SGD,KRW/SGD,100,SGD 50 – 200,amtBtw50And200,SGD 50 – 200,std_50_200,otherCurrencies,2026-08-29 06:00:11,2026-08-28 22:00:23,2026-08-28T22:30:14.733596+00:00,0.0939,,0.0923,,MAS,1.7334777898158227,
standardized,dbs,KRW,SGD,KRW/SGD,100,SGD < 50,amtLessThan50,SGD < 50,std_lt_50,otherCurrencies,2026-08-29 06:00:11,2026-08-28 22:00:23,2026-08-28T22:30:14.733596+00:00,0.0939,,0.0923,,MAS,1.7334777898158227,
standardized,dbs,KWD,SGD,KWD/SGD,100,SGD 50 – 200,amtBtw50And200,"SGD 200 – 39,999.99",std_200_40k,otherCurrencies,2026-08-29 06:00:11,2026-08-28 22:00:23,2026-08-28T22:30:14.733596+00:00,423.474,,,,,,
standardized,dbs,KWD,SGD,KWD/SGD,100,SGD 50 – 200,amtBtw50And200,"SGD 40,000 – 100,000",std_40k_100k,otherCurrencies,2026-08-29 06:00:11,2026-08-28 22:00:23,2026-08-28T22:30:14.733596+00:00,423.474,,,,,,
standardized,dbs,KWD,SGD,KWD/SGD,100,SGD 50 – 200,amtBtw50And200,SGD 50 – 200,std_50_200,otherCurrencies,2026-08-29 06:00:11,2026-08-28 22:00:23,2026-08-28T22:30:14.733596+00:00,423.474,,,,,,
standardized,dbs,KWD,SGD,KWD/SGD,100,SGD < 50,amtLessThan50,SGD < 50,std_lt_50,otherCurrencies,2026-08-29 06:00:11,2026-08-28 22:00:23,2026-08-28T22:30:14.733596+00:00,425.1441,,,,,,
standardized,dbs,LKR,SGD,LKR/SGD,100,SGD 50 – 200,amtBtw50And200,"SGD 200 – 39,999.99",std_200_40k,otherCurrencies,2026-08-29 06:00:11,2026-08-28 22:00:23,2026-08-28T22:30:14.733596+00:00,0.3966,,,,,,
standardized,dbs,LKR,SGD,LKR/SGD,100,SGD 50 – 200,amtBtw50And200,"SGD 40,000 – 100,000",std_40k_100k,otherCurrencies,2026-08-29 06:00:11,2026-08-28 22:00:23,2026-08-28T22:30:14.733596+00:00,0.3966,,,,,,
standardized,dbs,LKR,SGD,LKR/SGD,100,SGD 50 – 200,amtBtw50And200,SGD 50 – 200,std_50_200,otherCurrencies,2026-08-29 06:00:11,2026-08-28 22:00:23,2026-08-28T22:30:14.733596+00:00,0.3966,,,,,,
standardized,dbs,LKR,SGD,LKR/SGD,100,SGD < 50,amtLessThan50,SGD < 50,std_lt_50,otherCurrencies,2026-08-29 06:00:11,2026-08-28 22:00:23,2026-08-28T22:30:14.733596+00:00,0.3966,,,,,,
standardized,dbs,MM1,SGD,MM1/SGD,100,SGD 50 – 200,amtBtw50And200,"SGD 200 – 39,999.99",std_200_40k,otherCurrencies,2026-08-29 06:00:11,2026-08-28 22:00:23,2026-08-28T22:30:14.733596+00:00,,,,,,,
standardized,dbs,MM1,SGD,MM1/SGD,100,SGD 50 – 200,amtBtw50And200,"SGD 40,000 – 100,000",std_40k_100k,otherCurrencies,2026-08-29 06:00:11,2026-08-28 22:00:23,2026-08-28T22:30:14.733596+00:00,,,,,,,
standardized,dbs,MM1,SGD,MM1/SGD,100,SGD 50 – 200,amtBtw50And200,SGD 50 – 200,std_50_200,otherCurrencies,2026-08-29 06:00:11,2026-08-28 22:00:23,2026-08-28T22:30:14.733596+00:00,,,,,,,
standardized,dbs,MM1,SGD,MM1/SGD,100,SGD < 50,amtLessThan50,SGD < 50,std_lt_50,otherCurrencies,2026-08-29 06:00:11,2026-08-28 22:00:23,2026-08-28T22:30:14.733596+00:00,,,,,,,
standardized,dbs,MMK,SGD,MMK/SGD,100,SGD 50 – 200,amtBtw50And200,"SGD 200 – 39,999.99",std_200_40k,otherCurrencies,2026-08-29 06:00:11,2026-08-28 22:00:23,2026-08-28T22:30:14.733596+00:00,0.0326,,,,,,
standardized,dbs,MMK,SGD,MMK/SGD,100,SGD 50 – 200,amtBtw50And200,"SGD 40,000 – 100,000",std_40k_100k,otherCurrencies,2026-08-29 06:00:11,2026-08-28 22:00:23,2026-08-28T22:30:14.733596+00:00,0.0326,,,,,,
standardized,dbs,MMK,SGD,MMK/SGD,100,SGD 50 – 200,amtBtw50And200,SGD 50 – 200,std_50_200,otherCurrencies,2026-08-29 06:00:11,2026-08-28 22:00:23,2026-08-28T22:30:14.733596+00:00,0.0326,,,,,,
standardized,dbs,MMK,SGD,MMK/SGD,100,SGD < 50,amtLessThan50,SGD < 50,std_lt_50,otherCurrencies,2026-08-29 06:00:11,2026-08-28 22:00:23,2026-08-28T22:30:14.733596+00:00,0.0326,,,,,,
standardized,dbs,MUR,SGD,MUR/SGD,100,SGD 50 – 200,amtBtw50And200,"SGD 200 – 39,999.99",std_200_40k,otherCurrencies,2026-08-29 06:00:11,2026-08-28 22:00:23,2026-08-28T22:30:14.733596+00:00,2.7596,,,,,,
standardized,dbs,MUR,SGD,MUR/SGD,100,SGD 50 – 200,amtBtw50And200,"SGD 40,000 – 100,000",std_40k_100k,otherCurrencies,2026-08-29 06:00:11,2026-08-28 22:00:23,2026-08-28T22:30:14.733596+00:00,2.7596,,,,,,
standardized,dbs,MUR,SGD,MUR/SGD,100,SGD 50 – 200,amtBtw50And200,SGD 50 – 200,std_50_200,otherCurrencies,2026-08-29 06:00:11,2026-08-28 22:00:23,2026-08-28T22:30:14.733596+00:00,2.7596,,,,,,
standardized,dbs,MUR,SGD,MUR/SGD,100,SGD < 50,amtLessThan50,SGD < 50,std_lt_50,otherCurrencies,2026-08-29 06:00:11,2026-08-28 22:00:23,2026-08-28T22:30:14.733596+00:00,2.7705,,,,,,
standardized,dbs,MXN,SGD,MXN/SGD,100,SGD 50 – 200,amtBtw50And200,"SGD 200 – 39,999.99",std_200_40k,mainCurrencies,2026-08-29 06:00:11,2026-08-28 22:00:23,2026-08-28T22:30:14.733596+00:00,7.6189,,,,,,
standardized,dbs,MXN,SGD,MXN/SGD,100,SGD 50 – 200,amtBtw50And200,"SGD 40,000 – 100,000",std_40k_100k,mainCurrencies,2026-08-29 06:00:11,2026-08-28 22:00:23,2026-08-28T22:30:14.733596+00:00,7.6189,,,,,,
standardized,dbs,MXN,SGD,MXN/SGD,100,SGD 50 – 200,amtBtw50And200,SGD 50 – 200,std_50_200,mainCurrencies,2026-08-29 06:00:11,2026-08-28 22:00:23,2026-08-28T22:30:14.733596+00:00,7.6189,,,,,,
standardized,dbs,MXN,SGD,MXN/SGD,100,SGD < 50,amtLessThan50,SGD < 50,std_lt_50,mainCurrencies,2026-08-29 06:00:11,2026-08-28 22:00:23,2026-08-28T22:30:14.733596+00:00,7.6189,,,,,,
standardized,dbs,MY0,SGD,MY0/SGD,1,SGD 50 – 200,amtBtw50And200,"SGD 200 – 39,999.99",std_200_40k,otherCurrencies,2026-08-29 06:00:11,2026-08-28 22:00:23,2026-08-28T22:30:14.733596+00:00,,0.3158,,,,,
standardized,dbs,MY0,SGD,MY0/SGD,1,SGD 50 – 200,amtBtw50And200,"SGD 40,000 – 100,000",std_40k_100k,otherCurrencies,2026-08-29 06:00:11,2026-08-28 22:00:23,2026-08-28T22:30:14.733596+00:00,,0.3158,,,,,
standardized,dbs,MY0,SGD,MY0/SGD,1,SGD 50 – 200,amtBtw50And200,SGD 50 – 200,std_50_200,otherCurrencies,2026-08-29 06:00:11,2026-08-28 22:00:23,2026-08-28T22:30:14.733596+00:00,,0.3158,,,,,
standardized,dbs,MY0,SGD,MY0/SGD,1,SGD < 50,amtLessThan50,SGD < 50,std_lt_50,otherCurrencies,2026-08-29 06:00:11,2026-08-28 22:00:23,2026-08-28T22:30:14.733596+00:00,,0.3158,,,,,
standardized,dbs,MYR,SGD,MYR/SGD,1,SGD 50 – 200,amtBtw50And200,"SGD 200 – 39,999.99",std_200_40k,otherCurrencies,2026-08-29 06:00:11,2026-08-28 22:00:23,2026-08-28T22:30:14.733596+00:00,0.3201,,0.3155,,MAS,1.4580031695721056,
standardized,dbs,MYR,SGD,MYR/SGD,1,SGD 50 – 200,amtBtw50And200,"SGD 40,000 – 100,000",std_40k_100k,otherCurrencies,2026-08-29 06:00:11,2026-08-28 22:00:23,2026-08-28T22:30:14.733596+00:00,0.3201,,0.3155,,MAS,1.4580031695721056,
standardized,dbs,MYR,SGD,MYR/SGD,1,SGD 50 – 200,amtBtw50And200,SGD 50 – 200,std_50_200,otherCurrencies,2026-08-29 06:00:11,2026-08-28 22:00:23,2026-08-28T22:30:14.733596+00:00,0.3201,,0.3155,,MAS,1.4580031695721056,
standardized,dbs,MYR,SGD,MYR/SGD,1,SGD < 50,amtLessThan50,SGD < 50,std_lt_50,otherCurrencies,2026-08-29 06:00:11,2026-08-28 22:00:23,2026-08-28T22:30:14.733596+00:00,0.3201,,0.3155,,MAS,1.4580031695721056,
standardized,dbs,NOK,SGD,NOK/SGD,1,SGD 50 – 200,amtBtw50And200,"SGD 200 – 39,999.99",std_200_40k,mainCurrencies,2026-08-29 06:00:11,2026-08-28 22:00:23,2026-08-28T22:30:14.733596+00:00,0.138,0.1339,,0.13595000000000002,,,
standardized,dbs,NOK,SGD,NOK/SGD,1,SGD 50 – 200,amtBtw50And200,"SGD 40,000 – 100,000",std_40k_100k,mainCurrencies,2026-08-29 06:00:11,2026-08-28 22:00:23,2026-08-28T22:30:14.733596+00:00,0.138,0.1339,,0.13595000000000002,,,
standardized,dbs,NOK,SGD,NOK/SGD,1,SGD 50 – 200,amtBtw50And200,SGD 50 – 200,std_50_200,mainCurrencies,2026-08-29 06:00:11,2026-08-28 22:00:23,2026-08-28T22:30:14.733596+00:00,0.138,0.1339,,0.13595000000000002,,,
standardized,dbs,NOK,SGD,NOK/SGD,1,SGD < 50,amtLessThan50,SGD < 50,std_lt_50,mainCurrencies,2026-08-29 06:00:11,2026-08-28 22:00:23,2026-08-28T22:30:14.733596+00:00,0.1384,0.1335,,0.13595000000000002,,,
standardized,dbs,NZD,SGD,NZD/SGD,1,SGD 50 – 200,amtBtw50And200,"SGD 200 – 39,999.99",std_200_40k,mainCurrencies,2026-08-29 06:00:11,2026-08-28 22:00:23,2026-08-28T22:30:14.733596+00:00,0.7635,0.744,0.7576,0.7537499999999999,MAS,0.7787750791974531,1.7951425554382332
standardized,dbs,NZD,SGD,NZD/SGD,1,SGD 50 – 200,amtBtw50And200,"SGD 40,000 – 100,000",std_40k_100k,mainCurrencies,2026-08-29 06:00:11,2026-08-28 22:00:23,2026-08-28T22:30:14.733596+00:00,0.7635,0.744,0.7576,0.7537499999999999,MAS,0.7787750791974531,1.7951425554382332
standardized,dbs,NZD,SGD,NZD/SGD,1,SGD 50 – 200,amtBtw50And200,SGD 50 – 200,std_50_200,mainCurrencies,2026-08-29 06:00:11,2026-08-28 22:00:23,2026-08-28T22:30:14.733596+00:00,0.7635,0.744,0.7576,0.7537499999999999,MAS,0.7787750791974531,1.7951425554382332
standardized,dbs,NZD,SGD,NZD/SGD,1,SGD < 50,amtLessThan50,SGD < 50,std_lt_50,mainCurrencies,2026-08-29 06:00:11,2026-08-28 22:00:23,2026-08-28T22:30:14.733596+00:00,0.7643,0.7432,0.7576,0.7537499999999999,MAS,0.8843717001055872,1.9007391763463672
standardized,dbs,OMR,SGD,OMR/SGD,1,SGD 50 – 200,amtBtw50And200,"SGD 200 – 39,999.99",std_200_40k,otherCurrencies,2026-08-29 06:00:11,2026-08-28 22:00:23,2026-08-28T22:30:14.733596+00:00,3.3369,,,,,,
standardized,dbs,OMR,SGD,OMR/SGD,1,SGD 50 – 200,amtBtw50And200,"SGD 40,000 – 100,000",std_40k_100k,otherCurrencies,2026-08-29 06:00:11,2026-08-28 22:00:23,2026-08-28T22:30:14.733596+00:00,3.3369,,,,,,
standardized,dbs,OMR,SGD,OMR/SGD,1,SGD 50 – 200,amtBtw50And200,SGD 50 – 200,std_50_200,otherCurrencies,2026-08-29 06:00:11,2026-08-28 22:00:23,2026-08-28T22:30:14.733596+00:00,3.3369,,,,,,
standardized,dbs,OMR,SGD,OMR/SGD,1,SGD < 50,amtLessThan50,SGD < 50,std_lt_50,otherCurrencies,2026-08-29 06:00:11,2026-08-28 22:00:23,2026-08-28T22:30:14.733596+00:00,3.3369,,,,,,
standardized,dbs,PH0,SGD,PH0/SGD,100,SGD 50 – 200,amtBtw50And200,"SGD 200 – 39,999.99",std_200_40k,otherCurrencies,2026-08-29 06:00:11,2026-08-28 22:00:23,2026-08-28T22:30:14.733596+00:00,,2.0374,,,,,
standardized,dbs,PH0,SGD,PH0/SGD,100,SGD 50 – 200,amtBtw50And200,"SGD 40,000 – 100,000",std_40k_100k,otherCurrencies,2026-08-29 06:00:11,2026-08-28 22:00:23,2026-08-28T22:30:14.733596+00:00,,2.0374,,,,,
standardized,dbs,PH0,SGD,PH0/SGD,100,SGD 50 – 200,amtBtw50And200,SGD 50 – 200,std_50_200,otherCurrencies,2026-08-29 06:00:11,2026-08-28 22:00:23,2026-08-28T22:30:14.733596+00:00,,2.0374,,,,,
standardized,dbs,PH0,SGD,PH0/SGD,100,SGD < 50,amtLessThan50,SGD < 50,std_lt_50,otherCurrencies,2026-08-29 06:00:11,2026-08-28 22:00:23,2026-08-28T22:30:14.733596+00:00,,2.0374,,,,,
standardized,dbs,PHP,SGD,PHP/SGD,100,SGD 50 – 200,amtBtw50And200,"SGD 200 – 39,999.99",std_200_40k,otherCurrencies,2026-08-29 06:00:11,2026-08-28 22:00:23,2026-08-28T22:30:14.733596+00:00,2.0744,,2.0421,,MAS,1.5817051074873794,
standardized,dbs,PHP,SGD,PHP/SGD,100,SGD 50 – 200,amtBtw50And200,"SGD 40,000 – 100,000",std_40k_100k,otherCurrencies,2026-08-29 06:00:11,2026-08-28 22:00:23,2026-08-28T22:30:14.733596+00:00,2.0744,,2.0421,,MAS,1.5817051074873794,
standardized,dbs,PHP,SGD,PHP/SGD,100,SGD 50 – 200,amtBtw50And200,SGD 50 – 200,std_50_200,otherCurrencies,2026-08-29 06:00:11,2026-08-28 22:00:23,2026-08-28T22:30:14.733596+00:00,2.0744,,2.0421,,MAS,1.5817051074873794,
standardized,dbs,PHP,SGD,PHP/SGD,100,SGD < 50,amtLessThan50,SGD < 50,std_lt_50,otherCurrencies,2026-08-29 06:00:11,2026-08-28 22:00:23,2026-08-28T22:30:14.733596+00:00,2.09,,2.0421,,MAS,2.345624602125255,
standardized,dbs,PLN,SGD,PLN/SGD,1,SGD 50 – 200,amtBtw50And200,"SGD 200 – 39,999.99",std_200_40k,otherCurrencies,2026-08-29 06:00:11,2026-08-28 22:00:23,2026-08-28T22:30:14.733596+00:00,0.3492,,,,,,
standardized,dbs,PLN,SGD,PLN/SGD,1,SGD 50 – 200,amtBtw50And200,"SGD 40,000 – 100,000",std_40k_100k,otherCurrencies,2026-08-29 06:00:11,2026-08-28 22:00:23,2026-08-28T22:30:14.733596+00:00,0.3492,,,,,,
standardized,dbs,PLN,SGD,PLN/SGD,1,SGD 50 – 200,amtBtw50And200,SGD 50 – 200,std_50_200,otherCurrencies,2026-08-29 06:00:11,2026-08-28 22:00:23,2026-08-28T22:30:14.733596+00:00,0.3492,,,,,,
standardized,dbs,PLN,SGD,PLN/SGD,1,SGD < 50,amtLessThan50,SGD < 50,std_lt_50,otherCurrencies,2026-08-29 06:00:11,2026-08-28 22:00:23,2026-08-28T22:30:14.733596+00:00,0.3506,,,,,,
standardized,dbs,QAR,SGD,QAR/SGD,1,SGD 50 – 200,amtBtw50And200,"SGD 200 – 39,999.99",std_200_40k,otherCurrencies,2026-08-29 06:00:11,2026-08-28 22:00:23,2026-08-28T22:30:14.733596+00:00,0.3577,,0.34850000000000003,,MAS,2.6398852223816314,
standardized,dbs,QAR,SGD,QAR/SGD,1,SGD 50 – 200,amtBtw50And200,"SGD 40,000 – 100,000",std_40k_100k,otherCurrencies,2026-08-29 06:00:11,2026-08-28 22:00:23,2026-08-28T22:30:14.733596+00:00,0.3577,,0.34850000000000003,,MAS,2.6398852223816314,
standardized,dbs,QAR,SGD,QAR/SGD,1,SGD 50 – 200,amtBtw50And200,SGD 50 – 200,std_50_200,otherCurrencies,2026-08-29 06:00:11,2026-08-28 22:00:23,2026-08-28T22:30:14.733596+00:00,0.3577,,0.34850000000000003,,MAS,2.6398852223816314,
standardized,dbs,QAR,SGD,QAR/SGD,1,SGD < 50,amtLessThan50,SGD < 50,std_lt_50,otherCurrencies,2026-08-29 06:00:11,2026-08-28 22:00:23,2026-08-28T22:30:14.733596+00:00,0.3592,,0.34850000000000003,,MAS,3.0703012912482026,
standardized,dbs,RUB,SGD,RUB/SGD,100,SGD 50 – 200,amtBtw50And200,"SGD 200 – 39,999.99",std_200_40k,mainCurrencies,2026-08-29 06:00:11,2026-08-28 22:00:23,2026-08-28T22:30:14.733596+00:00,,,,,,,
standardized,dbs,RUB,SGD,RUB/SGD,100,SGD 50 – 200,amtBtw50And200,"SGD 40,000 – 100,000",std_40k_100k,mainCurrencies,2026-08-29 06:00:11,2026-08-28 22:00:23,2026-08-28T22:30:14.733596+00:00,,,,,,,
standardized,dbs,RUB,SGD,RUB/SGD,100,SGD 50 – 200,amtBtw50And200,SGD 50 – 200,std_50_200,mainCurrencies,2026-08-29 06:00:11,2026-08-28 22:00:23,2026-08-28T22:30:14.733596+00:00,,,,,,,
standardized,dbs,RUB,SGD,RUB/SGD,100,SGD < 50,amtLessThan50,SGD < 50,std_lt_50,mainCurrencies,2026-08-29 06:00:11,2026-08-28 22:00:23,2026-08-28T22:30:14.733596+00:00,,,,,,,
standardized,dbs,SAR,SGD,SAR/SGD,100,SGD 50 – 200,amtBtw50And200,"SGD 200 – 39,999.99",std_200_40k,otherCurrencies,2026-08-29 06:00:11,2026-08-28 22:00:23,2026-08-28T22:30:14.733596+00:00,34.4156,,33.84,,MAS,1.7009456264775247,
standardized,dbs,SAR,SGD,SAR/SGD,100,SGD 50 – 200,amtBtw50And200,"SGD 40,000 – 100,000",std_40k_100k,otherCurrencies,2026-08-29 06:00:11,2026-08-28 22:00:23,2026-08-28T22:30:14.733596+00:00,34.4156,,33.84,,MAS,1.7009456264775247,
standardized,dbs,SAR,SGD,SAR/SGD,100,SGD 50 – 200,amtBtw50And200,SGD 50 – 200,std_50_200,otherCurrencies,2026-08-29 06:00:11,2026-08-28 22:00:23,2026-08-28T22:30:14.733596+00:00,34.4156,,33.84,,MAS,1.7009456264775247,
standardized,dbs,SAR,SGD,SAR/SGD,100,SGD < 50,amtLessThan50,SGD < 50,std_lt_50,otherCurrencies,2026-08-29 06:00:11,2026-08-28 22:00:23,2026-08-28T22:30:14.733596+00:00,34.4156,,33.84,,MAS,1.7009456264775247,
standardized,dbs,SEK,SGD,SEK/SGD,1,SGD 50 – 200,amtBtw50And200,"SGD 200 – 39,999.99",std_200_40k,mainCurrencies,2026-08-29 06:00:11,2026-08-28 22:00:23,2026-08-28T22:30:14.733596+00:00,0.1346,0.1307,,0.13265,,,
standardized,dbs,SEK,SGD,SEK/SGD,1,SGD 50 – 200,amtBtw50And200,"SGD 40,000 – 100,000",std_40k_100k,mainCurrencies,2026-08-29 06:00:11,2026-08-28 22:00:23,2026-08-28T22:30:14.733596+00:00,0.1346,0.1307,,0.13265,,,
standardized,dbs,SEK,SGD,SEK/SGD,1,SGD 50 – 200,amtBtw50And200,SGD 50 – 200,std_50_200,mainCurrencies,2026-08-29 06:00:11,2026-08-28 22:00:23,2026-08-28T22:30:14.733596+00:00,0.1346,0.1307,,0.13265,,,
standardized,dbs,SEK,SGD,SEK/SGD,1,SGD < 50,amtLessThan50,SGD < 50,std_lt_50,mainCurrencies,2026-08-29 06:00:11,2026-08-28 22:00:23,2026-08-28T22:30:14.733596+00:00,0.1351,0.1302,,0.13265,,,
standardized,dbs,THB,SGD,THB/SGD,100,SGD 50 – 200,amtBtw50And200,"SGD 200 – 39,999.99",std_200_40k,mainCurrencies,2026-08-29 06:00:11,2026-08-28 22:00:23,2026-08-28T22:30:14.733596+00:00,3.9177,3.7858,3.8502,3.85175,MAS,1.753155680224401,1.672640382317802
standardized,dbs,THB,SGD,THB/SGD,100,SGD 50 – 200,amtBtw50And200,"SGD 40,000 – 100,000",std_40k_100k,mainCurrencies,2026-08-29 06:00:11,2026-08-28 22:00:23,2026-08-28T22:30:14.733596+00:00,3.9177,3.7858,3.8502,3.85175,MAS,1.753155680224401,1.672640382317802
standardized,dbs,THB,SGD,THB/SGD,100,SGD 50 – 200,amtBtw50And200,SGD 50 – 200,std_50_200,mainCurrencies,2026-08-29 06:00:11,2026-08-28 22:00:23,2026-08-28T22:30:14.733596+00:00,3.9177,3.7858,3.8502,3.85175,MAS,1.753155680224401,1.672640382317802
standardized,dbs,THB,SGD,THB/SGD,100,SGD < 50,amtLessThan50,SGD < 50,std_lt_50,mainCurrencies,2026-08-29 06:00:11,2026-08-28 22:00:23,2026-08-28T22:30:14.733596+00:00,3.922,3.7816,3.8502,3.8518,MAS,1.8648381902238866,1.7817256246428756
standardized,dbs,TND,SGD,TND/SGD,1,SGD 50 – 200,amtBtw50And200,"SGD 200 – 39,999.99",std_200_40k,otherCurrencies,2026-08-29 06:00:11,2026-08-28 22:00:23,2026-08-28T22:30:14.733596+00:00,0.4485,,,,,,
standardized,dbs,TND,SGD,TND/SGD,1,SGD 50 – 200,amtBtw50And200,"SGD 40,000 – 100,000",std_40k_100k,otherCurrencies,2026-08-29 06:00:11,2026-08-28 22:00:23,2026-08-28T22:30:14.733596+00:00,0.4485,,,,,,
standardized,dbs,TND,SGD,TND/SGD,1,SGD 50 – 200,amtBtw50And200,SGD 50 – 200,std_50_200,otherCurrencies,2026-08-29 06:00:11,2026-08-28 22:00:23,2026-08-28T22:30:14.733596+00:00,0.4485,,,,,,
standardized,dbs,TND,SGD,TND/SGD,1,SGD < 50,amtLessThan50,SGD < 50,std_lt_50,otherCurrencies,2026-08-29 06:00:11,2026-08-28 22:00:23,2026-08-28T22:30:14.733596+00:00,0.4485,,,,,,
standardized,dbs,TWD,SGD,TWD/SGD,100,SGD 50 – 200,amtBtw50And200,"SGD 200 – 39,999.99",std_200_40k,otherCurrencies,2026-08-29 06:00:11,2026-08-28 22:00:23,2026-08-28T22:30:14.733596+00:00,4.0848,,4.0203,,MAS,1.604357883740036,
standardized,dbs,TWD,SGD,TWD/SGD,100,SGD 50 – 200,amtBtw50And200,"SGD 40,000 – 100,000",std_40k_100k,otherCurrencies,2026-08-29 06:00:11,2026-08-28 22:00:23,2026-08-28T22:30:14.733596+00:00,4.0848,,4.0203,,MAS,1.604357883740036,
standardized,dbs,TWD,SGD,TWD/SGD,100,SGD 50 – 200,amtBtw50And200,SGD 50 – 200,std_50_200,otherCurrencies,2026-08-29 06:00:11,2026-08-28 22:00:23,2026-08-28T22:30:14.733596+00:00,4.0848,,4.0203,,MAS,1.604357883740036,
standardized,dbs,TWD,SGD,TWD/SGD,100,SGD < 50,amtLessThan50,SGD < 50,std_lt_50,otherCurrencies,2026-08-29 06:00:11,2026-08-28 22:00:23,2026-08-28T22:30:14.733596+00:00,4.0888,,4.0203,,MAS,1.7038529462975456,
standardized,dbs,USD,SGD,USD/SGD,1,SGD 50 – 200,amtBtw50And200,"SGD 200 – 39,999.99",std_200_40k,mainCurrencies,2026-08-29 06:00:11,2026-08-28 22:00:23,2026-08-28T22:30:14.733596+00:00,1.2864,1.2635,1.2706,1.27495,MAS,1.2435070045647754,0.5587911223044141
standardized,dbs,USD,SGD,USD/SGD,1,SGD 50 – 200,amtBtw50And200,"SGD 40,000 – 100,000",std_40k_100k,mainCurrencies,2026-08-29 06:00:11,2026-08-28 22:00:23,2026-08-28T22:30:14.733596+00:00,1.2864,1.2635,1.2706,1.27495,MAS,1.2435070045647754,0.5587911223044141
standardized,dbs,USD,SGD,USD/SGD,1,SGD 50 – 200,amtBtw50And200,SGD 50 – 200,std_50_200,mainCurrencies,2026-08-29 06:00:11,2026-08-28 22:00:23,2026-08-28T22:30:14.733596+00:00,1.2864,1.2635,1.2706,1.27495,MAS,1.2435070045647754,0.5587911223044141
standardized,dbs,USD,SGD,USD/SGD,1,SGD < 50,amtLessThan50,SGD < 50,std_lt_50,mainCurrencies,2026-08-29 06:00:11,2026-08-28 22:00:23,2026-08-28T22:30:14.733596+00:00,1.2873,1.2626,1.2706,1.27495,MAS,1.3143396820399937,0.6296237997796322
standardized,dbs,VND,SGD,VND/SGD,100,SGD 50 – 200,amtBtw50And200,"SGD 200 – 39,999.99",std_200_40k,otherCurrencies,2026-08-29 06:00:11,2026-08-28 22:00:23,2026-08-28T22:30:14.733596+00:00,0.005,,0.00487,,MAS,2.669404517453797,
standardized,dbs,VND,SGD,VND/SGD,100,SGD 50 – 200,amtBtw50And200,"SGD 40,000 – 100,000",std_40k_100k,otherCurrencies,2026-08-29 06:00:11,2026-08-28 22:00:23,2026-08-28T22:30:14.733596+00:00,0.005,,0.00487,,MAS,2.669404517453797,
standardized,dbs,VND,SGD,VND/SGD,100,SGD 50 – 200,amtBtw50And200,SGD 50 – 200,std_50_200,otherCurrencies,2026-08-29 06:00:11,2026-08-28 22:00:23,2026-08-28T22:30:14.733596+00:00,0.005,,0.00487,,MAS,2.669404517453797,
standardized,dbs,VND,SGD,VND/SGD,100,SGD < 50,amtLessThan50,SGD < 50,std_lt_50,otherCurrencies,2026-08-29 06:00:11,2026-08-28 22:00:23,2026-08-28T22:30:14.733596+00:00,0.005,,0.00487,,MAS,2.669404517453797,
standardized,dbs,XAU,SGD,XAU/SGD,1,SGD 50 – 200,amtBtw50And200,"SGD 200 – 39,999.99",std_200_40k,otherCurrencies,2026-08-29 06:00:11,2026-08-28 22:00:23,2026-08-28T22:30:14.733596+00:00,5717.153,5636.878,,5677.0154999999995,,,
standardized,dbs,XAU,SGD,XAU/SGD,1,SGD 50 – 200,amtBtw50And200,"SGD 40,000 – 100,000",std_40k_100k,otherCurrencies,2026-08-29 06:00:11,2026-08-28 22:00:23,2026-08-28T22:30:14.733596+00:00,5717.153,5636.878,,5677.0154999999995,,,
standardized,dbs,XAU,SGD,XAU/SGD,1,SGD 50 – 200,amtBtw50And200,SGD 50 – 200,std_50_200,otherCurrencies,2026-08-29 06:00:11,2026-08-28 22:00:23,2026-08-28T22:30:14.733596+00:00,5717.153,5636.878,,5677.0154999999995,,,
standardized,dbs,XAU,SGD,XAU/SGD,1,SGD < 50,amtLessThan50,SGD < 50,std_lt_50,otherCurrencies,2026-08-29 06:00:11,2026-08-28 22:00:23,2026-08-28T22:30:14.733596+00:00,5717.153,5636.878,,5677.0154999999995,,,
standardized,dbs,ZAR,SGD,ZAR/SGD,1,SGD 50 – 200,amtBtw50And200,"SGD 200 – 39,999.99",std_200_40k,otherCurrencies,2026-08-29 06:00:11,2026-08-28 22:00:23,2026-08-28T22:30:14.733596+00:00,0.0799,0.0777,,0.07880000000000001,,,
standardized,dbs,ZAR,SGD,ZAR/SGD,1,SGD 50 – 200,amtBtw50And200,"SGD 40,000 – 100,000",std_40k_100k,otherCurrencies,2026-08-29 06:00:11,2026-08-28 22:00:23,2026-08-28T22:30:14.733596+00:00,0.0799,0.0777,,0.07880000000000001,,,
standardized,dbs,ZAR,SGD,ZAR/SGD,1,SGD 50 – 200,amtBtw50And200,SGD 50 – 200,std_50_200,otherCurrencies,2026-08-29 06:00:11,2026-08-28 22:00:23,2026-08-28T22:30:14.733596+00:00,0.0799,0.0777,,0.07880000000000001,,,
standardized,dbs,ZAR,SGD,ZAR/SGD,1,SGD < 50,amtLessThan50,SGD < 50,std_lt_50,otherCurrencies,2026-08-29 06:00:11,2026-08-28 22:00:23,2026-08-28T22:30:14.733596+00:00,0.0802,0.0773,,0.07874999999999999,,,
standardized,hsbc,AED,SGD,AED/SGD,100,Indicative board,board,"SGD 200 – 39,999.99",std_200_40k,indicative_fx,2026-8-28,2026-8-28,2026-08-28T22:30:18.748942+00:00,35.74,33.48,34.59,34.61,MAS,3.3246603064469458,3.2090199479618575
standardized,hsbc,AED,SGD,AED/SGD,100,Indicative board,board,"SGD 40,000 – 100,000",std_40k_100k,indicative_fx,2026-8-28,2026-8-28,2026-08-28T22:30:18.748942+00:00,35.74,33.48,34.59,34.61,MAS,3.3246603064469458,3.2090199479618575
standardized,hsbc,AED,SGD,AED/SGD,100,Indicative board,board,SGD 50 – 200,std_50_200,indicative_fx,2026-8-28,2026-8-28,2026-08-28T22:30:18.748942+00:00,35.74,33.48,34.59,34.61,MAS,3.3246603064469458,3.2090199479618575
standardized,hsbc,AED,SGD,AED/SGD,100,Indicative board,board,SGD < 50,std_lt_50,indicative_fx,2026-8-28,2026-8-28,2026-08-28T22:30:18.748942+00:00,35.74,33.48,34.59,34.61,MAS,3.3246603064469458,3.2090199479618575
standardized,hsbc,AUD,SGD,AUD/SGD,1,Indicative board,board,"SGD 200 – 39,999.99",std_200_40k,indicative_fx,2026-8-28,2026-8-28,2026-08-28T22:30:18.748942+00:00,0.9424,0.8874,0.9148999999999999,0.9149,MAS,3.0057929828396635,3.0057929828396515
standardized,hsbc,AUD,SGD,AUD/SGD,1,Indicative board,board,"SGD 40,000 – 100,000",std_40k_100k,indicative_fx,2026-8-28,2026-8-28,2026-08-28T22:30:18.748942+00:00,0.9424,0.8874,0.9148999999999999,0.9149,MAS,3.0057929828396635,3.0057929828396515
standardized,hsbc,AUD,SGD,AUD/SGD,1,Indicative board,board,SGD 50 – 200,std_50_200,indicative_fx,2026-8-28,2026-8-28,2026-08-28T22:30:18.748942+00:00,0.9424,0.8874,0.9148999999999999,0.9149,MAS,3.0057929828396635,3.0057929828396515
standardized,hsbc,AUD,SGD,AUD/SGD,1,Indicative board,board,SGD < 50,std_lt_50,indicative_fx,2026-8-28,2026-8-28,2026-08-28T22:30:18.748942+00:00,0.9424,0.8874,0.9148999999999999,0.9149,MAS,3.0057929828396635,3.0057929828396515
standardized,hsbc,CAD,SGD,CAD/SGD,1,Indicative board,board,"SGD 200 – 39,999.99",std_200_40k,indicative_fx,2026-8-28,2026-8-28,2026-08-28T22:30:18.748942+00:00,0.9453,0.8901,0.9173,0.9177,MAS,3.0524364984192767,2.965224027035866
standardized,hsbc,CAD,SGD,CAD/SGD,1,Indicative board,board,"SGD 40,000 – 100,000",std_40k_100k,indicative_fx,2026-8-28,2026-8-28,2026-08-28T22:30:18.748942+00:00,0.9453,0.8901,0.9173,0.9177,MAS,3.0524364984192767,2.965224027035866
standardized,hsbc,CAD,SGD,CAD/SGD,1,Indicative board,board,SGD 50 – 200,std_50_200,indicative_fx,2026-8-28,2026-8-28,2026-08-28T22:30:18.748942+00:00,0.9453,0.8901,0.9173,0.9177,MAS,3.0524364984192767,2.965224027035866
standardized,hsbc,CAD,SGD,CAD/SGD,1,Indicative board,board,SGD < 50,std_lt_50,indicative_fx,2026-8-28,2026-8-28,2026-08-28T22:30:18.748942+00:00,0.9453,0.8901,0.9173,0.9177,MAS,3.0524364984192767,2.965224027035866
standardized,hsbc,CHF,SGD,CHF/SGD,100,Indicative board,board,"SGD 200 – 39,999.99",std_200_40k,indicative_fx,2026-8-28,2026-8-28,2026-08-28T22:30:18.748942+00:00,162.82,153.3,157.88,158.06,MAS,3.1289587028122607,2.900937420825934
standardized,hsbc,CHF,SGD,CHF/SGD,100,Indicative board,board,"SGD 40,000 – 100,000",std_40k_100k,indicative_fx,2026-8-28,2026-8-28,2026-08-28T22:30:18.748942+00:00,162.82,153.3,157.88,158.06,MAS,3.1289587028122607,2.900937420825934
standardized,hsbc,CHF,SGD,CHF/SGD,100,Indicative board,board,SGD 50 – 200,std_50_200,indicative_fx,2026-8-28,2026-8-28,2026-08-28T22:30:18.748942+00:00,162.82,153.3,157.88,158.06,MAS,3.1289587028122607,2.900937420825934
standardized,hsbc,CHF,SGD,CHF/SGD,100,Indicative board,board,SGD < 50,std_lt_50,indicative_fx,2026-8-28,2026-8-28,2026-08-28T22:30:18.748942+00:00,162.82,153.3,157.88,158.06,MAS,3.1289587028122607,2.900937420825934
standardized,hsbc,CNY,SGD,CNY/SGD,100,Indicative board,board,"SGD 200 – 39,999.99",std_200_40k,indicative_fx,2026-8-28,2026-8-28,2026-08-28T22:30:18.748942+00:00,19.53,18.3,18.9,18.915,MAS,3.3333333333333472,3.1746031746031633
standardized,hsbc,CNY,SGD,CNY/SGD,100,Indicative board,board,"SGD 40,000 – 100,000",std_40k_100k,indicative_fx,2026-8-28,2026-8-28,2026-08-28T22:30:18.748942+00:00,19.53,18.3,18.9,18.915,MAS,3.3333333333333472,3.1746031746031633
standardized,hsbc,CNY,SGD,CNY/SGD,100,Indicative board,board,SGD 50 – 200,std_50_200,indicative_fx,2026-8-28,2026-8-28,2026-08-28T22:30:18.748942+00:00,19.53,18.3,18.9,18.915,MAS,3.3333333333333472,3.1746031746031633
standardized,hsbc,CNY,SGD,CNY/SGD,100,Indicative board,board,SGD < 50,std_lt_50,indicative_fx,2026-8-28,2026-8-28,2026-08-28T22:30:18.748942+00:00,19.53,18.3,18.9,18.915,MAS,3.3333333333333472,3.1746031746031633
standardized,hsbc,DKK,SGD,DKK/SGD,100,Indicative board,board,"SGD 200 – 39,999.99",std_200_40k,indicative_fx,2026-8-28,2026-8-28,2026-08-28T22:30:18.748942+00:00,20.41,19.22,,19.814999999999998,,,
standardized,hsbc,DKK,SGD,DKK/SGD,100,Indicative board,board,"SGD 40,000 – 100,000",std_40k_100k,indicative_fx,2026-8-28,2026-8-28,2026-08-28T22:30:18.748942+00:00,20.41,19.22,,19.814999999999998,,,
standardized,hsbc,DKK,SGD,DKK/SGD,100,Indicative board,board,SGD 50 – 200,std_50_200,indicative_fx,2026-8-28,2026-8-28,2026-08-28T22:30:18.748942+00:00,20.41,19.22,,19.814999999999998,,,
standardized,hsbc,DKK,SGD,DKK/SGD,100,Indicative board,board,SGD < 50,std_lt_50,indicative_fx,2026-8-28,2026-8-28,2026-08-28T22:30:18.748942+00:00,20.41,19.22,,19.814999999999998,,,
standardized,hsbc,EUR,SGD,EUR/SGD,1,Indicative board,board,"SGD 200 – 39,999.99",std_200_40k,indicative_fx,2026-8-28,2026-8-28,2026-08-28T22:30:18.748942+00:00,1.5256,1.4365,1.4797,1.4810500000000002,MAS,3.1019801311076605,2.9195107116307293
standardized,hsbc,EUR,SGD,EUR/SGD,1,Indicative board,board,"SGD 40,000 – 100,000",std_40k_100k,indicative_fx,2026-8-28,2026-8-28,2026-08-28T22:30:18.748942+00:00,1.5256,1.4365,1.4797,1.4810500000000002,MAS,3.1019801311076605,2.9195107116307293
standardized,hsbc,EUR,SGD,EUR/SGD,1,Indicative board,board,SGD 50 – 200,std_50_200,indicative_fx,2026-8-28,2026-8-28,2026-08-28T22:30:18.748942+00:00,1.5256,1.4365,1.4797,1.4810500000000002,MAS,3.1019801311076605,2.9195107116307293
standardized,hsbc,EUR,SGD,EUR/SGD,1,Indicative board,board,SGD < 50,std_lt_50,indicative_fx,2026-8-28,2026-8-28,2026-08-28T22:30:18.748942+00:00,1.5256,1.4365,1.4797,1.4810500000000002,MAS,3.1019801311076605,2.9195107116307293
standardized,hsbc,FJD,SGD,FJD/SGD,1,Indicative board,board,"SGD 200 – 39,999.99",std_200_40k,indicative_fx,2026-8-28,2026-8-28,2026-08-28T22:30:18.748942+00:00,0.6062,,,,,,
standardized,hsbc,FJD,SGD,FJD/SGD,1,Indicative board,board,"SGD 40,000 – 100,000",std_40k_100k,indicative_fx,2026-8-28,2026-8-28,2026-08-28T22:30:18.748942+00:00,0.6062,,,,,,
standardized,hsbc,FJD,SGD,FJD/SGD,1,Indicative board,board,SGD 50 – 200,std_50_200,indicative_fx,2026-8-28,2026-8-28,2026-08-28T22:30:18.748942+00:00,0.6062,,,,,,
standardized,hsbc,FJD,SGD,FJD/SGD,1,Indicative board,board,SGD < 50,std_lt_50,indicative_fx,2026-8-28,2026-8-28,2026-08-28T22:30:18.748942+00:00,0.6062,,,,,,
standardized,hsbc,GBP,SGD,GBP/SGD,1,Indicative board,board,"SGD 200 – 39,999.99",std_200_40k,indicative_fx,2026-8-28,2026-8-28,2026-08-28T22:30:18.748942+00:00,1.7797,1.6757,1.7267,1.7277,MAS,3.0694388139225204,2.953610934151847
standardized,hsbc,GBP,SGD,GBP/SGD,1,Indicative board,board,"SGD 40,000 – 100,000",std_40k_100k,indicative_fx,2026-8-28,2026-8-28,2026-08-28T22:30:18.748942+00:00,1.7797,1.6757,1.7267,1.7277,MAS,3.0694388139225204,2.953610934151847
standardized,hsbc,GBP,SGD,GBP/SGD,1,Indicative board,board,SGD 50 – 200,std_50_200,indicative_fx,2026-8-28,2026-8-28,2026-08-28T22:30:18.748942+00:00,1.7797,1.6757,1.7267,1.7277,MAS,3.0694388139225204,2.953610934151847
standardized,hsbc,GBP,SGD,GBP/SGD,1,Indicative board,board,SGD < 50,std_lt_50,indicative_fx,2026-8-28,2026-8-28,2026-08-28T22:30:18.748942+00:00,1.7797,1.6757,1.7267,1.7277,MAS,3.0694388139225204,2.953610934151847
standardized,hsbc,HKD,SGD,HKD/SGD,100,Indicative board,board,"SGD 200 – 39,999.99",std_200_40k,indicative_fx,2026-8-28,2026-8-28,2026-08-28T22:30:18.748942+00:00,16.42,16.01,16.21,16.215000000000003,MAS,1.295496607032701,1.233806292412087
standardized,hsbc,HKD,SGD,HKD/SGD,100,Indicative board,board,"SGD 40,000 – 100,000",std_40k_100k,indicative_fx,2026-8-28,2026-8-28,2026-08-28T22:30:18.748942+00:00,16.42,16.01,16.21,16.215000000000003,MAS,1.295496607032701,1.233806292412087
standardized,hsbc,HKD,SGD,HKD/SGD,100,Indicative board,board,SGD 50 – 200,std_50_200,indicative_fx,2026-8-28,2026-8-28,2026-08-28T22:30:18.748942+00:00,16.42,16.01,16.21,16.215000000000003,MAS,1.295496607032701,1.233806292412087
standardized,hsbc,HKD,SGD,HKD/SGD,100,Indicative board,board,SGD < 50,std_lt_50,indicative_fx,2026-8-28,2026-8-28,2026-08-28T22:30:18.748942+00:00,16.42,16.01,16.21,16.215000000000003,MAS,1.295496607032701,1.233806292412087
standardized,hsbc,IDR,SGD,IDR/SGD,100,Indicative board,board,"SGD 200 – 39,999.99",std_200_40k,indicative_fx,2026-8-28,2026-8-28,2026-08-28T22:30:18.748942+00:00,0.0074,,0.007176,,MAS,3.121516164994429,
standardized,hsbc,IDR,SGD,IDR/SGD,100,Indicative board,board,"SGD 40,000 – 100,000",std_40k_100k,indicative_fx,2026-8-28,2026-8-28,2026-08-28T22:30:18.748942+00:00,0.0074,,0.007176,,MAS,3.121516164994429,
standardized,hsbc,IDR,SGD,IDR/SGD,100,Indicative board,board,SGD 50 – 200,std_50_200,indicative_fx,2026-8-28,2026-8-28,2026-08-28T22:30:18.748942+00:00,0.0074,,0.007176,,MAS,3.121516164994429,
standardized,hsbc,IDR,SGD,IDR/SGD,100,Indicative board,board,SGD < 50,std_lt_50,indicative_fx,2026-8-28,2026-8-28,2026-08-28T22:30:18.748942+00:00,0.0074,,0.007176,,MAS,3.121516164994429,
standardized,hsbc,INR,SGD,INR/SGD,100,Indicative board,board,"SGD 200 – 39,999.99",std_200_40k,indicative_fx,2026-8-28,2026-8-28,2026-08-28T22:30:18.748942+00:00,1.37,,1.3296,,MAS,3.03850782190134,
standardized,hsbc,INR,SGD,INR/SGD,100,Indicative board,board,"SGD 40,000 – 100,000",std_40k_100k,indicative_fx,2026-8-28,2026-8-28,2026-08-28T22:30:18.748942+00:00,1.37,,1.3296,,MAS,3.03850782190134,
standardized,hsbc,INR,SGD,INR/SGD,100,Indicative board,board,SGD 50 – 200,std_50_200,indicative_fx,2026-8-28,2026-8-28,2026-08-28T22:30:18.748942+00:00,1.37,,1.3296,,MAS,3.03850782190134,
standardized,hsbc,INR,SGD,INR/SGD,100,Indicative board,board,SGD < 50,std_lt_50,indicative_fx,2026-8-28,2026-8-28,2026-08-28T22:30:18.748942+00:00,1.37,,1.3296,,MAS,3.03850782190134,
standardized,hsbc,JPY,SGD,JPY/SGD,100,Indicative board,board,"SGD 200 – 39,999.99",std_200_40k,indicative_fx,2026-8-28,2026-8-28,2026-08-28T22:30:18.748942+00:00,0.8216,0.7736,0.7968,0.7976,MAS,3.112449799196793,2.9116465863453818
standardized,hsbc,JPY,SGD,JPY/SGD,100,Indicative board,board,"SGD 40,000 – 100,000",std_40k_100k,indicative_fx,2026-8-28,2026-8-28,2026-08-28T22:30:18.748942+00:00,0.8216,0.7736,0.7968,0.7976,MAS,3.112449799196793,2.9116465863453818
standardized,hsbc,JPY,SGD,JPY/SGD,100,Indicative board,board,SGD 50 – 200,std_50_200,indicative_fx,2026-8-28,2026-8-28,2026-08-28T22:30:18.748942+00:00,0.8216,0.7736,0.7968,0.7976,MAS,3.112449799196793,2.9116465863453818
standardized,hsbc,JPY,SGD,JPY/SGD,100,Indicative board,board,SGD < 50,std_lt_50,indicative_fx,2026-8-28,2026-8-28,2026-08-28T22:30:18.748942+00:00,0.8216,0.7736,0.7968,0.7976,MAS,3.112449799196793,2.9116465863453818
standardized,hsbc,LKR,SGD,LKR/SGD,100,Indicative board,board,"SGD 200 – 39,999.99",std_200_40k,indicative_fx,2026-8-28,2026-8-28,2026-08-28T22:30:18.748942+00:00,0.4,,,,,,
standardized,hsbc,LKR,SGD,LKR/SGD,100,Indicative board,board,"SGD 40,000 – 100,000",std_40k_100k,indicative_fx,2026-8-28,2026-8-28,2026-08-28T22:30:18.748942+00:00,0.4,,,,,,
standardized,hsbc,LKR,SGD,LKR/SGD,100,Indicative board,board,SGD 50 – 200,std_50_200,indicative_fx,2026-8-28,2026-8-28,2026-08-28T22:30:18.748942+00:00,0.4,,,,,,
standardized,hsbc,LKR,SGD,LKR/SGD,100,Indicative board,board,SGD < 50,std_lt_50,indicative_fx,2026-8-28,2026-8-28,2026-08-28T22:30:18.748942+00:00,0.4,,,,,,
standardized,hsbc,MUR,SGD,MUR/SGD,100,Indicative board,board,"SGD 200 – 39,999.99",std_200_40k,indicative_fx,2026-8-28,2026-8-28,2026-08-28T22:30:18.748942+00:00,2.81,2.62,,2.715,,,
standardized,hsbc,MUR,SGD,MUR/SGD,100,Indicative board,board,"SGD 40,000 – 100,000",std_40k_100k,indicative_fx,2026-8-28,2026-8-28,2026-08-28T22:30:18.748942+00:00,2.81,2.62,,2.715,,,
standardized,hsbc,MUR,SGD,MUR/SGD,100,Indicative board,board,SGD 50 – 200,std_50_200,indicative_fx,2026-8-28,2026-8-28,2026-08-28T22:30:18.748942+00:00,2.81,2.62,,2.715,,,
standardized,hsbc,MUR,SGD,MUR/SGD,100,Indicative board,board,SGD < 50,std_lt_50,indicative_fx,2026-8-28,2026-8-28,2026-08-28T22:30:18.748942+00:00,2.81,2.62,,2.715,,,
standardized,hsbc,NOK,SGD,NOK/SGD,100,Indicative board,board,"SGD 200 – 39,999.99",std_200_40k,indicative_fx,2026-8-28,2026-8-28,2026-08-28T22:30:18.748942+00:00,14.05,13.22,,13.635000000000002,,,
standardized,hsbc,NOK,SGD,NOK/SGD,100,Indicative board,board,"SGD 40,000 – 100,000",std_40k_100k,indicative_fx,2026-8-28,2026-8-28,2026-08-28T22:30:18.748942+00:00,14.05,13.22,,13.635000000000002,,,
standardized,hsbc,NOK,SGD,NOK/SGD,100,Indicative board,board,SGD 50 – 200,std_50_200,indicative_fx,2026-8-28,2026-8-28,2026-08-28T22:30:18.748942+00:00,14.05,13.22,,13.635000000000002,,,
standardized,hsbc,NOK,SGD,NOK/SGD,100,Indicative board,board,SGD < 50,std_lt_50,indicative_fx,2026-8-28,2026-8-28,2026-08-28T22:30:18.748942+00:00,14.05,13.22,,13.635000000000002,,,
standardized,hsbc,NZD,SGD,NZD/SGD,1,Indicative board,board,"SGD 200 – 39,999.99",std_200_40k,indicative_fx,2026-8-28,2026-8-28,2026-08-28T22:30:18.748942+00:00,0.7798,0.7342,0.7576,0.757,MAS,2.930306230200633,3.0887011615628412
standardized,hsbc,NZD,SGD,NZD/SGD,1,Indicative board,board,"SGD 40,000 – 100,000",std_40k_100k,indicative_fx,2026-8-28,2026-8-28,2026-08-28T22:30:18.748942+00:00,0.7798,0.7342,0.7576,0.757,MAS,2.930306230200633,3.0887011615628412
standardized,hsbc,NZD,SGD,NZD/SGD,1,Indicative board,board,SGD 50 – 200,std_50_200,indicative_fx,2026-8-28,2026-8-28,2026-08-28T22:30:18.748942+00:00,0.7798,0.7342,0.7576,0.757,MAS,2.930306230200633,3.0887011615628412
standardized,hsbc,NZD,SGD,NZD/SGD,1,Indicative board,board,SGD < 50,std_lt_50,indicative_fx,2026-8-28,2026-8-28,2026-08-28T22:30:18.748942+00:00,0.7798,0.7342,0.7576,0.757,MAS,2.930306230200633,3.0887011615628412
standardized,hsbc,PHP,SGD,PHP/SGD,100,Indicative board,board,"SGD 200 – 39,999.99",std_200_40k,indicative_fx,2026-8-28,2026-8-28,2026-08-28T22:30:18.748942+00:00,2.12,,2.0421,,MAS,3.8147005533519454,
standardized,hsbc,PHP,SGD,PHP/SGD,100,Indicative board,board,"SGD 40,000 – 100,000",std_40k_100k,indicative_fx,2026-8-28,2026-8-28,2026-08-28T22:30:18.748942+00:00,2.12,,2.0421,,MAS,3.8147005533519454,
standardized,hsbc,PHP,SGD,PHP/SGD,100,Indicative board,board,SGD 50 – 200,std_50_200,indicative_fx,2026-8-28,2026-8-28,2026-08-28T22:30:18.748942+00:00,2.12,,2.0421,,MAS,3.8147005533519454,
standardized,hsbc,PHP,SGD,PHP/SGD,100,Indicative board,board,SGD < 50,std_lt_50,indicative_fx,2026-8-28,2026-8-28,2026-08-28T22:30:18.748942+00:00,2.12,,2.0421,,MAS,3.8147005533519454,
standardized,hsbc,PKR,SGD,PKR/SGD,100,Indicative board,board,"SGD 200 – 39,999.99",std_200_40k,indicative_fx,2026-8-28,2026-8-28,2026-08-28T22:30:18.748942+00:00,0.47,,,,,,
standardized,hsbc,PKR,SGD,PKR/SGD,100,Indicative board,board,"SGD 40,000 – 100,000",std_40k_100k,indicative_fx,2026-8-28,2026-8-28,2026-08-28T22:30:18.748942+00:00,0.47,,,,,,
standardized,hsbc,PKR,SGD,PKR/SGD,100,Indicative board,board,SGD 50 – 200,std_50_200,indicative_fx,2026-8-28,2026-8-28,2026-08-28T22:30:18.748942+00:00,0.47,,,,,,
standardized,hsbc,PKR,SGD,PKR/SGD,100,Indicative board,board,SGD < 50,std_lt_50,indicative_fx,2026-8-28,2026-8-28,2026-08-28T22:30:18.748942+00:00,0.47,,,,,,
standardized,hsbc,QAR,SGD,QAR/SGD,100,Indicative board,board,"SGD 200 – 39,999.99",std_200_40k,indicative_fx,2026-8-28,2026-8-28,2026-08-28T22:30:18.748942+00:00,35.31,34.43,34.85,34.870000000000005,MAS,1.3199426111908201,1.2051649928264037
standardized,hsbc,QAR,SGD,QAR/SGD,100,Indicative board,board,"SGD 40,000 – 100,000",std_40k_100k,indicative_fx,2026-8-28,2026-8-28,2026-08-28T22:30:18.748942+00:00,35.31,34.43,34.85,34.870000000000005,MAS,1.3199426111908201,1.2051649928264037
standardized,hsbc,QAR,SGD,QAR/SGD,100,Indicative board,board,SGD 50 – 200,std_50_200,indicative_fx,2026-8-28,2026-8-28,2026-08-28T22:30:18.748942+00:00,35.31,34.43,34.85,34.870000000000005,MAS,1.3199426111908201,1.2051649928264037
standardized,hsbc,QAR,SGD,QAR/SGD,100,Indicative board,board,SGD < 50,std_lt_50,indicative_fx,2026-8-28,2026-8-28,2026-08-28T22:30:18.748942+00:00,35.31,34.43,34.85,34.870000000000005,MAS,1.3199426111908201,1.2051649928264037
standardized,hsbc,RUB,SGD,RUB/SGD,100,Indicative board,board,"SGD 200 – 39,999.99",std_200_40k,indicative_fx,2026-8-28,2026-8-28,2026-08-28T22:30:18.748942+00:00,15.48,14.01,,14.745000000000001,,,
standardized,hsbc,RUB,SGD,RUB/SGD,100,Indicative board,board,"SGD 40,000 – 100,000",std_40k_100k,indicative_fx,2026-8-28,2026-8-28,2026-08-28T22:30:18.748942+00:00,15.48,14.01,,14.745000000000001,,,
standardized,hsbc,RUB,SGD,RUB/SGD,100,Indicative board,board,SGD 50 – 200,std_50_200,indicative_fx,2026-8-28,2026-8-28,2026-08-28T22:30:18.748942+00:00,15.48,14.01,,14.745000000000001,,,
standardized,hsbc,RUB,SGD,RUB/SGD,100,Indicative board,board,SGD < 50,std_lt_50,indicative_fx,2026-8-28,2026-8-28,2026-08-28T22:30:18.748942+00:00,15.48,14.01,,14.745000000000001,,,
standardized,hsbc,SAR,SGD,SAR/SGD,100,Indicative board,board,"SGD 200 – 39,999.99",std_200_40k,indicative_fx,2026-8-28,2026-8-28,2026-08-28T22:30:18.748942+00:00,34.28,33.43,33.84,33.855000000000004,MAS,1.3002364066193786,1.2115839243498925
standardized,hsbc,SAR,SGD,SAR/SGD,100,Indicative board,board,"SGD 40,000 – 100,000",std_40k_100k,indicative_fx,2026-8-28,2026-8-28,2026-08-28T22:30:18.748942+00:00,34.28,33.43,33.84,33.855000000000004,MAS,1.3002364066193786,1.2115839243498925
standardized,hsbc,SAR,SGD,SAR/SGD,100,Indicative board,board,SGD 50 – 200,std_50_200,indicative_fx,2026-8-28,2026-8-28,2026-08-28T22:30:18.748942+00:00,34.28,33.43,33.84,33.855000000000004,MAS,1.3002364066193786,1.2115839243498925
standardized,hsbc,SAR,SGD,SAR/SGD,100,Indicative board,board,SGD < 50,std_lt_50,indicative_fx,2026-8-28,2026-8-28,2026-08-28T22:30:18.748942+00:00,34.28,33.43,33.84,33.855000000000004,MAS,1.3002364066193786,1.2115839243498925
standardized,hsbc,SEK,SGD,SEK/SGD,100,Indicative board,board,"SGD 200 – 39,999.99",std_200_40k,indicative_fx,2026-8-28,2026-8-28,2026-08-28T22:30:18.748942+00:00,13.76,12.95,,13.355,,,
standardized,hsbc,SEK,SGD,SEK/SGD,100,Indicative board,board,"SGD 40,000 – 100,000",std_40k_100k,indicative_fx,2026-8-28,2026-8-28,2026-08-28T22:30:18.748942+00:00,13.76,12.95,,13.355,,,
standardized,hsbc,SEK,SGD,SEK/SGD,100,Indicative board,board,SGD 50 – 200,std_50_200,indicative_fx,2026-8-28,2026-8-28,2026-08-28T22:30:18.748942+00:00,13.76,12.95,,13.355,,,
standardized,hsbc,SEK,SGD,SEK/SGD,100,Indicative board,board,SGD < 50,std_lt_50,indicative_fx,2026-8-28,2026-8-28,2026-08-28T22:30:18.748942+00:00,13.76,12.95,,13.355,,,
standardized,hsbc,THB,SGD,THB/SGD,100,Indicative board,board,"SGD 200 – 39,999.99",std_200_40k,indicative_fx,2026-8-28,2026-8-28,2026-08-28T22:30:18.748942+00:00,3.99,,3.8502,,MAS,3.6309802088203247,
standardized,hsbc,THB,SGD,THB/SGD,100,Indicative board,board,"SGD 40,000 – 100,000",std_40k_100k,indicative_fx,2026-8-28,2026-8-28,2026-08-28T22:30:18.748942+00:00,3.99,,3.8502,,MAS,3.6309802088203247,
standardized,hsbc,THB,SGD,THB/SGD,100,Indicative board,board,SGD 50 – 200,std_50_200,indicative_fx,2026-8-28,2026-8-28,2026-08-28T22:30:18.748942+00:00,3.99,,3.8502,,MAS,3.6309802088203247,
standardized,hsbc,THB,SGD,THB/SGD,100,Indicative board,board,SGD < 50,std_lt_50,indicative_fx,2026-8-28,2026-8-28,2026-08-28T22:30:18.748942+00:00,3.99,,3.8502,,MAS,3.6309802088203247,
standardized,hsbc,TRY,SGD,TRY/SGD,1,Indicative board,board,"SGD 200 – 39,999.99",std_200_40k,indicative_fx,2026-8-28,2026-8-28,2026-08-28T22:30:18.748942+00:00,0.0272,,,,,,
standardized,hsbc,TRY,SGD,TRY/SGD,1,Indicative board,board,"SGD 40,000 – 100,000",std_40k_100k,indicative_fx,2026-8-28,2026-8-28,2026-08-28T22:30:18.748942+00:00,0.0272,,,,,,
standardized,hsbc,TRY,SGD,TRY/SGD,1,Indicative board,board,SGD 50 – 200,std_50_200,indicative_fx,2026-8-28,2026-8-28,2026-08-28T22:30:18.748942+00:00,0.0272,,,,,,
standardized,hsbc,TRY,SGD,TRY/SGD,1,Indicative board,board,SGD < 50,std_lt_50,indicative_fx,2026-8-28,2026-8-28,2026-08-28T22:30:18.748942+00:00,0.0272,,,,,,
standardized,hsbc,USD,SGD,USD/SGD,1,Indicative board,board,"SGD 200 – 39,999.99",std_200_40k,indicative_fx,2026-8-28,2026-8-28,2026-08-28T22:30:18.748942+00:00,1.2965,1.2456,1.2706,1.27105,MAS,2.0384070517865602,1.967574374311342
standardized,hsbc,USD,SGD,USD/SGD,1,Indicative board,board,"SGD 40,000 – 100,000",std_40k_100k,indicative_fx,2026-8-28,2026-8-28,2026-08-28T22:30:18.748942+00:00,1.2965,1.2456,1.2706,1.27105,MAS,2.0384070517865602,1.967574374311342
standardized,hsbc,USD,SGD,USD/SGD,1,Indicative board,board,SGD 50 – 200,std_50_200,indicative_fx,2026-8-28,2026-8-28,2026-08-28T22:30:18.748942+00:00,1.2965,1.2456,1.2706,1.27105,MAS,2.0384070517865602,1.967574374311342
standardized,hsbc,USD,SGD,USD/SGD,1,Indicative board,board,SGD < 50,std_lt_50,indicative_fx,2026-8-28,2026-8-28,2026-08-28T22:30:18.748942+00:00,1.2965,1.2456,1.2706,1.27105,MAS,2.0384070517865602,1.967574374311342
standardized,hsbc,ZAR,SGD,ZAR/SGD,1,Indicative board,board,"SGD 200 – 39,999.99",std_200_40k,indicative_fx,2026-8-28,2026-8-28,2026-08-28T22:30:18.748942+00:00,0.0821,0.0769,,0.0795,,,
standardized,hsbc,ZAR,SGD,ZAR/SGD,1,Indicative board,board,"SGD 40,000 – 100,000",std_40k_100k,indicative_fx,2026-8-28,2026-8-28,2026-08-28T22:30:18.748942+00:00,0.0821,0.0769,,0.0795,,,
standardized,hsbc,ZAR,SGD,ZAR/SGD,1,Indicative board,board,SGD 50 – 200,std_50_200,indicative_fx,2026-8-28,2026-8-28,2026-08-28T22:30:18.748942+00:00,0.0821,0.0769,,0.0795,,,
standardized,hsbc,ZAR,SGD,ZAR/SGD,1,Indicative board,board,SGD < 50,std_lt_50,indicative_fx,2026-8-28,2026-8-28,2026-08-28T22:30:18.748942+00:00,0.0821,0.0769,,0.0795,,,
standardized,ocbc,AED,SGD,AED/SGD,100,"SGD 0 – 39,999.99",tier_1,"SGD 200 – 39,999.99",std_200_40k,fxRatesSgd,2026-08-28T07:00:17,2026-08-28T07:00:17,2026-08-28T22:30:16.171423+00:00,35.4922,33.4839,34.59,34.4881,MAS,2.608268285631666,3.197745013009554
standardized,ocbc,AED,SGD,AED/SGD,100,"SGD 40,000 – 100,000",tier_2,"SGD 40,000 – 100,000",std_40k_100k,fxRatesSgd,2026-08-28T07:00:17,2026-08-28T07:00:17,2026-08-28T22:30:16.171423+00:00,35.4817,33.5011,34.59,34.4881,MAS,2.577912691529323,3.148019658860949
standardized,ocbc,AED,SGD,AED/SGD,100,"SGD 0 – 39,999.99",tier_1,SGD 50 – 200,std_50_200,fxRatesSgd,2026-08-28T07:00:17,2026-08-28T07:00:17,2026-08-28T22:30:16.171423+00:00,35.4922,33.4839,34.59,34.4881,MAS,2.608268285631666,3.197745013009554
standardized,ocbc,AED,SGD,AED/SGD,100,"SGD 0 – 39,999.99",tier_1,SGD < 50,std_lt_50,fxRatesSgd,2026-08-28T07:00:17,2026-08-28T07:00:17,2026-08-28T22:30:16.171423+00:00,35.4922,33.4839,34.59,34.4881,MAS,2.608268285631666,3.197745013009554
standardized,ocbc,AUD,SGD,AUD/SGD,1,"SGD 0 – 39,999.99",tier_1,"SGD 200 – 39,999.99",std_200_40k,fxRatesSgd,2026-08-28T07:00:17,2026-08-28T07:00:17,2026-08-28T22:30:16.171423+00:00,0.9316,0.9021,0.9148999999999999,0.9169,MAS,1.8253361023062682,1.3990600065580854
standardized,ocbc,AUD,SGD,AUD/SGD,1,"SGD 40,000 – 100,000",tier_2,"SGD 40,000 – 100,000",std_40k_100k,fxRatesSgd,2026-08-28T07:00:17,2026-08-28T07:00:17,2026-08-28T22:30:16.171423+00:00,0.9298,0.904,0.9148999999999999,0.9169,MAS,1.6285932888840338,1.1913870368346169
standardized,ocbc,AUD,SGD,AUD/SGD,1,"SGD 0 – 39,999.99",tier_1,SGD 50 – 200,std_50_200,fxRatesSgd,2026-08-28T07:00:17,2026-08-28T07:00:17,2026-08-28T22:30:16.171423+00:00,0.9316,0.9021,0.9148999999999999,0.9169,MAS,1.8253361023062682,1.3990600065580854
standardized,ocbc,AUD,SGD,AUD/SGD,1,"SGD 0 – 39,999.99",tier_1,SGD < 50,std_lt_50,fxRatesSgd,2026-08-28T07:00:17,2026-08-28T07:00:17,2026-08-28T22:30:16.171423+00:00,0.9316,0.9021,0.9148999999999999,0.9169,MAS,1.8253361023062682,1.3990600065580854
standardized,ocbc,BGN,SGD,BGN/SGD,100,"SGD 0 – 39,999.99",tier_1,"SGD 200 – 39,999.99",std_200_40k,fxRatesSgd,2026-08-28T07:00:17,2026-08-28T07:00:17,2026-08-28T22:30:16.171423+00:00,0.0,0.0,,0.0,,,
standardized,ocbc,BGN,SGD,BGN/SGD,100,"SGD 40,000 – 100,000",tier_2,"SGD 40,000 – 100,000",std_40k_100k,fxRatesSgd,2026-08-28T07:00:17,2026-08-28T07:00:17,2026-08-28T22:30:16.171423+00:00,0.0,0.0,,0.0,,,
standardized,ocbc,BGN,SGD,BGN/SGD,100,"SGD 0 – 39,999.99",tier_1,SGD 50 – 200,std_50_200,fxRatesSgd,2026-08-28T07:00:17,2026-08-28T07:00:17,2026-08-28T22:30:16.171423+00:00,0.0,0.0,,0.0,,,
standardized,ocbc,BGN,SGD,BGN/SGD,100,"SGD 0 – 39,999.99",tier_1,SGD < 50,std_lt_50,fxRatesSgd,2026-08-28T07:00:17,2026-08-28T07:00:17,2026-08-28T22:30:16.171423+00:00,0.0,0.0,,0.0,,,
standardized,ocbc,BHD,SGD,BHD/SGD,1,"SGD 0 – 39,999.99",tier_1,"SGD 200 – 39,999.99",std_200_40k,fxRatesSgd,2026-08-28T07:00:17,2026-08-28T07:00:17,2026-08-28T22:30:16.171423+00:00,0.0,0.0,,0.0,,,
standardized,ocbc,BHD,SGD,BHD/SGD,1,"SGD 40,000 – 100,000",tier_2,"SGD 40,000 – 100,000",std_40k_100k,fxRatesSgd,2026-08-28T07:00:17,2026-08-28T07:00:17,2026-08-28T22:30:16.171423+00:00,0.0,0.0,,0.0,,,
standardized,ocbc,BHD,SGD,BHD/SGD,1,"SGD 0 – 39,999.99",tier_1,SGD 50 – 200,std_50_200,fxRatesSgd,2026-08-28T07:00:17,2026-08-28T07:00:17,2026-08-28T22:30:16.171423+00:00,0.0,0.0,,0.0,,,
standardized,ocbc,BHD,SGD,BHD/SGD,1,"SGD 0 – 39,999.99",tier_1,SGD < 50,std_lt_50,fxRatesSgd,2026-08-28T07:00:17,2026-08-28T07:00:17,2026-08-28T22:30:16.171423+00:00,0.0,0.0,,0.0,,,
standardized,ocbc,CAD,SGD,CAD/SGD,1,"SGD 0 – 39,999.99",tier_1,"SGD 200 – 39,999.99",std_200_40k,fxRatesSgd,2026-08-28T07:00:17,2026-08-28T07:00:17,2026-08-28T22:30:16.171423+00:00,0.9345,0.9013,0.9173,0.9179,MAS,1.8750681347432674,1.744249427668158
standardized,ocbc,CAD,SGD,CAD/SGD,1,"SGD 40,000 – 100,000",tier_2,"SGD 40,000 – 100,000",std_40k_100k,fxRatesSgd,2026-08-28T07:00:17,2026-08-28T07:00:17,2026-08-28T22:30:16.171423+00:00,0.9326,0.9031,0.9173,0.9179,MAS,1.6679385152076724,1.5480213670554879
standardized,ocbc,CAD,SGD,CAD/SGD,1,"SGD 0 – 39,999.99",tier_1,SGD 50 – 200,std_50_200,fxRatesSgd,2026-08-28T07:00:17,2026-08-28T07:00:17,2026-08-28T22:30:16.171423+00:00,0.9345,0.9013,0.9173,0.9179,MAS,1.8750681347432674,1.744249427668158
standardized,ocbc,CAD,SGD,CAD/SGD,1,"SGD 0 – 39,999.99",tier_1,SGD < 50,std_lt_50,fxRatesSgd,2026-08-28T07:00:17,2026-08-28T07:00:17,2026-08-28T22:30:16.171423+00:00,0.9345,0.9013,0.9173,0.9179,MAS,1.8750681347432674,1.744249427668158
standardized,ocbc,CHF,SGD,CHF/SGD,100,"SGD 0 – 39,999.99",tier_1,"SGD 200 – 39,999.99",std_200_40k,fxRatesSgd,2026-08-28T07:00:17,2026-08-28T07:00:17,2026-08-28T22:30:16.171423+00:00,161.0759,155.3474,157.88,158.2117,MAS,2.024258930833541,1.6041297187737538
standardized,ocbc,CHF,SGD,CHF/SGD,100,"SGD 40,000 – 100,000",tier_2,"SGD 40,000 – 100,000",std_40k_100k,fxRatesSgd,2026-08-28T07:00:17,2026-08-28T07:00:17,2026-08-28T22:30:16.171423+00:00,160.7595,155.6638,157.88,158.2117,MAS,1.8238535596655736,1.403724347605768
standardized,ocbc,CHF,SGD,CHF/SGD,100,"SGD 0 – 39,999.99",tier_1,SGD 50 – 200,std_50_200,fxRatesSgd,2026-08-28T07:00:17,2026-08-28T07:00:17,2026-08-28T22:30:16.171423+00:00,161.0759,155.3474,157.88,158.2117,MAS,2.024258930833541,1.6041297187737538
standardized,ocbc,CHF,SGD,CHF/SGD,100,"SGD 0 – 39,999.99",tier_1,SGD < 50,std_lt_50,fxRatesSgd,2026-08-28T07:00:17,2026-08-28T07:00:17,2026-08-28T22:30:16.171423+00:00,161.0759,155.3474,157.88,158.2117,MAS,2.024258930833541,1.6041297187737538
standardized,ocbc,CNH,SGD,CNH/SGD,100,"SGD 0 – 39,999.99",tier_1,"SGD 200 – 39,999.99",std_200_40k,fxRatesSgd,2026-08-28T07:00:17,2026-08-28T07:00:17,2026-08-28T22:30:16.171423+00:00,19.2478,18.6788,,18.9633,,,
standardized,ocbc,CNH,SGD,CNH/SGD,100,"SGD 40,000 – 100,000",tier_2,"SGD 40,000 – 100,000",std_40k_100k,fxRatesSgd,2026-08-28T07:00:17,2026-08-28T07:00:17,2026-08-28T22:30:16.171423+00:00,19.2289,18.6977,,18.9633,,,
standardized,ocbc,CNH,SGD,CNH/SGD,100,"SGD 0 – 39,999.99",tier_1,SGD 50 – 200,std_50_200,fxRatesSgd,2026-08-28T07:00:17,2026-08-28T07:00:17,2026-08-28T22:30:16.171423+00:00,19.2478,18.6788,,18.9633,,,
standardized,ocbc,CNH,SGD,CNH/SGD,100,"SGD 0 – 39,999.99",tier_1,SGD < 50,std_lt_50,fxRatesSgd,2026-08-28T07:00:17,2026-08-28T07:00:17,2026-08-28T22:30:16.171423+00:00,19.2478,18.6788,,18.9633,,,
standardized,ocbc,CZK,SGD,CZK/SGD,100,"SGD 0 – 39,999.99",tier_1,"SGD 200 – 39,999.99",std_200_40k,fxRatesSgd,2026-08-28T07:00:17,2026-08-28T07:00:17,2026-08-28T22:30:16.171423+00:00,0.0,0.0,,0.0,,,
standardized,ocbc,CZK,SGD,CZK/SGD,100,"SGD 40,000 – 100,000",tier_2,"SGD 40,000 – 100,000",std_40k_100k,fxRatesSgd,2026-08-28T07:00:17,2026-08-28T07:00:17,2026-08-28T22:30:16.171423+00:00,0.0,0.0,,0.0,,,
standardized,ocbc,CZK,SGD,CZK/SGD,100,"SGD 0 – 39,999.99",tier_1,SGD 50 – 200,std_50_200,fxRatesSgd,2026-08-28T07:00:17,2026-08-28T07:00:17,2026-08-28T22:30:16.171423+00:00,0.0,0.0,,0.0,,,
standardized,ocbc,CZK,SGD,CZK/SGD,100,"SGD 0 – 39,999.99",tier_1,SGD < 50,std_lt_50,fxRatesSgd,2026-08-28T07:00:17,2026-08-28T07:00:17,2026-08-28T22:30:16.171423+00:00,0.0,0.0,,0.0,,,
standardized,ocbc,DKK,SGD,DKK/SGD,100,"SGD 0 – 39,999.99",tier_1,"SGD 200 – 39,999.99",std_200_40k,fxRatesSgd,2026-08-28T07:00:17,2026-08-28T07:00:17,2026-08-28T22:30:16.171423+00:00,20.1633,19.4481,,19.8057,,,
standardized,ocbc,DKK,SGD,DKK/SGD,100,"SGD 40,000 – 100,000",tier_2,"SGD 40,000 – 100,000",std_40k_100k,fxRatesSgd,2026-08-28T07:00:17,2026-08-28T07:00:17,2026-08-28T22:30:16.171423+00:00,20.1237,19.4877,,19.8057,,,
standardized,ocbc,DKK,SGD,DKK/SGD,100,"SGD 0 – 39,999.99",tier_1,SGD 50 – 200,std_50_200,fxRatesSgd,2026-08-28T07:00:17,2026-08-28T07:00:17,2026-08-28T22:30:16.171423+00:00,20.1633,19.4481,,19.8057,,,
standardized,ocbc,DKK,SGD,DKK/SGD,100,"SGD 0 – 39,999.99",tier_1,SGD < 50,std_lt_50,fxRatesSgd,2026-08-28T07:00:17,2026-08-28T07:00:17,2026-08-28T22:30:16.171423+00:00,20.1633,19.4481,,19.8057,,,
standardized,ocbc,EUR,SGD,EUR/SGD,1,"SGD 0 – 39,999.99",tier_1,"SGD 200 – 39,999.99",std_200_40k,fxRatesSgd,2026-08-28T07:00:17,2026-08-28T07:00:17,2026-08-28T22:30:16.171423+00:00,1.4971,1.4603,1.4797,1.4787,MAS,1.175914036629052,1.3110765695749194
standardized,ocbc,EUR,SGD,EUR/SGD,1,"SGD 40,000 – 100,000",tier_2,"SGD 40,000 – 100,000",std_40k_100k,fxRatesSgd,2026-08-28T07:00:17,2026-08-28T07:00:17,2026-08-28T22:30:16.171423+00:00,1.4954,1.4623,1.4797,1.4787,MAS,1.0610258836250623,1.175914036629052
standardized,ocbc,EUR,SGD,EUR/SGD,1,"SGD 0 – 39,999.99",tier_1,SGD 50 – 200,std_50_200,fxRatesSgd,2026-08-28T07:00:17,2026-08-28T07:00:17,2026-08-28T22:30:16.171423+00:00,1.4971,1.4603,1.4797,1.4787,MAS,1.175914036629052,1.3110765695749194
standardized,ocbc,EUR,SGD,EUR/SGD,1,"SGD 0 – 39,999.99",tier_1,SGD < 50,std_lt_50,fxRatesSgd,2026-08-28T07:00:17,2026-08-28T07:00:17,2026-08-28T22:30:16.171423+00:00,1.4971,1.4603,1.4797,1.4787,MAS,1.175914036629052,1.3110765695749194
standardized,ocbc,GBP,SGD,GBP/SGD,1,"SGD 0 – 39,999.99",tier_1,"SGD 200 – 39,999.99",std_200_40k,fxRatesSgd,2026-08-28T07:00:17,2026-08-28T07:00:17,2026-08-28T22:30:16.171423+00:00,1.7498,1.7034,1.7267,1.7266,MAS,1.3378120113511394,1.3493947993281912
standardized,ocbc,GBP,SGD,GBP/SGD,1,"SGD 40,000 – 100,000",tier_2,"SGD 40,000 – 100,000",std_40k_100k,fxRatesSgd,2026-08-28T07:00:17,2026-08-28T07:00:17,2026-08-28T22:30:16.171423+00:00,1.7481,1.7055,1.7267,1.7266,MAS,1.2393583135460755,1.227775525568998
standardized,ocbc,GBP,SGD,GBP/SGD,1,"SGD 0 – 39,999.99",tier_1,SGD 50 – 200,std_50_200,fxRatesSgd,2026-08-28T07:00:17,2026-08-28T07:00:17,2026-08-28T22:30:16.171423+00:00,1.7498,1.7034,1.7267,1.7266,MAS,1.3378120113511394,1.3493947993281912
standardized,ocbc,GBP,SGD,GBP/SGD,1,"SGD 0 – 39,999.99",tier_1,SGD < 50,std_lt_50,fxRatesSgd,2026-08-28T07:00:17,2026-08-28T07:00:17,2026-08-28T22:30:16.171423+00:00,1.7498,1.7034,1.7267,1.7266,MAS,1.3378120113511394,1.3493947993281912
standardized,ocbc,HKD,SGD,HKD/SGD,100,"SGD 0 – 39,999.99",tier_1,"SGD 200 – 39,999.99",std_200_40k,fxRatesSgd,2026-08-28T07:00:17,2026-08-28T07:00:17,2026-08-28T22:30:16.171423+00:00,16.4179,16.021,16.21,16.2195,MAS,1.2825416409623605,1.1659469463294265
standardized,ocbc,HKD,SGD,HKD/SGD,100,"SGD 40,000 – 100,000",tier_2,"SGD 40,000 – 100,000",std_40k_100k,fxRatesSgd,2026-08-28T07:00:17,2026-08-28T07:00:17,2026-08-28T22:30:16.171423+00:00,16.3888,16.0308,16.21,16.2195,MAS,1.1030228254164032,1.1054904380012436
standardized,ocbc,HKD,SGD,HKD/SGD,100,"SGD 0 – 39,999.99",tier_1,SGD 50 – 200,std_50_200,fxRatesSgd,2026-08-28T07:00:17,2026-08-28T07:00:17,2026-08-28T22:30:16.171423+00:00,16.4179,16.021,16.21,16.2195,MAS,1.2825416409623605,1.1659469463294265
standardized,ocbc,HKD,SGD,HKD/SGD,100,"SGD 0 – 39,999.99",tier_1,SGD < 50,std_lt_50,fxRatesSgd,2026-08-28T07:00:17,2026-08-28T07:00:17,2026-08-28T22:30:16.171423+00:00,16.4179,16.021,16.21,16.2195,MAS,1.2825416409623605,1.1659469463294265
standardized,ocbc,HUF,SGD,HUF/SGD,100,"SGD 0 – 39,999.99",tier_1,"SGD 200 – 39,999.99",std_200_40k,fxRatesSgd,2026-08-28T07:00:17,2026-08-28T07:00:17,2026-08-28T22:30:16.171423+00:00,0.0,0.0,,0.0,,,
standardized,ocbc,HUF,SGD,HUF/SGD,100,"SGD 40,000 – 100,000",tier_2,"SGD 40,000 – 100,000",std_40k_100k,fxRatesSgd,2026-08-28T07:00:17,2026-08-28T07:00:17,2026-08-28T22:30:16.171423+00:00,0.0,0.0,,0.0,,,
standardized,ocbc,HUF,SGD,HUF/SGD,100,"SGD 0 – 39,999.99",tier_1,SGD 50 – 200,std_50_200,fxRatesSgd,2026-08-28T07:00:17,2026-08-28T07:00:17,2026-08-28T22:30:16.171423+00:00,0.0,0.0,,0.0,,,
standardized,ocbc,HUF,SGD,HUF/SGD,100,"SGD 0 – 39,999.99",tier_1,SGD < 50,std_lt_50,fxRatesSgd,2026-08-28T07:00:17,2026-08-28T07:00:17,2026-08-28T22:30:16.171423+00:00,0.0,0.0,,0.0,,,
standardized,ocbc,IDR,SGD,IDR/SGD,100,"SGD 0 – 39,999.99",tier_1,"SGD 200 – 39,999.99",std_200_40k,fxRatesSgd,2026-08-28T07:00:17,2026-08-28T07:00:17,2026-08-28T22:30:16.171423+00:00,0.0074,0.0,0.007176,0.0074,MAS,3.121516164994429,100.0
standardized,ocbc,IDR,SGD,IDR/SGD,100,"SGD 40,000 – 100,000",tier_2,"SGD 40,000 – 100,000",std_40k_100k,fxRatesSgd,2026-08-28T07:00:17,2026-08-28T07:00:17,2026-08-28T22:30:16.171423+00:00,0.0074,0.0,0.007176,0.0074,MAS,3.121516164994429,100.0
standardized,ocbc,IDR,SGD,IDR/SGD,100,"SGD 0 – 39,999.99",tier_1,SGD 50 – 200,std_50_200,fxRatesSgd,2026-08-28T07:00:17,2026-08-28T07:00:17,2026-08-28T22:30:16.171423+00:00,0.0074,0.0,0.007176,0.0074,MAS,3.121516164994429,100.0
standardized,ocbc,IDR,SGD,IDR/SGD,100,"SGD 0 – 39,999.99",tier_1,SGD < 50,std_lt_50,fxRatesSgd,2026-08-28T07:00:17,2026-08-28T07:00:17,2026-08-28T22:30:16.171423+00:00,0.0074,0.0,0.007176,0.0074,MAS,3.121516164994429,100.0
standardized,ocbc,ILS,SGD,ILS/SGD,100,"SGD 0 – 39,999.99",tier_1,"SGD 200 – 39,999.99",std_200_40k,fxRatesSgd,2026-08-28T07:00:17,2026-08-28T07:00:17,2026-08-28T22:30:16.171423+00:00,0.0,0.0,,0.0,,,
standardized,ocbc,ILS,SGD,ILS/SGD,100,"SGD 40,000 – 100,000",tier_2,"SGD 40,000 – 100,000",std_40k_100k,fxRatesSgd,2026-08-28T07:00:17,2026-08-28T07:00:17,2026-08-28T22:30:16.171423+00:00,0.0,0.0,,0.0,,,
standardized,ocbc,ILS,SGD,ILS/SGD,100,"SGD 0 – 39,999.99",tier_1,SGD 50 – 200,std_50_200,fxRatesSgd,2026-08-28T07:00:17,2026-08-28T07:00:17,2026-08-28T22:30:16.171423+00:00,0.0,0.0,,0.0,,,
standardized,ocbc,ILS,SGD,ILS/SGD,100,"SGD 0 – 39,999.99",tier_1,SGD < 50,std_lt_50,fxRatesSgd,2026-08-28T07:00:17,2026-08-28T07:00:17,2026-08-28T22:30:16.171423+00:00,0.0,0.0,,0.0,,,
standardized,ocbc,INR,SGD,INR/SGD,100,"SGD 0 – 39,999.99",tier_1,"SGD 200 – 39,999.99",std_200_40k,fxRatesSgd,2026-08-28T07:00:17,2026-08-28T07:00:17,2026-08-28T22:30:16.171423+00:00,1.3707,0.0,1.3296,1.3707,MAS,3.0911552346570503,100.0
standardized,ocbc,INR,SGD,INR/SGD,100,"SGD 40,000 – 100,000",tier_2,"SGD 40,000 – 100,000",std_40k_100k,fxRatesSgd,2026-08-28T07:00:17,2026-08-28T07:00:17,2026-08-28T22:30:16.171423+00:00,1.368,0.0,1.3296,1.3707,MAS,2.888086642599294,100.0
standardized,ocbc,INR,SGD,INR/SGD,100,"SGD 0 – 39,999.99",tier_1,SGD 50 – 200,std_50_200,fxRatesSgd,2026-08-28T07:00:17,2026-08-28T07:00:17,2026-08-28T22:30:16.171423+00:00,1.3707,0.0,1.3296,1.3707,MAS,3.0911552346570503,100.0
standardized,ocbc,INR,SGD,INR/SGD,100,"SGD 0 – 39,999.99",tier_1,SGD < 50,std_lt_50,fxRatesSgd,2026-08-28T07:00:17,2026-08-28T07:00:17,2026-08-28T22:30:16.171423+00:00,1.3707,0.0,1.3296,1.3707,MAS,3.0911552346570503,100.0
standardized,ocbc,JOD,SGD,JOD/SGD,1,"SGD 0 – 39,999.99",tier_1,"SGD 200 – 39,999.99",std_200_40k,fxRatesSgd,2026-08-28T07:00:17,2026-08-28T07:00:17,2026-08-28T22:30:16.171423+00:00,0.0,0.0,,0.0,,,
standardized,ocbc,JOD,SGD,JOD/SGD,1,"SGD 40,000 – 100,000",tier_2,"SGD 40,000 – 100,000",std_40k_100k,fxRatesSgd,2026-08-28T07:00:17,2026-08-28T07:00:17,2026-08-28T22:30:16.171423+00:00,0.0,0.0,,0.0,,,
standardized,ocbc,JOD,SGD,JOD/SGD,1,"SGD 0 – 39,999.99",tier_1,SGD 50 – 200,std_50_200,fxRatesSgd,2026-08-28T07:00:17,2026-08-28T07:00:17,2026-08-28T22:30:16.171423+00:00,0.0,0.0,,0.0,,,
standardized,ocbc,JOD,SGD,JOD/SGD,1,"SGD 0 – 39,999.99",tier_1,SGD < 50,std_lt_50,fxRatesSgd,2026-08-28T07:00:17,2026-08-28T07:00:17,2026-08-28T22:30:16.171423+00:00,0.0,0.0,,0.0,,,
standardized,ocbc,JPY,SGD,JPY/SGD,100,"SGD 0 – 39,999.99",tier_1,"SGD 200 – 39,999.99",std_200_40k,fxRatesSgd,2026-08-28T07:00:17,2026-08-28T07:00:17,2026-08-28T22:30:16.171423+00:00,0.8065,0.7867,0.7968,0.7966,MAS,1.2173694779116517,1.2675702811244978
standardized,ocbc,JPY,SGD,JPY/SGD,100,"SGD 40,000 – 100,000",tier_2,"SGD 40,000 – 100,000",std_40k_100k,fxRatesSgd,2026-08-28T07:00:17,2026-08-28T07:00:17,2026-08-28T22:30:16.171423+00:00,0.8057,0.788,0.7968,0.7966,MAS,1.1169678714859461,1.104417670682721
standardized,ocbc,JPY,SGD,JPY/SGD,100,"SGD 0 – 39,999.99",tier_1,SGD 50 – 200,std_50_200,fxRatesSgd,2026-08-28T07:00:17,2026-08-28T07:00:17,2026-08-28T22:30:16.171423+00:00,0.8065,0.7867,0.7968,0.7966,MAS,1.2173694779116517,1.2675702811244978
standardized,ocbc,JPY,SGD,JPY/SGD,100,"SGD 0 – 39,999.99",tier_1,SGD < 50,std_lt_50,fxRatesSgd,2026-08-28T07:00:17,2026-08-28T07:00:17,2026-08-28T22:30:16.171423+00:00,0.8065,0.7867,0.7968,0.7966,MAS,1.2173694779116517,1.2675702811244978
standardized,ocbc,KRW,SGD,KRW/SGD,100,"SGD 0 – 39,999.99",tier_1,"SGD 200 – 39,999.99",std_200_40k,fxRatesSgd,2026-08-28T07:00:17,2026-08-28T07:00:17,2026-08-28T22:30:16.171423+00:00,0.0,0.0,0.0923,0.0,MAS,-100.0,100.0
standardized,ocbc,KRW,SGD,KRW/SGD,100,"SGD 40,000 – 100,000",tier_2,"SGD 40,000 – 100,000",std_40k_100k,fxRatesSgd,2026-08-28T07:00:17,2026-08-28T07:00:17,2026-08-28T22:30:16.171423+00:00,0.0,0.0,0.0923,0.0,MAS,-100.0,100.0
standardized,ocbc,KRW,SGD,KRW/SGD,100,"SGD 0 – 39,999.99",tier_1,SGD 50 – 200,std_50_200,fxRatesSgd,2026-08-28T07:00:17,2026-08-28T07:00:17,2026-08-28T22:30:16.171423+00:00,0.0,0.0,0.0923,0.0,MAS,-100.0,100.0
standardized,ocbc,KRW,SGD,KRW/SGD,100,"SGD 0 – 39,999.99",tier_1,SGD < 50,std_lt_50,fxRatesSgd,2026-08-28T07:00:17,2026-08-28T07:00:17,2026-08-28T22:30:16.171423+00:00,0.0,0.0,0.0923,0.0,MAS,-100.0,100.0
standardized,ocbc,LKR,SGD,LKR/SGD,100,"SGD 0 – 39,999.99",tier_1,"SGD 200 – 39,999.99",std_200_40k,fxRatesSgd,2026-08-28T07:00:17,2026-08-28T07:00:17,2026-08-28T22:30:16.171423+00:00,0.3997,0.0,,0.3997,,,
standardized,ocbc,LKR,SGD,LKR/SGD,100,"SGD 40,000 – 100,000",tier_2,"SGD 40,000 – 100,000",std_40k_100k,fxRatesSgd,2026-08-28T07:00:17,2026-08-28T07:00:17,2026-08-28T22:30:16.171423+00:00,0.3989,0.0,,0.3997,,,
standardized,ocbc,LKR,SGD,LKR/SGD,100,"SGD 0 – 39,999.99",tier_1,SGD 50 – 200,std_50_200,fxRatesSgd,2026-08-28T07:00:17,2026-08-28T07:00:17,2026-08-28T22:30:16.171423+00:00,0.3997,0.0,,0.3997,,,
standardized,ocbc,LKR,SGD,LKR/SGD,100,"SGD 0 – 39,999.99",tier_1,SGD < 50,std_lt_50,fxRatesSgd,2026-08-28T07:00:17,2026-08-28T07:00:17,2026-08-28T22:30:16.171423+00:00,0.3997,0.0,,0.3997,,,
standardized,ocbc,MAD,SGD,MAD/SGD,100,"SGD 0 – 39,999.99",tier_1,"SGD 200 – 39,999.99",std_200_40k,fxRatesSgd,2026-08-28T07:00:17,2026-08-28T07:00:17,2026-08-28T22:30:16.171423+00:00,0.0,0.0,,0.0,,,
standardized,ocbc,MAD,SGD,MAD/SGD,100,"SGD 40,000 – 100,000",tier_2,"SGD 40,000 – 100,000",std_40k_100k,fxRatesSgd,2026-08-28T07:00:17,2026-08-28T07:00:17,2026-08-28T22:30:16.171423+00:00,0.0,0.0,,0.0,,,
standardized,ocbc,MAD,SGD,MAD/SGD,100,"SGD 0 – 39,999.99",tier_1,SGD 50 – 200,std_50_200,fxRatesSgd,2026-08-28T07:00:17,2026-08-28T07:00:17,2026-08-28T22:30:16.171423+00:00,0.0,0.0,,0.0,,,
standardized,ocbc,MAD,SGD,MAD/SGD,100,"SGD 0 – 39,999.99",tier_1,SGD < 50,std_lt_50,fxRatesSgd,2026-08-28T07:00:17,2026-08-28T07:00:17,2026-08-28T22:30:16.171423+00:00,0.0,0.0,,0.0,,,
standardized,ocbc,MXN,SGD,MXN/SGD,100,"SGD 0 – 39,999.99",tier_1,"SGD 200 – 39,999.99",std_200_40k,fxRatesSgd,2026-08-28T07:00:17,2026-08-28T07:00:17,2026-08-28T22:30:16.171423+00:00,7.7194,0.0,,7.7194,,,
standardized,ocbc,MXN,SGD,MXN/SGD,100,"SGD 40,000 – 100,000",tier_2,"SGD 40,000 – 100,000",std_40k_100k,fxRatesSgd,2026-08-28T07:00:17,2026-08-28T07:00:17,2026-08-28T22:30:16.171423+00:00,7.7179,0.0,,7.7194,,,
standardized,ocbc,MXN,SGD,MXN/SGD,100,"SGD 0 – 39,999.99",tier_1,SGD 50 – 200,std_50_200,fxRatesSgd,2026-08-28T07:00:17,2026-08-28T07:00:17,2026-08-28T22:30:16.171423+00:00,7.7194,0.0,,7.7194,,,
standardized,ocbc,MXN,SGD,MXN/SGD,100,"SGD 0 – 39,999.99",tier_1,SGD < 50,std_lt_50,fxRatesSgd,2026-08-28T07:00:17,2026-08-28T07:00:17,2026-08-28T22:30:16.171423+00:00,7.7194,0.0,,7.7194,,,
standardized,ocbc,MYR,SGD,MYR/SGD,100,"SGD 0 – 39,999.99",tier_1,"SGD 200 – 39,999.99",std_200_40k,fxRatesSgd,2026-08-28T07:00:17,2026-08-28T07:00:17,2026-08-28T22:30:16.171423+00:00,0.0,0.0,31.55,0.0,MAS,-100.0,100.0
standardized,ocbc,MYR,SGD,MYR/SGD,100,"SGD 40,000 – 100,000",tier_2,"SGD 40,000 – 100,000",std_40k_100k,fxRatesSgd,2026-08-28T07:00:17,2026-08-28T07:00:17,2026-08-28T22:30:16.171423+00:00,0.0,0.0,31.55,0.0,MAS,-100.0,100.0
standardized,ocbc,MYR,SGD,MYR/SGD,100,"SGD 0 – 39,999.99",tier_1,SGD 50 – 200,std_50_200,fxRatesSgd,2026-08-28T07:00:17,2026-08-28T07:00:17,2026-08-28T22:30:16.171423+00:00,0.0,0.0,31.55,0.0,MAS,-100.0,100.0
standardized,ocbc,MYR,SGD,MYR/SGD,100,"SGD 0 – 39,999.99",tier_1,SGD < 50,std_lt_50,fxRatesSgd,2026-08-28T07:00:17,2026-08-28T07:00:17,2026-08-28T22:30:16.171423+00:00,0.0,0.0,31.55,0.0,MAS,-100.0,100.0
standardized,ocbc,NOK,SGD,NOK/SGD,100,"SGD 0 – 39,999.99",tier_1,"SGD 200 – 39,999.99",std_200_40k,fxRatesSgd,2026-08-28T07:00:17,2026-08-28T07:00:17,2026-08-28T22:30:16.171423+00:00,13.8969,13.4014,,13.6492,,,
standardized,ocbc,NOK,SGD,NOK/SGD,100,"SGD 40,000 – 100,000",tier_2,"SGD 40,000 – 100,000",std_40k_100k,fxRatesSgd,2026-08-28T07:00:17,2026-08-28T07:00:17,2026-08-28T22:30:16.171423+00:00,13.8696,13.4287,,13.6492,,,
standardized,ocbc,NOK,SGD,NOK/SGD,100,"SGD 0 – 39,999.99",tier_1,SGD 50 – 200,std_50_200,fxRatesSgd,2026-08-28T07:00:17,2026-08-28T07:00:17,2026-08-28T22:30:16.171423+00:00,13.8969,13.4014,,13.6492,,,
standardized,ocbc,NOK,SGD,NOK/SGD,100,"SGD 0 – 39,999.99",tier_1,SGD < 50,std_lt_50,fxRatesSgd,2026-08-28T07:00:17,2026-08-28T07:00:17,2026-08-28T22:30:16.171423+00:00,13.8969,13.4014,,13.6492,,,
standardized,ocbc,NZD,SGD,NZD/SGD,1,"SGD 0 – 39,999.99",tier_1,"SGD 200 – 39,999.99",std_200_40k,fxRatesSgd,2026-08-28T07:00:17,2026-08-28T07:00:17,2026-08-28T22:30:16.171423+00:00,0.7722,0.7459,0.7576,0.7591,MAS,1.9271383315733823,1.5443505807814206
standardized,ocbc,NZD,SGD,NZD/SGD,1,"SGD 40,000 – 100,000",tier_2,"SGD 40,000 – 100,000",std_40k_100k,fxRatesSgd,2026-08-28T07:00:17,2026-08-28T07:00:17,2026-08-28T22:30:16.171423+00:00,0.7703,0.7482,0.7576,0.7591,MAS,1.6763463569165697,1.2407602956705484
standardized,ocbc,NZD,SGD,NZD/SGD,1,"SGD 0 – 39,999.99",tier_1,SGD 50 – 200,std_50_200,fxRatesSgd,2026-08-28T07:00:17,2026-08-28T07:00:17,2026-08-28T22:30:16.171423+00:00,0.7722,0.7459,0.7576,0.7591,MAS,1.9271383315733823,1.5443505807814206
standardized,ocbc,NZD,SGD,NZD/SGD,1,"SGD 0 – 39,999.99",tier_1,SGD < 50,std_lt_50,fxRatesSgd,2026-08-28T07:00:17,2026-08-28T07:00:17,2026-08-28T22:30:16.171423+00:00,0.7722,0.7459,0.7576,0.7591,MAS,1.9271383315733823,1.5443505807814206
standardized,ocbc,OMR,SGD,OMR/SGD,1,"SGD 0 – 39,999.99",tier_1,"SGD 200 – 39,999.99",std_200_40k,fxRatesSgd,2026-08-28T07:00:17,2026-08-28T07:00:17,2026-08-28T22:30:16.171423+00:00,0.0,0.0,,0.0,,,
standardized,ocbc,OMR,SGD,OMR/SGD,1,"SGD 40,000 – 100,000",tier_2,"SGD 40,000 – 100,000",std_40k_100k,fxRatesSgd,2026-08-28T07:00:17,2026-08-28T07:00:17,2026-08-28T22:30:16.171423+00:00,0.0,0.0,,0.0,,,
standardized,ocbc,OMR,SGD,OMR/SGD,1,"SGD 0 – 39,999.99",tier_1,SGD 50 – 200,std_50_200,fxRatesSgd,2026-08-28T07:00:17,2026-08-28T07:00:17,2026-08-28T22:30:16.171423+00:00,0.0,0.0,,0.0,,,
standardized,ocbc,OMR,SGD,OMR/SGD,1,"SGD 0 – 39,999.99",tier_1,SGD < 50,std_lt_50,fxRatesSgd,2026-08-28T07:00:17,2026-08-28T07:00:17,2026-08-28T22:30:16.171423+00:00,0.0,0.0,,0.0,,,
standardized,ocbc,PHP,SGD,PHP/SGD,100,"SGD 0 – 39,999.99",tier_1,"SGD 200 – 39,999.99",std_200_40k,fxRatesSgd,2026-08-28T07:00:17,2026-08-28T07:00:17,2026-08-28T22:30:16.171423+00:00,2.1062,0.0,2.0421,2.1062,MAS,3.1389256157876613,100.0
standardized,ocbc,PHP,SGD,PHP/SGD,100,"SGD 40,000 – 100,000",tier_2,"SGD 40,000 – 100,000",std_40k_100k,fxRatesSgd,2026-08-28T07:00:17,2026-08-28T07:00:17,2026-08-28T22:30:16.171423+00:00,2.1052,0.0,2.0421,2.1062,MAS,3.0899564174134437,100.0
standardized,ocbc,PHP,SGD,PHP/SGD,100,"SGD 0 – 39,999.99",tier_1,SGD 50 – 200,std_50_200,fxRatesSgd,2026-08-28T07:00:17,2026-08-28T07:00:17,2026-08-28T22:30:16.171423+00:00,2.1062,0.0,2.0421,2.1062,MAS,3.1389256157876613,100.0
standardized,ocbc,PHP,SGD,PHP/SGD,100,"SGD 0 – 39,999.99",tier_1,SGD < 50,std_lt_50,fxRatesSgd,2026-08-28T07:00:17,2026-08-28T07:00:17,2026-08-28T22:30:16.171423+00:00,2.1062,0.0,2.0421,2.1062,MAS,3.1389256157876613,100.0
standardized,ocbc,PLN,SGD,PLN/SGD,100,"SGD 0 – 39,999.99",tier_1,"SGD 200 – 39,999.99",std_200_40k,fxRatesSgd,2026-08-28T07:00:17,2026-08-28T07:00:17,2026-08-28T22:30:16.171423+00:00,35.2344,33.0348,,34.1346,,,
standardized,ocbc,PLN,SGD,PLN/SGD,100,"SGD 40,000 – 100,000",tier_2,"SGD 40,000 – 100,000",std_40k_100k,fxRatesSgd,2026-08-28T07:00:17,2026-08-28T07:00:17,2026-08-28T22:30:16.171423+00:00,35.217,33.0617,,34.1346,,,
standardized,ocbc,PLN,SGD,PLN/SGD,100,"SGD 0 – 39,999.99",tier_1,SGD 50 – 200,std_50_200,fxRatesSgd,2026-08-28T07:00:17,2026-08-28T07:00:17,2026-08-28T22:30:16.171423+00:00,35.2344,33.0348,,34.1346,,,
standardized,ocbc,PLN,SGD,PLN/SGD,100,"SGD 0 – 39,999.99",tier_1,SGD < 50,std_lt_50,fxRatesSgd,2026-08-28T07:00:17,2026-08-28T07:00:17,2026-08-28T22:30:16.171423+00:00,35.2344,33.0348,,34.1346,,,
standardized,ocbc,QAR,SGD,QAR/SGD,100,"SGD 0 – 39,999.99",tier_1,"SGD 200 – 39,999.99",std_200_40k,fxRatesSgd,2026-08-28T07:00:17,2026-08-28T07:00:17,2026-08-28T22:30:16.171423+00:00,35.861,33.8112,34.85,34.8361,MAS,2.901004304160676,2.9807747489239653
standardized,ocbc,QAR,SGD,QAR/SGD,100,"SGD 40,000 – 100,000",tier_2,"SGD 40,000 – 100,000",std_40k_100k,fxRatesSgd,2026-08-28T07:00:17,2026-08-28T07:00:17,2026-08-28T22:30:16.171423+00:00,35.8398,33.8284,34.85,34.8361,MAS,2.840172166427533,2.931420373027258
standardized,ocbc,QAR,SGD,QAR/SGD,100,"SGD 0 – 39,999.99",tier_1,SGD 50 – 200,std_50_200,fxRatesSgd,2026-08-28T07:00:17,2026-08-28T07:00:17,2026-08-28T22:30:16.171423+00:00,35.861,33.8112,34.85,34.8361,MAS,2.901004304160676,2.9807747489239653
standardized,ocbc,QAR,SGD,QAR/SGD,100,"SGD 0 – 39,999.99",tier_1,SGD < 50,std_lt_50,fxRatesSgd,2026-08-28T07:00:17,2026-08-28T07:00:17,2026-08-28T22:30:16.171423+00:00,35.861,33.8112,34.85,34.8361,MAS,2.901004304160676,2.9807747489239653
standardized,ocbc,RON,SGD,RON/SGD,100,"SGD 0 – 39,999.99",tier_1,"SGD 200 – 39,999.99",std_200_40k,fxRatesSgd,2026-08-28T07:00:17,2026-08-28T07:00:17,2026-08-28T22:30:16.171423+00:00,0.0,0.0,,0.0,,,
standardized,ocbc,RON,SGD,RON/SGD,100,"SGD 40,000 – 100,000",tier_2,"SGD 40,000 – 100,000",std_40k_100k,fxRatesSgd,2026-08-28T07:00:17,2026-08-28T07:00:17,2026-08-28T22:30:16.171423+00:00,0.0,0.0,,0.0,,,
standardized,ocbc,RON,SGD,RON/SGD,100,"SGD 0 – 39,999.99",tier_1,SGD 50 – 200,std_50_200,fxRatesSgd,2026-08-28T07:00:17,2026-08-28T07:00:17,2026-08-28T22:30:16.171423+00:00,0.0,0.0,,0.0,,,
standardized,ocbc,RON,SGD,RON/SGD,100,"SGD 0 – 39,999.99",tier_1,SGD < 50,std_lt_50,fxRatesSgd,2026-08-28T07:00:17,2026-08-28T07:00:17,2026-08-28T22:30:16.171423+00:00,0.0,0.0,,0.0,,,
standardized,ocbc,RUB,SGD,RUB/SGD,100,"SGD 0 – 39,999.99",tier_1,"SGD 200 – 39,999.99",std_200_40k,fxRatesSgd,2026-08-28T07:00:17,2026-08-28T07:00:17,2026-08-28T22:30:16.171423+00:00,0.0,0.0,,0.0,,,
standardized,ocbc,RUB,SGD,RUB/SGD,100,"SGD 40,000 – 100,000",tier_2,"SGD 40,000 – 100,000",std_40k_100k,fxRatesSgd,2026-08-28T07:00:17,2026-08-28T07:00:17,2026-08-28T22:30:16.171423+00:00,0.0,0.0,,0.0,,,
standardized,ocbc,RUB,SGD,RUB/SGD,100,"SGD 0 – 39,999.99",tier_1,SGD 50 – 200,std_50_200,fxRatesSgd,2026-08-28T07:00:17,2026-08-28T07:00:17,2026-08-28T22:30:16.171423+00:00,0.0,0.0,,0.0,,,
standardized,ocbc,RUB,SGD,RUB/SGD,100,"SGD 0 – 39,999.99",tier_1,SGD < 50,std_lt_50,fxRatesSgd,2026-08-28T07:00:17,2026-08-28T07:00:17,2026-08-28T22:30:16.171423+00:00,0.0,0.0,,0.0,,,
standardized,ocbc,SAR,SGD,SAR/SGD,100,"SGD 0 – 39,999.99",tier_1,"SGD 200 – 39,999.99",std_200_40k,fxRatesSgd,2026-08-28T07:00:17,2026-08-28T07:00:17,2026-08-28T22:30:16.171423+00:00,34.7941,32.8782,33.84,33.8362,MAS,2.819444444444435,2.842198581560295
standardized,ocbc,SAR,SGD,SAR/SGD,100,"SGD 40,000 – 100,000",tier_2,"SGD 40,000 – 100,000",std_40k_100k,fxRatesSgd,2026-08-28T07:00:17,2026-08-28T07:00:17,2026-08-28T22:30:16.171423+00:00,34.7769,32.8949,33.84,33.8362,MAS,2.7686170212765786,2.7928486997636037
standardized,ocbc,SAR,SGD,SAR/SGD,100,"SGD 0 – 39,999.99",tier_1,SGD 50 – 200,std_50_200,fxRatesSgd,2026-08-28T07:00:17,2026-08-28T07:00:17,2026-08-28T22:30:16.171423+00:00,34.7941,32.8782,33.84,33.8362,MAS,2.819444444444435,2.842198581560295
standardized,ocbc,SAR,SGD,SAR/SGD,100,"SGD 0 – 39,999.99",tier_1,SGD < 50,std_lt_50,fxRatesSgd,2026-08-28T07:00:17,2026-08-28T07:00:17,2026-08-28T22:30:16.171423+00:00,34.7941,32.8782,33.84,33.8362,MAS,2.819444444444435,2.842198581560295
standardized,ocbc,SEK,SGD,SEK/SGD,100,"SGD 0 – 39,999.99",tier_1,"SGD 200 – 39,999.99",std_200_40k,fxRatesSgd,2026-08-28T07:00:17,2026-08-28T07:00:17,2026-08-28T22:30:16.171423+00:00,13.5964,13.1122,,13.3543,,,
standardized,ocbc,SEK,SGD,SEK/SGD,100,"SGD 40,000 – 100,000",tier_2,"SGD 40,000 – 100,000",std_40k_100k,fxRatesSgd,2026-08-28T07:00:17,2026-08-28T07:00:17,2026-08-28T22:30:16.171423+00:00,13.5697,13.1389,,13.3543,,,
standardized,ocbc,SEK,SGD,SEK/SGD,100,"SGD 0 – 39,999.99",tier_1,SGD 50 – 200,std_50_200,fxRatesSgd,2026-08-28T07:00:17,2026-08-28T07:00:17,2026-08-28T22:30:16.171423+00:00,13.5964,13.1122,,13.3543,,,
standardized,ocbc,SEK,SGD,SEK/SGD,100,"SGD 0 – 39,999.99",tier_1,SGD < 50,std_lt_50,fxRatesSgd,2026-08-28T07:00:17,2026-08-28T07:00:17,2026-08-28T22:30:16.171423+00:00,13.5964,13.1122,,13.3543,,,
standardized,ocbc,THB,SGD,THB/SGD,100,"SGD 0 – 39,999.99",tier_1,"SGD 200 – 39,999.99",std_200_40k,fxRatesSgd,2026-08-28T07:00:17,2026-08-28T07:00:17,2026-08-28T22:30:16.171423+00:00,3.9664,3.7486,3.8502,3.8575,MAS,3.0180250376603834,2.6388239571970264
standardized,ocbc,THB,SGD,THB/SGD,100,"SGD 40,000 – 100,000",tier_2,"SGD 40,000 – 100,000",std_40k_100k,fxRatesSgd,2026-08-28T07:00:17,2026-08-28T07:00:17,2026-08-28T22:30:16.171423+00:00,3.9587,3.7563,3.8502,3.8575,MAS,2.818035426731074,2.4388343462677287
standardized,ocbc,THB,SGD,THB/SGD,100,"SGD 0 – 39,999.99",tier_1,SGD 50 – 200,std_50_200,fxRatesSgd,2026-08-28T07:00:17,2026-08-28T07:00:17,2026-08-28T22:30:16.171423+00:00,3.9664,3.7486,3.8502,3.8575,MAS,3.0180250376603834,2.6388239571970264
standardized,ocbc,THB,SGD,THB/SGD,100,"SGD 0 – 39,999.99",tier_1,SGD < 50,std_lt_50,fxRatesSgd,2026-08-28T07:00:17,2026-08-28T07:00:17,2026-08-28T22:30:16.171423+00:00,3.9664,3.7486,3.8502,3.8575,MAS,3.0180250376603834,2.6388239571970264
standardized,ocbc,TRY,SGD,TRY/SGD,100,"SGD 0 – 39,999.99",tier_1,"SGD 200 – 39,999.99",std_200_40k,fxRatesSgd,2026-08-28T07:00:17,2026-08-28T07:00:17,2026-08-28T22:30:16.171423+00:00,2.7202,2.5805,,2.6504,,,
standardized,ocbc,TRY,SGD,TRY/SGD,100,"SGD 40,000 – 100,000",tier_2,"SGD 40,000 – 100,000",std_40k_100k,fxRatesSgd,2026-08-28T07:00:17,2026-08-28T07:00:17,2026-08-28T22:30:16.171423+00:00,2.7188,2.5807,,2.6504,,,
standardized,ocbc,TRY,SGD,TRY/SGD,100,"SGD 0 – 39,999.99",tier_1,SGD 50 – 200,std_50_200,fxRatesSgd,2026-08-28T07:00:17,2026-08-28T07:00:17,2026-08-28T22:30:16.171423+00:00,2.7202,2.5805,,2.6504,,,
standardized,ocbc,TRY,SGD,TRY/SGD,100,"SGD 0 – 39,999.99",tier_1,SGD < 50,std_lt_50,fxRatesSgd,2026-08-28T07:00:17,2026-08-28T07:00:17,2026-08-28T22:30:16.171423+00:00,2.7202,2.5805,,2.6504,,,
standardized,ocbc,TWD,SGD,TWD/SGD,100,"SGD 0 – 39,999.99",tier_1,"SGD 200 – 39,999.99",std_200_40k,fxRatesSgd,2026-08-28T07:00:17,2026-08-28T07:00:17,2026-08-28T22:30:16.171423+00:00,4.164,0.0,4.0203,4.164,MAS,3.5743601223789256,100.0
standardized,ocbc,TWD,SGD,TWD/SGD,100,"SGD 40,000 – 100,000",tier_2,"SGD 40,000 – 100,000",std_40k_100k,fxRatesSgd,2026-08-28T07:00:17,2026-08-28T07:00:17,2026-08-28T22:30:16.171423+00:00,0.0,0.0,4.0203,4.164,MAS,-100.0,100.0
standardized,ocbc,TWD,SGD,TWD/SGD,100,"SGD 0 – 39,999.99",tier_1,SGD 50 – 200,std_50_200,fxRatesSgd,2026-08-28T07:00:17,2026-08-28T07:00:17,2026-08-28T22:30:16.171423+00:00,4.164,0.0,4.0203,4.164,MAS,3.5743601223789256,100.0
standardized,ocbc,TWD,SGD,TWD/SGD,100,"SGD 0 – 39,999.99",tier_1,SGD < 50,std_lt_50,fxRatesSgd,2026-08-28T07:00:17,2026-08-28T07:00:17,2026-08-28T22:30:16.171423+00:00,4.164,0.0,4.0203,4.164,MAS,3.5743601223789256,100.0
standardized,ocbc,USD,SGD,USD/SGD,1,"SGD 0 – 39,999.99",tier_1,"SGD 200 – 39,999.99",std_200_40k,fxRatesSgd,2026-08-28T07:00:17,2026-08-28T07:00:17,2026-08-28T22:30:16.171423+00:00,1.2829,1.26,1.2706,1.2715,MAS,0.9680465921611819,0.8342515347080075
standardized,ocbc,USD,SGD,USD/SGD,1,"SGD 40,000 – 100,000",tier_2,"SGD 40,000 – 100,000",std_40k_100k,fxRatesSgd,2026-08-28T07:00:17,2026-08-28T07:00:17,2026-08-28T22:30:16.171423+00:00,1.2817,1.261,1.2706,1.2715,MAS,0.8736030221942476,0.7555485597355622
standardized,ocbc,USD,SGD,USD/SGD,1,"SGD 0 – 39,999.99",tier_1,SGD 50 – 200,std_50_200,fxRatesSgd,2026-08-28T07:00:17,2026-08-28T07:00:17,2026-08-28T22:30:16.171423+00:00,1.2829,1.26,1.2706,1.2715,MAS,0.9680465921611819,0.8342515347080075
standardized,ocbc,USD,SGD,USD/SGD,1,"SGD 0 – 39,999.99",tier_1,SGD < 50,std_lt_50,fxRatesSgd,2026-08-28T07:00:17,2026-08-28T07:00:17,2026-08-28T22:30:16.171423+00:00,1.2829,1.26,1.2706,1.2715,MAS,0.9680465921611819,0.8342515347080075
standardized,ocbc,ZAR,SGD,ZAR/SGD,100,"SGD 0 – 39,999.99",tier_1,"SGD 200 – 39,999.99",std_200_40k,fxRatesSgd,2026-08-28T07:00:17,2026-08-28T07:00:17,2026-08-28T22:30:16.171423+00:00,8.1868,7.7055,,7.9462,,,
standardized,ocbc,ZAR,SGD,ZAR/SGD,100,"SGD 40,000 – 100,000",tier_2,"SGD 40,000 – 100,000",std_40k_100k,fxRatesSgd,2026-08-28T07:00:17,2026-08-28T07:00:17,2026-08-28T22:30:16.171423+00:00,8.1828,7.7095,,7.9462,,,
standardized,ocbc,ZAR,SGD,ZAR/SGD,100,"SGD 0 – 39,999.99",tier_1,SGD 50 – 200,std_50_200,fxRatesSgd,2026-08-28T07:00:17,2026-08-28T07:00:17,2026-08-28T22:30:16.171423+00:00,8.1868,7.7055,,7.9462,,,
standardized,ocbc,ZAR,SGD,ZAR/SGD,100,"SGD 0 – 39,999.99",tier_1,SGD < 50,std_lt_50,fxRatesSgd,2026-08-28T07:00:17,2026-08-28T07:00:17,2026-08-28T22:30:16.171423+00:00,8.1868,7.7055,,7.9462,,,
standardized,uob,AED,SGD,AED/SGD,100,Indicative board,board,"SGD 200 – 39,999.99",std_200_40k,forex_sgd,28 August 2026 06:03:33 PM,28 August 2026 06:03:33 PM,2026-08-28T22:30:17.824915+00:00,35.45,33.75,34.59,34.6,MAS,2.486267707429891,2.428447528187347
standardized,uob,AED,SGD,AED/SGD,100,Indicative board,board,"SGD 40,000 – 100,000",std_40k_100k,forex_sgd,28 August 2026 06:03:33 PM,28 August 2026 06:03:33 PM,2026-08-28T22:30:17.824915+00:00,35.45,33.75,34.59,34.6,MAS,2.486267707429891,2.428447528187347
standardized,uob,AED,SGD,AED/SGD,100,Indicative board,board,SGD 50 – 200,std_50_200,forex_sgd,28 August 2026 06:03:33 PM,28 August 2026 06:03:33 PM,2026-08-28T22:30:17.824915+00:00,35.45,33.75,34.59,34.6,MAS,2.486267707429891,2.428447528187347
standardized,uob,AED,SGD,AED/SGD,100,Indicative board,board,SGD < 50,std_lt_50,forex_sgd,28 August 2026 06:03:33 PM,28 August 2026 06:03:33 PM,2026-08-28T22:30:17.824915+00:00,35.45,33.75,34.59,34.6,MAS,2.486267707429891,2.428447528187347
standardized,uob,AOA,SGD,AOA/SGD,100,Indicative board,board,"SGD 200 – 39,999.99",std_200_40k,forex_sgd,28 August 2026 06:03:33 PM,28 August 2026 06:03:33 PM,2026-08-28T22:30:17.824915+00:00,0.1429,,,,,,
standardized,uob,AOA,SGD,AOA/SGD,100,Indicative board,board,"SGD 40,000 – 100,000",std_40k_100k,forex_sgd,28 August 2026 06:03:33 PM,28 August 2026 06:03:33 PM,2026-08-28T22:30:17.824915+00:00,0.1429,,,,,,
standardized,uob,AOA,SGD,AOA/SGD,100,Indicative board,board,SGD 50 – 200,std_50_200,forex_sgd,28 August 2026 06:03:33 PM,28 August 2026 06:03:33 PM,2026-08-28T22:30:17.824915+00:00,0.1429,,,,,,
standardized,uob,AOA,SGD,AOA/SGD,100,Indicative board,board,SGD < 50,std_lt_50,forex_sgd,28 August 2026 06:03:33 PM,28 August 2026 06:03:33 PM,2026-08-28T22:30:17.824915+00:00,0.1429,,,,,,
standardized,uob,AUD,SGD,AUD/SGD,1,Indicative board,board,"SGD 200 – 39,999.99",std_200_40k,forex_sgd,28 August 2026 06:03:33 PM,28 August 2026 06:03:33 PM,2026-08-28T22:30:17.824915+00:00,0.9301,0.8991,0.9148999999999999,0.9146000000000001,MAS,1.6613837577877477,1.726964695595139
standardized,uob,AUD,SGD,AUD/SGD,1,Indicative board,board,"SGD 40,000 – 100,000",std_40k_100k,forex_sgd,28 August 2026 06:03:33 PM,28 August 2026 06:03:33 PM,2026-08-28T22:30:17.824915+00:00,0.9301,0.8991,0.9148999999999999,0.9146000000000001,MAS,1.6613837577877477,1.726964695595139
standardized,uob,AUD,SGD,AUD/SGD,1,Indicative board,board,SGD 50 – 200,std_50_200,forex_sgd,28 August 2026 06:03:33 PM,28 August 2026 06:03:33 PM,2026-08-28T22:30:17.824915+00:00,0.9301,0.8991,0.9148999999999999,0.9146000000000001,MAS,1.6613837577877477,1.726964695595139
standardized,uob,AUD,SGD,AUD/SGD,1,Indicative board,board,SGD < 50,std_lt_50,forex_sgd,28 August 2026 06:03:33 PM,28 August 2026 06:03:33 PM,2026-08-28T22:30:17.824915+00:00,0.9301,0.8991,0.9148999999999999,0.9146000000000001,MAS,1.6613837577877477,1.726964695595139
standardized,uob,BDT,SGD,BDT/SGD,100,Indicative board,board,"SGD 200 – 39,999.99",std_200_40k,forex_sgd,28 August 2026 06:03:33 PM,28 August 2026 06:03:33 PM,2026-08-28T22:30:17.824915+00:00,1.0623,,,,,,
standardized,uob,BDT,SGD,BDT/SGD,100,Indicative board,board,"SGD 40,000 – 100,000",std_40k_100k,forex_sgd,28 August 2026 06:03:33 PM,28 August 2026 06:03:33 PM,2026-08-28T22:30:17.824915+00:00,1.0623,,,,,,
standardized,uob,BDT,SGD,BDT/SGD,100,Indicative board,board,SGD 50 – 200,std_50_200,forex_sgd,28 August 2026 06:03:33 PM,28 August 2026 06:03:33 PM,2026-08-28T22:30:17.824915+00:00,1.0623,,,,,,
standardized,uob,BDT,SGD,BDT/SGD,100,Indicative board,board,SGD < 50,std_lt_50,forex_sgd,28 August 2026 06:03:33 PM,28 August 2026 06:03:33 PM,2026-08-28T22:30:17.824915+00:00,1.0623,,,,,,
standardized,uob,BND,SGD,BND/SGD,1,Indicative board,board,"SGD 200 – 39,999.99",std_200_40k,forex_sgd,28 August 2026 06:03:33 PM,28 August 2026 06:03:33 PM,2026-08-28T22:30:17.824915+00:00,1.0,1.0,,1.0,,,
standardized,uob,BND,SGD,BND/SGD,1,Indicative board,board,"SGD 40,000 – 100,000",std_40k_100k,forex_sgd,28 August 2026 06:03:33 PM,28 August 2026 06:03:33 PM,2026-08-28T22:30:17.824915+00:00,1.0,1.0,,1.0,,,
standardized,uob,BND,SGD,BND/SGD,1,Indicative board,board,SGD 50 – 200,std_50_200,forex_sgd,28 August 2026 06:03:33 PM,28 August 2026 06:03:33 PM,2026-08-28T22:30:17.824915+00:00,1.0,1.0,,1.0,,,
standardized,uob,BND,SGD,BND/SGD,1,Indicative board,board,SGD < 50,std_lt_50,forex_sgd,28 August 2026 06:03:33 PM,28 August 2026 06:03:33 PM,2026-08-28T22:30:17.824915+00:00,1.0,1.0,,1.0,,,
standardized,uob,CAD,SGD,CAD/SGD,1,Indicative board,board,"SGD 200 – 39,999.99",std_200_40k,forex_sgd,28 August 2026 06:03:33 PM,28 August 2026 06:03:33 PM,2026-08-28T22:30:17.824915+00:00,0.927,0.907,0.9173,0.917,MAS,1.0574512155238245,1.122860569061373
standardized,uob,CAD,SGD,CAD/SGD,1,Indicative board,board,"SGD 40,000 – 100,000",std_40k_100k,forex_sgd,28 August 2026 06:03:33 PM,28 August 2026 06:03:33 PM,2026-08-28T22:30:17.824915+00:00,0.927,0.907,0.9173,0.917,MAS,1.0574512155238245,1.122860569061373
standardized,uob,CAD,SGD,CAD/SGD,1,Indicative board,board,SGD 50 – 200,std_50_200,forex_sgd,28 August 2026 06:03:33 PM,28 August 2026 06:03:33 PM,2026-08-28T22:30:17.824915+00:00,0.927,0.907,0.9173,0.917,MAS,1.0574512155238245,1.122860569061373
standardized,uob,CAD,SGD,CAD/SGD,1,Indicative board,board,SGD < 50,std_lt_50,forex_sgd,28 August 2026 06:03:33 PM,28 August 2026 06:03:33 PM,2026-08-28T22:30:17.824915+00:00,0.927,0.907,0.9173,0.917,MAS,1.0574512155238245,1.122860569061373
standardized,uob,CHF,SGD,CHF/SGD,100,Indicative board,board,"SGD 200 – 39,999.99",std_200_40k,forex_sgd,28 August 2026 06:03:33 PM,28 August 2026 06:03:33 PM,2026-08-28T22:30:17.824915+00:00,159.77,156.47,157.88,158.12,MAS,1.1971117304281826,0.893083354446413
standardized,uob,CHF,SGD,CHF/SGD,100,Indicative board,board,"SGD 40,000 – 100,000",std_40k_100k,forex_sgd,28 August 2026 06:03:33 PM,28 August 2026 06:03:33 PM,2026-08-28T22:30:17.824915+00:00,159.77,156.47,157.88,158.12,MAS,1.1971117304281826,0.893083354446413
standardized,uob,CHF,SGD,CHF/SGD,100,Indicative board,board,SGD 50 – 200,std_50_200,forex_sgd,28 August 2026 06:03:33 PM,28 August 2026 06:03:33 PM,2026-08-28T22:30:17.824915+00:00,159.77,156.47,157.88,158.12,MAS,1.1971117304281826,0.893083354446413
standardized,uob,CHF,SGD,CHF/SGD,100,Indicative board,board,SGD < 50,std_lt_50,forex_sgd,28 August 2026 06:03:33 PM,28 August 2026 06:03:33 PM,2026-08-28T22:30:17.824915+00:00,159.77,156.47,157.88,158.12,MAS,1.1971117304281826,0.893083354446413
standardized,uob,CNH,SGD,CNH/SGD,100,Indicative board,board,"SGD 200 – 39,999.99",std_200_40k,forex_sgd,28 August 2026 06:03:33 PM,28 August 2026 06:03:33 PM,2026-08-28T22:30:17.824915+00:00,19.14,18.68,,18.91,,,
standardized,uob,CNH,SGD,CNH/SGD,100,Indicative board,board,"SGD 40,000 – 100,000",std_40k_100k,forex_sgd,28 August 2026 06:03:33 PM,28 August 2026 06:03:33 PM,2026-08-28T22:30:17.824915+00:00,19.14,18.68,,18.91,,,
standardized,uob,CNH,SGD,CNH/SGD,100,Indicative board,board,SGD 50 – 200,std_50_200,forex_sgd,28 August 2026 06:03:33 PM,28 August 2026 06:03:33 PM,2026-08-28T22:30:17.824915+00:00,19.14,18.68,,18.91,,,
standardized,uob,CNH,SGD,CNH/SGD,100,Indicative board,board,SGD < 50,std_lt_50,forex_sgd,28 August 2026 06:03:33 PM,28 August 2026 06:03:33 PM,2026-08-28T22:30:17.824915+00:00,19.14,18.68,,18.91,,,
standardized,uob,DKK,SGD,DKK/SGD,100,Indicative board,board,"SGD 200 – 39,999.99",std_200_40k,forex_sgd,28 August 2026 06:03:33 PM,28 August 2026 06:03:33 PM,2026-08-28T22:30:17.824915+00:00,20.14,19.44,,19.79,,,
standardized,uob,DKK,SGD,DKK/SGD,100,Indicative board,board,"SGD 40,000 – 100,000",std_40k_100k,forex_sgd,28 August 2026 06:03:33 PM,28 August 2026 06:03:33 PM,2026-08-28T22:30:17.824915+00:00,20.14,19.44,,19.79,,,
standardized,uob,DKK,SGD,DKK/SGD,100,Indicative board,board,SGD 50 – 200,std_50_200,forex_sgd,28 August 2026 06:03:33 PM,28 August 2026 06:03:33 PM,2026-08-28T22:30:17.824915+00:00,20.14,19.44,,19.79,,,
standardized,uob,DKK,SGD,DKK/SGD,100,Indicative board,board,SGD < 50,std_lt_50,forex_sgd,28 August 2026 06:03:33 PM,28 August 2026 06:03:33 PM,2026-08-28T22:30:17.824915+00:00,20.14,19.44,,19.79,,,
standardized,uob,EGP,SGD,EGP/SGD,100,Indicative board,board,"SGD 200 – 39,999.99",std_200_40k,forex_sgd,28 August 2026 06:03:33 PM,28 August 2026 06:03:33 PM,2026-08-28T22:30:17.824915+00:00,2.5986,,,,,,
standardized,uob,EGP,SGD,EGP/SGD,100,Indicative board,board,"SGD 40,000 – 100,000",std_40k_100k,forex_sgd,28 August 2026 06:03:33 PM,28 August 2026 06:03:33 PM,2026-08-28T22:30:17.824915+00:00,2.5986,,,,,,
standardized,uob,EGP,SGD,EGP/SGD,100,Indicative board,board,SGD 50 – 200,std_50_200,forex_sgd,28 August 2026 06:03:33 PM,28 August 2026 06:03:33 PM,2026-08-28T22:30:17.824915+00:00,2.5986,,,,,,
standardized,uob,EGP,SGD,EGP/SGD,100,Indicative board,board,SGD < 50,std_lt_50,forex_sgd,28 August 2026 06:03:33 PM,28 August 2026 06:03:33 PM,2026-08-28T22:30:17.824915+00:00,2.5986,,,,,,
standardized,uob,EUR,SGD,EUR/SGD,1,Indicative board,board,"SGD 200 – 39,999.99",std_200_40k,forex_sgd,28 August 2026 06:03:33 PM,28 August 2026 06:03:33 PM,2026-08-28T22:30:17.824915+00:00,1.4983,1.4603,1.4797,1.4792999999999998,MAS,1.2570115563965634,1.3110765695749194
standardized,uob,EUR,SGD,EUR/SGD,1,Indicative board,board,"SGD 40,000 – 100,000",std_40k_100k,forex_sgd,28 August 2026 06:03:33 PM,28 August 2026 06:03:33 PM,2026-08-28T22:30:17.824915+00:00,1.4983,1.4603,1.4797,1.4792999999999998,MAS,1.2570115563965634,1.3110765695749194
standardized,uob,EUR,SGD,EUR/SGD,1,Indicative board,board,SGD 50 – 200,std_50_200,forex_sgd,28 August 2026 06:03:33 PM,28 August 2026 06:03:33 PM,2026-08-28T22:30:17.824915+00:00,1.4983,1.4603,1.4797,1.4792999999999998,MAS,1.2570115563965634,1.3110765695749194
standardized,uob,EUR,SGD,EUR/SGD,1,Indicative board,board,SGD < 50,std_lt_50,forex_sgd,28 August 2026 06:03:33 PM,28 August 2026 06:03:33 PM,2026-08-28T22:30:17.824915+00:00,1.4983,1.4603,1.4797,1.4792999999999998,MAS,1.2570115563965634,1.3110765695749194
standardized,uob,GBP,SGD,GBP/SGD,1,Indicative board,board,"SGD 200 – 39,999.99",std_200_40k,forex_sgd,28 August 2026 06:03:33 PM,28 August 2026 06:03:33 PM,2026-08-28T22:30:17.824915+00:00,1.7486,1.7036,1.7267,1.7261,MAS,1.2683152834887377,1.3378120113511265
standardized,uob,GBP,SGD,GBP/SGD,1,Indicative board,board,"SGD 40,000 – 100,000",std_40k_100k,forex_sgd,28 August 2026 06:03:33 PM,28 August 2026 06:03:33 PM,2026-08-28T22:30:17.824915+00:00,1.7486,1.7036,1.7267,1.7261,MAS,1.2683152834887377,1.3378120113511265
standardized,uob,GBP,SGD,GBP/SGD,1,Indicative board,board,SGD 50 – 200,std_50_200,forex_sgd,28 August 2026 06:03:33 PM,28 August 2026 06:03:33 PM,2026-08-28T22:30:17.824915+00:00,1.7486,1.7036,1.7267,1.7261,MAS,1.2683152834887377,1.3378120113511265
standardized,uob,GBP,SGD,GBP/SGD,1,Indicative board,board,SGD < 50,std_lt_50,forex_sgd,28 August 2026 06:03:33 PM,28 August 2026 06:03:33 PM,2026-08-28T22:30:17.824915+00:00,1.7486,1.7036,1.7267,1.7261,MAS,1.2683152834887377,1.3378120113511265
standardized,uob,HKD,SGD,HKD/SGD,100,Indicative board,board,"SGD 200 – 39,999.99",std_200_40k,forex_sgd,28 August 2026 06:03:33 PM,28 August 2026 06:03:33 PM,2026-08-28T22:30:17.824915+00:00,16.389,16.031,16.21,16.21,MAS,1.1042566317088123,1.1042566317088343
standardized,uob,HKD,SGD,HKD/SGD,100,Indicative board,board,"SGD 40,000 – 100,000",std_40k_100k,forex_sgd,28 August 2026 06:03:33 PM,28 August 2026 06:03:33 PM,2026-08-28T22:30:17.824915+00:00,16.389,16.031,16.21,16.21,MAS,1.1042566317088123,1.1042566317088343
standardized,uob,HKD,SGD,HKD/SGD,100,Indicative board,board,SGD 50 – 200,std_50_200,forex_sgd,28 August 2026 06:03:33 PM,28 August 2026 06:03:33 PM,2026-08-28T22:30:17.824915+00:00,16.389,16.031,16.21,16.21,MAS,1.1042566317088123,1.1042566317088343
standardized,uob,HKD,SGD,HKD/SGD,100,Indicative board,board,SGD < 50,std_lt_50,forex_sgd,28 August 2026 06:03:33 PM,28 August 2026 06:03:33 PM,2026-08-28T22:30:17.824915+00:00,16.389,16.031,16.21,16.21,MAS,1.1042566317088123,1.1042566317088343
standardized,uob,INR,SGD,INR/SGD,100,Indicative board,board,"SGD 200 – 39,999.99",std_200_40k,forex_sgd,28 August 2026 06:03:33 PM,28 August 2026 06:03:33 PM,2026-08-28T22:30:17.824915+00:00,1.3689,,1.3296,,MAS,2.9557761732852073,
standardized,uob,INR,SGD,INR/SGD,100,Indicative board,board,"SGD 40,000 – 100,000",std_40k_100k,forex_sgd,28 August 2026 06:03:33 PM,28 August 2026 06:03:33 PM,2026-08-28T22:30:17.824915+00:00,1.3689,,1.3296,,MAS,2.9557761732852073,
standardized,uob,INR,SGD,INR/SGD,100,Indicative board,board,SGD 50 – 200,std_50_200,forex_sgd,28 August 2026 06:03:33 PM,28 August 2026 06:03:33 PM,2026-08-28T22:30:17.824915+00:00,1.3689,,1.3296,,MAS,2.9557761732852073,
standardized,uob,INR,SGD,INR/SGD,100,Indicative board,board,SGD < 50,std_lt_50,forex_sgd,28 August 2026 06:03:33 PM,28 August 2026 06:03:33 PM,2026-08-28T22:30:17.824915+00:00,1.3689,,1.3296,,MAS,2.9557761732852073,
standardized,uob,JPY,SGD,JPY/SGD,100,Indicative board,board,"SGD 200 – 39,999.99",std_200_40k,forex_sgd,28 August 2026 06:03:33 PM,28 August 2026 06:03:33 PM,2026-08-28T22:30:17.824915+00:00,0.8129,0.7789,0.7968,0.7959,MAS,2.0205823293172696,2.24648594377509
standardized,uob,JPY,SGD,JPY/SGD,100,Indicative board,board,"SGD 40,000 – 100,000",std_40k_100k,forex_sgd,28 August 2026 06:03:33 PM,28 August 2026 06:03:33 PM,2026-08-28T22:30:17.824915+00:00,0.8129,0.7789,0.7968,0.7959,MAS,2.0205823293172696,2.24648594377509
standardized,uob,JPY,SGD,JPY/SGD,100,Indicative board,board,SGD 50 – 200,std_50_200,forex_sgd,28 August 2026 06:03:33 PM,28 August 2026 06:03:33 PM,2026-08-28T22:30:17.824915+00:00,0.8129,0.7789,0.7968,0.7959,MAS,2.0205823293172696,2.24648594377509
standardized,uob,JPY,SGD,JPY/SGD,100,Indicative board,board,SGD < 50,std_lt_50,forex_sgd,28 August 2026 06:03:33 PM,28 August 2026 06:03:33 PM,2026-08-28T22:30:17.824915+00:00,0.8129,0.7789,0.7968,0.7959,MAS,2.0205823293172696,2.24648594377509
standardized,uob,KRW,SGD,KRW/SGD,1000,Indicative board,board,"SGD 200 – 39,999.99",std_200_40k,forex_sgd,28 August 2026 06:03:33 PM,28 August 2026 06:03:33 PM,2026-08-28T22:30:17.824915+00:00,0.9339,,0.9229999999999999,,MAS,1.1809317443120284,
standardized,uob,KRW,SGD,KRW/SGD,1000,Indicative board,board,"SGD 40,000 – 100,000",std_40k_100k,forex_sgd,28 August 2026 06:03:33 PM,28 August 2026 06:03:33 PM,2026-08-28T22:30:17.824915+00:00,0.9339,,0.9229999999999999,,MAS,1.1809317443120284,
standardized,uob,KRW,SGD,KRW/SGD,1000,Indicative board,board,SGD 50 – 200,std_50_200,forex_sgd,28 August 2026 06:03:33 PM,28 August 2026 06:03:33 PM,2026-08-28T22:30:17.824915+00:00,0.9339,,0.9229999999999999,,MAS,1.1809317443120284,
standardized,uob,KRW,SGD,KRW/SGD,1000,Indicative board,board,SGD < 50,std_lt_50,forex_sgd,28 August 2026 06:03:33 PM,28 August 2026 06:03:33 PM,2026-08-28T22:30:17.824915+00:00,0.9339,,0.9229999999999999,,MAS,1.1809317443120284,
standardized,uob,KWD,SGD,KWD/SGD,1,Indicative board,board,"SGD 200 – 39,999.99",std_200_40k,forex_sgd,28 August 2026 06:03:33 PM,28 August 2026 06:03:33 PM,2026-08-28T22:30:17.824915+00:00,4.1794,,,,,,
standardized,uob,KWD,SGD,KWD/SGD,1,Indicative board,board,"SGD 40,000 – 100,000",std_40k_100k,forex_sgd,28 August 2026 06:03:33 PM,28 August 2026 06:03:33 PM,2026-08-28T22:30:17.824915+00:00,4.1794,,,,,,
standardized,uob,KWD,SGD,KWD/SGD,1,Indicative board,board,SGD 50 – 200,std_50_200,forex_sgd,28 August 2026 06:03:33 PM,28 August 2026 06:03:33 PM,2026-08-28T22:30:17.824915+00:00,4.1794,,,,,,
standardized,uob,KWD,SGD,KWD/SGD,1,Indicative board,board,SGD < 50,std_lt_50,forex_sgd,28 August 2026 06:03:33 PM,28 August 2026 06:03:33 PM,2026-08-28T22:30:17.824915+00:00,4.1794,,,,,,
standardized,uob,LKR,SGD,LKR/SGD,100,Indicative board,board,"SGD 200 – 39,999.99",std_200_40k,forex_sgd,28 August 2026 06:03:33 PM,28 August 2026 06:03:33 PM,2026-08-28T22:30:17.824915+00:00,0.3931,,,,,,
standardized,uob,LKR,SGD,LKR/SGD,100,Indicative board,board,"SGD 40,000 – 100,000",std_40k_100k,forex_sgd,28 August 2026 06:03:33 PM,28 August 2026 06:03:33 PM,2026-08-28T22:30:17.824915+00:00,0.3931,,,,,,
standardized,uob,LKR,SGD,LKR/SGD,100,Indicative board,board,SGD 50 – 200,std_50_200,forex_sgd,28 August 2026 06:03:33 PM,28 August 2026 06:03:33 PM,2026-08-28T22:30:17.824915+00:00,0.3931,,,,,,
standardized,uob,LKR,SGD,LKR/SGD,100,Indicative board,board,SGD < 50,std_lt_50,forex_sgd,28 August 2026 06:03:33 PM,28 August 2026 06:03:33 PM,2026-08-28T22:30:17.824915+00:00,0.3931,,,,,,
standardized,uob,MXN,SGD,MXN/SGD,100,Indicative board,board,"SGD 200 – 39,999.99",std_200_40k,forex_sgd,28 August 2026 06:03:33 PM,28 August 2026 06:03:33 PM,2026-08-28T22:30:17.824915+00:00,7.5563,,,,,,
standardized,uob,MXN,SGD,MXN/SGD,100,Indicative board,board,"SGD 40,000 – 100,000",std_40k_100k,forex_sgd,28 August 2026 06:03:33 PM,28 August 2026 06:03:33 PM,2026-08-28T22:30:17.824915+00:00,7.5563,,,,,,
standardized,uob,MXN,SGD,MXN/SGD,100,Indicative board,board,SGD 50 – 200,std_50_200,forex_sgd,28 August 2026 06:03:33 PM,28 August 2026 06:03:33 PM,2026-08-28T22:30:17.824915+00:00,7.5563,,,,,,
standardized,uob,MXN,SGD,MXN/SGD,100,Indicative board,board,SGD < 50,std_lt_50,forex_sgd,28 August 2026 06:03:33 PM,28 August 2026 06:03:33 PM,2026-08-28T22:30:17.824915+00:00,7.5563,,,,,,
standardized,uob,MYR,SGD,MYR/SGD,100,Indicative board,board,"SGD 200 – 39,999.99",std_200_40k,forex_sgd,28 August 2026 06:03:33 PM,28 August 2026 06:03:33 PM,2026-08-28T22:30:17.824915+00:00,32.0307,,31.55,,MAS,1.52361331220286,
standardized,uob,MYR,SGD,MYR/SGD,100,Indicative board,board,"SGD 40,000 – 100,000",std_40k_100k,forex_sgd,28 August 2026 06:03:33 PM,28 August 2026 06:03:33 PM,2026-08-28T22:30:17.824915+00:00,32.0307,,31.55,,MAS,1.52361331220286,
standardized,uob,MYR,SGD,MYR/SGD,100,Indicative board,board,SGD 50 – 200,std_50_200,forex_sgd,28 August 2026 06:03:33 PM,28 August 2026 06:03:33 PM,2026-08-28T22:30:17.824915+00:00,32.0307,,31.55,,MAS,1.52361331220286,
standardized,uob,MYR,SGD,MYR/SGD,100,Indicative board,board,SGD < 50,std_lt_50,forex_sgd,28 August 2026 06:03:33 PM,28 August 2026 06:03:33 PM,2026-08-28T22:30:17.824915+00:00,32.0307,,31.55,,MAS,1.52361331220286,
standardized,uob,NOK,SGD,NOK/SGD,100,Indicative board,board,"SGD 200 – 39,999.99",std_200_40k,forex_sgd,28 August 2026 06:03:33 PM,28 August 2026 06:03:33 PM,2026-08-28T22:30:17.824915+00:00,13.85,13.41,,13.629999999999999,,,
standardized,uob,NOK,SGD,NOK/SGD,100,Indicative board,board,"SGD 40,000 – 100,000",std_40k_100k,forex_sgd,28 August 2026 06:03:33 PM,28 August 2026 06:03:33 PM,2026-08-28T22:30:17.824915+00:00,13.85,13.41,,13.629999999999999,,,
standardized,uob,NOK,SGD,NOK/SGD,100,Indicative board,board,SGD 50 – 200,std_50_200,forex_sgd,28 August 2026 06:03:33 PM,28 August 2026 06:03:33 PM,2026-08-28T22:30:17.824915+00:00,13.85,13.41,,13.629999999999999,,,
standardized,uob,NOK,SGD,NOK/SGD,100,Indicative board,board,SGD < 50,std_lt_50,forex_sgd,28 August 2026 06:03:33 PM,28 August 2026 06:03:33 PM,2026-08-28T22:30:17.824915+00:00,13.85,13.41,,13.629999999999999,,,
standardized,uob,NZD,SGD,NZD/SGD,1,Indicative board,board,"SGD 200 – 39,999.99",std_200_40k,forex_sgd,28 August 2026 06:03:33 PM,28 August 2026 06:03:33 PM,2026-08-28T22:30:17.824915+00:00,0.7661,0.7461,0.7576,0.7561,MAS,1.121964097148885,1.5179514255543909
standardized,uob,NZD,SGD,NZD/SGD,1,Indicative board,board,"SGD 40,000 – 100,000",std_40k_100k,forex_sgd,28 August 2026 06:03:33 PM,28 August 2026 06:03:33 PM,2026-08-28T22:30:17.824915+00:00,0.7661,0.7461,0.7576,0.7561,MAS,1.121964097148885,1.5179514255543909
standardized,uob,NZD,SGD,NZD/SGD,1,Indicative board,board,SGD 50 – 200,std_50_200,forex_sgd,28 August 2026 06:03:33 PM,28 August 2026 06:03:33 PM,2026-08-28T22:30:17.824915+00:00,0.7661,0.7461,0.7576,0.7561,MAS,1.121964097148885,1.5179514255543909
standardized,uob,NZD,SGD,NZD/SGD,1,Indicative board,board,SGD < 50,std_lt_50,forex_sgd,28 August 2026 06:03:33 PM,28 August 2026 06:03:33 PM,2026-08-28T22:30:17.824915+00:00,0.7661,0.7461,0.7576,0.7561,MAS,1.121964097148885,1.5179514255543909
standardized,uob,PHP,SGD,PHP/SGD,100,Indicative board,board,"SGD 200 – 39,999.99",std_200_40k,forex_sgd,28 August 2026 06:03:33 PM,28 August 2026 06:03:33 PM,2026-08-28T22:30:17.824915+00:00,2.0881,,2.0421,,MAS,2.2525831252142314,
standardized,uob,PHP,SGD,PHP/SGD,100,Indicative board,board,"SGD 40,000 – 100,000",std_40k_100k,forex_sgd,28 August 2026 06:03:33 PM,28 August 2026 06:03:33 PM,2026-08-28T22:30:17.824915+00:00,2.0881,,2.0421,,MAS,2.2525831252142314,
standardized,uob,PHP,SGD,PHP/SGD,100,Indicative board,board,SGD 50 – 200,std_50_200,forex_sgd,28 August 2026 06:03:33 PM,28 August 2026 06:03:33 PM,2026-08-28T22:30:17.824915+00:00,2.0881,,2.0421,,MAS,2.2525831252142314,
standardized,uob,PHP,SGD,PHP/SGD,100,Indicative board,board,SGD < 50,std_lt_50,forex_sgd,28 August 2026 06:03:33 PM,28 August 2026 06:03:33 PM,2026-08-28T22:30:17.824915+00:00,2.0881,,2.0421,,MAS,2.2525831252142314,
standardized,uob,PKR,SGD,PKR/SGD,100,Indicative board,board,"SGD 200 – 39,999.99",std_200_40k,forex_sgd,28 August 2026 06:03:33 PM,28 August 2026 06:03:33 PM,2026-08-28T22:30:17.824915+00:00,0.4643,,,,,,
standardized,uob,PKR,SGD,PKR/SGD,100,Indicative board,board,"SGD 40,000 – 100,000",std_40k_100k,forex_sgd,28 August 2026 06:03:33 PM,28 August 2026 06:03:33 PM,2026-08-28T22:30:17.824915+00:00,0.4643,,,,,,
standardized,uob,PKR,SGD,PKR/SGD,100,Indicative board,board,SGD 50 – 200,std_50_200,forex_sgd,28 August 2026 06:03:33 PM,28 August 2026 06:03:33 PM,2026-08-28T22:30:17.824915+00:00,0.4643,,,,,,
standardized,uob,PKR,SGD,PKR/SGD,100,Indicative board,board,SGD < 50,std_lt_50,forex_sgd,28 August 2026 06:03:33 PM,28 August 2026 06:03:33 PM,2026-08-28T22:30:17.824915+00:00,0.4643,,,,,,
standardized,uob,SAR,SGD,SAR/SGD,100,Indicative board,board,"SGD 200 – 39,999.99",std_200_40k,forex_sgd,28 August 2026 06:03:33 PM,28 August 2026 06:03:33 PM,2026-08-28T22:30:17.824915+00:00,,,33.84,,MAS,,
standardized,uob,SAR,SGD,SAR/SGD,100,Indicative board,board,"SGD 40,000 – 100,000",std_40k_100k,forex_sgd,28 August 2026 06:03:33 PM,28 August 2026 06:03:33 PM,2026-08-28T22:30:17.824915+00:00,,,33.84,,MAS,,
standardized,uob,SAR,SGD,SAR/SGD,100,Indicative board,board,SGD 50 – 200,std_50_200,forex_sgd,28 August 2026 06:03:33 PM,28 August 2026 06:03:33 PM,2026-08-28T22:30:17.824915+00:00,,,33.84,,MAS,,
standardized,uob,SAR,SGD,SAR/SGD,100,Indicative board,board,SGD < 50,std_lt_50,forex_sgd,28 August 2026 06:03:33 PM,28 August 2026 06:03:33 PM,2026-08-28T22:30:17.824915+00:00,,,33.84,,MAS,,
standardized,uob,SEK,SGD,SEK/SGD,100,Indicative board,board,"SGD 200 – 39,999.99",std_200_40k,forex_sgd,28 August 2026 06:03:33 PM,28 August 2026 06:03:33 PM,2026-08-28T22:30:17.824915+00:00,13.58,13.1,,13.34,,,
standardized,uob,SEK,SGD,SEK/SGD,100,Indicative board,board,"SGD 40,000 – 100,000",std_40k_100k,forex_sgd,28 August 2026 06:03:33 PM,28 August 2026 06:03:33 PM,2026-08-28T22:30:17.824915+00:00,13.58,13.1,,13.34,,,
standardized,uob,SEK,SGD,SEK/SGD,100,Indicative board,board,SGD 50 – 200,std_50_200,forex_sgd,28 August 2026 06:03:33 PM,28 August 2026 06:03:33 PM,2026-08-28T22:30:17.824915+00:00,13.58,13.1,,13.34,,,
standardized,uob,SEK,SGD,SEK/SGD,100,Indicative board,board,SGD < 50,std_lt_50,forex_sgd,28 August 2026 06:03:33 PM,28 August 2026 06:03:33 PM,2026-08-28T22:30:17.824915+00:00,13.58,13.1,,13.34,,,
standardized,uob,THB,SGD,THB/SGD,100,Indicative board,board,"SGD 200 – 39,999.99",std_200_40k,forex_sgd,28 August 2026 06:03:33 PM,28 August 2026 06:03:33 PM,2026-08-28T22:30:17.824915+00:00,3.96,3.76,3.8502,3.86,MAS,2.851799906498361,2.342735442314692
standardized,uob,THB,SGD,THB/SGD,100,Indicative board,board,"SGD 40,000 – 100,000",std_40k_100k,forex_sgd,28 August 2026 06:03:33 PM,28 August 2026 06:03:33 PM,2026-08-28T22:30:17.824915+00:00,3.96,3.76,3.8502,3.86,MAS,2.851799906498361,2.342735442314692
standardized,uob,THB,SGD,THB/SGD,100,Indicative board,board,SGD 50 – 200,std_50_200,forex_sgd,28 August 2026 06:03:33 PM,28 August 2026 06:03:33 PM,2026-08-28T22:30:17.824915+00:00,3.96,3.76,3.8502,3.86,MAS,2.851799906498361,2.342735442314692
standardized,uob,THB,SGD,THB/SGD,100,Indicative board,board,SGD < 50,std_lt_50,forex_sgd,28 August 2026 06:03:33 PM,28 August 2026 06:03:33 PM,2026-08-28T22:30:17.824915+00:00,3.96,3.76,3.8502,3.86,MAS,2.851799906498361,2.342735442314692
standardized,uob,TWD,SGD,TWD/SGD,100,Indicative board,board,"SGD 200 – 39,999.99",std_200_40k,forex_sgd,28 August 2026 06:03:33 PM,28 August 2026 06:03:33 PM,2026-08-28T22:30:17.824915+00:00,4.1143,,4.0203,,MAS,2.3381339701017416,
standardized,uob,TWD,SGD,TWD/SGD,100,Indicative board,board,"SGD 40,000 – 100,000",std_40k_100k,forex_sgd,28 August 2026 06:03:33 PM,28 August 2026 06:03:33 PM,2026-08-28T22:30:17.824915+00:00,4.1143,,4.0203,,MAS,2.3381339701017416,
standardized,uob,TWD,SGD,TWD/SGD,100,Indicative board,board,SGD 50 – 200,std_50_200,forex_sgd,28 August 2026 06:03:33 PM,28 August 2026 06:03:33 PM,2026-08-28T22:30:17.824915+00:00,4.1143,,4.0203,,MAS,2.3381339701017416,
standardized,uob,TWD,SGD,TWD/SGD,100,Indicative board,board,SGD < 50,std_lt_50,forex_sgd,28 August 2026 06:03:33 PM,28 August 2026 06:03:33 PM,2026-08-28T22:30:17.824915+00:00,4.1143,,4.0203,,MAS,2.3381339701017416,
standardized,uob,USD,SGD,USD/SGD,1,Indicative board,board,"SGD 200 – 39,999.99",std_200_40k,forex_sgd,28 August 2026 06:03:33 PM,28 August 2026 06:03:33 PM,2026-08-28T22:30:17.824915+00:00,1.2828,1.2588,1.2706,1.2708,MAS,0.9601762946639374,0.9286951046749594
standardized,uob,USD,SGD,USD/SGD,1,Indicative board,board,"SGD 40,000 – 100,000",std_40k_100k,forex_sgd,28 August 2026 06:03:33 PM,28 August 2026 06:03:33 PM,2026-08-28T22:30:17.824915+00:00,1.2828,1.2588,1.2706,1.2708,MAS,0.9601762946639374,0.9286951046749594
standardized,uob,USD,SGD,USD/SGD,1,Indicative board,board,SGD 50 – 200,std_50_200,forex_sgd,28 August 2026 06:03:33 PM,28 August 2026 06:03:33 PM,2026-08-28T22:30:17.824915+00:00,1.2828,1.2588,1.2706,1.2708,MAS,0.9601762946639374,0.9286951046749594
standardized,uob,USD,SGD,USD/SGD,1,Indicative board,board,SGD < 50,std_lt_50,forex_sgd,28 August 2026 06:03:33 PM,28 August 2026 06:03:33 PM,2026-08-28T22:30:17.824915+00:00,1.2828,1.2588,1.2706,1.2708,MAS,0.9601762946639374,0.9286951046749594
standardized,uob,VND,SGD,VND/SGD,1000,Indicative board,board,"SGD 200 – 39,999.99",std_200_40k,forex_sgd,28 August 2026 06:03:33 PM,28 August 2026 06:03:33 PM,2026-08-28T22:30:17.824915+00:00,0.0499,,0.04870000000000001,,MAS,2.464065708418876,
standardized,uob,VND,SGD,VND/SGD,1000,Indicative board,board,"SGD 40,000 – 100,000",std_40k_100k,forex_sgd,28 August 2026 06:03:33 PM,28 August 2026 06:03:33 PM,2026-08-28T22:30:17.824915+00:00,0.0499,,0.04870000000000001,,MAS,2.464065708418876,
standardized,uob,VND,SGD,VND/SGD,1000,Indicative board,board,SGD 50 – 200,std_50_200,forex_sgd,28 August 2026 06:03:33 PM,28 August 2026 06:03:33 PM,2026-08-28T22:30:17.824915+00:00,0.0499,,0.04870000000000001,,MAS,2.464065708418876,
standardized,uob,VND,SGD,VND/SGD,1000,Indicative board,board,SGD < 50,std_lt_50,forex_sgd,28 August 2026 06:03:33 PM,28 August 2026 06:03:33 PM,2026-08-28T22:30:17.824915+00:00,0.0499,,0.04870000000000001,,MAS,2.464065708418876,
standardized,uob,XAF,SGD,XAF/SGD,100,Indicative board,board,"SGD 200 – 39,999.99",std_200_40k,forex_sgd,28 August 2026 06:03:33 PM,28 August 2026 06:03:33 PM,2026-08-28T22:30:17.824915+00:00,0.2316,,,,,,
standardized,uob,XAF,SGD,XAF/SGD,100,Indicative board,board,"SGD 40,000 – 100,000",std_40k_100k,forex_sgd,28 August 2026 06:03:33 PM,28 August 2026 06:03:33 PM,2026-08-28T22:30:17.824915+00:00,0.2316,,,,,,
standardized,uob,XAF,SGD,XAF/SGD,100,Indicative board,board,SGD 50 – 200,std_50_200,forex_sgd,28 August 2026 06:03:33 PM,28 August 2026 06:03:33 PM,2026-08-28T22:30:17.824915+00:00,0.2316,,,,,,
standardized,uob,XAF,SGD,XAF/SGD,100,Indicative board,board,SGD < 50,std_lt_50,forex_sgd,28 August 2026 06:03:33 PM,28 August 2026 06:03:33 PM,2026-08-28T22:30:17.824915+00:00,0.2316,,,,,,
standardized,uob,XOF,SGD,XOF/SGD,100,Indicative board,board,"SGD 200 – 39,999.99",std_200_40k,forex_sgd,28 August 2026 06:03:33 PM,28 August 2026 06:03:33 PM,2026-08-28T22:30:17.824915+00:00,0.2332,,,,,,
standardized,uob,XOF,SGD,XOF/SGD,100,Indicative board,board,"SGD 40,000 – 100,000",std_40k_100k,forex_sgd,28 August 2026 06:03:33 PM,28 August 2026 06:03:33 PM,2026-08-28T22:30:17.824915+00:00,0.2332,,,,,,
standardized,uob,XOF,SGD,XOF/SGD,100,Indicative board,board,SGD 50 – 200,std_50_200,forex_sgd,28 August 2026 06:03:33 PM,28 August 2026 06:03:33 PM,2026-08-28T22:30:17.824915+00:00,0.2332,,,,,,
standardized,uob,XOF,SGD,XOF/SGD,100,Indicative board,board,SGD < 50,std_lt_50,forex_sgd,28 August 2026 06:03:33 PM,28 August 2026 06:03:33 PM,2026-08-28T22:30:17.824915+00:00,0.2332,,,,,,
standardized,uob,ZAR,SGD,ZAR/SGD,1,Indicative board,board,"SGD 200 – 39,999.99",std_200_40k,forex_sgd,28 August 2026 06:03:33 PM,28 August 2026 06:03:33 PM,2026-08-28T22:30:17.824915+00:00,0.0815,0.0775,,0.0795,,,
standardized,uob,ZAR,SGD,ZAR/SGD,1,Indicative board,board,"SGD 40,000 – 100,000",std_40k_100k,forex_sgd,28 August 2026 06:03:33 PM,28 August 2026 06:03:33 PM,2026-08-28T22:30:17.824915+00:00,0.0815,0.0775,,0.0795,,,
standardized,uob,ZAR,SGD,ZAR/SGD,1,Indicative board,board,SGD 50 – 200,std_50_200,forex_sgd,28 August 2026 06:03:33 PM,28 August 2026 06:03:33 PM,2026-08-28T22:30:17.824915+00:00,0.0815,0.0775,,0.0795,,,
standardized,uob,ZAR,SGD,ZAR/SGD,1,Indicative board,board,SGD < 50,std_lt_50,forex_sgd,28 August 2026 06:03:33 PM,28 August 2026 06:03:33 PM,2026-08-28T22:30:17.824915+00:00,0.0815,0.0775,,0.0795,,,
