record_type,bank,base_currency,quote_currency,currency_pair,unit,transaction_value,amount_tier,std_transaction_value,std_amount_tier,group,effective_date,last_updated,scraped_at,tt_od_sell,tt_buy,mid_rate,bank_mid_rate,mid_source,sell_margin_pct,buy_margin_pct
native,dbs,AED,SGD,AED/SGD,1,SGD 50 – 200,amtBtw50And200,,,mainCurrencies,2026-10-01 02:00:00,2026-09-30 18:00:17,2026-09-30T18:03:19.473608+00:00,0.3503,0.3455,0.348,0.3479,MAS,0.6609195402298921,0.7183908045977019
native,dbs,AED,SGD,AED/SGD,1,SGD < 50,amtLessThan50,,,mainCurrencies,2026-10-01 02:00:00,2026-09-30 18:00:17,2026-09-30T18:03:19.473608+00:00,0.353,0.3427,0.348,0.34785,MAS,1.4367816091954038,1.5229885057471182
native,dbs,AUD,SGD,AUD/SGD,1,SGD 50 – 200,amtBtw50And200,,,mainCurrencies,2026-10-01 02:00:00,2026-09-30 18:00:17,2026-09-30T18:03:19.473608+00:00,0.8978,0.8781,0.8906999999999999,0.88795,MAS,0.7971258560682729,1.414617716402823
native,dbs,AUD,SGD,AUD/SGD,1,SGD < 50,amtLessThan50,,,mainCurrencies,2026-10-01 02:00:00,2026-09-30 18:00:17,2026-09-30T18:03:19.473608+00:00,0.8983,0.8777,0.8906999999999999,0.888,MAS,0.8532614797350457,1.4595262153362412
native,dbs,BDT,SGD,BDT/SGD,100,SGD 50 – 200,amtBtw50And200,,,otherCurrencies,2026-10-01 02:00:00,2026-09-30 18:00:17,2026-09-30T18:03:19.473608+00:00,1.054,,,,,,
native,dbs,BDT,SGD,BDT/SGD,100,SGD < 50,amtLessThan50,,,otherCurrencies,2026-10-01 02:00:00,2026-09-30 18:00:17,2026-09-30T18:03:19.473608+00:00,1.054,,,,,,
native,dbs,BHD,SGD,BHD/SGD,1,SGD 50 – 200,amtBtw50And200,,,otherCurrencies,2026-10-01 02:00:00,2026-09-30 18:00:17,2026-09-30T18:03:19.473608+00:00,3.4515,,,,,,
native,dbs,BHD,SGD,BHD/SGD,1,SGD < 50,amtLessThan50,,,otherCurrencies,2026-10-01 02:00:00,2026-09-30 18:00:17,2026-09-30T18:03:19.473608+00:00,3.4651,,,,,,
native,dbs,BND,SGD,BND/SGD,1,SGD 50 – 200,amtBtw50And200,,,otherCurrencies,2026-10-01 02:00:00,2026-09-30 18:00:17,2026-09-30T18:03:19.473608+00:00,1.0,1.0,,1.0,,,
native,dbs,BND,SGD,BND/SGD,1,SGD < 50,amtLessThan50,,,otherCurrencies,2026-10-01 02:00:00,2026-09-30 18:00:17,2026-09-30T18:03:19.473608+00:00,1.0,1.0,,1.0,,,
native,dbs,CAD,SGD,CAD/SGD,1,SGD 50 – 200,amtBtw50And200,,,mainCurrencies,2026-10-01 02:00:00,2026-09-30 18:00:17,2026-09-30T18:03:19.473608+00:00,0.9051,0.8916,0.9001,0.89835,MAS,0.5554938340184429,0.9443395178313589
native,dbs,CAD,SGD,CAD/SGD,1,SGD < 50,amtLessThan50,,,mainCurrencies,2026-10-01 02:00:00,2026-09-30 18:00:17,2026-09-30T18:03:19.473608+00:00,0.9083,0.8885,0.9001,0.8984,MAS,0.9110098877902438,1.2887456949227925
native,dbs,CHF,SGD,CHF/SGD,1,SGD 50 – 200,amtBtw50And200,,,mainCurrencies,2026-10-01 02:00:00,2026-09-30 18:00:17,2026-09-30T18:03:19.473608+00:00,1.5439,1.5146,1.5316,1.52925,MAS,0.803081744580829,1.1099503786889608
native,dbs,CHF,SGD,CHF/SGD,1,SGD < 50,amtLessThan50,,,mainCurrencies,2026-10-01 02:00:00,2026-09-30 18:00:17,2026-09-30T18:03:19.473608+00:00,1.5447,1.5138,1.5316,1.52925,MAS,0.8553147035779505,1.1621833376860824
native,dbs,CNH,SGD,CNH/SGD,1,SGD 50 – 200,amtBtw50And200,,,mainCurrencies,2026-10-01 02:00:00,2026-09-30 18:00:17,2026-09-30T18:03:19.473608+00:00,0.1925,0.1881,,0.1903,,,
native,dbs,CNH,SGD,CNH/SGD,1,SGD < 50,amtLessThan50,,,mainCurrencies,2026-10-01 02:00:00,2026-09-30 18:00:17,2026-09-30T18:03:19.473608+00:00,0.1932,0.1874,,0.19030000000000002,,,
native,dbs,CNY,SGD,CNY/SGD,1,SGD 50 – 200,amtBtw50And200,,,otherCurrencies,2026-10-01 02:00:00,2026-09-30 18:00:17,2026-09-30T18:03:19.473608+00:00,0.1905,,0.1906,,MAS,-0.05246589716683578,
native,dbs,CNY,SGD,CNY/SGD,1,SGD < 50,amtLessThan50,,,otherCurrencies,2026-10-01 02:00:00,2026-09-30 18:00:17,2026-09-30T18:03:19.473608+00:00,0.1922,,0.1906,,MAS,0.8394543546694744,
native,dbs,DKK,SGD,DKK/SGD,1,SGD 50 – 200,amtBtw50And200,,,mainCurrencies,2026-10-01 02:00:00,2026-09-30 18:00:17,2026-09-30T18:03:19.473608+00:00,0.1964,0.191,,0.19369999999999998,,,
native,dbs,DKK,SGD,DKK/SGD,1,SGD < 50,amtLessThan50,,,mainCurrencies,2026-10-01 02:00:00,2026-09-30 18:00:17,2026-09-30T18:03:19.473608+00:00,0.1967,0.1906,,0.19365,,,
native,dbs,EUR,SGD,EUR/SGD,1,SGD 50 – 200,amtBtw50And200,,,mainCurrencies,2026-10-01 02:00:00,2026-09-30 18:00:17,2026-09-30T18:03:19.473608+00:00,1.4607,1.4359,1.4483,1.4483000000000001,MAS,0.8561762065870461,0.8561762065870308
native,dbs,EUR,SGD,EUR/SGD,1,SGD < 50,amtLessThan50,,,mainCurrencies,2026-10-01 02:00:00,2026-09-30 18:00:17,2026-09-30T18:03:19.473608+00:00,1.4614,1.4352,1.4483,1.4483000000000001,MAS,0.9045087343782444,0.904508734378229
native,dbs,GBP,SGD,GBP/SGD,1,SGD 50 – 200,amtBtw50And200,,,mainCurrencies,2026-10-01 02:00:00,2026-09-30 18:00:17,2026-09-30T18:03:19.473608+00:00,1.7079,1.6823,1.6904,1.6951,MAS,1.0352579271178461,0.4791765262659724
native,dbs,GBP,SGD,GBP/SGD,1,SGD < 50,amtLessThan50,,,mainCurrencies,2026-10-01 02:00:00,2026-09-30 18:00:17,2026-09-30T18:03:19.473608+00:00,1.7096,1.6806,1.6904,1.6951,MAS,1.1358258400378674,0.5797444391859802
native,dbs,HKD,SGD,HKD/SGD,1,SGD 50 – 200,amtBtw50And200,,,mainCurrencies,2026-10-01 02:00:00,2026-09-30 18:00:17,2026-09-30T18:03:19.473608+00:00,0.1644,0.1611,0.1629,0.16275,MAS,0.9208103130755074,1.1049723756906054
native,dbs,HKD,SGD,HKD/SGD,1,SGD < 50,amtLessThan50,,,mainCurrencies,2026-10-01 02:00:00,2026-09-30 18:00:17,2026-09-30T18:03:19.473608+00:00,0.1646,0.161,0.1629,0.1628,MAS,1.0435850214855784,1.1663597298956325
native,dbs,HUF,SGD,HUF/SGD,100,SGD 50 – 200,amtBtw50And200,,,otherCurrencies,2026-10-01 02:00:00,2026-09-30 18:00:17,2026-09-30T18:03:19.473608+00:00,0.4023,,,,,,
native,dbs,HUF,SGD,HUF/SGD,100,SGD < 50,amtLessThan50,,,otherCurrencies,2026-10-01 02:00:00,2026-09-30 18:00:17,2026-09-30T18:03:19.473608+00:00,0.4039,,,,,,
native,dbs,ID0,SGD,ID0/SGD,100,SGD 50 – 200,amtBtw50And200,,,otherCurrencies,2026-10-01 02:00:00,2026-09-30 18:00:17,2026-09-30T18:03:19.473608+00:00,,,,,,,
native,dbs,ID0,SGD,ID0/SGD,100,SGD < 50,amtLessThan50,,,otherCurrencies,2026-10-01 02:00:00,2026-09-30 18:00:17,2026-09-30T18:03:19.473608+00:00,,0.0071,,,,,
native,dbs,IDR,SGD,IDR/SGD,100,SGD 50 – 200,amtBtw50And200,,,mainCurrencies,2026-10-01 02:00:00,2026-09-30 18:00:17,2026-09-30T18:03:19.473608+00:00,0.0073,,0.007146999999999999,,MAS,2.14075836015113,
native,dbs,IDR,SGD,IDR/SGD,100,SGD < 50,amtLessThan50,,,mainCurrencies,2026-10-01 02:00:00,2026-09-30 18:00:17,2026-09-30T18:03:19.473608+00:00,0.0073,,0.007146999999999999,,MAS,2.14075836015113,
native,dbs,IN0,SGD,IN0/SGD,100,SGD 50 – 200,amtBtw50And200,,,otherCurrencies,2026-10-01 02:00:00,2026-09-30 18:00:17,2026-09-30T18:03:19.473608+00:00,,1.3261,,,,,
native,dbs,IN0,SGD,IN0/SGD,100,SGD < 50,amtLessThan50,,,otherCurrencies,2026-10-01 02:00:00,2026-09-30 18:00:17,2026-09-30T18:03:19.473608+00:00,,1.3261,,,,,
native,dbs,INR,SGD,INR/SGD,100,SGD 50 – 200,amtBtw50And200,,,otherCurrencies,2026-10-01 02:00:00,2026-09-30 18:00:17,2026-09-30T18:03:19.473608+00:00,1.3482,,1.3316,,MAS,1.2466206067888383,
native,dbs,INR,SGD,INR/SGD,100,SGD < 50,amtLessThan50,,,otherCurrencies,2026-10-01 02:00:00,2026-09-30 18:00:17,2026-09-30T18:03:19.473608+00:00,1.3589,,1.3316,,MAS,2.050165214779221,
native,dbs,JPY,SGD,JPY/SGD,100,SGD 50 – 200,amtBtw50And200,,,mainCurrencies,2026-10-01 02:00:00,2026-09-30 18:00:17,2026-09-30T18:03:19.473608+00:00,0.8204,0.804,0.8147,0.8122,MAS,0.6996440407512015,1.3133668835153962
native,dbs,JPY,SGD,JPY/SGD,100,SGD < 50,amtLessThan50,,,mainCurrencies,2026-10-01 02:00:00,2026-09-30 18:00:17,2026-09-30T18:03:19.473608+00:00,0.8212,0.8032,0.8147,0.8122,MAS,0.7978396955934774,1.4115625383576722
native,dbs,KRW,SGD,KRW/SGD,100,SGD 50 – 200,amtBtw50And200,,,otherCurrencies,2026-10-01 02:00:00,2026-09-30 18:00:17,2026-09-30T18:03:19.473608+00:00,0.0955,,0.0943,,MAS,1.2725344644750867,
native,dbs,KRW,SGD,KRW/SGD,100,SGD < 50,amtLessThan50,,,otherCurrencies,2026-10-01 02:00:00,2026-09-30 18:00:17,2026-09-30T18:03:19.473608+00:00,0.0955,,0.0943,,MAS,1.2725344644750867,
native,dbs,KWD,SGD,KWD/SGD,100,SGD 50 – 200,amtBtw50And200,,,otherCurrencies,2026-10-01 02:00:00,2026-09-30 18:00:17,2026-09-30T18:03:19.473608+00:00,424.2703,,,,,,
native,dbs,KWD,SGD,KWD/SGD,100,SGD < 50,amtLessThan50,,,otherCurrencies,2026-10-01 02:00:00,2026-09-30 18:00:17,2026-09-30T18:03:19.473608+00:00,425.9433,,,,,,
native,dbs,LKR,SGD,LKR/SGD,100,SGD 50 – 200,amtBtw50And200,,,otherCurrencies,2026-10-01 02:00:00,2026-09-30 18:00:17,2026-09-30T18:03:19.473608+00:00,0.3942,,,,,,
native,dbs,LKR,SGD,LKR/SGD,100,SGD < 50,amtLessThan50,,,otherCurrencies,2026-10-01 02:00:00,2026-09-30 18:00:17,2026-09-30T18:03:19.473608+00:00,0.3942,,,,,,
native,dbs,MM1,SGD,MM1/SGD,100,SGD 50 – 200,amtBtw50And200,,,otherCurrencies,2026-10-01 02:00:00,2026-09-30 18:00:17,2026-09-30T18:03:19.473608+00:00,,,,,,,
native,dbs,MM1,SGD,MM1/SGD,100,SGD < 50,amtLessThan50,,,otherCurrencies,2026-10-01 02:00:00,2026-09-30 18:00:17,2026-09-30T18:03:19.473608+00:00,,,,,,,
native,dbs,MMK,SGD,MMK/SGD,100,SGD 50 – 200,amtBtw50And200,,,otherCurrencies,2026-10-01 02:00:00,2026-09-30 18:00:17,2026-09-30T18:03:19.473608+00:00,0.0325,,,,,,
native,dbs,MMK,SGD,MMK/SGD,100,SGD < 50,amtLessThan50,,,otherCurrencies,2026-10-01 02:00:00,2026-09-30 18:00:17,2026-09-30T18:03:19.473608+00:00,0.0325,,,,,,
native,dbs,MUR,SGD,MUR/SGD,100,SGD 50 – 200,amtBtw50And200,,,otherCurrencies,2026-10-01 02:00:00,2026-09-30 18:00:17,2026-09-30T18:03:19.473608+00:00,2.7022,,,,,,
native,dbs,MUR,SGD,MUR/SGD,100,SGD < 50,amtLessThan50,,,otherCurrencies,2026-10-01 02:00:00,2026-09-30 18:00:17,2026-09-30T18:03:19.473608+00:00,2.7129,,,,,,
native,dbs,MXN,SGD,MXN/SGD,100,SGD 50 – 200,amtBtw50And200,,,mainCurrencies,2026-10-01 02:00:00,2026-09-30 18:00:17,2026-09-30T18:03:19.473608+00:00,7.1707,,,,,,
native,dbs,MXN,SGD,MXN/SGD,100,SGD < 50,amtLessThan50,,,mainCurrencies,2026-10-01 02:00:00,2026-09-30 18:00:17,2026-09-30T18:03:19.473608+00:00,7.1707,,,,,,
native,dbs,MY0,SGD,MY0/SGD,1,SGD 50 – 200,amtBtw50And200,,,otherCurrencies,2026-10-01 02:00:00,2026-09-30 18:00:17,2026-09-30T18:03:19.473608+00:00,,0.3125,,,,,
native,dbs,MY0,SGD,MY0/SGD,1,SGD < 50,amtLessThan50,,,otherCurrencies,2026-10-01 02:00:00,2026-09-30 18:00:17,2026-09-30T18:03:19.473608+00:00,,0.3125,,,,,
native,dbs,MYR,SGD,MYR/SGD,1,SGD 50 – 200,amtBtw50And200,,,otherCurrencies,2026-10-01 02:00:00,2026-09-30 18:00:17,2026-09-30T18:03:19.473608+00:00,0.3166,,0.31329999999999997,,MAS,1.053303542930107,
native,dbs,MYR,SGD,MYR/SGD,1,SGD < 50,amtLessThan50,,,otherCurrencies,2026-10-01 02:00:00,2026-09-30 18:00:17,2026-09-30T18:03:19.473608+00:00,0.3166,,0.31329999999999997,,MAS,1.053303542930107,
native,dbs,NOK,SGD,NOK/SGD,1,SGD 50 – 200,amtBtw50And200,,,mainCurrencies,2026-10-01 02:00:00,2026-09-30 18:00:17,2026-09-30T18:03:19.473608+00:00,0.1347,0.131,,0.13285,,,
native,dbs,NOK,SGD,NOK/SGD,1,SGD < 50,amtLessThan50,,,mainCurrencies,2026-10-01 02:00:00,2026-09-30 18:00:17,2026-09-30T18:03:19.473608+00:00,0.1351,0.1306,,0.13285,,,
native,dbs,NZD,SGD,NZD/SGD,1,SGD 50 – 200,amtBtw50And200,,,mainCurrencies,2026-10-01 02:00:00,2026-09-30 18:00:17,2026-09-30T18:03:19.473608+00:00,0.7281,0.7114,0.7212999999999999,0.71975,MAS,0.9427422708997683,1.3725218355746445
native,dbs,NZD,SGD,NZD/SGD,1,SGD < 50,amtLessThan50,,,mainCurrencies,2026-10-01 02:00:00,2026-09-30 18:00:17,2026-09-30T18:03:19.473608+00:00,0.7288,0.7107,0.7212999999999999,0.71975,MAS,1.0397892693747488,1.4695688340496247
native,dbs,OMR,SGD,OMR/SGD,1,SGD 50 – 200,amtBtw50And200,,,otherCurrencies,2026-10-01 02:00:00,2026-09-30 18:00:17,2026-09-30T18:03:19.473608+00:00,3.3403,,,,,,
native,dbs,OMR,SGD,OMR/SGD,1,SGD < 50,amtLessThan50,,,otherCurrencies,2026-10-01 02:00:00,2026-09-30 18:00:17,2026-09-30T18:03:19.473608+00:00,3.3403,,,,,,
native,dbs,PH0,SGD,PH0/SGD,100,SGD 50 – 200,amtBtw50And200,,,otherCurrencies,2026-10-01 02:00:00,2026-09-30 18:00:17,2026-09-30T18:03:19.473608+00:00,,2.0289,,,,,
native,dbs,PH0,SGD,PH0/SGD,100,SGD < 50,amtLessThan50,,,otherCurrencies,2026-10-01 02:00:00,2026-09-30 18:00:17,2026-09-30T18:03:19.473608+00:00,,2.0289,,,,,
native,dbs,PHP,SGD,PHP/SGD,100,SGD 50 – 200,amtBtw50And200,,,otherCurrencies,2026-10-01 02:00:00,2026-09-30 18:00:17,2026-09-30T18:03:19.473608+00:00,2.0613,,2.0407,,MAS,1.0094575390797251,
native,dbs,PHP,SGD,PHP/SGD,100,SGD < 50,amtLessThan50,,,otherCurrencies,2026-10-01 02:00:00,2026-09-30 18:00:17,2026-09-30T18:03:19.473608+00:00,2.0768,,2.0407,,MAS,1.7690008330474738,
native,dbs,PLN,SGD,PLN/SGD,1,SGD 50 – 200,amtBtw50And200,,,otherCurrencies,2026-10-01 02:00:00,2026-09-30 18:00:17,2026-09-30T18:03:19.473608+00:00,0.3378,,,,,,
native,dbs,PLN,SGD,PLN/SGD,1,SGD < 50,amtLessThan50,,,otherCurrencies,2026-10-01 02:00:00,2026-09-30 18:00:17,2026-09-30T18:03:19.473608+00:00,0.3392,,,,,,
native,dbs,QAR,SGD,QAR/SGD,1,SGD 50 – 200,amtBtw50And200,,,otherCurrencies,2026-10-01 02:00:00,2026-09-30 18:00:17,2026-09-30T18:03:19.473608+00:00,0.3583,,0.3508,,MAS,2.137970353477767,
native,dbs,QAR,SGD,QAR/SGD,1,SGD < 50,amtLessThan50,,,otherCurrencies,2026-10-01 02:00:00,2026-09-30 18:00:17,2026-09-30T18:03:19.473608+00:00,0.3597,,0.3508,,MAS,2.53705815279362,
native,dbs,RUB,SGD,RUB/SGD,100,SGD 50 – 200,amtBtw50And200,,,mainCurrencies,2026-10-01 02:00:00,2026-09-30 18:00:17,2026-09-30T18:03:19.473608+00:00,,,,,,,
native,dbs,RUB,SGD,RUB/SGD,100,SGD < 50,amtLessThan50,,,mainCurrencies,2026-10-01 02:00:00,2026-09-30 18:00:17,2026-09-30T18:03:19.473608+00:00,,,,,,,
native,dbs,SAR,SGD,SAR/SGD,100,SGD 50 – 200,amtBtw50And200,,,otherCurrencies,2026-10-01 02:00:00,2026-09-30 18:00:17,2026-09-30T18:03:19.473608+00:00,34.4551,,34.04,,MAS,1.2194477085781505,
native,dbs,SAR,SGD,SAR/SGD,100,SGD < 50,amtLessThan50,,,otherCurrencies,2026-10-01 02:00:00,2026-09-30 18:00:17,2026-09-30T18:03:19.473608+00:00,34.4551,,34.04,,MAS,1.2194477085781505,
native,dbs,SEK,SGD,SEK/SGD,1,SGD 50 – 200,amtBtw50And200,,,mainCurrencies,2026-10-01 02:00:00,2026-09-30 18:00:17,2026-09-30T18:03:19.473608+00:00,0.1294,0.1259,,0.12764999999999999,,,
native,dbs,SEK,SGD,SEK/SGD,1,SGD < 50,amtLessThan50,,,mainCurrencies,2026-10-01 02:00:00,2026-09-30 18:00:17,2026-09-30T18:03:19.473608+00:00,0.1299,0.1254,,0.12764999999999999,,,
native,dbs,THB,SGD,THB/SGD,100,SGD 50 – 200,amtBtw50And200,,,mainCurrencies,2026-10-01 02:00:00,2026-09-30 18:00:17,2026-09-30T18:03:19.473608+00:00,3.8602,3.7451,3.8052999999999995,3.80265,MAS,1.4427246209234594,1.5820040469870862
native,dbs,THB,SGD,THB/SGD,100,SGD < 50,amtLessThan50,,,mainCurrencies,2026-10-01 02:00:00,2026-09-30 18:00:17,2026-09-30T18:03:19.473608+00:00,3.8644,3.7408,3.8052999999999995,3.8026,MAS,1.5530969962946517,1.6950043360575866
native,dbs,TND,SGD,TND/SGD,1,SGD 50 – 200,amtBtw50And200,,,otherCurrencies,2026-10-01 02:00:00,2026-09-30 18:00:17,2026-09-30T18:03:19.473608+00:00,0.439,,,,,,
native,dbs,TND,SGD,TND/SGD,1,SGD < 50,amtLessThan50,,,otherCurrencies,2026-10-01 02:00:00,2026-09-30 18:00:17,2026-09-30T18:03:19.473608+00:00,0.439,,,,,,
native,dbs,TWD,SGD,TWD/SGD,100,SGD 50 – 200,amtBtw50And200,,,otherCurrencies,2026-10-01 02:00:00,2026-09-30 18:00:17,2026-09-30T18:03:19.473608+00:00,4.0626,,4.0068,,MAS,1.392632524707987,
native,dbs,TWD,SGD,TWD/SGD,100,SGD < 50,amtLessThan50,,,otherCurrencies,2026-10-01 02:00:00,2026-09-30 18:00:17,2026-09-30T18:03:19.473608+00:00,4.0667,,4.0068,,MAS,1.4949585704302646,
native,dbs,USD,SGD,USD/SGD,1,SGD 50 – 200,amtBtw50And200,,,mainCurrencies,2026-10-01 02:00:00,2026-09-30 18:00:17,2026-09-30T18:03:19.473608+00:00,1.2884,1.2671,1.278,1.27775,MAS,0.8137715179968674,0.8528951486698069
native,dbs,USD,SGD,USD/SGD,1,SGD < 50,amtLessThan50,,,mainCurrencies,2026-10-01 02:00:00,2026-09-30 18:00:17,2026-09-30T18:03:19.473608+00:00,1.2893,1.2662,1.278,1.27775,MAS,0.8841940532081273,0.9233176838810667
native,dbs,VND,SGD,VND/SGD,100,SGD 50 – 200,amtBtw50And200,,,otherCurrencies,2026-10-01 02:00:00,2026-09-30 18:00:17,2026-09-30T18:03:19.473608+00:00,0.0051,,0.004921,,MAS,3.637472058524697,
native,dbs,VND,SGD,VND/SGD,100,SGD < 50,amtLessThan50,,,otherCurrencies,2026-10-01 02:00:00,2026-09-30 18:00:17,2026-09-30T18:03:19.473608+00:00,0.0051,,0.004921,,MAS,3.637472058524697,
native,dbs,XAU,SGD,XAU/SGD,1,SGD 50 – 200,amtBtw50And200,,,otherCurrencies,2026-10-01 02:00:00,2026-09-30 18:00:17,2026-09-30T18:03:19.473608+00:00,5335.095,5270.453,,5302.774,,,
native,dbs,XAU,SGD,XAU/SGD,1,SGD < 50,amtLessThan50,,,otherCurrencies,2026-10-01 02:00:00,2026-09-30 18:00:17,2026-09-30T18:03:19.473608+00:00,5335.546,5270.771,,5303.1585,,,
native,dbs,ZAR,SGD,ZAR/SGD,1,SGD 50 – 200,amtBtw50And200,,,otherCurrencies,2026-10-01 02:00:00,2026-09-30 18:00:17,2026-09-30T18:03:19.473608+00:00,0.0787,0.0768,,0.07775,,,
native,dbs,ZAR,SGD,ZAR/SGD,1,SGD < 50,amtLessThan50,,,otherCurrencies,2026-10-01 02:00:00,2026-09-30 18:00:17,2026-09-30T18:03:19.473608+00:00,0.0791,0.0765,,0.07780000000000001,,,
native,hsbc,AED,SGD,AED/SGD,100,Indicative board,board,,,indicative_fx,2026-9-30,2026-9-30,2026-09-30T18:03:23.253436+00:00,35.93,33.67,34.8,34.8,MAS,3.247126436781617,3.2471264367815964
native,hsbc,AUD,SGD,AUD/SGD,1,Indicative board,board,,,indicative_fx,2026-9-30,2026-9-30,2026-09-30T18:03:23.253436+00:00,0.92,0.8662,0.8906999999999999,0.8931,MAS,3.2895475468732576,2.750645559672164
native,hsbc,CAD,SGD,CAD/SGD,1,Indicative board,board,,,indicative_fx,2026-9-30,2026-9-30,2026-09-30T18:03:23.253436+00:00,0.9279,0.8736,0.9001,0.9007499999999999,MAS,3.088545717142533,2.944117320297741
native,hsbc,CHF,SGD,CHF/SGD,100,Indicative board,board,,,indicative_fx,2026-9-30,2026-9-30,2026-09-30T18:03:23.253436+00:00,157.81,148.58,153.16,153.195,MAS,3.0360407417080215,2.990336902585521
native,hsbc,CNY,SGD,CNY/SGD,100,Indicative board,board,,,indicative_fx,2026-9-30,2026-9-30,2026-09-30T18:03:23.253436+00:00,19.67,18.42,19.06,19.045,MAS,3.2004197271773505,3.3578174186778442
native,hsbc,DKK,SGD,DKK/SGD,100,Indicative board,board,,,indicative_fx,2026-9-30,2026-9-30,2026-09-30T18:03:23.253436+00:00,19.97,18.8,,19.384999999999998,,,
native,hsbc,EUR,SGD,EUR/SGD,1,Indicative board,board,,,indicative_fx,2026-9-30,2026-9-30,2026-09-30T18:03:23.253436+00:00,1.4929,1.4056,1.4483,1.44925,MAS,3.0794724849823916,2.9482841952634096
native,hsbc,FJD,SGD,FJD/SGD,1,Indicative board,board,,,indicative_fx,2026-9-30,2026-9-30,2026-09-30T18:03:23.253436+00:00,0.5957,,,,,,
native,hsbc,GBP,SGD,GBP/SGD,1,Indicative board,board,,,indicative_fx,2026-9-30,2026-9-30,2026-09-30T18:03:23.253436+00:00,1.7417,1.6398,1.6904,1.69075,MAS,3.034784666351167,2.9933743492664444
native,hsbc,HKD,SGD,HKD/SGD,100,Indicative board,board,,,indicative_fx,2026-9-30,2026-9-30,2026-09-30T18:03:23.253436+00:00,16.49,16.08,16.29,16.284999999999997,MAS,1.227747084100671,1.2891344383057144
native,hsbc,IDR,SGD,IDR/SGD,100,Indicative board,board,,,indicative_fx,2026-9-30,2026-9-30,2026-09-30T18:03:23.253436+00:00,0.0073,,0.007146999999999999,,MAS,2.14075836015113,
native,hsbc,INR,SGD,INR/SGD,100,Indicative board,board,,,indicative_fx,2026-9-30,2026-9-30,2026-09-30T18:03:23.253436+00:00,1.37,,1.3316,,MAS,2.8837488735356125,
native,hsbc,JPY,SGD,JPY/SGD,100,Indicative board,board,,,indicative_fx,2026-9-30,2026-9-30,2026-09-30T18:03:23.253436+00:00,0.8368,0.7879,0.8147,0.81235,MAS,2.712654965017799,3.2895544372161454
native,hsbc,LKR,SGD,LKR/SGD,100,Indicative board,board,,,indicative_fx,2026-9-30,2026-9-30,2026-09-30T18:03:23.253436+00:00,0.4,,,,,,
native,hsbc,MUR,SGD,MUR/SGD,100,Indicative board,board,,,indicative_fx,2026-9-30,2026-9-30,2026-09-30T18:03:23.253436+00:00,2.78,2.59,,2.6849999999999996,,,
native,hsbc,NOK,SGD,NOK/SGD,100,Indicative board,board,,,indicative_fx,2026-9-30,2026-9-30,2026-09-30T18:03:23.253436+00:00,13.72,12.91,,13.315000000000001,,,
native,hsbc,NZD,SGD,NZD/SGD,1,Indicative board,board,,,indicative_fx,2026-9-30,2026-9-30,2026-09-30T18:03:23.253436+00:00,0.7428,0.6993,0.7212999999999999,0.72105,MAS,2.9807292388742654,3.050048523499225
native,hsbc,PHP,SGD,PHP/SGD,100,Indicative board,board,,,indicative_fx,2026-9-30,2026-9-30,2026-09-30T18:03:23.253436+00:00,2.11,,2.0407,,MAS,3.395893565933243,
native,hsbc,PKR,SGD,PKR/SGD,100,Indicative board,board,,,indicative_fx,2026-9-30,2026-9-30,2026-09-30T18:03:23.253436+00:00,0.48,,,,,,
native,hsbc,QAR,SGD,QAR/SGD,100,Indicative board,board,,,indicative_fx,2026-9-30,2026-9-30,2026-09-30T18:03:23.253436+00:00,35.53,34.6,35.08,35.065,MAS,1.2827822120866672,1.3683010262257609
native,hsbc,RUB,SGD,RUB/SGD,100,Indicative board,board,,,indicative_fx,2026-9-30,2026-9-30,2026-09-30T18:03:23.253436+00:00,16.03,14.49,,15.260000000000002,,,
native,hsbc,SAR,SGD,SAR/SGD,100,Indicative board,board,,,indicative_fx,2026-9-30,2026-9-30,2026-09-30T18:03:23.253436+00:00,34.45,33.59,34.04,34.02,MAS,1.2044653349001284,1.321974148061092
native,hsbc,SEK,SGD,SEK/SGD,100,Indicative board,board,,,indicative_fx,2026-9-30,2026-9-30,2026-09-30T18:03:23.253436+00:00,13.18,12.4,,12.79,,,
native,hsbc,THB,SGD,THB/SGD,100,Indicative board,board,,,indicative_fx,2026-9-30,2026-9-30,2026-09-30T18:03:23.253436+00:00,3.93,,3.8052999999999995,,MAS,3.2770083830447194,
native,hsbc,TRY,SGD,TRY/SGD,1,Indicative board,board,,,indicative_fx,2026-9-30,2026-9-30,2026-09-30T18:03:23.253436+00:00,0.0269,,,,,,
native,hsbc,USD,SGD,USD/SGD,1,Indicative board,board,,,indicative_fx,2026-9-30,2026-9-30,2026-09-30T18:03:23.253436+00:00,1.3038,1.2524,1.278,1.2781,MAS,2.018779342723008,2.0031298904538395
native,hsbc,ZAR,SGD,ZAR/SGD,1,Indicative board,board,,,indicative_fx,2026-9-30,2026-9-30,2026-09-30T18:03:23.253436+00:00,0.0805,0.0754,,0.07794999999999999,,,
native,ocbc,AED,SGD,AED/SGD,100,"SGD 0 – 39,999.99",tier_1,,,fxRatesSgd,2026-09-30T07:00:13,2026-09-30T07:00:13,2026-09-30T18:03:20.538050+00:00,35.6565,33.6399,34.8,34.6482,MAS,2.4612068965517357,3.3336206896551723
native,ocbc,AED,SGD,AED/SGD,100,"SGD 40,000 – 100,000",tier_2,,,fxRatesSgd,2026-09-30T07:00:13,2026-09-30T07:00:13,2026-09-30T18:03:20.538050+00:00,35.6459,33.6571,34.8,34.6482,MAS,2.4307471264367826,3.284195402298843
native,ocbc,AUD,SGD,AUD/SGD,1,"SGD 0 – 39,999.99",tier_1,,,fxRatesSgd,2026-09-30T07:00:13,2026-09-30T07:00:13,2026-09-30T18:03:20.538050+00:00,0.9062,0.8776,0.8906999999999999,0.8919,MAS,1.7402043336701551,1.470753340069596
native,ocbc,AUD,SGD,AUD/SGD,1,"SGD 40,000 – 100,000",tier_2,,,fxRatesSgd,2026-09-30T07:00:13,2026-09-30T07:00:13,2026-09-30T18:03:20.538050+00:00,0.9044,0.8794,0.8906999999999999,0.8919,MAS,1.5381160884697482,1.2686650948692015
native,ocbc,BGN,SGD,BGN/SGD,100,"SGD 0 – 39,999.99",tier_1,,,fxRatesSgd,2026-09-30T07:00:13,2026-09-30T07:00:13,2026-09-30T18:03:20.538050+00:00,0.0,0.0,,0.0,,,
native,ocbc,BGN,SGD,BGN/SGD,100,"SGD 40,000 – 100,000",tier_2,,,fxRatesSgd,2026-09-30T07:00:13,2026-09-30T07:00:13,2026-09-30T18:03:20.538050+00:00,0.0,0.0,,0.0,,,
native,ocbc,BHD,SGD,BHD/SGD,1,"SGD 0 – 39,999.99",tier_1,,,fxRatesSgd,2026-09-30T07:00:13,2026-09-30T07:00:13,2026-09-30T18:03:20.538050+00:00,0.0,0.0,,0.0,,,
native,ocbc,BHD,SGD,BHD/SGD,1,"SGD 40,000 – 100,000",tier_2,,,fxRatesSgd,2026-09-30T07:00:13,2026-09-30T07:00:13,2026-09-30T18:03:20.538050+00:00,0.0,0.0,,0.0,,,
native,ocbc,CAD,SGD,CAD/SGD,1,"SGD 0 – 39,999.99",tier_1,,,fxRatesSgd,2026-09-30T07:00:13,2026-09-30T07:00:13,2026-09-30T18:03:20.538050+00:00,0.9167,0.8842,0.9001,0.9005,MAS,1.844239528941223,1.7664703921786495
native,ocbc,CAD,SGD,CAD/SGD,1,"SGD 40,000 – 100,000",tier_2,,,fxRatesSgd,2026-09-30T07:00:13,2026-09-30T07:00:13,2026-09-30T18:03:20.538050+00:00,0.9149,0.886,0.9001,0.9005,MAS,1.6442617486945934,1.5664926119320077
native,ocbc,CHF,SGD,CHF/SGD,100,"SGD 0 – 39,999.99",tier_1,,,fxRatesSgd,2026-09-30T07:00:13,2026-09-30T07:00:13,2026-09-30T18:03:20.538050+00:00,155.8832,150.3521,153.16,153.1177,MAS,1.7780099242622038,1.833311569600411
native,ocbc,CHF,SGD,CHF/SGD,100,"SGD 40,000 – 100,000",tier_2,,,fxRatesSgd,2026-09-30T07:00:13,2026-09-30T07:00:13,2026-09-30T18:03:20.538050+00:00,155.5769,150.6583,153.16,153.1177,MAS,1.5780229825019576,1.6333899190389134
native,ocbc,CNH,SGD,CNH/SGD,100,"SGD 0 – 39,999.99",tier_1,,,fxRatesSgd,2026-09-30T07:00:13,2026-09-30T07:00:13,2026-09-30T18:03:20.538050+00:00,19.3773,18.8052,,19.0913,,,
native,ocbc,CNH,SGD,CNH/SGD,100,"SGD 40,000 – 100,000",tier_2,,,fxRatesSgd,2026-09-30T07:00:13,2026-09-30T07:00:13,2026-09-30T18:03:20.538050+00:00,19.3582,18.8242,,19.0913,,,
native,ocbc,CZK,SGD,CZK/SGD,100,"SGD 0 – 39,999.99",tier_1,,,fxRatesSgd,2026-09-30T07:00:13,2026-09-30T07:00:13,2026-09-30T18:03:20.538050+00:00,0.0,0.0,,0.0,,,
native,ocbc,CZK,SGD,CZK/SGD,100,"SGD 40,000 – 100,000",tier_2,,,fxRatesSgd,2026-09-30T07:00:13,2026-09-30T07:00:13,2026-09-30T18:03:20.538050+00:00,0.0,0.0,,0.0,,,
native,ocbc,DKK,SGD,DKK/SGD,100,"SGD 0 – 39,999.99",tier_1,,,fxRatesSgd,2026-09-30T07:00:13,2026-09-30T07:00:13,2026-09-30T18:03:20.538050+00:00,19.749,19.0491,,19.3991,,,
native,ocbc,DKK,SGD,DKK/SGD,100,"SGD 40,000 – 100,000",tier_2,,,fxRatesSgd,2026-09-30T07:00:13,2026-09-30T07:00:13,2026-09-30T18:03:20.538050+00:00,19.7102,19.0879,,19.3991,,,
native,ocbc,EUR,SGD,EUR/SGD,1,"SGD 0 – 39,999.99",tier_1,,,fxRatesSgd,2026-09-30T07:00:13,2026-09-30T07:00:13,2026-09-30T18:03:20.538050+00:00,1.4665,1.4306,1.4483,1.4486,MAS,1.2566457225712901,1.2221224884347046
native,ocbc,EUR,SGD,EUR/SGD,1,"SGD 40,000 – 100,000",tier_2,,,fxRatesSgd,2026-09-30T07:00:13,2026-09-30T07:00:13,2026-09-30T18:03:20.538050+00:00,1.4648,1.4325,1.4483,1.4486,MAS,1.1392667265069516,1.0909341987157228
native,ocbc,GBP,SGD,GBP/SGD,1,"SGD 0 – 39,999.99",tier_1,,,fxRatesSgd,2026-09-30T07:00:13,2026-09-30T07:00:13,2026-09-30T18:03:20.538050+00:00,1.7191,1.6736,1.6904,1.6964,MAS,1.6978230004732708,0.9938476100331239
native,ocbc,GBP,SGD,GBP/SGD,1,"SGD 40,000 – 100,000",tier_2,,,fxRatesSgd,2026-09-30T07:00:13,2026-09-30T07:00:13,2026-09-30T18:03:20.538050+00:00,1.7174,1.6756,1.6904,1.6964,MAS,1.5972550875532499,0.8755324183625133
native,ocbc,HKD,SGD,HKD/SGD,100,"SGD 0 – 39,999.99",tier_1,,,fxRatesSgd,2026-09-30T07:00:13,2026-09-30T07:00:13,2026-09-30T18:03:20.538050+00:00,16.4798,16.0819,16.29,16.2809,MAS,1.1651319828115516,1.2774708410067415
native,ocbc,HKD,SGD,HKD/SGD,100,"SGD 40,000 – 100,000",tier_2,,,fxRatesSgd,2026-09-30T07:00:13,2026-09-30T07:00:13,2026-09-30T18:03:20.538050+00:00,16.4506,16.0916,16.29,16.2809,MAS,0.9858809085328564,1.2179251074278667
native,ocbc,HUF,SGD,HUF/SGD,100,"SGD 0 – 39,999.99",tier_1,,,fxRatesSgd,2026-09-30T07:00:13,2026-09-30T07:00:13,2026-09-30T18:03:20.538050+00:00,0.0,0.0,,0.0,,,
native,ocbc,HUF,SGD,HUF/SGD,100,"SGD 40,000 – 100,000",tier_2,,,fxRatesSgd,2026-09-30T07:00:13,2026-09-30T07:00:13,2026-09-30T18:03:20.538050+00:00,0.0,0.0,,0.0,,,
native,ocbc,IDR,SGD,IDR/SGD,100,"SGD 0 – 39,999.99",tier_1,,,fxRatesSgd,2026-09-30T07:00:13,2026-09-30T07:00:13,2026-09-30T18:03:20.538050+00:00,0.0073,0.0,0.007146999999999999,0.0073,MAS,2.14075836015113,100.0
native,ocbc,IDR,SGD,IDR/SGD,100,"SGD 40,000 – 100,000",tier_2,,,fxRatesSgd,2026-09-30T07:00:13,2026-09-30T07:00:13,2026-09-30T18:03:20.538050+00:00,0.0073,0.0,0.007146999999999999,0.0073,MAS,2.14075836015113,100.0
native,ocbc,ILS,SGD,ILS/SGD,100,"SGD 0 – 39,999.99",tier_1,,,fxRatesSgd,2026-09-30T07:00:13,2026-09-30T07:00:13,2026-09-30T18:03:20.538050+00:00,0.0,0.0,,0.0,,,
native,ocbc,ILS,SGD,ILS/SGD,100,"SGD 40,000 – 100,000",tier_2,,,fxRatesSgd,2026-09-30T07:00:13,2026-09-30T07:00:13,2026-09-30T18:03:20.538050+00:00,0.0,0.0,,0.0,,,
native,ocbc,INR,SGD,INR/SGD,100,"SGD 0 – 39,999.99",tier_1,,,fxRatesSgd,2026-09-30T07:00:13,2026-09-30T07:00:13,2026-09-30T18:03:20.538050+00:00,1.3705,0.0,1.3316,1.3705,MAS,2.9212976869931033,100.0
native,ocbc,INR,SGD,INR/SGD,100,"SGD 40,000 – 100,000",tier_2,,,fxRatesSgd,2026-09-30T07:00:13,2026-09-30T07:00:13,2026-09-30T18:03:20.538050+00:00,1.3678,0.0,1.3316,1.3705,MAS,2.7185340943226204,100.0
native,ocbc,JOD,SGD,JOD/SGD,1,"SGD 0 – 39,999.99",tier_1,,,fxRatesSgd,2026-09-30T07:00:13,2026-09-30T07:00:13,2026-09-30T18:03:20.538050+00:00,0.0,0.0,,0.0,,,
native,ocbc,JOD,SGD,JOD/SGD,1,"SGD 40,000 – 100,000",tier_2,,,fxRatesSgd,2026-09-30T07:00:13,2026-09-30T07:00:13,2026-09-30T18:03:20.538050+00:00,0.0,0.0,,0.0,,,
native,ocbc,JPY,SGD,JPY/SGD,100,"SGD 0 – 39,999.99",tier_1,,,fxRatesSgd,2026-09-30T07:00:13,2026-09-30T07:00:13,2026-09-30T18:03:20.538050+00:00,0.8236,0.8034,0.8147,0.8135,MAS,1.092426660120292,1.3870136246471065
native,ocbc,JPY,SGD,JPY/SGD,100,"SGD 40,000 – 100,000",tier_2,,,fxRatesSgd,2026-09-30T07:00:13,2026-09-30T07:00:13,2026-09-30T18:03:20.538050+00:00,0.8228,0.8048,0.8147,0.8135,MAS,0.994231005278016,1.2151712286731338
native,ocbc,KRW,SGD,KRW/SGD,100,"SGD 0 – 39,999.99",tier_1,,,fxRatesSgd,2026-09-30T07:00:13,2026-09-30T07:00:13,2026-09-30T18:03:20.538050+00:00,0.0,0.0,0.0943,0.0,MAS,-100.0,100.0
native,ocbc,KRW,SGD,KRW/SGD,100,"SGD 40,000 – 100,000",tier_2,,,fxRatesSgd,2026-09-30T07:00:13,2026-09-30T07:00:13,2026-09-30T18:03:20.538050+00:00,0.0,0.0,0.0943,0.0,MAS,-100.0,100.0
native,ocbc,LKR,SGD,LKR/SGD,100,"SGD 0 – 39,999.99",tier_1,,,fxRatesSgd,2026-09-30T07:00:13,2026-09-30T07:00:13,2026-09-30T18:03:20.538050+00:00,0.3975,0.0,,0.3975,,,
native,ocbc,LKR,SGD,LKR/SGD,100,"SGD 40,000 – 100,000",tier_2,,,fxRatesSgd,2026-09-30T07:00:13,2026-09-30T07:00:13,2026-09-30T18:03:20.538050+00:00,0.3967,0.0,,0.3975,,,
native,ocbc,MAD,SGD,MAD/SGD,100,"SGD 0 – 39,999.99",tier_1,,,fxRatesSgd,2026-09-30T07:00:13,2026-09-30T07:00:13,2026-09-30T18:03:20.538050+00:00,0.0,0.0,,0.0,,,
native,ocbc,MAD,SGD,MAD/SGD,100,"SGD 40,000 – 100,000",tier_2,,,fxRatesSgd,2026-09-30T07:00:13,2026-09-30T07:00:13,2026-09-30T18:03:20.538050+00:00,0.0,0.0,,0.0,,,
native,ocbc,MXN,SGD,MXN/SGD,100,"SGD 0 – 39,999.99",tier_1,,,fxRatesSgd,2026-09-30T07:00:13,2026-09-30T07:00:13,2026-09-30T18:03:20.538050+00:00,7.2972,0.0,,7.2972,,,
native,ocbc,MXN,SGD,MXN/SGD,100,"SGD 40,000 – 100,000",tier_2,,,fxRatesSgd,2026-09-30T07:00:13,2026-09-30T07:00:13,2026-09-30T18:03:20.538050+00:00,7.2957,0.0,,7.2972,,,
native,ocbc,MYR,SGD,MYR/SGD,100,"SGD 0 – 39,999.99",tier_1,,,fxRatesSgd,2026-09-30T07:00:13,2026-09-30T07:00:13,2026-09-30T18:03:20.538050+00:00,0.0,0.0,31.33,0.0,MAS,-100.0,100.0
native,ocbc,MYR,SGD,MYR/SGD,100,"SGD 40,000 – 100,000",tier_2,,,fxRatesSgd,2026-09-30T07:00:13,2026-09-30T07:00:13,2026-09-30T18:03:20.538050+00:00,0.0,0.0,31.33,0.0,MAS,-100.0,100.0
native,ocbc,NOK,SGD,NOK/SGD,100,"SGD 0 – 39,999.99",tier_1,,,fxRatesSgd,2026-09-30T07:00:13,2026-09-30T07:00:13,2026-09-30T18:03:20.538050+00:00,13.5538,13.0708,,13.3123,,,
native,ocbc,NOK,SGD,NOK/SGD,100,"SGD 40,000 – 100,000",tier_2,,,fxRatesSgd,2026-09-30T07:00:13,2026-09-30T07:00:13,2026-09-30T18:03:20.538050+00:00,13.5272,13.0974,,13.3123,,,
native,ocbc,NZD,SGD,NZD/SGD,1,"SGD 0 – 39,999.99",tier_1,,,fxRatesSgd,2026-09-30T07:00:13,2026-09-30T07:00:13,2026-09-30T18:03:20.538050+00:00,0.7362,0.7112,0.7212999999999999,0.7237,MAS,2.0657146818244874,1.4002495494246343
native,ocbc,NZD,SGD,NZD/SGD,1,"SGD 40,000 – 100,000",tier_2,,,fxRatesSgd,2026-09-30T07:00:13,2026-09-30T07:00:13,2026-09-30T18:03:20.538050+00:00,0.7344,0.7133,0.7212999999999999,0.7237,MAS,1.8161652571745617,1.1091085539997083
native,ocbc,OMR,SGD,OMR/SGD,1,"SGD 0 – 39,999.99",tier_1,,,fxRatesSgd,2026-09-30T07:00:13,2026-09-30T07:00:13,2026-09-30T18:03:20.538050+00:00,0.0,0.0,,0.0,,,
native,ocbc,OMR,SGD,OMR/SGD,1,"SGD 40,000 – 100,000",tier_2,,,fxRatesSgd,2026-09-30T07:00:13,2026-09-30T07:00:13,2026-09-30T18:03:20.538050+00:00,0.0,0.0,,0.0,,,
native,ocbc,PHP,SGD,PHP/SGD,100,"SGD 0 – 39,999.99",tier_1,,,fxRatesSgd,2026-09-30T07:00:13,2026-09-30T07:00:13,2026-09-30T18:03:20.538050+00:00,2.104,0.0,2.0407,2.104,MAS,3.101876806977993,100.0
native,ocbc,PHP,SGD,PHP/SGD,100,"SGD 40,000 – 100,000",tier_2,,,fxRatesSgd,2026-09-30T07:00:13,2026-09-30T07:00:13,2026-09-30T18:03:20.538050+00:00,2.1029,0.0,2.0407,2.104,MAS,3.047973734502857,100.0
native,ocbc,PLN,SGD,PLN/SGD,100,"SGD 0 – 39,999.99",tier_1,,,fxRatesSgd,2026-09-30T07:00:13,2026-09-30T07:00:13,2026-09-30T18:03:20.538050+00:00,34.149,32.0209,,33.085,,,
native,ocbc,PLN,SGD,PLN/SGD,100,"SGD 40,000 – 100,000",tier_2,,,fxRatesSgd,2026-09-30T07:00:13,2026-09-30T07:00:13,2026-09-30T18:03:20.538050+00:00,34.1321,32.047,,33.085,,,
native,ocbc,QAR,SGD,QAR/SGD,100,"SGD 0 – 39,999.99",tier_1,,,fxRatesSgd,2026-09-30T07:00:13,2026-09-30T07:00:13,2026-09-30T18:03:20.538050+00:00,36.0631,33.965,35.08,35.0141,MAS,2.8024515393386555,3.1784492588369293
native,ocbc,QAR,SGD,QAR/SGD,100,"SGD 40,000 – 100,000",tier_2,,,fxRatesSgd,2026-09-30T07:00:13,2026-09-30T07:00:13,2026-09-30T18:03:20.538050+00:00,36.0418,33.9823,35.08,35.0141,MAS,2.741733181299897,3.1291334093500462
native,ocbc,RON,SGD,RON/SGD,100,"SGD 0 – 39,999.99",tier_1,,,fxRatesSgd,2026-09-30T07:00:13,2026-09-30T07:00:13,2026-09-30T18:03:20.538050+00:00,0.0,0.0,,0.0,,,
native,ocbc,RON,SGD,RON/SGD,100,"SGD 40,000 – 100,000",tier_2,,,fxRatesSgd,2026-09-30T07:00:13,2026-09-30T07:00:13,2026-09-30T18:03:20.538050+00:00,0.0,0.0,,0.0,,,
native,ocbc,RUB,SGD,RUB/SGD,100,"SGD 0 – 39,999.99",tier_1,,,fxRatesSgd,2026-09-30T07:00:13,2026-09-30T07:00:13,2026-09-30T18:03:20.538050+00:00,0.0,0.0,,0.0,,,
native,ocbc,RUB,SGD,RUB/SGD,100,"SGD 40,000 – 100,000",tier_2,,,fxRatesSgd,2026-09-30T07:00:13,2026-09-30T07:00:13,2026-09-30T18:03:20.538050+00:00,0.0,0.0,,0.0,,,
native,ocbc,SAR,SGD,SAR/SGD,100,"SGD 0 – 39,999.99",tier_1,,,fxRatesSgd,2026-09-30T07:00:13,2026-09-30T07:00:13,2026-09-30T18:03:20.538050+00:00,34.9503,33.027,34.04,33.9887,MAS,2.674206815511162,2.975910693301992
native,ocbc,SAR,SGD,SAR/SGD,100,"SGD 40,000 – 100,000",tier_2,,,fxRatesSgd,2026-09-30T07:00:13,2026-09-30T07:00:13,2026-09-30T18:03:20.538050+00:00,34.9331,33.0437,34.04,33.9887,MAS,2.6236780258519508,2.9268507638072796
native,ocbc,SEK,SGD,SEK/SGD,100,"SGD 0 – 39,999.99",tier_1,,,fxRatesSgd,2026-09-30T07:00:13,2026-09-30T07:00:13,2026-09-30T18:03:20.538050+00:00,13.0321,12.5681,,12.8001,,,
native,ocbc,SEK,SGD,SEK/SGD,100,"SGD 40,000 – 100,000",tier_2,,,fxRatesSgd,2026-09-30T07:00:13,2026-09-30T07:00:13,2026-09-30T18:03:20.538050+00:00,13.0065,12.5937,,12.8001,,,
native,ocbc,THB,SGD,THB/SGD,100,"SGD 0 – 39,999.99",tier_1,,,fxRatesSgd,2026-09-30T07:00:13,2026-09-30T07:00:13,2026-09-30T18:03:20.538050+00:00,3.91,3.696,3.8052999999999995,3.803,MAS,2.7514256431818964,2.872309673350309
native,ocbc,THB,SGD,THB/SGD,100,"SGD 40,000 – 100,000",tier_2,,,fxRatesSgd,2026-09-30T07:00:13,2026-09-30T07:00:13,2026-09-30T18:03:20.538050+00:00,3.9024,3.7036,3.8052999999999995,3.803,MAS,2.5517042020340224,2.6725882322024463
native,ocbc,TRY,SGD,TRY/SGD,100,"SGD 0 – 39,999.99",tier_1,,,fxRatesSgd,2026-09-30T07:00:13,2026-09-30T07:00:13,2026-09-30T18:03:20.538050+00:00,2.6744,2.564,,2.6192,,,
native,ocbc,TRY,SGD,TRY/SGD,100,"SGD 40,000 – 100,000",tier_2,,,fxRatesSgd,2026-09-30T07:00:13,2026-09-30T07:00:13,2026-09-30T18:03:20.538050+00:00,2.6731,2.5642,,2.6192,,,
native,ocbc,TWD,SGD,TWD/SGD,100,"SGD 0 – 39,999.99",tier_1,,,fxRatesSgd,2026-09-30T07:00:13,2026-09-30T07:00:13,2026-09-30T18:03:20.538050+00:00,4.1567,0.0,4.0068,4.1567,MAS,3.7411400618947708,100.0
native,ocbc,TWD,SGD,TWD/SGD,100,"SGD 40,000 – 100,000",tier_2,,,fxRatesSgd,2026-09-30T07:00:13,2026-09-30T07:00:13,2026-09-30T18:03:20.538050+00:00,0.0,0.0,4.0068,4.1567,MAS,-100.0,100.0
native,ocbc,USD,SGD,USD/SGD,1,"SGD 0 – 39,999.99",tier_1,,,fxRatesSgd,2026-09-30T07:00:13,2026-09-30T07:00:13,2026-09-30T18:03:20.538050+00:00,1.2888,1.2645,1.278,1.2767,MAS,0.8450704225352051,1.0563380281690193
native,ocbc,USD,SGD,USD/SGD,1,"SGD 40,000 – 100,000",tier_2,,,fxRatesSgd,2026-09-30T07:00:13,2026-09-30T07:00:13,2026-09-30T18:03:20.538050+00:00,1.2875,1.2668,1.278,1.2767,MAS,0.7433489827856075,0.8763693270735602
native,ocbc,ZAR,SGD,ZAR/SGD,100,"SGD 0 – 39,999.99",tier_1,,,fxRatesSgd,2026-09-30T07:00:13,2026-09-30T07:00:13,2026-09-30T18:03:20.538050+00:00,8.0343,7.5624,,7.7984,,,
native,ocbc,ZAR,SGD,ZAR/SGD,100,"SGD 40,000 – 100,000",tier_2,,,fxRatesSgd,2026-09-30T07:00:13,2026-09-30T07:00:13,2026-09-30T18:03:20.538050+00:00,8.0304,7.5663,,7.7984,,,
native,uob,AED,SGD,AED/SGD,100,Indicative board,board,,,forex_sgd,30 September 2026 05:42:34 PM,30 September 2026 05:42:34 PM,2026-09-30T18:03:21.986547+00:00,35.61,33.91,34.8,34.76,MAS,2.3275862068965583,2.557471264367818
native,uob,AOA,SGD,AOA/SGD,100,Indicative board,board,,,forex_sgd,30 September 2026 05:42:34 PM,30 September 2026 05:42:34 PM,2026-09-30T18:03:21.986547+00:00,0.1438,,,,,,
native,uob,AUD,SGD,AUD/SGD,1,Indicative board,board,,,forex_sgd,30 September 2026 05:42:34 PM,30 September 2026 05:42:34 PM,2026-09-30T18:03:21.986547+00:00,0.9055,0.8745,0.8906999999999999,0.89,MAS,1.6616144605366607,1.8187942068036245
native,uob,BDT,SGD,BDT/SGD,100,Indicative board,board,,,forex_sgd,30 September 2026 05:42:34 PM,30 September 2026 05:42:34 PM,2026-09-30T18:03:21.986547+00:00,1.073,,,,,,
native,uob,BND,SGD,BND/SGD,1,Indicative board,board,,,forex_sgd,30 September 2026 05:42:34 PM,30 September 2026 05:42:34 PM,2026-09-30T18:03:21.986547+00:00,1.0,1.0,,1.0,,,
native,uob,CAD,SGD,CAD/SGD,1,Indicative board,board,,,forex_sgd,30 September 2026 05:42:34 PM,30 September 2026 05:42:34 PM,2026-09-30T18:03:21.986547+00:00,0.9102,0.8902,0.9001,0.9002,MAS,1.1220975447172534,1.099877791356518
native,uob,CHF,SGD,CHF/SGD,100,Indicative board,board,,,forex_sgd,30 September 2026 05:42:34 PM,30 September 2026 05:42:34 PM,2026-09-30T18:03:21.986547+00:00,154.82,151.52,153.16,153.17000000000002,MAS,1.0838338991903869,1.0707756594410984
native,uob,CNH,SGD,CNH/SGD,100,Indicative board,board,,,forex_sgd,30 September 2026 05:42:34 PM,30 September 2026 05:42:34 PM,2026-09-30T18:03:21.986547+00:00,19.27,18.81,,19.04,,,
native,uob,DKK,SGD,DKK/SGD,100,Indicative board,board,,,forex_sgd,30 September 2026 05:42:34 PM,30 September 2026 05:42:34 PM,2026-09-30T18:03:21.986547+00:00,19.75,19.05,,19.4,,,
native,uob,EGP,SGD,EGP/SGD,100,Indicative board,board,,,forex_sgd,30 September 2026 05:42:34 PM,30 September 2026 05:42:34 PM,2026-09-30T18:03:21.986547+00:00,2.5237,,,,,,
native,uob,EUR,SGD,EUR/SGD,1,Indicative board,board,,,forex_sgd,30 September 2026 05:42:34 PM,30 September 2026 05:42:34 PM,2026-09-30T18:03:21.986547+00:00,1.4691,1.4311,1.4483,1.4501,MAS,1.4361665400814854,1.1875992542981346
native,uob,GBP,SGD,GBP/SGD,1,Indicative board,board,,,forex_sgd,30 September 2026 05:42:34 PM,30 September 2026 05:42:34 PM,2026-09-30T18:03:21.986547+00:00,1.7171,1.6721,1.6904,1.6945999999999999,MAS,1.5795078088026604,1.0825840037860852
native,uob,HKD,SGD,HKD/SGD,100,Indicative board,board,,,forex_sgd,30 September 2026 05:42:34 PM,30 September 2026 05:42:34 PM,2026-09-30T18:03:21.986547+00:00,16.449,16.091,16.29,16.270000000000003,MAS,0.9760589318600521,1.22160834868016
native,uob,INR,SGD,INR/SGD,100,Indicative board,board,,,forex_sgd,30 September 2026 05:42:34 PM,30 September 2026 05:42:34 PM,2026-09-30T18:03:21.986547+00:00,1.3703,,1.3316,,MAS,2.906278161610107,
native,uob,JPY,SGD,JPY/SGD,100,Indicative board,board,,,forex_sgd,30 September 2026 05:42:34 PM,30 September 2026 05:42:34 PM,2026-09-30T18:03:21.986547+00:00,0.8299,0.7959,0.8147,0.8129,MAS,1.8657174420031903,2.307597888793412
native,uob,KRW,SGD,KRW/SGD,1000,Indicative board,board,,,forex_sgd,30 September 2026 05:42:34 PM,30 September 2026 05:42:34 PM,2026-09-30T18:03:21.986547+00:00,0.9581,,0.943,,MAS,1.6012725344644756,
native,uob,KWD,SGD,KWD/SGD,1,Indicative board,board,,,forex_sgd,30 September 2026 05:42:34 PM,30 September 2026 05:42:34 PM,2026-09-30T18:03:21.986547+00:00,4.1933,,,,,,
native,uob,LKR,SGD,LKR/SGD,100,Indicative board,board,,,forex_sgd,30 September 2026 05:42:34 PM,30 September 2026 05:42:34 PM,2026-09-30T18:03:21.986547+00:00,0.3928,,,,,,
native,uob,MXN,SGD,MXN/SGD,100,Indicative board,board,,,forex_sgd,30 September 2026 05:42:34 PM,30 September 2026 05:42:34 PM,2026-09-30T18:03:21.986547+00:00,7.1557,,,,,,
native,uob,MYR,SGD,MYR/SGD,100,Indicative board,board,,,forex_sgd,30 September 2026 05:42:34 PM,30 September 2026 05:42:34 PM,2026-09-30T18:03:21.986547+00:00,31.7864,,31.33,,MAS,1.4567507181615136,
native,uob,NOK,SGD,NOK/SGD,100,Indicative board,board,,,forex_sgd,30 September 2026 05:42:34 PM,30 September 2026 05:42:34 PM,2026-09-30T18:03:21.986547+00:00,13.52,13.08,,13.3,,,
native,uob,NZD,SGD,NZD/SGD,1,Indicative board,board,,,forex_sgd,30 September 2026 05:42:34 PM,30 September 2026 05:42:34 PM,2026-09-30T18:03:21.986547+00:00,0.7313,0.7113,0.7212999999999999,0.7213,MAS,1.3863856924996547,1.3863856924996392
native,uob,PHP,SGD,PHP/SGD,100,Indicative board,board,,,forex_sgd,30 September 2026 05:42:34 PM,30 September 2026 05:42:34 PM,2026-09-30T18:03:21.986547+00:00,2.0842,,2.0407,,MAS,2.1316215024256318,
native,uob,PKR,SGD,PKR/SGD,100,Indicative board,board,,,forex_sgd,30 September 2026 05:42:34 PM,30 September 2026 05:42:34 PM,2026-09-30T18:03:21.986547+00:00,0.468,,,,,,
native,uob,SAR,SGD,SAR/SGD,100,Indicative board,board,,,forex_sgd,30 September 2026 05:42:34 PM,30 September 2026 05:42:34 PM,2026-09-30T18:03:21.986547+00:00,,,34.04,,MAS,,
native,uob,SEK,SGD,SEK/SGD,100,Indicative board,board,,,forex_sgd,30 September 2026 05:42:34 PM,30 September 2026 05:42:34 PM,2026-09-30T18:03:21.986547+00:00,13.04,12.56,,12.8,,,
native,uob,THB,SGD,THB/SGD,100,Indicative board,board,,,forex_sgd,30 September 2026 05:42:34 PM,30 September 2026 05:42:34 PM,2026-09-30T18:03:21.986547+00:00,3.91,3.71,3.8052999999999995,3.81,MAS,2.7514256431818964,2.5044017554463385
native,uob,TWD,SGD,TWD/SGD,100,Indicative board,board,,,forex_sgd,30 September 2026 05:42:34 PM,30 September 2026 05:42:34 PM,2026-09-30T18:03:21.986547+00:00,4.109,,4.0068,,MAS,2.5506638714185845,
native,uob,USD,SGD,USD/SGD,1,Indicative board,board,,,forex_sgd,30 September 2026 05:42:34 PM,30 September 2026 05:42:34 PM,2026-09-30T18:03:21.986547+00:00,1.2888,1.2648,1.278,1.2768,MAS,0.8450704225352051,1.0328638497652662
native,uob,VND,SGD,VND/SGD,1000,Indicative board,board,,,forex_sgd,30 September 2026 05:42:34 PM,30 September 2026 05:42:34 PM,2026-09-30T18:03:21.986547+00:00,0.0504,,0.04921,,MAS,2.4182076813655833,
native,uob,XAF,SGD,XAF/SGD,100,Indicative board,board,,,forex_sgd,30 September 2026 05:42:34 PM,30 September 2026 05:42:34 PM,2026-09-30T18:03:21.986547+00:00,0.2271,,,,,,
native,uob,XOF,SGD,XOF/SGD,100,Indicative board,board,,,forex_sgd,30 September 2026 05:42:34 PM,30 September 2026 05:42:34 PM,2026-09-30T18:03:21.986547+00:00,0.2288,,,,,,
native,uob,ZAR,SGD,ZAR/SGD,1,Indicative board,board,,,forex_sgd,30 September 2026 05:42:34 PM,30 September 2026 05:42:34 PM,2026-09-30T18:03:21.986547+00:00,0.0799,0.0759,,0.0779,,,
standardized,dbs,AED,SGD,AED/SGD,1,SGD 50 – 200,amtBtw50And200,"SGD 200 – 39,999.99",std_200_40k,mainCurrencies,2026-10-01 02:00:00,2026-09-30 18:00:17,2026-09-30T18:03:19.473608+00:00,0.3503,0.3455,0.348,0.3479,MAS,0.6609195402298921,0.7183908045977019
standardized,dbs,AED,SGD,AED/SGD,1,SGD 50 – 200,amtBtw50And200,"SGD 40,000 – 100,000",std_40k_100k,mainCurrencies,2026-10-01 02:00:00,2026-09-30 18:00:17,2026-09-30T18:03:19.473608+00:00,0.3503,0.3455,0.348,0.3479,MAS,0.6609195402298921,0.7183908045977019
standardized,dbs,AED,SGD,AED/SGD,1,SGD 50 – 200,amtBtw50And200,SGD 50 – 200,std_50_200,mainCurrencies,2026-10-01 02:00:00,2026-09-30 18:00:17,2026-09-30T18:03:19.473608+00:00,0.3503,0.3455,0.348,0.3479,MAS,0.6609195402298921,0.7183908045977019
standardized,dbs,AED,SGD,AED/SGD,1,SGD < 50,amtLessThan50,SGD < 50,std_lt_50,mainCurrencies,2026-10-01 02:00:00,2026-09-30 18:00:17,2026-09-30T18:03:19.473608+00:00,0.353,0.3427,0.348,0.34785,MAS,1.4367816091954038,1.5229885057471182
standardized,dbs,AUD,SGD,AUD/SGD,1,SGD 50 – 200,amtBtw50And200,"SGD 200 – 39,999.99",std_200_40k,mainCurrencies,2026-10-01 02:00:00,2026-09-30 18:00:17,2026-09-30T18:03:19.473608+00:00,0.8978,0.8781,0.8906999999999999,0.88795,MAS,0.7971258560682729,1.414617716402823
standardized,dbs,AUD,SGD,AUD/SGD,1,SGD 50 – 200,amtBtw50And200,"SGD 40,000 – 100,000",std_40k_100k,mainCurrencies,2026-10-01 02:00:00,2026-09-30 18:00:17,2026-09-30T18:03:19.473608+00:00,0.8978,0.8781,0.8906999999999999,0.88795,MAS,0.7971258560682729,1.414617716402823
standardized,dbs,AUD,SGD,AUD/SGD,1,SGD 50 – 200,amtBtw50And200,SGD 50 – 200,std_50_200,mainCurrencies,2026-10-01 02:00:00,2026-09-30 18:00:17,2026-09-30T18:03:19.473608+00:00,0.8978,0.8781,0.8906999999999999,0.88795,MAS,0.7971258560682729,1.414617716402823
standardized,dbs,AUD,SGD,AUD/SGD,1,SGD < 50,amtLessThan50,SGD < 50,std_lt_50,mainCurrencies,2026-10-01 02:00:00,2026-09-30 18:00:17,2026-09-30T18:03:19.473608+00:00,0.8983,0.8777,0.8906999999999999,0.888,MAS,0.8532614797350457,1.4595262153362412
standardized,dbs,BDT,SGD,BDT/SGD,100,SGD 50 – 200,amtBtw50And200,"SGD 200 – 39,999.99",std_200_40k,otherCurrencies,2026-10-01 02:00:00,2026-09-30 18:00:17,2026-09-30T18:03:19.473608+00:00,1.054,,,,,,
standardized,dbs,BDT,SGD,BDT/SGD,100,SGD 50 – 200,amtBtw50And200,"SGD 40,000 – 100,000",std_40k_100k,otherCurrencies,2026-10-01 02:00:00,2026-09-30 18:00:17,2026-09-30T18:03:19.473608+00:00,1.054,,,,,,
standardized,dbs,BDT,SGD,BDT/SGD,100,SGD 50 – 200,amtBtw50And200,SGD 50 – 200,std_50_200,otherCurrencies,2026-10-01 02:00:00,2026-09-30 18:00:17,2026-09-30T18:03:19.473608+00:00,1.054,,,,,,
standardized,dbs,BDT,SGD,BDT/SGD,100,SGD < 50,amtLessThan50,SGD < 50,std_lt_50,otherCurrencies,2026-10-01 02:00:00,2026-09-30 18:00:17,2026-09-30T18:03:19.473608+00:00,1.054,,,,,,
standardized,dbs,BHD,SGD,BHD/SGD,1,SGD 50 – 200,amtBtw50And200,"SGD 200 – 39,999.99",std_200_40k,otherCurrencies,2026-10-01 02:00:00,2026-09-30 18:00:17,2026-09-30T18:03:19.473608+00:00,3.4515,,,,,,
standardized,dbs,BHD,SGD,BHD/SGD,1,SGD 50 – 200,amtBtw50And200,"SGD 40,000 – 100,000",std_40k_100k,otherCurrencies,2026-10-01 02:00:00,2026-09-30 18:00:17,2026-09-30T18:03:19.473608+00:00,3.4515,,,,,,
standardized,dbs,BHD,SGD,BHD/SGD,1,SGD 50 – 200,amtBtw50And200,SGD 50 – 200,std_50_200,otherCurrencies,2026-10-01 02:00:00,2026-09-30 18:00:17,2026-09-30T18:03:19.473608+00:00,3.4515,,,,,,
standardized,dbs,BHD,SGD,BHD/SGD,1,SGD < 50,amtLessThan50,SGD < 50,std_lt_50,otherCurrencies,2026-10-01 02:00:00,2026-09-30 18:00:17,2026-09-30T18:03:19.473608+00:00,3.4651,,,,,,
standardized,dbs,BND,SGD,BND/SGD,1,SGD 50 – 200,amtBtw50And200,"SGD 200 – 39,999.99",std_200_40k,otherCurrencies,2026-10-01 02:00:00,2026-09-30 18:00:17,2026-09-30T18:03:19.473608+00:00,1.0,1.0,,1.0,,,
standardized,dbs,BND,SGD,BND/SGD,1,SGD 50 – 200,amtBtw50And200,"SGD 40,000 – 100,000",std_40k_100k,otherCurrencies,2026-10-01 02:00:00,2026-09-30 18:00:17,2026-09-30T18:03:19.473608+00:00,1.0,1.0,,1.0,,,
standardized,dbs,BND,SGD,BND/SGD,1,SGD 50 – 200,amtBtw50And200,SGD 50 – 200,std_50_200,otherCurrencies,2026-10-01 02:00:00,2026-09-30 18:00:17,2026-09-30T18:03:19.473608+00:00,1.0,1.0,,1.0,,,
standardized,dbs,BND,SGD,BND/SGD,1,SGD < 50,amtLessThan50,SGD < 50,std_lt_50,otherCurrencies,2026-10-01 02:00:00,2026-09-30 18:00:17,2026-09-30T18:03:19.473608+00:00,1.0,1.0,,1.0,,,
standardized,dbs,CAD,SGD,CAD/SGD,1,SGD 50 – 200,amtBtw50And200,"SGD 200 – 39,999.99",std_200_40k,mainCurrencies,2026-10-01 02:00:00,2026-09-30 18:00:17,2026-09-30T18:03:19.473608+00:00,0.9051,0.8916,0.9001,0.89835,MAS,0.5554938340184429,0.9443395178313589
standardized,dbs,CAD,SGD,CAD/SGD,1,SGD 50 – 200,amtBtw50And200,"SGD 40,000 – 100,000",std_40k_100k,mainCurrencies,2026-10-01 02:00:00,2026-09-30 18:00:17,2026-09-30T18:03:19.473608+00:00,0.9051,0.8916,0.9001,0.89835,MAS,0.5554938340184429,0.9443395178313589
standardized,dbs,CAD,SGD,CAD/SGD,1,SGD 50 – 200,amtBtw50And200,SGD 50 – 200,std_50_200,mainCurrencies,2026-10-01 02:00:00,2026-09-30 18:00:17,2026-09-30T18:03:19.473608+00:00,0.9051,0.8916,0.9001,0.89835,MAS,0.5554938340184429,0.9443395178313589
standardized,dbs,CAD,SGD,CAD/SGD,1,SGD < 50,amtLessThan50,SGD < 50,std_lt_50,mainCurrencies,2026-10-01 02:00:00,2026-09-30 18:00:17,2026-09-30T18:03:19.473608+00:00,0.9083,0.8885,0.9001,0.8984,MAS,0.9110098877902438,1.2887456949227925
standardized,dbs,CHF,SGD,CHF/SGD,1,SGD 50 – 200,amtBtw50And200,"SGD 200 – 39,999.99",std_200_40k,mainCurrencies,2026-10-01 02:00:00,2026-09-30 18:00:17,2026-09-30T18:03:19.473608+00:00,1.5439,1.5146,1.5316,1.52925,MAS,0.803081744580829,1.1099503786889608
standardized,dbs,CHF,SGD,CHF/SGD,1,SGD 50 – 200,amtBtw50And200,"SGD 40,000 – 100,000",std_40k_100k,mainCurrencies,2026-10-01 02:00:00,2026-09-30 18:00:17,2026-09-30T18:03:19.473608+00:00,1.5439,1.5146,1.5316,1.52925,MAS,0.803081744580829,1.1099503786889608
standardized,dbs,CHF,SGD,CHF/SGD,1,SGD 50 – 200,amtBtw50And200,SGD 50 – 200,std_50_200,mainCurrencies,2026-10-01 02:00:00,2026-09-30 18:00:17,2026-09-30T18:03:19.473608+00:00,1.5439,1.5146,1.5316,1.52925,MAS,0.803081744580829,1.1099503786889608
standardized,dbs,CHF,SGD,CHF/SGD,1,SGD < 50,amtLessThan50,SGD < 50,std_lt_50,mainCurrencies,2026-10-01 02:00:00,2026-09-30 18:00:17,2026-09-30T18:03:19.473608+00:00,1.5447,1.5138,1.5316,1.52925,MAS,0.8553147035779505,1.1621833376860824
standardized,dbs,CNH,SGD,CNH/SGD,1,SGD 50 – 200,amtBtw50And200,"SGD 200 – 39,999.99",std_200_40k,mainCurrencies,2026-10-01 02:00:00,2026-09-30 18:00:17,2026-09-30T18:03:19.473608+00:00,0.1925,0.1881,,0.1903,,,
standardized,dbs,CNH,SGD,CNH/SGD,1,SGD 50 – 200,amtBtw50And200,"SGD 40,000 – 100,000",std_40k_100k,mainCurrencies,2026-10-01 02:00:00,2026-09-30 18:00:17,2026-09-30T18:03:19.473608+00:00,0.1925,0.1881,,0.1903,,,
standardized,dbs,CNH,SGD,CNH/SGD,1,SGD 50 – 200,amtBtw50And200,SGD 50 – 200,std_50_200,mainCurrencies,2026-10-01 02:00:00,2026-09-30 18:00:17,2026-09-30T18:03:19.473608+00:00,0.1925,0.1881,,0.1903,,,
standardized,dbs,CNH,SGD,CNH/SGD,1,SGD < 50,amtLessThan50,SGD < 50,std_lt_50,mainCurrencies,2026-10-01 02:00:00,2026-09-30 18:00:17,2026-09-30T18:03:19.473608+00:00,0.1932,0.1874,,0.19030000000000002,,,
standardized,dbs,CNY,SGD,CNY/SGD,1,SGD 50 – 200,amtBtw50And200,"SGD 200 – 39,999.99",std_200_40k,otherCurrencies,2026-10-01 02:00:00,2026-09-30 18:00:17,2026-09-30T18:03:19.473608+00:00,0.1905,,0.1906,,MAS,-0.05246589716683578,
standardized,dbs,CNY,SGD,CNY/SGD,1,SGD 50 – 200,amtBtw50And200,"SGD 40,000 – 100,000",std_40k_100k,otherCurrencies,2026-10-01 02:00:00,2026-09-30 18:00:17,2026-09-30T18:03:19.473608+00:00,0.1905,,0.1906,,MAS,-0.05246589716683578,
standardized,dbs,CNY,SGD,CNY/SGD,1,SGD 50 – 200,amtBtw50And200,SGD 50 – 200,std_50_200,otherCurrencies,2026-10-01 02:00:00,2026-09-30 18:00:17,2026-09-30T18:03:19.473608+00:00,0.1905,,0.1906,,MAS,-0.05246589716683578,
standardized,dbs,CNY,SGD,CNY/SGD,1,SGD < 50,amtLessThan50,SGD < 50,std_lt_50,otherCurrencies,2026-10-01 02:00:00,2026-09-30 18:00:17,2026-09-30T18:03:19.473608+00:00,0.1922,,0.1906,,MAS,0.8394543546694744,
standardized,dbs,DKK,SGD,DKK/SGD,1,SGD 50 – 200,amtBtw50And200,"SGD 200 – 39,999.99",std_200_40k,mainCurrencies,2026-10-01 02:00:00,2026-09-30 18:00:17,2026-09-30T18:03:19.473608+00:00,0.1964,0.191,,0.19369999999999998,,,
standardized,dbs,DKK,SGD,DKK/SGD,1,SGD 50 – 200,amtBtw50And200,"SGD 40,000 – 100,000",std_40k_100k,mainCurrencies,2026-10-01 02:00:00,2026-09-30 18:00:17,2026-09-30T18:03:19.473608+00:00,0.1964,0.191,,0.19369999999999998,,,
standardized,dbs,DKK,SGD,DKK/SGD,1,SGD 50 – 200,amtBtw50And200,SGD 50 – 200,std_50_200,mainCurrencies,2026-10-01 02:00:00,2026-09-30 18:00:17,2026-09-30T18:03:19.473608+00:00,0.1964,0.191,,0.19369999999999998,,,
standardized,dbs,DKK,SGD,DKK/SGD,1,SGD < 50,amtLessThan50,SGD < 50,std_lt_50,mainCurrencies,2026-10-01 02:00:00,2026-09-30 18:00:17,2026-09-30T18:03:19.473608+00:00,0.1967,0.1906,,0.19365,,,
standardized,dbs,EUR,SGD,EUR/SGD,1,SGD 50 – 200,amtBtw50And200,"SGD 200 – 39,999.99",std_200_40k,mainCurrencies,2026-10-01 02:00:00,2026-09-30 18:00:17,2026-09-30T18:03:19.473608+00:00,1.4607,1.4359,1.4483,1.4483000000000001,MAS,0.8561762065870461,0.8561762065870308
standardized,dbs,EUR,SGD,EUR/SGD,1,SGD 50 – 200,amtBtw50And200,"SGD 40,000 – 100,000",std_40k_100k,mainCurrencies,2026-10-01 02:00:00,2026-09-30 18:00:17,2026-09-30T18:03:19.473608+00:00,1.4607,1.4359,1.4483,1.4483000000000001,MAS,0.8561762065870461,0.8561762065870308
standardized,dbs,EUR,SGD,EUR/SGD,1,SGD 50 – 200,amtBtw50And200,SGD 50 – 200,std_50_200,mainCurrencies,2026-10-01 02:00:00,2026-09-30 18:00:17,2026-09-30T18:03:19.473608+00:00,1.4607,1.4359,1.4483,1.4483000000000001,MAS,0.8561762065870461,0.8561762065870308
standardized,dbs,EUR,SGD,EUR/SGD,1,SGD < 50,amtLessThan50,SGD < 50,std_lt_50,mainCurrencies,2026-10-01 02:00:00,2026-09-30 18:00:17,2026-09-30T18:03:19.473608+00:00,1.4614,1.4352,1.4483,1.4483000000000001,MAS,0.9045087343782444,0.904508734378229
standardized,dbs,GBP,SGD,GBP/SGD,1,SGD 50 – 200,amtBtw50And200,"SGD 200 – 39,999.99",std_200_40k,mainCurrencies,2026-10-01 02:00:00,2026-09-30 18:00:17,2026-09-30T18:03:19.473608+00:00,1.7079,1.6823,1.6904,1.6951,MAS,1.0352579271178461,0.4791765262659724
standardized,dbs,GBP,SGD,GBP/SGD,1,SGD 50 – 200,amtBtw50And200,"SGD 40,000 – 100,000",std_40k_100k,mainCurrencies,2026-10-01 02:00:00,2026-09-30 18:00:17,2026-09-30T18:03:19.473608+00:00,1.7079,1.6823,1.6904,1.6951,MAS,1.0352579271178461,0.4791765262659724
standardized,dbs,GBP,SGD,GBP/SGD,1,SGD 50 – 200,amtBtw50And200,SGD 50 – 200,std_50_200,mainCurrencies,2026-10-01 02:00:00,2026-09-30 18:00:17,2026-09-30T18:03:19.473608+00:00,1.7079,1.6823,1.6904,1.6951,MAS,1.0352579271178461,0.4791765262659724
standardized,dbs,GBP,SGD,GBP/SGD,1,SGD < 50,amtLessThan50,SGD < 50,std_lt_50,mainCurrencies,2026-10-01 02:00:00,2026-09-30 18:00:17,2026-09-30T18:03:19.473608+00:00,1.7096,1.6806,1.6904,1.6951,MAS,1.1358258400378674,0.5797444391859802
standardized,dbs,HKD,SGD,HKD/SGD,1,SGD 50 – 200,amtBtw50And200,"SGD 200 – 39,999.99",std_200_40k,mainCurrencies,2026-10-01 02:00:00,2026-09-30 18:00:17,2026-09-30T18:03:19.473608+00:00,0.1644,0.1611,0.1629,0.16275,MAS,0.9208103130755074,1.1049723756906054
standardized,dbs,HKD,SGD,HKD/SGD,1,SGD 50 – 200,amtBtw50And200,"SGD 40,000 – 100,000",std_40k_100k,mainCurrencies,2026-10-01 02:00:00,2026-09-30 18:00:17,2026-09-30T18:03:19.473608+00:00,0.1644,0.1611,0.1629,0.16275,MAS,0.9208103130755074,1.1049723756906054
standardized,dbs,HKD,SGD,HKD/SGD,1,SGD 50 – 200,amtBtw50And200,SGD 50 – 200,std_50_200,mainCurrencies,2026-10-01 02:00:00,2026-09-30 18:00:17,2026-09-30T18:03:19.473608+00:00,0.1644,0.1611,0.1629,0.16275,MAS,0.9208103130755074,1.1049723756906054
standardized,dbs,HKD,SGD,HKD/SGD,1,SGD < 50,amtLessThan50,SGD < 50,std_lt_50,mainCurrencies,2026-10-01 02:00:00,2026-09-30 18:00:17,2026-09-30T18:03:19.473608+00:00,0.1646,0.161,0.1629,0.1628,MAS,1.0435850214855784,1.1663597298956325
standardized,dbs,HUF,SGD,HUF/SGD,100,SGD 50 – 200,amtBtw50And200,"SGD 200 – 39,999.99",std_200_40k,otherCurrencies,2026-10-01 02:00:00,2026-09-30 18:00:17,2026-09-30T18:03:19.473608+00:00,0.4023,,,,,,
standardized,dbs,HUF,SGD,HUF/SGD,100,SGD 50 – 200,amtBtw50And200,"SGD 40,000 – 100,000",std_40k_100k,otherCurrencies,2026-10-01 02:00:00,2026-09-30 18:00:17,2026-09-30T18:03:19.473608+00:00,0.4023,,,,,,
standardized,dbs,HUF,SGD,HUF/SGD,100,SGD 50 – 200,amtBtw50And200,SGD 50 – 200,std_50_200,otherCurrencies,2026-10-01 02:00:00,2026-09-30 18:00:17,2026-09-30T18:03:19.473608+00:00,0.4023,,,,,,
standardized,dbs,HUF,SGD,HUF/SGD,100,SGD < 50,amtLessThan50,SGD < 50,std_lt_50,otherCurrencies,2026-10-01 02:00:00,2026-09-30 18:00:17,2026-09-30T18:03:19.473608+00:00,0.4039,,,,,,
standardized,dbs,ID0,SGD,ID0/SGD,100,SGD 50 – 200,amtBtw50And200,"SGD 200 – 39,999.99",std_200_40k,otherCurrencies,2026-10-01 02:00:00,2026-09-30 18:00:17,2026-09-30T18:03:19.473608+00:00,,,,,,,
standardized,dbs,ID0,SGD,ID0/SGD,100,SGD 50 – 200,amtBtw50And200,"SGD 40,000 – 100,000",std_40k_100k,otherCurrencies,2026-10-01 02:00:00,2026-09-30 18:00:17,2026-09-30T18:03:19.473608+00:00,,,,,,,
standardized,dbs,ID0,SGD,ID0/SGD,100,SGD 50 – 200,amtBtw50And200,SGD 50 – 200,std_50_200,otherCurrencies,2026-10-01 02:00:00,2026-09-30 18:00:17,2026-09-30T18:03:19.473608+00:00,,,,,,,
standardized,dbs,ID0,SGD,ID0/SGD,100,SGD < 50,amtLessThan50,SGD < 50,std_lt_50,otherCurrencies,2026-10-01 02:00:00,2026-09-30 18:00:17,2026-09-30T18:03:19.473608+00:00,,0.0071,,,,,
standardized,dbs,IDR,SGD,IDR/SGD,100,SGD 50 – 200,amtBtw50And200,"SGD 200 – 39,999.99",std_200_40k,mainCurrencies,2026-10-01 02:00:00,2026-09-30 18:00:17,2026-09-30T18:03:19.473608+00:00,0.0073,,0.007146999999999999,,MAS,2.14075836015113,
standardized,dbs,IDR,SGD,IDR/SGD,100,SGD 50 – 200,amtBtw50And200,"SGD 40,000 – 100,000",std_40k_100k,mainCurrencies,2026-10-01 02:00:00,2026-09-30 18:00:17,2026-09-30T18:03:19.473608+00:00,0.0073,,0.007146999999999999,,MAS,2.14075836015113,
standardized,dbs,IDR,SGD,IDR/SGD,100,SGD 50 – 200,amtBtw50And200,SGD 50 – 200,std_50_200,mainCurrencies,2026-10-01 02:00:00,2026-09-30 18:00:17,2026-09-30T18:03:19.473608+00:00,0.0073,,0.007146999999999999,,MAS,2.14075836015113,
standardized,dbs,IDR,SGD,IDR/SGD,100,SGD < 50,amtLessThan50,SGD < 50,std_lt_50,mainCurrencies,2026-10-01 02:00:00,2026-09-30 18:00:17,2026-09-30T18:03:19.473608+00:00,0.0073,,0.007146999999999999,,MAS,2.14075836015113,
standardized,dbs,IN0,SGD,IN0/SGD,100,SGD 50 – 200,amtBtw50And200,"SGD 200 – 39,999.99",std_200_40k,otherCurrencies,2026-10-01 02:00:00,2026-09-30 18:00:17,2026-09-30T18:03:19.473608+00:00,,1.3261,,,,,
standardized,dbs,IN0,SGD,IN0/SGD,100,SGD 50 – 200,amtBtw50And200,"SGD 40,000 – 100,000",std_40k_100k,otherCurrencies,2026-10-01 02:00:00,2026-09-30 18:00:17,2026-09-30T18:03:19.473608+00:00,,1.3261,,,,,
standardized,dbs,IN0,SGD,IN0/SGD,100,SGD 50 – 200,amtBtw50And200,SGD 50 – 200,std_50_200,otherCurrencies,2026-10-01 02:00:00,2026-09-30 18:00:17,2026-09-30T18:03:19.473608+00:00,,1.3261,,,,,
standardized,dbs,IN0,SGD,IN0/SGD,100,SGD < 50,amtLessThan50,SGD < 50,std_lt_50,otherCurrencies,2026-10-01 02:00:00,2026-09-30 18:00:17,2026-09-30T18:03:19.473608+00:00,,1.3261,,,,,
standardized,dbs,INR,SGD,INR/SGD,100,SGD 50 – 200,amtBtw50And200,"SGD 200 – 39,999.99",std_200_40k,otherCurrencies,2026-10-01 02:00:00,2026-09-30 18:00:17,2026-09-30T18:03:19.473608+00:00,1.3482,,1.3316,,MAS,1.2466206067888383,
standardized,dbs,INR,SGD,INR/SGD,100,SGD 50 – 200,amtBtw50And200,"SGD 40,000 – 100,000",std_40k_100k,otherCurrencies,2026-10-01 02:00:00,2026-09-30 18:00:17,2026-09-30T18:03:19.473608+00:00,1.3482,,1.3316,,MAS,1.2466206067888383,
standardized,dbs,INR,SGD,INR/SGD,100,SGD 50 – 200,amtBtw50And200,SGD 50 – 200,std_50_200,otherCurrencies,2026-10-01 02:00:00,2026-09-30 18:00:17,2026-09-30T18:03:19.473608+00:00,1.3482,,1.3316,,MAS,1.2466206067888383,
standardized,dbs,INR,SGD,INR/SGD,100,SGD < 50,amtLessThan50,SGD < 50,std_lt_50,otherCurrencies,2026-10-01 02:00:00,2026-09-30 18:00:17,2026-09-30T18:03:19.473608+00:00,1.3589,,1.3316,,MAS,2.050165214779221,
standardized,dbs,JPY,SGD,JPY/SGD,100,SGD 50 – 200,amtBtw50And200,"SGD 200 – 39,999.99",std_200_40k,mainCurrencies,2026-10-01 02:00:00,2026-09-30 18:00:17,2026-09-30T18:03:19.473608+00:00,0.8204,0.804,0.8147,0.8122,MAS,0.6996440407512015,1.3133668835153962
standardized,dbs,JPY,SGD,JPY/SGD,100,SGD 50 – 200,amtBtw50And200,"SGD 40,000 – 100,000",std_40k_100k,mainCurrencies,2026-10-01 02:00:00,2026-09-30 18:00:17,2026-09-30T18:03:19.473608+00:00,0.8204,0.804,0.8147,0.8122,MAS,0.6996440407512015,1.3133668835153962
standardized,dbs,JPY,SGD,JPY/SGD,100,SGD 50 – 200,amtBtw50And200,SGD 50 – 200,std_50_200,mainCurrencies,2026-10-01 02:00:00,2026-09-30 18:00:17,2026-09-30T18:03:19.473608+00:00,0.8204,0.804,0.8147,0.8122,MAS,0.6996440407512015,1.3133668835153962
standardized,dbs,JPY,SGD,JPY/SGD,100,SGD < 50,amtLessThan50,SGD < 50,std_lt_50,mainCurrencies,2026-10-01 02:00:00,2026-09-30 18:00:17,2026-09-30T18:03:19.473608+00:00,0.8212,0.8032,0.8147,0.8122,MAS,0.7978396955934774,1.4115625383576722
standardized,dbs,KRW,SGD,KRW/SGD,100,SGD 50 – 200,amtBtw50And200,"SGD 200 – 39,999.99",std_200_40k,otherCurrencies,2026-10-01 02:00:00,2026-09-30 18:00:17,2026-09-30T18:03:19.473608+00:00,0.0955,,0.0943,,MAS,1.2725344644750867,
standardized,dbs,KRW,SGD,KRW/SGD,100,SGD 50 – 200,amtBtw50And200,"SGD 40,000 – 100,000",std_40k_100k,otherCurrencies,2026-10-01 02:00:00,2026-09-30 18:00:17,2026-09-30T18:03:19.473608+00:00,0.0955,,0.0943,,MAS,1.2725344644750867,
standardized,dbs,KRW,SGD,KRW/SGD,100,SGD 50 – 200,amtBtw50And200,SGD 50 – 200,std_50_200,otherCurrencies,2026-10-01 02:00:00,2026-09-30 18:00:17,2026-09-30T18:03:19.473608+00:00,0.0955,,0.0943,,MAS,1.2725344644750867,
standardized,dbs,KRW,SGD,KRW/SGD,100,SGD < 50,amtLessThan50,SGD < 50,std_lt_50,otherCurrencies,2026-10-01 02:00:00,2026-09-30 18:00:17,2026-09-30T18:03:19.473608+00:00,0.0955,,0.0943,,MAS,1.2725344644750867,
standardized,dbs,KWD,SGD,KWD/SGD,100,SGD 50 – 200,amtBtw50And200,"SGD 200 – 39,999.99",std_200_40k,otherCurrencies,2026-10-01 02:00:00,2026-09-30 18:00:17,2026-09-30T18:03:19.473608+00:00,424.2703,,,,,,
standardized,dbs,KWD,SGD,KWD/SGD,100,SGD 50 – 200,amtBtw50And200,"SGD 40,000 – 100,000",std_40k_100k,otherCurrencies,2026-10-01 02:00:00,2026-09-30 18:00:17,2026-09-30T18:03:19.473608+00:00,424.2703,,,,,,
standardized,dbs,KWD,SGD,KWD/SGD,100,SGD 50 – 200,amtBtw50And200,SGD 50 – 200,std_50_200,otherCurrencies,2026-10-01 02:00:00,2026-09-30 18:00:17,2026-09-30T18:03:19.473608+00:00,424.2703,,,,,,
standardized,dbs,KWD,SGD,KWD/SGD,100,SGD < 50,amtLessThan50,SGD < 50,std_lt_50,otherCurrencies,2026-10-01 02:00:00,2026-09-30 18:00:17,2026-09-30T18:03:19.473608+00:00,425.9433,,,,,,
standardized,dbs,LKR,SGD,LKR/SGD,100,SGD 50 – 200,amtBtw50And200,"SGD 200 – 39,999.99",std_200_40k,otherCurrencies,2026-10-01 02:00:00,2026-09-30 18:00:17,2026-09-30T18:03:19.473608+00:00,0.3942,,,,,,
standardized,dbs,LKR,SGD,LKR/SGD,100,SGD 50 – 200,amtBtw50And200,"SGD 40,000 – 100,000",std_40k_100k,otherCurrencies,2026-10-01 02:00:00,2026-09-30 18:00:17,2026-09-30T18:03:19.473608+00:00,0.3942,,,,,,
standardized,dbs,LKR,SGD,LKR/SGD,100,SGD 50 – 200,amtBtw50And200,SGD 50 – 200,std_50_200,otherCurrencies,2026-10-01 02:00:00,2026-09-30 18:00:17,2026-09-30T18:03:19.473608+00:00,0.3942,,,,,,
standardized,dbs,LKR,SGD,LKR/SGD,100,SGD < 50,amtLessThan50,SGD < 50,std_lt_50,otherCurrencies,2026-10-01 02:00:00,2026-09-30 18:00:17,2026-09-30T18:03:19.473608+00:00,0.3942,,,,,,
standardized,dbs,MM1,SGD,MM1/SGD,100,SGD 50 – 200,amtBtw50And200,"SGD 200 – 39,999.99",std_200_40k,otherCurrencies,2026-10-01 02:00:00,2026-09-30 18:00:17,2026-09-30T18:03:19.473608+00:00,,,,,,,
standardized,dbs,MM1,SGD,MM1/SGD,100,SGD 50 – 200,amtBtw50And200,"SGD 40,000 – 100,000",std_40k_100k,otherCurrencies,2026-10-01 02:00:00,2026-09-30 18:00:17,2026-09-30T18:03:19.473608+00:00,,,,,,,
standardized,dbs,MM1,SGD,MM1/SGD,100,SGD 50 – 200,amtBtw50And200,SGD 50 – 200,std_50_200,otherCurrencies,2026-10-01 02:00:00,2026-09-30 18:00:17,2026-09-30T18:03:19.473608+00:00,,,,,,,
standardized,dbs,MM1,SGD,MM1/SGD,100,SGD < 50,amtLessThan50,SGD < 50,std_lt_50,otherCurrencies,2026-10-01 02:00:00,2026-09-30 18:00:17,2026-09-30T18:03:19.473608+00:00,,,,,,,
standardized,dbs,MMK,SGD,MMK/SGD,100,SGD 50 – 200,amtBtw50And200,"SGD 200 – 39,999.99",std_200_40k,otherCurrencies,2026-10-01 02:00:00,2026-09-30 18:00:17,2026-09-30T18:03:19.473608+00:00,0.0325,,,,,,
standardized,dbs,MMK,SGD,MMK/SGD,100,SGD 50 – 200,amtBtw50And200,"SGD 40,000 – 100,000",std_40k_100k,otherCurrencies,2026-10-01 02:00:00,2026-09-30 18:00:17,2026-09-30T18:03:19.473608+00:00,0.0325,,,,,,
standardized,dbs,MMK,SGD,MMK/SGD,100,SGD 50 – 200,amtBtw50And200,SGD 50 – 200,std_50_200,otherCurrencies,2026-10-01 02:00:00,2026-09-30 18:00:17,2026-09-30T18:03:19.473608+00:00,0.0325,,,,,,
standardized,dbs,MMK,SGD,MMK/SGD,100,SGD < 50,amtLessThan50,SGD < 50,std_lt_50,otherCurrencies,2026-10-01 02:00:00,2026-09-30 18:00:17,2026-09-30T18:03:19.473608+00:00,0.0325,,,,,,
standardized,dbs,MUR,SGD,MUR/SGD,100,SGD 50 – 200,amtBtw50And200,"SGD 200 – 39,999.99",std_200_40k,otherCurrencies,2026-10-01 02:00:00,2026-09-30 18:00:17,2026-09-30T18:03:19.473608+00:00,2.7022,,,,,,
standardized,dbs,MUR,SGD,MUR/SGD,100,SGD 50 – 200,amtBtw50And200,"SGD 40,000 – 100,000",std_40k_100k,otherCurrencies,2026-10-01 02:00:00,2026-09-30 18:00:17,2026-09-30T18:03:19.473608+00:00,2.7022,,,,,,
standardized,dbs,MUR,SGD,MUR/SGD,100,SGD 50 – 200,amtBtw50And200,SGD 50 – 200,std_50_200,otherCurrencies,2026-10-01 02:00:00,2026-09-30 18:00:17,2026-09-30T18:03:19.473608+00:00,2.7022,,,,,,
standardized,dbs,MUR,SGD,MUR/SGD,100,SGD < 50,amtLessThan50,SGD < 50,std_lt_50,otherCurrencies,2026-10-01 02:00:00,2026-09-30 18:00:17,2026-09-30T18:03:19.473608+00:00,2.7129,,,,,,
standardized,dbs,MXN,SGD,MXN/SGD,100,SGD 50 – 200,amtBtw50And200,"SGD 200 – 39,999.99",std_200_40k,mainCurrencies,2026-10-01 02:00:00,2026-09-30 18:00:17,2026-09-30T18:03:19.473608+00:00,7.1707,,,,,,
standardized,dbs,MXN,SGD,MXN/SGD,100,SGD 50 – 200,amtBtw50And200,"SGD 40,000 – 100,000",std_40k_100k,mainCurrencies,2026-10-01 02:00:00,2026-09-30 18:00:17,2026-09-30T18:03:19.473608+00:00,7.1707,,,,,,
standardized,dbs,MXN,SGD,MXN/SGD,100,SGD 50 – 200,amtBtw50And200,SGD 50 – 200,std_50_200,mainCurrencies,2026-10-01 02:00:00,2026-09-30 18:00:17,2026-09-30T18:03:19.473608+00:00,7.1707,,,,,,
standardized,dbs,MXN,SGD,MXN/SGD,100,SGD < 50,amtLessThan50,SGD < 50,std_lt_50,mainCurrencies,2026-10-01 02:00:00,2026-09-30 18:00:17,2026-09-30T18:03:19.473608+00:00,7.1707,,,,,,
standardized,dbs,MY0,SGD,MY0/SGD,1,SGD 50 – 200,amtBtw50And200,"SGD 200 – 39,999.99",std_200_40k,otherCurrencies,2026-10-01 02:00:00,2026-09-30 18:00:17,2026-09-30T18:03:19.473608+00:00,,0.3125,,,,,
standardized,dbs,MY0,SGD,MY0/SGD,1,SGD 50 – 200,amtBtw50And200,"SGD 40,000 – 100,000",std_40k_100k,otherCurrencies,2026-10-01 02:00:00,2026-09-30 18:00:17,2026-09-30T18:03:19.473608+00:00,,0.3125,,,,,
standardized,dbs,MY0,SGD,MY0/SGD,1,SGD 50 – 200,amtBtw50And200,SGD 50 – 200,std_50_200,otherCurrencies,2026-10-01 02:00:00,2026-09-30 18:00:17,2026-09-30T18:03:19.473608+00:00,,0.3125,,,,,
standardized,dbs,MY0,SGD,MY0/SGD,1,SGD < 50,amtLessThan50,SGD < 50,std_lt_50,otherCurrencies,2026-10-01 02:00:00,2026-09-30 18:00:17,2026-09-30T18:03:19.473608+00:00,,0.3125,,,,,
standardized,dbs,MYR,SGD,MYR/SGD,1,SGD 50 – 200,amtBtw50And200,"SGD 200 – 39,999.99",std_200_40k,otherCurrencies,2026-10-01 02:00:00,2026-09-30 18:00:17,2026-09-30T18:03:19.473608+00:00,0.3166,,0.31329999999999997,,MAS,1.053303542930107,
standardized,dbs,MYR,SGD,MYR/SGD,1,SGD 50 – 200,amtBtw50And200,"SGD 40,000 – 100,000",std_40k_100k,otherCurrencies,2026-10-01 02:00:00,2026-09-30 18:00:17,2026-09-30T18:03:19.473608+00:00,0.3166,,0.31329999999999997,,MAS,1.053303542930107,
standardized,dbs,MYR,SGD,MYR/SGD,1,SGD 50 – 200,amtBtw50And200,SGD 50 – 200,std_50_200,otherCurrencies,2026-10-01 02:00:00,2026-09-30 18:00:17,2026-09-30T18:03:19.473608+00:00,0.3166,,0.31329999999999997,,MAS,1.053303542930107,
standardized,dbs,MYR,SGD,MYR/SGD,1,SGD < 50,amtLessThan50,SGD < 50,std_lt_50,otherCurrencies,2026-10-01 02:00:00,2026-09-30 18:00:17,2026-09-30T18:03:19.473608+00:00,0.3166,,0.31329999999999997,,MAS,1.053303542930107,
standardized,dbs,NOK,SGD,NOK/SGD,1,SGD 50 – 200,amtBtw50And200,"SGD 200 – 39,999.99",std_200_40k,mainCurrencies,2026-10-01 02:00:00,2026-09-30 18:00:17,2026-09-30T18:03:19.473608+00:00,0.1347,0.131,,0.13285,,,
standardized,dbs,NOK,SGD,NOK/SGD,1,SGD 50 – 200,amtBtw50And200,"SGD 40,000 – 100,000",std_40k_100k,mainCurrencies,2026-10-01 02:00:00,2026-09-30 18:00:17,2026-09-30T18:03:19.473608+00:00,0.1347,0.131,,0.13285,,,
standardized,dbs,NOK,SGD,NOK/SGD,1,SGD 50 – 200,amtBtw50And200,SGD 50 – 200,std_50_200,mainCurrencies,2026-10-01 02:00:00,2026-09-30 18:00:17,2026-09-30T18:03:19.473608+00:00,0.1347,0.131,,0.13285,,,
standardized,dbs,NOK,SGD,NOK/SGD,1,SGD < 50,amtLessThan50,SGD < 50,std_lt_50,mainCurrencies,2026-10-01 02:00:00,2026-09-30 18:00:17,2026-09-30T18:03:19.473608+00:00,0.1351,0.1306,,0.13285,,,
standardized,dbs,NZD,SGD,NZD/SGD,1,SGD 50 – 200,amtBtw50And200,"SGD 200 – 39,999.99",std_200_40k,mainCurrencies,2026-10-01 02:00:00,2026-09-30 18:00:17,2026-09-30T18:03:19.473608+00:00,0.7281,0.7114,0.7212999999999999,0.71975,MAS,0.9427422708997683,1.3725218355746445
standardized,dbs,NZD,SGD,NZD/SGD,1,SGD 50 – 200,amtBtw50And200,"SGD 40,000 – 100,000",std_40k_100k,mainCurrencies,2026-10-01 02:00:00,2026-09-30 18:00:17,2026-09-30T18:03:19.473608+00:00,0.7281,0.7114,0.7212999999999999,0.71975,MAS,0.9427422708997683,1.3725218355746445
standardized,dbs,NZD,SGD,NZD/SGD,1,SGD 50 – 200,amtBtw50And200,SGD 50 – 200,std_50_200,mainCurrencies,2026-10-01 02:00:00,2026-09-30 18:00:17,2026-09-30T18:03:19.473608+00:00,0.7281,0.7114,0.7212999999999999,0.71975,MAS,0.9427422708997683,1.3725218355746445
standardized,dbs,NZD,SGD,NZD/SGD,1,SGD < 50,amtLessThan50,SGD < 50,std_lt_50,mainCurrencies,2026-10-01 02:00:00,2026-09-30 18:00:17,2026-09-30T18:03:19.473608+00:00,0.7288,0.7107,0.7212999999999999,0.71975,MAS,1.0397892693747488,1.4695688340496247
standardized,dbs,OMR,SGD,OMR/SGD,1,SGD 50 – 200,amtBtw50And200,"SGD 200 – 39,999.99",std_200_40k,otherCurrencies,2026-10-01 02:00:00,2026-09-30 18:00:17,2026-09-30T18:03:19.473608+00:00,3.3403,,,,,,
standardized,dbs,OMR,SGD,OMR/SGD,1,SGD 50 – 200,amtBtw50And200,"SGD 40,000 – 100,000",std_40k_100k,otherCurrencies,2026-10-01 02:00:00,2026-09-30 18:00:17,2026-09-30T18:03:19.473608+00:00,3.3403,,,,,,
standardized,dbs,OMR,SGD,OMR/SGD,1,SGD 50 – 200,amtBtw50And200,SGD 50 – 200,std_50_200,otherCurrencies,2026-10-01 02:00:00,2026-09-30 18:00:17,2026-09-30T18:03:19.473608+00:00,3.3403,,,,,,
standardized,dbs,OMR,SGD,OMR/SGD,1,SGD < 50,amtLessThan50,SGD < 50,std_lt_50,otherCurrencies,2026-10-01 02:00:00,2026-09-30 18:00:17,2026-09-30T18:03:19.473608+00:00,3.3403,,,,,,
standardized,dbs,PH0,SGD,PH0/SGD,100,SGD 50 – 200,amtBtw50And200,"SGD 200 – 39,999.99",std_200_40k,otherCurrencies,2026-10-01 02:00:00,2026-09-30 18:00:17,2026-09-30T18:03:19.473608+00:00,,2.0289,,,,,
standardized,dbs,PH0,SGD,PH0/SGD,100,SGD 50 – 200,amtBtw50And200,"SGD 40,000 – 100,000",std_40k_100k,otherCurrencies,2026-10-01 02:00:00,2026-09-30 18:00:17,2026-09-30T18:03:19.473608+00:00,,2.0289,,,,,
standardized,dbs,PH0,SGD,PH0/SGD,100,SGD 50 – 200,amtBtw50And200,SGD 50 – 200,std_50_200,otherCurrencies,2026-10-01 02:00:00,2026-09-30 18:00:17,2026-09-30T18:03:19.473608+00:00,,2.0289,,,,,
standardized,dbs,PH0,SGD,PH0/SGD,100,SGD < 50,amtLessThan50,SGD < 50,std_lt_50,otherCurrencies,2026-10-01 02:00:00,2026-09-30 18:00:17,2026-09-30T18:03:19.473608+00:00,,2.0289,,,,,
standardized,dbs,PHP,SGD,PHP/SGD,100,SGD 50 – 200,amtBtw50And200,"SGD 200 – 39,999.99",std_200_40k,otherCurrencies,2026-10-01 02:00:00,2026-09-30 18:00:17,2026-09-30T18:03:19.473608+00:00,2.0613,,2.0407,,MAS,1.0094575390797251,
standardized,dbs,PHP,SGD,PHP/SGD,100,SGD 50 – 200,amtBtw50And200,"SGD 40,000 – 100,000",std_40k_100k,otherCurrencies,2026-10-01 02:00:00,2026-09-30 18:00:17,2026-09-30T18:03:19.473608+00:00,2.0613,,2.0407,,MAS,1.0094575390797251,
standardized,dbs,PHP,SGD,PHP/SGD,100,SGD 50 – 200,amtBtw50And200,SGD 50 – 200,std_50_200,otherCurrencies,2026-10-01 02:00:00,2026-09-30 18:00:17,2026-09-30T18:03:19.473608+00:00,2.0613,,2.0407,,MAS,1.0094575390797251,
standardized,dbs,PHP,SGD,PHP/SGD,100,SGD < 50,amtLessThan50,SGD < 50,std_lt_50,otherCurrencies,2026-10-01 02:00:00,2026-09-30 18:00:17,2026-09-30T18:03:19.473608+00:00,2.0768,,2.0407,,MAS,1.7690008330474738,
standardized,dbs,PLN,SGD,PLN/SGD,1,SGD 50 – 200,amtBtw50And200,"SGD 200 – 39,999.99",std_200_40k,otherCurrencies,2026-10-01 02:00:00,2026-09-30 18:00:17,2026-09-30T18:03:19.473608+00:00,0.3378,,,,,,
standardized,dbs,PLN,SGD,PLN/SGD,1,SGD 50 – 200,amtBtw50And200,"SGD 40,000 – 100,000",std_40k_100k,otherCurrencies,2026-10-01 02:00:00,2026-09-30 18:00:17,2026-09-30T18:03:19.473608+00:00,0.3378,,,,,,
standardized,dbs,PLN,SGD,PLN/SGD,1,SGD 50 – 200,amtBtw50And200,SGD 50 – 200,std_50_200,otherCurrencies,2026-10-01 02:00:00,2026-09-30 18:00:17,2026-09-30T18:03:19.473608+00:00,0.3378,,,,,,
standardized,dbs,PLN,SGD,PLN/SGD,1,SGD < 50,amtLessThan50,SGD < 50,std_lt_50,otherCurrencies,2026-10-01 02:00:00,2026-09-30 18:00:17,2026-09-30T18:03:19.473608+00:00,0.3392,,,,,,
standardized,dbs,QAR,SGD,QAR/SGD,1,SGD 50 – 200,amtBtw50And200,"SGD 200 – 39,999.99",std_200_40k,otherCurrencies,2026-10-01 02:00:00,2026-09-30 18:00:17,2026-09-30T18:03:19.473608+00:00,0.3583,,0.3508,,MAS,2.137970353477767,
standardized,dbs,QAR,SGD,QAR/SGD,1,SGD 50 – 200,amtBtw50And200,"SGD 40,000 – 100,000",std_40k_100k,otherCurrencies,2026-10-01 02:00:00,2026-09-30 18:00:17,2026-09-30T18:03:19.473608+00:00,0.3583,,0.3508,,MAS,2.137970353477767,
standardized,dbs,QAR,SGD,QAR/SGD,1,SGD 50 – 200,amtBtw50And200,SGD 50 – 200,std_50_200,otherCurrencies,2026-10-01 02:00:00,2026-09-30 18:00:17,2026-09-30T18:03:19.473608+00:00,0.3583,,0.3508,,MAS,2.137970353477767,
standardized,dbs,QAR,SGD,QAR/SGD,1,SGD < 50,amtLessThan50,SGD < 50,std_lt_50,otherCurrencies,2026-10-01 02:00:00,2026-09-30 18:00:17,2026-09-30T18:03:19.473608+00:00,0.3597,,0.3508,,MAS,2.53705815279362,
standardized,dbs,RUB,SGD,RUB/SGD,100,SGD 50 – 200,amtBtw50And200,"SGD 200 – 39,999.99",std_200_40k,mainCurrencies,2026-10-01 02:00:00,2026-09-30 18:00:17,2026-09-30T18:03:19.473608+00:00,,,,,,,
standardized,dbs,RUB,SGD,RUB/SGD,100,SGD 50 – 200,amtBtw50And200,"SGD 40,000 – 100,000",std_40k_100k,mainCurrencies,2026-10-01 02:00:00,2026-09-30 18:00:17,2026-09-30T18:03:19.473608+00:00,,,,,,,
standardized,dbs,RUB,SGD,RUB/SGD,100,SGD 50 – 200,amtBtw50And200,SGD 50 – 200,std_50_200,mainCurrencies,2026-10-01 02:00:00,2026-09-30 18:00:17,2026-09-30T18:03:19.473608+00:00,,,,,,,
standardized,dbs,RUB,SGD,RUB/SGD,100,SGD < 50,amtLessThan50,SGD < 50,std_lt_50,mainCurrencies,2026-10-01 02:00:00,2026-09-30 18:00:17,2026-09-30T18:03:19.473608+00:00,,,,,,,
standardized,dbs,SAR,SGD,SAR/SGD,100,SGD 50 – 200,amtBtw50And200,"SGD 200 – 39,999.99",std_200_40k,otherCurrencies,2026-10-01 02:00:00,2026-09-30 18:00:17,2026-09-30T18:03:19.473608+00:00,34.4551,,34.04,,MAS,1.2194477085781505,
standardized,dbs,SAR,SGD,SAR/SGD,100,SGD 50 – 200,amtBtw50And200,"SGD 40,000 – 100,000",std_40k_100k,otherCurrencies,2026-10-01 02:00:00,2026-09-30 18:00:17,2026-09-30T18:03:19.473608+00:00,34.4551,,34.04,,MAS,1.2194477085781505,
standardized,dbs,SAR,SGD,SAR/SGD,100,SGD 50 – 200,amtBtw50And200,SGD 50 – 200,std_50_200,otherCurrencies,2026-10-01 02:00:00,2026-09-30 18:00:17,2026-09-30T18:03:19.473608+00:00,34.4551,,34.04,,MAS,1.2194477085781505,
standardized,dbs,SAR,SGD,SAR/SGD,100,SGD < 50,amtLessThan50,SGD < 50,std_lt_50,otherCurrencies,2026-10-01 02:00:00,2026-09-30 18:00:17,2026-09-30T18:03:19.473608+00:00,34.4551,,34.04,,MAS,1.2194477085781505,
standardized,dbs,SEK,SGD,SEK/SGD,1,SGD 50 – 200,amtBtw50And200,"SGD 200 – 39,999.99",std_200_40k,mainCurrencies,2026-10-01 02:00:00,2026-09-30 18:00:17,2026-09-30T18:03:19.473608+00:00,0.1294,0.1259,,0.12764999999999999,,,
standardized,dbs,SEK,SGD,SEK/SGD,1,SGD 50 – 200,amtBtw50And200,"SGD 40,000 – 100,000",std_40k_100k,mainCurrencies,2026-10-01 02:00:00,2026-09-30 18:00:17,2026-09-30T18:03:19.473608+00:00,0.1294,0.1259,,0.12764999999999999,,,
standardized,dbs,SEK,SGD,SEK/SGD,1,SGD 50 – 200,amtBtw50And200,SGD 50 – 200,std_50_200,mainCurrencies,2026-10-01 02:00:00,2026-09-30 18:00:17,2026-09-30T18:03:19.473608+00:00,0.1294,0.1259,,0.12764999999999999,,,
standardized,dbs,SEK,SGD,SEK/SGD,1,SGD < 50,amtLessThan50,SGD < 50,std_lt_50,mainCurrencies,2026-10-01 02:00:00,2026-09-30 18:00:17,2026-09-30T18:03:19.473608+00:00,0.1299,0.1254,,0.12764999999999999,,,
standardized,dbs,THB,SGD,THB/SGD,100,SGD 50 – 200,amtBtw50And200,"SGD 200 – 39,999.99",std_200_40k,mainCurrencies,2026-10-01 02:00:00,2026-09-30 18:00:17,2026-09-30T18:03:19.473608+00:00,3.8602,3.7451,3.8052999999999995,3.80265,MAS,1.4427246209234594,1.5820040469870862
standardized,dbs,THB,SGD,THB/SGD,100,SGD 50 – 200,amtBtw50And200,"SGD 40,000 – 100,000",std_40k_100k,mainCurrencies,2026-10-01 02:00:00,2026-09-30 18:00:17,2026-09-30T18:03:19.473608+00:00,3.8602,3.7451,3.8052999999999995,3.80265,MAS,1.4427246209234594,1.5820040469870862
standardized,dbs,THB,SGD,THB/SGD,100,SGD 50 – 200,amtBtw50And200,SGD 50 – 200,std_50_200,mainCurrencies,2026-10-01 02:00:00,2026-09-30 18:00:17,2026-09-30T18:03:19.473608+00:00,3.8602,3.7451,3.8052999999999995,3.80265,MAS,1.4427246209234594,1.5820040469870862
standardized,dbs,THB,SGD,THB/SGD,100,SGD < 50,amtLessThan50,SGD < 50,std_lt_50,mainCurrencies,2026-10-01 02:00:00,2026-09-30 18:00:17,2026-09-30T18:03:19.473608+00:00,3.8644,3.7408,3.8052999999999995,3.8026,MAS,1.5530969962946517,1.6950043360575866
standardized,dbs,TND,SGD,TND/SGD,1,SGD 50 – 200,amtBtw50And200,"SGD 200 – 39,999.99",std_200_40k,otherCurrencies,2026-10-01 02:00:00,2026-09-30 18:00:17,2026-09-30T18:03:19.473608+00:00,0.439,,,,,,
standardized,dbs,TND,SGD,TND/SGD,1,SGD 50 – 200,amtBtw50And200,"SGD 40,000 – 100,000",std_40k_100k,otherCurrencies,2026-10-01 02:00:00,2026-09-30 18:00:17,2026-09-30T18:03:19.473608+00:00,0.439,,,,,,
standardized,dbs,TND,SGD,TND/SGD,1,SGD 50 – 200,amtBtw50And200,SGD 50 – 200,std_50_200,otherCurrencies,2026-10-01 02:00:00,2026-09-30 18:00:17,2026-09-30T18:03:19.473608+00:00,0.439,,,,,,
standardized,dbs,TND,SGD,TND/SGD,1,SGD < 50,amtLessThan50,SGD < 50,std_lt_50,otherCurrencies,2026-10-01 02:00:00,2026-09-30 18:00:17,2026-09-30T18:03:19.473608+00:00,0.439,,,,,,
standardized,dbs,TWD,SGD,TWD/SGD,100,SGD 50 – 200,amtBtw50And200,"SGD 200 – 39,999.99",std_200_40k,otherCurrencies,2026-10-01 02:00:00,2026-09-30 18:00:17,2026-09-30T18:03:19.473608+00:00,4.0626,,4.0068,,MAS,1.392632524707987,
standardized,dbs,TWD,SGD,TWD/SGD,100,SGD 50 – 200,amtBtw50And200,"SGD 40,000 – 100,000",std_40k_100k,otherCurrencies,2026-10-01 02:00:00,2026-09-30 18:00:17,2026-09-30T18:03:19.473608+00:00,4.0626,,4.0068,,MAS,1.392632524707987,
standardized,dbs,TWD,SGD,TWD/SGD,100,SGD 50 – 200,amtBtw50And200,SGD 50 – 200,std_50_200,otherCurrencies,2026-10-01 02:00:00,2026-09-30 18:00:17,2026-09-30T18:03:19.473608+00:00,4.0626,,4.0068,,MAS,1.392632524707987,
standardized,dbs,TWD,SGD,TWD/SGD,100,SGD < 50,amtLessThan50,SGD < 50,std_lt_50,otherCurrencies,2026-10-01 02:00:00,2026-09-30 18:00:17,2026-09-30T18:03:19.473608+00:00,4.0667,,4.0068,,MAS,1.4949585704302646,
standardized,dbs,USD,SGD,USD/SGD,1,SGD 50 – 200,amtBtw50And200,"SGD 200 – 39,999.99",std_200_40k,mainCurrencies,2026-10-01 02:00:00,2026-09-30 18:00:17,2026-09-30T18:03:19.473608+00:00,1.2884,1.2671,1.278,1.27775,MAS,0.8137715179968674,0.8528951486698069
standardized,dbs,USD,SGD,USD/SGD,1,SGD 50 – 200,amtBtw50And200,"SGD 40,000 – 100,000",std_40k_100k,mainCurrencies,2026-10-01 02:00:00,2026-09-30 18:00:17,2026-09-30T18:03:19.473608+00:00,1.2884,1.2671,1.278,1.27775,MAS,0.8137715179968674,0.8528951486698069
standardized,dbs,USD,SGD,USD/SGD,1,SGD 50 – 200,amtBtw50And200,SGD 50 – 200,std_50_200,mainCurrencies,2026-10-01 02:00:00,2026-09-30 18:00:17,2026-09-30T18:03:19.473608+00:00,1.2884,1.2671,1.278,1.27775,MAS,0.8137715179968674,0.8528951486698069
standardized,dbs,USD,SGD,USD/SGD,1,SGD < 50,amtLessThan50,SGD < 50,std_lt_50,mainCurrencies,2026-10-01 02:00:00,2026-09-30 18:00:17,2026-09-30T18:03:19.473608+00:00,1.2893,1.2662,1.278,1.27775,MAS,0.8841940532081273,0.9233176838810667
standardized,dbs,VND,SGD,VND/SGD,100,SGD 50 – 200,amtBtw50And200,"SGD 200 – 39,999.99",std_200_40k,otherCurrencies,2026-10-01 02:00:00,2026-09-30 18:00:17,2026-09-30T18:03:19.473608+00:00,0.0051,,0.004921,,MAS,3.637472058524697,
standardized,dbs,VND,SGD,VND/SGD,100,SGD 50 – 200,amtBtw50And200,"SGD 40,000 – 100,000",std_40k_100k,otherCurrencies,2026-10-01 02:00:00,2026-09-30 18:00:17,2026-09-30T18:03:19.473608+00:00,0.0051,,0.004921,,MAS,3.637472058524697,
standardized,dbs,VND,SGD,VND/SGD,100,SGD 50 – 200,amtBtw50And200,SGD 50 – 200,std_50_200,otherCurrencies,2026-10-01 02:00:00,2026-09-30 18:00:17,2026-09-30T18:03:19.473608+00:00,0.0051,,0.004921,,MAS,3.637472058524697,
standardized,dbs,VND,SGD,VND/SGD,100,SGD < 50,amtLessThan50,SGD < 50,std_lt_50,otherCurrencies,2026-10-01 02:00:00,2026-09-30 18:00:17,2026-09-30T18:03:19.473608+00:00,0.0051,,0.004921,,MAS,3.637472058524697,
standardized,dbs,XAU,SGD,XAU/SGD,1,SGD 50 – 200,amtBtw50And200,"SGD 200 – 39,999.99",std_200_40k,otherCurrencies,2026-10-01 02:00:00,2026-09-30 18:00:17,2026-09-30T18:03:19.473608+00:00,5335.095,5270.453,,5302.774,,,
standardized,dbs,XAU,SGD,XAU/SGD,1,SGD 50 – 200,amtBtw50And200,"SGD 40,000 – 100,000",std_40k_100k,otherCurrencies,2026-10-01 02:00:00,2026-09-30 18:00:17,2026-09-30T18:03:19.473608+00:00,5335.095,5270.453,,5302.774,,,
standardized,dbs,XAU,SGD,XAU/SGD,1,SGD 50 – 200,amtBtw50And200,SGD 50 – 200,std_50_200,otherCurrencies,2026-10-01 02:00:00,2026-09-30 18:00:17,2026-09-30T18:03:19.473608+00:00,5335.095,5270.453,,5302.774,,,
standardized,dbs,XAU,SGD,XAU/SGD,1,SGD < 50,amtLessThan50,SGD < 50,std_lt_50,otherCurrencies,2026-10-01 02:00:00,2026-09-30 18:00:17,2026-09-30T18:03:19.473608+00:00,5335.546,5270.771,,5303.1585,,,
standardized,dbs,ZAR,SGD,ZAR/SGD,1,SGD 50 – 200,amtBtw50And200,"SGD 200 – 39,999.99",std_200_40k,otherCurrencies,2026-10-01 02:00:00,2026-09-30 18:00:17,2026-09-30T18:03:19.473608+00:00,0.0787,0.0768,,0.07775,,,
standardized,dbs,ZAR,SGD,ZAR/SGD,1,SGD 50 – 200,amtBtw50And200,"SGD 40,000 – 100,000",std_40k_100k,otherCurrencies,2026-10-01 02:00:00,2026-09-30 18:00:17,2026-09-30T18:03:19.473608+00:00,0.0787,0.0768,,0.07775,,,
standardized,dbs,ZAR,SGD,ZAR/SGD,1,SGD 50 – 200,amtBtw50And200,SGD 50 – 200,std_50_200,otherCurrencies,2026-10-01 02:00:00,2026-09-30 18:00:17,2026-09-30T18:03:19.473608+00:00,0.0787,0.0768,,0.07775,,,
standardized,dbs,ZAR,SGD,ZAR/SGD,1,SGD < 50,amtLessThan50,SGD < 50,std_lt_50,otherCurrencies,2026-10-01 02:00:00,2026-09-30 18:00:17,2026-09-30T18:03:19.473608+00:00,0.0791,0.0765,,0.07780000000000001,,,
standardized,hsbc,AED,SGD,AED/SGD,100,Indicative board,board,"SGD 200 – 39,999.99",std_200_40k,indicative_fx,2026-9-30,2026-9-30,2026-09-30T18:03:23.253436+00:00,35.93,33.67,34.8,34.8,MAS,3.247126436781617,3.2471264367815964
standardized,hsbc,AED,SGD,AED/SGD,100,Indicative board,board,"SGD 40,000 – 100,000",std_40k_100k,indicative_fx,2026-9-30,2026-9-30,2026-09-30T18:03:23.253436+00:00,35.93,33.67,34.8,34.8,MAS,3.247126436781617,3.2471264367815964
standardized,hsbc,AED,SGD,AED/SGD,100,Indicative board,board,SGD 50 – 200,std_50_200,indicative_fx,2026-9-30,2026-9-30,2026-09-30T18:03:23.253436+00:00,35.93,33.67,34.8,34.8,MAS,3.247126436781617,3.2471264367815964
standardized,hsbc,AED,SGD,AED/SGD,100,Indicative board,board,SGD < 50,std_lt_50,indicative_fx,2026-9-30,2026-9-30,2026-09-30T18:03:23.253436+00:00,35.93,33.67,34.8,34.8,MAS,3.247126436781617,3.2471264367815964
standardized,hsbc,AUD,SGD,AUD/SGD,1,Indicative board,board,"SGD 200 – 39,999.99",std_200_40k,indicative_fx,2026-9-30,2026-9-30,2026-09-30T18:03:23.253436+00:00,0.92,0.8662,0.8906999999999999,0.8931,MAS,3.2895475468732576,2.750645559672164
standardized,hsbc,AUD,SGD,AUD/SGD,1,Indicative board,board,"SGD 40,000 – 100,000",std_40k_100k,indicative_fx,2026-9-30,2026-9-30,2026-09-30T18:03:23.253436+00:00,0.92,0.8662,0.8906999999999999,0.8931,MAS,3.2895475468732576,2.750645559672164
standardized,hsbc,AUD,SGD,AUD/SGD,1,Indicative board,board,SGD 50 – 200,std_50_200,indicative_fx,2026-9-30,2026-9-30,2026-09-30T18:03:23.253436+00:00,0.92,0.8662,0.8906999999999999,0.8931,MAS,3.2895475468732576,2.750645559672164
standardized,hsbc,AUD,SGD,AUD/SGD,1,Indicative board,board,SGD < 50,std_lt_50,indicative_fx,2026-9-30,2026-9-30,2026-09-30T18:03:23.253436+00:00,0.92,0.8662,0.8906999999999999,0.8931,MAS,3.2895475468732576,2.750645559672164
standardized,hsbc,CAD,SGD,CAD/SGD,1,Indicative board,board,"SGD 200 – 39,999.99",std_200_40k,indicative_fx,2026-9-30,2026-9-30,2026-09-30T18:03:23.253436+00:00,0.9279,0.8736,0.9001,0.9007499999999999,MAS,3.088545717142533,2.944117320297741
standardized,hsbc,CAD,SGD,CAD/SGD,1,Indicative board,board,"SGD 40,000 – 100,000",std_40k_100k,indicative_fx,2026-9-30,2026-9-30,2026-09-30T18:03:23.253436+00:00,0.9279,0.8736,0.9001,0.9007499999999999,MAS,3.088545717142533,2.944117320297741
standardized,hsbc,CAD,SGD,CAD/SGD,1,Indicative board,board,SGD 50 – 200,std_50_200,indicative_fx,2026-9-30,2026-9-30,2026-09-30T18:03:23.253436+00:00,0.9279,0.8736,0.9001,0.9007499999999999,MAS,3.088545717142533,2.944117320297741
standardized,hsbc,CAD,SGD,CAD/SGD,1,Indicative board,board,SGD < 50,std_lt_50,indicative_fx,2026-9-30,2026-9-30,2026-09-30T18:03:23.253436+00:00,0.9279,0.8736,0.9001,0.9007499999999999,MAS,3.088545717142533,2.944117320297741
standardized,hsbc,CHF,SGD,CHF/SGD,100,Indicative board,board,"SGD 200 – 39,999.99",std_200_40k,indicative_fx,2026-9-30,2026-9-30,2026-09-30T18:03:23.253436+00:00,157.81,148.58,153.16,153.195,MAS,3.0360407417080215,2.990336902585521
standardized,hsbc,CHF,SGD,CHF/SGD,100,Indicative board,board,"SGD 40,000 – 100,000",std_40k_100k,indicative_fx,2026-9-30,2026-9-30,2026-09-30T18:03:23.253436+00:00,157.81,148.58,153.16,153.195,MAS,3.0360407417080215,2.990336902585521
standardized,hsbc,CHF,SGD,CHF/SGD,100,Indicative board,board,SGD 50 – 200,std_50_200,indicative_fx,2026-9-30,2026-9-30,2026-09-30T18:03:23.253436+00:00,157.81,148.58,153.16,153.195,MAS,3.0360407417080215,2.990336902585521
standardized,hsbc,CHF,SGD,CHF/SGD,100,Indicative board,board,SGD < 50,std_lt_50,indicative_fx,2026-9-30,2026-9-30,2026-09-30T18:03:23.253436+00:00,157.81,148.58,153.16,153.195,MAS,3.0360407417080215,2.990336902585521
standardized,hsbc,CNY,SGD,CNY/SGD,100,Indicative board,board,"SGD 200 – 39,999.99",std_200_40k,indicative_fx,2026-9-30,2026-9-30,2026-09-30T18:03:23.253436+00:00,19.67,18.42,19.06,19.045,MAS,3.2004197271773505,3.3578174186778442
standardized,hsbc,CNY,SGD,CNY/SGD,100,Indicative board,board,"SGD 40,000 – 100,000",std_40k_100k,indicative_fx,2026-9-30,2026-9-30,2026-09-30T18:03:23.253436+00:00,19.67,18.42,19.06,19.045,MAS,3.2004197271773505,3.3578174186778442
standardized,hsbc,CNY,SGD,CNY/SGD,100,Indicative board,board,SGD 50 – 200,std_50_200,indicative_fx,2026-9-30,2026-9-30,2026-09-30T18:03:23.253436+00:00,19.67,18.42,19.06,19.045,MAS,3.2004197271773505,3.3578174186778442
standardized,hsbc,CNY,SGD,CNY/SGD,100,Indicative board,board,SGD < 50,std_lt_50,indicative_fx,2026-9-30,2026-9-30,2026-09-30T18:03:23.253436+00:00,19.67,18.42,19.06,19.045,MAS,3.2004197271773505,3.3578174186778442
standardized,hsbc,DKK,SGD,DKK/SGD,100,Indicative board,board,"SGD 200 – 39,999.99",std_200_40k,indicative_fx,2026-9-30,2026-9-30,2026-09-30T18:03:23.253436+00:00,19.97,18.8,,19.384999999999998,,,
standardized,hsbc,DKK,SGD,DKK/SGD,100,Indicative board,board,"SGD 40,000 – 100,000",std_40k_100k,indicative_fx,2026-9-30,2026-9-30,2026-09-30T18:03:23.253436+00:00,19.97,18.8,,19.384999999999998,,,
standardized,hsbc,DKK,SGD,DKK/SGD,100,Indicative board,board,SGD 50 – 200,std_50_200,indicative_fx,2026-9-30,2026-9-30,2026-09-30T18:03:23.253436+00:00,19.97,18.8,,19.384999999999998,,,
standardized,hsbc,DKK,SGD,DKK/SGD,100,Indicative board,board,SGD < 50,std_lt_50,indicative_fx,2026-9-30,2026-9-30,2026-09-30T18:03:23.253436+00:00,19.97,18.8,,19.384999999999998,,,
standardized,hsbc,EUR,SGD,EUR/SGD,1,Indicative board,board,"SGD 200 – 39,999.99",std_200_40k,indicative_fx,2026-9-30,2026-9-30,2026-09-30T18:03:23.253436+00:00,1.4929,1.4056,1.4483,1.44925,MAS,3.0794724849823916,2.9482841952634096
standardized,hsbc,EUR,SGD,EUR/SGD,1,Indicative board,board,"SGD 40,000 – 100,000",std_40k_100k,indicative_fx,2026-9-30,2026-9-30,2026-09-30T18:03:23.253436+00:00,1.4929,1.4056,1.4483,1.44925,MAS,3.0794724849823916,2.9482841952634096
standardized,hsbc,EUR,SGD,EUR/SGD,1,Indicative board,board,SGD 50 – 200,std_50_200,indicative_fx,2026-9-30,2026-9-30,2026-09-30T18:03:23.253436+00:00,1.4929,1.4056,1.4483,1.44925,MAS,3.0794724849823916,2.9482841952634096
standardized,hsbc,EUR,SGD,EUR/SGD,1,Indicative board,board,SGD < 50,std_lt_50,indicative_fx,2026-9-30,2026-9-30,2026-09-30T18:03:23.253436+00:00,1.4929,1.4056,1.4483,1.44925,MAS,3.0794724849823916,2.9482841952634096
standardized,hsbc,FJD,SGD,FJD/SGD,1,Indicative board,board,"SGD 200 – 39,999.99",std_200_40k,indicative_fx,2026-9-30,2026-9-30,2026-09-30T18:03:23.253436+00:00,0.5957,,,,,,
standardized,hsbc,FJD,SGD,FJD/SGD,1,Indicative board,board,"SGD 40,000 – 100,000",std_40k_100k,indicative_fx,2026-9-30,2026-9-30,2026-09-30T18:03:23.253436+00:00,0.5957,,,,,,
standardized,hsbc,FJD,SGD,FJD/SGD,1,Indicative board,board,SGD 50 – 200,std_50_200,indicative_fx,2026-9-30,2026-9-30,2026-09-30T18:03:23.253436+00:00,0.5957,,,,,,
standardized,hsbc,FJD,SGD,FJD/SGD,1,Indicative board,board,SGD < 50,std_lt_50,indicative_fx,2026-9-30,2026-9-30,2026-09-30T18:03:23.253436+00:00,0.5957,,,,,,
standardized,hsbc,GBP,SGD,GBP/SGD,1,Indicative board,board,"SGD 200 – 39,999.99",std_200_40k,indicative_fx,2026-9-30,2026-9-30,2026-09-30T18:03:23.253436+00:00,1.7417,1.6398,1.6904,1.69075,MAS,3.034784666351167,2.9933743492664444
standardized,hsbc,GBP,SGD,GBP/SGD,1,Indicative board,board,"SGD 40,000 – 100,000",std_40k_100k,indicative_fx,2026-9-30,2026-9-30,2026-09-30T18:03:23.253436+00:00,1.7417,1.6398,1.6904,1.69075,MAS,3.034784666351167,2.9933743492664444
standardized,hsbc,GBP,SGD,GBP/SGD,1,Indicative board,board,SGD 50 – 200,std_50_200,indicative_fx,2026-9-30,2026-9-30,2026-09-30T18:03:23.253436+00:00,1.7417,1.6398,1.6904,1.69075,MAS,3.034784666351167,2.9933743492664444
standardized,hsbc,GBP,SGD,GBP/SGD,1,Indicative board,board,SGD < 50,std_lt_50,indicative_fx,2026-9-30,2026-9-30,2026-09-30T18:03:23.253436+00:00,1.7417,1.6398,1.6904,1.69075,MAS,3.034784666351167,2.9933743492664444
standardized,hsbc,HKD,SGD,HKD/SGD,100,Indicative board,board,"SGD 200 – 39,999.99",std_200_40k,indicative_fx,2026-9-30,2026-9-30,2026-09-30T18:03:23.253436+00:00,16.49,16.08,16.29,16.284999999999997,MAS,1.227747084100671,1.2891344383057144
standardized,hsbc,HKD,SGD,HKD/SGD,100,Indicative board,board,"SGD 40,000 – 100,000",std_40k_100k,indicative_fx,2026-9-30,2026-9-30,2026-09-30T18:03:23.253436+00:00,16.49,16.08,16.29,16.284999999999997,MAS,1.227747084100671,1.2891344383057144
standardized,hsbc,HKD,SGD,HKD/SGD,100,Indicative board,board,SGD 50 – 200,std_50_200,indicative_fx,2026-9-30,2026-9-30,2026-09-30T18:03:23.253436+00:00,16.49,16.08,16.29,16.284999999999997,MAS,1.227747084100671,1.2891344383057144
standardized,hsbc,HKD,SGD,HKD/SGD,100,Indicative board,board,SGD < 50,std_lt_50,indicative_fx,2026-9-30,2026-9-30,2026-09-30T18:03:23.253436+00:00,16.49,16.08,16.29,16.284999999999997,MAS,1.227747084100671,1.2891344383057144
standardized,hsbc,IDR,SGD,IDR/SGD,100,Indicative board,board,"SGD 200 – 39,999.99",std_200_40k,indicative_fx,2026-9-30,2026-9-30,2026-09-30T18:03:23.253436+00:00,0.0073,,0.007146999999999999,,MAS,2.14075836015113,
standardized,hsbc,IDR,SGD,IDR/SGD,100,Indicative board,board,"SGD 40,000 – 100,000",std_40k_100k,indicative_fx,2026-9-30,2026-9-30,2026-09-30T18:03:23.253436+00:00,0.0073,,0.007146999999999999,,MAS,2.14075836015113,
standardized,hsbc,IDR,SGD,IDR/SGD,100,Indicative board,board,SGD 50 – 200,std_50_200,indicative_fx,2026-9-30,2026-9-30,2026-09-30T18:03:23.253436+00:00,0.0073,,0.007146999999999999,,MAS,2.14075836015113,
standardized,hsbc,IDR,SGD,IDR/SGD,100,Indicative board,board,SGD < 50,std_lt_50,indicative_fx,2026-9-30,2026-9-30,2026-09-30T18:03:23.253436+00:00,0.0073,,0.007146999999999999,,MAS,2.14075836015113,
standardized,hsbc,INR,SGD,INR/SGD,100,Indicative board,board,"SGD 200 – 39,999.99",std_200_40k,indicative_fx,2026-9-30,2026-9-30,2026-09-30T18:03:23.253436+00:00,1.37,,1.3316,,MAS,2.8837488735356125,
standardized,hsbc,INR,SGD,INR/SGD,100,Indicative board,board,"SGD 40,000 – 100,000",std_40k_100k,indicative_fx,2026-9-30,2026-9-30,2026-09-30T18:03:23.253436+00:00,1.37,,1.3316,,MAS,2.8837488735356125,
standardized,hsbc,INR,SGD,INR/SGD,100,Indicative board,board,SGD 50 – 200,std_50_200,indicative_fx,2026-9-30,2026-9-30,2026-09-30T18:03:23.253436+00:00,1.37,,1.3316,,MAS,2.8837488735356125,
standardized,hsbc,INR,SGD,INR/SGD,100,Indicative board,board,SGD < 50,std_lt_50,indicative_fx,2026-9-30,2026-9-30,2026-09-30T18:03:23.253436+00:00,1.37,,1.3316,,MAS,2.8837488735356125,
standardized,hsbc,JPY,SGD,JPY/SGD,100,Indicative board,board,"SGD 200 – 39,999.99",std_200_40k,indicative_fx,2026-9-30,2026-9-30,2026-09-30T18:03:23.253436+00:00,0.8368,0.7879,0.8147,0.81235,MAS,2.712654965017799,3.2895544372161454
standardized,hsbc,JPY,SGD,JPY/SGD,100,Indicative board,board,"SGD 40,000 – 100,000",std_40k_100k,indicative_fx,2026-9-30,2026-9-30,2026-09-30T18:03:23.253436+00:00,0.8368,0.7879,0.8147,0.81235,MAS,2.712654965017799,3.2895544372161454
standardized,hsbc,JPY,SGD,JPY/SGD,100,Indicative board,board,SGD 50 – 200,std_50_200,indicative_fx,2026-9-30,2026-9-30,2026-09-30T18:03:23.253436+00:00,0.8368,0.7879,0.8147,0.81235,MAS,2.712654965017799,3.2895544372161454
standardized,hsbc,JPY,SGD,JPY/SGD,100,Indicative board,board,SGD < 50,std_lt_50,indicative_fx,2026-9-30,2026-9-30,2026-09-30T18:03:23.253436+00:00,0.8368,0.7879,0.8147,0.81235,MAS,2.712654965017799,3.2895544372161454
standardized,hsbc,LKR,SGD,LKR/SGD,100,Indicative board,board,"SGD 200 – 39,999.99",std_200_40k,indicative_fx,2026-9-30,2026-9-30,2026-09-30T18:03:23.253436+00:00,0.4,,,,,,
standardized,hsbc,LKR,SGD,LKR/SGD,100,Indicative board,board,"SGD 40,000 – 100,000",std_40k_100k,indicative_fx,2026-9-30,2026-9-30,2026-09-30T18:03:23.253436+00:00,0.4,,,,,,
standardized,hsbc,LKR,SGD,LKR/SGD,100,Indicative board,board,SGD 50 – 200,std_50_200,indicative_fx,2026-9-30,2026-9-30,2026-09-30T18:03:23.253436+00:00,0.4,,,,,,
standardized,hsbc,LKR,SGD,LKR/SGD,100,Indicative board,board,SGD < 50,std_lt_50,indicative_fx,2026-9-30,2026-9-30,2026-09-30T18:03:23.253436+00:00,0.4,,,,,,
standardized,hsbc,MUR,SGD,MUR/SGD,100,Indicative board,board,"SGD 200 – 39,999.99",std_200_40k,indicative_fx,2026-9-30,2026-9-30,2026-09-30T18:03:23.253436+00:00,2.78,2.59,,2.6849999999999996,,,
standardized,hsbc,MUR,SGD,MUR/SGD,100,Indicative board,board,"SGD 40,000 – 100,000",std_40k_100k,indicative_fx,2026-9-30,2026-9-30,2026-09-30T18:03:23.253436+00:00,2.78,2.59,,2.6849999999999996,,,
standardized,hsbc,MUR,SGD,MUR/SGD,100,Indicative board,board,SGD 50 – 200,std_50_200,indicative_fx,2026-9-30,2026-9-30,2026-09-30T18:03:23.253436+00:00,2.78,2.59,,2.6849999999999996,,,
standardized,hsbc,MUR,SGD,MUR/SGD,100,Indicative board,board,SGD < 50,std_lt_50,indicative_fx,2026-9-30,2026-9-30,2026-09-30T18:03:23.253436+00:00,2.78,2.59,,2.6849999999999996,,,
standardized,hsbc,NOK,SGD,NOK/SGD,100,Indicative board,board,"SGD 200 – 39,999.99",std_200_40k,indicative_fx,2026-9-30,2026-9-30,2026-09-30T18:03:23.253436+00:00,13.72,12.91,,13.315000000000001,,,
standardized,hsbc,NOK,SGD,NOK/SGD,100,Indicative board,board,"SGD 40,000 – 100,000",std_40k_100k,indicative_fx,2026-9-30,2026-9-30,2026-09-30T18:03:23.253436+00:00,13.72,12.91,,13.315000000000001,,,
standardized,hsbc,NOK,SGD,NOK/SGD,100,Indicative board,board,SGD 50 – 200,std_50_200,indicative_fx,2026-9-30,2026-9-30,2026-09-30T18:03:23.253436+00:00,13.72,12.91,,13.315000000000001,,,
standardized,hsbc,NOK,SGD,NOK/SGD,100,Indicative board,board,SGD < 50,std_lt_50,indicative_fx,2026-9-30,2026-9-30,2026-09-30T18:03:23.253436+00:00,13.72,12.91,,13.315000000000001,,,
standardized,hsbc,NZD,SGD,NZD/SGD,1,Indicative board,board,"SGD 200 – 39,999.99",std_200_40k,indicative_fx,2026-9-30,2026-9-30,2026-09-30T18:03:23.253436+00:00,0.7428,0.6993,0.7212999999999999,0.72105,MAS,2.9807292388742654,3.050048523499225
standardized,hsbc,NZD,SGD,NZD/SGD,1,Indicative board,board,"SGD 40,000 – 100,000",std_40k_100k,indicative_fx,2026-9-30,2026-9-30,2026-09-30T18:03:23.253436+00:00,0.7428,0.6993,0.7212999999999999,0.72105,MAS,2.9807292388742654,3.050048523499225
standardized,hsbc,NZD,SGD,NZD/SGD,1,Indicative board,board,SGD 50 – 200,std_50_200,indicative_fx,2026-9-30,2026-9-30,2026-09-30T18:03:23.253436+00:00,0.7428,0.6993,0.7212999999999999,0.72105,MAS,2.9807292388742654,3.050048523499225
standardized,hsbc,NZD,SGD,NZD/SGD,1,Indicative board,board,SGD < 50,std_lt_50,indicative_fx,2026-9-30,2026-9-30,2026-09-30T18:03:23.253436+00:00,0.7428,0.6993,0.7212999999999999,0.72105,MAS,2.9807292388742654,3.050048523499225
standardized,hsbc,PHP,SGD,PHP/SGD,100,Indicative board,board,"SGD 200 – 39,999.99",std_200_40k,indicative_fx,2026-9-30,2026-9-30,2026-09-30T18:03:23.253436+00:00,2.11,,2.0407,,MAS,3.395893565933243,
standardized,hsbc,PHP,SGD,PHP/SGD,100,Indicative board,board,"SGD 40,000 – 100,000",std_40k_100k,indicative_fx,2026-9-30,2026-9-30,2026-09-30T18:03:23.253436+00:00,2.11,,2.0407,,MAS,3.395893565933243,
standardized,hsbc,PHP,SGD,PHP/SGD,100,Indicative board,board,SGD 50 – 200,std_50_200,indicative_fx,2026-9-30,2026-9-30,2026-09-30T18:03:23.253436+00:00,2.11,,2.0407,,MAS,3.395893565933243,
standardized,hsbc,PHP,SGD,PHP/SGD,100,Indicative board,board,SGD < 50,std_lt_50,indicative_fx,2026-9-30,2026-9-30,2026-09-30T18:03:23.253436+00:00,2.11,,2.0407,,MAS,3.395893565933243,
standardized,hsbc,PKR,SGD,PKR/SGD,100,Indicative board,board,"SGD 200 – 39,999.99",std_200_40k,indicative_fx,2026-9-30,2026-9-30,2026-09-30T18:03:23.253436+00:00,0.48,,,,,,
standardized,hsbc,PKR,SGD,PKR/SGD,100,Indicative board,board,"SGD 40,000 – 100,000",std_40k_100k,indicative_fx,2026-9-30,2026-9-30,2026-09-30T18:03:23.253436+00:00,0.48,,,,,,
standardized,hsbc,PKR,SGD,PKR/SGD,100,Indicative board,board,SGD 50 – 200,std_50_200,indicative_fx,2026-9-30,2026-9-30,2026-09-30T18:03:23.253436+00:00,0.48,,,,,,
standardized,hsbc,PKR,SGD,PKR/SGD,100,Indicative board,board,SGD < 50,std_lt_50,indicative_fx,2026-9-30,2026-9-30,2026-09-30T18:03:23.253436+00:00,0.48,,,,,,
standardized,hsbc,QAR,SGD,QAR/SGD,100,Indicative board,board,"SGD 200 – 39,999.99",std_200_40k,indicative_fx,2026-9-30,2026-9-30,2026-09-30T18:03:23.253436+00:00,35.53,34.6,35.08,35.065,MAS,1.2827822120866672,1.3683010262257609
standardized,hsbc,QAR,SGD,QAR/SGD,100,Indicative board,board,"SGD 40,000 – 100,000",std_40k_100k,indicative_fx,2026-9-30,2026-9-30,2026-09-30T18:03:23.253436+00:00,35.53,34.6,35.08,35.065,MAS,1.2827822120866672,1.3683010262257609
standardized,hsbc,QAR,SGD,QAR/SGD,100,Indicative board,board,SGD 50 – 200,std_50_200,indicative_fx,2026-9-30,2026-9-30,2026-09-30T18:03:23.253436+00:00,35.53,34.6,35.08,35.065,MAS,1.2827822120866672,1.3683010262257609
standardized,hsbc,QAR,SGD,QAR/SGD,100,Indicative board,board,SGD < 50,std_lt_50,indicative_fx,2026-9-30,2026-9-30,2026-09-30T18:03:23.253436+00:00,35.53,34.6,35.08,35.065,MAS,1.2827822120866672,1.3683010262257609
standardized,hsbc,RUB,SGD,RUB/SGD,100,Indicative board,board,"SGD 200 – 39,999.99",std_200_40k,indicative_fx,2026-9-30,2026-9-30,2026-09-30T18:03:23.253436+00:00,16.03,14.49,,15.260000000000002,,,
standardized,hsbc,RUB,SGD,RUB/SGD,100,Indicative board,board,"SGD 40,000 – 100,000",std_40k_100k,indicative_fx,2026-9-30,2026-9-30,2026-09-30T18:03:23.253436+00:00,16.03,14.49,,15.260000000000002,,,
standardized,hsbc,RUB,SGD,RUB/SGD,100,Indicative board,board,SGD 50 – 200,std_50_200,indicative_fx,2026-9-30,2026-9-30,2026-09-30T18:03:23.253436+00:00,16.03,14.49,,15.260000000000002,,,
standardized,hsbc,RUB,SGD,RUB/SGD,100,Indicative board,board,SGD < 50,std_lt_50,indicative_fx,2026-9-30,2026-9-30,2026-09-30T18:03:23.253436+00:00,16.03,14.49,,15.260000000000002,,,
standardized,hsbc,SAR,SGD,SAR/SGD,100,Indicative board,board,"SGD 200 – 39,999.99",std_200_40k,indicative_fx,2026-9-30,2026-9-30,2026-09-30T18:03:23.253436+00:00,34.45,33.59,34.04,34.02,MAS,1.2044653349001284,1.321974148061092
standardized,hsbc,SAR,SGD,SAR/SGD,100,Indicative board,board,"SGD 40,000 – 100,000",std_40k_100k,indicative_fx,2026-9-30,2026-9-30,2026-09-30T18:03:23.253436+00:00,34.45,33.59,34.04,34.02,MAS,1.2044653349001284,1.321974148061092
standardized,hsbc,SAR,SGD,SAR/SGD,100,Indicative board,board,SGD 50 – 200,std_50_200,indicative_fx,2026-9-30,2026-9-30,2026-09-30T18:03:23.253436+00:00,34.45,33.59,34.04,34.02,MAS,1.2044653349001284,1.321974148061092
standardized,hsbc,SAR,SGD,SAR/SGD,100,Indicative board,board,SGD < 50,std_lt_50,indicative_fx,2026-9-30,2026-9-30,2026-09-30T18:03:23.253436+00:00,34.45,33.59,34.04,34.02,MAS,1.2044653349001284,1.321974148061092
standardized,hsbc,SEK,SGD,SEK/SGD,100,Indicative board,board,"SGD 200 – 39,999.99",std_200_40k,indicative_fx,2026-9-30,2026-9-30,2026-09-30T18:03:23.253436+00:00,13.18,12.4,,12.79,,,
standardized,hsbc,SEK,SGD,SEK/SGD,100,Indicative board,board,"SGD 40,000 – 100,000",std_40k_100k,indicative_fx,2026-9-30,2026-9-30,2026-09-30T18:03:23.253436+00:00,13.18,12.4,,12.79,,,
standardized,hsbc,SEK,SGD,SEK/SGD,100,Indicative board,board,SGD 50 – 200,std_50_200,indicative_fx,2026-9-30,2026-9-30,2026-09-30T18:03:23.253436+00:00,13.18,12.4,,12.79,,,
standardized,hsbc,SEK,SGD,SEK/SGD,100,Indicative board,board,SGD < 50,std_lt_50,indicative_fx,2026-9-30,2026-9-30,2026-09-30T18:03:23.253436+00:00,13.18,12.4,,12.79,,,
standardized,hsbc,THB,SGD,THB/SGD,100,Indicative board,board,"SGD 200 – 39,999.99",std_200_40k,indicative_fx,2026-9-30,2026-9-30,2026-09-30T18:03:23.253436+00:00,3.93,,3.8052999999999995,,MAS,3.2770083830447194,
standardized,hsbc,THB,SGD,THB/SGD,100,Indicative board,board,"SGD 40,000 – 100,000",std_40k_100k,indicative_fx,2026-9-30,2026-9-30,2026-09-30T18:03:23.253436+00:00,3.93,,3.8052999999999995,,MAS,3.2770083830447194,
standardized,hsbc,THB,SGD,THB/SGD,100,Indicative board,board,SGD 50 – 200,std_50_200,indicative_fx,2026-9-30,2026-9-30,2026-09-30T18:03:23.253436+00:00,3.93,,3.8052999999999995,,MAS,3.2770083830447194,
standardized,hsbc,THB,SGD,THB/SGD,100,Indicative board,board,SGD < 50,std_lt_50,indicative_fx,2026-9-30,2026-9-30,2026-09-30T18:03:23.253436+00:00,3.93,,3.8052999999999995,,MAS,3.2770083830447194,
standardized,hsbc,TRY,SGD,TRY/SGD,1,Indicative board,board,"SGD 200 – 39,999.99",std_200_40k,indicative_fx,2026-9-30,2026-9-30,2026-09-30T18:03:23.253436+00:00,0.0269,,,,,,
standardized,hsbc,TRY,SGD,TRY/SGD,1,Indicative board,board,"SGD 40,000 – 100,000",std_40k_100k,indicative_fx,2026-9-30,2026-9-30,2026-09-30T18:03:23.253436+00:00,0.0269,,,,,,
standardized,hsbc,TRY,SGD,TRY/SGD,1,Indicative board,board,SGD 50 – 200,std_50_200,indicative_fx,2026-9-30,2026-9-30,2026-09-30T18:03:23.253436+00:00,0.0269,,,,,,
standardized,hsbc,TRY,SGD,TRY/SGD,1,Indicative board,board,SGD < 50,std_lt_50,indicative_fx,2026-9-30,2026-9-30,2026-09-30T18:03:23.253436+00:00,0.0269,,,,,,
standardized,hsbc,USD,SGD,USD/SGD,1,Indicative board,board,"SGD 200 – 39,999.99",std_200_40k,indicative_fx,2026-9-30,2026-9-30,2026-09-30T18:03:23.253436+00:00,1.3038,1.2524,1.278,1.2781,MAS,2.018779342723008,2.0031298904538395
standardized,hsbc,USD,SGD,USD/SGD,1,Indicative board,board,"SGD 40,000 – 100,000",std_40k_100k,indicative_fx,2026-9-30,2026-9-30,2026-09-30T18:03:23.253436+00:00,1.3038,1.2524,1.278,1.2781,MAS,2.018779342723008,2.0031298904538395
standardized,hsbc,USD,SGD,USD/SGD,1,Indicative board,board,SGD 50 – 200,std_50_200,indicative_fx,2026-9-30,2026-9-30,2026-09-30T18:03:23.253436+00:00,1.3038,1.2524,1.278,1.2781,MAS,2.018779342723008,2.0031298904538395
standardized,hsbc,USD,SGD,USD/SGD,1,Indicative board,board,SGD < 50,std_lt_50,indicative_fx,2026-9-30,2026-9-30,2026-09-30T18:03:23.253436+00:00,1.3038,1.2524,1.278,1.2781,MAS,2.018779342723008,2.0031298904538395
standardized,hsbc,ZAR,SGD,ZAR/SGD,1,Indicative board,board,"SGD 200 – 39,999.99",std_200_40k,indicative_fx,2026-9-30,2026-9-30,2026-09-30T18:03:23.253436+00:00,0.0805,0.0754,,0.07794999999999999,,,
standardized,hsbc,ZAR,SGD,ZAR/SGD,1,Indicative board,board,"SGD 40,000 – 100,000",std_40k_100k,indicative_fx,2026-9-30,2026-9-30,2026-09-30T18:03:23.253436+00:00,0.0805,0.0754,,0.07794999999999999,,,
standardized,hsbc,ZAR,SGD,ZAR/SGD,1,Indicative board,board,SGD 50 – 200,std_50_200,indicative_fx,2026-9-30,2026-9-30,2026-09-30T18:03:23.253436+00:00,0.0805,0.0754,,0.07794999999999999,,,
standardized,hsbc,ZAR,SGD,ZAR/SGD,1,Indicative board,board,SGD < 50,std_lt_50,indicative_fx,2026-9-30,2026-9-30,2026-09-30T18:03:23.253436+00:00,0.0805,0.0754,,0.07794999999999999,,,
standardized,ocbc,AED,SGD,AED/SGD,100,"SGD 0 – 39,999.99",tier_1,"SGD 200 – 39,999.99",std_200_40k,fxRatesSgd,2026-09-30T07:00:13,2026-09-30T07:00:13,2026-09-30T18:03:20.538050+00:00,35.6565,33.6399,34.8,34.6482,MAS,2.4612068965517357,3.3336206896551723
standardized,ocbc,AED,SGD,AED/SGD,100,"SGD 40,000 – 100,000",tier_2,"SGD 40,000 – 100,000",std_40k_100k,fxRatesSgd,2026-09-30T07:00:13,2026-09-30T07:00:13,2026-09-30T18:03:20.538050+00:00,35.6459,33.6571,34.8,34.6482,MAS,2.4307471264367826,3.284195402298843
standardized,ocbc,AED,SGD,AED/SGD,100,"SGD 0 – 39,999.99",tier_1,SGD 50 – 200,std_50_200,fxRatesSgd,2026-09-30T07:00:13,2026-09-30T07:00:13,2026-09-30T18:03:20.538050+00:00,35.6565,33.6399,34.8,34.6482,MAS,2.4612068965517357,3.3336206896551723
standardized,ocbc,AED,SGD,AED/SGD,100,"SGD 0 – 39,999.99",tier_1,SGD < 50,std_lt_50,fxRatesSgd,2026-09-30T07:00:13,2026-09-30T07:00:13,2026-09-30T18:03:20.538050+00:00,35.6565,33.6399,34.8,34.6482,MAS,2.4612068965517357,3.3336206896551723
standardized,ocbc,AUD,SGD,AUD/SGD,1,"SGD 0 – 39,999.99",tier_1,"SGD 200 – 39,999.99",std_200_40k,fxRatesSgd,2026-09-30T07:00:13,2026-09-30T07:00:13,2026-09-30T18:03:20.538050+00:00,0.9062,0.8776,0.8906999999999999,0.8919,MAS,1.7402043336701551,1.470753340069596
standardized,ocbc,AUD,SGD,AUD/SGD,1,"SGD 40,000 – 100,000",tier_2,"SGD 40,000 – 100,000",std_40k_100k,fxRatesSgd,2026-09-30T07:00:13,2026-09-30T07:00:13,2026-09-30T18:03:20.538050+00:00,0.9044,0.8794,0.8906999999999999,0.8919,MAS,1.5381160884697482,1.2686650948692015
standardized,ocbc,AUD,SGD,AUD/SGD,1,"SGD 0 – 39,999.99",tier_1,SGD 50 – 200,std_50_200,fxRatesSgd,2026-09-30T07:00:13,2026-09-30T07:00:13,2026-09-30T18:03:20.538050+00:00,0.9062,0.8776,0.8906999999999999,0.8919,MAS,1.7402043336701551,1.470753340069596
standardized,ocbc,AUD,SGD,AUD/SGD,1,"SGD 0 – 39,999.99",tier_1,SGD < 50,std_lt_50,fxRatesSgd,2026-09-30T07:00:13,2026-09-30T07:00:13,2026-09-30T18:03:20.538050+00:00,0.9062,0.8776,0.8906999999999999,0.8919,MAS,1.7402043336701551,1.470753340069596
standardized,ocbc,BGN,SGD,BGN/SGD,100,"SGD 0 – 39,999.99",tier_1,"SGD 200 – 39,999.99",std_200_40k,fxRatesSgd,2026-09-30T07:00:13,2026-09-30T07:00:13,2026-09-30T18:03:20.538050+00:00,0.0,0.0,,0.0,,,
standardized,ocbc,BGN,SGD,BGN/SGD,100,"SGD 40,000 – 100,000",tier_2,"SGD 40,000 – 100,000",std_40k_100k,fxRatesSgd,2026-09-30T07:00:13,2026-09-30T07:00:13,2026-09-30T18:03:20.538050+00:00,0.0,0.0,,0.0,,,
standardized,ocbc,BGN,SGD,BGN/SGD,100,"SGD 0 – 39,999.99",tier_1,SGD 50 – 200,std_50_200,fxRatesSgd,2026-09-30T07:00:13,2026-09-30T07:00:13,2026-09-30T18:03:20.538050+00:00,0.0,0.0,,0.0,,,
standardized,ocbc,BGN,SGD,BGN/SGD,100,"SGD 0 – 39,999.99",tier_1,SGD < 50,std_lt_50,fxRatesSgd,2026-09-30T07:00:13,2026-09-30T07:00:13,2026-09-30T18:03:20.538050+00:00,0.0,0.0,,0.0,,,
standardized,ocbc,BHD,SGD,BHD/SGD,1,"SGD 0 – 39,999.99",tier_1,"SGD 200 – 39,999.99",std_200_40k,fxRatesSgd,2026-09-30T07:00:13,2026-09-30T07:00:13,2026-09-30T18:03:20.538050+00:00,0.0,0.0,,0.0,,,
standardized,ocbc,BHD,SGD,BHD/SGD,1,"SGD 40,000 – 100,000",tier_2,"SGD 40,000 – 100,000",std_40k_100k,fxRatesSgd,2026-09-30T07:00:13,2026-09-30T07:00:13,2026-09-30T18:03:20.538050+00:00,0.0,0.0,,0.0,,,
standardized,ocbc,BHD,SGD,BHD/SGD,1,"SGD 0 – 39,999.99",tier_1,SGD 50 – 200,std_50_200,fxRatesSgd,2026-09-30T07:00:13,2026-09-30T07:00:13,2026-09-30T18:03:20.538050+00:00,0.0,0.0,,0.0,,,
standardized,ocbc,BHD,SGD,BHD/SGD,1,"SGD 0 – 39,999.99",tier_1,SGD < 50,std_lt_50,fxRatesSgd,2026-09-30T07:00:13,2026-09-30T07:00:13,2026-09-30T18:03:20.538050+00:00,0.0,0.0,,0.0,,,
standardized,ocbc,CAD,SGD,CAD/SGD,1,"SGD 0 – 39,999.99",tier_1,"SGD 200 – 39,999.99",std_200_40k,fxRatesSgd,2026-09-30T07:00:13,2026-09-30T07:00:13,2026-09-30T18:03:20.538050+00:00,0.9167,0.8842,0.9001,0.9005,MAS,1.844239528941223,1.7664703921786495
standardized,ocbc,CAD,SGD,CAD/SGD,1,"SGD 40,000 – 100,000",tier_2,"SGD 40,000 – 100,000",std_40k_100k,fxRatesSgd,2026-09-30T07:00:13,2026-09-30T07:00:13,2026-09-30T18:03:20.538050+00:00,0.9149,0.886,0.9001,0.9005,MAS,1.6442617486945934,1.5664926119320077
standardized,ocbc,CAD,SGD,CAD/SGD,1,"SGD 0 – 39,999.99",tier_1,SGD 50 – 200,std_50_200,fxRatesSgd,2026-09-30T07:00:13,2026-09-30T07:00:13,2026-09-30T18:03:20.538050+00:00,0.9167,0.8842,0.9001,0.9005,MAS,1.844239528941223,1.7664703921786495
standardized,ocbc,CAD,SGD,CAD/SGD,1,"SGD 0 – 39,999.99",tier_1,SGD < 50,std_lt_50,fxRatesSgd,2026-09-30T07:00:13,2026-09-30T07:00:13,2026-09-30T18:03:20.538050+00:00,0.9167,0.8842,0.9001,0.9005,MAS,1.844239528941223,1.7664703921786495
standardized,ocbc,CHF,SGD,CHF/SGD,100,"SGD 0 – 39,999.99",tier_1,"SGD 200 – 39,999.99",std_200_40k,fxRatesSgd,2026-09-30T07:00:13,2026-09-30T07:00:13,2026-09-30T18:03:20.538050+00:00,155.8832,150.3521,153.16,153.1177,MAS,1.7780099242622038,1.833311569600411
standardized,ocbc,CHF,SGD,CHF/SGD,100,"SGD 40,000 – 100,000",tier_2,"SGD 40,000 – 100,000",std_40k_100k,fxRatesSgd,2026-09-30T07:00:13,2026-09-30T07:00:13,2026-09-30T18:03:20.538050+00:00,155.5769,150.6583,153.16,153.1177,MAS,1.5780229825019576,1.6333899190389134
standardized,ocbc,CHF,SGD,CHF/SGD,100,"SGD 0 – 39,999.99",tier_1,SGD 50 – 200,std_50_200,fxRatesSgd,2026-09-30T07:00:13,2026-09-30T07:00:13,2026-09-30T18:03:20.538050+00:00,155.8832,150.3521,153.16,153.1177,MAS,1.7780099242622038,1.833311569600411
standardized,ocbc,CHF,SGD,CHF/SGD,100,"SGD 0 – 39,999.99",tier_1,SGD < 50,std_lt_50,fxRatesSgd,2026-09-30T07:00:13,2026-09-30T07:00:13,2026-09-30T18:03:20.538050+00:00,155.8832,150.3521,153.16,153.1177,MAS,1.7780099242622038,1.833311569600411
standardized,ocbc,CNH,SGD,CNH/SGD,100,"SGD 0 – 39,999.99",tier_1,"SGD 200 – 39,999.99",std_200_40k,fxRatesSgd,2026-09-30T07:00:13,2026-09-30T07:00:13,2026-09-30T18:03:20.538050+00:00,19.3773,18.8052,,19.0913,,,
standardized,ocbc,CNH,SGD,CNH/SGD,100,"SGD 40,000 – 100,000",tier_2,"SGD 40,000 – 100,000",std_40k_100k,fxRatesSgd,2026-09-30T07:00:13,2026-09-30T07:00:13,2026-09-30T18:03:20.538050+00:00,19.3582,18.8242,,19.0913,,,
standardized,ocbc,CNH,SGD,CNH/SGD,100,"SGD 0 – 39,999.99",tier_1,SGD 50 – 200,std_50_200,fxRatesSgd,2026-09-30T07:00:13,2026-09-30T07:00:13,2026-09-30T18:03:20.538050+00:00,19.3773,18.8052,,19.0913,,,
standardized,ocbc,CNH,SGD,CNH/SGD,100,"SGD 0 – 39,999.99",tier_1,SGD < 50,std_lt_50,fxRatesSgd,2026-09-30T07:00:13,2026-09-30T07:00:13,2026-09-30T18:03:20.538050+00:00,19.3773,18.8052,,19.0913,,,
standardized,ocbc,CZK,SGD,CZK/SGD,100,"SGD 0 – 39,999.99",tier_1,"SGD 200 – 39,999.99",std_200_40k,fxRatesSgd,2026-09-30T07:00:13,2026-09-30T07:00:13,2026-09-30T18:03:20.538050+00:00,0.0,0.0,,0.0,,,
standardized,ocbc,CZK,SGD,CZK/SGD,100,"SGD 40,000 – 100,000",tier_2,"SGD 40,000 – 100,000",std_40k_100k,fxRatesSgd,2026-09-30T07:00:13,2026-09-30T07:00:13,2026-09-30T18:03:20.538050+00:00,0.0,0.0,,0.0,,,
standardized,ocbc,CZK,SGD,CZK/SGD,100,"SGD 0 – 39,999.99",tier_1,SGD 50 – 200,std_50_200,fxRatesSgd,2026-09-30T07:00:13,2026-09-30T07:00:13,2026-09-30T18:03:20.538050+00:00,0.0,0.0,,0.0,,,
standardized,ocbc,CZK,SGD,CZK/SGD,100,"SGD 0 – 39,999.99",tier_1,SGD < 50,std_lt_50,fxRatesSgd,2026-09-30T07:00:13,2026-09-30T07:00:13,2026-09-30T18:03:20.538050+00:00,0.0,0.0,,0.0,,,
standardized,ocbc,DKK,SGD,DKK/SGD,100,"SGD 0 – 39,999.99",tier_1,"SGD 200 – 39,999.99",std_200_40k,fxRatesSgd,2026-09-30T07:00:13,2026-09-30T07:00:13,2026-09-30T18:03:20.538050+00:00,19.749,19.0491,,19.3991,,,
standardized,ocbc,DKK,SGD,DKK/SGD,100,"SGD 40,000 – 100,000",tier_2,"SGD 40,000 – 100,000",std_40k_100k,fxRatesSgd,2026-09-30T07:00:13,2026-09-30T07:00:13,2026-09-30T18:03:20.538050+00:00,19.7102,19.0879,,19.3991,,,
standardized,ocbc,DKK,SGD,DKK/SGD,100,"SGD 0 – 39,999.99",tier_1,SGD 50 – 200,std_50_200,fxRatesSgd,2026-09-30T07:00:13,2026-09-30T07:00:13,2026-09-30T18:03:20.538050+00:00,19.749,19.0491,,19.3991,,,
standardized,ocbc,DKK,SGD,DKK/SGD,100,"SGD 0 – 39,999.99",tier_1,SGD < 50,std_lt_50,fxRatesSgd,2026-09-30T07:00:13,2026-09-30T07:00:13,2026-09-30T18:03:20.538050+00:00,19.749,19.0491,,19.3991,,,
standardized,ocbc,EUR,SGD,EUR/SGD,1,"SGD 0 – 39,999.99",tier_1,"SGD 200 – 39,999.99",std_200_40k,fxRatesSgd,2026-09-30T07:00:13,2026-09-30T07:00:13,2026-09-30T18:03:20.538050+00:00,1.4665,1.4306,1.4483,1.4486,MAS,1.2566457225712901,1.2221224884347046
standardized,ocbc,EUR,SGD,EUR/SGD,1,"SGD 40,000 – 100,000",tier_2,"SGD 40,000 – 100,000",std_40k_100k,fxRatesSgd,2026-09-30T07:00:13,2026-09-30T07:00:13,2026-09-30T18:03:20.538050+00:00,1.4648,1.4325,1.4483,1.4486,MAS,1.1392667265069516,1.0909341987157228
standardized,ocbc,EUR,SGD,EUR/SGD,1,"SGD 0 – 39,999.99",tier_1,SGD 50 – 200,std_50_200,fxRatesSgd,2026-09-30T07:00:13,2026-09-30T07:00:13,2026-09-30T18:03:20.538050+00:00,1.4665,1.4306,1.4483,1.4486,MAS,1.2566457225712901,1.2221224884347046
standardized,ocbc,EUR,SGD,EUR/SGD,1,"SGD 0 – 39,999.99",tier_1,SGD < 50,std_lt_50,fxRatesSgd,2026-09-30T07:00:13,2026-09-30T07:00:13,2026-09-30T18:03:20.538050+00:00,1.4665,1.4306,1.4483,1.4486,MAS,1.2566457225712901,1.2221224884347046
standardized,ocbc,GBP,SGD,GBP/SGD,1,"SGD 0 – 39,999.99",tier_1,"SGD 200 – 39,999.99",std_200_40k,fxRatesSgd,2026-09-30T07:00:13,2026-09-30T07:00:13,2026-09-30T18:03:20.538050+00:00,1.7191,1.6736,1.6904,1.6964,MAS,1.6978230004732708,0.9938476100331239
standardized,ocbc,GBP,SGD,GBP/SGD,1,"SGD 40,000 – 100,000",tier_2,"SGD 40,000 – 100,000",std_40k_100k,fxRatesSgd,2026-09-30T07:00:13,2026-09-30T07:00:13,2026-09-30T18:03:20.538050+00:00,1.7174,1.6756,1.6904,1.6964,MAS,1.5972550875532499,0.8755324183625133
standardized,ocbc,GBP,SGD,GBP/SGD,1,"SGD 0 – 39,999.99",tier_1,SGD 50 – 200,std_50_200,fxRatesSgd,2026-09-30T07:00:13,2026-09-30T07:00:13,2026-09-30T18:03:20.538050+00:00,1.7191,1.6736,1.6904,1.6964,MAS,1.6978230004732708,0.9938476100331239
standardized,ocbc,GBP,SGD,GBP/SGD,1,"SGD 0 – 39,999.99",tier_1,SGD < 50,std_lt_50,fxRatesSgd,2026-09-30T07:00:13,2026-09-30T07:00:13,2026-09-30T18:03:20.538050+00:00,1.7191,1.6736,1.6904,1.6964,MAS,1.6978230004732708,0.9938476100331239
standardized,ocbc,HKD,SGD,HKD/SGD,100,"SGD 0 – 39,999.99",tier_1,"SGD 200 – 39,999.99",std_200_40k,fxRatesSgd,2026-09-30T07:00:13,2026-09-30T07:00:13,2026-09-30T18:03:20.538050+00:00,16.4798,16.0819,16.29,16.2809,MAS,1.1651319828115516,1.2774708410067415
standardized,ocbc,HKD,SGD,HKD/SGD,100,"SGD 40,000 – 100,000",tier_2,"SGD 40,000 – 100,000",std_40k_100k,fxRatesSgd,2026-09-30T07:00:13,2026-09-30T07:00:13,2026-09-30T18:03:20.538050+00:00,16.4506,16.0916,16.29,16.2809,MAS,0.9858809085328564,1.2179251074278667
standardized,ocbc,HKD,SGD,HKD/SGD,100,"SGD 0 – 39,999.99",tier_1,SGD 50 – 200,std_50_200,fxRatesSgd,2026-09-30T07:00:13,2026-09-30T07:00:13,2026-09-30T18:03:20.538050+00:00,16.4798,16.0819,16.29,16.2809,MAS,1.1651319828115516,1.2774708410067415
standardized,ocbc,HKD,SGD,HKD/SGD,100,"SGD 0 – 39,999.99",tier_1,SGD < 50,std_lt_50,fxRatesSgd,2026-09-30T07:00:13,2026-09-30T07:00:13,2026-09-30T18:03:20.538050+00:00,16.4798,16.0819,16.29,16.2809,MAS,1.1651319828115516,1.2774708410067415
standardized,ocbc,HUF,SGD,HUF/SGD,100,"SGD 0 – 39,999.99",tier_1,"SGD 200 – 39,999.99",std_200_40k,fxRatesSgd,2026-09-30T07:00:13,2026-09-30T07:00:13,2026-09-30T18:03:20.538050+00:00,0.0,0.0,,0.0,,,
standardized,ocbc,HUF,SGD,HUF/SGD,100,"SGD 40,000 – 100,000",tier_2,"SGD 40,000 – 100,000",std_40k_100k,fxRatesSgd,2026-09-30T07:00:13,2026-09-30T07:00:13,2026-09-30T18:03:20.538050+00:00,0.0,0.0,,0.0,,,
standardized,ocbc,HUF,SGD,HUF/SGD,100,"SGD 0 – 39,999.99",tier_1,SGD 50 – 200,std_50_200,fxRatesSgd,2026-09-30T07:00:13,2026-09-30T07:00:13,2026-09-30T18:03:20.538050+00:00,0.0,0.0,,0.0,,,
standardized,ocbc,HUF,SGD,HUF/SGD,100,"SGD 0 – 39,999.99",tier_1,SGD < 50,std_lt_50,fxRatesSgd,2026-09-30T07:00:13,2026-09-30T07:00:13,2026-09-30T18:03:20.538050+00:00,0.0,0.0,,0.0,,,
standardized,ocbc,IDR,SGD,IDR/SGD,100,"SGD 0 – 39,999.99",tier_1,"SGD 200 – 39,999.99",std_200_40k,fxRatesSgd,2026-09-30T07:00:13,2026-09-30T07:00:13,2026-09-30T18:03:20.538050+00:00,0.0073,0.0,0.007146999999999999,0.0073,MAS,2.14075836015113,100.0
standardized,ocbc,IDR,SGD,IDR/SGD,100,"SGD 40,000 – 100,000",tier_2,"SGD 40,000 – 100,000",std_40k_100k,fxRatesSgd,2026-09-30T07:00:13,2026-09-30T07:00:13,2026-09-30T18:03:20.538050+00:00,0.0073,0.0,0.007146999999999999,0.0073,MAS,2.14075836015113,100.0
standardized,ocbc,IDR,SGD,IDR/SGD,100,"SGD 0 – 39,999.99",tier_1,SGD 50 – 200,std_50_200,fxRatesSgd,2026-09-30T07:00:13,2026-09-30T07:00:13,2026-09-30T18:03:20.538050+00:00,0.0073,0.0,0.007146999999999999,0.0073,MAS,2.14075836015113,100.0
standardized,ocbc,IDR,SGD,IDR/SGD,100,"SGD 0 – 39,999.99",tier_1,SGD < 50,std_lt_50,fxRatesSgd,2026-09-30T07:00:13,2026-09-30T07:00:13,2026-09-30T18:03:20.538050+00:00,0.0073,0.0,0.007146999999999999,0.0073,MAS,2.14075836015113,100.0
standardized,ocbc,ILS,SGD,ILS/SGD,100,"SGD 0 – 39,999.99",tier_1,"SGD 200 – 39,999.99",std_200_40k,fxRatesSgd,2026-09-30T07:00:13,2026-09-30T07:00:13,2026-09-30T18:03:20.538050+00:00,0.0,0.0,,0.0,,,
standardized,ocbc,ILS,SGD,ILS/SGD,100,"SGD 40,000 – 100,000",tier_2,"SGD 40,000 – 100,000",std_40k_100k,fxRatesSgd,2026-09-30T07:00:13,2026-09-30T07:00:13,2026-09-30T18:03:20.538050+00:00,0.0,0.0,,0.0,,,
standardized,ocbc,ILS,SGD,ILS/SGD,100,"SGD 0 – 39,999.99",tier_1,SGD 50 – 200,std_50_200,fxRatesSgd,2026-09-30T07:00:13,2026-09-30T07:00:13,2026-09-30T18:03:20.538050+00:00,0.0,0.0,,0.0,,,
standardized,ocbc,ILS,SGD,ILS/SGD,100,"SGD 0 – 39,999.99",tier_1,SGD < 50,std_lt_50,fxRatesSgd,2026-09-30T07:00:13,2026-09-30T07:00:13,2026-09-30T18:03:20.538050+00:00,0.0,0.0,,0.0,,,
standardized,ocbc,INR,SGD,INR/SGD,100,"SGD 0 – 39,999.99",tier_1,"SGD 200 – 39,999.99",std_200_40k,fxRatesSgd,2026-09-30T07:00:13,2026-09-30T07:00:13,2026-09-30T18:03:20.538050+00:00,1.3705,0.0,1.3316,1.3705,MAS,2.9212976869931033,100.0
standardized,ocbc,INR,SGD,INR/SGD,100,"SGD 40,000 – 100,000",tier_2,"SGD 40,000 – 100,000",std_40k_100k,fxRatesSgd,2026-09-30T07:00:13,2026-09-30T07:00:13,2026-09-30T18:03:20.538050+00:00,1.3678,0.0,1.3316,1.3705,MAS,2.7185340943226204,100.0
standardized,ocbc,INR,SGD,INR/SGD,100,"SGD 0 – 39,999.99",tier_1,SGD 50 – 200,std_50_200,fxRatesSgd,2026-09-30T07:00:13,2026-09-30T07:00:13,2026-09-30T18:03:20.538050+00:00,1.3705,0.0,1.3316,1.3705,MAS,2.9212976869931033,100.0
standardized,ocbc,INR,SGD,INR/SGD,100,"SGD 0 – 39,999.99",tier_1,SGD < 50,std_lt_50,fxRatesSgd,2026-09-30T07:00:13,2026-09-30T07:00:13,2026-09-30T18:03:20.538050+00:00,1.3705,0.0,1.3316,1.3705,MAS,2.9212976869931033,100.0
standardized,ocbc,JOD,SGD,JOD/SGD,1,"SGD 0 – 39,999.99",tier_1,"SGD 200 – 39,999.99",std_200_40k,fxRatesSgd,2026-09-30T07:00:13,2026-09-30T07:00:13,2026-09-30T18:03:20.538050+00:00,0.0,0.0,,0.0,,,
standardized,ocbc,JOD,SGD,JOD/SGD,1,"SGD 40,000 – 100,000",tier_2,"SGD 40,000 – 100,000",std_40k_100k,fxRatesSgd,2026-09-30T07:00:13,2026-09-30T07:00:13,2026-09-30T18:03:20.538050+00:00,0.0,0.0,,0.0,,,
standardized,ocbc,JOD,SGD,JOD/SGD,1,"SGD 0 – 39,999.99",tier_1,SGD 50 – 200,std_50_200,fxRatesSgd,2026-09-30T07:00:13,2026-09-30T07:00:13,2026-09-30T18:03:20.538050+00:00,0.0,0.0,,0.0,,,
standardized,ocbc,JOD,SGD,JOD/SGD,1,"SGD 0 – 39,999.99",tier_1,SGD < 50,std_lt_50,fxRatesSgd,2026-09-30T07:00:13,2026-09-30T07:00:13,2026-09-30T18:03:20.538050+00:00,0.0,0.0,,0.0,,,
standardized,ocbc,JPY,SGD,JPY/SGD,100,"SGD 0 – 39,999.99",tier_1,"SGD 200 – 39,999.99",std_200_40k,fxRatesSgd,2026-09-30T07:00:13,2026-09-30T07:00:13,2026-09-30T18:03:20.538050+00:00,0.8236,0.8034,0.8147,0.8135,MAS,1.092426660120292,1.3870136246471065
standardized,ocbc,JPY,SGD,JPY/SGD,100,"SGD 40,000 – 100,000",tier_2,"SGD 40,000 – 100,000",std_40k_100k,fxRatesSgd,2026-09-30T07:00:13,2026-09-30T07:00:13,2026-09-30T18:03:20.538050+00:00,0.8228,0.8048,0.8147,0.8135,MAS,0.994231005278016,1.2151712286731338
standardized,ocbc,JPY,SGD,JPY/SGD,100,"SGD 0 – 39,999.99",tier_1,SGD 50 – 200,std_50_200,fxRatesSgd,2026-09-30T07:00:13,2026-09-30T07:00:13,2026-09-30T18:03:20.538050+00:00,0.8236,0.8034,0.8147,0.8135,MAS,1.092426660120292,1.3870136246471065
standardized,ocbc,JPY,SGD,JPY/SGD,100,"SGD 0 – 39,999.99",tier_1,SGD < 50,std_lt_50,fxRatesSgd,2026-09-30T07:00:13,2026-09-30T07:00:13,2026-09-30T18:03:20.538050+00:00,0.8236,0.8034,0.8147,0.8135,MAS,1.092426660120292,1.3870136246471065
standardized,ocbc,KRW,SGD,KRW/SGD,100,"SGD 0 – 39,999.99",tier_1,"SGD 200 – 39,999.99",std_200_40k,fxRatesSgd,2026-09-30T07:00:13,2026-09-30T07:00:13,2026-09-30T18:03:20.538050+00:00,0.0,0.0,0.0943,0.0,MAS,-100.0,100.0
standardized,ocbc,KRW,SGD,KRW/SGD,100,"SGD 40,000 – 100,000",tier_2,"SGD 40,000 – 100,000",std_40k_100k,fxRatesSgd,2026-09-30T07:00:13,2026-09-30T07:00:13,2026-09-30T18:03:20.538050+00:00,0.0,0.0,0.0943,0.0,MAS,-100.0,100.0
standardized,ocbc,KRW,SGD,KRW/SGD,100,"SGD 0 – 39,999.99",tier_1,SGD 50 – 200,std_50_200,fxRatesSgd,2026-09-30T07:00:13,2026-09-30T07:00:13,2026-09-30T18:03:20.538050+00:00,0.0,0.0,0.0943,0.0,MAS,-100.0,100.0
standardized,ocbc,KRW,SGD,KRW/SGD,100,"SGD 0 – 39,999.99",tier_1,SGD < 50,std_lt_50,fxRatesSgd,2026-09-30T07:00:13,2026-09-30T07:00:13,2026-09-30T18:03:20.538050+00:00,0.0,0.0,0.0943,0.0,MAS,-100.0,100.0
standardized,ocbc,LKR,SGD,LKR/SGD,100,"SGD 0 – 39,999.99",tier_1,"SGD 200 – 39,999.99",std_200_40k,fxRatesSgd,2026-09-30T07:00:13,2026-09-30T07:00:13,2026-09-30T18:03:20.538050+00:00,0.3975,0.0,,0.3975,,,
standardized,ocbc,LKR,SGD,LKR/SGD,100,"SGD 40,000 – 100,000",tier_2,"SGD 40,000 – 100,000",std_40k_100k,fxRatesSgd,2026-09-30T07:00:13,2026-09-30T07:00:13,2026-09-30T18:03:20.538050+00:00,0.3967,0.0,,0.3975,,,
standardized,ocbc,LKR,SGD,LKR/SGD,100,"SGD 0 – 39,999.99",tier_1,SGD 50 – 200,std_50_200,fxRatesSgd,2026-09-30T07:00:13,2026-09-30T07:00:13,2026-09-30T18:03:20.538050+00:00,0.3975,0.0,,0.3975,,,
standardized,ocbc,LKR,SGD,LKR/SGD,100,"SGD 0 – 39,999.99",tier_1,SGD < 50,std_lt_50,fxRatesSgd,2026-09-30T07:00:13,2026-09-30T07:00:13,2026-09-30T18:03:20.538050+00:00,0.3975,0.0,,0.3975,,,
standardized,ocbc,MAD,SGD,MAD/SGD,100,"SGD 0 – 39,999.99",tier_1,"SGD 200 – 39,999.99",std_200_40k,fxRatesSgd,2026-09-30T07:00:13,2026-09-30T07:00:13,2026-09-30T18:03:20.538050+00:00,0.0,0.0,,0.0,,,
standardized,ocbc,MAD,SGD,MAD/SGD,100,"SGD 40,000 – 100,000",tier_2,"SGD 40,000 – 100,000",std_40k_100k,fxRatesSgd,2026-09-30T07:00:13,2026-09-30T07:00:13,2026-09-30T18:03:20.538050+00:00,0.0,0.0,,0.0,,,
standardized,ocbc,MAD,SGD,MAD/SGD,100,"SGD 0 – 39,999.99",tier_1,SGD 50 – 200,std_50_200,fxRatesSgd,2026-09-30T07:00:13,2026-09-30T07:00:13,2026-09-30T18:03:20.538050+00:00,0.0,0.0,,0.0,,,
standardized,ocbc,MAD,SGD,MAD/SGD,100,"SGD 0 – 39,999.99",tier_1,SGD < 50,std_lt_50,fxRatesSgd,2026-09-30T07:00:13,2026-09-30T07:00:13,2026-09-30T18:03:20.538050+00:00,0.0,0.0,,0.0,,,
standardized,ocbc,MXN,SGD,MXN/SGD,100,"SGD 0 – 39,999.99",tier_1,"SGD 200 – 39,999.99",std_200_40k,fxRatesSgd,2026-09-30T07:00:13,2026-09-30T07:00:13,2026-09-30T18:03:20.538050+00:00,7.2972,0.0,,7.2972,,,
standardized,ocbc,MXN,SGD,MXN/SGD,100,"SGD 40,000 – 100,000",tier_2,"SGD 40,000 – 100,000",std_40k_100k,fxRatesSgd,2026-09-30T07:00:13,2026-09-30T07:00:13,2026-09-30T18:03:20.538050+00:00,7.2957,0.0,,7.2972,,,
standardized,ocbc,MXN,SGD,MXN/SGD,100,"SGD 0 – 39,999.99",tier_1,SGD 50 – 200,std_50_200,fxRatesSgd,2026-09-30T07:00:13,2026-09-30T07:00:13,2026-09-30T18:03:20.538050+00:00,7.2972,0.0,,7.2972,,,
standardized,ocbc,MXN,SGD,MXN/SGD,100,"SGD 0 – 39,999.99",tier_1,SGD < 50,std_lt_50,fxRatesSgd,2026-09-30T07:00:13,2026-09-30T07:00:13,2026-09-30T18:03:20.538050+00:00,7.2972,0.0,,7.2972,,,
standardized,ocbc,MYR,SGD,MYR/SGD,100,"SGD 0 – 39,999.99",tier_1,"SGD 200 – 39,999.99",std_200_40k,fxRatesSgd,2026-09-30T07:00:13,2026-09-30T07:00:13,2026-09-30T18:03:20.538050+00:00,0.0,0.0,31.33,0.0,MAS,-100.0,100.0
standardized,ocbc,MYR,SGD,MYR/SGD,100,"SGD 40,000 – 100,000",tier_2,"SGD 40,000 – 100,000",std_40k_100k,fxRatesSgd,2026-09-30T07:00:13,2026-09-30T07:00:13,2026-09-30T18:03:20.538050+00:00,0.0,0.0,31.33,0.0,MAS,-100.0,100.0
standardized,ocbc,MYR,SGD,MYR/SGD,100,"SGD 0 – 39,999.99",tier_1,SGD 50 – 200,std_50_200,fxRatesSgd,2026-09-30T07:00:13,2026-09-30T07:00:13,2026-09-30T18:03:20.538050+00:00,0.0,0.0,31.33,0.0,MAS,-100.0,100.0
standardized,ocbc,MYR,SGD,MYR/SGD,100,"SGD 0 – 39,999.99",tier_1,SGD < 50,std_lt_50,fxRatesSgd,2026-09-30T07:00:13,2026-09-30T07:00:13,2026-09-30T18:03:20.538050+00:00,0.0,0.0,31.33,0.0,MAS,-100.0,100.0
standardized,ocbc,NOK,SGD,NOK/SGD,100,"SGD 0 – 39,999.99",tier_1,"SGD 200 – 39,999.99",std_200_40k,fxRatesSgd,2026-09-30T07:00:13,2026-09-30T07:00:13,2026-09-30T18:03:20.538050+00:00,13.5538,13.0708,,13.3123,,,
standardized,ocbc,NOK,SGD,NOK/SGD,100,"SGD 40,000 – 100,000",tier_2,"SGD 40,000 – 100,000",std_40k_100k,fxRatesSgd,2026-09-30T07:00:13,2026-09-30T07:00:13,2026-09-30T18:03:20.538050+00:00,13.5272,13.0974,,13.3123,,,
standardized,ocbc,NOK,SGD,NOK/SGD,100,"SGD 0 – 39,999.99",tier_1,SGD 50 – 200,std_50_200,fxRatesSgd,2026-09-30T07:00:13,2026-09-30T07:00:13,2026-09-30T18:03:20.538050+00:00,13.5538,13.0708,,13.3123,,,
standardized,ocbc,NOK,SGD,NOK/SGD,100,"SGD 0 – 39,999.99",tier_1,SGD < 50,std_lt_50,fxRatesSgd,2026-09-30T07:00:13,2026-09-30T07:00:13,2026-09-30T18:03:20.538050+00:00,13.5538,13.0708,,13.3123,,,
standardized,ocbc,NZD,SGD,NZD/SGD,1,"SGD 0 – 39,999.99",tier_1,"SGD 200 – 39,999.99",std_200_40k,fxRatesSgd,2026-09-30T07:00:13,2026-09-30T07:00:13,2026-09-30T18:03:20.538050+00:00,0.7362,0.7112,0.7212999999999999,0.7237,MAS,2.0657146818244874,1.4002495494246343
standardized,ocbc,NZD,SGD,NZD/SGD,1,"SGD 40,000 – 100,000",tier_2,"SGD 40,000 – 100,000",std_40k_100k,fxRatesSgd,2026-09-30T07:00:13,2026-09-30T07:00:13,2026-09-30T18:03:20.538050+00:00,0.7344,0.7133,0.7212999999999999,0.7237,MAS,1.8161652571745617,1.1091085539997083
standardized,ocbc,NZD,SGD,NZD/SGD,1,"SGD 0 – 39,999.99",tier_1,SGD 50 – 200,std_50_200,fxRatesSgd,2026-09-30T07:00:13,2026-09-30T07:00:13,2026-09-30T18:03:20.538050+00:00,0.7362,0.7112,0.7212999999999999,0.7237,MAS,2.0657146818244874,1.4002495494246343
standardized,ocbc,NZD,SGD,NZD/SGD,1,"SGD 0 – 39,999.99",tier_1,SGD < 50,std_lt_50,fxRatesSgd,2026-09-30T07:00:13,2026-09-30T07:00:13,2026-09-30T18:03:20.538050+00:00,0.7362,0.7112,0.7212999999999999,0.7237,MAS,2.0657146818244874,1.4002495494246343
standardized,ocbc,OMR,SGD,OMR/SGD,1,"SGD 0 – 39,999.99",tier_1,"SGD 200 – 39,999.99",std_200_40k,fxRatesSgd,2026-09-30T07:00:13,2026-09-30T07:00:13,2026-09-30T18:03:20.538050+00:00,0.0,0.0,,0.0,,,
standardized,ocbc,OMR,SGD,OMR/SGD,1,"SGD 40,000 – 100,000",tier_2,"SGD 40,000 – 100,000",std_40k_100k,fxRatesSgd,2026-09-30T07:00:13,2026-09-30T07:00:13,2026-09-30T18:03:20.538050+00:00,0.0,0.0,,0.0,,,
standardized,ocbc,OMR,SGD,OMR/SGD,1,"SGD 0 – 39,999.99",tier_1,SGD 50 – 200,std_50_200,fxRatesSgd,2026-09-30T07:00:13,2026-09-30T07:00:13,2026-09-30T18:03:20.538050+00:00,0.0,0.0,,0.0,,,
standardized,ocbc,OMR,SGD,OMR/SGD,1,"SGD 0 – 39,999.99",tier_1,SGD < 50,std_lt_50,fxRatesSgd,2026-09-30T07:00:13,2026-09-30T07:00:13,2026-09-30T18:03:20.538050+00:00,0.0,0.0,,0.0,,,
standardized,ocbc,PHP,SGD,PHP/SGD,100,"SGD 0 – 39,999.99",tier_1,"SGD 200 – 39,999.99",std_200_40k,fxRatesSgd,2026-09-30T07:00:13,2026-09-30T07:00:13,2026-09-30T18:03:20.538050+00:00,2.104,0.0,2.0407,2.104,MAS,3.101876806977993,100.0
standardized,ocbc,PHP,SGD,PHP/SGD,100,"SGD 40,000 – 100,000",tier_2,"SGD 40,000 – 100,000",std_40k_100k,fxRatesSgd,2026-09-30T07:00:13,2026-09-30T07:00:13,2026-09-30T18:03:20.538050+00:00,2.1029,0.0,2.0407,2.104,MAS,3.047973734502857,100.0
standardized,ocbc,PHP,SGD,PHP/SGD,100,"SGD 0 – 39,999.99",tier_1,SGD 50 – 200,std_50_200,fxRatesSgd,2026-09-30T07:00:13,2026-09-30T07:00:13,2026-09-30T18:03:20.538050+00:00,2.104,0.0,2.0407,2.104,MAS,3.101876806977993,100.0
standardized,ocbc,PHP,SGD,PHP/SGD,100,"SGD 0 – 39,999.99",tier_1,SGD < 50,std_lt_50,fxRatesSgd,2026-09-30T07:00:13,2026-09-30T07:00:13,2026-09-30T18:03:20.538050+00:00,2.104,0.0,2.0407,2.104,MAS,3.101876806977993,100.0
standardized,ocbc,PLN,SGD,PLN/SGD,100,"SGD 0 – 39,999.99",tier_1,"SGD 200 – 39,999.99",std_200_40k,fxRatesSgd,2026-09-30T07:00:13,2026-09-30T07:00:13,2026-09-30T18:03:20.538050+00:00,34.149,32.0209,,33.085,,,
standardized,ocbc,PLN,SGD,PLN/SGD,100,"SGD 40,000 – 100,000",tier_2,"SGD 40,000 – 100,000",std_40k_100k,fxRatesSgd,2026-09-30T07:00:13,2026-09-30T07:00:13,2026-09-30T18:03:20.538050+00:00,34.1321,32.047,,33.085,,,
standardized,ocbc,PLN,SGD,PLN/SGD,100,"SGD 0 – 39,999.99",tier_1,SGD 50 – 200,std_50_200,fxRatesSgd,2026-09-30T07:00:13,2026-09-30T07:00:13,2026-09-30T18:03:20.538050+00:00,34.149,32.0209,,33.085,,,
standardized,ocbc,PLN,SGD,PLN/SGD,100,"SGD 0 – 39,999.99",tier_1,SGD < 50,std_lt_50,fxRatesSgd,2026-09-30T07:00:13,2026-09-30T07:00:13,2026-09-30T18:03:20.538050+00:00,34.149,32.0209,,33.085,,,
standardized,ocbc,QAR,SGD,QAR/SGD,100,"SGD 0 – 39,999.99",tier_1,"SGD 200 – 39,999.99",std_200_40k,fxRatesSgd,2026-09-30T07:00:13,2026-09-30T07:00:13,2026-09-30T18:03:20.538050+00:00,36.0631,33.965,35.08,35.0141,MAS,2.8024515393386555,3.1784492588369293
standardized,ocbc,QAR,SGD,QAR/SGD,100,"SGD 40,000 – 100,000",tier_2,"SGD 40,000 – 100,000",std_40k_100k,fxRatesSgd,2026-09-30T07:00:13,2026-09-30T07:00:13,2026-09-30T18:03:20.538050+00:00,36.0418,33.9823,35.08,35.0141,MAS,2.741733181299897,3.1291334093500462
standardized,ocbc,QAR,SGD,QAR/SGD,100,"SGD 0 – 39,999.99",tier_1,SGD 50 – 200,std_50_200,fxRatesSgd,2026-09-30T07:00:13,2026-09-30T07:00:13,2026-09-30T18:03:20.538050+00:00,36.0631,33.965,35.08,35.0141,MAS,2.8024515393386555,3.1784492588369293
standardized,ocbc,QAR,SGD,QAR/SGD,100,"SGD 0 – 39,999.99",tier_1,SGD < 50,std_lt_50,fxRatesSgd,2026-09-30T07:00:13,2026-09-30T07:00:13,2026-09-30T18:03:20.538050+00:00,36.0631,33.965,35.08,35.0141,MAS,2.8024515393386555,3.1784492588369293
standardized,ocbc,RON,SGD,RON/SGD,100,"SGD 0 – 39,999.99",tier_1,"SGD 200 – 39,999.99",std_200_40k,fxRatesSgd,2026-09-30T07:00:13,2026-09-30T07:00:13,2026-09-30T18:03:20.538050+00:00,0.0,0.0,,0.0,,,
standardized,ocbc,RON,SGD,RON/SGD,100,"SGD 40,000 – 100,000",tier_2,"SGD 40,000 – 100,000",std_40k_100k,fxRatesSgd,2026-09-30T07:00:13,2026-09-30T07:00:13,2026-09-30T18:03:20.538050+00:00,0.0,0.0,,0.0,,,
standardized,ocbc,RON,SGD,RON/SGD,100,"SGD 0 – 39,999.99",tier_1,SGD 50 – 200,std_50_200,fxRatesSgd,2026-09-30T07:00:13,2026-09-30T07:00:13,2026-09-30T18:03:20.538050+00:00,0.0,0.0,,0.0,,,
standardized,ocbc,RON,SGD,RON/SGD,100,"SGD 0 – 39,999.99",tier_1,SGD < 50,std_lt_50,fxRatesSgd,2026-09-30T07:00:13,2026-09-30T07:00:13,2026-09-30T18:03:20.538050+00:00,0.0,0.0,,0.0,,,
standardized,ocbc,RUB,SGD,RUB/SGD,100,"SGD 0 – 39,999.99",tier_1,"SGD 200 – 39,999.99",std_200_40k,fxRatesSgd,2026-09-30T07:00:13,2026-09-30T07:00:13,2026-09-30T18:03:20.538050+00:00,0.0,0.0,,0.0,,,
standardized,ocbc,RUB,SGD,RUB/SGD,100,"SGD 40,000 – 100,000",tier_2,"SGD 40,000 – 100,000",std_40k_100k,fxRatesSgd,2026-09-30T07:00:13,2026-09-30T07:00:13,2026-09-30T18:03:20.538050+00:00,0.0,0.0,,0.0,,,
standardized,ocbc,RUB,SGD,RUB/SGD,100,"SGD 0 – 39,999.99",tier_1,SGD 50 – 200,std_50_200,fxRatesSgd,2026-09-30T07:00:13,2026-09-30T07:00:13,2026-09-30T18:03:20.538050+00:00,0.0,0.0,,0.0,,,
standardized,ocbc,RUB,SGD,RUB/SGD,100,"SGD 0 – 39,999.99",tier_1,SGD < 50,std_lt_50,fxRatesSgd,2026-09-30T07:00:13,2026-09-30T07:00:13,2026-09-30T18:03:20.538050+00:00,0.0,0.0,,0.0,,,
standardized,ocbc,SAR,SGD,SAR/SGD,100,"SGD 0 – 39,999.99",tier_1,"SGD 200 – 39,999.99",std_200_40k,fxRatesSgd,2026-09-30T07:00:13,2026-09-30T07:00:13,2026-09-30T18:03:20.538050+00:00,34.9503,33.027,34.04,33.9887,MAS,2.674206815511162,2.975910693301992
standardized,ocbc,SAR,SGD,SAR/SGD,100,"SGD 40,000 – 100,000",tier_2,"SGD 40,000 – 100,000",std_40k_100k,fxRatesSgd,2026-09-30T07:00:13,2026-09-30T07:00:13,2026-09-30T18:03:20.538050+00:00,34.9331,33.0437,34.04,33.9887,MAS,2.6236780258519508,2.9268507638072796
standardized,ocbc,SAR,SGD,SAR/SGD,100,"SGD 0 – 39,999.99",tier_1,SGD 50 – 200,std_50_200,fxRatesSgd,2026-09-30T07:00:13,2026-09-30T07:00:13,2026-09-30T18:03:20.538050+00:00,34.9503,33.027,34.04,33.9887,MAS,2.674206815511162,2.975910693301992
standardized,ocbc,SAR,SGD,SAR/SGD,100,"SGD 0 – 39,999.99",tier_1,SGD < 50,std_lt_50,fxRatesSgd,2026-09-30T07:00:13,2026-09-30T07:00:13,2026-09-30T18:03:20.538050+00:00,34.9503,33.027,34.04,33.9887,MAS,2.674206815511162,2.975910693301992
standardized,ocbc,SEK,SGD,SEK/SGD,100,"SGD 0 – 39,999.99",tier_1,"SGD 200 – 39,999.99",std_200_40k,fxRatesSgd,2026-09-30T07:00:13,2026-09-30T07:00:13,2026-09-30T18:03:20.538050+00:00,13.0321,12.5681,,12.8001,,,
standardized,ocbc,SEK,SGD,SEK/SGD,100,"SGD 40,000 – 100,000",tier_2,"SGD 40,000 – 100,000",std_40k_100k,fxRatesSgd,2026-09-30T07:00:13,2026-09-30T07:00:13,2026-09-30T18:03:20.538050+00:00,13.0065,12.5937,,12.8001,,,
standardized,ocbc,SEK,SGD,SEK/SGD,100,"SGD 0 – 39,999.99",tier_1,SGD 50 – 200,std_50_200,fxRatesSgd,2026-09-30T07:00:13,2026-09-30T07:00:13,2026-09-30T18:03:20.538050+00:00,13.0321,12.5681,,12.8001,,,
standardized,ocbc,SEK,SGD,SEK/SGD,100,"SGD 0 – 39,999.99",tier_1,SGD < 50,std_lt_50,fxRatesSgd,2026-09-30T07:00:13,2026-09-30T07:00:13,2026-09-30T18:03:20.538050+00:00,13.0321,12.5681,,12.8001,,,
standardized,ocbc,THB,SGD,THB/SGD,100,"SGD 0 – 39,999.99",tier_1,"SGD 200 – 39,999.99",std_200_40k,fxRatesSgd,2026-09-30T07:00:13,2026-09-30T07:00:13,2026-09-30T18:03:20.538050+00:00,3.91,3.696,3.8052999999999995,3.803,MAS,2.7514256431818964,2.872309673350309
standardized,ocbc,THB,SGD,THB/SGD,100,"SGD 40,000 – 100,000",tier_2,"SGD 40,000 – 100,000",std_40k_100k,fxRatesSgd,2026-09-30T07:00:13,2026-09-30T07:00:13,2026-09-30T18:03:20.538050+00:00,3.9024,3.7036,3.8052999999999995,3.803,MAS,2.5517042020340224,2.6725882322024463
standardized,ocbc,THB,SGD,THB/SGD,100,"SGD 0 – 39,999.99",tier_1,SGD 50 – 200,std_50_200,fxRatesSgd,2026-09-30T07:00:13,2026-09-30T07:00:13,2026-09-30T18:03:20.538050+00:00,3.91,3.696,3.8052999999999995,3.803,MAS,2.7514256431818964,2.872309673350309
standardized,ocbc,THB,SGD,THB/SGD,100,"SGD 0 – 39,999.99",tier_1,SGD < 50,std_lt_50,fxRatesSgd,2026-09-30T07:00:13,2026-09-30T07:00:13,2026-09-30T18:03:20.538050+00:00,3.91,3.696,3.8052999999999995,3.803,MAS,2.7514256431818964,2.872309673350309
standardized,ocbc,TRY,SGD,TRY/SGD,100,"SGD 0 – 39,999.99",tier_1,"SGD 200 – 39,999.99",std_200_40k,fxRatesSgd,2026-09-30T07:00:13,2026-09-30T07:00:13,2026-09-30T18:03:20.538050+00:00,2.6744,2.564,,2.6192,,,
standardized,ocbc,TRY,SGD,TRY/SGD,100,"SGD 40,000 – 100,000",tier_2,"SGD 40,000 – 100,000",std_40k_100k,fxRatesSgd,2026-09-30T07:00:13,2026-09-30T07:00:13,2026-09-30T18:03:20.538050+00:00,2.6731,2.5642,,2.6192,,,
standardized,ocbc,TRY,SGD,TRY/SGD,100,"SGD 0 – 39,999.99",tier_1,SGD 50 – 200,std_50_200,fxRatesSgd,2026-09-30T07:00:13,2026-09-30T07:00:13,2026-09-30T18:03:20.538050+00:00,2.6744,2.564,,2.6192,,,
standardized,ocbc,TRY,SGD,TRY/SGD,100,"SGD 0 – 39,999.99",tier_1,SGD < 50,std_lt_50,fxRatesSgd,2026-09-30T07:00:13,2026-09-30T07:00:13,2026-09-30T18:03:20.538050+00:00,2.6744,2.564,,2.6192,,,
standardized,ocbc,TWD,SGD,TWD/SGD,100,"SGD 0 – 39,999.99",tier_1,"SGD 200 – 39,999.99",std_200_40k,fxRatesSgd,2026-09-30T07:00:13,2026-09-30T07:00:13,2026-09-30T18:03:20.538050+00:00,4.1567,0.0,4.0068,4.1567,MAS,3.7411400618947708,100.0
standardized,ocbc,TWD,SGD,TWD/SGD,100,"SGD 40,000 – 100,000",tier_2,"SGD 40,000 – 100,000",std_40k_100k,fxRatesSgd,2026-09-30T07:00:13,2026-09-30T07:00:13,2026-09-30T18:03:20.538050+00:00,0.0,0.0,4.0068,4.1567,MAS,-100.0,100.0
standardized,ocbc,TWD,SGD,TWD/SGD,100,"SGD 0 – 39,999.99",tier_1,SGD 50 – 200,std_50_200,fxRatesSgd,2026-09-30T07:00:13,2026-09-30T07:00:13,2026-09-30T18:03:20.538050+00:00,4.1567,0.0,4.0068,4.1567,MAS,3.7411400618947708,100.0
standardized,ocbc,TWD,SGD,TWD/SGD,100,"SGD 0 – 39,999.99",tier_1,SGD < 50,std_lt_50,fxRatesSgd,2026-09-30T07:00:13,2026-09-30T07:00:13,2026-09-30T18:03:20.538050+00:00,4.1567,0.0,4.0068,4.1567,MAS,3.7411400618947708,100.0
standardized,ocbc,USD,SGD,USD/SGD,1,"SGD 0 – 39,999.99",tier_1,"SGD 200 – 39,999.99",std_200_40k,fxRatesSgd,2026-09-30T07:00:13,2026-09-30T07:00:13,2026-09-30T18:03:20.538050+00:00,1.2888,1.2645,1.278,1.2767,MAS,0.8450704225352051,1.0563380281690193
standardized,ocbc,USD,SGD,USD/SGD,1,"SGD 40,000 – 100,000",tier_2,"SGD 40,000 – 100,000",std_40k_100k,fxRatesSgd,2026-09-30T07:00:13,2026-09-30T07:00:13,2026-09-30T18:03:20.538050+00:00,1.2875,1.2668,1.278,1.2767,MAS,0.7433489827856075,0.8763693270735602
standardized,ocbc,USD,SGD,USD/SGD,1,"SGD 0 – 39,999.99",tier_1,SGD 50 – 200,std_50_200,fxRatesSgd,2026-09-30T07:00:13,2026-09-30T07:00:13,2026-09-30T18:03:20.538050+00:00,1.2888,1.2645,1.278,1.2767,MAS,0.8450704225352051,1.0563380281690193
standardized,ocbc,USD,SGD,USD/SGD,1,"SGD 0 – 39,999.99",tier_1,SGD < 50,std_lt_50,fxRatesSgd,2026-09-30T07:00:13,2026-09-30T07:00:13,2026-09-30T18:03:20.538050+00:00,1.2888,1.2645,1.278,1.2767,MAS,0.8450704225352051,1.0563380281690193
standardized,ocbc,ZAR,SGD,ZAR/SGD,100,"SGD 0 – 39,999.99",tier_1,"SGD 200 – 39,999.99",std_200_40k,fxRatesSgd,2026-09-30T07:00:13,2026-09-30T07:00:13,2026-09-30T18:03:20.538050+00:00,8.0343,7.5624,,7.7984,,,
standardized,ocbc,ZAR,SGD,ZAR/SGD,100,"SGD 40,000 – 100,000",tier_2,"SGD 40,000 – 100,000",std_40k_100k,fxRatesSgd,2026-09-30T07:00:13,2026-09-30T07:00:13,2026-09-30T18:03:20.538050+00:00,8.0304,7.5663,,7.7984,,,
standardized,ocbc,ZAR,SGD,ZAR/SGD,100,"SGD 0 – 39,999.99",tier_1,SGD 50 – 200,std_50_200,fxRatesSgd,2026-09-30T07:00:13,2026-09-30T07:00:13,2026-09-30T18:03:20.538050+00:00,8.0343,7.5624,,7.7984,,,
standardized,ocbc,ZAR,SGD,ZAR/SGD,100,"SGD 0 – 39,999.99",tier_1,SGD < 50,std_lt_50,fxRatesSgd,2026-09-30T07:00:13,2026-09-30T07:00:13,2026-09-30T18:03:20.538050+00:00,8.0343,7.5624,,7.7984,,,
standardized,uob,AED,SGD,AED/SGD,100,Indicative board,board,"SGD 200 – 39,999.99",std_200_40k,forex_sgd,30 September 2026 05:42:34 PM,30 September 2026 05:42:34 PM,2026-09-30T18:03:21.986547+00:00,35.61,33.91,34.8,34.76,MAS,2.3275862068965583,2.557471264367818
standardized,uob,AED,SGD,AED/SGD,100,Indicative board,board,"SGD 40,000 – 100,000",std_40k_100k,forex_sgd,30 September 2026 05:42:34 PM,30 September 2026 05:42:34 PM,2026-09-30T18:03:21.986547+00:00,35.61,33.91,34.8,34.76,MAS,2.3275862068965583,2.557471264367818
standardized,uob,AED,SGD,AED/SGD,100,Indicative board,board,SGD 50 – 200,std_50_200,forex_sgd,30 September 2026 05:42:34 PM,30 September 2026 05:42:34 PM,2026-09-30T18:03:21.986547+00:00,35.61,33.91,34.8,34.76,MAS,2.3275862068965583,2.557471264367818
standardized,uob,AED,SGD,AED/SGD,100,Indicative board,board,SGD < 50,std_lt_50,forex_sgd,30 September 2026 05:42:34 PM,30 September 2026 05:42:34 PM,2026-09-30T18:03:21.986547+00:00,35.61,33.91,34.8,34.76,MAS,2.3275862068965583,2.557471264367818
standardized,uob,AOA,SGD,AOA/SGD,100,Indicative board,board,"SGD 200 – 39,999.99",std_200_40k,forex_sgd,30 September 2026 05:42:34 PM,30 September 2026 05:42:34 PM,2026-09-30T18:03:21.986547+00:00,0.1438,,,,,,
standardized,uob,AOA,SGD,AOA/SGD,100,Indicative board,board,"SGD 40,000 – 100,000",std_40k_100k,forex_sgd,30 September 2026 05:42:34 PM,30 September 2026 05:42:34 PM,2026-09-30T18:03:21.986547+00:00,0.1438,,,,,,
standardized,uob,AOA,SGD,AOA/SGD,100,Indicative board,board,SGD 50 – 200,std_50_200,forex_sgd,30 September 2026 05:42:34 PM,30 September 2026 05:42:34 PM,2026-09-30T18:03:21.986547+00:00,0.1438,,,,,,
standardized,uob,AOA,SGD,AOA/SGD,100,Indicative board,board,SGD < 50,std_lt_50,forex_sgd,30 September 2026 05:42:34 PM,30 September 2026 05:42:34 PM,2026-09-30T18:03:21.986547+00:00,0.1438,,,,,,
standardized,uob,AUD,SGD,AUD/SGD,1,Indicative board,board,"SGD 200 – 39,999.99",std_200_40k,forex_sgd,30 September 2026 05:42:34 PM,30 September 2026 05:42:34 PM,2026-09-30T18:03:21.986547+00:00,0.9055,0.8745,0.8906999999999999,0.89,MAS,1.6616144605366607,1.8187942068036245
standardized,uob,AUD,SGD,AUD/SGD,1,Indicative board,board,"SGD 40,000 – 100,000",std_40k_100k,forex_sgd,30 September 2026 05:42:34 PM,30 September 2026 05:42:34 PM,2026-09-30T18:03:21.986547+00:00,0.9055,0.8745,0.8906999999999999,0.89,MAS,1.6616144605366607,1.8187942068036245
standardized,uob,AUD,SGD,AUD/SGD,1,Indicative board,board,SGD 50 – 200,std_50_200,forex_sgd,30 September 2026 05:42:34 PM,30 September 2026 05:42:34 PM,2026-09-30T18:03:21.986547+00:00,0.9055,0.8745,0.8906999999999999,0.89,MAS,1.6616144605366607,1.8187942068036245
standardized,uob,AUD,SGD,AUD/SGD,1,Indicative board,board,SGD < 50,std_lt_50,forex_sgd,30 September 2026 05:42:34 PM,30 September 2026 05:42:34 PM,2026-09-30T18:03:21.986547+00:00,0.9055,0.8745,0.8906999999999999,0.89,MAS,1.6616144605366607,1.8187942068036245
standardized,uob,BDT,SGD,BDT/SGD,100,Indicative board,board,"SGD 200 – 39,999.99",std_200_40k,forex_sgd,30 September 2026 05:42:34 PM,30 September 2026 05:42:34 PM,2026-09-30T18:03:21.986547+00:00,1.073,,,,,,
standardized,uob,BDT,SGD,BDT/SGD,100,Indicative board,board,"SGD 40,000 – 100,000",std_40k_100k,forex_sgd,30 September 2026 05:42:34 PM,30 September 2026 05:42:34 PM,2026-09-30T18:03:21.986547+00:00,1.073,,,,,,
standardized,uob,BDT,SGD,BDT/SGD,100,Indicative board,board,SGD 50 – 200,std_50_200,forex_sgd,30 September 2026 05:42:34 PM,30 September 2026 05:42:34 PM,2026-09-30T18:03:21.986547+00:00,1.073,,,,,,
standardized,uob,BDT,SGD,BDT/SGD,100,Indicative board,board,SGD < 50,std_lt_50,forex_sgd,30 September 2026 05:42:34 PM,30 September 2026 05:42:34 PM,2026-09-30T18:03:21.986547+00:00,1.073,,,,,,
standardized,uob,BND,SGD,BND/SGD,1,Indicative board,board,"SGD 200 – 39,999.99",std_200_40k,forex_sgd,30 September 2026 05:42:34 PM,30 September 2026 05:42:34 PM,2026-09-30T18:03:21.986547+00:00,1.0,1.0,,1.0,,,
standardized,uob,BND,SGD,BND/SGD,1,Indicative board,board,"SGD 40,000 – 100,000",std_40k_100k,forex_sgd,30 September 2026 05:42:34 PM,30 September 2026 05:42:34 PM,2026-09-30T18:03:21.986547+00:00,1.0,1.0,,1.0,,,
standardized,uob,BND,SGD,BND/SGD,1,Indicative board,board,SGD 50 – 200,std_50_200,forex_sgd,30 September 2026 05:42:34 PM,30 September 2026 05:42:34 PM,2026-09-30T18:03:21.986547+00:00,1.0,1.0,,1.0,,,
standardized,uob,BND,SGD,BND/SGD,1,Indicative board,board,SGD < 50,std_lt_50,forex_sgd,30 September 2026 05:42:34 PM,30 September 2026 05:42:34 PM,2026-09-30T18:03:21.986547+00:00,1.0,1.0,,1.0,,,
standardized,uob,CAD,SGD,CAD/SGD,1,Indicative board,board,"SGD 200 – 39,999.99",std_200_40k,forex_sgd,30 September 2026 05:42:34 PM,30 September 2026 05:42:34 PM,2026-09-30T18:03:21.986547+00:00,0.9102,0.8902,0.9001,0.9002,MAS,1.1220975447172534,1.099877791356518
standardized,uob,CAD,SGD,CAD/SGD,1,Indicative board,board,"SGD 40,000 – 100,000",std_40k_100k,forex_sgd,30 September 2026 05:42:34 PM,30 September 2026 05:42:34 PM,2026-09-30T18:03:21.986547+00:00,0.9102,0.8902,0.9001,0.9002,MAS,1.1220975447172534,1.099877791356518
standardized,uob,CAD,SGD,CAD/SGD,1,Indicative board,board,SGD 50 – 200,std_50_200,forex_sgd,30 September 2026 05:42:34 PM,30 September 2026 05:42:34 PM,2026-09-30T18:03:21.986547+00:00,0.9102,0.8902,0.9001,0.9002,MAS,1.1220975447172534,1.099877791356518
standardized,uob,CAD,SGD,CAD/SGD,1,Indicative board,board,SGD < 50,std_lt_50,forex_sgd,30 September 2026 05:42:34 PM,30 September 2026 05:42:34 PM,2026-09-30T18:03:21.986547+00:00,0.9102,0.8902,0.9001,0.9002,MAS,1.1220975447172534,1.099877791356518
standardized,uob,CHF,SGD,CHF/SGD,100,Indicative board,board,"SGD 200 – 39,999.99",std_200_40k,forex_sgd,30 September 2026 05:42:34 PM,30 September 2026 05:42:34 PM,2026-09-30T18:03:21.986547+00:00,154.82,151.52,153.16,153.17000000000002,MAS,1.0838338991903869,1.0707756594410984
standardized,uob,CHF,SGD,CHF/SGD,100,Indicative board,board,"SGD 40,000 – 100,000",std_40k_100k,forex_sgd,30 September 2026 05:42:34 PM,30 September 2026 05:42:34 PM,2026-09-30T18:03:21.986547+00:00,154.82,151.52,153.16,153.17000000000002,MAS,1.0838338991903869,1.0707756594410984
standardized,uob,CHF,SGD,CHF/SGD,100,Indicative board,board,SGD 50 – 200,std_50_200,forex_sgd,30 September 2026 05:42:34 PM,30 September 2026 05:42:34 PM,2026-09-30T18:03:21.986547+00:00,154.82,151.52,153.16,153.17000000000002,MAS,1.0838338991903869,1.0707756594410984
standardized,uob,CHF,SGD,CHF/SGD,100,Indicative board,board,SGD < 50,std_lt_50,forex_sgd,30 September 2026 05:42:34 PM,30 September 2026 05:42:34 PM,2026-09-30T18:03:21.986547+00:00,154.82,151.52,153.16,153.17000000000002,MAS,1.0838338991903869,1.0707756594410984
standardized,uob,CNH,SGD,CNH/SGD,100,Indicative board,board,"SGD 200 – 39,999.99",std_200_40k,forex_sgd,30 September 2026 05:42:34 PM,30 September 2026 05:42:34 PM,2026-09-30T18:03:21.986547+00:00,19.27,18.81,,19.04,,,
standardized,uob,CNH,SGD,CNH/SGD,100,Indicative board,board,"SGD 40,000 – 100,000",std_40k_100k,forex_sgd,30 September 2026 05:42:34 PM,30 September 2026 05:42:34 PM,2026-09-30T18:03:21.986547+00:00,19.27,18.81,,19.04,,,
standardized,uob,CNH,SGD,CNH/SGD,100,Indicative board,board,SGD 50 – 200,std_50_200,forex_sgd,30 September 2026 05:42:34 PM,30 September 2026 05:42:34 PM,2026-09-30T18:03:21.986547+00:00,19.27,18.81,,19.04,,,
standardized,uob,CNH,SGD,CNH/SGD,100,Indicative board,board,SGD < 50,std_lt_50,forex_sgd,30 September 2026 05:42:34 PM,30 September 2026 05:42:34 PM,2026-09-30T18:03:21.986547+00:00,19.27,18.81,,19.04,,,
standardized,uob,DKK,SGD,DKK/SGD,100,Indicative board,board,"SGD 200 – 39,999.99",std_200_40k,forex_sgd,30 September 2026 05:42:34 PM,30 September 2026 05:42:34 PM,2026-09-30T18:03:21.986547+00:00,19.75,19.05,,19.4,,,
standardized,uob,DKK,SGD,DKK/SGD,100,Indicative board,board,"SGD 40,000 – 100,000",std_40k_100k,forex_sgd,30 September 2026 05:42:34 PM,30 September 2026 05:42:34 PM,2026-09-30T18:03:21.986547+00:00,19.75,19.05,,19.4,,,
standardized,uob,DKK,SGD,DKK/SGD,100,Indicative board,board,SGD 50 – 200,std_50_200,forex_sgd,30 September 2026 05:42:34 PM,30 September 2026 05:42:34 PM,2026-09-30T18:03:21.986547+00:00,19.75,19.05,,19.4,,,
standardized,uob,DKK,SGD,DKK/SGD,100,Indicative board,board,SGD < 50,std_lt_50,forex_sgd,30 September 2026 05:42:34 PM,30 September 2026 05:42:34 PM,2026-09-30T18:03:21.986547+00:00,19.75,19.05,,19.4,,,
standardized,uob,EGP,SGD,EGP/SGD,100,Indicative board,board,"SGD 200 – 39,999.99",std_200_40k,forex_sgd,30 September 2026 05:42:34 PM,30 September 2026 05:42:34 PM,2026-09-30T18:03:21.986547+00:00,2.5237,,,,,,
standardized,uob,EGP,SGD,EGP/SGD,100,Indicative board,board,"SGD 40,000 – 100,000",std_40k_100k,forex_sgd,30 September 2026 05:42:34 PM,30 September 2026 05:42:34 PM,2026-09-30T18:03:21.986547+00:00,2.5237,,,,,,
standardized,uob,EGP,SGD,EGP/SGD,100,Indicative board,board,SGD 50 – 200,std_50_200,forex_sgd,30 September 2026 05:42:34 PM,30 September 2026 05:42:34 PM,2026-09-30T18:03:21.986547+00:00,2.5237,,,,,,
standardized,uob,EGP,SGD,EGP/SGD,100,Indicative board,board,SGD < 50,std_lt_50,forex_sgd,30 September 2026 05:42:34 PM,30 September 2026 05:42:34 PM,2026-09-30T18:03:21.986547+00:00,2.5237,,,,,,
standardized,uob,EUR,SGD,EUR/SGD,1,Indicative board,board,"SGD 200 – 39,999.99",std_200_40k,forex_sgd,30 September 2026 05:42:34 PM,30 September 2026 05:42:34 PM,2026-09-30T18:03:21.986547+00:00,1.4691,1.4311,1.4483,1.4501,MAS,1.4361665400814854,1.1875992542981346
standardized,uob,EUR,SGD,EUR/SGD,1,Indicative board,board,"SGD 40,000 – 100,000",std_40k_100k,forex_sgd,30 September 2026 05:42:34 PM,30 September 2026 05:42:34 PM,2026-09-30T18:03:21.986547+00:00,1.4691,1.4311,1.4483,1.4501,MAS,1.4361665400814854,1.1875992542981346
standardized,uob,EUR,SGD,EUR/SGD,1,Indicative board,board,SGD 50 – 200,std_50_200,forex_sgd,30 September 2026 05:42:34 PM,30 September 2026 05:42:34 PM,2026-09-30T18:03:21.986547+00:00,1.4691,1.4311,1.4483,1.4501,MAS,1.4361665400814854,1.1875992542981346
standardized,uob,EUR,SGD,EUR/SGD,1,Indicative board,board,SGD < 50,std_lt_50,forex_sgd,30 September 2026 05:42:34 PM,30 September 2026 05:42:34 PM,2026-09-30T18:03:21.986547+00:00,1.4691,1.4311,1.4483,1.4501,MAS,1.4361665400814854,1.1875992542981346
standardized,uob,GBP,SGD,GBP/SGD,1,Indicative board,board,"SGD 200 – 39,999.99",std_200_40k,forex_sgd,30 September 2026 05:42:34 PM,30 September 2026 05:42:34 PM,2026-09-30T18:03:21.986547+00:00,1.7171,1.6721,1.6904,1.6945999999999999,MAS,1.5795078088026604,1.0825840037860852
standardized,uob,GBP,SGD,GBP/SGD,1,Indicative board,board,"SGD 40,000 – 100,000",std_40k_100k,forex_sgd,30 September 2026 05:42:34 PM,30 September 2026 05:42:34 PM,2026-09-30T18:03:21.986547+00:00,1.7171,1.6721,1.6904,1.6945999999999999,MAS,1.5795078088026604,1.0825840037860852
standardized,uob,GBP,SGD,GBP/SGD,1,Indicative board,board,SGD 50 – 200,std_50_200,forex_sgd,30 September 2026 05:42:34 PM,30 September 2026 05:42:34 PM,2026-09-30T18:03:21.986547+00:00,1.7171,1.6721,1.6904,1.6945999999999999,MAS,1.5795078088026604,1.0825840037860852
standardized,uob,GBP,SGD,GBP/SGD,1,Indicative board,board,SGD < 50,std_lt_50,forex_sgd,30 September 2026 05:42:34 PM,30 September 2026 05:42:34 PM,2026-09-30T18:03:21.986547+00:00,1.7171,1.6721,1.6904,1.6945999999999999,MAS,1.5795078088026604,1.0825840037860852
standardized,uob,HKD,SGD,HKD/SGD,100,Indicative board,board,"SGD 200 – 39,999.99",std_200_40k,forex_sgd,30 September 2026 05:42:34 PM,30 September 2026 05:42:34 PM,2026-09-30T18:03:21.986547+00:00,16.449,16.091,16.29,16.270000000000003,MAS,0.9760589318600521,1.22160834868016
standardized,uob,HKD,SGD,HKD/SGD,100,Indicative board,board,"SGD 40,000 – 100,000",std_40k_100k,forex_sgd,30 September 2026 05:42:34 PM,30 September 2026 05:42:34 PM,2026-09-30T18:03:21.986547+00:00,16.449,16.091,16.29,16.270000000000003,MAS,0.9760589318600521,1.22160834868016
standardized,uob,HKD,SGD,HKD/SGD,100,Indicative board,board,SGD 50 – 200,std_50_200,forex_sgd,30 September 2026 05:42:34 PM,30 September 2026 05:42:34 PM,2026-09-30T18:03:21.986547+00:00,16.449,16.091,16.29,16.270000000000003,MAS,0.9760589318600521,1.22160834868016
standardized,uob,HKD,SGD,HKD/SGD,100,Indicative board,board,SGD < 50,std_lt_50,forex_sgd,30 September 2026 05:42:34 PM,30 September 2026 05:42:34 PM,2026-09-30T18:03:21.986547+00:00,16.449,16.091,16.29,16.270000000000003,MAS,0.9760589318600521,1.22160834868016
standardized,uob,INR,SGD,INR/SGD,100,Indicative board,board,"SGD 200 – 39,999.99",std_200_40k,forex_sgd,30 September 2026 05:42:34 PM,30 September 2026 05:42:34 PM,2026-09-30T18:03:21.986547+00:00,1.3703,,1.3316,,MAS,2.906278161610107,
standardized,uob,INR,SGD,INR/SGD,100,Indicative board,board,"SGD 40,000 – 100,000",std_40k_100k,forex_sgd,30 September 2026 05:42:34 PM,30 September 2026 05:42:34 PM,2026-09-30T18:03:21.986547+00:00,1.3703,,1.3316,,MAS,2.906278161610107,
standardized,uob,INR,SGD,INR/SGD,100,Indicative board,board,SGD 50 – 200,std_50_200,forex_sgd,30 September 2026 05:42:34 PM,30 September 2026 05:42:34 PM,2026-09-30T18:03:21.986547+00:00,1.3703,,1.3316,,MAS,2.906278161610107,
standardized,uob,INR,SGD,INR/SGD,100,Indicative board,board,SGD < 50,std_lt_50,forex_sgd,30 September 2026 05:42:34 PM,30 September 2026 05:42:34 PM,2026-09-30T18:03:21.986547+00:00,1.3703,,1.3316,,MAS,2.906278161610107,
standardized,uob,JPY,SGD,JPY/SGD,100,Indicative board,board,"SGD 200 – 39,999.99",std_200_40k,forex_sgd,30 September 2026 05:42:34 PM,30 September 2026 05:42:34 PM,2026-09-30T18:03:21.986547+00:00,0.8299,0.7959,0.8147,0.8129,MAS,1.8657174420031903,2.307597888793412
standardized,uob,JPY,SGD,JPY/SGD,100,Indicative board,board,"SGD 40,000 – 100,000",std_40k_100k,forex_sgd,30 September 2026 05:42:34 PM,30 September 2026 05:42:34 PM,2026-09-30T18:03:21.986547+00:00,0.8299,0.7959,0.8147,0.8129,MAS,1.8657174420031903,2.307597888793412
standardized,uob,JPY,SGD,JPY/SGD,100,Indicative board,board,SGD 50 – 200,std_50_200,forex_sgd,30 September 2026 05:42:34 PM,30 September 2026 05:42:34 PM,2026-09-30T18:03:21.986547+00:00,0.8299,0.7959,0.8147,0.8129,MAS,1.8657174420031903,2.307597888793412
standardized,uob,JPY,SGD,JPY/SGD,100,Indicative board,board,SGD < 50,std_lt_50,forex_sgd,30 September 2026 05:42:34 PM,30 September 2026 05:42:34 PM,2026-09-30T18:03:21.986547+00:00,0.8299,0.7959,0.8147,0.8129,MAS,1.8657174420031903,2.307597888793412
standardized,uob,KRW,SGD,KRW/SGD,1000,Indicative board,board,"SGD 200 – 39,999.99",std_200_40k,forex_sgd,30 September 2026 05:42:34 PM,30 September 2026 05:42:34 PM,2026-09-30T18:03:21.986547+00:00,0.9581,,0.943,,MAS,1.6012725344644756,
standardized,uob,KRW,SGD,KRW/SGD,1000,Indicative board,board,"SGD 40,000 – 100,000",std_40k_100k,forex_sgd,30 September 2026 05:42:34 PM,30 September 2026 05:42:34 PM,2026-09-30T18:03:21.986547+00:00,0.9581,,0.943,,MAS,1.6012725344644756,
standardized,uob,KRW,SGD,KRW/SGD,1000,Indicative board,board,SGD 50 – 200,std_50_200,forex_sgd,30 September 2026 05:42:34 PM,30 September 2026 05:42:34 PM,2026-09-30T18:03:21.986547+00:00,0.9581,,0.943,,MAS,1.6012725344644756,
standardized,uob,KRW,SGD,KRW/SGD,1000,Indicative board,board,SGD < 50,std_lt_50,forex_sgd,30 September 2026 05:42:34 PM,30 September 2026 05:42:34 PM,2026-09-30T18:03:21.986547+00:00,0.9581,,0.943,,MAS,1.6012725344644756,
standardized,uob,KWD,SGD,KWD/SGD,1,Indicative board,board,"SGD 200 – 39,999.99",std_200_40k,forex_sgd,30 September 2026 05:42:34 PM,30 September 2026 05:42:34 PM,2026-09-30T18:03:21.986547+00:00,4.1933,,,,,,
standardized,uob,KWD,SGD,KWD/SGD,1,Indicative board,board,"SGD 40,000 – 100,000",std_40k_100k,forex_sgd,30 September 2026 05:42:34 PM,30 September 2026 05:42:34 PM,2026-09-30T18:03:21.986547+00:00,4.1933,,,,,,
standardized,uob,KWD,SGD,KWD/SGD,1,Indicative board,board,SGD 50 – 200,std_50_200,forex_sgd,30 September 2026 05:42:34 PM,30 September 2026 05:42:34 PM,2026-09-30T18:03:21.986547+00:00,4.1933,,,,,,
standardized,uob,KWD,SGD,KWD/SGD,1,Indicative board,board,SGD < 50,std_lt_50,forex_sgd,30 September 2026 05:42:34 PM,30 September 2026 05:42:34 PM,2026-09-30T18:03:21.986547+00:00,4.1933,,,,,,
standardized,uob,LKR,SGD,LKR/SGD,100,Indicative board,board,"SGD 200 – 39,999.99",std_200_40k,forex_sgd,30 September 2026 05:42:34 PM,30 September 2026 05:42:34 PM,2026-09-30T18:03:21.986547+00:00,0.3928,,,,,,
standardized,uob,LKR,SGD,LKR/SGD,100,Indicative board,board,"SGD 40,000 – 100,000",std_40k_100k,forex_sgd,30 September 2026 05:42:34 PM,30 September 2026 05:42:34 PM,2026-09-30T18:03:21.986547+00:00,0.3928,,,,,,
standardized,uob,LKR,SGD,LKR/SGD,100,Indicative board,board,SGD 50 – 200,std_50_200,forex_sgd,30 September 2026 05:42:34 PM,30 September 2026 05:42:34 PM,2026-09-30T18:03:21.986547+00:00,0.3928,,,,,,
standardized,uob,LKR,SGD,LKR/SGD,100,Indicative board,board,SGD < 50,std_lt_50,forex_sgd,30 September 2026 05:42:34 PM,30 September 2026 05:42:34 PM,2026-09-30T18:03:21.986547+00:00,0.3928,,,,,,
standardized,uob,MXN,SGD,MXN/SGD,100,Indicative board,board,"SGD 200 – 39,999.99",std_200_40k,forex_sgd,30 September 2026 05:42:34 PM,30 September 2026 05:42:34 PM,2026-09-30T18:03:21.986547+00:00,7.1557,,,,,,
standardized,uob,MXN,SGD,MXN/SGD,100,Indicative board,board,"SGD 40,000 – 100,000",std_40k_100k,forex_sgd,30 September 2026 05:42:34 PM,30 September 2026 05:42:34 PM,2026-09-30T18:03:21.986547+00:00,7.1557,,,,,,
standardized,uob,MXN,SGD,MXN/SGD,100,Indicative board,board,SGD 50 – 200,std_50_200,forex_sgd,30 September 2026 05:42:34 PM,30 September 2026 05:42:34 PM,2026-09-30T18:03:21.986547+00:00,7.1557,,,,,,
standardized,uob,MXN,SGD,MXN/SGD,100,Indicative board,board,SGD < 50,std_lt_50,forex_sgd,30 September 2026 05:42:34 PM,30 September 2026 05:42:34 PM,2026-09-30T18:03:21.986547+00:00,7.1557,,,,,,
standardized,uob,MYR,SGD,MYR/SGD,100,Indicative board,board,"SGD 200 – 39,999.99",std_200_40k,forex_sgd,30 September 2026 05:42:34 PM,30 September 2026 05:42:34 PM,2026-09-30T18:03:21.986547+00:00,31.7864,,31.33,,MAS,1.4567507181615136,
standardized,uob,MYR,SGD,MYR/SGD,100,Indicative board,board,"SGD 40,000 – 100,000",std_40k_100k,forex_sgd,30 September 2026 05:42:34 PM,30 September 2026 05:42:34 PM,2026-09-30T18:03:21.986547+00:00,31.7864,,31.33,,MAS,1.4567507181615136,
standardized,uob,MYR,SGD,MYR/SGD,100,Indicative board,board,SGD 50 – 200,std_50_200,forex_sgd,30 September 2026 05:42:34 PM,30 September 2026 05:42:34 PM,2026-09-30T18:03:21.986547+00:00,31.7864,,31.33,,MAS,1.4567507181615136,
standardized,uob,MYR,SGD,MYR/SGD,100,Indicative board,board,SGD < 50,std_lt_50,forex_sgd,30 September 2026 05:42:34 PM,30 September 2026 05:42:34 PM,2026-09-30T18:03:21.986547+00:00,31.7864,,31.33,,MAS,1.4567507181615136,
standardized,uob,NOK,SGD,NOK/SGD,100,Indicative board,board,"SGD 200 – 39,999.99",std_200_40k,forex_sgd,30 September 2026 05:42:34 PM,30 September 2026 05:42:34 PM,2026-09-30T18:03:21.986547+00:00,13.52,13.08,,13.3,,,
standardized,uob,NOK,SGD,NOK/SGD,100,Indicative board,board,"SGD 40,000 – 100,000",std_40k_100k,forex_sgd,30 September 2026 05:42:34 PM,30 September 2026 05:42:34 PM,2026-09-30T18:03:21.986547+00:00,13.52,13.08,,13.3,,,
standardized,uob,NOK,SGD,NOK/SGD,100,Indicative board,board,SGD 50 – 200,std_50_200,forex_sgd,30 September 2026 05:42:34 PM,30 September 2026 05:42:34 PM,2026-09-30T18:03:21.986547+00:00,13.52,13.08,,13.3,,,
standardized,uob,NOK,SGD,NOK/SGD,100,Indicative board,board,SGD < 50,std_lt_50,forex_sgd,30 September 2026 05:42:34 PM,30 September 2026 05:42:34 PM,2026-09-30T18:03:21.986547+00:00,13.52,13.08,,13.3,,,
standardized,uob,NZD,SGD,NZD/SGD,1,Indicative board,board,"SGD 200 – 39,999.99",std_200_40k,forex_sgd,30 September 2026 05:42:34 PM,30 September 2026 05:42:34 PM,2026-09-30T18:03:21.986547+00:00,0.7313,0.7113,0.7212999999999999,0.7213,MAS,1.3863856924996547,1.3863856924996392
standardized,uob,NZD,SGD,NZD/SGD,1,Indicative board,board,"SGD 40,000 – 100,000",std_40k_100k,forex_sgd,30 September 2026 05:42:34 PM,30 September 2026 05:42:34 PM,2026-09-30T18:03:21.986547+00:00,0.7313,0.7113,0.7212999999999999,0.7213,MAS,1.3863856924996547,1.3863856924996392
standardized,uob,NZD,SGD,NZD/SGD,1,Indicative board,board,SGD 50 – 200,std_50_200,forex_sgd,30 September 2026 05:42:34 PM,30 September 2026 05:42:34 PM,2026-09-30T18:03:21.986547+00:00,0.7313,0.7113,0.7212999999999999,0.7213,MAS,1.3863856924996547,1.3863856924996392
standardized,uob,NZD,SGD,NZD/SGD,1,Indicative board,board,SGD < 50,std_lt_50,forex_sgd,30 September 2026 05:42:34 PM,30 September 2026 05:42:34 PM,2026-09-30T18:03:21.986547+00:00,0.7313,0.7113,0.7212999999999999,0.7213,MAS,1.3863856924996547,1.3863856924996392
standardized,uob,PHP,SGD,PHP/SGD,100,Indicative board,board,"SGD 200 – 39,999.99",std_200_40k,forex_sgd,30 September 2026 05:42:34 PM,30 September 2026 05:42:34 PM,2026-09-30T18:03:21.986547+00:00,2.0842,,2.0407,,MAS,2.1316215024256318,
standardized,uob,PHP,SGD,PHP/SGD,100,Indicative board,board,"SGD 40,000 – 100,000",std_40k_100k,forex_sgd,30 September 2026 05:42:34 PM,30 September 2026 05:42:34 PM,2026-09-30T18:03:21.986547+00:00,2.0842,,2.0407,,MAS,2.1316215024256318,
standardized,uob,PHP,SGD,PHP/SGD,100,Indicative board,board,SGD 50 – 200,std_50_200,forex_sgd,30 September 2026 05:42:34 PM,30 September 2026 05:42:34 PM,2026-09-30T18:03:21.986547+00:00,2.0842,,2.0407,,MAS,2.1316215024256318,
standardized,uob,PHP,SGD,PHP/SGD,100,Indicative board,board,SGD < 50,std_lt_50,forex_sgd,30 September 2026 05:42:34 PM,30 September 2026 05:42:34 PM,2026-09-30T18:03:21.986547+00:00,2.0842,,2.0407,,MAS,2.1316215024256318,
standardized,uob,PKR,SGD,PKR/SGD,100,Indicative board,board,"SGD 200 – 39,999.99",std_200_40k,forex_sgd,30 September 2026 05:42:34 PM,30 September 2026 05:42:34 PM,2026-09-30T18:03:21.986547+00:00,0.468,,,,,,
standardized,uob,PKR,SGD,PKR/SGD,100,Indicative board,board,"SGD 40,000 – 100,000",std_40k_100k,forex_sgd,30 September 2026 05:42:34 PM,30 September 2026 05:42:34 PM,2026-09-30T18:03:21.986547+00:00,0.468,,,,,,
standardized,uob,PKR,SGD,PKR/SGD,100,Indicative board,board,SGD 50 – 200,std_50_200,forex_sgd,30 September 2026 05:42:34 PM,30 September 2026 05:42:34 PM,2026-09-30T18:03:21.986547+00:00,0.468,,,,,,
standardized,uob,PKR,SGD,PKR/SGD,100,Indicative board,board,SGD < 50,std_lt_50,forex_sgd,30 September 2026 05:42:34 PM,30 September 2026 05:42:34 PM,2026-09-30T18:03:21.986547+00:00,0.468,,,,,,
standardized,uob,SAR,SGD,SAR/SGD,100,Indicative board,board,"SGD 200 – 39,999.99",std_200_40k,forex_sgd,30 September 2026 05:42:34 PM,30 September 2026 05:42:34 PM,2026-09-30T18:03:21.986547+00:00,,,34.04,,MAS,,
standardized,uob,SAR,SGD,SAR/SGD,100,Indicative board,board,"SGD 40,000 – 100,000",std_40k_100k,forex_sgd,30 September 2026 05:42:34 PM,30 September 2026 05:42:34 PM,2026-09-30T18:03:21.986547+00:00,,,34.04,,MAS,,
standardized,uob,SAR,SGD,SAR/SGD,100,Indicative board,board,SGD 50 – 200,std_50_200,forex_sgd,30 September 2026 05:42:34 PM,30 September 2026 05:42:34 PM,2026-09-30T18:03:21.986547+00:00,,,34.04,,MAS,,
standardized,uob,SAR,SGD,SAR/SGD,100,Indicative board,board,SGD < 50,std_lt_50,forex_sgd,30 September 2026 05:42:34 PM,30 September 2026 05:42:34 PM,2026-09-30T18:03:21.986547+00:00,,,34.04,,MAS,,
standardized,uob,SEK,SGD,SEK/SGD,100,Indicative board,board,"SGD 200 – 39,999.99",std_200_40k,forex_sgd,30 September 2026 05:42:34 PM,30 September 2026 05:42:34 PM,2026-09-30T18:03:21.986547+00:00,13.04,12.56,,12.8,,,
standardized,uob,SEK,SGD,SEK/SGD,100,Indicative board,board,"SGD 40,000 – 100,000",std_40k_100k,forex_sgd,30 September 2026 05:42:34 PM,30 September 2026 05:42:34 PM,2026-09-30T18:03:21.986547+00:00,13.04,12.56,,12.8,,,
standardized,uob,SEK,SGD,SEK/SGD,100,Indicative board,board,SGD 50 – 200,std_50_200,forex_sgd,30 September 2026 05:42:34 PM,30 September 2026 05:42:34 PM,2026-09-30T18:03:21.986547+00:00,13.04,12.56,,12.8,,,
standardized,uob,SEK,SGD,SEK/SGD,100,Indicative board,board,SGD < 50,std_lt_50,forex_sgd,30 September 2026 05:42:34 PM,30 September 2026 05:42:34 PM,2026-09-30T18:03:21.986547+00:00,13.04,12.56,,12.8,,,
standardized,uob,THB,SGD,THB/SGD,100,Indicative board,board,"SGD 200 – 39,999.99",std_200_40k,forex_sgd,30 September 2026 05:42:34 PM,30 September 2026 05:42:34 PM,2026-09-30T18:03:21.986547+00:00,3.91,3.71,3.8052999999999995,3.81,MAS,2.7514256431818964,2.5044017554463385
standardized,uob,THB,SGD,THB/SGD,100,Indicative board,board,"SGD 40,000 – 100,000",std_40k_100k,forex_sgd,30 September 2026 05:42:34 PM,30 September 2026 05:42:34 PM,2026-09-30T18:03:21.986547+00:00,3.91,3.71,3.8052999999999995,3.81,MAS,2.7514256431818964,2.5044017554463385
standardized,uob,THB,SGD,THB/SGD,100,Indicative board,board,SGD 50 – 200,std_50_200,forex_sgd,30 September 2026 05:42:34 PM,30 September 2026 05:42:34 PM,2026-09-30T18:03:21.986547+00:00,3.91,3.71,3.8052999999999995,3.81,MAS,2.7514256431818964,2.5044017554463385
standardized,uob,THB,SGD,THB/SGD,100,Indicative board,board,SGD < 50,std_lt_50,forex_sgd,30 September 2026 05:42:34 PM,30 September 2026 05:42:34 PM,2026-09-30T18:03:21.986547+00:00,3.91,3.71,3.8052999999999995,3.81,MAS,2.7514256431818964,2.5044017554463385
standardized,uob,TWD,SGD,TWD/SGD,100,Indicative board,board,"SGD 200 – 39,999.99",std_200_40k,forex_sgd,30 September 2026 05:42:34 PM,30 September 2026 05:42:34 PM,2026-09-30T18:03:21.986547+00:00,4.109,,4.0068,,MAS,2.5506638714185845,
standardized,uob,TWD,SGD,TWD/SGD,100,Indicative board,board,"SGD 40,000 – 100,000",std_40k_100k,forex_sgd,30 September 2026 05:42:34 PM,30 September 2026 05:42:34 PM,2026-09-30T18:03:21.986547+00:00,4.109,,4.0068,,MAS,2.5506638714185845,
standardized,uob,TWD,SGD,TWD/SGD,100,Indicative board,board,SGD 50 – 200,std_50_200,forex_sgd,30 September 2026 05:42:34 PM,30 September 2026 05:42:34 PM,2026-09-30T18:03:21.986547+00:00,4.109,,4.0068,,MAS,2.5506638714185845,
standardized,uob,TWD,SGD,TWD/SGD,100,Indicative board,board,SGD < 50,std_lt_50,forex_sgd,30 September 2026 05:42:34 PM,30 September 2026 05:42:34 PM,2026-09-30T18:03:21.986547+00:00,4.109,,4.0068,,MAS,2.5506638714185845,
standardized,uob,USD,SGD,USD/SGD,1,Indicative board,board,"SGD 200 – 39,999.99",std_200_40k,forex_sgd,30 September 2026 05:42:34 PM,30 September 2026 05:42:34 PM,2026-09-30T18:03:21.986547+00:00,1.2888,1.2648,1.278,1.2768,MAS,0.8450704225352051,1.0328638497652662
standardized,uob,USD,SGD,USD/SGD,1,Indicative board,board,"SGD 40,000 – 100,000",std_40k_100k,forex_sgd,30 September 2026 05:42:34 PM,30 September 2026 05:42:34 PM,2026-09-30T18:03:21.986547+00:00,1.2888,1.2648,1.278,1.2768,MAS,0.8450704225352051,1.0328638497652662
standardized,uob,USD,SGD,USD/SGD,1,Indicative board,board,SGD 50 – 200,std_50_200,forex_sgd,30 September 2026 05:42:34 PM,30 September 2026 05:42:34 PM,2026-09-30T18:03:21.986547+00:00,1.2888,1.2648,1.278,1.2768,MAS,0.8450704225352051,1.0328638497652662
standardized,uob,USD,SGD,USD/SGD,1,Indicative board,board,SGD < 50,std_lt_50,forex_sgd,30 September 2026 05:42:34 PM,30 September 2026 05:42:34 PM,2026-09-30T18:03:21.986547+00:00,1.2888,1.2648,1.278,1.2768,MAS,0.8450704225352051,1.0328638497652662
standardized,uob,VND,SGD,VND/SGD,1000,Indicative board,board,"SGD 200 – 39,999.99",std_200_40k,forex_sgd,30 September 2026 05:42:34 PM,30 September 2026 05:42:34 PM,2026-09-30T18:03:21.986547+00:00,0.0504,,0.04921,,MAS,2.4182076813655833,
standardized,uob,VND,SGD,VND/SGD,1000,Indicative board,board,"SGD 40,000 – 100,000",std_40k_100k,forex_sgd,30 September 2026 05:42:34 PM,30 September 2026 05:42:34 PM,2026-09-30T18:03:21.986547+00:00,0.0504,,0.04921,,MAS,2.4182076813655833,
standardized,uob,VND,SGD,VND/SGD,1000,Indicative board,board,SGD 50 – 200,std_50_200,forex_sgd,30 September 2026 05:42:34 PM,30 September 2026 05:42:34 PM,2026-09-30T18:03:21.986547+00:00,0.0504,,0.04921,,MAS,2.4182076813655833,
standardized,uob,VND,SGD,VND/SGD,1000,Indicative board,board,SGD < 50,std_lt_50,forex_sgd,30 September 2026 05:42:34 PM,30 September 2026 05:42:34 PM,2026-09-30T18:03:21.986547+00:00,0.0504,,0.04921,,MAS,2.4182076813655833,
standardized,uob,XAF,SGD,XAF/SGD,100,Indicative board,board,"SGD 200 – 39,999.99",std_200_40k,forex_sgd,30 September 2026 05:42:34 PM,30 September 2026 05:42:34 PM,2026-09-30T18:03:21.986547+00:00,0.2271,,,,,,
standardized,uob,XAF,SGD,XAF/SGD,100,Indicative board,board,"SGD 40,000 – 100,000",std_40k_100k,forex_sgd,30 September 2026 05:42:34 PM,30 September 2026 05:42:34 PM,2026-09-30T18:03:21.986547+00:00,0.2271,,,,,,
standardized,uob,XAF,SGD,XAF/SGD,100,Indicative board,board,SGD 50 – 200,std_50_200,forex_sgd,30 September 2026 05:42:34 PM,30 September 2026 05:42:34 PM,2026-09-30T18:03:21.986547+00:00,0.2271,,,,,,
standardized,uob,XAF,SGD,XAF/SGD,100,Indicative board,board,SGD < 50,std_lt_50,forex_sgd,30 September 2026 05:42:34 PM,30 September 2026 05:42:34 PM,2026-09-30T18:03:21.986547+00:00,0.2271,,,,,,
standardized,uob,XOF,SGD,XOF/SGD,100,Indicative board,board,"SGD 200 – 39,999.99",std_200_40k,forex_sgd,30 September 2026 05:42:34 PM,30 September 2026 05:42:34 PM,2026-09-30T18:03:21.986547+00:00,0.2288,,,,,,
standardized,uob,XOF,SGD,XOF/SGD,100,Indicative board,board,"SGD 40,000 – 100,000",std_40k_100k,forex_sgd,30 September 2026 05:42:34 PM,30 September 2026 05:42:34 PM,2026-09-30T18:03:21.986547+00:00,0.2288,,,,,,
standardized,uob,XOF,SGD,XOF/SGD,100,Indicative board,board,SGD 50 – 200,std_50_200,forex_sgd,30 September 2026 05:42:34 PM,30 September 2026 05:42:34 PM,2026-09-30T18:03:21.986547+00:00,0.2288,,,,,,
standardized,uob,XOF,SGD,XOF/SGD,100,Indicative board,board,SGD < 50,std_lt_50,forex_sgd,30 September 2026 05:42:34 PM,30 September 2026 05:42:34 PM,2026-09-30T18:03:21.986547+00:00,0.2288,,,,,,
standardized,uob,ZAR,SGD,ZAR/SGD,1,Indicative board,board,"SGD 200 – 39,999.99",std_200_40k,forex_sgd,30 September 2026 05:42:34 PM,30 September 2026 05:42:34 PM,2026-09-30T18:03:21.986547+00:00,0.0799,0.0759,,0.0779,,,
standardized,uob,ZAR,SGD,ZAR/SGD,1,Indicative board,board,"SGD 40,000 – 100,000",std_40k_100k,forex_sgd,30 September 2026 05:42:34 PM,30 September 2026 05:42:34 PM,2026-09-30T18:03:21.986547+00:00,0.0799,0.0759,,0.0779,,,
standardized,uob,ZAR,SGD,ZAR/SGD,1,Indicative board,board,SGD 50 – 200,std_50_200,forex_sgd,30 September 2026 05:42:34 PM,30 September 2026 05:42:34 PM,2026-09-30T18:03:21.986547+00:00,0.0799,0.0759,,0.0779,,,
standardized,uob,ZAR,SGD,ZAR/SGD,1,Indicative board,board,SGD < 50,std_lt_50,forex_sgd,30 September 2026 05:42:34 PM,30 September 2026 05:42:34 PM,2026-09-30T18:03:21.986547+00:00,0.0799,0.0759,,0.0779,,,
