record_type,bank,base_currency,quote_currency,currency_pair,unit,transaction_value,amount_tier,std_transaction_value,std_amount_tier,group,effective_date,last_updated,scraped_at,tt_od_sell,tt_buy,mid_rate,bank_mid_rate,mid_source,sell_margin_pct,buy_margin_pct
native,dbs,AED,SGD,AED/SGD,1,SGD 50 – 200,amtBtw50And200,,,mainCurrencies,2026-09-25 01:15:00,2026-09-24 17:15:14,2026-09-24T17:24:57.970584+00:00,0.3508,0.346,0.3486,0.3484,MAS,0.6310958118186976,0.7458405048766629
native,dbs,AED,SGD,AED/SGD,1,SGD < 50,amtLessThan50,,,mainCurrencies,2026-09-25 01:15:00,2026-09-24 17:15:14,2026-09-24T17:24:57.970584+00:00,0.3536,0.3432,0.3486,0.34840000000000004,MAS,1.4343086632243272,1.5490533562822766
native,dbs,AUD,SGD,AUD/SGD,1,SGD 50 – 200,amtBtw50And200,,,mainCurrencies,2026-09-25 01:15:00,2026-09-24 17:15:14,2026-09-24T17:24:57.970584+00:00,0.909,0.8891,0.9,0.89905,MAS,1.0000000000000009,1.2111111111111132
native,dbs,AUD,SGD,AUD/SGD,1,SGD < 50,amtLessThan50,,,mainCurrencies,2026-09-25 01:15:00,2026-09-24 17:15:14,2026-09-24T17:24:57.970584+00:00,0.9095,0.8887,0.9,0.8991,MAS,1.0555555555555505,1.255555555555553
native,dbs,BDT,SGD,BDT/SGD,100,SGD 50 – 200,amtBtw50And200,,,otherCurrencies,2026-09-25 01:15:00,2026-09-24 17:15:14,2026-09-24T17:24:57.970584+00:00,1.0547,,,,,,
native,dbs,BDT,SGD,BDT/SGD,100,SGD < 50,amtLessThan50,,,otherCurrencies,2026-09-25 01:15:00,2026-09-24 17:15:14,2026-09-24T17:24:57.970584+00:00,1.0547,,,,,,
native,dbs,BHD,SGD,BHD/SGD,1,SGD 50 – 200,amtBtw50And200,,,otherCurrencies,2026-09-25 01:15:00,2026-09-24 17:15:14,2026-09-24T17:24:57.970584+00:00,3.4577,,,,,,
native,dbs,BHD,SGD,BHD/SGD,1,SGD < 50,amtLessThan50,,,otherCurrencies,2026-09-25 01:15:00,2026-09-24 17:15:14,2026-09-24T17:24:57.970584+00:00,3.4713,,,,,,
native,dbs,BND,SGD,BND/SGD,1,SGD 50 – 200,amtBtw50And200,,,otherCurrencies,2026-09-25 01:15:00,2026-09-24 17:15:14,2026-09-24T17:24:57.970584+00:00,1.0,1.0,,1.0,,,
native,dbs,BND,SGD,BND/SGD,1,SGD < 50,amtLessThan50,,,otherCurrencies,2026-09-25 01:15:00,2026-09-24 17:15:14,2026-09-24T17:24:57.970584+00:00,1.0,1.0,,1.0,,,
native,dbs,CAD,SGD,CAD/SGD,1,SGD 50 – 200,amtBtw50And200,,,mainCurrencies,2026-09-25 01:15:00,2026-09-24 17:15:14,2026-09-24T17:24:57.970584+00:00,0.9123,0.8986,0.9076000000000001,0.90545,MAS,0.517849272807396,0.9916262670780209
native,dbs,CAD,SGD,CAD/SGD,1,SGD < 50,amtLessThan50,,,mainCurrencies,2026-09-25 01:15:00,2026-09-24 17:15:14,2026-09-24T17:24:57.970584+00:00,0.9155,0.8954,0.9076000000000001,0.90545,MAS,0.8704275011017967,1.3442044953724217
native,dbs,CHF,SGD,CHF/SGD,1,SGD 50 – 200,amtBtw50And200,,,mainCurrencies,2026-09-25 01:15:00,2026-09-24 17:15:14,2026-09-24T17:24:57.970584+00:00,1.5604,1.5308,1.5529,1.5455999999999999,MAS,0.4829673514070489,1.4231437954794262
native,dbs,CHF,SGD,CHF/SGD,1,SGD < 50,amtLessThan50,,,mainCurrencies,2026-09-25 01:15:00,2026-09-24 17:15:14,2026-09-24T17:24:57.970584+00:00,1.5613,1.5301,1.5529,1.5457,MAS,0.5409234335758879,1.4682207482774121
native,dbs,CNH,SGD,CNH/SGD,1,SGD 50 – 200,amtBtw50And200,,,mainCurrencies,2026-09-25 01:15:00,2026-09-24 17:15:14,2026-09-24T17:24:57.970584+00:00,0.1927,0.1883,,0.1905,,,
native,dbs,CNH,SGD,CNH/SGD,1,SGD < 50,amtLessThan50,,,mainCurrencies,2026-09-25 01:15:00,2026-09-24 17:15:14,2026-09-24T17:24:57.970584+00:00,0.1933,0.1876,,0.19045,,,
native,dbs,CNY,SGD,CNY/SGD,1,SGD 50 – 200,amtBtw50And200,,,otherCurrencies,2026-09-25 01:15:00,2026-09-24 17:15:14,2026-09-24T17:24:57.970584+00:00,0.1906,,0.1907,,MAS,-0.052438384897753924,
native,dbs,CNY,SGD,CNY/SGD,1,SGD < 50,amtLessThan50,,,otherCurrencies,2026-09-25 01:15:00,2026-09-24 17:15:14,2026-09-24T17:24:57.970584+00:00,0.1923,,0.1907,,MAS,0.8390141583639172,
native,dbs,DKK,SGD,DKK/SGD,1,SGD 50 – 200,amtBtw50And200,,,mainCurrencies,2026-09-25 01:15:00,2026-09-24 17:15:14,2026-09-24T17:24:57.970584+00:00,0.1974,0.192,,0.19469999999999998,,,
native,dbs,DKK,SGD,DKK/SGD,1,SGD < 50,amtLessThan50,,,mainCurrencies,2026-09-25 01:15:00,2026-09-24 17:15:14,2026-09-24T17:24:57.970584+00:00,0.1978,0.1917,,0.19475,,,
native,dbs,EUR,SGD,EUR/SGD,1,SGD 50 – 200,amtBtw50And200,,,mainCurrencies,2026-09-25 01:15:00,2026-09-24 17:15:14,2026-09-24T17:24:57.970584+00:00,1.4685,1.4436,1.4565,1.4560499999999998,MAS,0.8238928939237907,0.8856848609680681
native,dbs,EUR,SGD,EUR/SGD,1,SGD < 50,amtLessThan50,,,mainCurrencies,2026-09-25 01:15:00,2026-09-24 17:15:14,2026-09-24T17:24:57.970584+00:00,1.4693,1.4429,1.4565,1.4561000000000002,MAS,0.8788190868520526,0.9337452797802839
native,dbs,GBP,SGD,GBP/SGD,1,SGD 50 – 200,amtBtw50And200,,,mainCurrencies,2026-09-25 01:15:00,2026-09-24 17:15:14,2026-09-24T17:24:57.970584+00:00,1.7058,1.6802,1.6945,1.693,MAS,0.6668633815284797,0.843906757155502
native,dbs,GBP,SGD,GBP/SGD,1,SGD < 50,amtLessThan50,,,mainCurrencies,2026-09-25 01:15:00,2026-09-24 17:15:14,2026-09-24T17:24:57.970584+00:00,1.7076,1.6786,1.6945,1.6931,MAS,0.7730894069046983,0.93832989082324
native,dbs,HKD,SGD,HKD/SGD,1,SGD 50 – 200,amtBtw50And200,,,mainCurrencies,2026-09-25 01:15:00,2026-09-24 17:15:14,2026-09-24T17:24:57.970584+00:00,0.1647,0.1615,0.1632,0.16310000000000002,MAS,0.9191176470588243,1.041666666666671
native,dbs,HKD,SGD,HKD/SGD,1,SGD < 50,amtLessThan50,,,mainCurrencies,2026-09-25 01:15:00,2026-09-24 17:15:14,2026-09-24T17:24:57.970584+00:00,0.1649,0.1613,0.1632,0.1631,MAS,1.0416666666666539,1.1642156862745177
native,dbs,HUF,SGD,HUF/SGD,100,SGD 50 – 200,amtBtw50And200,,,otherCurrencies,2026-09-25 01:15:00,2026-09-24 17:15:14,2026-09-24T17:24:57.970584+00:00,0.4054,,,,,,
native,dbs,HUF,SGD,HUF/SGD,100,SGD < 50,amtLessThan50,,,otherCurrencies,2026-09-25 01:15:00,2026-09-24 17:15:14,2026-09-24T17:24:57.970584+00:00,0.407,,,,,,
native,dbs,ID0,SGD,ID0/SGD,100,SGD 50 – 200,amtBtw50And200,,,otherCurrencies,2026-09-25 01:15:00,2026-09-24 17:15:14,2026-09-24T17:24:57.970584+00:00,,,,,,,
native,dbs,ID0,SGD,ID0/SGD,100,SGD < 50,amtLessThan50,,,otherCurrencies,2026-09-25 01:15:00,2026-09-24 17:15:14,2026-09-24T17:24:57.970584+00:00,,0.0071,,,,,
native,dbs,IDR,SGD,IDR/SGD,100,SGD 50 – 200,amtBtw50And200,,,mainCurrencies,2026-09-25 01:15:00,2026-09-24 17:15:14,2026-09-24T17:24:57.970584+00:00,0.0073,,0.007158,,MAS,1.9837943559653501,
native,dbs,IDR,SGD,IDR/SGD,100,SGD < 50,amtLessThan50,,,mainCurrencies,2026-09-25 01:15:00,2026-09-24 17:15:14,2026-09-24T17:24:57.970584+00:00,0.0073,,0.007158,,MAS,1.9837943559653501,
native,dbs,IN0,SGD,IN0/SGD,100,SGD 50 – 200,amtBtw50And200,,,otherCurrencies,2026-09-25 01:15:00,2026-09-24 17:15:14,2026-09-24T17:24:57.970584+00:00,,1.329,,,,,
native,dbs,IN0,SGD,IN0/SGD,100,SGD < 50,amtLessThan50,,,otherCurrencies,2026-09-25 01:15:00,2026-09-24 17:15:14,2026-09-24T17:24:57.970584+00:00,,1.329,,,,,
native,dbs,INR,SGD,INR/SGD,100,SGD 50 – 200,amtBtw50And200,,,otherCurrencies,2026-09-25 01:15:00,2026-09-24 17:15:14,2026-09-24T17:24:57.970584+00:00,1.3479,,1.3358,,MAS,0.9058242251834107,
native,dbs,INR,SGD,INR/SGD,100,SGD < 50,amtLessThan50,,,otherCurrencies,2026-09-25 01:15:00,2026-09-24 17:15:14,2026-09-24T17:24:57.970584+00:00,1.3586,,1.3358,,MAS,1.706842341667909,
native,dbs,JPY,SGD,JPY/SGD,100,SGD 50 – 200,amtBtw50And200,,,mainCurrencies,2026-09-25 01:15:00,2026-09-24 17:15:14,2026-09-24T17:24:57.970584+00:00,0.8139,0.7977,0.8101,0.8058,MAS,0.46907789161830815,1.530675225280839
native,dbs,JPY,SGD,JPY/SGD,100,SGD < 50,amtLessThan50,,,mainCurrencies,2026-09-25 01:15:00,2026-09-24 17:15:14,2026-09-24T17:24:57.970584+00:00,0.8148,0.7969,0.8101,0.80585,MAS,0.5801752870015956,1.629428465621527
native,dbs,KRW,SGD,KRW/SGD,100,SGD 50 – 200,amtBtw50And200,,,otherCurrencies,2026-09-25 01:15:00,2026-09-24 17:15:14,2026-09-24T17:24:57.970584+00:00,0.0948,,0.0933,,MAS,1.6077170418006448,
native,dbs,KRW,SGD,KRW/SGD,100,SGD < 50,amtLessThan50,,,otherCurrencies,2026-09-25 01:15:00,2026-09-24 17:15:14,2026-09-24T17:24:57.970584+00:00,0.0948,,0.0933,,MAS,1.6077170418006448,
native,dbs,KWD,SGD,KWD/SGD,100,SGD 50 – 200,amtBtw50And200,,,otherCurrencies,2026-09-25 01:15:00,2026-09-24 17:15:14,2026-09-24T17:24:57.970584+00:00,426.4493,,,,,,
native,dbs,KWD,SGD,KWD/SGD,100,SGD < 50,amtLessThan50,,,otherCurrencies,2026-09-25 01:15:00,2026-09-24 17:15:14,2026-09-24T17:24:57.970584+00:00,428.1276,,,,,,
native,dbs,LKR,SGD,LKR/SGD,100,SGD 50 – 200,amtBtw50And200,,,otherCurrencies,2026-09-25 01:15:00,2026-09-24 17:15:14,2026-09-24T17:24:57.970584+00:00,0.3947,,,,,,
native,dbs,LKR,SGD,LKR/SGD,100,SGD < 50,amtLessThan50,,,otherCurrencies,2026-09-25 01:15:00,2026-09-24 17:15:14,2026-09-24T17:24:57.970584+00:00,0.3947,,,,,,
native,dbs,MM1,SGD,MM1/SGD,100,SGD 50 – 200,amtBtw50And200,,,otherCurrencies,2026-09-25 01:15:00,2026-09-24 17:15:14,2026-09-24T17:24:57.970584+00:00,,,,,,,
native,dbs,MM1,SGD,MM1/SGD,100,SGD < 50,amtLessThan50,,,otherCurrencies,2026-09-25 01:15:00,2026-09-24 17:15:14,2026-09-24T17:24:57.970584+00:00,,,,,,,
native,dbs,MMK,SGD,MMK/SGD,100,SGD 50 – 200,amtBtw50And200,,,otherCurrencies,2026-09-25 01:15:00,2026-09-24 17:15:14,2026-09-24T17:24:57.970584+00:00,0.0325,,,,,,
native,dbs,MMK,SGD,MMK/SGD,100,SGD < 50,amtLessThan50,,,otherCurrencies,2026-09-25 01:15:00,2026-09-24 17:15:14,2026-09-24T17:24:57.970584+00:00,0.0325,,,,,,
native,dbs,MUR,SGD,MUR/SGD,100,SGD 50 – 200,amtBtw50And200,,,otherCurrencies,2026-09-25 01:15:00,2026-09-24 17:15:14,2026-09-24T17:24:57.970584+00:00,2.7091,,,,,,
native,dbs,MUR,SGD,MUR/SGD,100,SGD < 50,amtLessThan50,,,otherCurrencies,2026-09-25 01:15:00,2026-09-24 17:15:14,2026-09-24T17:24:57.970584+00:00,2.7198,,,,,,
native,dbs,MXN,SGD,MXN/SGD,100,SGD 50 – 200,amtBtw50And200,,,mainCurrencies,2026-09-25 01:15:00,2026-09-24 17:15:14,2026-09-24T17:24:57.970584+00:00,7.3544,,,,,,
native,dbs,MXN,SGD,MXN/SGD,100,SGD < 50,amtLessThan50,,,mainCurrencies,2026-09-25 01:15:00,2026-09-24 17:15:14,2026-09-24T17:24:57.970584+00:00,7.3584,,,,,,
native,dbs,MY0,SGD,MY0/SGD,1,SGD 50 – 200,amtBtw50And200,,,otherCurrencies,2026-09-25 01:15:00,2026-09-24 17:15:14,2026-09-24T17:24:57.970584+00:00,,0.3128,,,,,
native,dbs,MY0,SGD,MY0/SGD,1,SGD < 50,amtLessThan50,,,otherCurrencies,2026-09-25 01:15:00,2026-09-24 17:15:14,2026-09-24T17:24:57.970584+00:00,,0.3128,,,,,
native,dbs,MYR,SGD,MYR/SGD,1,SGD 50 – 200,amtBtw50And200,,,otherCurrencies,2026-09-25 01:15:00,2026-09-24 17:15:14,2026-09-24T17:24:57.970584+00:00,0.3168,,0.3136,,MAS,1.0204081632653177,
native,dbs,MYR,SGD,MYR/SGD,1,SGD < 50,amtLessThan50,,,otherCurrencies,2026-09-25 01:15:00,2026-09-24 17:15:14,2026-09-24T17:24:57.970584+00:00,0.3168,,0.3136,,MAS,1.0204081632653177,
native,dbs,NOK,SGD,NOK/SGD,1,SGD 50 – 200,amtBtw50And200,,,mainCurrencies,2026-09-25 01:15:00,2026-09-24 17:15:14,2026-09-24T17:24:57.970584+00:00,0.1365,0.1328,,0.13465,,,
native,dbs,NOK,SGD,NOK/SGD,1,SGD < 50,amtLessThan50,,,mainCurrencies,2026-09-25 01:15:00,2026-09-24 17:15:14,2026-09-24T17:24:57.970584+00:00,0.1369,0.1324,,0.13465,,,
native,dbs,NZD,SGD,NZD/SGD,1,SGD 50 – 200,amtBtw50And200,,,mainCurrencies,2026-09-25 01:15:00,2026-09-24 17:15:14,2026-09-24T17:24:57.970584+00:00,0.7338,0.7169,0.7265,0.7253499999999999,MAS,1.004817618719886,1.3214039917412324
native,dbs,NZD,SGD,NZD/SGD,1,SGD < 50,amtLessThan50,,,mainCurrencies,2026-09-25 01:15:00,2026-09-24 17:15:14,2026-09-24T17:24:57.970584+00:00,0.7346,0.7162,0.7265,0.7254,MAS,1.114934618031658,1.4177563661390347
native,dbs,OMR,SGD,OMR/SGD,1,SGD 50 – 200,amtBtw50And200,,,otherCurrencies,2026-09-25 01:15:00,2026-09-24 17:15:14,2026-09-24T17:24:57.970584+00:00,3.3471,,,,,,
native,dbs,OMR,SGD,OMR/SGD,1,SGD < 50,amtLessThan50,,,otherCurrencies,2026-09-25 01:15:00,2026-09-24 17:15:14,2026-09-24T17:24:57.970584+00:00,3.3471,,,,,,
native,dbs,PH0,SGD,PH0/SGD,100,SGD 50 – 200,amtBtw50And200,,,otherCurrencies,2026-09-25 01:15:00,2026-09-24 17:15:14,2026-09-24T17:24:57.970584+00:00,,2.0315,,,,,
native,dbs,PH0,SGD,PH0/SGD,100,SGD < 50,amtLessThan50,,,otherCurrencies,2026-09-25 01:15:00,2026-09-24 17:15:14,2026-09-24T17:24:57.970584+00:00,,2.0315,,,,,
native,dbs,PHP,SGD,PHP/SGD,100,SGD 50 – 200,amtBtw50And200,,,otherCurrencies,2026-09-25 01:15:00,2026-09-24 17:15:14,2026-09-24T17:24:57.970584+00:00,2.0608,,2.04,,MAS,1.0196078431372515,
native,dbs,PHP,SGD,PHP/SGD,100,SGD < 50,amtLessThan50,,,otherCurrencies,2026-09-25 01:15:00,2026-09-24 17:15:14,2026-09-24T17:24:57.970584+00:00,2.0763,,2.04,,MAS,1.7794117647058714,
native,dbs,PLN,SGD,PLN/SGD,1,SGD 50 – 200,amtBtw50And200,,,otherCurrencies,2026-09-25 01:15:00,2026-09-24 17:15:14,2026-09-24T17:24:57.970584+00:00,0.3384,,,,,,
native,dbs,PLN,SGD,PLN/SGD,1,SGD < 50,amtLessThan50,,,otherCurrencies,2026-09-25 01:15:00,2026-09-24 17:15:14,2026-09-24T17:24:57.970584+00:00,0.3397,,,,,,
native,dbs,QAR,SGD,QAR/SGD,1,SGD 50 – 200,amtBtw50And200,,,otherCurrencies,2026-09-25 01:15:00,2026-09-24 17:15:14,2026-09-24T17:24:57.970584+00:00,0.3589,,0.3514,,MAS,2.134319863403531,
native,dbs,QAR,SGD,QAR/SGD,1,SGD < 50,amtLessThan50,,,otherCurrencies,2026-09-25 01:15:00,2026-09-24 17:15:14,2026-09-24T17:24:57.970584+00:00,0.3603,,0.3514,,MAS,2.532726237905526,
native,dbs,RUB,SGD,RUB/SGD,100,SGD 50 – 200,amtBtw50And200,,,mainCurrencies,2026-09-25 01:15:00,2026-09-24 17:15:14,2026-09-24T17:24:57.970584+00:00,,,,,,,
native,dbs,RUB,SGD,RUB/SGD,100,SGD < 50,amtLessThan50,,,mainCurrencies,2026-09-25 01:15:00,2026-09-24 17:15:14,2026-09-24T17:24:57.970584+00:00,,,,,,,
native,dbs,SAR,SGD,SAR/SGD,100,SGD 50 – 200,amtBtw50And200,,,otherCurrencies,2026-09-25 01:15:00,2026-09-24 17:15:14,2026-09-24T17:24:57.970584+00:00,34.5082,,34.09,,MAS,1.2267527134056873,
native,dbs,SAR,SGD,SAR/SGD,100,SGD < 50,amtLessThan50,,,otherCurrencies,2026-09-25 01:15:00,2026-09-24 17:15:14,2026-09-24T17:24:57.970584+00:00,34.5082,,34.09,,MAS,1.2267527134056873,
native,dbs,SEK,SGD,SEK/SGD,1,SGD 50 – 200,amtBtw50And200,,,mainCurrencies,2026-09-25 01:15:00,2026-09-24 17:15:14,2026-09-24T17:24:57.970584+00:00,0.1308,0.1273,,0.12905,,,
native,dbs,SEK,SGD,SEK/SGD,1,SGD < 50,amtLessThan50,,,mainCurrencies,2026-09-25 01:15:00,2026-09-24 17:15:14,2026-09-24T17:24:57.970584+00:00,0.1313,0.1268,,0.12905,,,
native,dbs,THB,SGD,THB/SGD,100,SGD 50 – 200,amtBtw50And200,,,mainCurrencies,2026-09-25 01:15:00,2026-09-24 17:15:14,2026-09-24T17:24:57.970584+00:00,3.8852,3.7684,3.8302000000000005,3.8268000000000004,MAS,1.4359563469270458,1.6134927680016786
native,dbs,THB,SGD,THB/SGD,100,SGD < 50,amtLessThan50,,,mainCurrencies,2026-09-25 01:15:00,2026-09-24 17:15:14,2026-09-24T17:24:57.970584+00:00,3.8894,3.7642,3.8302000000000005,3.8268000000000004,MAS,1.5456111952378384,1.723147616312471
native,dbs,TND,SGD,TND/SGD,1,SGD 50 – 200,amtBtw50And200,,,otherCurrencies,2026-09-25 01:15:00,2026-09-24 17:15:14,2026-09-24T17:24:57.970584+00:00,0.4453,,,,,,
native,dbs,TND,SGD,TND/SGD,1,SGD < 50,amtLessThan50,,,otherCurrencies,2026-09-25 01:15:00,2026-09-24 17:15:14,2026-09-24T17:24:57.970584+00:00,0.4453,,,,,,
native,dbs,TWD,SGD,TWD/SGD,100,SGD 50 – 200,amtBtw50And200,,,otherCurrencies,2026-09-25 01:15:00,2026-09-24 17:15:14,2026-09-24T17:24:57.970584+00:00,4.0746,,4.0221,,MAS,1.305288282240626,
native,dbs,TWD,SGD,TWD/SGD,100,SGD < 50,amtLessThan50,,,otherCurrencies,2026-09-25 01:15:00,2026-09-24 17:15:14,2026-09-24T17:24:57.970584+00:00,4.0786,,4.0221,,MAS,1.4047388180303764,
native,dbs,USD,SGD,USD/SGD,1,SGD 50 – 200,amtBtw50And200,,,mainCurrencies,2026-09-25 01:15:00,2026-09-24 17:15:14,2026-09-24T17:24:57.970584+00:00,1.2904,1.269,1.2803,1.2797,MAS,0.7888776068109036,0.8826056393032953
native,dbs,USD,SGD,USD/SGD,1,SGD < 50,amtLessThan50,,,mainCurrencies,2026-09-25 01:15:00,2026-09-24 17:15:14,2026-09-24T17:24:57.970584+00:00,1.2913,1.2681,1.2803,1.2797,MAS,0.8591736311801842,0.9529016636725759
native,dbs,VND,SGD,VND/SGD,100,SGD 50 – 200,amtBtw50And200,,,otherCurrencies,2026-09-25 01:15:00,2026-09-24 17:15:14,2026-09-24T17:24:57.970584+00:00,0.0051,,0.004925,,MAS,3.553299492385801,
native,dbs,VND,SGD,VND/SGD,100,SGD < 50,amtLessThan50,,,otherCurrencies,2026-09-25 01:15:00,2026-09-24 17:15:14,2026-09-24T17:24:57.970584+00:00,0.0051,,0.004925,,MAS,3.553299492385801,
native,dbs,XAU,SGD,XAU/SGD,1,SGD 50 – 200,amtBtw50And200,,,otherCurrencies,2026-09-25 01:15:00,2026-09-24 17:15:14,2026-09-24T17:24:57.970584+00:00,5495.716,5429.187,,5462.4515,,,
native,dbs,XAU,SGD,XAU/SGD,1,SGD < 50,amtLessThan50,,,otherCurrencies,2026-09-25 01:15:00,2026-09-24 17:15:14,2026-09-24T17:24:57.970584+00:00,5496.505,5429.923,,5463.214,,,
native,dbs,ZAR,SGD,ZAR/SGD,1,SGD 50 – 200,amtBtw50And200,,,otherCurrencies,2026-09-25 01:15:00,2026-09-24 17:15:14,2026-09-24T17:24:57.970584+00:00,0.079,0.077,,0.078,,,
native,dbs,ZAR,SGD,ZAR/SGD,1,SGD < 50,amtLessThan50,,,otherCurrencies,2026-09-25 01:15:00,2026-09-24 17:15:14,2026-09-24T17:24:57.970584+00:00,0.0793,0.0767,,0.078,,,
native,hsbc,AED,SGD,AED/SGD,100,Indicative board,board,,,indicative_fx,2026-9-24,2026-9-24,2026-09-24T17:25:02.495427+00:00,36.01,33.73,34.86,34.87,MAS,3.2989099254159457,3.2415375788869842
native,hsbc,AUD,SGD,AUD/SGD,1,Indicative board,board,,,indicative_fx,2026-9-24,2026-9-24,2026-09-24T17:25:02.495427+00:00,0.9279,0.8736,0.9,0.9007499999999999,MAS,3.0999999999999917,2.933333333333331
native,hsbc,CAD,SGD,CAD/SGD,1,Indicative board,board,,,indicative_fx,2026-9-24,2026-9-24,2026-09-24T17:25:02.495427+00:00,0.9353,0.8805,0.9076000000000001,0.9078999999999999,MAS,3.0520052886734184,2.9858968708682374
native,hsbc,CHF,SGD,CHF/SGD,100,Indicative board,board,,,indicative_fx,2026-9-24,2026-9-24,2026-09-24T17:25:02.495427+00:00,159.86,150.51,155.29,155.185,MAS,2.9428810612402745,3.078111919634234
native,hsbc,CNY,SGD,CNY/SGD,100,Indicative board,board,,,indicative_fx,2026-9-24,2026-9-24,2026-09-24T17:25:02.495427+00:00,19.7,18.45,19.07,19.075,MAS,3.3036182485579393,3.2511798636602043
native,hsbc,DKK,SGD,DKK/SGD,100,Indicative board,board,,,indicative_fx,2026-9-24,2026-9-24,2026-09-24T17:25:02.495427+00:00,20.08,18.9,,19.49,,,
native,hsbc,EUR,SGD,EUR/SGD,1,Indicative board,board,,,indicative_fx,2026-9-24,2026-9-24,2026-09-24T17:25:02.495427+00:00,1.501,1.4133,1.4565,1.45715,MAS,3.055269481634053,2.9660144181256376
native,hsbc,FJD,SGD,FJD/SGD,1,Indicative board,board,,,indicative_fx,2026-9-24,2026-9-24,2026-09-24T17:25:02.495427+00:00,0.599,,,,,,
native,hsbc,GBP,SGD,GBP/SGD,1,Indicative board,board,,,indicative_fx,2026-9-24,2026-9-24,2026-09-24T17:25:02.495427+00:00,1.7455,1.6434,1.6945,1.69445,MAS,3.009737385659496,3.0156388315137166
native,hsbc,HKD,SGD,HKD/SGD,100,Indicative board,board,,,indicative_fx,2026-9-24,2026-9-24,2026-09-24T17:25:02.495427+00:00,16.53,16.12,16.32,16.325000000000003,MAS,1.2867647058823581,1.225490196078427
native,hsbc,IDR,SGD,IDR/SGD,100,Indicative board,board,,,indicative_fx,2026-9-24,2026-9-24,2026-09-24T17:25:02.495427+00:00,0.0074,,0.007158,,MAS,3.380832634814194,
native,hsbc,INR,SGD,INR/SGD,100,Indicative board,board,,,indicative_fx,2026-9-24,2026-9-24,2026-09-24T17:25:02.495427+00:00,1.38,,1.3358,,MAS,3.308878574636906,
native,hsbc,JPY,SGD,JPY/SGD,100,Indicative board,board,,,indicative_fx,2026-9-24,2026-9-24,2026-09-24T17:25:02.495427+00:00,0.8338,0.7851,0.8101,0.80945,MAS,2.925564745093191,3.0860387606468365
native,hsbc,LKR,SGD,LKR/SGD,100,Indicative board,board,,,indicative_fx,2026-9-24,2026-9-24,2026-09-24T17:25:02.495427+00:00,0.4,,,,,,
native,hsbc,MUR,SGD,MUR/SGD,100,Indicative board,board,,,indicative_fx,2026-9-24,2026-9-24,2026-09-24T17:25:02.495427+00:00,2.77,2.58,,2.675,,,
native,hsbc,NOK,SGD,NOK/SGD,100,Indicative board,board,,,indicative_fx,2026-9-24,2026-9-24,2026-09-24T17:25:02.495427+00:00,13.89,13.08,,13.485,,,
native,hsbc,NZD,SGD,NZD/SGD,1,Indicative board,board,,,indicative_fx,2026-9-24,2026-9-24,2026-09-24T17:25:02.495427+00:00,0.7486,0.7048,0.7265,0.7267,MAS,3.041982105987613,2.9869236063317346
native,hsbc,PHP,SGD,PHP/SGD,100,Indicative board,board,,,indicative_fx,2026-9-24,2026-9-24,2026-09-24T17:25:02.495427+00:00,2.11,,2.04,,MAS,3.4313725490195996,
native,hsbc,PKR,SGD,PKR/SGD,100,Indicative board,board,,,indicative_fx,2026-9-24,2026-9-24,2026-09-24T17:25:02.495427+00:00,0.48,,,,,,
native,hsbc,QAR,SGD,QAR/SGD,100,Indicative board,board,,,indicative_fx,2026-9-24,2026-9-24,2026-09-24T17:25:02.495427+00:00,35.61,34.68,35.14,35.144999999999996,MAS,1.3375071143995414,1.3090495162208333
native,hsbc,RUB,SGD,RUB/SGD,100,Indicative board,board,,,indicative_fx,2026-9-24,2026-9-24,2026-09-24T17:25:02.495427+00:00,15.64,14.57,,15.105,,,
native,hsbc,SAR,SGD,SAR/SGD,100,Indicative board,board,,,indicative_fx,2026-9-24,2026-9-24,2026-09-24T17:25:02.495427+00:00,34.53,33.67,34.09,34.1,MAS,1.2907010853622696,1.2320328542094505
native,hsbc,SEK,SGD,SEK/SGD,100,Indicative board,board,,,indicative_fx,2026-9-24,2026-9-24,2026-09-24T17:25:02.495427+00:00,13.3,12.51,,12.905000000000001,,,
native,hsbc,THB,SGD,THB/SGD,100,Indicative board,board,,,indicative_fx,2026-9-24,2026-9-24,2026-09-24T17:25:02.495427+00:00,3.95,,3.8302000000000005,,MAS,3.127774006579282,
native,hsbc,TRY,SGD,TRY/SGD,1,Indicative board,board,,,indicative_fx,2026-9-24,2026-9-24,2026-09-24T17:25:02.495427+00:00,0.027,,,,,,
native,hsbc,USD,SGD,USD/SGD,1,Indicative board,board,,,indicative_fx,2026-9-24,2026-9-24,2026-09-24T17:25:02.495427+00:00,1.3063,1.2549,1.2803,1.2806,MAS,2.0307740373350014,1.9839100210888143
native,hsbc,ZAR,SGD,ZAR/SGD,1,Indicative board,board,,,indicative_fx,2026-9-24,2026-9-24,2026-09-24T17:25:02.495427+00:00,0.0808,0.0756,,0.07819999999999999,,,
native,ocbc,AED,SGD,AED/SGD,100,"SGD 0 – 39,999.99",tier_1,,,fxRatesSgd,2026-09-24T07:00:13,2026-09-24T07:00:13,2026-09-24T17:24:59.917862+00:00,35.7431,33.7095,34.86,34.7263,MAS,2.5332759609868014,3.3003442340791764
native,ocbc,AED,SGD,AED/SGD,100,"SGD 40,000 – 100,000",tier_2,,,fxRatesSgd,2026-09-24T07:00:13,2026-09-24T07:00:13,2026-09-24T17:24:59.917862+00:00,35.7325,33.7267,34.86,34.7263,MAS,2.502868617326455,3.2510040160642526
native,ocbc,AUD,SGD,AUD/SGD,1,"SGD 0 – 39,999.99",tier_1,,,fxRatesSgd,2026-09-24T07:00:13,2026-09-24T07:00:13,2026-09-24T17:24:59.917862+00:00,0.9157,0.8868,0.9,0.9013,MAS,1.7444444444444374,1.4666666666666655
native,ocbc,AUD,SGD,AUD/SGD,1,"SGD 40,000 – 100,000",tier_2,,,fxRatesSgd,2026-09-24T07:00:13,2026-09-24T07:00:13,2026-09-24T17:24:59.917862+00:00,0.9139,0.8886,0.9,0.9013,MAS,1.5444444444444472,1.266666666666675
native,ocbc,BGN,SGD,BGN/SGD,100,"SGD 0 – 39,999.99",tier_1,,,fxRatesSgd,2026-09-24T07:00:13,2026-09-24T07:00:13,2026-09-24T17:24:59.917862+00:00,0.0,0.0,,0.0,,,
native,ocbc,BGN,SGD,BGN/SGD,100,"SGD 40,000 – 100,000",tier_2,,,fxRatesSgd,2026-09-24T07:00:13,2026-09-24T07:00:13,2026-09-24T17:24:59.917862+00:00,0.0,0.0,,0.0,,,
native,ocbc,BHD,SGD,BHD/SGD,1,"SGD 0 – 39,999.99",tier_1,,,fxRatesSgd,2026-09-24T07:00:13,2026-09-24T07:00:13,2026-09-24T17:24:59.917862+00:00,0.0,0.0,,0.0,,,
native,ocbc,BHD,SGD,BHD/SGD,1,"SGD 40,000 – 100,000",tier_2,,,fxRatesSgd,2026-09-24T07:00:13,2026-09-24T07:00:13,2026-09-24T17:24:59.917862+00:00,0.0,0.0,,0.0,,,
native,ocbc,CAD,SGD,CAD/SGD,1,"SGD 0 – 39,999.99",tier_1,,,fxRatesSgd,2026-09-24T07:00:13,2026-09-24T07:00:13,2026-09-24T17:24:59.917862+00:00,0.9229,0.8902,0.9076000000000001,0.9066,MAS,1.685764654032611,1.9171441163508243
native,ocbc,CAD,SGD,CAD/SGD,1,"SGD 40,000 – 100,000",tier_2,,,fxRatesSgd,2026-09-24T07:00:13,2026-09-24T07:00:13,2026-09-24T17:24:59.917862+00:00,0.9211,0.892,0.9076000000000001,0.9066,MAS,1.487439400617007,1.71881886293522
native,ocbc,CHF,SGD,CHF/SGD,100,"SGD 0 – 39,999.99",tier_1,,,fxRatesSgd,2026-09-24T07:00:13,2026-09-24T07:00:13,2026-09-24T17:24:59.917862+00:00,157.4513,151.8615,155.29,154.6564,MAS,1.3917831154614022,2.2078047523987285
native,ocbc,CHF,SGD,CHF/SGD,100,"SGD 40,000 – 100,000",tier_2,,,fxRatesSgd,2026-09-24T07:00:13,2026-09-24T07:00:13,2026-09-24T17:24:59.917862+00:00,157.142,152.1708,155.29,154.6564,MAS,1.192607379741132,2.0086290166784586
native,ocbc,CNH,SGD,CNH/SGD,100,"SGD 0 – 39,999.99",tier_1,,,fxRatesSgd,2026-09-24T07:00:13,2026-09-24T07:00:13,2026-09-24T17:24:59.917862+00:00,19.3976,18.8247,,19.1112,,,
native,ocbc,CNH,SGD,CNH/SGD,100,"SGD 40,000 – 100,000",tier_2,,,fxRatesSgd,2026-09-24T07:00:13,2026-09-24T07:00:13,2026-09-24T17:24:59.917862+00:00,19.3786,18.8437,,19.1112,,,
native,ocbc,CZK,SGD,CZK/SGD,100,"SGD 0 – 39,999.99",tier_1,,,fxRatesSgd,2026-09-24T07:00:13,2026-09-24T07:00:13,2026-09-24T17:24:59.917862+00:00,0.0,0.0,,0.0,,,
native,ocbc,CZK,SGD,CZK/SGD,100,"SGD 40,000 – 100,000",tier_2,,,fxRatesSgd,2026-09-24T07:00:13,2026-09-24T07:00:13,2026-09-24T17:24:59.917862+00:00,0.0,0.0,,0.0,,,
native,ocbc,DKK,SGD,DKK/SGD,100,"SGD 0 – 39,999.99",tier_1,,,fxRatesSgd,2026-09-24T07:00:13,2026-09-24T07:00:13,2026-09-24T17:24:59.917862+00:00,19.8196,19.1169,,19.4683,,,
native,ocbc,DKK,SGD,DKK/SGD,100,"SGD 40,000 – 100,000",tier_2,,,fxRatesSgd,2026-09-24T07:00:13,2026-09-24T07:00:13,2026-09-24T17:24:59.917862+00:00,19.7807,19.1559,,19.4683,,,
native,ocbc,EUR,SGD,EUR/SGD,1,"SGD 0 – 39,999.99",tier_1,,,fxRatesSgd,2026-09-24T07:00:13,2026-09-24T07:00:13,2026-09-24T17:24:59.917862+00:00,1.4718,1.4356,1.4565,1.4537,MAS,1.0504634397528383,1.4349467902505952
native,ocbc,EUR,SGD,EUR/SGD,1,"SGD 40,000 – 100,000",tier_2,,,fxRatesSgd,2026-09-24T07:00:13,2026-09-24T07:00:13,2026-09-24T17:24:59.917862+00:00,1.47,1.4375,1.4565,1.4537,MAS,0.9268795056642684,1.3044970820459942
native,ocbc,GBP,SGD,GBP/SGD,1,"SGD 0 – 39,999.99",tier_1,,,fxRatesSgd,2026-09-24T07:00:13,2026-09-24T07:00:13,2026-09-24T17:24:59.917862+00:00,1.7149,1.6695,1.6945,1.6922,MAS,1.2038949542638062,1.4753614635585668
native,ocbc,GBP,SGD,GBP/SGD,1,"SGD 40,000 – 100,000",tier_2,,,fxRatesSgd,2026-09-24T07:00:13,2026-09-24T07:00:13,2026-09-24T17:24:59.917862+00:00,1.7132,1.6715,1.6945,1.6922,MAS,1.1035703747418213,1.3573325464738808
native,ocbc,HKD,SGD,HKD/SGD,100,"SGD 0 – 39,999.99",tier_1,,,fxRatesSgd,2026-09-24T07:00:13,2026-09-24T07:00:13,2026-09-24T17:24:59.917862+00:00,16.5255,16.1265,16.32,16.326,MAS,1.2591911764705925,1.1856617647058836
native,ocbc,HKD,SGD,HKD/SGD,100,"SGD 40,000 – 100,000",tier_2,,,fxRatesSgd,2026-09-24T07:00:13,2026-09-24T07:00:13,2026-09-24T17:24:59.917862+00:00,16.4962,16.1362,16.32,16.326,MAS,1.0796568627451069,1.1262254901960878
native,ocbc,HUF,SGD,HUF/SGD,100,"SGD 0 – 39,999.99",tier_1,,,fxRatesSgd,2026-09-24T07:00:13,2026-09-24T07:00:13,2026-09-24T17:24:59.917862+00:00,0.0,0.0,,0.0,,,
native,ocbc,HUF,SGD,HUF/SGD,100,"SGD 40,000 – 100,000",tier_2,,,fxRatesSgd,2026-09-24T07:00:13,2026-09-24T07:00:13,2026-09-24T17:24:59.917862+00:00,0.0,0.0,,0.0,,,
native,ocbc,IDR,SGD,IDR/SGD,100,"SGD 0 – 39,999.99",tier_1,,,fxRatesSgd,2026-09-24T07:00:13,2026-09-24T07:00:13,2026-09-24T17:24:59.917862+00:00,0.0074,0.0,0.007158,0.0074,MAS,3.380832634814194,100.0
native,ocbc,IDR,SGD,IDR/SGD,100,"SGD 40,000 – 100,000",tier_2,,,fxRatesSgd,2026-09-24T07:00:13,2026-09-24T07:00:13,2026-09-24T17:24:59.917862+00:00,0.0073,0.0,0.007158,0.0074,MAS,1.9837943559653501,100.0
native,ocbc,ILS,SGD,ILS/SGD,100,"SGD 0 – 39,999.99",tier_1,,,fxRatesSgd,2026-09-24T07:00:13,2026-09-24T07:00:13,2026-09-24T17:24:59.917862+00:00,0.0,0.0,,0.0,,,
native,ocbc,ILS,SGD,ILS/SGD,100,"SGD 40,000 – 100,000",tier_2,,,fxRatesSgd,2026-09-24T07:00:13,2026-09-24T07:00:13,2026-09-24T17:24:59.917862+00:00,0.0,0.0,,0.0,,,
native,ocbc,INR,SGD,INR/SGD,100,"SGD 0 – 39,999.99",tier_1,,,fxRatesSgd,2026-09-24T07:00:13,2026-09-24T07:00:13,2026-09-24T17:24:59.917862+00:00,1.3758,0.0,1.3358,1.3758,MAS,2.9944602485401863,100.0
native,ocbc,INR,SGD,INR/SGD,100,"SGD 40,000 – 100,000",tier_2,,,fxRatesSgd,2026-09-24T07:00:13,2026-09-24T07:00:13,2026-09-24T17:24:59.917862+00:00,1.3731,0.0,1.3358,1.3758,MAS,2.7923341817637284,100.0
native,ocbc,JOD,SGD,JOD/SGD,1,"SGD 0 – 39,999.99",tier_1,,,fxRatesSgd,2026-09-24T07:00:13,2026-09-24T07:00:13,2026-09-24T17:24:59.917862+00:00,0.0,0.0,,0.0,,,
native,ocbc,JOD,SGD,JOD/SGD,1,"SGD 40,000 – 100,000",tier_2,,,fxRatesSgd,2026-09-24T07:00:13,2026-09-24T07:00:13,2026-09-24T17:24:59.917862+00:00,0.0,0.0,,0.0,,,
native,ocbc,JPY,SGD,JPY/SGD,100,"SGD 0 – 39,999.99",tier_1,,,fxRatesSgd,2026-09-24T07:00:13,2026-09-24T07:00:13,2026-09-24T17:24:59.917862+00:00,0.8167,0.7966,0.8101,0.8067,MAS,0.8147142328107565,1.6664609307492984
native,ocbc,JPY,SGD,JPY/SGD,100,"SGD 40,000 – 100,000",tier_2,,,fxRatesSgd,2026-09-24T07:00:13,2026-09-24T07:00:13,2026-09-24T17:24:59.917862+00:00,0.8158,0.798,0.8101,0.8067,MAS,0.703616837427469,1.4936427601530675
native,ocbc,KRW,SGD,KRW/SGD,100,"SGD 0 – 39,999.99",tier_1,,,fxRatesSgd,2026-09-24T07:00:13,2026-09-24T07:00:13,2026-09-24T17:24:59.917862+00:00,0.0,0.0,0.0933,0.0,MAS,-100.0,100.0
native,ocbc,KRW,SGD,KRW/SGD,100,"SGD 40,000 – 100,000",tier_2,,,fxRatesSgd,2026-09-24T07:00:13,2026-09-24T07:00:13,2026-09-24T17:24:59.917862+00:00,0.0,0.0,0.0933,0.0,MAS,-100.0,100.0
native,ocbc,LKR,SGD,LKR/SGD,100,"SGD 0 – 39,999.99",tier_1,,,fxRatesSgd,2026-09-24T07:00:13,2026-09-24T07:00:13,2026-09-24T17:24:59.917862+00:00,0.4008,0.0,,0.4008,,,
native,ocbc,LKR,SGD,LKR/SGD,100,"SGD 40,000 – 100,000",tier_2,,,fxRatesSgd,2026-09-24T07:00:13,2026-09-24T07:00:13,2026-09-24T17:24:59.917862+00:00,0.4,0.0,,0.4008,,,
native,ocbc,MAD,SGD,MAD/SGD,100,"SGD 0 – 39,999.99",tier_1,,,fxRatesSgd,2026-09-24T07:00:13,2026-09-24T07:00:13,2026-09-24T17:24:59.917862+00:00,0.0,0.0,,0.0,,,
native,ocbc,MAD,SGD,MAD/SGD,100,"SGD 40,000 – 100,000",tier_2,,,fxRatesSgd,2026-09-24T07:00:13,2026-09-24T07:00:13,2026-09-24T17:24:59.917862+00:00,0.0,0.0,,0.0,,,
native,ocbc,MXN,SGD,MXN/SGD,100,"SGD 0 – 39,999.99",tier_1,,,fxRatesSgd,2026-09-24T07:00:13,2026-09-24T07:00:13,2026-09-24T17:24:59.917862+00:00,7.5386,0.0,,7.5386,,,
native,ocbc,MXN,SGD,MXN/SGD,100,"SGD 40,000 – 100,000",tier_2,,,fxRatesSgd,2026-09-24T07:00:13,2026-09-24T07:00:13,2026-09-24T17:24:59.917862+00:00,7.5371,0.0,,7.5386,,,
native,ocbc,MYR,SGD,MYR/SGD,100,"SGD 0 – 39,999.99",tier_1,,,fxRatesSgd,2026-09-24T07:00:13,2026-09-24T07:00:13,2026-09-24T17:24:59.917862+00:00,0.0,0.0,31.36,0.0,MAS,-100.0,100.0
native,ocbc,MYR,SGD,MYR/SGD,100,"SGD 40,000 – 100,000",tier_2,,,fxRatesSgd,2026-09-24T07:00:13,2026-09-24T07:00:13,2026-09-24T17:24:59.917862+00:00,0.0,0.0,31.36,0.0,MAS,-100.0,100.0
native,ocbc,NOK,SGD,NOK/SGD,100,"SGD 0 – 39,999.99",tier_1,,,fxRatesSgd,2026-09-24T07:00:13,2026-09-24T07:00:13,2026-09-24T17:24:59.917862+00:00,13.7441,13.2546,,13.4994,,,
native,ocbc,NOK,SGD,NOK/SGD,100,"SGD 40,000 – 100,000",tier_2,,,fxRatesSgd,2026-09-24T07:00:13,2026-09-24T07:00:13,2026-09-24T17:24:59.917862+00:00,13.717,13.2816,,13.4994,,,
native,ocbc,NZD,SGD,NZD/SGD,1,"SGD 0 – 39,999.99",tier_1,,,fxRatesSgd,2026-09-24T07:00:13,2026-09-24T07:00:13,2026-09-24T17:24:59.917862+00:00,0.7405,0.7153,0.7265,0.7279,MAS,1.927047487955955,1.5416379903647608
native,ocbc,NZD,SGD,NZD/SGD,1,"SGD 40,000 – 100,000",tier_2,,,fxRatesSgd,2026-09-24T07:00:13,2026-09-24T07:00:13,2026-09-24T17:24:59.917862+00:00,0.7387,0.7175,0.7265,0.7279,MAS,1.6792842395044718,1.2388162422573996
native,ocbc,OMR,SGD,OMR/SGD,1,"SGD 0 – 39,999.99",tier_1,,,fxRatesSgd,2026-09-24T07:00:13,2026-09-24T07:00:13,2026-09-24T17:24:59.917862+00:00,0.0,0.0,,0.0,,,
native,ocbc,OMR,SGD,OMR/SGD,1,"SGD 40,000 – 100,000",tier_2,,,fxRatesSgd,2026-09-24T07:00:13,2026-09-24T07:00:13,2026-09-24T17:24:59.917862+00:00,0.0,0.0,,0.0,,,
native,ocbc,PHP,SGD,PHP/SGD,100,"SGD 0 – 39,999.99",tier_1,,,fxRatesSgd,2026-09-24T07:00:13,2026-09-24T07:00:13,2026-09-24T17:24:59.917862+00:00,2.1056,0.0,2.04,2.1056,MAS,3.215686274509798,100.0
native,ocbc,PHP,SGD,PHP/SGD,100,"SGD 40,000 – 100,000",tier_2,,,fxRatesSgd,2026-09-24T07:00:13,2026-09-24T07:00:13,2026-09-24T17:24:59.917862+00:00,2.1046,0.0,2.04,2.1056,MAS,3.166666666666666,100.0
native,ocbc,PLN,SGD,PLN/SGD,100,"SGD 0 – 39,999.99",tier_1,,,fxRatesSgd,2026-09-24T07:00:13,2026-09-24T07:00:13,2026-09-24T17:24:59.917862+00:00,34.2969,32.1319,,33.2144,,,
native,ocbc,PLN,SGD,PLN/SGD,100,"SGD 40,000 – 100,000",tier_2,,,fxRatesSgd,2026-09-24T07:00:13,2026-09-24T07:00:13,2026-09-24T17:24:59.917862+00:00,34.28,32.1581,,33.2144,,,
native,ocbc,QAR,SGD,QAR/SGD,100,"SGD 0 – 39,999.99",tier_1,,,fxRatesSgd,2026-09-24T07:00:13,2026-09-24T07:00:13,2026-09-24T17:24:59.917862+00:00,36.1468,34.0435,35.14,35.0952,MAS,2.865110984632892,3.120375640295956
native,ocbc,QAR,SGD,QAR/SGD,100,"SGD 40,000 – 100,000",tier_2,,,fxRatesSgd,2026-09-24T07:00:13,2026-09-24T07:00:13,2026-09-24T17:24:59.917862+00:00,36.1253,34.0608,35.14,35.0952,MAS,2.803927148548669,3.0711439954467847
native,ocbc,RON,SGD,RON/SGD,100,"SGD 0 – 39,999.99",tier_1,,,fxRatesSgd,2026-09-24T07:00:13,2026-09-24T07:00:13,2026-09-24T17:24:59.917862+00:00,0.0,0.0,,0.0,,,
native,ocbc,RON,SGD,RON/SGD,100,"SGD 40,000 – 100,000",tier_2,,,fxRatesSgd,2026-09-24T07:00:13,2026-09-24T07:00:13,2026-09-24T17:24:59.917862+00:00,0.0,0.0,,0.0,,,
native,ocbc,RUB,SGD,RUB/SGD,100,"SGD 0 – 39,999.99",tier_1,,,fxRatesSgd,2026-09-24T07:00:13,2026-09-24T07:00:13,2026-09-24T17:24:59.917862+00:00,0.0,0.0,,0.0,,,
native,ocbc,RUB,SGD,RUB/SGD,100,"SGD 40,000 – 100,000",tier_2,,,fxRatesSgd,2026-09-24T07:00:13,2026-09-24T07:00:13,2026-09-24T17:24:59.917862+00:00,0.0,0.0,,0.0,,,
native,ocbc,SAR,SGD,SAR/SGD,100,"SGD 0 – 39,999.99",tier_1,,,fxRatesSgd,2026-09-24T07:00:13,2026-09-24T07:00:13,2026-09-24T17:24:59.917862+00:00,35.0295,33.1016,34.09,34.0656,MAS,2.75594015840421,2.899383983572912
native,ocbc,SAR,SGD,SAR/SGD,100,"SGD 40,000 – 100,000",tier_2,,,fxRatesSgd,2026-09-24T07:00:13,2026-09-24T07:00:13,2026-09-24T17:24:59.917862+00:00,35.0122,33.1183,34.09,34.0656,MAS,2.7051921384570154,2.8503960105602975
native,ocbc,SEK,SGD,SEK/SGD,100,"SGD 0 – 39,999.99",tier_1,,,fxRatesSgd,2026-09-24T07:00:13,2026-09-24T07:00:13,2026-09-24T17:24:59.917862+00:00,13.1604,12.6918,,12.9261,,,
native,ocbc,SEK,SGD,SEK/SGD,100,"SGD 40,000 – 100,000",tier_2,,,fxRatesSgd,2026-09-24T07:00:13,2026-09-24T07:00:13,2026-09-24T17:24:59.917862+00:00,13.1345,12.7176,,12.9261,,,
native,ocbc,THB,SGD,THB/SGD,100,"SGD 0 – 39,999.99",tier_1,,,fxRatesSgd,2026-09-24T07:00:13,2026-09-24T07:00:13,2026-09-24T17:24:59.917862+00:00,3.9312,3.7161,3.8302000000000005,3.8237,MAS,2.6369380189023945,2.978956712443228
native,ocbc,THB,SGD,THB/SGD,100,"SGD 40,000 – 100,000",tier_2,,,fxRatesSgd,2026-09-24T07:00:13,2026-09-24T07:00:13,2026-09-24T17:24:59.917862+00:00,3.9236,3.7238,3.8302000000000005,3.8237,MAS,2.4385149600542917,2.7779228238734337
native,ocbc,TRY,SGD,TRY/SGD,100,"SGD 0 – 39,999.99",tier_1,,,fxRatesSgd,2026-09-24T07:00:13,2026-09-24T07:00:13,2026-09-24T17:24:59.917862+00:00,2.6896,2.5778,,2.6337,,,
native,ocbc,TRY,SGD,TRY/SGD,100,"SGD 40,000 – 100,000",tier_2,,,fxRatesSgd,2026-09-24T07:00:13,2026-09-24T07:00:13,2026-09-24T17:24:59.917862+00:00,2.6883,2.578,,2.6337,,,
native,ocbc,TWD,SGD,TWD/SGD,100,"SGD 0 – 39,999.99",tier_1,,,fxRatesSgd,2026-09-24T07:00:13,2026-09-24T07:00:13,2026-09-24T17:24:59.917862+00:00,4.1866,0.0,4.0221,4.1866,MAS,4.0899032843539525,100.0
native,ocbc,TWD,SGD,TWD/SGD,100,"SGD 40,000 – 100,000",tier_2,,,fxRatesSgd,2026-09-24T07:00:13,2026-09-24T07:00:13,2026-09-24T17:24:59.917862+00:00,0.0,0.0,4.0221,4.1866,MAS,-100.0,100.0
native,ocbc,USD,SGD,USD/SGD,1,"SGD 0 – 39,999.99",tier_1,,,fxRatesSgd,2026-09-24T07:00:13,2026-09-24T07:00:13,2026-09-24T17:24:59.917862+00:00,1.2918,1.2674,1.2803,1.2796,MAS,0.8982269780520241,1.0075763492931276
native,ocbc,USD,SGD,USD/SGD,1,"SGD 40,000 – 100,000",tier_2,,,fxRatesSgd,2026-09-24T07:00:13,2026-09-24T07:00:13,2026-09-24T17:24:59.917862+00:00,1.2905,1.2697,1.2803,1.2796,MAS,0.7966882761852679,0.8279309536827262
native,ocbc,ZAR,SGD,ZAR/SGD,100,"SGD 0 – 39,999.99",tier_1,,,fxRatesSgd,2026-09-24T07:00:13,2026-09-24T07:00:13,2026-09-24T17:24:59.917862+00:00,8.0277,7.5563,,7.792,,,
native,ocbc,ZAR,SGD,ZAR/SGD,100,"SGD 40,000 – 100,000",tier_2,,,fxRatesSgd,2026-09-24T07:00:13,2026-09-24T07:00:13,2026-09-24T17:24:59.917862+00:00,8.0238,7.5602,,7.792,,,
native,uob,AED,SGD,AED/SGD,100,Indicative board,board,,,forex_sgd,24 September 2026 05:11:52 PM,24 September 2026 05:11:52 PM,2026-09-24T17:25:01.812771+00:00,35.7,34.0,34.86,34.85,MAS,2.4096385542168774,2.467010900745839
native,uob,AOA,SGD,AOA/SGD,100,Indicative board,board,,,forex_sgd,24 September 2026 05:11:52 PM,24 September 2026 05:11:52 PM,2026-09-24T17:25:01.812771+00:00,0.1439,,,,,,
native,uob,AUD,SGD,AUD/SGD,1,Indicative board,board,,,forex_sgd,24 September 2026 05:11:52 PM,24 September 2026 05:11:52 PM,2026-09-24T17:25:01.812771+00:00,0.9154,0.8844,0.9,0.8998999999999999,MAS,1.7111111111111077,1.7333333333333398
native,uob,BDT,SGD,BDT/SGD,100,Indicative board,board,,,forex_sgd,24 September 2026 05:11:52 PM,24 September 2026 05:11:52 PM,2026-09-24T17:25:01.812771+00:00,1.0741,,,,,,
native,uob,BND,SGD,BND/SGD,1,Indicative board,board,,,forex_sgd,24 September 2026 05:11:52 PM,24 September 2026 05:11:52 PM,2026-09-24T17:25:01.812771+00:00,1.0,1.0,,1.0,,,
native,uob,CAD,SGD,CAD/SGD,1,Indicative board,board,,,forex_sgd,24 September 2026 05:11:52 PM,24 September 2026 05:11:52 PM,2026-09-24T17:25:01.812771+00:00,0.9174,0.8974,0.9076000000000001,0.9074,MAS,1.0797708241515998,1.1238431026884197
native,uob,CHF,SGD,CHF/SGD,100,Indicative board,board,,,forex_sgd,24 September 2026 05:11:52 PM,24 September 2026 05:11:52 PM,2026-09-24T17:25:01.812771+00:00,156.28,152.98,155.29,154.63,MAS,0.6375169038573051,1.4875394423336998
native,uob,CNH,SGD,CNH/SGD,100,Indicative board,board,,,forex_sgd,24 September 2026 05:11:52 PM,24 September 2026 05:11:52 PM,2026-09-24T17:25:01.812771+00:00,19.29,18.83,,19.06,,,
native,uob,DKK,SGD,DKK/SGD,100,Indicative board,board,,,forex_sgd,24 September 2026 05:11:52 PM,24 September 2026 05:11:52 PM,2026-09-24T17:25:01.812771+00:00,19.83,19.13,,19.479999999999997,,,
native,uob,EGP,SGD,EGP/SGD,100,Indicative board,board,,,forex_sgd,24 September 2026 05:11:52 PM,24 September 2026 05:11:52 PM,2026-09-24T17:25:01.812771+00:00,2.5582,,,,,,
native,uob,EUR,SGD,EUR/SGD,1,Indicative board,board,,,forex_sgd,24 September 2026 05:11:52 PM,24 September 2026 05:11:52 PM,2026-09-24T17:25:01.812771+00:00,1.4757,1.4377,1.4565,1.4567,MAS,1.3182286302780712,1.2907655338139326
native,uob,GBP,SGD,GBP/SGD,1,Indicative board,board,,,forex_sgd,24 September 2026 05:11:52 PM,24 September 2026 05:11:52 PM,2026-09-24T17:25:01.812771+00:00,1.7171,1.6721,1.6945,1.6945999999999999,MAS,1.3337267630569594,1.3219238713484789
native,uob,HKD,SGD,HKD/SGD,100,Indicative board,board,,,forex_sgd,24 September 2026 05:11:52 PM,24 September 2026 05:11:52 PM,2026-09-24T17:25:01.812771+00:00,16.499,16.141,16.32,16.32,MAS,1.0968137254901869,1.0968137254902086
native,uob,INR,SGD,INR/SGD,100,Indicative board,board,,,forex_sgd,24 September 2026 05:11:52 PM,24 September 2026 05:11:52 PM,2026-09-24T17:25:01.812771+00:00,1.3711,,1.3358,,MAS,2.6426111693367185,
native,uob,JPY,SGD,JPY/SGD,100,Indicative board,board,,,forex_sgd,24 September 2026 05:11:52 PM,24 September 2026 05:11:52 PM,2026-09-24T17:25:01.812771+00:00,0.8243,0.7903,0.8101,0.8073,MAS,1.7528700160474004,2.444142698432297
native,uob,KRW,SGD,KRW/SGD,1000,Indicative board,board,,,forex_sgd,24 September 2026 05:11:52 PM,24 September 2026 05:11:52 PM,2026-09-24T17:25:01.812771+00:00,,,0.9329999999999999,,MAS,,
native,uob,KWD,SGD,KWD/SGD,1,Indicative board,board,,,forex_sgd,24 September 2026 05:11:52 PM,24 September 2026 05:11:52 PM,2026-09-24T17:25:01.812771+00:00,4.2003,,,,,,
native,uob,LKR,SGD,LKR/SGD,100,Indicative board,board,,,forex_sgd,24 September 2026 05:11:52 PM,24 September 2026 05:11:52 PM,2026-09-24T17:25:01.812771+00:00,0.3948,,,,,,
native,uob,MXN,SGD,MXN/SGD,100,Indicative board,board,,,forex_sgd,24 September 2026 05:11:52 PM,24 September 2026 05:11:52 PM,2026-09-24T17:25:01.812771+00:00,7.3829,,,,,,
native,uob,MYR,SGD,MYR/SGD,100,Indicative board,board,,,forex_sgd,24 September 2026 05:11:52 PM,24 September 2026 05:11:52 PM,2026-09-24T17:25:01.812771+00:00,31.837,,31.36,,MAS,1.521045918367348,
native,uob,NOK,SGD,NOK/SGD,100,Indicative board,board,,,forex_sgd,24 September 2026 05:11:52 PM,24 September 2026 05:11:52 PM,2026-09-24T17:25:01.812771+00:00,13.76,13.32,,13.54,,,
native,uob,NZD,SGD,NZD/SGD,1,Indicative board,board,,,forex_sgd,24 September 2026 05:11:52 PM,24 September 2026 05:11:52 PM,2026-09-24T17:25:01.812771+00:00,0.7363,0.7163,0.7265,0.7263,MAS,1.3489332415691562,1.4039917412250498
native,uob,PHP,SGD,PHP/SGD,100,Indicative board,board,,,forex_sgd,24 September 2026 05:11:52 PM,24 September 2026 05:11:52 PM,2026-09-24T17:25:01.812771+00:00,2.087,,2.04,,MAS,2.3039215686274583,
native,uob,PKR,SGD,PKR/SGD,100,Indicative board,board,,,forex_sgd,24 September 2026 05:11:52 PM,24 September 2026 05:11:52 PM,2026-09-24T17:25:01.812771+00:00,0.4685,,,,,,
native,uob,SAR,SGD,SAR/SGD,100,Indicative board,board,,,forex_sgd,24 September 2026 05:11:52 PM,24 September 2026 05:11:52 PM,2026-09-24T17:25:01.812771+00:00,,,34.09,,MAS,,
native,uob,SEK,SGD,SEK/SGD,100,Indicative board,board,,,forex_sgd,24 September 2026 05:11:52 PM,24 September 2026 05:11:52 PM,2026-09-24T17:25:01.812771+00:00,13.16,12.68,,12.92,,,
native,uob,THB,SGD,THB/SGD,100,Indicative board,board,,,forex_sgd,24 September 2026 05:11:52 PM,24 September 2026 05:11:52 PM,2026-09-24T17:25:01.812771+00:00,3.93,3.73,3.8302000000000005,3.83,MAS,2.6056080622421716,2.6160513811289356
native,uob,TWD,SGD,TWD/SGD,100,Indicative board,board,,,forex_sgd,24 September 2026 05:11:52 PM,24 September 2026 05:11:52 PM,2026-09-24T17:25:01.812771+00:00,4.1096,,4.0221,,MAS,2.1754804704010433,
native,uob,USD,SGD,USD/SGD,1,Indicative board,board,,,forex_sgd,24 September 2026 05:11:52 PM,24 September 2026 05:11:52 PM,2026-09-24T17:25:01.812771+00:00,1.2919,1.2679,1.2803,1.2799,MAS,0.9060376474263887,0.968523002421305
native,uob,VND,SGD,VND/SGD,1000,Indicative board,board,,,forex_sgd,24 September 2026 05:11:52 PM,24 September 2026 05:11:52 PM,2026-09-24T17:25:01.812771+00:00,0.0504,,0.049249999999999995,,MAS,2.3350253807106705,
native,uob,XAF,SGD,XAF/SGD,100,Indicative board,board,,,forex_sgd,24 September 2026 05:11:52 PM,24 September 2026 05:11:52 PM,2026-09-24T17:25:01.812771+00:00,0.2284,,,,,,
native,uob,XOF,SGD,XOF/SGD,100,Indicative board,board,,,forex_sgd,24 September 2026 05:11:52 PM,24 September 2026 05:11:52 PM,2026-09-24T17:25:01.812771+00:00,0.2302,,,,,,
native,uob,ZAR,SGD,ZAR/SGD,1,Indicative board,board,,,forex_sgd,24 September 2026 05:11:52 PM,24 September 2026 05:11:52 PM,2026-09-24T17:25:01.812771+00:00,0.08,0.076,,0.078,,,
standardized,dbs,AED,SGD,AED/SGD,1,SGD 50 – 200,amtBtw50And200,"SGD 200 – 39,999.99",std_200_40k,mainCurrencies,2026-09-25 01:15:00,2026-09-24 17:15:14,2026-09-24T17:24:57.970584+00:00,0.3508,0.346,0.3486,0.3484,MAS,0.6310958118186976,0.7458405048766629
standardized,dbs,AED,SGD,AED/SGD,1,SGD 50 – 200,amtBtw50And200,"SGD 40,000 – 100,000",std_40k_100k,mainCurrencies,2026-09-25 01:15:00,2026-09-24 17:15:14,2026-09-24T17:24:57.970584+00:00,0.3508,0.346,0.3486,0.3484,MAS,0.6310958118186976,0.7458405048766629
standardized,dbs,AED,SGD,AED/SGD,1,SGD 50 – 200,amtBtw50And200,SGD 50 – 200,std_50_200,mainCurrencies,2026-09-25 01:15:00,2026-09-24 17:15:14,2026-09-24T17:24:57.970584+00:00,0.3508,0.346,0.3486,0.3484,MAS,0.6310958118186976,0.7458405048766629
standardized,dbs,AED,SGD,AED/SGD,1,SGD < 50,amtLessThan50,SGD < 50,std_lt_50,mainCurrencies,2026-09-25 01:15:00,2026-09-24 17:15:14,2026-09-24T17:24:57.970584+00:00,0.3536,0.3432,0.3486,0.34840000000000004,MAS,1.4343086632243272,1.5490533562822766
standardized,dbs,AUD,SGD,AUD/SGD,1,SGD 50 – 200,amtBtw50And200,"SGD 200 – 39,999.99",std_200_40k,mainCurrencies,2026-09-25 01:15:00,2026-09-24 17:15:14,2026-09-24T17:24:57.970584+00:00,0.909,0.8891,0.9,0.89905,MAS,1.0000000000000009,1.2111111111111132
standardized,dbs,AUD,SGD,AUD/SGD,1,SGD 50 – 200,amtBtw50And200,"SGD 40,000 – 100,000",std_40k_100k,mainCurrencies,2026-09-25 01:15:00,2026-09-24 17:15:14,2026-09-24T17:24:57.970584+00:00,0.909,0.8891,0.9,0.89905,MAS,1.0000000000000009,1.2111111111111132
standardized,dbs,AUD,SGD,AUD/SGD,1,SGD 50 – 200,amtBtw50And200,SGD 50 – 200,std_50_200,mainCurrencies,2026-09-25 01:15:00,2026-09-24 17:15:14,2026-09-24T17:24:57.970584+00:00,0.909,0.8891,0.9,0.89905,MAS,1.0000000000000009,1.2111111111111132
standardized,dbs,AUD,SGD,AUD/SGD,1,SGD < 50,amtLessThan50,SGD < 50,std_lt_50,mainCurrencies,2026-09-25 01:15:00,2026-09-24 17:15:14,2026-09-24T17:24:57.970584+00:00,0.9095,0.8887,0.9,0.8991,MAS,1.0555555555555505,1.255555555555553
standardized,dbs,BDT,SGD,BDT/SGD,100,SGD 50 – 200,amtBtw50And200,"SGD 200 – 39,999.99",std_200_40k,otherCurrencies,2026-09-25 01:15:00,2026-09-24 17:15:14,2026-09-24T17:24:57.970584+00:00,1.0547,,,,,,
standardized,dbs,BDT,SGD,BDT/SGD,100,SGD 50 – 200,amtBtw50And200,"SGD 40,000 – 100,000",std_40k_100k,otherCurrencies,2026-09-25 01:15:00,2026-09-24 17:15:14,2026-09-24T17:24:57.970584+00:00,1.0547,,,,,,
standardized,dbs,BDT,SGD,BDT/SGD,100,SGD 50 – 200,amtBtw50And200,SGD 50 – 200,std_50_200,otherCurrencies,2026-09-25 01:15:00,2026-09-24 17:15:14,2026-09-24T17:24:57.970584+00:00,1.0547,,,,,,
standardized,dbs,BDT,SGD,BDT/SGD,100,SGD < 50,amtLessThan50,SGD < 50,std_lt_50,otherCurrencies,2026-09-25 01:15:00,2026-09-24 17:15:14,2026-09-24T17:24:57.970584+00:00,1.0547,,,,,,
standardized,dbs,BHD,SGD,BHD/SGD,1,SGD 50 – 200,amtBtw50And200,"SGD 200 – 39,999.99",std_200_40k,otherCurrencies,2026-09-25 01:15:00,2026-09-24 17:15:14,2026-09-24T17:24:57.970584+00:00,3.4577,,,,,,
standardized,dbs,BHD,SGD,BHD/SGD,1,SGD 50 – 200,amtBtw50And200,"SGD 40,000 – 100,000",std_40k_100k,otherCurrencies,2026-09-25 01:15:00,2026-09-24 17:15:14,2026-09-24T17:24:57.970584+00:00,3.4577,,,,,,
standardized,dbs,BHD,SGD,BHD/SGD,1,SGD 50 – 200,amtBtw50And200,SGD 50 – 200,std_50_200,otherCurrencies,2026-09-25 01:15:00,2026-09-24 17:15:14,2026-09-24T17:24:57.970584+00:00,3.4577,,,,,,
standardized,dbs,BHD,SGD,BHD/SGD,1,SGD < 50,amtLessThan50,SGD < 50,std_lt_50,otherCurrencies,2026-09-25 01:15:00,2026-09-24 17:15:14,2026-09-24T17:24:57.970584+00:00,3.4713,,,,,,
standardized,dbs,BND,SGD,BND/SGD,1,SGD 50 – 200,amtBtw50And200,"SGD 200 – 39,999.99",std_200_40k,otherCurrencies,2026-09-25 01:15:00,2026-09-24 17:15:14,2026-09-24T17:24:57.970584+00:00,1.0,1.0,,1.0,,,
standardized,dbs,BND,SGD,BND/SGD,1,SGD 50 – 200,amtBtw50And200,"SGD 40,000 – 100,000",std_40k_100k,otherCurrencies,2026-09-25 01:15:00,2026-09-24 17:15:14,2026-09-24T17:24:57.970584+00:00,1.0,1.0,,1.0,,,
standardized,dbs,BND,SGD,BND/SGD,1,SGD 50 – 200,amtBtw50And200,SGD 50 – 200,std_50_200,otherCurrencies,2026-09-25 01:15:00,2026-09-24 17:15:14,2026-09-24T17:24:57.970584+00:00,1.0,1.0,,1.0,,,
standardized,dbs,BND,SGD,BND/SGD,1,SGD < 50,amtLessThan50,SGD < 50,std_lt_50,otherCurrencies,2026-09-25 01:15:00,2026-09-24 17:15:14,2026-09-24T17:24:57.970584+00:00,1.0,1.0,,1.0,,,
standardized,dbs,CAD,SGD,CAD/SGD,1,SGD 50 – 200,amtBtw50And200,"SGD 200 – 39,999.99",std_200_40k,mainCurrencies,2026-09-25 01:15:00,2026-09-24 17:15:14,2026-09-24T17:24:57.970584+00:00,0.9123,0.8986,0.9076000000000001,0.90545,MAS,0.517849272807396,0.9916262670780209
standardized,dbs,CAD,SGD,CAD/SGD,1,SGD 50 – 200,amtBtw50And200,"SGD 40,000 – 100,000",std_40k_100k,mainCurrencies,2026-09-25 01:15:00,2026-09-24 17:15:14,2026-09-24T17:24:57.970584+00:00,0.9123,0.8986,0.9076000000000001,0.90545,MAS,0.517849272807396,0.9916262670780209
standardized,dbs,CAD,SGD,CAD/SGD,1,SGD 50 – 200,amtBtw50And200,SGD 50 – 200,std_50_200,mainCurrencies,2026-09-25 01:15:00,2026-09-24 17:15:14,2026-09-24T17:24:57.970584+00:00,0.9123,0.8986,0.9076000000000001,0.90545,MAS,0.517849272807396,0.9916262670780209
standardized,dbs,CAD,SGD,CAD/SGD,1,SGD < 50,amtLessThan50,SGD < 50,std_lt_50,mainCurrencies,2026-09-25 01:15:00,2026-09-24 17:15:14,2026-09-24T17:24:57.970584+00:00,0.9155,0.8954,0.9076000000000001,0.90545,MAS,0.8704275011017967,1.3442044953724217
standardized,dbs,CHF,SGD,CHF/SGD,1,SGD 50 – 200,amtBtw50And200,"SGD 200 – 39,999.99",std_200_40k,mainCurrencies,2026-09-25 01:15:00,2026-09-24 17:15:14,2026-09-24T17:24:57.970584+00:00,1.5604,1.5308,1.5529,1.5455999999999999,MAS,0.4829673514070489,1.4231437954794262
standardized,dbs,CHF,SGD,CHF/SGD,1,SGD 50 – 200,amtBtw50And200,"SGD 40,000 – 100,000",std_40k_100k,mainCurrencies,2026-09-25 01:15:00,2026-09-24 17:15:14,2026-09-24T17:24:57.970584+00:00,1.5604,1.5308,1.5529,1.5455999999999999,MAS,0.4829673514070489,1.4231437954794262
standardized,dbs,CHF,SGD,CHF/SGD,1,SGD 50 – 200,amtBtw50And200,SGD 50 – 200,std_50_200,mainCurrencies,2026-09-25 01:15:00,2026-09-24 17:15:14,2026-09-24T17:24:57.970584+00:00,1.5604,1.5308,1.5529,1.5455999999999999,MAS,0.4829673514070489,1.4231437954794262
standardized,dbs,CHF,SGD,CHF/SGD,1,SGD < 50,amtLessThan50,SGD < 50,std_lt_50,mainCurrencies,2026-09-25 01:15:00,2026-09-24 17:15:14,2026-09-24T17:24:57.970584+00:00,1.5613,1.5301,1.5529,1.5457,MAS,0.5409234335758879,1.4682207482774121
standardized,dbs,CNH,SGD,CNH/SGD,1,SGD 50 – 200,amtBtw50And200,"SGD 200 – 39,999.99",std_200_40k,mainCurrencies,2026-09-25 01:15:00,2026-09-24 17:15:14,2026-09-24T17:24:57.970584+00:00,0.1927,0.1883,,0.1905,,,
standardized,dbs,CNH,SGD,CNH/SGD,1,SGD 50 – 200,amtBtw50And200,"SGD 40,000 – 100,000",std_40k_100k,mainCurrencies,2026-09-25 01:15:00,2026-09-24 17:15:14,2026-09-24T17:24:57.970584+00:00,0.1927,0.1883,,0.1905,,,
standardized,dbs,CNH,SGD,CNH/SGD,1,SGD 50 – 200,amtBtw50And200,SGD 50 – 200,std_50_200,mainCurrencies,2026-09-25 01:15:00,2026-09-24 17:15:14,2026-09-24T17:24:57.970584+00:00,0.1927,0.1883,,0.1905,,,
standardized,dbs,CNH,SGD,CNH/SGD,1,SGD < 50,amtLessThan50,SGD < 50,std_lt_50,mainCurrencies,2026-09-25 01:15:00,2026-09-24 17:15:14,2026-09-24T17:24:57.970584+00:00,0.1933,0.1876,,0.19045,,,
standardized,dbs,CNY,SGD,CNY/SGD,1,SGD 50 – 200,amtBtw50And200,"SGD 200 – 39,999.99",std_200_40k,otherCurrencies,2026-09-25 01:15:00,2026-09-24 17:15:14,2026-09-24T17:24:57.970584+00:00,0.1906,,0.1907,,MAS,-0.052438384897753924,
standardized,dbs,CNY,SGD,CNY/SGD,1,SGD 50 – 200,amtBtw50And200,"SGD 40,000 – 100,000",std_40k_100k,otherCurrencies,2026-09-25 01:15:00,2026-09-24 17:15:14,2026-09-24T17:24:57.970584+00:00,0.1906,,0.1907,,MAS,-0.052438384897753924,
standardized,dbs,CNY,SGD,CNY/SGD,1,SGD 50 – 200,amtBtw50And200,SGD 50 – 200,std_50_200,otherCurrencies,2026-09-25 01:15:00,2026-09-24 17:15:14,2026-09-24T17:24:57.970584+00:00,0.1906,,0.1907,,MAS,-0.052438384897753924,
standardized,dbs,CNY,SGD,CNY/SGD,1,SGD < 50,amtLessThan50,SGD < 50,std_lt_50,otherCurrencies,2026-09-25 01:15:00,2026-09-24 17:15:14,2026-09-24T17:24:57.970584+00:00,0.1923,,0.1907,,MAS,0.8390141583639172,
standardized,dbs,DKK,SGD,DKK/SGD,1,SGD 50 – 200,amtBtw50And200,"SGD 200 – 39,999.99",std_200_40k,mainCurrencies,2026-09-25 01:15:00,2026-09-24 17:15:14,2026-09-24T17:24:57.970584+00:00,0.1974,0.192,,0.19469999999999998,,,
standardized,dbs,DKK,SGD,DKK/SGD,1,SGD 50 – 200,amtBtw50And200,"SGD 40,000 – 100,000",std_40k_100k,mainCurrencies,2026-09-25 01:15:00,2026-09-24 17:15:14,2026-09-24T17:24:57.970584+00:00,0.1974,0.192,,0.19469999999999998,,,
standardized,dbs,DKK,SGD,DKK/SGD,1,SGD 50 – 200,amtBtw50And200,SGD 50 – 200,std_50_200,mainCurrencies,2026-09-25 01:15:00,2026-09-24 17:15:14,2026-09-24T17:24:57.970584+00:00,0.1974,0.192,,0.19469999999999998,,,
standardized,dbs,DKK,SGD,DKK/SGD,1,SGD < 50,amtLessThan50,SGD < 50,std_lt_50,mainCurrencies,2026-09-25 01:15:00,2026-09-24 17:15:14,2026-09-24T17:24:57.970584+00:00,0.1978,0.1917,,0.19475,,,
standardized,dbs,EUR,SGD,EUR/SGD,1,SGD 50 – 200,amtBtw50And200,"SGD 200 – 39,999.99",std_200_40k,mainCurrencies,2026-09-25 01:15:00,2026-09-24 17:15:14,2026-09-24T17:24:57.970584+00:00,1.4685,1.4436,1.4565,1.4560499999999998,MAS,0.8238928939237907,0.8856848609680681
standardized,dbs,EUR,SGD,EUR/SGD,1,SGD 50 – 200,amtBtw50And200,"SGD 40,000 – 100,000",std_40k_100k,mainCurrencies,2026-09-25 01:15:00,2026-09-24 17:15:14,2026-09-24T17:24:57.970584+00:00,1.4685,1.4436,1.4565,1.4560499999999998,MAS,0.8238928939237907,0.8856848609680681
standardized,dbs,EUR,SGD,EUR/SGD,1,SGD 50 – 200,amtBtw50And200,SGD 50 – 200,std_50_200,mainCurrencies,2026-09-25 01:15:00,2026-09-24 17:15:14,2026-09-24T17:24:57.970584+00:00,1.4685,1.4436,1.4565,1.4560499999999998,MAS,0.8238928939237907,0.8856848609680681
standardized,dbs,EUR,SGD,EUR/SGD,1,SGD < 50,amtLessThan50,SGD < 50,std_lt_50,mainCurrencies,2026-09-25 01:15:00,2026-09-24 17:15:14,2026-09-24T17:24:57.970584+00:00,1.4693,1.4429,1.4565,1.4561000000000002,MAS,0.8788190868520526,0.9337452797802839
standardized,dbs,GBP,SGD,GBP/SGD,1,SGD 50 – 200,amtBtw50And200,"SGD 200 – 39,999.99",std_200_40k,mainCurrencies,2026-09-25 01:15:00,2026-09-24 17:15:14,2026-09-24T17:24:57.970584+00:00,1.7058,1.6802,1.6945,1.693,MAS,0.6668633815284797,0.843906757155502
standardized,dbs,GBP,SGD,GBP/SGD,1,SGD 50 – 200,amtBtw50And200,"SGD 40,000 – 100,000",std_40k_100k,mainCurrencies,2026-09-25 01:15:00,2026-09-24 17:15:14,2026-09-24T17:24:57.970584+00:00,1.7058,1.6802,1.6945,1.693,MAS,0.6668633815284797,0.843906757155502
standardized,dbs,GBP,SGD,GBP/SGD,1,SGD 50 – 200,amtBtw50And200,SGD 50 – 200,std_50_200,mainCurrencies,2026-09-25 01:15:00,2026-09-24 17:15:14,2026-09-24T17:24:57.970584+00:00,1.7058,1.6802,1.6945,1.693,MAS,0.6668633815284797,0.843906757155502
standardized,dbs,GBP,SGD,GBP/SGD,1,SGD < 50,amtLessThan50,SGD < 50,std_lt_50,mainCurrencies,2026-09-25 01:15:00,2026-09-24 17:15:14,2026-09-24T17:24:57.970584+00:00,1.7076,1.6786,1.6945,1.6931,MAS,0.7730894069046983,0.93832989082324
standardized,dbs,HKD,SGD,HKD/SGD,1,SGD 50 – 200,amtBtw50And200,"SGD 200 – 39,999.99",std_200_40k,mainCurrencies,2026-09-25 01:15:00,2026-09-24 17:15:14,2026-09-24T17:24:57.970584+00:00,0.1647,0.1615,0.1632,0.16310000000000002,MAS,0.9191176470588243,1.041666666666671
standardized,dbs,HKD,SGD,HKD/SGD,1,SGD 50 – 200,amtBtw50And200,"SGD 40,000 – 100,000",std_40k_100k,mainCurrencies,2026-09-25 01:15:00,2026-09-24 17:15:14,2026-09-24T17:24:57.970584+00:00,0.1647,0.1615,0.1632,0.16310000000000002,MAS,0.9191176470588243,1.041666666666671
standardized,dbs,HKD,SGD,HKD/SGD,1,SGD 50 – 200,amtBtw50And200,SGD 50 – 200,std_50_200,mainCurrencies,2026-09-25 01:15:00,2026-09-24 17:15:14,2026-09-24T17:24:57.970584+00:00,0.1647,0.1615,0.1632,0.16310000000000002,MAS,0.9191176470588243,1.041666666666671
standardized,dbs,HKD,SGD,HKD/SGD,1,SGD < 50,amtLessThan50,SGD < 50,std_lt_50,mainCurrencies,2026-09-25 01:15:00,2026-09-24 17:15:14,2026-09-24T17:24:57.970584+00:00,0.1649,0.1613,0.1632,0.1631,MAS,1.0416666666666539,1.1642156862745177
standardized,dbs,HUF,SGD,HUF/SGD,100,SGD 50 – 200,amtBtw50And200,"SGD 200 – 39,999.99",std_200_40k,otherCurrencies,2026-09-25 01:15:00,2026-09-24 17:15:14,2026-09-24T17:24:57.970584+00:00,0.4054,,,,,,
standardized,dbs,HUF,SGD,HUF/SGD,100,SGD 50 – 200,amtBtw50And200,"SGD 40,000 – 100,000",std_40k_100k,otherCurrencies,2026-09-25 01:15:00,2026-09-24 17:15:14,2026-09-24T17:24:57.970584+00:00,0.4054,,,,,,
standardized,dbs,HUF,SGD,HUF/SGD,100,SGD 50 – 200,amtBtw50And200,SGD 50 – 200,std_50_200,otherCurrencies,2026-09-25 01:15:00,2026-09-24 17:15:14,2026-09-24T17:24:57.970584+00:00,0.4054,,,,,,
standardized,dbs,HUF,SGD,HUF/SGD,100,SGD < 50,amtLessThan50,SGD < 50,std_lt_50,otherCurrencies,2026-09-25 01:15:00,2026-09-24 17:15:14,2026-09-24T17:24:57.970584+00:00,0.407,,,,,,
standardized,dbs,ID0,SGD,ID0/SGD,100,SGD 50 – 200,amtBtw50And200,"SGD 200 – 39,999.99",std_200_40k,otherCurrencies,2026-09-25 01:15:00,2026-09-24 17:15:14,2026-09-24T17:24:57.970584+00:00,,,,,,,
standardized,dbs,ID0,SGD,ID0/SGD,100,SGD 50 – 200,amtBtw50And200,"SGD 40,000 – 100,000",std_40k_100k,otherCurrencies,2026-09-25 01:15:00,2026-09-24 17:15:14,2026-09-24T17:24:57.970584+00:00,,,,,,,
standardized,dbs,ID0,SGD,ID0/SGD,100,SGD 50 – 200,amtBtw50And200,SGD 50 – 200,std_50_200,otherCurrencies,2026-09-25 01:15:00,2026-09-24 17:15:14,2026-09-24T17:24:57.970584+00:00,,,,,,,
standardized,dbs,ID0,SGD,ID0/SGD,100,SGD < 50,amtLessThan50,SGD < 50,std_lt_50,otherCurrencies,2026-09-25 01:15:00,2026-09-24 17:15:14,2026-09-24T17:24:57.970584+00:00,,0.0071,,,,,
standardized,dbs,IDR,SGD,IDR/SGD,100,SGD 50 – 200,amtBtw50And200,"SGD 200 – 39,999.99",std_200_40k,mainCurrencies,2026-09-25 01:15:00,2026-09-24 17:15:14,2026-09-24T17:24:57.970584+00:00,0.0073,,0.007158,,MAS,1.9837943559653501,
standardized,dbs,IDR,SGD,IDR/SGD,100,SGD 50 – 200,amtBtw50And200,"SGD 40,000 – 100,000",std_40k_100k,mainCurrencies,2026-09-25 01:15:00,2026-09-24 17:15:14,2026-09-24T17:24:57.970584+00:00,0.0073,,0.007158,,MAS,1.9837943559653501,
standardized,dbs,IDR,SGD,IDR/SGD,100,SGD 50 – 200,amtBtw50And200,SGD 50 – 200,std_50_200,mainCurrencies,2026-09-25 01:15:00,2026-09-24 17:15:14,2026-09-24T17:24:57.970584+00:00,0.0073,,0.007158,,MAS,1.9837943559653501,
standardized,dbs,IDR,SGD,IDR/SGD,100,SGD < 50,amtLessThan50,SGD < 50,std_lt_50,mainCurrencies,2026-09-25 01:15:00,2026-09-24 17:15:14,2026-09-24T17:24:57.970584+00:00,0.0073,,0.007158,,MAS,1.9837943559653501,
standardized,dbs,IN0,SGD,IN0/SGD,100,SGD 50 – 200,amtBtw50And200,"SGD 200 – 39,999.99",std_200_40k,otherCurrencies,2026-09-25 01:15:00,2026-09-24 17:15:14,2026-09-24T17:24:57.970584+00:00,,1.329,,,,,
standardized,dbs,IN0,SGD,IN0/SGD,100,SGD 50 – 200,amtBtw50And200,"SGD 40,000 – 100,000",std_40k_100k,otherCurrencies,2026-09-25 01:15:00,2026-09-24 17:15:14,2026-09-24T17:24:57.970584+00:00,,1.329,,,,,
standardized,dbs,IN0,SGD,IN0/SGD,100,SGD 50 – 200,amtBtw50And200,SGD 50 – 200,std_50_200,otherCurrencies,2026-09-25 01:15:00,2026-09-24 17:15:14,2026-09-24T17:24:57.970584+00:00,,1.329,,,,,
standardized,dbs,IN0,SGD,IN0/SGD,100,SGD < 50,amtLessThan50,SGD < 50,std_lt_50,otherCurrencies,2026-09-25 01:15:00,2026-09-24 17:15:14,2026-09-24T17:24:57.970584+00:00,,1.329,,,,,
standardized,dbs,INR,SGD,INR/SGD,100,SGD 50 – 200,amtBtw50And200,"SGD 200 – 39,999.99",std_200_40k,otherCurrencies,2026-09-25 01:15:00,2026-09-24 17:15:14,2026-09-24T17:24:57.970584+00:00,1.3479,,1.3358,,MAS,0.9058242251834107,
standardized,dbs,INR,SGD,INR/SGD,100,SGD 50 – 200,amtBtw50And200,"SGD 40,000 – 100,000",std_40k_100k,otherCurrencies,2026-09-25 01:15:00,2026-09-24 17:15:14,2026-09-24T17:24:57.970584+00:00,1.3479,,1.3358,,MAS,0.9058242251834107,
standardized,dbs,INR,SGD,INR/SGD,100,SGD 50 – 200,amtBtw50And200,SGD 50 – 200,std_50_200,otherCurrencies,2026-09-25 01:15:00,2026-09-24 17:15:14,2026-09-24T17:24:57.970584+00:00,1.3479,,1.3358,,MAS,0.9058242251834107,
standardized,dbs,INR,SGD,INR/SGD,100,SGD < 50,amtLessThan50,SGD < 50,std_lt_50,otherCurrencies,2026-09-25 01:15:00,2026-09-24 17:15:14,2026-09-24T17:24:57.970584+00:00,1.3586,,1.3358,,MAS,1.706842341667909,
standardized,dbs,JPY,SGD,JPY/SGD,100,SGD 50 – 200,amtBtw50And200,"SGD 200 – 39,999.99",std_200_40k,mainCurrencies,2026-09-25 01:15:00,2026-09-24 17:15:14,2026-09-24T17:24:57.970584+00:00,0.8139,0.7977,0.8101,0.8058,MAS,0.46907789161830815,1.530675225280839
standardized,dbs,JPY,SGD,JPY/SGD,100,SGD 50 – 200,amtBtw50And200,"SGD 40,000 – 100,000",std_40k_100k,mainCurrencies,2026-09-25 01:15:00,2026-09-24 17:15:14,2026-09-24T17:24:57.970584+00:00,0.8139,0.7977,0.8101,0.8058,MAS,0.46907789161830815,1.530675225280839
standardized,dbs,JPY,SGD,JPY/SGD,100,SGD 50 – 200,amtBtw50And200,SGD 50 – 200,std_50_200,mainCurrencies,2026-09-25 01:15:00,2026-09-24 17:15:14,2026-09-24T17:24:57.970584+00:00,0.8139,0.7977,0.8101,0.8058,MAS,0.46907789161830815,1.530675225280839
standardized,dbs,JPY,SGD,JPY/SGD,100,SGD < 50,amtLessThan50,SGD < 50,std_lt_50,mainCurrencies,2026-09-25 01:15:00,2026-09-24 17:15:14,2026-09-24T17:24:57.970584+00:00,0.8148,0.7969,0.8101,0.80585,MAS,0.5801752870015956,1.629428465621527
standardized,dbs,KRW,SGD,KRW/SGD,100,SGD 50 – 200,amtBtw50And200,"SGD 200 – 39,999.99",std_200_40k,otherCurrencies,2026-09-25 01:15:00,2026-09-24 17:15:14,2026-09-24T17:24:57.970584+00:00,0.0948,,0.0933,,MAS,1.6077170418006448,
standardized,dbs,KRW,SGD,KRW/SGD,100,SGD 50 – 200,amtBtw50And200,"SGD 40,000 – 100,000",std_40k_100k,otherCurrencies,2026-09-25 01:15:00,2026-09-24 17:15:14,2026-09-24T17:24:57.970584+00:00,0.0948,,0.0933,,MAS,1.6077170418006448,
standardized,dbs,KRW,SGD,KRW/SGD,100,SGD 50 – 200,amtBtw50And200,SGD 50 – 200,std_50_200,otherCurrencies,2026-09-25 01:15:00,2026-09-24 17:15:14,2026-09-24T17:24:57.970584+00:00,0.0948,,0.0933,,MAS,1.6077170418006448,
standardized,dbs,KRW,SGD,KRW/SGD,100,SGD < 50,amtLessThan50,SGD < 50,std_lt_50,otherCurrencies,2026-09-25 01:15:00,2026-09-24 17:15:14,2026-09-24T17:24:57.970584+00:00,0.0948,,0.0933,,MAS,1.6077170418006448,
standardized,dbs,KWD,SGD,KWD/SGD,100,SGD 50 – 200,amtBtw50And200,"SGD 200 – 39,999.99",std_200_40k,otherCurrencies,2026-09-25 01:15:00,2026-09-24 17:15:14,2026-09-24T17:24:57.970584+00:00,426.4493,,,,,,
standardized,dbs,KWD,SGD,KWD/SGD,100,SGD 50 – 200,amtBtw50And200,"SGD 40,000 – 100,000",std_40k_100k,otherCurrencies,2026-09-25 01:15:00,2026-09-24 17:15:14,2026-09-24T17:24:57.970584+00:00,426.4493,,,,,,
standardized,dbs,KWD,SGD,KWD/SGD,100,SGD 50 – 200,amtBtw50And200,SGD 50 – 200,std_50_200,otherCurrencies,2026-09-25 01:15:00,2026-09-24 17:15:14,2026-09-24T17:24:57.970584+00:00,426.4493,,,,,,
standardized,dbs,KWD,SGD,KWD/SGD,100,SGD < 50,amtLessThan50,SGD < 50,std_lt_50,otherCurrencies,2026-09-25 01:15:00,2026-09-24 17:15:14,2026-09-24T17:24:57.970584+00:00,428.1276,,,,,,
standardized,dbs,LKR,SGD,LKR/SGD,100,SGD 50 – 200,amtBtw50And200,"SGD 200 – 39,999.99",std_200_40k,otherCurrencies,2026-09-25 01:15:00,2026-09-24 17:15:14,2026-09-24T17:24:57.970584+00:00,0.3947,,,,,,
standardized,dbs,LKR,SGD,LKR/SGD,100,SGD 50 – 200,amtBtw50And200,"SGD 40,000 – 100,000",std_40k_100k,otherCurrencies,2026-09-25 01:15:00,2026-09-24 17:15:14,2026-09-24T17:24:57.970584+00:00,0.3947,,,,,,
standardized,dbs,LKR,SGD,LKR/SGD,100,SGD 50 – 200,amtBtw50And200,SGD 50 – 200,std_50_200,otherCurrencies,2026-09-25 01:15:00,2026-09-24 17:15:14,2026-09-24T17:24:57.970584+00:00,0.3947,,,,,,
standardized,dbs,LKR,SGD,LKR/SGD,100,SGD < 50,amtLessThan50,SGD < 50,std_lt_50,otherCurrencies,2026-09-25 01:15:00,2026-09-24 17:15:14,2026-09-24T17:24:57.970584+00:00,0.3947,,,,,,
standardized,dbs,MM1,SGD,MM1/SGD,100,SGD 50 – 200,amtBtw50And200,"SGD 200 – 39,999.99",std_200_40k,otherCurrencies,2026-09-25 01:15:00,2026-09-24 17:15:14,2026-09-24T17:24:57.970584+00:00,,,,,,,
standardized,dbs,MM1,SGD,MM1/SGD,100,SGD 50 – 200,amtBtw50And200,"SGD 40,000 – 100,000",std_40k_100k,otherCurrencies,2026-09-25 01:15:00,2026-09-24 17:15:14,2026-09-24T17:24:57.970584+00:00,,,,,,,
standardized,dbs,MM1,SGD,MM1/SGD,100,SGD 50 – 200,amtBtw50And200,SGD 50 – 200,std_50_200,otherCurrencies,2026-09-25 01:15:00,2026-09-24 17:15:14,2026-09-24T17:24:57.970584+00:00,,,,,,,
standardized,dbs,MM1,SGD,MM1/SGD,100,SGD < 50,amtLessThan50,SGD < 50,std_lt_50,otherCurrencies,2026-09-25 01:15:00,2026-09-24 17:15:14,2026-09-24T17:24:57.970584+00:00,,,,,,,
standardized,dbs,MMK,SGD,MMK/SGD,100,SGD 50 – 200,amtBtw50And200,"SGD 200 – 39,999.99",std_200_40k,otherCurrencies,2026-09-25 01:15:00,2026-09-24 17:15:14,2026-09-24T17:24:57.970584+00:00,0.0325,,,,,,
standardized,dbs,MMK,SGD,MMK/SGD,100,SGD 50 – 200,amtBtw50And200,"SGD 40,000 – 100,000",std_40k_100k,otherCurrencies,2026-09-25 01:15:00,2026-09-24 17:15:14,2026-09-24T17:24:57.970584+00:00,0.0325,,,,,,
standardized,dbs,MMK,SGD,MMK/SGD,100,SGD 50 – 200,amtBtw50And200,SGD 50 – 200,std_50_200,otherCurrencies,2026-09-25 01:15:00,2026-09-24 17:15:14,2026-09-24T17:24:57.970584+00:00,0.0325,,,,,,
standardized,dbs,MMK,SGD,MMK/SGD,100,SGD < 50,amtLessThan50,SGD < 50,std_lt_50,otherCurrencies,2026-09-25 01:15:00,2026-09-24 17:15:14,2026-09-24T17:24:57.970584+00:00,0.0325,,,,,,
standardized,dbs,MUR,SGD,MUR/SGD,100,SGD 50 – 200,amtBtw50And200,"SGD 200 – 39,999.99",std_200_40k,otherCurrencies,2026-09-25 01:15:00,2026-09-24 17:15:14,2026-09-24T17:24:57.970584+00:00,2.7091,,,,,,
standardized,dbs,MUR,SGD,MUR/SGD,100,SGD 50 – 200,amtBtw50And200,"SGD 40,000 – 100,000",std_40k_100k,otherCurrencies,2026-09-25 01:15:00,2026-09-24 17:15:14,2026-09-24T17:24:57.970584+00:00,2.7091,,,,,,
standardized,dbs,MUR,SGD,MUR/SGD,100,SGD 50 – 200,amtBtw50And200,SGD 50 – 200,std_50_200,otherCurrencies,2026-09-25 01:15:00,2026-09-24 17:15:14,2026-09-24T17:24:57.970584+00:00,2.7091,,,,,,
standardized,dbs,MUR,SGD,MUR/SGD,100,SGD < 50,amtLessThan50,SGD < 50,std_lt_50,otherCurrencies,2026-09-25 01:15:00,2026-09-24 17:15:14,2026-09-24T17:24:57.970584+00:00,2.7198,,,,,,
standardized,dbs,MXN,SGD,MXN/SGD,100,SGD 50 – 200,amtBtw50And200,"SGD 200 – 39,999.99",std_200_40k,mainCurrencies,2026-09-25 01:15:00,2026-09-24 17:15:14,2026-09-24T17:24:57.970584+00:00,7.3544,,,,,,
standardized,dbs,MXN,SGD,MXN/SGD,100,SGD 50 – 200,amtBtw50And200,"SGD 40,000 – 100,000",std_40k_100k,mainCurrencies,2026-09-25 01:15:00,2026-09-24 17:15:14,2026-09-24T17:24:57.970584+00:00,7.3544,,,,,,
standardized,dbs,MXN,SGD,MXN/SGD,100,SGD 50 – 200,amtBtw50And200,SGD 50 – 200,std_50_200,mainCurrencies,2026-09-25 01:15:00,2026-09-24 17:15:14,2026-09-24T17:24:57.970584+00:00,7.3544,,,,,,
standardized,dbs,MXN,SGD,MXN/SGD,100,SGD < 50,amtLessThan50,SGD < 50,std_lt_50,mainCurrencies,2026-09-25 01:15:00,2026-09-24 17:15:14,2026-09-24T17:24:57.970584+00:00,7.3584,,,,,,
standardized,dbs,MY0,SGD,MY0/SGD,1,SGD 50 – 200,amtBtw50And200,"SGD 200 – 39,999.99",std_200_40k,otherCurrencies,2026-09-25 01:15:00,2026-09-24 17:15:14,2026-09-24T17:24:57.970584+00:00,,0.3128,,,,,
standardized,dbs,MY0,SGD,MY0/SGD,1,SGD 50 – 200,amtBtw50And200,"SGD 40,000 – 100,000",std_40k_100k,otherCurrencies,2026-09-25 01:15:00,2026-09-24 17:15:14,2026-09-24T17:24:57.970584+00:00,,0.3128,,,,,
standardized,dbs,MY0,SGD,MY0/SGD,1,SGD 50 – 200,amtBtw50And200,SGD 50 – 200,std_50_200,otherCurrencies,2026-09-25 01:15:00,2026-09-24 17:15:14,2026-09-24T17:24:57.970584+00:00,,0.3128,,,,,
standardized,dbs,MY0,SGD,MY0/SGD,1,SGD < 50,amtLessThan50,SGD < 50,std_lt_50,otherCurrencies,2026-09-25 01:15:00,2026-09-24 17:15:14,2026-09-24T17:24:57.970584+00:00,,0.3128,,,,,
standardized,dbs,MYR,SGD,MYR/SGD,1,SGD 50 – 200,amtBtw50And200,"SGD 200 – 39,999.99",std_200_40k,otherCurrencies,2026-09-25 01:15:00,2026-09-24 17:15:14,2026-09-24T17:24:57.970584+00:00,0.3168,,0.3136,,MAS,1.0204081632653177,
standardized,dbs,MYR,SGD,MYR/SGD,1,SGD 50 – 200,amtBtw50And200,"SGD 40,000 – 100,000",std_40k_100k,otherCurrencies,2026-09-25 01:15:00,2026-09-24 17:15:14,2026-09-24T17:24:57.970584+00:00,0.3168,,0.3136,,MAS,1.0204081632653177,
standardized,dbs,MYR,SGD,MYR/SGD,1,SGD 50 – 200,amtBtw50And200,SGD 50 – 200,std_50_200,otherCurrencies,2026-09-25 01:15:00,2026-09-24 17:15:14,2026-09-24T17:24:57.970584+00:00,0.3168,,0.3136,,MAS,1.0204081632653177,
standardized,dbs,MYR,SGD,MYR/SGD,1,SGD < 50,amtLessThan50,SGD < 50,std_lt_50,otherCurrencies,2026-09-25 01:15:00,2026-09-24 17:15:14,2026-09-24T17:24:57.970584+00:00,0.3168,,0.3136,,MAS,1.0204081632653177,
standardized,dbs,NOK,SGD,NOK/SGD,1,SGD 50 – 200,amtBtw50And200,"SGD 200 – 39,999.99",std_200_40k,mainCurrencies,2026-09-25 01:15:00,2026-09-24 17:15:14,2026-09-24T17:24:57.970584+00:00,0.1365,0.1328,,0.13465,,,
standardized,dbs,NOK,SGD,NOK/SGD,1,SGD 50 – 200,amtBtw50And200,"SGD 40,000 – 100,000",std_40k_100k,mainCurrencies,2026-09-25 01:15:00,2026-09-24 17:15:14,2026-09-24T17:24:57.970584+00:00,0.1365,0.1328,,0.13465,,,
standardized,dbs,NOK,SGD,NOK/SGD,1,SGD 50 – 200,amtBtw50And200,SGD 50 – 200,std_50_200,mainCurrencies,2026-09-25 01:15:00,2026-09-24 17:15:14,2026-09-24T17:24:57.970584+00:00,0.1365,0.1328,,0.13465,,,
standardized,dbs,NOK,SGD,NOK/SGD,1,SGD < 50,amtLessThan50,SGD < 50,std_lt_50,mainCurrencies,2026-09-25 01:15:00,2026-09-24 17:15:14,2026-09-24T17:24:57.970584+00:00,0.1369,0.1324,,0.13465,,,
standardized,dbs,NZD,SGD,NZD/SGD,1,SGD 50 – 200,amtBtw50And200,"SGD 200 – 39,999.99",std_200_40k,mainCurrencies,2026-09-25 01:15:00,2026-09-24 17:15:14,2026-09-24T17:24:57.970584+00:00,0.7338,0.7169,0.7265,0.7253499999999999,MAS,1.004817618719886,1.3214039917412324
standardized,dbs,NZD,SGD,NZD/SGD,1,SGD 50 – 200,amtBtw50And200,"SGD 40,000 – 100,000",std_40k_100k,mainCurrencies,2026-09-25 01:15:00,2026-09-24 17:15:14,2026-09-24T17:24:57.970584+00:00,0.7338,0.7169,0.7265,0.7253499999999999,MAS,1.004817618719886,1.3214039917412324
standardized,dbs,NZD,SGD,NZD/SGD,1,SGD 50 – 200,amtBtw50And200,SGD 50 – 200,std_50_200,mainCurrencies,2026-09-25 01:15:00,2026-09-24 17:15:14,2026-09-24T17:24:57.970584+00:00,0.7338,0.7169,0.7265,0.7253499999999999,MAS,1.004817618719886,1.3214039917412324
standardized,dbs,NZD,SGD,NZD/SGD,1,SGD < 50,amtLessThan50,SGD < 50,std_lt_50,mainCurrencies,2026-09-25 01:15:00,2026-09-24 17:15:14,2026-09-24T17:24:57.970584+00:00,0.7346,0.7162,0.7265,0.7254,MAS,1.114934618031658,1.4177563661390347
standardized,dbs,OMR,SGD,OMR/SGD,1,SGD 50 – 200,amtBtw50And200,"SGD 200 – 39,999.99",std_200_40k,otherCurrencies,2026-09-25 01:15:00,2026-09-24 17:15:14,2026-09-24T17:24:57.970584+00:00,3.3471,,,,,,
standardized,dbs,OMR,SGD,OMR/SGD,1,SGD 50 – 200,amtBtw50And200,"SGD 40,000 – 100,000",std_40k_100k,otherCurrencies,2026-09-25 01:15:00,2026-09-24 17:15:14,2026-09-24T17:24:57.970584+00:00,3.3471,,,,,,
standardized,dbs,OMR,SGD,OMR/SGD,1,SGD 50 – 200,amtBtw50And200,SGD 50 – 200,std_50_200,otherCurrencies,2026-09-25 01:15:00,2026-09-24 17:15:14,2026-09-24T17:24:57.970584+00:00,3.3471,,,,,,
standardized,dbs,OMR,SGD,OMR/SGD,1,SGD < 50,amtLessThan50,SGD < 50,std_lt_50,otherCurrencies,2026-09-25 01:15:00,2026-09-24 17:15:14,2026-09-24T17:24:57.970584+00:00,3.3471,,,,,,
standardized,dbs,PH0,SGD,PH0/SGD,100,SGD 50 – 200,amtBtw50And200,"SGD 200 – 39,999.99",std_200_40k,otherCurrencies,2026-09-25 01:15:00,2026-09-24 17:15:14,2026-09-24T17:24:57.970584+00:00,,2.0315,,,,,
standardized,dbs,PH0,SGD,PH0/SGD,100,SGD 50 – 200,amtBtw50And200,"SGD 40,000 – 100,000",std_40k_100k,otherCurrencies,2026-09-25 01:15:00,2026-09-24 17:15:14,2026-09-24T17:24:57.970584+00:00,,2.0315,,,,,
standardized,dbs,PH0,SGD,PH0/SGD,100,SGD 50 – 200,amtBtw50And200,SGD 50 – 200,std_50_200,otherCurrencies,2026-09-25 01:15:00,2026-09-24 17:15:14,2026-09-24T17:24:57.970584+00:00,,2.0315,,,,,
standardized,dbs,PH0,SGD,PH0/SGD,100,SGD < 50,amtLessThan50,SGD < 50,std_lt_50,otherCurrencies,2026-09-25 01:15:00,2026-09-24 17:15:14,2026-09-24T17:24:57.970584+00:00,,2.0315,,,,,
standardized,dbs,PHP,SGD,PHP/SGD,100,SGD 50 – 200,amtBtw50And200,"SGD 200 – 39,999.99",std_200_40k,otherCurrencies,2026-09-25 01:15:00,2026-09-24 17:15:14,2026-09-24T17:24:57.970584+00:00,2.0608,,2.04,,MAS,1.0196078431372515,
standardized,dbs,PHP,SGD,PHP/SGD,100,SGD 50 – 200,amtBtw50And200,"SGD 40,000 – 100,000",std_40k_100k,otherCurrencies,2026-09-25 01:15:00,2026-09-24 17:15:14,2026-09-24T17:24:57.970584+00:00,2.0608,,2.04,,MAS,1.0196078431372515,
standardized,dbs,PHP,SGD,PHP/SGD,100,SGD 50 – 200,amtBtw50And200,SGD 50 – 200,std_50_200,otherCurrencies,2026-09-25 01:15:00,2026-09-24 17:15:14,2026-09-24T17:24:57.970584+00:00,2.0608,,2.04,,MAS,1.0196078431372515,
standardized,dbs,PHP,SGD,PHP/SGD,100,SGD < 50,amtLessThan50,SGD < 50,std_lt_50,otherCurrencies,2026-09-25 01:15:00,2026-09-24 17:15:14,2026-09-24T17:24:57.970584+00:00,2.0763,,2.04,,MAS,1.7794117647058714,
standardized,dbs,PLN,SGD,PLN/SGD,1,SGD 50 – 200,amtBtw50And200,"SGD 200 – 39,999.99",std_200_40k,otherCurrencies,2026-09-25 01:15:00,2026-09-24 17:15:14,2026-09-24T17:24:57.970584+00:00,0.3384,,,,,,
standardized,dbs,PLN,SGD,PLN/SGD,1,SGD 50 – 200,amtBtw50And200,"SGD 40,000 – 100,000",std_40k_100k,otherCurrencies,2026-09-25 01:15:00,2026-09-24 17:15:14,2026-09-24T17:24:57.970584+00:00,0.3384,,,,,,
standardized,dbs,PLN,SGD,PLN/SGD,1,SGD 50 – 200,amtBtw50And200,SGD 50 – 200,std_50_200,otherCurrencies,2026-09-25 01:15:00,2026-09-24 17:15:14,2026-09-24T17:24:57.970584+00:00,0.3384,,,,,,
standardized,dbs,PLN,SGD,PLN/SGD,1,SGD < 50,amtLessThan50,SGD < 50,std_lt_50,otherCurrencies,2026-09-25 01:15:00,2026-09-24 17:15:14,2026-09-24T17:24:57.970584+00:00,0.3397,,,,,,
standardized,dbs,QAR,SGD,QAR/SGD,1,SGD 50 – 200,amtBtw50And200,"SGD 200 – 39,999.99",std_200_40k,otherCurrencies,2026-09-25 01:15:00,2026-09-24 17:15:14,2026-09-24T17:24:57.970584+00:00,0.3589,,0.3514,,MAS,2.134319863403531,
standardized,dbs,QAR,SGD,QAR/SGD,1,SGD 50 – 200,amtBtw50And200,"SGD 40,000 – 100,000",std_40k_100k,otherCurrencies,2026-09-25 01:15:00,2026-09-24 17:15:14,2026-09-24T17:24:57.970584+00:00,0.3589,,0.3514,,MAS,2.134319863403531,
standardized,dbs,QAR,SGD,QAR/SGD,1,SGD 50 – 200,amtBtw50And200,SGD 50 – 200,std_50_200,otherCurrencies,2026-09-25 01:15:00,2026-09-24 17:15:14,2026-09-24T17:24:57.970584+00:00,0.3589,,0.3514,,MAS,2.134319863403531,
standardized,dbs,QAR,SGD,QAR/SGD,1,SGD < 50,amtLessThan50,SGD < 50,std_lt_50,otherCurrencies,2026-09-25 01:15:00,2026-09-24 17:15:14,2026-09-24T17:24:57.970584+00:00,0.3603,,0.3514,,MAS,2.532726237905526,
standardized,dbs,RUB,SGD,RUB/SGD,100,SGD 50 – 200,amtBtw50And200,"SGD 200 – 39,999.99",std_200_40k,mainCurrencies,2026-09-25 01:15:00,2026-09-24 17:15:14,2026-09-24T17:24:57.970584+00:00,,,,,,,
standardized,dbs,RUB,SGD,RUB/SGD,100,SGD 50 – 200,amtBtw50And200,"SGD 40,000 – 100,000",std_40k_100k,mainCurrencies,2026-09-25 01:15:00,2026-09-24 17:15:14,2026-09-24T17:24:57.970584+00:00,,,,,,,
standardized,dbs,RUB,SGD,RUB/SGD,100,SGD 50 – 200,amtBtw50And200,SGD 50 – 200,std_50_200,mainCurrencies,2026-09-25 01:15:00,2026-09-24 17:15:14,2026-09-24T17:24:57.970584+00:00,,,,,,,
standardized,dbs,RUB,SGD,RUB/SGD,100,SGD < 50,amtLessThan50,SGD < 50,std_lt_50,mainCurrencies,2026-09-25 01:15:00,2026-09-24 17:15:14,2026-09-24T17:24:57.970584+00:00,,,,,,,
standardized,dbs,SAR,SGD,SAR/SGD,100,SGD 50 – 200,amtBtw50And200,"SGD 200 – 39,999.99",std_200_40k,otherCurrencies,2026-09-25 01:15:00,2026-09-24 17:15:14,2026-09-24T17:24:57.970584+00:00,34.5082,,34.09,,MAS,1.2267527134056873,
standardized,dbs,SAR,SGD,SAR/SGD,100,SGD 50 – 200,amtBtw50And200,"SGD 40,000 – 100,000",std_40k_100k,otherCurrencies,2026-09-25 01:15:00,2026-09-24 17:15:14,2026-09-24T17:24:57.970584+00:00,34.5082,,34.09,,MAS,1.2267527134056873,
standardized,dbs,SAR,SGD,SAR/SGD,100,SGD 50 – 200,amtBtw50And200,SGD 50 – 200,std_50_200,otherCurrencies,2026-09-25 01:15:00,2026-09-24 17:15:14,2026-09-24T17:24:57.970584+00:00,34.5082,,34.09,,MAS,1.2267527134056873,
standardized,dbs,SAR,SGD,SAR/SGD,100,SGD < 50,amtLessThan50,SGD < 50,std_lt_50,otherCurrencies,2026-09-25 01:15:00,2026-09-24 17:15:14,2026-09-24T17:24:57.970584+00:00,34.5082,,34.09,,MAS,1.2267527134056873,
standardized,dbs,SEK,SGD,SEK/SGD,1,SGD 50 – 200,amtBtw50And200,"SGD 200 – 39,999.99",std_200_40k,mainCurrencies,2026-09-25 01:15:00,2026-09-24 17:15:14,2026-09-24T17:24:57.970584+00:00,0.1308,0.1273,,0.12905,,,
standardized,dbs,SEK,SGD,SEK/SGD,1,SGD 50 – 200,amtBtw50And200,"SGD 40,000 – 100,000",std_40k_100k,mainCurrencies,2026-09-25 01:15:00,2026-09-24 17:15:14,2026-09-24T17:24:57.970584+00:00,0.1308,0.1273,,0.12905,,,
standardized,dbs,SEK,SGD,SEK/SGD,1,SGD 50 – 200,amtBtw50And200,SGD 50 – 200,std_50_200,mainCurrencies,2026-09-25 01:15:00,2026-09-24 17:15:14,2026-09-24T17:24:57.970584+00:00,0.1308,0.1273,,0.12905,,,
standardized,dbs,SEK,SGD,SEK/SGD,1,SGD < 50,amtLessThan50,SGD < 50,std_lt_50,mainCurrencies,2026-09-25 01:15:00,2026-09-24 17:15:14,2026-09-24T17:24:57.970584+00:00,0.1313,0.1268,,0.12905,,,
standardized,dbs,THB,SGD,THB/SGD,100,SGD 50 – 200,amtBtw50And200,"SGD 200 – 39,999.99",std_200_40k,mainCurrencies,2026-09-25 01:15:00,2026-09-24 17:15:14,2026-09-24T17:24:57.970584+00:00,3.8852,3.7684,3.8302000000000005,3.8268000000000004,MAS,1.4359563469270458,1.6134927680016786
standardized,dbs,THB,SGD,THB/SGD,100,SGD 50 – 200,amtBtw50And200,"SGD 40,000 – 100,000",std_40k_100k,mainCurrencies,2026-09-25 01:15:00,2026-09-24 17:15:14,2026-09-24T17:24:57.970584+00:00,3.8852,3.7684,3.8302000000000005,3.8268000000000004,MAS,1.4359563469270458,1.6134927680016786
standardized,dbs,THB,SGD,THB/SGD,100,SGD 50 – 200,amtBtw50And200,SGD 50 – 200,std_50_200,mainCurrencies,2026-09-25 01:15:00,2026-09-24 17:15:14,2026-09-24T17:24:57.970584+00:00,3.8852,3.7684,3.8302000000000005,3.8268000000000004,MAS,1.4359563469270458,1.6134927680016786
standardized,dbs,THB,SGD,THB/SGD,100,SGD < 50,amtLessThan50,SGD < 50,std_lt_50,mainCurrencies,2026-09-25 01:15:00,2026-09-24 17:15:14,2026-09-24T17:24:57.970584+00:00,3.8894,3.7642,3.8302000000000005,3.8268000000000004,MAS,1.5456111952378384,1.723147616312471
standardized,dbs,TND,SGD,TND/SGD,1,SGD 50 – 200,amtBtw50And200,"SGD 200 – 39,999.99",std_200_40k,otherCurrencies,2026-09-25 01:15:00,2026-09-24 17:15:14,2026-09-24T17:24:57.970584+00:00,0.4453,,,,,,
standardized,dbs,TND,SGD,TND/SGD,1,SGD 50 – 200,amtBtw50And200,"SGD 40,000 – 100,000",std_40k_100k,otherCurrencies,2026-09-25 01:15:00,2026-09-24 17:15:14,2026-09-24T17:24:57.970584+00:00,0.4453,,,,,,
standardized,dbs,TND,SGD,TND/SGD,1,SGD 50 – 200,amtBtw50And200,SGD 50 – 200,std_50_200,otherCurrencies,2026-09-25 01:15:00,2026-09-24 17:15:14,2026-09-24T17:24:57.970584+00:00,0.4453,,,,,,
standardized,dbs,TND,SGD,TND/SGD,1,SGD < 50,amtLessThan50,SGD < 50,std_lt_50,otherCurrencies,2026-09-25 01:15:00,2026-09-24 17:15:14,2026-09-24T17:24:57.970584+00:00,0.4453,,,,,,
standardized,dbs,TWD,SGD,TWD/SGD,100,SGD 50 – 200,amtBtw50And200,"SGD 200 – 39,999.99",std_200_40k,otherCurrencies,2026-09-25 01:15:00,2026-09-24 17:15:14,2026-09-24T17:24:57.970584+00:00,4.0746,,4.0221,,MAS,1.305288282240626,
standardized,dbs,TWD,SGD,TWD/SGD,100,SGD 50 – 200,amtBtw50And200,"SGD 40,000 – 100,000",std_40k_100k,otherCurrencies,2026-09-25 01:15:00,2026-09-24 17:15:14,2026-09-24T17:24:57.970584+00:00,4.0746,,4.0221,,MAS,1.305288282240626,
standardized,dbs,TWD,SGD,TWD/SGD,100,SGD 50 – 200,amtBtw50And200,SGD 50 – 200,std_50_200,otherCurrencies,2026-09-25 01:15:00,2026-09-24 17:15:14,2026-09-24T17:24:57.970584+00:00,4.0746,,4.0221,,MAS,1.305288282240626,
standardized,dbs,TWD,SGD,TWD/SGD,100,SGD < 50,amtLessThan50,SGD < 50,std_lt_50,otherCurrencies,2026-09-25 01:15:00,2026-09-24 17:15:14,2026-09-24T17:24:57.970584+00:00,4.0786,,4.0221,,MAS,1.4047388180303764,
standardized,dbs,USD,SGD,USD/SGD,1,SGD 50 – 200,amtBtw50And200,"SGD 200 – 39,999.99",std_200_40k,mainCurrencies,2026-09-25 01:15:00,2026-09-24 17:15:14,2026-09-24T17:24:57.970584+00:00,1.2904,1.269,1.2803,1.2797,MAS,0.7888776068109036,0.8826056393032953
standardized,dbs,USD,SGD,USD/SGD,1,SGD 50 – 200,amtBtw50And200,"SGD 40,000 – 100,000",std_40k_100k,mainCurrencies,2026-09-25 01:15:00,2026-09-24 17:15:14,2026-09-24T17:24:57.970584+00:00,1.2904,1.269,1.2803,1.2797,MAS,0.7888776068109036,0.8826056393032953
standardized,dbs,USD,SGD,USD/SGD,1,SGD 50 – 200,amtBtw50And200,SGD 50 – 200,std_50_200,mainCurrencies,2026-09-25 01:15:00,2026-09-24 17:15:14,2026-09-24T17:24:57.970584+00:00,1.2904,1.269,1.2803,1.2797,MAS,0.7888776068109036,0.8826056393032953
standardized,dbs,USD,SGD,USD/SGD,1,SGD < 50,amtLessThan50,SGD < 50,std_lt_50,mainCurrencies,2026-09-25 01:15:00,2026-09-24 17:15:14,2026-09-24T17:24:57.970584+00:00,1.2913,1.2681,1.2803,1.2797,MAS,0.8591736311801842,0.9529016636725759
standardized,dbs,VND,SGD,VND/SGD,100,SGD 50 – 200,amtBtw50And200,"SGD 200 – 39,999.99",std_200_40k,otherCurrencies,2026-09-25 01:15:00,2026-09-24 17:15:14,2026-09-24T17:24:57.970584+00:00,0.0051,,0.004925,,MAS,3.553299492385801,
standardized,dbs,VND,SGD,VND/SGD,100,SGD 50 – 200,amtBtw50And200,"SGD 40,000 – 100,000",std_40k_100k,otherCurrencies,2026-09-25 01:15:00,2026-09-24 17:15:14,2026-09-24T17:24:57.970584+00:00,0.0051,,0.004925,,MAS,3.553299492385801,
standardized,dbs,VND,SGD,VND/SGD,100,SGD 50 – 200,amtBtw50And200,SGD 50 – 200,std_50_200,otherCurrencies,2026-09-25 01:15:00,2026-09-24 17:15:14,2026-09-24T17:24:57.970584+00:00,0.0051,,0.004925,,MAS,3.553299492385801,
standardized,dbs,VND,SGD,VND/SGD,100,SGD < 50,amtLessThan50,SGD < 50,std_lt_50,otherCurrencies,2026-09-25 01:15:00,2026-09-24 17:15:14,2026-09-24T17:24:57.970584+00:00,0.0051,,0.004925,,MAS,3.553299492385801,
standardized,dbs,XAU,SGD,XAU/SGD,1,SGD 50 – 200,amtBtw50And200,"SGD 200 – 39,999.99",std_200_40k,otherCurrencies,2026-09-25 01:15:00,2026-09-24 17:15:14,2026-09-24T17:24:57.970584+00:00,5495.716,5429.187,,5462.4515,,,
standardized,dbs,XAU,SGD,XAU/SGD,1,SGD 50 – 200,amtBtw50And200,"SGD 40,000 – 100,000",std_40k_100k,otherCurrencies,2026-09-25 01:15:00,2026-09-24 17:15:14,2026-09-24T17:24:57.970584+00:00,5495.716,5429.187,,5462.4515,,,
standardized,dbs,XAU,SGD,XAU/SGD,1,SGD 50 – 200,amtBtw50And200,SGD 50 – 200,std_50_200,otherCurrencies,2026-09-25 01:15:00,2026-09-24 17:15:14,2026-09-24T17:24:57.970584+00:00,5495.716,5429.187,,5462.4515,,,
standardized,dbs,XAU,SGD,XAU/SGD,1,SGD < 50,amtLessThan50,SGD < 50,std_lt_50,otherCurrencies,2026-09-25 01:15:00,2026-09-24 17:15:14,2026-09-24T17:24:57.970584+00:00,5496.505,5429.923,,5463.214,,,
standardized,dbs,ZAR,SGD,ZAR/SGD,1,SGD 50 – 200,amtBtw50And200,"SGD 200 – 39,999.99",std_200_40k,otherCurrencies,2026-09-25 01:15:00,2026-09-24 17:15:14,2026-09-24T17:24:57.970584+00:00,0.079,0.077,,0.078,,,
standardized,dbs,ZAR,SGD,ZAR/SGD,1,SGD 50 – 200,amtBtw50And200,"SGD 40,000 – 100,000",std_40k_100k,otherCurrencies,2026-09-25 01:15:00,2026-09-24 17:15:14,2026-09-24T17:24:57.970584+00:00,0.079,0.077,,0.078,,,
standardized,dbs,ZAR,SGD,ZAR/SGD,1,SGD 50 – 200,amtBtw50And200,SGD 50 – 200,std_50_200,otherCurrencies,2026-09-25 01:15:00,2026-09-24 17:15:14,2026-09-24T17:24:57.970584+00:00,0.079,0.077,,0.078,,,
standardized,dbs,ZAR,SGD,ZAR/SGD,1,SGD < 50,amtLessThan50,SGD < 50,std_lt_50,otherCurrencies,2026-09-25 01:15:00,2026-09-24 17:15:14,2026-09-24T17:24:57.970584+00:00,0.0793,0.0767,,0.078,,,
standardized,hsbc,AED,SGD,AED/SGD,100,Indicative board,board,"SGD 200 – 39,999.99",std_200_40k,indicative_fx,2026-9-24,2026-9-24,2026-09-24T17:25:02.495427+00:00,36.01,33.73,34.86,34.87,MAS,3.2989099254159457,3.2415375788869842
standardized,hsbc,AED,SGD,AED/SGD,100,Indicative board,board,"SGD 40,000 – 100,000",std_40k_100k,indicative_fx,2026-9-24,2026-9-24,2026-09-24T17:25:02.495427+00:00,36.01,33.73,34.86,34.87,MAS,3.2989099254159457,3.2415375788869842
standardized,hsbc,AED,SGD,AED/SGD,100,Indicative board,board,SGD 50 – 200,std_50_200,indicative_fx,2026-9-24,2026-9-24,2026-09-24T17:25:02.495427+00:00,36.01,33.73,34.86,34.87,MAS,3.2989099254159457,3.2415375788869842
standardized,hsbc,AED,SGD,AED/SGD,100,Indicative board,board,SGD < 50,std_lt_50,indicative_fx,2026-9-24,2026-9-24,2026-09-24T17:25:02.495427+00:00,36.01,33.73,34.86,34.87,MAS,3.2989099254159457,3.2415375788869842
standardized,hsbc,AUD,SGD,AUD/SGD,1,Indicative board,board,"SGD 200 – 39,999.99",std_200_40k,indicative_fx,2026-9-24,2026-9-24,2026-09-24T17:25:02.495427+00:00,0.9279,0.8736,0.9,0.9007499999999999,MAS,3.0999999999999917,2.933333333333331
standardized,hsbc,AUD,SGD,AUD/SGD,1,Indicative board,board,"SGD 40,000 – 100,000",std_40k_100k,indicative_fx,2026-9-24,2026-9-24,2026-09-24T17:25:02.495427+00:00,0.9279,0.8736,0.9,0.9007499999999999,MAS,3.0999999999999917,2.933333333333331
standardized,hsbc,AUD,SGD,AUD/SGD,1,Indicative board,board,SGD 50 – 200,std_50_200,indicative_fx,2026-9-24,2026-9-24,2026-09-24T17:25:02.495427+00:00,0.9279,0.8736,0.9,0.9007499999999999,MAS,3.0999999999999917,2.933333333333331
standardized,hsbc,AUD,SGD,AUD/SGD,1,Indicative board,board,SGD < 50,std_lt_50,indicative_fx,2026-9-24,2026-9-24,2026-09-24T17:25:02.495427+00:00,0.9279,0.8736,0.9,0.9007499999999999,MAS,3.0999999999999917,2.933333333333331
standardized,hsbc,CAD,SGD,CAD/SGD,1,Indicative board,board,"SGD 200 – 39,999.99",std_200_40k,indicative_fx,2026-9-24,2026-9-24,2026-09-24T17:25:02.495427+00:00,0.9353,0.8805,0.9076000000000001,0.9078999999999999,MAS,3.0520052886734184,2.9858968708682374
standardized,hsbc,CAD,SGD,CAD/SGD,1,Indicative board,board,"SGD 40,000 – 100,000",std_40k_100k,indicative_fx,2026-9-24,2026-9-24,2026-09-24T17:25:02.495427+00:00,0.9353,0.8805,0.9076000000000001,0.9078999999999999,MAS,3.0520052886734184,2.9858968708682374
standardized,hsbc,CAD,SGD,CAD/SGD,1,Indicative board,board,SGD 50 – 200,std_50_200,indicative_fx,2026-9-24,2026-9-24,2026-09-24T17:25:02.495427+00:00,0.9353,0.8805,0.9076000000000001,0.9078999999999999,MAS,3.0520052886734184,2.9858968708682374
standardized,hsbc,CAD,SGD,CAD/SGD,1,Indicative board,board,SGD < 50,std_lt_50,indicative_fx,2026-9-24,2026-9-24,2026-09-24T17:25:02.495427+00:00,0.9353,0.8805,0.9076000000000001,0.9078999999999999,MAS,3.0520052886734184,2.9858968708682374
standardized,hsbc,CHF,SGD,CHF/SGD,100,Indicative board,board,"SGD 200 – 39,999.99",std_200_40k,indicative_fx,2026-9-24,2026-9-24,2026-09-24T17:25:02.495427+00:00,159.86,150.51,155.29,155.185,MAS,2.9428810612402745,3.078111919634234
standardized,hsbc,CHF,SGD,CHF/SGD,100,Indicative board,board,"SGD 40,000 – 100,000",std_40k_100k,indicative_fx,2026-9-24,2026-9-24,2026-09-24T17:25:02.495427+00:00,159.86,150.51,155.29,155.185,MAS,2.9428810612402745,3.078111919634234
standardized,hsbc,CHF,SGD,CHF/SGD,100,Indicative board,board,SGD 50 – 200,std_50_200,indicative_fx,2026-9-24,2026-9-24,2026-09-24T17:25:02.495427+00:00,159.86,150.51,155.29,155.185,MAS,2.9428810612402745,3.078111919634234
standardized,hsbc,CHF,SGD,CHF/SGD,100,Indicative board,board,SGD < 50,std_lt_50,indicative_fx,2026-9-24,2026-9-24,2026-09-24T17:25:02.495427+00:00,159.86,150.51,155.29,155.185,MAS,2.9428810612402745,3.078111919634234
standardized,hsbc,CNY,SGD,CNY/SGD,100,Indicative board,board,"SGD 200 – 39,999.99",std_200_40k,indicative_fx,2026-9-24,2026-9-24,2026-09-24T17:25:02.495427+00:00,19.7,18.45,19.07,19.075,MAS,3.3036182485579393,3.2511798636602043
standardized,hsbc,CNY,SGD,CNY/SGD,100,Indicative board,board,"SGD 40,000 – 100,000",std_40k_100k,indicative_fx,2026-9-24,2026-9-24,2026-09-24T17:25:02.495427+00:00,19.7,18.45,19.07,19.075,MAS,3.3036182485579393,3.2511798636602043
standardized,hsbc,CNY,SGD,CNY/SGD,100,Indicative board,board,SGD 50 – 200,std_50_200,indicative_fx,2026-9-24,2026-9-24,2026-09-24T17:25:02.495427+00:00,19.7,18.45,19.07,19.075,MAS,3.3036182485579393,3.2511798636602043
standardized,hsbc,CNY,SGD,CNY/SGD,100,Indicative board,board,SGD < 50,std_lt_50,indicative_fx,2026-9-24,2026-9-24,2026-09-24T17:25:02.495427+00:00,19.7,18.45,19.07,19.075,MAS,3.3036182485579393,3.2511798636602043
standardized,hsbc,DKK,SGD,DKK/SGD,100,Indicative board,board,"SGD 200 – 39,999.99",std_200_40k,indicative_fx,2026-9-24,2026-9-24,2026-09-24T17:25:02.495427+00:00,20.08,18.9,,19.49,,,
standardized,hsbc,DKK,SGD,DKK/SGD,100,Indicative board,board,"SGD 40,000 – 100,000",std_40k_100k,indicative_fx,2026-9-24,2026-9-24,2026-09-24T17:25:02.495427+00:00,20.08,18.9,,19.49,,,
standardized,hsbc,DKK,SGD,DKK/SGD,100,Indicative board,board,SGD 50 – 200,std_50_200,indicative_fx,2026-9-24,2026-9-24,2026-09-24T17:25:02.495427+00:00,20.08,18.9,,19.49,,,
standardized,hsbc,DKK,SGD,DKK/SGD,100,Indicative board,board,SGD < 50,std_lt_50,indicative_fx,2026-9-24,2026-9-24,2026-09-24T17:25:02.495427+00:00,20.08,18.9,,19.49,,,
standardized,hsbc,EUR,SGD,EUR/SGD,1,Indicative board,board,"SGD 200 – 39,999.99",std_200_40k,indicative_fx,2026-9-24,2026-9-24,2026-09-24T17:25:02.495427+00:00,1.501,1.4133,1.4565,1.45715,MAS,3.055269481634053,2.9660144181256376
standardized,hsbc,EUR,SGD,EUR/SGD,1,Indicative board,board,"SGD 40,000 – 100,000",std_40k_100k,indicative_fx,2026-9-24,2026-9-24,2026-09-24T17:25:02.495427+00:00,1.501,1.4133,1.4565,1.45715,MAS,3.055269481634053,2.9660144181256376
standardized,hsbc,EUR,SGD,EUR/SGD,1,Indicative board,board,SGD 50 – 200,std_50_200,indicative_fx,2026-9-24,2026-9-24,2026-09-24T17:25:02.495427+00:00,1.501,1.4133,1.4565,1.45715,MAS,3.055269481634053,2.9660144181256376
standardized,hsbc,EUR,SGD,EUR/SGD,1,Indicative board,board,SGD < 50,std_lt_50,indicative_fx,2026-9-24,2026-9-24,2026-09-24T17:25:02.495427+00:00,1.501,1.4133,1.4565,1.45715,MAS,3.055269481634053,2.9660144181256376
standardized,hsbc,FJD,SGD,FJD/SGD,1,Indicative board,board,"SGD 200 – 39,999.99",std_200_40k,indicative_fx,2026-9-24,2026-9-24,2026-09-24T17:25:02.495427+00:00,0.599,,,,,,
standardized,hsbc,FJD,SGD,FJD/SGD,1,Indicative board,board,"SGD 40,000 – 100,000",std_40k_100k,indicative_fx,2026-9-24,2026-9-24,2026-09-24T17:25:02.495427+00:00,0.599,,,,,,
standardized,hsbc,FJD,SGD,FJD/SGD,1,Indicative board,board,SGD 50 – 200,std_50_200,indicative_fx,2026-9-24,2026-9-24,2026-09-24T17:25:02.495427+00:00,0.599,,,,,,
standardized,hsbc,FJD,SGD,FJD/SGD,1,Indicative board,board,SGD < 50,std_lt_50,indicative_fx,2026-9-24,2026-9-24,2026-09-24T17:25:02.495427+00:00,0.599,,,,,,
standardized,hsbc,GBP,SGD,GBP/SGD,1,Indicative board,board,"SGD 200 – 39,999.99",std_200_40k,indicative_fx,2026-9-24,2026-9-24,2026-09-24T17:25:02.495427+00:00,1.7455,1.6434,1.6945,1.69445,MAS,3.009737385659496,3.0156388315137166
standardized,hsbc,GBP,SGD,GBP/SGD,1,Indicative board,board,"SGD 40,000 – 100,000",std_40k_100k,indicative_fx,2026-9-24,2026-9-24,2026-09-24T17:25:02.495427+00:00,1.7455,1.6434,1.6945,1.69445,MAS,3.009737385659496,3.0156388315137166
standardized,hsbc,GBP,SGD,GBP/SGD,1,Indicative board,board,SGD 50 – 200,std_50_200,indicative_fx,2026-9-24,2026-9-24,2026-09-24T17:25:02.495427+00:00,1.7455,1.6434,1.6945,1.69445,MAS,3.009737385659496,3.0156388315137166
standardized,hsbc,GBP,SGD,GBP/SGD,1,Indicative board,board,SGD < 50,std_lt_50,indicative_fx,2026-9-24,2026-9-24,2026-09-24T17:25:02.495427+00:00,1.7455,1.6434,1.6945,1.69445,MAS,3.009737385659496,3.0156388315137166
standardized,hsbc,HKD,SGD,HKD/SGD,100,Indicative board,board,"SGD 200 – 39,999.99",std_200_40k,indicative_fx,2026-9-24,2026-9-24,2026-09-24T17:25:02.495427+00:00,16.53,16.12,16.32,16.325000000000003,MAS,1.2867647058823581,1.225490196078427
standardized,hsbc,HKD,SGD,HKD/SGD,100,Indicative board,board,"SGD 40,000 – 100,000",std_40k_100k,indicative_fx,2026-9-24,2026-9-24,2026-09-24T17:25:02.495427+00:00,16.53,16.12,16.32,16.325000000000003,MAS,1.2867647058823581,1.225490196078427
standardized,hsbc,HKD,SGD,HKD/SGD,100,Indicative board,board,SGD 50 – 200,std_50_200,indicative_fx,2026-9-24,2026-9-24,2026-09-24T17:25:02.495427+00:00,16.53,16.12,16.32,16.325000000000003,MAS,1.2867647058823581,1.225490196078427
standardized,hsbc,HKD,SGD,HKD/SGD,100,Indicative board,board,SGD < 50,std_lt_50,indicative_fx,2026-9-24,2026-9-24,2026-09-24T17:25:02.495427+00:00,16.53,16.12,16.32,16.325000000000003,MAS,1.2867647058823581,1.225490196078427
standardized,hsbc,IDR,SGD,IDR/SGD,100,Indicative board,board,"SGD 200 – 39,999.99",std_200_40k,indicative_fx,2026-9-24,2026-9-24,2026-09-24T17:25:02.495427+00:00,0.0074,,0.007158,,MAS,3.380832634814194,
standardized,hsbc,IDR,SGD,IDR/SGD,100,Indicative board,board,"SGD 40,000 – 100,000",std_40k_100k,indicative_fx,2026-9-24,2026-9-24,2026-09-24T17:25:02.495427+00:00,0.0074,,0.007158,,MAS,3.380832634814194,
standardized,hsbc,IDR,SGD,IDR/SGD,100,Indicative board,board,SGD 50 – 200,std_50_200,indicative_fx,2026-9-24,2026-9-24,2026-09-24T17:25:02.495427+00:00,0.0074,,0.007158,,MAS,3.380832634814194,
standardized,hsbc,IDR,SGD,IDR/SGD,100,Indicative board,board,SGD < 50,std_lt_50,indicative_fx,2026-9-24,2026-9-24,2026-09-24T17:25:02.495427+00:00,0.0074,,0.007158,,MAS,3.380832634814194,
standardized,hsbc,INR,SGD,INR/SGD,100,Indicative board,board,"SGD 200 – 39,999.99",std_200_40k,indicative_fx,2026-9-24,2026-9-24,2026-09-24T17:25:02.495427+00:00,1.38,,1.3358,,MAS,3.308878574636906,
standardized,hsbc,INR,SGD,INR/SGD,100,Indicative board,board,"SGD 40,000 – 100,000",std_40k_100k,indicative_fx,2026-9-24,2026-9-24,2026-09-24T17:25:02.495427+00:00,1.38,,1.3358,,MAS,3.308878574636906,
standardized,hsbc,INR,SGD,INR/SGD,100,Indicative board,board,SGD 50 – 200,std_50_200,indicative_fx,2026-9-24,2026-9-24,2026-09-24T17:25:02.495427+00:00,1.38,,1.3358,,MAS,3.308878574636906,
standardized,hsbc,INR,SGD,INR/SGD,100,Indicative board,board,SGD < 50,std_lt_50,indicative_fx,2026-9-24,2026-9-24,2026-09-24T17:25:02.495427+00:00,1.38,,1.3358,,MAS,3.308878574636906,
standardized,hsbc,JPY,SGD,JPY/SGD,100,Indicative board,board,"SGD 200 – 39,999.99",std_200_40k,indicative_fx,2026-9-24,2026-9-24,2026-09-24T17:25:02.495427+00:00,0.8338,0.7851,0.8101,0.80945,MAS,2.925564745093191,3.0860387606468365
standardized,hsbc,JPY,SGD,JPY/SGD,100,Indicative board,board,"SGD 40,000 – 100,000",std_40k_100k,indicative_fx,2026-9-24,2026-9-24,2026-09-24T17:25:02.495427+00:00,0.8338,0.7851,0.8101,0.80945,MAS,2.925564745093191,3.0860387606468365
standardized,hsbc,JPY,SGD,JPY/SGD,100,Indicative board,board,SGD 50 – 200,std_50_200,indicative_fx,2026-9-24,2026-9-24,2026-09-24T17:25:02.495427+00:00,0.8338,0.7851,0.8101,0.80945,MAS,2.925564745093191,3.0860387606468365
standardized,hsbc,JPY,SGD,JPY/SGD,100,Indicative board,board,SGD < 50,std_lt_50,indicative_fx,2026-9-24,2026-9-24,2026-09-24T17:25:02.495427+00:00,0.8338,0.7851,0.8101,0.80945,MAS,2.925564745093191,3.0860387606468365
standardized,hsbc,LKR,SGD,LKR/SGD,100,Indicative board,board,"SGD 200 – 39,999.99",std_200_40k,indicative_fx,2026-9-24,2026-9-24,2026-09-24T17:25:02.495427+00:00,0.4,,,,,,
standardized,hsbc,LKR,SGD,LKR/SGD,100,Indicative board,board,"SGD 40,000 – 100,000",std_40k_100k,indicative_fx,2026-9-24,2026-9-24,2026-09-24T17:25:02.495427+00:00,0.4,,,,,,
standardized,hsbc,LKR,SGD,LKR/SGD,100,Indicative board,board,SGD 50 – 200,std_50_200,indicative_fx,2026-9-24,2026-9-24,2026-09-24T17:25:02.495427+00:00,0.4,,,,,,
standardized,hsbc,LKR,SGD,LKR/SGD,100,Indicative board,board,SGD < 50,std_lt_50,indicative_fx,2026-9-24,2026-9-24,2026-09-24T17:25:02.495427+00:00,0.4,,,,,,
standardized,hsbc,MUR,SGD,MUR/SGD,100,Indicative board,board,"SGD 200 – 39,999.99",std_200_40k,indicative_fx,2026-9-24,2026-9-24,2026-09-24T17:25:02.495427+00:00,2.77,2.58,,2.675,,,
standardized,hsbc,MUR,SGD,MUR/SGD,100,Indicative board,board,"SGD 40,000 – 100,000",std_40k_100k,indicative_fx,2026-9-24,2026-9-24,2026-09-24T17:25:02.495427+00:00,2.77,2.58,,2.675,,,
standardized,hsbc,MUR,SGD,MUR/SGD,100,Indicative board,board,SGD 50 – 200,std_50_200,indicative_fx,2026-9-24,2026-9-24,2026-09-24T17:25:02.495427+00:00,2.77,2.58,,2.675,,,
standardized,hsbc,MUR,SGD,MUR/SGD,100,Indicative board,board,SGD < 50,std_lt_50,indicative_fx,2026-9-24,2026-9-24,2026-09-24T17:25:02.495427+00:00,2.77,2.58,,2.675,,,
standardized,hsbc,NOK,SGD,NOK/SGD,100,Indicative board,board,"SGD 200 – 39,999.99",std_200_40k,indicative_fx,2026-9-24,2026-9-24,2026-09-24T17:25:02.495427+00:00,13.89,13.08,,13.485,,,
standardized,hsbc,NOK,SGD,NOK/SGD,100,Indicative board,board,"SGD 40,000 – 100,000",std_40k_100k,indicative_fx,2026-9-24,2026-9-24,2026-09-24T17:25:02.495427+00:00,13.89,13.08,,13.485,,,
standardized,hsbc,NOK,SGD,NOK/SGD,100,Indicative board,board,SGD 50 – 200,std_50_200,indicative_fx,2026-9-24,2026-9-24,2026-09-24T17:25:02.495427+00:00,13.89,13.08,,13.485,,,
standardized,hsbc,NOK,SGD,NOK/SGD,100,Indicative board,board,SGD < 50,std_lt_50,indicative_fx,2026-9-24,2026-9-24,2026-09-24T17:25:02.495427+00:00,13.89,13.08,,13.485,,,
standardized,hsbc,NZD,SGD,NZD/SGD,1,Indicative board,board,"SGD 200 – 39,999.99",std_200_40k,indicative_fx,2026-9-24,2026-9-24,2026-09-24T17:25:02.495427+00:00,0.7486,0.7048,0.7265,0.7267,MAS,3.041982105987613,2.9869236063317346
standardized,hsbc,NZD,SGD,NZD/SGD,1,Indicative board,board,"SGD 40,000 – 100,000",std_40k_100k,indicative_fx,2026-9-24,2026-9-24,2026-09-24T17:25:02.495427+00:00,0.7486,0.7048,0.7265,0.7267,MAS,3.041982105987613,2.9869236063317346
standardized,hsbc,NZD,SGD,NZD/SGD,1,Indicative board,board,SGD 50 – 200,std_50_200,indicative_fx,2026-9-24,2026-9-24,2026-09-24T17:25:02.495427+00:00,0.7486,0.7048,0.7265,0.7267,MAS,3.041982105987613,2.9869236063317346
standardized,hsbc,NZD,SGD,NZD/SGD,1,Indicative board,board,SGD < 50,std_lt_50,indicative_fx,2026-9-24,2026-9-24,2026-09-24T17:25:02.495427+00:00,0.7486,0.7048,0.7265,0.7267,MAS,3.041982105987613,2.9869236063317346
standardized,hsbc,PHP,SGD,PHP/SGD,100,Indicative board,board,"SGD 200 – 39,999.99",std_200_40k,indicative_fx,2026-9-24,2026-9-24,2026-09-24T17:25:02.495427+00:00,2.11,,2.04,,MAS,3.4313725490195996,
standardized,hsbc,PHP,SGD,PHP/SGD,100,Indicative board,board,"SGD 40,000 – 100,000",std_40k_100k,indicative_fx,2026-9-24,2026-9-24,2026-09-24T17:25:02.495427+00:00,2.11,,2.04,,MAS,3.4313725490195996,
standardized,hsbc,PHP,SGD,PHP/SGD,100,Indicative board,board,SGD 50 – 200,std_50_200,indicative_fx,2026-9-24,2026-9-24,2026-09-24T17:25:02.495427+00:00,2.11,,2.04,,MAS,3.4313725490195996,
standardized,hsbc,PHP,SGD,PHP/SGD,100,Indicative board,board,SGD < 50,std_lt_50,indicative_fx,2026-9-24,2026-9-24,2026-09-24T17:25:02.495427+00:00,2.11,,2.04,,MAS,3.4313725490195996,
standardized,hsbc,PKR,SGD,PKR/SGD,100,Indicative board,board,"SGD 200 – 39,999.99",std_200_40k,indicative_fx,2026-9-24,2026-9-24,2026-09-24T17:25:02.495427+00:00,0.48,,,,,,
standardized,hsbc,PKR,SGD,PKR/SGD,100,Indicative board,board,"SGD 40,000 – 100,000",std_40k_100k,indicative_fx,2026-9-24,2026-9-24,2026-09-24T17:25:02.495427+00:00,0.48,,,,,,
standardized,hsbc,PKR,SGD,PKR/SGD,100,Indicative board,board,SGD 50 – 200,std_50_200,indicative_fx,2026-9-24,2026-9-24,2026-09-24T17:25:02.495427+00:00,0.48,,,,,,
standardized,hsbc,PKR,SGD,PKR/SGD,100,Indicative board,board,SGD < 50,std_lt_50,indicative_fx,2026-9-24,2026-9-24,2026-09-24T17:25:02.495427+00:00,0.48,,,,,,
standardized,hsbc,QAR,SGD,QAR/SGD,100,Indicative board,board,"SGD 200 – 39,999.99",std_200_40k,indicative_fx,2026-9-24,2026-9-24,2026-09-24T17:25:02.495427+00:00,35.61,34.68,35.14,35.144999999999996,MAS,1.3375071143995414,1.3090495162208333
standardized,hsbc,QAR,SGD,QAR/SGD,100,Indicative board,board,"SGD 40,000 – 100,000",std_40k_100k,indicative_fx,2026-9-24,2026-9-24,2026-09-24T17:25:02.495427+00:00,35.61,34.68,35.14,35.144999999999996,MAS,1.3375071143995414,1.3090495162208333
standardized,hsbc,QAR,SGD,QAR/SGD,100,Indicative board,board,SGD 50 – 200,std_50_200,indicative_fx,2026-9-24,2026-9-24,2026-09-24T17:25:02.495427+00:00,35.61,34.68,35.14,35.144999999999996,MAS,1.3375071143995414,1.3090495162208333
standardized,hsbc,QAR,SGD,QAR/SGD,100,Indicative board,board,SGD < 50,std_lt_50,indicative_fx,2026-9-24,2026-9-24,2026-09-24T17:25:02.495427+00:00,35.61,34.68,35.14,35.144999999999996,MAS,1.3375071143995414,1.3090495162208333
standardized,hsbc,RUB,SGD,RUB/SGD,100,Indicative board,board,"SGD 200 – 39,999.99",std_200_40k,indicative_fx,2026-9-24,2026-9-24,2026-09-24T17:25:02.495427+00:00,15.64,14.57,,15.105,,,
standardized,hsbc,RUB,SGD,RUB/SGD,100,Indicative board,board,"SGD 40,000 – 100,000",std_40k_100k,indicative_fx,2026-9-24,2026-9-24,2026-09-24T17:25:02.495427+00:00,15.64,14.57,,15.105,,,
standardized,hsbc,RUB,SGD,RUB/SGD,100,Indicative board,board,SGD 50 – 200,std_50_200,indicative_fx,2026-9-24,2026-9-24,2026-09-24T17:25:02.495427+00:00,15.64,14.57,,15.105,,,
standardized,hsbc,RUB,SGD,RUB/SGD,100,Indicative board,board,SGD < 50,std_lt_50,indicative_fx,2026-9-24,2026-9-24,2026-09-24T17:25:02.495427+00:00,15.64,14.57,,15.105,,,
standardized,hsbc,SAR,SGD,SAR/SGD,100,Indicative board,board,"SGD 200 – 39,999.99",std_200_40k,indicative_fx,2026-9-24,2026-9-24,2026-09-24T17:25:02.495427+00:00,34.53,33.67,34.09,34.1,MAS,1.2907010853622696,1.2320328542094505
standardized,hsbc,SAR,SGD,SAR/SGD,100,Indicative board,board,"SGD 40,000 – 100,000",std_40k_100k,indicative_fx,2026-9-24,2026-9-24,2026-09-24T17:25:02.495427+00:00,34.53,33.67,34.09,34.1,MAS,1.2907010853622696,1.2320328542094505
standardized,hsbc,SAR,SGD,SAR/SGD,100,Indicative board,board,SGD 50 – 200,std_50_200,indicative_fx,2026-9-24,2026-9-24,2026-09-24T17:25:02.495427+00:00,34.53,33.67,34.09,34.1,MAS,1.2907010853622696,1.2320328542094505
standardized,hsbc,SAR,SGD,SAR/SGD,100,Indicative board,board,SGD < 50,std_lt_50,indicative_fx,2026-9-24,2026-9-24,2026-09-24T17:25:02.495427+00:00,34.53,33.67,34.09,34.1,MAS,1.2907010853622696,1.2320328542094505
standardized,hsbc,SEK,SGD,SEK/SGD,100,Indicative board,board,"SGD 200 – 39,999.99",std_200_40k,indicative_fx,2026-9-24,2026-9-24,2026-09-24T17:25:02.495427+00:00,13.3,12.51,,12.905000000000001,,,
standardized,hsbc,SEK,SGD,SEK/SGD,100,Indicative board,board,"SGD 40,000 – 100,000",std_40k_100k,indicative_fx,2026-9-24,2026-9-24,2026-09-24T17:25:02.495427+00:00,13.3,12.51,,12.905000000000001,,,
standardized,hsbc,SEK,SGD,SEK/SGD,100,Indicative board,board,SGD 50 – 200,std_50_200,indicative_fx,2026-9-24,2026-9-24,2026-09-24T17:25:02.495427+00:00,13.3,12.51,,12.905000000000001,,,
standardized,hsbc,SEK,SGD,SEK/SGD,100,Indicative board,board,SGD < 50,std_lt_50,indicative_fx,2026-9-24,2026-9-24,2026-09-24T17:25:02.495427+00:00,13.3,12.51,,12.905000000000001,,,
standardized,hsbc,THB,SGD,THB/SGD,100,Indicative board,board,"SGD 200 – 39,999.99",std_200_40k,indicative_fx,2026-9-24,2026-9-24,2026-09-24T17:25:02.495427+00:00,3.95,,3.8302000000000005,,MAS,3.127774006579282,
standardized,hsbc,THB,SGD,THB/SGD,100,Indicative board,board,"SGD 40,000 – 100,000",std_40k_100k,indicative_fx,2026-9-24,2026-9-24,2026-09-24T17:25:02.495427+00:00,3.95,,3.8302000000000005,,MAS,3.127774006579282,
standardized,hsbc,THB,SGD,THB/SGD,100,Indicative board,board,SGD 50 – 200,std_50_200,indicative_fx,2026-9-24,2026-9-24,2026-09-24T17:25:02.495427+00:00,3.95,,3.8302000000000005,,MAS,3.127774006579282,
standardized,hsbc,THB,SGD,THB/SGD,100,Indicative board,board,SGD < 50,std_lt_50,indicative_fx,2026-9-24,2026-9-24,2026-09-24T17:25:02.495427+00:00,3.95,,3.8302000000000005,,MAS,3.127774006579282,
standardized,hsbc,TRY,SGD,TRY/SGD,1,Indicative board,board,"SGD 200 – 39,999.99",std_200_40k,indicative_fx,2026-9-24,2026-9-24,2026-09-24T17:25:02.495427+00:00,0.027,,,,,,
standardized,hsbc,TRY,SGD,TRY/SGD,1,Indicative board,board,"SGD 40,000 – 100,000",std_40k_100k,indicative_fx,2026-9-24,2026-9-24,2026-09-24T17:25:02.495427+00:00,0.027,,,,,,
standardized,hsbc,TRY,SGD,TRY/SGD,1,Indicative board,board,SGD 50 – 200,std_50_200,indicative_fx,2026-9-24,2026-9-24,2026-09-24T17:25:02.495427+00:00,0.027,,,,,,
standardized,hsbc,TRY,SGD,TRY/SGD,1,Indicative board,board,SGD < 50,std_lt_50,indicative_fx,2026-9-24,2026-9-24,2026-09-24T17:25:02.495427+00:00,0.027,,,,,,
standardized,hsbc,USD,SGD,USD/SGD,1,Indicative board,board,"SGD 200 – 39,999.99",std_200_40k,indicative_fx,2026-9-24,2026-9-24,2026-09-24T17:25:02.495427+00:00,1.3063,1.2549,1.2803,1.2806,MAS,2.0307740373350014,1.9839100210888143
standardized,hsbc,USD,SGD,USD/SGD,1,Indicative board,board,"SGD 40,000 – 100,000",std_40k_100k,indicative_fx,2026-9-24,2026-9-24,2026-09-24T17:25:02.495427+00:00,1.3063,1.2549,1.2803,1.2806,MAS,2.0307740373350014,1.9839100210888143
standardized,hsbc,USD,SGD,USD/SGD,1,Indicative board,board,SGD 50 – 200,std_50_200,indicative_fx,2026-9-24,2026-9-24,2026-09-24T17:25:02.495427+00:00,1.3063,1.2549,1.2803,1.2806,MAS,2.0307740373350014,1.9839100210888143
standardized,hsbc,USD,SGD,USD/SGD,1,Indicative board,board,SGD < 50,std_lt_50,indicative_fx,2026-9-24,2026-9-24,2026-09-24T17:25:02.495427+00:00,1.3063,1.2549,1.2803,1.2806,MAS,2.0307740373350014,1.9839100210888143
standardized,hsbc,ZAR,SGD,ZAR/SGD,1,Indicative board,board,"SGD 200 – 39,999.99",std_200_40k,indicative_fx,2026-9-24,2026-9-24,2026-09-24T17:25:02.495427+00:00,0.0808,0.0756,,0.07819999999999999,,,
standardized,hsbc,ZAR,SGD,ZAR/SGD,1,Indicative board,board,"SGD 40,000 – 100,000",std_40k_100k,indicative_fx,2026-9-24,2026-9-24,2026-09-24T17:25:02.495427+00:00,0.0808,0.0756,,0.07819999999999999,,,
standardized,hsbc,ZAR,SGD,ZAR/SGD,1,Indicative board,board,SGD 50 – 200,std_50_200,indicative_fx,2026-9-24,2026-9-24,2026-09-24T17:25:02.495427+00:00,0.0808,0.0756,,0.07819999999999999,,,
standardized,hsbc,ZAR,SGD,ZAR/SGD,1,Indicative board,board,SGD < 50,std_lt_50,indicative_fx,2026-9-24,2026-9-24,2026-09-24T17:25:02.495427+00:00,0.0808,0.0756,,0.07819999999999999,,,
standardized,ocbc,AED,SGD,AED/SGD,100,"SGD 0 – 39,999.99",tier_1,"SGD 200 – 39,999.99",std_200_40k,fxRatesSgd,2026-09-24T07:00:13,2026-09-24T07:00:13,2026-09-24T17:24:59.917862+00:00,35.7431,33.7095,34.86,34.7263,MAS,2.5332759609868014,3.3003442340791764
standardized,ocbc,AED,SGD,AED/SGD,100,"SGD 40,000 – 100,000",tier_2,"SGD 40,000 – 100,000",std_40k_100k,fxRatesSgd,2026-09-24T07:00:13,2026-09-24T07:00:13,2026-09-24T17:24:59.917862+00:00,35.7325,33.7267,34.86,34.7263,MAS,2.502868617326455,3.2510040160642526
standardized,ocbc,AED,SGD,AED/SGD,100,"SGD 0 – 39,999.99",tier_1,SGD 50 – 200,std_50_200,fxRatesSgd,2026-09-24T07:00:13,2026-09-24T07:00:13,2026-09-24T17:24:59.917862+00:00,35.7431,33.7095,34.86,34.7263,MAS,2.5332759609868014,3.3003442340791764
standardized,ocbc,AED,SGD,AED/SGD,100,"SGD 0 – 39,999.99",tier_1,SGD < 50,std_lt_50,fxRatesSgd,2026-09-24T07:00:13,2026-09-24T07:00:13,2026-09-24T17:24:59.917862+00:00,35.7431,33.7095,34.86,34.7263,MAS,2.5332759609868014,3.3003442340791764
standardized,ocbc,AUD,SGD,AUD/SGD,1,"SGD 0 – 39,999.99",tier_1,"SGD 200 – 39,999.99",std_200_40k,fxRatesSgd,2026-09-24T07:00:13,2026-09-24T07:00:13,2026-09-24T17:24:59.917862+00:00,0.9157,0.8868,0.9,0.9013,MAS,1.7444444444444374,1.4666666666666655
standardized,ocbc,AUD,SGD,AUD/SGD,1,"SGD 40,000 – 100,000",tier_2,"SGD 40,000 – 100,000",std_40k_100k,fxRatesSgd,2026-09-24T07:00:13,2026-09-24T07:00:13,2026-09-24T17:24:59.917862+00:00,0.9139,0.8886,0.9,0.9013,MAS,1.5444444444444472,1.266666666666675
standardized,ocbc,AUD,SGD,AUD/SGD,1,"SGD 0 – 39,999.99",tier_1,SGD 50 – 200,std_50_200,fxRatesSgd,2026-09-24T07:00:13,2026-09-24T07:00:13,2026-09-24T17:24:59.917862+00:00,0.9157,0.8868,0.9,0.9013,MAS,1.7444444444444374,1.4666666666666655
standardized,ocbc,AUD,SGD,AUD/SGD,1,"SGD 0 – 39,999.99",tier_1,SGD < 50,std_lt_50,fxRatesSgd,2026-09-24T07:00:13,2026-09-24T07:00:13,2026-09-24T17:24:59.917862+00:00,0.9157,0.8868,0.9,0.9013,MAS,1.7444444444444374,1.4666666666666655
standardized,ocbc,BGN,SGD,BGN/SGD,100,"SGD 0 – 39,999.99",tier_1,"SGD 200 – 39,999.99",std_200_40k,fxRatesSgd,2026-09-24T07:00:13,2026-09-24T07:00:13,2026-09-24T17:24:59.917862+00:00,0.0,0.0,,0.0,,,
standardized,ocbc,BGN,SGD,BGN/SGD,100,"SGD 40,000 – 100,000",tier_2,"SGD 40,000 – 100,000",std_40k_100k,fxRatesSgd,2026-09-24T07:00:13,2026-09-24T07:00:13,2026-09-24T17:24:59.917862+00:00,0.0,0.0,,0.0,,,
standardized,ocbc,BGN,SGD,BGN/SGD,100,"SGD 0 – 39,999.99",tier_1,SGD 50 – 200,std_50_200,fxRatesSgd,2026-09-24T07:00:13,2026-09-24T07:00:13,2026-09-24T17:24:59.917862+00:00,0.0,0.0,,0.0,,,
standardized,ocbc,BGN,SGD,BGN/SGD,100,"SGD 0 – 39,999.99",tier_1,SGD < 50,std_lt_50,fxRatesSgd,2026-09-24T07:00:13,2026-09-24T07:00:13,2026-09-24T17:24:59.917862+00:00,0.0,0.0,,0.0,,,
standardized,ocbc,BHD,SGD,BHD/SGD,1,"SGD 0 – 39,999.99",tier_1,"SGD 200 – 39,999.99",std_200_40k,fxRatesSgd,2026-09-24T07:00:13,2026-09-24T07:00:13,2026-09-24T17:24:59.917862+00:00,0.0,0.0,,0.0,,,
standardized,ocbc,BHD,SGD,BHD/SGD,1,"SGD 40,000 – 100,000",tier_2,"SGD 40,000 – 100,000",std_40k_100k,fxRatesSgd,2026-09-24T07:00:13,2026-09-24T07:00:13,2026-09-24T17:24:59.917862+00:00,0.0,0.0,,0.0,,,
standardized,ocbc,BHD,SGD,BHD/SGD,1,"SGD 0 – 39,999.99",tier_1,SGD 50 – 200,std_50_200,fxRatesSgd,2026-09-24T07:00:13,2026-09-24T07:00:13,2026-09-24T17:24:59.917862+00:00,0.0,0.0,,0.0,,,
standardized,ocbc,BHD,SGD,BHD/SGD,1,"SGD 0 – 39,999.99",tier_1,SGD < 50,std_lt_50,fxRatesSgd,2026-09-24T07:00:13,2026-09-24T07:00:13,2026-09-24T17:24:59.917862+00:00,0.0,0.0,,0.0,,,
standardized,ocbc,CAD,SGD,CAD/SGD,1,"SGD 0 – 39,999.99",tier_1,"SGD 200 – 39,999.99",std_200_40k,fxRatesSgd,2026-09-24T07:00:13,2026-09-24T07:00:13,2026-09-24T17:24:59.917862+00:00,0.9229,0.8902,0.9076000000000001,0.9066,MAS,1.685764654032611,1.9171441163508243
standardized,ocbc,CAD,SGD,CAD/SGD,1,"SGD 40,000 – 100,000",tier_2,"SGD 40,000 – 100,000",std_40k_100k,fxRatesSgd,2026-09-24T07:00:13,2026-09-24T07:00:13,2026-09-24T17:24:59.917862+00:00,0.9211,0.892,0.9076000000000001,0.9066,MAS,1.487439400617007,1.71881886293522
standardized,ocbc,CAD,SGD,CAD/SGD,1,"SGD 0 – 39,999.99",tier_1,SGD 50 – 200,std_50_200,fxRatesSgd,2026-09-24T07:00:13,2026-09-24T07:00:13,2026-09-24T17:24:59.917862+00:00,0.9229,0.8902,0.9076000000000001,0.9066,MAS,1.685764654032611,1.9171441163508243
standardized,ocbc,CAD,SGD,CAD/SGD,1,"SGD 0 – 39,999.99",tier_1,SGD < 50,std_lt_50,fxRatesSgd,2026-09-24T07:00:13,2026-09-24T07:00:13,2026-09-24T17:24:59.917862+00:00,0.9229,0.8902,0.9076000000000001,0.9066,MAS,1.685764654032611,1.9171441163508243
standardized,ocbc,CHF,SGD,CHF/SGD,100,"SGD 0 – 39,999.99",tier_1,"SGD 200 – 39,999.99",std_200_40k,fxRatesSgd,2026-09-24T07:00:13,2026-09-24T07:00:13,2026-09-24T17:24:59.917862+00:00,157.4513,151.8615,155.29,154.6564,MAS,1.3917831154614022,2.2078047523987285
standardized,ocbc,CHF,SGD,CHF/SGD,100,"SGD 40,000 – 100,000",tier_2,"SGD 40,000 – 100,000",std_40k_100k,fxRatesSgd,2026-09-24T07:00:13,2026-09-24T07:00:13,2026-09-24T17:24:59.917862+00:00,157.142,152.1708,155.29,154.6564,MAS,1.192607379741132,2.0086290166784586
standardized,ocbc,CHF,SGD,CHF/SGD,100,"SGD 0 – 39,999.99",tier_1,SGD 50 – 200,std_50_200,fxRatesSgd,2026-09-24T07:00:13,2026-09-24T07:00:13,2026-09-24T17:24:59.917862+00:00,157.4513,151.8615,155.29,154.6564,MAS,1.3917831154614022,2.2078047523987285
standardized,ocbc,CHF,SGD,CHF/SGD,100,"SGD 0 – 39,999.99",tier_1,SGD < 50,std_lt_50,fxRatesSgd,2026-09-24T07:00:13,2026-09-24T07:00:13,2026-09-24T17:24:59.917862+00:00,157.4513,151.8615,155.29,154.6564,MAS,1.3917831154614022,2.2078047523987285
standardized,ocbc,CNH,SGD,CNH/SGD,100,"SGD 0 – 39,999.99",tier_1,"SGD 200 – 39,999.99",std_200_40k,fxRatesSgd,2026-09-24T07:00:13,2026-09-24T07:00:13,2026-09-24T17:24:59.917862+00:00,19.3976,18.8247,,19.1112,,,
standardized,ocbc,CNH,SGD,CNH/SGD,100,"SGD 40,000 – 100,000",tier_2,"SGD 40,000 – 100,000",std_40k_100k,fxRatesSgd,2026-09-24T07:00:13,2026-09-24T07:00:13,2026-09-24T17:24:59.917862+00:00,19.3786,18.8437,,19.1112,,,
standardized,ocbc,CNH,SGD,CNH/SGD,100,"SGD 0 – 39,999.99",tier_1,SGD 50 – 200,std_50_200,fxRatesSgd,2026-09-24T07:00:13,2026-09-24T07:00:13,2026-09-24T17:24:59.917862+00:00,19.3976,18.8247,,19.1112,,,
standardized,ocbc,CNH,SGD,CNH/SGD,100,"SGD 0 – 39,999.99",tier_1,SGD < 50,std_lt_50,fxRatesSgd,2026-09-24T07:00:13,2026-09-24T07:00:13,2026-09-24T17:24:59.917862+00:00,19.3976,18.8247,,19.1112,,,
standardized,ocbc,CZK,SGD,CZK/SGD,100,"SGD 0 – 39,999.99",tier_1,"SGD 200 – 39,999.99",std_200_40k,fxRatesSgd,2026-09-24T07:00:13,2026-09-24T07:00:13,2026-09-24T17:24:59.917862+00:00,0.0,0.0,,0.0,,,
standardized,ocbc,CZK,SGD,CZK/SGD,100,"SGD 40,000 – 100,000",tier_2,"SGD 40,000 – 100,000",std_40k_100k,fxRatesSgd,2026-09-24T07:00:13,2026-09-24T07:00:13,2026-09-24T17:24:59.917862+00:00,0.0,0.0,,0.0,,,
standardized,ocbc,CZK,SGD,CZK/SGD,100,"SGD 0 – 39,999.99",tier_1,SGD 50 – 200,std_50_200,fxRatesSgd,2026-09-24T07:00:13,2026-09-24T07:00:13,2026-09-24T17:24:59.917862+00:00,0.0,0.0,,0.0,,,
standardized,ocbc,CZK,SGD,CZK/SGD,100,"SGD 0 – 39,999.99",tier_1,SGD < 50,std_lt_50,fxRatesSgd,2026-09-24T07:00:13,2026-09-24T07:00:13,2026-09-24T17:24:59.917862+00:00,0.0,0.0,,0.0,,,
standardized,ocbc,DKK,SGD,DKK/SGD,100,"SGD 0 – 39,999.99",tier_1,"SGD 200 – 39,999.99",std_200_40k,fxRatesSgd,2026-09-24T07:00:13,2026-09-24T07:00:13,2026-09-24T17:24:59.917862+00:00,19.8196,19.1169,,19.4683,,,
standardized,ocbc,DKK,SGD,DKK/SGD,100,"SGD 40,000 – 100,000",tier_2,"SGD 40,000 – 100,000",std_40k_100k,fxRatesSgd,2026-09-24T07:00:13,2026-09-24T07:00:13,2026-09-24T17:24:59.917862+00:00,19.7807,19.1559,,19.4683,,,
standardized,ocbc,DKK,SGD,DKK/SGD,100,"SGD 0 – 39,999.99",tier_1,SGD 50 – 200,std_50_200,fxRatesSgd,2026-09-24T07:00:13,2026-09-24T07:00:13,2026-09-24T17:24:59.917862+00:00,19.8196,19.1169,,19.4683,,,
standardized,ocbc,DKK,SGD,DKK/SGD,100,"SGD 0 – 39,999.99",tier_1,SGD < 50,std_lt_50,fxRatesSgd,2026-09-24T07:00:13,2026-09-24T07:00:13,2026-09-24T17:24:59.917862+00:00,19.8196,19.1169,,19.4683,,,
standardized,ocbc,EUR,SGD,EUR/SGD,1,"SGD 0 – 39,999.99",tier_1,"SGD 200 – 39,999.99",std_200_40k,fxRatesSgd,2026-09-24T07:00:13,2026-09-24T07:00:13,2026-09-24T17:24:59.917862+00:00,1.4718,1.4356,1.4565,1.4537,MAS,1.0504634397528383,1.4349467902505952
standardized,ocbc,EUR,SGD,EUR/SGD,1,"SGD 40,000 – 100,000",tier_2,"SGD 40,000 – 100,000",std_40k_100k,fxRatesSgd,2026-09-24T07:00:13,2026-09-24T07:00:13,2026-09-24T17:24:59.917862+00:00,1.47,1.4375,1.4565,1.4537,MAS,0.9268795056642684,1.3044970820459942
standardized,ocbc,EUR,SGD,EUR/SGD,1,"SGD 0 – 39,999.99",tier_1,SGD 50 – 200,std_50_200,fxRatesSgd,2026-09-24T07:00:13,2026-09-24T07:00:13,2026-09-24T17:24:59.917862+00:00,1.4718,1.4356,1.4565,1.4537,MAS,1.0504634397528383,1.4349467902505952
standardized,ocbc,EUR,SGD,EUR/SGD,1,"SGD 0 – 39,999.99",tier_1,SGD < 50,std_lt_50,fxRatesSgd,2026-09-24T07:00:13,2026-09-24T07:00:13,2026-09-24T17:24:59.917862+00:00,1.4718,1.4356,1.4565,1.4537,MAS,1.0504634397528383,1.4349467902505952
standardized,ocbc,GBP,SGD,GBP/SGD,1,"SGD 0 – 39,999.99",tier_1,"SGD 200 – 39,999.99",std_200_40k,fxRatesSgd,2026-09-24T07:00:13,2026-09-24T07:00:13,2026-09-24T17:24:59.917862+00:00,1.7149,1.6695,1.6945,1.6922,MAS,1.2038949542638062,1.4753614635585668
standardized,ocbc,GBP,SGD,GBP/SGD,1,"SGD 40,000 – 100,000",tier_2,"SGD 40,000 – 100,000",std_40k_100k,fxRatesSgd,2026-09-24T07:00:13,2026-09-24T07:00:13,2026-09-24T17:24:59.917862+00:00,1.7132,1.6715,1.6945,1.6922,MAS,1.1035703747418213,1.3573325464738808
standardized,ocbc,GBP,SGD,GBP/SGD,1,"SGD 0 – 39,999.99",tier_1,SGD 50 – 200,std_50_200,fxRatesSgd,2026-09-24T07:00:13,2026-09-24T07:00:13,2026-09-24T17:24:59.917862+00:00,1.7149,1.6695,1.6945,1.6922,MAS,1.2038949542638062,1.4753614635585668
standardized,ocbc,GBP,SGD,GBP/SGD,1,"SGD 0 – 39,999.99",tier_1,SGD < 50,std_lt_50,fxRatesSgd,2026-09-24T07:00:13,2026-09-24T07:00:13,2026-09-24T17:24:59.917862+00:00,1.7149,1.6695,1.6945,1.6922,MAS,1.2038949542638062,1.4753614635585668
standardized,ocbc,HKD,SGD,HKD/SGD,100,"SGD 0 – 39,999.99",tier_1,"SGD 200 – 39,999.99",std_200_40k,fxRatesSgd,2026-09-24T07:00:13,2026-09-24T07:00:13,2026-09-24T17:24:59.917862+00:00,16.5255,16.1265,16.32,16.326,MAS,1.2591911764705925,1.1856617647058836
standardized,ocbc,HKD,SGD,HKD/SGD,100,"SGD 40,000 – 100,000",tier_2,"SGD 40,000 – 100,000",std_40k_100k,fxRatesSgd,2026-09-24T07:00:13,2026-09-24T07:00:13,2026-09-24T17:24:59.917862+00:00,16.4962,16.1362,16.32,16.326,MAS,1.0796568627451069,1.1262254901960878
standardized,ocbc,HKD,SGD,HKD/SGD,100,"SGD 0 – 39,999.99",tier_1,SGD 50 – 200,std_50_200,fxRatesSgd,2026-09-24T07:00:13,2026-09-24T07:00:13,2026-09-24T17:24:59.917862+00:00,16.5255,16.1265,16.32,16.326,MAS,1.2591911764705925,1.1856617647058836
standardized,ocbc,HKD,SGD,HKD/SGD,100,"SGD 0 – 39,999.99",tier_1,SGD < 50,std_lt_50,fxRatesSgd,2026-09-24T07:00:13,2026-09-24T07:00:13,2026-09-24T17:24:59.917862+00:00,16.5255,16.1265,16.32,16.326,MAS,1.2591911764705925,1.1856617647058836
standardized,ocbc,HUF,SGD,HUF/SGD,100,"SGD 0 – 39,999.99",tier_1,"SGD 200 – 39,999.99",std_200_40k,fxRatesSgd,2026-09-24T07:00:13,2026-09-24T07:00:13,2026-09-24T17:24:59.917862+00:00,0.0,0.0,,0.0,,,
standardized,ocbc,HUF,SGD,HUF/SGD,100,"SGD 40,000 – 100,000",tier_2,"SGD 40,000 – 100,000",std_40k_100k,fxRatesSgd,2026-09-24T07:00:13,2026-09-24T07:00:13,2026-09-24T17:24:59.917862+00:00,0.0,0.0,,0.0,,,
standardized,ocbc,HUF,SGD,HUF/SGD,100,"SGD 0 – 39,999.99",tier_1,SGD 50 – 200,std_50_200,fxRatesSgd,2026-09-24T07:00:13,2026-09-24T07:00:13,2026-09-24T17:24:59.917862+00:00,0.0,0.0,,0.0,,,
standardized,ocbc,HUF,SGD,HUF/SGD,100,"SGD 0 – 39,999.99",tier_1,SGD < 50,std_lt_50,fxRatesSgd,2026-09-24T07:00:13,2026-09-24T07:00:13,2026-09-24T17:24:59.917862+00:00,0.0,0.0,,0.0,,,
standardized,ocbc,IDR,SGD,IDR/SGD,100,"SGD 0 – 39,999.99",tier_1,"SGD 200 – 39,999.99",std_200_40k,fxRatesSgd,2026-09-24T07:00:13,2026-09-24T07:00:13,2026-09-24T17:24:59.917862+00:00,0.0074,0.0,0.007158,0.0074,MAS,3.380832634814194,100.0
standardized,ocbc,IDR,SGD,IDR/SGD,100,"SGD 40,000 – 100,000",tier_2,"SGD 40,000 – 100,000",std_40k_100k,fxRatesSgd,2026-09-24T07:00:13,2026-09-24T07:00:13,2026-09-24T17:24:59.917862+00:00,0.0073,0.0,0.007158,0.0074,MAS,1.9837943559653501,100.0
standardized,ocbc,IDR,SGD,IDR/SGD,100,"SGD 0 – 39,999.99",tier_1,SGD 50 – 200,std_50_200,fxRatesSgd,2026-09-24T07:00:13,2026-09-24T07:00:13,2026-09-24T17:24:59.917862+00:00,0.0074,0.0,0.007158,0.0074,MAS,3.380832634814194,100.0
standardized,ocbc,IDR,SGD,IDR/SGD,100,"SGD 0 – 39,999.99",tier_1,SGD < 50,std_lt_50,fxRatesSgd,2026-09-24T07:00:13,2026-09-24T07:00:13,2026-09-24T17:24:59.917862+00:00,0.0074,0.0,0.007158,0.0074,MAS,3.380832634814194,100.0
standardized,ocbc,ILS,SGD,ILS/SGD,100,"SGD 0 – 39,999.99",tier_1,"SGD 200 – 39,999.99",std_200_40k,fxRatesSgd,2026-09-24T07:00:13,2026-09-24T07:00:13,2026-09-24T17:24:59.917862+00:00,0.0,0.0,,0.0,,,
standardized,ocbc,ILS,SGD,ILS/SGD,100,"SGD 40,000 – 100,000",tier_2,"SGD 40,000 – 100,000",std_40k_100k,fxRatesSgd,2026-09-24T07:00:13,2026-09-24T07:00:13,2026-09-24T17:24:59.917862+00:00,0.0,0.0,,0.0,,,
standardized,ocbc,ILS,SGD,ILS/SGD,100,"SGD 0 – 39,999.99",tier_1,SGD 50 – 200,std_50_200,fxRatesSgd,2026-09-24T07:00:13,2026-09-24T07:00:13,2026-09-24T17:24:59.917862+00:00,0.0,0.0,,0.0,,,
standardized,ocbc,ILS,SGD,ILS/SGD,100,"SGD 0 – 39,999.99",tier_1,SGD < 50,std_lt_50,fxRatesSgd,2026-09-24T07:00:13,2026-09-24T07:00:13,2026-09-24T17:24:59.917862+00:00,0.0,0.0,,0.0,,,
standardized,ocbc,INR,SGD,INR/SGD,100,"SGD 0 – 39,999.99",tier_1,"SGD 200 – 39,999.99",std_200_40k,fxRatesSgd,2026-09-24T07:00:13,2026-09-24T07:00:13,2026-09-24T17:24:59.917862+00:00,1.3758,0.0,1.3358,1.3758,MAS,2.9944602485401863,100.0
standardized,ocbc,INR,SGD,INR/SGD,100,"SGD 40,000 – 100,000",tier_2,"SGD 40,000 – 100,000",std_40k_100k,fxRatesSgd,2026-09-24T07:00:13,2026-09-24T07:00:13,2026-09-24T17:24:59.917862+00:00,1.3731,0.0,1.3358,1.3758,MAS,2.7923341817637284,100.0
standardized,ocbc,INR,SGD,INR/SGD,100,"SGD 0 – 39,999.99",tier_1,SGD 50 – 200,std_50_200,fxRatesSgd,2026-09-24T07:00:13,2026-09-24T07:00:13,2026-09-24T17:24:59.917862+00:00,1.3758,0.0,1.3358,1.3758,MAS,2.9944602485401863,100.0
standardized,ocbc,INR,SGD,INR/SGD,100,"SGD 0 – 39,999.99",tier_1,SGD < 50,std_lt_50,fxRatesSgd,2026-09-24T07:00:13,2026-09-24T07:00:13,2026-09-24T17:24:59.917862+00:00,1.3758,0.0,1.3358,1.3758,MAS,2.9944602485401863,100.0
standardized,ocbc,JOD,SGD,JOD/SGD,1,"SGD 0 – 39,999.99",tier_1,"SGD 200 – 39,999.99",std_200_40k,fxRatesSgd,2026-09-24T07:00:13,2026-09-24T07:00:13,2026-09-24T17:24:59.917862+00:00,0.0,0.0,,0.0,,,
standardized,ocbc,JOD,SGD,JOD/SGD,1,"SGD 40,000 – 100,000",tier_2,"SGD 40,000 – 100,000",std_40k_100k,fxRatesSgd,2026-09-24T07:00:13,2026-09-24T07:00:13,2026-09-24T17:24:59.917862+00:00,0.0,0.0,,0.0,,,
standardized,ocbc,JOD,SGD,JOD/SGD,1,"SGD 0 – 39,999.99",tier_1,SGD 50 – 200,std_50_200,fxRatesSgd,2026-09-24T07:00:13,2026-09-24T07:00:13,2026-09-24T17:24:59.917862+00:00,0.0,0.0,,0.0,,,
standardized,ocbc,JOD,SGD,JOD/SGD,1,"SGD 0 – 39,999.99",tier_1,SGD < 50,std_lt_50,fxRatesSgd,2026-09-24T07:00:13,2026-09-24T07:00:13,2026-09-24T17:24:59.917862+00:00,0.0,0.0,,0.0,,,
standardized,ocbc,JPY,SGD,JPY/SGD,100,"SGD 0 – 39,999.99",tier_1,"SGD 200 – 39,999.99",std_200_40k,fxRatesSgd,2026-09-24T07:00:13,2026-09-24T07:00:13,2026-09-24T17:24:59.917862+00:00,0.8167,0.7966,0.8101,0.8067,MAS,0.8147142328107565,1.6664609307492984
standardized,ocbc,JPY,SGD,JPY/SGD,100,"SGD 40,000 – 100,000",tier_2,"SGD 40,000 – 100,000",std_40k_100k,fxRatesSgd,2026-09-24T07:00:13,2026-09-24T07:00:13,2026-09-24T17:24:59.917862+00:00,0.8158,0.798,0.8101,0.8067,MAS,0.703616837427469,1.4936427601530675
standardized,ocbc,JPY,SGD,JPY/SGD,100,"SGD 0 – 39,999.99",tier_1,SGD 50 – 200,std_50_200,fxRatesSgd,2026-09-24T07:00:13,2026-09-24T07:00:13,2026-09-24T17:24:59.917862+00:00,0.8167,0.7966,0.8101,0.8067,MAS,0.8147142328107565,1.6664609307492984
standardized,ocbc,JPY,SGD,JPY/SGD,100,"SGD 0 – 39,999.99",tier_1,SGD < 50,std_lt_50,fxRatesSgd,2026-09-24T07:00:13,2026-09-24T07:00:13,2026-09-24T17:24:59.917862+00:00,0.8167,0.7966,0.8101,0.8067,MAS,0.8147142328107565,1.6664609307492984
standardized,ocbc,KRW,SGD,KRW/SGD,100,"SGD 0 – 39,999.99",tier_1,"SGD 200 – 39,999.99",std_200_40k,fxRatesSgd,2026-09-24T07:00:13,2026-09-24T07:00:13,2026-09-24T17:24:59.917862+00:00,0.0,0.0,0.0933,0.0,MAS,-100.0,100.0
standardized,ocbc,KRW,SGD,KRW/SGD,100,"SGD 40,000 – 100,000",tier_2,"SGD 40,000 – 100,000",std_40k_100k,fxRatesSgd,2026-09-24T07:00:13,2026-09-24T07:00:13,2026-09-24T17:24:59.917862+00:00,0.0,0.0,0.0933,0.0,MAS,-100.0,100.0
standardized,ocbc,KRW,SGD,KRW/SGD,100,"SGD 0 – 39,999.99",tier_1,SGD 50 – 200,std_50_200,fxRatesSgd,2026-09-24T07:00:13,2026-09-24T07:00:13,2026-09-24T17:24:59.917862+00:00,0.0,0.0,0.0933,0.0,MAS,-100.0,100.0
standardized,ocbc,KRW,SGD,KRW/SGD,100,"SGD 0 – 39,999.99",tier_1,SGD < 50,std_lt_50,fxRatesSgd,2026-09-24T07:00:13,2026-09-24T07:00:13,2026-09-24T17:24:59.917862+00:00,0.0,0.0,0.0933,0.0,MAS,-100.0,100.0
standardized,ocbc,LKR,SGD,LKR/SGD,100,"SGD 0 – 39,999.99",tier_1,"SGD 200 – 39,999.99",std_200_40k,fxRatesSgd,2026-09-24T07:00:13,2026-09-24T07:00:13,2026-09-24T17:24:59.917862+00:00,0.4008,0.0,,0.4008,,,
standardized,ocbc,LKR,SGD,LKR/SGD,100,"SGD 40,000 – 100,000",tier_2,"SGD 40,000 – 100,000",std_40k_100k,fxRatesSgd,2026-09-24T07:00:13,2026-09-24T07:00:13,2026-09-24T17:24:59.917862+00:00,0.4,0.0,,0.4008,,,
standardized,ocbc,LKR,SGD,LKR/SGD,100,"SGD 0 – 39,999.99",tier_1,SGD 50 – 200,std_50_200,fxRatesSgd,2026-09-24T07:00:13,2026-09-24T07:00:13,2026-09-24T17:24:59.917862+00:00,0.4008,0.0,,0.4008,,,
standardized,ocbc,LKR,SGD,LKR/SGD,100,"SGD 0 – 39,999.99",tier_1,SGD < 50,std_lt_50,fxRatesSgd,2026-09-24T07:00:13,2026-09-24T07:00:13,2026-09-24T17:24:59.917862+00:00,0.4008,0.0,,0.4008,,,
standardized,ocbc,MAD,SGD,MAD/SGD,100,"SGD 0 – 39,999.99",tier_1,"SGD 200 – 39,999.99",std_200_40k,fxRatesSgd,2026-09-24T07:00:13,2026-09-24T07:00:13,2026-09-24T17:24:59.917862+00:00,0.0,0.0,,0.0,,,
standardized,ocbc,MAD,SGD,MAD/SGD,100,"SGD 40,000 – 100,000",tier_2,"SGD 40,000 – 100,000",std_40k_100k,fxRatesSgd,2026-09-24T07:00:13,2026-09-24T07:00:13,2026-09-24T17:24:59.917862+00:00,0.0,0.0,,0.0,,,
standardized,ocbc,MAD,SGD,MAD/SGD,100,"SGD 0 – 39,999.99",tier_1,SGD 50 – 200,std_50_200,fxRatesSgd,2026-09-24T07:00:13,2026-09-24T07:00:13,2026-09-24T17:24:59.917862+00:00,0.0,0.0,,0.0,,,
standardized,ocbc,MAD,SGD,MAD/SGD,100,"SGD 0 – 39,999.99",tier_1,SGD < 50,std_lt_50,fxRatesSgd,2026-09-24T07:00:13,2026-09-24T07:00:13,2026-09-24T17:24:59.917862+00:00,0.0,0.0,,0.0,,,
standardized,ocbc,MXN,SGD,MXN/SGD,100,"SGD 0 – 39,999.99",tier_1,"SGD 200 – 39,999.99",std_200_40k,fxRatesSgd,2026-09-24T07:00:13,2026-09-24T07:00:13,2026-09-24T17:24:59.917862+00:00,7.5386,0.0,,7.5386,,,
standardized,ocbc,MXN,SGD,MXN/SGD,100,"SGD 40,000 – 100,000",tier_2,"SGD 40,000 – 100,000",std_40k_100k,fxRatesSgd,2026-09-24T07:00:13,2026-09-24T07:00:13,2026-09-24T17:24:59.917862+00:00,7.5371,0.0,,7.5386,,,
standardized,ocbc,MXN,SGD,MXN/SGD,100,"SGD 0 – 39,999.99",tier_1,SGD 50 – 200,std_50_200,fxRatesSgd,2026-09-24T07:00:13,2026-09-24T07:00:13,2026-09-24T17:24:59.917862+00:00,7.5386,0.0,,7.5386,,,
standardized,ocbc,MXN,SGD,MXN/SGD,100,"SGD 0 – 39,999.99",tier_1,SGD < 50,std_lt_50,fxRatesSgd,2026-09-24T07:00:13,2026-09-24T07:00:13,2026-09-24T17:24:59.917862+00:00,7.5386,0.0,,7.5386,,,
standardized,ocbc,MYR,SGD,MYR/SGD,100,"SGD 0 – 39,999.99",tier_1,"SGD 200 – 39,999.99",std_200_40k,fxRatesSgd,2026-09-24T07:00:13,2026-09-24T07:00:13,2026-09-24T17:24:59.917862+00:00,0.0,0.0,31.36,0.0,MAS,-100.0,100.0
standardized,ocbc,MYR,SGD,MYR/SGD,100,"SGD 40,000 – 100,000",tier_2,"SGD 40,000 – 100,000",std_40k_100k,fxRatesSgd,2026-09-24T07:00:13,2026-09-24T07:00:13,2026-09-24T17:24:59.917862+00:00,0.0,0.0,31.36,0.0,MAS,-100.0,100.0
standardized,ocbc,MYR,SGD,MYR/SGD,100,"SGD 0 – 39,999.99",tier_1,SGD 50 – 200,std_50_200,fxRatesSgd,2026-09-24T07:00:13,2026-09-24T07:00:13,2026-09-24T17:24:59.917862+00:00,0.0,0.0,31.36,0.0,MAS,-100.0,100.0
standardized,ocbc,MYR,SGD,MYR/SGD,100,"SGD 0 – 39,999.99",tier_1,SGD < 50,std_lt_50,fxRatesSgd,2026-09-24T07:00:13,2026-09-24T07:00:13,2026-09-24T17:24:59.917862+00:00,0.0,0.0,31.36,0.0,MAS,-100.0,100.0
standardized,ocbc,NOK,SGD,NOK/SGD,100,"SGD 0 – 39,999.99",tier_1,"SGD 200 – 39,999.99",std_200_40k,fxRatesSgd,2026-09-24T07:00:13,2026-09-24T07:00:13,2026-09-24T17:24:59.917862+00:00,13.7441,13.2546,,13.4994,,,
standardized,ocbc,NOK,SGD,NOK/SGD,100,"SGD 40,000 – 100,000",tier_2,"SGD 40,000 – 100,000",std_40k_100k,fxRatesSgd,2026-09-24T07:00:13,2026-09-24T07:00:13,2026-09-24T17:24:59.917862+00:00,13.717,13.2816,,13.4994,,,
standardized,ocbc,NOK,SGD,NOK/SGD,100,"SGD 0 – 39,999.99",tier_1,SGD 50 – 200,std_50_200,fxRatesSgd,2026-09-24T07:00:13,2026-09-24T07:00:13,2026-09-24T17:24:59.917862+00:00,13.7441,13.2546,,13.4994,,,
standardized,ocbc,NOK,SGD,NOK/SGD,100,"SGD 0 – 39,999.99",tier_1,SGD < 50,std_lt_50,fxRatesSgd,2026-09-24T07:00:13,2026-09-24T07:00:13,2026-09-24T17:24:59.917862+00:00,13.7441,13.2546,,13.4994,,,
standardized,ocbc,NZD,SGD,NZD/SGD,1,"SGD 0 – 39,999.99",tier_1,"SGD 200 – 39,999.99",std_200_40k,fxRatesSgd,2026-09-24T07:00:13,2026-09-24T07:00:13,2026-09-24T17:24:59.917862+00:00,0.7405,0.7153,0.7265,0.7279,MAS,1.927047487955955,1.5416379903647608
standardized,ocbc,NZD,SGD,NZD/SGD,1,"SGD 40,000 – 100,000",tier_2,"SGD 40,000 – 100,000",std_40k_100k,fxRatesSgd,2026-09-24T07:00:13,2026-09-24T07:00:13,2026-09-24T17:24:59.917862+00:00,0.7387,0.7175,0.7265,0.7279,MAS,1.6792842395044718,1.2388162422573996
standardized,ocbc,NZD,SGD,NZD/SGD,1,"SGD 0 – 39,999.99",tier_1,SGD 50 – 200,std_50_200,fxRatesSgd,2026-09-24T07:00:13,2026-09-24T07:00:13,2026-09-24T17:24:59.917862+00:00,0.7405,0.7153,0.7265,0.7279,MAS,1.927047487955955,1.5416379903647608
standardized,ocbc,NZD,SGD,NZD/SGD,1,"SGD 0 – 39,999.99",tier_1,SGD < 50,std_lt_50,fxRatesSgd,2026-09-24T07:00:13,2026-09-24T07:00:13,2026-09-24T17:24:59.917862+00:00,0.7405,0.7153,0.7265,0.7279,MAS,1.927047487955955,1.5416379903647608
standardized,ocbc,OMR,SGD,OMR/SGD,1,"SGD 0 – 39,999.99",tier_1,"SGD 200 – 39,999.99",std_200_40k,fxRatesSgd,2026-09-24T07:00:13,2026-09-24T07:00:13,2026-09-24T17:24:59.917862+00:00,0.0,0.0,,0.0,,,
standardized,ocbc,OMR,SGD,OMR/SGD,1,"SGD 40,000 – 100,000",tier_2,"SGD 40,000 – 100,000",std_40k_100k,fxRatesSgd,2026-09-24T07:00:13,2026-09-24T07:00:13,2026-09-24T17:24:59.917862+00:00,0.0,0.0,,0.0,,,
standardized,ocbc,OMR,SGD,OMR/SGD,1,"SGD 0 – 39,999.99",tier_1,SGD 50 – 200,std_50_200,fxRatesSgd,2026-09-24T07:00:13,2026-09-24T07:00:13,2026-09-24T17:24:59.917862+00:00,0.0,0.0,,0.0,,,
standardized,ocbc,OMR,SGD,OMR/SGD,1,"SGD 0 – 39,999.99",tier_1,SGD < 50,std_lt_50,fxRatesSgd,2026-09-24T07:00:13,2026-09-24T07:00:13,2026-09-24T17:24:59.917862+00:00,0.0,0.0,,0.0,,,
standardized,ocbc,PHP,SGD,PHP/SGD,100,"SGD 0 – 39,999.99",tier_1,"SGD 200 – 39,999.99",std_200_40k,fxRatesSgd,2026-09-24T07:00:13,2026-09-24T07:00:13,2026-09-24T17:24:59.917862+00:00,2.1056,0.0,2.04,2.1056,MAS,3.215686274509798,100.0
standardized,ocbc,PHP,SGD,PHP/SGD,100,"SGD 40,000 – 100,000",tier_2,"SGD 40,000 – 100,000",std_40k_100k,fxRatesSgd,2026-09-24T07:00:13,2026-09-24T07:00:13,2026-09-24T17:24:59.917862+00:00,2.1046,0.0,2.04,2.1056,MAS,3.166666666666666,100.0
standardized,ocbc,PHP,SGD,PHP/SGD,100,"SGD 0 – 39,999.99",tier_1,SGD 50 – 200,std_50_200,fxRatesSgd,2026-09-24T07:00:13,2026-09-24T07:00:13,2026-09-24T17:24:59.917862+00:00,2.1056,0.0,2.04,2.1056,MAS,3.215686274509798,100.0
standardized,ocbc,PHP,SGD,PHP/SGD,100,"SGD 0 – 39,999.99",tier_1,SGD < 50,std_lt_50,fxRatesSgd,2026-09-24T07:00:13,2026-09-24T07:00:13,2026-09-24T17:24:59.917862+00:00,2.1056,0.0,2.04,2.1056,MAS,3.215686274509798,100.0
standardized,ocbc,PLN,SGD,PLN/SGD,100,"SGD 0 – 39,999.99",tier_1,"SGD 200 – 39,999.99",std_200_40k,fxRatesSgd,2026-09-24T07:00:13,2026-09-24T07:00:13,2026-09-24T17:24:59.917862+00:00,34.2969,32.1319,,33.2144,,,
standardized,ocbc,PLN,SGD,PLN/SGD,100,"SGD 40,000 – 100,000",tier_2,"SGD 40,000 – 100,000",std_40k_100k,fxRatesSgd,2026-09-24T07:00:13,2026-09-24T07:00:13,2026-09-24T17:24:59.917862+00:00,34.28,32.1581,,33.2144,,,
standardized,ocbc,PLN,SGD,PLN/SGD,100,"SGD 0 – 39,999.99",tier_1,SGD 50 – 200,std_50_200,fxRatesSgd,2026-09-24T07:00:13,2026-09-24T07:00:13,2026-09-24T17:24:59.917862+00:00,34.2969,32.1319,,33.2144,,,
standardized,ocbc,PLN,SGD,PLN/SGD,100,"SGD 0 – 39,999.99",tier_1,SGD < 50,std_lt_50,fxRatesSgd,2026-09-24T07:00:13,2026-09-24T07:00:13,2026-09-24T17:24:59.917862+00:00,34.2969,32.1319,,33.2144,,,
standardized,ocbc,QAR,SGD,QAR/SGD,100,"SGD 0 – 39,999.99",tier_1,"SGD 200 – 39,999.99",std_200_40k,fxRatesSgd,2026-09-24T07:00:13,2026-09-24T07:00:13,2026-09-24T17:24:59.917862+00:00,36.1468,34.0435,35.14,35.0952,MAS,2.865110984632892,3.120375640295956
standardized,ocbc,QAR,SGD,QAR/SGD,100,"SGD 40,000 – 100,000",tier_2,"SGD 40,000 – 100,000",std_40k_100k,fxRatesSgd,2026-09-24T07:00:13,2026-09-24T07:00:13,2026-09-24T17:24:59.917862+00:00,36.1253,34.0608,35.14,35.0952,MAS,2.803927148548669,3.0711439954467847
standardized,ocbc,QAR,SGD,QAR/SGD,100,"SGD 0 – 39,999.99",tier_1,SGD 50 – 200,std_50_200,fxRatesSgd,2026-09-24T07:00:13,2026-09-24T07:00:13,2026-09-24T17:24:59.917862+00:00,36.1468,34.0435,35.14,35.0952,MAS,2.865110984632892,3.120375640295956
standardized,ocbc,QAR,SGD,QAR/SGD,100,"SGD 0 – 39,999.99",tier_1,SGD < 50,std_lt_50,fxRatesSgd,2026-09-24T07:00:13,2026-09-24T07:00:13,2026-09-24T17:24:59.917862+00:00,36.1468,34.0435,35.14,35.0952,MAS,2.865110984632892,3.120375640295956
standardized,ocbc,RON,SGD,RON/SGD,100,"SGD 0 – 39,999.99",tier_1,"SGD 200 – 39,999.99",std_200_40k,fxRatesSgd,2026-09-24T07:00:13,2026-09-24T07:00:13,2026-09-24T17:24:59.917862+00:00,0.0,0.0,,0.0,,,
standardized,ocbc,RON,SGD,RON/SGD,100,"SGD 40,000 – 100,000",tier_2,"SGD 40,000 – 100,000",std_40k_100k,fxRatesSgd,2026-09-24T07:00:13,2026-09-24T07:00:13,2026-09-24T17:24:59.917862+00:00,0.0,0.0,,0.0,,,
standardized,ocbc,RON,SGD,RON/SGD,100,"SGD 0 – 39,999.99",tier_1,SGD 50 – 200,std_50_200,fxRatesSgd,2026-09-24T07:00:13,2026-09-24T07:00:13,2026-09-24T17:24:59.917862+00:00,0.0,0.0,,0.0,,,
standardized,ocbc,RON,SGD,RON/SGD,100,"SGD 0 – 39,999.99",tier_1,SGD < 50,std_lt_50,fxRatesSgd,2026-09-24T07:00:13,2026-09-24T07:00:13,2026-09-24T17:24:59.917862+00:00,0.0,0.0,,0.0,,,
standardized,ocbc,RUB,SGD,RUB/SGD,100,"SGD 0 – 39,999.99",tier_1,"SGD 200 – 39,999.99",std_200_40k,fxRatesSgd,2026-09-24T07:00:13,2026-09-24T07:00:13,2026-09-24T17:24:59.917862+00:00,0.0,0.0,,0.0,,,
standardized,ocbc,RUB,SGD,RUB/SGD,100,"SGD 40,000 – 100,000",tier_2,"SGD 40,000 – 100,000",std_40k_100k,fxRatesSgd,2026-09-24T07:00:13,2026-09-24T07:00:13,2026-09-24T17:24:59.917862+00:00,0.0,0.0,,0.0,,,
standardized,ocbc,RUB,SGD,RUB/SGD,100,"SGD 0 – 39,999.99",tier_1,SGD 50 – 200,std_50_200,fxRatesSgd,2026-09-24T07:00:13,2026-09-24T07:00:13,2026-09-24T17:24:59.917862+00:00,0.0,0.0,,0.0,,,
standardized,ocbc,RUB,SGD,RUB/SGD,100,"SGD 0 – 39,999.99",tier_1,SGD < 50,std_lt_50,fxRatesSgd,2026-09-24T07:00:13,2026-09-24T07:00:13,2026-09-24T17:24:59.917862+00:00,0.0,0.0,,0.0,,,
standardized,ocbc,SAR,SGD,SAR/SGD,100,"SGD 0 – 39,999.99",tier_1,"SGD 200 – 39,999.99",std_200_40k,fxRatesSgd,2026-09-24T07:00:13,2026-09-24T07:00:13,2026-09-24T17:24:59.917862+00:00,35.0295,33.1016,34.09,34.0656,MAS,2.75594015840421,2.899383983572912
standardized,ocbc,SAR,SGD,SAR/SGD,100,"SGD 40,000 – 100,000",tier_2,"SGD 40,000 – 100,000",std_40k_100k,fxRatesSgd,2026-09-24T07:00:13,2026-09-24T07:00:13,2026-09-24T17:24:59.917862+00:00,35.0122,33.1183,34.09,34.0656,MAS,2.7051921384570154,2.8503960105602975
standardized,ocbc,SAR,SGD,SAR/SGD,100,"SGD 0 – 39,999.99",tier_1,SGD 50 – 200,std_50_200,fxRatesSgd,2026-09-24T07:00:13,2026-09-24T07:00:13,2026-09-24T17:24:59.917862+00:00,35.0295,33.1016,34.09,34.0656,MAS,2.75594015840421,2.899383983572912
standardized,ocbc,SAR,SGD,SAR/SGD,100,"SGD 0 – 39,999.99",tier_1,SGD < 50,std_lt_50,fxRatesSgd,2026-09-24T07:00:13,2026-09-24T07:00:13,2026-09-24T17:24:59.917862+00:00,35.0295,33.1016,34.09,34.0656,MAS,2.75594015840421,2.899383983572912
standardized,ocbc,SEK,SGD,SEK/SGD,100,"SGD 0 – 39,999.99",tier_1,"SGD 200 – 39,999.99",std_200_40k,fxRatesSgd,2026-09-24T07:00:13,2026-09-24T07:00:13,2026-09-24T17:24:59.917862+00:00,13.1604,12.6918,,12.9261,,,
standardized,ocbc,SEK,SGD,SEK/SGD,100,"SGD 40,000 – 100,000",tier_2,"SGD 40,000 – 100,000",std_40k_100k,fxRatesSgd,2026-09-24T07:00:13,2026-09-24T07:00:13,2026-09-24T17:24:59.917862+00:00,13.1345,12.7176,,12.9261,,,
standardized,ocbc,SEK,SGD,SEK/SGD,100,"SGD 0 – 39,999.99",tier_1,SGD 50 – 200,std_50_200,fxRatesSgd,2026-09-24T07:00:13,2026-09-24T07:00:13,2026-09-24T17:24:59.917862+00:00,13.1604,12.6918,,12.9261,,,
standardized,ocbc,SEK,SGD,SEK/SGD,100,"SGD 0 – 39,999.99",tier_1,SGD < 50,std_lt_50,fxRatesSgd,2026-09-24T07:00:13,2026-09-24T07:00:13,2026-09-24T17:24:59.917862+00:00,13.1604,12.6918,,12.9261,,,
standardized,ocbc,THB,SGD,THB/SGD,100,"SGD 0 – 39,999.99",tier_1,"SGD 200 – 39,999.99",std_200_40k,fxRatesSgd,2026-09-24T07:00:13,2026-09-24T07:00:13,2026-09-24T17:24:59.917862+00:00,3.9312,3.7161,3.8302000000000005,3.8237,MAS,2.6369380189023945,2.978956712443228
standardized,ocbc,THB,SGD,THB/SGD,100,"SGD 40,000 – 100,000",tier_2,"SGD 40,000 – 100,000",std_40k_100k,fxRatesSgd,2026-09-24T07:00:13,2026-09-24T07:00:13,2026-09-24T17:24:59.917862+00:00,3.9236,3.7238,3.8302000000000005,3.8237,MAS,2.4385149600542917,2.7779228238734337
standardized,ocbc,THB,SGD,THB/SGD,100,"SGD 0 – 39,999.99",tier_1,SGD 50 – 200,std_50_200,fxRatesSgd,2026-09-24T07:00:13,2026-09-24T07:00:13,2026-09-24T17:24:59.917862+00:00,3.9312,3.7161,3.8302000000000005,3.8237,MAS,2.6369380189023945,2.978956712443228
standardized,ocbc,THB,SGD,THB/SGD,100,"SGD 0 – 39,999.99",tier_1,SGD < 50,std_lt_50,fxRatesSgd,2026-09-24T07:00:13,2026-09-24T07:00:13,2026-09-24T17:24:59.917862+00:00,3.9312,3.7161,3.8302000000000005,3.8237,MAS,2.6369380189023945,2.978956712443228
standardized,ocbc,TRY,SGD,TRY/SGD,100,"SGD 0 – 39,999.99",tier_1,"SGD 200 – 39,999.99",std_200_40k,fxRatesSgd,2026-09-24T07:00:13,2026-09-24T07:00:13,2026-09-24T17:24:59.917862+00:00,2.6896,2.5778,,2.6337,,,
standardized,ocbc,TRY,SGD,TRY/SGD,100,"SGD 40,000 – 100,000",tier_2,"SGD 40,000 – 100,000",std_40k_100k,fxRatesSgd,2026-09-24T07:00:13,2026-09-24T07:00:13,2026-09-24T17:24:59.917862+00:00,2.6883,2.578,,2.6337,,,
standardized,ocbc,TRY,SGD,TRY/SGD,100,"SGD 0 – 39,999.99",tier_1,SGD 50 – 200,std_50_200,fxRatesSgd,2026-09-24T07:00:13,2026-09-24T07:00:13,2026-09-24T17:24:59.917862+00:00,2.6896,2.5778,,2.6337,,,
standardized,ocbc,TRY,SGD,TRY/SGD,100,"SGD 0 – 39,999.99",tier_1,SGD < 50,std_lt_50,fxRatesSgd,2026-09-24T07:00:13,2026-09-24T07:00:13,2026-09-24T17:24:59.917862+00:00,2.6896,2.5778,,2.6337,,,
standardized,ocbc,TWD,SGD,TWD/SGD,100,"SGD 0 – 39,999.99",tier_1,"SGD 200 – 39,999.99",std_200_40k,fxRatesSgd,2026-09-24T07:00:13,2026-09-24T07:00:13,2026-09-24T17:24:59.917862+00:00,4.1866,0.0,4.0221,4.1866,MAS,4.0899032843539525,100.0
standardized,ocbc,TWD,SGD,TWD/SGD,100,"SGD 40,000 – 100,000",tier_2,"SGD 40,000 – 100,000",std_40k_100k,fxRatesSgd,2026-09-24T07:00:13,2026-09-24T07:00:13,2026-09-24T17:24:59.917862+00:00,0.0,0.0,4.0221,4.1866,MAS,-100.0,100.0
standardized,ocbc,TWD,SGD,TWD/SGD,100,"SGD 0 – 39,999.99",tier_1,SGD 50 – 200,std_50_200,fxRatesSgd,2026-09-24T07:00:13,2026-09-24T07:00:13,2026-09-24T17:24:59.917862+00:00,4.1866,0.0,4.0221,4.1866,MAS,4.0899032843539525,100.0
standardized,ocbc,TWD,SGD,TWD/SGD,100,"SGD 0 – 39,999.99",tier_1,SGD < 50,std_lt_50,fxRatesSgd,2026-09-24T07:00:13,2026-09-24T07:00:13,2026-09-24T17:24:59.917862+00:00,4.1866,0.0,4.0221,4.1866,MAS,4.0899032843539525,100.0
standardized,ocbc,USD,SGD,USD/SGD,1,"SGD 0 – 39,999.99",tier_1,"SGD 200 – 39,999.99",std_200_40k,fxRatesSgd,2026-09-24T07:00:13,2026-09-24T07:00:13,2026-09-24T17:24:59.917862+00:00,1.2918,1.2674,1.2803,1.2796,MAS,0.8982269780520241,1.0075763492931276
standardized,ocbc,USD,SGD,USD/SGD,1,"SGD 40,000 – 100,000",tier_2,"SGD 40,000 – 100,000",std_40k_100k,fxRatesSgd,2026-09-24T07:00:13,2026-09-24T07:00:13,2026-09-24T17:24:59.917862+00:00,1.2905,1.2697,1.2803,1.2796,MAS,0.7966882761852679,0.8279309536827262
standardized,ocbc,USD,SGD,USD/SGD,1,"SGD 0 – 39,999.99",tier_1,SGD 50 – 200,std_50_200,fxRatesSgd,2026-09-24T07:00:13,2026-09-24T07:00:13,2026-09-24T17:24:59.917862+00:00,1.2918,1.2674,1.2803,1.2796,MAS,0.8982269780520241,1.0075763492931276
standardized,ocbc,USD,SGD,USD/SGD,1,"SGD 0 – 39,999.99",tier_1,SGD < 50,std_lt_50,fxRatesSgd,2026-09-24T07:00:13,2026-09-24T07:00:13,2026-09-24T17:24:59.917862+00:00,1.2918,1.2674,1.2803,1.2796,MAS,0.8982269780520241,1.0075763492931276
standardized,ocbc,ZAR,SGD,ZAR/SGD,100,"SGD 0 – 39,999.99",tier_1,"SGD 200 – 39,999.99",std_200_40k,fxRatesSgd,2026-09-24T07:00:13,2026-09-24T07:00:13,2026-09-24T17:24:59.917862+00:00,8.0277,7.5563,,7.792,,,
standardized,ocbc,ZAR,SGD,ZAR/SGD,100,"SGD 40,000 – 100,000",tier_2,"SGD 40,000 – 100,000",std_40k_100k,fxRatesSgd,2026-09-24T07:00:13,2026-09-24T07:00:13,2026-09-24T17:24:59.917862+00:00,8.0238,7.5602,,7.792,,,
standardized,ocbc,ZAR,SGD,ZAR/SGD,100,"SGD 0 – 39,999.99",tier_1,SGD 50 – 200,std_50_200,fxRatesSgd,2026-09-24T07:00:13,2026-09-24T07:00:13,2026-09-24T17:24:59.917862+00:00,8.0277,7.5563,,7.792,,,
standardized,ocbc,ZAR,SGD,ZAR/SGD,100,"SGD 0 – 39,999.99",tier_1,SGD < 50,std_lt_50,fxRatesSgd,2026-09-24T07:00:13,2026-09-24T07:00:13,2026-09-24T17:24:59.917862+00:00,8.0277,7.5563,,7.792,,,
standardized,uob,AED,SGD,AED/SGD,100,Indicative board,board,"SGD 200 – 39,999.99",std_200_40k,forex_sgd,24 September 2026 05:11:52 PM,24 September 2026 05:11:52 PM,2026-09-24T17:25:01.812771+00:00,35.7,34.0,34.86,34.85,MAS,2.4096385542168774,2.467010900745839
standardized,uob,AED,SGD,AED/SGD,100,Indicative board,board,"SGD 40,000 – 100,000",std_40k_100k,forex_sgd,24 September 2026 05:11:52 PM,24 September 2026 05:11:52 PM,2026-09-24T17:25:01.812771+00:00,35.7,34.0,34.86,34.85,MAS,2.4096385542168774,2.467010900745839
standardized,uob,AED,SGD,AED/SGD,100,Indicative board,board,SGD 50 – 200,std_50_200,forex_sgd,24 September 2026 05:11:52 PM,24 September 2026 05:11:52 PM,2026-09-24T17:25:01.812771+00:00,35.7,34.0,34.86,34.85,MAS,2.4096385542168774,2.467010900745839
standardized,uob,AED,SGD,AED/SGD,100,Indicative board,board,SGD < 50,std_lt_50,forex_sgd,24 September 2026 05:11:52 PM,24 September 2026 05:11:52 PM,2026-09-24T17:25:01.812771+00:00,35.7,34.0,34.86,34.85,MAS,2.4096385542168774,2.467010900745839
standardized,uob,AOA,SGD,AOA/SGD,100,Indicative board,board,"SGD 200 – 39,999.99",std_200_40k,forex_sgd,24 September 2026 05:11:52 PM,24 September 2026 05:11:52 PM,2026-09-24T17:25:01.812771+00:00,0.1439,,,,,,
standardized,uob,AOA,SGD,AOA/SGD,100,Indicative board,board,"SGD 40,000 – 100,000",std_40k_100k,forex_sgd,24 September 2026 05:11:52 PM,24 September 2026 05:11:52 PM,2026-09-24T17:25:01.812771+00:00,0.1439,,,,,,
standardized,uob,AOA,SGD,AOA/SGD,100,Indicative board,board,SGD 50 – 200,std_50_200,forex_sgd,24 September 2026 05:11:52 PM,24 September 2026 05:11:52 PM,2026-09-24T17:25:01.812771+00:00,0.1439,,,,,,
standardized,uob,AOA,SGD,AOA/SGD,100,Indicative board,board,SGD < 50,std_lt_50,forex_sgd,24 September 2026 05:11:52 PM,24 September 2026 05:11:52 PM,2026-09-24T17:25:01.812771+00:00,0.1439,,,,,,
standardized,uob,AUD,SGD,AUD/SGD,1,Indicative board,board,"SGD 200 – 39,999.99",std_200_40k,forex_sgd,24 September 2026 05:11:52 PM,24 September 2026 05:11:52 PM,2026-09-24T17:25:01.812771+00:00,0.9154,0.8844,0.9,0.8998999999999999,MAS,1.7111111111111077,1.7333333333333398
standardized,uob,AUD,SGD,AUD/SGD,1,Indicative board,board,"SGD 40,000 – 100,000",std_40k_100k,forex_sgd,24 September 2026 05:11:52 PM,24 September 2026 05:11:52 PM,2026-09-24T17:25:01.812771+00:00,0.9154,0.8844,0.9,0.8998999999999999,MAS,1.7111111111111077,1.7333333333333398
standardized,uob,AUD,SGD,AUD/SGD,1,Indicative board,board,SGD 50 – 200,std_50_200,forex_sgd,24 September 2026 05:11:52 PM,24 September 2026 05:11:52 PM,2026-09-24T17:25:01.812771+00:00,0.9154,0.8844,0.9,0.8998999999999999,MAS,1.7111111111111077,1.7333333333333398
standardized,uob,AUD,SGD,AUD/SGD,1,Indicative board,board,SGD < 50,std_lt_50,forex_sgd,24 September 2026 05:11:52 PM,24 September 2026 05:11:52 PM,2026-09-24T17:25:01.812771+00:00,0.9154,0.8844,0.9,0.8998999999999999,MAS,1.7111111111111077,1.7333333333333398
standardized,uob,BDT,SGD,BDT/SGD,100,Indicative board,board,"SGD 200 – 39,999.99",std_200_40k,forex_sgd,24 September 2026 05:11:52 PM,24 September 2026 05:11:52 PM,2026-09-24T17:25:01.812771+00:00,1.0741,,,,,,
standardized,uob,BDT,SGD,BDT/SGD,100,Indicative board,board,"SGD 40,000 – 100,000",std_40k_100k,forex_sgd,24 September 2026 05:11:52 PM,24 September 2026 05:11:52 PM,2026-09-24T17:25:01.812771+00:00,1.0741,,,,,,
standardized,uob,BDT,SGD,BDT/SGD,100,Indicative board,board,SGD 50 – 200,std_50_200,forex_sgd,24 September 2026 05:11:52 PM,24 September 2026 05:11:52 PM,2026-09-24T17:25:01.812771+00:00,1.0741,,,,,,
standardized,uob,BDT,SGD,BDT/SGD,100,Indicative board,board,SGD < 50,std_lt_50,forex_sgd,24 September 2026 05:11:52 PM,24 September 2026 05:11:52 PM,2026-09-24T17:25:01.812771+00:00,1.0741,,,,,,
standardized,uob,BND,SGD,BND/SGD,1,Indicative board,board,"SGD 200 – 39,999.99",std_200_40k,forex_sgd,24 September 2026 05:11:52 PM,24 September 2026 05:11:52 PM,2026-09-24T17:25:01.812771+00:00,1.0,1.0,,1.0,,,
standardized,uob,BND,SGD,BND/SGD,1,Indicative board,board,"SGD 40,000 – 100,000",std_40k_100k,forex_sgd,24 September 2026 05:11:52 PM,24 September 2026 05:11:52 PM,2026-09-24T17:25:01.812771+00:00,1.0,1.0,,1.0,,,
standardized,uob,BND,SGD,BND/SGD,1,Indicative board,board,SGD 50 – 200,std_50_200,forex_sgd,24 September 2026 05:11:52 PM,24 September 2026 05:11:52 PM,2026-09-24T17:25:01.812771+00:00,1.0,1.0,,1.0,,,
standardized,uob,BND,SGD,BND/SGD,1,Indicative board,board,SGD < 50,std_lt_50,forex_sgd,24 September 2026 05:11:52 PM,24 September 2026 05:11:52 PM,2026-09-24T17:25:01.812771+00:00,1.0,1.0,,1.0,,,
standardized,uob,CAD,SGD,CAD/SGD,1,Indicative board,board,"SGD 200 – 39,999.99",std_200_40k,forex_sgd,24 September 2026 05:11:52 PM,24 September 2026 05:11:52 PM,2026-09-24T17:25:01.812771+00:00,0.9174,0.8974,0.9076000000000001,0.9074,MAS,1.0797708241515998,1.1238431026884197
standardized,uob,CAD,SGD,CAD/SGD,1,Indicative board,board,"SGD 40,000 – 100,000",std_40k_100k,forex_sgd,24 September 2026 05:11:52 PM,24 September 2026 05:11:52 PM,2026-09-24T17:25:01.812771+00:00,0.9174,0.8974,0.9076000000000001,0.9074,MAS,1.0797708241515998,1.1238431026884197
standardized,uob,CAD,SGD,CAD/SGD,1,Indicative board,board,SGD 50 – 200,std_50_200,forex_sgd,24 September 2026 05:11:52 PM,24 September 2026 05:11:52 PM,2026-09-24T17:25:01.812771+00:00,0.9174,0.8974,0.9076000000000001,0.9074,MAS,1.0797708241515998,1.1238431026884197
standardized,uob,CAD,SGD,CAD/SGD,1,Indicative board,board,SGD < 50,std_lt_50,forex_sgd,24 September 2026 05:11:52 PM,24 September 2026 05:11:52 PM,2026-09-24T17:25:01.812771+00:00,0.9174,0.8974,0.9076000000000001,0.9074,MAS,1.0797708241515998,1.1238431026884197
standardized,uob,CHF,SGD,CHF/SGD,100,Indicative board,board,"SGD 200 – 39,999.99",std_200_40k,forex_sgd,24 September 2026 05:11:52 PM,24 September 2026 05:11:52 PM,2026-09-24T17:25:01.812771+00:00,156.28,152.98,155.29,154.63,MAS,0.6375169038573051,1.4875394423336998
standardized,uob,CHF,SGD,CHF/SGD,100,Indicative board,board,"SGD 40,000 – 100,000",std_40k_100k,forex_sgd,24 September 2026 05:11:52 PM,24 September 2026 05:11:52 PM,2026-09-24T17:25:01.812771+00:00,156.28,152.98,155.29,154.63,MAS,0.6375169038573051,1.4875394423336998
standardized,uob,CHF,SGD,CHF/SGD,100,Indicative board,board,SGD 50 – 200,std_50_200,forex_sgd,24 September 2026 05:11:52 PM,24 September 2026 05:11:52 PM,2026-09-24T17:25:01.812771+00:00,156.28,152.98,155.29,154.63,MAS,0.6375169038573051,1.4875394423336998
standardized,uob,CHF,SGD,CHF/SGD,100,Indicative board,board,SGD < 50,std_lt_50,forex_sgd,24 September 2026 05:11:52 PM,24 September 2026 05:11:52 PM,2026-09-24T17:25:01.812771+00:00,156.28,152.98,155.29,154.63,MAS,0.6375169038573051,1.4875394423336998
standardized,uob,CNH,SGD,CNH/SGD,100,Indicative board,board,"SGD 200 – 39,999.99",std_200_40k,forex_sgd,24 September 2026 05:11:52 PM,24 September 2026 05:11:52 PM,2026-09-24T17:25:01.812771+00:00,19.29,18.83,,19.06,,,
standardized,uob,CNH,SGD,CNH/SGD,100,Indicative board,board,"SGD 40,000 – 100,000",std_40k_100k,forex_sgd,24 September 2026 05:11:52 PM,24 September 2026 05:11:52 PM,2026-09-24T17:25:01.812771+00:00,19.29,18.83,,19.06,,,
standardized,uob,CNH,SGD,CNH/SGD,100,Indicative board,board,SGD 50 – 200,std_50_200,forex_sgd,24 September 2026 05:11:52 PM,24 September 2026 05:11:52 PM,2026-09-24T17:25:01.812771+00:00,19.29,18.83,,19.06,,,
standardized,uob,CNH,SGD,CNH/SGD,100,Indicative board,board,SGD < 50,std_lt_50,forex_sgd,24 September 2026 05:11:52 PM,24 September 2026 05:11:52 PM,2026-09-24T17:25:01.812771+00:00,19.29,18.83,,19.06,,,
standardized,uob,DKK,SGD,DKK/SGD,100,Indicative board,board,"SGD 200 – 39,999.99",std_200_40k,forex_sgd,24 September 2026 05:11:52 PM,24 September 2026 05:11:52 PM,2026-09-24T17:25:01.812771+00:00,19.83,19.13,,19.479999999999997,,,
standardized,uob,DKK,SGD,DKK/SGD,100,Indicative board,board,"SGD 40,000 – 100,000",std_40k_100k,forex_sgd,24 September 2026 05:11:52 PM,24 September 2026 05:11:52 PM,2026-09-24T17:25:01.812771+00:00,19.83,19.13,,19.479999999999997,,,
standardized,uob,DKK,SGD,DKK/SGD,100,Indicative board,board,SGD 50 – 200,std_50_200,forex_sgd,24 September 2026 05:11:52 PM,24 September 2026 05:11:52 PM,2026-09-24T17:25:01.812771+00:00,19.83,19.13,,19.479999999999997,,,
standardized,uob,DKK,SGD,DKK/SGD,100,Indicative board,board,SGD < 50,std_lt_50,forex_sgd,24 September 2026 05:11:52 PM,24 September 2026 05:11:52 PM,2026-09-24T17:25:01.812771+00:00,19.83,19.13,,19.479999999999997,,,
standardized,uob,EGP,SGD,EGP/SGD,100,Indicative board,board,"SGD 200 – 39,999.99",std_200_40k,forex_sgd,24 September 2026 05:11:52 PM,24 September 2026 05:11:52 PM,2026-09-24T17:25:01.812771+00:00,2.5582,,,,,,
standardized,uob,EGP,SGD,EGP/SGD,100,Indicative board,board,"SGD 40,000 – 100,000",std_40k_100k,forex_sgd,24 September 2026 05:11:52 PM,24 September 2026 05:11:52 PM,2026-09-24T17:25:01.812771+00:00,2.5582,,,,,,
standardized,uob,EGP,SGD,EGP/SGD,100,Indicative board,board,SGD 50 – 200,std_50_200,forex_sgd,24 September 2026 05:11:52 PM,24 September 2026 05:11:52 PM,2026-09-24T17:25:01.812771+00:00,2.5582,,,,,,
standardized,uob,EGP,SGD,EGP/SGD,100,Indicative board,board,SGD < 50,std_lt_50,forex_sgd,24 September 2026 05:11:52 PM,24 September 2026 05:11:52 PM,2026-09-24T17:25:01.812771+00:00,2.5582,,,,,,
standardized,uob,EUR,SGD,EUR/SGD,1,Indicative board,board,"SGD 200 – 39,999.99",std_200_40k,forex_sgd,24 September 2026 05:11:52 PM,24 September 2026 05:11:52 PM,2026-09-24T17:25:01.812771+00:00,1.4757,1.4377,1.4565,1.4567,MAS,1.3182286302780712,1.2907655338139326
standardized,uob,EUR,SGD,EUR/SGD,1,Indicative board,board,"SGD 40,000 – 100,000",std_40k_100k,forex_sgd,24 September 2026 05:11:52 PM,24 September 2026 05:11:52 PM,2026-09-24T17:25:01.812771+00:00,1.4757,1.4377,1.4565,1.4567,MAS,1.3182286302780712,1.2907655338139326
standardized,uob,EUR,SGD,EUR/SGD,1,Indicative board,board,SGD 50 – 200,std_50_200,forex_sgd,24 September 2026 05:11:52 PM,24 September 2026 05:11:52 PM,2026-09-24T17:25:01.812771+00:00,1.4757,1.4377,1.4565,1.4567,MAS,1.3182286302780712,1.2907655338139326
standardized,uob,EUR,SGD,EUR/SGD,1,Indicative board,board,SGD < 50,std_lt_50,forex_sgd,24 September 2026 05:11:52 PM,24 September 2026 05:11:52 PM,2026-09-24T17:25:01.812771+00:00,1.4757,1.4377,1.4565,1.4567,MAS,1.3182286302780712,1.2907655338139326
standardized,uob,GBP,SGD,GBP/SGD,1,Indicative board,board,"SGD 200 – 39,999.99",std_200_40k,forex_sgd,24 September 2026 05:11:52 PM,24 September 2026 05:11:52 PM,2026-09-24T17:25:01.812771+00:00,1.7171,1.6721,1.6945,1.6945999999999999,MAS,1.3337267630569594,1.3219238713484789
standardized,uob,GBP,SGD,GBP/SGD,1,Indicative board,board,"SGD 40,000 – 100,000",std_40k_100k,forex_sgd,24 September 2026 05:11:52 PM,24 September 2026 05:11:52 PM,2026-09-24T17:25:01.812771+00:00,1.7171,1.6721,1.6945,1.6945999999999999,MAS,1.3337267630569594,1.3219238713484789
standardized,uob,GBP,SGD,GBP/SGD,1,Indicative board,board,SGD 50 – 200,std_50_200,forex_sgd,24 September 2026 05:11:52 PM,24 September 2026 05:11:52 PM,2026-09-24T17:25:01.812771+00:00,1.7171,1.6721,1.6945,1.6945999999999999,MAS,1.3337267630569594,1.3219238713484789
standardized,uob,GBP,SGD,GBP/SGD,1,Indicative board,board,SGD < 50,std_lt_50,forex_sgd,24 September 2026 05:11:52 PM,24 September 2026 05:11:52 PM,2026-09-24T17:25:01.812771+00:00,1.7171,1.6721,1.6945,1.6945999999999999,MAS,1.3337267630569594,1.3219238713484789
standardized,uob,HKD,SGD,HKD/SGD,100,Indicative board,board,"SGD 200 – 39,999.99",std_200_40k,forex_sgd,24 September 2026 05:11:52 PM,24 September 2026 05:11:52 PM,2026-09-24T17:25:01.812771+00:00,16.499,16.141,16.32,16.32,MAS,1.0968137254901869,1.0968137254902086
standardized,uob,HKD,SGD,HKD/SGD,100,Indicative board,board,"SGD 40,000 – 100,000",std_40k_100k,forex_sgd,24 September 2026 05:11:52 PM,24 September 2026 05:11:52 PM,2026-09-24T17:25:01.812771+00:00,16.499,16.141,16.32,16.32,MAS,1.0968137254901869,1.0968137254902086
standardized,uob,HKD,SGD,HKD/SGD,100,Indicative board,board,SGD 50 – 200,std_50_200,forex_sgd,24 September 2026 05:11:52 PM,24 September 2026 05:11:52 PM,2026-09-24T17:25:01.812771+00:00,16.499,16.141,16.32,16.32,MAS,1.0968137254901869,1.0968137254902086
standardized,uob,HKD,SGD,HKD/SGD,100,Indicative board,board,SGD < 50,std_lt_50,forex_sgd,24 September 2026 05:11:52 PM,24 September 2026 05:11:52 PM,2026-09-24T17:25:01.812771+00:00,16.499,16.141,16.32,16.32,MAS,1.0968137254901869,1.0968137254902086
standardized,uob,INR,SGD,INR/SGD,100,Indicative board,board,"SGD 200 – 39,999.99",std_200_40k,forex_sgd,24 September 2026 05:11:52 PM,24 September 2026 05:11:52 PM,2026-09-24T17:25:01.812771+00:00,1.3711,,1.3358,,MAS,2.6426111693367185,
standardized,uob,INR,SGD,INR/SGD,100,Indicative board,board,"SGD 40,000 – 100,000",std_40k_100k,forex_sgd,24 September 2026 05:11:52 PM,24 September 2026 05:11:52 PM,2026-09-24T17:25:01.812771+00:00,1.3711,,1.3358,,MAS,2.6426111693367185,
standardized,uob,INR,SGD,INR/SGD,100,Indicative board,board,SGD 50 – 200,std_50_200,forex_sgd,24 September 2026 05:11:52 PM,24 September 2026 05:11:52 PM,2026-09-24T17:25:01.812771+00:00,1.3711,,1.3358,,MAS,2.6426111693367185,
standardized,uob,INR,SGD,INR/SGD,100,Indicative board,board,SGD < 50,std_lt_50,forex_sgd,24 September 2026 05:11:52 PM,24 September 2026 05:11:52 PM,2026-09-24T17:25:01.812771+00:00,1.3711,,1.3358,,MAS,2.6426111693367185,
standardized,uob,JPY,SGD,JPY/SGD,100,Indicative board,board,"SGD 200 – 39,999.99",std_200_40k,forex_sgd,24 September 2026 05:11:52 PM,24 September 2026 05:11:52 PM,2026-09-24T17:25:01.812771+00:00,0.8243,0.7903,0.8101,0.8073,MAS,1.7528700160474004,2.444142698432297
standardized,uob,JPY,SGD,JPY/SGD,100,Indicative board,board,"SGD 40,000 – 100,000",std_40k_100k,forex_sgd,24 September 2026 05:11:52 PM,24 September 2026 05:11:52 PM,2026-09-24T17:25:01.812771+00:00,0.8243,0.7903,0.8101,0.8073,MAS,1.7528700160474004,2.444142698432297
standardized,uob,JPY,SGD,JPY/SGD,100,Indicative board,board,SGD 50 – 200,std_50_200,forex_sgd,24 September 2026 05:11:52 PM,24 September 2026 05:11:52 PM,2026-09-24T17:25:01.812771+00:00,0.8243,0.7903,0.8101,0.8073,MAS,1.7528700160474004,2.444142698432297
standardized,uob,JPY,SGD,JPY/SGD,100,Indicative board,board,SGD < 50,std_lt_50,forex_sgd,24 September 2026 05:11:52 PM,24 September 2026 05:11:52 PM,2026-09-24T17:25:01.812771+00:00,0.8243,0.7903,0.8101,0.8073,MAS,1.7528700160474004,2.444142698432297
standardized,uob,KRW,SGD,KRW/SGD,1000,Indicative board,board,"SGD 200 – 39,999.99",std_200_40k,forex_sgd,24 September 2026 05:11:52 PM,24 September 2026 05:11:52 PM,2026-09-24T17:25:01.812771+00:00,,,0.9329999999999999,,MAS,,
standardized,uob,KRW,SGD,KRW/SGD,1000,Indicative board,board,"SGD 40,000 – 100,000",std_40k_100k,forex_sgd,24 September 2026 05:11:52 PM,24 September 2026 05:11:52 PM,2026-09-24T17:25:01.812771+00:00,,,0.9329999999999999,,MAS,,
standardized,uob,KRW,SGD,KRW/SGD,1000,Indicative board,board,SGD 50 – 200,std_50_200,forex_sgd,24 September 2026 05:11:52 PM,24 September 2026 05:11:52 PM,2026-09-24T17:25:01.812771+00:00,,,0.9329999999999999,,MAS,,
standardized,uob,KRW,SGD,KRW/SGD,1000,Indicative board,board,SGD < 50,std_lt_50,forex_sgd,24 September 2026 05:11:52 PM,24 September 2026 05:11:52 PM,2026-09-24T17:25:01.812771+00:00,,,0.9329999999999999,,MAS,,
standardized,uob,KWD,SGD,KWD/SGD,1,Indicative board,board,"SGD 200 – 39,999.99",std_200_40k,forex_sgd,24 September 2026 05:11:52 PM,24 September 2026 05:11:52 PM,2026-09-24T17:25:01.812771+00:00,4.2003,,,,,,
standardized,uob,KWD,SGD,KWD/SGD,1,Indicative board,board,"SGD 40,000 – 100,000",std_40k_100k,forex_sgd,24 September 2026 05:11:52 PM,24 September 2026 05:11:52 PM,2026-09-24T17:25:01.812771+00:00,4.2003,,,,,,
standardized,uob,KWD,SGD,KWD/SGD,1,Indicative board,board,SGD 50 – 200,std_50_200,forex_sgd,24 September 2026 05:11:52 PM,24 September 2026 05:11:52 PM,2026-09-24T17:25:01.812771+00:00,4.2003,,,,,,
standardized,uob,KWD,SGD,KWD/SGD,1,Indicative board,board,SGD < 50,std_lt_50,forex_sgd,24 September 2026 05:11:52 PM,24 September 2026 05:11:52 PM,2026-09-24T17:25:01.812771+00:00,4.2003,,,,,,
standardized,uob,LKR,SGD,LKR/SGD,100,Indicative board,board,"SGD 200 – 39,999.99",std_200_40k,forex_sgd,24 September 2026 05:11:52 PM,24 September 2026 05:11:52 PM,2026-09-24T17:25:01.812771+00:00,0.3948,,,,,,
standardized,uob,LKR,SGD,LKR/SGD,100,Indicative board,board,"SGD 40,000 – 100,000",std_40k_100k,forex_sgd,24 September 2026 05:11:52 PM,24 September 2026 05:11:52 PM,2026-09-24T17:25:01.812771+00:00,0.3948,,,,,,
standardized,uob,LKR,SGD,LKR/SGD,100,Indicative board,board,SGD 50 – 200,std_50_200,forex_sgd,24 September 2026 05:11:52 PM,24 September 2026 05:11:52 PM,2026-09-24T17:25:01.812771+00:00,0.3948,,,,,,
standardized,uob,LKR,SGD,LKR/SGD,100,Indicative board,board,SGD < 50,std_lt_50,forex_sgd,24 September 2026 05:11:52 PM,24 September 2026 05:11:52 PM,2026-09-24T17:25:01.812771+00:00,0.3948,,,,,,
standardized,uob,MXN,SGD,MXN/SGD,100,Indicative board,board,"SGD 200 – 39,999.99",std_200_40k,forex_sgd,24 September 2026 05:11:52 PM,24 September 2026 05:11:52 PM,2026-09-24T17:25:01.812771+00:00,7.3829,,,,,,
standardized,uob,MXN,SGD,MXN/SGD,100,Indicative board,board,"SGD 40,000 – 100,000",std_40k_100k,forex_sgd,24 September 2026 05:11:52 PM,24 September 2026 05:11:52 PM,2026-09-24T17:25:01.812771+00:00,7.3829,,,,,,
standardized,uob,MXN,SGD,MXN/SGD,100,Indicative board,board,SGD 50 – 200,std_50_200,forex_sgd,24 September 2026 05:11:52 PM,24 September 2026 05:11:52 PM,2026-09-24T17:25:01.812771+00:00,7.3829,,,,,,
standardized,uob,MXN,SGD,MXN/SGD,100,Indicative board,board,SGD < 50,std_lt_50,forex_sgd,24 September 2026 05:11:52 PM,24 September 2026 05:11:52 PM,2026-09-24T17:25:01.812771+00:00,7.3829,,,,,,
standardized,uob,MYR,SGD,MYR/SGD,100,Indicative board,board,"SGD 200 – 39,999.99",std_200_40k,forex_sgd,24 September 2026 05:11:52 PM,24 September 2026 05:11:52 PM,2026-09-24T17:25:01.812771+00:00,31.837,,31.36,,MAS,1.521045918367348,
standardized,uob,MYR,SGD,MYR/SGD,100,Indicative board,board,"SGD 40,000 – 100,000",std_40k_100k,forex_sgd,24 September 2026 05:11:52 PM,24 September 2026 05:11:52 PM,2026-09-24T17:25:01.812771+00:00,31.837,,31.36,,MAS,1.521045918367348,
standardized,uob,MYR,SGD,MYR/SGD,100,Indicative board,board,SGD 50 – 200,std_50_200,forex_sgd,24 September 2026 05:11:52 PM,24 September 2026 05:11:52 PM,2026-09-24T17:25:01.812771+00:00,31.837,,31.36,,MAS,1.521045918367348,
standardized,uob,MYR,SGD,MYR/SGD,100,Indicative board,board,SGD < 50,std_lt_50,forex_sgd,24 September 2026 05:11:52 PM,24 September 2026 05:11:52 PM,2026-09-24T17:25:01.812771+00:00,31.837,,31.36,,MAS,1.521045918367348,
standardized,uob,NOK,SGD,NOK/SGD,100,Indicative board,board,"SGD 200 – 39,999.99",std_200_40k,forex_sgd,24 September 2026 05:11:52 PM,24 September 2026 05:11:52 PM,2026-09-24T17:25:01.812771+00:00,13.76,13.32,,13.54,,,
standardized,uob,NOK,SGD,NOK/SGD,100,Indicative board,board,"SGD 40,000 – 100,000",std_40k_100k,forex_sgd,24 September 2026 05:11:52 PM,24 September 2026 05:11:52 PM,2026-09-24T17:25:01.812771+00:00,13.76,13.32,,13.54,,,
standardized,uob,NOK,SGD,NOK/SGD,100,Indicative board,board,SGD 50 – 200,std_50_200,forex_sgd,24 September 2026 05:11:52 PM,24 September 2026 05:11:52 PM,2026-09-24T17:25:01.812771+00:00,13.76,13.32,,13.54,,,
standardized,uob,NOK,SGD,NOK/SGD,100,Indicative board,board,SGD < 50,std_lt_50,forex_sgd,24 September 2026 05:11:52 PM,24 September 2026 05:11:52 PM,2026-09-24T17:25:01.812771+00:00,13.76,13.32,,13.54,,,
standardized,uob,NZD,SGD,NZD/SGD,1,Indicative board,board,"SGD 200 – 39,999.99",std_200_40k,forex_sgd,24 September 2026 05:11:52 PM,24 September 2026 05:11:52 PM,2026-09-24T17:25:01.812771+00:00,0.7363,0.7163,0.7265,0.7263,MAS,1.3489332415691562,1.4039917412250498
standardized,uob,NZD,SGD,NZD/SGD,1,Indicative board,board,"SGD 40,000 – 100,000",std_40k_100k,forex_sgd,24 September 2026 05:11:52 PM,24 September 2026 05:11:52 PM,2026-09-24T17:25:01.812771+00:00,0.7363,0.7163,0.7265,0.7263,MAS,1.3489332415691562,1.4039917412250498
standardized,uob,NZD,SGD,NZD/SGD,1,Indicative board,board,SGD 50 – 200,std_50_200,forex_sgd,24 September 2026 05:11:52 PM,24 September 2026 05:11:52 PM,2026-09-24T17:25:01.812771+00:00,0.7363,0.7163,0.7265,0.7263,MAS,1.3489332415691562,1.4039917412250498
standardized,uob,NZD,SGD,NZD/SGD,1,Indicative board,board,SGD < 50,std_lt_50,forex_sgd,24 September 2026 05:11:52 PM,24 September 2026 05:11:52 PM,2026-09-24T17:25:01.812771+00:00,0.7363,0.7163,0.7265,0.7263,MAS,1.3489332415691562,1.4039917412250498
standardized,uob,PHP,SGD,PHP/SGD,100,Indicative board,board,"SGD 200 – 39,999.99",std_200_40k,forex_sgd,24 September 2026 05:11:52 PM,24 September 2026 05:11:52 PM,2026-09-24T17:25:01.812771+00:00,2.087,,2.04,,MAS,2.3039215686274583,
standardized,uob,PHP,SGD,PHP/SGD,100,Indicative board,board,"SGD 40,000 – 100,000",std_40k_100k,forex_sgd,24 September 2026 05:11:52 PM,24 September 2026 05:11:52 PM,2026-09-24T17:25:01.812771+00:00,2.087,,2.04,,MAS,2.3039215686274583,
standardized,uob,PHP,SGD,PHP/SGD,100,Indicative board,board,SGD 50 – 200,std_50_200,forex_sgd,24 September 2026 05:11:52 PM,24 September 2026 05:11:52 PM,2026-09-24T17:25:01.812771+00:00,2.087,,2.04,,MAS,2.3039215686274583,
standardized,uob,PHP,SGD,PHP/SGD,100,Indicative board,board,SGD < 50,std_lt_50,forex_sgd,24 September 2026 05:11:52 PM,24 September 2026 05:11:52 PM,2026-09-24T17:25:01.812771+00:00,2.087,,2.04,,MAS,2.3039215686274583,
standardized,uob,PKR,SGD,PKR/SGD,100,Indicative board,board,"SGD 200 – 39,999.99",std_200_40k,forex_sgd,24 September 2026 05:11:52 PM,24 September 2026 05:11:52 PM,2026-09-24T17:25:01.812771+00:00,0.4685,,,,,,
standardized,uob,PKR,SGD,PKR/SGD,100,Indicative board,board,"SGD 40,000 – 100,000",std_40k_100k,forex_sgd,24 September 2026 05:11:52 PM,24 September 2026 05:11:52 PM,2026-09-24T17:25:01.812771+00:00,0.4685,,,,,,
standardized,uob,PKR,SGD,PKR/SGD,100,Indicative board,board,SGD 50 – 200,std_50_200,forex_sgd,24 September 2026 05:11:52 PM,24 September 2026 05:11:52 PM,2026-09-24T17:25:01.812771+00:00,0.4685,,,,,,
standardized,uob,PKR,SGD,PKR/SGD,100,Indicative board,board,SGD < 50,std_lt_50,forex_sgd,24 September 2026 05:11:52 PM,24 September 2026 05:11:52 PM,2026-09-24T17:25:01.812771+00:00,0.4685,,,,,,
standardized,uob,SAR,SGD,SAR/SGD,100,Indicative board,board,"SGD 200 – 39,999.99",std_200_40k,forex_sgd,24 September 2026 05:11:52 PM,24 September 2026 05:11:52 PM,2026-09-24T17:25:01.812771+00:00,,,34.09,,MAS,,
standardized,uob,SAR,SGD,SAR/SGD,100,Indicative board,board,"SGD 40,000 – 100,000",std_40k_100k,forex_sgd,24 September 2026 05:11:52 PM,24 September 2026 05:11:52 PM,2026-09-24T17:25:01.812771+00:00,,,34.09,,MAS,,
standardized,uob,SAR,SGD,SAR/SGD,100,Indicative board,board,SGD 50 – 200,std_50_200,forex_sgd,24 September 2026 05:11:52 PM,24 September 2026 05:11:52 PM,2026-09-24T17:25:01.812771+00:00,,,34.09,,MAS,,
standardized,uob,SAR,SGD,SAR/SGD,100,Indicative board,board,SGD < 50,std_lt_50,forex_sgd,24 September 2026 05:11:52 PM,24 September 2026 05:11:52 PM,2026-09-24T17:25:01.812771+00:00,,,34.09,,MAS,,
standardized,uob,SEK,SGD,SEK/SGD,100,Indicative board,board,"SGD 200 – 39,999.99",std_200_40k,forex_sgd,24 September 2026 05:11:52 PM,24 September 2026 05:11:52 PM,2026-09-24T17:25:01.812771+00:00,13.16,12.68,,12.92,,,
standardized,uob,SEK,SGD,SEK/SGD,100,Indicative board,board,"SGD 40,000 – 100,000",std_40k_100k,forex_sgd,24 September 2026 05:11:52 PM,24 September 2026 05:11:52 PM,2026-09-24T17:25:01.812771+00:00,13.16,12.68,,12.92,,,
standardized,uob,SEK,SGD,SEK/SGD,100,Indicative board,board,SGD 50 – 200,std_50_200,forex_sgd,24 September 2026 05:11:52 PM,24 September 2026 05:11:52 PM,2026-09-24T17:25:01.812771+00:00,13.16,12.68,,12.92,,,
standardized,uob,SEK,SGD,SEK/SGD,100,Indicative board,board,SGD < 50,std_lt_50,forex_sgd,24 September 2026 05:11:52 PM,24 September 2026 05:11:52 PM,2026-09-24T17:25:01.812771+00:00,13.16,12.68,,12.92,,,
standardized,uob,THB,SGD,THB/SGD,100,Indicative board,board,"SGD 200 – 39,999.99",std_200_40k,forex_sgd,24 September 2026 05:11:52 PM,24 September 2026 05:11:52 PM,2026-09-24T17:25:01.812771+00:00,3.93,3.73,3.8302000000000005,3.83,MAS,2.6056080622421716,2.6160513811289356
standardized,uob,THB,SGD,THB/SGD,100,Indicative board,board,"SGD 40,000 – 100,000",std_40k_100k,forex_sgd,24 September 2026 05:11:52 PM,24 September 2026 05:11:52 PM,2026-09-24T17:25:01.812771+00:00,3.93,3.73,3.8302000000000005,3.83,MAS,2.6056080622421716,2.6160513811289356
standardized,uob,THB,SGD,THB/SGD,100,Indicative board,board,SGD 50 – 200,std_50_200,forex_sgd,24 September 2026 05:11:52 PM,24 September 2026 05:11:52 PM,2026-09-24T17:25:01.812771+00:00,3.93,3.73,3.8302000000000005,3.83,MAS,2.6056080622421716,2.6160513811289356
standardized,uob,THB,SGD,THB/SGD,100,Indicative board,board,SGD < 50,std_lt_50,forex_sgd,24 September 2026 05:11:52 PM,24 September 2026 05:11:52 PM,2026-09-24T17:25:01.812771+00:00,3.93,3.73,3.8302000000000005,3.83,MAS,2.6056080622421716,2.6160513811289356
standardized,uob,TWD,SGD,TWD/SGD,100,Indicative board,board,"SGD 200 – 39,999.99",std_200_40k,forex_sgd,24 September 2026 05:11:52 PM,24 September 2026 05:11:52 PM,2026-09-24T17:25:01.812771+00:00,4.1096,,4.0221,,MAS,2.1754804704010433,
standardized,uob,TWD,SGD,TWD/SGD,100,Indicative board,board,"SGD 40,000 – 100,000",std_40k_100k,forex_sgd,24 September 2026 05:11:52 PM,24 September 2026 05:11:52 PM,2026-09-24T17:25:01.812771+00:00,4.1096,,4.0221,,MAS,2.1754804704010433,
standardized,uob,TWD,SGD,TWD/SGD,100,Indicative board,board,SGD 50 – 200,std_50_200,forex_sgd,24 September 2026 05:11:52 PM,24 September 2026 05:11:52 PM,2026-09-24T17:25:01.812771+00:00,4.1096,,4.0221,,MAS,2.1754804704010433,
standardized,uob,TWD,SGD,TWD/SGD,100,Indicative board,board,SGD < 50,std_lt_50,forex_sgd,24 September 2026 05:11:52 PM,24 September 2026 05:11:52 PM,2026-09-24T17:25:01.812771+00:00,4.1096,,4.0221,,MAS,2.1754804704010433,
standardized,uob,USD,SGD,USD/SGD,1,Indicative board,board,"SGD 200 – 39,999.99",std_200_40k,forex_sgd,24 September 2026 05:11:52 PM,24 September 2026 05:11:52 PM,2026-09-24T17:25:01.812771+00:00,1.2919,1.2679,1.2803,1.2799,MAS,0.9060376474263887,0.968523002421305
standardized,uob,USD,SGD,USD/SGD,1,Indicative board,board,"SGD 40,000 – 100,000",std_40k_100k,forex_sgd,24 September 2026 05:11:52 PM,24 September 2026 05:11:52 PM,2026-09-24T17:25:01.812771+00:00,1.2919,1.2679,1.2803,1.2799,MAS,0.9060376474263887,0.968523002421305
standardized,uob,USD,SGD,USD/SGD,1,Indicative board,board,SGD 50 – 200,std_50_200,forex_sgd,24 September 2026 05:11:52 PM,24 September 2026 05:11:52 PM,2026-09-24T17:25:01.812771+00:00,1.2919,1.2679,1.2803,1.2799,MAS,0.9060376474263887,0.968523002421305
standardized,uob,USD,SGD,USD/SGD,1,Indicative board,board,SGD < 50,std_lt_50,forex_sgd,24 September 2026 05:11:52 PM,24 September 2026 05:11:52 PM,2026-09-24T17:25:01.812771+00:00,1.2919,1.2679,1.2803,1.2799,MAS,0.9060376474263887,0.968523002421305
standardized,uob,VND,SGD,VND/SGD,1000,Indicative board,board,"SGD 200 – 39,999.99",std_200_40k,forex_sgd,24 September 2026 05:11:52 PM,24 September 2026 05:11:52 PM,2026-09-24T17:25:01.812771+00:00,0.0504,,0.049249999999999995,,MAS,2.3350253807106705,
standardized,uob,VND,SGD,VND/SGD,1000,Indicative board,board,"SGD 40,000 – 100,000",std_40k_100k,forex_sgd,24 September 2026 05:11:52 PM,24 September 2026 05:11:52 PM,2026-09-24T17:25:01.812771+00:00,0.0504,,0.049249999999999995,,MAS,2.3350253807106705,
standardized,uob,VND,SGD,VND/SGD,1000,Indicative board,board,SGD 50 – 200,std_50_200,forex_sgd,24 September 2026 05:11:52 PM,24 September 2026 05:11:52 PM,2026-09-24T17:25:01.812771+00:00,0.0504,,0.049249999999999995,,MAS,2.3350253807106705,
standardized,uob,VND,SGD,VND/SGD,1000,Indicative board,board,SGD < 50,std_lt_50,forex_sgd,24 September 2026 05:11:52 PM,24 September 2026 05:11:52 PM,2026-09-24T17:25:01.812771+00:00,0.0504,,0.049249999999999995,,MAS,2.3350253807106705,
standardized,uob,XAF,SGD,XAF/SGD,100,Indicative board,board,"SGD 200 – 39,999.99",std_200_40k,forex_sgd,24 September 2026 05:11:52 PM,24 September 2026 05:11:52 PM,2026-09-24T17:25:01.812771+00:00,0.2284,,,,,,
standardized,uob,XAF,SGD,XAF/SGD,100,Indicative board,board,"SGD 40,000 – 100,000",std_40k_100k,forex_sgd,24 September 2026 05:11:52 PM,24 September 2026 05:11:52 PM,2026-09-24T17:25:01.812771+00:00,0.2284,,,,,,
standardized,uob,XAF,SGD,XAF/SGD,100,Indicative board,board,SGD 50 – 200,std_50_200,forex_sgd,24 September 2026 05:11:52 PM,24 September 2026 05:11:52 PM,2026-09-24T17:25:01.812771+00:00,0.2284,,,,,,
standardized,uob,XAF,SGD,XAF/SGD,100,Indicative board,board,SGD < 50,std_lt_50,forex_sgd,24 September 2026 05:11:52 PM,24 September 2026 05:11:52 PM,2026-09-24T17:25:01.812771+00:00,0.2284,,,,,,
standardized,uob,XOF,SGD,XOF/SGD,100,Indicative board,board,"SGD 200 – 39,999.99",std_200_40k,forex_sgd,24 September 2026 05:11:52 PM,24 September 2026 05:11:52 PM,2026-09-24T17:25:01.812771+00:00,0.2302,,,,,,
standardized,uob,XOF,SGD,XOF/SGD,100,Indicative board,board,"SGD 40,000 – 100,000",std_40k_100k,forex_sgd,24 September 2026 05:11:52 PM,24 September 2026 05:11:52 PM,2026-09-24T17:25:01.812771+00:00,0.2302,,,,,,
standardized,uob,XOF,SGD,XOF/SGD,100,Indicative board,board,SGD 50 – 200,std_50_200,forex_sgd,24 September 2026 05:11:52 PM,24 September 2026 05:11:52 PM,2026-09-24T17:25:01.812771+00:00,0.2302,,,,,,
standardized,uob,XOF,SGD,XOF/SGD,100,Indicative board,board,SGD < 50,std_lt_50,forex_sgd,24 September 2026 05:11:52 PM,24 September 2026 05:11:52 PM,2026-09-24T17:25:01.812771+00:00,0.2302,,,,,,
standardized,uob,ZAR,SGD,ZAR/SGD,1,Indicative board,board,"SGD 200 – 39,999.99",std_200_40k,forex_sgd,24 September 2026 05:11:52 PM,24 September 2026 05:11:52 PM,2026-09-24T17:25:01.812771+00:00,0.08,0.076,,0.078,,,
standardized,uob,ZAR,SGD,ZAR/SGD,1,Indicative board,board,"SGD 40,000 – 100,000",std_40k_100k,forex_sgd,24 September 2026 05:11:52 PM,24 September 2026 05:11:52 PM,2026-09-24T17:25:01.812771+00:00,0.08,0.076,,0.078,,,
standardized,uob,ZAR,SGD,ZAR/SGD,1,Indicative board,board,SGD 50 – 200,std_50_200,forex_sgd,24 September 2026 05:11:52 PM,24 September 2026 05:11:52 PM,2026-09-24T17:25:01.812771+00:00,0.08,0.076,,0.078,,,
standardized,uob,ZAR,SGD,ZAR/SGD,1,Indicative board,board,SGD < 50,std_lt_50,forex_sgd,24 September 2026 05:11:52 PM,24 September 2026 05:11:52 PM,2026-09-24T17:25:01.812771+00:00,0.08,0.076,,0.078,,,
