record_type,bank,base_currency,quote_currency,currency_pair,unit,transaction_value,amount_tier,std_transaction_value,std_amount_tier,group,effective_date,last_updated,scraped_at,tt_od_sell,tt_buy,mid_rate,bank_mid_rate,mid_source,sell_margin_pct,buy_margin_pct
native,dbs,AED,SGD,AED/SGD,1,SGD 50 – 200,amtBtw50And200,,,mainCurrencies,2026-09-05 06:00:00,2026-09-04 22:00:13,2026-09-05T15:23:13.721534+00:00,0.3476,0.3423,,0.34495,,,
native,dbs,AED,SGD,AED/SGD,1,SGD < 50,amtLessThan50,,,mainCurrencies,2026-09-05 06:00:00,2026-09-04 22:00:13,2026-09-05T15:23:13.721534+00:00,0.3503,0.3395,,0.3449,,,
native,dbs,AUD,SGD,AUD/SGD,1,SGD 50 – 200,amtBtw50And200,,,mainCurrencies,2026-09-05 06:00:00,2026-09-04 22:00:13,2026-09-05T15:23:13.721534+00:00,0.9241,0.9014,,0.91275,,,
native,dbs,AUD,SGD,AUD/SGD,1,SGD < 50,amtLessThan50,,,mainCurrencies,2026-09-05 06:00:00,2026-09-04 22:00:13,2026-09-05T15:23:13.721534+00:00,0.9246,0.901,,0.9128000000000001,,,
native,dbs,BDT,SGD,BDT/SGD,100,SGD 50 – 200,amtBtw50And200,,,otherCurrencies,2026-09-05 06:00:00,2026-09-04 22:00:13,2026-09-05T15:23:13.721534+00:00,1.0423,,,,,,
native,dbs,BDT,SGD,BDT/SGD,100,SGD < 50,amtLessThan50,,,otherCurrencies,2026-09-05 06:00:00,2026-09-04 22:00:13,2026-09-05T15:23:13.721534+00:00,1.0423,,,,,,
native,dbs,BHD,SGD,BHD/SGD,1,SGD 50 – 200,amtBtw50And200,,,otherCurrencies,2026-09-05 06:00:00,2026-09-04 22:00:13,2026-09-05T15:23:13.721534+00:00,3.4258,,,,,,
native,dbs,BHD,SGD,BHD/SGD,1,SGD < 50,amtLessThan50,,,otherCurrencies,2026-09-05 06:00:00,2026-09-04 22:00:13,2026-09-05T15:23:13.721534+00:00,3.4393,,,,,,
native,dbs,BND,SGD,BND/SGD,1,SGD 50 – 200,amtBtw50And200,,,otherCurrencies,2026-09-05 06:00:00,2026-09-04 22:00:13,2026-09-05T15:23:13.721534+00:00,1.0,1.0,,1.0,,,
native,dbs,BND,SGD,BND/SGD,1,SGD < 50,amtLessThan50,,,otherCurrencies,2026-09-05 06:00:00,2026-09-04 22:00:13,2026-09-05T15:23:13.721534+00:00,1.0,1.0,,1.0,,,
native,dbs,CAD,SGD,CAD/SGD,1,SGD 50 – 200,amtBtw50And200,,,mainCurrencies,2026-09-05 06:00:00,2026-09-04 22:00:13,2026-09-05T15:23:13.721534+00:00,0.9235,0.9075,,0.9155,,,
native,dbs,CAD,SGD,CAD/SGD,1,SGD < 50,amtLessThan50,,,mainCurrencies,2026-09-05 06:00:00,2026-09-04 22:00:13,2026-09-05T15:23:13.721534+00:00,0.9267,0.9043,,0.9155,,,
native,dbs,CHF,SGD,CHF/SGD,1,SGD 50 – 200,amtBtw50And200,,,mainCurrencies,2026-09-05 06:00:00,2026-09-04 22:00:13,2026-09-05T15:23:13.721534+00:00,1.5805,1.5466,,1.56355,,,
native,dbs,CHF,SGD,CHF/SGD,1,SGD < 50,amtLessThan50,,,mainCurrencies,2026-09-05 06:00:00,2026-09-04 22:00:13,2026-09-05T15:23:13.721534+00:00,1.5812,1.5458,,1.5635,,,
native,dbs,CNH,SGD,CNH/SGD,1,SGD 50 – 200,amtBtw50And200,,,mainCurrencies,2026-09-05 06:00:00,2026-09-04 22:00:13,2026-09-05T15:23:13.721534+00:00,0.1912,0.1864,,0.18880000000000002,,,
native,dbs,CNH,SGD,CNH/SGD,1,SGD < 50,amtLessThan50,,,mainCurrencies,2026-09-05 06:00:00,2026-09-04 22:00:13,2026-09-05T15:23:13.721534+00:00,0.1918,0.1857,,0.18875,,,
native,dbs,CNY,SGD,CNY/SGD,1,SGD 50 – 200,amtBtw50And200,,,otherCurrencies,2026-09-05 06:00:00,2026-09-04 22:00:13,2026-09-05T15:23:13.721534+00:00,0.1888,,,,,,
native,dbs,CNY,SGD,CNY/SGD,1,SGD < 50,amtLessThan50,,,otherCurrencies,2026-09-05 06:00:00,2026-09-04 22:00:13,2026-09-05T15:23:13.721534+00:00,0.1905,,,,,,
native,dbs,DKK,SGD,DKK/SGD,1,SGD 50 – 200,amtBtw50And200,,,mainCurrencies,2026-09-05 06:00:00,2026-09-04 22:00:13,2026-09-05T15:23:13.721534+00:00,0.1997,0.1938,,0.19674999999999998,,,
native,dbs,DKK,SGD,DKK/SGD,1,SGD < 50,amtLessThan50,,,mainCurrencies,2026-09-05 06:00:00,2026-09-04 22:00:13,2026-09-05T15:23:13.721534+00:00,0.2001,0.1935,,0.1968,,,
native,dbs,EUR,SGD,EUR/SGD,1,SGD 50 – 200,amtBtw50And200,,,mainCurrencies,2026-09-05 06:00:00,2026-09-04 22:00:13,2026-09-05T15:23:13.721534+00:00,1.4853,1.4569,,1.4711,,,
native,dbs,EUR,SGD,EUR/SGD,1,SGD < 50,amtLessThan50,,,mainCurrencies,2026-09-05 06:00:00,2026-09-04 22:00:13,2026-09-05T15:23:13.721534+00:00,1.4861,1.4562,,1.47115,,,
native,dbs,GBP,SGD,GBP/SGD,1,SGD 50 – 200,amtBtw50And200,,,mainCurrencies,2026-09-05 06:00:00,2026-09-04 22:00:13,2026-09-05T15:23:13.721534+00:00,1.7276,1.6977,,1.71265,,,
native,dbs,GBP,SGD,GBP/SGD,1,SGD < 50,amtLessThan50,,,mainCurrencies,2026-09-05 06:00:00,2026-09-04 22:00:13,2026-09-05T15:23:13.721534+00:00,1.7293,1.696,,1.71265,,,
native,dbs,HKD,SGD,HKD/SGD,1,SGD 50 – 200,amtBtw50And200,,,mainCurrencies,2026-09-05 06:00:00,2026-09-04 22:00:13,2026-09-05T15:23:13.721534+00:00,0.1633,0.1597,,0.1615,,,
native,dbs,HKD,SGD,HKD/SGD,1,SGD < 50,amtLessThan50,,,mainCurrencies,2026-09-05 06:00:00,2026-09-04 22:00:13,2026-09-05T15:23:13.721534+00:00,0.1635,0.1596,,0.16155,,,
native,dbs,HUF,SGD,HUF/SGD,100,SGD 50 – 200,amtBtw50And200,,,otherCurrencies,2026-09-05 06:00:00,2026-09-04 22:00:13,2026-09-05T15:23:13.721534+00:00,0.4158,,,,,,
native,dbs,HUF,SGD,HUF/SGD,100,SGD < 50,amtLessThan50,,,otherCurrencies,2026-09-05 06:00:00,2026-09-04 22:00:13,2026-09-05T15:23:13.721534+00:00,0.4174,,,,,,
native,dbs,ID0,SGD,ID0/SGD,100,SGD 50 – 200,amtBtw50And200,,,otherCurrencies,2026-09-05 06:00:00,2026-09-04 22:00:13,2026-09-05T15:23:13.721534+00:00,,,,,,,
native,dbs,ID0,SGD,ID0/SGD,100,SGD < 50,amtLessThan50,,,otherCurrencies,2026-09-05 06:00:00,2026-09-04 22:00:13,2026-09-05T15:23:13.721534+00:00,,0.0071,,,,,
native,dbs,IDR,SGD,IDR/SGD,100,SGD 50 – 200,amtBtw50And200,,,mainCurrencies,2026-09-05 06:00:00,2026-09-04 22:00:13,2026-09-05T15:23:13.721534+00:00,0.0073,,,,,,
native,dbs,IDR,SGD,IDR/SGD,100,SGD < 50,amtLessThan50,,,mainCurrencies,2026-09-05 06:00:00,2026-09-04 22:00:13,2026-09-05T15:23:13.721534+00:00,0.0073,,,,,,
native,dbs,IN0,SGD,IN0/SGD,100,SGD 50 – 200,amtBtw50And200,,,otherCurrencies,2026-09-05 06:00:00,2026-09-04 22:00:13,2026-09-05T15:23:13.721534+00:00,,1.335,,,,,
native,dbs,IN0,SGD,IN0/SGD,100,SGD < 50,amtLessThan50,,,otherCurrencies,2026-09-05 06:00:00,2026-09-04 22:00:13,2026-09-05T15:23:13.721534+00:00,,1.335,,,,,
native,dbs,INR,SGD,INR/SGD,100,SGD 50 – 200,amtBtw50And200,,,otherCurrencies,2026-09-05 06:00:00,2026-09-04 22:00:13,2026-09-05T15:23:13.721534+00:00,1.357,,,,,,
native,dbs,INR,SGD,INR/SGD,100,SGD < 50,amtLessThan50,,,otherCurrencies,2026-09-05 06:00:00,2026-09-04 22:00:13,2026-09-05T15:23:13.721534+00:00,1.3678,,,,,,
native,dbs,JPY,SGD,JPY/SGD,100,SGD 50 – 200,amtBtw50And200,,,mainCurrencies,2026-09-05 06:00:00,2026-09-04 22:00:13,2026-09-05T15:23:13.721534+00:00,0.8199,0.8015,,0.8107,,,
native,dbs,JPY,SGD,JPY/SGD,100,SGD < 50,amtLessThan50,,,mainCurrencies,2026-09-05 06:00:00,2026-09-04 22:00:13,2026-09-05T15:23:13.721534+00:00,0.8207,0.8007,,0.8107,,,
native,dbs,KRW,SGD,KRW/SGD,100,SGD 50 – 200,amtBtw50And200,,,otherCurrencies,2026-09-05 06:00:00,2026-09-04 22:00:13,2026-09-05T15:23:13.721534+00:00,0.0955,,,,,,
native,dbs,KRW,SGD,KRW/SGD,100,SGD < 50,amtLessThan50,,,otherCurrencies,2026-09-05 06:00:00,2026-09-04 22:00:13,2026-09-05T15:23:13.721534+00:00,0.0955,,,,,,
native,dbs,KWD,SGD,KWD/SGD,100,SGD 50 – 200,amtBtw50And200,,,otherCurrencies,2026-09-05 06:00:00,2026-09-04 22:00:13,2026-09-05T15:23:13.721534+00:00,420.7181,,,,,,
native,dbs,KWD,SGD,KWD/SGD,100,SGD < 50,amtLessThan50,,,otherCurrencies,2026-09-05 06:00:00,2026-09-04 22:00:13,2026-09-05T15:23:13.721534+00:00,422.3772,,,,,,
native,dbs,LKR,SGD,LKR/SGD,100,SGD 50 – 200,amtBtw50And200,,,otherCurrencies,2026-09-05 06:00:00,2026-09-04 22:00:13,2026-09-05T15:23:13.721534+00:00,0.3939,,,,,,
native,dbs,LKR,SGD,LKR/SGD,100,SGD < 50,amtLessThan50,,,otherCurrencies,2026-09-05 06:00:00,2026-09-04 22:00:13,2026-09-05T15:23:13.721534+00:00,0.3939,,,,,,
native,dbs,MM1,SGD,MM1/SGD,100,SGD 50 – 200,amtBtw50And200,,,otherCurrencies,2026-09-05 06:00:00,2026-09-04 22:00:13,2026-09-05T15:23:13.721534+00:00,,,,,,,
native,dbs,MM1,SGD,MM1/SGD,100,SGD < 50,amtLessThan50,,,otherCurrencies,2026-09-05 06:00:00,2026-09-04 22:00:13,2026-09-05T15:23:13.721534+00:00,,,,,,,
native,dbs,MMK,SGD,MMK/SGD,100,SGD 50 – 200,amtBtw50And200,,,otherCurrencies,2026-09-05 06:00:00,2026-09-04 22:00:13,2026-09-05T15:23:13.721534+00:00,0.0322,,,,,,
native,dbs,MMK,SGD,MMK/SGD,100,SGD < 50,amtLessThan50,,,otherCurrencies,2026-09-05 06:00:00,2026-09-04 22:00:13,2026-09-05T15:23:13.721534+00:00,0.0322,,,,,,
native,dbs,MUR,SGD,MUR/SGD,100,SGD 50 – 200,amtBtw50And200,,,otherCurrencies,2026-09-05 06:00:00,2026-09-04 22:00:13,2026-09-05T15:23:13.721534+00:00,2.7011,,,,,,
native,dbs,MUR,SGD,MUR/SGD,100,SGD < 50,amtLessThan50,,,otherCurrencies,2026-09-05 06:00:00,2026-09-04 22:00:13,2026-09-05T15:23:13.721534+00:00,2.7118,,,,,,
native,dbs,MXN,SGD,MXN/SGD,100,SGD 50 – 200,amtBtw50And200,,,mainCurrencies,2026-09-05 06:00:00,2026-09-04 22:00:13,2026-09-05T15:23:13.721534+00:00,7.6393,,,,,,
native,dbs,MXN,SGD,MXN/SGD,100,SGD < 50,amtLessThan50,,,mainCurrencies,2026-09-05 06:00:00,2026-09-04 22:00:13,2026-09-05T15:23:13.721534+00:00,7.6393,,,,,,
native,dbs,MY0,SGD,MY0/SGD,1,SGD 50 – 200,amtBtw50And200,,,otherCurrencies,2026-09-05 06:00:00,2026-09-04 22:00:13,2026-09-05T15:23:13.721534+00:00,,0.3122,,,,,
native,dbs,MY0,SGD,MY0/SGD,1,SGD < 50,amtLessThan50,,,otherCurrencies,2026-09-05 06:00:00,2026-09-04 22:00:13,2026-09-05T15:23:13.721534+00:00,,0.3122,,,,,
native,dbs,MYR,SGD,MYR/SGD,1,SGD 50 – 200,amtBtw50And200,,,otherCurrencies,2026-09-05 06:00:00,2026-09-04 22:00:13,2026-09-05T15:23:13.721534+00:00,0.3166,,,,,,
native,dbs,MYR,SGD,MYR/SGD,1,SGD < 50,amtLessThan50,,,otherCurrencies,2026-09-05 06:00:00,2026-09-04 22:00:13,2026-09-05T15:23:13.721534+00:00,0.3166,,,,,,
native,dbs,NOK,SGD,NOK/SGD,1,SGD 50 – 200,amtBtw50And200,,,mainCurrencies,2026-09-05 06:00:00,2026-09-04 22:00:13,2026-09-05T15:23:13.721534+00:00,0.1384,0.1338,,0.1361,,,
native,dbs,NOK,SGD,NOK/SGD,1,SGD < 50,amtLessThan50,,,mainCurrencies,2026-09-05 06:00:00,2026-09-04 22:00:13,2026-09-05T15:23:13.721534+00:00,0.1388,0.1334,,0.1361,,,
native,dbs,NZD,SGD,NZD/SGD,1,SGD 50 – 200,amtBtw50And200,,,mainCurrencies,2026-09-05 06:00:00,2026-09-04 22:00:13,2026-09-05T15:23:13.721534+00:00,0.7545,0.7352,,0.74485,,,
native,dbs,NZD,SGD,NZD/SGD,1,SGD < 50,amtLessThan50,,,mainCurrencies,2026-09-05 06:00:00,2026-09-04 22:00:13,2026-09-05T15:23:13.721534+00:00,0.7552,0.7344,,0.7448,,,
native,dbs,OMR,SGD,OMR/SGD,1,SGD 50 – 200,amtBtw50And200,,,otherCurrencies,2026-09-05 06:00:00,2026-09-04 22:00:13,2026-09-05T15:23:13.721534+00:00,3.3163,,,,,,
native,dbs,OMR,SGD,OMR/SGD,1,SGD < 50,amtLessThan50,,,otherCurrencies,2026-09-05 06:00:00,2026-09-04 22:00:13,2026-09-05T15:23:13.721534+00:00,3.3163,,,,,,
native,dbs,PH0,SGD,PH0/SGD,100,SGD 50 – 200,amtBtw50And200,,,otherCurrencies,2026-09-05 06:00:00,2026-09-04 22:00:13,2026-09-05T15:23:13.721534+00:00,,2.0136,,,,,
native,dbs,PH0,SGD,PH0/SGD,100,SGD < 50,amtLessThan50,,,otherCurrencies,2026-09-05 06:00:00,2026-09-04 22:00:13,2026-09-05T15:23:13.721534+00:00,,2.0136,,,,,
native,dbs,PHP,SGD,PHP/SGD,100,SGD 50 – 200,amtBtw50And200,,,otherCurrencies,2026-09-05 06:00:00,2026-09-04 22:00:13,2026-09-05T15:23:13.721534+00:00,2.0513,,,,,,
native,dbs,PHP,SGD,PHP/SGD,100,SGD < 50,amtLessThan50,,,otherCurrencies,2026-09-05 06:00:00,2026-09-04 22:00:13,2026-09-05T15:23:13.721534+00:00,2.0667,,,,,,
native,dbs,PLN,SGD,PLN/SGD,1,SGD 50 – 200,amtBtw50And200,,,otherCurrencies,2026-09-05 06:00:00,2026-09-04 22:00:13,2026-09-05T15:23:13.721534+00:00,0.3477,,,,,,
native,dbs,PLN,SGD,PLN/SGD,1,SGD < 50,amtLessThan50,,,otherCurrencies,2026-09-05 06:00:00,2026-09-04 22:00:13,2026-09-05T15:23:13.721534+00:00,0.3491,,,,,,
native,dbs,QAR,SGD,QAR/SGD,1,SGD 50 – 200,amtBtw50And200,,,otherCurrencies,2026-09-05 06:00:00,2026-09-04 22:00:13,2026-09-05T15:23:13.721534+00:00,0.3556,,,,,,
native,dbs,QAR,SGD,QAR/SGD,1,SGD < 50,amtLessThan50,,,otherCurrencies,2026-09-05 06:00:00,2026-09-04 22:00:13,2026-09-05T15:23:13.721534+00:00,0.357,,,,,,
native,dbs,RUB,SGD,RUB/SGD,100,SGD 50 – 200,amtBtw50And200,,,mainCurrencies,2026-09-05 06:00:00,2026-09-04 22:00:13,2026-09-05T15:23:13.721534+00:00,,,,,,,
native,dbs,RUB,SGD,RUB/SGD,100,SGD < 50,amtLessThan50,,,mainCurrencies,2026-09-05 06:00:00,2026-09-04 22:00:13,2026-09-05T15:23:13.721534+00:00,,,,,,,
native,dbs,SAR,SGD,SAR/SGD,100,SGD 50 – 200,amtBtw50And200,,,otherCurrencies,2026-09-05 06:00:00,2026-09-04 22:00:13,2026-09-05T15:23:13.721534+00:00,34.1974,,,,,,
native,dbs,SAR,SGD,SAR/SGD,100,SGD < 50,amtLessThan50,,,otherCurrencies,2026-09-05 06:00:00,2026-09-04 22:00:13,2026-09-05T15:23:13.721534+00:00,34.1974,,,,,,
native,dbs,SEK,SGD,SEK/SGD,1,SGD 50 – 200,amtBtw50And200,,,mainCurrencies,2026-09-05 06:00:00,2026-09-04 22:00:13,2026-09-05T15:23:13.721534+00:00,0.1342,0.1302,,0.1322,,,
native,dbs,SEK,SGD,SEK/SGD,1,SGD < 50,amtLessThan50,,,mainCurrencies,2026-09-05 06:00:00,2026-09-04 22:00:13,2026-09-05T15:23:13.721534+00:00,0.1347,0.1297,,0.13219999999999998,,,
native,dbs,THB,SGD,THB/SGD,100,SGD 50 – 200,amtBtw50And200,,,mainCurrencies,2026-09-05 06:00:00,2026-09-04 22:00:13,2026-09-05T15:23:13.721534+00:00,3.9119,3.7853,,3.8486000000000002,,,
native,dbs,THB,SGD,THB/SGD,100,SGD < 50,amtLessThan50,,,mainCurrencies,2026-09-05 06:00:00,2026-09-04 22:00:13,2026-09-05T15:23:13.721534+00:00,3.9161,3.7811,,3.8486000000000002,,,
native,dbs,TND,SGD,TND/SGD,1,SGD 50 – 200,amtBtw50And200,,,otherCurrencies,2026-09-05 06:00:00,2026-09-04 22:00:13,2026-09-05T15:23:13.721534+00:00,0.448,,,,,,
native,dbs,TND,SGD,TND/SGD,1,SGD < 50,amtLessThan50,,,otherCurrencies,2026-09-05 06:00:00,2026-09-04 22:00:13,2026-09-05T15:23:13.721534+00:00,0.448,,,,,,
native,dbs,TWD,SGD,TWD/SGD,100,SGD 50 – 200,amtBtw50And200,,,otherCurrencies,2026-09-05 06:00:00,2026-09-04 22:00:13,2026-09-05T15:23:13.721534+00:00,4.0569,,,,,,
native,dbs,TWD,SGD,TWD/SGD,100,SGD < 50,amtLessThan50,,,otherCurrencies,2026-09-05 06:00:00,2026-09-04 22:00:13,2026-09-05T15:23:13.721534+00:00,4.0609,,,,,,
native,dbs,USD,SGD,USD/SGD,1,SGD 50 – 200,amtBtw50And200,,,mainCurrencies,2026-09-05 06:00:00,2026-09-04 22:00:13,2026-09-05T15:23:13.721534+00:00,1.2785,1.2554,,1.26695,,,
native,dbs,USD,SGD,USD/SGD,1,SGD < 50,amtLessThan50,,,mainCurrencies,2026-09-05 06:00:00,2026-09-04 22:00:13,2026-09-05T15:23:13.721534+00:00,1.2793,1.2545,,1.2669000000000001,,,
native,dbs,VND,SGD,VND/SGD,100,SGD 50 – 200,amtBtw50And200,,,otherCurrencies,2026-09-05 06:00:00,2026-09-04 22:00:13,2026-09-05T15:23:13.721534+00:00,0.005,,,,,,
native,dbs,VND,SGD,VND/SGD,100,SGD < 50,amtLessThan50,,,otherCurrencies,2026-09-05 06:00:00,2026-09-04 22:00:13,2026-09-05T15:23:13.721534+00:00,0.005,,,,,,
native,dbs,XAU,SGD,XAU/SGD,1,SGD 50 – 200,amtBtw50And200,,,otherCurrencies,2026-09-05 06:00:00,2026-09-04 22:00:13,2026-09-05T15:23:13.721534+00:00,5653.606,5567.331,,5610.4685,,,
native,dbs,XAU,SGD,XAU/SGD,1,SGD < 50,amtLessThan50,,,otherCurrencies,2026-09-05 06:00:00,2026-09-04 22:00:13,2026-09-05T15:23:13.721534+00:00,5653.606,5567.331,,5610.4685,,,
native,dbs,ZAR,SGD,ZAR/SGD,1,SGD 50 – 200,amtBtw50And200,,,otherCurrencies,2026-09-05 06:00:00,2026-09-04 22:00:13,2026-09-05T15:23:13.721534+00:00,0.0805,0.0781,,0.07930000000000001,,,
native,dbs,ZAR,SGD,ZAR/SGD,1,SGD < 50,amtLessThan50,,,otherCurrencies,2026-09-05 06:00:00,2026-09-04 22:00:13,2026-09-05T15:23:13.721534+00:00,0.0808,0.0777,,0.07925,,,
native,hsbc,AED,SGD,AED/SGD,100,Indicative board,board,,,indicative_fx,2026-9-4,2026-9-4,2026-09-05T15:23:18.651704+00:00,35.62,33.38,,34.5,,,
native,hsbc,AUD,SGD,AUD/SGD,1,Indicative board,board,,,indicative_fx,2026-9-4,2026-9-4,2026-09-05T15:23:18.651704+00:00,0.9401,0.8852,,0.91265,,,
native,hsbc,CAD,SGD,CAD/SGD,1,Indicative board,board,,,indicative_fx,2026-9-4,2026-9-4,2026-09-05T15:23:18.651704+00:00,0.9462,0.8909,,0.91855,,,
native,hsbc,CHF,SGD,CHF/SGD,100,Indicative board,board,,,indicative_fx,2026-9-4,2026-9-4,2026-09-05T15:23:18.651704+00:00,161.56,152.11,,156.835,,,
native,hsbc,CNY,SGD,CNY/SGD,100,Indicative board,board,,,indicative_fx,2026-9-4,2026-9-4,2026-09-05T15:23:18.651704+00:00,19.47,18.25,,18.86,,,
native,hsbc,DKK,SGD,DKK/SGD,100,Indicative board,board,,,indicative_fx,2026-9-4,2026-9-4,2026-09-05T15:23:18.651704+00:00,20.3,19.12,,19.71,,,
native,hsbc,EUR,SGD,EUR/SGD,1,Indicative board,board,,,indicative_fx,2026-9-4,2026-9-4,2026-09-05T15:23:18.651704+00:00,1.5174,1.4288,,1.4731,,,
native,hsbc,FJD,SGD,FJD/SGD,1,Indicative board,board,,,indicative_fx,2026-9-4,2026-9-4,2026-09-05T15:23:18.651704+00:00,0.6034,,,,,,
native,hsbc,GBP,SGD,GBP/SGD,1,Indicative board,board,,,indicative_fx,2026-9-4,2026-9-4,2026-09-05T15:23:18.651704+00:00,1.7654,1.6622,,1.7138,,,
native,hsbc,HKD,SGD,HKD/SGD,100,Indicative board,board,,,indicative_fx,2026-9-4,2026-9-4,2026-09-05T15:23:18.651704+00:00,16.36,15.96,,16.16,,,
native,hsbc,IDR,SGD,IDR/SGD,100,Indicative board,board,,,indicative_fx,2026-9-4,2026-9-4,2026-09-05T15:23:18.651704+00:00,0.0074,,,,,,
native,hsbc,INR,SGD,INR/SGD,100,Indicative board,board,,,indicative_fx,2026-9-4,2026-9-4,2026-09-05T15:23:18.651704+00:00,1.38,,,,,,
native,hsbc,JPY,SGD,JPY/SGD,100,Indicative board,board,,,indicative_fx,2026-9-4,2026-9-4,2026-09-05T15:23:18.651704+00:00,0.8375,0.7886,,0.81305,,,
native,hsbc,LKR,SGD,LKR/SGD,100,Indicative board,board,,,indicative_fx,2026-9-4,2026-9-4,2026-09-05T15:23:18.651704+00:00,0.4,,,,,,
native,hsbc,MUR,SGD,MUR/SGD,100,Indicative board,board,,,indicative_fx,2026-9-4,2026-9-4,2026-09-05T15:23:18.651704+00:00,2.8,2.61,,2.705,,,
native,hsbc,NOK,SGD,NOK/SGD,100,Indicative board,board,,,indicative_fx,2026-9-4,2026-9-4,2026-09-05T15:23:18.651704+00:00,14.04,13.22,,13.629999999999999,,,
native,hsbc,NZD,SGD,NZD/SGD,1,Indicative board,board,,,indicative_fx,2026-9-4,2026-9-4,2026-09-05T15:23:18.651704+00:00,0.7681,0.7231,,0.7456,,,
native,hsbc,PHP,SGD,PHP/SGD,100,Indicative board,board,,,indicative_fx,2026-9-4,2026-9-4,2026-09-05T15:23:18.651704+00:00,2.09,,,,,,
native,hsbc,PKR,SGD,PKR/SGD,100,Indicative board,board,,,indicative_fx,2026-9-4,2026-9-4,2026-09-05T15:23:18.651704+00:00,0.47,,,,,,
native,hsbc,QAR,SGD,QAR/SGD,100,Indicative board,board,,,indicative_fx,2026-9-4,2026-9-4,2026-09-05T15:23:18.651704+00:00,35.2,34.32,,34.760000000000005,,,
native,hsbc,RUB,SGD,RUB/SGD,100,Indicative board,board,,,indicative_fx,2026-9-4,2026-9-4,2026-09-05T15:23:18.651704+00:00,15.46,13.83,,14.645,,,
native,hsbc,SAR,SGD,SAR/SGD,100,Indicative board,board,,,indicative_fx,2026-9-4,2026-9-4,2026-09-05T15:23:18.651704+00:00,34.17,33.32,,33.745000000000005,,,
native,hsbc,SEK,SGD,SEK/SGD,100,Indicative board,board,,,indicative_fx,2026-9-4,2026-9-4,2026-09-05T15:23:18.651704+00:00,13.69,12.88,,13.285,,,
native,hsbc,THB,SGD,THB/SGD,100,Indicative board,board,,,indicative_fx,2026-9-4,2026-9-4,2026-09-05T15:23:18.651704+00:00,3.98,,,,,,
native,hsbc,TRY,SGD,TRY/SGD,1,Indicative board,board,,,indicative_fx,2026-9-4,2026-9-4,2026-09-05T15:23:18.651704+00:00,0.027,,,,,,
native,hsbc,USD,SGD,USD/SGD,1,Indicative board,board,,,indicative_fx,2026-9-4,2026-9-4,2026-09-05T15:23:18.651704+00:00,1.2924,1.2417,,1.26705,,,
native,hsbc,ZAR,SGD,ZAR/SGD,1,Indicative board,board,,,indicative_fx,2026-9-4,2026-9-4,2026-09-05T15:23:18.651704+00:00,0.0818,0.0766,,0.07919999999999999,,,
native,ocbc,AED,SGD,AED/SGD,100,"SGD 0 – 39,999.99",tier_1,,,fxRatesSgd,2026-09-04T07:00:14,2026-09-04T07:00:14,2026-09-05T15:23:14.452983+00:00,35.3906,33.3878,,34.3892,,,
native,ocbc,AED,SGD,AED/SGD,100,"SGD 40,000 – 100,000",tier_2,,,fxRatesSgd,2026-09-04T07:00:14,2026-09-04T07:00:14,2026-09-05T15:23:14.452983+00:00,35.3801,33.4049,,34.3892,,,
native,ocbc,AUD,SGD,AUD/SGD,1,"SGD 0 – 39,999.99",tier_1,,,fxRatesSgd,2026-09-04T07:00:14,2026-09-04T07:00:14,2026-09-05T15:23:14.452983+00:00,0.929,0.8995,,0.9143,,,
native,ocbc,AUD,SGD,AUD/SGD,1,"SGD 40,000 – 100,000",tier_2,,,fxRatesSgd,2026-09-04T07:00:14,2026-09-04T07:00:14,2026-09-05T15:23:14.452983+00:00,0.9271,0.9013,,0.9143,,,
native,ocbc,BGN,SGD,BGN/SGD,100,"SGD 0 – 39,999.99",tier_1,,,fxRatesSgd,2026-09-04T07:00:14,2026-09-04T07:00:14,2026-09-05T15:23:14.452983+00:00,0.0,0.0,,0.0,,,
native,ocbc,BGN,SGD,BGN/SGD,100,"SGD 40,000 – 100,000",tier_2,,,fxRatesSgd,2026-09-04T07:00:14,2026-09-04T07:00:14,2026-09-05T15:23:14.452983+00:00,0.0,0.0,,0.0,,,
native,ocbc,BHD,SGD,BHD/SGD,1,"SGD 0 – 39,999.99",tier_1,,,fxRatesSgd,2026-09-04T07:00:14,2026-09-04T07:00:14,2026-09-05T15:23:14.452983+00:00,0.0,0.0,,0.0,,,
native,ocbc,BHD,SGD,BHD/SGD,1,"SGD 40,000 – 100,000",tier_2,,,fxRatesSgd,2026-09-04T07:00:14,2026-09-04T07:00:14,2026-09-05T15:23:14.452983+00:00,0.0,0.0,,0.0,,,
native,ocbc,CAD,SGD,CAD/SGD,1,"SGD 0 – 39,999.99",tier_1,,,fxRatesSgd,2026-09-04T07:00:14,2026-09-04T07:00:14,2026-09-05T15:23:14.452983+00:00,0.9344,0.9012,,0.9178,,,
native,ocbc,CAD,SGD,CAD/SGD,1,"SGD 40,000 – 100,000",tier_2,,,fxRatesSgd,2026-09-04T07:00:14,2026-09-04T07:00:14,2026-09-05T15:23:14.452983+00:00,0.9326,0.903,,0.9178,,,
native,ocbc,CHF,SGD,CHF/SGD,100,"SGD 0 – 39,999.99",tier_1,,,fxRatesSgd,2026-09-04T07:00:14,2026-09-04T07:00:14,2026-09-05T15:23:14.452983+00:00,159.4463,153.7743,,156.6103,,,
native,ocbc,CHF,SGD,CHF/SGD,100,"SGD 40,000 – 100,000",tier_2,,,fxRatesSgd,2026-09-04T07:00:14,2026-09-04T07:00:14,2026-09-05T15:23:14.452983+00:00,159.133,154.0875,,156.6103,,,
native,ocbc,CNH,SGD,CNH/SGD,100,"SGD 0 – 39,999.99",tier_1,,,fxRatesSgd,2026-09-04T07:00:14,2026-09-04T07:00:14,2026-09-05T15:23:14.452983+00:00,19.228,18.6584,,18.9432,,,
native,ocbc,CNH,SGD,CNH/SGD,100,"SGD 40,000 – 100,000",tier_2,,,fxRatesSgd,2026-09-04T07:00:14,2026-09-04T07:00:14,2026-09-05T15:23:14.452983+00:00,19.2091,18.6773,,18.9432,,,
native,ocbc,CZK,SGD,CZK/SGD,100,"SGD 0 – 39,999.99",tier_1,,,fxRatesSgd,2026-09-04T07:00:14,2026-09-04T07:00:14,2026-09-05T15:23:14.452983+00:00,0.0,0.0,,0.0,,,
native,ocbc,CZK,SGD,CZK/SGD,100,"SGD 40,000 – 100,000",tier_2,,,fxRatesSgd,2026-09-04T07:00:14,2026-09-04T07:00:14,2026-09-05T15:23:14.452983+00:00,0.0,0.0,,0.0,,,
native,ocbc,DKK,SGD,DKK/SGD,100,"SGD 0 – 39,999.99",tier_1,,,fxRatesSgd,2026-09-04T07:00:14,2026-09-04T07:00:14,2026-09-05T15:23:14.452983+00:00,20.0577,19.3454,,19.7016,,,
native,ocbc,DKK,SGD,DKK/SGD,100,"SGD 40,000 – 100,000",tier_2,,,fxRatesSgd,2026-09-04T07:00:14,2026-09-04T07:00:14,2026-09-05T15:23:14.452983+00:00,20.0182,19.3848,,19.7016,,,
native,ocbc,EUR,SGD,EUR/SGD,1,"SGD 0 – 39,999.99",tier_1,,,fxRatesSgd,2026-09-04T07:00:14,2026-09-04T07:00:14,2026-09-05T15:23:14.452983+00:00,1.4892,1.4526,,1.4709,,,
native,ocbc,EUR,SGD,EUR/SGD,1,"SGD 40,000 – 100,000",tier_2,,,fxRatesSgd,2026-09-04T07:00:14,2026-09-04T07:00:14,2026-09-05T15:23:14.452983+00:00,1.4874,1.4545,,1.4709,,,
native,ocbc,GBP,SGD,GBP/SGD,1,"SGD 0 – 39,999.99",tier_1,,,fxRatesSgd,2026-09-04T07:00:14,2026-09-04T07:00:14,2026-09-05T15:23:14.452983+00:00,1.7372,1.6911,,1.7142,,,
native,ocbc,GBP,SGD,GBP/SGD,1,"SGD 40,000 – 100,000",tier_2,,,fxRatesSgd,2026-09-04T07:00:14,2026-09-04T07:00:14,2026-09-05T15:23:14.452983+00:00,1.7355,1.6932,,1.7142,,,
native,ocbc,HKD,SGD,HKD/SGD,100,"SGD 0 – 39,999.99",tier_1,,,fxRatesSgd,2026-09-04T07:00:14,2026-09-04T07:00:14,2026-09-05T15:23:14.452983+00:00,16.3709,15.9745,,16.1727,,,
native,ocbc,HKD,SGD,HKD/SGD,100,"SGD 40,000 – 100,000",tier_2,,,fxRatesSgd,2026-09-04T07:00:14,2026-09-04T07:00:14,2026-09-05T15:23:14.452983+00:00,16.3418,15.9842,,16.1727,,,
native,ocbc,HUF,SGD,HUF/SGD,100,"SGD 0 – 39,999.99",tier_1,,,fxRatesSgd,2026-09-04T07:00:14,2026-09-04T07:00:14,2026-09-05T15:23:14.452983+00:00,0.0,0.0,,0.0,,,
native,ocbc,HUF,SGD,HUF/SGD,100,"SGD 40,000 – 100,000",tier_2,,,fxRatesSgd,2026-09-04T07:00:14,2026-09-04T07:00:14,2026-09-05T15:23:14.452983+00:00,0.0,0.0,,0.0,,,
native,ocbc,IDR,SGD,IDR/SGD,100,"SGD 0 – 39,999.99",tier_1,,,fxRatesSgd,2026-09-04T07:00:14,2026-09-04T07:00:14,2026-09-05T15:23:14.452983+00:00,0.0074,0.0,,0.0074,,,
native,ocbc,IDR,SGD,IDR/SGD,100,"SGD 40,000 – 100,000",tier_2,,,fxRatesSgd,2026-09-04T07:00:14,2026-09-04T07:00:14,2026-09-05T15:23:14.452983+00:00,0.0074,0.0,,0.0074,,,
native,ocbc,ILS,SGD,ILS/SGD,100,"SGD 0 – 39,999.99",tier_1,,,fxRatesSgd,2026-09-04T07:00:14,2026-09-04T07:00:14,2026-09-05T15:23:14.452983+00:00,0.0,0.0,,0.0,,,
native,ocbc,ILS,SGD,ILS/SGD,100,"SGD 40,000 – 100,000",tier_2,,,fxRatesSgd,2026-09-04T07:00:14,2026-09-04T07:00:14,2026-09-05T15:23:14.452983+00:00,0.0,0.0,,0.0,,,
native,ocbc,INR,SGD,INR/SGD,100,"SGD 0 – 39,999.99",tier_1,,,fxRatesSgd,2026-09-04T07:00:14,2026-09-04T07:00:14,2026-09-05T15:23:14.452983+00:00,1.3823,0.0,,1.3823,,,
native,ocbc,INR,SGD,INR/SGD,100,"SGD 40,000 – 100,000",tier_2,,,fxRatesSgd,2026-09-04T07:00:14,2026-09-04T07:00:14,2026-09-05T15:23:14.452983+00:00,1.3796,0.0,,1.3823,,,
native,ocbc,JOD,SGD,JOD/SGD,1,"SGD 0 – 39,999.99",tier_1,,,fxRatesSgd,2026-09-04T07:00:14,2026-09-04T07:00:14,2026-09-05T15:23:14.452983+00:00,0.0,0.0,,0.0,,,
native,ocbc,JOD,SGD,JOD/SGD,1,"SGD 40,000 – 100,000",tier_2,,,fxRatesSgd,2026-09-04T07:00:14,2026-09-04T07:00:14,2026-09-05T15:23:14.452983+00:00,0.0,0.0,,0.0,,,
native,ocbc,JPY,SGD,JPY/SGD,100,"SGD 0 – 39,999.99",tier_1,,,fxRatesSgd,2026-09-04T07:00:14,2026-09-04T07:00:14,2026-09-05T15:23:14.452983+00:00,0.8212,0.8011,,0.8112,,,
native,ocbc,JPY,SGD,JPY/SGD,100,"SGD 40,000 – 100,000",tier_2,,,fxRatesSgd,2026-09-04T07:00:14,2026-09-04T07:00:14,2026-09-05T15:23:14.452983+00:00,0.8204,0.8024,,0.8112,,,
native,ocbc,KRW,SGD,KRW/SGD,100,"SGD 0 – 39,999.99",tier_1,,,fxRatesSgd,2026-09-04T07:00:14,2026-09-04T07:00:14,2026-09-05T15:23:14.452983+00:00,0.0,0.0,,0.0,,,
native,ocbc,KRW,SGD,KRW/SGD,100,"SGD 40,000 – 100,000",tier_2,,,fxRatesSgd,2026-09-04T07:00:14,2026-09-04T07:00:14,2026-09-05T15:23:14.452983+00:00,0.0,0.0,,0.0,,,
native,ocbc,LKR,SGD,LKR/SGD,100,"SGD 0 – 39,999.99",tier_1,,,fxRatesSgd,2026-09-04T07:00:14,2026-09-04T07:00:14,2026-09-05T15:23:14.452983+00:00,0.3981,0.0,,0.3981,,,
native,ocbc,LKR,SGD,LKR/SGD,100,"SGD 40,000 – 100,000",tier_2,,,fxRatesSgd,2026-09-04T07:00:14,2026-09-04T07:00:14,2026-09-05T15:23:14.452983+00:00,0.3974,0.0,,0.3981,,,
native,ocbc,MAD,SGD,MAD/SGD,100,"SGD 0 – 39,999.99",tier_1,,,fxRatesSgd,2026-09-04T07:00:14,2026-09-04T07:00:14,2026-09-05T15:23:14.452983+00:00,0.0,0.0,,0.0,,,
native,ocbc,MAD,SGD,MAD/SGD,100,"SGD 40,000 – 100,000",tier_2,,,fxRatesSgd,2026-09-04T07:00:14,2026-09-04T07:00:14,2026-09-05T15:23:14.452983+00:00,0.0,0.0,,0.0,,,
native,ocbc,MXN,SGD,MXN/SGD,100,"SGD 0 – 39,999.99",tier_1,,,fxRatesSgd,2026-09-04T07:00:14,2026-09-04T07:00:14,2026-09-05T15:23:14.452983+00:00,7.7237,0.0,,7.7237,,,
native,ocbc,MXN,SGD,MXN/SGD,100,"SGD 40,000 – 100,000",tier_2,,,fxRatesSgd,2026-09-04T07:00:14,2026-09-04T07:00:14,2026-09-05T15:23:14.452983+00:00,7.7222,0.0,,7.7237,,,
native,ocbc,MYR,SGD,MYR/SGD,100,"SGD 0 – 39,999.99",tier_1,,,fxRatesSgd,2026-09-04T07:00:14,2026-09-04T07:00:14,2026-09-05T15:23:14.452983+00:00,0.0,0.0,,0.0,,,
native,ocbc,MYR,SGD,MYR/SGD,100,"SGD 40,000 – 100,000",tier_2,,,fxRatesSgd,2026-09-04T07:00:14,2026-09-04T07:00:14,2026-09-05T15:23:14.452983+00:00,0.0,0.0,,0.0,,,
native,ocbc,NOK,SGD,NOK/SGD,100,"SGD 0 – 39,999.99",tier_1,,,fxRatesSgd,2026-09-04T07:00:14,2026-09-04T07:00:14,2026-09-05T15:23:14.452983+00:00,13.8641,13.3699,,13.617,,,
native,ocbc,NOK,SGD,NOK/SGD,100,"SGD 40,000 – 100,000",tier_2,,,fxRatesSgd,2026-09-04T07:00:14,2026-09-04T07:00:14,2026-09-05T15:23:14.452983+00:00,13.8369,13.3972,,13.617,,,
native,ocbc,NZD,SGD,NZD/SGD,1,"SGD 0 – 39,999.99",tier_1,,,fxRatesSgd,2026-09-04T07:00:14,2026-09-04T07:00:14,2026-09-05T15:23:14.452983+00:00,0.7603,0.7344,,0.7474,,,
native,ocbc,NZD,SGD,NZD/SGD,1,"SGD 40,000 – 100,000",tier_2,,,fxRatesSgd,2026-09-04T07:00:14,2026-09-04T07:00:14,2026-09-05T15:23:14.452983+00:00,0.7585,0.7366,,0.7474,,,
native,ocbc,OMR,SGD,OMR/SGD,1,"SGD 0 – 39,999.99",tier_1,,,fxRatesSgd,2026-09-04T07:00:14,2026-09-04T07:00:14,2026-09-05T15:23:14.452983+00:00,0.0,0.0,,0.0,,,
native,ocbc,OMR,SGD,OMR/SGD,1,"SGD 40,000 – 100,000",tier_2,,,fxRatesSgd,2026-09-04T07:00:14,2026-09-04T07:00:14,2026-09-05T15:23:14.452983+00:00,0.0,0.0,,0.0,,,
native,ocbc,PHP,SGD,PHP/SGD,100,"SGD 0 – 39,999.99",tier_1,,,fxRatesSgd,2026-09-04T07:00:14,2026-09-04T07:00:14,2026-09-05T15:23:14.452983+00:00,2.0901,0.0,,2.0901,,,
native,ocbc,PHP,SGD,PHP/SGD,100,"SGD 40,000 – 100,000",tier_2,,,fxRatesSgd,2026-09-04T07:00:14,2026-09-04T07:00:14,2026-09-05T15:23:14.452983+00:00,2.0891,0.0,,2.0901,,,
native,ocbc,PLN,SGD,PLN/SGD,100,"SGD 0 – 39,999.99",tier_1,,,fxRatesSgd,2026-09-04T07:00:14,2026-09-04T07:00:14,2026-09-05T15:23:14.452983+00:00,35.1325,32.9486,,34.0406,,,
native,ocbc,PLN,SGD,PLN/SGD,100,"SGD 40,000 – 100,000",tier_2,,,fxRatesSgd,2026-09-04T07:00:14,2026-09-04T07:00:14,2026-09-05T15:23:14.452983+00:00,35.1152,32.9755,,34.0406,,,
native,ocbc,QAR,SGD,QAR/SGD,100,"SGD 0 – 39,999.99",tier_1,,,fxRatesSgd,2026-09-04T07:00:14,2026-09-04T07:00:14,2026-09-05T15:23:14.452983+00:00,35.7583,33.7141,,34.7362,,,
native,ocbc,QAR,SGD,QAR/SGD,100,"SGD 40,000 – 100,000",tier_2,,,fxRatesSgd,2026-09-04T07:00:14,2026-09-04T07:00:14,2026-09-05T15:23:14.452983+00:00,35.7371,33.7312,,34.7362,,,
native,ocbc,RON,SGD,RON/SGD,100,"SGD 0 – 39,999.99",tier_1,,,fxRatesSgd,2026-09-04T07:00:14,2026-09-04T07:00:14,2026-09-05T15:23:14.452983+00:00,0.0,0.0,,0.0,,,
native,ocbc,RON,SGD,RON/SGD,100,"SGD 40,000 – 100,000",tier_2,,,fxRatesSgd,2026-09-04T07:00:14,2026-09-04T07:00:14,2026-09-05T15:23:14.452983+00:00,0.0,0.0,,0.0,,,
native,ocbc,RUB,SGD,RUB/SGD,100,"SGD 0 – 39,999.99",tier_1,,,fxRatesSgd,2026-09-04T07:00:14,2026-09-04T07:00:14,2026-09-05T15:23:14.452983+00:00,0.0,0.0,,0.0,,,
native,ocbc,RUB,SGD,RUB/SGD,100,"SGD 40,000 – 100,000",tier_2,,,fxRatesSgd,2026-09-04T07:00:14,2026-09-04T07:00:14,2026-09-05T15:23:14.452983+00:00,0.0,0.0,,0.0,,,
native,ocbc,SAR,SGD,SAR/SGD,100,"SGD 0 – 39,999.99",tier_1,,,fxRatesSgd,2026-09-04T07:00:14,2026-09-04T07:00:14,2026-09-05T15:23:14.452983+00:00,34.6907,32.7803,,33.7355,,,
native,ocbc,SAR,SGD,SAR/SGD,100,"SGD 40,000 – 100,000",tier_2,,,fxRatesSgd,2026-09-04T07:00:14,2026-09-04T07:00:14,2026-09-05T15:23:14.452983+00:00,34.6736,32.797,,33.7355,,,
native,ocbc,SEK,SGD,SEK/SGD,100,"SGD 0 – 39,999.99",tier_1,,,fxRatesSgd,2026-09-04T07:00:14,2026-09-04T07:00:14,2026-09-05T15:23:14.452983+00:00,13.4977,13.0184,,13.2581,,,
native,ocbc,SEK,SGD,SEK/SGD,100,"SGD 40,000 – 100,000",tier_2,,,fxRatesSgd,2026-09-04T07:00:14,2026-09-04T07:00:14,2026-09-05T15:23:14.452983+00:00,13.4711,13.0449,,13.2581,,,
native,ocbc,THB,SGD,THB/SGD,100,"SGD 0 – 39,999.99",tier_1,,,fxRatesSgd,2026-09-04T07:00:14,2026-09-04T07:00:14,2026-09-05T15:23:14.452983+00:00,3.9588,3.7403,,3.8496,,,
native,ocbc,THB,SGD,THB/SGD,100,"SGD 40,000 – 100,000",tier_2,,,fxRatesSgd,2026-09-04T07:00:14,2026-09-04T07:00:14,2026-09-05T15:23:14.452983+00:00,3.9511,3.748,,3.8496,,,
native,ocbc,TRY,SGD,TRY/SGD,100,"SGD 0 – 39,999.99",tier_1,,,fxRatesSgd,2026-09-04T07:00:14,2026-09-04T07:00:14,2026-09-05T15:23:14.452983+00:00,2.6891,2.5776,,2.6334,,,
native,ocbc,TRY,SGD,TRY/SGD,100,"SGD 40,000 – 100,000",tier_2,,,fxRatesSgd,2026-09-04T07:00:14,2026-09-04T07:00:14,2026-09-05T15:23:14.452983+00:00,2.6878,2.5778,,2.6334,,,
native,ocbc,TWD,SGD,TWD/SGD,100,"SGD 0 – 39,999.99",tier_1,,,fxRatesSgd,2026-09-04T07:00:14,2026-09-04T07:00:14,2026-09-05T15:23:14.452983+00:00,4.139,0.0,,4.139,,,
native,ocbc,TWD,SGD,TWD/SGD,100,"SGD 40,000 – 100,000",tier_2,,,fxRatesSgd,2026-09-04T07:00:14,2026-09-04T07:00:14,2026-09-05T15:23:14.452983+00:00,0.0,0.0,,4.139,,,
native,ocbc,USD,SGD,USD/SGD,1,"SGD 0 – 39,999.99",tier_1,,,fxRatesSgd,2026-09-04T07:00:14,2026-09-04T07:00:14,2026-09-05T15:23:14.452983+00:00,1.2793,1.2564,,1.2679,,,
native,ocbc,USD,SGD,USD/SGD,1,"SGD 40,000 – 100,000",tier_2,,,fxRatesSgd,2026-09-04T07:00:14,2026-09-04T07:00:14,2026-09-05T15:23:14.452983+00:00,1.278,1.2574,,1.2679,,,
native,ocbc,ZAR,SGD,ZAR/SGD,100,"SGD 0 – 39,999.99",tier_1,,,fxRatesSgd,2026-09-04T07:00:14,2026-09-04T07:00:14,2026-09-05T15:23:14.452983+00:00,8.17,7.6902,,7.9301,,,
native,ocbc,ZAR,SGD,ZAR/SGD,100,"SGD 40,000 – 100,000",tier_2,,,fxRatesSgd,2026-09-04T07:00:14,2026-09-04T07:00:14,2026-09-05T15:23:14.452983+00:00,8.166,7.6941,,7.9301,,,
native,uob,AED,SGD,AED/SGD,100,Indicative board,board,,,forex_sgd,04 September 2026 05:10:51 PM,04 September 2026 05:10:51 PM,2026-09-05T15:23:16.296485+00:00,35.36,33.66,,34.51,,,
native,uob,AOA,SGD,AOA/SGD,100,Indicative board,board,,,forex_sgd,04 September 2026 05:10:51 PM,04 September 2026 05:10:51 PM,2026-09-05T15:23:16.296485+00:00,0.143,,,,,,
native,uob,AUD,SGD,AUD/SGD,1,Indicative board,board,,,forex_sgd,04 September 2026 05:10:51 PM,04 September 2026 05:10:51 PM,2026-09-05T15:23:16.296485+00:00,0.9282,0.8972,,0.9127000000000001,,,
native,uob,BDT,SGD,BDT/SGD,100,Indicative board,board,,,forex_sgd,04 September 2026 05:10:51 PM,04 September 2026 05:10:51 PM,2026-09-05T15:23:16.296485+00:00,1.062,,,,,,
native,uob,BND,SGD,BND/SGD,1,Indicative board,board,,,forex_sgd,04 September 2026 05:10:51 PM,04 September 2026 05:10:51 PM,2026-09-05T15:23:16.296485+00:00,1.0,1.0,,1.0,,,
native,uob,CAD,SGD,CAD/SGD,1,Indicative board,board,,,forex_sgd,04 September 2026 05:10:51 PM,04 September 2026 05:10:51 PM,2026-09-05T15:23:16.296485+00:00,0.9285,0.9085,,0.9185,,,
native,uob,CHF,SGD,CHF/SGD,100,Indicative board,board,,,forex_sgd,04 September 2026 05:10:51 PM,04 September 2026 05:10:51 PM,2026-09-05T15:23:16.296485+00:00,158.4,155.1,,156.75,,,
native,uob,CNH,SGD,CNH/SGD,100,Indicative board,board,,,forex_sgd,04 September 2026 05:10:51 PM,04 September 2026 05:10:51 PM,2026-09-05T15:23:16.296485+00:00,19.12,18.66,,18.89,,,
native,uob,DKK,SGD,DKK/SGD,100,Indicative board,board,,,forex_sgd,04 September 2026 05:10:51 PM,04 September 2026 05:10:51 PM,2026-09-05T15:23:16.296485+00:00,20.06,19.36,,19.71,,,
native,uob,EGP,SGD,EGP/SGD,100,Indicative board,board,,,forex_sgd,04 September 2026 05:10:51 PM,04 September 2026 05:10:51 PM,2026-09-05T15:23:16.296485+00:00,2.5681,,,,,,
native,uob,EUR,SGD,EUR/SGD,1,Indicative board,board,,,forex_sgd,04 September 2026 05:10:51 PM,04 September 2026 05:10:51 PM,2026-09-05T15:23:16.296485+00:00,1.4923,1.4543,,1.4733,,,
native,uob,GBP,SGD,GBP/SGD,1,Indicative board,board,,,forex_sgd,04 September 2026 05:10:51 PM,04 September 2026 05:10:51 PM,2026-09-05T15:23:16.296485+00:00,1.7378,1.6928,,1.7153,,,
native,uob,HKD,SGD,HKD/SGD,100,Indicative board,board,,,forex_sgd,04 September 2026 05:10:51 PM,04 September 2026 05:10:51 PM,2026-09-05T15:23:16.296485+00:00,16.349,15.991,,16.17,,,
native,uob,INR,SGD,INR/SGD,100,Indicative board,board,,,forex_sgd,04 September 2026 05:10:51 PM,04 September 2026 05:10:51 PM,2026-09-05T15:23:16.296485+00:00,1.3784,,,,,,
native,uob,JPY,SGD,JPY/SGD,100,Indicative board,board,,,forex_sgd,04 September 2026 05:10:51 PM,04 September 2026 05:10:51 PM,2026-09-05T15:23:16.296485+00:00,0.8273,0.7933,,0.8103,,,
native,uob,KRW,SGD,KRW/SGD,1000,Indicative board,board,,,forex_sgd,04 September 2026 05:10:51 PM,04 September 2026 05:10:51 PM,2026-09-05T15:23:16.296485+00:00,0.9481,,,,,,
native,uob,KWD,SGD,KWD/SGD,1,Indicative board,board,,,forex_sgd,04 September 2026 05:10:51 PM,04 September 2026 05:10:51 PM,2026-09-05T15:23:16.296485+00:00,4.176,,,,,,
native,uob,LKR,SGD,LKR/SGD,100,Indicative board,board,,,forex_sgd,04 September 2026 05:10:51 PM,04 September 2026 05:10:51 PM,2026-09-05T15:23:16.296485+00:00,0.3933,,,,,,
native,uob,MXN,SGD,MXN/SGD,100,Indicative board,board,,,forex_sgd,04 September 2026 05:10:51 PM,04 September 2026 05:10:51 PM,2026-09-05T15:23:16.296485+00:00,7.5798,,,,,,
native,uob,MYR,SGD,MYR/SGD,100,Indicative board,board,,,forex_sgd,04 September 2026 05:10:51 PM,04 September 2026 05:10:51 PM,2026-09-05T15:23:16.296485+00:00,31.8471,,,,,,
native,uob,NOK,SGD,NOK/SGD,100,Indicative board,board,,,forex_sgd,04 September 2026 05:10:51 PM,04 September 2026 05:10:51 PM,2026-09-05T15:23:16.296485+00:00,13.84,13.4,,13.620000000000001,,,
native,uob,NZD,SGD,NZD/SGD,1,Indicative board,board,,,forex_sgd,04 September 2026 05:10:51 PM,04 September 2026 05:10:51 PM,2026-09-05T15:23:16.296485+00:00,0.7555,0.7355,,0.7455,,,
native,uob,PHP,SGD,PHP/SGD,100,Indicative board,board,,,forex_sgd,04 September 2026 05:10:51 PM,04 September 2026 05:10:51 PM,2026-09-05T15:23:16.296485+00:00,2.0715,,,,,,
native,uob,PKR,SGD,PKR/SGD,100,Indicative board,board,,,forex_sgd,04 September 2026 05:10:51 PM,04 September 2026 05:10:51 PM,2026-09-05T15:23:16.296485+00:00,0.4642,,,,,,
native,uob,SAR,SGD,SAR/SGD,100,Indicative board,board,,,forex_sgd,04 September 2026 05:10:51 PM,04 September 2026 05:10:51 PM,2026-09-05T15:23:16.296485+00:00,,,,,,,
native,uob,SEK,SGD,SEK/SGD,100,Indicative board,board,,,forex_sgd,04 September 2026 05:10:51 PM,04 September 2026 05:10:51 PM,2026-09-05T15:23:16.296485+00:00,13.52,13.04,,13.28,,,
native,uob,THB,SGD,THB/SGD,100,Indicative board,board,,,forex_sgd,04 September 2026 05:10:51 PM,04 September 2026 05:10:51 PM,2026-09-05T15:23:16.296485+00:00,3.95,3.75,,3.85,,,
native,uob,TWD,SGD,TWD/SGD,100,Indicative board,board,,,forex_sgd,04 September 2026 05:10:51 PM,04 September 2026 05:10:51 PM,2026-09-05T15:23:16.296485+00:00,4.0951,,,,,,
native,uob,USD,SGD,USD/SGD,1,Indicative board,board,,,forex_sgd,04 September 2026 05:10:51 PM,04 September 2026 05:10:51 PM,2026-09-05T15:23:16.296485+00:00,1.2795,1.2555,,1.2675,,,
native,uob,VND,SGD,VND/SGD,1000,Indicative board,board,,,forex_sgd,04 September 2026 05:10:51 PM,04 September 2026 05:10:51 PM,2026-09-05T15:23:16.296485+00:00,0.0497,,,,,,
native,uob,XAF,SGD,XAF/SGD,100,Indicative board,board,,,forex_sgd,04 September 2026 05:10:51 PM,04 September 2026 05:10:51 PM,2026-09-05T15:23:16.296485+00:00,0.2313,,,,,,
native,uob,XOF,SGD,XOF/SGD,100,Indicative board,board,,,forex_sgd,04 September 2026 05:10:51 PM,04 September 2026 05:10:51 PM,2026-09-05T15:23:16.296485+00:00,0.2316,,,,,,
native,uob,ZAR,SGD,ZAR/SGD,1,Indicative board,board,,,forex_sgd,04 September 2026 05:10:51 PM,04 September 2026 05:10:51 PM,2026-09-05T15:23:16.296485+00:00,0.0814,0.0774,,0.0794,,,
standardized,dbs,AED,SGD,AED/SGD,1,SGD 50 – 200,amtBtw50And200,"SGD 200 – 39,999.99",std_200_40k,mainCurrencies,2026-09-05 06:00:00,2026-09-04 22:00:13,2026-09-05T15:23:13.721534+00:00,0.3476,0.3423,,0.34495,,,
standardized,dbs,AED,SGD,AED/SGD,1,SGD 50 – 200,amtBtw50And200,"SGD 40,000 – 100,000",std_40k_100k,mainCurrencies,2026-09-05 06:00:00,2026-09-04 22:00:13,2026-09-05T15:23:13.721534+00:00,0.3476,0.3423,,0.34495,,,
standardized,dbs,AED,SGD,AED/SGD,1,SGD 50 – 200,amtBtw50And200,SGD 50 – 200,std_50_200,mainCurrencies,2026-09-05 06:00:00,2026-09-04 22:00:13,2026-09-05T15:23:13.721534+00:00,0.3476,0.3423,,0.34495,,,
standardized,dbs,AED,SGD,AED/SGD,1,SGD < 50,amtLessThan50,SGD < 50,std_lt_50,mainCurrencies,2026-09-05 06:00:00,2026-09-04 22:00:13,2026-09-05T15:23:13.721534+00:00,0.3503,0.3395,,0.3449,,,
standardized,dbs,AUD,SGD,AUD/SGD,1,SGD 50 – 200,amtBtw50And200,"SGD 200 – 39,999.99",std_200_40k,mainCurrencies,2026-09-05 06:00:00,2026-09-04 22:00:13,2026-09-05T15:23:13.721534+00:00,0.9241,0.9014,,0.91275,,,
standardized,dbs,AUD,SGD,AUD/SGD,1,SGD 50 – 200,amtBtw50And200,"SGD 40,000 – 100,000",std_40k_100k,mainCurrencies,2026-09-05 06:00:00,2026-09-04 22:00:13,2026-09-05T15:23:13.721534+00:00,0.9241,0.9014,,0.91275,,,
standardized,dbs,AUD,SGD,AUD/SGD,1,SGD 50 – 200,amtBtw50And200,SGD 50 – 200,std_50_200,mainCurrencies,2026-09-05 06:00:00,2026-09-04 22:00:13,2026-09-05T15:23:13.721534+00:00,0.9241,0.9014,,0.91275,,,
standardized,dbs,AUD,SGD,AUD/SGD,1,SGD < 50,amtLessThan50,SGD < 50,std_lt_50,mainCurrencies,2026-09-05 06:00:00,2026-09-04 22:00:13,2026-09-05T15:23:13.721534+00:00,0.9246,0.901,,0.9128000000000001,,,
standardized,dbs,BDT,SGD,BDT/SGD,100,SGD 50 – 200,amtBtw50And200,"SGD 200 – 39,999.99",std_200_40k,otherCurrencies,2026-09-05 06:00:00,2026-09-04 22:00:13,2026-09-05T15:23:13.721534+00:00,1.0423,,,,,,
standardized,dbs,BDT,SGD,BDT/SGD,100,SGD 50 – 200,amtBtw50And200,"SGD 40,000 – 100,000",std_40k_100k,otherCurrencies,2026-09-05 06:00:00,2026-09-04 22:00:13,2026-09-05T15:23:13.721534+00:00,1.0423,,,,,,
standardized,dbs,BDT,SGD,BDT/SGD,100,SGD 50 – 200,amtBtw50And200,SGD 50 – 200,std_50_200,otherCurrencies,2026-09-05 06:00:00,2026-09-04 22:00:13,2026-09-05T15:23:13.721534+00:00,1.0423,,,,,,
standardized,dbs,BDT,SGD,BDT/SGD,100,SGD < 50,amtLessThan50,SGD < 50,std_lt_50,otherCurrencies,2026-09-05 06:00:00,2026-09-04 22:00:13,2026-09-05T15:23:13.721534+00:00,1.0423,,,,,,
standardized,dbs,BHD,SGD,BHD/SGD,1,SGD 50 – 200,amtBtw50And200,"SGD 200 – 39,999.99",std_200_40k,otherCurrencies,2026-09-05 06:00:00,2026-09-04 22:00:13,2026-09-05T15:23:13.721534+00:00,3.4258,,,,,,
standardized,dbs,BHD,SGD,BHD/SGD,1,SGD 50 – 200,amtBtw50And200,"SGD 40,000 – 100,000",std_40k_100k,otherCurrencies,2026-09-05 06:00:00,2026-09-04 22:00:13,2026-09-05T15:23:13.721534+00:00,3.4258,,,,,,
standardized,dbs,BHD,SGD,BHD/SGD,1,SGD 50 – 200,amtBtw50And200,SGD 50 – 200,std_50_200,otherCurrencies,2026-09-05 06:00:00,2026-09-04 22:00:13,2026-09-05T15:23:13.721534+00:00,3.4258,,,,,,
standardized,dbs,BHD,SGD,BHD/SGD,1,SGD < 50,amtLessThan50,SGD < 50,std_lt_50,otherCurrencies,2026-09-05 06:00:00,2026-09-04 22:00:13,2026-09-05T15:23:13.721534+00:00,3.4393,,,,,,
standardized,dbs,BND,SGD,BND/SGD,1,SGD 50 – 200,amtBtw50And200,"SGD 200 – 39,999.99",std_200_40k,otherCurrencies,2026-09-05 06:00:00,2026-09-04 22:00:13,2026-09-05T15:23:13.721534+00:00,1.0,1.0,,1.0,,,
standardized,dbs,BND,SGD,BND/SGD,1,SGD 50 – 200,amtBtw50And200,"SGD 40,000 – 100,000",std_40k_100k,otherCurrencies,2026-09-05 06:00:00,2026-09-04 22:00:13,2026-09-05T15:23:13.721534+00:00,1.0,1.0,,1.0,,,
standardized,dbs,BND,SGD,BND/SGD,1,SGD 50 – 200,amtBtw50And200,SGD 50 – 200,std_50_200,otherCurrencies,2026-09-05 06:00:00,2026-09-04 22:00:13,2026-09-05T15:23:13.721534+00:00,1.0,1.0,,1.0,,,
standardized,dbs,BND,SGD,BND/SGD,1,SGD < 50,amtLessThan50,SGD < 50,std_lt_50,otherCurrencies,2026-09-05 06:00:00,2026-09-04 22:00:13,2026-09-05T15:23:13.721534+00:00,1.0,1.0,,1.0,,,
standardized,dbs,CAD,SGD,CAD/SGD,1,SGD 50 – 200,amtBtw50And200,"SGD 200 – 39,999.99",std_200_40k,mainCurrencies,2026-09-05 06:00:00,2026-09-04 22:00:13,2026-09-05T15:23:13.721534+00:00,0.9235,0.9075,,0.9155,,,
standardized,dbs,CAD,SGD,CAD/SGD,1,SGD 50 – 200,amtBtw50And200,"SGD 40,000 – 100,000",std_40k_100k,mainCurrencies,2026-09-05 06:00:00,2026-09-04 22:00:13,2026-09-05T15:23:13.721534+00:00,0.9235,0.9075,,0.9155,,,
standardized,dbs,CAD,SGD,CAD/SGD,1,SGD 50 – 200,amtBtw50And200,SGD 50 – 200,std_50_200,mainCurrencies,2026-09-05 06:00:00,2026-09-04 22:00:13,2026-09-05T15:23:13.721534+00:00,0.9235,0.9075,,0.9155,,,
standardized,dbs,CAD,SGD,CAD/SGD,1,SGD < 50,amtLessThan50,SGD < 50,std_lt_50,mainCurrencies,2026-09-05 06:00:00,2026-09-04 22:00:13,2026-09-05T15:23:13.721534+00:00,0.9267,0.9043,,0.9155,,,
standardized,dbs,CHF,SGD,CHF/SGD,1,SGD 50 – 200,amtBtw50And200,"SGD 200 – 39,999.99",std_200_40k,mainCurrencies,2026-09-05 06:00:00,2026-09-04 22:00:13,2026-09-05T15:23:13.721534+00:00,1.5805,1.5466,,1.56355,,,
standardized,dbs,CHF,SGD,CHF/SGD,1,SGD 50 – 200,amtBtw50And200,"SGD 40,000 – 100,000",std_40k_100k,mainCurrencies,2026-09-05 06:00:00,2026-09-04 22:00:13,2026-09-05T15:23:13.721534+00:00,1.5805,1.5466,,1.56355,,,
standardized,dbs,CHF,SGD,CHF/SGD,1,SGD 50 – 200,amtBtw50And200,SGD 50 – 200,std_50_200,mainCurrencies,2026-09-05 06:00:00,2026-09-04 22:00:13,2026-09-05T15:23:13.721534+00:00,1.5805,1.5466,,1.56355,,,
standardized,dbs,CHF,SGD,CHF/SGD,1,SGD < 50,amtLessThan50,SGD < 50,std_lt_50,mainCurrencies,2026-09-05 06:00:00,2026-09-04 22:00:13,2026-09-05T15:23:13.721534+00:00,1.5812,1.5458,,1.5635,,,
standardized,dbs,CNH,SGD,CNH/SGD,1,SGD 50 – 200,amtBtw50And200,"SGD 200 – 39,999.99",std_200_40k,mainCurrencies,2026-09-05 06:00:00,2026-09-04 22:00:13,2026-09-05T15:23:13.721534+00:00,0.1912,0.1864,,0.18880000000000002,,,
standardized,dbs,CNH,SGD,CNH/SGD,1,SGD 50 – 200,amtBtw50And200,"SGD 40,000 – 100,000",std_40k_100k,mainCurrencies,2026-09-05 06:00:00,2026-09-04 22:00:13,2026-09-05T15:23:13.721534+00:00,0.1912,0.1864,,0.18880000000000002,,,
standardized,dbs,CNH,SGD,CNH/SGD,1,SGD 50 – 200,amtBtw50And200,SGD 50 – 200,std_50_200,mainCurrencies,2026-09-05 06:00:00,2026-09-04 22:00:13,2026-09-05T15:23:13.721534+00:00,0.1912,0.1864,,0.18880000000000002,,,
standardized,dbs,CNH,SGD,CNH/SGD,1,SGD < 50,amtLessThan50,SGD < 50,std_lt_50,mainCurrencies,2026-09-05 06:00:00,2026-09-04 22:00:13,2026-09-05T15:23:13.721534+00:00,0.1918,0.1857,,0.18875,,,
standardized,dbs,CNY,SGD,CNY/SGD,1,SGD 50 – 200,amtBtw50And200,"SGD 200 – 39,999.99",std_200_40k,otherCurrencies,2026-09-05 06:00:00,2026-09-04 22:00:13,2026-09-05T15:23:13.721534+00:00,0.1888,,,,,,
standardized,dbs,CNY,SGD,CNY/SGD,1,SGD 50 – 200,amtBtw50And200,"SGD 40,000 – 100,000",std_40k_100k,otherCurrencies,2026-09-05 06:00:00,2026-09-04 22:00:13,2026-09-05T15:23:13.721534+00:00,0.1888,,,,,,
standardized,dbs,CNY,SGD,CNY/SGD,1,SGD 50 – 200,amtBtw50And200,SGD 50 – 200,std_50_200,otherCurrencies,2026-09-05 06:00:00,2026-09-04 22:00:13,2026-09-05T15:23:13.721534+00:00,0.1888,,,,,,
standardized,dbs,CNY,SGD,CNY/SGD,1,SGD < 50,amtLessThan50,SGD < 50,std_lt_50,otherCurrencies,2026-09-05 06:00:00,2026-09-04 22:00:13,2026-09-05T15:23:13.721534+00:00,0.1905,,,,,,
standardized,dbs,DKK,SGD,DKK/SGD,1,SGD 50 – 200,amtBtw50And200,"SGD 200 – 39,999.99",std_200_40k,mainCurrencies,2026-09-05 06:00:00,2026-09-04 22:00:13,2026-09-05T15:23:13.721534+00:00,0.1997,0.1938,,0.19674999999999998,,,
standardized,dbs,DKK,SGD,DKK/SGD,1,SGD 50 – 200,amtBtw50And200,"SGD 40,000 – 100,000",std_40k_100k,mainCurrencies,2026-09-05 06:00:00,2026-09-04 22:00:13,2026-09-05T15:23:13.721534+00:00,0.1997,0.1938,,0.19674999999999998,,,
standardized,dbs,DKK,SGD,DKK/SGD,1,SGD 50 – 200,amtBtw50And200,SGD 50 – 200,std_50_200,mainCurrencies,2026-09-05 06:00:00,2026-09-04 22:00:13,2026-09-05T15:23:13.721534+00:00,0.1997,0.1938,,0.19674999999999998,,,
standardized,dbs,DKK,SGD,DKK/SGD,1,SGD < 50,amtLessThan50,SGD < 50,std_lt_50,mainCurrencies,2026-09-05 06:00:00,2026-09-04 22:00:13,2026-09-05T15:23:13.721534+00:00,0.2001,0.1935,,0.1968,,,
standardized,dbs,EUR,SGD,EUR/SGD,1,SGD 50 – 200,amtBtw50And200,"SGD 200 – 39,999.99",std_200_40k,mainCurrencies,2026-09-05 06:00:00,2026-09-04 22:00:13,2026-09-05T15:23:13.721534+00:00,1.4853,1.4569,,1.4711,,,
standardized,dbs,EUR,SGD,EUR/SGD,1,SGD 50 – 200,amtBtw50And200,"SGD 40,000 – 100,000",std_40k_100k,mainCurrencies,2026-09-05 06:00:00,2026-09-04 22:00:13,2026-09-05T15:23:13.721534+00:00,1.4853,1.4569,,1.4711,,,
standardized,dbs,EUR,SGD,EUR/SGD,1,SGD 50 – 200,amtBtw50And200,SGD 50 – 200,std_50_200,mainCurrencies,2026-09-05 06:00:00,2026-09-04 22:00:13,2026-09-05T15:23:13.721534+00:00,1.4853,1.4569,,1.4711,,,
standardized,dbs,EUR,SGD,EUR/SGD,1,SGD < 50,amtLessThan50,SGD < 50,std_lt_50,mainCurrencies,2026-09-05 06:00:00,2026-09-04 22:00:13,2026-09-05T15:23:13.721534+00:00,1.4861,1.4562,,1.47115,,,
standardized,dbs,GBP,SGD,GBP/SGD,1,SGD 50 – 200,amtBtw50And200,"SGD 200 – 39,999.99",std_200_40k,mainCurrencies,2026-09-05 06:00:00,2026-09-04 22:00:13,2026-09-05T15:23:13.721534+00:00,1.7276,1.6977,,1.71265,,,
standardized,dbs,GBP,SGD,GBP/SGD,1,SGD 50 – 200,amtBtw50And200,"SGD 40,000 – 100,000",std_40k_100k,mainCurrencies,2026-09-05 06:00:00,2026-09-04 22:00:13,2026-09-05T15:23:13.721534+00:00,1.7276,1.6977,,1.71265,,,
standardized,dbs,GBP,SGD,GBP/SGD,1,SGD 50 – 200,amtBtw50And200,SGD 50 – 200,std_50_200,mainCurrencies,2026-09-05 06:00:00,2026-09-04 22:00:13,2026-09-05T15:23:13.721534+00:00,1.7276,1.6977,,1.71265,,,
standardized,dbs,GBP,SGD,GBP/SGD,1,SGD < 50,amtLessThan50,SGD < 50,std_lt_50,mainCurrencies,2026-09-05 06:00:00,2026-09-04 22:00:13,2026-09-05T15:23:13.721534+00:00,1.7293,1.696,,1.71265,,,
standardized,dbs,HKD,SGD,HKD/SGD,1,SGD 50 – 200,amtBtw50And200,"SGD 200 – 39,999.99",std_200_40k,mainCurrencies,2026-09-05 06:00:00,2026-09-04 22:00:13,2026-09-05T15:23:13.721534+00:00,0.1633,0.1597,,0.1615,,,
standardized,dbs,HKD,SGD,HKD/SGD,1,SGD 50 – 200,amtBtw50And200,"SGD 40,000 – 100,000",std_40k_100k,mainCurrencies,2026-09-05 06:00:00,2026-09-04 22:00:13,2026-09-05T15:23:13.721534+00:00,0.1633,0.1597,,0.1615,,,
standardized,dbs,HKD,SGD,HKD/SGD,1,SGD 50 – 200,amtBtw50And200,SGD 50 – 200,std_50_200,mainCurrencies,2026-09-05 06:00:00,2026-09-04 22:00:13,2026-09-05T15:23:13.721534+00:00,0.1633,0.1597,,0.1615,,,
standardized,dbs,HKD,SGD,HKD/SGD,1,SGD < 50,amtLessThan50,SGD < 50,std_lt_50,mainCurrencies,2026-09-05 06:00:00,2026-09-04 22:00:13,2026-09-05T15:23:13.721534+00:00,0.1635,0.1596,,0.16155,,,
standardized,dbs,HUF,SGD,HUF/SGD,100,SGD 50 – 200,amtBtw50And200,"SGD 200 – 39,999.99",std_200_40k,otherCurrencies,2026-09-05 06:00:00,2026-09-04 22:00:13,2026-09-05T15:23:13.721534+00:00,0.4158,,,,,,
standardized,dbs,HUF,SGD,HUF/SGD,100,SGD 50 – 200,amtBtw50And200,"SGD 40,000 – 100,000",std_40k_100k,otherCurrencies,2026-09-05 06:00:00,2026-09-04 22:00:13,2026-09-05T15:23:13.721534+00:00,0.4158,,,,,,
standardized,dbs,HUF,SGD,HUF/SGD,100,SGD 50 – 200,amtBtw50And200,SGD 50 – 200,std_50_200,otherCurrencies,2026-09-05 06:00:00,2026-09-04 22:00:13,2026-09-05T15:23:13.721534+00:00,0.4158,,,,,,
standardized,dbs,HUF,SGD,HUF/SGD,100,SGD < 50,amtLessThan50,SGD < 50,std_lt_50,otherCurrencies,2026-09-05 06:00:00,2026-09-04 22:00:13,2026-09-05T15:23:13.721534+00:00,0.4174,,,,,,
standardized,dbs,ID0,SGD,ID0/SGD,100,SGD 50 – 200,amtBtw50And200,"SGD 200 – 39,999.99",std_200_40k,otherCurrencies,2026-09-05 06:00:00,2026-09-04 22:00:13,2026-09-05T15:23:13.721534+00:00,,,,,,,
standardized,dbs,ID0,SGD,ID0/SGD,100,SGD 50 – 200,amtBtw50And200,"SGD 40,000 – 100,000",std_40k_100k,otherCurrencies,2026-09-05 06:00:00,2026-09-04 22:00:13,2026-09-05T15:23:13.721534+00:00,,,,,,,
standardized,dbs,ID0,SGD,ID0/SGD,100,SGD 50 – 200,amtBtw50And200,SGD 50 – 200,std_50_200,otherCurrencies,2026-09-05 06:00:00,2026-09-04 22:00:13,2026-09-05T15:23:13.721534+00:00,,,,,,,
standardized,dbs,ID0,SGD,ID0/SGD,100,SGD < 50,amtLessThan50,SGD < 50,std_lt_50,otherCurrencies,2026-09-05 06:00:00,2026-09-04 22:00:13,2026-09-05T15:23:13.721534+00:00,,0.0071,,,,,
standardized,dbs,IDR,SGD,IDR/SGD,100,SGD 50 – 200,amtBtw50And200,"SGD 200 – 39,999.99",std_200_40k,mainCurrencies,2026-09-05 06:00:00,2026-09-04 22:00:13,2026-09-05T15:23:13.721534+00:00,0.0073,,,,,,
standardized,dbs,IDR,SGD,IDR/SGD,100,SGD 50 – 200,amtBtw50And200,"SGD 40,000 – 100,000",std_40k_100k,mainCurrencies,2026-09-05 06:00:00,2026-09-04 22:00:13,2026-09-05T15:23:13.721534+00:00,0.0073,,,,,,
standardized,dbs,IDR,SGD,IDR/SGD,100,SGD 50 – 200,amtBtw50And200,SGD 50 – 200,std_50_200,mainCurrencies,2026-09-05 06:00:00,2026-09-04 22:00:13,2026-09-05T15:23:13.721534+00:00,0.0073,,,,,,
standardized,dbs,IDR,SGD,IDR/SGD,100,SGD < 50,amtLessThan50,SGD < 50,std_lt_50,mainCurrencies,2026-09-05 06:00:00,2026-09-04 22:00:13,2026-09-05T15:23:13.721534+00:00,0.0073,,,,,,
standardized,dbs,IN0,SGD,IN0/SGD,100,SGD 50 – 200,amtBtw50And200,"SGD 200 – 39,999.99",std_200_40k,otherCurrencies,2026-09-05 06:00:00,2026-09-04 22:00:13,2026-09-05T15:23:13.721534+00:00,,1.335,,,,,
standardized,dbs,IN0,SGD,IN0/SGD,100,SGD 50 – 200,amtBtw50And200,"SGD 40,000 – 100,000",std_40k_100k,otherCurrencies,2026-09-05 06:00:00,2026-09-04 22:00:13,2026-09-05T15:23:13.721534+00:00,,1.335,,,,,
standardized,dbs,IN0,SGD,IN0/SGD,100,SGD 50 – 200,amtBtw50And200,SGD 50 – 200,std_50_200,otherCurrencies,2026-09-05 06:00:00,2026-09-04 22:00:13,2026-09-05T15:23:13.721534+00:00,,1.335,,,,,
standardized,dbs,IN0,SGD,IN0/SGD,100,SGD < 50,amtLessThan50,SGD < 50,std_lt_50,otherCurrencies,2026-09-05 06:00:00,2026-09-04 22:00:13,2026-09-05T15:23:13.721534+00:00,,1.335,,,,,
standardized,dbs,INR,SGD,INR/SGD,100,SGD 50 – 200,amtBtw50And200,"SGD 200 – 39,999.99",std_200_40k,otherCurrencies,2026-09-05 06:00:00,2026-09-04 22:00:13,2026-09-05T15:23:13.721534+00:00,1.357,,,,,,
standardized,dbs,INR,SGD,INR/SGD,100,SGD 50 – 200,amtBtw50And200,"SGD 40,000 – 100,000",std_40k_100k,otherCurrencies,2026-09-05 06:00:00,2026-09-04 22:00:13,2026-09-05T15:23:13.721534+00:00,1.357,,,,,,
standardized,dbs,INR,SGD,INR/SGD,100,SGD 50 – 200,amtBtw50And200,SGD 50 – 200,std_50_200,otherCurrencies,2026-09-05 06:00:00,2026-09-04 22:00:13,2026-09-05T15:23:13.721534+00:00,1.357,,,,,,
standardized,dbs,INR,SGD,INR/SGD,100,SGD < 50,amtLessThan50,SGD < 50,std_lt_50,otherCurrencies,2026-09-05 06:00:00,2026-09-04 22:00:13,2026-09-05T15:23:13.721534+00:00,1.3678,,,,,,
standardized,dbs,JPY,SGD,JPY/SGD,100,SGD 50 – 200,amtBtw50And200,"SGD 200 – 39,999.99",std_200_40k,mainCurrencies,2026-09-05 06:00:00,2026-09-04 22:00:13,2026-09-05T15:23:13.721534+00:00,0.8199,0.8015,,0.8107,,,
standardized,dbs,JPY,SGD,JPY/SGD,100,SGD 50 – 200,amtBtw50And200,"SGD 40,000 – 100,000",std_40k_100k,mainCurrencies,2026-09-05 06:00:00,2026-09-04 22:00:13,2026-09-05T15:23:13.721534+00:00,0.8199,0.8015,,0.8107,,,
standardized,dbs,JPY,SGD,JPY/SGD,100,SGD 50 – 200,amtBtw50And200,SGD 50 – 200,std_50_200,mainCurrencies,2026-09-05 06:00:00,2026-09-04 22:00:13,2026-09-05T15:23:13.721534+00:00,0.8199,0.8015,,0.8107,,,
standardized,dbs,JPY,SGD,JPY/SGD,100,SGD < 50,amtLessThan50,SGD < 50,std_lt_50,mainCurrencies,2026-09-05 06:00:00,2026-09-04 22:00:13,2026-09-05T15:23:13.721534+00:00,0.8207,0.8007,,0.8107,,,
standardized,dbs,KRW,SGD,KRW/SGD,100,SGD 50 – 200,amtBtw50And200,"SGD 200 – 39,999.99",std_200_40k,otherCurrencies,2026-09-05 06:00:00,2026-09-04 22:00:13,2026-09-05T15:23:13.721534+00:00,0.0955,,,,,,
standardized,dbs,KRW,SGD,KRW/SGD,100,SGD 50 – 200,amtBtw50And200,"SGD 40,000 – 100,000",std_40k_100k,otherCurrencies,2026-09-05 06:00:00,2026-09-04 22:00:13,2026-09-05T15:23:13.721534+00:00,0.0955,,,,,,
standardized,dbs,KRW,SGD,KRW/SGD,100,SGD 50 – 200,amtBtw50And200,SGD 50 – 200,std_50_200,otherCurrencies,2026-09-05 06:00:00,2026-09-04 22:00:13,2026-09-05T15:23:13.721534+00:00,0.0955,,,,,,
standardized,dbs,KRW,SGD,KRW/SGD,100,SGD < 50,amtLessThan50,SGD < 50,std_lt_50,otherCurrencies,2026-09-05 06:00:00,2026-09-04 22:00:13,2026-09-05T15:23:13.721534+00:00,0.0955,,,,,,
standardized,dbs,KWD,SGD,KWD/SGD,100,SGD 50 – 200,amtBtw50And200,"SGD 200 – 39,999.99",std_200_40k,otherCurrencies,2026-09-05 06:00:00,2026-09-04 22:00:13,2026-09-05T15:23:13.721534+00:00,420.7181,,,,,,
standardized,dbs,KWD,SGD,KWD/SGD,100,SGD 50 – 200,amtBtw50And200,"SGD 40,000 – 100,000",std_40k_100k,otherCurrencies,2026-09-05 06:00:00,2026-09-04 22:00:13,2026-09-05T15:23:13.721534+00:00,420.7181,,,,,,
standardized,dbs,KWD,SGD,KWD/SGD,100,SGD 50 – 200,amtBtw50And200,SGD 50 – 200,std_50_200,otherCurrencies,2026-09-05 06:00:00,2026-09-04 22:00:13,2026-09-05T15:23:13.721534+00:00,420.7181,,,,,,
standardized,dbs,KWD,SGD,KWD/SGD,100,SGD < 50,amtLessThan50,SGD < 50,std_lt_50,otherCurrencies,2026-09-05 06:00:00,2026-09-04 22:00:13,2026-09-05T15:23:13.721534+00:00,422.3772,,,,,,
standardized,dbs,LKR,SGD,LKR/SGD,100,SGD 50 – 200,amtBtw50And200,"SGD 200 – 39,999.99",std_200_40k,otherCurrencies,2026-09-05 06:00:00,2026-09-04 22:00:13,2026-09-05T15:23:13.721534+00:00,0.3939,,,,,,
standardized,dbs,LKR,SGD,LKR/SGD,100,SGD 50 – 200,amtBtw50And200,"SGD 40,000 – 100,000",std_40k_100k,otherCurrencies,2026-09-05 06:00:00,2026-09-04 22:00:13,2026-09-05T15:23:13.721534+00:00,0.3939,,,,,,
standardized,dbs,LKR,SGD,LKR/SGD,100,SGD 50 – 200,amtBtw50And200,SGD 50 – 200,std_50_200,otherCurrencies,2026-09-05 06:00:00,2026-09-04 22:00:13,2026-09-05T15:23:13.721534+00:00,0.3939,,,,,,
standardized,dbs,LKR,SGD,LKR/SGD,100,SGD < 50,amtLessThan50,SGD < 50,std_lt_50,otherCurrencies,2026-09-05 06:00:00,2026-09-04 22:00:13,2026-09-05T15:23:13.721534+00:00,0.3939,,,,,,
standardized,dbs,MM1,SGD,MM1/SGD,100,SGD 50 – 200,amtBtw50And200,"SGD 200 – 39,999.99",std_200_40k,otherCurrencies,2026-09-05 06:00:00,2026-09-04 22:00:13,2026-09-05T15:23:13.721534+00:00,,,,,,,
standardized,dbs,MM1,SGD,MM1/SGD,100,SGD 50 – 200,amtBtw50And200,"SGD 40,000 – 100,000",std_40k_100k,otherCurrencies,2026-09-05 06:00:00,2026-09-04 22:00:13,2026-09-05T15:23:13.721534+00:00,,,,,,,
standardized,dbs,MM1,SGD,MM1/SGD,100,SGD 50 – 200,amtBtw50And200,SGD 50 – 200,std_50_200,otherCurrencies,2026-09-05 06:00:00,2026-09-04 22:00:13,2026-09-05T15:23:13.721534+00:00,,,,,,,
standardized,dbs,MM1,SGD,MM1/SGD,100,SGD < 50,amtLessThan50,SGD < 50,std_lt_50,otherCurrencies,2026-09-05 06:00:00,2026-09-04 22:00:13,2026-09-05T15:23:13.721534+00:00,,,,,,,
standardized,dbs,MMK,SGD,MMK/SGD,100,SGD 50 – 200,amtBtw50And200,"SGD 200 – 39,999.99",std_200_40k,otherCurrencies,2026-09-05 06:00:00,2026-09-04 22:00:13,2026-09-05T15:23:13.721534+00:00,0.0322,,,,,,
standardized,dbs,MMK,SGD,MMK/SGD,100,SGD 50 – 200,amtBtw50And200,"SGD 40,000 – 100,000",std_40k_100k,otherCurrencies,2026-09-05 06:00:00,2026-09-04 22:00:13,2026-09-05T15:23:13.721534+00:00,0.0322,,,,,,
standardized,dbs,MMK,SGD,MMK/SGD,100,SGD 50 – 200,amtBtw50And200,SGD 50 – 200,std_50_200,otherCurrencies,2026-09-05 06:00:00,2026-09-04 22:00:13,2026-09-05T15:23:13.721534+00:00,0.0322,,,,,,
standardized,dbs,MMK,SGD,MMK/SGD,100,SGD < 50,amtLessThan50,SGD < 50,std_lt_50,otherCurrencies,2026-09-05 06:00:00,2026-09-04 22:00:13,2026-09-05T15:23:13.721534+00:00,0.0322,,,,,,
standardized,dbs,MUR,SGD,MUR/SGD,100,SGD 50 – 200,amtBtw50And200,"SGD 200 – 39,999.99",std_200_40k,otherCurrencies,2026-09-05 06:00:00,2026-09-04 22:00:13,2026-09-05T15:23:13.721534+00:00,2.7011,,,,,,
standardized,dbs,MUR,SGD,MUR/SGD,100,SGD 50 – 200,amtBtw50And200,"SGD 40,000 – 100,000",std_40k_100k,otherCurrencies,2026-09-05 06:00:00,2026-09-04 22:00:13,2026-09-05T15:23:13.721534+00:00,2.7011,,,,,,
standardized,dbs,MUR,SGD,MUR/SGD,100,SGD 50 – 200,amtBtw50And200,SGD 50 – 200,std_50_200,otherCurrencies,2026-09-05 06:00:00,2026-09-04 22:00:13,2026-09-05T15:23:13.721534+00:00,2.7011,,,,,,
standardized,dbs,MUR,SGD,MUR/SGD,100,SGD < 50,amtLessThan50,SGD < 50,std_lt_50,otherCurrencies,2026-09-05 06:00:00,2026-09-04 22:00:13,2026-09-05T15:23:13.721534+00:00,2.7118,,,,,,
standardized,dbs,MXN,SGD,MXN/SGD,100,SGD 50 – 200,amtBtw50And200,"SGD 200 – 39,999.99",std_200_40k,mainCurrencies,2026-09-05 06:00:00,2026-09-04 22:00:13,2026-09-05T15:23:13.721534+00:00,7.6393,,,,,,
standardized,dbs,MXN,SGD,MXN/SGD,100,SGD 50 – 200,amtBtw50And200,"SGD 40,000 – 100,000",std_40k_100k,mainCurrencies,2026-09-05 06:00:00,2026-09-04 22:00:13,2026-09-05T15:23:13.721534+00:00,7.6393,,,,,,
standardized,dbs,MXN,SGD,MXN/SGD,100,SGD 50 – 200,amtBtw50And200,SGD 50 – 200,std_50_200,mainCurrencies,2026-09-05 06:00:00,2026-09-04 22:00:13,2026-09-05T15:23:13.721534+00:00,7.6393,,,,,,
standardized,dbs,MXN,SGD,MXN/SGD,100,SGD < 50,amtLessThan50,SGD < 50,std_lt_50,mainCurrencies,2026-09-05 06:00:00,2026-09-04 22:00:13,2026-09-05T15:23:13.721534+00:00,7.6393,,,,,,
standardized,dbs,MY0,SGD,MY0/SGD,1,SGD 50 – 200,amtBtw50And200,"SGD 200 – 39,999.99",std_200_40k,otherCurrencies,2026-09-05 06:00:00,2026-09-04 22:00:13,2026-09-05T15:23:13.721534+00:00,,0.3122,,,,,
standardized,dbs,MY0,SGD,MY0/SGD,1,SGD 50 – 200,amtBtw50And200,"SGD 40,000 – 100,000",std_40k_100k,otherCurrencies,2026-09-05 06:00:00,2026-09-04 22:00:13,2026-09-05T15:23:13.721534+00:00,,0.3122,,,,,
standardized,dbs,MY0,SGD,MY0/SGD,1,SGD 50 – 200,amtBtw50And200,SGD 50 – 200,std_50_200,otherCurrencies,2026-09-05 06:00:00,2026-09-04 22:00:13,2026-09-05T15:23:13.721534+00:00,,0.3122,,,,,
standardized,dbs,MY0,SGD,MY0/SGD,1,SGD < 50,amtLessThan50,SGD < 50,std_lt_50,otherCurrencies,2026-09-05 06:00:00,2026-09-04 22:00:13,2026-09-05T15:23:13.721534+00:00,,0.3122,,,,,
standardized,dbs,MYR,SGD,MYR/SGD,1,SGD 50 – 200,amtBtw50And200,"SGD 200 – 39,999.99",std_200_40k,otherCurrencies,2026-09-05 06:00:00,2026-09-04 22:00:13,2026-09-05T15:23:13.721534+00:00,0.3166,,,,,,
standardized,dbs,MYR,SGD,MYR/SGD,1,SGD 50 – 200,amtBtw50And200,"SGD 40,000 – 100,000",std_40k_100k,otherCurrencies,2026-09-05 06:00:00,2026-09-04 22:00:13,2026-09-05T15:23:13.721534+00:00,0.3166,,,,,,
standardized,dbs,MYR,SGD,MYR/SGD,1,SGD 50 – 200,amtBtw50And200,SGD 50 – 200,std_50_200,otherCurrencies,2026-09-05 06:00:00,2026-09-04 22:00:13,2026-09-05T15:23:13.721534+00:00,0.3166,,,,,,
standardized,dbs,MYR,SGD,MYR/SGD,1,SGD < 50,amtLessThan50,SGD < 50,std_lt_50,otherCurrencies,2026-09-05 06:00:00,2026-09-04 22:00:13,2026-09-05T15:23:13.721534+00:00,0.3166,,,,,,
standardized,dbs,NOK,SGD,NOK/SGD,1,SGD 50 – 200,amtBtw50And200,"SGD 200 – 39,999.99",std_200_40k,mainCurrencies,2026-09-05 06:00:00,2026-09-04 22:00:13,2026-09-05T15:23:13.721534+00:00,0.1384,0.1338,,0.1361,,,
standardized,dbs,NOK,SGD,NOK/SGD,1,SGD 50 – 200,amtBtw50And200,"SGD 40,000 – 100,000",std_40k_100k,mainCurrencies,2026-09-05 06:00:00,2026-09-04 22:00:13,2026-09-05T15:23:13.721534+00:00,0.1384,0.1338,,0.1361,,,
standardized,dbs,NOK,SGD,NOK/SGD,1,SGD 50 – 200,amtBtw50And200,SGD 50 – 200,std_50_200,mainCurrencies,2026-09-05 06:00:00,2026-09-04 22:00:13,2026-09-05T15:23:13.721534+00:00,0.1384,0.1338,,0.1361,,,
standardized,dbs,NOK,SGD,NOK/SGD,1,SGD < 50,amtLessThan50,SGD < 50,std_lt_50,mainCurrencies,2026-09-05 06:00:00,2026-09-04 22:00:13,2026-09-05T15:23:13.721534+00:00,0.1388,0.1334,,0.1361,,,
standardized,dbs,NZD,SGD,NZD/SGD,1,SGD 50 – 200,amtBtw50And200,"SGD 200 – 39,999.99",std_200_40k,mainCurrencies,2026-09-05 06:00:00,2026-09-04 22:00:13,2026-09-05T15:23:13.721534+00:00,0.7545,0.7352,,0.74485,,,
standardized,dbs,NZD,SGD,NZD/SGD,1,SGD 50 – 200,amtBtw50And200,"SGD 40,000 – 100,000",std_40k_100k,mainCurrencies,2026-09-05 06:00:00,2026-09-04 22:00:13,2026-09-05T15:23:13.721534+00:00,0.7545,0.7352,,0.74485,,,
standardized,dbs,NZD,SGD,NZD/SGD,1,SGD 50 – 200,amtBtw50And200,SGD 50 – 200,std_50_200,mainCurrencies,2026-09-05 06:00:00,2026-09-04 22:00:13,2026-09-05T15:23:13.721534+00:00,0.7545,0.7352,,0.74485,,,
standardized,dbs,NZD,SGD,NZD/SGD,1,SGD < 50,amtLessThan50,SGD < 50,std_lt_50,mainCurrencies,2026-09-05 06:00:00,2026-09-04 22:00:13,2026-09-05T15:23:13.721534+00:00,0.7552,0.7344,,0.7448,,,
standardized,dbs,OMR,SGD,OMR/SGD,1,SGD 50 – 200,amtBtw50And200,"SGD 200 – 39,999.99",std_200_40k,otherCurrencies,2026-09-05 06:00:00,2026-09-04 22:00:13,2026-09-05T15:23:13.721534+00:00,3.3163,,,,,,
standardized,dbs,OMR,SGD,OMR/SGD,1,SGD 50 – 200,amtBtw50And200,"SGD 40,000 – 100,000",std_40k_100k,otherCurrencies,2026-09-05 06:00:00,2026-09-04 22:00:13,2026-09-05T15:23:13.721534+00:00,3.3163,,,,,,
standardized,dbs,OMR,SGD,OMR/SGD,1,SGD 50 – 200,amtBtw50And200,SGD 50 – 200,std_50_200,otherCurrencies,2026-09-05 06:00:00,2026-09-04 22:00:13,2026-09-05T15:23:13.721534+00:00,3.3163,,,,,,
standardized,dbs,OMR,SGD,OMR/SGD,1,SGD < 50,amtLessThan50,SGD < 50,std_lt_50,otherCurrencies,2026-09-05 06:00:00,2026-09-04 22:00:13,2026-09-05T15:23:13.721534+00:00,3.3163,,,,,,
standardized,dbs,PH0,SGD,PH0/SGD,100,SGD 50 – 200,amtBtw50And200,"SGD 200 – 39,999.99",std_200_40k,otherCurrencies,2026-09-05 06:00:00,2026-09-04 22:00:13,2026-09-05T15:23:13.721534+00:00,,2.0136,,,,,
standardized,dbs,PH0,SGD,PH0/SGD,100,SGD 50 – 200,amtBtw50And200,"SGD 40,000 – 100,000",std_40k_100k,otherCurrencies,2026-09-05 06:00:00,2026-09-04 22:00:13,2026-09-05T15:23:13.721534+00:00,,2.0136,,,,,
standardized,dbs,PH0,SGD,PH0/SGD,100,SGD 50 – 200,amtBtw50And200,SGD 50 – 200,std_50_200,otherCurrencies,2026-09-05 06:00:00,2026-09-04 22:00:13,2026-09-05T15:23:13.721534+00:00,,2.0136,,,,,
standardized,dbs,PH0,SGD,PH0/SGD,100,SGD < 50,amtLessThan50,SGD < 50,std_lt_50,otherCurrencies,2026-09-05 06:00:00,2026-09-04 22:00:13,2026-09-05T15:23:13.721534+00:00,,2.0136,,,,,
standardized,dbs,PHP,SGD,PHP/SGD,100,SGD 50 – 200,amtBtw50And200,"SGD 200 – 39,999.99",std_200_40k,otherCurrencies,2026-09-05 06:00:00,2026-09-04 22:00:13,2026-09-05T15:23:13.721534+00:00,2.0513,,,,,,
standardized,dbs,PHP,SGD,PHP/SGD,100,SGD 50 – 200,amtBtw50And200,"SGD 40,000 – 100,000",std_40k_100k,otherCurrencies,2026-09-05 06:00:00,2026-09-04 22:00:13,2026-09-05T15:23:13.721534+00:00,2.0513,,,,,,
standardized,dbs,PHP,SGD,PHP/SGD,100,SGD 50 – 200,amtBtw50And200,SGD 50 – 200,std_50_200,otherCurrencies,2026-09-05 06:00:00,2026-09-04 22:00:13,2026-09-05T15:23:13.721534+00:00,2.0513,,,,,,
standardized,dbs,PHP,SGD,PHP/SGD,100,SGD < 50,amtLessThan50,SGD < 50,std_lt_50,otherCurrencies,2026-09-05 06:00:00,2026-09-04 22:00:13,2026-09-05T15:23:13.721534+00:00,2.0667,,,,,,
standardized,dbs,PLN,SGD,PLN/SGD,1,SGD 50 – 200,amtBtw50And200,"SGD 200 – 39,999.99",std_200_40k,otherCurrencies,2026-09-05 06:00:00,2026-09-04 22:00:13,2026-09-05T15:23:13.721534+00:00,0.3477,,,,,,
standardized,dbs,PLN,SGD,PLN/SGD,1,SGD 50 – 200,amtBtw50And200,"SGD 40,000 – 100,000",std_40k_100k,otherCurrencies,2026-09-05 06:00:00,2026-09-04 22:00:13,2026-09-05T15:23:13.721534+00:00,0.3477,,,,,,
standardized,dbs,PLN,SGD,PLN/SGD,1,SGD 50 – 200,amtBtw50And200,SGD 50 – 200,std_50_200,otherCurrencies,2026-09-05 06:00:00,2026-09-04 22:00:13,2026-09-05T15:23:13.721534+00:00,0.3477,,,,,,
standardized,dbs,PLN,SGD,PLN/SGD,1,SGD < 50,amtLessThan50,SGD < 50,std_lt_50,otherCurrencies,2026-09-05 06:00:00,2026-09-04 22:00:13,2026-09-05T15:23:13.721534+00:00,0.3491,,,,,,
standardized,dbs,QAR,SGD,QAR/SGD,1,SGD 50 – 200,amtBtw50And200,"SGD 200 – 39,999.99",std_200_40k,otherCurrencies,2026-09-05 06:00:00,2026-09-04 22:00:13,2026-09-05T15:23:13.721534+00:00,0.3556,,,,,,
standardized,dbs,QAR,SGD,QAR/SGD,1,SGD 50 – 200,amtBtw50And200,"SGD 40,000 – 100,000",std_40k_100k,otherCurrencies,2026-09-05 06:00:00,2026-09-04 22:00:13,2026-09-05T15:23:13.721534+00:00,0.3556,,,,,,
standardized,dbs,QAR,SGD,QAR/SGD,1,SGD 50 – 200,amtBtw50And200,SGD 50 – 200,std_50_200,otherCurrencies,2026-09-05 06:00:00,2026-09-04 22:00:13,2026-09-05T15:23:13.721534+00:00,0.3556,,,,,,
standardized,dbs,QAR,SGD,QAR/SGD,1,SGD < 50,amtLessThan50,SGD < 50,std_lt_50,otherCurrencies,2026-09-05 06:00:00,2026-09-04 22:00:13,2026-09-05T15:23:13.721534+00:00,0.357,,,,,,
standardized,dbs,RUB,SGD,RUB/SGD,100,SGD 50 – 200,amtBtw50And200,"SGD 200 – 39,999.99",std_200_40k,mainCurrencies,2026-09-05 06:00:00,2026-09-04 22:00:13,2026-09-05T15:23:13.721534+00:00,,,,,,,
standardized,dbs,RUB,SGD,RUB/SGD,100,SGD 50 – 200,amtBtw50And200,"SGD 40,000 – 100,000",std_40k_100k,mainCurrencies,2026-09-05 06:00:00,2026-09-04 22:00:13,2026-09-05T15:23:13.721534+00:00,,,,,,,
standardized,dbs,RUB,SGD,RUB/SGD,100,SGD 50 – 200,amtBtw50And200,SGD 50 – 200,std_50_200,mainCurrencies,2026-09-05 06:00:00,2026-09-04 22:00:13,2026-09-05T15:23:13.721534+00:00,,,,,,,
standardized,dbs,RUB,SGD,RUB/SGD,100,SGD < 50,amtLessThan50,SGD < 50,std_lt_50,mainCurrencies,2026-09-05 06:00:00,2026-09-04 22:00:13,2026-09-05T15:23:13.721534+00:00,,,,,,,
standardized,dbs,SAR,SGD,SAR/SGD,100,SGD 50 – 200,amtBtw50And200,"SGD 200 – 39,999.99",std_200_40k,otherCurrencies,2026-09-05 06:00:00,2026-09-04 22:00:13,2026-09-05T15:23:13.721534+00:00,34.1974,,,,,,
standardized,dbs,SAR,SGD,SAR/SGD,100,SGD 50 – 200,amtBtw50And200,"SGD 40,000 – 100,000",std_40k_100k,otherCurrencies,2026-09-05 06:00:00,2026-09-04 22:00:13,2026-09-05T15:23:13.721534+00:00,34.1974,,,,,,
standardized,dbs,SAR,SGD,SAR/SGD,100,SGD 50 – 200,amtBtw50And200,SGD 50 – 200,std_50_200,otherCurrencies,2026-09-05 06:00:00,2026-09-04 22:00:13,2026-09-05T15:23:13.721534+00:00,34.1974,,,,,,
standardized,dbs,SAR,SGD,SAR/SGD,100,SGD < 50,amtLessThan50,SGD < 50,std_lt_50,otherCurrencies,2026-09-05 06:00:00,2026-09-04 22:00:13,2026-09-05T15:23:13.721534+00:00,34.1974,,,,,,
standardized,dbs,SEK,SGD,SEK/SGD,1,SGD 50 – 200,amtBtw50And200,"SGD 200 – 39,999.99",std_200_40k,mainCurrencies,2026-09-05 06:00:00,2026-09-04 22:00:13,2026-09-05T15:23:13.721534+00:00,0.1342,0.1302,,0.1322,,,
standardized,dbs,SEK,SGD,SEK/SGD,1,SGD 50 – 200,amtBtw50And200,"SGD 40,000 – 100,000",std_40k_100k,mainCurrencies,2026-09-05 06:00:00,2026-09-04 22:00:13,2026-09-05T15:23:13.721534+00:00,0.1342,0.1302,,0.1322,,,
standardized,dbs,SEK,SGD,SEK/SGD,1,SGD 50 – 200,amtBtw50And200,SGD 50 – 200,std_50_200,mainCurrencies,2026-09-05 06:00:00,2026-09-04 22:00:13,2026-09-05T15:23:13.721534+00:00,0.1342,0.1302,,0.1322,,,
standardized,dbs,SEK,SGD,SEK/SGD,1,SGD < 50,amtLessThan50,SGD < 50,std_lt_50,mainCurrencies,2026-09-05 06:00:00,2026-09-04 22:00:13,2026-09-05T15:23:13.721534+00:00,0.1347,0.1297,,0.13219999999999998,,,
standardized,dbs,THB,SGD,THB/SGD,100,SGD 50 – 200,amtBtw50And200,"SGD 200 – 39,999.99",std_200_40k,mainCurrencies,2026-09-05 06:00:00,2026-09-04 22:00:13,2026-09-05T15:23:13.721534+00:00,3.9119,3.7853,,3.8486000000000002,,,
standardized,dbs,THB,SGD,THB/SGD,100,SGD 50 – 200,amtBtw50And200,"SGD 40,000 – 100,000",std_40k_100k,mainCurrencies,2026-09-05 06:00:00,2026-09-04 22:00:13,2026-09-05T15:23:13.721534+00:00,3.9119,3.7853,,3.8486000000000002,,,
standardized,dbs,THB,SGD,THB/SGD,100,SGD 50 – 200,amtBtw50And200,SGD 50 – 200,std_50_200,mainCurrencies,2026-09-05 06:00:00,2026-09-04 22:00:13,2026-09-05T15:23:13.721534+00:00,3.9119,3.7853,,3.8486000000000002,,,
standardized,dbs,THB,SGD,THB/SGD,100,SGD < 50,amtLessThan50,SGD < 50,std_lt_50,mainCurrencies,2026-09-05 06:00:00,2026-09-04 22:00:13,2026-09-05T15:23:13.721534+00:00,3.9161,3.7811,,3.8486000000000002,,,
standardized,dbs,TND,SGD,TND/SGD,1,SGD 50 – 200,amtBtw50And200,"SGD 200 – 39,999.99",std_200_40k,otherCurrencies,2026-09-05 06:00:00,2026-09-04 22:00:13,2026-09-05T15:23:13.721534+00:00,0.448,,,,,,
standardized,dbs,TND,SGD,TND/SGD,1,SGD 50 – 200,amtBtw50And200,"SGD 40,000 – 100,000",std_40k_100k,otherCurrencies,2026-09-05 06:00:00,2026-09-04 22:00:13,2026-09-05T15:23:13.721534+00:00,0.448,,,,,,
standardized,dbs,TND,SGD,TND/SGD,1,SGD 50 – 200,amtBtw50And200,SGD 50 – 200,std_50_200,otherCurrencies,2026-09-05 06:00:00,2026-09-04 22:00:13,2026-09-05T15:23:13.721534+00:00,0.448,,,,,,
standardized,dbs,TND,SGD,TND/SGD,1,SGD < 50,amtLessThan50,SGD < 50,std_lt_50,otherCurrencies,2026-09-05 06:00:00,2026-09-04 22:00:13,2026-09-05T15:23:13.721534+00:00,0.448,,,,,,
standardized,dbs,TWD,SGD,TWD/SGD,100,SGD 50 – 200,amtBtw50And200,"SGD 200 – 39,999.99",std_200_40k,otherCurrencies,2026-09-05 06:00:00,2026-09-04 22:00:13,2026-09-05T15:23:13.721534+00:00,4.0569,,,,,,
standardized,dbs,TWD,SGD,TWD/SGD,100,SGD 50 – 200,amtBtw50And200,"SGD 40,000 – 100,000",std_40k_100k,otherCurrencies,2026-09-05 06:00:00,2026-09-04 22:00:13,2026-09-05T15:23:13.721534+00:00,4.0569,,,,,,
standardized,dbs,TWD,SGD,TWD/SGD,100,SGD 50 – 200,amtBtw50And200,SGD 50 – 200,std_50_200,otherCurrencies,2026-09-05 06:00:00,2026-09-04 22:00:13,2026-09-05T15:23:13.721534+00:00,4.0569,,,,,,
standardized,dbs,TWD,SGD,TWD/SGD,100,SGD < 50,amtLessThan50,SGD < 50,std_lt_50,otherCurrencies,2026-09-05 06:00:00,2026-09-04 22:00:13,2026-09-05T15:23:13.721534+00:00,4.0609,,,,,,
standardized,dbs,USD,SGD,USD/SGD,1,SGD 50 – 200,amtBtw50And200,"SGD 200 – 39,999.99",std_200_40k,mainCurrencies,2026-09-05 06:00:00,2026-09-04 22:00:13,2026-09-05T15:23:13.721534+00:00,1.2785,1.2554,,1.26695,,,
standardized,dbs,USD,SGD,USD/SGD,1,SGD 50 – 200,amtBtw50And200,"SGD 40,000 – 100,000",std_40k_100k,mainCurrencies,2026-09-05 06:00:00,2026-09-04 22:00:13,2026-09-05T15:23:13.721534+00:00,1.2785,1.2554,,1.26695,,,
standardized,dbs,USD,SGD,USD/SGD,1,SGD 50 – 200,amtBtw50And200,SGD 50 – 200,std_50_200,mainCurrencies,2026-09-05 06:00:00,2026-09-04 22:00:13,2026-09-05T15:23:13.721534+00:00,1.2785,1.2554,,1.26695,,,
standardized,dbs,USD,SGD,USD/SGD,1,SGD < 50,amtLessThan50,SGD < 50,std_lt_50,mainCurrencies,2026-09-05 06:00:00,2026-09-04 22:00:13,2026-09-05T15:23:13.721534+00:00,1.2793,1.2545,,1.2669000000000001,,,
standardized,dbs,VND,SGD,VND/SGD,100,SGD 50 – 200,amtBtw50And200,"SGD 200 – 39,999.99",std_200_40k,otherCurrencies,2026-09-05 06:00:00,2026-09-04 22:00:13,2026-09-05T15:23:13.721534+00:00,0.005,,,,,,
standardized,dbs,VND,SGD,VND/SGD,100,SGD 50 – 200,amtBtw50And200,"SGD 40,000 – 100,000",std_40k_100k,otherCurrencies,2026-09-05 06:00:00,2026-09-04 22:00:13,2026-09-05T15:23:13.721534+00:00,0.005,,,,,,
standardized,dbs,VND,SGD,VND/SGD,100,SGD 50 – 200,amtBtw50And200,SGD 50 – 200,std_50_200,otherCurrencies,2026-09-05 06:00:00,2026-09-04 22:00:13,2026-09-05T15:23:13.721534+00:00,0.005,,,,,,
standardized,dbs,VND,SGD,VND/SGD,100,SGD < 50,amtLessThan50,SGD < 50,std_lt_50,otherCurrencies,2026-09-05 06:00:00,2026-09-04 22:00:13,2026-09-05T15:23:13.721534+00:00,0.005,,,,,,
standardized,dbs,XAU,SGD,XAU/SGD,1,SGD 50 – 200,amtBtw50And200,"SGD 200 – 39,999.99",std_200_40k,otherCurrencies,2026-09-05 06:00:00,2026-09-04 22:00:13,2026-09-05T15:23:13.721534+00:00,5653.606,5567.331,,5610.4685,,,
standardized,dbs,XAU,SGD,XAU/SGD,1,SGD 50 – 200,amtBtw50And200,"SGD 40,000 – 100,000",std_40k_100k,otherCurrencies,2026-09-05 06:00:00,2026-09-04 22:00:13,2026-09-05T15:23:13.721534+00:00,5653.606,5567.331,,5610.4685,,,
standardized,dbs,XAU,SGD,XAU/SGD,1,SGD 50 – 200,amtBtw50And200,SGD 50 – 200,std_50_200,otherCurrencies,2026-09-05 06:00:00,2026-09-04 22:00:13,2026-09-05T15:23:13.721534+00:00,5653.606,5567.331,,5610.4685,,,
standardized,dbs,XAU,SGD,XAU/SGD,1,SGD < 50,amtLessThan50,SGD < 50,std_lt_50,otherCurrencies,2026-09-05 06:00:00,2026-09-04 22:00:13,2026-09-05T15:23:13.721534+00:00,5653.606,5567.331,,5610.4685,,,
standardized,dbs,ZAR,SGD,ZAR/SGD,1,SGD 50 – 200,amtBtw50And200,"SGD 200 – 39,999.99",std_200_40k,otherCurrencies,2026-09-05 06:00:00,2026-09-04 22:00:13,2026-09-05T15:23:13.721534+00:00,0.0805,0.0781,,0.07930000000000001,,,
standardized,dbs,ZAR,SGD,ZAR/SGD,1,SGD 50 – 200,amtBtw50And200,"SGD 40,000 – 100,000",std_40k_100k,otherCurrencies,2026-09-05 06:00:00,2026-09-04 22:00:13,2026-09-05T15:23:13.721534+00:00,0.0805,0.0781,,0.07930000000000001,,,
standardized,dbs,ZAR,SGD,ZAR/SGD,1,SGD 50 – 200,amtBtw50And200,SGD 50 – 200,std_50_200,otherCurrencies,2026-09-05 06:00:00,2026-09-04 22:00:13,2026-09-05T15:23:13.721534+00:00,0.0805,0.0781,,0.07930000000000001,,,
standardized,dbs,ZAR,SGD,ZAR/SGD,1,SGD < 50,amtLessThan50,SGD < 50,std_lt_50,otherCurrencies,2026-09-05 06:00:00,2026-09-04 22:00:13,2026-09-05T15:23:13.721534+00:00,0.0808,0.0777,,0.07925,,,
standardized,hsbc,AED,SGD,AED/SGD,100,Indicative board,board,"SGD 200 – 39,999.99",std_200_40k,indicative_fx,2026-9-4,2026-9-4,2026-09-05T15:23:18.651704+00:00,35.62,33.38,,34.5,,,
standardized,hsbc,AED,SGD,AED/SGD,100,Indicative board,board,"SGD 40,000 – 100,000",std_40k_100k,indicative_fx,2026-9-4,2026-9-4,2026-09-05T15:23:18.651704+00:00,35.62,33.38,,34.5,,,
standardized,hsbc,AED,SGD,AED/SGD,100,Indicative board,board,SGD 50 – 200,std_50_200,indicative_fx,2026-9-4,2026-9-4,2026-09-05T15:23:18.651704+00:00,35.62,33.38,,34.5,,,
standardized,hsbc,AED,SGD,AED/SGD,100,Indicative board,board,SGD < 50,std_lt_50,indicative_fx,2026-9-4,2026-9-4,2026-09-05T15:23:18.651704+00:00,35.62,33.38,,34.5,,,
standardized,hsbc,AUD,SGD,AUD/SGD,1,Indicative board,board,"SGD 200 – 39,999.99",std_200_40k,indicative_fx,2026-9-4,2026-9-4,2026-09-05T15:23:18.651704+00:00,0.9401,0.8852,,0.91265,,,
standardized,hsbc,AUD,SGD,AUD/SGD,1,Indicative board,board,"SGD 40,000 – 100,000",std_40k_100k,indicative_fx,2026-9-4,2026-9-4,2026-09-05T15:23:18.651704+00:00,0.9401,0.8852,,0.91265,,,
standardized,hsbc,AUD,SGD,AUD/SGD,1,Indicative board,board,SGD 50 – 200,std_50_200,indicative_fx,2026-9-4,2026-9-4,2026-09-05T15:23:18.651704+00:00,0.9401,0.8852,,0.91265,,,
standardized,hsbc,AUD,SGD,AUD/SGD,1,Indicative board,board,SGD < 50,std_lt_50,indicative_fx,2026-9-4,2026-9-4,2026-09-05T15:23:18.651704+00:00,0.9401,0.8852,,0.91265,,,
standardized,hsbc,CAD,SGD,CAD/SGD,1,Indicative board,board,"SGD 200 – 39,999.99",std_200_40k,indicative_fx,2026-9-4,2026-9-4,2026-09-05T15:23:18.651704+00:00,0.9462,0.8909,,0.91855,,,
standardized,hsbc,CAD,SGD,CAD/SGD,1,Indicative board,board,"SGD 40,000 – 100,000",std_40k_100k,indicative_fx,2026-9-4,2026-9-4,2026-09-05T15:23:18.651704+00:00,0.9462,0.8909,,0.91855,,,
standardized,hsbc,CAD,SGD,CAD/SGD,1,Indicative board,board,SGD 50 – 200,std_50_200,indicative_fx,2026-9-4,2026-9-4,2026-09-05T15:23:18.651704+00:00,0.9462,0.8909,,0.91855,,,
standardized,hsbc,CAD,SGD,CAD/SGD,1,Indicative board,board,SGD < 50,std_lt_50,indicative_fx,2026-9-4,2026-9-4,2026-09-05T15:23:18.651704+00:00,0.9462,0.8909,,0.91855,,,
standardized,hsbc,CHF,SGD,CHF/SGD,100,Indicative board,board,"SGD 200 – 39,999.99",std_200_40k,indicative_fx,2026-9-4,2026-9-4,2026-09-05T15:23:18.651704+00:00,161.56,152.11,,156.835,,,
standardized,hsbc,CHF,SGD,CHF/SGD,100,Indicative board,board,"SGD 40,000 – 100,000",std_40k_100k,indicative_fx,2026-9-4,2026-9-4,2026-09-05T15:23:18.651704+00:00,161.56,152.11,,156.835,,,
standardized,hsbc,CHF,SGD,CHF/SGD,100,Indicative board,board,SGD 50 – 200,std_50_200,indicative_fx,2026-9-4,2026-9-4,2026-09-05T15:23:18.651704+00:00,161.56,152.11,,156.835,,,
standardized,hsbc,CHF,SGD,CHF/SGD,100,Indicative board,board,SGD < 50,std_lt_50,indicative_fx,2026-9-4,2026-9-4,2026-09-05T15:23:18.651704+00:00,161.56,152.11,,156.835,,,
standardized,hsbc,CNY,SGD,CNY/SGD,100,Indicative board,board,"SGD 200 – 39,999.99",std_200_40k,indicative_fx,2026-9-4,2026-9-4,2026-09-05T15:23:18.651704+00:00,19.47,18.25,,18.86,,,
standardized,hsbc,CNY,SGD,CNY/SGD,100,Indicative board,board,"SGD 40,000 – 100,000",std_40k_100k,indicative_fx,2026-9-4,2026-9-4,2026-09-05T15:23:18.651704+00:00,19.47,18.25,,18.86,,,
standardized,hsbc,CNY,SGD,CNY/SGD,100,Indicative board,board,SGD 50 – 200,std_50_200,indicative_fx,2026-9-4,2026-9-4,2026-09-05T15:23:18.651704+00:00,19.47,18.25,,18.86,,,
standardized,hsbc,CNY,SGD,CNY/SGD,100,Indicative board,board,SGD < 50,std_lt_50,indicative_fx,2026-9-4,2026-9-4,2026-09-05T15:23:18.651704+00:00,19.47,18.25,,18.86,,,
standardized,hsbc,DKK,SGD,DKK/SGD,100,Indicative board,board,"SGD 200 – 39,999.99",std_200_40k,indicative_fx,2026-9-4,2026-9-4,2026-09-05T15:23:18.651704+00:00,20.3,19.12,,19.71,,,
standardized,hsbc,DKK,SGD,DKK/SGD,100,Indicative board,board,"SGD 40,000 – 100,000",std_40k_100k,indicative_fx,2026-9-4,2026-9-4,2026-09-05T15:23:18.651704+00:00,20.3,19.12,,19.71,,,
standardized,hsbc,DKK,SGD,DKK/SGD,100,Indicative board,board,SGD 50 – 200,std_50_200,indicative_fx,2026-9-4,2026-9-4,2026-09-05T15:23:18.651704+00:00,20.3,19.12,,19.71,,,
standardized,hsbc,DKK,SGD,DKK/SGD,100,Indicative board,board,SGD < 50,std_lt_50,indicative_fx,2026-9-4,2026-9-4,2026-09-05T15:23:18.651704+00:00,20.3,19.12,,19.71,,,
standardized,hsbc,EUR,SGD,EUR/SGD,1,Indicative board,board,"SGD 200 – 39,999.99",std_200_40k,indicative_fx,2026-9-4,2026-9-4,2026-09-05T15:23:18.651704+00:00,1.5174,1.4288,,1.4731,,,
standardized,hsbc,EUR,SGD,EUR/SGD,1,Indicative board,board,"SGD 40,000 – 100,000",std_40k_100k,indicative_fx,2026-9-4,2026-9-4,2026-09-05T15:23:18.651704+00:00,1.5174,1.4288,,1.4731,,,
standardized,hsbc,EUR,SGD,EUR/SGD,1,Indicative board,board,SGD 50 – 200,std_50_200,indicative_fx,2026-9-4,2026-9-4,2026-09-05T15:23:18.651704+00:00,1.5174,1.4288,,1.4731,,,
standardized,hsbc,EUR,SGD,EUR/SGD,1,Indicative board,board,SGD < 50,std_lt_50,indicative_fx,2026-9-4,2026-9-4,2026-09-05T15:23:18.651704+00:00,1.5174,1.4288,,1.4731,,,
standardized,hsbc,FJD,SGD,FJD/SGD,1,Indicative board,board,"SGD 200 – 39,999.99",std_200_40k,indicative_fx,2026-9-4,2026-9-4,2026-09-05T15:23:18.651704+00:00,0.6034,,,,,,
standardized,hsbc,FJD,SGD,FJD/SGD,1,Indicative board,board,"SGD 40,000 – 100,000",std_40k_100k,indicative_fx,2026-9-4,2026-9-4,2026-09-05T15:23:18.651704+00:00,0.6034,,,,,,
standardized,hsbc,FJD,SGD,FJD/SGD,1,Indicative board,board,SGD 50 – 200,std_50_200,indicative_fx,2026-9-4,2026-9-4,2026-09-05T15:23:18.651704+00:00,0.6034,,,,,,
standardized,hsbc,FJD,SGD,FJD/SGD,1,Indicative board,board,SGD < 50,std_lt_50,indicative_fx,2026-9-4,2026-9-4,2026-09-05T15:23:18.651704+00:00,0.6034,,,,,,
standardized,hsbc,GBP,SGD,GBP/SGD,1,Indicative board,board,"SGD 200 – 39,999.99",std_200_40k,indicative_fx,2026-9-4,2026-9-4,2026-09-05T15:23:18.651704+00:00,1.7654,1.6622,,1.7138,,,
standardized,hsbc,GBP,SGD,GBP/SGD,1,Indicative board,board,"SGD 40,000 – 100,000",std_40k_100k,indicative_fx,2026-9-4,2026-9-4,2026-09-05T15:23:18.651704+00:00,1.7654,1.6622,,1.7138,,,
standardized,hsbc,GBP,SGD,GBP/SGD,1,Indicative board,board,SGD 50 – 200,std_50_200,indicative_fx,2026-9-4,2026-9-4,2026-09-05T15:23:18.651704+00:00,1.7654,1.6622,,1.7138,,,
standardized,hsbc,GBP,SGD,GBP/SGD,1,Indicative board,board,SGD < 50,std_lt_50,indicative_fx,2026-9-4,2026-9-4,2026-09-05T15:23:18.651704+00:00,1.7654,1.6622,,1.7138,,,
standardized,hsbc,HKD,SGD,HKD/SGD,100,Indicative board,board,"SGD 200 – 39,999.99",std_200_40k,indicative_fx,2026-9-4,2026-9-4,2026-09-05T15:23:18.651704+00:00,16.36,15.96,,16.16,,,
standardized,hsbc,HKD,SGD,HKD/SGD,100,Indicative board,board,"SGD 40,000 – 100,000",std_40k_100k,indicative_fx,2026-9-4,2026-9-4,2026-09-05T15:23:18.651704+00:00,16.36,15.96,,16.16,,,
standardized,hsbc,HKD,SGD,HKD/SGD,100,Indicative board,board,SGD 50 – 200,std_50_200,indicative_fx,2026-9-4,2026-9-4,2026-09-05T15:23:18.651704+00:00,16.36,15.96,,16.16,,,
standardized,hsbc,HKD,SGD,HKD/SGD,100,Indicative board,board,SGD < 50,std_lt_50,indicative_fx,2026-9-4,2026-9-4,2026-09-05T15:23:18.651704+00:00,16.36,15.96,,16.16,,,
standardized,hsbc,IDR,SGD,IDR/SGD,100,Indicative board,board,"SGD 200 – 39,999.99",std_200_40k,indicative_fx,2026-9-4,2026-9-4,2026-09-05T15:23:18.651704+00:00,0.0074,,,,,,
standardized,hsbc,IDR,SGD,IDR/SGD,100,Indicative board,board,"SGD 40,000 – 100,000",std_40k_100k,indicative_fx,2026-9-4,2026-9-4,2026-09-05T15:23:18.651704+00:00,0.0074,,,,,,
standardized,hsbc,IDR,SGD,IDR/SGD,100,Indicative board,board,SGD 50 – 200,std_50_200,indicative_fx,2026-9-4,2026-9-4,2026-09-05T15:23:18.651704+00:00,0.0074,,,,,,
standardized,hsbc,IDR,SGD,IDR/SGD,100,Indicative board,board,SGD < 50,std_lt_50,indicative_fx,2026-9-4,2026-9-4,2026-09-05T15:23:18.651704+00:00,0.0074,,,,,,
standardized,hsbc,INR,SGD,INR/SGD,100,Indicative board,board,"SGD 200 – 39,999.99",std_200_40k,indicative_fx,2026-9-4,2026-9-4,2026-09-05T15:23:18.651704+00:00,1.38,,,,,,
standardized,hsbc,INR,SGD,INR/SGD,100,Indicative board,board,"SGD 40,000 – 100,000",std_40k_100k,indicative_fx,2026-9-4,2026-9-4,2026-09-05T15:23:18.651704+00:00,1.38,,,,,,
standardized,hsbc,INR,SGD,INR/SGD,100,Indicative board,board,SGD 50 – 200,std_50_200,indicative_fx,2026-9-4,2026-9-4,2026-09-05T15:23:18.651704+00:00,1.38,,,,,,
standardized,hsbc,INR,SGD,INR/SGD,100,Indicative board,board,SGD < 50,std_lt_50,indicative_fx,2026-9-4,2026-9-4,2026-09-05T15:23:18.651704+00:00,1.38,,,,,,
standardized,hsbc,JPY,SGD,JPY/SGD,100,Indicative board,board,"SGD 200 – 39,999.99",std_200_40k,indicative_fx,2026-9-4,2026-9-4,2026-09-05T15:23:18.651704+00:00,0.8375,0.7886,,0.81305,,,
standardized,hsbc,JPY,SGD,JPY/SGD,100,Indicative board,board,"SGD 40,000 – 100,000",std_40k_100k,indicative_fx,2026-9-4,2026-9-4,2026-09-05T15:23:18.651704+00:00,0.8375,0.7886,,0.81305,,,
standardized,hsbc,JPY,SGD,JPY/SGD,100,Indicative board,board,SGD 50 – 200,std_50_200,indicative_fx,2026-9-4,2026-9-4,2026-09-05T15:23:18.651704+00:00,0.8375,0.7886,,0.81305,,,
standardized,hsbc,JPY,SGD,JPY/SGD,100,Indicative board,board,SGD < 50,std_lt_50,indicative_fx,2026-9-4,2026-9-4,2026-09-05T15:23:18.651704+00:00,0.8375,0.7886,,0.81305,,,
standardized,hsbc,LKR,SGD,LKR/SGD,100,Indicative board,board,"SGD 200 – 39,999.99",std_200_40k,indicative_fx,2026-9-4,2026-9-4,2026-09-05T15:23:18.651704+00:00,0.4,,,,,,
standardized,hsbc,LKR,SGD,LKR/SGD,100,Indicative board,board,"SGD 40,000 – 100,000",std_40k_100k,indicative_fx,2026-9-4,2026-9-4,2026-09-05T15:23:18.651704+00:00,0.4,,,,,,
standardized,hsbc,LKR,SGD,LKR/SGD,100,Indicative board,board,SGD 50 – 200,std_50_200,indicative_fx,2026-9-4,2026-9-4,2026-09-05T15:23:18.651704+00:00,0.4,,,,,,
standardized,hsbc,LKR,SGD,LKR/SGD,100,Indicative board,board,SGD < 50,std_lt_50,indicative_fx,2026-9-4,2026-9-4,2026-09-05T15:23:18.651704+00:00,0.4,,,,,,
standardized,hsbc,MUR,SGD,MUR/SGD,100,Indicative board,board,"SGD 200 – 39,999.99",std_200_40k,indicative_fx,2026-9-4,2026-9-4,2026-09-05T15:23:18.651704+00:00,2.8,2.61,,2.705,,,
standardized,hsbc,MUR,SGD,MUR/SGD,100,Indicative board,board,"SGD 40,000 – 100,000",std_40k_100k,indicative_fx,2026-9-4,2026-9-4,2026-09-05T15:23:18.651704+00:00,2.8,2.61,,2.705,,,
standardized,hsbc,MUR,SGD,MUR/SGD,100,Indicative board,board,SGD 50 – 200,std_50_200,indicative_fx,2026-9-4,2026-9-4,2026-09-05T15:23:18.651704+00:00,2.8,2.61,,2.705,,,
standardized,hsbc,MUR,SGD,MUR/SGD,100,Indicative board,board,SGD < 50,std_lt_50,indicative_fx,2026-9-4,2026-9-4,2026-09-05T15:23:18.651704+00:00,2.8,2.61,,2.705,,,
standardized,hsbc,NOK,SGD,NOK/SGD,100,Indicative board,board,"SGD 200 – 39,999.99",std_200_40k,indicative_fx,2026-9-4,2026-9-4,2026-09-05T15:23:18.651704+00:00,14.04,13.22,,13.629999999999999,,,
standardized,hsbc,NOK,SGD,NOK/SGD,100,Indicative board,board,"SGD 40,000 – 100,000",std_40k_100k,indicative_fx,2026-9-4,2026-9-4,2026-09-05T15:23:18.651704+00:00,14.04,13.22,,13.629999999999999,,,
standardized,hsbc,NOK,SGD,NOK/SGD,100,Indicative board,board,SGD 50 – 200,std_50_200,indicative_fx,2026-9-4,2026-9-4,2026-09-05T15:23:18.651704+00:00,14.04,13.22,,13.629999999999999,,,
standardized,hsbc,NOK,SGD,NOK/SGD,100,Indicative board,board,SGD < 50,std_lt_50,indicative_fx,2026-9-4,2026-9-4,2026-09-05T15:23:18.651704+00:00,14.04,13.22,,13.629999999999999,,,
standardized,hsbc,NZD,SGD,NZD/SGD,1,Indicative board,board,"SGD 200 – 39,999.99",std_200_40k,indicative_fx,2026-9-4,2026-9-4,2026-09-05T15:23:18.651704+00:00,0.7681,0.7231,,0.7456,,,
standardized,hsbc,NZD,SGD,NZD/SGD,1,Indicative board,board,"SGD 40,000 – 100,000",std_40k_100k,indicative_fx,2026-9-4,2026-9-4,2026-09-05T15:23:18.651704+00:00,0.7681,0.7231,,0.7456,,,
standardized,hsbc,NZD,SGD,NZD/SGD,1,Indicative board,board,SGD 50 – 200,std_50_200,indicative_fx,2026-9-4,2026-9-4,2026-09-05T15:23:18.651704+00:00,0.7681,0.7231,,0.7456,,,
standardized,hsbc,NZD,SGD,NZD/SGD,1,Indicative board,board,SGD < 50,std_lt_50,indicative_fx,2026-9-4,2026-9-4,2026-09-05T15:23:18.651704+00:00,0.7681,0.7231,,0.7456,,,
standardized,hsbc,PHP,SGD,PHP/SGD,100,Indicative board,board,"SGD 200 – 39,999.99",std_200_40k,indicative_fx,2026-9-4,2026-9-4,2026-09-05T15:23:18.651704+00:00,2.09,,,,,,
standardized,hsbc,PHP,SGD,PHP/SGD,100,Indicative board,board,"SGD 40,000 – 100,000",std_40k_100k,indicative_fx,2026-9-4,2026-9-4,2026-09-05T15:23:18.651704+00:00,2.09,,,,,,
standardized,hsbc,PHP,SGD,PHP/SGD,100,Indicative board,board,SGD 50 – 200,std_50_200,indicative_fx,2026-9-4,2026-9-4,2026-09-05T15:23:18.651704+00:00,2.09,,,,,,
standardized,hsbc,PHP,SGD,PHP/SGD,100,Indicative board,board,SGD < 50,std_lt_50,indicative_fx,2026-9-4,2026-9-4,2026-09-05T15:23:18.651704+00:00,2.09,,,,,,
standardized,hsbc,PKR,SGD,PKR/SGD,100,Indicative board,board,"SGD 200 – 39,999.99",std_200_40k,indicative_fx,2026-9-4,2026-9-4,2026-09-05T15:23:18.651704+00:00,0.47,,,,,,
standardized,hsbc,PKR,SGD,PKR/SGD,100,Indicative board,board,"SGD 40,000 – 100,000",std_40k_100k,indicative_fx,2026-9-4,2026-9-4,2026-09-05T15:23:18.651704+00:00,0.47,,,,,,
standardized,hsbc,PKR,SGD,PKR/SGD,100,Indicative board,board,SGD 50 – 200,std_50_200,indicative_fx,2026-9-4,2026-9-4,2026-09-05T15:23:18.651704+00:00,0.47,,,,,,
standardized,hsbc,PKR,SGD,PKR/SGD,100,Indicative board,board,SGD < 50,std_lt_50,indicative_fx,2026-9-4,2026-9-4,2026-09-05T15:23:18.651704+00:00,0.47,,,,,,
standardized,hsbc,QAR,SGD,QAR/SGD,100,Indicative board,board,"SGD 200 – 39,999.99",std_200_40k,indicative_fx,2026-9-4,2026-9-4,2026-09-05T15:23:18.651704+00:00,35.2,34.32,,34.760000000000005,,,
standardized,hsbc,QAR,SGD,QAR/SGD,100,Indicative board,board,"SGD 40,000 – 100,000",std_40k_100k,indicative_fx,2026-9-4,2026-9-4,2026-09-05T15:23:18.651704+00:00,35.2,34.32,,34.760000000000005,,,
standardized,hsbc,QAR,SGD,QAR/SGD,100,Indicative board,board,SGD 50 – 200,std_50_200,indicative_fx,2026-9-4,2026-9-4,2026-09-05T15:23:18.651704+00:00,35.2,34.32,,34.760000000000005,,,
standardized,hsbc,QAR,SGD,QAR/SGD,100,Indicative board,board,SGD < 50,std_lt_50,indicative_fx,2026-9-4,2026-9-4,2026-09-05T15:23:18.651704+00:00,35.2,34.32,,34.760000000000005,,,
standardized,hsbc,RUB,SGD,RUB/SGD,100,Indicative board,board,"SGD 200 – 39,999.99",std_200_40k,indicative_fx,2026-9-4,2026-9-4,2026-09-05T15:23:18.651704+00:00,15.46,13.83,,14.645,,,
standardized,hsbc,RUB,SGD,RUB/SGD,100,Indicative board,board,"SGD 40,000 – 100,000",std_40k_100k,indicative_fx,2026-9-4,2026-9-4,2026-09-05T15:23:18.651704+00:00,15.46,13.83,,14.645,,,
standardized,hsbc,RUB,SGD,RUB/SGD,100,Indicative board,board,SGD 50 – 200,std_50_200,indicative_fx,2026-9-4,2026-9-4,2026-09-05T15:23:18.651704+00:00,15.46,13.83,,14.645,,,
standardized,hsbc,RUB,SGD,RUB/SGD,100,Indicative board,board,SGD < 50,std_lt_50,indicative_fx,2026-9-4,2026-9-4,2026-09-05T15:23:18.651704+00:00,15.46,13.83,,14.645,,,
standardized,hsbc,SAR,SGD,SAR/SGD,100,Indicative board,board,"SGD 200 – 39,999.99",std_200_40k,indicative_fx,2026-9-4,2026-9-4,2026-09-05T15:23:18.651704+00:00,34.17,33.32,,33.745000000000005,,,
standardized,hsbc,SAR,SGD,SAR/SGD,100,Indicative board,board,"SGD 40,000 – 100,000",std_40k_100k,indicative_fx,2026-9-4,2026-9-4,2026-09-05T15:23:18.651704+00:00,34.17,33.32,,33.745000000000005,,,
standardized,hsbc,SAR,SGD,SAR/SGD,100,Indicative board,board,SGD 50 – 200,std_50_200,indicative_fx,2026-9-4,2026-9-4,2026-09-05T15:23:18.651704+00:00,34.17,33.32,,33.745000000000005,,,
standardized,hsbc,SAR,SGD,SAR/SGD,100,Indicative board,board,SGD < 50,std_lt_50,indicative_fx,2026-9-4,2026-9-4,2026-09-05T15:23:18.651704+00:00,34.17,33.32,,33.745000000000005,,,
standardized,hsbc,SEK,SGD,SEK/SGD,100,Indicative board,board,"SGD 200 – 39,999.99",std_200_40k,indicative_fx,2026-9-4,2026-9-4,2026-09-05T15:23:18.651704+00:00,13.69,12.88,,13.285,,,
standardized,hsbc,SEK,SGD,SEK/SGD,100,Indicative board,board,"SGD 40,000 – 100,000",std_40k_100k,indicative_fx,2026-9-4,2026-9-4,2026-09-05T15:23:18.651704+00:00,13.69,12.88,,13.285,,,
standardized,hsbc,SEK,SGD,SEK/SGD,100,Indicative board,board,SGD 50 – 200,std_50_200,indicative_fx,2026-9-4,2026-9-4,2026-09-05T15:23:18.651704+00:00,13.69,12.88,,13.285,,,
standardized,hsbc,SEK,SGD,SEK/SGD,100,Indicative board,board,SGD < 50,std_lt_50,indicative_fx,2026-9-4,2026-9-4,2026-09-05T15:23:18.651704+00:00,13.69,12.88,,13.285,,,
standardized,hsbc,THB,SGD,THB/SGD,100,Indicative board,board,"SGD 200 – 39,999.99",std_200_40k,indicative_fx,2026-9-4,2026-9-4,2026-09-05T15:23:18.651704+00:00,3.98,,,,,,
standardized,hsbc,THB,SGD,THB/SGD,100,Indicative board,board,"SGD 40,000 – 100,000",std_40k_100k,indicative_fx,2026-9-4,2026-9-4,2026-09-05T15:23:18.651704+00:00,3.98,,,,,,
standardized,hsbc,THB,SGD,THB/SGD,100,Indicative board,board,SGD 50 – 200,std_50_200,indicative_fx,2026-9-4,2026-9-4,2026-09-05T15:23:18.651704+00:00,3.98,,,,,,
standardized,hsbc,THB,SGD,THB/SGD,100,Indicative board,board,SGD < 50,std_lt_50,indicative_fx,2026-9-4,2026-9-4,2026-09-05T15:23:18.651704+00:00,3.98,,,,,,
standardized,hsbc,TRY,SGD,TRY/SGD,1,Indicative board,board,"SGD 200 – 39,999.99",std_200_40k,indicative_fx,2026-9-4,2026-9-4,2026-09-05T15:23:18.651704+00:00,0.027,,,,,,
standardized,hsbc,TRY,SGD,TRY/SGD,1,Indicative board,board,"SGD 40,000 – 100,000",std_40k_100k,indicative_fx,2026-9-4,2026-9-4,2026-09-05T15:23:18.651704+00:00,0.027,,,,,,
standardized,hsbc,TRY,SGD,TRY/SGD,1,Indicative board,board,SGD 50 – 200,std_50_200,indicative_fx,2026-9-4,2026-9-4,2026-09-05T15:23:18.651704+00:00,0.027,,,,,,
standardized,hsbc,TRY,SGD,TRY/SGD,1,Indicative board,board,SGD < 50,std_lt_50,indicative_fx,2026-9-4,2026-9-4,2026-09-05T15:23:18.651704+00:00,0.027,,,,,,
standardized,hsbc,USD,SGD,USD/SGD,1,Indicative board,board,"SGD 200 – 39,999.99",std_200_40k,indicative_fx,2026-9-4,2026-9-4,2026-09-05T15:23:18.651704+00:00,1.2924,1.2417,,1.26705,,,
standardized,hsbc,USD,SGD,USD/SGD,1,Indicative board,board,"SGD 40,000 – 100,000",std_40k_100k,indicative_fx,2026-9-4,2026-9-4,2026-09-05T15:23:18.651704+00:00,1.2924,1.2417,,1.26705,,,
standardized,hsbc,USD,SGD,USD/SGD,1,Indicative board,board,SGD 50 – 200,std_50_200,indicative_fx,2026-9-4,2026-9-4,2026-09-05T15:23:18.651704+00:00,1.2924,1.2417,,1.26705,,,
standardized,hsbc,USD,SGD,USD/SGD,1,Indicative board,board,SGD < 50,std_lt_50,indicative_fx,2026-9-4,2026-9-4,2026-09-05T15:23:18.651704+00:00,1.2924,1.2417,,1.26705,,,
standardized,hsbc,ZAR,SGD,ZAR/SGD,1,Indicative board,board,"SGD 200 – 39,999.99",std_200_40k,indicative_fx,2026-9-4,2026-9-4,2026-09-05T15:23:18.651704+00:00,0.0818,0.0766,,0.07919999999999999,,,
standardized,hsbc,ZAR,SGD,ZAR/SGD,1,Indicative board,board,"SGD 40,000 – 100,000",std_40k_100k,indicative_fx,2026-9-4,2026-9-4,2026-09-05T15:23:18.651704+00:00,0.0818,0.0766,,0.07919999999999999,,,
standardized,hsbc,ZAR,SGD,ZAR/SGD,1,Indicative board,board,SGD 50 – 200,std_50_200,indicative_fx,2026-9-4,2026-9-4,2026-09-05T15:23:18.651704+00:00,0.0818,0.0766,,0.07919999999999999,,,
standardized,hsbc,ZAR,SGD,ZAR/SGD,1,Indicative board,board,SGD < 50,std_lt_50,indicative_fx,2026-9-4,2026-9-4,2026-09-05T15:23:18.651704+00:00,0.0818,0.0766,,0.07919999999999999,,,
standardized,ocbc,AED,SGD,AED/SGD,100,"SGD 0 – 39,999.99",tier_1,"SGD 200 – 39,999.99",std_200_40k,fxRatesSgd,2026-09-04T07:00:14,2026-09-04T07:00:14,2026-09-05T15:23:14.452983+00:00,35.3906,33.3878,,34.3892,,,
standardized,ocbc,AED,SGD,AED/SGD,100,"SGD 40,000 – 100,000",tier_2,"SGD 40,000 – 100,000",std_40k_100k,fxRatesSgd,2026-09-04T07:00:14,2026-09-04T07:00:14,2026-09-05T15:23:14.452983+00:00,35.3801,33.4049,,34.3892,,,
standardized,ocbc,AED,SGD,AED/SGD,100,"SGD 0 – 39,999.99",tier_1,SGD 50 – 200,std_50_200,fxRatesSgd,2026-09-04T07:00:14,2026-09-04T07:00:14,2026-09-05T15:23:14.452983+00:00,35.3906,33.3878,,34.3892,,,
standardized,ocbc,AED,SGD,AED/SGD,100,"SGD 0 – 39,999.99",tier_1,SGD < 50,std_lt_50,fxRatesSgd,2026-09-04T07:00:14,2026-09-04T07:00:14,2026-09-05T15:23:14.452983+00:00,35.3906,33.3878,,34.3892,,,
standardized,ocbc,AUD,SGD,AUD/SGD,1,"SGD 0 – 39,999.99",tier_1,"SGD 200 – 39,999.99",std_200_40k,fxRatesSgd,2026-09-04T07:00:14,2026-09-04T07:00:14,2026-09-05T15:23:14.452983+00:00,0.929,0.8995,,0.9143,,,
standardized,ocbc,AUD,SGD,AUD/SGD,1,"SGD 40,000 – 100,000",tier_2,"SGD 40,000 – 100,000",std_40k_100k,fxRatesSgd,2026-09-04T07:00:14,2026-09-04T07:00:14,2026-09-05T15:23:14.452983+00:00,0.9271,0.9013,,0.9143,,,
standardized,ocbc,AUD,SGD,AUD/SGD,1,"SGD 0 – 39,999.99",tier_1,SGD 50 – 200,std_50_200,fxRatesSgd,2026-09-04T07:00:14,2026-09-04T07:00:14,2026-09-05T15:23:14.452983+00:00,0.929,0.8995,,0.9143,,,
standardized,ocbc,AUD,SGD,AUD/SGD,1,"SGD 0 – 39,999.99",tier_1,SGD < 50,std_lt_50,fxRatesSgd,2026-09-04T07:00:14,2026-09-04T07:00:14,2026-09-05T15:23:14.452983+00:00,0.929,0.8995,,0.9143,,,
standardized,ocbc,BGN,SGD,BGN/SGD,100,"SGD 0 – 39,999.99",tier_1,"SGD 200 – 39,999.99",std_200_40k,fxRatesSgd,2026-09-04T07:00:14,2026-09-04T07:00:14,2026-09-05T15:23:14.452983+00:00,0.0,0.0,,0.0,,,
standardized,ocbc,BGN,SGD,BGN/SGD,100,"SGD 40,000 – 100,000",tier_2,"SGD 40,000 – 100,000",std_40k_100k,fxRatesSgd,2026-09-04T07:00:14,2026-09-04T07:00:14,2026-09-05T15:23:14.452983+00:00,0.0,0.0,,0.0,,,
standardized,ocbc,BGN,SGD,BGN/SGD,100,"SGD 0 – 39,999.99",tier_1,SGD 50 – 200,std_50_200,fxRatesSgd,2026-09-04T07:00:14,2026-09-04T07:00:14,2026-09-05T15:23:14.452983+00:00,0.0,0.0,,0.0,,,
standardized,ocbc,BGN,SGD,BGN/SGD,100,"SGD 0 – 39,999.99",tier_1,SGD < 50,std_lt_50,fxRatesSgd,2026-09-04T07:00:14,2026-09-04T07:00:14,2026-09-05T15:23:14.452983+00:00,0.0,0.0,,0.0,,,
standardized,ocbc,BHD,SGD,BHD/SGD,1,"SGD 0 – 39,999.99",tier_1,"SGD 200 – 39,999.99",std_200_40k,fxRatesSgd,2026-09-04T07:00:14,2026-09-04T07:00:14,2026-09-05T15:23:14.452983+00:00,0.0,0.0,,0.0,,,
standardized,ocbc,BHD,SGD,BHD/SGD,1,"SGD 40,000 – 100,000",tier_2,"SGD 40,000 – 100,000",std_40k_100k,fxRatesSgd,2026-09-04T07:00:14,2026-09-04T07:00:14,2026-09-05T15:23:14.452983+00:00,0.0,0.0,,0.0,,,
standardized,ocbc,BHD,SGD,BHD/SGD,1,"SGD 0 – 39,999.99",tier_1,SGD 50 – 200,std_50_200,fxRatesSgd,2026-09-04T07:00:14,2026-09-04T07:00:14,2026-09-05T15:23:14.452983+00:00,0.0,0.0,,0.0,,,
standardized,ocbc,BHD,SGD,BHD/SGD,1,"SGD 0 – 39,999.99",tier_1,SGD < 50,std_lt_50,fxRatesSgd,2026-09-04T07:00:14,2026-09-04T07:00:14,2026-09-05T15:23:14.452983+00:00,0.0,0.0,,0.0,,,
standardized,ocbc,CAD,SGD,CAD/SGD,1,"SGD 0 – 39,999.99",tier_1,"SGD 200 – 39,999.99",std_200_40k,fxRatesSgd,2026-09-04T07:00:14,2026-09-04T07:00:14,2026-09-05T15:23:14.452983+00:00,0.9344,0.9012,,0.9178,,,
standardized,ocbc,CAD,SGD,CAD/SGD,1,"SGD 40,000 – 100,000",tier_2,"SGD 40,000 – 100,000",std_40k_100k,fxRatesSgd,2026-09-04T07:00:14,2026-09-04T07:00:14,2026-09-05T15:23:14.452983+00:00,0.9326,0.903,,0.9178,,,
standardized,ocbc,CAD,SGD,CAD/SGD,1,"SGD 0 – 39,999.99",tier_1,SGD 50 – 200,std_50_200,fxRatesSgd,2026-09-04T07:00:14,2026-09-04T07:00:14,2026-09-05T15:23:14.452983+00:00,0.9344,0.9012,,0.9178,,,
standardized,ocbc,CAD,SGD,CAD/SGD,1,"SGD 0 – 39,999.99",tier_1,SGD < 50,std_lt_50,fxRatesSgd,2026-09-04T07:00:14,2026-09-04T07:00:14,2026-09-05T15:23:14.452983+00:00,0.9344,0.9012,,0.9178,,,
standardized,ocbc,CHF,SGD,CHF/SGD,100,"SGD 0 – 39,999.99",tier_1,"SGD 200 – 39,999.99",std_200_40k,fxRatesSgd,2026-09-04T07:00:14,2026-09-04T07:00:14,2026-09-05T15:23:14.452983+00:00,159.4463,153.7743,,156.6103,,,
standardized,ocbc,CHF,SGD,CHF/SGD,100,"SGD 40,000 – 100,000",tier_2,"SGD 40,000 – 100,000",std_40k_100k,fxRatesSgd,2026-09-04T07:00:14,2026-09-04T07:00:14,2026-09-05T15:23:14.452983+00:00,159.133,154.0875,,156.6103,,,
standardized,ocbc,CHF,SGD,CHF/SGD,100,"SGD 0 – 39,999.99",tier_1,SGD 50 – 200,std_50_200,fxRatesSgd,2026-09-04T07:00:14,2026-09-04T07:00:14,2026-09-05T15:23:14.452983+00:00,159.4463,153.7743,,156.6103,,,
standardized,ocbc,CHF,SGD,CHF/SGD,100,"SGD 0 – 39,999.99",tier_1,SGD < 50,std_lt_50,fxRatesSgd,2026-09-04T07:00:14,2026-09-04T07:00:14,2026-09-05T15:23:14.452983+00:00,159.4463,153.7743,,156.6103,,,
standardized,ocbc,CNH,SGD,CNH/SGD,100,"SGD 0 – 39,999.99",tier_1,"SGD 200 – 39,999.99",std_200_40k,fxRatesSgd,2026-09-04T07:00:14,2026-09-04T07:00:14,2026-09-05T15:23:14.452983+00:00,19.228,18.6584,,18.9432,,,
standardized,ocbc,CNH,SGD,CNH/SGD,100,"SGD 40,000 – 100,000",tier_2,"SGD 40,000 – 100,000",std_40k_100k,fxRatesSgd,2026-09-04T07:00:14,2026-09-04T07:00:14,2026-09-05T15:23:14.452983+00:00,19.2091,18.6773,,18.9432,,,
standardized,ocbc,CNH,SGD,CNH/SGD,100,"SGD 0 – 39,999.99",tier_1,SGD 50 – 200,std_50_200,fxRatesSgd,2026-09-04T07:00:14,2026-09-04T07:00:14,2026-09-05T15:23:14.452983+00:00,19.228,18.6584,,18.9432,,,
standardized,ocbc,CNH,SGD,CNH/SGD,100,"SGD 0 – 39,999.99",tier_1,SGD < 50,std_lt_50,fxRatesSgd,2026-09-04T07:00:14,2026-09-04T07:00:14,2026-09-05T15:23:14.452983+00:00,19.228,18.6584,,18.9432,,,
standardized,ocbc,CZK,SGD,CZK/SGD,100,"SGD 0 – 39,999.99",tier_1,"SGD 200 – 39,999.99",std_200_40k,fxRatesSgd,2026-09-04T07:00:14,2026-09-04T07:00:14,2026-09-05T15:23:14.452983+00:00,0.0,0.0,,0.0,,,
standardized,ocbc,CZK,SGD,CZK/SGD,100,"SGD 40,000 – 100,000",tier_2,"SGD 40,000 – 100,000",std_40k_100k,fxRatesSgd,2026-09-04T07:00:14,2026-09-04T07:00:14,2026-09-05T15:23:14.452983+00:00,0.0,0.0,,0.0,,,
standardized,ocbc,CZK,SGD,CZK/SGD,100,"SGD 0 – 39,999.99",tier_1,SGD 50 – 200,std_50_200,fxRatesSgd,2026-09-04T07:00:14,2026-09-04T07:00:14,2026-09-05T15:23:14.452983+00:00,0.0,0.0,,0.0,,,
standardized,ocbc,CZK,SGD,CZK/SGD,100,"SGD 0 – 39,999.99",tier_1,SGD < 50,std_lt_50,fxRatesSgd,2026-09-04T07:00:14,2026-09-04T07:00:14,2026-09-05T15:23:14.452983+00:00,0.0,0.0,,0.0,,,
standardized,ocbc,DKK,SGD,DKK/SGD,100,"SGD 0 – 39,999.99",tier_1,"SGD 200 – 39,999.99",std_200_40k,fxRatesSgd,2026-09-04T07:00:14,2026-09-04T07:00:14,2026-09-05T15:23:14.452983+00:00,20.0577,19.3454,,19.7016,,,
standardized,ocbc,DKK,SGD,DKK/SGD,100,"SGD 40,000 – 100,000",tier_2,"SGD 40,000 – 100,000",std_40k_100k,fxRatesSgd,2026-09-04T07:00:14,2026-09-04T07:00:14,2026-09-05T15:23:14.452983+00:00,20.0182,19.3848,,19.7016,,,
standardized,ocbc,DKK,SGD,DKK/SGD,100,"SGD 0 – 39,999.99",tier_1,SGD 50 – 200,std_50_200,fxRatesSgd,2026-09-04T07:00:14,2026-09-04T07:00:14,2026-09-05T15:23:14.452983+00:00,20.0577,19.3454,,19.7016,,,
standardized,ocbc,DKK,SGD,DKK/SGD,100,"SGD 0 – 39,999.99",tier_1,SGD < 50,std_lt_50,fxRatesSgd,2026-09-04T07:00:14,2026-09-04T07:00:14,2026-09-05T15:23:14.452983+00:00,20.0577,19.3454,,19.7016,,,
standardized,ocbc,EUR,SGD,EUR/SGD,1,"SGD 0 – 39,999.99",tier_1,"SGD 200 – 39,999.99",std_200_40k,fxRatesSgd,2026-09-04T07:00:14,2026-09-04T07:00:14,2026-09-05T15:23:14.452983+00:00,1.4892,1.4526,,1.4709,,,
standardized,ocbc,EUR,SGD,EUR/SGD,1,"SGD 40,000 – 100,000",tier_2,"SGD 40,000 – 100,000",std_40k_100k,fxRatesSgd,2026-09-04T07:00:14,2026-09-04T07:00:14,2026-09-05T15:23:14.452983+00:00,1.4874,1.4545,,1.4709,,,
standardized,ocbc,EUR,SGD,EUR/SGD,1,"SGD 0 – 39,999.99",tier_1,SGD 50 – 200,std_50_200,fxRatesSgd,2026-09-04T07:00:14,2026-09-04T07:00:14,2026-09-05T15:23:14.452983+00:00,1.4892,1.4526,,1.4709,,,
standardized,ocbc,EUR,SGD,EUR/SGD,1,"SGD 0 – 39,999.99",tier_1,SGD < 50,std_lt_50,fxRatesSgd,2026-09-04T07:00:14,2026-09-04T07:00:14,2026-09-05T15:23:14.452983+00:00,1.4892,1.4526,,1.4709,,,
standardized,ocbc,GBP,SGD,GBP/SGD,1,"SGD 0 – 39,999.99",tier_1,"SGD 200 – 39,999.99",std_200_40k,fxRatesSgd,2026-09-04T07:00:14,2026-09-04T07:00:14,2026-09-05T15:23:14.452983+00:00,1.7372,1.6911,,1.7142,,,
standardized,ocbc,GBP,SGD,GBP/SGD,1,"SGD 40,000 – 100,000",tier_2,"SGD 40,000 – 100,000",std_40k_100k,fxRatesSgd,2026-09-04T07:00:14,2026-09-04T07:00:14,2026-09-05T15:23:14.452983+00:00,1.7355,1.6932,,1.7142,,,
standardized,ocbc,GBP,SGD,GBP/SGD,1,"SGD 0 – 39,999.99",tier_1,SGD 50 – 200,std_50_200,fxRatesSgd,2026-09-04T07:00:14,2026-09-04T07:00:14,2026-09-05T15:23:14.452983+00:00,1.7372,1.6911,,1.7142,,,
standardized,ocbc,GBP,SGD,GBP/SGD,1,"SGD 0 – 39,999.99",tier_1,SGD < 50,std_lt_50,fxRatesSgd,2026-09-04T07:00:14,2026-09-04T07:00:14,2026-09-05T15:23:14.452983+00:00,1.7372,1.6911,,1.7142,,,
standardized,ocbc,HKD,SGD,HKD/SGD,100,"SGD 0 – 39,999.99",tier_1,"SGD 200 – 39,999.99",std_200_40k,fxRatesSgd,2026-09-04T07:00:14,2026-09-04T07:00:14,2026-09-05T15:23:14.452983+00:00,16.3709,15.9745,,16.1727,,,
standardized,ocbc,HKD,SGD,HKD/SGD,100,"SGD 40,000 – 100,000",tier_2,"SGD 40,000 – 100,000",std_40k_100k,fxRatesSgd,2026-09-04T07:00:14,2026-09-04T07:00:14,2026-09-05T15:23:14.452983+00:00,16.3418,15.9842,,16.1727,,,
standardized,ocbc,HKD,SGD,HKD/SGD,100,"SGD 0 – 39,999.99",tier_1,SGD 50 – 200,std_50_200,fxRatesSgd,2026-09-04T07:00:14,2026-09-04T07:00:14,2026-09-05T15:23:14.452983+00:00,16.3709,15.9745,,16.1727,,,
standardized,ocbc,HKD,SGD,HKD/SGD,100,"SGD 0 – 39,999.99",tier_1,SGD < 50,std_lt_50,fxRatesSgd,2026-09-04T07:00:14,2026-09-04T07:00:14,2026-09-05T15:23:14.452983+00:00,16.3709,15.9745,,16.1727,,,
standardized,ocbc,HUF,SGD,HUF/SGD,100,"SGD 0 – 39,999.99",tier_1,"SGD 200 – 39,999.99",std_200_40k,fxRatesSgd,2026-09-04T07:00:14,2026-09-04T07:00:14,2026-09-05T15:23:14.452983+00:00,0.0,0.0,,0.0,,,
standardized,ocbc,HUF,SGD,HUF/SGD,100,"SGD 40,000 – 100,000",tier_2,"SGD 40,000 – 100,000",std_40k_100k,fxRatesSgd,2026-09-04T07:00:14,2026-09-04T07:00:14,2026-09-05T15:23:14.452983+00:00,0.0,0.0,,0.0,,,
standardized,ocbc,HUF,SGD,HUF/SGD,100,"SGD 0 – 39,999.99",tier_1,SGD 50 – 200,std_50_200,fxRatesSgd,2026-09-04T07:00:14,2026-09-04T07:00:14,2026-09-05T15:23:14.452983+00:00,0.0,0.0,,0.0,,,
standardized,ocbc,HUF,SGD,HUF/SGD,100,"SGD 0 – 39,999.99",tier_1,SGD < 50,std_lt_50,fxRatesSgd,2026-09-04T07:00:14,2026-09-04T07:00:14,2026-09-05T15:23:14.452983+00:00,0.0,0.0,,0.0,,,
standardized,ocbc,IDR,SGD,IDR/SGD,100,"SGD 0 – 39,999.99",tier_1,"SGD 200 – 39,999.99",std_200_40k,fxRatesSgd,2026-09-04T07:00:14,2026-09-04T07:00:14,2026-09-05T15:23:14.452983+00:00,0.0074,0.0,,0.0074,,,
standardized,ocbc,IDR,SGD,IDR/SGD,100,"SGD 40,000 – 100,000",tier_2,"SGD 40,000 – 100,000",std_40k_100k,fxRatesSgd,2026-09-04T07:00:14,2026-09-04T07:00:14,2026-09-05T15:23:14.452983+00:00,0.0074,0.0,,0.0074,,,
standardized,ocbc,IDR,SGD,IDR/SGD,100,"SGD 0 – 39,999.99",tier_1,SGD 50 – 200,std_50_200,fxRatesSgd,2026-09-04T07:00:14,2026-09-04T07:00:14,2026-09-05T15:23:14.452983+00:00,0.0074,0.0,,0.0074,,,
standardized,ocbc,IDR,SGD,IDR/SGD,100,"SGD 0 – 39,999.99",tier_1,SGD < 50,std_lt_50,fxRatesSgd,2026-09-04T07:00:14,2026-09-04T07:00:14,2026-09-05T15:23:14.452983+00:00,0.0074,0.0,,0.0074,,,
standardized,ocbc,ILS,SGD,ILS/SGD,100,"SGD 0 – 39,999.99",tier_1,"SGD 200 – 39,999.99",std_200_40k,fxRatesSgd,2026-09-04T07:00:14,2026-09-04T07:00:14,2026-09-05T15:23:14.452983+00:00,0.0,0.0,,0.0,,,
standardized,ocbc,ILS,SGD,ILS/SGD,100,"SGD 40,000 – 100,000",tier_2,"SGD 40,000 – 100,000",std_40k_100k,fxRatesSgd,2026-09-04T07:00:14,2026-09-04T07:00:14,2026-09-05T15:23:14.452983+00:00,0.0,0.0,,0.0,,,
standardized,ocbc,ILS,SGD,ILS/SGD,100,"SGD 0 – 39,999.99",tier_1,SGD 50 – 200,std_50_200,fxRatesSgd,2026-09-04T07:00:14,2026-09-04T07:00:14,2026-09-05T15:23:14.452983+00:00,0.0,0.0,,0.0,,,
standardized,ocbc,ILS,SGD,ILS/SGD,100,"SGD 0 – 39,999.99",tier_1,SGD < 50,std_lt_50,fxRatesSgd,2026-09-04T07:00:14,2026-09-04T07:00:14,2026-09-05T15:23:14.452983+00:00,0.0,0.0,,0.0,,,
standardized,ocbc,INR,SGD,INR/SGD,100,"SGD 0 – 39,999.99",tier_1,"SGD 200 – 39,999.99",std_200_40k,fxRatesSgd,2026-09-04T07:00:14,2026-09-04T07:00:14,2026-09-05T15:23:14.452983+00:00,1.3823,0.0,,1.3823,,,
standardized,ocbc,INR,SGD,INR/SGD,100,"SGD 40,000 – 100,000",tier_2,"SGD 40,000 – 100,000",std_40k_100k,fxRatesSgd,2026-09-04T07:00:14,2026-09-04T07:00:14,2026-09-05T15:23:14.452983+00:00,1.3796,0.0,,1.3823,,,
standardized,ocbc,INR,SGD,INR/SGD,100,"SGD 0 – 39,999.99",tier_1,SGD 50 – 200,std_50_200,fxRatesSgd,2026-09-04T07:00:14,2026-09-04T07:00:14,2026-09-05T15:23:14.452983+00:00,1.3823,0.0,,1.3823,,,
standardized,ocbc,INR,SGD,INR/SGD,100,"SGD 0 – 39,999.99",tier_1,SGD < 50,std_lt_50,fxRatesSgd,2026-09-04T07:00:14,2026-09-04T07:00:14,2026-09-05T15:23:14.452983+00:00,1.3823,0.0,,1.3823,,,
standardized,ocbc,JOD,SGD,JOD/SGD,1,"SGD 0 – 39,999.99",tier_1,"SGD 200 – 39,999.99",std_200_40k,fxRatesSgd,2026-09-04T07:00:14,2026-09-04T07:00:14,2026-09-05T15:23:14.452983+00:00,0.0,0.0,,0.0,,,
standardized,ocbc,JOD,SGD,JOD/SGD,1,"SGD 40,000 – 100,000",tier_2,"SGD 40,000 – 100,000",std_40k_100k,fxRatesSgd,2026-09-04T07:00:14,2026-09-04T07:00:14,2026-09-05T15:23:14.452983+00:00,0.0,0.0,,0.0,,,
standardized,ocbc,JOD,SGD,JOD/SGD,1,"SGD 0 – 39,999.99",tier_1,SGD 50 – 200,std_50_200,fxRatesSgd,2026-09-04T07:00:14,2026-09-04T07:00:14,2026-09-05T15:23:14.452983+00:00,0.0,0.0,,0.0,,,
standardized,ocbc,JOD,SGD,JOD/SGD,1,"SGD 0 – 39,999.99",tier_1,SGD < 50,std_lt_50,fxRatesSgd,2026-09-04T07:00:14,2026-09-04T07:00:14,2026-09-05T15:23:14.452983+00:00,0.0,0.0,,0.0,,,
standardized,ocbc,JPY,SGD,JPY/SGD,100,"SGD 0 – 39,999.99",tier_1,"SGD 200 – 39,999.99",std_200_40k,fxRatesSgd,2026-09-04T07:00:14,2026-09-04T07:00:14,2026-09-05T15:23:14.452983+00:00,0.8212,0.8011,,0.8112,,,
standardized,ocbc,JPY,SGD,JPY/SGD,100,"SGD 40,000 – 100,000",tier_2,"SGD 40,000 – 100,000",std_40k_100k,fxRatesSgd,2026-09-04T07:00:14,2026-09-04T07:00:14,2026-09-05T15:23:14.452983+00:00,0.8204,0.8024,,0.8112,,,
standardized,ocbc,JPY,SGD,JPY/SGD,100,"SGD 0 – 39,999.99",tier_1,SGD 50 – 200,std_50_200,fxRatesSgd,2026-09-04T07:00:14,2026-09-04T07:00:14,2026-09-05T15:23:14.452983+00:00,0.8212,0.8011,,0.8112,,,
standardized,ocbc,JPY,SGD,JPY/SGD,100,"SGD 0 – 39,999.99",tier_1,SGD < 50,std_lt_50,fxRatesSgd,2026-09-04T07:00:14,2026-09-04T07:00:14,2026-09-05T15:23:14.452983+00:00,0.8212,0.8011,,0.8112,,,
standardized,ocbc,KRW,SGD,KRW/SGD,100,"SGD 0 – 39,999.99",tier_1,"SGD 200 – 39,999.99",std_200_40k,fxRatesSgd,2026-09-04T07:00:14,2026-09-04T07:00:14,2026-09-05T15:23:14.452983+00:00,0.0,0.0,,0.0,,,
standardized,ocbc,KRW,SGD,KRW/SGD,100,"SGD 40,000 – 100,000",tier_2,"SGD 40,000 – 100,000",std_40k_100k,fxRatesSgd,2026-09-04T07:00:14,2026-09-04T07:00:14,2026-09-05T15:23:14.452983+00:00,0.0,0.0,,0.0,,,
standardized,ocbc,KRW,SGD,KRW/SGD,100,"SGD 0 – 39,999.99",tier_1,SGD 50 – 200,std_50_200,fxRatesSgd,2026-09-04T07:00:14,2026-09-04T07:00:14,2026-09-05T15:23:14.452983+00:00,0.0,0.0,,0.0,,,
standardized,ocbc,KRW,SGD,KRW/SGD,100,"SGD 0 – 39,999.99",tier_1,SGD < 50,std_lt_50,fxRatesSgd,2026-09-04T07:00:14,2026-09-04T07:00:14,2026-09-05T15:23:14.452983+00:00,0.0,0.0,,0.0,,,
standardized,ocbc,LKR,SGD,LKR/SGD,100,"SGD 0 – 39,999.99",tier_1,"SGD 200 – 39,999.99",std_200_40k,fxRatesSgd,2026-09-04T07:00:14,2026-09-04T07:00:14,2026-09-05T15:23:14.452983+00:00,0.3981,0.0,,0.3981,,,
standardized,ocbc,LKR,SGD,LKR/SGD,100,"SGD 40,000 – 100,000",tier_2,"SGD 40,000 – 100,000",std_40k_100k,fxRatesSgd,2026-09-04T07:00:14,2026-09-04T07:00:14,2026-09-05T15:23:14.452983+00:00,0.3974,0.0,,0.3981,,,
standardized,ocbc,LKR,SGD,LKR/SGD,100,"SGD 0 – 39,999.99",tier_1,SGD 50 – 200,std_50_200,fxRatesSgd,2026-09-04T07:00:14,2026-09-04T07:00:14,2026-09-05T15:23:14.452983+00:00,0.3981,0.0,,0.3981,,,
standardized,ocbc,LKR,SGD,LKR/SGD,100,"SGD 0 – 39,999.99",tier_1,SGD < 50,std_lt_50,fxRatesSgd,2026-09-04T07:00:14,2026-09-04T07:00:14,2026-09-05T15:23:14.452983+00:00,0.3981,0.0,,0.3981,,,
standardized,ocbc,MAD,SGD,MAD/SGD,100,"SGD 0 – 39,999.99",tier_1,"SGD 200 – 39,999.99",std_200_40k,fxRatesSgd,2026-09-04T07:00:14,2026-09-04T07:00:14,2026-09-05T15:23:14.452983+00:00,0.0,0.0,,0.0,,,
standardized,ocbc,MAD,SGD,MAD/SGD,100,"SGD 40,000 – 100,000",tier_2,"SGD 40,000 – 100,000",std_40k_100k,fxRatesSgd,2026-09-04T07:00:14,2026-09-04T07:00:14,2026-09-05T15:23:14.452983+00:00,0.0,0.0,,0.0,,,
standardized,ocbc,MAD,SGD,MAD/SGD,100,"SGD 0 – 39,999.99",tier_1,SGD 50 – 200,std_50_200,fxRatesSgd,2026-09-04T07:00:14,2026-09-04T07:00:14,2026-09-05T15:23:14.452983+00:00,0.0,0.0,,0.0,,,
standardized,ocbc,MAD,SGD,MAD/SGD,100,"SGD 0 – 39,999.99",tier_1,SGD < 50,std_lt_50,fxRatesSgd,2026-09-04T07:00:14,2026-09-04T07:00:14,2026-09-05T15:23:14.452983+00:00,0.0,0.0,,0.0,,,
standardized,ocbc,MXN,SGD,MXN/SGD,100,"SGD 0 – 39,999.99",tier_1,"SGD 200 – 39,999.99",std_200_40k,fxRatesSgd,2026-09-04T07:00:14,2026-09-04T07:00:14,2026-09-05T15:23:14.452983+00:00,7.7237,0.0,,7.7237,,,
standardized,ocbc,MXN,SGD,MXN/SGD,100,"SGD 40,000 – 100,000",tier_2,"SGD 40,000 – 100,000",std_40k_100k,fxRatesSgd,2026-09-04T07:00:14,2026-09-04T07:00:14,2026-09-05T15:23:14.452983+00:00,7.7222,0.0,,7.7237,,,
standardized,ocbc,MXN,SGD,MXN/SGD,100,"SGD 0 – 39,999.99",tier_1,SGD 50 – 200,std_50_200,fxRatesSgd,2026-09-04T07:00:14,2026-09-04T07:00:14,2026-09-05T15:23:14.452983+00:00,7.7237,0.0,,7.7237,,,
standardized,ocbc,MXN,SGD,MXN/SGD,100,"SGD 0 – 39,999.99",tier_1,SGD < 50,std_lt_50,fxRatesSgd,2026-09-04T07:00:14,2026-09-04T07:00:14,2026-09-05T15:23:14.452983+00:00,7.7237,0.0,,7.7237,,,
standardized,ocbc,MYR,SGD,MYR/SGD,100,"SGD 0 – 39,999.99",tier_1,"SGD 200 – 39,999.99",std_200_40k,fxRatesSgd,2026-09-04T07:00:14,2026-09-04T07:00:14,2026-09-05T15:23:14.452983+00:00,0.0,0.0,,0.0,,,
standardized,ocbc,MYR,SGD,MYR/SGD,100,"SGD 40,000 – 100,000",tier_2,"SGD 40,000 – 100,000",std_40k_100k,fxRatesSgd,2026-09-04T07:00:14,2026-09-04T07:00:14,2026-09-05T15:23:14.452983+00:00,0.0,0.0,,0.0,,,
standardized,ocbc,MYR,SGD,MYR/SGD,100,"SGD 0 – 39,999.99",tier_1,SGD 50 – 200,std_50_200,fxRatesSgd,2026-09-04T07:00:14,2026-09-04T07:00:14,2026-09-05T15:23:14.452983+00:00,0.0,0.0,,0.0,,,
standardized,ocbc,MYR,SGD,MYR/SGD,100,"SGD 0 – 39,999.99",tier_1,SGD < 50,std_lt_50,fxRatesSgd,2026-09-04T07:00:14,2026-09-04T07:00:14,2026-09-05T15:23:14.452983+00:00,0.0,0.0,,0.0,,,
standardized,ocbc,NOK,SGD,NOK/SGD,100,"SGD 0 – 39,999.99",tier_1,"SGD 200 – 39,999.99",std_200_40k,fxRatesSgd,2026-09-04T07:00:14,2026-09-04T07:00:14,2026-09-05T15:23:14.452983+00:00,13.8641,13.3699,,13.617,,,
standardized,ocbc,NOK,SGD,NOK/SGD,100,"SGD 40,000 – 100,000",tier_2,"SGD 40,000 – 100,000",std_40k_100k,fxRatesSgd,2026-09-04T07:00:14,2026-09-04T07:00:14,2026-09-05T15:23:14.452983+00:00,13.8369,13.3972,,13.617,,,
standardized,ocbc,NOK,SGD,NOK/SGD,100,"SGD 0 – 39,999.99",tier_1,SGD 50 – 200,std_50_200,fxRatesSgd,2026-09-04T07:00:14,2026-09-04T07:00:14,2026-09-05T15:23:14.452983+00:00,13.8641,13.3699,,13.617,,,
standardized,ocbc,NOK,SGD,NOK/SGD,100,"SGD 0 – 39,999.99",tier_1,SGD < 50,std_lt_50,fxRatesSgd,2026-09-04T07:00:14,2026-09-04T07:00:14,2026-09-05T15:23:14.452983+00:00,13.8641,13.3699,,13.617,,,
standardized,ocbc,NZD,SGD,NZD/SGD,1,"SGD 0 – 39,999.99",tier_1,"SGD 200 – 39,999.99",std_200_40k,fxRatesSgd,2026-09-04T07:00:14,2026-09-04T07:00:14,2026-09-05T15:23:14.452983+00:00,0.7603,0.7344,,0.7474,,,
standardized,ocbc,NZD,SGD,NZD/SGD,1,"SGD 40,000 – 100,000",tier_2,"SGD 40,000 – 100,000",std_40k_100k,fxRatesSgd,2026-09-04T07:00:14,2026-09-04T07:00:14,2026-09-05T15:23:14.452983+00:00,0.7585,0.7366,,0.7474,,,
standardized,ocbc,NZD,SGD,NZD/SGD,1,"SGD 0 – 39,999.99",tier_1,SGD 50 – 200,std_50_200,fxRatesSgd,2026-09-04T07:00:14,2026-09-04T07:00:14,2026-09-05T15:23:14.452983+00:00,0.7603,0.7344,,0.7474,,,
standardized,ocbc,NZD,SGD,NZD/SGD,1,"SGD 0 – 39,999.99",tier_1,SGD < 50,std_lt_50,fxRatesSgd,2026-09-04T07:00:14,2026-09-04T07:00:14,2026-09-05T15:23:14.452983+00:00,0.7603,0.7344,,0.7474,,,
standardized,ocbc,OMR,SGD,OMR/SGD,1,"SGD 0 – 39,999.99",tier_1,"SGD 200 – 39,999.99",std_200_40k,fxRatesSgd,2026-09-04T07:00:14,2026-09-04T07:00:14,2026-09-05T15:23:14.452983+00:00,0.0,0.0,,0.0,,,
standardized,ocbc,OMR,SGD,OMR/SGD,1,"SGD 40,000 – 100,000",tier_2,"SGD 40,000 – 100,000",std_40k_100k,fxRatesSgd,2026-09-04T07:00:14,2026-09-04T07:00:14,2026-09-05T15:23:14.452983+00:00,0.0,0.0,,0.0,,,
standardized,ocbc,OMR,SGD,OMR/SGD,1,"SGD 0 – 39,999.99",tier_1,SGD 50 – 200,std_50_200,fxRatesSgd,2026-09-04T07:00:14,2026-09-04T07:00:14,2026-09-05T15:23:14.452983+00:00,0.0,0.0,,0.0,,,
standardized,ocbc,OMR,SGD,OMR/SGD,1,"SGD 0 – 39,999.99",tier_1,SGD < 50,std_lt_50,fxRatesSgd,2026-09-04T07:00:14,2026-09-04T07:00:14,2026-09-05T15:23:14.452983+00:00,0.0,0.0,,0.0,,,
standardized,ocbc,PHP,SGD,PHP/SGD,100,"SGD 0 – 39,999.99",tier_1,"SGD 200 – 39,999.99",std_200_40k,fxRatesSgd,2026-09-04T07:00:14,2026-09-04T07:00:14,2026-09-05T15:23:14.452983+00:00,2.0901,0.0,,2.0901,,,
standardized,ocbc,PHP,SGD,PHP/SGD,100,"SGD 40,000 – 100,000",tier_2,"SGD 40,000 – 100,000",std_40k_100k,fxRatesSgd,2026-09-04T07:00:14,2026-09-04T07:00:14,2026-09-05T15:23:14.452983+00:00,2.0891,0.0,,2.0901,,,
standardized,ocbc,PHP,SGD,PHP/SGD,100,"SGD 0 – 39,999.99",tier_1,SGD 50 – 200,std_50_200,fxRatesSgd,2026-09-04T07:00:14,2026-09-04T07:00:14,2026-09-05T15:23:14.452983+00:00,2.0901,0.0,,2.0901,,,
standardized,ocbc,PHP,SGD,PHP/SGD,100,"SGD 0 – 39,999.99",tier_1,SGD < 50,std_lt_50,fxRatesSgd,2026-09-04T07:00:14,2026-09-04T07:00:14,2026-09-05T15:23:14.452983+00:00,2.0901,0.0,,2.0901,,,
standardized,ocbc,PLN,SGD,PLN/SGD,100,"SGD 0 – 39,999.99",tier_1,"SGD 200 – 39,999.99",std_200_40k,fxRatesSgd,2026-09-04T07:00:14,2026-09-04T07:00:14,2026-09-05T15:23:14.452983+00:00,35.1325,32.9486,,34.0406,,,
standardized,ocbc,PLN,SGD,PLN/SGD,100,"SGD 40,000 – 100,000",tier_2,"SGD 40,000 – 100,000",std_40k_100k,fxRatesSgd,2026-09-04T07:00:14,2026-09-04T07:00:14,2026-09-05T15:23:14.452983+00:00,35.1152,32.9755,,34.0406,,,
standardized,ocbc,PLN,SGD,PLN/SGD,100,"SGD 0 – 39,999.99",tier_1,SGD 50 – 200,std_50_200,fxRatesSgd,2026-09-04T07:00:14,2026-09-04T07:00:14,2026-09-05T15:23:14.452983+00:00,35.1325,32.9486,,34.0406,,,
standardized,ocbc,PLN,SGD,PLN/SGD,100,"SGD 0 – 39,999.99",tier_1,SGD < 50,std_lt_50,fxRatesSgd,2026-09-04T07:00:14,2026-09-04T07:00:14,2026-09-05T15:23:14.452983+00:00,35.1325,32.9486,,34.0406,,,
standardized,ocbc,QAR,SGD,QAR/SGD,100,"SGD 0 – 39,999.99",tier_1,"SGD 200 – 39,999.99",std_200_40k,fxRatesSgd,2026-09-04T07:00:14,2026-09-04T07:00:14,2026-09-05T15:23:14.452983+00:00,35.7583,33.7141,,34.7362,,,
standardized,ocbc,QAR,SGD,QAR/SGD,100,"SGD 40,000 – 100,000",tier_2,"SGD 40,000 – 100,000",std_40k_100k,fxRatesSgd,2026-09-04T07:00:14,2026-09-04T07:00:14,2026-09-05T15:23:14.452983+00:00,35.7371,33.7312,,34.7362,,,
standardized,ocbc,QAR,SGD,QAR/SGD,100,"SGD 0 – 39,999.99",tier_1,SGD 50 – 200,std_50_200,fxRatesSgd,2026-09-04T07:00:14,2026-09-04T07:00:14,2026-09-05T15:23:14.452983+00:00,35.7583,33.7141,,34.7362,,,
standardized,ocbc,QAR,SGD,QAR/SGD,100,"SGD 0 – 39,999.99",tier_1,SGD < 50,std_lt_50,fxRatesSgd,2026-09-04T07:00:14,2026-09-04T07:00:14,2026-09-05T15:23:14.452983+00:00,35.7583,33.7141,,34.7362,,,
standardized,ocbc,RON,SGD,RON/SGD,100,"SGD 0 – 39,999.99",tier_1,"SGD 200 – 39,999.99",std_200_40k,fxRatesSgd,2026-09-04T07:00:14,2026-09-04T07:00:14,2026-09-05T15:23:14.452983+00:00,0.0,0.0,,0.0,,,
standardized,ocbc,RON,SGD,RON/SGD,100,"SGD 40,000 – 100,000",tier_2,"SGD 40,000 – 100,000",std_40k_100k,fxRatesSgd,2026-09-04T07:00:14,2026-09-04T07:00:14,2026-09-05T15:23:14.452983+00:00,0.0,0.0,,0.0,,,
standardized,ocbc,RON,SGD,RON/SGD,100,"SGD 0 – 39,999.99",tier_1,SGD 50 – 200,std_50_200,fxRatesSgd,2026-09-04T07:00:14,2026-09-04T07:00:14,2026-09-05T15:23:14.452983+00:00,0.0,0.0,,0.0,,,
standardized,ocbc,RON,SGD,RON/SGD,100,"SGD 0 – 39,999.99",tier_1,SGD < 50,std_lt_50,fxRatesSgd,2026-09-04T07:00:14,2026-09-04T07:00:14,2026-09-05T15:23:14.452983+00:00,0.0,0.0,,0.0,,,
standardized,ocbc,RUB,SGD,RUB/SGD,100,"SGD 0 – 39,999.99",tier_1,"SGD 200 – 39,999.99",std_200_40k,fxRatesSgd,2026-09-04T07:00:14,2026-09-04T07:00:14,2026-09-05T15:23:14.452983+00:00,0.0,0.0,,0.0,,,
standardized,ocbc,RUB,SGD,RUB/SGD,100,"SGD 40,000 – 100,000",tier_2,"SGD 40,000 – 100,000",std_40k_100k,fxRatesSgd,2026-09-04T07:00:14,2026-09-04T07:00:14,2026-09-05T15:23:14.452983+00:00,0.0,0.0,,0.0,,,
standardized,ocbc,RUB,SGD,RUB/SGD,100,"SGD 0 – 39,999.99",tier_1,SGD 50 – 200,std_50_200,fxRatesSgd,2026-09-04T07:00:14,2026-09-04T07:00:14,2026-09-05T15:23:14.452983+00:00,0.0,0.0,,0.0,,,
standardized,ocbc,RUB,SGD,RUB/SGD,100,"SGD 0 – 39,999.99",tier_1,SGD < 50,std_lt_50,fxRatesSgd,2026-09-04T07:00:14,2026-09-04T07:00:14,2026-09-05T15:23:14.452983+00:00,0.0,0.0,,0.0,,,
standardized,ocbc,SAR,SGD,SAR/SGD,100,"SGD 0 – 39,999.99",tier_1,"SGD 200 – 39,999.99",std_200_40k,fxRatesSgd,2026-09-04T07:00:14,2026-09-04T07:00:14,2026-09-05T15:23:14.452983+00:00,34.6907,32.7803,,33.7355,,,
standardized,ocbc,SAR,SGD,SAR/SGD,100,"SGD 40,000 – 100,000",tier_2,"SGD 40,000 – 100,000",std_40k_100k,fxRatesSgd,2026-09-04T07:00:14,2026-09-04T07:00:14,2026-09-05T15:23:14.452983+00:00,34.6736,32.797,,33.7355,,,
standardized,ocbc,SAR,SGD,SAR/SGD,100,"SGD 0 – 39,999.99",tier_1,SGD 50 – 200,std_50_200,fxRatesSgd,2026-09-04T07:00:14,2026-09-04T07:00:14,2026-09-05T15:23:14.452983+00:00,34.6907,32.7803,,33.7355,,,
standardized,ocbc,SAR,SGD,SAR/SGD,100,"SGD 0 – 39,999.99",tier_1,SGD < 50,std_lt_50,fxRatesSgd,2026-09-04T07:00:14,2026-09-04T07:00:14,2026-09-05T15:23:14.452983+00:00,34.6907,32.7803,,33.7355,,,
standardized,ocbc,SEK,SGD,SEK/SGD,100,"SGD 0 – 39,999.99",tier_1,"SGD 200 – 39,999.99",std_200_40k,fxRatesSgd,2026-09-04T07:00:14,2026-09-04T07:00:14,2026-09-05T15:23:14.452983+00:00,13.4977,13.0184,,13.2581,,,
standardized,ocbc,SEK,SGD,SEK/SGD,100,"SGD 40,000 – 100,000",tier_2,"SGD 40,000 – 100,000",std_40k_100k,fxRatesSgd,2026-09-04T07:00:14,2026-09-04T07:00:14,2026-09-05T15:23:14.452983+00:00,13.4711,13.0449,,13.2581,,,
standardized,ocbc,SEK,SGD,SEK/SGD,100,"SGD 0 – 39,999.99",tier_1,SGD 50 – 200,std_50_200,fxRatesSgd,2026-09-04T07:00:14,2026-09-04T07:00:14,2026-09-05T15:23:14.452983+00:00,13.4977,13.0184,,13.2581,,,
standardized,ocbc,SEK,SGD,SEK/SGD,100,"SGD 0 – 39,999.99",tier_1,SGD < 50,std_lt_50,fxRatesSgd,2026-09-04T07:00:14,2026-09-04T07:00:14,2026-09-05T15:23:14.452983+00:00,13.4977,13.0184,,13.2581,,,
standardized,ocbc,THB,SGD,THB/SGD,100,"SGD 0 – 39,999.99",tier_1,"SGD 200 – 39,999.99",std_200_40k,fxRatesSgd,2026-09-04T07:00:14,2026-09-04T07:00:14,2026-09-05T15:23:14.452983+00:00,3.9588,3.7403,,3.8496,,,
standardized,ocbc,THB,SGD,THB/SGD,100,"SGD 40,000 – 100,000",tier_2,"SGD 40,000 – 100,000",std_40k_100k,fxRatesSgd,2026-09-04T07:00:14,2026-09-04T07:00:14,2026-09-05T15:23:14.452983+00:00,3.9511,3.748,,3.8496,,,
standardized,ocbc,THB,SGD,THB/SGD,100,"SGD 0 – 39,999.99",tier_1,SGD 50 – 200,std_50_200,fxRatesSgd,2026-09-04T07:00:14,2026-09-04T07:00:14,2026-09-05T15:23:14.452983+00:00,3.9588,3.7403,,3.8496,,,
standardized,ocbc,THB,SGD,THB/SGD,100,"SGD 0 – 39,999.99",tier_1,SGD < 50,std_lt_50,fxRatesSgd,2026-09-04T07:00:14,2026-09-04T07:00:14,2026-09-05T15:23:14.452983+00:00,3.9588,3.7403,,3.8496,,,
standardized,ocbc,TRY,SGD,TRY/SGD,100,"SGD 0 – 39,999.99",tier_1,"SGD 200 – 39,999.99",std_200_40k,fxRatesSgd,2026-09-04T07:00:14,2026-09-04T07:00:14,2026-09-05T15:23:14.452983+00:00,2.6891,2.5776,,2.6334,,,
standardized,ocbc,TRY,SGD,TRY/SGD,100,"SGD 40,000 – 100,000",tier_2,"SGD 40,000 – 100,000",std_40k_100k,fxRatesSgd,2026-09-04T07:00:14,2026-09-04T07:00:14,2026-09-05T15:23:14.452983+00:00,2.6878,2.5778,,2.6334,,,
standardized,ocbc,TRY,SGD,TRY/SGD,100,"SGD 0 – 39,999.99",tier_1,SGD 50 – 200,std_50_200,fxRatesSgd,2026-09-04T07:00:14,2026-09-04T07:00:14,2026-09-05T15:23:14.452983+00:00,2.6891,2.5776,,2.6334,,,
standardized,ocbc,TRY,SGD,TRY/SGD,100,"SGD 0 – 39,999.99",tier_1,SGD < 50,std_lt_50,fxRatesSgd,2026-09-04T07:00:14,2026-09-04T07:00:14,2026-09-05T15:23:14.452983+00:00,2.6891,2.5776,,2.6334,,,
standardized,ocbc,TWD,SGD,TWD/SGD,100,"SGD 0 – 39,999.99",tier_1,"SGD 200 – 39,999.99",std_200_40k,fxRatesSgd,2026-09-04T07:00:14,2026-09-04T07:00:14,2026-09-05T15:23:14.452983+00:00,4.139,0.0,,4.139,,,
standardized,ocbc,TWD,SGD,TWD/SGD,100,"SGD 40,000 – 100,000",tier_2,"SGD 40,000 – 100,000",std_40k_100k,fxRatesSgd,2026-09-04T07:00:14,2026-09-04T07:00:14,2026-09-05T15:23:14.452983+00:00,0.0,0.0,,4.139,,,
standardized,ocbc,TWD,SGD,TWD/SGD,100,"SGD 0 – 39,999.99",tier_1,SGD 50 – 200,std_50_200,fxRatesSgd,2026-09-04T07:00:14,2026-09-04T07:00:14,2026-09-05T15:23:14.452983+00:00,4.139,0.0,,4.139,,,
standardized,ocbc,TWD,SGD,TWD/SGD,100,"SGD 0 – 39,999.99",tier_1,SGD < 50,std_lt_50,fxRatesSgd,2026-09-04T07:00:14,2026-09-04T07:00:14,2026-09-05T15:23:14.452983+00:00,4.139,0.0,,4.139,,,
standardized,ocbc,USD,SGD,USD/SGD,1,"SGD 0 – 39,999.99",tier_1,"SGD 200 – 39,999.99",std_200_40k,fxRatesSgd,2026-09-04T07:00:14,2026-09-04T07:00:14,2026-09-05T15:23:14.452983+00:00,1.2793,1.2564,,1.2679,,,
standardized,ocbc,USD,SGD,USD/SGD,1,"SGD 40,000 – 100,000",tier_2,"SGD 40,000 – 100,000",std_40k_100k,fxRatesSgd,2026-09-04T07:00:14,2026-09-04T07:00:14,2026-09-05T15:23:14.452983+00:00,1.278,1.2574,,1.2679,,,
standardized,ocbc,USD,SGD,USD/SGD,1,"SGD 0 – 39,999.99",tier_1,SGD 50 – 200,std_50_200,fxRatesSgd,2026-09-04T07:00:14,2026-09-04T07:00:14,2026-09-05T15:23:14.452983+00:00,1.2793,1.2564,,1.2679,,,
standardized,ocbc,USD,SGD,USD/SGD,1,"SGD 0 – 39,999.99",tier_1,SGD < 50,std_lt_50,fxRatesSgd,2026-09-04T07:00:14,2026-09-04T07:00:14,2026-09-05T15:23:14.452983+00:00,1.2793,1.2564,,1.2679,,,
standardized,ocbc,ZAR,SGD,ZAR/SGD,100,"SGD 0 – 39,999.99",tier_1,"SGD 200 – 39,999.99",std_200_40k,fxRatesSgd,2026-09-04T07:00:14,2026-09-04T07:00:14,2026-09-05T15:23:14.452983+00:00,8.17,7.6902,,7.9301,,,
standardized,ocbc,ZAR,SGD,ZAR/SGD,100,"SGD 40,000 – 100,000",tier_2,"SGD 40,000 – 100,000",std_40k_100k,fxRatesSgd,2026-09-04T07:00:14,2026-09-04T07:00:14,2026-09-05T15:23:14.452983+00:00,8.166,7.6941,,7.9301,,,
standardized,ocbc,ZAR,SGD,ZAR/SGD,100,"SGD 0 – 39,999.99",tier_1,SGD 50 – 200,std_50_200,fxRatesSgd,2026-09-04T07:00:14,2026-09-04T07:00:14,2026-09-05T15:23:14.452983+00:00,8.17,7.6902,,7.9301,,,
standardized,ocbc,ZAR,SGD,ZAR/SGD,100,"SGD 0 – 39,999.99",tier_1,SGD < 50,std_lt_50,fxRatesSgd,2026-09-04T07:00:14,2026-09-04T07:00:14,2026-09-05T15:23:14.452983+00:00,8.17,7.6902,,7.9301,,,
standardized,uob,AED,SGD,AED/SGD,100,Indicative board,board,"SGD 200 – 39,999.99",std_200_40k,forex_sgd,04 September 2026 05:10:51 PM,04 September 2026 05:10:51 PM,2026-09-05T15:23:16.296485+00:00,35.36,33.66,,34.51,,,
standardized,uob,AED,SGD,AED/SGD,100,Indicative board,board,"SGD 40,000 – 100,000",std_40k_100k,forex_sgd,04 September 2026 05:10:51 PM,04 September 2026 05:10:51 PM,2026-09-05T15:23:16.296485+00:00,35.36,33.66,,34.51,,,
standardized,uob,AED,SGD,AED/SGD,100,Indicative board,board,SGD 50 – 200,std_50_200,forex_sgd,04 September 2026 05:10:51 PM,04 September 2026 05:10:51 PM,2026-09-05T15:23:16.296485+00:00,35.36,33.66,,34.51,,,
standardized,uob,AED,SGD,AED/SGD,100,Indicative board,board,SGD < 50,std_lt_50,forex_sgd,04 September 2026 05:10:51 PM,04 September 2026 05:10:51 PM,2026-09-05T15:23:16.296485+00:00,35.36,33.66,,34.51,,,
standardized,uob,AOA,SGD,AOA/SGD,100,Indicative board,board,"SGD 200 – 39,999.99",std_200_40k,forex_sgd,04 September 2026 05:10:51 PM,04 September 2026 05:10:51 PM,2026-09-05T15:23:16.296485+00:00,0.143,,,,,,
standardized,uob,AOA,SGD,AOA/SGD,100,Indicative board,board,"SGD 40,000 – 100,000",std_40k_100k,forex_sgd,04 September 2026 05:10:51 PM,04 September 2026 05:10:51 PM,2026-09-05T15:23:16.296485+00:00,0.143,,,,,,
standardized,uob,AOA,SGD,AOA/SGD,100,Indicative board,board,SGD 50 – 200,std_50_200,forex_sgd,04 September 2026 05:10:51 PM,04 September 2026 05:10:51 PM,2026-09-05T15:23:16.296485+00:00,0.143,,,,,,
standardized,uob,AOA,SGD,AOA/SGD,100,Indicative board,board,SGD < 50,std_lt_50,forex_sgd,04 September 2026 05:10:51 PM,04 September 2026 05:10:51 PM,2026-09-05T15:23:16.296485+00:00,0.143,,,,,,
standardized,uob,AUD,SGD,AUD/SGD,1,Indicative board,board,"SGD 200 – 39,999.99",std_200_40k,forex_sgd,04 September 2026 05:10:51 PM,04 September 2026 05:10:51 PM,2026-09-05T15:23:16.296485+00:00,0.9282,0.8972,,0.9127000000000001,,,
standardized,uob,AUD,SGD,AUD/SGD,1,Indicative board,board,"SGD 40,000 – 100,000",std_40k_100k,forex_sgd,04 September 2026 05:10:51 PM,04 September 2026 05:10:51 PM,2026-09-05T15:23:16.296485+00:00,0.9282,0.8972,,0.9127000000000001,,,
standardized,uob,AUD,SGD,AUD/SGD,1,Indicative board,board,SGD 50 – 200,std_50_200,forex_sgd,04 September 2026 05:10:51 PM,04 September 2026 05:10:51 PM,2026-09-05T15:23:16.296485+00:00,0.9282,0.8972,,0.9127000000000001,,,
standardized,uob,AUD,SGD,AUD/SGD,1,Indicative board,board,SGD < 50,std_lt_50,forex_sgd,04 September 2026 05:10:51 PM,04 September 2026 05:10:51 PM,2026-09-05T15:23:16.296485+00:00,0.9282,0.8972,,0.9127000000000001,,,
standardized,uob,BDT,SGD,BDT/SGD,100,Indicative board,board,"SGD 200 – 39,999.99",std_200_40k,forex_sgd,04 September 2026 05:10:51 PM,04 September 2026 05:10:51 PM,2026-09-05T15:23:16.296485+00:00,1.062,,,,,,
standardized,uob,BDT,SGD,BDT/SGD,100,Indicative board,board,"SGD 40,000 – 100,000",std_40k_100k,forex_sgd,04 September 2026 05:10:51 PM,04 September 2026 05:10:51 PM,2026-09-05T15:23:16.296485+00:00,1.062,,,,,,
standardized,uob,BDT,SGD,BDT/SGD,100,Indicative board,board,SGD 50 – 200,std_50_200,forex_sgd,04 September 2026 05:10:51 PM,04 September 2026 05:10:51 PM,2026-09-05T15:23:16.296485+00:00,1.062,,,,,,
standardized,uob,BDT,SGD,BDT/SGD,100,Indicative board,board,SGD < 50,std_lt_50,forex_sgd,04 September 2026 05:10:51 PM,04 September 2026 05:10:51 PM,2026-09-05T15:23:16.296485+00:00,1.062,,,,,,
standardized,uob,BND,SGD,BND/SGD,1,Indicative board,board,"SGD 200 – 39,999.99",std_200_40k,forex_sgd,04 September 2026 05:10:51 PM,04 September 2026 05:10:51 PM,2026-09-05T15:23:16.296485+00:00,1.0,1.0,,1.0,,,
standardized,uob,BND,SGD,BND/SGD,1,Indicative board,board,"SGD 40,000 – 100,000",std_40k_100k,forex_sgd,04 September 2026 05:10:51 PM,04 September 2026 05:10:51 PM,2026-09-05T15:23:16.296485+00:00,1.0,1.0,,1.0,,,
standardized,uob,BND,SGD,BND/SGD,1,Indicative board,board,SGD 50 – 200,std_50_200,forex_sgd,04 September 2026 05:10:51 PM,04 September 2026 05:10:51 PM,2026-09-05T15:23:16.296485+00:00,1.0,1.0,,1.0,,,
standardized,uob,BND,SGD,BND/SGD,1,Indicative board,board,SGD < 50,std_lt_50,forex_sgd,04 September 2026 05:10:51 PM,04 September 2026 05:10:51 PM,2026-09-05T15:23:16.296485+00:00,1.0,1.0,,1.0,,,
standardized,uob,CAD,SGD,CAD/SGD,1,Indicative board,board,"SGD 200 – 39,999.99",std_200_40k,forex_sgd,04 September 2026 05:10:51 PM,04 September 2026 05:10:51 PM,2026-09-05T15:23:16.296485+00:00,0.9285,0.9085,,0.9185,,,
standardized,uob,CAD,SGD,CAD/SGD,1,Indicative board,board,"SGD 40,000 – 100,000",std_40k_100k,forex_sgd,04 September 2026 05:10:51 PM,04 September 2026 05:10:51 PM,2026-09-05T15:23:16.296485+00:00,0.9285,0.9085,,0.9185,,,
standardized,uob,CAD,SGD,CAD/SGD,1,Indicative board,board,SGD 50 – 200,std_50_200,forex_sgd,04 September 2026 05:10:51 PM,04 September 2026 05:10:51 PM,2026-09-05T15:23:16.296485+00:00,0.9285,0.9085,,0.9185,,,
standardized,uob,CAD,SGD,CAD/SGD,1,Indicative board,board,SGD < 50,std_lt_50,forex_sgd,04 September 2026 05:10:51 PM,04 September 2026 05:10:51 PM,2026-09-05T15:23:16.296485+00:00,0.9285,0.9085,,0.9185,,,
standardized,uob,CHF,SGD,CHF/SGD,100,Indicative board,board,"SGD 200 – 39,999.99",std_200_40k,forex_sgd,04 September 2026 05:10:51 PM,04 September 2026 05:10:51 PM,2026-09-05T15:23:16.296485+00:00,158.4,155.1,,156.75,,,
standardized,uob,CHF,SGD,CHF/SGD,100,Indicative board,board,"SGD 40,000 – 100,000",std_40k_100k,forex_sgd,04 September 2026 05:10:51 PM,04 September 2026 05:10:51 PM,2026-09-05T15:23:16.296485+00:00,158.4,155.1,,156.75,,,
standardized,uob,CHF,SGD,CHF/SGD,100,Indicative board,board,SGD 50 – 200,std_50_200,forex_sgd,04 September 2026 05:10:51 PM,04 September 2026 05:10:51 PM,2026-09-05T15:23:16.296485+00:00,158.4,155.1,,156.75,,,
standardized,uob,CHF,SGD,CHF/SGD,100,Indicative board,board,SGD < 50,std_lt_50,forex_sgd,04 September 2026 05:10:51 PM,04 September 2026 05:10:51 PM,2026-09-05T15:23:16.296485+00:00,158.4,155.1,,156.75,,,
standardized,uob,CNH,SGD,CNH/SGD,100,Indicative board,board,"SGD 200 – 39,999.99",std_200_40k,forex_sgd,04 September 2026 05:10:51 PM,04 September 2026 05:10:51 PM,2026-09-05T15:23:16.296485+00:00,19.12,18.66,,18.89,,,
standardized,uob,CNH,SGD,CNH/SGD,100,Indicative board,board,"SGD 40,000 – 100,000",std_40k_100k,forex_sgd,04 September 2026 05:10:51 PM,04 September 2026 05:10:51 PM,2026-09-05T15:23:16.296485+00:00,19.12,18.66,,18.89,,,
standardized,uob,CNH,SGD,CNH/SGD,100,Indicative board,board,SGD 50 – 200,std_50_200,forex_sgd,04 September 2026 05:10:51 PM,04 September 2026 05:10:51 PM,2026-09-05T15:23:16.296485+00:00,19.12,18.66,,18.89,,,
standardized,uob,CNH,SGD,CNH/SGD,100,Indicative board,board,SGD < 50,std_lt_50,forex_sgd,04 September 2026 05:10:51 PM,04 September 2026 05:10:51 PM,2026-09-05T15:23:16.296485+00:00,19.12,18.66,,18.89,,,
standardized,uob,DKK,SGD,DKK/SGD,100,Indicative board,board,"SGD 200 – 39,999.99",std_200_40k,forex_sgd,04 September 2026 05:10:51 PM,04 September 2026 05:10:51 PM,2026-09-05T15:23:16.296485+00:00,20.06,19.36,,19.71,,,
standardized,uob,DKK,SGD,DKK/SGD,100,Indicative board,board,"SGD 40,000 – 100,000",std_40k_100k,forex_sgd,04 September 2026 05:10:51 PM,04 September 2026 05:10:51 PM,2026-09-05T15:23:16.296485+00:00,20.06,19.36,,19.71,,,
standardized,uob,DKK,SGD,DKK/SGD,100,Indicative board,board,SGD 50 – 200,std_50_200,forex_sgd,04 September 2026 05:10:51 PM,04 September 2026 05:10:51 PM,2026-09-05T15:23:16.296485+00:00,20.06,19.36,,19.71,,,
standardized,uob,DKK,SGD,DKK/SGD,100,Indicative board,board,SGD < 50,std_lt_50,forex_sgd,04 September 2026 05:10:51 PM,04 September 2026 05:10:51 PM,2026-09-05T15:23:16.296485+00:00,20.06,19.36,,19.71,,,
standardized,uob,EGP,SGD,EGP/SGD,100,Indicative board,board,"SGD 200 – 39,999.99",std_200_40k,forex_sgd,04 September 2026 05:10:51 PM,04 September 2026 05:10:51 PM,2026-09-05T15:23:16.296485+00:00,2.5681,,,,,,
standardized,uob,EGP,SGD,EGP/SGD,100,Indicative board,board,"SGD 40,000 – 100,000",std_40k_100k,forex_sgd,04 September 2026 05:10:51 PM,04 September 2026 05:10:51 PM,2026-09-05T15:23:16.296485+00:00,2.5681,,,,,,
standardized,uob,EGP,SGD,EGP/SGD,100,Indicative board,board,SGD 50 – 200,std_50_200,forex_sgd,04 September 2026 05:10:51 PM,04 September 2026 05:10:51 PM,2026-09-05T15:23:16.296485+00:00,2.5681,,,,,,
standardized,uob,EGP,SGD,EGP/SGD,100,Indicative board,board,SGD < 50,std_lt_50,forex_sgd,04 September 2026 05:10:51 PM,04 September 2026 05:10:51 PM,2026-09-05T15:23:16.296485+00:00,2.5681,,,,,,
standardized,uob,EUR,SGD,EUR/SGD,1,Indicative board,board,"SGD 200 – 39,999.99",std_200_40k,forex_sgd,04 September 2026 05:10:51 PM,04 September 2026 05:10:51 PM,2026-09-05T15:23:16.296485+00:00,1.4923,1.4543,,1.4733,,,
standardized,uob,EUR,SGD,EUR/SGD,1,Indicative board,board,"SGD 40,000 – 100,000",std_40k_100k,forex_sgd,04 September 2026 05:10:51 PM,04 September 2026 05:10:51 PM,2026-09-05T15:23:16.296485+00:00,1.4923,1.4543,,1.4733,,,
standardized,uob,EUR,SGD,EUR/SGD,1,Indicative board,board,SGD 50 – 200,std_50_200,forex_sgd,04 September 2026 05:10:51 PM,04 September 2026 05:10:51 PM,2026-09-05T15:23:16.296485+00:00,1.4923,1.4543,,1.4733,,,
standardized,uob,EUR,SGD,EUR/SGD,1,Indicative board,board,SGD < 50,std_lt_50,forex_sgd,04 September 2026 05:10:51 PM,04 September 2026 05:10:51 PM,2026-09-05T15:23:16.296485+00:00,1.4923,1.4543,,1.4733,,,
standardized,uob,GBP,SGD,GBP/SGD,1,Indicative board,board,"SGD 200 – 39,999.99",std_200_40k,forex_sgd,04 September 2026 05:10:51 PM,04 September 2026 05:10:51 PM,2026-09-05T15:23:16.296485+00:00,1.7378,1.6928,,1.7153,,,
standardized,uob,GBP,SGD,GBP/SGD,1,Indicative board,board,"SGD 40,000 – 100,000",std_40k_100k,forex_sgd,04 September 2026 05:10:51 PM,04 September 2026 05:10:51 PM,2026-09-05T15:23:16.296485+00:00,1.7378,1.6928,,1.7153,,,
standardized,uob,GBP,SGD,GBP/SGD,1,Indicative board,board,SGD 50 – 200,std_50_200,forex_sgd,04 September 2026 05:10:51 PM,04 September 2026 05:10:51 PM,2026-09-05T15:23:16.296485+00:00,1.7378,1.6928,,1.7153,,,
standardized,uob,GBP,SGD,GBP/SGD,1,Indicative board,board,SGD < 50,std_lt_50,forex_sgd,04 September 2026 05:10:51 PM,04 September 2026 05:10:51 PM,2026-09-05T15:23:16.296485+00:00,1.7378,1.6928,,1.7153,,,
standardized,uob,HKD,SGD,HKD/SGD,100,Indicative board,board,"SGD 200 – 39,999.99",std_200_40k,forex_sgd,04 September 2026 05:10:51 PM,04 September 2026 05:10:51 PM,2026-09-05T15:23:16.296485+00:00,16.349,15.991,,16.17,,,
standardized,uob,HKD,SGD,HKD/SGD,100,Indicative board,board,"SGD 40,000 – 100,000",std_40k_100k,forex_sgd,04 September 2026 05:10:51 PM,04 September 2026 05:10:51 PM,2026-09-05T15:23:16.296485+00:00,16.349,15.991,,16.17,,,
standardized,uob,HKD,SGD,HKD/SGD,100,Indicative board,board,SGD 50 – 200,std_50_200,forex_sgd,04 September 2026 05:10:51 PM,04 September 2026 05:10:51 PM,2026-09-05T15:23:16.296485+00:00,16.349,15.991,,16.17,,,
standardized,uob,HKD,SGD,HKD/SGD,100,Indicative board,board,SGD < 50,std_lt_50,forex_sgd,04 September 2026 05:10:51 PM,04 September 2026 05:10:51 PM,2026-09-05T15:23:16.296485+00:00,16.349,15.991,,16.17,,,
standardized,uob,INR,SGD,INR/SGD,100,Indicative board,board,"SGD 200 – 39,999.99",std_200_40k,forex_sgd,04 September 2026 05:10:51 PM,04 September 2026 05:10:51 PM,2026-09-05T15:23:16.296485+00:00,1.3784,,,,,,
standardized,uob,INR,SGD,INR/SGD,100,Indicative board,board,"SGD 40,000 – 100,000",std_40k_100k,forex_sgd,04 September 2026 05:10:51 PM,04 September 2026 05:10:51 PM,2026-09-05T15:23:16.296485+00:00,1.3784,,,,,,
standardized,uob,INR,SGD,INR/SGD,100,Indicative board,board,SGD 50 – 200,std_50_200,forex_sgd,04 September 2026 05:10:51 PM,04 September 2026 05:10:51 PM,2026-09-05T15:23:16.296485+00:00,1.3784,,,,,,
standardized,uob,INR,SGD,INR/SGD,100,Indicative board,board,SGD < 50,std_lt_50,forex_sgd,04 September 2026 05:10:51 PM,04 September 2026 05:10:51 PM,2026-09-05T15:23:16.296485+00:00,1.3784,,,,,,
standardized,uob,JPY,SGD,JPY/SGD,100,Indicative board,board,"SGD 200 – 39,999.99",std_200_40k,forex_sgd,04 September 2026 05:10:51 PM,04 September 2026 05:10:51 PM,2026-09-05T15:23:16.296485+00:00,0.8273,0.7933,,0.8103,,,
standardized,uob,JPY,SGD,JPY/SGD,100,Indicative board,board,"SGD 40,000 – 100,000",std_40k_100k,forex_sgd,04 September 2026 05:10:51 PM,04 September 2026 05:10:51 PM,2026-09-05T15:23:16.296485+00:00,0.8273,0.7933,,0.8103,,,
standardized,uob,JPY,SGD,JPY/SGD,100,Indicative board,board,SGD 50 – 200,std_50_200,forex_sgd,04 September 2026 05:10:51 PM,04 September 2026 05:10:51 PM,2026-09-05T15:23:16.296485+00:00,0.8273,0.7933,,0.8103,,,
standardized,uob,JPY,SGD,JPY/SGD,100,Indicative board,board,SGD < 50,std_lt_50,forex_sgd,04 September 2026 05:10:51 PM,04 September 2026 05:10:51 PM,2026-09-05T15:23:16.296485+00:00,0.8273,0.7933,,0.8103,,,
standardized,uob,KRW,SGD,KRW/SGD,1000,Indicative board,board,"SGD 200 – 39,999.99",std_200_40k,forex_sgd,04 September 2026 05:10:51 PM,04 September 2026 05:10:51 PM,2026-09-05T15:23:16.296485+00:00,0.9481,,,,,,
standardized,uob,KRW,SGD,KRW/SGD,1000,Indicative board,board,"SGD 40,000 – 100,000",std_40k_100k,forex_sgd,04 September 2026 05:10:51 PM,04 September 2026 05:10:51 PM,2026-09-05T15:23:16.296485+00:00,0.9481,,,,,,
standardized,uob,KRW,SGD,KRW/SGD,1000,Indicative board,board,SGD 50 – 200,std_50_200,forex_sgd,04 September 2026 05:10:51 PM,04 September 2026 05:10:51 PM,2026-09-05T15:23:16.296485+00:00,0.9481,,,,,,
standardized,uob,KRW,SGD,KRW/SGD,1000,Indicative board,board,SGD < 50,std_lt_50,forex_sgd,04 September 2026 05:10:51 PM,04 September 2026 05:10:51 PM,2026-09-05T15:23:16.296485+00:00,0.9481,,,,,,
standardized,uob,KWD,SGD,KWD/SGD,1,Indicative board,board,"SGD 200 – 39,999.99",std_200_40k,forex_sgd,04 September 2026 05:10:51 PM,04 September 2026 05:10:51 PM,2026-09-05T15:23:16.296485+00:00,4.176,,,,,,
standardized,uob,KWD,SGD,KWD/SGD,1,Indicative board,board,"SGD 40,000 – 100,000",std_40k_100k,forex_sgd,04 September 2026 05:10:51 PM,04 September 2026 05:10:51 PM,2026-09-05T15:23:16.296485+00:00,4.176,,,,,,
standardized,uob,KWD,SGD,KWD/SGD,1,Indicative board,board,SGD 50 – 200,std_50_200,forex_sgd,04 September 2026 05:10:51 PM,04 September 2026 05:10:51 PM,2026-09-05T15:23:16.296485+00:00,4.176,,,,,,
standardized,uob,KWD,SGD,KWD/SGD,1,Indicative board,board,SGD < 50,std_lt_50,forex_sgd,04 September 2026 05:10:51 PM,04 September 2026 05:10:51 PM,2026-09-05T15:23:16.296485+00:00,4.176,,,,,,
standardized,uob,LKR,SGD,LKR/SGD,100,Indicative board,board,"SGD 200 – 39,999.99",std_200_40k,forex_sgd,04 September 2026 05:10:51 PM,04 September 2026 05:10:51 PM,2026-09-05T15:23:16.296485+00:00,0.3933,,,,,,
standardized,uob,LKR,SGD,LKR/SGD,100,Indicative board,board,"SGD 40,000 – 100,000",std_40k_100k,forex_sgd,04 September 2026 05:10:51 PM,04 September 2026 05:10:51 PM,2026-09-05T15:23:16.296485+00:00,0.3933,,,,,,
standardized,uob,LKR,SGD,LKR/SGD,100,Indicative board,board,SGD 50 – 200,std_50_200,forex_sgd,04 September 2026 05:10:51 PM,04 September 2026 05:10:51 PM,2026-09-05T15:23:16.296485+00:00,0.3933,,,,,,
standardized,uob,LKR,SGD,LKR/SGD,100,Indicative board,board,SGD < 50,std_lt_50,forex_sgd,04 September 2026 05:10:51 PM,04 September 2026 05:10:51 PM,2026-09-05T15:23:16.296485+00:00,0.3933,,,,,,
standardized,uob,MXN,SGD,MXN/SGD,100,Indicative board,board,"SGD 200 – 39,999.99",std_200_40k,forex_sgd,04 September 2026 05:10:51 PM,04 September 2026 05:10:51 PM,2026-09-05T15:23:16.296485+00:00,7.5798,,,,,,
standardized,uob,MXN,SGD,MXN/SGD,100,Indicative board,board,"SGD 40,000 – 100,000",std_40k_100k,forex_sgd,04 September 2026 05:10:51 PM,04 September 2026 05:10:51 PM,2026-09-05T15:23:16.296485+00:00,7.5798,,,,,,
standardized,uob,MXN,SGD,MXN/SGD,100,Indicative board,board,SGD 50 – 200,std_50_200,forex_sgd,04 September 2026 05:10:51 PM,04 September 2026 05:10:51 PM,2026-09-05T15:23:16.296485+00:00,7.5798,,,,,,
standardized,uob,MXN,SGD,MXN/SGD,100,Indicative board,board,SGD < 50,std_lt_50,forex_sgd,04 September 2026 05:10:51 PM,04 September 2026 05:10:51 PM,2026-09-05T15:23:16.296485+00:00,7.5798,,,,,,
standardized,uob,MYR,SGD,MYR/SGD,100,Indicative board,board,"SGD 200 – 39,999.99",std_200_40k,forex_sgd,04 September 2026 05:10:51 PM,04 September 2026 05:10:51 PM,2026-09-05T15:23:16.296485+00:00,31.8471,,,,,,
standardized,uob,MYR,SGD,MYR/SGD,100,Indicative board,board,"SGD 40,000 – 100,000",std_40k_100k,forex_sgd,04 September 2026 05:10:51 PM,04 September 2026 05:10:51 PM,2026-09-05T15:23:16.296485+00:00,31.8471,,,,,,
standardized,uob,MYR,SGD,MYR/SGD,100,Indicative board,board,SGD 50 – 200,std_50_200,forex_sgd,04 September 2026 05:10:51 PM,04 September 2026 05:10:51 PM,2026-09-05T15:23:16.296485+00:00,31.8471,,,,,,
standardized,uob,MYR,SGD,MYR/SGD,100,Indicative board,board,SGD < 50,std_lt_50,forex_sgd,04 September 2026 05:10:51 PM,04 September 2026 05:10:51 PM,2026-09-05T15:23:16.296485+00:00,31.8471,,,,,,
standardized,uob,NOK,SGD,NOK/SGD,100,Indicative board,board,"SGD 200 – 39,999.99",std_200_40k,forex_sgd,04 September 2026 05:10:51 PM,04 September 2026 05:10:51 PM,2026-09-05T15:23:16.296485+00:00,13.84,13.4,,13.620000000000001,,,
standardized,uob,NOK,SGD,NOK/SGD,100,Indicative board,board,"SGD 40,000 – 100,000",std_40k_100k,forex_sgd,04 September 2026 05:10:51 PM,04 September 2026 05:10:51 PM,2026-09-05T15:23:16.296485+00:00,13.84,13.4,,13.620000000000001,,,
standardized,uob,NOK,SGD,NOK/SGD,100,Indicative board,board,SGD 50 – 200,std_50_200,forex_sgd,04 September 2026 05:10:51 PM,04 September 2026 05:10:51 PM,2026-09-05T15:23:16.296485+00:00,13.84,13.4,,13.620000000000001,,,
standardized,uob,NOK,SGD,NOK/SGD,100,Indicative board,board,SGD < 50,std_lt_50,forex_sgd,04 September 2026 05:10:51 PM,04 September 2026 05:10:51 PM,2026-09-05T15:23:16.296485+00:00,13.84,13.4,,13.620000000000001,,,
standardized,uob,NZD,SGD,NZD/SGD,1,Indicative board,board,"SGD 200 – 39,999.99",std_200_40k,forex_sgd,04 September 2026 05:10:51 PM,04 September 2026 05:10:51 PM,2026-09-05T15:23:16.296485+00:00,0.7555,0.7355,,0.7455,,,
standardized,uob,NZD,SGD,NZD/SGD,1,Indicative board,board,"SGD 40,000 – 100,000",std_40k_100k,forex_sgd,04 September 2026 05:10:51 PM,04 September 2026 05:10:51 PM,2026-09-05T15:23:16.296485+00:00,0.7555,0.7355,,0.7455,,,
standardized,uob,NZD,SGD,NZD/SGD,1,Indicative board,board,SGD 50 – 200,std_50_200,forex_sgd,04 September 2026 05:10:51 PM,04 September 2026 05:10:51 PM,2026-09-05T15:23:16.296485+00:00,0.7555,0.7355,,0.7455,,,
standardized,uob,NZD,SGD,NZD/SGD,1,Indicative board,board,SGD < 50,std_lt_50,forex_sgd,04 September 2026 05:10:51 PM,04 September 2026 05:10:51 PM,2026-09-05T15:23:16.296485+00:00,0.7555,0.7355,,0.7455,,,
standardized,uob,PHP,SGD,PHP/SGD,100,Indicative board,board,"SGD 200 – 39,999.99",std_200_40k,forex_sgd,04 September 2026 05:10:51 PM,04 September 2026 05:10:51 PM,2026-09-05T15:23:16.296485+00:00,2.0715,,,,,,
standardized,uob,PHP,SGD,PHP/SGD,100,Indicative board,board,"SGD 40,000 – 100,000",std_40k_100k,forex_sgd,04 September 2026 05:10:51 PM,04 September 2026 05:10:51 PM,2026-09-05T15:23:16.296485+00:00,2.0715,,,,,,
standardized,uob,PHP,SGD,PHP/SGD,100,Indicative board,board,SGD 50 – 200,std_50_200,forex_sgd,04 September 2026 05:10:51 PM,04 September 2026 05:10:51 PM,2026-09-05T15:23:16.296485+00:00,2.0715,,,,,,
standardized,uob,PHP,SGD,PHP/SGD,100,Indicative board,board,SGD < 50,std_lt_50,forex_sgd,04 September 2026 05:10:51 PM,04 September 2026 05:10:51 PM,2026-09-05T15:23:16.296485+00:00,2.0715,,,,,,
standardized,uob,PKR,SGD,PKR/SGD,100,Indicative board,board,"SGD 200 – 39,999.99",std_200_40k,forex_sgd,04 September 2026 05:10:51 PM,04 September 2026 05:10:51 PM,2026-09-05T15:23:16.296485+00:00,0.4642,,,,,,
standardized,uob,PKR,SGD,PKR/SGD,100,Indicative board,board,"SGD 40,000 – 100,000",std_40k_100k,forex_sgd,04 September 2026 05:10:51 PM,04 September 2026 05:10:51 PM,2026-09-05T15:23:16.296485+00:00,0.4642,,,,,,
standardized,uob,PKR,SGD,PKR/SGD,100,Indicative board,board,SGD 50 – 200,std_50_200,forex_sgd,04 September 2026 05:10:51 PM,04 September 2026 05:10:51 PM,2026-09-05T15:23:16.296485+00:00,0.4642,,,,,,
standardized,uob,PKR,SGD,PKR/SGD,100,Indicative board,board,SGD < 50,std_lt_50,forex_sgd,04 September 2026 05:10:51 PM,04 September 2026 05:10:51 PM,2026-09-05T15:23:16.296485+00:00,0.4642,,,,,,
standardized,uob,SAR,SGD,SAR/SGD,100,Indicative board,board,"SGD 200 – 39,999.99",std_200_40k,forex_sgd,04 September 2026 05:10:51 PM,04 September 2026 05:10:51 PM,2026-09-05T15:23:16.296485+00:00,,,,,,,
standardized,uob,SAR,SGD,SAR/SGD,100,Indicative board,board,"SGD 40,000 – 100,000",std_40k_100k,forex_sgd,04 September 2026 05:10:51 PM,04 September 2026 05:10:51 PM,2026-09-05T15:23:16.296485+00:00,,,,,,,
standardized,uob,SAR,SGD,SAR/SGD,100,Indicative board,board,SGD 50 – 200,std_50_200,forex_sgd,04 September 2026 05:10:51 PM,04 September 2026 05:10:51 PM,2026-09-05T15:23:16.296485+00:00,,,,,,,
standardized,uob,SAR,SGD,SAR/SGD,100,Indicative board,board,SGD < 50,std_lt_50,forex_sgd,04 September 2026 05:10:51 PM,04 September 2026 05:10:51 PM,2026-09-05T15:23:16.296485+00:00,,,,,,,
standardized,uob,SEK,SGD,SEK/SGD,100,Indicative board,board,"SGD 200 – 39,999.99",std_200_40k,forex_sgd,04 September 2026 05:10:51 PM,04 September 2026 05:10:51 PM,2026-09-05T15:23:16.296485+00:00,13.52,13.04,,13.28,,,
standardized,uob,SEK,SGD,SEK/SGD,100,Indicative board,board,"SGD 40,000 – 100,000",std_40k_100k,forex_sgd,04 September 2026 05:10:51 PM,04 September 2026 05:10:51 PM,2026-09-05T15:23:16.296485+00:00,13.52,13.04,,13.28,,,
standardized,uob,SEK,SGD,SEK/SGD,100,Indicative board,board,SGD 50 – 200,std_50_200,forex_sgd,04 September 2026 05:10:51 PM,04 September 2026 05:10:51 PM,2026-09-05T15:23:16.296485+00:00,13.52,13.04,,13.28,,,
standardized,uob,SEK,SGD,SEK/SGD,100,Indicative board,board,SGD < 50,std_lt_50,forex_sgd,04 September 2026 05:10:51 PM,04 September 2026 05:10:51 PM,2026-09-05T15:23:16.296485+00:00,13.52,13.04,,13.28,,,
standardized,uob,THB,SGD,THB/SGD,100,Indicative board,board,"SGD 200 – 39,999.99",std_200_40k,forex_sgd,04 September 2026 05:10:51 PM,04 September 2026 05:10:51 PM,2026-09-05T15:23:16.296485+00:00,3.95,3.75,,3.85,,,
standardized,uob,THB,SGD,THB/SGD,100,Indicative board,board,"SGD 40,000 – 100,000",std_40k_100k,forex_sgd,04 September 2026 05:10:51 PM,04 September 2026 05:10:51 PM,2026-09-05T15:23:16.296485+00:00,3.95,3.75,,3.85,,,
standardized,uob,THB,SGD,THB/SGD,100,Indicative board,board,SGD 50 – 200,std_50_200,forex_sgd,04 September 2026 05:10:51 PM,04 September 2026 05:10:51 PM,2026-09-05T15:23:16.296485+00:00,3.95,3.75,,3.85,,,
standardized,uob,THB,SGD,THB/SGD,100,Indicative board,board,SGD < 50,std_lt_50,forex_sgd,04 September 2026 05:10:51 PM,04 September 2026 05:10:51 PM,2026-09-05T15:23:16.296485+00:00,3.95,3.75,,3.85,,,
standardized,uob,TWD,SGD,TWD/SGD,100,Indicative board,board,"SGD 200 – 39,999.99",std_200_40k,forex_sgd,04 September 2026 05:10:51 PM,04 September 2026 05:10:51 PM,2026-09-05T15:23:16.296485+00:00,4.0951,,,,,,
standardized,uob,TWD,SGD,TWD/SGD,100,Indicative board,board,"SGD 40,000 – 100,000",std_40k_100k,forex_sgd,04 September 2026 05:10:51 PM,04 September 2026 05:10:51 PM,2026-09-05T15:23:16.296485+00:00,4.0951,,,,,,
standardized,uob,TWD,SGD,TWD/SGD,100,Indicative board,board,SGD 50 – 200,std_50_200,forex_sgd,04 September 2026 05:10:51 PM,04 September 2026 05:10:51 PM,2026-09-05T15:23:16.296485+00:00,4.0951,,,,,,
standardized,uob,TWD,SGD,TWD/SGD,100,Indicative board,board,SGD < 50,std_lt_50,forex_sgd,04 September 2026 05:10:51 PM,04 September 2026 05:10:51 PM,2026-09-05T15:23:16.296485+00:00,4.0951,,,,,,
standardized,uob,USD,SGD,USD/SGD,1,Indicative board,board,"SGD 200 – 39,999.99",std_200_40k,forex_sgd,04 September 2026 05:10:51 PM,04 September 2026 05:10:51 PM,2026-09-05T15:23:16.296485+00:00,1.2795,1.2555,,1.2675,,,
standardized,uob,USD,SGD,USD/SGD,1,Indicative board,board,"SGD 40,000 – 100,000",std_40k_100k,forex_sgd,04 September 2026 05:10:51 PM,04 September 2026 05:10:51 PM,2026-09-05T15:23:16.296485+00:00,1.2795,1.2555,,1.2675,,,
standardized,uob,USD,SGD,USD/SGD,1,Indicative board,board,SGD 50 – 200,std_50_200,forex_sgd,04 September 2026 05:10:51 PM,04 September 2026 05:10:51 PM,2026-09-05T15:23:16.296485+00:00,1.2795,1.2555,,1.2675,,,
standardized,uob,USD,SGD,USD/SGD,1,Indicative board,board,SGD < 50,std_lt_50,forex_sgd,04 September 2026 05:10:51 PM,04 September 2026 05:10:51 PM,2026-09-05T15:23:16.296485+00:00,1.2795,1.2555,,1.2675,,,
standardized,uob,VND,SGD,VND/SGD,1000,Indicative board,board,"SGD 200 – 39,999.99",std_200_40k,forex_sgd,04 September 2026 05:10:51 PM,04 September 2026 05:10:51 PM,2026-09-05T15:23:16.296485+00:00,0.0497,,,,,,
standardized,uob,VND,SGD,VND/SGD,1000,Indicative board,board,"SGD 40,000 – 100,000",std_40k_100k,forex_sgd,04 September 2026 05:10:51 PM,04 September 2026 05:10:51 PM,2026-09-05T15:23:16.296485+00:00,0.0497,,,,,,
standardized,uob,VND,SGD,VND/SGD,1000,Indicative board,board,SGD 50 – 200,std_50_200,forex_sgd,04 September 2026 05:10:51 PM,04 September 2026 05:10:51 PM,2026-09-05T15:23:16.296485+00:00,0.0497,,,,,,
standardized,uob,VND,SGD,VND/SGD,1000,Indicative board,board,SGD < 50,std_lt_50,forex_sgd,04 September 2026 05:10:51 PM,04 September 2026 05:10:51 PM,2026-09-05T15:23:16.296485+00:00,0.0497,,,,,,
standardized,uob,XAF,SGD,XAF/SGD,100,Indicative board,board,"SGD 200 – 39,999.99",std_200_40k,forex_sgd,04 September 2026 05:10:51 PM,04 September 2026 05:10:51 PM,2026-09-05T15:23:16.296485+00:00,0.2313,,,,,,
standardized,uob,XAF,SGD,XAF/SGD,100,Indicative board,board,"SGD 40,000 – 100,000",std_40k_100k,forex_sgd,04 September 2026 05:10:51 PM,04 September 2026 05:10:51 PM,2026-09-05T15:23:16.296485+00:00,0.2313,,,,,,
standardized,uob,XAF,SGD,XAF/SGD,100,Indicative board,board,SGD 50 – 200,std_50_200,forex_sgd,04 September 2026 05:10:51 PM,04 September 2026 05:10:51 PM,2026-09-05T15:23:16.296485+00:00,0.2313,,,,,,
standardized,uob,XAF,SGD,XAF/SGD,100,Indicative board,board,SGD < 50,std_lt_50,forex_sgd,04 September 2026 05:10:51 PM,04 September 2026 05:10:51 PM,2026-09-05T15:23:16.296485+00:00,0.2313,,,,,,
standardized,uob,XOF,SGD,XOF/SGD,100,Indicative board,board,"SGD 200 – 39,999.99",std_200_40k,forex_sgd,04 September 2026 05:10:51 PM,04 September 2026 05:10:51 PM,2026-09-05T15:23:16.296485+00:00,0.2316,,,,,,
standardized,uob,XOF,SGD,XOF/SGD,100,Indicative board,board,"SGD 40,000 – 100,000",std_40k_100k,forex_sgd,04 September 2026 05:10:51 PM,04 September 2026 05:10:51 PM,2026-09-05T15:23:16.296485+00:00,0.2316,,,,,,
standardized,uob,XOF,SGD,XOF/SGD,100,Indicative board,board,SGD 50 – 200,std_50_200,forex_sgd,04 September 2026 05:10:51 PM,04 September 2026 05:10:51 PM,2026-09-05T15:23:16.296485+00:00,0.2316,,,,,,
standardized,uob,XOF,SGD,XOF/SGD,100,Indicative board,board,SGD < 50,std_lt_50,forex_sgd,04 September 2026 05:10:51 PM,04 September 2026 05:10:51 PM,2026-09-05T15:23:16.296485+00:00,0.2316,,,,,,
standardized,uob,ZAR,SGD,ZAR/SGD,1,Indicative board,board,"SGD 200 – 39,999.99",std_200_40k,forex_sgd,04 September 2026 05:10:51 PM,04 September 2026 05:10:51 PM,2026-09-05T15:23:16.296485+00:00,0.0814,0.0774,,0.0794,,,
standardized,uob,ZAR,SGD,ZAR/SGD,1,Indicative board,board,"SGD 40,000 – 100,000",std_40k_100k,forex_sgd,04 September 2026 05:10:51 PM,04 September 2026 05:10:51 PM,2026-09-05T15:23:16.296485+00:00,0.0814,0.0774,,0.0794,,,
standardized,uob,ZAR,SGD,ZAR/SGD,1,Indicative board,board,SGD 50 – 200,std_50_200,forex_sgd,04 September 2026 05:10:51 PM,04 September 2026 05:10:51 PM,2026-09-05T15:23:16.296485+00:00,0.0814,0.0774,,0.0794,,,
standardized,uob,ZAR,SGD,ZAR/SGD,1,Indicative board,board,SGD < 50,std_lt_50,forex_sgd,04 September 2026 05:10:51 PM,04 September 2026 05:10:51 PM,2026-09-05T15:23:16.296485+00:00,0.0814,0.0774,,0.0794,,,
