record_type,bank,base_currency,quote_currency,currency_pair,unit,transaction_value,amount_tier,std_transaction_value,std_amount_tier,group,effective_date,last_updated,scraped_at,tt_od_sell,tt_buy,mid_rate,bank_mid_rate,mid_source,sell_margin_pct,buy_margin_pct
native,dbs,AED,SGD,AED/SGD,1,SGD 50 – 200,amtBtw50And200,,,mainCurrencies,2026-09-11 00:15:00,2026-09-10 16:15:14,2026-09-10T16:33:58.754314+00:00,0.3474,0.3427,0.34409999999999996,0.34504999999999997,MAS,0.9590235396687083,0.4068584713745879
native,dbs,AED,SGD,AED/SGD,1,SGD < 50,amtLessThan50,,,mainCurrencies,2026-09-11 00:15:00,2026-09-10 16:15:14,2026-09-10T16:33:58.754314+00:00,0.3501,0.3399,0.34409999999999996,0.345,MAS,1.7436791630340196,1.2205754141237959
native,dbs,AUD,SGD,AUD/SGD,1,SGD 50 – 200,amtBtw50And200,,,mainCurrencies,2026-09-11 00:15:00,2026-09-10 16:15:14,2026-09-10T16:33:58.754314+00:00,0.9182,0.8981,0.9125,0.90815,MAS,0.6246575342465797,1.5780821917808183
native,dbs,AUD,SGD,AUD/SGD,1,SGD < 50,amtLessThan50,,,mainCurrencies,2026-09-11 00:15:00,2026-09-10 16:15:14,2026-09-10T16:33:58.754314+00:00,0.9186,0.8976,0.9125,0.9080999999999999,MAS,0.6684931506849309,1.6328767123287697
native,dbs,BDT,SGD,BDT/SGD,100,SGD 50 – 200,amtBtw50And200,,,otherCurrencies,2026-09-11 00:15:00,2026-09-10 16:15:14,2026-09-10T16:33:58.754314+00:00,1.0389,,,,,,
native,dbs,BDT,SGD,BDT/SGD,100,SGD < 50,amtLessThan50,,,otherCurrencies,2026-09-11 00:15:00,2026-09-10 16:15:14,2026-09-10T16:33:58.754314+00:00,1.0389,,,,,,
native,dbs,BHD,SGD,BHD/SGD,1,SGD 50 – 200,amtBtw50And200,,,otherCurrencies,2026-09-11 00:15:00,2026-09-10 16:15:14,2026-09-10T16:33:58.754314+00:00,3.4241,,,,,,
native,dbs,BHD,SGD,BHD/SGD,1,SGD < 50,amtLessThan50,,,otherCurrencies,2026-09-11 00:15:00,2026-09-10 16:15:14,2026-09-10T16:33:58.754314+00:00,3.4375,,,,,,
native,dbs,BND,SGD,BND/SGD,1,SGD 50 – 200,amtBtw50And200,,,otherCurrencies,2026-09-11 00:15:00,2026-09-10 16:15:14,2026-09-10T16:33:58.754314+00:00,1.0,1.0,,1.0,,,
native,dbs,BND,SGD,BND/SGD,1,SGD < 50,amtLessThan50,,,otherCurrencies,2026-09-11 00:15:00,2026-09-10 16:15:14,2026-09-10T16:33:58.754314+00:00,1.0,1.0,,1.0,,,
native,dbs,CAD,SGD,CAD/SGD,1,SGD 50 – 200,amtBtw50And200,,,mainCurrencies,2026-09-11 00:15:00,2026-09-10 16:15:14,2026-09-10T16:33:58.754314+00:00,0.9244,0.9105,0.9154000000000001,0.91745,MAS,0.9831767533318655,0.53528512125848
native,dbs,CAD,SGD,CAD/SGD,1,SGD < 50,amtLessThan50,,,mainCurrencies,2026-09-11 00:15:00,2026-09-10 16:15:14,2026-09-10T16:33:58.754314+00:00,0.9276,0.9073,0.9154000000000001,0.91745,MAS,1.3327507100720861,0.8848590779987007
native,dbs,CHF,SGD,CHF/SGD,1,SGD 50 – 200,amtBtw50And200,,,mainCurrencies,2026-09-11 00:15:00,2026-09-10 16:15:14,2026-09-10T16:33:58.754314+00:00,1.5753,1.5454,1.5622999999999998,1.5603500000000001,MAS,0.832106509633241,1.0817384625231834
native,dbs,CHF,SGD,CHF/SGD,1,SGD < 50,amtLessThan50,,,mainCurrencies,2026-09-11 00:15:00,2026-09-10 16:15:14,2026-09-10T16:33:58.754314+00:00,1.576,1.5446,1.5622999999999998,1.5603,MAS,0.8769122447673475,1.1329450169621602
native,dbs,CNH,SGD,CNH/SGD,1,SGD 50 – 200,amtBtw50And200,,,mainCurrencies,2026-09-11 00:15:00,2026-09-10 16:15:14,2026-09-10T16:33:58.754314+00:00,0.1909,0.1865,,0.18869999999999998,,,
native,dbs,CNH,SGD,CNH/SGD,1,SGD < 50,amtLessThan50,,,mainCurrencies,2026-09-11 00:15:00,2026-09-10 16:15:14,2026-09-10T16:33:58.754314+00:00,0.1915,0.1858,,0.18864999999999998,,,
native,dbs,CNY,SGD,CNY/SGD,1,SGD 50 – 200,amtBtw50And200,,,otherCurrencies,2026-09-11 00:15:00,2026-09-10 16:15:14,2026-09-10T16:33:58.754314+00:00,0.1889,,0.1884,,MAS,0.2653927813163484,
native,dbs,CNY,SGD,CNY/SGD,1,SGD < 50,amtLessThan50,,,otherCurrencies,2026-09-11 00:15:00,2026-09-10 16:15:14,2026-09-10T16:33:58.754314+00:00,0.1906,,0.1884,,MAS,1.1677282377919211,
native,dbs,DKK,SGD,DKK/SGD,1,SGD 50 – 200,amtBtw50And200,,,mainCurrencies,2026-09-11 00:15:00,2026-09-10 16:15:14,2026-09-10T16:33:58.754314+00:00,0.1997,0.1943,,0.197,,,
native,dbs,DKK,SGD,DKK/SGD,1,SGD < 50,amtLessThan50,,,mainCurrencies,2026-09-11 00:15:00,2026-09-10 16:15:14,2026-09-10T16:33:58.754314+00:00,0.2001,0.1939,,0.197,,,
native,dbs,EUR,SGD,EUR/SGD,1,SGD 50 – 200,amtBtw50And200,,,mainCurrencies,2026-09-11 00:15:00,2026-09-10 16:15:14,2026-09-10T16:33:58.754314+00:00,1.4855,1.4604,1.471,1.47295,MAS,0.9857239972807584,0.7205982324949126
native,dbs,EUR,SGD,EUR/SGD,1,SGD < 50,amtLessThan50,,,mainCurrencies,2026-09-11 00:15:00,2026-09-10 16:15:14,2026-09-10T16:33:58.754314+00:00,1.4863,1.4596,1.471,1.47295,MAS,1.0401087695445186,0.7749830047586728
native,dbs,GBP,SGD,GBP/SGD,1,SGD 50 – 200,amtBtw50And200,,,mainCurrencies,2026-09-11 00:15:00,2026-09-10 16:15:14,2026-09-10T16:33:58.754314+00:00,1.7272,1.7013,1.7135,1.71425,MAS,0.7995331193463697,0.7119929967901948
native,dbs,GBP,SGD,GBP/SGD,1,SGD < 50,amtLessThan50,,,mainCurrencies,2026-09-11 00:15:00,2026-09-10 16:15:14,2026-09-10T16:33:58.754314+00:00,1.7289,1.6996,1.7135,1.71425,MAS,0.8987452582433662,0.8112051356871912
native,dbs,HKD,SGD,HKD/SGD,1,SGD 50 – 200,amtBtw50And200,,,mainCurrencies,2026-09-11 00:15:00,2026-09-10 16:15:14,2026-09-10T16:33:58.754314+00:00,0.1632,0.1599,0.1612,0.16155,MAS,1.240694789081887,0.8064516129032402
native,dbs,HKD,SGD,HKD/SGD,1,SGD < 50,amtLessThan50,,,mainCurrencies,2026-09-11 00:15:00,2026-09-10 16:15:14,2026-09-10T16:33:58.754314+00:00,0.1633,0.1598,0.1612,0.16155,MAS,1.3027295285359743,0.8684863523573277
native,dbs,HUF,SGD,HUF/SGD,100,SGD 50 – 200,amtBtw50And200,,,otherCurrencies,2026-09-11 00:15:00,2026-09-10 16:15:14,2026-09-10T16:33:58.754314+00:00,0.4123,,,,,,
native,dbs,HUF,SGD,HUF/SGD,100,SGD < 50,amtLessThan50,,,otherCurrencies,2026-09-11 00:15:00,2026-09-10 16:15:14,2026-09-10T16:33:58.754314+00:00,0.4139,,,,,,
native,dbs,ID0,SGD,ID0/SGD,100,SGD 50 – 200,amtBtw50And200,,,otherCurrencies,2026-09-11 00:15:00,2026-09-10 16:15:14,2026-09-10T16:33:58.754314+00:00,,,,,,,
native,dbs,ID0,SGD,ID0/SGD,100,SGD < 50,amtLessThan50,,,otherCurrencies,2026-09-11 00:15:00,2026-09-10 16:15:14,2026-09-10T16:33:58.754314+00:00,,0.0072,,,,,
native,dbs,IDR,SGD,IDR/SGD,100,SGD 50 – 200,amtBtw50And200,,,mainCurrencies,2026-09-11 00:15:00,2026-09-10 16:15:14,2026-09-10T16:33:58.754314+00:00,0.0074,,0.007206999999999999,,MAS,2.677951991119764,
native,dbs,IDR,SGD,IDR/SGD,100,SGD < 50,amtLessThan50,,,mainCurrencies,2026-09-11 00:15:00,2026-09-10 16:15:14,2026-09-10T16:33:58.754314+00:00,0.0074,,0.007206999999999999,,MAS,2.677951991119764,
native,dbs,IN0,SGD,IN0/SGD,100,SGD 50 – 200,amtBtw50And200,,,otherCurrencies,2026-09-11 00:15:00,2026-09-10 16:15:14,2026-09-10T16:33:58.754314+00:00,,1.3213,,,,,
native,dbs,IN0,SGD,IN0/SGD,100,SGD < 50,amtLessThan50,,,otherCurrencies,2026-09-11 00:15:00,2026-09-10 16:15:14,2026-09-10T16:33:58.754314+00:00,,1.3213,,,,,
native,dbs,INR,SGD,INR/SGD,100,SGD 50 – 200,amtBtw50And200,,,otherCurrencies,2026-09-11 00:15:00,2026-09-10 16:15:14,2026-09-10T16:33:58.754314+00:00,1.3428,,1.3267,,MAS,1.2135373483078316,
native,dbs,INR,SGD,INR/SGD,100,SGD < 50,amtLessThan50,,,otherCurrencies,2026-09-11 00:15:00,2026-09-10 16:15:14,2026-09-10T16:33:58.754314+00:00,1.3535,,1.3267,,MAS,2.020049747493777,
native,dbs,JPY,SGD,JPY/SGD,100,SGD 50 – 200,amtBtw50And200,,,mainCurrencies,2026-09-11 00:15:00,2026-09-10 16:15:14,2026-09-10T16:33:58.754314+00:00,0.8299,0.8133,0.824,0.8216,MAS,0.7160194174757302,1.2985436893203801
native,dbs,JPY,SGD,JPY/SGD,100,SGD < 50,amtLessThan50,,,mainCurrencies,2026-09-11 00:15:00,2026-09-10 16:15:14,2026-09-10T16:33:58.754314+00:00,0.8307,0.8125,0.824,0.8216,MAS,0.8131067961165096,1.3956310679611597
native,dbs,KRW,SGD,KRW/SGD,100,SGD 50 – 200,amtBtw50And200,,,otherCurrencies,2026-09-11 00:15:00,2026-09-10 16:15:14,2026-09-10T16:33:58.754314+00:00,0.0953,,0.0945,,MAS,0.8465608465608414,
native,dbs,KRW,SGD,KRW/SGD,100,SGD < 50,amtLessThan50,,,otherCurrencies,2026-09-11 00:15:00,2026-09-10 16:15:14,2026-09-10T16:33:58.754314+00:00,0.0953,,0.0945,,MAS,0.8465608465608414,
native,dbs,KWD,SGD,KWD/SGD,100,SGD 50 – 200,amtBtw50And200,,,otherCurrencies,2026-09-11 00:15:00,2026-09-10 16:15:14,2026-09-10T16:33:58.754314+00:00,423.5583,,,,,,
native,dbs,KWD,SGD,KWD/SGD,100,SGD < 50,amtLessThan50,,,otherCurrencies,2026-09-11 00:15:00,2026-09-10 16:15:14,2026-09-10T16:33:58.754314+00:00,425.2286,,,,,,
native,dbs,LKR,SGD,LKR/SGD,100,SGD 50 – 200,amtBtw50And200,,,otherCurrencies,2026-09-11 00:15:00,2026-09-10 16:15:14,2026-09-10T16:33:58.754314+00:00,0.3932,,,,,,
native,dbs,LKR,SGD,LKR/SGD,100,SGD < 50,amtLessThan50,,,otherCurrencies,2026-09-11 00:15:00,2026-09-10 16:15:14,2026-09-10T16:33:58.754314+00:00,0.3932,,,,,,
native,dbs,MM1,SGD,MM1/SGD,100,SGD 50 – 200,amtBtw50And200,,,otherCurrencies,2026-09-11 00:15:00,2026-09-10 16:15:14,2026-09-10T16:33:58.754314+00:00,,,,,,,
native,dbs,MM1,SGD,MM1/SGD,100,SGD < 50,amtLessThan50,,,otherCurrencies,2026-09-11 00:15:00,2026-09-10 16:15:14,2026-09-10T16:33:58.754314+00:00,,,,,,,
native,dbs,MMK,SGD,MMK/SGD,100,SGD 50 – 200,amtBtw50And200,,,otherCurrencies,2026-09-11 00:15:00,2026-09-10 16:15:14,2026-09-10T16:33:58.754314+00:00,0.0322,,,,,,
native,dbs,MMK,SGD,MMK/SGD,100,SGD < 50,amtLessThan50,,,otherCurrencies,2026-09-11 00:15:00,2026-09-10 16:15:14,2026-09-10T16:33:58.754314+00:00,0.0322,,,,,,
native,dbs,MUR,SGD,MUR/SGD,100,SGD 50 – 200,amtBtw50And200,,,otherCurrencies,2026-09-11 00:15:00,2026-09-10 16:15:14,2026-09-10T16:33:58.754314+00:00,2.68,,,,,,
native,dbs,MUR,SGD,MUR/SGD,100,SGD < 50,amtLessThan50,,,otherCurrencies,2026-09-11 00:15:00,2026-09-10 16:15:14,2026-09-10T16:33:58.754314+00:00,2.6905,,,,,,
native,dbs,MXN,SGD,MXN/SGD,100,SGD 50 – 200,amtBtw50And200,,,mainCurrencies,2026-09-11 00:15:00,2026-09-10 16:15:14,2026-09-10T16:33:58.754314+00:00,7.5773,,,,,,
native,dbs,MXN,SGD,MXN/SGD,100,SGD < 50,amtLessThan50,,,mainCurrencies,2026-09-11 00:15:00,2026-09-10 16:15:14,2026-09-10T16:33:58.754314+00:00,7.5773,,,,,,
native,dbs,MY0,SGD,MY0/SGD,1,SGD 50 – 200,amtBtw50And200,,,otherCurrencies,2026-09-11 00:15:00,2026-09-10 16:15:14,2026-09-10T16:33:58.754314+00:00,,0.311,,,,,
native,dbs,MY0,SGD,MY0/SGD,1,SGD < 50,amtLessThan50,,,otherCurrencies,2026-09-11 00:15:00,2026-09-10 16:15:14,2026-09-10T16:33:58.754314+00:00,,0.311,,,,,
native,dbs,MYR,SGD,MYR/SGD,1,SGD 50 – 200,amtBtw50And200,,,otherCurrencies,2026-09-11 00:15:00,2026-09-10 16:15:14,2026-09-10T16:33:58.754314+00:00,0.315,,0.31120000000000003,,MAS,1.2210796915166997,
native,dbs,MYR,SGD,MYR/SGD,1,SGD < 50,amtLessThan50,,,otherCurrencies,2026-09-11 00:15:00,2026-09-10 16:15:14,2026-09-10T16:33:58.754314+00:00,0.315,,0.31120000000000003,,MAS,1.2210796915166997,
native,dbs,NOK,SGD,NOK/SGD,1,SGD 50 – 200,amtBtw50And200,,,mainCurrencies,2026-09-11 00:15:00,2026-09-10 16:15:14,2026-09-10T16:33:58.754314+00:00,0.1386,0.1348,,0.1367,,,
native,dbs,NOK,SGD,NOK/SGD,1,SGD < 50,amtLessThan50,,,mainCurrencies,2026-09-11 00:15:00,2026-09-10 16:15:14,2026-09-10T16:33:58.754314+00:00,0.139,0.1344,,0.1367,,,
native,dbs,NZD,SGD,NZD/SGD,1,SGD 50 – 200,amtBtw50And200,,,mainCurrencies,2026-09-11 00:15:00,2026-09-10 16:15:14,2026-09-10T16:33:58.754314+00:00,0.744,0.7269,0.7394,0.7354499999999999,MAS,0.622126048147153,1.6905599134433267
native,dbs,NZD,SGD,NZD/SGD,1,SGD < 50,amtLessThan50,,,mainCurrencies,2026-09-11 00:15:00,2026-09-10 16:15:14,2026-09-10T16:33:58.754314+00:00,0.7447,0.7262,0.7394,0.7354499999999999,MAS,0.7167974032999841,1.7852312685961578
native,dbs,OMR,SGD,OMR/SGD,1,SGD 50 – 200,amtBtw50And200,,,otherCurrencies,2026-09-11 00:15:00,2026-09-10 16:15:14,2026-09-10T16:33:58.754314+00:00,3.3129,,,,,,
native,dbs,OMR,SGD,OMR/SGD,1,SGD < 50,amtLessThan50,,,otherCurrencies,2026-09-11 00:15:00,2026-09-10 16:15:14,2026-09-10T16:33:58.754314+00:00,3.3129,,,,,,
native,dbs,PH0,SGD,PH0/SGD,100,SGD 50 – 200,amtBtw50And200,,,otherCurrencies,2026-09-11 00:15:00,2026-09-10 16:15:14,2026-09-10T16:33:58.754314+00:00,,2.0152,,,,,
native,dbs,PH0,SGD,PH0/SGD,100,SGD < 50,amtLessThan50,,,otherCurrencies,2026-09-11 00:15:00,2026-09-10 16:15:14,2026-09-10T16:33:58.754314+00:00,,2.0151,,,,,
native,dbs,PHP,SGD,PHP/SGD,100,SGD 50 – 200,amtBtw50And200,,,otherCurrencies,2026-09-11 00:15:00,2026-09-10 16:15:14,2026-09-10T16:33:58.754314+00:00,2.0478,,2.0215,,MAS,1.3010140984417506,
native,dbs,PHP,SGD,PHP/SGD,100,SGD < 50,amtLessThan50,,,otherCurrencies,2026-09-11 00:15:00,2026-09-10 16:15:14,2026-09-10T16:33:58.754314+00:00,2.0631,,2.0215,,MAS,2.0578778135048164,
native,dbs,PLN,SGD,PLN/SGD,1,SGD 50 – 200,amtBtw50And200,,,otherCurrencies,2026-09-11 00:15:00,2026-09-10 16:15:14,2026-09-10T16:33:58.754314+00:00,0.3478,,,,,,
native,dbs,PLN,SGD,PLN/SGD,1,SGD < 50,amtLessThan50,,,otherCurrencies,2026-09-11 00:15:00,2026-09-10 16:15:14,2026-09-10T16:33:58.754314+00:00,0.3492,,,,,,
native,dbs,QAR,SGD,QAR/SGD,1,SGD 50 – 200,amtBtw50And200,,,otherCurrencies,2026-09-11 00:15:00,2026-09-10 16:15:14,2026-09-10T16:33:58.754314+00:00,0.3554,,0.3467,,MAS,2.509374098644357,
native,dbs,QAR,SGD,QAR/SGD,1,SGD < 50,amtLessThan50,,,otherCurrencies,2026-09-11 00:15:00,2026-09-10 16:15:14,2026-09-10T16:33:58.754314+00:00,0.3568,,0.3467,,MAS,2.913181424862993,
native,dbs,RUB,SGD,RUB/SGD,100,SGD 50 – 200,amtBtw50And200,,,mainCurrencies,2026-09-11 00:15:00,2026-09-10 16:15:14,2026-09-10T16:33:58.754314+00:00,,,,,,,
native,dbs,RUB,SGD,RUB/SGD,100,SGD < 50,amtLessThan50,,,mainCurrencies,2026-09-11 00:15:00,2026-09-10 16:15:14,2026-09-10T16:33:58.754314+00:00,,,,,,,
native,dbs,SAR,SGD,SAR/SGD,100,SGD 50 – 200,amtBtw50And200,,,otherCurrencies,2026-09-11 00:15:00,2026-09-10 16:15:14,2026-09-10T16:33:58.754314+00:00,34.1693,,33.66,,MAS,1.5130718954248463,
native,dbs,SAR,SGD,SAR/SGD,100,SGD < 50,amtLessThan50,,,otherCurrencies,2026-09-11 00:15:00,2026-09-10 16:15:14,2026-09-10T16:33:58.754314+00:00,34.1693,,33.66,,MAS,1.5130718954248463,
native,dbs,SEK,SGD,SEK/SGD,1,SGD 50 – 200,amtBtw50And200,,,mainCurrencies,2026-09-11 00:15:00,2026-09-10 16:15:14,2026-09-10T16:33:58.754314+00:00,0.1328,0.1292,,0.131,,,
native,dbs,SEK,SGD,SEK/SGD,1,SGD < 50,amtLessThan50,,,mainCurrencies,2026-09-11 00:15:00,2026-09-10 16:15:14,2026-09-10T16:33:58.754314+00:00,0.1333,0.1287,,0.131,,,
native,dbs,THB,SGD,THB/SGD,100,SGD 50 – 200,amtBtw50And200,,,mainCurrencies,2026-09-11 00:15:00,2026-09-10 16:15:14,2026-09-10T16:33:58.754314+00:00,3.891,3.7764,3.8412,3.8337000000000003,MAS,1.29646985317088,1.6869728209934387
native,dbs,THB,SGD,THB/SGD,100,SGD < 50,amtLessThan50,,,mainCurrencies,2026-09-11 00:15:00,2026-09-10 16:15:14,2026-09-10T16:33:58.754314+00:00,3.8953,3.7722,3.8412,3.83375,MAS,1.4084140372800176,1.796313651983754
native,dbs,TND,SGD,TND/SGD,1,SGD 50 – 200,amtBtw50And200,,,otherCurrencies,2026-09-11 00:15:00,2026-09-10 16:15:14,2026-09-10T16:33:58.754314+00:00,0.4435,,,,,,
native,dbs,TND,SGD,TND/SGD,1,SGD < 50,amtLessThan50,,,otherCurrencies,2026-09-11 00:15:00,2026-09-10 16:15:14,2026-09-10T16:33:58.754314+00:00,0.4435,,,,,,
native,dbs,TWD,SGD,TWD/SGD,100,SGD 50 – 200,amtBtw50And200,,,otherCurrencies,2026-09-11 00:15:00,2026-09-10 16:15:14,2026-09-10T16:33:58.754314+00:00,4.0646,,4.0105,,MAS,1.3489589826704906,
native,dbs,TWD,SGD,TWD/SGD,100,SGD < 50,amtLessThan50,,,otherCurrencies,2026-09-11 00:15:00,2026-09-10 16:15:14,2026-09-10T16:33:58.754314+00:00,4.0687,,4.0105,,MAS,1.4511906246103818,
native,dbs,USD,SGD,USD/SGD,1,SGD 50 – 200,amtBtw50And200,,,mainCurrencies,2026-09-11 00:15:00,2026-09-10 16:15:14,2026-09-10T16:33:58.754314+00:00,1.2778,1.2567,1.264,1.26725,MAS,1.0917721518987369,0.5775316455696269
native,dbs,USD,SGD,USD/SGD,1,SGD < 50,amtLessThan50,,,mainCurrencies,2026-09-11 00:15:00,2026-09-10 16:15:14,2026-09-10T16:33:58.754314+00:00,1.2787,1.2558,1.264,1.26725,MAS,1.1629746835442987,0.6487341772151887
native,dbs,VND,SGD,VND/SGD,100,SGD 50 – 200,amtBtw50And200,,,otherCurrencies,2026-09-11 00:15:00,2026-09-10 16:15:14,2026-09-10T16:33:58.754314+00:00,0.005,,0.004881,,MAS,2.4380249948781025,
native,dbs,VND,SGD,VND/SGD,100,SGD < 50,amtLessThan50,,,otherCurrencies,2026-09-11 00:15:00,2026-09-10 16:15:14,2026-09-10T16:33:58.754314+00:00,0.005,,0.004881,,MAS,2.4380249948781025,
native,dbs,XAU,SGD,XAU/SGD,1,SGD 50 – 200,amtBtw50And200,,,otherCurrencies,2026-09-11 00:15:00,2026-09-10 16:15:14,2026-09-10T16:33:58.754314+00:00,5555.402,5488.153,,5521.7775,,,
native,dbs,XAU,SGD,XAU/SGD,1,SGD < 50,amtLessThan50,,,otherCurrencies,2026-09-11 00:15:00,2026-09-10 16:15:14,2026-09-10T16:33:58.754314+00:00,5555.019,5487.618,,5521.3185,,,
native,dbs,ZAR,SGD,ZAR/SGD,1,SGD 50 – 200,amtBtw50And200,,,otherCurrencies,2026-09-11 00:15:00,2026-09-10 16:15:14,2026-09-10T16:33:58.754314+00:00,0.0792,0.0772,,0.0782,,,
native,dbs,ZAR,SGD,ZAR/SGD,1,SGD < 50,amtLessThan50,,,otherCurrencies,2026-09-11 00:15:00,2026-09-10 16:15:14,2026-09-10T16:33:58.754314+00:00,0.0795,0.0769,,0.07819999999999999,,,
native,hsbc,AED,SGD,AED/SGD,100,Indicative board,board,,,indicative_fx,2026-9-10,2026-9-10,2026-09-10T16:34:03.012555+00:00,35.55,33.3,34.41,34.425,MAS,3.3129904097646055,3.2258064516129017
native,hsbc,AUD,SGD,AUD/SGD,1,Indicative board,board,,,indicative_fx,2026-9-10,2026-9-10,2026-09-10T16:34:03.012555+00:00,0.94,0.8851,0.9125,0.91255,MAS,3.013698630136983,3.002739726027395
native,hsbc,CAD,SGD,CAD/SGD,1,Indicative board,board,,,indicative_fx,2026-9-10,2026-9-10,2026-09-10T16:34:03.012555+00:00,0.9435,0.8883,0.9154000000000001,0.9158999999999999,MAS,3.069696307625071,2.9604544461437756
native,hsbc,CHF,SGD,CHF/SGD,100,Indicative board,board,,,indicative_fx,2026-9-10,2026-9-10,2026-09-10T16:34:03.012555+00:00,160.75,151.34,156.23,156.04500000000002,MAS,2.893170325801709,3.1300006400819216
native,hsbc,CNY,SGD,CNY/SGD,100,Indicative board,board,,,indicative_fx,2026-9-10,2026-9-10,2026-09-10T16:34:03.012555+00:00,19.47,18.24,18.84,18.854999999999997,MAS,3.343949044585982,3.184713375796186
native,hsbc,DKK,SGD,DKK/SGD,100,Indicative board,board,,,indicative_fx,2026-9-10,2026-9-10,2026-09-10T16:34:03.012555+00:00,20.27,19.08,,19.674999999999997,,,
native,hsbc,EUR,SGD,EUR/SGD,1,Indicative board,board,,,indicative_fx,2026-9-10,2026-9-10,2026-09-10T16:34:03.012555+00:00,1.515,1.4264,1.471,1.4707,MAS,2.9911624745071252,3.0319510537049754
native,hsbc,FJD,SGD,FJD/SGD,1,Indicative board,board,,,indicative_fx,2026-9-10,2026-9-10,2026-09-10T16:34:03.012555+00:00,0.6002,,,,,,
native,hsbc,GBP,SGD,GBP/SGD,1,Indicative board,board,,,indicative_fx,2026-9-10,2026-9-10,2026-09-10T16:34:03.012555+00:00,1.7644,1.6613,1.7135,1.71285,MAS,2.970528158739419,3.046396264954772
native,hsbc,HKD,SGD,HKD/SGD,100,Indicative board,board,,,indicative_fx,2026-9-10,2026-9-10,2026-09-10T16:34:03.012555+00:00,16.33,15.92,16.12,16.125,MAS,1.3027295285359632,1.2406947890818925
native,hsbc,IDR,SGD,IDR/SGD,100,Indicative board,board,,,indicative_fx,2026-9-10,2026-9-10,2026-09-10T16:34:03.012555+00:00,0.0075,,0.007206999999999999,,MAS,4.065491882891644,
native,hsbc,INR,SGD,INR/SGD,100,Indicative board,board,,,indicative_fx,2026-9-10,2026-9-10,2026-09-10T16:34:03.012555+00:00,1.37,,1.3267,,MAS,3.2637370920328723,
native,hsbc,JPY,SGD,JPY/SGD,100,Indicative board,board,,,indicative_fx,2026-9-10,2026-9-10,2026-09-10T16:34:03.012555+00:00,0.8478,0.7982,0.824,0.823,MAS,2.8883495145631124,3.1310679611650407
native,hsbc,LKR,SGD,LKR/SGD,100,Indicative board,board,,,indicative_fx,2026-9-10,2026-9-10,2026-09-10T16:34:03.012555+00:00,0.4,,,,,,
native,hsbc,MUR,SGD,MUR/SGD,100,Indicative board,board,,,indicative_fx,2026-9-10,2026-9-10,2026-09-10T16:34:03.012555+00:00,2.8,2.6,,2.7,,,
native,hsbc,NOK,SGD,NOK/SGD,100,Indicative board,board,,,indicative_fx,2026-9-10,2026-9-10,2026-09-10T16:34:03.012555+00:00,14.16,13.33,,13.745000000000001,,,
native,hsbc,NZD,SGD,NZD/SGD,1,Indicative board,board,,,indicative_fx,2026-9-10,2026-9-10,2026-09-10T16:34:03.012555+00:00,0.7612,0.7166,0.7394,0.7389,MAS,2.9483364890451775,3.0835812821206297
native,hsbc,PHP,SGD,PHP/SGD,100,Indicative board,board,,,indicative_fx,2026-9-10,2026-9-10,2026-09-10T16:34:03.012555+00:00,2.09,,2.0215,,MAS,3.388572841949037,
native,hsbc,PKR,SGD,PKR/SGD,100,Indicative board,board,,,indicative_fx,2026-9-10,2026-9-10,2026-09-10T16:34:03.012555+00:00,0.47,,,,,,
native,hsbc,QAR,SGD,QAR/SGD,100,Indicative board,board,,,indicative_fx,2026-9-10,2026-9-10,2026-09-10T16:34:03.012555+00:00,35.13,34.25,34.67,34.69,MAS,1.3267955004326533,1.2114219786559033
native,hsbc,RUB,SGD,RUB/SGD,100,Indicative board,board,,,indicative_fx,2026-9-10,2026-9-10,2026-09-10T16:34:03.012555+00:00,15.62,14.13,,14.875,,,
native,hsbc,SAR,SGD,SAR/SGD,100,Indicative board,board,,,indicative_fx,2026-9-10,2026-9-10,2026-09-10T16:34:03.012555+00:00,34.11,33.24,33.66,33.675,MAS,1.3368983957219338,1.2477718360071142
native,hsbc,SEK,SGD,SEK/SGD,100,Indicative board,board,,,indicative_fx,2026-9-10,2026-9-10,2026-09-10T16:34:03.012555+00:00,13.58,12.78,,13.18,,,
native,hsbc,THB,SGD,THB/SGD,100,Indicative board,board,,,indicative_fx,2026-9-10,2026-9-10,2026-09-10T16:34:03.012555+00:00,3.97,,3.8412,,MAS,3.3531188170363437,
native,hsbc,TRY,SGD,TRY/SGD,1,Indicative board,board,,,indicative_fx,2026-9-10,2026-9-10,2026-09-10T16:34:03.012555+00:00,0.0269,,,,,,
native,hsbc,USD,SGD,USD/SGD,1,Indicative board,board,,,indicative_fx,2026-9-10,2026-9-10,2026-09-10T16:34:03.012555+00:00,1.2899,1.2391,1.264,1.2645,MAS,2.049050632911395,1.9699367088607533
native,hsbc,ZAR,SGD,ZAR/SGD,1,Indicative board,board,,,indicative_fx,2026-9-10,2026-9-10,2026-09-10T16:34:03.012555+00:00,0.0814,0.0762,,0.07880000000000001,,,
native,ocbc,AED,SGD,AED/SGD,100,"SGD 0 – 39,999.99",tier_1,,,fxRatesSgd,2026-09-10T07:00:15,2026-09-10T07:00:15,2026-09-10T16:34:00.722555+00:00,35.3534,33.353,34.41,34.3532,MAS,2.741644870677141,3.071781458878219
native,ocbc,AED,SGD,AED/SGD,100,"SGD 40,000 – 100,000",tier_2,,,fxRatesSgd,2026-09-10T07:00:15,2026-09-10T07:00:15,2026-09-10T16:34:00.722555+00:00,35.343,33.3701,34.41,34.3532,MAS,2.711421098517893,3.0220866027317523
native,ocbc,AUD,SGD,AUD/SGD,1,"SGD 0 – 39,999.99",tier_1,,,fxRatesSgd,2026-09-10T07:00:15,2026-09-10T07:00:15,2026-09-10T16:34:00.722555+00:00,0.9279,0.8985,0.9125,0.9132,MAS,1.687671232876709,1.5342465753424672
native,ocbc,AUD,SGD,AUD/SGD,1,"SGD 40,000 – 100,000",tier_2,,,fxRatesSgd,2026-09-10T07:00:15,2026-09-10T07:00:15,2026-09-10T16:34:00.722555+00:00,0.9261,0.9003,0.9125,0.9132,MAS,1.490410958904116,1.3369863013698617
native,ocbc,BGN,SGD,BGN/SGD,100,"SGD 0 – 39,999.99",tier_1,,,fxRatesSgd,2026-09-10T07:00:15,2026-09-10T07:00:15,2026-09-10T16:34:00.722555+00:00,0.0,0.0,,0.0,,,
native,ocbc,BGN,SGD,BGN/SGD,100,"SGD 40,000 – 100,000",tier_2,,,fxRatesSgd,2026-09-10T07:00:15,2026-09-10T07:00:15,2026-09-10T16:34:00.722555+00:00,0.0,0.0,,0.0,,,
native,ocbc,BHD,SGD,BHD/SGD,1,"SGD 0 – 39,999.99",tier_1,,,fxRatesSgd,2026-09-10T07:00:15,2026-09-10T07:00:15,2026-09-10T16:34:00.722555+00:00,0.0,0.0,,0.0,,,
native,ocbc,BHD,SGD,BHD/SGD,1,"SGD 40,000 – 100,000",tier_2,,,fxRatesSgd,2026-09-10T07:00:15,2026-09-10T07:00:15,2026-09-10T16:34:00.722555+00:00,0.0,0.0,,0.0,,,
native,ocbc,CAD,SGD,CAD/SGD,1,"SGD 0 – 39,999.99",tier_1,,,fxRatesSgd,2026-09-10T07:00:15,2026-09-10T07:00:15,2026-09-10T16:34:00.722555+00:00,0.9327,0.8996,0.9154000000000001,0.9162,MAS,1.8898842036268153,1.7260214114048662
native,ocbc,CAD,SGD,CAD/SGD,1,"SGD 40,000 – 100,000",tier_2,,,fxRatesSgd,2026-09-10T07:00:15,2026-09-10T07:00:15,2026-09-10T16:34:00.722555+00:00,0.9308,0.9014,0.9154000000000001,0.9162,MAS,1.6823246668123066,1.5293860607384884
native,ocbc,CHF,SGD,CHF/SGD,100,"SGD 0 – 39,999.99",tier_1,,,fxRatesSgd,2026-09-10T07:00:15,2026-09-10T07:00:15,2026-09-10T16:34:00.722555+00:00,158.8793,153.2291,156.23,156.0542,MAS,1.6957690584394873,1.9208218651987468
native,ocbc,CHF,SGD,CHF/SGD,100,"SGD 40,000 – 100,000",tier_2,,,fxRatesSgd,2026-09-10T07:00:15,2026-09-10T07:00:15,2026-09-10T16:34:00.722555+00:00,158.5672,153.5412,156.23,156.0542,MAS,1.4959994879344714,1.7210522946937121
native,ocbc,CNH,SGD,CNH/SGD,100,"SGD 0 – 39,999.99",tier_1,,,fxRatesSgd,2026-09-10T07:00:15,2026-09-10T07:00:15,2026-09-10T16:34:00.722555+00:00,19.2133,18.6453,,18.9293,,,
native,ocbc,CNH,SGD,CNH/SGD,100,"SGD 40,000 – 100,000",tier_2,,,fxRatesSgd,2026-09-10T07:00:15,2026-09-10T07:00:15,2026-09-10T16:34:00.722555+00:00,19.1944,18.6642,,18.9293,,,
native,ocbc,CZK,SGD,CZK/SGD,100,"SGD 0 – 39,999.99",tier_1,,,fxRatesSgd,2026-09-10T07:00:15,2026-09-10T07:00:15,2026-09-10T16:34:00.722555+00:00,0.0,0.0,,0.0,,,
native,ocbc,CZK,SGD,CZK/SGD,100,"SGD 40,000 – 100,000",tier_2,,,fxRatesSgd,2026-09-10T07:00:15,2026-09-10T07:00:15,2026-09-10T16:34:00.722555+00:00,0.0,0.0,,0.0,,,
native,ocbc,DKK,SGD,DKK/SGD,100,"SGD 0 – 39,999.99",tier_1,,,fxRatesSgd,2026-09-10T07:00:15,2026-09-10T07:00:15,2026-09-10T16:34:00.722555+00:00,20.0462,19.3351,,19.6907,,,
native,ocbc,DKK,SGD,DKK/SGD,100,"SGD 40,000 – 100,000",tier_2,,,fxRatesSgd,2026-09-10T07:00:15,2026-09-10T07:00:15,2026-09-10T16:34:00.722555+00:00,20.0068,19.3745,,19.6907,,,
native,ocbc,EUR,SGD,EUR/SGD,1,"SGD 0 – 39,999.99",tier_1,,,fxRatesSgd,2026-09-10T07:00:15,2026-09-10T07:00:15,2026-09-10T16:34:00.722555+00:00,1.4885,1.4519,1.471,1.4702,MAS,1.189666893269874,1.2984364377974245
native,ocbc,EUR,SGD,EUR/SGD,1,"SGD 40,000 – 100,000",tier_2,,,fxRatesSgd,2026-09-10T07:00:15,2026-09-10T07:00:15,2026-09-10T16:34:00.722555+00:00,1.4867,1.4538,1.471,1.4702,MAS,1.0673011556763987,1.1692726036709793
native,ocbc,GBP,SGD,GBP/SGD,1,"SGD 0 – 39,999.99",tier_1,,,fxRatesSgd,2026-09-10T07:00:15,2026-09-10T07:00:15,2026-09-10T16:34:00.722555+00:00,1.7362,1.6902,1.7135,1.7132,MAS,1.3247738546833931,1.359789903705871
native,ocbc,GBP,SGD,GBP/SGD,1,"SGD 40,000 – 100,000",tier_2,,,fxRatesSgd,2026-09-10T07:00:15,2026-09-10T07:00:15,2026-09-10T16:34:00.722555+00:00,1.7345,1.6922,1.7135,1.7132,MAS,1.2255617157863967,1.243069740297642
native,ocbc,HKD,SGD,HKD/SGD,100,"SGD 0 – 39,999.99",tier_1,,,fxRatesSgd,2026-09-10T07:00:15,2026-09-10T07:00:15,2026-09-10T16:34:00.722555+00:00,16.3504,15.9551,16.12,16.1528,MAS,1.4292803970223291,1.0229528535980221
native,ocbc,HKD,SGD,HKD/SGD,100,"SGD 40,000 – 100,000",tier_2,,,fxRatesSgd,2026-09-10T07:00:15,2026-09-10T07:00:15,2026-09-10T16:34:00.722555+00:00,16.3213,15.9647,16.12,16.1528,MAS,1.248759305210917,0.9633995037220869
native,ocbc,HUF,SGD,HUF/SGD,100,"SGD 0 – 39,999.99",tier_1,,,fxRatesSgd,2026-09-10T07:00:15,2026-09-10T07:00:15,2026-09-10T16:34:00.722555+00:00,0.0,0.0,,0.0,,,
native,ocbc,HUF,SGD,HUF/SGD,100,"SGD 40,000 – 100,000",tier_2,,,fxRatesSgd,2026-09-10T07:00:15,2026-09-10T07:00:15,2026-09-10T16:34:00.722555+00:00,0.0,0.0,,0.0,,,
native,ocbc,IDR,SGD,IDR/SGD,100,"SGD 0 – 39,999.99",tier_1,,,fxRatesSgd,2026-09-10T07:00:15,2026-09-10T07:00:15,2026-09-10T16:34:00.722555+00:00,0.0074,0.0,0.007206999999999999,0.0074,MAS,2.677951991119764,100.0
native,ocbc,IDR,SGD,IDR/SGD,100,"SGD 40,000 – 100,000",tier_2,,,fxRatesSgd,2026-09-10T07:00:15,2026-09-10T07:00:15,2026-09-10T16:34:00.722555+00:00,0.0074,0.0,0.007206999999999999,0.0074,MAS,2.677951991119764,100.0
native,ocbc,ILS,SGD,ILS/SGD,100,"SGD 0 – 39,999.99",tier_1,,,fxRatesSgd,2026-09-10T07:00:15,2026-09-10T07:00:15,2026-09-10T16:34:00.722555+00:00,0.0,0.0,,0.0,,,
native,ocbc,ILS,SGD,ILS/SGD,100,"SGD 40,000 – 100,000",tier_2,,,fxRatesSgd,2026-09-10T07:00:15,2026-09-10T07:00:15,2026-09-10T16:34:00.722555+00:00,0.0,0.0,,0.0,,,
native,ocbc,INR,SGD,INR/SGD,100,"SGD 0 – 39,999.99",tier_1,,,fxRatesSgd,2026-09-10T07:00:15,2026-09-10T07:00:15,2026-09-10T16:34:00.722555+00:00,1.3689,0.0,1.3267,1.3689,MAS,3.1808246023969255,100.0
native,ocbc,INR,SGD,INR/SGD,100,"SGD 40,000 – 100,000",tier_2,,,fxRatesSgd,2026-09-10T07:00:15,2026-09-10T07:00:15,2026-09-10T16:34:00.722555+00:00,1.3662,0.0,1.3267,1.3689,MAS,2.9773121278359906,100.0
native,ocbc,JOD,SGD,JOD/SGD,1,"SGD 0 – 39,999.99",tier_1,,,fxRatesSgd,2026-09-10T07:00:15,2026-09-10T07:00:15,2026-09-10T16:34:00.722555+00:00,0.0,0.0,,0.0,,,
native,ocbc,JOD,SGD,JOD/SGD,1,"SGD 40,000 – 100,000",tier_2,,,fxRatesSgd,2026-09-10T07:00:15,2026-09-10T07:00:15,2026-09-10T16:34:00.722555+00:00,0.0,0.0,,0.0,,,
native,ocbc,JPY,SGD,JPY/SGD,100,"SGD 0 – 39,999.99",tier_1,,,fxRatesSgd,2026-09-10T07:00:15,2026-09-10T07:00:15,2026-09-10T16:34:00.722555+00:00,0.8323,0.8119,0.824,0.8221,MAS,1.0072815533980686,1.4684466019417477
native,ocbc,JPY,SGD,JPY/SGD,100,"SGD 40,000 – 100,000",tier_2,,,fxRatesSgd,2026-09-10T07:00:15,2026-09-10T07:00:15,2026-09-10T16:34:00.722555+00:00,0.8315,0.8133,0.824,0.8221,MAS,0.9101941747572891,1.2985436893203801
native,ocbc,KRW,SGD,KRW/SGD,100,"SGD 0 – 39,999.99",tier_1,,,fxRatesSgd,2026-09-10T07:00:15,2026-09-10T07:00:15,2026-09-10T16:34:00.722555+00:00,0.0,0.0,0.0945,0.0,MAS,-100.0,100.0
native,ocbc,KRW,SGD,KRW/SGD,100,"SGD 40,000 – 100,000",tier_2,,,fxRatesSgd,2026-09-10T07:00:15,2026-09-10T07:00:15,2026-09-10T16:34:00.722555+00:00,0.0,0.0,0.0945,0.0,MAS,-100.0,100.0
native,ocbc,LKR,SGD,LKR/SGD,100,"SGD 0 – 39,999.99",tier_1,,,fxRatesSgd,2026-09-10T07:00:15,2026-09-10T07:00:15,2026-09-10T16:34:00.722555+00:00,0.3972,0.0,,0.3972,,,
native,ocbc,LKR,SGD,LKR/SGD,100,"SGD 40,000 – 100,000",tier_2,,,fxRatesSgd,2026-09-10T07:00:15,2026-09-10T07:00:15,2026-09-10T16:34:00.722555+00:00,0.3964,0.0,,0.3972,,,
native,ocbc,MAD,SGD,MAD/SGD,100,"SGD 0 – 39,999.99",tier_1,,,fxRatesSgd,2026-09-10T07:00:15,2026-09-10T07:00:15,2026-09-10T16:34:00.722555+00:00,0.0,0.0,,0.0,,,
native,ocbc,MAD,SGD,MAD/SGD,100,"SGD 40,000 – 100,000",tier_2,,,fxRatesSgd,2026-09-10T07:00:15,2026-09-10T07:00:15,2026-09-10T16:34:00.722555+00:00,0.0,0.0,,0.0,,,
native,ocbc,MXN,SGD,MXN/SGD,100,"SGD 0 – 39,999.99",tier_1,,,fxRatesSgd,2026-09-10T07:00:15,2026-09-10T07:00:15,2026-09-10T16:34:00.722555+00:00,7.7261,0.0,,7.7261,,,
native,ocbc,MXN,SGD,MXN/SGD,100,"SGD 40,000 – 100,000",tier_2,,,fxRatesSgd,2026-09-10T07:00:15,2026-09-10T07:00:15,2026-09-10T16:34:00.722555+00:00,7.7246,0.0,,7.7261,,,
native,ocbc,MYR,SGD,MYR/SGD,100,"SGD 0 – 39,999.99",tier_1,,,fxRatesSgd,2026-09-10T07:00:15,2026-09-10T07:00:15,2026-09-10T16:34:00.722555+00:00,0.0,0.0,31.120000000000005,0.0,MAS,-100.0,100.0
native,ocbc,MYR,SGD,MYR/SGD,100,"SGD 40,000 – 100,000",tier_2,,,fxRatesSgd,2026-09-10T07:00:15,2026-09-10T07:00:15,2026-09-10T16:34:00.722555+00:00,0.0,0.0,31.120000000000005,0.0,MAS,-100.0,100.0
native,ocbc,NOK,SGD,NOK/SGD,100,"SGD 0 – 39,999.99",tier_1,,,fxRatesSgd,2026-09-10T07:00:15,2026-09-10T07:00:15,2026-09-10T16:34:00.722555+00:00,13.9501,13.4525,,13.7013,,,
native,ocbc,NOK,SGD,NOK/SGD,100,"SGD 40,000 – 100,000",tier_2,,,fxRatesSgd,2026-09-10T07:00:15,2026-09-10T07:00:15,2026-09-10T16:34:00.722555+00:00,13.9227,13.4799,,13.7013,,,
native,ocbc,NZD,SGD,NZD/SGD,1,"SGD 0 – 39,999.99",tier_1,,,fxRatesSgd,2026-09-10T07:00:15,2026-09-10T07:00:15,2026-09-10T16:34:00.722555+00:00,0.754,0.7283,0.7394,0.7412,MAS,1.9745739789018204,1.5012172031376791
native,ocbc,NZD,SGD,NZD/SGD,1,"SGD 40,000 – 100,000",tier_2,,,fxRatesSgd,2026-09-10T07:00:15,2026-09-10T07:00:15,2026-09-10T16:34:00.722555+00:00,0.7522,0.7305,0.7394,0.7412,MAS,1.731133351365977,1.2036786583716403
native,ocbc,OMR,SGD,OMR/SGD,1,"SGD 0 – 39,999.99",tier_1,,,fxRatesSgd,2026-09-10T07:00:15,2026-09-10T07:00:15,2026-09-10T16:34:00.722555+00:00,0.0,0.0,,0.0,,,
native,ocbc,OMR,SGD,OMR/SGD,1,"SGD 40,000 – 100,000",tier_2,,,fxRatesSgd,2026-09-10T07:00:15,2026-09-10T07:00:15,2026-09-10T16:34:00.722555+00:00,0.0,0.0,,0.0,,,
native,ocbc,PHP,SGD,PHP/SGD,100,"SGD 0 – 39,999.99",tier_1,,,fxRatesSgd,2026-09-10T07:00:15,2026-09-10T07:00:15,2026-09-10T16:34:00.722555+00:00,2.0862,0.0,2.0215,2.0862,MAS,3.2005936186000374,100.0
native,ocbc,PHP,SGD,PHP/SGD,100,"SGD 40,000 – 100,000",tier_2,,,fxRatesSgd,2026-09-10T07:00:15,2026-09-10T07:00:15,2026-09-10T16:34:00.722555+00:00,2.0852,0.0,2.0215,2.0862,MAS,3.1511254019292534,100.0
native,ocbc,PLN,SGD,PLN/SGD,100,"SGD 0 – 39,999.99",tier_1,,,fxRatesSgd,2026-09-10T07:00:15,2026-09-10T07:00:15,2026-09-10T16:34:00.722555+00:00,35.1841,32.9868,,34.0855,,,
native,ocbc,PLN,SGD,PLN/SGD,100,"SGD 40,000 – 100,000",tier_2,,,fxRatesSgd,2026-09-10T07:00:15,2026-09-10T07:00:15,2026-09-10T16:34:00.722555+00:00,35.1668,33.0137,,34.0855,,,
native,ocbc,QAR,SGD,QAR/SGD,100,"SGD 0 – 39,999.99",tier_1,,,fxRatesSgd,2026-09-10T07:00:15,2026-09-10T07:00:15,2026-09-10T16:34:00.722555+00:00,35.7208,33.679,34.67,34.6999,MAS,3.0308624170752676,2.8583790020190354
native,ocbc,QAR,SGD,QAR/SGD,100,"SGD 40,000 – 100,000",tier_2,,,fxRatesSgd,2026-09-10T07:00:15,2026-09-10T07:00:15,2026-09-10T16:34:00.722555+00:00,35.6996,33.6961,34.67,34.6999,MAS,2.969714450533588,2.809056821459476
native,ocbc,RON,SGD,RON/SGD,100,"SGD 0 – 39,999.99",tier_1,,,fxRatesSgd,2026-09-10T07:00:15,2026-09-10T07:00:15,2026-09-10T16:34:00.722555+00:00,0.0,0.0,,0.0,,,
native,ocbc,RON,SGD,RON/SGD,100,"SGD 40,000 – 100,000",tier_2,,,fxRatesSgd,2026-09-10T07:00:15,2026-09-10T07:00:15,2026-09-10T16:34:00.722555+00:00,0.0,0.0,,0.0,,,
native,ocbc,RUB,SGD,RUB/SGD,100,"SGD 0 – 39,999.99",tier_1,,,fxRatesSgd,2026-09-10T07:00:15,2026-09-10T07:00:15,2026-09-10T16:34:00.722555+00:00,0.0,0.0,,0.0,,,
native,ocbc,RUB,SGD,RUB/SGD,100,"SGD 40,000 – 100,000",tier_2,,,fxRatesSgd,2026-09-10T07:00:15,2026-09-10T07:00:15,2026-09-10T16:34:00.722555+00:00,0.0,0.0,,0.0,,,
native,ocbc,SAR,SGD,SAR/SGD,100,"SGD 0 – 39,999.99",tier_1,,,fxRatesSgd,2026-09-10T07:00:15,2026-09-10T07:00:15,2026-09-10T16:34:00.722555+00:00,34.6665,32.7376,33.66,33.7021,MAS,2.9901960784313806,2.7403446226975525
native,ocbc,SAR,SGD,SAR/SGD,100,"SGD 40,000 – 100,000",tier_2,,,fxRatesSgd,2026-09-10T07:00:15,2026-09-10T07:00:15,2026-09-10T16:34:00.722555+00:00,34.6494,32.7542,33.66,33.7021,MAS,2.9393939393939497,2.691027926322042
native,ocbc,SEK,SGD,SEK/SGD,100,"SGD 0 – 39,999.99",tier_1,,,fxRatesSgd,2026-09-10T07:00:15,2026-09-10T07:00:15,2026-09-10T16:34:00.722555+00:00,13.4067,12.9288,,13.1678,,,
native,ocbc,SEK,SGD,SEK/SGD,100,"SGD 40,000 – 100,000",tier_2,,,fxRatesSgd,2026-09-10T07:00:15,2026-09-10T07:00:15,2026-09-10T16:34:00.722555+00:00,13.3803,12.9552,,13.1678,,,
native,ocbc,THB,SGD,THB/SGD,100,"SGD 0 – 39,999.99",tier_1,,,fxRatesSgd,2026-09-10T07:00:15,2026-09-10T07:00:15,2026-09-10T16:34:00.722555+00:00,3.948,3.7312,3.8412,3.8396,MAS,2.7803811308965893,2.863688430698748
native,ocbc,THB,SGD,THB/SGD,100,"SGD 40,000 – 100,000",tier_2,,,fxRatesSgd,2026-09-10T07:00:15,2026-09-10T07:00:15,2026-09-10T16:34:00.722555+00:00,3.9403,3.7389,3.8412,3.8396,MAS,2.579922940747682,2.6632302405498294
native,ocbc,TRY,SGD,TRY/SGD,100,"SGD 0 – 39,999.99",tier_1,,,fxRatesSgd,2026-09-10T07:00:15,2026-09-10T07:00:15,2026-09-10T16:34:00.722555+00:00,2.6797,2.5689,,2.6243,,,
native,ocbc,TRY,SGD,TRY/SGD,100,"SGD 40,000 – 100,000",tier_2,,,fxRatesSgd,2026-09-10T07:00:15,2026-09-10T07:00:15,2026-09-10T16:34:00.722555+00:00,2.6783,2.5691,,2.6243,,,
native,ocbc,TWD,SGD,TWD/SGD,100,"SGD 0 – 39,999.99",tier_1,,,fxRatesSgd,2026-09-10T07:00:15,2026-09-10T07:00:15,2026-09-10T16:34:00.722555+00:00,4.1687,0.0,4.0105,4.1687,MAS,3.944645306071559,100.0
native,ocbc,TWD,SGD,TWD/SGD,100,"SGD 40,000 – 100,000",tier_2,,,fxRatesSgd,2026-09-10T07:00:15,2026-09-10T07:00:15,2026-09-10T16:34:00.722555+00:00,0.0,0.0,4.0105,4.1687,MAS,-100.0,100.0
native,ocbc,USD,SGD,USD/SGD,1,"SGD 0 – 39,999.99",tier_1,,,fxRatesSgd,2026-09-10T07:00:15,2026-09-10T07:00:15,2026-09-10T16:34:00.722555+00:00,1.2779,1.2538,1.264,1.2659,MAS,1.0996835443037993,0.8069620253164547
native,ocbc,USD,SGD,USD/SGD,1,"SGD 40,000 – 100,000",tier_2,,,fxRatesSgd,2026-09-10T07:00:15,2026-09-10T07:00:15,2026-09-10T16:34:00.722555+00:00,1.2767,1.2561,1.264,1.2659,MAS,1.0047468354430327,0.6250000000000014
native,ocbc,ZAR,SGD,ZAR/SGD,100,"SGD 0 – 39,999.99",tier_1,,,fxRatesSgd,2026-09-10T07:00:15,2026-09-10T07:00:15,2026-09-10T16:34:00.722555+00:00,8.1003,7.6238,,7.8621,,,
native,ocbc,ZAR,SGD,ZAR/SGD,100,"SGD 40,000 – 100,000",tier_2,,,fxRatesSgd,2026-09-10T07:00:15,2026-09-10T07:00:15,2026-09-10T16:34:00.722555+00:00,8.0963,7.6277,,7.8621,,,
native,uob,AED,SGD,AED/SGD,100,Indicative board,board,,,forex_sgd,10 September 2026 06:22:04 PM,10 September 2026 06:22:04 PM,2026-09-10T16:34:02.114969+00:00,35.3,33.6,34.41,34.45,MAS,2.5864574251671044,2.3539668700958885
native,uob,AOA,SGD,AOA/SGD,100,Indicative board,board,,,forex_sgd,10 September 2026 06:22:04 PM,10 September 2026 06:22:04 PM,2026-09-10T16:34:02.114969+00:00,0.1422,,,,,,
native,uob,AUD,SGD,AUD/SGD,1,Indicative board,board,,,forex_sgd,10 September 2026 06:22:04 PM,10 September 2026 06:22:04 PM,2026-09-10T16:34:02.114969+00:00,0.9275,0.8965,0.9125,0.9119999999999999,MAS,1.6438356164383578,1.7534246575342483
native,uob,BDT,SGD,BDT/SGD,100,Indicative board,board,,,forex_sgd,10 September 2026 06:22:04 PM,10 September 2026 06:22:04 PM,2026-09-10T16:34:02.114969+00:00,1.0569,,,,,,
native,uob,BND,SGD,BND/SGD,1,Indicative board,board,,,forex_sgd,10 September 2026 06:22:04 PM,10 September 2026 06:22:04 PM,2026-09-10T16:34:02.114969+00:00,1.0,1.0,,1.0,,,
native,uob,CAD,SGD,CAD/SGD,1,Indicative board,board,,,forex_sgd,10 September 2026 06:22:04 PM,10 September 2026 06:22:04 PM,2026-09-10T16:34:02.114969+00:00,0.9264,0.9064,0.9154000000000001,0.9164,MAS,1.201660476294505,0.9831767533318896
native,uob,CHF,SGD,CHF/SGD,100,Indicative board,board,,,forex_sgd,10 September 2026 06:22:04 PM,10 September 2026 06:22:04 PM,2026-09-10T16:34:02.114969+00:00,157.8,154.5,156.23,156.15,MAS,1.0049286308647647,1.1073417397426806
native,uob,CNH,SGD,CNH/SGD,100,Indicative board,board,,,forex_sgd,10 September 2026 06:22:04 PM,10 September 2026 06:22:04 PM,2026-09-10T16:34:02.114969+00:00,19.1,18.64,,18.87,,,
native,uob,DKK,SGD,DKK/SGD,100,Indicative board,board,,,forex_sgd,10 September 2026 06:22:04 PM,10 September 2026 06:22:04 PM,2026-09-10T16:34:02.114969+00:00,20.04,19.34,,19.689999999999998,,,
native,uob,EGP,SGD,EGP/SGD,100,Indicative board,board,,,forex_sgd,10 September 2026 06:22:04 PM,10 September 2026 06:22:04 PM,2026-09-10T16:34:02.114969+00:00,2.538,,,,,,
native,uob,EUR,SGD,EUR/SGD,1,Indicative board,board,,,forex_sgd,10 September 2026 06:22:04 PM,10 September 2026 06:22:04 PM,2026-09-10T16:34:02.114969+00:00,1.4912,1.4532,1.471,1.4722,MAS,1.3732154996600947,1.2100611828687993
native,uob,GBP,SGD,GBP/SGD,1,Indicative board,board,,,forex_sgd,10 September 2026 06:22:04 PM,10 September 2026 06:22:04 PM,2026-09-10T16:34:02.114969+00:00,1.7366,1.6916,1.7135,1.7141,MAS,1.3481178873650363,1.2780857893201067
native,uob,HKD,SGD,HKD/SGD,100,Indicative board,board,,,forex_sgd,10 September 2026 06:22:04 PM,10 September 2026 06:22:04 PM,2026-09-10T16:34:02.114969+00:00,16.319,15.961,16.12,16.14,MAS,1.2344913151364645,0.9863523573201034
native,uob,INR,SGD,INR/SGD,100,Indicative board,board,,,forex_sgd,10 September 2026 06:22:04 PM,10 September 2026 06:22:04 PM,2026-09-10T16:34:02.114969+00:00,1.3628,,1.3267,,MAS,2.7210371598703564,
native,uob,JPY,SGD,JPY/SGD,100,Indicative board,board,,,forex_sgd,10 September 2026 06:22:04 PM,10 September 2026 06:22:04 PM,2026-09-10T16:34:02.114969+00:00,0.84,0.806,0.824,0.823,MAS,1.9417475728155358,2.1844660194174645
native,uob,KRW,SGD,KRW/SGD,1000,Indicative board,board,,,forex_sgd,10 September 2026 06:22:04 PM,10 September 2026 06:22:04 PM,2026-09-10T16:34:02.114969+00:00,0.959,,0.945,,MAS,1.481481481481483,
native,uob,KWD,SGD,KWD/SGD,1,Indicative board,board,,,forex_sgd,10 September 2026 06:22:04 PM,10 September 2026 06:22:04 PM,2026-09-10T16:34:02.114969+00:00,4.1604,,,,,,
native,uob,LKR,SGD,LKR/SGD,100,Indicative board,board,,,forex_sgd,10 September 2026 06:22:04 PM,10 September 2026 06:22:04 PM,2026-09-10T16:34:02.114969+00:00,0.3911,,,,,,
native,uob,MXN,SGD,MXN/SGD,100,Indicative board,board,,,forex_sgd,10 September 2026 06:22:04 PM,10 September 2026 06:22:04 PM,2026-09-10T16:34:02.114969+00:00,7.5544,,,,,,
native,uob,MYR,SGD,MYR/SGD,100,Indicative board,board,,,forex_sgd,10 September 2026 06:22:04 PM,10 September 2026 06:22:04 PM,2026-09-10T16:34:02.114969+00:00,31.5358,,31.120000000000005,,MAS,1.3361182519280002,
native,uob,NOK,SGD,NOK/SGD,100,Indicative board,board,,,forex_sgd,10 September 2026 06:22:04 PM,10 September 2026 06:22:04 PM,2026-09-10T16:34:02.114969+00:00,13.94,13.5,,13.719999999999999,,,
native,uob,NZD,SGD,NZD/SGD,1,Indicative board,board,,,forex_sgd,10 September 2026 06:22:04 PM,10 September 2026 06:22:04 PM,2026-09-10T16:34:02.114969+00:00,0.7496,0.7296,0.7394,0.7396,MAS,1.3794968893697725,1.325398972139562
native,uob,PHP,SGD,PHP/SGD,100,Indicative board,board,,,forex_sgd,10 September 2026 06:22:04 PM,10 September 2026 06:22:04 PM,2026-09-10T16:34:02.114969+00:00,2.0693,,2.0215,,MAS,2.364580756863718,
native,uob,PKR,SGD,PKR/SGD,100,Indicative board,board,,,forex_sgd,10 September 2026 06:22:04 PM,10 September 2026 06:22:04 PM,2026-09-10T16:34:02.114969+00:00,0.462,,,,,,
native,uob,SAR,SGD,SAR/SGD,100,Indicative board,board,,,forex_sgd,10 September 2026 06:22:04 PM,10 September 2026 06:22:04 PM,2026-09-10T16:34:02.114969+00:00,,,33.66,,MAS,,
native,uob,SEK,SGD,SEK/SGD,100,Indicative board,board,,,forex_sgd,10 September 2026 06:22:04 PM,10 September 2026 06:22:04 PM,2026-09-10T16:34:02.114969+00:00,13.42,12.94,,13.18,,,
native,uob,THB,SGD,THB/SGD,100,Indicative board,board,,,forex_sgd,10 September 2026 06:22:04 PM,10 September 2026 06:22:04 PM,2026-09-10T16:34:02.114969+00:00,3.94,3.74,3.8412,3.84,MAS,2.572112881391226,2.6345933562428394
native,uob,TWD,SGD,TWD/SGD,100,Indicative board,board,,,forex_sgd,10 September 2026 06:22:04 PM,10 September 2026 06:22:04 PM,2026-09-10T16:34:02.114969+00:00,4.095,,4.0105,,MAS,2.1069692058346674,
native,uob,USD,SGD,USD/SGD,1,Indicative board,board,,,forex_sgd,10 September 2026 06:22:04 PM,10 September 2026 06:22:04 PM,2026-09-10T16:34:02.114969+00:00,1.2773,1.2533,1.264,1.2653,MAS,1.0522151898734247,0.8465189873417668
native,uob,VND,SGD,VND/SGD,1000,Indicative board,board,,,forex_sgd,10 September 2026 06:22:04 PM,10 September 2026 06:22:04 PM,2026-09-10T16:34:02.114969+00:00,0.05,,0.04881,,MAS,2.438024994878106,
native,uob,XAF,SGD,XAF/SGD,100,Indicative board,board,,,forex_sgd,10 September 2026 06:22:04 PM,10 September 2026 06:22:04 PM,2026-09-10T16:34:02.114969+00:00,0.2303,,,,,,
native,uob,XOF,SGD,XOF/SGD,100,Indicative board,board,,,forex_sgd,10 September 2026 06:22:04 PM,10 September 2026 06:22:04 PM,2026-09-10T16:34:02.114969+00:00,0.2314,,,,,,
native,uob,ZAR,SGD,ZAR/SGD,1,Indicative board,board,,,forex_sgd,10 September 2026 06:22:04 PM,10 September 2026 06:22:04 PM,2026-09-10T16:34:02.114969+00:00,0.0807,0.0767,,0.07869999999999999,,,
standardized,dbs,AED,SGD,AED/SGD,1,SGD 50 – 200,amtBtw50And200,"SGD 200 – 39,999.99",std_200_40k,mainCurrencies,2026-09-11 00:15:00,2026-09-10 16:15:14,2026-09-10T16:33:58.754314+00:00,0.3474,0.3427,0.34409999999999996,0.34504999999999997,MAS,0.9590235396687083,0.4068584713745879
standardized,dbs,AED,SGD,AED/SGD,1,SGD 50 – 200,amtBtw50And200,"SGD 40,000 – 100,000",std_40k_100k,mainCurrencies,2026-09-11 00:15:00,2026-09-10 16:15:14,2026-09-10T16:33:58.754314+00:00,0.3474,0.3427,0.34409999999999996,0.34504999999999997,MAS,0.9590235396687083,0.4068584713745879
standardized,dbs,AED,SGD,AED/SGD,1,SGD 50 – 200,amtBtw50And200,SGD 50 – 200,std_50_200,mainCurrencies,2026-09-11 00:15:00,2026-09-10 16:15:14,2026-09-10T16:33:58.754314+00:00,0.3474,0.3427,0.34409999999999996,0.34504999999999997,MAS,0.9590235396687083,0.4068584713745879
standardized,dbs,AED,SGD,AED/SGD,1,SGD < 50,amtLessThan50,SGD < 50,std_lt_50,mainCurrencies,2026-09-11 00:15:00,2026-09-10 16:15:14,2026-09-10T16:33:58.754314+00:00,0.3501,0.3399,0.34409999999999996,0.345,MAS,1.7436791630340196,1.2205754141237959
standardized,dbs,AUD,SGD,AUD/SGD,1,SGD 50 – 200,amtBtw50And200,"SGD 200 – 39,999.99",std_200_40k,mainCurrencies,2026-09-11 00:15:00,2026-09-10 16:15:14,2026-09-10T16:33:58.754314+00:00,0.9182,0.8981,0.9125,0.90815,MAS,0.6246575342465797,1.5780821917808183
standardized,dbs,AUD,SGD,AUD/SGD,1,SGD 50 – 200,amtBtw50And200,"SGD 40,000 – 100,000",std_40k_100k,mainCurrencies,2026-09-11 00:15:00,2026-09-10 16:15:14,2026-09-10T16:33:58.754314+00:00,0.9182,0.8981,0.9125,0.90815,MAS,0.6246575342465797,1.5780821917808183
standardized,dbs,AUD,SGD,AUD/SGD,1,SGD 50 – 200,amtBtw50And200,SGD 50 – 200,std_50_200,mainCurrencies,2026-09-11 00:15:00,2026-09-10 16:15:14,2026-09-10T16:33:58.754314+00:00,0.9182,0.8981,0.9125,0.90815,MAS,0.6246575342465797,1.5780821917808183
standardized,dbs,AUD,SGD,AUD/SGD,1,SGD < 50,amtLessThan50,SGD < 50,std_lt_50,mainCurrencies,2026-09-11 00:15:00,2026-09-10 16:15:14,2026-09-10T16:33:58.754314+00:00,0.9186,0.8976,0.9125,0.9080999999999999,MAS,0.6684931506849309,1.6328767123287697
standardized,dbs,BDT,SGD,BDT/SGD,100,SGD 50 – 200,amtBtw50And200,"SGD 200 – 39,999.99",std_200_40k,otherCurrencies,2026-09-11 00:15:00,2026-09-10 16:15:14,2026-09-10T16:33:58.754314+00:00,1.0389,,,,,,
standardized,dbs,BDT,SGD,BDT/SGD,100,SGD 50 – 200,amtBtw50And200,"SGD 40,000 – 100,000",std_40k_100k,otherCurrencies,2026-09-11 00:15:00,2026-09-10 16:15:14,2026-09-10T16:33:58.754314+00:00,1.0389,,,,,,
standardized,dbs,BDT,SGD,BDT/SGD,100,SGD 50 – 200,amtBtw50And200,SGD 50 – 200,std_50_200,otherCurrencies,2026-09-11 00:15:00,2026-09-10 16:15:14,2026-09-10T16:33:58.754314+00:00,1.0389,,,,,,
standardized,dbs,BDT,SGD,BDT/SGD,100,SGD < 50,amtLessThan50,SGD < 50,std_lt_50,otherCurrencies,2026-09-11 00:15:00,2026-09-10 16:15:14,2026-09-10T16:33:58.754314+00:00,1.0389,,,,,,
standardized,dbs,BHD,SGD,BHD/SGD,1,SGD 50 – 200,amtBtw50And200,"SGD 200 – 39,999.99",std_200_40k,otherCurrencies,2026-09-11 00:15:00,2026-09-10 16:15:14,2026-09-10T16:33:58.754314+00:00,3.4241,,,,,,
standardized,dbs,BHD,SGD,BHD/SGD,1,SGD 50 – 200,amtBtw50And200,"SGD 40,000 – 100,000",std_40k_100k,otherCurrencies,2026-09-11 00:15:00,2026-09-10 16:15:14,2026-09-10T16:33:58.754314+00:00,3.4241,,,,,,
standardized,dbs,BHD,SGD,BHD/SGD,1,SGD 50 – 200,amtBtw50And200,SGD 50 – 200,std_50_200,otherCurrencies,2026-09-11 00:15:00,2026-09-10 16:15:14,2026-09-10T16:33:58.754314+00:00,3.4241,,,,,,
standardized,dbs,BHD,SGD,BHD/SGD,1,SGD < 50,amtLessThan50,SGD < 50,std_lt_50,otherCurrencies,2026-09-11 00:15:00,2026-09-10 16:15:14,2026-09-10T16:33:58.754314+00:00,3.4375,,,,,,
standardized,dbs,BND,SGD,BND/SGD,1,SGD 50 – 200,amtBtw50And200,"SGD 200 – 39,999.99",std_200_40k,otherCurrencies,2026-09-11 00:15:00,2026-09-10 16:15:14,2026-09-10T16:33:58.754314+00:00,1.0,1.0,,1.0,,,
standardized,dbs,BND,SGD,BND/SGD,1,SGD 50 – 200,amtBtw50And200,"SGD 40,000 – 100,000",std_40k_100k,otherCurrencies,2026-09-11 00:15:00,2026-09-10 16:15:14,2026-09-10T16:33:58.754314+00:00,1.0,1.0,,1.0,,,
standardized,dbs,BND,SGD,BND/SGD,1,SGD 50 – 200,amtBtw50And200,SGD 50 – 200,std_50_200,otherCurrencies,2026-09-11 00:15:00,2026-09-10 16:15:14,2026-09-10T16:33:58.754314+00:00,1.0,1.0,,1.0,,,
standardized,dbs,BND,SGD,BND/SGD,1,SGD < 50,amtLessThan50,SGD < 50,std_lt_50,otherCurrencies,2026-09-11 00:15:00,2026-09-10 16:15:14,2026-09-10T16:33:58.754314+00:00,1.0,1.0,,1.0,,,
standardized,dbs,CAD,SGD,CAD/SGD,1,SGD 50 – 200,amtBtw50And200,"SGD 200 – 39,999.99",std_200_40k,mainCurrencies,2026-09-11 00:15:00,2026-09-10 16:15:14,2026-09-10T16:33:58.754314+00:00,0.9244,0.9105,0.9154000000000001,0.91745,MAS,0.9831767533318655,0.53528512125848
standardized,dbs,CAD,SGD,CAD/SGD,1,SGD 50 – 200,amtBtw50And200,"SGD 40,000 – 100,000",std_40k_100k,mainCurrencies,2026-09-11 00:15:00,2026-09-10 16:15:14,2026-09-10T16:33:58.754314+00:00,0.9244,0.9105,0.9154000000000001,0.91745,MAS,0.9831767533318655,0.53528512125848
standardized,dbs,CAD,SGD,CAD/SGD,1,SGD 50 – 200,amtBtw50And200,SGD 50 – 200,std_50_200,mainCurrencies,2026-09-11 00:15:00,2026-09-10 16:15:14,2026-09-10T16:33:58.754314+00:00,0.9244,0.9105,0.9154000000000001,0.91745,MAS,0.9831767533318655,0.53528512125848
standardized,dbs,CAD,SGD,CAD/SGD,1,SGD < 50,amtLessThan50,SGD < 50,std_lt_50,mainCurrencies,2026-09-11 00:15:00,2026-09-10 16:15:14,2026-09-10T16:33:58.754314+00:00,0.9276,0.9073,0.9154000000000001,0.91745,MAS,1.3327507100720861,0.8848590779987007
standardized,dbs,CHF,SGD,CHF/SGD,1,SGD 50 – 200,amtBtw50And200,"SGD 200 – 39,999.99",std_200_40k,mainCurrencies,2026-09-11 00:15:00,2026-09-10 16:15:14,2026-09-10T16:33:58.754314+00:00,1.5753,1.5454,1.5622999999999998,1.5603500000000001,MAS,0.832106509633241,1.0817384625231834
standardized,dbs,CHF,SGD,CHF/SGD,1,SGD 50 – 200,amtBtw50And200,"SGD 40,000 – 100,000",std_40k_100k,mainCurrencies,2026-09-11 00:15:00,2026-09-10 16:15:14,2026-09-10T16:33:58.754314+00:00,1.5753,1.5454,1.5622999999999998,1.5603500000000001,MAS,0.832106509633241,1.0817384625231834
standardized,dbs,CHF,SGD,CHF/SGD,1,SGD 50 – 200,amtBtw50And200,SGD 50 – 200,std_50_200,mainCurrencies,2026-09-11 00:15:00,2026-09-10 16:15:14,2026-09-10T16:33:58.754314+00:00,1.5753,1.5454,1.5622999999999998,1.5603500000000001,MAS,0.832106509633241,1.0817384625231834
standardized,dbs,CHF,SGD,CHF/SGD,1,SGD < 50,amtLessThan50,SGD < 50,std_lt_50,mainCurrencies,2026-09-11 00:15:00,2026-09-10 16:15:14,2026-09-10T16:33:58.754314+00:00,1.576,1.5446,1.5622999999999998,1.5603,MAS,0.8769122447673475,1.1329450169621602
standardized,dbs,CNH,SGD,CNH/SGD,1,SGD 50 – 200,amtBtw50And200,"SGD 200 – 39,999.99",std_200_40k,mainCurrencies,2026-09-11 00:15:00,2026-09-10 16:15:14,2026-09-10T16:33:58.754314+00:00,0.1909,0.1865,,0.18869999999999998,,,
standardized,dbs,CNH,SGD,CNH/SGD,1,SGD 50 – 200,amtBtw50And200,"SGD 40,000 – 100,000",std_40k_100k,mainCurrencies,2026-09-11 00:15:00,2026-09-10 16:15:14,2026-09-10T16:33:58.754314+00:00,0.1909,0.1865,,0.18869999999999998,,,
standardized,dbs,CNH,SGD,CNH/SGD,1,SGD 50 – 200,amtBtw50And200,SGD 50 – 200,std_50_200,mainCurrencies,2026-09-11 00:15:00,2026-09-10 16:15:14,2026-09-10T16:33:58.754314+00:00,0.1909,0.1865,,0.18869999999999998,,,
standardized,dbs,CNH,SGD,CNH/SGD,1,SGD < 50,amtLessThan50,SGD < 50,std_lt_50,mainCurrencies,2026-09-11 00:15:00,2026-09-10 16:15:14,2026-09-10T16:33:58.754314+00:00,0.1915,0.1858,,0.18864999999999998,,,
standardized,dbs,CNY,SGD,CNY/SGD,1,SGD 50 – 200,amtBtw50And200,"SGD 200 – 39,999.99",std_200_40k,otherCurrencies,2026-09-11 00:15:00,2026-09-10 16:15:14,2026-09-10T16:33:58.754314+00:00,0.1889,,0.1884,,MAS,0.2653927813163484,
standardized,dbs,CNY,SGD,CNY/SGD,1,SGD 50 – 200,amtBtw50And200,"SGD 40,000 – 100,000",std_40k_100k,otherCurrencies,2026-09-11 00:15:00,2026-09-10 16:15:14,2026-09-10T16:33:58.754314+00:00,0.1889,,0.1884,,MAS,0.2653927813163484,
standardized,dbs,CNY,SGD,CNY/SGD,1,SGD 50 – 200,amtBtw50And200,SGD 50 – 200,std_50_200,otherCurrencies,2026-09-11 00:15:00,2026-09-10 16:15:14,2026-09-10T16:33:58.754314+00:00,0.1889,,0.1884,,MAS,0.2653927813163484,
standardized,dbs,CNY,SGD,CNY/SGD,1,SGD < 50,amtLessThan50,SGD < 50,std_lt_50,otherCurrencies,2026-09-11 00:15:00,2026-09-10 16:15:14,2026-09-10T16:33:58.754314+00:00,0.1906,,0.1884,,MAS,1.1677282377919211,
standardized,dbs,DKK,SGD,DKK/SGD,1,SGD 50 – 200,amtBtw50And200,"SGD 200 – 39,999.99",std_200_40k,mainCurrencies,2026-09-11 00:15:00,2026-09-10 16:15:14,2026-09-10T16:33:58.754314+00:00,0.1997,0.1943,,0.197,,,
standardized,dbs,DKK,SGD,DKK/SGD,1,SGD 50 – 200,amtBtw50And200,"SGD 40,000 – 100,000",std_40k_100k,mainCurrencies,2026-09-11 00:15:00,2026-09-10 16:15:14,2026-09-10T16:33:58.754314+00:00,0.1997,0.1943,,0.197,,,
standardized,dbs,DKK,SGD,DKK/SGD,1,SGD 50 – 200,amtBtw50And200,SGD 50 – 200,std_50_200,mainCurrencies,2026-09-11 00:15:00,2026-09-10 16:15:14,2026-09-10T16:33:58.754314+00:00,0.1997,0.1943,,0.197,,,
standardized,dbs,DKK,SGD,DKK/SGD,1,SGD < 50,amtLessThan50,SGD < 50,std_lt_50,mainCurrencies,2026-09-11 00:15:00,2026-09-10 16:15:14,2026-09-10T16:33:58.754314+00:00,0.2001,0.1939,,0.197,,,
standardized,dbs,EUR,SGD,EUR/SGD,1,SGD 50 – 200,amtBtw50And200,"SGD 200 – 39,999.99",std_200_40k,mainCurrencies,2026-09-11 00:15:00,2026-09-10 16:15:14,2026-09-10T16:33:58.754314+00:00,1.4855,1.4604,1.471,1.47295,MAS,0.9857239972807584,0.7205982324949126
standardized,dbs,EUR,SGD,EUR/SGD,1,SGD 50 – 200,amtBtw50And200,"SGD 40,000 – 100,000",std_40k_100k,mainCurrencies,2026-09-11 00:15:00,2026-09-10 16:15:14,2026-09-10T16:33:58.754314+00:00,1.4855,1.4604,1.471,1.47295,MAS,0.9857239972807584,0.7205982324949126
standardized,dbs,EUR,SGD,EUR/SGD,1,SGD 50 – 200,amtBtw50And200,SGD 50 – 200,std_50_200,mainCurrencies,2026-09-11 00:15:00,2026-09-10 16:15:14,2026-09-10T16:33:58.754314+00:00,1.4855,1.4604,1.471,1.47295,MAS,0.9857239972807584,0.7205982324949126
standardized,dbs,EUR,SGD,EUR/SGD,1,SGD < 50,amtLessThan50,SGD < 50,std_lt_50,mainCurrencies,2026-09-11 00:15:00,2026-09-10 16:15:14,2026-09-10T16:33:58.754314+00:00,1.4863,1.4596,1.471,1.47295,MAS,1.0401087695445186,0.7749830047586728
standardized,dbs,GBP,SGD,GBP/SGD,1,SGD 50 – 200,amtBtw50And200,"SGD 200 – 39,999.99",std_200_40k,mainCurrencies,2026-09-11 00:15:00,2026-09-10 16:15:14,2026-09-10T16:33:58.754314+00:00,1.7272,1.7013,1.7135,1.71425,MAS,0.7995331193463697,0.7119929967901948
standardized,dbs,GBP,SGD,GBP/SGD,1,SGD 50 – 200,amtBtw50And200,"SGD 40,000 – 100,000",std_40k_100k,mainCurrencies,2026-09-11 00:15:00,2026-09-10 16:15:14,2026-09-10T16:33:58.754314+00:00,1.7272,1.7013,1.7135,1.71425,MAS,0.7995331193463697,0.7119929967901948
standardized,dbs,GBP,SGD,GBP/SGD,1,SGD 50 – 200,amtBtw50And200,SGD 50 – 200,std_50_200,mainCurrencies,2026-09-11 00:15:00,2026-09-10 16:15:14,2026-09-10T16:33:58.754314+00:00,1.7272,1.7013,1.7135,1.71425,MAS,0.7995331193463697,0.7119929967901948
standardized,dbs,GBP,SGD,GBP/SGD,1,SGD < 50,amtLessThan50,SGD < 50,std_lt_50,mainCurrencies,2026-09-11 00:15:00,2026-09-10 16:15:14,2026-09-10T16:33:58.754314+00:00,1.7289,1.6996,1.7135,1.71425,MAS,0.8987452582433662,0.8112051356871912
standardized,dbs,HKD,SGD,HKD/SGD,1,SGD 50 – 200,amtBtw50And200,"SGD 200 – 39,999.99",std_200_40k,mainCurrencies,2026-09-11 00:15:00,2026-09-10 16:15:14,2026-09-10T16:33:58.754314+00:00,0.1632,0.1599,0.1612,0.16155,MAS,1.240694789081887,0.8064516129032402
standardized,dbs,HKD,SGD,HKD/SGD,1,SGD 50 – 200,amtBtw50And200,"SGD 40,000 – 100,000",std_40k_100k,mainCurrencies,2026-09-11 00:15:00,2026-09-10 16:15:14,2026-09-10T16:33:58.754314+00:00,0.1632,0.1599,0.1612,0.16155,MAS,1.240694789081887,0.8064516129032402
standardized,dbs,HKD,SGD,HKD/SGD,1,SGD 50 – 200,amtBtw50And200,SGD 50 – 200,std_50_200,mainCurrencies,2026-09-11 00:15:00,2026-09-10 16:15:14,2026-09-10T16:33:58.754314+00:00,0.1632,0.1599,0.1612,0.16155,MAS,1.240694789081887,0.8064516129032402
standardized,dbs,HKD,SGD,HKD/SGD,1,SGD < 50,amtLessThan50,SGD < 50,std_lt_50,mainCurrencies,2026-09-11 00:15:00,2026-09-10 16:15:14,2026-09-10T16:33:58.754314+00:00,0.1633,0.1598,0.1612,0.16155,MAS,1.3027295285359743,0.8684863523573277
standardized,dbs,HUF,SGD,HUF/SGD,100,SGD 50 – 200,amtBtw50And200,"SGD 200 – 39,999.99",std_200_40k,otherCurrencies,2026-09-11 00:15:00,2026-09-10 16:15:14,2026-09-10T16:33:58.754314+00:00,0.4123,,,,,,
standardized,dbs,HUF,SGD,HUF/SGD,100,SGD 50 – 200,amtBtw50And200,"SGD 40,000 – 100,000",std_40k_100k,otherCurrencies,2026-09-11 00:15:00,2026-09-10 16:15:14,2026-09-10T16:33:58.754314+00:00,0.4123,,,,,,
standardized,dbs,HUF,SGD,HUF/SGD,100,SGD 50 – 200,amtBtw50And200,SGD 50 – 200,std_50_200,otherCurrencies,2026-09-11 00:15:00,2026-09-10 16:15:14,2026-09-10T16:33:58.754314+00:00,0.4123,,,,,,
standardized,dbs,HUF,SGD,HUF/SGD,100,SGD < 50,amtLessThan50,SGD < 50,std_lt_50,otherCurrencies,2026-09-11 00:15:00,2026-09-10 16:15:14,2026-09-10T16:33:58.754314+00:00,0.4139,,,,,,
standardized,dbs,ID0,SGD,ID0/SGD,100,SGD 50 – 200,amtBtw50And200,"SGD 200 – 39,999.99",std_200_40k,otherCurrencies,2026-09-11 00:15:00,2026-09-10 16:15:14,2026-09-10T16:33:58.754314+00:00,,,,,,,
standardized,dbs,ID0,SGD,ID0/SGD,100,SGD 50 – 200,amtBtw50And200,"SGD 40,000 – 100,000",std_40k_100k,otherCurrencies,2026-09-11 00:15:00,2026-09-10 16:15:14,2026-09-10T16:33:58.754314+00:00,,,,,,,
standardized,dbs,ID0,SGD,ID0/SGD,100,SGD 50 – 200,amtBtw50And200,SGD 50 – 200,std_50_200,otherCurrencies,2026-09-11 00:15:00,2026-09-10 16:15:14,2026-09-10T16:33:58.754314+00:00,,,,,,,
standardized,dbs,ID0,SGD,ID0/SGD,100,SGD < 50,amtLessThan50,SGD < 50,std_lt_50,otherCurrencies,2026-09-11 00:15:00,2026-09-10 16:15:14,2026-09-10T16:33:58.754314+00:00,,0.0072,,,,,
standardized,dbs,IDR,SGD,IDR/SGD,100,SGD 50 – 200,amtBtw50And200,"SGD 200 – 39,999.99",std_200_40k,mainCurrencies,2026-09-11 00:15:00,2026-09-10 16:15:14,2026-09-10T16:33:58.754314+00:00,0.0074,,0.007206999999999999,,MAS,2.677951991119764,
standardized,dbs,IDR,SGD,IDR/SGD,100,SGD 50 – 200,amtBtw50And200,"SGD 40,000 – 100,000",std_40k_100k,mainCurrencies,2026-09-11 00:15:00,2026-09-10 16:15:14,2026-09-10T16:33:58.754314+00:00,0.0074,,0.007206999999999999,,MAS,2.677951991119764,
standardized,dbs,IDR,SGD,IDR/SGD,100,SGD 50 – 200,amtBtw50And200,SGD 50 – 200,std_50_200,mainCurrencies,2026-09-11 00:15:00,2026-09-10 16:15:14,2026-09-10T16:33:58.754314+00:00,0.0074,,0.007206999999999999,,MAS,2.677951991119764,
standardized,dbs,IDR,SGD,IDR/SGD,100,SGD < 50,amtLessThan50,SGD < 50,std_lt_50,mainCurrencies,2026-09-11 00:15:00,2026-09-10 16:15:14,2026-09-10T16:33:58.754314+00:00,0.0074,,0.007206999999999999,,MAS,2.677951991119764,
standardized,dbs,IN0,SGD,IN0/SGD,100,SGD 50 – 200,amtBtw50And200,"SGD 200 – 39,999.99",std_200_40k,otherCurrencies,2026-09-11 00:15:00,2026-09-10 16:15:14,2026-09-10T16:33:58.754314+00:00,,1.3213,,,,,
standardized,dbs,IN0,SGD,IN0/SGD,100,SGD 50 – 200,amtBtw50And200,"SGD 40,000 – 100,000",std_40k_100k,otherCurrencies,2026-09-11 00:15:00,2026-09-10 16:15:14,2026-09-10T16:33:58.754314+00:00,,1.3213,,,,,
standardized,dbs,IN0,SGD,IN0/SGD,100,SGD 50 – 200,amtBtw50And200,SGD 50 – 200,std_50_200,otherCurrencies,2026-09-11 00:15:00,2026-09-10 16:15:14,2026-09-10T16:33:58.754314+00:00,,1.3213,,,,,
standardized,dbs,IN0,SGD,IN0/SGD,100,SGD < 50,amtLessThan50,SGD < 50,std_lt_50,otherCurrencies,2026-09-11 00:15:00,2026-09-10 16:15:14,2026-09-10T16:33:58.754314+00:00,,1.3213,,,,,
standardized,dbs,INR,SGD,INR/SGD,100,SGD 50 – 200,amtBtw50And200,"SGD 200 – 39,999.99",std_200_40k,otherCurrencies,2026-09-11 00:15:00,2026-09-10 16:15:14,2026-09-10T16:33:58.754314+00:00,1.3428,,1.3267,,MAS,1.2135373483078316,
standardized,dbs,INR,SGD,INR/SGD,100,SGD 50 – 200,amtBtw50And200,"SGD 40,000 – 100,000",std_40k_100k,otherCurrencies,2026-09-11 00:15:00,2026-09-10 16:15:14,2026-09-10T16:33:58.754314+00:00,1.3428,,1.3267,,MAS,1.2135373483078316,
standardized,dbs,INR,SGD,INR/SGD,100,SGD 50 – 200,amtBtw50And200,SGD 50 – 200,std_50_200,otherCurrencies,2026-09-11 00:15:00,2026-09-10 16:15:14,2026-09-10T16:33:58.754314+00:00,1.3428,,1.3267,,MAS,1.2135373483078316,
standardized,dbs,INR,SGD,INR/SGD,100,SGD < 50,amtLessThan50,SGD < 50,std_lt_50,otherCurrencies,2026-09-11 00:15:00,2026-09-10 16:15:14,2026-09-10T16:33:58.754314+00:00,1.3535,,1.3267,,MAS,2.020049747493777,
standardized,dbs,JPY,SGD,JPY/SGD,100,SGD 50 – 200,amtBtw50And200,"SGD 200 – 39,999.99",std_200_40k,mainCurrencies,2026-09-11 00:15:00,2026-09-10 16:15:14,2026-09-10T16:33:58.754314+00:00,0.8299,0.8133,0.824,0.8216,MAS,0.7160194174757302,1.2985436893203801
standardized,dbs,JPY,SGD,JPY/SGD,100,SGD 50 – 200,amtBtw50And200,"SGD 40,000 – 100,000",std_40k_100k,mainCurrencies,2026-09-11 00:15:00,2026-09-10 16:15:14,2026-09-10T16:33:58.754314+00:00,0.8299,0.8133,0.824,0.8216,MAS,0.7160194174757302,1.2985436893203801
standardized,dbs,JPY,SGD,JPY/SGD,100,SGD 50 – 200,amtBtw50And200,SGD 50 – 200,std_50_200,mainCurrencies,2026-09-11 00:15:00,2026-09-10 16:15:14,2026-09-10T16:33:58.754314+00:00,0.8299,0.8133,0.824,0.8216,MAS,0.7160194174757302,1.2985436893203801
standardized,dbs,JPY,SGD,JPY/SGD,100,SGD < 50,amtLessThan50,SGD < 50,std_lt_50,mainCurrencies,2026-09-11 00:15:00,2026-09-10 16:15:14,2026-09-10T16:33:58.754314+00:00,0.8307,0.8125,0.824,0.8216,MAS,0.8131067961165096,1.3956310679611597
standardized,dbs,KRW,SGD,KRW/SGD,100,SGD 50 – 200,amtBtw50And200,"SGD 200 – 39,999.99",std_200_40k,otherCurrencies,2026-09-11 00:15:00,2026-09-10 16:15:14,2026-09-10T16:33:58.754314+00:00,0.0953,,0.0945,,MAS,0.8465608465608414,
standardized,dbs,KRW,SGD,KRW/SGD,100,SGD 50 – 200,amtBtw50And200,"SGD 40,000 – 100,000",std_40k_100k,otherCurrencies,2026-09-11 00:15:00,2026-09-10 16:15:14,2026-09-10T16:33:58.754314+00:00,0.0953,,0.0945,,MAS,0.8465608465608414,
standardized,dbs,KRW,SGD,KRW/SGD,100,SGD 50 – 200,amtBtw50And200,SGD 50 – 200,std_50_200,otherCurrencies,2026-09-11 00:15:00,2026-09-10 16:15:14,2026-09-10T16:33:58.754314+00:00,0.0953,,0.0945,,MAS,0.8465608465608414,
standardized,dbs,KRW,SGD,KRW/SGD,100,SGD < 50,amtLessThan50,SGD < 50,std_lt_50,otherCurrencies,2026-09-11 00:15:00,2026-09-10 16:15:14,2026-09-10T16:33:58.754314+00:00,0.0953,,0.0945,,MAS,0.8465608465608414,
standardized,dbs,KWD,SGD,KWD/SGD,100,SGD 50 – 200,amtBtw50And200,"SGD 200 – 39,999.99",std_200_40k,otherCurrencies,2026-09-11 00:15:00,2026-09-10 16:15:14,2026-09-10T16:33:58.754314+00:00,423.5583,,,,,,
standardized,dbs,KWD,SGD,KWD/SGD,100,SGD 50 – 200,amtBtw50And200,"SGD 40,000 – 100,000",std_40k_100k,otherCurrencies,2026-09-11 00:15:00,2026-09-10 16:15:14,2026-09-10T16:33:58.754314+00:00,423.5583,,,,,,
standardized,dbs,KWD,SGD,KWD/SGD,100,SGD 50 – 200,amtBtw50And200,SGD 50 – 200,std_50_200,otherCurrencies,2026-09-11 00:15:00,2026-09-10 16:15:14,2026-09-10T16:33:58.754314+00:00,423.5583,,,,,,
standardized,dbs,KWD,SGD,KWD/SGD,100,SGD < 50,amtLessThan50,SGD < 50,std_lt_50,otherCurrencies,2026-09-11 00:15:00,2026-09-10 16:15:14,2026-09-10T16:33:58.754314+00:00,425.2286,,,,,,
standardized,dbs,LKR,SGD,LKR/SGD,100,SGD 50 – 200,amtBtw50And200,"SGD 200 – 39,999.99",std_200_40k,otherCurrencies,2026-09-11 00:15:00,2026-09-10 16:15:14,2026-09-10T16:33:58.754314+00:00,0.3932,,,,,,
standardized,dbs,LKR,SGD,LKR/SGD,100,SGD 50 – 200,amtBtw50And200,"SGD 40,000 – 100,000",std_40k_100k,otherCurrencies,2026-09-11 00:15:00,2026-09-10 16:15:14,2026-09-10T16:33:58.754314+00:00,0.3932,,,,,,
standardized,dbs,LKR,SGD,LKR/SGD,100,SGD 50 – 200,amtBtw50And200,SGD 50 – 200,std_50_200,otherCurrencies,2026-09-11 00:15:00,2026-09-10 16:15:14,2026-09-10T16:33:58.754314+00:00,0.3932,,,,,,
standardized,dbs,LKR,SGD,LKR/SGD,100,SGD < 50,amtLessThan50,SGD < 50,std_lt_50,otherCurrencies,2026-09-11 00:15:00,2026-09-10 16:15:14,2026-09-10T16:33:58.754314+00:00,0.3932,,,,,,
standardized,dbs,MM1,SGD,MM1/SGD,100,SGD 50 – 200,amtBtw50And200,"SGD 200 – 39,999.99",std_200_40k,otherCurrencies,2026-09-11 00:15:00,2026-09-10 16:15:14,2026-09-10T16:33:58.754314+00:00,,,,,,,
standardized,dbs,MM1,SGD,MM1/SGD,100,SGD 50 – 200,amtBtw50And200,"SGD 40,000 – 100,000",std_40k_100k,otherCurrencies,2026-09-11 00:15:00,2026-09-10 16:15:14,2026-09-10T16:33:58.754314+00:00,,,,,,,
standardized,dbs,MM1,SGD,MM1/SGD,100,SGD 50 – 200,amtBtw50And200,SGD 50 – 200,std_50_200,otherCurrencies,2026-09-11 00:15:00,2026-09-10 16:15:14,2026-09-10T16:33:58.754314+00:00,,,,,,,
standardized,dbs,MM1,SGD,MM1/SGD,100,SGD < 50,amtLessThan50,SGD < 50,std_lt_50,otherCurrencies,2026-09-11 00:15:00,2026-09-10 16:15:14,2026-09-10T16:33:58.754314+00:00,,,,,,,
standardized,dbs,MMK,SGD,MMK/SGD,100,SGD 50 – 200,amtBtw50And200,"SGD 200 – 39,999.99",std_200_40k,otherCurrencies,2026-09-11 00:15:00,2026-09-10 16:15:14,2026-09-10T16:33:58.754314+00:00,0.0322,,,,,,
standardized,dbs,MMK,SGD,MMK/SGD,100,SGD 50 – 200,amtBtw50And200,"SGD 40,000 – 100,000",std_40k_100k,otherCurrencies,2026-09-11 00:15:00,2026-09-10 16:15:14,2026-09-10T16:33:58.754314+00:00,0.0322,,,,,,
standardized,dbs,MMK,SGD,MMK/SGD,100,SGD 50 – 200,amtBtw50And200,SGD 50 – 200,std_50_200,otherCurrencies,2026-09-11 00:15:00,2026-09-10 16:15:14,2026-09-10T16:33:58.754314+00:00,0.0322,,,,,,
standardized,dbs,MMK,SGD,MMK/SGD,100,SGD < 50,amtLessThan50,SGD < 50,std_lt_50,otherCurrencies,2026-09-11 00:15:00,2026-09-10 16:15:14,2026-09-10T16:33:58.754314+00:00,0.0322,,,,,,
standardized,dbs,MUR,SGD,MUR/SGD,100,SGD 50 – 200,amtBtw50And200,"SGD 200 – 39,999.99",std_200_40k,otherCurrencies,2026-09-11 00:15:00,2026-09-10 16:15:14,2026-09-10T16:33:58.754314+00:00,2.68,,,,,,
standardized,dbs,MUR,SGD,MUR/SGD,100,SGD 50 – 200,amtBtw50And200,"SGD 40,000 – 100,000",std_40k_100k,otherCurrencies,2026-09-11 00:15:00,2026-09-10 16:15:14,2026-09-10T16:33:58.754314+00:00,2.68,,,,,,
standardized,dbs,MUR,SGD,MUR/SGD,100,SGD 50 – 200,amtBtw50And200,SGD 50 – 200,std_50_200,otherCurrencies,2026-09-11 00:15:00,2026-09-10 16:15:14,2026-09-10T16:33:58.754314+00:00,2.68,,,,,,
standardized,dbs,MUR,SGD,MUR/SGD,100,SGD < 50,amtLessThan50,SGD < 50,std_lt_50,otherCurrencies,2026-09-11 00:15:00,2026-09-10 16:15:14,2026-09-10T16:33:58.754314+00:00,2.6905,,,,,,
standardized,dbs,MXN,SGD,MXN/SGD,100,SGD 50 – 200,amtBtw50And200,"SGD 200 – 39,999.99",std_200_40k,mainCurrencies,2026-09-11 00:15:00,2026-09-10 16:15:14,2026-09-10T16:33:58.754314+00:00,7.5773,,,,,,
standardized,dbs,MXN,SGD,MXN/SGD,100,SGD 50 – 200,amtBtw50And200,"SGD 40,000 – 100,000",std_40k_100k,mainCurrencies,2026-09-11 00:15:00,2026-09-10 16:15:14,2026-09-10T16:33:58.754314+00:00,7.5773,,,,,,
standardized,dbs,MXN,SGD,MXN/SGD,100,SGD 50 – 200,amtBtw50And200,SGD 50 – 200,std_50_200,mainCurrencies,2026-09-11 00:15:00,2026-09-10 16:15:14,2026-09-10T16:33:58.754314+00:00,7.5773,,,,,,
standardized,dbs,MXN,SGD,MXN/SGD,100,SGD < 50,amtLessThan50,SGD < 50,std_lt_50,mainCurrencies,2026-09-11 00:15:00,2026-09-10 16:15:14,2026-09-10T16:33:58.754314+00:00,7.5773,,,,,,
standardized,dbs,MY0,SGD,MY0/SGD,1,SGD 50 – 200,amtBtw50And200,"SGD 200 – 39,999.99",std_200_40k,otherCurrencies,2026-09-11 00:15:00,2026-09-10 16:15:14,2026-09-10T16:33:58.754314+00:00,,0.311,,,,,
standardized,dbs,MY0,SGD,MY0/SGD,1,SGD 50 – 200,amtBtw50And200,"SGD 40,000 – 100,000",std_40k_100k,otherCurrencies,2026-09-11 00:15:00,2026-09-10 16:15:14,2026-09-10T16:33:58.754314+00:00,,0.311,,,,,
standardized,dbs,MY0,SGD,MY0/SGD,1,SGD 50 – 200,amtBtw50And200,SGD 50 – 200,std_50_200,otherCurrencies,2026-09-11 00:15:00,2026-09-10 16:15:14,2026-09-10T16:33:58.754314+00:00,,0.311,,,,,
standardized,dbs,MY0,SGD,MY0/SGD,1,SGD < 50,amtLessThan50,SGD < 50,std_lt_50,otherCurrencies,2026-09-11 00:15:00,2026-09-10 16:15:14,2026-09-10T16:33:58.754314+00:00,,0.311,,,,,
standardized,dbs,MYR,SGD,MYR/SGD,1,SGD 50 – 200,amtBtw50And200,"SGD 200 – 39,999.99",std_200_40k,otherCurrencies,2026-09-11 00:15:00,2026-09-10 16:15:14,2026-09-10T16:33:58.754314+00:00,0.315,,0.31120000000000003,,MAS,1.2210796915166997,
standardized,dbs,MYR,SGD,MYR/SGD,1,SGD 50 – 200,amtBtw50And200,"SGD 40,000 – 100,000",std_40k_100k,otherCurrencies,2026-09-11 00:15:00,2026-09-10 16:15:14,2026-09-10T16:33:58.754314+00:00,0.315,,0.31120000000000003,,MAS,1.2210796915166997,
standardized,dbs,MYR,SGD,MYR/SGD,1,SGD 50 – 200,amtBtw50And200,SGD 50 – 200,std_50_200,otherCurrencies,2026-09-11 00:15:00,2026-09-10 16:15:14,2026-09-10T16:33:58.754314+00:00,0.315,,0.31120000000000003,,MAS,1.2210796915166997,
standardized,dbs,MYR,SGD,MYR/SGD,1,SGD < 50,amtLessThan50,SGD < 50,std_lt_50,otherCurrencies,2026-09-11 00:15:00,2026-09-10 16:15:14,2026-09-10T16:33:58.754314+00:00,0.315,,0.31120000000000003,,MAS,1.2210796915166997,
standardized,dbs,NOK,SGD,NOK/SGD,1,SGD 50 – 200,amtBtw50And200,"SGD 200 – 39,999.99",std_200_40k,mainCurrencies,2026-09-11 00:15:00,2026-09-10 16:15:14,2026-09-10T16:33:58.754314+00:00,0.1386,0.1348,,0.1367,,,
standardized,dbs,NOK,SGD,NOK/SGD,1,SGD 50 – 200,amtBtw50And200,"SGD 40,000 – 100,000",std_40k_100k,mainCurrencies,2026-09-11 00:15:00,2026-09-10 16:15:14,2026-09-10T16:33:58.754314+00:00,0.1386,0.1348,,0.1367,,,
standardized,dbs,NOK,SGD,NOK/SGD,1,SGD 50 – 200,amtBtw50And200,SGD 50 – 200,std_50_200,mainCurrencies,2026-09-11 00:15:00,2026-09-10 16:15:14,2026-09-10T16:33:58.754314+00:00,0.1386,0.1348,,0.1367,,,
standardized,dbs,NOK,SGD,NOK/SGD,1,SGD < 50,amtLessThan50,SGD < 50,std_lt_50,mainCurrencies,2026-09-11 00:15:00,2026-09-10 16:15:14,2026-09-10T16:33:58.754314+00:00,0.139,0.1344,,0.1367,,,
standardized,dbs,NZD,SGD,NZD/SGD,1,SGD 50 – 200,amtBtw50And200,"SGD 200 – 39,999.99",std_200_40k,mainCurrencies,2026-09-11 00:15:00,2026-09-10 16:15:14,2026-09-10T16:33:58.754314+00:00,0.744,0.7269,0.7394,0.7354499999999999,MAS,0.622126048147153,1.6905599134433267
standardized,dbs,NZD,SGD,NZD/SGD,1,SGD 50 – 200,amtBtw50And200,"SGD 40,000 – 100,000",std_40k_100k,mainCurrencies,2026-09-11 00:15:00,2026-09-10 16:15:14,2026-09-10T16:33:58.754314+00:00,0.744,0.7269,0.7394,0.7354499999999999,MAS,0.622126048147153,1.6905599134433267
standardized,dbs,NZD,SGD,NZD/SGD,1,SGD 50 – 200,amtBtw50And200,SGD 50 – 200,std_50_200,mainCurrencies,2026-09-11 00:15:00,2026-09-10 16:15:14,2026-09-10T16:33:58.754314+00:00,0.744,0.7269,0.7394,0.7354499999999999,MAS,0.622126048147153,1.6905599134433267
standardized,dbs,NZD,SGD,NZD/SGD,1,SGD < 50,amtLessThan50,SGD < 50,std_lt_50,mainCurrencies,2026-09-11 00:15:00,2026-09-10 16:15:14,2026-09-10T16:33:58.754314+00:00,0.7447,0.7262,0.7394,0.7354499999999999,MAS,0.7167974032999841,1.7852312685961578
standardized,dbs,OMR,SGD,OMR/SGD,1,SGD 50 – 200,amtBtw50And200,"SGD 200 – 39,999.99",std_200_40k,otherCurrencies,2026-09-11 00:15:00,2026-09-10 16:15:14,2026-09-10T16:33:58.754314+00:00,3.3129,,,,,,
standardized,dbs,OMR,SGD,OMR/SGD,1,SGD 50 – 200,amtBtw50And200,"SGD 40,000 – 100,000",std_40k_100k,otherCurrencies,2026-09-11 00:15:00,2026-09-10 16:15:14,2026-09-10T16:33:58.754314+00:00,3.3129,,,,,,
standardized,dbs,OMR,SGD,OMR/SGD,1,SGD 50 – 200,amtBtw50And200,SGD 50 – 200,std_50_200,otherCurrencies,2026-09-11 00:15:00,2026-09-10 16:15:14,2026-09-10T16:33:58.754314+00:00,3.3129,,,,,,
standardized,dbs,OMR,SGD,OMR/SGD,1,SGD < 50,amtLessThan50,SGD < 50,std_lt_50,otherCurrencies,2026-09-11 00:15:00,2026-09-10 16:15:14,2026-09-10T16:33:58.754314+00:00,3.3129,,,,,,
standardized,dbs,PH0,SGD,PH0/SGD,100,SGD 50 – 200,amtBtw50And200,"SGD 200 – 39,999.99",std_200_40k,otherCurrencies,2026-09-11 00:15:00,2026-09-10 16:15:14,2026-09-10T16:33:58.754314+00:00,,2.0152,,,,,
standardized,dbs,PH0,SGD,PH0/SGD,100,SGD 50 – 200,amtBtw50And200,"SGD 40,000 – 100,000",std_40k_100k,otherCurrencies,2026-09-11 00:15:00,2026-09-10 16:15:14,2026-09-10T16:33:58.754314+00:00,,2.0152,,,,,
standardized,dbs,PH0,SGD,PH0/SGD,100,SGD 50 – 200,amtBtw50And200,SGD 50 – 200,std_50_200,otherCurrencies,2026-09-11 00:15:00,2026-09-10 16:15:14,2026-09-10T16:33:58.754314+00:00,,2.0152,,,,,
standardized,dbs,PH0,SGD,PH0/SGD,100,SGD < 50,amtLessThan50,SGD < 50,std_lt_50,otherCurrencies,2026-09-11 00:15:00,2026-09-10 16:15:14,2026-09-10T16:33:58.754314+00:00,,2.0151,,,,,
standardized,dbs,PHP,SGD,PHP/SGD,100,SGD 50 – 200,amtBtw50And200,"SGD 200 – 39,999.99",std_200_40k,otherCurrencies,2026-09-11 00:15:00,2026-09-10 16:15:14,2026-09-10T16:33:58.754314+00:00,2.0478,,2.0215,,MAS,1.3010140984417506,
standardized,dbs,PHP,SGD,PHP/SGD,100,SGD 50 – 200,amtBtw50And200,"SGD 40,000 – 100,000",std_40k_100k,otherCurrencies,2026-09-11 00:15:00,2026-09-10 16:15:14,2026-09-10T16:33:58.754314+00:00,2.0478,,2.0215,,MAS,1.3010140984417506,
standardized,dbs,PHP,SGD,PHP/SGD,100,SGD 50 – 200,amtBtw50And200,SGD 50 – 200,std_50_200,otherCurrencies,2026-09-11 00:15:00,2026-09-10 16:15:14,2026-09-10T16:33:58.754314+00:00,2.0478,,2.0215,,MAS,1.3010140984417506,
standardized,dbs,PHP,SGD,PHP/SGD,100,SGD < 50,amtLessThan50,SGD < 50,std_lt_50,otherCurrencies,2026-09-11 00:15:00,2026-09-10 16:15:14,2026-09-10T16:33:58.754314+00:00,2.0631,,2.0215,,MAS,2.0578778135048164,
standardized,dbs,PLN,SGD,PLN/SGD,1,SGD 50 – 200,amtBtw50And200,"SGD 200 – 39,999.99",std_200_40k,otherCurrencies,2026-09-11 00:15:00,2026-09-10 16:15:14,2026-09-10T16:33:58.754314+00:00,0.3478,,,,,,
standardized,dbs,PLN,SGD,PLN/SGD,1,SGD 50 – 200,amtBtw50And200,"SGD 40,000 – 100,000",std_40k_100k,otherCurrencies,2026-09-11 00:15:00,2026-09-10 16:15:14,2026-09-10T16:33:58.754314+00:00,0.3478,,,,,,
standardized,dbs,PLN,SGD,PLN/SGD,1,SGD 50 – 200,amtBtw50And200,SGD 50 – 200,std_50_200,otherCurrencies,2026-09-11 00:15:00,2026-09-10 16:15:14,2026-09-10T16:33:58.754314+00:00,0.3478,,,,,,
standardized,dbs,PLN,SGD,PLN/SGD,1,SGD < 50,amtLessThan50,SGD < 50,std_lt_50,otherCurrencies,2026-09-11 00:15:00,2026-09-10 16:15:14,2026-09-10T16:33:58.754314+00:00,0.3492,,,,,,
standardized,dbs,QAR,SGD,QAR/SGD,1,SGD 50 – 200,amtBtw50And200,"SGD 200 – 39,999.99",std_200_40k,otherCurrencies,2026-09-11 00:15:00,2026-09-10 16:15:14,2026-09-10T16:33:58.754314+00:00,0.3554,,0.3467,,MAS,2.509374098644357,
standardized,dbs,QAR,SGD,QAR/SGD,1,SGD 50 – 200,amtBtw50And200,"SGD 40,000 – 100,000",std_40k_100k,otherCurrencies,2026-09-11 00:15:00,2026-09-10 16:15:14,2026-09-10T16:33:58.754314+00:00,0.3554,,0.3467,,MAS,2.509374098644357,
standardized,dbs,QAR,SGD,QAR/SGD,1,SGD 50 – 200,amtBtw50And200,SGD 50 – 200,std_50_200,otherCurrencies,2026-09-11 00:15:00,2026-09-10 16:15:14,2026-09-10T16:33:58.754314+00:00,0.3554,,0.3467,,MAS,2.509374098644357,
standardized,dbs,QAR,SGD,QAR/SGD,1,SGD < 50,amtLessThan50,SGD < 50,std_lt_50,otherCurrencies,2026-09-11 00:15:00,2026-09-10 16:15:14,2026-09-10T16:33:58.754314+00:00,0.3568,,0.3467,,MAS,2.913181424862993,
standardized,dbs,RUB,SGD,RUB/SGD,100,SGD 50 – 200,amtBtw50And200,"SGD 200 – 39,999.99",std_200_40k,mainCurrencies,2026-09-11 00:15:00,2026-09-10 16:15:14,2026-09-10T16:33:58.754314+00:00,,,,,,,
standardized,dbs,RUB,SGD,RUB/SGD,100,SGD 50 – 200,amtBtw50And200,"SGD 40,000 – 100,000",std_40k_100k,mainCurrencies,2026-09-11 00:15:00,2026-09-10 16:15:14,2026-09-10T16:33:58.754314+00:00,,,,,,,
standardized,dbs,RUB,SGD,RUB/SGD,100,SGD 50 – 200,amtBtw50And200,SGD 50 – 200,std_50_200,mainCurrencies,2026-09-11 00:15:00,2026-09-10 16:15:14,2026-09-10T16:33:58.754314+00:00,,,,,,,
standardized,dbs,RUB,SGD,RUB/SGD,100,SGD < 50,amtLessThan50,SGD < 50,std_lt_50,mainCurrencies,2026-09-11 00:15:00,2026-09-10 16:15:14,2026-09-10T16:33:58.754314+00:00,,,,,,,
standardized,dbs,SAR,SGD,SAR/SGD,100,SGD 50 – 200,amtBtw50And200,"SGD 200 – 39,999.99",std_200_40k,otherCurrencies,2026-09-11 00:15:00,2026-09-10 16:15:14,2026-09-10T16:33:58.754314+00:00,34.1693,,33.66,,MAS,1.5130718954248463,
standardized,dbs,SAR,SGD,SAR/SGD,100,SGD 50 – 200,amtBtw50And200,"SGD 40,000 – 100,000",std_40k_100k,otherCurrencies,2026-09-11 00:15:00,2026-09-10 16:15:14,2026-09-10T16:33:58.754314+00:00,34.1693,,33.66,,MAS,1.5130718954248463,
standardized,dbs,SAR,SGD,SAR/SGD,100,SGD 50 – 200,amtBtw50And200,SGD 50 – 200,std_50_200,otherCurrencies,2026-09-11 00:15:00,2026-09-10 16:15:14,2026-09-10T16:33:58.754314+00:00,34.1693,,33.66,,MAS,1.5130718954248463,
standardized,dbs,SAR,SGD,SAR/SGD,100,SGD < 50,amtLessThan50,SGD < 50,std_lt_50,otherCurrencies,2026-09-11 00:15:00,2026-09-10 16:15:14,2026-09-10T16:33:58.754314+00:00,34.1693,,33.66,,MAS,1.5130718954248463,
standardized,dbs,SEK,SGD,SEK/SGD,1,SGD 50 – 200,amtBtw50And200,"SGD 200 – 39,999.99",std_200_40k,mainCurrencies,2026-09-11 00:15:00,2026-09-10 16:15:14,2026-09-10T16:33:58.754314+00:00,0.1328,0.1292,,0.131,,,
standardized,dbs,SEK,SGD,SEK/SGD,1,SGD 50 – 200,amtBtw50And200,"SGD 40,000 – 100,000",std_40k_100k,mainCurrencies,2026-09-11 00:15:00,2026-09-10 16:15:14,2026-09-10T16:33:58.754314+00:00,0.1328,0.1292,,0.131,,,
standardized,dbs,SEK,SGD,SEK/SGD,1,SGD 50 – 200,amtBtw50And200,SGD 50 – 200,std_50_200,mainCurrencies,2026-09-11 00:15:00,2026-09-10 16:15:14,2026-09-10T16:33:58.754314+00:00,0.1328,0.1292,,0.131,,,
standardized,dbs,SEK,SGD,SEK/SGD,1,SGD < 50,amtLessThan50,SGD < 50,std_lt_50,mainCurrencies,2026-09-11 00:15:00,2026-09-10 16:15:14,2026-09-10T16:33:58.754314+00:00,0.1333,0.1287,,0.131,,,
standardized,dbs,THB,SGD,THB/SGD,100,SGD 50 – 200,amtBtw50And200,"SGD 200 – 39,999.99",std_200_40k,mainCurrencies,2026-09-11 00:15:00,2026-09-10 16:15:14,2026-09-10T16:33:58.754314+00:00,3.891,3.7764,3.8412,3.8337000000000003,MAS,1.29646985317088,1.6869728209934387
standardized,dbs,THB,SGD,THB/SGD,100,SGD 50 – 200,amtBtw50And200,"SGD 40,000 – 100,000",std_40k_100k,mainCurrencies,2026-09-11 00:15:00,2026-09-10 16:15:14,2026-09-10T16:33:58.754314+00:00,3.891,3.7764,3.8412,3.8337000000000003,MAS,1.29646985317088,1.6869728209934387
standardized,dbs,THB,SGD,THB/SGD,100,SGD 50 – 200,amtBtw50And200,SGD 50 – 200,std_50_200,mainCurrencies,2026-09-11 00:15:00,2026-09-10 16:15:14,2026-09-10T16:33:58.754314+00:00,3.891,3.7764,3.8412,3.8337000000000003,MAS,1.29646985317088,1.6869728209934387
standardized,dbs,THB,SGD,THB/SGD,100,SGD < 50,amtLessThan50,SGD < 50,std_lt_50,mainCurrencies,2026-09-11 00:15:00,2026-09-10 16:15:14,2026-09-10T16:33:58.754314+00:00,3.8953,3.7722,3.8412,3.83375,MAS,1.4084140372800176,1.796313651983754
standardized,dbs,TND,SGD,TND/SGD,1,SGD 50 – 200,amtBtw50And200,"SGD 200 – 39,999.99",std_200_40k,otherCurrencies,2026-09-11 00:15:00,2026-09-10 16:15:14,2026-09-10T16:33:58.754314+00:00,0.4435,,,,,,
standardized,dbs,TND,SGD,TND/SGD,1,SGD 50 – 200,amtBtw50And200,"SGD 40,000 – 100,000",std_40k_100k,otherCurrencies,2026-09-11 00:15:00,2026-09-10 16:15:14,2026-09-10T16:33:58.754314+00:00,0.4435,,,,,,
standardized,dbs,TND,SGD,TND/SGD,1,SGD 50 – 200,amtBtw50And200,SGD 50 – 200,std_50_200,otherCurrencies,2026-09-11 00:15:00,2026-09-10 16:15:14,2026-09-10T16:33:58.754314+00:00,0.4435,,,,,,
standardized,dbs,TND,SGD,TND/SGD,1,SGD < 50,amtLessThan50,SGD < 50,std_lt_50,otherCurrencies,2026-09-11 00:15:00,2026-09-10 16:15:14,2026-09-10T16:33:58.754314+00:00,0.4435,,,,,,
standardized,dbs,TWD,SGD,TWD/SGD,100,SGD 50 – 200,amtBtw50And200,"SGD 200 – 39,999.99",std_200_40k,otherCurrencies,2026-09-11 00:15:00,2026-09-10 16:15:14,2026-09-10T16:33:58.754314+00:00,4.0646,,4.0105,,MAS,1.3489589826704906,
standardized,dbs,TWD,SGD,TWD/SGD,100,SGD 50 – 200,amtBtw50And200,"SGD 40,000 – 100,000",std_40k_100k,otherCurrencies,2026-09-11 00:15:00,2026-09-10 16:15:14,2026-09-10T16:33:58.754314+00:00,4.0646,,4.0105,,MAS,1.3489589826704906,
standardized,dbs,TWD,SGD,TWD/SGD,100,SGD 50 – 200,amtBtw50And200,SGD 50 – 200,std_50_200,otherCurrencies,2026-09-11 00:15:00,2026-09-10 16:15:14,2026-09-10T16:33:58.754314+00:00,4.0646,,4.0105,,MAS,1.3489589826704906,
standardized,dbs,TWD,SGD,TWD/SGD,100,SGD < 50,amtLessThan50,SGD < 50,std_lt_50,otherCurrencies,2026-09-11 00:15:00,2026-09-10 16:15:14,2026-09-10T16:33:58.754314+00:00,4.0687,,4.0105,,MAS,1.4511906246103818,
standardized,dbs,USD,SGD,USD/SGD,1,SGD 50 – 200,amtBtw50And200,"SGD 200 – 39,999.99",std_200_40k,mainCurrencies,2026-09-11 00:15:00,2026-09-10 16:15:14,2026-09-10T16:33:58.754314+00:00,1.2778,1.2567,1.264,1.26725,MAS,1.0917721518987369,0.5775316455696269
standardized,dbs,USD,SGD,USD/SGD,1,SGD 50 – 200,amtBtw50And200,"SGD 40,000 – 100,000",std_40k_100k,mainCurrencies,2026-09-11 00:15:00,2026-09-10 16:15:14,2026-09-10T16:33:58.754314+00:00,1.2778,1.2567,1.264,1.26725,MAS,1.0917721518987369,0.5775316455696269
standardized,dbs,USD,SGD,USD/SGD,1,SGD 50 – 200,amtBtw50And200,SGD 50 – 200,std_50_200,mainCurrencies,2026-09-11 00:15:00,2026-09-10 16:15:14,2026-09-10T16:33:58.754314+00:00,1.2778,1.2567,1.264,1.26725,MAS,1.0917721518987369,0.5775316455696269
standardized,dbs,USD,SGD,USD/SGD,1,SGD < 50,amtLessThan50,SGD < 50,std_lt_50,mainCurrencies,2026-09-11 00:15:00,2026-09-10 16:15:14,2026-09-10T16:33:58.754314+00:00,1.2787,1.2558,1.264,1.26725,MAS,1.1629746835442987,0.6487341772151887
standardized,dbs,VND,SGD,VND/SGD,100,SGD 50 – 200,amtBtw50And200,"SGD 200 – 39,999.99",std_200_40k,otherCurrencies,2026-09-11 00:15:00,2026-09-10 16:15:14,2026-09-10T16:33:58.754314+00:00,0.005,,0.004881,,MAS,2.4380249948781025,
standardized,dbs,VND,SGD,VND/SGD,100,SGD 50 – 200,amtBtw50And200,"SGD 40,000 – 100,000",std_40k_100k,otherCurrencies,2026-09-11 00:15:00,2026-09-10 16:15:14,2026-09-10T16:33:58.754314+00:00,0.005,,0.004881,,MAS,2.4380249948781025,
standardized,dbs,VND,SGD,VND/SGD,100,SGD 50 – 200,amtBtw50And200,SGD 50 – 200,std_50_200,otherCurrencies,2026-09-11 00:15:00,2026-09-10 16:15:14,2026-09-10T16:33:58.754314+00:00,0.005,,0.004881,,MAS,2.4380249948781025,
standardized,dbs,VND,SGD,VND/SGD,100,SGD < 50,amtLessThan50,SGD < 50,std_lt_50,otherCurrencies,2026-09-11 00:15:00,2026-09-10 16:15:14,2026-09-10T16:33:58.754314+00:00,0.005,,0.004881,,MAS,2.4380249948781025,
standardized,dbs,XAU,SGD,XAU/SGD,1,SGD 50 – 200,amtBtw50And200,"SGD 200 – 39,999.99",std_200_40k,otherCurrencies,2026-09-11 00:15:00,2026-09-10 16:15:14,2026-09-10T16:33:58.754314+00:00,5555.402,5488.153,,5521.7775,,,
standardized,dbs,XAU,SGD,XAU/SGD,1,SGD 50 – 200,amtBtw50And200,"SGD 40,000 – 100,000",std_40k_100k,otherCurrencies,2026-09-11 00:15:00,2026-09-10 16:15:14,2026-09-10T16:33:58.754314+00:00,5555.402,5488.153,,5521.7775,,,
standardized,dbs,XAU,SGD,XAU/SGD,1,SGD 50 – 200,amtBtw50And200,SGD 50 – 200,std_50_200,otherCurrencies,2026-09-11 00:15:00,2026-09-10 16:15:14,2026-09-10T16:33:58.754314+00:00,5555.402,5488.153,,5521.7775,,,
standardized,dbs,XAU,SGD,XAU/SGD,1,SGD < 50,amtLessThan50,SGD < 50,std_lt_50,otherCurrencies,2026-09-11 00:15:00,2026-09-10 16:15:14,2026-09-10T16:33:58.754314+00:00,5555.019,5487.618,,5521.3185,,,
standardized,dbs,ZAR,SGD,ZAR/SGD,1,SGD 50 – 200,amtBtw50And200,"SGD 200 – 39,999.99",std_200_40k,otherCurrencies,2026-09-11 00:15:00,2026-09-10 16:15:14,2026-09-10T16:33:58.754314+00:00,0.0792,0.0772,,0.0782,,,
standardized,dbs,ZAR,SGD,ZAR/SGD,1,SGD 50 – 200,amtBtw50And200,"SGD 40,000 – 100,000",std_40k_100k,otherCurrencies,2026-09-11 00:15:00,2026-09-10 16:15:14,2026-09-10T16:33:58.754314+00:00,0.0792,0.0772,,0.0782,,,
standardized,dbs,ZAR,SGD,ZAR/SGD,1,SGD 50 – 200,amtBtw50And200,SGD 50 – 200,std_50_200,otherCurrencies,2026-09-11 00:15:00,2026-09-10 16:15:14,2026-09-10T16:33:58.754314+00:00,0.0792,0.0772,,0.0782,,,
standardized,dbs,ZAR,SGD,ZAR/SGD,1,SGD < 50,amtLessThan50,SGD < 50,std_lt_50,otherCurrencies,2026-09-11 00:15:00,2026-09-10 16:15:14,2026-09-10T16:33:58.754314+00:00,0.0795,0.0769,,0.07819999999999999,,,
standardized,hsbc,AED,SGD,AED/SGD,100,Indicative board,board,"SGD 200 – 39,999.99",std_200_40k,indicative_fx,2026-9-10,2026-9-10,2026-09-10T16:34:03.012555+00:00,35.55,33.3,34.41,34.425,MAS,3.3129904097646055,3.2258064516129017
standardized,hsbc,AED,SGD,AED/SGD,100,Indicative board,board,"SGD 40,000 – 100,000",std_40k_100k,indicative_fx,2026-9-10,2026-9-10,2026-09-10T16:34:03.012555+00:00,35.55,33.3,34.41,34.425,MAS,3.3129904097646055,3.2258064516129017
standardized,hsbc,AED,SGD,AED/SGD,100,Indicative board,board,SGD 50 – 200,std_50_200,indicative_fx,2026-9-10,2026-9-10,2026-09-10T16:34:03.012555+00:00,35.55,33.3,34.41,34.425,MAS,3.3129904097646055,3.2258064516129017
standardized,hsbc,AED,SGD,AED/SGD,100,Indicative board,board,SGD < 50,std_lt_50,indicative_fx,2026-9-10,2026-9-10,2026-09-10T16:34:03.012555+00:00,35.55,33.3,34.41,34.425,MAS,3.3129904097646055,3.2258064516129017
standardized,hsbc,AUD,SGD,AUD/SGD,1,Indicative board,board,"SGD 200 – 39,999.99",std_200_40k,indicative_fx,2026-9-10,2026-9-10,2026-09-10T16:34:03.012555+00:00,0.94,0.8851,0.9125,0.91255,MAS,3.013698630136983,3.002739726027395
standardized,hsbc,AUD,SGD,AUD/SGD,1,Indicative board,board,"SGD 40,000 – 100,000",std_40k_100k,indicative_fx,2026-9-10,2026-9-10,2026-09-10T16:34:03.012555+00:00,0.94,0.8851,0.9125,0.91255,MAS,3.013698630136983,3.002739726027395
standardized,hsbc,AUD,SGD,AUD/SGD,1,Indicative board,board,SGD 50 – 200,std_50_200,indicative_fx,2026-9-10,2026-9-10,2026-09-10T16:34:03.012555+00:00,0.94,0.8851,0.9125,0.91255,MAS,3.013698630136983,3.002739726027395
standardized,hsbc,AUD,SGD,AUD/SGD,1,Indicative board,board,SGD < 50,std_lt_50,indicative_fx,2026-9-10,2026-9-10,2026-09-10T16:34:03.012555+00:00,0.94,0.8851,0.9125,0.91255,MAS,3.013698630136983,3.002739726027395
standardized,hsbc,CAD,SGD,CAD/SGD,1,Indicative board,board,"SGD 200 – 39,999.99",std_200_40k,indicative_fx,2026-9-10,2026-9-10,2026-09-10T16:34:03.012555+00:00,0.9435,0.8883,0.9154000000000001,0.9158999999999999,MAS,3.069696307625071,2.9604544461437756
standardized,hsbc,CAD,SGD,CAD/SGD,1,Indicative board,board,"SGD 40,000 – 100,000",std_40k_100k,indicative_fx,2026-9-10,2026-9-10,2026-09-10T16:34:03.012555+00:00,0.9435,0.8883,0.9154000000000001,0.9158999999999999,MAS,3.069696307625071,2.9604544461437756
standardized,hsbc,CAD,SGD,CAD/SGD,1,Indicative board,board,SGD 50 – 200,std_50_200,indicative_fx,2026-9-10,2026-9-10,2026-09-10T16:34:03.012555+00:00,0.9435,0.8883,0.9154000000000001,0.9158999999999999,MAS,3.069696307625071,2.9604544461437756
standardized,hsbc,CAD,SGD,CAD/SGD,1,Indicative board,board,SGD < 50,std_lt_50,indicative_fx,2026-9-10,2026-9-10,2026-09-10T16:34:03.012555+00:00,0.9435,0.8883,0.9154000000000001,0.9158999999999999,MAS,3.069696307625071,2.9604544461437756
standardized,hsbc,CHF,SGD,CHF/SGD,100,Indicative board,board,"SGD 200 – 39,999.99",std_200_40k,indicative_fx,2026-9-10,2026-9-10,2026-09-10T16:34:03.012555+00:00,160.75,151.34,156.23,156.04500000000002,MAS,2.893170325801709,3.1300006400819216
standardized,hsbc,CHF,SGD,CHF/SGD,100,Indicative board,board,"SGD 40,000 – 100,000",std_40k_100k,indicative_fx,2026-9-10,2026-9-10,2026-09-10T16:34:03.012555+00:00,160.75,151.34,156.23,156.04500000000002,MAS,2.893170325801709,3.1300006400819216
standardized,hsbc,CHF,SGD,CHF/SGD,100,Indicative board,board,SGD 50 – 200,std_50_200,indicative_fx,2026-9-10,2026-9-10,2026-09-10T16:34:03.012555+00:00,160.75,151.34,156.23,156.04500000000002,MAS,2.893170325801709,3.1300006400819216
standardized,hsbc,CHF,SGD,CHF/SGD,100,Indicative board,board,SGD < 50,std_lt_50,indicative_fx,2026-9-10,2026-9-10,2026-09-10T16:34:03.012555+00:00,160.75,151.34,156.23,156.04500000000002,MAS,2.893170325801709,3.1300006400819216
standardized,hsbc,CNY,SGD,CNY/SGD,100,Indicative board,board,"SGD 200 – 39,999.99",std_200_40k,indicative_fx,2026-9-10,2026-9-10,2026-09-10T16:34:03.012555+00:00,19.47,18.24,18.84,18.854999999999997,MAS,3.343949044585982,3.184713375796186
standardized,hsbc,CNY,SGD,CNY/SGD,100,Indicative board,board,"SGD 40,000 – 100,000",std_40k_100k,indicative_fx,2026-9-10,2026-9-10,2026-09-10T16:34:03.012555+00:00,19.47,18.24,18.84,18.854999999999997,MAS,3.343949044585982,3.184713375796186
standardized,hsbc,CNY,SGD,CNY/SGD,100,Indicative board,board,SGD 50 – 200,std_50_200,indicative_fx,2026-9-10,2026-9-10,2026-09-10T16:34:03.012555+00:00,19.47,18.24,18.84,18.854999999999997,MAS,3.343949044585982,3.184713375796186
standardized,hsbc,CNY,SGD,CNY/SGD,100,Indicative board,board,SGD < 50,std_lt_50,indicative_fx,2026-9-10,2026-9-10,2026-09-10T16:34:03.012555+00:00,19.47,18.24,18.84,18.854999999999997,MAS,3.343949044585982,3.184713375796186
standardized,hsbc,DKK,SGD,DKK/SGD,100,Indicative board,board,"SGD 200 – 39,999.99",std_200_40k,indicative_fx,2026-9-10,2026-9-10,2026-09-10T16:34:03.012555+00:00,20.27,19.08,,19.674999999999997,,,
standardized,hsbc,DKK,SGD,DKK/SGD,100,Indicative board,board,"SGD 40,000 – 100,000",std_40k_100k,indicative_fx,2026-9-10,2026-9-10,2026-09-10T16:34:03.012555+00:00,20.27,19.08,,19.674999999999997,,,
standardized,hsbc,DKK,SGD,DKK/SGD,100,Indicative board,board,SGD 50 – 200,std_50_200,indicative_fx,2026-9-10,2026-9-10,2026-09-10T16:34:03.012555+00:00,20.27,19.08,,19.674999999999997,,,
standardized,hsbc,DKK,SGD,DKK/SGD,100,Indicative board,board,SGD < 50,std_lt_50,indicative_fx,2026-9-10,2026-9-10,2026-09-10T16:34:03.012555+00:00,20.27,19.08,,19.674999999999997,,,
standardized,hsbc,EUR,SGD,EUR/SGD,1,Indicative board,board,"SGD 200 – 39,999.99",std_200_40k,indicative_fx,2026-9-10,2026-9-10,2026-09-10T16:34:03.012555+00:00,1.515,1.4264,1.471,1.4707,MAS,2.9911624745071252,3.0319510537049754
standardized,hsbc,EUR,SGD,EUR/SGD,1,Indicative board,board,"SGD 40,000 – 100,000",std_40k_100k,indicative_fx,2026-9-10,2026-9-10,2026-09-10T16:34:03.012555+00:00,1.515,1.4264,1.471,1.4707,MAS,2.9911624745071252,3.0319510537049754
standardized,hsbc,EUR,SGD,EUR/SGD,1,Indicative board,board,SGD 50 – 200,std_50_200,indicative_fx,2026-9-10,2026-9-10,2026-09-10T16:34:03.012555+00:00,1.515,1.4264,1.471,1.4707,MAS,2.9911624745071252,3.0319510537049754
standardized,hsbc,EUR,SGD,EUR/SGD,1,Indicative board,board,SGD < 50,std_lt_50,indicative_fx,2026-9-10,2026-9-10,2026-09-10T16:34:03.012555+00:00,1.515,1.4264,1.471,1.4707,MAS,2.9911624745071252,3.0319510537049754
standardized,hsbc,FJD,SGD,FJD/SGD,1,Indicative board,board,"SGD 200 – 39,999.99",std_200_40k,indicative_fx,2026-9-10,2026-9-10,2026-09-10T16:34:03.012555+00:00,0.6002,,,,,,
standardized,hsbc,FJD,SGD,FJD/SGD,1,Indicative board,board,"SGD 40,000 – 100,000",std_40k_100k,indicative_fx,2026-9-10,2026-9-10,2026-09-10T16:34:03.012555+00:00,0.6002,,,,,,
standardized,hsbc,FJD,SGD,FJD/SGD,1,Indicative board,board,SGD 50 – 200,std_50_200,indicative_fx,2026-9-10,2026-9-10,2026-09-10T16:34:03.012555+00:00,0.6002,,,,,,
standardized,hsbc,FJD,SGD,FJD/SGD,1,Indicative board,board,SGD < 50,std_lt_50,indicative_fx,2026-9-10,2026-9-10,2026-09-10T16:34:03.012555+00:00,0.6002,,,,,,
standardized,hsbc,GBP,SGD,GBP/SGD,1,Indicative board,board,"SGD 200 – 39,999.99",std_200_40k,indicative_fx,2026-9-10,2026-9-10,2026-09-10T16:34:03.012555+00:00,1.7644,1.6613,1.7135,1.71285,MAS,2.970528158739419,3.046396264954772
standardized,hsbc,GBP,SGD,GBP/SGD,1,Indicative board,board,"SGD 40,000 – 100,000",std_40k_100k,indicative_fx,2026-9-10,2026-9-10,2026-09-10T16:34:03.012555+00:00,1.7644,1.6613,1.7135,1.71285,MAS,2.970528158739419,3.046396264954772
standardized,hsbc,GBP,SGD,GBP/SGD,1,Indicative board,board,SGD 50 – 200,std_50_200,indicative_fx,2026-9-10,2026-9-10,2026-09-10T16:34:03.012555+00:00,1.7644,1.6613,1.7135,1.71285,MAS,2.970528158739419,3.046396264954772
standardized,hsbc,GBP,SGD,GBP/SGD,1,Indicative board,board,SGD < 50,std_lt_50,indicative_fx,2026-9-10,2026-9-10,2026-09-10T16:34:03.012555+00:00,1.7644,1.6613,1.7135,1.71285,MAS,2.970528158739419,3.046396264954772
standardized,hsbc,HKD,SGD,HKD/SGD,100,Indicative board,board,"SGD 200 – 39,999.99",std_200_40k,indicative_fx,2026-9-10,2026-9-10,2026-09-10T16:34:03.012555+00:00,16.33,15.92,16.12,16.125,MAS,1.3027295285359632,1.2406947890818925
standardized,hsbc,HKD,SGD,HKD/SGD,100,Indicative board,board,"SGD 40,000 – 100,000",std_40k_100k,indicative_fx,2026-9-10,2026-9-10,2026-09-10T16:34:03.012555+00:00,16.33,15.92,16.12,16.125,MAS,1.3027295285359632,1.2406947890818925
standardized,hsbc,HKD,SGD,HKD/SGD,100,Indicative board,board,SGD 50 – 200,std_50_200,indicative_fx,2026-9-10,2026-9-10,2026-09-10T16:34:03.012555+00:00,16.33,15.92,16.12,16.125,MAS,1.3027295285359632,1.2406947890818925
standardized,hsbc,HKD,SGD,HKD/SGD,100,Indicative board,board,SGD < 50,std_lt_50,indicative_fx,2026-9-10,2026-9-10,2026-09-10T16:34:03.012555+00:00,16.33,15.92,16.12,16.125,MAS,1.3027295285359632,1.2406947890818925
standardized,hsbc,IDR,SGD,IDR/SGD,100,Indicative board,board,"SGD 200 – 39,999.99",std_200_40k,indicative_fx,2026-9-10,2026-9-10,2026-09-10T16:34:03.012555+00:00,0.0075,,0.007206999999999999,,MAS,4.065491882891644,
standardized,hsbc,IDR,SGD,IDR/SGD,100,Indicative board,board,"SGD 40,000 – 100,000",std_40k_100k,indicative_fx,2026-9-10,2026-9-10,2026-09-10T16:34:03.012555+00:00,0.0075,,0.007206999999999999,,MAS,4.065491882891644,
standardized,hsbc,IDR,SGD,IDR/SGD,100,Indicative board,board,SGD 50 – 200,std_50_200,indicative_fx,2026-9-10,2026-9-10,2026-09-10T16:34:03.012555+00:00,0.0075,,0.007206999999999999,,MAS,4.065491882891644,
standardized,hsbc,IDR,SGD,IDR/SGD,100,Indicative board,board,SGD < 50,std_lt_50,indicative_fx,2026-9-10,2026-9-10,2026-09-10T16:34:03.012555+00:00,0.0075,,0.007206999999999999,,MAS,4.065491882891644,
standardized,hsbc,INR,SGD,INR/SGD,100,Indicative board,board,"SGD 200 – 39,999.99",std_200_40k,indicative_fx,2026-9-10,2026-9-10,2026-09-10T16:34:03.012555+00:00,1.37,,1.3267,,MAS,3.2637370920328723,
standardized,hsbc,INR,SGD,INR/SGD,100,Indicative board,board,"SGD 40,000 – 100,000",std_40k_100k,indicative_fx,2026-9-10,2026-9-10,2026-09-10T16:34:03.012555+00:00,1.37,,1.3267,,MAS,3.2637370920328723,
standardized,hsbc,INR,SGD,INR/SGD,100,Indicative board,board,SGD 50 – 200,std_50_200,indicative_fx,2026-9-10,2026-9-10,2026-09-10T16:34:03.012555+00:00,1.37,,1.3267,,MAS,3.2637370920328723,
standardized,hsbc,INR,SGD,INR/SGD,100,Indicative board,board,SGD < 50,std_lt_50,indicative_fx,2026-9-10,2026-9-10,2026-09-10T16:34:03.012555+00:00,1.37,,1.3267,,MAS,3.2637370920328723,
standardized,hsbc,JPY,SGD,JPY/SGD,100,Indicative board,board,"SGD 200 – 39,999.99",std_200_40k,indicative_fx,2026-9-10,2026-9-10,2026-09-10T16:34:03.012555+00:00,0.8478,0.7982,0.824,0.823,MAS,2.8883495145631124,3.1310679611650407
standardized,hsbc,JPY,SGD,JPY/SGD,100,Indicative board,board,"SGD 40,000 – 100,000",std_40k_100k,indicative_fx,2026-9-10,2026-9-10,2026-09-10T16:34:03.012555+00:00,0.8478,0.7982,0.824,0.823,MAS,2.8883495145631124,3.1310679611650407
standardized,hsbc,JPY,SGD,JPY/SGD,100,Indicative board,board,SGD 50 – 200,std_50_200,indicative_fx,2026-9-10,2026-9-10,2026-09-10T16:34:03.012555+00:00,0.8478,0.7982,0.824,0.823,MAS,2.8883495145631124,3.1310679611650407
standardized,hsbc,JPY,SGD,JPY/SGD,100,Indicative board,board,SGD < 50,std_lt_50,indicative_fx,2026-9-10,2026-9-10,2026-09-10T16:34:03.012555+00:00,0.8478,0.7982,0.824,0.823,MAS,2.8883495145631124,3.1310679611650407
standardized,hsbc,LKR,SGD,LKR/SGD,100,Indicative board,board,"SGD 200 – 39,999.99",std_200_40k,indicative_fx,2026-9-10,2026-9-10,2026-09-10T16:34:03.012555+00:00,0.4,,,,,,
standardized,hsbc,LKR,SGD,LKR/SGD,100,Indicative board,board,"SGD 40,000 – 100,000",std_40k_100k,indicative_fx,2026-9-10,2026-9-10,2026-09-10T16:34:03.012555+00:00,0.4,,,,,,
standardized,hsbc,LKR,SGD,LKR/SGD,100,Indicative board,board,SGD 50 – 200,std_50_200,indicative_fx,2026-9-10,2026-9-10,2026-09-10T16:34:03.012555+00:00,0.4,,,,,,
standardized,hsbc,LKR,SGD,LKR/SGD,100,Indicative board,board,SGD < 50,std_lt_50,indicative_fx,2026-9-10,2026-9-10,2026-09-10T16:34:03.012555+00:00,0.4,,,,,,
standardized,hsbc,MUR,SGD,MUR/SGD,100,Indicative board,board,"SGD 200 – 39,999.99",std_200_40k,indicative_fx,2026-9-10,2026-9-10,2026-09-10T16:34:03.012555+00:00,2.8,2.6,,2.7,,,
standardized,hsbc,MUR,SGD,MUR/SGD,100,Indicative board,board,"SGD 40,000 – 100,000",std_40k_100k,indicative_fx,2026-9-10,2026-9-10,2026-09-10T16:34:03.012555+00:00,2.8,2.6,,2.7,,,
standardized,hsbc,MUR,SGD,MUR/SGD,100,Indicative board,board,SGD 50 – 200,std_50_200,indicative_fx,2026-9-10,2026-9-10,2026-09-10T16:34:03.012555+00:00,2.8,2.6,,2.7,,,
standardized,hsbc,MUR,SGD,MUR/SGD,100,Indicative board,board,SGD < 50,std_lt_50,indicative_fx,2026-9-10,2026-9-10,2026-09-10T16:34:03.012555+00:00,2.8,2.6,,2.7,,,
standardized,hsbc,NOK,SGD,NOK/SGD,100,Indicative board,board,"SGD 200 – 39,999.99",std_200_40k,indicative_fx,2026-9-10,2026-9-10,2026-09-10T16:34:03.012555+00:00,14.16,13.33,,13.745000000000001,,,
standardized,hsbc,NOK,SGD,NOK/SGD,100,Indicative board,board,"SGD 40,000 – 100,000",std_40k_100k,indicative_fx,2026-9-10,2026-9-10,2026-09-10T16:34:03.012555+00:00,14.16,13.33,,13.745000000000001,,,
standardized,hsbc,NOK,SGD,NOK/SGD,100,Indicative board,board,SGD 50 – 200,std_50_200,indicative_fx,2026-9-10,2026-9-10,2026-09-10T16:34:03.012555+00:00,14.16,13.33,,13.745000000000001,,,
standardized,hsbc,NOK,SGD,NOK/SGD,100,Indicative board,board,SGD < 50,std_lt_50,indicative_fx,2026-9-10,2026-9-10,2026-09-10T16:34:03.012555+00:00,14.16,13.33,,13.745000000000001,,,
standardized,hsbc,NZD,SGD,NZD/SGD,1,Indicative board,board,"SGD 200 – 39,999.99",std_200_40k,indicative_fx,2026-9-10,2026-9-10,2026-09-10T16:34:03.012555+00:00,0.7612,0.7166,0.7394,0.7389,MAS,2.9483364890451775,3.0835812821206297
standardized,hsbc,NZD,SGD,NZD/SGD,1,Indicative board,board,"SGD 40,000 – 100,000",std_40k_100k,indicative_fx,2026-9-10,2026-9-10,2026-09-10T16:34:03.012555+00:00,0.7612,0.7166,0.7394,0.7389,MAS,2.9483364890451775,3.0835812821206297
standardized,hsbc,NZD,SGD,NZD/SGD,1,Indicative board,board,SGD 50 – 200,std_50_200,indicative_fx,2026-9-10,2026-9-10,2026-09-10T16:34:03.012555+00:00,0.7612,0.7166,0.7394,0.7389,MAS,2.9483364890451775,3.0835812821206297
standardized,hsbc,NZD,SGD,NZD/SGD,1,Indicative board,board,SGD < 50,std_lt_50,indicative_fx,2026-9-10,2026-9-10,2026-09-10T16:34:03.012555+00:00,0.7612,0.7166,0.7394,0.7389,MAS,2.9483364890451775,3.0835812821206297
standardized,hsbc,PHP,SGD,PHP/SGD,100,Indicative board,board,"SGD 200 – 39,999.99",std_200_40k,indicative_fx,2026-9-10,2026-9-10,2026-09-10T16:34:03.012555+00:00,2.09,,2.0215,,MAS,3.388572841949037,
standardized,hsbc,PHP,SGD,PHP/SGD,100,Indicative board,board,"SGD 40,000 – 100,000",std_40k_100k,indicative_fx,2026-9-10,2026-9-10,2026-09-10T16:34:03.012555+00:00,2.09,,2.0215,,MAS,3.388572841949037,
standardized,hsbc,PHP,SGD,PHP/SGD,100,Indicative board,board,SGD 50 – 200,std_50_200,indicative_fx,2026-9-10,2026-9-10,2026-09-10T16:34:03.012555+00:00,2.09,,2.0215,,MAS,3.388572841949037,
standardized,hsbc,PHP,SGD,PHP/SGD,100,Indicative board,board,SGD < 50,std_lt_50,indicative_fx,2026-9-10,2026-9-10,2026-09-10T16:34:03.012555+00:00,2.09,,2.0215,,MAS,3.388572841949037,
standardized,hsbc,PKR,SGD,PKR/SGD,100,Indicative board,board,"SGD 200 – 39,999.99",std_200_40k,indicative_fx,2026-9-10,2026-9-10,2026-09-10T16:34:03.012555+00:00,0.47,,,,,,
standardized,hsbc,PKR,SGD,PKR/SGD,100,Indicative board,board,"SGD 40,000 – 100,000",std_40k_100k,indicative_fx,2026-9-10,2026-9-10,2026-09-10T16:34:03.012555+00:00,0.47,,,,,,
standardized,hsbc,PKR,SGD,PKR/SGD,100,Indicative board,board,SGD 50 – 200,std_50_200,indicative_fx,2026-9-10,2026-9-10,2026-09-10T16:34:03.012555+00:00,0.47,,,,,,
standardized,hsbc,PKR,SGD,PKR/SGD,100,Indicative board,board,SGD < 50,std_lt_50,indicative_fx,2026-9-10,2026-9-10,2026-09-10T16:34:03.012555+00:00,0.47,,,,,,
standardized,hsbc,QAR,SGD,QAR/SGD,100,Indicative board,board,"SGD 200 – 39,999.99",std_200_40k,indicative_fx,2026-9-10,2026-9-10,2026-09-10T16:34:03.012555+00:00,35.13,34.25,34.67,34.69,MAS,1.3267955004326533,1.2114219786559033
standardized,hsbc,QAR,SGD,QAR/SGD,100,Indicative board,board,"SGD 40,000 – 100,000",std_40k_100k,indicative_fx,2026-9-10,2026-9-10,2026-09-10T16:34:03.012555+00:00,35.13,34.25,34.67,34.69,MAS,1.3267955004326533,1.2114219786559033
standardized,hsbc,QAR,SGD,QAR/SGD,100,Indicative board,board,SGD 50 – 200,std_50_200,indicative_fx,2026-9-10,2026-9-10,2026-09-10T16:34:03.012555+00:00,35.13,34.25,34.67,34.69,MAS,1.3267955004326533,1.2114219786559033
standardized,hsbc,QAR,SGD,QAR/SGD,100,Indicative board,board,SGD < 50,std_lt_50,indicative_fx,2026-9-10,2026-9-10,2026-09-10T16:34:03.012555+00:00,35.13,34.25,34.67,34.69,MAS,1.3267955004326533,1.2114219786559033
standardized,hsbc,RUB,SGD,RUB/SGD,100,Indicative board,board,"SGD 200 – 39,999.99",std_200_40k,indicative_fx,2026-9-10,2026-9-10,2026-09-10T16:34:03.012555+00:00,15.62,14.13,,14.875,,,
standardized,hsbc,RUB,SGD,RUB/SGD,100,Indicative board,board,"SGD 40,000 – 100,000",std_40k_100k,indicative_fx,2026-9-10,2026-9-10,2026-09-10T16:34:03.012555+00:00,15.62,14.13,,14.875,,,
standardized,hsbc,RUB,SGD,RUB/SGD,100,Indicative board,board,SGD 50 – 200,std_50_200,indicative_fx,2026-9-10,2026-9-10,2026-09-10T16:34:03.012555+00:00,15.62,14.13,,14.875,,,
standardized,hsbc,RUB,SGD,RUB/SGD,100,Indicative board,board,SGD < 50,std_lt_50,indicative_fx,2026-9-10,2026-9-10,2026-09-10T16:34:03.012555+00:00,15.62,14.13,,14.875,,,
standardized,hsbc,SAR,SGD,SAR/SGD,100,Indicative board,board,"SGD 200 – 39,999.99",std_200_40k,indicative_fx,2026-9-10,2026-9-10,2026-09-10T16:34:03.012555+00:00,34.11,33.24,33.66,33.675,MAS,1.3368983957219338,1.2477718360071142
standardized,hsbc,SAR,SGD,SAR/SGD,100,Indicative board,board,"SGD 40,000 – 100,000",std_40k_100k,indicative_fx,2026-9-10,2026-9-10,2026-09-10T16:34:03.012555+00:00,34.11,33.24,33.66,33.675,MAS,1.3368983957219338,1.2477718360071142
standardized,hsbc,SAR,SGD,SAR/SGD,100,Indicative board,board,SGD 50 – 200,std_50_200,indicative_fx,2026-9-10,2026-9-10,2026-09-10T16:34:03.012555+00:00,34.11,33.24,33.66,33.675,MAS,1.3368983957219338,1.2477718360071142
standardized,hsbc,SAR,SGD,SAR/SGD,100,Indicative board,board,SGD < 50,std_lt_50,indicative_fx,2026-9-10,2026-9-10,2026-09-10T16:34:03.012555+00:00,34.11,33.24,33.66,33.675,MAS,1.3368983957219338,1.2477718360071142
standardized,hsbc,SEK,SGD,SEK/SGD,100,Indicative board,board,"SGD 200 – 39,999.99",std_200_40k,indicative_fx,2026-9-10,2026-9-10,2026-09-10T16:34:03.012555+00:00,13.58,12.78,,13.18,,,
standardized,hsbc,SEK,SGD,SEK/SGD,100,Indicative board,board,"SGD 40,000 – 100,000",std_40k_100k,indicative_fx,2026-9-10,2026-9-10,2026-09-10T16:34:03.012555+00:00,13.58,12.78,,13.18,,,
standardized,hsbc,SEK,SGD,SEK/SGD,100,Indicative board,board,SGD 50 – 200,std_50_200,indicative_fx,2026-9-10,2026-9-10,2026-09-10T16:34:03.012555+00:00,13.58,12.78,,13.18,,,
standardized,hsbc,SEK,SGD,SEK/SGD,100,Indicative board,board,SGD < 50,std_lt_50,indicative_fx,2026-9-10,2026-9-10,2026-09-10T16:34:03.012555+00:00,13.58,12.78,,13.18,,,
standardized,hsbc,THB,SGD,THB/SGD,100,Indicative board,board,"SGD 200 – 39,999.99",std_200_40k,indicative_fx,2026-9-10,2026-9-10,2026-09-10T16:34:03.012555+00:00,3.97,,3.8412,,MAS,3.3531188170363437,
standardized,hsbc,THB,SGD,THB/SGD,100,Indicative board,board,"SGD 40,000 – 100,000",std_40k_100k,indicative_fx,2026-9-10,2026-9-10,2026-09-10T16:34:03.012555+00:00,3.97,,3.8412,,MAS,3.3531188170363437,
standardized,hsbc,THB,SGD,THB/SGD,100,Indicative board,board,SGD 50 – 200,std_50_200,indicative_fx,2026-9-10,2026-9-10,2026-09-10T16:34:03.012555+00:00,3.97,,3.8412,,MAS,3.3531188170363437,
standardized,hsbc,THB,SGD,THB/SGD,100,Indicative board,board,SGD < 50,std_lt_50,indicative_fx,2026-9-10,2026-9-10,2026-09-10T16:34:03.012555+00:00,3.97,,3.8412,,MAS,3.3531188170363437,
standardized,hsbc,TRY,SGD,TRY/SGD,1,Indicative board,board,"SGD 200 – 39,999.99",std_200_40k,indicative_fx,2026-9-10,2026-9-10,2026-09-10T16:34:03.012555+00:00,0.0269,,,,,,
standardized,hsbc,TRY,SGD,TRY/SGD,1,Indicative board,board,"SGD 40,000 – 100,000",std_40k_100k,indicative_fx,2026-9-10,2026-9-10,2026-09-10T16:34:03.012555+00:00,0.0269,,,,,,
standardized,hsbc,TRY,SGD,TRY/SGD,1,Indicative board,board,SGD 50 – 200,std_50_200,indicative_fx,2026-9-10,2026-9-10,2026-09-10T16:34:03.012555+00:00,0.0269,,,,,,
standardized,hsbc,TRY,SGD,TRY/SGD,1,Indicative board,board,SGD < 50,std_lt_50,indicative_fx,2026-9-10,2026-9-10,2026-09-10T16:34:03.012555+00:00,0.0269,,,,,,
standardized,hsbc,USD,SGD,USD/SGD,1,Indicative board,board,"SGD 200 – 39,999.99",std_200_40k,indicative_fx,2026-9-10,2026-9-10,2026-09-10T16:34:03.012555+00:00,1.2899,1.2391,1.264,1.2645,MAS,2.049050632911395,1.9699367088607533
standardized,hsbc,USD,SGD,USD/SGD,1,Indicative board,board,"SGD 40,000 – 100,000",std_40k_100k,indicative_fx,2026-9-10,2026-9-10,2026-09-10T16:34:03.012555+00:00,1.2899,1.2391,1.264,1.2645,MAS,2.049050632911395,1.9699367088607533
standardized,hsbc,USD,SGD,USD/SGD,1,Indicative board,board,SGD 50 – 200,std_50_200,indicative_fx,2026-9-10,2026-9-10,2026-09-10T16:34:03.012555+00:00,1.2899,1.2391,1.264,1.2645,MAS,2.049050632911395,1.9699367088607533
standardized,hsbc,USD,SGD,USD/SGD,1,Indicative board,board,SGD < 50,std_lt_50,indicative_fx,2026-9-10,2026-9-10,2026-09-10T16:34:03.012555+00:00,1.2899,1.2391,1.264,1.2645,MAS,2.049050632911395,1.9699367088607533
standardized,hsbc,ZAR,SGD,ZAR/SGD,1,Indicative board,board,"SGD 200 – 39,999.99",std_200_40k,indicative_fx,2026-9-10,2026-9-10,2026-09-10T16:34:03.012555+00:00,0.0814,0.0762,,0.07880000000000001,,,
standardized,hsbc,ZAR,SGD,ZAR/SGD,1,Indicative board,board,"SGD 40,000 – 100,000",std_40k_100k,indicative_fx,2026-9-10,2026-9-10,2026-09-10T16:34:03.012555+00:00,0.0814,0.0762,,0.07880000000000001,,,
standardized,hsbc,ZAR,SGD,ZAR/SGD,1,Indicative board,board,SGD 50 – 200,std_50_200,indicative_fx,2026-9-10,2026-9-10,2026-09-10T16:34:03.012555+00:00,0.0814,0.0762,,0.07880000000000001,,,
standardized,hsbc,ZAR,SGD,ZAR/SGD,1,Indicative board,board,SGD < 50,std_lt_50,indicative_fx,2026-9-10,2026-9-10,2026-09-10T16:34:03.012555+00:00,0.0814,0.0762,,0.07880000000000001,,,
standardized,ocbc,AED,SGD,AED/SGD,100,"SGD 0 – 39,999.99",tier_1,"SGD 200 – 39,999.99",std_200_40k,fxRatesSgd,2026-09-10T07:00:15,2026-09-10T07:00:15,2026-09-10T16:34:00.722555+00:00,35.3534,33.353,34.41,34.3532,MAS,2.741644870677141,3.071781458878219
standardized,ocbc,AED,SGD,AED/SGD,100,"SGD 40,000 – 100,000",tier_2,"SGD 40,000 – 100,000",std_40k_100k,fxRatesSgd,2026-09-10T07:00:15,2026-09-10T07:00:15,2026-09-10T16:34:00.722555+00:00,35.343,33.3701,34.41,34.3532,MAS,2.711421098517893,3.0220866027317523
standardized,ocbc,AED,SGD,AED/SGD,100,"SGD 0 – 39,999.99",tier_1,SGD 50 – 200,std_50_200,fxRatesSgd,2026-09-10T07:00:15,2026-09-10T07:00:15,2026-09-10T16:34:00.722555+00:00,35.3534,33.353,34.41,34.3532,MAS,2.741644870677141,3.071781458878219
standardized,ocbc,AED,SGD,AED/SGD,100,"SGD 0 – 39,999.99",tier_1,SGD < 50,std_lt_50,fxRatesSgd,2026-09-10T07:00:15,2026-09-10T07:00:15,2026-09-10T16:34:00.722555+00:00,35.3534,33.353,34.41,34.3532,MAS,2.741644870677141,3.071781458878219
standardized,ocbc,AUD,SGD,AUD/SGD,1,"SGD 0 – 39,999.99",tier_1,"SGD 200 – 39,999.99",std_200_40k,fxRatesSgd,2026-09-10T07:00:15,2026-09-10T07:00:15,2026-09-10T16:34:00.722555+00:00,0.9279,0.8985,0.9125,0.9132,MAS,1.687671232876709,1.5342465753424672
standardized,ocbc,AUD,SGD,AUD/SGD,1,"SGD 40,000 – 100,000",tier_2,"SGD 40,000 – 100,000",std_40k_100k,fxRatesSgd,2026-09-10T07:00:15,2026-09-10T07:00:15,2026-09-10T16:34:00.722555+00:00,0.9261,0.9003,0.9125,0.9132,MAS,1.490410958904116,1.3369863013698617
standardized,ocbc,AUD,SGD,AUD/SGD,1,"SGD 0 – 39,999.99",tier_1,SGD 50 – 200,std_50_200,fxRatesSgd,2026-09-10T07:00:15,2026-09-10T07:00:15,2026-09-10T16:34:00.722555+00:00,0.9279,0.8985,0.9125,0.9132,MAS,1.687671232876709,1.5342465753424672
standardized,ocbc,AUD,SGD,AUD/SGD,1,"SGD 0 – 39,999.99",tier_1,SGD < 50,std_lt_50,fxRatesSgd,2026-09-10T07:00:15,2026-09-10T07:00:15,2026-09-10T16:34:00.722555+00:00,0.9279,0.8985,0.9125,0.9132,MAS,1.687671232876709,1.5342465753424672
standardized,ocbc,BGN,SGD,BGN/SGD,100,"SGD 0 – 39,999.99",tier_1,"SGD 200 – 39,999.99",std_200_40k,fxRatesSgd,2026-09-10T07:00:15,2026-09-10T07:00:15,2026-09-10T16:34:00.722555+00:00,0.0,0.0,,0.0,,,
standardized,ocbc,BGN,SGD,BGN/SGD,100,"SGD 40,000 – 100,000",tier_2,"SGD 40,000 – 100,000",std_40k_100k,fxRatesSgd,2026-09-10T07:00:15,2026-09-10T07:00:15,2026-09-10T16:34:00.722555+00:00,0.0,0.0,,0.0,,,
standardized,ocbc,BGN,SGD,BGN/SGD,100,"SGD 0 – 39,999.99",tier_1,SGD 50 – 200,std_50_200,fxRatesSgd,2026-09-10T07:00:15,2026-09-10T07:00:15,2026-09-10T16:34:00.722555+00:00,0.0,0.0,,0.0,,,
standardized,ocbc,BGN,SGD,BGN/SGD,100,"SGD 0 – 39,999.99",tier_1,SGD < 50,std_lt_50,fxRatesSgd,2026-09-10T07:00:15,2026-09-10T07:00:15,2026-09-10T16:34:00.722555+00:00,0.0,0.0,,0.0,,,
standardized,ocbc,BHD,SGD,BHD/SGD,1,"SGD 0 – 39,999.99",tier_1,"SGD 200 – 39,999.99",std_200_40k,fxRatesSgd,2026-09-10T07:00:15,2026-09-10T07:00:15,2026-09-10T16:34:00.722555+00:00,0.0,0.0,,0.0,,,
standardized,ocbc,BHD,SGD,BHD/SGD,1,"SGD 40,000 – 100,000",tier_2,"SGD 40,000 – 100,000",std_40k_100k,fxRatesSgd,2026-09-10T07:00:15,2026-09-10T07:00:15,2026-09-10T16:34:00.722555+00:00,0.0,0.0,,0.0,,,
standardized,ocbc,BHD,SGD,BHD/SGD,1,"SGD 0 – 39,999.99",tier_1,SGD 50 – 200,std_50_200,fxRatesSgd,2026-09-10T07:00:15,2026-09-10T07:00:15,2026-09-10T16:34:00.722555+00:00,0.0,0.0,,0.0,,,
standardized,ocbc,BHD,SGD,BHD/SGD,1,"SGD 0 – 39,999.99",tier_1,SGD < 50,std_lt_50,fxRatesSgd,2026-09-10T07:00:15,2026-09-10T07:00:15,2026-09-10T16:34:00.722555+00:00,0.0,0.0,,0.0,,,
standardized,ocbc,CAD,SGD,CAD/SGD,1,"SGD 0 – 39,999.99",tier_1,"SGD 200 – 39,999.99",std_200_40k,fxRatesSgd,2026-09-10T07:00:15,2026-09-10T07:00:15,2026-09-10T16:34:00.722555+00:00,0.9327,0.8996,0.9154000000000001,0.9162,MAS,1.8898842036268153,1.7260214114048662
standardized,ocbc,CAD,SGD,CAD/SGD,1,"SGD 40,000 – 100,000",tier_2,"SGD 40,000 – 100,000",std_40k_100k,fxRatesSgd,2026-09-10T07:00:15,2026-09-10T07:00:15,2026-09-10T16:34:00.722555+00:00,0.9308,0.9014,0.9154000000000001,0.9162,MAS,1.6823246668123066,1.5293860607384884
standardized,ocbc,CAD,SGD,CAD/SGD,1,"SGD 0 – 39,999.99",tier_1,SGD 50 – 200,std_50_200,fxRatesSgd,2026-09-10T07:00:15,2026-09-10T07:00:15,2026-09-10T16:34:00.722555+00:00,0.9327,0.8996,0.9154000000000001,0.9162,MAS,1.8898842036268153,1.7260214114048662
standardized,ocbc,CAD,SGD,CAD/SGD,1,"SGD 0 – 39,999.99",tier_1,SGD < 50,std_lt_50,fxRatesSgd,2026-09-10T07:00:15,2026-09-10T07:00:15,2026-09-10T16:34:00.722555+00:00,0.9327,0.8996,0.9154000000000001,0.9162,MAS,1.8898842036268153,1.7260214114048662
standardized,ocbc,CHF,SGD,CHF/SGD,100,"SGD 0 – 39,999.99",tier_1,"SGD 200 – 39,999.99",std_200_40k,fxRatesSgd,2026-09-10T07:00:15,2026-09-10T07:00:15,2026-09-10T16:34:00.722555+00:00,158.8793,153.2291,156.23,156.0542,MAS,1.6957690584394873,1.9208218651987468
standardized,ocbc,CHF,SGD,CHF/SGD,100,"SGD 40,000 – 100,000",tier_2,"SGD 40,000 – 100,000",std_40k_100k,fxRatesSgd,2026-09-10T07:00:15,2026-09-10T07:00:15,2026-09-10T16:34:00.722555+00:00,158.5672,153.5412,156.23,156.0542,MAS,1.4959994879344714,1.7210522946937121
standardized,ocbc,CHF,SGD,CHF/SGD,100,"SGD 0 – 39,999.99",tier_1,SGD 50 – 200,std_50_200,fxRatesSgd,2026-09-10T07:00:15,2026-09-10T07:00:15,2026-09-10T16:34:00.722555+00:00,158.8793,153.2291,156.23,156.0542,MAS,1.6957690584394873,1.9208218651987468
standardized,ocbc,CHF,SGD,CHF/SGD,100,"SGD 0 – 39,999.99",tier_1,SGD < 50,std_lt_50,fxRatesSgd,2026-09-10T07:00:15,2026-09-10T07:00:15,2026-09-10T16:34:00.722555+00:00,158.8793,153.2291,156.23,156.0542,MAS,1.6957690584394873,1.9208218651987468
standardized,ocbc,CNH,SGD,CNH/SGD,100,"SGD 0 – 39,999.99",tier_1,"SGD 200 – 39,999.99",std_200_40k,fxRatesSgd,2026-09-10T07:00:15,2026-09-10T07:00:15,2026-09-10T16:34:00.722555+00:00,19.2133,18.6453,,18.9293,,,
standardized,ocbc,CNH,SGD,CNH/SGD,100,"SGD 40,000 – 100,000",tier_2,"SGD 40,000 – 100,000",std_40k_100k,fxRatesSgd,2026-09-10T07:00:15,2026-09-10T07:00:15,2026-09-10T16:34:00.722555+00:00,19.1944,18.6642,,18.9293,,,
standardized,ocbc,CNH,SGD,CNH/SGD,100,"SGD 0 – 39,999.99",tier_1,SGD 50 – 200,std_50_200,fxRatesSgd,2026-09-10T07:00:15,2026-09-10T07:00:15,2026-09-10T16:34:00.722555+00:00,19.2133,18.6453,,18.9293,,,
standardized,ocbc,CNH,SGD,CNH/SGD,100,"SGD 0 – 39,999.99",tier_1,SGD < 50,std_lt_50,fxRatesSgd,2026-09-10T07:00:15,2026-09-10T07:00:15,2026-09-10T16:34:00.722555+00:00,19.2133,18.6453,,18.9293,,,
standardized,ocbc,CZK,SGD,CZK/SGD,100,"SGD 0 – 39,999.99",tier_1,"SGD 200 – 39,999.99",std_200_40k,fxRatesSgd,2026-09-10T07:00:15,2026-09-10T07:00:15,2026-09-10T16:34:00.722555+00:00,0.0,0.0,,0.0,,,
standardized,ocbc,CZK,SGD,CZK/SGD,100,"SGD 40,000 – 100,000",tier_2,"SGD 40,000 – 100,000",std_40k_100k,fxRatesSgd,2026-09-10T07:00:15,2026-09-10T07:00:15,2026-09-10T16:34:00.722555+00:00,0.0,0.0,,0.0,,,
standardized,ocbc,CZK,SGD,CZK/SGD,100,"SGD 0 – 39,999.99",tier_1,SGD 50 – 200,std_50_200,fxRatesSgd,2026-09-10T07:00:15,2026-09-10T07:00:15,2026-09-10T16:34:00.722555+00:00,0.0,0.0,,0.0,,,
standardized,ocbc,CZK,SGD,CZK/SGD,100,"SGD 0 – 39,999.99",tier_1,SGD < 50,std_lt_50,fxRatesSgd,2026-09-10T07:00:15,2026-09-10T07:00:15,2026-09-10T16:34:00.722555+00:00,0.0,0.0,,0.0,,,
standardized,ocbc,DKK,SGD,DKK/SGD,100,"SGD 0 – 39,999.99",tier_1,"SGD 200 – 39,999.99",std_200_40k,fxRatesSgd,2026-09-10T07:00:15,2026-09-10T07:00:15,2026-09-10T16:34:00.722555+00:00,20.0462,19.3351,,19.6907,,,
standardized,ocbc,DKK,SGD,DKK/SGD,100,"SGD 40,000 – 100,000",tier_2,"SGD 40,000 – 100,000",std_40k_100k,fxRatesSgd,2026-09-10T07:00:15,2026-09-10T07:00:15,2026-09-10T16:34:00.722555+00:00,20.0068,19.3745,,19.6907,,,
standardized,ocbc,DKK,SGD,DKK/SGD,100,"SGD 0 – 39,999.99",tier_1,SGD 50 – 200,std_50_200,fxRatesSgd,2026-09-10T07:00:15,2026-09-10T07:00:15,2026-09-10T16:34:00.722555+00:00,20.0462,19.3351,,19.6907,,,
standardized,ocbc,DKK,SGD,DKK/SGD,100,"SGD 0 – 39,999.99",tier_1,SGD < 50,std_lt_50,fxRatesSgd,2026-09-10T07:00:15,2026-09-10T07:00:15,2026-09-10T16:34:00.722555+00:00,20.0462,19.3351,,19.6907,,,
standardized,ocbc,EUR,SGD,EUR/SGD,1,"SGD 0 – 39,999.99",tier_1,"SGD 200 – 39,999.99",std_200_40k,fxRatesSgd,2026-09-10T07:00:15,2026-09-10T07:00:15,2026-09-10T16:34:00.722555+00:00,1.4885,1.4519,1.471,1.4702,MAS,1.189666893269874,1.2984364377974245
standardized,ocbc,EUR,SGD,EUR/SGD,1,"SGD 40,000 – 100,000",tier_2,"SGD 40,000 – 100,000",std_40k_100k,fxRatesSgd,2026-09-10T07:00:15,2026-09-10T07:00:15,2026-09-10T16:34:00.722555+00:00,1.4867,1.4538,1.471,1.4702,MAS,1.0673011556763987,1.1692726036709793
standardized,ocbc,EUR,SGD,EUR/SGD,1,"SGD 0 – 39,999.99",tier_1,SGD 50 – 200,std_50_200,fxRatesSgd,2026-09-10T07:00:15,2026-09-10T07:00:15,2026-09-10T16:34:00.722555+00:00,1.4885,1.4519,1.471,1.4702,MAS,1.189666893269874,1.2984364377974245
standardized,ocbc,EUR,SGD,EUR/SGD,1,"SGD 0 – 39,999.99",tier_1,SGD < 50,std_lt_50,fxRatesSgd,2026-09-10T07:00:15,2026-09-10T07:00:15,2026-09-10T16:34:00.722555+00:00,1.4885,1.4519,1.471,1.4702,MAS,1.189666893269874,1.2984364377974245
standardized,ocbc,GBP,SGD,GBP/SGD,1,"SGD 0 – 39,999.99",tier_1,"SGD 200 – 39,999.99",std_200_40k,fxRatesSgd,2026-09-10T07:00:15,2026-09-10T07:00:15,2026-09-10T16:34:00.722555+00:00,1.7362,1.6902,1.7135,1.7132,MAS,1.3247738546833931,1.359789903705871
standardized,ocbc,GBP,SGD,GBP/SGD,1,"SGD 40,000 – 100,000",tier_2,"SGD 40,000 – 100,000",std_40k_100k,fxRatesSgd,2026-09-10T07:00:15,2026-09-10T07:00:15,2026-09-10T16:34:00.722555+00:00,1.7345,1.6922,1.7135,1.7132,MAS,1.2255617157863967,1.243069740297642
standardized,ocbc,GBP,SGD,GBP/SGD,1,"SGD 0 – 39,999.99",tier_1,SGD 50 – 200,std_50_200,fxRatesSgd,2026-09-10T07:00:15,2026-09-10T07:00:15,2026-09-10T16:34:00.722555+00:00,1.7362,1.6902,1.7135,1.7132,MAS,1.3247738546833931,1.359789903705871
standardized,ocbc,GBP,SGD,GBP/SGD,1,"SGD 0 – 39,999.99",tier_1,SGD < 50,std_lt_50,fxRatesSgd,2026-09-10T07:00:15,2026-09-10T07:00:15,2026-09-10T16:34:00.722555+00:00,1.7362,1.6902,1.7135,1.7132,MAS,1.3247738546833931,1.359789903705871
standardized,ocbc,HKD,SGD,HKD/SGD,100,"SGD 0 – 39,999.99",tier_1,"SGD 200 – 39,999.99",std_200_40k,fxRatesSgd,2026-09-10T07:00:15,2026-09-10T07:00:15,2026-09-10T16:34:00.722555+00:00,16.3504,15.9551,16.12,16.1528,MAS,1.4292803970223291,1.0229528535980221
standardized,ocbc,HKD,SGD,HKD/SGD,100,"SGD 40,000 – 100,000",tier_2,"SGD 40,000 – 100,000",std_40k_100k,fxRatesSgd,2026-09-10T07:00:15,2026-09-10T07:00:15,2026-09-10T16:34:00.722555+00:00,16.3213,15.9647,16.12,16.1528,MAS,1.248759305210917,0.9633995037220869
standardized,ocbc,HKD,SGD,HKD/SGD,100,"SGD 0 – 39,999.99",tier_1,SGD 50 – 200,std_50_200,fxRatesSgd,2026-09-10T07:00:15,2026-09-10T07:00:15,2026-09-10T16:34:00.722555+00:00,16.3504,15.9551,16.12,16.1528,MAS,1.4292803970223291,1.0229528535980221
standardized,ocbc,HKD,SGD,HKD/SGD,100,"SGD 0 – 39,999.99",tier_1,SGD < 50,std_lt_50,fxRatesSgd,2026-09-10T07:00:15,2026-09-10T07:00:15,2026-09-10T16:34:00.722555+00:00,16.3504,15.9551,16.12,16.1528,MAS,1.4292803970223291,1.0229528535980221
standardized,ocbc,HUF,SGD,HUF/SGD,100,"SGD 0 – 39,999.99",tier_1,"SGD 200 – 39,999.99",std_200_40k,fxRatesSgd,2026-09-10T07:00:15,2026-09-10T07:00:15,2026-09-10T16:34:00.722555+00:00,0.0,0.0,,0.0,,,
standardized,ocbc,HUF,SGD,HUF/SGD,100,"SGD 40,000 – 100,000",tier_2,"SGD 40,000 – 100,000",std_40k_100k,fxRatesSgd,2026-09-10T07:00:15,2026-09-10T07:00:15,2026-09-10T16:34:00.722555+00:00,0.0,0.0,,0.0,,,
standardized,ocbc,HUF,SGD,HUF/SGD,100,"SGD 0 – 39,999.99",tier_1,SGD 50 – 200,std_50_200,fxRatesSgd,2026-09-10T07:00:15,2026-09-10T07:00:15,2026-09-10T16:34:00.722555+00:00,0.0,0.0,,0.0,,,
standardized,ocbc,HUF,SGD,HUF/SGD,100,"SGD 0 – 39,999.99",tier_1,SGD < 50,std_lt_50,fxRatesSgd,2026-09-10T07:00:15,2026-09-10T07:00:15,2026-09-10T16:34:00.722555+00:00,0.0,0.0,,0.0,,,
standardized,ocbc,IDR,SGD,IDR/SGD,100,"SGD 0 – 39,999.99",tier_1,"SGD 200 – 39,999.99",std_200_40k,fxRatesSgd,2026-09-10T07:00:15,2026-09-10T07:00:15,2026-09-10T16:34:00.722555+00:00,0.0074,0.0,0.007206999999999999,0.0074,MAS,2.677951991119764,100.0
standardized,ocbc,IDR,SGD,IDR/SGD,100,"SGD 40,000 – 100,000",tier_2,"SGD 40,000 – 100,000",std_40k_100k,fxRatesSgd,2026-09-10T07:00:15,2026-09-10T07:00:15,2026-09-10T16:34:00.722555+00:00,0.0074,0.0,0.007206999999999999,0.0074,MAS,2.677951991119764,100.0
standardized,ocbc,IDR,SGD,IDR/SGD,100,"SGD 0 – 39,999.99",tier_1,SGD 50 – 200,std_50_200,fxRatesSgd,2026-09-10T07:00:15,2026-09-10T07:00:15,2026-09-10T16:34:00.722555+00:00,0.0074,0.0,0.007206999999999999,0.0074,MAS,2.677951991119764,100.0
standardized,ocbc,IDR,SGD,IDR/SGD,100,"SGD 0 – 39,999.99",tier_1,SGD < 50,std_lt_50,fxRatesSgd,2026-09-10T07:00:15,2026-09-10T07:00:15,2026-09-10T16:34:00.722555+00:00,0.0074,0.0,0.007206999999999999,0.0074,MAS,2.677951991119764,100.0
standardized,ocbc,ILS,SGD,ILS/SGD,100,"SGD 0 – 39,999.99",tier_1,"SGD 200 – 39,999.99",std_200_40k,fxRatesSgd,2026-09-10T07:00:15,2026-09-10T07:00:15,2026-09-10T16:34:00.722555+00:00,0.0,0.0,,0.0,,,
standardized,ocbc,ILS,SGD,ILS/SGD,100,"SGD 40,000 – 100,000",tier_2,"SGD 40,000 – 100,000",std_40k_100k,fxRatesSgd,2026-09-10T07:00:15,2026-09-10T07:00:15,2026-09-10T16:34:00.722555+00:00,0.0,0.0,,0.0,,,
standardized,ocbc,ILS,SGD,ILS/SGD,100,"SGD 0 – 39,999.99",tier_1,SGD 50 – 200,std_50_200,fxRatesSgd,2026-09-10T07:00:15,2026-09-10T07:00:15,2026-09-10T16:34:00.722555+00:00,0.0,0.0,,0.0,,,
standardized,ocbc,ILS,SGD,ILS/SGD,100,"SGD 0 – 39,999.99",tier_1,SGD < 50,std_lt_50,fxRatesSgd,2026-09-10T07:00:15,2026-09-10T07:00:15,2026-09-10T16:34:00.722555+00:00,0.0,0.0,,0.0,,,
standardized,ocbc,INR,SGD,INR/SGD,100,"SGD 0 – 39,999.99",tier_1,"SGD 200 – 39,999.99",std_200_40k,fxRatesSgd,2026-09-10T07:00:15,2026-09-10T07:00:15,2026-09-10T16:34:00.722555+00:00,1.3689,0.0,1.3267,1.3689,MAS,3.1808246023969255,100.0
standardized,ocbc,INR,SGD,INR/SGD,100,"SGD 40,000 – 100,000",tier_2,"SGD 40,000 – 100,000",std_40k_100k,fxRatesSgd,2026-09-10T07:00:15,2026-09-10T07:00:15,2026-09-10T16:34:00.722555+00:00,1.3662,0.0,1.3267,1.3689,MAS,2.9773121278359906,100.0
standardized,ocbc,INR,SGD,INR/SGD,100,"SGD 0 – 39,999.99",tier_1,SGD 50 – 200,std_50_200,fxRatesSgd,2026-09-10T07:00:15,2026-09-10T07:00:15,2026-09-10T16:34:00.722555+00:00,1.3689,0.0,1.3267,1.3689,MAS,3.1808246023969255,100.0
standardized,ocbc,INR,SGD,INR/SGD,100,"SGD 0 – 39,999.99",tier_1,SGD < 50,std_lt_50,fxRatesSgd,2026-09-10T07:00:15,2026-09-10T07:00:15,2026-09-10T16:34:00.722555+00:00,1.3689,0.0,1.3267,1.3689,MAS,3.1808246023969255,100.0
standardized,ocbc,JOD,SGD,JOD/SGD,1,"SGD 0 – 39,999.99",tier_1,"SGD 200 – 39,999.99",std_200_40k,fxRatesSgd,2026-09-10T07:00:15,2026-09-10T07:00:15,2026-09-10T16:34:00.722555+00:00,0.0,0.0,,0.0,,,
standardized,ocbc,JOD,SGD,JOD/SGD,1,"SGD 40,000 – 100,000",tier_2,"SGD 40,000 – 100,000",std_40k_100k,fxRatesSgd,2026-09-10T07:00:15,2026-09-10T07:00:15,2026-09-10T16:34:00.722555+00:00,0.0,0.0,,0.0,,,
standardized,ocbc,JOD,SGD,JOD/SGD,1,"SGD 0 – 39,999.99",tier_1,SGD 50 – 200,std_50_200,fxRatesSgd,2026-09-10T07:00:15,2026-09-10T07:00:15,2026-09-10T16:34:00.722555+00:00,0.0,0.0,,0.0,,,
standardized,ocbc,JOD,SGD,JOD/SGD,1,"SGD 0 – 39,999.99",tier_1,SGD < 50,std_lt_50,fxRatesSgd,2026-09-10T07:00:15,2026-09-10T07:00:15,2026-09-10T16:34:00.722555+00:00,0.0,0.0,,0.0,,,
standardized,ocbc,JPY,SGD,JPY/SGD,100,"SGD 0 – 39,999.99",tier_1,"SGD 200 – 39,999.99",std_200_40k,fxRatesSgd,2026-09-10T07:00:15,2026-09-10T07:00:15,2026-09-10T16:34:00.722555+00:00,0.8323,0.8119,0.824,0.8221,MAS,1.0072815533980686,1.4684466019417477
standardized,ocbc,JPY,SGD,JPY/SGD,100,"SGD 40,000 – 100,000",tier_2,"SGD 40,000 – 100,000",std_40k_100k,fxRatesSgd,2026-09-10T07:00:15,2026-09-10T07:00:15,2026-09-10T16:34:00.722555+00:00,0.8315,0.8133,0.824,0.8221,MAS,0.9101941747572891,1.2985436893203801
standardized,ocbc,JPY,SGD,JPY/SGD,100,"SGD 0 – 39,999.99",tier_1,SGD 50 – 200,std_50_200,fxRatesSgd,2026-09-10T07:00:15,2026-09-10T07:00:15,2026-09-10T16:34:00.722555+00:00,0.8323,0.8119,0.824,0.8221,MAS,1.0072815533980686,1.4684466019417477
standardized,ocbc,JPY,SGD,JPY/SGD,100,"SGD 0 – 39,999.99",tier_1,SGD < 50,std_lt_50,fxRatesSgd,2026-09-10T07:00:15,2026-09-10T07:00:15,2026-09-10T16:34:00.722555+00:00,0.8323,0.8119,0.824,0.8221,MAS,1.0072815533980686,1.4684466019417477
standardized,ocbc,KRW,SGD,KRW/SGD,100,"SGD 0 – 39,999.99",tier_1,"SGD 200 – 39,999.99",std_200_40k,fxRatesSgd,2026-09-10T07:00:15,2026-09-10T07:00:15,2026-09-10T16:34:00.722555+00:00,0.0,0.0,0.0945,0.0,MAS,-100.0,100.0
standardized,ocbc,KRW,SGD,KRW/SGD,100,"SGD 40,000 – 100,000",tier_2,"SGD 40,000 – 100,000",std_40k_100k,fxRatesSgd,2026-09-10T07:00:15,2026-09-10T07:00:15,2026-09-10T16:34:00.722555+00:00,0.0,0.0,0.0945,0.0,MAS,-100.0,100.0
standardized,ocbc,KRW,SGD,KRW/SGD,100,"SGD 0 – 39,999.99",tier_1,SGD 50 – 200,std_50_200,fxRatesSgd,2026-09-10T07:00:15,2026-09-10T07:00:15,2026-09-10T16:34:00.722555+00:00,0.0,0.0,0.0945,0.0,MAS,-100.0,100.0
standardized,ocbc,KRW,SGD,KRW/SGD,100,"SGD 0 – 39,999.99",tier_1,SGD < 50,std_lt_50,fxRatesSgd,2026-09-10T07:00:15,2026-09-10T07:00:15,2026-09-10T16:34:00.722555+00:00,0.0,0.0,0.0945,0.0,MAS,-100.0,100.0
standardized,ocbc,LKR,SGD,LKR/SGD,100,"SGD 0 – 39,999.99",tier_1,"SGD 200 – 39,999.99",std_200_40k,fxRatesSgd,2026-09-10T07:00:15,2026-09-10T07:00:15,2026-09-10T16:34:00.722555+00:00,0.3972,0.0,,0.3972,,,
standardized,ocbc,LKR,SGD,LKR/SGD,100,"SGD 40,000 – 100,000",tier_2,"SGD 40,000 – 100,000",std_40k_100k,fxRatesSgd,2026-09-10T07:00:15,2026-09-10T07:00:15,2026-09-10T16:34:00.722555+00:00,0.3964,0.0,,0.3972,,,
standardized,ocbc,LKR,SGD,LKR/SGD,100,"SGD 0 – 39,999.99",tier_1,SGD 50 – 200,std_50_200,fxRatesSgd,2026-09-10T07:00:15,2026-09-10T07:00:15,2026-09-10T16:34:00.722555+00:00,0.3972,0.0,,0.3972,,,
standardized,ocbc,LKR,SGD,LKR/SGD,100,"SGD 0 – 39,999.99",tier_1,SGD < 50,std_lt_50,fxRatesSgd,2026-09-10T07:00:15,2026-09-10T07:00:15,2026-09-10T16:34:00.722555+00:00,0.3972,0.0,,0.3972,,,
standardized,ocbc,MAD,SGD,MAD/SGD,100,"SGD 0 – 39,999.99",tier_1,"SGD 200 – 39,999.99",std_200_40k,fxRatesSgd,2026-09-10T07:00:15,2026-09-10T07:00:15,2026-09-10T16:34:00.722555+00:00,0.0,0.0,,0.0,,,
standardized,ocbc,MAD,SGD,MAD/SGD,100,"SGD 40,000 – 100,000",tier_2,"SGD 40,000 – 100,000",std_40k_100k,fxRatesSgd,2026-09-10T07:00:15,2026-09-10T07:00:15,2026-09-10T16:34:00.722555+00:00,0.0,0.0,,0.0,,,
standardized,ocbc,MAD,SGD,MAD/SGD,100,"SGD 0 – 39,999.99",tier_1,SGD 50 – 200,std_50_200,fxRatesSgd,2026-09-10T07:00:15,2026-09-10T07:00:15,2026-09-10T16:34:00.722555+00:00,0.0,0.0,,0.0,,,
standardized,ocbc,MAD,SGD,MAD/SGD,100,"SGD 0 – 39,999.99",tier_1,SGD < 50,std_lt_50,fxRatesSgd,2026-09-10T07:00:15,2026-09-10T07:00:15,2026-09-10T16:34:00.722555+00:00,0.0,0.0,,0.0,,,
standardized,ocbc,MXN,SGD,MXN/SGD,100,"SGD 0 – 39,999.99",tier_1,"SGD 200 – 39,999.99",std_200_40k,fxRatesSgd,2026-09-10T07:00:15,2026-09-10T07:00:15,2026-09-10T16:34:00.722555+00:00,7.7261,0.0,,7.7261,,,
standardized,ocbc,MXN,SGD,MXN/SGD,100,"SGD 40,000 – 100,000",tier_2,"SGD 40,000 – 100,000",std_40k_100k,fxRatesSgd,2026-09-10T07:00:15,2026-09-10T07:00:15,2026-09-10T16:34:00.722555+00:00,7.7246,0.0,,7.7261,,,
standardized,ocbc,MXN,SGD,MXN/SGD,100,"SGD 0 – 39,999.99",tier_1,SGD 50 – 200,std_50_200,fxRatesSgd,2026-09-10T07:00:15,2026-09-10T07:00:15,2026-09-10T16:34:00.722555+00:00,7.7261,0.0,,7.7261,,,
standardized,ocbc,MXN,SGD,MXN/SGD,100,"SGD 0 – 39,999.99",tier_1,SGD < 50,std_lt_50,fxRatesSgd,2026-09-10T07:00:15,2026-09-10T07:00:15,2026-09-10T16:34:00.722555+00:00,7.7261,0.0,,7.7261,,,
standardized,ocbc,MYR,SGD,MYR/SGD,100,"SGD 0 – 39,999.99",tier_1,"SGD 200 – 39,999.99",std_200_40k,fxRatesSgd,2026-09-10T07:00:15,2026-09-10T07:00:15,2026-09-10T16:34:00.722555+00:00,0.0,0.0,31.120000000000005,0.0,MAS,-100.0,100.0
standardized,ocbc,MYR,SGD,MYR/SGD,100,"SGD 40,000 – 100,000",tier_2,"SGD 40,000 – 100,000",std_40k_100k,fxRatesSgd,2026-09-10T07:00:15,2026-09-10T07:00:15,2026-09-10T16:34:00.722555+00:00,0.0,0.0,31.120000000000005,0.0,MAS,-100.0,100.0
standardized,ocbc,MYR,SGD,MYR/SGD,100,"SGD 0 – 39,999.99",tier_1,SGD 50 – 200,std_50_200,fxRatesSgd,2026-09-10T07:00:15,2026-09-10T07:00:15,2026-09-10T16:34:00.722555+00:00,0.0,0.0,31.120000000000005,0.0,MAS,-100.0,100.0
standardized,ocbc,MYR,SGD,MYR/SGD,100,"SGD 0 – 39,999.99",tier_1,SGD < 50,std_lt_50,fxRatesSgd,2026-09-10T07:00:15,2026-09-10T07:00:15,2026-09-10T16:34:00.722555+00:00,0.0,0.0,31.120000000000005,0.0,MAS,-100.0,100.0
standardized,ocbc,NOK,SGD,NOK/SGD,100,"SGD 0 – 39,999.99",tier_1,"SGD 200 – 39,999.99",std_200_40k,fxRatesSgd,2026-09-10T07:00:15,2026-09-10T07:00:15,2026-09-10T16:34:00.722555+00:00,13.9501,13.4525,,13.7013,,,
standardized,ocbc,NOK,SGD,NOK/SGD,100,"SGD 40,000 – 100,000",tier_2,"SGD 40,000 – 100,000",std_40k_100k,fxRatesSgd,2026-09-10T07:00:15,2026-09-10T07:00:15,2026-09-10T16:34:00.722555+00:00,13.9227,13.4799,,13.7013,,,
standardized,ocbc,NOK,SGD,NOK/SGD,100,"SGD 0 – 39,999.99",tier_1,SGD 50 – 200,std_50_200,fxRatesSgd,2026-09-10T07:00:15,2026-09-10T07:00:15,2026-09-10T16:34:00.722555+00:00,13.9501,13.4525,,13.7013,,,
standardized,ocbc,NOK,SGD,NOK/SGD,100,"SGD 0 – 39,999.99",tier_1,SGD < 50,std_lt_50,fxRatesSgd,2026-09-10T07:00:15,2026-09-10T07:00:15,2026-09-10T16:34:00.722555+00:00,13.9501,13.4525,,13.7013,,,
standardized,ocbc,NZD,SGD,NZD/SGD,1,"SGD 0 – 39,999.99",tier_1,"SGD 200 – 39,999.99",std_200_40k,fxRatesSgd,2026-09-10T07:00:15,2026-09-10T07:00:15,2026-09-10T16:34:00.722555+00:00,0.754,0.7283,0.7394,0.7412,MAS,1.9745739789018204,1.5012172031376791
standardized,ocbc,NZD,SGD,NZD/SGD,1,"SGD 40,000 – 100,000",tier_2,"SGD 40,000 – 100,000",std_40k_100k,fxRatesSgd,2026-09-10T07:00:15,2026-09-10T07:00:15,2026-09-10T16:34:00.722555+00:00,0.7522,0.7305,0.7394,0.7412,MAS,1.731133351365977,1.2036786583716403
standardized,ocbc,NZD,SGD,NZD/SGD,1,"SGD 0 – 39,999.99",tier_1,SGD 50 – 200,std_50_200,fxRatesSgd,2026-09-10T07:00:15,2026-09-10T07:00:15,2026-09-10T16:34:00.722555+00:00,0.754,0.7283,0.7394,0.7412,MAS,1.9745739789018204,1.5012172031376791
standardized,ocbc,NZD,SGD,NZD/SGD,1,"SGD 0 – 39,999.99",tier_1,SGD < 50,std_lt_50,fxRatesSgd,2026-09-10T07:00:15,2026-09-10T07:00:15,2026-09-10T16:34:00.722555+00:00,0.754,0.7283,0.7394,0.7412,MAS,1.9745739789018204,1.5012172031376791
standardized,ocbc,OMR,SGD,OMR/SGD,1,"SGD 0 – 39,999.99",tier_1,"SGD 200 – 39,999.99",std_200_40k,fxRatesSgd,2026-09-10T07:00:15,2026-09-10T07:00:15,2026-09-10T16:34:00.722555+00:00,0.0,0.0,,0.0,,,
standardized,ocbc,OMR,SGD,OMR/SGD,1,"SGD 40,000 – 100,000",tier_2,"SGD 40,000 – 100,000",std_40k_100k,fxRatesSgd,2026-09-10T07:00:15,2026-09-10T07:00:15,2026-09-10T16:34:00.722555+00:00,0.0,0.0,,0.0,,,
standardized,ocbc,OMR,SGD,OMR/SGD,1,"SGD 0 – 39,999.99",tier_1,SGD 50 – 200,std_50_200,fxRatesSgd,2026-09-10T07:00:15,2026-09-10T07:00:15,2026-09-10T16:34:00.722555+00:00,0.0,0.0,,0.0,,,
standardized,ocbc,OMR,SGD,OMR/SGD,1,"SGD 0 – 39,999.99",tier_1,SGD < 50,std_lt_50,fxRatesSgd,2026-09-10T07:00:15,2026-09-10T07:00:15,2026-09-10T16:34:00.722555+00:00,0.0,0.0,,0.0,,,
standardized,ocbc,PHP,SGD,PHP/SGD,100,"SGD 0 – 39,999.99",tier_1,"SGD 200 – 39,999.99",std_200_40k,fxRatesSgd,2026-09-10T07:00:15,2026-09-10T07:00:15,2026-09-10T16:34:00.722555+00:00,2.0862,0.0,2.0215,2.0862,MAS,3.2005936186000374,100.0
standardized,ocbc,PHP,SGD,PHP/SGD,100,"SGD 40,000 – 100,000",tier_2,"SGD 40,000 – 100,000",std_40k_100k,fxRatesSgd,2026-09-10T07:00:15,2026-09-10T07:00:15,2026-09-10T16:34:00.722555+00:00,2.0852,0.0,2.0215,2.0862,MAS,3.1511254019292534,100.0
standardized,ocbc,PHP,SGD,PHP/SGD,100,"SGD 0 – 39,999.99",tier_1,SGD 50 – 200,std_50_200,fxRatesSgd,2026-09-10T07:00:15,2026-09-10T07:00:15,2026-09-10T16:34:00.722555+00:00,2.0862,0.0,2.0215,2.0862,MAS,3.2005936186000374,100.0
standardized,ocbc,PHP,SGD,PHP/SGD,100,"SGD 0 – 39,999.99",tier_1,SGD < 50,std_lt_50,fxRatesSgd,2026-09-10T07:00:15,2026-09-10T07:00:15,2026-09-10T16:34:00.722555+00:00,2.0862,0.0,2.0215,2.0862,MAS,3.2005936186000374,100.0
standardized,ocbc,PLN,SGD,PLN/SGD,100,"SGD 0 – 39,999.99",tier_1,"SGD 200 – 39,999.99",std_200_40k,fxRatesSgd,2026-09-10T07:00:15,2026-09-10T07:00:15,2026-09-10T16:34:00.722555+00:00,35.1841,32.9868,,34.0855,,,
standardized,ocbc,PLN,SGD,PLN/SGD,100,"SGD 40,000 – 100,000",tier_2,"SGD 40,000 – 100,000",std_40k_100k,fxRatesSgd,2026-09-10T07:00:15,2026-09-10T07:00:15,2026-09-10T16:34:00.722555+00:00,35.1668,33.0137,,34.0855,,,
standardized,ocbc,PLN,SGD,PLN/SGD,100,"SGD 0 – 39,999.99",tier_1,SGD 50 – 200,std_50_200,fxRatesSgd,2026-09-10T07:00:15,2026-09-10T07:00:15,2026-09-10T16:34:00.722555+00:00,35.1841,32.9868,,34.0855,,,
standardized,ocbc,PLN,SGD,PLN/SGD,100,"SGD 0 – 39,999.99",tier_1,SGD < 50,std_lt_50,fxRatesSgd,2026-09-10T07:00:15,2026-09-10T07:00:15,2026-09-10T16:34:00.722555+00:00,35.1841,32.9868,,34.0855,,,
standardized,ocbc,QAR,SGD,QAR/SGD,100,"SGD 0 – 39,999.99",tier_1,"SGD 200 – 39,999.99",std_200_40k,fxRatesSgd,2026-09-10T07:00:15,2026-09-10T07:00:15,2026-09-10T16:34:00.722555+00:00,35.7208,33.679,34.67,34.6999,MAS,3.0308624170752676,2.8583790020190354
standardized,ocbc,QAR,SGD,QAR/SGD,100,"SGD 40,000 – 100,000",tier_2,"SGD 40,000 – 100,000",std_40k_100k,fxRatesSgd,2026-09-10T07:00:15,2026-09-10T07:00:15,2026-09-10T16:34:00.722555+00:00,35.6996,33.6961,34.67,34.6999,MAS,2.969714450533588,2.809056821459476
standardized,ocbc,QAR,SGD,QAR/SGD,100,"SGD 0 – 39,999.99",tier_1,SGD 50 – 200,std_50_200,fxRatesSgd,2026-09-10T07:00:15,2026-09-10T07:00:15,2026-09-10T16:34:00.722555+00:00,35.7208,33.679,34.67,34.6999,MAS,3.0308624170752676,2.8583790020190354
standardized,ocbc,QAR,SGD,QAR/SGD,100,"SGD 0 – 39,999.99",tier_1,SGD < 50,std_lt_50,fxRatesSgd,2026-09-10T07:00:15,2026-09-10T07:00:15,2026-09-10T16:34:00.722555+00:00,35.7208,33.679,34.67,34.6999,MAS,3.0308624170752676,2.8583790020190354
standardized,ocbc,RON,SGD,RON/SGD,100,"SGD 0 – 39,999.99",tier_1,"SGD 200 – 39,999.99",std_200_40k,fxRatesSgd,2026-09-10T07:00:15,2026-09-10T07:00:15,2026-09-10T16:34:00.722555+00:00,0.0,0.0,,0.0,,,
standardized,ocbc,RON,SGD,RON/SGD,100,"SGD 40,000 – 100,000",tier_2,"SGD 40,000 – 100,000",std_40k_100k,fxRatesSgd,2026-09-10T07:00:15,2026-09-10T07:00:15,2026-09-10T16:34:00.722555+00:00,0.0,0.0,,0.0,,,
standardized,ocbc,RON,SGD,RON/SGD,100,"SGD 0 – 39,999.99",tier_1,SGD 50 – 200,std_50_200,fxRatesSgd,2026-09-10T07:00:15,2026-09-10T07:00:15,2026-09-10T16:34:00.722555+00:00,0.0,0.0,,0.0,,,
standardized,ocbc,RON,SGD,RON/SGD,100,"SGD 0 – 39,999.99",tier_1,SGD < 50,std_lt_50,fxRatesSgd,2026-09-10T07:00:15,2026-09-10T07:00:15,2026-09-10T16:34:00.722555+00:00,0.0,0.0,,0.0,,,
standardized,ocbc,RUB,SGD,RUB/SGD,100,"SGD 0 – 39,999.99",tier_1,"SGD 200 – 39,999.99",std_200_40k,fxRatesSgd,2026-09-10T07:00:15,2026-09-10T07:00:15,2026-09-10T16:34:00.722555+00:00,0.0,0.0,,0.0,,,
standardized,ocbc,RUB,SGD,RUB/SGD,100,"SGD 40,000 – 100,000",tier_2,"SGD 40,000 – 100,000",std_40k_100k,fxRatesSgd,2026-09-10T07:00:15,2026-09-10T07:00:15,2026-09-10T16:34:00.722555+00:00,0.0,0.0,,0.0,,,
standardized,ocbc,RUB,SGD,RUB/SGD,100,"SGD 0 – 39,999.99",tier_1,SGD 50 – 200,std_50_200,fxRatesSgd,2026-09-10T07:00:15,2026-09-10T07:00:15,2026-09-10T16:34:00.722555+00:00,0.0,0.0,,0.0,,,
standardized,ocbc,RUB,SGD,RUB/SGD,100,"SGD 0 – 39,999.99",tier_1,SGD < 50,std_lt_50,fxRatesSgd,2026-09-10T07:00:15,2026-09-10T07:00:15,2026-09-10T16:34:00.722555+00:00,0.0,0.0,,0.0,,,
standardized,ocbc,SAR,SGD,SAR/SGD,100,"SGD 0 – 39,999.99",tier_1,"SGD 200 – 39,999.99",std_200_40k,fxRatesSgd,2026-09-10T07:00:15,2026-09-10T07:00:15,2026-09-10T16:34:00.722555+00:00,34.6665,32.7376,33.66,33.7021,MAS,2.9901960784313806,2.7403446226975525
standardized,ocbc,SAR,SGD,SAR/SGD,100,"SGD 40,000 – 100,000",tier_2,"SGD 40,000 – 100,000",std_40k_100k,fxRatesSgd,2026-09-10T07:00:15,2026-09-10T07:00:15,2026-09-10T16:34:00.722555+00:00,34.6494,32.7542,33.66,33.7021,MAS,2.9393939393939497,2.691027926322042
standardized,ocbc,SAR,SGD,SAR/SGD,100,"SGD 0 – 39,999.99",tier_1,SGD 50 – 200,std_50_200,fxRatesSgd,2026-09-10T07:00:15,2026-09-10T07:00:15,2026-09-10T16:34:00.722555+00:00,34.6665,32.7376,33.66,33.7021,MAS,2.9901960784313806,2.7403446226975525
standardized,ocbc,SAR,SGD,SAR/SGD,100,"SGD 0 – 39,999.99",tier_1,SGD < 50,std_lt_50,fxRatesSgd,2026-09-10T07:00:15,2026-09-10T07:00:15,2026-09-10T16:34:00.722555+00:00,34.6665,32.7376,33.66,33.7021,MAS,2.9901960784313806,2.7403446226975525
standardized,ocbc,SEK,SGD,SEK/SGD,100,"SGD 0 – 39,999.99",tier_1,"SGD 200 – 39,999.99",std_200_40k,fxRatesSgd,2026-09-10T07:00:15,2026-09-10T07:00:15,2026-09-10T16:34:00.722555+00:00,13.4067,12.9288,,13.1678,,,
standardized,ocbc,SEK,SGD,SEK/SGD,100,"SGD 40,000 – 100,000",tier_2,"SGD 40,000 – 100,000",std_40k_100k,fxRatesSgd,2026-09-10T07:00:15,2026-09-10T07:00:15,2026-09-10T16:34:00.722555+00:00,13.3803,12.9552,,13.1678,,,
standardized,ocbc,SEK,SGD,SEK/SGD,100,"SGD 0 – 39,999.99",tier_1,SGD 50 – 200,std_50_200,fxRatesSgd,2026-09-10T07:00:15,2026-09-10T07:00:15,2026-09-10T16:34:00.722555+00:00,13.4067,12.9288,,13.1678,,,
standardized,ocbc,SEK,SGD,SEK/SGD,100,"SGD 0 – 39,999.99",tier_1,SGD < 50,std_lt_50,fxRatesSgd,2026-09-10T07:00:15,2026-09-10T07:00:15,2026-09-10T16:34:00.722555+00:00,13.4067,12.9288,,13.1678,,,
standardized,ocbc,THB,SGD,THB/SGD,100,"SGD 0 – 39,999.99",tier_1,"SGD 200 – 39,999.99",std_200_40k,fxRatesSgd,2026-09-10T07:00:15,2026-09-10T07:00:15,2026-09-10T16:34:00.722555+00:00,3.948,3.7312,3.8412,3.8396,MAS,2.7803811308965893,2.863688430698748
standardized,ocbc,THB,SGD,THB/SGD,100,"SGD 40,000 – 100,000",tier_2,"SGD 40,000 – 100,000",std_40k_100k,fxRatesSgd,2026-09-10T07:00:15,2026-09-10T07:00:15,2026-09-10T16:34:00.722555+00:00,3.9403,3.7389,3.8412,3.8396,MAS,2.579922940747682,2.6632302405498294
standardized,ocbc,THB,SGD,THB/SGD,100,"SGD 0 – 39,999.99",tier_1,SGD 50 – 200,std_50_200,fxRatesSgd,2026-09-10T07:00:15,2026-09-10T07:00:15,2026-09-10T16:34:00.722555+00:00,3.948,3.7312,3.8412,3.8396,MAS,2.7803811308965893,2.863688430698748
standardized,ocbc,THB,SGD,THB/SGD,100,"SGD 0 – 39,999.99",tier_1,SGD < 50,std_lt_50,fxRatesSgd,2026-09-10T07:00:15,2026-09-10T07:00:15,2026-09-10T16:34:00.722555+00:00,3.948,3.7312,3.8412,3.8396,MAS,2.7803811308965893,2.863688430698748
standardized,ocbc,TRY,SGD,TRY/SGD,100,"SGD 0 – 39,999.99",tier_1,"SGD 200 – 39,999.99",std_200_40k,fxRatesSgd,2026-09-10T07:00:15,2026-09-10T07:00:15,2026-09-10T16:34:00.722555+00:00,2.6797,2.5689,,2.6243,,,
standardized,ocbc,TRY,SGD,TRY/SGD,100,"SGD 40,000 – 100,000",tier_2,"SGD 40,000 – 100,000",std_40k_100k,fxRatesSgd,2026-09-10T07:00:15,2026-09-10T07:00:15,2026-09-10T16:34:00.722555+00:00,2.6783,2.5691,,2.6243,,,
standardized,ocbc,TRY,SGD,TRY/SGD,100,"SGD 0 – 39,999.99",tier_1,SGD 50 – 200,std_50_200,fxRatesSgd,2026-09-10T07:00:15,2026-09-10T07:00:15,2026-09-10T16:34:00.722555+00:00,2.6797,2.5689,,2.6243,,,
standardized,ocbc,TRY,SGD,TRY/SGD,100,"SGD 0 – 39,999.99",tier_1,SGD < 50,std_lt_50,fxRatesSgd,2026-09-10T07:00:15,2026-09-10T07:00:15,2026-09-10T16:34:00.722555+00:00,2.6797,2.5689,,2.6243,,,
standardized,ocbc,TWD,SGD,TWD/SGD,100,"SGD 0 – 39,999.99",tier_1,"SGD 200 – 39,999.99",std_200_40k,fxRatesSgd,2026-09-10T07:00:15,2026-09-10T07:00:15,2026-09-10T16:34:00.722555+00:00,4.1687,0.0,4.0105,4.1687,MAS,3.944645306071559,100.0
standardized,ocbc,TWD,SGD,TWD/SGD,100,"SGD 40,000 – 100,000",tier_2,"SGD 40,000 – 100,000",std_40k_100k,fxRatesSgd,2026-09-10T07:00:15,2026-09-10T07:00:15,2026-09-10T16:34:00.722555+00:00,0.0,0.0,4.0105,4.1687,MAS,-100.0,100.0
standardized,ocbc,TWD,SGD,TWD/SGD,100,"SGD 0 – 39,999.99",tier_1,SGD 50 – 200,std_50_200,fxRatesSgd,2026-09-10T07:00:15,2026-09-10T07:00:15,2026-09-10T16:34:00.722555+00:00,4.1687,0.0,4.0105,4.1687,MAS,3.944645306071559,100.0
standardized,ocbc,TWD,SGD,TWD/SGD,100,"SGD 0 – 39,999.99",tier_1,SGD < 50,std_lt_50,fxRatesSgd,2026-09-10T07:00:15,2026-09-10T07:00:15,2026-09-10T16:34:00.722555+00:00,4.1687,0.0,4.0105,4.1687,MAS,3.944645306071559,100.0
standardized,ocbc,USD,SGD,USD/SGD,1,"SGD 0 – 39,999.99",tier_1,"SGD 200 – 39,999.99",std_200_40k,fxRatesSgd,2026-09-10T07:00:15,2026-09-10T07:00:15,2026-09-10T16:34:00.722555+00:00,1.2779,1.2538,1.264,1.2659,MAS,1.0996835443037993,0.8069620253164547
standardized,ocbc,USD,SGD,USD/SGD,1,"SGD 40,000 – 100,000",tier_2,"SGD 40,000 – 100,000",std_40k_100k,fxRatesSgd,2026-09-10T07:00:15,2026-09-10T07:00:15,2026-09-10T16:34:00.722555+00:00,1.2767,1.2561,1.264,1.2659,MAS,1.0047468354430327,0.6250000000000014
standardized,ocbc,USD,SGD,USD/SGD,1,"SGD 0 – 39,999.99",tier_1,SGD 50 – 200,std_50_200,fxRatesSgd,2026-09-10T07:00:15,2026-09-10T07:00:15,2026-09-10T16:34:00.722555+00:00,1.2779,1.2538,1.264,1.2659,MAS,1.0996835443037993,0.8069620253164547
standardized,ocbc,USD,SGD,USD/SGD,1,"SGD 0 – 39,999.99",tier_1,SGD < 50,std_lt_50,fxRatesSgd,2026-09-10T07:00:15,2026-09-10T07:00:15,2026-09-10T16:34:00.722555+00:00,1.2779,1.2538,1.264,1.2659,MAS,1.0996835443037993,0.8069620253164547
standardized,ocbc,ZAR,SGD,ZAR/SGD,100,"SGD 0 – 39,999.99",tier_1,"SGD 200 – 39,999.99",std_200_40k,fxRatesSgd,2026-09-10T07:00:15,2026-09-10T07:00:15,2026-09-10T16:34:00.722555+00:00,8.1003,7.6238,,7.8621,,,
standardized,ocbc,ZAR,SGD,ZAR/SGD,100,"SGD 40,000 – 100,000",tier_2,"SGD 40,000 – 100,000",std_40k_100k,fxRatesSgd,2026-09-10T07:00:15,2026-09-10T07:00:15,2026-09-10T16:34:00.722555+00:00,8.0963,7.6277,,7.8621,,,
standardized,ocbc,ZAR,SGD,ZAR/SGD,100,"SGD 0 – 39,999.99",tier_1,SGD 50 – 200,std_50_200,fxRatesSgd,2026-09-10T07:00:15,2026-09-10T07:00:15,2026-09-10T16:34:00.722555+00:00,8.1003,7.6238,,7.8621,,,
standardized,ocbc,ZAR,SGD,ZAR/SGD,100,"SGD 0 – 39,999.99",tier_1,SGD < 50,std_lt_50,fxRatesSgd,2026-09-10T07:00:15,2026-09-10T07:00:15,2026-09-10T16:34:00.722555+00:00,8.1003,7.6238,,7.8621,,,
standardized,uob,AED,SGD,AED/SGD,100,Indicative board,board,"SGD 200 – 39,999.99",std_200_40k,forex_sgd,10 September 2026 06:22:04 PM,10 September 2026 06:22:04 PM,2026-09-10T16:34:02.114969+00:00,35.3,33.6,34.41,34.45,MAS,2.5864574251671044,2.3539668700958885
standardized,uob,AED,SGD,AED/SGD,100,Indicative board,board,"SGD 40,000 – 100,000",std_40k_100k,forex_sgd,10 September 2026 06:22:04 PM,10 September 2026 06:22:04 PM,2026-09-10T16:34:02.114969+00:00,35.3,33.6,34.41,34.45,MAS,2.5864574251671044,2.3539668700958885
standardized,uob,AED,SGD,AED/SGD,100,Indicative board,board,SGD 50 – 200,std_50_200,forex_sgd,10 September 2026 06:22:04 PM,10 September 2026 06:22:04 PM,2026-09-10T16:34:02.114969+00:00,35.3,33.6,34.41,34.45,MAS,2.5864574251671044,2.3539668700958885
standardized,uob,AED,SGD,AED/SGD,100,Indicative board,board,SGD < 50,std_lt_50,forex_sgd,10 September 2026 06:22:04 PM,10 September 2026 06:22:04 PM,2026-09-10T16:34:02.114969+00:00,35.3,33.6,34.41,34.45,MAS,2.5864574251671044,2.3539668700958885
standardized,uob,AOA,SGD,AOA/SGD,100,Indicative board,board,"SGD 200 – 39,999.99",std_200_40k,forex_sgd,10 September 2026 06:22:04 PM,10 September 2026 06:22:04 PM,2026-09-10T16:34:02.114969+00:00,0.1422,,,,,,
standardized,uob,AOA,SGD,AOA/SGD,100,Indicative board,board,"SGD 40,000 – 100,000",std_40k_100k,forex_sgd,10 September 2026 06:22:04 PM,10 September 2026 06:22:04 PM,2026-09-10T16:34:02.114969+00:00,0.1422,,,,,,
standardized,uob,AOA,SGD,AOA/SGD,100,Indicative board,board,SGD 50 – 200,std_50_200,forex_sgd,10 September 2026 06:22:04 PM,10 September 2026 06:22:04 PM,2026-09-10T16:34:02.114969+00:00,0.1422,,,,,,
standardized,uob,AOA,SGD,AOA/SGD,100,Indicative board,board,SGD < 50,std_lt_50,forex_sgd,10 September 2026 06:22:04 PM,10 September 2026 06:22:04 PM,2026-09-10T16:34:02.114969+00:00,0.1422,,,,,,
standardized,uob,AUD,SGD,AUD/SGD,1,Indicative board,board,"SGD 200 – 39,999.99",std_200_40k,forex_sgd,10 September 2026 06:22:04 PM,10 September 2026 06:22:04 PM,2026-09-10T16:34:02.114969+00:00,0.9275,0.8965,0.9125,0.9119999999999999,MAS,1.6438356164383578,1.7534246575342483
standardized,uob,AUD,SGD,AUD/SGD,1,Indicative board,board,"SGD 40,000 – 100,000",std_40k_100k,forex_sgd,10 September 2026 06:22:04 PM,10 September 2026 06:22:04 PM,2026-09-10T16:34:02.114969+00:00,0.9275,0.8965,0.9125,0.9119999999999999,MAS,1.6438356164383578,1.7534246575342483
standardized,uob,AUD,SGD,AUD/SGD,1,Indicative board,board,SGD 50 – 200,std_50_200,forex_sgd,10 September 2026 06:22:04 PM,10 September 2026 06:22:04 PM,2026-09-10T16:34:02.114969+00:00,0.9275,0.8965,0.9125,0.9119999999999999,MAS,1.6438356164383578,1.7534246575342483
standardized,uob,AUD,SGD,AUD/SGD,1,Indicative board,board,SGD < 50,std_lt_50,forex_sgd,10 September 2026 06:22:04 PM,10 September 2026 06:22:04 PM,2026-09-10T16:34:02.114969+00:00,0.9275,0.8965,0.9125,0.9119999999999999,MAS,1.6438356164383578,1.7534246575342483
standardized,uob,BDT,SGD,BDT/SGD,100,Indicative board,board,"SGD 200 – 39,999.99",std_200_40k,forex_sgd,10 September 2026 06:22:04 PM,10 September 2026 06:22:04 PM,2026-09-10T16:34:02.114969+00:00,1.0569,,,,,,
standardized,uob,BDT,SGD,BDT/SGD,100,Indicative board,board,"SGD 40,000 – 100,000",std_40k_100k,forex_sgd,10 September 2026 06:22:04 PM,10 September 2026 06:22:04 PM,2026-09-10T16:34:02.114969+00:00,1.0569,,,,,,
standardized,uob,BDT,SGD,BDT/SGD,100,Indicative board,board,SGD 50 – 200,std_50_200,forex_sgd,10 September 2026 06:22:04 PM,10 September 2026 06:22:04 PM,2026-09-10T16:34:02.114969+00:00,1.0569,,,,,,
standardized,uob,BDT,SGD,BDT/SGD,100,Indicative board,board,SGD < 50,std_lt_50,forex_sgd,10 September 2026 06:22:04 PM,10 September 2026 06:22:04 PM,2026-09-10T16:34:02.114969+00:00,1.0569,,,,,,
standardized,uob,BND,SGD,BND/SGD,1,Indicative board,board,"SGD 200 – 39,999.99",std_200_40k,forex_sgd,10 September 2026 06:22:04 PM,10 September 2026 06:22:04 PM,2026-09-10T16:34:02.114969+00:00,1.0,1.0,,1.0,,,
standardized,uob,BND,SGD,BND/SGD,1,Indicative board,board,"SGD 40,000 – 100,000",std_40k_100k,forex_sgd,10 September 2026 06:22:04 PM,10 September 2026 06:22:04 PM,2026-09-10T16:34:02.114969+00:00,1.0,1.0,,1.0,,,
standardized,uob,BND,SGD,BND/SGD,1,Indicative board,board,SGD 50 – 200,std_50_200,forex_sgd,10 September 2026 06:22:04 PM,10 September 2026 06:22:04 PM,2026-09-10T16:34:02.114969+00:00,1.0,1.0,,1.0,,,
standardized,uob,BND,SGD,BND/SGD,1,Indicative board,board,SGD < 50,std_lt_50,forex_sgd,10 September 2026 06:22:04 PM,10 September 2026 06:22:04 PM,2026-09-10T16:34:02.114969+00:00,1.0,1.0,,1.0,,,
standardized,uob,CAD,SGD,CAD/SGD,1,Indicative board,board,"SGD 200 – 39,999.99",std_200_40k,forex_sgd,10 September 2026 06:22:04 PM,10 September 2026 06:22:04 PM,2026-09-10T16:34:02.114969+00:00,0.9264,0.9064,0.9154000000000001,0.9164,MAS,1.201660476294505,0.9831767533318896
standardized,uob,CAD,SGD,CAD/SGD,1,Indicative board,board,"SGD 40,000 – 100,000",std_40k_100k,forex_sgd,10 September 2026 06:22:04 PM,10 September 2026 06:22:04 PM,2026-09-10T16:34:02.114969+00:00,0.9264,0.9064,0.9154000000000001,0.9164,MAS,1.201660476294505,0.9831767533318896
standardized,uob,CAD,SGD,CAD/SGD,1,Indicative board,board,SGD 50 – 200,std_50_200,forex_sgd,10 September 2026 06:22:04 PM,10 September 2026 06:22:04 PM,2026-09-10T16:34:02.114969+00:00,0.9264,0.9064,0.9154000000000001,0.9164,MAS,1.201660476294505,0.9831767533318896
standardized,uob,CAD,SGD,CAD/SGD,1,Indicative board,board,SGD < 50,std_lt_50,forex_sgd,10 September 2026 06:22:04 PM,10 September 2026 06:22:04 PM,2026-09-10T16:34:02.114969+00:00,0.9264,0.9064,0.9154000000000001,0.9164,MAS,1.201660476294505,0.9831767533318896
standardized,uob,CHF,SGD,CHF/SGD,100,Indicative board,board,"SGD 200 – 39,999.99",std_200_40k,forex_sgd,10 September 2026 06:22:04 PM,10 September 2026 06:22:04 PM,2026-09-10T16:34:02.114969+00:00,157.8,154.5,156.23,156.15,MAS,1.0049286308647647,1.1073417397426806
standardized,uob,CHF,SGD,CHF/SGD,100,Indicative board,board,"SGD 40,000 – 100,000",std_40k_100k,forex_sgd,10 September 2026 06:22:04 PM,10 September 2026 06:22:04 PM,2026-09-10T16:34:02.114969+00:00,157.8,154.5,156.23,156.15,MAS,1.0049286308647647,1.1073417397426806
standardized,uob,CHF,SGD,CHF/SGD,100,Indicative board,board,SGD 50 – 200,std_50_200,forex_sgd,10 September 2026 06:22:04 PM,10 September 2026 06:22:04 PM,2026-09-10T16:34:02.114969+00:00,157.8,154.5,156.23,156.15,MAS,1.0049286308647647,1.1073417397426806
standardized,uob,CHF,SGD,CHF/SGD,100,Indicative board,board,SGD < 50,std_lt_50,forex_sgd,10 September 2026 06:22:04 PM,10 September 2026 06:22:04 PM,2026-09-10T16:34:02.114969+00:00,157.8,154.5,156.23,156.15,MAS,1.0049286308647647,1.1073417397426806
standardized,uob,CNH,SGD,CNH/SGD,100,Indicative board,board,"SGD 200 – 39,999.99",std_200_40k,forex_sgd,10 September 2026 06:22:04 PM,10 September 2026 06:22:04 PM,2026-09-10T16:34:02.114969+00:00,19.1,18.64,,18.87,,,
standardized,uob,CNH,SGD,CNH/SGD,100,Indicative board,board,"SGD 40,000 – 100,000",std_40k_100k,forex_sgd,10 September 2026 06:22:04 PM,10 September 2026 06:22:04 PM,2026-09-10T16:34:02.114969+00:00,19.1,18.64,,18.87,,,
standardized,uob,CNH,SGD,CNH/SGD,100,Indicative board,board,SGD 50 – 200,std_50_200,forex_sgd,10 September 2026 06:22:04 PM,10 September 2026 06:22:04 PM,2026-09-10T16:34:02.114969+00:00,19.1,18.64,,18.87,,,
standardized,uob,CNH,SGD,CNH/SGD,100,Indicative board,board,SGD < 50,std_lt_50,forex_sgd,10 September 2026 06:22:04 PM,10 September 2026 06:22:04 PM,2026-09-10T16:34:02.114969+00:00,19.1,18.64,,18.87,,,
standardized,uob,DKK,SGD,DKK/SGD,100,Indicative board,board,"SGD 200 – 39,999.99",std_200_40k,forex_sgd,10 September 2026 06:22:04 PM,10 September 2026 06:22:04 PM,2026-09-10T16:34:02.114969+00:00,20.04,19.34,,19.689999999999998,,,
standardized,uob,DKK,SGD,DKK/SGD,100,Indicative board,board,"SGD 40,000 – 100,000",std_40k_100k,forex_sgd,10 September 2026 06:22:04 PM,10 September 2026 06:22:04 PM,2026-09-10T16:34:02.114969+00:00,20.04,19.34,,19.689999999999998,,,
standardized,uob,DKK,SGD,DKK/SGD,100,Indicative board,board,SGD 50 – 200,std_50_200,forex_sgd,10 September 2026 06:22:04 PM,10 September 2026 06:22:04 PM,2026-09-10T16:34:02.114969+00:00,20.04,19.34,,19.689999999999998,,,
standardized,uob,DKK,SGD,DKK/SGD,100,Indicative board,board,SGD < 50,std_lt_50,forex_sgd,10 September 2026 06:22:04 PM,10 September 2026 06:22:04 PM,2026-09-10T16:34:02.114969+00:00,20.04,19.34,,19.689999999999998,,,
standardized,uob,EGP,SGD,EGP/SGD,100,Indicative board,board,"SGD 200 – 39,999.99",std_200_40k,forex_sgd,10 September 2026 06:22:04 PM,10 September 2026 06:22:04 PM,2026-09-10T16:34:02.114969+00:00,2.538,,,,,,
standardized,uob,EGP,SGD,EGP/SGD,100,Indicative board,board,"SGD 40,000 – 100,000",std_40k_100k,forex_sgd,10 September 2026 06:22:04 PM,10 September 2026 06:22:04 PM,2026-09-10T16:34:02.114969+00:00,2.538,,,,,,
standardized,uob,EGP,SGD,EGP/SGD,100,Indicative board,board,SGD 50 – 200,std_50_200,forex_sgd,10 September 2026 06:22:04 PM,10 September 2026 06:22:04 PM,2026-09-10T16:34:02.114969+00:00,2.538,,,,,,
standardized,uob,EGP,SGD,EGP/SGD,100,Indicative board,board,SGD < 50,std_lt_50,forex_sgd,10 September 2026 06:22:04 PM,10 September 2026 06:22:04 PM,2026-09-10T16:34:02.114969+00:00,2.538,,,,,,
standardized,uob,EUR,SGD,EUR/SGD,1,Indicative board,board,"SGD 200 – 39,999.99",std_200_40k,forex_sgd,10 September 2026 06:22:04 PM,10 September 2026 06:22:04 PM,2026-09-10T16:34:02.114969+00:00,1.4912,1.4532,1.471,1.4722,MAS,1.3732154996600947,1.2100611828687993
standardized,uob,EUR,SGD,EUR/SGD,1,Indicative board,board,"SGD 40,000 – 100,000",std_40k_100k,forex_sgd,10 September 2026 06:22:04 PM,10 September 2026 06:22:04 PM,2026-09-10T16:34:02.114969+00:00,1.4912,1.4532,1.471,1.4722,MAS,1.3732154996600947,1.2100611828687993
standardized,uob,EUR,SGD,EUR/SGD,1,Indicative board,board,SGD 50 – 200,std_50_200,forex_sgd,10 September 2026 06:22:04 PM,10 September 2026 06:22:04 PM,2026-09-10T16:34:02.114969+00:00,1.4912,1.4532,1.471,1.4722,MAS,1.3732154996600947,1.2100611828687993
standardized,uob,EUR,SGD,EUR/SGD,1,Indicative board,board,SGD < 50,std_lt_50,forex_sgd,10 September 2026 06:22:04 PM,10 September 2026 06:22:04 PM,2026-09-10T16:34:02.114969+00:00,1.4912,1.4532,1.471,1.4722,MAS,1.3732154996600947,1.2100611828687993
standardized,uob,GBP,SGD,GBP/SGD,1,Indicative board,board,"SGD 200 – 39,999.99",std_200_40k,forex_sgd,10 September 2026 06:22:04 PM,10 September 2026 06:22:04 PM,2026-09-10T16:34:02.114969+00:00,1.7366,1.6916,1.7135,1.7141,MAS,1.3481178873650363,1.2780857893201067
standardized,uob,GBP,SGD,GBP/SGD,1,Indicative board,board,"SGD 40,000 – 100,000",std_40k_100k,forex_sgd,10 September 2026 06:22:04 PM,10 September 2026 06:22:04 PM,2026-09-10T16:34:02.114969+00:00,1.7366,1.6916,1.7135,1.7141,MAS,1.3481178873650363,1.2780857893201067
standardized,uob,GBP,SGD,GBP/SGD,1,Indicative board,board,SGD 50 – 200,std_50_200,forex_sgd,10 September 2026 06:22:04 PM,10 September 2026 06:22:04 PM,2026-09-10T16:34:02.114969+00:00,1.7366,1.6916,1.7135,1.7141,MAS,1.3481178873650363,1.2780857893201067
standardized,uob,GBP,SGD,GBP/SGD,1,Indicative board,board,SGD < 50,std_lt_50,forex_sgd,10 September 2026 06:22:04 PM,10 September 2026 06:22:04 PM,2026-09-10T16:34:02.114969+00:00,1.7366,1.6916,1.7135,1.7141,MAS,1.3481178873650363,1.2780857893201067
standardized,uob,HKD,SGD,HKD/SGD,100,Indicative board,board,"SGD 200 – 39,999.99",std_200_40k,forex_sgd,10 September 2026 06:22:04 PM,10 September 2026 06:22:04 PM,2026-09-10T16:34:02.114969+00:00,16.319,15.961,16.12,16.14,MAS,1.2344913151364645,0.9863523573201034
standardized,uob,HKD,SGD,HKD/SGD,100,Indicative board,board,"SGD 40,000 – 100,000",std_40k_100k,forex_sgd,10 September 2026 06:22:04 PM,10 September 2026 06:22:04 PM,2026-09-10T16:34:02.114969+00:00,16.319,15.961,16.12,16.14,MAS,1.2344913151364645,0.9863523573201034
standardized,uob,HKD,SGD,HKD/SGD,100,Indicative board,board,SGD 50 – 200,std_50_200,forex_sgd,10 September 2026 06:22:04 PM,10 September 2026 06:22:04 PM,2026-09-10T16:34:02.114969+00:00,16.319,15.961,16.12,16.14,MAS,1.2344913151364645,0.9863523573201034
standardized,uob,HKD,SGD,HKD/SGD,100,Indicative board,board,SGD < 50,std_lt_50,forex_sgd,10 September 2026 06:22:04 PM,10 September 2026 06:22:04 PM,2026-09-10T16:34:02.114969+00:00,16.319,15.961,16.12,16.14,MAS,1.2344913151364645,0.9863523573201034
standardized,uob,INR,SGD,INR/SGD,100,Indicative board,board,"SGD 200 – 39,999.99",std_200_40k,forex_sgd,10 September 2026 06:22:04 PM,10 September 2026 06:22:04 PM,2026-09-10T16:34:02.114969+00:00,1.3628,,1.3267,,MAS,2.7210371598703564,
standardized,uob,INR,SGD,INR/SGD,100,Indicative board,board,"SGD 40,000 – 100,000",std_40k_100k,forex_sgd,10 September 2026 06:22:04 PM,10 September 2026 06:22:04 PM,2026-09-10T16:34:02.114969+00:00,1.3628,,1.3267,,MAS,2.7210371598703564,
standardized,uob,INR,SGD,INR/SGD,100,Indicative board,board,SGD 50 – 200,std_50_200,forex_sgd,10 September 2026 06:22:04 PM,10 September 2026 06:22:04 PM,2026-09-10T16:34:02.114969+00:00,1.3628,,1.3267,,MAS,2.7210371598703564,
standardized,uob,INR,SGD,INR/SGD,100,Indicative board,board,SGD < 50,std_lt_50,forex_sgd,10 September 2026 06:22:04 PM,10 September 2026 06:22:04 PM,2026-09-10T16:34:02.114969+00:00,1.3628,,1.3267,,MAS,2.7210371598703564,
standardized,uob,JPY,SGD,JPY/SGD,100,Indicative board,board,"SGD 200 – 39,999.99",std_200_40k,forex_sgd,10 September 2026 06:22:04 PM,10 September 2026 06:22:04 PM,2026-09-10T16:34:02.114969+00:00,0.84,0.806,0.824,0.823,MAS,1.9417475728155358,2.1844660194174645
standardized,uob,JPY,SGD,JPY/SGD,100,Indicative board,board,"SGD 40,000 – 100,000",std_40k_100k,forex_sgd,10 September 2026 06:22:04 PM,10 September 2026 06:22:04 PM,2026-09-10T16:34:02.114969+00:00,0.84,0.806,0.824,0.823,MAS,1.9417475728155358,2.1844660194174645
standardized,uob,JPY,SGD,JPY/SGD,100,Indicative board,board,SGD 50 – 200,std_50_200,forex_sgd,10 September 2026 06:22:04 PM,10 September 2026 06:22:04 PM,2026-09-10T16:34:02.114969+00:00,0.84,0.806,0.824,0.823,MAS,1.9417475728155358,2.1844660194174645
standardized,uob,JPY,SGD,JPY/SGD,100,Indicative board,board,SGD < 50,std_lt_50,forex_sgd,10 September 2026 06:22:04 PM,10 September 2026 06:22:04 PM,2026-09-10T16:34:02.114969+00:00,0.84,0.806,0.824,0.823,MAS,1.9417475728155358,2.1844660194174645
standardized,uob,KRW,SGD,KRW/SGD,1000,Indicative board,board,"SGD 200 – 39,999.99",std_200_40k,forex_sgd,10 September 2026 06:22:04 PM,10 September 2026 06:22:04 PM,2026-09-10T16:34:02.114969+00:00,0.959,,0.945,,MAS,1.481481481481483,
standardized,uob,KRW,SGD,KRW/SGD,1000,Indicative board,board,"SGD 40,000 – 100,000",std_40k_100k,forex_sgd,10 September 2026 06:22:04 PM,10 September 2026 06:22:04 PM,2026-09-10T16:34:02.114969+00:00,0.959,,0.945,,MAS,1.481481481481483,
standardized,uob,KRW,SGD,KRW/SGD,1000,Indicative board,board,SGD 50 – 200,std_50_200,forex_sgd,10 September 2026 06:22:04 PM,10 September 2026 06:22:04 PM,2026-09-10T16:34:02.114969+00:00,0.959,,0.945,,MAS,1.481481481481483,
standardized,uob,KRW,SGD,KRW/SGD,1000,Indicative board,board,SGD < 50,std_lt_50,forex_sgd,10 September 2026 06:22:04 PM,10 September 2026 06:22:04 PM,2026-09-10T16:34:02.114969+00:00,0.959,,0.945,,MAS,1.481481481481483,
standardized,uob,KWD,SGD,KWD/SGD,1,Indicative board,board,"SGD 200 – 39,999.99",std_200_40k,forex_sgd,10 September 2026 06:22:04 PM,10 September 2026 06:22:04 PM,2026-09-10T16:34:02.114969+00:00,4.1604,,,,,,
standardized,uob,KWD,SGD,KWD/SGD,1,Indicative board,board,"SGD 40,000 – 100,000",std_40k_100k,forex_sgd,10 September 2026 06:22:04 PM,10 September 2026 06:22:04 PM,2026-09-10T16:34:02.114969+00:00,4.1604,,,,,,
standardized,uob,KWD,SGD,KWD/SGD,1,Indicative board,board,SGD 50 – 200,std_50_200,forex_sgd,10 September 2026 06:22:04 PM,10 September 2026 06:22:04 PM,2026-09-10T16:34:02.114969+00:00,4.1604,,,,,,
standardized,uob,KWD,SGD,KWD/SGD,1,Indicative board,board,SGD < 50,std_lt_50,forex_sgd,10 September 2026 06:22:04 PM,10 September 2026 06:22:04 PM,2026-09-10T16:34:02.114969+00:00,4.1604,,,,,,
standardized,uob,LKR,SGD,LKR/SGD,100,Indicative board,board,"SGD 200 – 39,999.99",std_200_40k,forex_sgd,10 September 2026 06:22:04 PM,10 September 2026 06:22:04 PM,2026-09-10T16:34:02.114969+00:00,0.3911,,,,,,
standardized,uob,LKR,SGD,LKR/SGD,100,Indicative board,board,"SGD 40,000 – 100,000",std_40k_100k,forex_sgd,10 September 2026 06:22:04 PM,10 September 2026 06:22:04 PM,2026-09-10T16:34:02.114969+00:00,0.3911,,,,,,
standardized,uob,LKR,SGD,LKR/SGD,100,Indicative board,board,SGD 50 – 200,std_50_200,forex_sgd,10 September 2026 06:22:04 PM,10 September 2026 06:22:04 PM,2026-09-10T16:34:02.114969+00:00,0.3911,,,,,,
standardized,uob,LKR,SGD,LKR/SGD,100,Indicative board,board,SGD < 50,std_lt_50,forex_sgd,10 September 2026 06:22:04 PM,10 September 2026 06:22:04 PM,2026-09-10T16:34:02.114969+00:00,0.3911,,,,,,
standardized,uob,MXN,SGD,MXN/SGD,100,Indicative board,board,"SGD 200 – 39,999.99",std_200_40k,forex_sgd,10 September 2026 06:22:04 PM,10 September 2026 06:22:04 PM,2026-09-10T16:34:02.114969+00:00,7.5544,,,,,,
standardized,uob,MXN,SGD,MXN/SGD,100,Indicative board,board,"SGD 40,000 – 100,000",std_40k_100k,forex_sgd,10 September 2026 06:22:04 PM,10 September 2026 06:22:04 PM,2026-09-10T16:34:02.114969+00:00,7.5544,,,,,,
standardized,uob,MXN,SGD,MXN/SGD,100,Indicative board,board,SGD 50 – 200,std_50_200,forex_sgd,10 September 2026 06:22:04 PM,10 September 2026 06:22:04 PM,2026-09-10T16:34:02.114969+00:00,7.5544,,,,,,
standardized,uob,MXN,SGD,MXN/SGD,100,Indicative board,board,SGD < 50,std_lt_50,forex_sgd,10 September 2026 06:22:04 PM,10 September 2026 06:22:04 PM,2026-09-10T16:34:02.114969+00:00,7.5544,,,,,,
standardized,uob,MYR,SGD,MYR/SGD,100,Indicative board,board,"SGD 200 – 39,999.99",std_200_40k,forex_sgd,10 September 2026 06:22:04 PM,10 September 2026 06:22:04 PM,2026-09-10T16:34:02.114969+00:00,31.5358,,31.120000000000005,,MAS,1.3361182519280002,
standardized,uob,MYR,SGD,MYR/SGD,100,Indicative board,board,"SGD 40,000 – 100,000",std_40k_100k,forex_sgd,10 September 2026 06:22:04 PM,10 September 2026 06:22:04 PM,2026-09-10T16:34:02.114969+00:00,31.5358,,31.120000000000005,,MAS,1.3361182519280002,
standardized,uob,MYR,SGD,MYR/SGD,100,Indicative board,board,SGD 50 – 200,std_50_200,forex_sgd,10 September 2026 06:22:04 PM,10 September 2026 06:22:04 PM,2026-09-10T16:34:02.114969+00:00,31.5358,,31.120000000000005,,MAS,1.3361182519280002,
standardized,uob,MYR,SGD,MYR/SGD,100,Indicative board,board,SGD < 50,std_lt_50,forex_sgd,10 September 2026 06:22:04 PM,10 September 2026 06:22:04 PM,2026-09-10T16:34:02.114969+00:00,31.5358,,31.120000000000005,,MAS,1.3361182519280002,
standardized,uob,NOK,SGD,NOK/SGD,100,Indicative board,board,"SGD 200 – 39,999.99",std_200_40k,forex_sgd,10 September 2026 06:22:04 PM,10 September 2026 06:22:04 PM,2026-09-10T16:34:02.114969+00:00,13.94,13.5,,13.719999999999999,,,
standardized,uob,NOK,SGD,NOK/SGD,100,Indicative board,board,"SGD 40,000 – 100,000",std_40k_100k,forex_sgd,10 September 2026 06:22:04 PM,10 September 2026 06:22:04 PM,2026-09-10T16:34:02.114969+00:00,13.94,13.5,,13.719999999999999,,,
standardized,uob,NOK,SGD,NOK/SGD,100,Indicative board,board,SGD 50 – 200,std_50_200,forex_sgd,10 September 2026 06:22:04 PM,10 September 2026 06:22:04 PM,2026-09-10T16:34:02.114969+00:00,13.94,13.5,,13.719999999999999,,,
standardized,uob,NOK,SGD,NOK/SGD,100,Indicative board,board,SGD < 50,std_lt_50,forex_sgd,10 September 2026 06:22:04 PM,10 September 2026 06:22:04 PM,2026-09-10T16:34:02.114969+00:00,13.94,13.5,,13.719999999999999,,,
standardized,uob,NZD,SGD,NZD/SGD,1,Indicative board,board,"SGD 200 – 39,999.99",std_200_40k,forex_sgd,10 September 2026 06:22:04 PM,10 September 2026 06:22:04 PM,2026-09-10T16:34:02.114969+00:00,0.7496,0.7296,0.7394,0.7396,MAS,1.3794968893697725,1.325398972139562
standardized,uob,NZD,SGD,NZD/SGD,1,Indicative board,board,"SGD 40,000 – 100,000",std_40k_100k,forex_sgd,10 September 2026 06:22:04 PM,10 September 2026 06:22:04 PM,2026-09-10T16:34:02.114969+00:00,0.7496,0.7296,0.7394,0.7396,MAS,1.3794968893697725,1.325398972139562
standardized,uob,NZD,SGD,NZD/SGD,1,Indicative board,board,SGD 50 – 200,std_50_200,forex_sgd,10 September 2026 06:22:04 PM,10 September 2026 06:22:04 PM,2026-09-10T16:34:02.114969+00:00,0.7496,0.7296,0.7394,0.7396,MAS,1.3794968893697725,1.325398972139562
standardized,uob,NZD,SGD,NZD/SGD,1,Indicative board,board,SGD < 50,std_lt_50,forex_sgd,10 September 2026 06:22:04 PM,10 September 2026 06:22:04 PM,2026-09-10T16:34:02.114969+00:00,0.7496,0.7296,0.7394,0.7396,MAS,1.3794968893697725,1.325398972139562
standardized,uob,PHP,SGD,PHP/SGD,100,Indicative board,board,"SGD 200 – 39,999.99",std_200_40k,forex_sgd,10 September 2026 06:22:04 PM,10 September 2026 06:22:04 PM,2026-09-10T16:34:02.114969+00:00,2.0693,,2.0215,,MAS,2.364580756863718,
standardized,uob,PHP,SGD,PHP/SGD,100,Indicative board,board,"SGD 40,000 – 100,000",std_40k_100k,forex_sgd,10 September 2026 06:22:04 PM,10 September 2026 06:22:04 PM,2026-09-10T16:34:02.114969+00:00,2.0693,,2.0215,,MAS,2.364580756863718,
standardized,uob,PHP,SGD,PHP/SGD,100,Indicative board,board,SGD 50 – 200,std_50_200,forex_sgd,10 September 2026 06:22:04 PM,10 September 2026 06:22:04 PM,2026-09-10T16:34:02.114969+00:00,2.0693,,2.0215,,MAS,2.364580756863718,
standardized,uob,PHP,SGD,PHP/SGD,100,Indicative board,board,SGD < 50,std_lt_50,forex_sgd,10 September 2026 06:22:04 PM,10 September 2026 06:22:04 PM,2026-09-10T16:34:02.114969+00:00,2.0693,,2.0215,,MAS,2.364580756863718,
standardized,uob,PKR,SGD,PKR/SGD,100,Indicative board,board,"SGD 200 – 39,999.99",std_200_40k,forex_sgd,10 September 2026 06:22:04 PM,10 September 2026 06:22:04 PM,2026-09-10T16:34:02.114969+00:00,0.462,,,,,,
standardized,uob,PKR,SGD,PKR/SGD,100,Indicative board,board,"SGD 40,000 – 100,000",std_40k_100k,forex_sgd,10 September 2026 06:22:04 PM,10 September 2026 06:22:04 PM,2026-09-10T16:34:02.114969+00:00,0.462,,,,,,
standardized,uob,PKR,SGD,PKR/SGD,100,Indicative board,board,SGD 50 – 200,std_50_200,forex_sgd,10 September 2026 06:22:04 PM,10 September 2026 06:22:04 PM,2026-09-10T16:34:02.114969+00:00,0.462,,,,,,
standardized,uob,PKR,SGD,PKR/SGD,100,Indicative board,board,SGD < 50,std_lt_50,forex_sgd,10 September 2026 06:22:04 PM,10 September 2026 06:22:04 PM,2026-09-10T16:34:02.114969+00:00,0.462,,,,,,
standardized,uob,SAR,SGD,SAR/SGD,100,Indicative board,board,"SGD 200 – 39,999.99",std_200_40k,forex_sgd,10 September 2026 06:22:04 PM,10 September 2026 06:22:04 PM,2026-09-10T16:34:02.114969+00:00,,,33.66,,MAS,,
standardized,uob,SAR,SGD,SAR/SGD,100,Indicative board,board,"SGD 40,000 – 100,000",std_40k_100k,forex_sgd,10 September 2026 06:22:04 PM,10 September 2026 06:22:04 PM,2026-09-10T16:34:02.114969+00:00,,,33.66,,MAS,,
standardized,uob,SAR,SGD,SAR/SGD,100,Indicative board,board,SGD 50 – 200,std_50_200,forex_sgd,10 September 2026 06:22:04 PM,10 September 2026 06:22:04 PM,2026-09-10T16:34:02.114969+00:00,,,33.66,,MAS,,
standardized,uob,SAR,SGD,SAR/SGD,100,Indicative board,board,SGD < 50,std_lt_50,forex_sgd,10 September 2026 06:22:04 PM,10 September 2026 06:22:04 PM,2026-09-10T16:34:02.114969+00:00,,,33.66,,MAS,,
standardized,uob,SEK,SGD,SEK/SGD,100,Indicative board,board,"SGD 200 – 39,999.99",std_200_40k,forex_sgd,10 September 2026 06:22:04 PM,10 September 2026 06:22:04 PM,2026-09-10T16:34:02.114969+00:00,13.42,12.94,,13.18,,,
standardized,uob,SEK,SGD,SEK/SGD,100,Indicative board,board,"SGD 40,000 – 100,000",std_40k_100k,forex_sgd,10 September 2026 06:22:04 PM,10 September 2026 06:22:04 PM,2026-09-10T16:34:02.114969+00:00,13.42,12.94,,13.18,,,
standardized,uob,SEK,SGD,SEK/SGD,100,Indicative board,board,SGD 50 – 200,std_50_200,forex_sgd,10 September 2026 06:22:04 PM,10 September 2026 06:22:04 PM,2026-09-10T16:34:02.114969+00:00,13.42,12.94,,13.18,,,
standardized,uob,SEK,SGD,SEK/SGD,100,Indicative board,board,SGD < 50,std_lt_50,forex_sgd,10 September 2026 06:22:04 PM,10 September 2026 06:22:04 PM,2026-09-10T16:34:02.114969+00:00,13.42,12.94,,13.18,,,
standardized,uob,THB,SGD,THB/SGD,100,Indicative board,board,"SGD 200 – 39,999.99",std_200_40k,forex_sgd,10 September 2026 06:22:04 PM,10 September 2026 06:22:04 PM,2026-09-10T16:34:02.114969+00:00,3.94,3.74,3.8412,3.84,MAS,2.572112881391226,2.6345933562428394
standardized,uob,THB,SGD,THB/SGD,100,Indicative board,board,"SGD 40,000 – 100,000",std_40k_100k,forex_sgd,10 September 2026 06:22:04 PM,10 September 2026 06:22:04 PM,2026-09-10T16:34:02.114969+00:00,3.94,3.74,3.8412,3.84,MAS,2.572112881391226,2.6345933562428394
standardized,uob,THB,SGD,THB/SGD,100,Indicative board,board,SGD 50 – 200,std_50_200,forex_sgd,10 September 2026 06:22:04 PM,10 September 2026 06:22:04 PM,2026-09-10T16:34:02.114969+00:00,3.94,3.74,3.8412,3.84,MAS,2.572112881391226,2.6345933562428394
standardized,uob,THB,SGD,THB/SGD,100,Indicative board,board,SGD < 50,std_lt_50,forex_sgd,10 September 2026 06:22:04 PM,10 September 2026 06:22:04 PM,2026-09-10T16:34:02.114969+00:00,3.94,3.74,3.8412,3.84,MAS,2.572112881391226,2.6345933562428394
standardized,uob,TWD,SGD,TWD/SGD,100,Indicative board,board,"SGD 200 – 39,999.99",std_200_40k,forex_sgd,10 September 2026 06:22:04 PM,10 September 2026 06:22:04 PM,2026-09-10T16:34:02.114969+00:00,4.095,,4.0105,,MAS,2.1069692058346674,
standardized,uob,TWD,SGD,TWD/SGD,100,Indicative board,board,"SGD 40,000 – 100,000",std_40k_100k,forex_sgd,10 September 2026 06:22:04 PM,10 September 2026 06:22:04 PM,2026-09-10T16:34:02.114969+00:00,4.095,,4.0105,,MAS,2.1069692058346674,
standardized,uob,TWD,SGD,TWD/SGD,100,Indicative board,board,SGD 50 – 200,std_50_200,forex_sgd,10 September 2026 06:22:04 PM,10 September 2026 06:22:04 PM,2026-09-10T16:34:02.114969+00:00,4.095,,4.0105,,MAS,2.1069692058346674,
standardized,uob,TWD,SGD,TWD/SGD,100,Indicative board,board,SGD < 50,std_lt_50,forex_sgd,10 September 2026 06:22:04 PM,10 September 2026 06:22:04 PM,2026-09-10T16:34:02.114969+00:00,4.095,,4.0105,,MAS,2.1069692058346674,
standardized,uob,USD,SGD,USD/SGD,1,Indicative board,board,"SGD 200 – 39,999.99",std_200_40k,forex_sgd,10 September 2026 06:22:04 PM,10 September 2026 06:22:04 PM,2026-09-10T16:34:02.114969+00:00,1.2773,1.2533,1.264,1.2653,MAS,1.0522151898734247,0.8465189873417668
standardized,uob,USD,SGD,USD/SGD,1,Indicative board,board,"SGD 40,000 – 100,000",std_40k_100k,forex_sgd,10 September 2026 06:22:04 PM,10 September 2026 06:22:04 PM,2026-09-10T16:34:02.114969+00:00,1.2773,1.2533,1.264,1.2653,MAS,1.0522151898734247,0.8465189873417668
standardized,uob,USD,SGD,USD/SGD,1,Indicative board,board,SGD 50 – 200,std_50_200,forex_sgd,10 September 2026 06:22:04 PM,10 September 2026 06:22:04 PM,2026-09-10T16:34:02.114969+00:00,1.2773,1.2533,1.264,1.2653,MAS,1.0522151898734247,0.8465189873417668
standardized,uob,USD,SGD,USD/SGD,1,Indicative board,board,SGD < 50,std_lt_50,forex_sgd,10 September 2026 06:22:04 PM,10 September 2026 06:22:04 PM,2026-09-10T16:34:02.114969+00:00,1.2773,1.2533,1.264,1.2653,MAS,1.0522151898734247,0.8465189873417668
standardized,uob,VND,SGD,VND/SGD,1000,Indicative board,board,"SGD 200 – 39,999.99",std_200_40k,forex_sgd,10 September 2026 06:22:04 PM,10 September 2026 06:22:04 PM,2026-09-10T16:34:02.114969+00:00,0.05,,0.04881,,MAS,2.438024994878106,
standardized,uob,VND,SGD,VND/SGD,1000,Indicative board,board,"SGD 40,000 – 100,000",std_40k_100k,forex_sgd,10 September 2026 06:22:04 PM,10 September 2026 06:22:04 PM,2026-09-10T16:34:02.114969+00:00,0.05,,0.04881,,MAS,2.438024994878106,
standardized,uob,VND,SGD,VND/SGD,1000,Indicative board,board,SGD 50 – 200,std_50_200,forex_sgd,10 September 2026 06:22:04 PM,10 September 2026 06:22:04 PM,2026-09-10T16:34:02.114969+00:00,0.05,,0.04881,,MAS,2.438024994878106,
standardized,uob,VND,SGD,VND/SGD,1000,Indicative board,board,SGD < 50,std_lt_50,forex_sgd,10 September 2026 06:22:04 PM,10 September 2026 06:22:04 PM,2026-09-10T16:34:02.114969+00:00,0.05,,0.04881,,MAS,2.438024994878106,
standardized,uob,XAF,SGD,XAF/SGD,100,Indicative board,board,"SGD 200 – 39,999.99",std_200_40k,forex_sgd,10 September 2026 06:22:04 PM,10 September 2026 06:22:04 PM,2026-09-10T16:34:02.114969+00:00,0.2303,,,,,,
standardized,uob,XAF,SGD,XAF/SGD,100,Indicative board,board,"SGD 40,000 – 100,000",std_40k_100k,forex_sgd,10 September 2026 06:22:04 PM,10 September 2026 06:22:04 PM,2026-09-10T16:34:02.114969+00:00,0.2303,,,,,,
standardized,uob,XAF,SGD,XAF/SGD,100,Indicative board,board,SGD 50 – 200,std_50_200,forex_sgd,10 September 2026 06:22:04 PM,10 September 2026 06:22:04 PM,2026-09-10T16:34:02.114969+00:00,0.2303,,,,,,
standardized,uob,XAF,SGD,XAF/SGD,100,Indicative board,board,SGD < 50,std_lt_50,forex_sgd,10 September 2026 06:22:04 PM,10 September 2026 06:22:04 PM,2026-09-10T16:34:02.114969+00:00,0.2303,,,,,,
standardized,uob,XOF,SGD,XOF/SGD,100,Indicative board,board,"SGD 200 – 39,999.99",std_200_40k,forex_sgd,10 September 2026 06:22:04 PM,10 September 2026 06:22:04 PM,2026-09-10T16:34:02.114969+00:00,0.2314,,,,,,
standardized,uob,XOF,SGD,XOF/SGD,100,Indicative board,board,"SGD 40,000 – 100,000",std_40k_100k,forex_sgd,10 September 2026 06:22:04 PM,10 September 2026 06:22:04 PM,2026-09-10T16:34:02.114969+00:00,0.2314,,,,,,
standardized,uob,XOF,SGD,XOF/SGD,100,Indicative board,board,SGD 50 – 200,std_50_200,forex_sgd,10 September 2026 06:22:04 PM,10 September 2026 06:22:04 PM,2026-09-10T16:34:02.114969+00:00,0.2314,,,,,,
standardized,uob,XOF,SGD,XOF/SGD,100,Indicative board,board,SGD < 50,std_lt_50,forex_sgd,10 September 2026 06:22:04 PM,10 September 2026 06:22:04 PM,2026-09-10T16:34:02.114969+00:00,0.2314,,,,,,
standardized,uob,ZAR,SGD,ZAR/SGD,1,Indicative board,board,"SGD 200 – 39,999.99",std_200_40k,forex_sgd,10 September 2026 06:22:04 PM,10 September 2026 06:22:04 PM,2026-09-10T16:34:02.114969+00:00,0.0807,0.0767,,0.07869999999999999,,,
standardized,uob,ZAR,SGD,ZAR/SGD,1,Indicative board,board,"SGD 40,000 – 100,000",std_40k_100k,forex_sgd,10 September 2026 06:22:04 PM,10 September 2026 06:22:04 PM,2026-09-10T16:34:02.114969+00:00,0.0807,0.0767,,0.07869999999999999,,,
standardized,uob,ZAR,SGD,ZAR/SGD,1,Indicative board,board,SGD 50 – 200,std_50_200,forex_sgd,10 September 2026 06:22:04 PM,10 September 2026 06:22:04 PM,2026-09-10T16:34:02.114969+00:00,0.0807,0.0767,,0.07869999999999999,,,
standardized,uob,ZAR,SGD,ZAR/SGD,1,Indicative board,board,SGD < 50,std_lt_50,forex_sgd,10 September 2026 06:22:04 PM,10 September 2026 06:22:04 PM,2026-09-10T16:34:02.114969+00:00,0.0807,0.0767,,0.07869999999999999,,,
