record_type,bank,base_currency,quote_currency,currency_pair,unit,transaction_value,amount_tier,std_transaction_value,std_amount_tier,group,effective_date,last_updated,scraped_at,tt_od_sell,tt_buy,mid_rate,bank_mid_rate,mid_source,sell_margin_pct,buy_margin_pct
native,dbs,AED,SGD,AED/SGD,1,SGD 50 – 200,amtBtw50And200,,,mainCurrencies,2026-08-25 21:15:00,2026-08-25 13:15:13,2026-08-25T13:26:30.214116+00:00,0.3481,0.3434,0.34600000000000003,0.34575,MAS,0.6069364161849684,0.7514450867052157
native,dbs,AED,SGD,AED/SGD,1,SGD < 50,amtLessThan50,,,mainCurrencies,2026-08-25 21:15:00,2026-08-25 13:15:13,2026-08-25T13:26:30.214116+00:00,0.3508,0.3406,0.34600000000000003,0.3457,MAS,1.3872832369942112,1.5606936416185015
native,dbs,AUD,SGD,AUD/SGD,1,SGD 50 – 200,amtBtw50And200,,,mainCurrencies,2026-08-25 21:15:00,2026-08-25 13:15:13,2026-08-25T13:26:30.214116+00:00,0.9193,0.8992,0.9087000000000001,0.90925,MAS,1.1665015956861386,1.0454495433036275
native,dbs,AUD,SGD,AUD/SGD,1,SGD < 50,amtLessThan50,,,mainCurrencies,2026-08-25 21:15:00,2026-08-25 13:15:13,2026-08-25T13:26:30.214116+00:00,0.9197,0.8987,0.9087000000000001,0.9092,MAS,1.2105205238252337,1.1004732034774962
native,dbs,BDT,SGD,BDT/SGD,100,SGD 50 – 200,amtBtw50And200,,,otherCurrencies,2026-08-25 21:15:00,2026-08-25 13:15:13,2026-08-25T13:26:30.214116+00:00,1.0486,,,,,,
native,dbs,BDT,SGD,BDT/SGD,100,SGD < 50,amtLessThan50,,,otherCurrencies,2026-08-25 21:15:00,2026-08-25 13:15:13,2026-08-25T13:26:30.214116+00:00,1.0486,,,,,,
native,dbs,BHD,SGD,BHD/SGD,1,SGD 50 – 200,amtBtw50And200,,,otherCurrencies,2026-08-25 21:15:00,2026-08-25 13:15:13,2026-08-25T13:26:30.214116+00:00,3.4484,,,,,,
native,dbs,BHD,SGD,BHD/SGD,1,SGD < 50,amtLessThan50,,,otherCurrencies,2026-08-25 21:15:00,2026-08-25 13:15:13,2026-08-25T13:26:30.214116+00:00,3.462,,,,,,
native,dbs,BND,SGD,BND/SGD,1,SGD 50 – 200,amtBtw50And200,,,otherCurrencies,2026-08-25 21:15:00,2026-08-25 13:15:13,2026-08-25T13:26:30.214116+00:00,1.0,1.0,,1.0,,,
native,dbs,BND,SGD,BND/SGD,1,SGD < 50,amtLessThan50,,,otherCurrencies,2026-08-25 21:15:00,2026-08-25 13:15:13,2026-08-25T13:26:30.214116+00:00,1.0,1.0,,1.0,,,
native,dbs,CAD,SGD,CAD/SGD,1,SGD 50 – 200,amtBtw50And200,,,mainCurrencies,2026-08-25 21:15:00,2026-08-25 13:15:13,2026-08-25T13:26:30.214116+00:00,0.9239,0.9101,0.9172,0.917,MAS,0.7304840819886654,0.774095071958133
native,dbs,CAD,SGD,CAD/SGD,1,SGD < 50,amtLessThan50,,,mainCurrencies,2026-08-25 21:15:00,2026-08-25 13:15:13,2026-08-25T13:26:30.214116+00:00,0.9271,0.9069,0.9172,0.917,MAS,1.0793720017444417,1.1229829917139091
native,dbs,CHF,SGD,CHF/SGD,1,SGD 50 – 200,amtBtw50And200,,,mainCurrencies,2026-08-25 21:15:00,2026-08-25 13:15:13,2026-08-25T13:26:30.214116+00:00,1.598,1.5677,1.5814,1.58285,MAS,1.0497027949917903,0.8663209814088672
native,dbs,CHF,SGD,CHF/SGD,1,SGD < 50,amtLessThan50,,,mainCurrencies,2026-08-25 21:15:00,2026-08-25 13:15:13,2026-08-25T13:26:30.214116+00:00,1.5988,1.5669,1.5814,1.58285,MAS,1.1002908814974126,0.9169090679145034
native,dbs,CNH,SGD,CNH/SGD,1,SGD 50 – 200,amtBtw50And200,,,mainCurrencies,2026-08-25 21:15:00,2026-08-25 13:15:13,2026-08-25T13:26:30.214116+00:00,0.1911,0.1867,,0.1889,,,
native,dbs,CNH,SGD,CNH/SGD,1,SGD < 50,amtLessThan50,,,mainCurrencies,2026-08-25 21:15:00,2026-08-25 13:15:13,2026-08-25T13:26:30.214116+00:00,0.1918,0.1861,,0.18895,,,
native,dbs,CNY,SGD,CNY/SGD,1,SGD 50 – 200,amtBtw50And200,,,otherCurrencies,2026-08-25 21:15:00,2026-08-25 13:15:13,2026-08-25T13:26:30.214116+00:00,0.1889,,0.18899999999999997,,MAS,-0.0529100529100324,
native,dbs,CNY,SGD,CNY/SGD,1,SGD < 50,amtLessThan50,,,otherCurrencies,2026-08-25 21:15:00,2026-08-25 13:15:13,2026-08-25T13:26:30.214116+00:00,0.1906,,0.18899999999999997,,MAS,0.8465608465608562,
native,dbs,DKK,SGD,DKK/SGD,1,SGD 50 – 200,amtBtw50And200,,,mainCurrencies,2026-08-25 21:15:00,2026-08-25 13:15:13,2026-08-25T13:26:30.214116+00:00,0.2009,0.1955,,0.1982,,,
native,dbs,DKK,SGD,DKK/SGD,1,SGD < 50,amtLessThan50,,,mainCurrencies,2026-08-25 21:15:00,2026-08-25 13:15:13,2026-08-25T13:26:30.214116+00:00,0.2013,0.1951,,0.1982,,,
native,dbs,EUR,SGD,EUR/SGD,1,SGD 50 – 200,amtBtw50And200,,,mainCurrencies,2026-08-25 21:15:00,2026-08-25 13:15:13,2026-08-25T13:26:30.214116+00:00,1.4947,1.4694,1.4818,1.48205,MAS,0.8705628289917607,0.836820083682006
native,dbs,EUR,SGD,EUR/SGD,1,SGD < 50,amtLessThan50,,,mainCurrencies,2026-08-25 21:15:00,2026-08-25 13:15:13,2026-08-25T13:26:30.214116+00:00,1.4954,1.4686,1.4818,1.482,MAS,0.9178026724254323,0.8908084761776286
native,dbs,GBP,SGD,GBP/SGD,1,SGD 50 – 200,amtBtw50And200,,,mainCurrencies,2026-08-25 21:15:00,2026-08-25 13:15:13,2026-08-25T13:26:30.214116+00:00,1.7461,1.7199,1.7318,1.733,MAS,0.8257304538630316,0.6871463217461613
native,dbs,GBP,SGD,GBP/SGD,1,SGD < 50,amtLessThan50,,,mainCurrencies,2026-08-25 21:15:00,2026-08-25 13:15:13,2026-08-25T13:26:30.214116+00:00,1.7478,1.7181,1.7318,1.73295,MAS,0.923894214112485,0.7910844208338171
native,dbs,HKD,SGD,HKD/SGD,1,SGD 50 – 200,amtBtw50And200,,,mainCurrencies,2026-08-25 21:15:00,2026-08-25 13:15:13,2026-08-25T13:26:30.214116+00:00,0.1636,0.1603,0.16210000000000002,0.16194999999999998,MAS,0.925354719309052,1.1104256631708966
native,dbs,HKD,SGD,HKD/SGD,1,SGD < 50,amtLessThan50,,,mainCurrencies,2026-08-25 21:15:00,2026-08-25 13:15:13,2026-08-25T13:26:30.214116+00:00,0.1637,0.1602,0.16210000000000002,0.16195,MAS,0.987045033929667,1.1721159777914945
native,dbs,HUF,SGD,HUF/SGD,100,SGD 50 – 200,amtBtw50And200,,,otherCurrencies,2026-08-25 21:15:00,2026-08-25 13:15:13,2026-08-25T13:26:30.214116+00:00,0.4161,,,,,,
native,dbs,HUF,SGD,HUF/SGD,100,SGD < 50,amtLessThan50,,,otherCurrencies,2026-08-25 21:15:00,2026-08-25 13:15:13,2026-08-25T13:26:30.214116+00:00,0.4177,,,,,,
native,dbs,ID0,SGD,ID0/SGD,100,SGD 50 – 200,amtBtw50And200,,,otherCurrencies,2026-08-25 21:15:00,2026-08-25 13:15:13,2026-08-25T13:26:30.214116+00:00,,,,,,,
native,dbs,ID0,SGD,ID0/SGD,100,SGD < 50,amtLessThan50,,,otherCurrencies,2026-08-25 21:15:00,2026-08-25 13:15:13,2026-08-25T13:26:30.214116+00:00,,0.0071,,,,,
native,dbs,IDR,SGD,IDR/SGD,100,SGD 50 – 200,amtBtw50And200,,,mainCurrencies,2026-08-25 21:15:00,2026-08-25 13:15:13,2026-08-25T13:26:30.214116+00:00,0.0073,,0.007175,,MAS,1.7421602787456463,
native,dbs,IDR,SGD,IDR/SGD,100,SGD < 50,amtLessThan50,,,mainCurrencies,2026-08-25 21:15:00,2026-08-25 13:15:13,2026-08-25T13:26:30.214116+00:00,0.0073,,0.007175,,MAS,1.7421602787456463,
native,dbs,IN0,SGD,IN0/SGD,100,SGD 50 – 200,amtBtw50And200,,,otherCurrencies,2026-08-25 21:15:00,2026-08-25 13:15:13,2026-08-25T13:26:30.214116+00:00,,1.3273,,,,,
native,dbs,IN0,SGD,IN0/SGD,100,SGD < 50,amtLessThan50,,,otherCurrencies,2026-08-25 21:15:00,2026-08-25 13:15:13,2026-08-25T13:26:30.214116+00:00,,1.3273,,,,,
native,dbs,INR,SGD,INR/SGD,100,SGD 50 – 200,amtBtw50And200,,,otherCurrencies,2026-08-25 21:15:00,2026-08-25 13:15:13,2026-08-25T13:26:30.214116+00:00,1.3445,,1.3273,,MAS,1.2958637836208924,
native,dbs,INR,SGD,INR/SGD,100,SGD < 50,amtLessThan50,,,otherCurrencies,2026-08-25 21:15:00,2026-08-25 13:15:13,2026-08-25T13:26:30.214116+00:00,1.3552,,1.3273,,MAS,2.1020116025013214,
native,dbs,JPY,SGD,JPY/SGD,100,SGD 50 – 200,amtBtw50And200,,,mainCurrencies,2026-08-25 21:15:00,2026-08-25 13:15:13,2026-08-25T13:26:30.214116+00:00,0.8057,0.7896,0.7976000000000001,0.79765,MAS,1.0155466399197448,1.0030090270812584
native,dbs,JPY,SGD,JPY/SGD,100,SGD < 50,amtLessThan50,,,mainCurrencies,2026-08-25 21:15:00,2026-08-25 13:15:13,2026-08-25T13:26:30.214116+00:00,0.8065,0.7888,0.7976000000000001,0.79765,MAS,1.115847542627872,1.1033099297893856
native,dbs,KRW,SGD,KRW/SGD,100,SGD 50 – 200,amtBtw50And200,,,otherCurrencies,2026-08-25 21:15:00,2026-08-25 13:15:13,2026-08-25T13:26:30.214116+00:00,0.0929,,0.0918,,MAS,1.1982570806100106,
native,dbs,KRW,SGD,KRW/SGD,100,SGD < 50,amtLessThan50,,,otherCurrencies,2026-08-25 21:15:00,2026-08-25 13:15:13,2026-08-25T13:26:30.214116+00:00,0.0929,,0.0918,,MAS,1.1982570806100106,
native,dbs,KWD,SGD,KWD/SGD,100,SGD 50 – 200,amtBtw50And200,,,otherCurrencies,2026-08-25 21:15:00,2026-08-25 13:15:13,2026-08-25T13:26:30.214116+00:00,421.9087,,,,,,
native,dbs,KWD,SGD,KWD/SGD,100,SGD < 50,amtLessThan50,,,otherCurrencies,2026-08-25 21:15:00,2026-08-25 13:15:13,2026-08-25T13:26:30.214116+00:00,423.5757,,,,,,
native,dbs,LKR,SGD,LKR/SGD,100,SGD 50 – 200,amtBtw50And200,,,otherCurrencies,2026-08-25 21:15:00,2026-08-25 13:15:13,2026-08-25T13:26:30.214116+00:00,0.394,,,,,,
native,dbs,LKR,SGD,LKR/SGD,100,SGD < 50,amtLessThan50,,,otherCurrencies,2026-08-25 21:15:00,2026-08-25 13:15:13,2026-08-25T13:26:30.214116+00:00,0.394,,,,,,
native,dbs,MM1,SGD,MM1/SGD,100,SGD 50 – 200,amtBtw50And200,,,otherCurrencies,2026-08-25 21:15:00,2026-08-25 13:15:13,2026-08-25T13:26:30.214116+00:00,,,,,,,
native,dbs,MM1,SGD,MM1/SGD,100,SGD < 50,amtLessThan50,,,otherCurrencies,2026-08-25 21:15:00,2026-08-25 13:15:13,2026-08-25T13:26:30.214116+00:00,,,,,,,
native,dbs,MMK,SGD,MMK/SGD,100,SGD 50 – 200,amtBtw50And200,,,otherCurrencies,2026-08-25 21:15:00,2026-08-25 13:15:13,2026-08-25T13:26:30.214116+00:00,0.0324,,,,,,
native,dbs,MMK,SGD,MMK/SGD,100,SGD < 50,amtLessThan50,,,otherCurrencies,2026-08-25 21:15:00,2026-08-25 13:15:13,2026-08-25T13:26:30.214116+00:00,0.0324,,,,,,
native,dbs,MUR,SGD,MUR/SGD,100,SGD 50 – 200,amtBtw50And200,,,otherCurrencies,2026-08-25 21:15:00,2026-08-25 13:15:13,2026-08-25T13:26:30.214116+00:00,2.7327,,,,,,
native,dbs,MUR,SGD,MUR/SGD,100,SGD < 50,amtLessThan50,,,otherCurrencies,2026-08-25 21:15:00,2026-08-25 13:15:13,2026-08-25T13:26:30.214116+00:00,2.7435,,,,,,
native,dbs,MXN,SGD,MXN/SGD,100,SGD 50 – 200,amtBtw50And200,,,mainCurrencies,2026-08-25 21:15:00,2026-08-25 13:15:13,2026-08-25T13:26:30.214116+00:00,7.6068,,,,,,
native,dbs,MXN,SGD,MXN/SGD,100,SGD < 50,amtLessThan50,,,mainCurrencies,2026-08-25 21:15:00,2026-08-25 13:15:13,2026-08-25T13:26:30.214116+00:00,7.6106,,,,,,
native,dbs,MY0,SGD,MY0/SGD,1,SGD 50 – 200,amtBtw50And200,,,otherCurrencies,2026-08-25 21:15:00,2026-08-25 13:15:13,2026-08-25T13:26:30.214116+00:00,,0.3134,,,,,
native,dbs,MY0,SGD,MY0/SGD,1,SGD < 50,amtLessThan50,,,otherCurrencies,2026-08-25 21:15:00,2026-08-25 13:15:13,2026-08-25T13:26:30.214116+00:00,,0.3134,,,,,
native,dbs,MYR,SGD,MYR/SGD,1,SGD 50 – 200,amtBtw50And200,,,otherCurrencies,2026-08-25 21:15:00,2026-08-25 13:15:13,2026-08-25T13:26:30.214116+00:00,0.3179,,0.314,,MAS,1.2420382165605142,
native,dbs,MYR,SGD,MYR/SGD,1,SGD < 50,amtLessThan50,,,otherCurrencies,2026-08-25 21:15:00,2026-08-25 13:15:13,2026-08-25T13:26:30.214116+00:00,0.3179,,0.314,,MAS,1.2420382165605142,
native,dbs,NOK,SGD,NOK/SGD,1,SGD 50 – 200,amtBtw50And200,,,mainCurrencies,2026-08-25 21:15:00,2026-08-25 13:15:13,2026-08-25T13:26:30.214116+00:00,0.1381,0.1343,,0.1362,,,
native,dbs,NOK,SGD,NOK/SGD,1,SGD < 50,amtLessThan50,,,mainCurrencies,2026-08-25 21:15:00,2026-08-25 13:15:13,2026-08-25T13:26:30.214116+00:00,0.1385,0.1339,,0.1362,,,
native,dbs,NZD,SGD,NZD/SGD,1,SGD 50 – 200,amtBtw50And200,,,mainCurrencies,2026-08-25 21:15:00,2026-08-25 13:15:13,2026-08-25T13:26:30.214116+00:00,0.7665,0.7489,0.7573000000000001,0.7577,MAS,1.2148422025617158,1.1092037501650698
native,dbs,NZD,SGD,NZD/SGD,1,SGD < 50,amtLessThan50,,,mainCurrencies,2026-08-25 21:15:00,2026-08-25 13:15:13,2026-08-25T13:26:30.214116+00:00,0.7672,0.7481,0.7573000000000001,0.7576499999999999,MAS,1.3072758484088085,1.2148422025617451
native,dbs,OMR,SGD,OMR/SGD,1,SGD 50 – 200,amtBtw50And200,,,otherCurrencies,2026-08-25 21:15:00,2026-08-25 13:15:13,2026-08-25T13:26:30.214116+00:00,3.3239,,,,,,
native,dbs,OMR,SGD,OMR/SGD,1,SGD < 50,amtLessThan50,,,otherCurrencies,2026-08-25 21:15:00,2026-08-25 13:15:13,2026-08-25T13:26:30.214116+00:00,3.3239,,,,,,
native,dbs,PH0,SGD,PH0/SGD,100,SGD 50 – 200,amtBtw50And200,,,otherCurrencies,2026-08-25 21:15:00,2026-08-25 13:15:13,2026-08-25T13:26:30.214116+00:00,,2.0495,,,,,
native,dbs,PH0,SGD,PH0/SGD,100,SGD < 50,amtLessThan50,,,otherCurrencies,2026-08-25 21:15:00,2026-08-25 13:15:13,2026-08-25T13:26:30.214116+00:00,,2.0495,,,,,
native,dbs,PHP,SGD,PHP/SGD,100,SGD 50 – 200,amtBtw50And200,,,otherCurrencies,2026-08-25 21:15:00,2026-08-25 13:15:13,2026-08-25T13:26:30.214116+00:00,2.0821,,2.0593,,MAS,1.1071723401155806,
native,dbs,PHP,SGD,PHP/SGD,100,SGD < 50,amtLessThan50,,,otherCurrencies,2026-08-25 21:15:00,2026-08-25 13:15:13,2026-08-25T13:26:30.214116+00:00,2.0977,,2.0593,,MAS,1.8647113096683443,
native,dbs,PLN,SGD,PLN/SGD,1,SGD 50 – 200,amtBtw50And200,,,otherCurrencies,2026-08-25 21:15:00,2026-08-25 13:15:13,2026-08-25T13:26:30.214116+00:00,0.3505,,,,,,
native,dbs,PLN,SGD,PLN/SGD,1,SGD < 50,amtLessThan50,,,otherCurrencies,2026-08-25 21:15:00,2026-08-25 13:15:13,2026-08-25T13:26:30.214116+00:00,0.3519,,,,,,
native,dbs,QAR,SGD,QAR/SGD,1,SGD 50 – 200,amtBtw50And200,,,otherCurrencies,2026-08-25 21:15:00,2026-08-25 13:15:13,2026-08-25T13:26:30.214116+00:00,0.3561,,0.3486,,MAS,2.1514629948364905,
native,dbs,QAR,SGD,QAR/SGD,1,SGD < 50,amtLessThan50,,,otherCurrencies,2026-08-25 21:15:00,2026-08-25 13:15:13,2026-08-25T13:26:30.214116+00:00,0.3575,,0.3486,,MAS,2.5530694205392894,
native,dbs,RUB,SGD,RUB/SGD,100,SGD 50 – 200,amtBtw50And200,,,mainCurrencies,2026-08-25 21:15:00,2026-08-25 13:15:13,2026-08-25T13:26:30.214116+00:00,,,,,,,
native,dbs,RUB,SGD,RUB/SGD,100,SGD < 50,amtLessThan50,,,mainCurrencies,2026-08-25 21:15:00,2026-08-25 13:15:13,2026-08-25T13:26:30.214116+00:00,,,,,,,
native,dbs,SAR,SGD,SAR/SGD,100,SGD 50 – 200,amtBtw50And200,,,otherCurrencies,2026-08-25 21:15:00,2026-08-25 13:15:13,2026-08-25T13:26:30.214116+00:00,34.2419,,33.84,,MAS,1.187647754137109,
native,dbs,SAR,SGD,SAR/SGD,100,SGD < 50,amtLessThan50,,,otherCurrencies,2026-08-25 21:15:00,2026-08-25 13:15:13,2026-08-25T13:26:30.214116+00:00,34.2425,,33.84,,MAS,1.1894208037824947,
native,dbs,SEK,SGD,SEK/SGD,1,SGD 50 – 200,amtBtw50And200,,,mainCurrencies,2026-08-25 21:15:00,2026-08-25 13:15:13,2026-08-25T13:26:30.214116+00:00,0.1359,0.1323,,0.1341,,,
native,dbs,SEK,SGD,SEK/SGD,1,SGD < 50,amtLessThan50,,,mainCurrencies,2026-08-25 21:15:00,2026-08-25 13:15:13,2026-08-25T13:26:30.214116+00:00,0.1365,0.1318,,0.13415,,,
native,dbs,THB,SGD,THB/SGD,100,SGD 50 – 200,amtBtw50And200,,,mainCurrencies,2026-08-25 21:15:00,2026-08-25 13:15:13,2026-08-25T13:26:30.214116+00:00,3.9352,3.8238,3.88,3.8795,MAS,1.4226804123711376,1.4484536082474235
native,dbs,THB,SGD,THB/SGD,100,SGD < 50,amtLessThan50,,,mainCurrencies,2026-08-25 21:15:00,2026-08-25 13:15:13,2026-08-25T13:26:30.214116+00:00,3.9395,3.8196,3.88,3.87955,MAS,1.5335051546391725,1.5567010309278353
native,dbs,TND,SGD,TND/SGD,1,SGD 50 – 200,amtBtw50And200,,,otherCurrencies,2026-08-25 21:15:00,2026-08-25 13:15:13,2026-08-25T13:26:30.214116+00:00,0.444,,,,,,
native,dbs,TND,SGD,TND/SGD,1,SGD < 50,amtLessThan50,,,otherCurrencies,2026-08-25 21:15:00,2026-08-25 13:15:13,2026-08-25T13:26:30.214116+00:00,0.444,,,,,,
native,dbs,TWD,SGD,TWD/SGD,100,SGD 50 – 200,amtBtw50And200,,,otherCurrencies,2026-08-25 21:15:00,2026-08-25 13:15:13,2026-08-25T13:26:30.214116+00:00,4.0324,,3.9849,,MAS,1.1919997992421358,
native,dbs,TWD,SGD,TWD/SGD,100,SGD < 50,amtLessThan50,,,otherCurrencies,2026-08-25 21:15:00,2026-08-25 13:15:13,2026-08-25T13:26:30.214116+00:00,4.0364,,3.9849,,MAS,1.292378729704643,
native,dbs,USD,SGD,USD/SGD,1,SGD 50 – 200,amtBtw50And200,,,mainCurrencies,2026-08-25 21:15:00,2026-08-25 13:15:13,2026-08-25T13:26:30.214116+00:00,1.2791,1.2605,1.2707,1.2698,MAS,0.6610529629338131,0.8027071692767757
native,dbs,USD,SGD,USD/SGD,1,SGD < 50,amtLessThan50,,,mainCurrencies,2026-08-25 21:15:00,2026-08-25 13:15:13,2026-08-25T13:26:30.214116+00:00,1.28,1.2596,1.2707,1.2698,MAS,0.7318800661053031,0.8735342724482481
native,dbs,VND,SGD,VND/SGD,100,SGD 50 – 200,amtBtw50And200,,,otherCurrencies,2026-08-25 21:15:00,2026-08-25 13:15:13,2026-08-25T13:26:30.214116+00:00,0.005,,0.004864,,MAS,2.796052631578944,
native,dbs,VND,SGD,VND/SGD,100,SGD < 50,amtLessThan50,,,otherCurrencies,2026-08-25 21:15:00,2026-08-25 13:15:13,2026-08-25T13:26:30.214116+00:00,0.005,,0.004864,,MAS,2.796052631578944,
native,dbs,XAU,SGD,XAU/SGD,1,SGD 50 – 200,amtBtw50And200,,,otherCurrencies,2026-08-25 21:15:00,2026-08-25 13:15:13,2026-08-25T13:26:30.214116+00:00,5904.792,5833.525,,5869.1585,,,
native,dbs,XAU,SGD,XAU/SGD,1,SGD < 50,amtLessThan50,,,otherCurrencies,2026-08-25 21:15:00,2026-08-25 13:15:13,2026-08-25T13:26:30.214116+00:00,5904.737,5833.214,,5868.9755000000005,,,
native,dbs,ZAR,SGD,ZAR/SGD,1,SGD 50 – 200,amtBtw50And200,,,otherCurrencies,2026-08-25 21:15:00,2026-08-25 13:15:13,2026-08-25T13:26:30.214116+00:00,0.0805,0.0786,,0.07955000000000001,,,
native,dbs,ZAR,SGD,ZAR/SGD,1,SGD < 50,amtLessThan50,,,otherCurrencies,2026-08-25 21:15:00,2026-08-25 13:15:13,2026-08-25T13:26:30.214116+00:00,0.0809,0.0783,,0.0796,,,
native,hsbc,AED,SGD,AED/SGD,100,Indicative board,board,,,indicative_fx,2026-8-25,2026-8-25,2026-08-25T13:26:34.138465+00:00,35.7,33.45,34.6,34.575,MAS,3.179190751445091,3.3236994219653133
native,hsbc,AUD,SGD,AUD/SGD,1,Indicative board,board,,,indicative_fx,2026-8-25,2026-8-25,2026-08-25T13:26:34.138465+00:00,0.9361,0.8814,0.9087000000000001,0.90875,MAS,3.0152965775283347,3.004291845493573
native,hsbc,CAD,SGD,CAD/SGD,1,Indicative board,board,,,indicative_fx,2026-8-25,2026-8-25,2026-08-25T13:26:34.138465+00:00,0.9449,0.8897,0.9172,0.9173,MAS,3.0200610553859515,2.9982555604012178
native,hsbc,CHF,SGD,CHF/SGD,100,Indicative board,board,,,indicative_fx,2026-8-25,2026-8-25,2026-08-25T13:26:34.138465+00:00,163.04,153.51,158.14,158.27499999999998,MAS,3.0985202984697144,2.9277855065132132
native,hsbc,CNY,SGD,CNY/SGD,100,Indicative board,board,,,indicative_fx,2026-8-25,2026-8-25,2026-08-25T13:26:34.138465+00:00,19.51,18.28,18.9,18.895000000000003,MAS,3.2275132275132434,3.2804232804232667
native,hsbc,DKK,SGD,DKK/SGD,100,Indicative board,board,,,indicative_fx,2026-8-25,2026-8-25,2026-08-25T13:26:34.138465+00:00,20.42,19.23,,19.825000000000003,,,
native,hsbc,EUR,SGD,EUR/SGD,1,Indicative board,board,,,indicative_fx,2026-8-25,2026-8-25,2026-08-25T13:26:34.138465+00:00,1.5264,1.4373,1.4818,1.4818500000000001,MAS,3.0098528816304473,3.0031043325684967
native,hsbc,FJD,SGD,FJD/SGD,1,Indicative board,board,,,indicative_fx,2026-8-25,2026-8-25,2026-08-25T13:26:34.138465+00:00,0.6048,,,,,,
native,hsbc,GBP,SGD,GBP/SGD,1,Indicative board,board,,,indicative_fx,2026-8-25,2026-8-25,2026-08-25T13:26:34.138465+00:00,1.7841,1.6799,1.7318,1.732,MAS,3.0199792123801834,2.9968818570273736
native,hsbc,HKD,SGD,HKD/SGD,100,Indicative board,board,,,indicative_fx,2026-8-25,2026-8-25,2026-08-25T13:26:34.138465+00:00,16.41,16.0,16.21,16.205,MAS,1.233806292412087,1.295496607032701
native,hsbc,IDR,SGD,IDR/SGD,100,Indicative board,board,,,indicative_fx,2026-8-25,2026-8-25,2026-08-25T13:26:34.138465+00:00,0.0074,,0.007175,,MAS,3.1358885017421656,
native,hsbc,INR,SGD,INR/SGD,100,Indicative board,board,,,indicative_fx,2026-8-25,2026-8-25,2026-08-25T13:26:34.138465+00:00,1.37,,1.3273,,MAS,3.2170571837565123,
native,hsbc,JPY,SGD,JPY/SGD,100,Indicative board,board,,,indicative_fx,2026-8-25,2026-8-25,2026-08-25T13:26:34.138465+00:00,0.822,0.774,0.7976000000000001,0.798,MAS,3.0591775325977766,2.958876629889677
native,hsbc,LKR,SGD,LKR/SGD,100,Indicative board,board,,,indicative_fx,2026-8-25,2026-8-25,2026-08-25T13:26:34.138465+00:00,0.4,,,,,,
native,hsbc,MUR,SGD,MUR/SGD,100,Indicative board,board,,,indicative_fx,2026-8-25,2026-8-25,2026-08-25T13:26:34.138465+00:00,2.82,2.62,,2.7199999999999998,,,
native,hsbc,NOK,SGD,NOK/SGD,100,Indicative board,board,,,indicative_fx,2026-8-25,2026-8-25,2026-08-25T13:26:34.138465+00:00,14.06,13.23,,13.645,,,
native,hsbc,NZD,SGD,NZD/SGD,1,Indicative board,board,,,indicative_fx,2026-8-25,2026-8-25,2026-08-25T13:26:34.138465+00:00,0.7804,0.7347,0.7573000000000001,0.75755,MAS,3.0503103129539015,2.9842862802060033
native,hsbc,PHP,SGD,PHP/SGD,100,Indicative board,board,,,indicative_fx,2026-8-25,2026-8-25,2026-08-25T13:26:34.138465+00:00,2.13,,2.0593,,MAS,3.4332054581653955,
native,hsbc,PKR,SGD,PKR/SGD,100,Indicative board,board,,,indicative_fx,2026-8-25,2026-8-25,2026-08-25T13:26:34.138465+00:00,0.47,,,,,,
native,hsbc,QAR,SGD,QAR/SGD,100,Indicative board,board,,,indicative_fx,2026-8-25,2026-8-25,2026-08-25T13:26:34.138465+00:00,35.27,34.4,34.86,34.835,MAS,1.1761331038439578,1.3195639701663824
native,hsbc,RUB,SGD,RUB/SGD,100,Indicative board,board,,,indicative_fx,2026-8-25,2026-8-25,2026-08-25T13:26:34.138465+00:00,15.79,14.5,,15.145,,,
native,hsbc,SAR,SGD,SAR/SGD,100,Indicative board,board,,,indicative_fx,2026-8-25,2026-8-25,2026-08-25T13:26:34.138465+00:00,34.25,33.4,33.84,33.825,MAS,1.2115839243498716,1.3002364066193994
native,hsbc,SEK,SGD,SEK/SGD,100,Indicative board,board,,,indicative_fx,2026-8-25,2026-8-25,2026-08-25T13:26:34.138465+00:00,13.79,12.98,,13.385,,,
native,hsbc,THB,SGD,THB/SGD,100,Indicative board,board,,,indicative_fx,2026-8-25,2026-8-25,2026-08-25T13:26:34.138465+00:00,4.01,,3.88,,MAS,3.3505154639175228,
native,hsbc,TRY,SGD,TRY/SGD,1,Indicative board,board,,,indicative_fx,2026-8-25,2026-8-25,2026-08-25T13:26:34.138465+00:00,0.0273,,,,,,
native,hsbc,USD,SGD,USD/SGD,1,Indicative board,board,,,indicative_fx,2026-8-25,2026-8-25,2026-08-25T13:26:34.138465+00:00,1.2953,1.2444,1.2707,1.26985,MAS,1.9359408200204578,2.0697253482332565
native,hsbc,ZAR,SGD,ZAR/SGD,1,Indicative board,board,,,indicative_fx,2026-8-25,2026-8-25,2026-08-25T13:26:34.138465+00:00,0.0819,0.0767,,0.07930000000000001,,,
native,ocbc,AED,SGD,AED/SGD,100,"SGD 0 – 39,999.99",tier_1,,,fxRatesSgd,2026-08-25T07:00:15,2026-08-25T07:00:15,2026-08-25T13:26:31.837578+00:00,35.4813,33.4743,34.6,34.4778,MAS,2.5471098265895837,3.2534682080924906
native,ocbc,AED,SGD,AED/SGD,100,"SGD 40,000 – 100,000",tier_2,,,fxRatesSgd,2026-08-25T07:00:15,2026-08-25T07:00:15,2026-08-25T13:26:31.837578+00:00,35.4709,33.4914,34.6,34.4778,MAS,2.517052023121384,3.204046242774574
native,ocbc,AUD,SGD,AUD/SGD,1,"SGD 0 – 39,999.99",tier_1,,,fxRatesSgd,2026-08-25T07:00:15,2026-08-25T07:00:15,2026-08-25T13:26:31.837578+00:00,0.9252,0.8959,0.9087000000000001,0.9106,MAS,1.8157807857378627,1.4086057004511976
native,ocbc,AUD,SGD,AUD/SGD,1,"SGD 40,000 – 100,000",tier_2,,,fxRatesSgd,2026-08-25T07:00:15,2026-08-25T07:00:15,2026-08-25T13:26:31.837578+00:00,0.9234,0.8977,0.9087000000000001,0.9106,MAS,1.6176956091119108,1.2105205238252459
native,ocbc,BGN,SGD,BGN/SGD,100,"SGD 0 – 39,999.99",tier_1,,,fxRatesSgd,2026-08-25T07:00:15,2026-08-25T07:00:15,2026-08-25T13:26:31.837578+00:00,0.0,0.0,,0.0,,,
native,ocbc,BGN,SGD,BGN/SGD,100,"SGD 40,000 – 100,000",tier_2,,,fxRatesSgd,2026-08-25T07:00:15,2026-08-25T07:00:15,2026-08-25T13:26:31.837578+00:00,0.0,0.0,,0.0,,,
native,ocbc,BHD,SGD,BHD/SGD,1,"SGD 0 – 39,999.99",tier_1,,,fxRatesSgd,2026-08-25T07:00:15,2026-08-25T07:00:15,2026-08-25T13:26:31.837578+00:00,0.0,0.0,,0.0,,,
native,ocbc,BHD,SGD,BHD/SGD,1,"SGD 40,000 – 100,000",tier_2,,,fxRatesSgd,2026-08-25T07:00:15,2026-08-25T07:00:15,2026-08-25T13:26:31.837578+00:00,0.0,0.0,,0.0,,,
native,ocbc,CAD,SGD,CAD/SGD,1,"SGD 0 – 39,999.99",tier_1,,,fxRatesSgd,2026-08-25T07:00:15,2026-08-25T07:00:15,2026-08-25T13:26:31.837578+00:00,0.9333,0.9001,0.9172,0.9167,MAS,1.7553423462712607,1.8643698211949418
native,ocbc,CAD,SGD,CAD/SGD,1,"SGD 40,000 – 100,000",tier_2,,,fxRatesSgd,2026-08-25T07:00:15,2026-08-25T07:00:15,2026-08-25T13:26:31.837578+00:00,0.9314,0.9019,0.9172,0.9167,MAS,1.548190143916266,1.6681203663323134
native,ocbc,CHF,SGD,CHF/SGD,100,"SGD 0 – 39,999.99",tier_1,,,fxRatesSgd,2026-08-25T07:00:15,2026-08-25T07:00:15,2026-08-25T13:26:31.837578+00:00,161.1188,155.3856,158.14,158.2522,MAS,1.8836474010370603,1.741747818388754
native,ocbc,CHF,SGD,CHF/SGD,100,"SGD 40,000 – 100,000",tier_2,,,fxRatesSgd,2026-08-25T07:00:15,2026-08-25T07:00:15,2026-08-25T13:26:31.837578+00:00,160.8022,155.7021,158.14,158.2522,MAS,1.6834450486910415,1.5416087011508695
native,ocbc,CNH,SGD,CNH/SGD,100,"SGD 0 – 39,999.99",tier_1,,,fxRatesSgd,2026-08-25T07:00:15,2026-08-25T07:00:15,2026-08-25T13:26:31.837578+00:00,19.2462,18.6771,,18.9617,,,
native,ocbc,CNH,SGD,CNH/SGD,100,"SGD 40,000 – 100,000",tier_2,,,fxRatesSgd,2026-08-25T07:00:15,2026-08-25T07:00:15,2026-08-25T13:26:31.837578+00:00,19.2273,18.696,,18.9617,,,
native,ocbc,CZK,SGD,CZK/SGD,100,"SGD 0 – 39,999.99",tier_1,,,fxRatesSgd,2026-08-25T07:00:15,2026-08-25T07:00:15,2026-08-25T13:26:31.837578+00:00,0.0,0.0,,0.0,,,
native,ocbc,CZK,SGD,CZK/SGD,100,"SGD 40,000 – 100,000",tier_2,,,fxRatesSgd,2026-08-25T07:00:15,2026-08-25T07:00:15,2026-08-25T13:26:31.837578+00:00,0.0,0.0,,0.0,,,
native,ocbc,DKK,SGD,DKK/SGD,100,"SGD 0 – 39,999.99",tier_1,,,fxRatesSgd,2026-08-25T07:00:15,2026-08-25T07:00:15,2026-08-25T13:26:31.837578+00:00,20.1777,19.4616,,19.8197,,,
native,ocbc,DKK,SGD,DKK/SGD,100,"SGD 40,000 – 100,000",tier_2,,,fxRatesSgd,2026-08-25T07:00:15,2026-08-25T07:00:15,2026-08-25T13:26:31.837578+00:00,20.1381,19.5013,,19.8197,,,
native,ocbc,EUR,SGD,EUR/SGD,1,"SGD 0 – 39,999.99",tier_1,,,fxRatesSgd,2026-08-25T07:00:15,2026-08-25T07:00:15,2026-08-25T13:26:31.837578+00:00,1.4984,1.4615,1.4818,1.48,MAS,1.1202591442839753,1.36995545957619
native,ocbc,EUR,SGD,EUR/SGD,1,"SGD 40,000 – 100,000",tier_2,,,fxRatesSgd,2026-08-25T07:00:15,2026-08-25T07:00:15,2026-08-25T13:26:31.837578+00:00,1.4966,1.4634,1.4818,1.48,MAS,0.9987852611688436,1.2417330273991074
native,ocbc,GBP,SGD,GBP/SGD,1,"SGD 0 – 39,999.99",tier_1,,,fxRatesSgd,2026-08-25T07:00:15,2026-08-25T07:00:15,2026-08-25T13:26:31.837578+00:00,1.7546,1.7081,1.7318,1.7314,MAS,1.316549255110286,1.36851830465412
native,ocbc,GBP,SGD,GBP/SGD,1,"SGD 40,000 – 100,000",tier_2,,,fxRatesSgd,2026-08-25T07:00:15,2026-08-25T07:00:15,2026-08-25T13:26:31.837578+00:00,1.7529,1.7102,1.7318,1.7314,MAS,1.2183854948608324,1.2472571890518571
native,ocbc,HKD,SGD,HKD/SGD,100,"SGD 0 – 39,999.99",tier_1,,,fxRatesSgd,2026-08-25T07:00:15,2026-08-25T07:00:15,2026-08-25T13:26:31.837578+00:00,16.4165,16.0195,16.21,16.218,MAS,1.2739049969154739,1.1752004935225178
native,ocbc,HKD,SGD,HKD/SGD,100,"SGD 40,000 – 100,000",tier_2,,,fxRatesSgd,2026-08-25T07:00:15,2026-08-25T07:00:15,2026-08-25T13:26:31.837578+00:00,16.3873,16.0292,16.21,16.218,MAS,1.0937692782233122,1.115360888340539
native,ocbc,HUF,SGD,HUF/SGD,100,"SGD 0 – 39,999.99",tier_1,,,fxRatesSgd,2026-08-25T07:00:15,2026-08-25T07:00:15,2026-08-25T13:26:31.837578+00:00,0.0,0.0,,0.0,,,
native,ocbc,HUF,SGD,HUF/SGD,100,"SGD 40,000 – 100,000",tier_2,,,fxRatesSgd,2026-08-25T07:00:15,2026-08-25T07:00:15,2026-08-25T13:26:31.837578+00:00,0.0,0.0,,0.0,,,
native,ocbc,IDR,SGD,IDR/SGD,100,"SGD 0 – 39,999.99",tier_1,,,fxRatesSgd,2026-08-25T07:00:15,2026-08-25T07:00:15,2026-08-25T13:26:31.837578+00:00,0.0074,0.0,0.007175,0.0074,MAS,3.1358885017421656,100.0
native,ocbc,IDR,SGD,IDR/SGD,100,"SGD 40,000 – 100,000",tier_2,,,fxRatesSgd,2026-08-25T07:00:15,2026-08-25T07:00:15,2026-08-25T13:26:31.837578+00:00,0.0074,0.0,0.007175,0.0074,MAS,3.1358885017421656,100.0
native,ocbc,ILS,SGD,ILS/SGD,100,"SGD 0 – 39,999.99",tier_1,,,fxRatesSgd,2026-08-25T07:00:15,2026-08-25T07:00:15,2026-08-25T13:26:31.837578+00:00,0.0,0.0,,0.0,,,
native,ocbc,ILS,SGD,ILS/SGD,100,"SGD 40,000 – 100,000",tier_2,,,fxRatesSgd,2026-08-25T07:00:15,2026-08-25T07:00:15,2026-08-25T13:26:31.837578+00:00,0.0,0.0,,0.0,,,
native,ocbc,INR,SGD,INR/SGD,100,"SGD 0 – 39,999.99",tier_1,,,fxRatesSgd,2026-08-25T07:00:15,2026-08-25T07:00:15,2026-08-25T13:26:31.837578+00:00,1.3668,0.0,1.3273,1.3668,MAS,2.975966247268899,100.0
native,ocbc,INR,SGD,INR/SGD,100,"SGD 40,000 – 100,000",tier_2,,,fxRatesSgd,2026-08-25T07:00:15,2026-08-25T07:00:15,2026-08-25T13:26:31.837578+00:00,1.3641,0.0,1.3273,1.3668,MAS,2.7725457696074867,100.0
native,ocbc,JOD,SGD,JOD/SGD,1,"SGD 0 – 39,999.99",tier_1,,,fxRatesSgd,2026-08-25T07:00:15,2026-08-25T07:00:15,2026-08-25T13:26:31.837578+00:00,0.0,0.0,,0.0,,,
native,ocbc,JOD,SGD,JOD/SGD,1,"SGD 40,000 – 100,000",tier_2,,,fxRatesSgd,2026-08-25T07:00:15,2026-08-25T07:00:15,2026-08-25T13:26:31.837578+00:00,0.0,0.0,,0.0,,,
native,ocbc,JPY,SGD,JPY/SGD,100,"SGD 0 – 39,999.99",tier_1,,,fxRatesSgd,2026-08-25T07:00:15,2026-08-25T07:00:15,2026-08-25T13:26:31.837578+00:00,0.808,0.7881,0.7976000000000001,0.7981,MAS,1.3039117352056122,1.1910732196589848
native,ocbc,JPY,SGD,JPY/SGD,100,"SGD 40,000 – 100,000",tier_2,,,fxRatesSgd,2026-08-25T07:00:15,2026-08-25T07:00:15,2026-08-25T13:26:31.837578+00:00,0.8072,0.7895,0.7976000000000001,0.7981,MAS,1.203610832497485,1.0155466399197726
native,ocbc,KRW,SGD,KRW/SGD,100,"SGD 0 – 39,999.99",tier_1,,,fxRatesSgd,2026-08-25T07:00:15,2026-08-25T07:00:15,2026-08-25T13:26:31.837578+00:00,0.0,0.0,0.0918,0.0,MAS,-100.0,100.0
native,ocbc,KRW,SGD,KRW/SGD,100,"SGD 40,000 – 100,000",tier_2,,,fxRatesSgd,2026-08-25T07:00:15,2026-08-25T07:00:15,2026-08-25T13:26:31.837578+00:00,0.0,0.0,0.0918,0.0,MAS,-100.0,100.0
native,ocbc,LKR,SGD,LKR/SGD,100,"SGD 0 – 39,999.99",tier_1,,,fxRatesSgd,2026-08-25T07:00:15,2026-08-25T07:00:15,2026-08-25T13:26:31.837578+00:00,0.3981,0.0,,0.3981,,,
native,ocbc,LKR,SGD,LKR/SGD,100,"SGD 40,000 – 100,000",tier_2,,,fxRatesSgd,2026-08-25T07:00:15,2026-08-25T07:00:15,2026-08-25T13:26:31.837578+00:00,0.3973,0.0,,0.3981,,,
native,ocbc,MAD,SGD,MAD/SGD,100,"SGD 0 – 39,999.99",tier_1,,,fxRatesSgd,2026-08-25T07:00:15,2026-08-25T07:00:15,2026-08-25T13:26:31.837578+00:00,0.0,0.0,,0.0,,,
native,ocbc,MAD,SGD,MAD/SGD,100,"SGD 40,000 – 100,000",tier_2,,,fxRatesSgd,2026-08-25T07:00:15,2026-08-25T07:00:15,2026-08-25T13:26:31.837578+00:00,0.0,0.0,,0.0,,,
native,ocbc,MXN,SGD,MXN/SGD,100,"SGD 0 – 39,999.99",tier_1,,,fxRatesSgd,2026-08-25T07:00:15,2026-08-25T07:00:15,2026-08-25T13:26:31.837578+00:00,7.7472,0.0,,7.7472,,,
native,ocbc,MXN,SGD,MXN/SGD,100,"SGD 40,000 – 100,000",tier_2,,,fxRatesSgd,2026-08-25T07:00:15,2026-08-25T07:00:15,2026-08-25T13:26:31.837578+00:00,7.7457,0.0,,7.7472,,,
native,ocbc,MYR,SGD,MYR/SGD,100,"SGD 0 – 39,999.99",tier_1,,,fxRatesSgd,2026-08-25T07:00:15,2026-08-25T07:00:15,2026-08-25T13:26:31.837578+00:00,0.0,0.0,31.4,0.0,MAS,-100.0,100.0
native,ocbc,MYR,SGD,MYR/SGD,100,"SGD 40,000 – 100,000",tier_2,,,fxRatesSgd,2026-08-25T07:00:15,2026-08-25T07:00:15,2026-08-25T13:26:31.837578+00:00,0.0,0.0,31.4,0.0,MAS,-100.0,100.0
native,ocbc,NOK,SGD,NOK/SGD,100,"SGD 0 – 39,999.99",tier_1,,,fxRatesSgd,2026-08-25T07:00:15,2026-08-25T07:00:15,2026-08-25T13:26:31.837578+00:00,13.8723,13.3774,,13.6249,,,
native,ocbc,NOK,SGD,NOK/SGD,100,"SGD 40,000 – 100,000",tier_2,,,fxRatesSgd,2026-08-25T07:00:15,2026-08-25T07:00:15,2026-08-25T13:26:31.837578+00:00,13.8451,13.4046,,13.6249,,,
native,ocbc,NZD,SGD,NZD/SGD,1,"SGD 0 – 39,999.99",tier_1,,,fxRatesSgd,2026-08-25T07:00:15,2026-08-25T07:00:15,2026-08-25T13:26:31.837578+00:00,0.7731,0.7468,0.7573000000000001,0.76,MAS,2.0863594348342693,1.3865046877063336
native,ocbc,NZD,SGD,NZD/SGD,1,"SGD 40,000 – 100,000",tier_2,,,fxRatesSgd,2026-08-25T07:00:15,2026-08-25T07:00:15,2026-08-25T13:26:31.837578+00:00,0.7712,0.749,0.7573000000000001,0.76,MAS,1.8354681103921708,1.095998943615487
native,ocbc,OMR,SGD,OMR/SGD,1,"SGD 0 – 39,999.99",tier_1,,,fxRatesSgd,2026-08-25T07:00:15,2026-08-25T07:00:15,2026-08-25T13:26:31.837578+00:00,0.0,0.0,,0.0,,,
native,ocbc,OMR,SGD,OMR/SGD,1,"SGD 40,000 – 100,000",tier_2,,,fxRatesSgd,2026-08-25T07:00:15,2026-08-25T07:00:15,2026-08-25T13:26:31.837578+00:00,0.0,0.0,,0.0,,,
native,ocbc,PHP,SGD,PHP/SGD,100,"SGD 0 – 39,999.99",tier_1,,,fxRatesSgd,2026-08-25T07:00:15,2026-08-25T07:00:15,2026-08-25T13:26:31.837578+00:00,2.1209,0.0,2.0593,2.1209,MAS,2.99130772592628,100.0
native,ocbc,PHP,SGD,PHP/SGD,100,"SGD 40,000 – 100,000",tier_2,,,fxRatesSgd,2026-08-25T07:00:15,2026-08-25T07:00:15,2026-08-25T13:26:31.837578+00:00,2.1199,0.0,2.0593,2.1209,MAS,2.942747535570339,100.0
native,ocbc,PLN,SGD,PLN/SGD,100,"SGD 0 – 39,999.99",tier_1,,,fxRatesSgd,2026-08-25T07:00:15,2026-08-25T07:00:15,2026-08-25T13:26:31.837578+00:00,35.4504,33.2338,,34.3421,,,
native,ocbc,PLN,SGD,PLN/SGD,100,"SGD 40,000 – 100,000",tier_2,,,fxRatesSgd,2026-08-25T07:00:15,2026-08-25T07:00:15,2026-08-25T13:26:31.837578+00:00,35.4329,33.2609,,34.3421,,,
native,ocbc,QAR,SGD,QAR/SGD,100,"SGD 0 – 39,999.99",tier_1,,,fxRatesSgd,2026-08-25T07:00:15,2026-08-25T07:00:15,2026-08-25T13:26:31.837578+00:00,35.85,33.8006,34.86,34.8253,MAS,2.839931153184171,3.0390131956396917
native,ocbc,QAR,SGD,QAR/SGD,100,"SGD 40,000 – 100,000",tier_2,,,fxRatesSgd,2026-08-25T07:00:15,2026-08-25T07:00:15,2026-08-25T13:26:31.837578+00:00,35.8288,33.8177,34.86,34.8253,MAS,2.7791164658634586,2.989959839357422
native,ocbc,RON,SGD,RON/SGD,100,"SGD 0 – 39,999.99",tier_1,,,fxRatesSgd,2026-08-25T07:00:15,2026-08-25T07:00:15,2026-08-25T13:26:31.837578+00:00,0.0,0.0,,0.0,,,
native,ocbc,RON,SGD,RON/SGD,100,"SGD 40,000 – 100,000",tier_2,,,fxRatesSgd,2026-08-25T07:00:15,2026-08-25T07:00:15,2026-08-25T13:26:31.837578+00:00,0.0,0.0,,0.0,,,
native,ocbc,RUB,SGD,RUB/SGD,100,"SGD 0 – 39,999.99",tier_1,,,fxRatesSgd,2026-08-25T07:00:15,2026-08-25T07:00:15,2026-08-25T13:26:31.837578+00:00,0.0,0.0,,0.0,,,
native,ocbc,RUB,SGD,RUB/SGD,100,"SGD 40,000 – 100,000",tier_2,,,fxRatesSgd,2026-08-25T07:00:15,2026-08-25T07:00:15,2026-08-25T13:26:31.837578+00:00,0.0,0.0,,0.0,,,
native,ocbc,SAR,SGD,SAR/SGD,100,"SGD 0 – 39,999.99",tier_1,,,fxRatesSgd,2026-08-25T07:00:15,2026-08-25T07:00:15,2026-08-25T13:26:31.837578+00:00,34.7825,32.867,33.84,33.8248,MAS,2.785165484633556,2.8752955082742493
native,ocbc,SAR,SGD,SAR/SGD,100,"SGD 40,000 – 100,000",tier_2,,,fxRatesSgd,2026-08-25T07:00:15,2026-08-25T07:00:15,2026-08-25T13:26:31.837578+00:00,34.7653,32.8837,33.84,33.8248,MAS,2.7343380614657207,2.8259456264775586
native,ocbc,SEK,SGD,SEK/SGD,100,"SGD 0 – 39,999.99",tier_1,,,fxRatesSgd,2026-08-25T07:00:15,2026-08-25T07:00:15,2026-08-25T13:26:31.837578+00:00,13.6258,13.1407,,13.3833,,,
native,ocbc,SEK,SGD,SEK/SGD,100,"SGD 40,000 – 100,000",tier_2,,,fxRatesSgd,2026-08-25T07:00:15,2026-08-25T07:00:15,2026-08-25T13:26:31.837578+00:00,13.599,13.1675,,13.3833,,,
native,ocbc,THB,SGD,THB/SGD,100,"SGD 0 – 39,999.99",tier_1,,,fxRatesSgd,2026-08-25T07:00:15,2026-08-25T07:00:15,2026-08-25T13:26:31.837578+00:00,3.9905,3.7716,3.88,3.8811,MAS,2.8479381443298983,2.793814432989692
native,ocbc,THB,SGD,THB/SGD,100,"SGD 40,000 – 100,000",tier_2,,,fxRatesSgd,2026-08-25T07:00:15,2026-08-25T07:00:15,2026-08-25T13:26:31.837578+00:00,3.9827,3.7793,3.88,3.8811,MAS,2.6469072164948457,2.595360824742263
native,ocbc,TRY,SGD,TRY/SGD,100,"SGD 0 – 39,999.99",tier_1,,,fxRatesSgd,2026-08-25T07:00:15,2026-08-25T07:00:15,2026-08-25T13:26:31.837578+00:00,2.7128,2.6006,,2.6567,,,
native,ocbc,TRY,SGD,TRY/SGD,100,"SGD 40,000 – 100,000",tier_2,,,fxRatesSgd,2026-08-25T07:00:15,2026-08-25T07:00:15,2026-08-25T13:26:31.837578+00:00,2.7114,2.6009,,2.6567,,,
native,ocbc,TWD,SGD,TWD/SGD,100,"SGD 0 – 39,999.99",tier_1,,,fxRatesSgd,2026-08-25T07:00:15,2026-08-25T07:00:15,2026-08-25T13:26:31.837578+00:00,4.1361,0.0,3.9849,4.1361,MAS,3.79432357148234,100.0
native,ocbc,TWD,SGD,TWD/SGD,100,"SGD 40,000 – 100,000",tier_2,,,fxRatesSgd,2026-08-25T07:00:15,2026-08-25T07:00:15,2026-08-25T13:26:31.837578+00:00,0.0,0.0,3.9849,4.1361,MAS,-100.0,100.0
native,ocbc,USD,SGD,USD/SGD,1,"SGD 0 – 39,999.99",tier_1,,,fxRatesSgd,2026-08-25T07:00:15,2026-08-25T07:00:15,2026-08-25T13:26:31.837578+00:00,1.2825,1.2596,1.2707,1.2711,MAS,0.9286220193594107,0.8735342724482481
native,ocbc,USD,SGD,USD/SGD,1,"SGD 40,000 – 100,000",tier_2,,,fxRatesSgd,2026-08-25T07:00:15,2026-08-25T07:00:15,2026-08-25T13:26:31.837578+00:00,1.2813,1.2606,1.2707,1.2711,MAS,0.8341858817974476,0.7948374911466118
native,ocbc,ZAR,SGD,ZAR/SGD,100,"SGD 0 – 39,999.99",tier_1,,,fxRatesSgd,2026-08-25T07:00:15,2026-08-25T07:00:15,2026-08-25T13:26:31.837578+00:00,8.1839,7.7027,,7.9433,,,
native,ocbc,ZAR,SGD,ZAR/SGD,100,"SGD 40,000 – 100,000",tier_2,,,fxRatesSgd,2026-08-25T07:00:15,2026-08-25T07:00:15,2026-08-25T13:26:31.837578+00:00,8.1799,7.7067,,7.9433,,,
native,uob,AED,SGD,AED/SGD,100,Indicative board,board,,,forex_sgd,25 August 2026 05:30:51 PM,25 August 2026 05:30:51 PM,2026-08-25T13:26:33.702406+00:00,35.44,33.74,34.6,34.59,MAS,2.4277456647398736,2.485549132947975
native,uob,AOA,SGD,AOA/SGD,100,Indicative board,board,,,forex_sgd,25 August 2026 05:30:51 PM,25 August 2026 05:30:51 PM,2026-08-25T13:26:33.702406+00:00,0.1429,,,,,,
native,uob,AUD,SGD,AUD/SGD,1,Indicative board,board,,,forex_sgd,25 August 2026 05:30:51 PM,25 August 2026 05:30:51 PM,2026-08-25T13:26:33.702406+00:00,0.9242,0.8932,0.9087000000000001,0.9087000000000001,MAS,1.705733465390113,1.7057334653901253
native,uob,BDT,SGD,BDT/SGD,100,Indicative board,board,,,forex_sgd,25 August 2026 05:30:51 PM,25 August 2026 05:30:51 PM,2026-08-25T13:26:33.702406+00:00,1.0652,,,,,,
native,uob,BND,SGD,BND/SGD,1,Indicative board,board,,,forex_sgd,25 August 2026 05:30:51 PM,25 August 2026 05:30:51 PM,2026-08-25T13:26:33.702406+00:00,1.0,1.0,,1.0,,,
native,uob,CAD,SGD,CAD/SGD,1,Indicative board,board,,,forex_sgd,25 August 2026 05:30:51 PM,25 August 2026 05:30:51 PM,2026-08-25T13:26:33.702406+00:00,0.9271,0.9071,0.9172,0.9171,MAS,1.0793720017444417,1.1011774967291756
native,uob,CHF,SGD,CHF/SGD,100,Indicative board,board,,,forex_sgd,25 August 2026 05:30:51 PM,25 August 2026 05:30:51 PM,2026-08-25T13:26:33.702406+00:00,160.01,156.71,158.14,158.36,MAS,1.1824965220690558,0.9042620462880856
native,uob,CNH,SGD,CNH/SGD,100,Indicative board,board,,,forex_sgd,25 August 2026 05:30:51 PM,25 August 2026 05:30:51 PM,2026-08-25T13:26:33.702406+00:00,19.13,18.67,,18.9,,,
native,uob,DKK,SGD,DKK/SGD,100,Indicative board,board,,,forex_sgd,25 August 2026 05:30:51 PM,25 August 2026 05:30:51 PM,2026-08-25T13:26:33.702406+00:00,20.19,19.49,,19.84,,,
native,uob,EGP,SGD,EGP/SGD,100,Indicative board,board,,,forex_sgd,25 August 2026 05:30:51 PM,25 August 2026 05:30:51 PM,2026-08-25T13:26:33.702406+00:00,2.5724,,,,,,
native,uob,EUR,SGD,EUR/SGD,1,Indicative board,board,,,forex_sgd,25 August 2026 05:30:51 PM,25 August 2026 05:30:51 PM,2026-08-25T13:26:33.702406+00:00,1.5019,1.4639,1.4818,1.4828999999999999,MAS,1.3564583614522883,1.2079902820893527
native,uob,GBP,SGD,GBP/SGD,1,Indicative board,board,,,forex_sgd,25 August 2026 05:30:51 PM,25 August 2026 05:30:51 PM,2026-08-25T13:26:33.702406+00:00,1.7565,1.7115,1.7318,1.734,MAS,1.426261693036144,1.1721907841552133
native,uob,HKD,SGD,HKD/SGD,100,Indicative board,board,,,forex_sgd,25 August 2026 05:30:51 PM,25 August 2026 05:30:51 PM,2026-08-25T13:26:33.702406+00:00,16.389,16.031,16.21,16.21,MAS,1.1042566317088123,1.1042566317088343
native,uob,INR,SGD,INR/SGD,100,Indicative board,board,,,forex_sgd,25 August 2026 05:30:51 PM,25 August 2026 05:30:51 PM,2026-08-25T13:26:33.702406+00:00,1.3674,,1.3273,,MAS,3.0211707978603197,
native,uob,JPY,SGD,JPY/SGD,100,Indicative board,board,,,forex_sgd,25 August 2026 05:30:51 PM,25 August 2026 05:30:51 PM,2026-08-25T13:26:33.702406+00:00,0.8149,0.7809,0.7976000000000001,0.7979,MAS,2.169007021063173,2.0937813440321023
native,uob,KRW,SGD,KRW/SGD,1000,Indicative board,board,,,forex_sgd,25 August 2026 05:30:51 PM,25 August 2026 05:30:51 PM,2026-08-25T13:26:33.702406+00:00,0.9328,,0.918,,MAS,1.6122004357298392,
native,uob,KWD,SGD,KWD/SGD,1,Indicative board,board,,,forex_sgd,25 August 2026 05:30:51 PM,25 August 2026 05:30:51 PM,2026-08-25T13:26:33.702406+00:00,4.1777,,,,,,
native,uob,LKR,SGD,LKR/SGD,100,Indicative board,board,,,forex_sgd,25 August 2026 05:30:51 PM,25 August 2026 05:30:51 PM,2026-08-25T13:26:33.702406+00:00,0.3924,,,,,,
native,uob,MXN,SGD,MXN/SGD,100,Indicative board,board,,,forex_sgd,25 August 2026 05:30:51 PM,25 August 2026 05:30:51 PM,2026-08-25T13:26:33.702406+00:00,7.5811,,,,,,
native,uob,MYR,SGD,MYR/SGD,100,Indicative board,board,,,forex_sgd,25 August 2026 05:30:51 PM,25 August 2026 05:30:51 PM,2026-08-25T13:26:33.702406+00:00,,,31.4,,MAS,,
native,uob,NOK,SGD,NOK/SGD,100,Indicative board,board,,,forex_sgd,25 August 2026 05:30:51 PM,25 August 2026 05:30:51 PM,2026-08-25T13:26:33.702406+00:00,13.83,13.39,,13.61,,,
native,uob,NZD,SGD,NZD/SGD,1,Indicative board,board,,,forex_sgd,25 August 2026 05:30:51 PM,25 August 2026 05:30:51 PM,2026-08-25T13:26:33.702406+00:00,0.7672,0.7472,0.7573000000000001,0.7572,MAS,1.3072758484088085,1.3336854615080032
native,uob,PHP,SGD,PHP/SGD,100,Indicative board,board,,,forex_sgd,25 August 2026 05:30:51 PM,25 August 2026 05:30:51 PM,2026-08-25T13:26:33.702406+00:00,2.1048,,2.0593,,MAS,2.209488661195557,
native,uob,PKR,SGD,PKR/SGD,100,Indicative board,board,,,forex_sgd,25 August 2026 05:30:51 PM,25 August 2026 05:30:51 PM,2026-08-25T13:26:33.702406+00:00,0.464,,,,,,
native,uob,SAR,SGD,SAR/SGD,100,Indicative board,board,,,forex_sgd,25 August 2026 05:30:51 PM,25 August 2026 05:30:51 PM,2026-08-25T13:26:33.702406+00:00,,,33.84,,MAS,,
native,uob,SEK,SGD,SEK/SGD,100,Indicative board,board,,,forex_sgd,25 August 2026 05:30:51 PM,25 August 2026 05:30:51 PM,2026-08-25T13:26:33.702406+00:00,13.62,13.14,,13.379999999999999,,,
native,uob,THB,SGD,THB/SGD,100,Indicative board,board,,,forex_sgd,25 August 2026 05:30:51 PM,25 August 2026 05:30:51 PM,2026-08-25T13:26:33.702406+00:00,3.98,3.78,3.88,3.88,MAS,2.5773195876288684,2.5773195876288684
native,uob,TWD,SGD,TWD/SGD,100,Indicative board,board,,,forex_sgd,25 August 2026 05:30:51 PM,25 August 2026 05:30:51 PM,2026-08-25T13:26:33.702406+00:00,4.0805,,3.9849,,MAS,2.3990564380536443,
native,uob,USD,SGD,USD/SGD,1,Indicative board,board,,,forex_sgd,25 August 2026 05:30:51 PM,25 August 2026 05:30:51 PM,2026-08-25T13:26:33.702406+00:00,1.2825,1.2585,1.2707,1.2705,MAS,0.9286220193594107,0.9601007318800653
native,uob,VND,SGD,VND/SGD,1000,Indicative board,board,,,forex_sgd,25 August 2026 05:30:51 PM,25 August 2026 05:30:51 PM,2026-08-25T13:26:33.702406+00:00,0.0497,,0.04864,,MAS,2.1792763157894703,
native,uob,XAF,SGD,XAF/SGD,100,Indicative board,board,,,forex_sgd,25 August 2026 05:30:51 PM,25 August 2026 05:30:51 PM,2026-08-25T13:26:33.702406+00:00,0.2319,,,,,,
native,uob,XOF,SGD,XOF/SGD,100,Indicative board,board,,,forex_sgd,25 August 2026 05:30:51 PM,25 August 2026 05:30:51 PM,2026-08-25T13:26:33.702406+00:00,0.2335,,,,,,
native,uob,ZAR,SGD,ZAR/SGD,1,Indicative board,board,,,forex_sgd,25 August 2026 05:30:51 PM,25 August 2026 05:30:51 PM,2026-08-25T13:26:33.702406+00:00,0.0814,0.0774,,0.0794,,,
standardized,dbs,AED,SGD,AED/SGD,1,SGD 50 – 200,amtBtw50And200,"SGD 200 – 39,999.99",std_200_40k,mainCurrencies,2026-08-25 21:15:00,2026-08-25 13:15:13,2026-08-25T13:26:30.214116+00:00,0.3481,0.3434,0.34600000000000003,0.34575,MAS,0.6069364161849684,0.7514450867052157
standardized,dbs,AED,SGD,AED/SGD,1,SGD 50 – 200,amtBtw50And200,"SGD 40,000 – 100,000",std_40k_100k,mainCurrencies,2026-08-25 21:15:00,2026-08-25 13:15:13,2026-08-25T13:26:30.214116+00:00,0.3481,0.3434,0.34600000000000003,0.34575,MAS,0.6069364161849684,0.7514450867052157
standardized,dbs,AED,SGD,AED/SGD,1,SGD 50 – 200,amtBtw50And200,SGD 50 – 200,std_50_200,mainCurrencies,2026-08-25 21:15:00,2026-08-25 13:15:13,2026-08-25T13:26:30.214116+00:00,0.3481,0.3434,0.34600000000000003,0.34575,MAS,0.6069364161849684,0.7514450867052157
standardized,dbs,AED,SGD,AED/SGD,1,SGD < 50,amtLessThan50,SGD < 50,std_lt_50,mainCurrencies,2026-08-25 21:15:00,2026-08-25 13:15:13,2026-08-25T13:26:30.214116+00:00,0.3508,0.3406,0.34600000000000003,0.3457,MAS,1.3872832369942112,1.5606936416185015
standardized,dbs,AUD,SGD,AUD/SGD,1,SGD 50 – 200,amtBtw50And200,"SGD 200 – 39,999.99",std_200_40k,mainCurrencies,2026-08-25 21:15:00,2026-08-25 13:15:13,2026-08-25T13:26:30.214116+00:00,0.9193,0.8992,0.9087000000000001,0.90925,MAS,1.1665015956861386,1.0454495433036275
standardized,dbs,AUD,SGD,AUD/SGD,1,SGD 50 – 200,amtBtw50And200,"SGD 40,000 – 100,000",std_40k_100k,mainCurrencies,2026-08-25 21:15:00,2026-08-25 13:15:13,2026-08-25T13:26:30.214116+00:00,0.9193,0.8992,0.9087000000000001,0.90925,MAS,1.1665015956861386,1.0454495433036275
standardized,dbs,AUD,SGD,AUD/SGD,1,SGD 50 – 200,amtBtw50And200,SGD 50 – 200,std_50_200,mainCurrencies,2026-08-25 21:15:00,2026-08-25 13:15:13,2026-08-25T13:26:30.214116+00:00,0.9193,0.8992,0.9087000000000001,0.90925,MAS,1.1665015956861386,1.0454495433036275
standardized,dbs,AUD,SGD,AUD/SGD,1,SGD < 50,amtLessThan50,SGD < 50,std_lt_50,mainCurrencies,2026-08-25 21:15:00,2026-08-25 13:15:13,2026-08-25T13:26:30.214116+00:00,0.9197,0.8987,0.9087000000000001,0.9092,MAS,1.2105205238252337,1.1004732034774962
standardized,dbs,BDT,SGD,BDT/SGD,100,SGD 50 – 200,amtBtw50And200,"SGD 200 – 39,999.99",std_200_40k,otherCurrencies,2026-08-25 21:15:00,2026-08-25 13:15:13,2026-08-25T13:26:30.214116+00:00,1.0486,,,,,,
standardized,dbs,BDT,SGD,BDT/SGD,100,SGD 50 – 200,amtBtw50And200,"SGD 40,000 – 100,000",std_40k_100k,otherCurrencies,2026-08-25 21:15:00,2026-08-25 13:15:13,2026-08-25T13:26:30.214116+00:00,1.0486,,,,,,
standardized,dbs,BDT,SGD,BDT/SGD,100,SGD 50 – 200,amtBtw50And200,SGD 50 – 200,std_50_200,otherCurrencies,2026-08-25 21:15:00,2026-08-25 13:15:13,2026-08-25T13:26:30.214116+00:00,1.0486,,,,,,
standardized,dbs,BDT,SGD,BDT/SGD,100,SGD < 50,amtLessThan50,SGD < 50,std_lt_50,otherCurrencies,2026-08-25 21:15:00,2026-08-25 13:15:13,2026-08-25T13:26:30.214116+00:00,1.0486,,,,,,
standardized,dbs,BHD,SGD,BHD/SGD,1,SGD 50 – 200,amtBtw50And200,"SGD 200 – 39,999.99",std_200_40k,otherCurrencies,2026-08-25 21:15:00,2026-08-25 13:15:13,2026-08-25T13:26:30.214116+00:00,3.4484,,,,,,
standardized,dbs,BHD,SGD,BHD/SGD,1,SGD 50 – 200,amtBtw50And200,"SGD 40,000 – 100,000",std_40k_100k,otherCurrencies,2026-08-25 21:15:00,2026-08-25 13:15:13,2026-08-25T13:26:30.214116+00:00,3.4484,,,,,,
standardized,dbs,BHD,SGD,BHD/SGD,1,SGD 50 – 200,amtBtw50And200,SGD 50 – 200,std_50_200,otherCurrencies,2026-08-25 21:15:00,2026-08-25 13:15:13,2026-08-25T13:26:30.214116+00:00,3.4484,,,,,,
standardized,dbs,BHD,SGD,BHD/SGD,1,SGD < 50,amtLessThan50,SGD < 50,std_lt_50,otherCurrencies,2026-08-25 21:15:00,2026-08-25 13:15:13,2026-08-25T13:26:30.214116+00:00,3.462,,,,,,
standardized,dbs,BND,SGD,BND/SGD,1,SGD 50 – 200,amtBtw50And200,"SGD 200 – 39,999.99",std_200_40k,otherCurrencies,2026-08-25 21:15:00,2026-08-25 13:15:13,2026-08-25T13:26:30.214116+00:00,1.0,1.0,,1.0,,,
standardized,dbs,BND,SGD,BND/SGD,1,SGD 50 – 200,amtBtw50And200,"SGD 40,000 – 100,000",std_40k_100k,otherCurrencies,2026-08-25 21:15:00,2026-08-25 13:15:13,2026-08-25T13:26:30.214116+00:00,1.0,1.0,,1.0,,,
standardized,dbs,BND,SGD,BND/SGD,1,SGD 50 – 200,amtBtw50And200,SGD 50 – 200,std_50_200,otherCurrencies,2026-08-25 21:15:00,2026-08-25 13:15:13,2026-08-25T13:26:30.214116+00:00,1.0,1.0,,1.0,,,
standardized,dbs,BND,SGD,BND/SGD,1,SGD < 50,amtLessThan50,SGD < 50,std_lt_50,otherCurrencies,2026-08-25 21:15:00,2026-08-25 13:15:13,2026-08-25T13:26:30.214116+00:00,1.0,1.0,,1.0,,,
standardized,dbs,CAD,SGD,CAD/SGD,1,SGD 50 – 200,amtBtw50And200,"SGD 200 – 39,999.99",std_200_40k,mainCurrencies,2026-08-25 21:15:00,2026-08-25 13:15:13,2026-08-25T13:26:30.214116+00:00,0.9239,0.9101,0.9172,0.917,MAS,0.7304840819886654,0.774095071958133
standardized,dbs,CAD,SGD,CAD/SGD,1,SGD 50 – 200,amtBtw50And200,"SGD 40,000 – 100,000",std_40k_100k,mainCurrencies,2026-08-25 21:15:00,2026-08-25 13:15:13,2026-08-25T13:26:30.214116+00:00,0.9239,0.9101,0.9172,0.917,MAS,0.7304840819886654,0.774095071958133
standardized,dbs,CAD,SGD,CAD/SGD,1,SGD 50 – 200,amtBtw50And200,SGD 50 – 200,std_50_200,mainCurrencies,2026-08-25 21:15:00,2026-08-25 13:15:13,2026-08-25T13:26:30.214116+00:00,0.9239,0.9101,0.9172,0.917,MAS,0.7304840819886654,0.774095071958133
standardized,dbs,CAD,SGD,CAD/SGD,1,SGD < 50,amtLessThan50,SGD < 50,std_lt_50,mainCurrencies,2026-08-25 21:15:00,2026-08-25 13:15:13,2026-08-25T13:26:30.214116+00:00,0.9271,0.9069,0.9172,0.917,MAS,1.0793720017444417,1.1229829917139091
standardized,dbs,CHF,SGD,CHF/SGD,1,SGD 50 – 200,amtBtw50And200,"SGD 200 – 39,999.99",std_200_40k,mainCurrencies,2026-08-25 21:15:00,2026-08-25 13:15:13,2026-08-25T13:26:30.214116+00:00,1.598,1.5677,1.5814,1.58285,MAS,1.0497027949917903,0.8663209814088672
standardized,dbs,CHF,SGD,CHF/SGD,1,SGD 50 – 200,amtBtw50And200,"SGD 40,000 – 100,000",std_40k_100k,mainCurrencies,2026-08-25 21:15:00,2026-08-25 13:15:13,2026-08-25T13:26:30.214116+00:00,1.598,1.5677,1.5814,1.58285,MAS,1.0497027949917903,0.8663209814088672
standardized,dbs,CHF,SGD,CHF/SGD,1,SGD 50 – 200,amtBtw50And200,SGD 50 – 200,std_50_200,mainCurrencies,2026-08-25 21:15:00,2026-08-25 13:15:13,2026-08-25T13:26:30.214116+00:00,1.598,1.5677,1.5814,1.58285,MAS,1.0497027949917903,0.8663209814088672
standardized,dbs,CHF,SGD,CHF/SGD,1,SGD < 50,amtLessThan50,SGD < 50,std_lt_50,mainCurrencies,2026-08-25 21:15:00,2026-08-25 13:15:13,2026-08-25T13:26:30.214116+00:00,1.5988,1.5669,1.5814,1.58285,MAS,1.1002908814974126,0.9169090679145034
standardized,dbs,CNH,SGD,CNH/SGD,1,SGD 50 – 200,amtBtw50And200,"SGD 200 – 39,999.99",std_200_40k,mainCurrencies,2026-08-25 21:15:00,2026-08-25 13:15:13,2026-08-25T13:26:30.214116+00:00,0.1911,0.1867,,0.1889,,,
standardized,dbs,CNH,SGD,CNH/SGD,1,SGD 50 – 200,amtBtw50And200,"SGD 40,000 – 100,000",std_40k_100k,mainCurrencies,2026-08-25 21:15:00,2026-08-25 13:15:13,2026-08-25T13:26:30.214116+00:00,0.1911,0.1867,,0.1889,,,
standardized,dbs,CNH,SGD,CNH/SGD,1,SGD 50 – 200,amtBtw50And200,SGD 50 – 200,std_50_200,mainCurrencies,2026-08-25 21:15:00,2026-08-25 13:15:13,2026-08-25T13:26:30.214116+00:00,0.1911,0.1867,,0.1889,,,
standardized,dbs,CNH,SGD,CNH/SGD,1,SGD < 50,amtLessThan50,SGD < 50,std_lt_50,mainCurrencies,2026-08-25 21:15:00,2026-08-25 13:15:13,2026-08-25T13:26:30.214116+00:00,0.1918,0.1861,,0.18895,,,
standardized,dbs,CNY,SGD,CNY/SGD,1,SGD 50 – 200,amtBtw50And200,"SGD 200 – 39,999.99",std_200_40k,otherCurrencies,2026-08-25 21:15:00,2026-08-25 13:15:13,2026-08-25T13:26:30.214116+00:00,0.1889,,0.18899999999999997,,MAS,-0.0529100529100324,
standardized,dbs,CNY,SGD,CNY/SGD,1,SGD 50 – 200,amtBtw50And200,"SGD 40,000 – 100,000",std_40k_100k,otherCurrencies,2026-08-25 21:15:00,2026-08-25 13:15:13,2026-08-25T13:26:30.214116+00:00,0.1889,,0.18899999999999997,,MAS,-0.0529100529100324,
standardized,dbs,CNY,SGD,CNY/SGD,1,SGD 50 – 200,amtBtw50And200,SGD 50 – 200,std_50_200,otherCurrencies,2026-08-25 21:15:00,2026-08-25 13:15:13,2026-08-25T13:26:30.214116+00:00,0.1889,,0.18899999999999997,,MAS,-0.0529100529100324,
standardized,dbs,CNY,SGD,CNY/SGD,1,SGD < 50,amtLessThan50,SGD < 50,std_lt_50,otherCurrencies,2026-08-25 21:15:00,2026-08-25 13:15:13,2026-08-25T13:26:30.214116+00:00,0.1906,,0.18899999999999997,,MAS,0.8465608465608562,
standardized,dbs,DKK,SGD,DKK/SGD,1,SGD 50 – 200,amtBtw50And200,"SGD 200 – 39,999.99",std_200_40k,mainCurrencies,2026-08-25 21:15:00,2026-08-25 13:15:13,2026-08-25T13:26:30.214116+00:00,0.2009,0.1955,,0.1982,,,
standardized,dbs,DKK,SGD,DKK/SGD,1,SGD 50 – 200,amtBtw50And200,"SGD 40,000 – 100,000",std_40k_100k,mainCurrencies,2026-08-25 21:15:00,2026-08-25 13:15:13,2026-08-25T13:26:30.214116+00:00,0.2009,0.1955,,0.1982,,,
standardized,dbs,DKK,SGD,DKK/SGD,1,SGD 50 – 200,amtBtw50And200,SGD 50 – 200,std_50_200,mainCurrencies,2026-08-25 21:15:00,2026-08-25 13:15:13,2026-08-25T13:26:30.214116+00:00,0.2009,0.1955,,0.1982,,,
standardized,dbs,DKK,SGD,DKK/SGD,1,SGD < 50,amtLessThan50,SGD < 50,std_lt_50,mainCurrencies,2026-08-25 21:15:00,2026-08-25 13:15:13,2026-08-25T13:26:30.214116+00:00,0.2013,0.1951,,0.1982,,,
standardized,dbs,EUR,SGD,EUR/SGD,1,SGD 50 – 200,amtBtw50And200,"SGD 200 – 39,999.99",std_200_40k,mainCurrencies,2026-08-25 21:15:00,2026-08-25 13:15:13,2026-08-25T13:26:30.214116+00:00,1.4947,1.4694,1.4818,1.48205,MAS,0.8705628289917607,0.836820083682006
standardized,dbs,EUR,SGD,EUR/SGD,1,SGD 50 – 200,amtBtw50And200,"SGD 40,000 – 100,000",std_40k_100k,mainCurrencies,2026-08-25 21:15:00,2026-08-25 13:15:13,2026-08-25T13:26:30.214116+00:00,1.4947,1.4694,1.4818,1.48205,MAS,0.8705628289917607,0.836820083682006
standardized,dbs,EUR,SGD,EUR/SGD,1,SGD 50 – 200,amtBtw50And200,SGD 50 – 200,std_50_200,mainCurrencies,2026-08-25 21:15:00,2026-08-25 13:15:13,2026-08-25T13:26:30.214116+00:00,1.4947,1.4694,1.4818,1.48205,MAS,0.8705628289917607,0.836820083682006
standardized,dbs,EUR,SGD,EUR/SGD,1,SGD < 50,amtLessThan50,SGD < 50,std_lt_50,mainCurrencies,2026-08-25 21:15:00,2026-08-25 13:15:13,2026-08-25T13:26:30.214116+00:00,1.4954,1.4686,1.4818,1.482,MAS,0.9178026724254323,0.8908084761776286
standardized,dbs,GBP,SGD,GBP/SGD,1,SGD 50 – 200,amtBtw50And200,"SGD 200 – 39,999.99",std_200_40k,mainCurrencies,2026-08-25 21:15:00,2026-08-25 13:15:13,2026-08-25T13:26:30.214116+00:00,1.7461,1.7199,1.7318,1.733,MAS,0.8257304538630316,0.6871463217461613
standardized,dbs,GBP,SGD,GBP/SGD,1,SGD 50 – 200,amtBtw50And200,"SGD 40,000 – 100,000",std_40k_100k,mainCurrencies,2026-08-25 21:15:00,2026-08-25 13:15:13,2026-08-25T13:26:30.214116+00:00,1.7461,1.7199,1.7318,1.733,MAS,0.8257304538630316,0.6871463217461613
standardized,dbs,GBP,SGD,GBP/SGD,1,SGD 50 – 200,amtBtw50And200,SGD 50 – 200,std_50_200,mainCurrencies,2026-08-25 21:15:00,2026-08-25 13:15:13,2026-08-25T13:26:30.214116+00:00,1.7461,1.7199,1.7318,1.733,MAS,0.8257304538630316,0.6871463217461613
standardized,dbs,GBP,SGD,GBP/SGD,1,SGD < 50,amtLessThan50,SGD < 50,std_lt_50,mainCurrencies,2026-08-25 21:15:00,2026-08-25 13:15:13,2026-08-25T13:26:30.214116+00:00,1.7478,1.7181,1.7318,1.73295,MAS,0.923894214112485,0.7910844208338171
standardized,dbs,HKD,SGD,HKD/SGD,1,SGD 50 – 200,amtBtw50And200,"SGD 200 – 39,999.99",std_200_40k,mainCurrencies,2026-08-25 21:15:00,2026-08-25 13:15:13,2026-08-25T13:26:30.214116+00:00,0.1636,0.1603,0.16210000000000002,0.16194999999999998,MAS,0.925354719309052,1.1104256631708966
standardized,dbs,HKD,SGD,HKD/SGD,1,SGD 50 – 200,amtBtw50And200,"SGD 40,000 – 100,000",std_40k_100k,mainCurrencies,2026-08-25 21:15:00,2026-08-25 13:15:13,2026-08-25T13:26:30.214116+00:00,0.1636,0.1603,0.16210000000000002,0.16194999999999998,MAS,0.925354719309052,1.1104256631708966
standardized,dbs,HKD,SGD,HKD/SGD,1,SGD 50 – 200,amtBtw50And200,SGD 50 – 200,std_50_200,mainCurrencies,2026-08-25 21:15:00,2026-08-25 13:15:13,2026-08-25T13:26:30.214116+00:00,0.1636,0.1603,0.16210000000000002,0.16194999999999998,MAS,0.925354719309052,1.1104256631708966
standardized,dbs,HKD,SGD,HKD/SGD,1,SGD < 50,amtLessThan50,SGD < 50,std_lt_50,mainCurrencies,2026-08-25 21:15:00,2026-08-25 13:15:13,2026-08-25T13:26:30.214116+00:00,0.1637,0.1602,0.16210000000000002,0.16195,MAS,0.987045033929667,1.1721159777914945
standardized,dbs,HUF,SGD,HUF/SGD,100,SGD 50 – 200,amtBtw50And200,"SGD 200 – 39,999.99",std_200_40k,otherCurrencies,2026-08-25 21:15:00,2026-08-25 13:15:13,2026-08-25T13:26:30.214116+00:00,0.4161,,,,,,
standardized,dbs,HUF,SGD,HUF/SGD,100,SGD 50 – 200,amtBtw50And200,"SGD 40,000 – 100,000",std_40k_100k,otherCurrencies,2026-08-25 21:15:00,2026-08-25 13:15:13,2026-08-25T13:26:30.214116+00:00,0.4161,,,,,,
standardized,dbs,HUF,SGD,HUF/SGD,100,SGD 50 – 200,amtBtw50And200,SGD 50 – 200,std_50_200,otherCurrencies,2026-08-25 21:15:00,2026-08-25 13:15:13,2026-08-25T13:26:30.214116+00:00,0.4161,,,,,,
standardized,dbs,HUF,SGD,HUF/SGD,100,SGD < 50,amtLessThan50,SGD < 50,std_lt_50,otherCurrencies,2026-08-25 21:15:00,2026-08-25 13:15:13,2026-08-25T13:26:30.214116+00:00,0.4177,,,,,,
standardized,dbs,ID0,SGD,ID0/SGD,100,SGD 50 – 200,amtBtw50And200,"SGD 200 – 39,999.99",std_200_40k,otherCurrencies,2026-08-25 21:15:00,2026-08-25 13:15:13,2026-08-25T13:26:30.214116+00:00,,,,,,,
standardized,dbs,ID0,SGD,ID0/SGD,100,SGD 50 – 200,amtBtw50And200,"SGD 40,000 – 100,000",std_40k_100k,otherCurrencies,2026-08-25 21:15:00,2026-08-25 13:15:13,2026-08-25T13:26:30.214116+00:00,,,,,,,
standardized,dbs,ID0,SGD,ID0/SGD,100,SGD 50 – 200,amtBtw50And200,SGD 50 – 200,std_50_200,otherCurrencies,2026-08-25 21:15:00,2026-08-25 13:15:13,2026-08-25T13:26:30.214116+00:00,,,,,,,
standardized,dbs,ID0,SGD,ID0/SGD,100,SGD < 50,amtLessThan50,SGD < 50,std_lt_50,otherCurrencies,2026-08-25 21:15:00,2026-08-25 13:15:13,2026-08-25T13:26:30.214116+00:00,,0.0071,,,,,
standardized,dbs,IDR,SGD,IDR/SGD,100,SGD 50 – 200,amtBtw50And200,"SGD 200 – 39,999.99",std_200_40k,mainCurrencies,2026-08-25 21:15:00,2026-08-25 13:15:13,2026-08-25T13:26:30.214116+00:00,0.0073,,0.007175,,MAS,1.7421602787456463,
standardized,dbs,IDR,SGD,IDR/SGD,100,SGD 50 – 200,amtBtw50And200,"SGD 40,000 – 100,000",std_40k_100k,mainCurrencies,2026-08-25 21:15:00,2026-08-25 13:15:13,2026-08-25T13:26:30.214116+00:00,0.0073,,0.007175,,MAS,1.7421602787456463,
standardized,dbs,IDR,SGD,IDR/SGD,100,SGD 50 – 200,amtBtw50And200,SGD 50 – 200,std_50_200,mainCurrencies,2026-08-25 21:15:00,2026-08-25 13:15:13,2026-08-25T13:26:30.214116+00:00,0.0073,,0.007175,,MAS,1.7421602787456463,
standardized,dbs,IDR,SGD,IDR/SGD,100,SGD < 50,amtLessThan50,SGD < 50,std_lt_50,mainCurrencies,2026-08-25 21:15:00,2026-08-25 13:15:13,2026-08-25T13:26:30.214116+00:00,0.0073,,0.007175,,MAS,1.7421602787456463,
standardized,dbs,IN0,SGD,IN0/SGD,100,SGD 50 – 200,amtBtw50And200,"SGD 200 – 39,999.99",std_200_40k,otherCurrencies,2026-08-25 21:15:00,2026-08-25 13:15:13,2026-08-25T13:26:30.214116+00:00,,1.3273,,,,,
standardized,dbs,IN0,SGD,IN0/SGD,100,SGD 50 – 200,amtBtw50And200,"SGD 40,000 – 100,000",std_40k_100k,otherCurrencies,2026-08-25 21:15:00,2026-08-25 13:15:13,2026-08-25T13:26:30.214116+00:00,,1.3273,,,,,
standardized,dbs,IN0,SGD,IN0/SGD,100,SGD 50 – 200,amtBtw50And200,SGD 50 – 200,std_50_200,otherCurrencies,2026-08-25 21:15:00,2026-08-25 13:15:13,2026-08-25T13:26:30.214116+00:00,,1.3273,,,,,
standardized,dbs,IN0,SGD,IN0/SGD,100,SGD < 50,amtLessThan50,SGD < 50,std_lt_50,otherCurrencies,2026-08-25 21:15:00,2026-08-25 13:15:13,2026-08-25T13:26:30.214116+00:00,,1.3273,,,,,
standardized,dbs,INR,SGD,INR/SGD,100,SGD 50 – 200,amtBtw50And200,"SGD 200 – 39,999.99",std_200_40k,otherCurrencies,2026-08-25 21:15:00,2026-08-25 13:15:13,2026-08-25T13:26:30.214116+00:00,1.3445,,1.3273,,MAS,1.2958637836208924,
standardized,dbs,INR,SGD,INR/SGD,100,SGD 50 – 200,amtBtw50And200,"SGD 40,000 – 100,000",std_40k_100k,otherCurrencies,2026-08-25 21:15:00,2026-08-25 13:15:13,2026-08-25T13:26:30.214116+00:00,1.3445,,1.3273,,MAS,1.2958637836208924,
standardized,dbs,INR,SGD,INR/SGD,100,SGD 50 – 200,amtBtw50And200,SGD 50 – 200,std_50_200,otherCurrencies,2026-08-25 21:15:00,2026-08-25 13:15:13,2026-08-25T13:26:30.214116+00:00,1.3445,,1.3273,,MAS,1.2958637836208924,
standardized,dbs,INR,SGD,INR/SGD,100,SGD < 50,amtLessThan50,SGD < 50,std_lt_50,otherCurrencies,2026-08-25 21:15:00,2026-08-25 13:15:13,2026-08-25T13:26:30.214116+00:00,1.3552,,1.3273,,MAS,2.1020116025013214,
standardized,dbs,JPY,SGD,JPY/SGD,100,SGD 50 – 200,amtBtw50And200,"SGD 200 – 39,999.99",std_200_40k,mainCurrencies,2026-08-25 21:15:00,2026-08-25 13:15:13,2026-08-25T13:26:30.214116+00:00,0.8057,0.7896,0.7976000000000001,0.79765,MAS,1.0155466399197448,1.0030090270812584
standardized,dbs,JPY,SGD,JPY/SGD,100,SGD 50 – 200,amtBtw50And200,"SGD 40,000 – 100,000",std_40k_100k,mainCurrencies,2026-08-25 21:15:00,2026-08-25 13:15:13,2026-08-25T13:26:30.214116+00:00,0.8057,0.7896,0.7976000000000001,0.79765,MAS,1.0155466399197448,1.0030090270812584
standardized,dbs,JPY,SGD,JPY/SGD,100,SGD 50 – 200,amtBtw50And200,SGD 50 – 200,std_50_200,mainCurrencies,2026-08-25 21:15:00,2026-08-25 13:15:13,2026-08-25T13:26:30.214116+00:00,0.8057,0.7896,0.7976000000000001,0.79765,MAS,1.0155466399197448,1.0030090270812584
standardized,dbs,JPY,SGD,JPY/SGD,100,SGD < 50,amtLessThan50,SGD < 50,std_lt_50,mainCurrencies,2026-08-25 21:15:00,2026-08-25 13:15:13,2026-08-25T13:26:30.214116+00:00,0.8065,0.7888,0.7976000000000001,0.79765,MAS,1.115847542627872,1.1033099297893856
standardized,dbs,KRW,SGD,KRW/SGD,100,SGD 50 – 200,amtBtw50And200,"SGD 200 – 39,999.99",std_200_40k,otherCurrencies,2026-08-25 21:15:00,2026-08-25 13:15:13,2026-08-25T13:26:30.214116+00:00,0.0929,,0.0918,,MAS,1.1982570806100106,
standardized,dbs,KRW,SGD,KRW/SGD,100,SGD 50 – 200,amtBtw50And200,"SGD 40,000 – 100,000",std_40k_100k,otherCurrencies,2026-08-25 21:15:00,2026-08-25 13:15:13,2026-08-25T13:26:30.214116+00:00,0.0929,,0.0918,,MAS,1.1982570806100106,
standardized,dbs,KRW,SGD,KRW/SGD,100,SGD 50 – 200,amtBtw50And200,SGD 50 – 200,std_50_200,otherCurrencies,2026-08-25 21:15:00,2026-08-25 13:15:13,2026-08-25T13:26:30.214116+00:00,0.0929,,0.0918,,MAS,1.1982570806100106,
standardized,dbs,KRW,SGD,KRW/SGD,100,SGD < 50,amtLessThan50,SGD < 50,std_lt_50,otherCurrencies,2026-08-25 21:15:00,2026-08-25 13:15:13,2026-08-25T13:26:30.214116+00:00,0.0929,,0.0918,,MAS,1.1982570806100106,
standardized,dbs,KWD,SGD,KWD/SGD,100,SGD 50 – 200,amtBtw50And200,"SGD 200 – 39,999.99",std_200_40k,otherCurrencies,2026-08-25 21:15:00,2026-08-25 13:15:13,2026-08-25T13:26:30.214116+00:00,421.9087,,,,,,
standardized,dbs,KWD,SGD,KWD/SGD,100,SGD 50 – 200,amtBtw50And200,"SGD 40,000 – 100,000",std_40k_100k,otherCurrencies,2026-08-25 21:15:00,2026-08-25 13:15:13,2026-08-25T13:26:30.214116+00:00,421.9087,,,,,,
standardized,dbs,KWD,SGD,KWD/SGD,100,SGD 50 – 200,amtBtw50And200,SGD 50 – 200,std_50_200,otherCurrencies,2026-08-25 21:15:00,2026-08-25 13:15:13,2026-08-25T13:26:30.214116+00:00,421.9087,,,,,,
standardized,dbs,KWD,SGD,KWD/SGD,100,SGD < 50,amtLessThan50,SGD < 50,std_lt_50,otherCurrencies,2026-08-25 21:15:00,2026-08-25 13:15:13,2026-08-25T13:26:30.214116+00:00,423.5757,,,,,,
standardized,dbs,LKR,SGD,LKR/SGD,100,SGD 50 – 200,amtBtw50And200,"SGD 200 – 39,999.99",std_200_40k,otherCurrencies,2026-08-25 21:15:00,2026-08-25 13:15:13,2026-08-25T13:26:30.214116+00:00,0.394,,,,,,
standardized,dbs,LKR,SGD,LKR/SGD,100,SGD 50 – 200,amtBtw50And200,"SGD 40,000 – 100,000",std_40k_100k,otherCurrencies,2026-08-25 21:15:00,2026-08-25 13:15:13,2026-08-25T13:26:30.214116+00:00,0.394,,,,,,
standardized,dbs,LKR,SGD,LKR/SGD,100,SGD 50 – 200,amtBtw50And200,SGD 50 – 200,std_50_200,otherCurrencies,2026-08-25 21:15:00,2026-08-25 13:15:13,2026-08-25T13:26:30.214116+00:00,0.394,,,,,,
standardized,dbs,LKR,SGD,LKR/SGD,100,SGD < 50,amtLessThan50,SGD < 50,std_lt_50,otherCurrencies,2026-08-25 21:15:00,2026-08-25 13:15:13,2026-08-25T13:26:30.214116+00:00,0.394,,,,,,
standardized,dbs,MM1,SGD,MM1/SGD,100,SGD 50 – 200,amtBtw50And200,"SGD 200 – 39,999.99",std_200_40k,otherCurrencies,2026-08-25 21:15:00,2026-08-25 13:15:13,2026-08-25T13:26:30.214116+00:00,,,,,,,
standardized,dbs,MM1,SGD,MM1/SGD,100,SGD 50 – 200,amtBtw50And200,"SGD 40,000 – 100,000",std_40k_100k,otherCurrencies,2026-08-25 21:15:00,2026-08-25 13:15:13,2026-08-25T13:26:30.214116+00:00,,,,,,,
standardized,dbs,MM1,SGD,MM1/SGD,100,SGD 50 – 200,amtBtw50And200,SGD 50 – 200,std_50_200,otherCurrencies,2026-08-25 21:15:00,2026-08-25 13:15:13,2026-08-25T13:26:30.214116+00:00,,,,,,,
standardized,dbs,MM1,SGD,MM1/SGD,100,SGD < 50,amtLessThan50,SGD < 50,std_lt_50,otherCurrencies,2026-08-25 21:15:00,2026-08-25 13:15:13,2026-08-25T13:26:30.214116+00:00,,,,,,,
standardized,dbs,MMK,SGD,MMK/SGD,100,SGD 50 – 200,amtBtw50And200,"SGD 200 – 39,999.99",std_200_40k,otherCurrencies,2026-08-25 21:15:00,2026-08-25 13:15:13,2026-08-25T13:26:30.214116+00:00,0.0324,,,,,,
standardized,dbs,MMK,SGD,MMK/SGD,100,SGD 50 – 200,amtBtw50And200,"SGD 40,000 – 100,000",std_40k_100k,otherCurrencies,2026-08-25 21:15:00,2026-08-25 13:15:13,2026-08-25T13:26:30.214116+00:00,0.0324,,,,,,
standardized,dbs,MMK,SGD,MMK/SGD,100,SGD 50 – 200,amtBtw50And200,SGD 50 – 200,std_50_200,otherCurrencies,2026-08-25 21:15:00,2026-08-25 13:15:13,2026-08-25T13:26:30.214116+00:00,0.0324,,,,,,
standardized,dbs,MMK,SGD,MMK/SGD,100,SGD < 50,amtLessThan50,SGD < 50,std_lt_50,otherCurrencies,2026-08-25 21:15:00,2026-08-25 13:15:13,2026-08-25T13:26:30.214116+00:00,0.0324,,,,,,
standardized,dbs,MUR,SGD,MUR/SGD,100,SGD 50 – 200,amtBtw50And200,"SGD 200 – 39,999.99",std_200_40k,otherCurrencies,2026-08-25 21:15:00,2026-08-25 13:15:13,2026-08-25T13:26:30.214116+00:00,2.7327,,,,,,
standardized,dbs,MUR,SGD,MUR/SGD,100,SGD 50 – 200,amtBtw50And200,"SGD 40,000 – 100,000",std_40k_100k,otherCurrencies,2026-08-25 21:15:00,2026-08-25 13:15:13,2026-08-25T13:26:30.214116+00:00,2.7327,,,,,,
standardized,dbs,MUR,SGD,MUR/SGD,100,SGD 50 – 200,amtBtw50And200,SGD 50 – 200,std_50_200,otherCurrencies,2026-08-25 21:15:00,2026-08-25 13:15:13,2026-08-25T13:26:30.214116+00:00,2.7327,,,,,,
standardized,dbs,MUR,SGD,MUR/SGD,100,SGD < 50,amtLessThan50,SGD < 50,std_lt_50,otherCurrencies,2026-08-25 21:15:00,2026-08-25 13:15:13,2026-08-25T13:26:30.214116+00:00,2.7435,,,,,,
standardized,dbs,MXN,SGD,MXN/SGD,100,SGD 50 – 200,amtBtw50And200,"SGD 200 – 39,999.99",std_200_40k,mainCurrencies,2026-08-25 21:15:00,2026-08-25 13:15:13,2026-08-25T13:26:30.214116+00:00,7.6068,,,,,,
standardized,dbs,MXN,SGD,MXN/SGD,100,SGD 50 – 200,amtBtw50And200,"SGD 40,000 – 100,000",std_40k_100k,mainCurrencies,2026-08-25 21:15:00,2026-08-25 13:15:13,2026-08-25T13:26:30.214116+00:00,7.6068,,,,,,
standardized,dbs,MXN,SGD,MXN/SGD,100,SGD 50 – 200,amtBtw50And200,SGD 50 – 200,std_50_200,mainCurrencies,2026-08-25 21:15:00,2026-08-25 13:15:13,2026-08-25T13:26:30.214116+00:00,7.6068,,,,,,
standardized,dbs,MXN,SGD,MXN/SGD,100,SGD < 50,amtLessThan50,SGD < 50,std_lt_50,mainCurrencies,2026-08-25 21:15:00,2026-08-25 13:15:13,2026-08-25T13:26:30.214116+00:00,7.6106,,,,,,
standardized,dbs,MY0,SGD,MY0/SGD,1,SGD 50 – 200,amtBtw50And200,"SGD 200 – 39,999.99",std_200_40k,otherCurrencies,2026-08-25 21:15:00,2026-08-25 13:15:13,2026-08-25T13:26:30.214116+00:00,,0.3134,,,,,
standardized,dbs,MY0,SGD,MY0/SGD,1,SGD 50 – 200,amtBtw50And200,"SGD 40,000 – 100,000",std_40k_100k,otherCurrencies,2026-08-25 21:15:00,2026-08-25 13:15:13,2026-08-25T13:26:30.214116+00:00,,0.3134,,,,,
standardized,dbs,MY0,SGD,MY0/SGD,1,SGD 50 – 200,amtBtw50And200,SGD 50 – 200,std_50_200,otherCurrencies,2026-08-25 21:15:00,2026-08-25 13:15:13,2026-08-25T13:26:30.214116+00:00,,0.3134,,,,,
standardized,dbs,MY0,SGD,MY0/SGD,1,SGD < 50,amtLessThan50,SGD < 50,std_lt_50,otherCurrencies,2026-08-25 21:15:00,2026-08-25 13:15:13,2026-08-25T13:26:30.214116+00:00,,0.3134,,,,,
standardized,dbs,MYR,SGD,MYR/SGD,1,SGD 50 – 200,amtBtw50And200,"SGD 200 – 39,999.99",std_200_40k,otherCurrencies,2026-08-25 21:15:00,2026-08-25 13:15:13,2026-08-25T13:26:30.214116+00:00,0.3179,,0.314,,MAS,1.2420382165605142,
standardized,dbs,MYR,SGD,MYR/SGD,1,SGD 50 – 200,amtBtw50And200,"SGD 40,000 – 100,000",std_40k_100k,otherCurrencies,2026-08-25 21:15:00,2026-08-25 13:15:13,2026-08-25T13:26:30.214116+00:00,0.3179,,0.314,,MAS,1.2420382165605142,
standardized,dbs,MYR,SGD,MYR/SGD,1,SGD 50 – 200,amtBtw50And200,SGD 50 – 200,std_50_200,otherCurrencies,2026-08-25 21:15:00,2026-08-25 13:15:13,2026-08-25T13:26:30.214116+00:00,0.3179,,0.314,,MAS,1.2420382165605142,
standardized,dbs,MYR,SGD,MYR/SGD,1,SGD < 50,amtLessThan50,SGD < 50,std_lt_50,otherCurrencies,2026-08-25 21:15:00,2026-08-25 13:15:13,2026-08-25T13:26:30.214116+00:00,0.3179,,0.314,,MAS,1.2420382165605142,
standardized,dbs,NOK,SGD,NOK/SGD,1,SGD 50 – 200,amtBtw50And200,"SGD 200 – 39,999.99",std_200_40k,mainCurrencies,2026-08-25 21:15:00,2026-08-25 13:15:13,2026-08-25T13:26:30.214116+00:00,0.1381,0.1343,,0.1362,,,
standardized,dbs,NOK,SGD,NOK/SGD,1,SGD 50 – 200,amtBtw50And200,"SGD 40,000 – 100,000",std_40k_100k,mainCurrencies,2026-08-25 21:15:00,2026-08-25 13:15:13,2026-08-25T13:26:30.214116+00:00,0.1381,0.1343,,0.1362,,,
standardized,dbs,NOK,SGD,NOK/SGD,1,SGD 50 – 200,amtBtw50And200,SGD 50 – 200,std_50_200,mainCurrencies,2026-08-25 21:15:00,2026-08-25 13:15:13,2026-08-25T13:26:30.214116+00:00,0.1381,0.1343,,0.1362,,,
standardized,dbs,NOK,SGD,NOK/SGD,1,SGD < 50,amtLessThan50,SGD < 50,std_lt_50,mainCurrencies,2026-08-25 21:15:00,2026-08-25 13:15:13,2026-08-25T13:26:30.214116+00:00,0.1385,0.1339,,0.1362,,,
standardized,dbs,NZD,SGD,NZD/SGD,1,SGD 50 – 200,amtBtw50And200,"SGD 200 – 39,999.99",std_200_40k,mainCurrencies,2026-08-25 21:15:00,2026-08-25 13:15:13,2026-08-25T13:26:30.214116+00:00,0.7665,0.7489,0.7573000000000001,0.7577,MAS,1.2148422025617158,1.1092037501650698
standardized,dbs,NZD,SGD,NZD/SGD,1,SGD 50 – 200,amtBtw50And200,"SGD 40,000 – 100,000",std_40k_100k,mainCurrencies,2026-08-25 21:15:00,2026-08-25 13:15:13,2026-08-25T13:26:30.214116+00:00,0.7665,0.7489,0.7573000000000001,0.7577,MAS,1.2148422025617158,1.1092037501650698
standardized,dbs,NZD,SGD,NZD/SGD,1,SGD 50 – 200,amtBtw50And200,SGD 50 – 200,std_50_200,mainCurrencies,2026-08-25 21:15:00,2026-08-25 13:15:13,2026-08-25T13:26:30.214116+00:00,0.7665,0.7489,0.7573000000000001,0.7577,MAS,1.2148422025617158,1.1092037501650698
standardized,dbs,NZD,SGD,NZD/SGD,1,SGD < 50,amtLessThan50,SGD < 50,std_lt_50,mainCurrencies,2026-08-25 21:15:00,2026-08-25 13:15:13,2026-08-25T13:26:30.214116+00:00,0.7672,0.7481,0.7573000000000001,0.7576499999999999,MAS,1.3072758484088085,1.2148422025617451
standardized,dbs,OMR,SGD,OMR/SGD,1,SGD 50 – 200,amtBtw50And200,"SGD 200 – 39,999.99",std_200_40k,otherCurrencies,2026-08-25 21:15:00,2026-08-25 13:15:13,2026-08-25T13:26:30.214116+00:00,3.3239,,,,,,
standardized,dbs,OMR,SGD,OMR/SGD,1,SGD 50 – 200,amtBtw50And200,"SGD 40,000 – 100,000",std_40k_100k,otherCurrencies,2026-08-25 21:15:00,2026-08-25 13:15:13,2026-08-25T13:26:30.214116+00:00,3.3239,,,,,,
standardized,dbs,OMR,SGD,OMR/SGD,1,SGD 50 – 200,amtBtw50And200,SGD 50 – 200,std_50_200,otherCurrencies,2026-08-25 21:15:00,2026-08-25 13:15:13,2026-08-25T13:26:30.214116+00:00,3.3239,,,,,,
standardized,dbs,OMR,SGD,OMR/SGD,1,SGD < 50,amtLessThan50,SGD < 50,std_lt_50,otherCurrencies,2026-08-25 21:15:00,2026-08-25 13:15:13,2026-08-25T13:26:30.214116+00:00,3.3239,,,,,,
standardized,dbs,PH0,SGD,PH0/SGD,100,SGD 50 – 200,amtBtw50And200,"SGD 200 – 39,999.99",std_200_40k,otherCurrencies,2026-08-25 21:15:00,2026-08-25 13:15:13,2026-08-25T13:26:30.214116+00:00,,2.0495,,,,,
standardized,dbs,PH0,SGD,PH0/SGD,100,SGD 50 – 200,amtBtw50And200,"SGD 40,000 – 100,000",std_40k_100k,otherCurrencies,2026-08-25 21:15:00,2026-08-25 13:15:13,2026-08-25T13:26:30.214116+00:00,,2.0495,,,,,
standardized,dbs,PH0,SGD,PH0/SGD,100,SGD 50 – 200,amtBtw50And200,SGD 50 – 200,std_50_200,otherCurrencies,2026-08-25 21:15:00,2026-08-25 13:15:13,2026-08-25T13:26:30.214116+00:00,,2.0495,,,,,
standardized,dbs,PH0,SGD,PH0/SGD,100,SGD < 50,amtLessThan50,SGD < 50,std_lt_50,otherCurrencies,2026-08-25 21:15:00,2026-08-25 13:15:13,2026-08-25T13:26:30.214116+00:00,,2.0495,,,,,
standardized,dbs,PHP,SGD,PHP/SGD,100,SGD 50 – 200,amtBtw50And200,"SGD 200 – 39,999.99",std_200_40k,otherCurrencies,2026-08-25 21:15:00,2026-08-25 13:15:13,2026-08-25T13:26:30.214116+00:00,2.0821,,2.0593,,MAS,1.1071723401155806,
standardized,dbs,PHP,SGD,PHP/SGD,100,SGD 50 – 200,amtBtw50And200,"SGD 40,000 – 100,000",std_40k_100k,otherCurrencies,2026-08-25 21:15:00,2026-08-25 13:15:13,2026-08-25T13:26:30.214116+00:00,2.0821,,2.0593,,MAS,1.1071723401155806,
standardized,dbs,PHP,SGD,PHP/SGD,100,SGD 50 – 200,amtBtw50And200,SGD 50 – 200,std_50_200,otherCurrencies,2026-08-25 21:15:00,2026-08-25 13:15:13,2026-08-25T13:26:30.214116+00:00,2.0821,,2.0593,,MAS,1.1071723401155806,
standardized,dbs,PHP,SGD,PHP/SGD,100,SGD < 50,amtLessThan50,SGD < 50,std_lt_50,otherCurrencies,2026-08-25 21:15:00,2026-08-25 13:15:13,2026-08-25T13:26:30.214116+00:00,2.0977,,2.0593,,MAS,1.8647113096683443,
standardized,dbs,PLN,SGD,PLN/SGD,1,SGD 50 – 200,amtBtw50And200,"SGD 200 – 39,999.99",std_200_40k,otherCurrencies,2026-08-25 21:15:00,2026-08-25 13:15:13,2026-08-25T13:26:30.214116+00:00,0.3505,,,,,,
standardized,dbs,PLN,SGD,PLN/SGD,1,SGD 50 – 200,amtBtw50And200,"SGD 40,000 – 100,000",std_40k_100k,otherCurrencies,2026-08-25 21:15:00,2026-08-25 13:15:13,2026-08-25T13:26:30.214116+00:00,0.3505,,,,,,
standardized,dbs,PLN,SGD,PLN/SGD,1,SGD 50 – 200,amtBtw50And200,SGD 50 – 200,std_50_200,otherCurrencies,2026-08-25 21:15:00,2026-08-25 13:15:13,2026-08-25T13:26:30.214116+00:00,0.3505,,,,,,
standardized,dbs,PLN,SGD,PLN/SGD,1,SGD < 50,amtLessThan50,SGD < 50,std_lt_50,otherCurrencies,2026-08-25 21:15:00,2026-08-25 13:15:13,2026-08-25T13:26:30.214116+00:00,0.3519,,,,,,
standardized,dbs,QAR,SGD,QAR/SGD,1,SGD 50 – 200,amtBtw50And200,"SGD 200 – 39,999.99",std_200_40k,otherCurrencies,2026-08-25 21:15:00,2026-08-25 13:15:13,2026-08-25T13:26:30.214116+00:00,0.3561,,0.3486,,MAS,2.1514629948364905,
standardized,dbs,QAR,SGD,QAR/SGD,1,SGD 50 – 200,amtBtw50And200,"SGD 40,000 – 100,000",std_40k_100k,otherCurrencies,2026-08-25 21:15:00,2026-08-25 13:15:13,2026-08-25T13:26:30.214116+00:00,0.3561,,0.3486,,MAS,2.1514629948364905,
standardized,dbs,QAR,SGD,QAR/SGD,1,SGD 50 – 200,amtBtw50And200,SGD 50 – 200,std_50_200,otherCurrencies,2026-08-25 21:15:00,2026-08-25 13:15:13,2026-08-25T13:26:30.214116+00:00,0.3561,,0.3486,,MAS,2.1514629948364905,
standardized,dbs,QAR,SGD,QAR/SGD,1,SGD < 50,amtLessThan50,SGD < 50,std_lt_50,otherCurrencies,2026-08-25 21:15:00,2026-08-25 13:15:13,2026-08-25T13:26:30.214116+00:00,0.3575,,0.3486,,MAS,2.5530694205392894,
standardized,dbs,RUB,SGD,RUB/SGD,100,SGD 50 – 200,amtBtw50And200,"SGD 200 – 39,999.99",std_200_40k,mainCurrencies,2026-08-25 21:15:00,2026-08-25 13:15:13,2026-08-25T13:26:30.214116+00:00,,,,,,,
standardized,dbs,RUB,SGD,RUB/SGD,100,SGD 50 – 200,amtBtw50And200,"SGD 40,000 – 100,000",std_40k_100k,mainCurrencies,2026-08-25 21:15:00,2026-08-25 13:15:13,2026-08-25T13:26:30.214116+00:00,,,,,,,
standardized,dbs,RUB,SGD,RUB/SGD,100,SGD 50 – 200,amtBtw50And200,SGD 50 – 200,std_50_200,mainCurrencies,2026-08-25 21:15:00,2026-08-25 13:15:13,2026-08-25T13:26:30.214116+00:00,,,,,,,
standardized,dbs,RUB,SGD,RUB/SGD,100,SGD < 50,amtLessThan50,SGD < 50,std_lt_50,mainCurrencies,2026-08-25 21:15:00,2026-08-25 13:15:13,2026-08-25T13:26:30.214116+00:00,,,,,,,
standardized,dbs,SAR,SGD,SAR/SGD,100,SGD 50 – 200,amtBtw50And200,"SGD 200 – 39,999.99",std_200_40k,otherCurrencies,2026-08-25 21:15:00,2026-08-25 13:15:13,2026-08-25T13:26:30.214116+00:00,34.2419,,33.84,,MAS,1.187647754137109,
standardized,dbs,SAR,SGD,SAR/SGD,100,SGD 50 – 200,amtBtw50And200,"SGD 40,000 – 100,000",std_40k_100k,otherCurrencies,2026-08-25 21:15:00,2026-08-25 13:15:13,2026-08-25T13:26:30.214116+00:00,34.2419,,33.84,,MAS,1.187647754137109,
standardized,dbs,SAR,SGD,SAR/SGD,100,SGD 50 – 200,amtBtw50And200,SGD 50 – 200,std_50_200,otherCurrencies,2026-08-25 21:15:00,2026-08-25 13:15:13,2026-08-25T13:26:30.214116+00:00,34.2419,,33.84,,MAS,1.187647754137109,
standardized,dbs,SAR,SGD,SAR/SGD,100,SGD < 50,amtLessThan50,SGD < 50,std_lt_50,otherCurrencies,2026-08-25 21:15:00,2026-08-25 13:15:13,2026-08-25T13:26:30.214116+00:00,34.2425,,33.84,,MAS,1.1894208037824947,
standardized,dbs,SEK,SGD,SEK/SGD,1,SGD 50 – 200,amtBtw50And200,"SGD 200 – 39,999.99",std_200_40k,mainCurrencies,2026-08-25 21:15:00,2026-08-25 13:15:13,2026-08-25T13:26:30.214116+00:00,0.1359,0.1323,,0.1341,,,
standardized,dbs,SEK,SGD,SEK/SGD,1,SGD 50 – 200,amtBtw50And200,"SGD 40,000 – 100,000",std_40k_100k,mainCurrencies,2026-08-25 21:15:00,2026-08-25 13:15:13,2026-08-25T13:26:30.214116+00:00,0.1359,0.1323,,0.1341,,,
standardized,dbs,SEK,SGD,SEK/SGD,1,SGD 50 – 200,amtBtw50And200,SGD 50 – 200,std_50_200,mainCurrencies,2026-08-25 21:15:00,2026-08-25 13:15:13,2026-08-25T13:26:30.214116+00:00,0.1359,0.1323,,0.1341,,,
standardized,dbs,SEK,SGD,SEK/SGD,1,SGD < 50,amtLessThan50,SGD < 50,std_lt_50,mainCurrencies,2026-08-25 21:15:00,2026-08-25 13:15:13,2026-08-25T13:26:30.214116+00:00,0.1365,0.1318,,0.13415,,,
standardized,dbs,THB,SGD,THB/SGD,100,SGD 50 – 200,amtBtw50And200,"SGD 200 – 39,999.99",std_200_40k,mainCurrencies,2026-08-25 21:15:00,2026-08-25 13:15:13,2026-08-25T13:26:30.214116+00:00,3.9352,3.8238,3.88,3.8795,MAS,1.4226804123711376,1.4484536082474235
standardized,dbs,THB,SGD,THB/SGD,100,SGD 50 – 200,amtBtw50And200,"SGD 40,000 – 100,000",std_40k_100k,mainCurrencies,2026-08-25 21:15:00,2026-08-25 13:15:13,2026-08-25T13:26:30.214116+00:00,3.9352,3.8238,3.88,3.8795,MAS,1.4226804123711376,1.4484536082474235
standardized,dbs,THB,SGD,THB/SGD,100,SGD 50 – 200,amtBtw50And200,SGD 50 – 200,std_50_200,mainCurrencies,2026-08-25 21:15:00,2026-08-25 13:15:13,2026-08-25T13:26:30.214116+00:00,3.9352,3.8238,3.88,3.8795,MAS,1.4226804123711376,1.4484536082474235
standardized,dbs,THB,SGD,THB/SGD,100,SGD < 50,amtLessThan50,SGD < 50,std_lt_50,mainCurrencies,2026-08-25 21:15:00,2026-08-25 13:15:13,2026-08-25T13:26:30.214116+00:00,3.9395,3.8196,3.88,3.87955,MAS,1.5335051546391725,1.5567010309278353
standardized,dbs,TND,SGD,TND/SGD,1,SGD 50 – 200,amtBtw50And200,"SGD 200 – 39,999.99",std_200_40k,otherCurrencies,2026-08-25 21:15:00,2026-08-25 13:15:13,2026-08-25T13:26:30.214116+00:00,0.444,,,,,,
standardized,dbs,TND,SGD,TND/SGD,1,SGD 50 – 200,amtBtw50And200,"SGD 40,000 – 100,000",std_40k_100k,otherCurrencies,2026-08-25 21:15:00,2026-08-25 13:15:13,2026-08-25T13:26:30.214116+00:00,0.444,,,,,,
standardized,dbs,TND,SGD,TND/SGD,1,SGD 50 – 200,amtBtw50And200,SGD 50 – 200,std_50_200,otherCurrencies,2026-08-25 21:15:00,2026-08-25 13:15:13,2026-08-25T13:26:30.214116+00:00,0.444,,,,,,
standardized,dbs,TND,SGD,TND/SGD,1,SGD < 50,amtLessThan50,SGD < 50,std_lt_50,otherCurrencies,2026-08-25 21:15:00,2026-08-25 13:15:13,2026-08-25T13:26:30.214116+00:00,0.444,,,,,,
standardized,dbs,TWD,SGD,TWD/SGD,100,SGD 50 – 200,amtBtw50And200,"SGD 200 – 39,999.99",std_200_40k,otherCurrencies,2026-08-25 21:15:00,2026-08-25 13:15:13,2026-08-25T13:26:30.214116+00:00,4.0324,,3.9849,,MAS,1.1919997992421358,
standardized,dbs,TWD,SGD,TWD/SGD,100,SGD 50 – 200,amtBtw50And200,"SGD 40,000 – 100,000",std_40k_100k,otherCurrencies,2026-08-25 21:15:00,2026-08-25 13:15:13,2026-08-25T13:26:30.214116+00:00,4.0324,,3.9849,,MAS,1.1919997992421358,
standardized,dbs,TWD,SGD,TWD/SGD,100,SGD 50 – 200,amtBtw50And200,SGD 50 – 200,std_50_200,otherCurrencies,2026-08-25 21:15:00,2026-08-25 13:15:13,2026-08-25T13:26:30.214116+00:00,4.0324,,3.9849,,MAS,1.1919997992421358,
standardized,dbs,TWD,SGD,TWD/SGD,100,SGD < 50,amtLessThan50,SGD < 50,std_lt_50,otherCurrencies,2026-08-25 21:15:00,2026-08-25 13:15:13,2026-08-25T13:26:30.214116+00:00,4.0364,,3.9849,,MAS,1.292378729704643,
standardized,dbs,USD,SGD,USD/SGD,1,SGD 50 – 200,amtBtw50And200,"SGD 200 – 39,999.99",std_200_40k,mainCurrencies,2026-08-25 21:15:00,2026-08-25 13:15:13,2026-08-25T13:26:30.214116+00:00,1.2791,1.2605,1.2707,1.2698,MAS,0.6610529629338131,0.8027071692767757
standardized,dbs,USD,SGD,USD/SGD,1,SGD 50 – 200,amtBtw50And200,"SGD 40,000 – 100,000",std_40k_100k,mainCurrencies,2026-08-25 21:15:00,2026-08-25 13:15:13,2026-08-25T13:26:30.214116+00:00,1.2791,1.2605,1.2707,1.2698,MAS,0.6610529629338131,0.8027071692767757
standardized,dbs,USD,SGD,USD/SGD,1,SGD 50 – 200,amtBtw50And200,SGD 50 – 200,std_50_200,mainCurrencies,2026-08-25 21:15:00,2026-08-25 13:15:13,2026-08-25T13:26:30.214116+00:00,1.2791,1.2605,1.2707,1.2698,MAS,0.6610529629338131,0.8027071692767757
standardized,dbs,USD,SGD,USD/SGD,1,SGD < 50,amtLessThan50,SGD < 50,std_lt_50,mainCurrencies,2026-08-25 21:15:00,2026-08-25 13:15:13,2026-08-25T13:26:30.214116+00:00,1.28,1.2596,1.2707,1.2698,MAS,0.7318800661053031,0.8735342724482481
standardized,dbs,VND,SGD,VND/SGD,100,SGD 50 – 200,amtBtw50And200,"SGD 200 – 39,999.99",std_200_40k,otherCurrencies,2026-08-25 21:15:00,2026-08-25 13:15:13,2026-08-25T13:26:30.214116+00:00,0.005,,0.004864,,MAS,2.796052631578944,
standardized,dbs,VND,SGD,VND/SGD,100,SGD 50 – 200,amtBtw50And200,"SGD 40,000 – 100,000",std_40k_100k,otherCurrencies,2026-08-25 21:15:00,2026-08-25 13:15:13,2026-08-25T13:26:30.214116+00:00,0.005,,0.004864,,MAS,2.796052631578944,
standardized,dbs,VND,SGD,VND/SGD,100,SGD 50 – 200,amtBtw50And200,SGD 50 – 200,std_50_200,otherCurrencies,2026-08-25 21:15:00,2026-08-25 13:15:13,2026-08-25T13:26:30.214116+00:00,0.005,,0.004864,,MAS,2.796052631578944,
standardized,dbs,VND,SGD,VND/SGD,100,SGD < 50,amtLessThan50,SGD < 50,std_lt_50,otherCurrencies,2026-08-25 21:15:00,2026-08-25 13:15:13,2026-08-25T13:26:30.214116+00:00,0.005,,0.004864,,MAS,2.796052631578944,
standardized,dbs,XAU,SGD,XAU/SGD,1,SGD 50 – 200,amtBtw50And200,"SGD 200 – 39,999.99",std_200_40k,otherCurrencies,2026-08-25 21:15:00,2026-08-25 13:15:13,2026-08-25T13:26:30.214116+00:00,5904.792,5833.525,,5869.1585,,,
standardized,dbs,XAU,SGD,XAU/SGD,1,SGD 50 – 200,amtBtw50And200,"SGD 40,000 – 100,000",std_40k_100k,otherCurrencies,2026-08-25 21:15:00,2026-08-25 13:15:13,2026-08-25T13:26:30.214116+00:00,5904.792,5833.525,,5869.1585,,,
standardized,dbs,XAU,SGD,XAU/SGD,1,SGD 50 – 200,amtBtw50And200,SGD 50 – 200,std_50_200,otherCurrencies,2026-08-25 21:15:00,2026-08-25 13:15:13,2026-08-25T13:26:30.214116+00:00,5904.792,5833.525,,5869.1585,,,
standardized,dbs,XAU,SGD,XAU/SGD,1,SGD < 50,amtLessThan50,SGD < 50,std_lt_50,otherCurrencies,2026-08-25 21:15:00,2026-08-25 13:15:13,2026-08-25T13:26:30.214116+00:00,5904.737,5833.214,,5868.9755000000005,,,
standardized,dbs,ZAR,SGD,ZAR/SGD,1,SGD 50 – 200,amtBtw50And200,"SGD 200 – 39,999.99",std_200_40k,otherCurrencies,2026-08-25 21:15:00,2026-08-25 13:15:13,2026-08-25T13:26:30.214116+00:00,0.0805,0.0786,,0.07955000000000001,,,
standardized,dbs,ZAR,SGD,ZAR/SGD,1,SGD 50 – 200,amtBtw50And200,"SGD 40,000 – 100,000",std_40k_100k,otherCurrencies,2026-08-25 21:15:00,2026-08-25 13:15:13,2026-08-25T13:26:30.214116+00:00,0.0805,0.0786,,0.07955000000000001,,,
standardized,dbs,ZAR,SGD,ZAR/SGD,1,SGD 50 – 200,amtBtw50And200,SGD 50 – 200,std_50_200,otherCurrencies,2026-08-25 21:15:00,2026-08-25 13:15:13,2026-08-25T13:26:30.214116+00:00,0.0805,0.0786,,0.07955000000000001,,,
standardized,dbs,ZAR,SGD,ZAR/SGD,1,SGD < 50,amtLessThan50,SGD < 50,std_lt_50,otherCurrencies,2026-08-25 21:15:00,2026-08-25 13:15:13,2026-08-25T13:26:30.214116+00:00,0.0809,0.0783,,0.0796,,,
standardized,hsbc,AED,SGD,AED/SGD,100,Indicative board,board,"SGD 200 – 39,999.99",std_200_40k,indicative_fx,2026-8-25,2026-8-25,2026-08-25T13:26:34.138465+00:00,35.7,33.45,34.6,34.575,MAS,3.179190751445091,3.3236994219653133
standardized,hsbc,AED,SGD,AED/SGD,100,Indicative board,board,"SGD 40,000 – 100,000",std_40k_100k,indicative_fx,2026-8-25,2026-8-25,2026-08-25T13:26:34.138465+00:00,35.7,33.45,34.6,34.575,MAS,3.179190751445091,3.3236994219653133
standardized,hsbc,AED,SGD,AED/SGD,100,Indicative board,board,SGD 50 – 200,std_50_200,indicative_fx,2026-8-25,2026-8-25,2026-08-25T13:26:34.138465+00:00,35.7,33.45,34.6,34.575,MAS,3.179190751445091,3.3236994219653133
standardized,hsbc,AED,SGD,AED/SGD,100,Indicative board,board,SGD < 50,std_lt_50,indicative_fx,2026-8-25,2026-8-25,2026-08-25T13:26:34.138465+00:00,35.7,33.45,34.6,34.575,MAS,3.179190751445091,3.3236994219653133
standardized,hsbc,AUD,SGD,AUD/SGD,1,Indicative board,board,"SGD 200 – 39,999.99",std_200_40k,indicative_fx,2026-8-25,2026-8-25,2026-08-25T13:26:34.138465+00:00,0.9361,0.8814,0.9087000000000001,0.90875,MAS,3.0152965775283347,3.004291845493573
standardized,hsbc,AUD,SGD,AUD/SGD,1,Indicative board,board,"SGD 40,000 – 100,000",std_40k_100k,indicative_fx,2026-8-25,2026-8-25,2026-08-25T13:26:34.138465+00:00,0.9361,0.8814,0.9087000000000001,0.90875,MAS,3.0152965775283347,3.004291845493573
standardized,hsbc,AUD,SGD,AUD/SGD,1,Indicative board,board,SGD 50 – 200,std_50_200,indicative_fx,2026-8-25,2026-8-25,2026-08-25T13:26:34.138465+00:00,0.9361,0.8814,0.9087000000000001,0.90875,MAS,3.0152965775283347,3.004291845493573
standardized,hsbc,AUD,SGD,AUD/SGD,1,Indicative board,board,SGD < 50,std_lt_50,indicative_fx,2026-8-25,2026-8-25,2026-08-25T13:26:34.138465+00:00,0.9361,0.8814,0.9087000000000001,0.90875,MAS,3.0152965775283347,3.004291845493573
standardized,hsbc,CAD,SGD,CAD/SGD,1,Indicative board,board,"SGD 200 – 39,999.99",std_200_40k,indicative_fx,2026-8-25,2026-8-25,2026-08-25T13:26:34.138465+00:00,0.9449,0.8897,0.9172,0.9173,MAS,3.0200610553859515,2.9982555604012178
standardized,hsbc,CAD,SGD,CAD/SGD,1,Indicative board,board,"SGD 40,000 – 100,000",std_40k_100k,indicative_fx,2026-8-25,2026-8-25,2026-08-25T13:26:34.138465+00:00,0.9449,0.8897,0.9172,0.9173,MAS,3.0200610553859515,2.9982555604012178
standardized,hsbc,CAD,SGD,CAD/SGD,1,Indicative board,board,SGD 50 – 200,std_50_200,indicative_fx,2026-8-25,2026-8-25,2026-08-25T13:26:34.138465+00:00,0.9449,0.8897,0.9172,0.9173,MAS,3.0200610553859515,2.9982555604012178
standardized,hsbc,CAD,SGD,CAD/SGD,1,Indicative board,board,SGD < 50,std_lt_50,indicative_fx,2026-8-25,2026-8-25,2026-08-25T13:26:34.138465+00:00,0.9449,0.8897,0.9172,0.9173,MAS,3.0200610553859515,2.9982555604012178
standardized,hsbc,CHF,SGD,CHF/SGD,100,Indicative board,board,"SGD 200 – 39,999.99",std_200_40k,indicative_fx,2026-8-25,2026-8-25,2026-08-25T13:26:34.138465+00:00,163.04,153.51,158.14,158.27499999999998,MAS,3.0985202984697144,2.9277855065132132
standardized,hsbc,CHF,SGD,CHF/SGD,100,Indicative board,board,"SGD 40,000 – 100,000",std_40k_100k,indicative_fx,2026-8-25,2026-8-25,2026-08-25T13:26:34.138465+00:00,163.04,153.51,158.14,158.27499999999998,MAS,3.0985202984697144,2.9277855065132132
standardized,hsbc,CHF,SGD,CHF/SGD,100,Indicative board,board,SGD 50 – 200,std_50_200,indicative_fx,2026-8-25,2026-8-25,2026-08-25T13:26:34.138465+00:00,163.04,153.51,158.14,158.27499999999998,MAS,3.0985202984697144,2.9277855065132132
standardized,hsbc,CHF,SGD,CHF/SGD,100,Indicative board,board,SGD < 50,std_lt_50,indicative_fx,2026-8-25,2026-8-25,2026-08-25T13:26:34.138465+00:00,163.04,153.51,158.14,158.27499999999998,MAS,3.0985202984697144,2.9277855065132132
standardized,hsbc,CNY,SGD,CNY/SGD,100,Indicative board,board,"SGD 200 – 39,999.99",std_200_40k,indicative_fx,2026-8-25,2026-8-25,2026-08-25T13:26:34.138465+00:00,19.51,18.28,18.9,18.895000000000003,MAS,3.2275132275132434,3.2804232804232667
standardized,hsbc,CNY,SGD,CNY/SGD,100,Indicative board,board,"SGD 40,000 – 100,000",std_40k_100k,indicative_fx,2026-8-25,2026-8-25,2026-08-25T13:26:34.138465+00:00,19.51,18.28,18.9,18.895000000000003,MAS,3.2275132275132434,3.2804232804232667
standardized,hsbc,CNY,SGD,CNY/SGD,100,Indicative board,board,SGD 50 – 200,std_50_200,indicative_fx,2026-8-25,2026-8-25,2026-08-25T13:26:34.138465+00:00,19.51,18.28,18.9,18.895000000000003,MAS,3.2275132275132434,3.2804232804232667
standardized,hsbc,CNY,SGD,CNY/SGD,100,Indicative board,board,SGD < 50,std_lt_50,indicative_fx,2026-8-25,2026-8-25,2026-08-25T13:26:34.138465+00:00,19.51,18.28,18.9,18.895000000000003,MAS,3.2275132275132434,3.2804232804232667
standardized,hsbc,DKK,SGD,DKK/SGD,100,Indicative board,board,"SGD 200 – 39,999.99",std_200_40k,indicative_fx,2026-8-25,2026-8-25,2026-08-25T13:26:34.138465+00:00,20.42,19.23,,19.825000000000003,,,
standardized,hsbc,DKK,SGD,DKK/SGD,100,Indicative board,board,"SGD 40,000 – 100,000",std_40k_100k,indicative_fx,2026-8-25,2026-8-25,2026-08-25T13:26:34.138465+00:00,20.42,19.23,,19.825000000000003,,,
standardized,hsbc,DKK,SGD,DKK/SGD,100,Indicative board,board,SGD 50 – 200,std_50_200,indicative_fx,2026-8-25,2026-8-25,2026-08-25T13:26:34.138465+00:00,20.42,19.23,,19.825000000000003,,,
standardized,hsbc,DKK,SGD,DKK/SGD,100,Indicative board,board,SGD < 50,std_lt_50,indicative_fx,2026-8-25,2026-8-25,2026-08-25T13:26:34.138465+00:00,20.42,19.23,,19.825000000000003,,,
standardized,hsbc,EUR,SGD,EUR/SGD,1,Indicative board,board,"SGD 200 – 39,999.99",std_200_40k,indicative_fx,2026-8-25,2026-8-25,2026-08-25T13:26:34.138465+00:00,1.5264,1.4373,1.4818,1.4818500000000001,MAS,3.0098528816304473,3.0031043325684967
standardized,hsbc,EUR,SGD,EUR/SGD,1,Indicative board,board,"SGD 40,000 – 100,000",std_40k_100k,indicative_fx,2026-8-25,2026-8-25,2026-08-25T13:26:34.138465+00:00,1.5264,1.4373,1.4818,1.4818500000000001,MAS,3.0098528816304473,3.0031043325684967
standardized,hsbc,EUR,SGD,EUR/SGD,1,Indicative board,board,SGD 50 – 200,std_50_200,indicative_fx,2026-8-25,2026-8-25,2026-08-25T13:26:34.138465+00:00,1.5264,1.4373,1.4818,1.4818500000000001,MAS,3.0098528816304473,3.0031043325684967
standardized,hsbc,EUR,SGD,EUR/SGD,1,Indicative board,board,SGD < 50,std_lt_50,indicative_fx,2026-8-25,2026-8-25,2026-08-25T13:26:34.138465+00:00,1.5264,1.4373,1.4818,1.4818500000000001,MAS,3.0098528816304473,3.0031043325684967
standardized,hsbc,FJD,SGD,FJD/SGD,1,Indicative board,board,"SGD 200 – 39,999.99",std_200_40k,indicative_fx,2026-8-25,2026-8-25,2026-08-25T13:26:34.138465+00:00,0.6048,,,,,,
standardized,hsbc,FJD,SGD,FJD/SGD,1,Indicative board,board,"SGD 40,000 – 100,000",std_40k_100k,indicative_fx,2026-8-25,2026-8-25,2026-08-25T13:26:34.138465+00:00,0.6048,,,,,,
standardized,hsbc,FJD,SGD,FJD/SGD,1,Indicative board,board,SGD 50 – 200,std_50_200,indicative_fx,2026-8-25,2026-8-25,2026-08-25T13:26:34.138465+00:00,0.6048,,,,,,
standardized,hsbc,FJD,SGD,FJD/SGD,1,Indicative board,board,SGD < 50,std_lt_50,indicative_fx,2026-8-25,2026-8-25,2026-08-25T13:26:34.138465+00:00,0.6048,,,,,,
standardized,hsbc,GBP,SGD,GBP/SGD,1,Indicative board,board,"SGD 200 – 39,999.99",std_200_40k,indicative_fx,2026-8-25,2026-8-25,2026-08-25T13:26:34.138465+00:00,1.7841,1.6799,1.7318,1.732,MAS,3.0199792123801834,2.9968818570273736
standardized,hsbc,GBP,SGD,GBP/SGD,1,Indicative board,board,"SGD 40,000 – 100,000",std_40k_100k,indicative_fx,2026-8-25,2026-8-25,2026-08-25T13:26:34.138465+00:00,1.7841,1.6799,1.7318,1.732,MAS,3.0199792123801834,2.9968818570273736
standardized,hsbc,GBP,SGD,GBP/SGD,1,Indicative board,board,SGD 50 – 200,std_50_200,indicative_fx,2026-8-25,2026-8-25,2026-08-25T13:26:34.138465+00:00,1.7841,1.6799,1.7318,1.732,MAS,3.0199792123801834,2.9968818570273736
standardized,hsbc,GBP,SGD,GBP/SGD,1,Indicative board,board,SGD < 50,std_lt_50,indicative_fx,2026-8-25,2026-8-25,2026-08-25T13:26:34.138465+00:00,1.7841,1.6799,1.7318,1.732,MAS,3.0199792123801834,2.9968818570273736
standardized,hsbc,HKD,SGD,HKD/SGD,100,Indicative board,board,"SGD 200 – 39,999.99",std_200_40k,indicative_fx,2026-8-25,2026-8-25,2026-08-25T13:26:34.138465+00:00,16.41,16.0,16.21,16.205,MAS,1.233806292412087,1.295496607032701
standardized,hsbc,HKD,SGD,HKD/SGD,100,Indicative board,board,"SGD 40,000 – 100,000",std_40k_100k,indicative_fx,2026-8-25,2026-8-25,2026-08-25T13:26:34.138465+00:00,16.41,16.0,16.21,16.205,MAS,1.233806292412087,1.295496607032701
standardized,hsbc,HKD,SGD,HKD/SGD,100,Indicative board,board,SGD 50 – 200,std_50_200,indicative_fx,2026-8-25,2026-8-25,2026-08-25T13:26:34.138465+00:00,16.41,16.0,16.21,16.205,MAS,1.233806292412087,1.295496607032701
standardized,hsbc,HKD,SGD,HKD/SGD,100,Indicative board,board,SGD < 50,std_lt_50,indicative_fx,2026-8-25,2026-8-25,2026-08-25T13:26:34.138465+00:00,16.41,16.0,16.21,16.205,MAS,1.233806292412087,1.295496607032701
standardized,hsbc,IDR,SGD,IDR/SGD,100,Indicative board,board,"SGD 200 – 39,999.99",std_200_40k,indicative_fx,2026-8-25,2026-8-25,2026-08-25T13:26:34.138465+00:00,0.0074,,0.007175,,MAS,3.1358885017421656,
standardized,hsbc,IDR,SGD,IDR/SGD,100,Indicative board,board,"SGD 40,000 – 100,000",std_40k_100k,indicative_fx,2026-8-25,2026-8-25,2026-08-25T13:26:34.138465+00:00,0.0074,,0.007175,,MAS,3.1358885017421656,
standardized,hsbc,IDR,SGD,IDR/SGD,100,Indicative board,board,SGD 50 – 200,std_50_200,indicative_fx,2026-8-25,2026-8-25,2026-08-25T13:26:34.138465+00:00,0.0074,,0.007175,,MAS,3.1358885017421656,
standardized,hsbc,IDR,SGD,IDR/SGD,100,Indicative board,board,SGD < 50,std_lt_50,indicative_fx,2026-8-25,2026-8-25,2026-08-25T13:26:34.138465+00:00,0.0074,,0.007175,,MAS,3.1358885017421656,
standardized,hsbc,INR,SGD,INR/SGD,100,Indicative board,board,"SGD 200 – 39,999.99",std_200_40k,indicative_fx,2026-8-25,2026-8-25,2026-08-25T13:26:34.138465+00:00,1.37,,1.3273,,MAS,3.2170571837565123,
standardized,hsbc,INR,SGD,INR/SGD,100,Indicative board,board,"SGD 40,000 – 100,000",std_40k_100k,indicative_fx,2026-8-25,2026-8-25,2026-08-25T13:26:34.138465+00:00,1.37,,1.3273,,MAS,3.2170571837565123,
standardized,hsbc,INR,SGD,INR/SGD,100,Indicative board,board,SGD 50 – 200,std_50_200,indicative_fx,2026-8-25,2026-8-25,2026-08-25T13:26:34.138465+00:00,1.37,,1.3273,,MAS,3.2170571837565123,
standardized,hsbc,INR,SGD,INR/SGD,100,Indicative board,board,SGD < 50,std_lt_50,indicative_fx,2026-8-25,2026-8-25,2026-08-25T13:26:34.138465+00:00,1.37,,1.3273,,MAS,3.2170571837565123,
standardized,hsbc,JPY,SGD,JPY/SGD,100,Indicative board,board,"SGD 200 – 39,999.99",std_200_40k,indicative_fx,2026-8-25,2026-8-25,2026-08-25T13:26:34.138465+00:00,0.822,0.774,0.7976000000000001,0.798,MAS,3.0591775325977766,2.958876629889677
standardized,hsbc,JPY,SGD,JPY/SGD,100,Indicative board,board,"SGD 40,000 – 100,000",std_40k_100k,indicative_fx,2026-8-25,2026-8-25,2026-08-25T13:26:34.138465+00:00,0.822,0.774,0.7976000000000001,0.798,MAS,3.0591775325977766,2.958876629889677
standardized,hsbc,JPY,SGD,JPY/SGD,100,Indicative board,board,SGD 50 – 200,std_50_200,indicative_fx,2026-8-25,2026-8-25,2026-08-25T13:26:34.138465+00:00,0.822,0.774,0.7976000000000001,0.798,MAS,3.0591775325977766,2.958876629889677
standardized,hsbc,JPY,SGD,JPY/SGD,100,Indicative board,board,SGD < 50,std_lt_50,indicative_fx,2026-8-25,2026-8-25,2026-08-25T13:26:34.138465+00:00,0.822,0.774,0.7976000000000001,0.798,MAS,3.0591775325977766,2.958876629889677
standardized,hsbc,LKR,SGD,LKR/SGD,100,Indicative board,board,"SGD 200 – 39,999.99",std_200_40k,indicative_fx,2026-8-25,2026-8-25,2026-08-25T13:26:34.138465+00:00,0.4,,,,,,
standardized,hsbc,LKR,SGD,LKR/SGD,100,Indicative board,board,"SGD 40,000 – 100,000",std_40k_100k,indicative_fx,2026-8-25,2026-8-25,2026-08-25T13:26:34.138465+00:00,0.4,,,,,,
standardized,hsbc,LKR,SGD,LKR/SGD,100,Indicative board,board,SGD 50 – 200,std_50_200,indicative_fx,2026-8-25,2026-8-25,2026-08-25T13:26:34.138465+00:00,0.4,,,,,,
standardized,hsbc,LKR,SGD,LKR/SGD,100,Indicative board,board,SGD < 50,std_lt_50,indicative_fx,2026-8-25,2026-8-25,2026-08-25T13:26:34.138465+00:00,0.4,,,,,,
standardized,hsbc,MUR,SGD,MUR/SGD,100,Indicative board,board,"SGD 200 – 39,999.99",std_200_40k,indicative_fx,2026-8-25,2026-8-25,2026-08-25T13:26:34.138465+00:00,2.82,2.62,,2.7199999999999998,,,
standardized,hsbc,MUR,SGD,MUR/SGD,100,Indicative board,board,"SGD 40,000 – 100,000",std_40k_100k,indicative_fx,2026-8-25,2026-8-25,2026-08-25T13:26:34.138465+00:00,2.82,2.62,,2.7199999999999998,,,
standardized,hsbc,MUR,SGD,MUR/SGD,100,Indicative board,board,SGD 50 – 200,std_50_200,indicative_fx,2026-8-25,2026-8-25,2026-08-25T13:26:34.138465+00:00,2.82,2.62,,2.7199999999999998,,,
standardized,hsbc,MUR,SGD,MUR/SGD,100,Indicative board,board,SGD < 50,std_lt_50,indicative_fx,2026-8-25,2026-8-25,2026-08-25T13:26:34.138465+00:00,2.82,2.62,,2.7199999999999998,,,
standardized,hsbc,NOK,SGD,NOK/SGD,100,Indicative board,board,"SGD 200 – 39,999.99",std_200_40k,indicative_fx,2026-8-25,2026-8-25,2026-08-25T13:26:34.138465+00:00,14.06,13.23,,13.645,,,
standardized,hsbc,NOK,SGD,NOK/SGD,100,Indicative board,board,"SGD 40,000 – 100,000",std_40k_100k,indicative_fx,2026-8-25,2026-8-25,2026-08-25T13:26:34.138465+00:00,14.06,13.23,,13.645,,,
standardized,hsbc,NOK,SGD,NOK/SGD,100,Indicative board,board,SGD 50 – 200,std_50_200,indicative_fx,2026-8-25,2026-8-25,2026-08-25T13:26:34.138465+00:00,14.06,13.23,,13.645,,,
standardized,hsbc,NOK,SGD,NOK/SGD,100,Indicative board,board,SGD < 50,std_lt_50,indicative_fx,2026-8-25,2026-8-25,2026-08-25T13:26:34.138465+00:00,14.06,13.23,,13.645,,,
standardized,hsbc,NZD,SGD,NZD/SGD,1,Indicative board,board,"SGD 200 – 39,999.99",std_200_40k,indicative_fx,2026-8-25,2026-8-25,2026-08-25T13:26:34.138465+00:00,0.7804,0.7347,0.7573000000000001,0.75755,MAS,3.0503103129539015,2.9842862802060033
standardized,hsbc,NZD,SGD,NZD/SGD,1,Indicative board,board,"SGD 40,000 – 100,000",std_40k_100k,indicative_fx,2026-8-25,2026-8-25,2026-08-25T13:26:34.138465+00:00,0.7804,0.7347,0.7573000000000001,0.75755,MAS,3.0503103129539015,2.9842862802060033
standardized,hsbc,NZD,SGD,NZD/SGD,1,Indicative board,board,SGD 50 – 200,std_50_200,indicative_fx,2026-8-25,2026-8-25,2026-08-25T13:26:34.138465+00:00,0.7804,0.7347,0.7573000000000001,0.75755,MAS,3.0503103129539015,2.9842862802060033
standardized,hsbc,NZD,SGD,NZD/SGD,1,Indicative board,board,SGD < 50,std_lt_50,indicative_fx,2026-8-25,2026-8-25,2026-08-25T13:26:34.138465+00:00,0.7804,0.7347,0.7573000000000001,0.75755,MAS,3.0503103129539015,2.9842862802060033
standardized,hsbc,PHP,SGD,PHP/SGD,100,Indicative board,board,"SGD 200 – 39,999.99",std_200_40k,indicative_fx,2026-8-25,2026-8-25,2026-08-25T13:26:34.138465+00:00,2.13,,2.0593,,MAS,3.4332054581653955,
standardized,hsbc,PHP,SGD,PHP/SGD,100,Indicative board,board,"SGD 40,000 – 100,000",std_40k_100k,indicative_fx,2026-8-25,2026-8-25,2026-08-25T13:26:34.138465+00:00,2.13,,2.0593,,MAS,3.4332054581653955,
standardized,hsbc,PHP,SGD,PHP/SGD,100,Indicative board,board,SGD 50 – 200,std_50_200,indicative_fx,2026-8-25,2026-8-25,2026-08-25T13:26:34.138465+00:00,2.13,,2.0593,,MAS,3.4332054581653955,
standardized,hsbc,PHP,SGD,PHP/SGD,100,Indicative board,board,SGD < 50,std_lt_50,indicative_fx,2026-8-25,2026-8-25,2026-08-25T13:26:34.138465+00:00,2.13,,2.0593,,MAS,3.4332054581653955,
standardized,hsbc,PKR,SGD,PKR/SGD,100,Indicative board,board,"SGD 200 – 39,999.99",std_200_40k,indicative_fx,2026-8-25,2026-8-25,2026-08-25T13:26:34.138465+00:00,0.47,,,,,,
standardized,hsbc,PKR,SGD,PKR/SGD,100,Indicative board,board,"SGD 40,000 – 100,000",std_40k_100k,indicative_fx,2026-8-25,2026-8-25,2026-08-25T13:26:34.138465+00:00,0.47,,,,,,
standardized,hsbc,PKR,SGD,PKR/SGD,100,Indicative board,board,SGD 50 – 200,std_50_200,indicative_fx,2026-8-25,2026-8-25,2026-08-25T13:26:34.138465+00:00,0.47,,,,,,
standardized,hsbc,PKR,SGD,PKR/SGD,100,Indicative board,board,SGD < 50,std_lt_50,indicative_fx,2026-8-25,2026-8-25,2026-08-25T13:26:34.138465+00:00,0.47,,,,,,
standardized,hsbc,QAR,SGD,QAR/SGD,100,Indicative board,board,"SGD 200 – 39,999.99",std_200_40k,indicative_fx,2026-8-25,2026-8-25,2026-08-25T13:26:34.138465+00:00,35.27,34.4,34.86,34.835,MAS,1.1761331038439578,1.3195639701663824
standardized,hsbc,QAR,SGD,QAR/SGD,100,Indicative board,board,"SGD 40,000 – 100,000",std_40k_100k,indicative_fx,2026-8-25,2026-8-25,2026-08-25T13:26:34.138465+00:00,35.27,34.4,34.86,34.835,MAS,1.1761331038439578,1.3195639701663824
standardized,hsbc,QAR,SGD,QAR/SGD,100,Indicative board,board,SGD 50 – 200,std_50_200,indicative_fx,2026-8-25,2026-8-25,2026-08-25T13:26:34.138465+00:00,35.27,34.4,34.86,34.835,MAS,1.1761331038439578,1.3195639701663824
standardized,hsbc,QAR,SGD,QAR/SGD,100,Indicative board,board,SGD < 50,std_lt_50,indicative_fx,2026-8-25,2026-8-25,2026-08-25T13:26:34.138465+00:00,35.27,34.4,34.86,34.835,MAS,1.1761331038439578,1.3195639701663824
standardized,hsbc,RUB,SGD,RUB/SGD,100,Indicative board,board,"SGD 200 – 39,999.99",std_200_40k,indicative_fx,2026-8-25,2026-8-25,2026-08-25T13:26:34.138465+00:00,15.79,14.5,,15.145,,,
standardized,hsbc,RUB,SGD,RUB/SGD,100,Indicative board,board,"SGD 40,000 – 100,000",std_40k_100k,indicative_fx,2026-8-25,2026-8-25,2026-08-25T13:26:34.138465+00:00,15.79,14.5,,15.145,,,
standardized,hsbc,RUB,SGD,RUB/SGD,100,Indicative board,board,SGD 50 – 200,std_50_200,indicative_fx,2026-8-25,2026-8-25,2026-08-25T13:26:34.138465+00:00,15.79,14.5,,15.145,,,
standardized,hsbc,RUB,SGD,RUB/SGD,100,Indicative board,board,SGD < 50,std_lt_50,indicative_fx,2026-8-25,2026-8-25,2026-08-25T13:26:34.138465+00:00,15.79,14.5,,15.145,,,
standardized,hsbc,SAR,SGD,SAR/SGD,100,Indicative board,board,"SGD 200 – 39,999.99",std_200_40k,indicative_fx,2026-8-25,2026-8-25,2026-08-25T13:26:34.138465+00:00,34.25,33.4,33.84,33.825,MAS,1.2115839243498716,1.3002364066193994
standardized,hsbc,SAR,SGD,SAR/SGD,100,Indicative board,board,"SGD 40,000 – 100,000",std_40k_100k,indicative_fx,2026-8-25,2026-8-25,2026-08-25T13:26:34.138465+00:00,34.25,33.4,33.84,33.825,MAS,1.2115839243498716,1.3002364066193994
standardized,hsbc,SAR,SGD,SAR/SGD,100,Indicative board,board,SGD 50 – 200,std_50_200,indicative_fx,2026-8-25,2026-8-25,2026-08-25T13:26:34.138465+00:00,34.25,33.4,33.84,33.825,MAS,1.2115839243498716,1.3002364066193994
standardized,hsbc,SAR,SGD,SAR/SGD,100,Indicative board,board,SGD < 50,std_lt_50,indicative_fx,2026-8-25,2026-8-25,2026-08-25T13:26:34.138465+00:00,34.25,33.4,33.84,33.825,MAS,1.2115839243498716,1.3002364066193994
standardized,hsbc,SEK,SGD,SEK/SGD,100,Indicative board,board,"SGD 200 – 39,999.99",std_200_40k,indicative_fx,2026-8-25,2026-8-25,2026-08-25T13:26:34.138465+00:00,13.79,12.98,,13.385,,,
standardized,hsbc,SEK,SGD,SEK/SGD,100,Indicative board,board,"SGD 40,000 – 100,000",std_40k_100k,indicative_fx,2026-8-25,2026-8-25,2026-08-25T13:26:34.138465+00:00,13.79,12.98,,13.385,,,
standardized,hsbc,SEK,SGD,SEK/SGD,100,Indicative board,board,SGD 50 – 200,std_50_200,indicative_fx,2026-8-25,2026-8-25,2026-08-25T13:26:34.138465+00:00,13.79,12.98,,13.385,,,
standardized,hsbc,SEK,SGD,SEK/SGD,100,Indicative board,board,SGD < 50,std_lt_50,indicative_fx,2026-8-25,2026-8-25,2026-08-25T13:26:34.138465+00:00,13.79,12.98,,13.385,,,
standardized,hsbc,THB,SGD,THB/SGD,100,Indicative board,board,"SGD 200 – 39,999.99",std_200_40k,indicative_fx,2026-8-25,2026-8-25,2026-08-25T13:26:34.138465+00:00,4.01,,3.88,,MAS,3.3505154639175228,
standardized,hsbc,THB,SGD,THB/SGD,100,Indicative board,board,"SGD 40,000 – 100,000",std_40k_100k,indicative_fx,2026-8-25,2026-8-25,2026-08-25T13:26:34.138465+00:00,4.01,,3.88,,MAS,3.3505154639175228,
standardized,hsbc,THB,SGD,THB/SGD,100,Indicative board,board,SGD 50 – 200,std_50_200,indicative_fx,2026-8-25,2026-8-25,2026-08-25T13:26:34.138465+00:00,4.01,,3.88,,MAS,3.3505154639175228,
standardized,hsbc,THB,SGD,THB/SGD,100,Indicative board,board,SGD < 50,std_lt_50,indicative_fx,2026-8-25,2026-8-25,2026-08-25T13:26:34.138465+00:00,4.01,,3.88,,MAS,3.3505154639175228,
standardized,hsbc,TRY,SGD,TRY/SGD,1,Indicative board,board,"SGD 200 – 39,999.99",std_200_40k,indicative_fx,2026-8-25,2026-8-25,2026-08-25T13:26:34.138465+00:00,0.0273,,,,,,
standardized,hsbc,TRY,SGD,TRY/SGD,1,Indicative board,board,"SGD 40,000 – 100,000",std_40k_100k,indicative_fx,2026-8-25,2026-8-25,2026-08-25T13:26:34.138465+00:00,0.0273,,,,,,
standardized,hsbc,TRY,SGD,TRY/SGD,1,Indicative board,board,SGD 50 – 200,std_50_200,indicative_fx,2026-8-25,2026-8-25,2026-08-25T13:26:34.138465+00:00,0.0273,,,,,,
standardized,hsbc,TRY,SGD,TRY/SGD,1,Indicative board,board,SGD < 50,std_lt_50,indicative_fx,2026-8-25,2026-8-25,2026-08-25T13:26:34.138465+00:00,0.0273,,,,,,
standardized,hsbc,USD,SGD,USD/SGD,1,Indicative board,board,"SGD 200 – 39,999.99",std_200_40k,indicative_fx,2026-8-25,2026-8-25,2026-08-25T13:26:34.138465+00:00,1.2953,1.2444,1.2707,1.26985,MAS,1.9359408200204578,2.0697253482332565
standardized,hsbc,USD,SGD,USD/SGD,1,Indicative board,board,"SGD 40,000 – 100,000",std_40k_100k,indicative_fx,2026-8-25,2026-8-25,2026-08-25T13:26:34.138465+00:00,1.2953,1.2444,1.2707,1.26985,MAS,1.9359408200204578,2.0697253482332565
standardized,hsbc,USD,SGD,USD/SGD,1,Indicative board,board,SGD 50 – 200,std_50_200,indicative_fx,2026-8-25,2026-8-25,2026-08-25T13:26:34.138465+00:00,1.2953,1.2444,1.2707,1.26985,MAS,1.9359408200204578,2.0697253482332565
standardized,hsbc,USD,SGD,USD/SGD,1,Indicative board,board,SGD < 50,std_lt_50,indicative_fx,2026-8-25,2026-8-25,2026-08-25T13:26:34.138465+00:00,1.2953,1.2444,1.2707,1.26985,MAS,1.9359408200204578,2.0697253482332565
standardized,hsbc,ZAR,SGD,ZAR/SGD,1,Indicative board,board,"SGD 200 – 39,999.99",std_200_40k,indicative_fx,2026-8-25,2026-8-25,2026-08-25T13:26:34.138465+00:00,0.0819,0.0767,,0.07930000000000001,,,
standardized,hsbc,ZAR,SGD,ZAR/SGD,1,Indicative board,board,"SGD 40,000 – 100,000",std_40k_100k,indicative_fx,2026-8-25,2026-8-25,2026-08-25T13:26:34.138465+00:00,0.0819,0.0767,,0.07930000000000001,,,
standardized,hsbc,ZAR,SGD,ZAR/SGD,1,Indicative board,board,SGD 50 – 200,std_50_200,indicative_fx,2026-8-25,2026-8-25,2026-08-25T13:26:34.138465+00:00,0.0819,0.0767,,0.07930000000000001,,,
standardized,hsbc,ZAR,SGD,ZAR/SGD,1,Indicative board,board,SGD < 50,std_lt_50,indicative_fx,2026-8-25,2026-8-25,2026-08-25T13:26:34.138465+00:00,0.0819,0.0767,,0.07930000000000001,,,
standardized,ocbc,AED,SGD,AED/SGD,100,"SGD 0 – 39,999.99",tier_1,"SGD 200 – 39,999.99",std_200_40k,fxRatesSgd,2026-08-25T07:00:15,2026-08-25T07:00:15,2026-08-25T13:26:31.837578+00:00,35.4813,33.4743,34.6,34.4778,MAS,2.5471098265895837,3.2534682080924906
standardized,ocbc,AED,SGD,AED/SGD,100,"SGD 40,000 – 100,000",tier_2,"SGD 40,000 – 100,000",std_40k_100k,fxRatesSgd,2026-08-25T07:00:15,2026-08-25T07:00:15,2026-08-25T13:26:31.837578+00:00,35.4709,33.4914,34.6,34.4778,MAS,2.517052023121384,3.204046242774574
standardized,ocbc,AED,SGD,AED/SGD,100,"SGD 0 – 39,999.99",tier_1,SGD 50 – 200,std_50_200,fxRatesSgd,2026-08-25T07:00:15,2026-08-25T07:00:15,2026-08-25T13:26:31.837578+00:00,35.4813,33.4743,34.6,34.4778,MAS,2.5471098265895837,3.2534682080924906
standardized,ocbc,AED,SGD,AED/SGD,100,"SGD 0 – 39,999.99",tier_1,SGD < 50,std_lt_50,fxRatesSgd,2026-08-25T07:00:15,2026-08-25T07:00:15,2026-08-25T13:26:31.837578+00:00,35.4813,33.4743,34.6,34.4778,MAS,2.5471098265895837,3.2534682080924906
standardized,ocbc,AUD,SGD,AUD/SGD,1,"SGD 0 – 39,999.99",tier_1,"SGD 200 – 39,999.99",std_200_40k,fxRatesSgd,2026-08-25T07:00:15,2026-08-25T07:00:15,2026-08-25T13:26:31.837578+00:00,0.9252,0.8959,0.9087000000000001,0.9106,MAS,1.8157807857378627,1.4086057004511976
standardized,ocbc,AUD,SGD,AUD/SGD,1,"SGD 40,000 – 100,000",tier_2,"SGD 40,000 – 100,000",std_40k_100k,fxRatesSgd,2026-08-25T07:00:15,2026-08-25T07:00:15,2026-08-25T13:26:31.837578+00:00,0.9234,0.8977,0.9087000000000001,0.9106,MAS,1.6176956091119108,1.2105205238252459
standardized,ocbc,AUD,SGD,AUD/SGD,1,"SGD 0 – 39,999.99",tier_1,SGD 50 – 200,std_50_200,fxRatesSgd,2026-08-25T07:00:15,2026-08-25T07:00:15,2026-08-25T13:26:31.837578+00:00,0.9252,0.8959,0.9087000000000001,0.9106,MAS,1.8157807857378627,1.4086057004511976
standardized,ocbc,AUD,SGD,AUD/SGD,1,"SGD 0 – 39,999.99",tier_1,SGD < 50,std_lt_50,fxRatesSgd,2026-08-25T07:00:15,2026-08-25T07:00:15,2026-08-25T13:26:31.837578+00:00,0.9252,0.8959,0.9087000000000001,0.9106,MAS,1.8157807857378627,1.4086057004511976
standardized,ocbc,BGN,SGD,BGN/SGD,100,"SGD 0 – 39,999.99",tier_1,"SGD 200 – 39,999.99",std_200_40k,fxRatesSgd,2026-08-25T07:00:15,2026-08-25T07:00:15,2026-08-25T13:26:31.837578+00:00,0.0,0.0,,0.0,,,
standardized,ocbc,BGN,SGD,BGN/SGD,100,"SGD 40,000 – 100,000",tier_2,"SGD 40,000 – 100,000",std_40k_100k,fxRatesSgd,2026-08-25T07:00:15,2026-08-25T07:00:15,2026-08-25T13:26:31.837578+00:00,0.0,0.0,,0.0,,,
standardized,ocbc,BGN,SGD,BGN/SGD,100,"SGD 0 – 39,999.99",tier_1,SGD 50 – 200,std_50_200,fxRatesSgd,2026-08-25T07:00:15,2026-08-25T07:00:15,2026-08-25T13:26:31.837578+00:00,0.0,0.0,,0.0,,,
standardized,ocbc,BGN,SGD,BGN/SGD,100,"SGD 0 – 39,999.99",tier_1,SGD < 50,std_lt_50,fxRatesSgd,2026-08-25T07:00:15,2026-08-25T07:00:15,2026-08-25T13:26:31.837578+00:00,0.0,0.0,,0.0,,,
standardized,ocbc,BHD,SGD,BHD/SGD,1,"SGD 0 – 39,999.99",tier_1,"SGD 200 – 39,999.99",std_200_40k,fxRatesSgd,2026-08-25T07:00:15,2026-08-25T07:00:15,2026-08-25T13:26:31.837578+00:00,0.0,0.0,,0.0,,,
standardized,ocbc,BHD,SGD,BHD/SGD,1,"SGD 40,000 – 100,000",tier_2,"SGD 40,000 – 100,000",std_40k_100k,fxRatesSgd,2026-08-25T07:00:15,2026-08-25T07:00:15,2026-08-25T13:26:31.837578+00:00,0.0,0.0,,0.0,,,
standardized,ocbc,BHD,SGD,BHD/SGD,1,"SGD 0 – 39,999.99",tier_1,SGD 50 – 200,std_50_200,fxRatesSgd,2026-08-25T07:00:15,2026-08-25T07:00:15,2026-08-25T13:26:31.837578+00:00,0.0,0.0,,0.0,,,
standardized,ocbc,BHD,SGD,BHD/SGD,1,"SGD 0 – 39,999.99",tier_1,SGD < 50,std_lt_50,fxRatesSgd,2026-08-25T07:00:15,2026-08-25T07:00:15,2026-08-25T13:26:31.837578+00:00,0.0,0.0,,0.0,,,
standardized,ocbc,CAD,SGD,CAD/SGD,1,"SGD 0 – 39,999.99",tier_1,"SGD 200 – 39,999.99",std_200_40k,fxRatesSgd,2026-08-25T07:00:15,2026-08-25T07:00:15,2026-08-25T13:26:31.837578+00:00,0.9333,0.9001,0.9172,0.9167,MAS,1.7553423462712607,1.8643698211949418
standardized,ocbc,CAD,SGD,CAD/SGD,1,"SGD 40,000 – 100,000",tier_2,"SGD 40,000 – 100,000",std_40k_100k,fxRatesSgd,2026-08-25T07:00:15,2026-08-25T07:00:15,2026-08-25T13:26:31.837578+00:00,0.9314,0.9019,0.9172,0.9167,MAS,1.548190143916266,1.6681203663323134
standardized,ocbc,CAD,SGD,CAD/SGD,1,"SGD 0 – 39,999.99",tier_1,SGD 50 – 200,std_50_200,fxRatesSgd,2026-08-25T07:00:15,2026-08-25T07:00:15,2026-08-25T13:26:31.837578+00:00,0.9333,0.9001,0.9172,0.9167,MAS,1.7553423462712607,1.8643698211949418
standardized,ocbc,CAD,SGD,CAD/SGD,1,"SGD 0 – 39,999.99",tier_1,SGD < 50,std_lt_50,fxRatesSgd,2026-08-25T07:00:15,2026-08-25T07:00:15,2026-08-25T13:26:31.837578+00:00,0.9333,0.9001,0.9172,0.9167,MAS,1.7553423462712607,1.8643698211949418
standardized,ocbc,CHF,SGD,CHF/SGD,100,"SGD 0 – 39,999.99",tier_1,"SGD 200 – 39,999.99",std_200_40k,fxRatesSgd,2026-08-25T07:00:15,2026-08-25T07:00:15,2026-08-25T13:26:31.837578+00:00,161.1188,155.3856,158.14,158.2522,MAS,1.8836474010370603,1.741747818388754
standardized,ocbc,CHF,SGD,CHF/SGD,100,"SGD 40,000 – 100,000",tier_2,"SGD 40,000 – 100,000",std_40k_100k,fxRatesSgd,2026-08-25T07:00:15,2026-08-25T07:00:15,2026-08-25T13:26:31.837578+00:00,160.8022,155.7021,158.14,158.2522,MAS,1.6834450486910415,1.5416087011508695
standardized,ocbc,CHF,SGD,CHF/SGD,100,"SGD 0 – 39,999.99",tier_1,SGD 50 – 200,std_50_200,fxRatesSgd,2026-08-25T07:00:15,2026-08-25T07:00:15,2026-08-25T13:26:31.837578+00:00,161.1188,155.3856,158.14,158.2522,MAS,1.8836474010370603,1.741747818388754
standardized,ocbc,CHF,SGD,CHF/SGD,100,"SGD 0 – 39,999.99",tier_1,SGD < 50,std_lt_50,fxRatesSgd,2026-08-25T07:00:15,2026-08-25T07:00:15,2026-08-25T13:26:31.837578+00:00,161.1188,155.3856,158.14,158.2522,MAS,1.8836474010370603,1.741747818388754
standardized,ocbc,CNH,SGD,CNH/SGD,100,"SGD 0 – 39,999.99",tier_1,"SGD 200 – 39,999.99",std_200_40k,fxRatesSgd,2026-08-25T07:00:15,2026-08-25T07:00:15,2026-08-25T13:26:31.837578+00:00,19.2462,18.6771,,18.9617,,,
standardized,ocbc,CNH,SGD,CNH/SGD,100,"SGD 40,000 – 100,000",tier_2,"SGD 40,000 – 100,000",std_40k_100k,fxRatesSgd,2026-08-25T07:00:15,2026-08-25T07:00:15,2026-08-25T13:26:31.837578+00:00,19.2273,18.696,,18.9617,,,
standardized,ocbc,CNH,SGD,CNH/SGD,100,"SGD 0 – 39,999.99",tier_1,SGD 50 – 200,std_50_200,fxRatesSgd,2026-08-25T07:00:15,2026-08-25T07:00:15,2026-08-25T13:26:31.837578+00:00,19.2462,18.6771,,18.9617,,,
standardized,ocbc,CNH,SGD,CNH/SGD,100,"SGD 0 – 39,999.99",tier_1,SGD < 50,std_lt_50,fxRatesSgd,2026-08-25T07:00:15,2026-08-25T07:00:15,2026-08-25T13:26:31.837578+00:00,19.2462,18.6771,,18.9617,,,
standardized,ocbc,CZK,SGD,CZK/SGD,100,"SGD 0 – 39,999.99",tier_1,"SGD 200 – 39,999.99",std_200_40k,fxRatesSgd,2026-08-25T07:00:15,2026-08-25T07:00:15,2026-08-25T13:26:31.837578+00:00,0.0,0.0,,0.0,,,
standardized,ocbc,CZK,SGD,CZK/SGD,100,"SGD 40,000 – 100,000",tier_2,"SGD 40,000 – 100,000",std_40k_100k,fxRatesSgd,2026-08-25T07:00:15,2026-08-25T07:00:15,2026-08-25T13:26:31.837578+00:00,0.0,0.0,,0.0,,,
standardized,ocbc,CZK,SGD,CZK/SGD,100,"SGD 0 – 39,999.99",tier_1,SGD 50 – 200,std_50_200,fxRatesSgd,2026-08-25T07:00:15,2026-08-25T07:00:15,2026-08-25T13:26:31.837578+00:00,0.0,0.0,,0.0,,,
standardized,ocbc,CZK,SGD,CZK/SGD,100,"SGD 0 – 39,999.99",tier_1,SGD < 50,std_lt_50,fxRatesSgd,2026-08-25T07:00:15,2026-08-25T07:00:15,2026-08-25T13:26:31.837578+00:00,0.0,0.0,,0.0,,,
standardized,ocbc,DKK,SGD,DKK/SGD,100,"SGD 0 – 39,999.99",tier_1,"SGD 200 – 39,999.99",std_200_40k,fxRatesSgd,2026-08-25T07:00:15,2026-08-25T07:00:15,2026-08-25T13:26:31.837578+00:00,20.1777,19.4616,,19.8197,,,
standardized,ocbc,DKK,SGD,DKK/SGD,100,"SGD 40,000 – 100,000",tier_2,"SGD 40,000 – 100,000",std_40k_100k,fxRatesSgd,2026-08-25T07:00:15,2026-08-25T07:00:15,2026-08-25T13:26:31.837578+00:00,20.1381,19.5013,,19.8197,,,
standardized,ocbc,DKK,SGD,DKK/SGD,100,"SGD 0 – 39,999.99",tier_1,SGD 50 – 200,std_50_200,fxRatesSgd,2026-08-25T07:00:15,2026-08-25T07:00:15,2026-08-25T13:26:31.837578+00:00,20.1777,19.4616,,19.8197,,,
standardized,ocbc,DKK,SGD,DKK/SGD,100,"SGD 0 – 39,999.99",tier_1,SGD < 50,std_lt_50,fxRatesSgd,2026-08-25T07:00:15,2026-08-25T07:00:15,2026-08-25T13:26:31.837578+00:00,20.1777,19.4616,,19.8197,,,
standardized,ocbc,EUR,SGD,EUR/SGD,1,"SGD 0 – 39,999.99",tier_1,"SGD 200 – 39,999.99",std_200_40k,fxRatesSgd,2026-08-25T07:00:15,2026-08-25T07:00:15,2026-08-25T13:26:31.837578+00:00,1.4984,1.4615,1.4818,1.48,MAS,1.1202591442839753,1.36995545957619
standardized,ocbc,EUR,SGD,EUR/SGD,1,"SGD 40,000 – 100,000",tier_2,"SGD 40,000 – 100,000",std_40k_100k,fxRatesSgd,2026-08-25T07:00:15,2026-08-25T07:00:15,2026-08-25T13:26:31.837578+00:00,1.4966,1.4634,1.4818,1.48,MAS,0.9987852611688436,1.2417330273991074
standardized,ocbc,EUR,SGD,EUR/SGD,1,"SGD 0 – 39,999.99",tier_1,SGD 50 – 200,std_50_200,fxRatesSgd,2026-08-25T07:00:15,2026-08-25T07:00:15,2026-08-25T13:26:31.837578+00:00,1.4984,1.4615,1.4818,1.48,MAS,1.1202591442839753,1.36995545957619
standardized,ocbc,EUR,SGD,EUR/SGD,1,"SGD 0 – 39,999.99",tier_1,SGD < 50,std_lt_50,fxRatesSgd,2026-08-25T07:00:15,2026-08-25T07:00:15,2026-08-25T13:26:31.837578+00:00,1.4984,1.4615,1.4818,1.48,MAS,1.1202591442839753,1.36995545957619
standardized,ocbc,GBP,SGD,GBP/SGD,1,"SGD 0 – 39,999.99",tier_1,"SGD 200 – 39,999.99",std_200_40k,fxRatesSgd,2026-08-25T07:00:15,2026-08-25T07:00:15,2026-08-25T13:26:31.837578+00:00,1.7546,1.7081,1.7318,1.7314,MAS,1.316549255110286,1.36851830465412
standardized,ocbc,GBP,SGD,GBP/SGD,1,"SGD 40,000 – 100,000",tier_2,"SGD 40,000 – 100,000",std_40k_100k,fxRatesSgd,2026-08-25T07:00:15,2026-08-25T07:00:15,2026-08-25T13:26:31.837578+00:00,1.7529,1.7102,1.7318,1.7314,MAS,1.2183854948608324,1.2472571890518571
standardized,ocbc,GBP,SGD,GBP/SGD,1,"SGD 0 – 39,999.99",tier_1,SGD 50 – 200,std_50_200,fxRatesSgd,2026-08-25T07:00:15,2026-08-25T07:00:15,2026-08-25T13:26:31.837578+00:00,1.7546,1.7081,1.7318,1.7314,MAS,1.316549255110286,1.36851830465412
standardized,ocbc,GBP,SGD,GBP/SGD,1,"SGD 0 – 39,999.99",tier_1,SGD < 50,std_lt_50,fxRatesSgd,2026-08-25T07:00:15,2026-08-25T07:00:15,2026-08-25T13:26:31.837578+00:00,1.7546,1.7081,1.7318,1.7314,MAS,1.316549255110286,1.36851830465412
standardized,ocbc,HKD,SGD,HKD/SGD,100,"SGD 0 – 39,999.99",tier_1,"SGD 200 – 39,999.99",std_200_40k,fxRatesSgd,2026-08-25T07:00:15,2026-08-25T07:00:15,2026-08-25T13:26:31.837578+00:00,16.4165,16.0195,16.21,16.218,MAS,1.2739049969154739,1.1752004935225178
standardized,ocbc,HKD,SGD,HKD/SGD,100,"SGD 40,000 – 100,000",tier_2,"SGD 40,000 – 100,000",std_40k_100k,fxRatesSgd,2026-08-25T07:00:15,2026-08-25T07:00:15,2026-08-25T13:26:31.837578+00:00,16.3873,16.0292,16.21,16.218,MAS,1.0937692782233122,1.115360888340539
standardized,ocbc,HKD,SGD,HKD/SGD,100,"SGD 0 – 39,999.99",tier_1,SGD 50 – 200,std_50_200,fxRatesSgd,2026-08-25T07:00:15,2026-08-25T07:00:15,2026-08-25T13:26:31.837578+00:00,16.4165,16.0195,16.21,16.218,MAS,1.2739049969154739,1.1752004935225178
standardized,ocbc,HKD,SGD,HKD/SGD,100,"SGD 0 – 39,999.99",tier_1,SGD < 50,std_lt_50,fxRatesSgd,2026-08-25T07:00:15,2026-08-25T07:00:15,2026-08-25T13:26:31.837578+00:00,16.4165,16.0195,16.21,16.218,MAS,1.2739049969154739,1.1752004935225178
standardized,ocbc,HUF,SGD,HUF/SGD,100,"SGD 0 – 39,999.99",tier_1,"SGD 200 – 39,999.99",std_200_40k,fxRatesSgd,2026-08-25T07:00:15,2026-08-25T07:00:15,2026-08-25T13:26:31.837578+00:00,0.0,0.0,,0.0,,,
standardized,ocbc,HUF,SGD,HUF/SGD,100,"SGD 40,000 – 100,000",tier_2,"SGD 40,000 – 100,000",std_40k_100k,fxRatesSgd,2026-08-25T07:00:15,2026-08-25T07:00:15,2026-08-25T13:26:31.837578+00:00,0.0,0.0,,0.0,,,
standardized,ocbc,HUF,SGD,HUF/SGD,100,"SGD 0 – 39,999.99",tier_1,SGD 50 – 200,std_50_200,fxRatesSgd,2026-08-25T07:00:15,2026-08-25T07:00:15,2026-08-25T13:26:31.837578+00:00,0.0,0.0,,0.0,,,
standardized,ocbc,HUF,SGD,HUF/SGD,100,"SGD 0 – 39,999.99",tier_1,SGD < 50,std_lt_50,fxRatesSgd,2026-08-25T07:00:15,2026-08-25T07:00:15,2026-08-25T13:26:31.837578+00:00,0.0,0.0,,0.0,,,
standardized,ocbc,IDR,SGD,IDR/SGD,100,"SGD 0 – 39,999.99",tier_1,"SGD 200 – 39,999.99",std_200_40k,fxRatesSgd,2026-08-25T07:00:15,2026-08-25T07:00:15,2026-08-25T13:26:31.837578+00:00,0.0074,0.0,0.007175,0.0074,MAS,3.1358885017421656,100.0
standardized,ocbc,IDR,SGD,IDR/SGD,100,"SGD 40,000 – 100,000",tier_2,"SGD 40,000 – 100,000",std_40k_100k,fxRatesSgd,2026-08-25T07:00:15,2026-08-25T07:00:15,2026-08-25T13:26:31.837578+00:00,0.0074,0.0,0.007175,0.0074,MAS,3.1358885017421656,100.0
standardized,ocbc,IDR,SGD,IDR/SGD,100,"SGD 0 – 39,999.99",tier_1,SGD 50 – 200,std_50_200,fxRatesSgd,2026-08-25T07:00:15,2026-08-25T07:00:15,2026-08-25T13:26:31.837578+00:00,0.0074,0.0,0.007175,0.0074,MAS,3.1358885017421656,100.0
standardized,ocbc,IDR,SGD,IDR/SGD,100,"SGD 0 – 39,999.99",tier_1,SGD < 50,std_lt_50,fxRatesSgd,2026-08-25T07:00:15,2026-08-25T07:00:15,2026-08-25T13:26:31.837578+00:00,0.0074,0.0,0.007175,0.0074,MAS,3.1358885017421656,100.0
standardized,ocbc,ILS,SGD,ILS/SGD,100,"SGD 0 – 39,999.99",tier_1,"SGD 200 – 39,999.99",std_200_40k,fxRatesSgd,2026-08-25T07:00:15,2026-08-25T07:00:15,2026-08-25T13:26:31.837578+00:00,0.0,0.0,,0.0,,,
standardized,ocbc,ILS,SGD,ILS/SGD,100,"SGD 40,000 – 100,000",tier_2,"SGD 40,000 – 100,000",std_40k_100k,fxRatesSgd,2026-08-25T07:00:15,2026-08-25T07:00:15,2026-08-25T13:26:31.837578+00:00,0.0,0.0,,0.0,,,
standardized,ocbc,ILS,SGD,ILS/SGD,100,"SGD 0 – 39,999.99",tier_1,SGD 50 – 200,std_50_200,fxRatesSgd,2026-08-25T07:00:15,2026-08-25T07:00:15,2026-08-25T13:26:31.837578+00:00,0.0,0.0,,0.0,,,
standardized,ocbc,ILS,SGD,ILS/SGD,100,"SGD 0 – 39,999.99",tier_1,SGD < 50,std_lt_50,fxRatesSgd,2026-08-25T07:00:15,2026-08-25T07:00:15,2026-08-25T13:26:31.837578+00:00,0.0,0.0,,0.0,,,
standardized,ocbc,INR,SGD,INR/SGD,100,"SGD 0 – 39,999.99",tier_1,"SGD 200 – 39,999.99",std_200_40k,fxRatesSgd,2026-08-25T07:00:15,2026-08-25T07:00:15,2026-08-25T13:26:31.837578+00:00,1.3668,0.0,1.3273,1.3668,MAS,2.975966247268899,100.0
standardized,ocbc,INR,SGD,INR/SGD,100,"SGD 40,000 – 100,000",tier_2,"SGD 40,000 – 100,000",std_40k_100k,fxRatesSgd,2026-08-25T07:00:15,2026-08-25T07:00:15,2026-08-25T13:26:31.837578+00:00,1.3641,0.0,1.3273,1.3668,MAS,2.7725457696074867,100.0
standardized,ocbc,INR,SGD,INR/SGD,100,"SGD 0 – 39,999.99",tier_1,SGD 50 – 200,std_50_200,fxRatesSgd,2026-08-25T07:00:15,2026-08-25T07:00:15,2026-08-25T13:26:31.837578+00:00,1.3668,0.0,1.3273,1.3668,MAS,2.975966247268899,100.0
standardized,ocbc,INR,SGD,INR/SGD,100,"SGD 0 – 39,999.99",tier_1,SGD < 50,std_lt_50,fxRatesSgd,2026-08-25T07:00:15,2026-08-25T07:00:15,2026-08-25T13:26:31.837578+00:00,1.3668,0.0,1.3273,1.3668,MAS,2.975966247268899,100.0
standardized,ocbc,JOD,SGD,JOD/SGD,1,"SGD 0 – 39,999.99",tier_1,"SGD 200 – 39,999.99",std_200_40k,fxRatesSgd,2026-08-25T07:00:15,2026-08-25T07:00:15,2026-08-25T13:26:31.837578+00:00,0.0,0.0,,0.0,,,
standardized,ocbc,JOD,SGD,JOD/SGD,1,"SGD 40,000 – 100,000",tier_2,"SGD 40,000 – 100,000",std_40k_100k,fxRatesSgd,2026-08-25T07:00:15,2026-08-25T07:00:15,2026-08-25T13:26:31.837578+00:00,0.0,0.0,,0.0,,,
standardized,ocbc,JOD,SGD,JOD/SGD,1,"SGD 0 – 39,999.99",tier_1,SGD 50 – 200,std_50_200,fxRatesSgd,2026-08-25T07:00:15,2026-08-25T07:00:15,2026-08-25T13:26:31.837578+00:00,0.0,0.0,,0.0,,,
standardized,ocbc,JOD,SGD,JOD/SGD,1,"SGD 0 – 39,999.99",tier_1,SGD < 50,std_lt_50,fxRatesSgd,2026-08-25T07:00:15,2026-08-25T07:00:15,2026-08-25T13:26:31.837578+00:00,0.0,0.0,,0.0,,,
standardized,ocbc,JPY,SGD,JPY/SGD,100,"SGD 0 – 39,999.99",tier_1,"SGD 200 – 39,999.99",std_200_40k,fxRatesSgd,2026-08-25T07:00:15,2026-08-25T07:00:15,2026-08-25T13:26:31.837578+00:00,0.808,0.7881,0.7976000000000001,0.7981,MAS,1.3039117352056122,1.1910732196589848
standardized,ocbc,JPY,SGD,JPY/SGD,100,"SGD 40,000 – 100,000",tier_2,"SGD 40,000 – 100,000",std_40k_100k,fxRatesSgd,2026-08-25T07:00:15,2026-08-25T07:00:15,2026-08-25T13:26:31.837578+00:00,0.8072,0.7895,0.7976000000000001,0.7981,MAS,1.203610832497485,1.0155466399197726
standardized,ocbc,JPY,SGD,JPY/SGD,100,"SGD 0 – 39,999.99",tier_1,SGD 50 – 200,std_50_200,fxRatesSgd,2026-08-25T07:00:15,2026-08-25T07:00:15,2026-08-25T13:26:31.837578+00:00,0.808,0.7881,0.7976000000000001,0.7981,MAS,1.3039117352056122,1.1910732196589848
standardized,ocbc,JPY,SGD,JPY/SGD,100,"SGD 0 – 39,999.99",tier_1,SGD < 50,std_lt_50,fxRatesSgd,2026-08-25T07:00:15,2026-08-25T07:00:15,2026-08-25T13:26:31.837578+00:00,0.808,0.7881,0.7976000000000001,0.7981,MAS,1.3039117352056122,1.1910732196589848
standardized,ocbc,KRW,SGD,KRW/SGD,100,"SGD 0 – 39,999.99",tier_1,"SGD 200 – 39,999.99",std_200_40k,fxRatesSgd,2026-08-25T07:00:15,2026-08-25T07:00:15,2026-08-25T13:26:31.837578+00:00,0.0,0.0,0.0918,0.0,MAS,-100.0,100.0
standardized,ocbc,KRW,SGD,KRW/SGD,100,"SGD 40,000 – 100,000",tier_2,"SGD 40,000 – 100,000",std_40k_100k,fxRatesSgd,2026-08-25T07:00:15,2026-08-25T07:00:15,2026-08-25T13:26:31.837578+00:00,0.0,0.0,0.0918,0.0,MAS,-100.0,100.0
standardized,ocbc,KRW,SGD,KRW/SGD,100,"SGD 0 – 39,999.99",tier_1,SGD 50 – 200,std_50_200,fxRatesSgd,2026-08-25T07:00:15,2026-08-25T07:00:15,2026-08-25T13:26:31.837578+00:00,0.0,0.0,0.0918,0.0,MAS,-100.0,100.0
standardized,ocbc,KRW,SGD,KRW/SGD,100,"SGD 0 – 39,999.99",tier_1,SGD < 50,std_lt_50,fxRatesSgd,2026-08-25T07:00:15,2026-08-25T07:00:15,2026-08-25T13:26:31.837578+00:00,0.0,0.0,0.0918,0.0,MAS,-100.0,100.0
standardized,ocbc,LKR,SGD,LKR/SGD,100,"SGD 0 – 39,999.99",tier_1,"SGD 200 – 39,999.99",std_200_40k,fxRatesSgd,2026-08-25T07:00:15,2026-08-25T07:00:15,2026-08-25T13:26:31.837578+00:00,0.3981,0.0,,0.3981,,,
standardized,ocbc,LKR,SGD,LKR/SGD,100,"SGD 40,000 – 100,000",tier_2,"SGD 40,000 – 100,000",std_40k_100k,fxRatesSgd,2026-08-25T07:00:15,2026-08-25T07:00:15,2026-08-25T13:26:31.837578+00:00,0.3973,0.0,,0.3981,,,
standardized,ocbc,LKR,SGD,LKR/SGD,100,"SGD 0 – 39,999.99",tier_1,SGD 50 – 200,std_50_200,fxRatesSgd,2026-08-25T07:00:15,2026-08-25T07:00:15,2026-08-25T13:26:31.837578+00:00,0.3981,0.0,,0.3981,,,
standardized,ocbc,LKR,SGD,LKR/SGD,100,"SGD 0 – 39,999.99",tier_1,SGD < 50,std_lt_50,fxRatesSgd,2026-08-25T07:00:15,2026-08-25T07:00:15,2026-08-25T13:26:31.837578+00:00,0.3981,0.0,,0.3981,,,
standardized,ocbc,MAD,SGD,MAD/SGD,100,"SGD 0 – 39,999.99",tier_1,"SGD 200 – 39,999.99",std_200_40k,fxRatesSgd,2026-08-25T07:00:15,2026-08-25T07:00:15,2026-08-25T13:26:31.837578+00:00,0.0,0.0,,0.0,,,
standardized,ocbc,MAD,SGD,MAD/SGD,100,"SGD 40,000 – 100,000",tier_2,"SGD 40,000 – 100,000",std_40k_100k,fxRatesSgd,2026-08-25T07:00:15,2026-08-25T07:00:15,2026-08-25T13:26:31.837578+00:00,0.0,0.0,,0.0,,,
standardized,ocbc,MAD,SGD,MAD/SGD,100,"SGD 0 – 39,999.99",tier_1,SGD 50 – 200,std_50_200,fxRatesSgd,2026-08-25T07:00:15,2026-08-25T07:00:15,2026-08-25T13:26:31.837578+00:00,0.0,0.0,,0.0,,,
standardized,ocbc,MAD,SGD,MAD/SGD,100,"SGD 0 – 39,999.99",tier_1,SGD < 50,std_lt_50,fxRatesSgd,2026-08-25T07:00:15,2026-08-25T07:00:15,2026-08-25T13:26:31.837578+00:00,0.0,0.0,,0.0,,,
standardized,ocbc,MXN,SGD,MXN/SGD,100,"SGD 0 – 39,999.99",tier_1,"SGD 200 – 39,999.99",std_200_40k,fxRatesSgd,2026-08-25T07:00:15,2026-08-25T07:00:15,2026-08-25T13:26:31.837578+00:00,7.7472,0.0,,7.7472,,,
standardized,ocbc,MXN,SGD,MXN/SGD,100,"SGD 40,000 – 100,000",tier_2,"SGD 40,000 – 100,000",std_40k_100k,fxRatesSgd,2026-08-25T07:00:15,2026-08-25T07:00:15,2026-08-25T13:26:31.837578+00:00,7.7457,0.0,,7.7472,,,
standardized,ocbc,MXN,SGD,MXN/SGD,100,"SGD 0 – 39,999.99",tier_1,SGD 50 – 200,std_50_200,fxRatesSgd,2026-08-25T07:00:15,2026-08-25T07:00:15,2026-08-25T13:26:31.837578+00:00,7.7472,0.0,,7.7472,,,
standardized,ocbc,MXN,SGD,MXN/SGD,100,"SGD 0 – 39,999.99",tier_1,SGD < 50,std_lt_50,fxRatesSgd,2026-08-25T07:00:15,2026-08-25T07:00:15,2026-08-25T13:26:31.837578+00:00,7.7472,0.0,,7.7472,,,
standardized,ocbc,MYR,SGD,MYR/SGD,100,"SGD 0 – 39,999.99",tier_1,"SGD 200 – 39,999.99",std_200_40k,fxRatesSgd,2026-08-25T07:00:15,2026-08-25T07:00:15,2026-08-25T13:26:31.837578+00:00,0.0,0.0,31.4,0.0,MAS,-100.0,100.0
standardized,ocbc,MYR,SGD,MYR/SGD,100,"SGD 40,000 – 100,000",tier_2,"SGD 40,000 – 100,000",std_40k_100k,fxRatesSgd,2026-08-25T07:00:15,2026-08-25T07:00:15,2026-08-25T13:26:31.837578+00:00,0.0,0.0,31.4,0.0,MAS,-100.0,100.0
standardized,ocbc,MYR,SGD,MYR/SGD,100,"SGD 0 – 39,999.99",tier_1,SGD 50 – 200,std_50_200,fxRatesSgd,2026-08-25T07:00:15,2026-08-25T07:00:15,2026-08-25T13:26:31.837578+00:00,0.0,0.0,31.4,0.0,MAS,-100.0,100.0
standardized,ocbc,MYR,SGD,MYR/SGD,100,"SGD 0 – 39,999.99",tier_1,SGD < 50,std_lt_50,fxRatesSgd,2026-08-25T07:00:15,2026-08-25T07:00:15,2026-08-25T13:26:31.837578+00:00,0.0,0.0,31.4,0.0,MAS,-100.0,100.0
standardized,ocbc,NOK,SGD,NOK/SGD,100,"SGD 0 – 39,999.99",tier_1,"SGD 200 – 39,999.99",std_200_40k,fxRatesSgd,2026-08-25T07:00:15,2026-08-25T07:00:15,2026-08-25T13:26:31.837578+00:00,13.8723,13.3774,,13.6249,,,
standardized,ocbc,NOK,SGD,NOK/SGD,100,"SGD 40,000 – 100,000",tier_2,"SGD 40,000 – 100,000",std_40k_100k,fxRatesSgd,2026-08-25T07:00:15,2026-08-25T07:00:15,2026-08-25T13:26:31.837578+00:00,13.8451,13.4046,,13.6249,,,
standardized,ocbc,NOK,SGD,NOK/SGD,100,"SGD 0 – 39,999.99",tier_1,SGD 50 – 200,std_50_200,fxRatesSgd,2026-08-25T07:00:15,2026-08-25T07:00:15,2026-08-25T13:26:31.837578+00:00,13.8723,13.3774,,13.6249,,,
standardized,ocbc,NOK,SGD,NOK/SGD,100,"SGD 0 – 39,999.99",tier_1,SGD < 50,std_lt_50,fxRatesSgd,2026-08-25T07:00:15,2026-08-25T07:00:15,2026-08-25T13:26:31.837578+00:00,13.8723,13.3774,,13.6249,,,
standardized,ocbc,NZD,SGD,NZD/SGD,1,"SGD 0 – 39,999.99",tier_1,"SGD 200 – 39,999.99",std_200_40k,fxRatesSgd,2026-08-25T07:00:15,2026-08-25T07:00:15,2026-08-25T13:26:31.837578+00:00,0.7731,0.7468,0.7573000000000001,0.76,MAS,2.0863594348342693,1.3865046877063336
standardized,ocbc,NZD,SGD,NZD/SGD,1,"SGD 40,000 – 100,000",tier_2,"SGD 40,000 – 100,000",std_40k_100k,fxRatesSgd,2026-08-25T07:00:15,2026-08-25T07:00:15,2026-08-25T13:26:31.837578+00:00,0.7712,0.749,0.7573000000000001,0.76,MAS,1.8354681103921708,1.095998943615487
standardized,ocbc,NZD,SGD,NZD/SGD,1,"SGD 0 – 39,999.99",tier_1,SGD 50 – 200,std_50_200,fxRatesSgd,2026-08-25T07:00:15,2026-08-25T07:00:15,2026-08-25T13:26:31.837578+00:00,0.7731,0.7468,0.7573000000000001,0.76,MAS,2.0863594348342693,1.3865046877063336
standardized,ocbc,NZD,SGD,NZD/SGD,1,"SGD 0 – 39,999.99",tier_1,SGD < 50,std_lt_50,fxRatesSgd,2026-08-25T07:00:15,2026-08-25T07:00:15,2026-08-25T13:26:31.837578+00:00,0.7731,0.7468,0.7573000000000001,0.76,MAS,2.0863594348342693,1.3865046877063336
standardized,ocbc,OMR,SGD,OMR/SGD,1,"SGD 0 – 39,999.99",tier_1,"SGD 200 – 39,999.99",std_200_40k,fxRatesSgd,2026-08-25T07:00:15,2026-08-25T07:00:15,2026-08-25T13:26:31.837578+00:00,0.0,0.0,,0.0,,,
standardized,ocbc,OMR,SGD,OMR/SGD,1,"SGD 40,000 – 100,000",tier_2,"SGD 40,000 – 100,000",std_40k_100k,fxRatesSgd,2026-08-25T07:00:15,2026-08-25T07:00:15,2026-08-25T13:26:31.837578+00:00,0.0,0.0,,0.0,,,
standardized,ocbc,OMR,SGD,OMR/SGD,1,"SGD 0 – 39,999.99",tier_1,SGD 50 – 200,std_50_200,fxRatesSgd,2026-08-25T07:00:15,2026-08-25T07:00:15,2026-08-25T13:26:31.837578+00:00,0.0,0.0,,0.0,,,
standardized,ocbc,OMR,SGD,OMR/SGD,1,"SGD 0 – 39,999.99",tier_1,SGD < 50,std_lt_50,fxRatesSgd,2026-08-25T07:00:15,2026-08-25T07:00:15,2026-08-25T13:26:31.837578+00:00,0.0,0.0,,0.0,,,
standardized,ocbc,PHP,SGD,PHP/SGD,100,"SGD 0 – 39,999.99",tier_1,"SGD 200 – 39,999.99",std_200_40k,fxRatesSgd,2026-08-25T07:00:15,2026-08-25T07:00:15,2026-08-25T13:26:31.837578+00:00,2.1209,0.0,2.0593,2.1209,MAS,2.99130772592628,100.0
standardized,ocbc,PHP,SGD,PHP/SGD,100,"SGD 40,000 – 100,000",tier_2,"SGD 40,000 – 100,000",std_40k_100k,fxRatesSgd,2026-08-25T07:00:15,2026-08-25T07:00:15,2026-08-25T13:26:31.837578+00:00,2.1199,0.0,2.0593,2.1209,MAS,2.942747535570339,100.0
standardized,ocbc,PHP,SGD,PHP/SGD,100,"SGD 0 – 39,999.99",tier_1,SGD 50 – 200,std_50_200,fxRatesSgd,2026-08-25T07:00:15,2026-08-25T07:00:15,2026-08-25T13:26:31.837578+00:00,2.1209,0.0,2.0593,2.1209,MAS,2.99130772592628,100.0
standardized,ocbc,PHP,SGD,PHP/SGD,100,"SGD 0 – 39,999.99",tier_1,SGD < 50,std_lt_50,fxRatesSgd,2026-08-25T07:00:15,2026-08-25T07:00:15,2026-08-25T13:26:31.837578+00:00,2.1209,0.0,2.0593,2.1209,MAS,2.99130772592628,100.0
standardized,ocbc,PLN,SGD,PLN/SGD,100,"SGD 0 – 39,999.99",tier_1,"SGD 200 – 39,999.99",std_200_40k,fxRatesSgd,2026-08-25T07:00:15,2026-08-25T07:00:15,2026-08-25T13:26:31.837578+00:00,35.4504,33.2338,,34.3421,,,
standardized,ocbc,PLN,SGD,PLN/SGD,100,"SGD 40,000 – 100,000",tier_2,"SGD 40,000 – 100,000",std_40k_100k,fxRatesSgd,2026-08-25T07:00:15,2026-08-25T07:00:15,2026-08-25T13:26:31.837578+00:00,35.4329,33.2609,,34.3421,,,
standardized,ocbc,PLN,SGD,PLN/SGD,100,"SGD 0 – 39,999.99",tier_1,SGD 50 – 200,std_50_200,fxRatesSgd,2026-08-25T07:00:15,2026-08-25T07:00:15,2026-08-25T13:26:31.837578+00:00,35.4504,33.2338,,34.3421,,,
standardized,ocbc,PLN,SGD,PLN/SGD,100,"SGD 0 – 39,999.99",tier_1,SGD < 50,std_lt_50,fxRatesSgd,2026-08-25T07:00:15,2026-08-25T07:00:15,2026-08-25T13:26:31.837578+00:00,35.4504,33.2338,,34.3421,,,
standardized,ocbc,QAR,SGD,QAR/SGD,100,"SGD 0 – 39,999.99",tier_1,"SGD 200 – 39,999.99",std_200_40k,fxRatesSgd,2026-08-25T07:00:15,2026-08-25T07:00:15,2026-08-25T13:26:31.837578+00:00,35.85,33.8006,34.86,34.8253,MAS,2.839931153184171,3.0390131956396917
standardized,ocbc,QAR,SGD,QAR/SGD,100,"SGD 40,000 – 100,000",tier_2,"SGD 40,000 – 100,000",std_40k_100k,fxRatesSgd,2026-08-25T07:00:15,2026-08-25T07:00:15,2026-08-25T13:26:31.837578+00:00,35.8288,33.8177,34.86,34.8253,MAS,2.7791164658634586,2.989959839357422
standardized,ocbc,QAR,SGD,QAR/SGD,100,"SGD 0 – 39,999.99",tier_1,SGD 50 – 200,std_50_200,fxRatesSgd,2026-08-25T07:00:15,2026-08-25T07:00:15,2026-08-25T13:26:31.837578+00:00,35.85,33.8006,34.86,34.8253,MAS,2.839931153184171,3.0390131956396917
standardized,ocbc,QAR,SGD,QAR/SGD,100,"SGD 0 – 39,999.99",tier_1,SGD < 50,std_lt_50,fxRatesSgd,2026-08-25T07:00:15,2026-08-25T07:00:15,2026-08-25T13:26:31.837578+00:00,35.85,33.8006,34.86,34.8253,MAS,2.839931153184171,3.0390131956396917
standardized,ocbc,RON,SGD,RON/SGD,100,"SGD 0 – 39,999.99",tier_1,"SGD 200 – 39,999.99",std_200_40k,fxRatesSgd,2026-08-25T07:00:15,2026-08-25T07:00:15,2026-08-25T13:26:31.837578+00:00,0.0,0.0,,0.0,,,
standardized,ocbc,RON,SGD,RON/SGD,100,"SGD 40,000 – 100,000",tier_2,"SGD 40,000 – 100,000",std_40k_100k,fxRatesSgd,2026-08-25T07:00:15,2026-08-25T07:00:15,2026-08-25T13:26:31.837578+00:00,0.0,0.0,,0.0,,,
standardized,ocbc,RON,SGD,RON/SGD,100,"SGD 0 – 39,999.99",tier_1,SGD 50 – 200,std_50_200,fxRatesSgd,2026-08-25T07:00:15,2026-08-25T07:00:15,2026-08-25T13:26:31.837578+00:00,0.0,0.0,,0.0,,,
standardized,ocbc,RON,SGD,RON/SGD,100,"SGD 0 – 39,999.99",tier_1,SGD < 50,std_lt_50,fxRatesSgd,2026-08-25T07:00:15,2026-08-25T07:00:15,2026-08-25T13:26:31.837578+00:00,0.0,0.0,,0.0,,,
standardized,ocbc,RUB,SGD,RUB/SGD,100,"SGD 0 – 39,999.99",tier_1,"SGD 200 – 39,999.99",std_200_40k,fxRatesSgd,2026-08-25T07:00:15,2026-08-25T07:00:15,2026-08-25T13:26:31.837578+00:00,0.0,0.0,,0.0,,,
standardized,ocbc,RUB,SGD,RUB/SGD,100,"SGD 40,000 – 100,000",tier_2,"SGD 40,000 – 100,000",std_40k_100k,fxRatesSgd,2026-08-25T07:00:15,2026-08-25T07:00:15,2026-08-25T13:26:31.837578+00:00,0.0,0.0,,0.0,,,
standardized,ocbc,RUB,SGD,RUB/SGD,100,"SGD 0 – 39,999.99",tier_1,SGD 50 – 200,std_50_200,fxRatesSgd,2026-08-25T07:00:15,2026-08-25T07:00:15,2026-08-25T13:26:31.837578+00:00,0.0,0.0,,0.0,,,
standardized,ocbc,RUB,SGD,RUB/SGD,100,"SGD 0 – 39,999.99",tier_1,SGD < 50,std_lt_50,fxRatesSgd,2026-08-25T07:00:15,2026-08-25T07:00:15,2026-08-25T13:26:31.837578+00:00,0.0,0.0,,0.0,,,
standardized,ocbc,SAR,SGD,SAR/SGD,100,"SGD 0 – 39,999.99",tier_1,"SGD 200 – 39,999.99",std_200_40k,fxRatesSgd,2026-08-25T07:00:15,2026-08-25T07:00:15,2026-08-25T13:26:31.837578+00:00,34.7825,32.867,33.84,33.8248,MAS,2.785165484633556,2.8752955082742493
standardized,ocbc,SAR,SGD,SAR/SGD,100,"SGD 40,000 – 100,000",tier_2,"SGD 40,000 – 100,000",std_40k_100k,fxRatesSgd,2026-08-25T07:00:15,2026-08-25T07:00:15,2026-08-25T13:26:31.837578+00:00,34.7653,32.8837,33.84,33.8248,MAS,2.7343380614657207,2.8259456264775586
standardized,ocbc,SAR,SGD,SAR/SGD,100,"SGD 0 – 39,999.99",tier_1,SGD 50 – 200,std_50_200,fxRatesSgd,2026-08-25T07:00:15,2026-08-25T07:00:15,2026-08-25T13:26:31.837578+00:00,34.7825,32.867,33.84,33.8248,MAS,2.785165484633556,2.8752955082742493
standardized,ocbc,SAR,SGD,SAR/SGD,100,"SGD 0 – 39,999.99",tier_1,SGD < 50,std_lt_50,fxRatesSgd,2026-08-25T07:00:15,2026-08-25T07:00:15,2026-08-25T13:26:31.837578+00:00,34.7825,32.867,33.84,33.8248,MAS,2.785165484633556,2.8752955082742493
standardized,ocbc,SEK,SGD,SEK/SGD,100,"SGD 0 – 39,999.99",tier_1,"SGD 200 – 39,999.99",std_200_40k,fxRatesSgd,2026-08-25T07:00:15,2026-08-25T07:00:15,2026-08-25T13:26:31.837578+00:00,13.6258,13.1407,,13.3833,,,
standardized,ocbc,SEK,SGD,SEK/SGD,100,"SGD 40,000 – 100,000",tier_2,"SGD 40,000 – 100,000",std_40k_100k,fxRatesSgd,2026-08-25T07:00:15,2026-08-25T07:00:15,2026-08-25T13:26:31.837578+00:00,13.599,13.1675,,13.3833,,,
standardized,ocbc,SEK,SGD,SEK/SGD,100,"SGD 0 – 39,999.99",tier_1,SGD 50 – 200,std_50_200,fxRatesSgd,2026-08-25T07:00:15,2026-08-25T07:00:15,2026-08-25T13:26:31.837578+00:00,13.6258,13.1407,,13.3833,,,
standardized,ocbc,SEK,SGD,SEK/SGD,100,"SGD 0 – 39,999.99",tier_1,SGD < 50,std_lt_50,fxRatesSgd,2026-08-25T07:00:15,2026-08-25T07:00:15,2026-08-25T13:26:31.837578+00:00,13.6258,13.1407,,13.3833,,,
standardized,ocbc,THB,SGD,THB/SGD,100,"SGD 0 – 39,999.99",tier_1,"SGD 200 – 39,999.99",std_200_40k,fxRatesSgd,2026-08-25T07:00:15,2026-08-25T07:00:15,2026-08-25T13:26:31.837578+00:00,3.9905,3.7716,3.88,3.8811,MAS,2.8479381443298983,2.793814432989692
standardized,ocbc,THB,SGD,THB/SGD,100,"SGD 40,000 – 100,000",tier_2,"SGD 40,000 – 100,000",std_40k_100k,fxRatesSgd,2026-08-25T07:00:15,2026-08-25T07:00:15,2026-08-25T13:26:31.837578+00:00,3.9827,3.7793,3.88,3.8811,MAS,2.6469072164948457,2.595360824742263
standardized,ocbc,THB,SGD,THB/SGD,100,"SGD 0 – 39,999.99",tier_1,SGD 50 – 200,std_50_200,fxRatesSgd,2026-08-25T07:00:15,2026-08-25T07:00:15,2026-08-25T13:26:31.837578+00:00,3.9905,3.7716,3.88,3.8811,MAS,2.8479381443298983,2.793814432989692
standardized,ocbc,THB,SGD,THB/SGD,100,"SGD 0 – 39,999.99",tier_1,SGD < 50,std_lt_50,fxRatesSgd,2026-08-25T07:00:15,2026-08-25T07:00:15,2026-08-25T13:26:31.837578+00:00,3.9905,3.7716,3.88,3.8811,MAS,2.8479381443298983,2.793814432989692
standardized,ocbc,TRY,SGD,TRY/SGD,100,"SGD 0 – 39,999.99",tier_1,"SGD 200 – 39,999.99",std_200_40k,fxRatesSgd,2026-08-25T07:00:15,2026-08-25T07:00:15,2026-08-25T13:26:31.837578+00:00,2.7128,2.6006,,2.6567,,,
standardized,ocbc,TRY,SGD,TRY/SGD,100,"SGD 40,000 – 100,000",tier_2,"SGD 40,000 – 100,000",std_40k_100k,fxRatesSgd,2026-08-25T07:00:15,2026-08-25T07:00:15,2026-08-25T13:26:31.837578+00:00,2.7114,2.6009,,2.6567,,,
standardized,ocbc,TRY,SGD,TRY/SGD,100,"SGD 0 – 39,999.99",tier_1,SGD 50 – 200,std_50_200,fxRatesSgd,2026-08-25T07:00:15,2026-08-25T07:00:15,2026-08-25T13:26:31.837578+00:00,2.7128,2.6006,,2.6567,,,
standardized,ocbc,TRY,SGD,TRY/SGD,100,"SGD 0 – 39,999.99",tier_1,SGD < 50,std_lt_50,fxRatesSgd,2026-08-25T07:00:15,2026-08-25T07:00:15,2026-08-25T13:26:31.837578+00:00,2.7128,2.6006,,2.6567,,,
standardized,ocbc,TWD,SGD,TWD/SGD,100,"SGD 0 – 39,999.99",tier_1,"SGD 200 – 39,999.99",std_200_40k,fxRatesSgd,2026-08-25T07:00:15,2026-08-25T07:00:15,2026-08-25T13:26:31.837578+00:00,4.1361,0.0,3.9849,4.1361,MAS,3.79432357148234,100.0
standardized,ocbc,TWD,SGD,TWD/SGD,100,"SGD 40,000 – 100,000",tier_2,"SGD 40,000 – 100,000",std_40k_100k,fxRatesSgd,2026-08-25T07:00:15,2026-08-25T07:00:15,2026-08-25T13:26:31.837578+00:00,0.0,0.0,3.9849,4.1361,MAS,-100.0,100.0
standardized,ocbc,TWD,SGD,TWD/SGD,100,"SGD 0 – 39,999.99",tier_1,SGD 50 – 200,std_50_200,fxRatesSgd,2026-08-25T07:00:15,2026-08-25T07:00:15,2026-08-25T13:26:31.837578+00:00,4.1361,0.0,3.9849,4.1361,MAS,3.79432357148234,100.0
standardized,ocbc,TWD,SGD,TWD/SGD,100,"SGD 0 – 39,999.99",tier_1,SGD < 50,std_lt_50,fxRatesSgd,2026-08-25T07:00:15,2026-08-25T07:00:15,2026-08-25T13:26:31.837578+00:00,4.1361,0.0,3.9849,4.1361,MAS,3.79432357148234,100.0
standardized,ocbc,USD,SGD,USD/SGD,1,"SGD 0 – 39,999.99",tier_1,"SGD 200 – 39,999.99",std_200_40k,fxRatesSgd,2026-08-25T07:00:15,2026-08-25T07:00:15,2026-08-25T13:26:31.837578+00:00,1.2825,1.2596,1.2707,1.2711,MAS,0.9286220193594107,0.8735342724482481
standardized,ocbc,USD,SGD,USD/SGD,1,"SGD 40,000 – 100,000",tier_2,"SGD 40,000 – 100,000",std_40k_100k,fxRatesSgd,2026-08-25T07:00:15,2026-08-25T07:00:15,2026-08-25T13:26:31.837578+00:00,1.2813,1.2606,1.2707,1.2711,MAS,0.8341858817974476,0.7948374911466118
standardized,ocbc,USD,SGD,USD/SGD,1,"SGD 0 – 39,999.99",tier_1,SGD 50 – 200,std_50_200,fxRatesSgd,2026-08-25T07:00:15,2026-08-25T07:00:15,2026-08-25T13:26:31.837578+00:00,1.2825,1.2596,1.2707,1.2711,MAS,0.9286220193594107,0.8735342724482481
standardized,ocbc,USD,SGD,USD/SGD,1,"SGD 0 – 39,999.99",tier_1,SGD < 50,std_lt_50,fxRatesSgd,2026-08-25T07:00:15,2026-08-25T07:00:15,2026-08-25T13:26:31.837578+00:00,1.2825,1.2596,1.2707,1.2711,MAS,0.9286220193594107,0.8735342724482481
standardized,ocbc,ZAR,SGD,ZAR/SGD,100,"SGD 0 – 39,999.99",tier_1,"SGD 200 – 39,999.99",std_200_40k,fxRatesSgd,2026-08-25T07:00:15,2026-08-25T07:00:15,2026-08-25T13:26:31.837578+00:00,8.1839,7.7027,,7.9433,,,
standardized,ocbc,ZAR,SGD,ZAR/SGD,100,"SGD 40,000 – 100,000",tier_2,"SGD 40,000 – 100,000",std_40k_100k,fxRatesSgd,2026-08-25T07:00:15,2026-08-25T07:00:15,2026-08-25T13:26:31.837578+00:00,8.1799,7.7067,,7.9433,,,
standardized,ocbc,ZAR,SGD,ZAR/SGD,100,"SGD 0 – 39,999.99",tier_1,SGD 50 – 200,std_50_200,fxRatesSgd,2026-08-25T07:00:15,2026-08-25T07:00:15,2026-08-25T13:26:31.837578+00:00,8.1839,7.7027,,7.9433,,,
standardized,ocbc,ZAR,SGD,ZAR/SGD,100,"SGD 0 – 39,999.99",tier_1,SGD < 50,std_lt_50,fxRatesSgd,2026-08-25T07:00:15,2026-08-25T07:00:15,2026-08-25T13:26:31.837578+00:00,8.1839,7.7027,,7.9433,,,
standardized,uob,AED,SGD,AED/SGD,100,Indicative board,board,"SGD 200 – 39,999.99",std_200_40k,forex_sgd,25 August 2026 05:30:51 PM,25 August 2026 05:30:51 PM,2026-08-25T13:26:33.702406+00:00,35.44,33.74,34.6,34.59,MAS,2.4277456647398736,2.485549132947975
standardized,uob,AED,SGD,AED/SGD,100,Indicative board,board,"SGD 40,000 – 100,000",std_40k_100k,forex_sgd,25 August 2026 05:30:51 PM,25 August 2026 05:30:51 PM,2026-08-25T13:26:33.702406+00:00,35.44,33.74,34.6,34.59,MAS,2.4277456647398736,2.485549132947975
standardized,uob,AED,SGD,AED/SGD,100,Indicative board,board,SGD 50 – 200,std_50_200,forex_sgd,25 August 2026 05:30:51 PM,25 August 2026 05:30:51 PM,2026-08-25T13:26:33.702406+00:00,35.44,33.74,34.6,34.59,MAS,2.4277456647398736,2.485549132947975
standardized,uob,AED,SGD,AED/SGD,100,Indicative board,board,SGD < 50,std_lt_50,forex_sgd,25 August 2026 05:30:51 PM,25 August 2026 05:30:51 PM,2026-08-25T13:26:33.702406+00:00,35.44,33.74,34.6,34.59,MAS,2.4277456647398736,2.485549132947975
standardized,uob,AOA,SGD,AOA/SGD,100,Indicative board,board,"SGD 200 – 39,999.99",std_200_40k,forex_sgd,25 August 2026 05:30:51 PM,25 August 2026 05:30:51 PM,2026-08-25T13:26:33.702406+00:00,0.1429,,,,,,
standardized,uob,AOA,SGD,AOA/SGD,100,Indicative board,board,"SGD 40,000 – 100,000",std_40k_100k,forex_sgd,25 August 2026 05:30:51 PM,25 August 2026 05:30:51 PM,2026-08-25T13:26:33.702406+00:00,0.1429,,,,,,
standardized,uob,AOA,SGD,AOA/SGD,100,Indicative board,board,SGD 50 – 200,std_50_200,forex_sgd,25 August 2026 05:30:51 PM,25 August 2026 05:30:51 PM,2026-08-25T13:26:33.702406+00:00,0.1429,,,,,,
standardized,uob,AOA,SGD,AOA/SGD,100,Indicative board,board,SGD < 50,std_lt_50,forex_sgd,25 August 2026 05:30:51 PM,25 August 2026 05:30:51 PM,2026-08-25T13:26:33.702406+00:00,0.1429,,,,,,
standardized,uob,AUD,SGD,AUD/SGD,1,Indicative board,board,"SGD 200 – 39,999.99",std_200_40k,forex_sgd,25 August 2026 05:30:51 PM,25 August 2026 05:30:51 PM,2026-08-25T13:26:33.702406+00:00,0.9242,0.8932,0.9087000000000001,0.9087000000000001,MAS,1.705733465390113,1.7057334653901253
standardized,uob,AUD,SGD,AUD/SGD,1,Indicative board,board,"SGD 40,000 – 100,000",std_40k_100k,forex_sgd,25 August 2026 05:30:51 PM,25 August 2026 05:30:51 PM,2026-08-25T13:26:33.702406+00:00,0.9242,0.8932,0.9087000000000001,0.9087000000000001,MAS,1.705733465390113,1.7057334653901253
standardized,uob,AUD,SGD,AUD/SGD,1,Indicative board,board,SGD 50 – 200,std_50_200,forex_sgd,25 August 2026 05:30:51 PM,25 August 2026 05:30:51 PM,2026-08-25T13:26:33.702406+00:00,0.9242,0.8932,0.9087000000000001,0.9087000000000001,MAS,1.705733465390113,1.7057334653901253
standardized,uob,AUD,SGD,AUD/SGD,1,Indicative board,board,SGD < 50,std_lt_50,forex_sgd,25 August 2026 05:30:51 PM,25 August 2026 05:30:51 PM,2026-08-25T13:26:33.702406+00:00,0.9242,0.8932,0.9087000000000001,0.9087000000000001,MAS,1.705733465390113,1.7057334653901253
standardized,uob,BDT,SGD,BDT/SGD,100,Indicative board,board,"SGD 200 – 39,999.99",std_200_40k,forex_sgd,25 August 2026 05:30:51 PM,25 August 2026 05:30:51 PM,2026-08-25T13:26:33.702406+00:00,1.0652,,,,,,
standardized,uob,BDT,SGD,BDT/SGD,100,Indicative board,board,"SGD 40,000 – 100,000",std_40k_100k,forex_sgd,25 August 2026 05:30:51 PM,25 August 2026 05:30:51 PM,2026-08-25T13:26:33.702406+00:00,1.0652,,,,,,
standardized,uob,BDT,SGD,BDT/SGD,100,Indicative board,board,SGD 50 – 200,std_50_200,forex_sgd,25 August 2026 05:30:51 PM,25 August 2026 05:30:51 PM,2026-08-25T13:26:33.702406+00:00,1.0652,,,,,,
standardized,uob,BDT,SGD,BDT/SGD,100,Indicative board,board,SGD < 50,std_lt_50,forex_sgd,25 August 2026 05:30:51 PM,25 August 2026 05:30:51 PM,2026-08-25T13:26:33.702406+00:00,1.0652,,,,,,
standardized,uob,BND,SGD,BND/SGD,1,Indicative board,board,"SGD 200 – 39,999.99",std_200_40k,forex_sgd,25 August 2026 05:30:51 PM,25 August 2026 05:30:51 PM,2026-08-25T13:26:33.702406+00:00,1.0,1.0,,1.0,,,
standardized,uob,BND,SGD,BND/SGD,1,Indicative board,board,"SGD 40,000 – 100,000",std_40k_100k,forex_sgd,25 August 2026 05:30:51 PM,25 August 2026 05:30:51 PM,2026-08-25T13:26:33.702406+00:00,1.0,1.0,,1.0,,,
standardized,uob,BND,SGD,BND/SGD,1,Indicative board,board,SGD 50 – 200,std_50_200,forex_sgd,25 August 2026 05:30:51 PM,25 August 2026 05:30:51 PM,2026-08-25T13:26:33.702406+00:00,1.0,1.0,,1.0,,,
standardized,uob,BND,SGD,BND/SGD,1,Indicative board,board,SGD < 50,std_lt_50,forex_sgd,25 August 2026 05:30:51 PM,25 August 2026 05:30:51 PM,2026-08-25T13:26:33.702406+00:00,1.0,1.0,,1.0,,,
standardized,uob,CAD,SGD,CAD/SGD,1,Indicative board,board,"SGD 200 – 39,999.99",std_200_40k,forex_sgd,25 August 2026 05:30:51 PM,25 August 2026 05:30:51 PM,2026-08-25T13:26:33.702406+00:00,0.9271,0.9071,0.9172,0.9171,MAS,1.0793720017444417,1.1011774967291756
standardized,uob,CAD,SGD,CAD/SGD,1,Indicative board,board,"SGD 40,000 – 100,000",std_40k_100k,forex_sgd,25 August 2026 05:30:51 PM,25 August 2026 05:30:51 PM,2026-08-25T13:26:33.702406+00:00,0.9271,0.9071,0.9172,0.9171,MAS,1.0793720017444417,1.1011774967291756
standardized,uob,CAD,SGD,CAD/SGD,1,Indicative board,board,SGD 50 – 200,std_50_200,forex_sgd,25 August 2026 05:30:51 PM,25 August 2026 05:30:51 PM,2026-08-25T13:26:33.702406+00:00,0.9271,0.9071,0.9172,0.9171,MAS,1.0793720017444417,1.1011774967291756
standardized,uob,CAD,SGD,CAD/SGD,1,Indicative board,board,SGD < 50,std_lt_50,forex_sgd,25 August 2026 05:30:51 PM,25 August 2026 05:30:51 PM,2026-08-25T13:26:33.702406+00:00,0.9271,0.9071,0.9172,0.9171,MAS,1.0793720017444417,1.1011774967291756
standardized,uob,CHF,SGD,CHF/SGD,100,Indicative board,board,"SGD 200 – 39,999.99",std_200_40k,forex_sgd,25 August 2026 05:30:51 PM,25 August 2026 05:30:51 PM,2026-08-25T13:26:33.702406+00:00,160.01,156.71,158.14,158.36,MAS,1.1824965220690558,0.9042620462880856
standardized,uob,CHF,SGD,CHF/SGD,100,Indicative board,board,"SGD 40,000 – 100,000",std_40k_100k,forex_sgd,25 August 2026 05:30:51 PM,25 August 2026 05:30:51 PM,2026-08-25T13:26:33.702406+00:00,160.01,156.71,158.14,158.36,MAS,1.1824965220690558,0.9042620462880856
standardized,uob,CHF,SGD,CHF/SGD,100,Indicative board,board,SGD 50 – 200,std_50_200,forex_sgd,25 August 2026 05:30:51 PM,25 August 2026 05:30:51 PM,2026-08-25T13:26:33.702406+00:00,160.01,156.71,158.14,158.36,MAS,1.1824965220690558,0.9042620462880856
standardized,uob,CHF,SGD,CHF/SGD,100,Indicative board,board,SGD < 50,std_lt_50,forex_sgd,25 August 2026 05:30:51 PM,25 August 2026 05:30:51 PM,2026-08-25T13:26:33.702406+00:00,160.01,156.71,158.14,158.36,MAS,1.1824965220690558,0.9042620462880856
standardized,uob,CNH,SGD,CNH/SGD,100,Indicative board,board,"SGD 200 – 39,999.99",std_200_40k,forex_sgd,25 August 2026 05:30:51 PM,25 August 2026 05:30:51 PM,2026-08-25T13:26:33.702406+00:00,19.13,18.67,,18.9,,,
standardized,uob,CNH,SGD,CNH/SGD,100,Indicative board,board,"SGD 40,000 – 100,000",std_40k_100k,forex_sgd,25 August 2026 05:30:51 PM,25 August 2026 05:30:51 PM,2026-08-25T13:26:33.702406+00:00,19.13,18.67,,18.9,,,
standardized,uob,CNH,SGD,CNH/SGD,100,Indicative board,board,SGD 50 – 200,std_50_200,forex_sgd,25 August 2026 05:30:51 PM,25 August 2026 05:30:51 PM,2026-08-25T13:26:33.702406+00:00,19.13,18.67,,18.9,,,
standardized,uob,CNH,SGD,CNH/SGD,100,Indicative board,board,SGD < 50,std_lt_50,forex_sgd,25 August 2026 05:30:51 PM,25 August 2026 05:30:51 PM,2026-08-25T13:26:33.702406+00:00,19.13,18.67,,18.9,,,
standardized,uob,DKK,SGD,DKK/SGD,100,Indicative board,board,"SGD 200 – 39,999.99",std_200_40k,forex_sgd,25 August 2026 05:30:51 PM,25 August 2026 05:30:51 PM,2026-08-25T13:26:33.702406+00:00,20.19,19.49,,19.84,,,
standardized,uob,DKK,SGD,DKK/SGD,100,Indicative board,board,"SGD 40,000 – 100,000",std_40k_100k,forex_sgd,25 August 2026 05:30:51 PM,25 August 2026 05:30:51 PM,2026-08-25T13:26:33.702406+00:00,20.19,19.49,,19.84,,,
standardized,uob,DKK,SGD,DKK/SGD,100,Indicative board,board,SGD 50 – 200,std_50_200,forex_sgd,25 August 2026 05:30:51 PM,25 August 2026 05:30:51 PM,2026-08-25T13:26:33.702406+00:00,20.19,19.49,,19.84,,,
standardized,uob,DKK,SGD,DKK/SGD,100,Indicative board,board,SGD < 50,std_lt_50,forex_sgd,25 August 2026 05:30:51 PM,25 August 2026 05:30:51 PM,2026-08-25T13:26:33.702406+00:00,20.19,19.49,,19.84,,,
standardized,uob,EGP,SGD,EGP/SGD,100,Indicative board,board,"SGD 200 – 39,999.99",std_200_40k,forex_sgd,25 August 2026 05:30:51 PM,25 August 2026 05:30:51 PM,2026-08-25T13:26:33.702406+00:00,2.5724,,,,,,
standardized,uob,EGP,SGD,EGP/SGD,100,Indicative board,board,"SGD 40,000 – 100,000",std_40k_100k,forex_sgd,25 August 2026 05:30:51 PM,25 August 2026 05:30:51 PM,2026-08-25T13:26:33.702406+00:00,2.5724,,,,,,
standardized,uob,EGP,SGD,EGP/SGD,100,Indicative board,board,SGD 50 – 200,std_50_200,forex_sgd,25 August 2026 05:30:51 PM,25 August 2026 05:30:51 PM,2026-08-25T13:26:33.702406+00:00,2.5724,,,,,,
standardized,uob,EGP,SGD,EGP/SGD,100,Indicative board,board,SGD < 50,std_lt_50,forex_sgd,25 August 2026 05:30:51 PM,25 August 2026 05:30:51 PM,2026-08-25T13:26:33.702406+00:00,2.5724,,,,,,
standardized,uob,EUR,SGD,EUR/SGD,1,Indicative board,board,"SGD 200 – 39,999.99",std_200_40k,forex_sgd,25 August 2026 05:30:51 PM,25 August 2026 05:30:51 PM,2026-08-25T13:26:33.702406+00:00,1.5019,1.4639,1.4818,1.4828999999999999,MAS,1.3564583614522883,1.2079902820893527
standardized,uob,EUR,SGD,EUR/SGD,1,Indicative board,board,"SGD 40,000 – 100,000",std_40k_100k,forex_sgd,25 August 2026 05:30:51 PM,25 August 2026 05:30:51 PM,2026-08-25T13:26:33.702406+00:00,1.5019,1.4639,1.4818,1.4828999999999999,MAS,1.3564583614522883,1.2079902820893527
standardized,uob,EUR,SGD,EUR/SGD,1,Indicative board,board,SGD 50 – 200,std_50_200,forex_sgd,25 August 2026 05:30:51 PM,25 August 2026 05:30:51 PM,2026-08-25T13:26:33.702406+00:00,1.5019,1.4639,1.4818,1.4828999999999999,MAS,1.3564583614522883,1.2079902820893527
standardized,uob,EUR,SGD,EUR/SGD,1,Indicative board,board,SGD < 50,std_lt_50,forex_sgd,25 August 2026 05:30:51 PM,25 August 2026 05:30:51 PM,2026-08-25T13:26:33.702406+00:00,1.5019,1.4639,1.4818,1.4828999999999999,MAS,1.3564583614522883,1.2079902820893527
standardized,uob,GBP,SGD,GBP/SGD,1,Indicative board,board,"SGD 200 – 39,999.99",std_200_40k,forex_sgd,25 August 2026 05:30:51 PM,25 August 2026 05:30:51 PM,2026-08-25T13:26:33.702406+00:00,1.7565,1.7115,1.7318,1.734,MAS,1.426261693036144,1.1721907841552133
standardized,uob,GBP,SGD,GBP/SGD,1,Indicative board,board,"SGD 40,000 – 100,000",std_40k_100k,forex_sgd,25 August 2026 05:30:51 PM,25 August 2026 05:30:51 PM,2026-08-25T13:26:33.702406+00:00,1.7565,1.7115,1.7318,1.734,MAS,1.426261693036144,1.1721907841552133
standardized,uob,GBP,SGD,GBP/SGD,1,Indicative board,board,SGD 50 – 200,std_50_200,forex_sgd,25 August 2026 05:30:51 PM,25 August 2026 05:30:51 PM,2026-08-25T13:26:33.702406+00:00,1.7565,1.7115,1.7318,1.734,MAS,1.426261693036144,1.1721907841552133
standardized,uob,GBP,SGD,GBP/SGD,1,Indicative board,board,SGD < 50,std_lt_50,forex_sgd,25 August 2026 05:30:51 PM,25 August 2026 05:30:51 PM,2026-08-25T13:26:33.702406+00:00,1.7565,1.7115,1.7318,1.734,MAS,1.426261693036144,1.1721907841552133
standardized,uob,HKD,SGD,HKD/SGD,100,Indicative board,board,"SGD 200 – 39,999.99",std_200_40k,forex_sgd,25 August 2026 05:30:51 PM,25 August 2026 05:30:51 PM,2026-08-25T13:26:33.702406+00:00,16.389,16.031,16.21,16.21,MAS,1.1042566317088123,1.1042566317088343
standardized,uob,HKD,SGD,HKD/SGD,100,Indicative board,board,"SGD 40,000 – 100,000",std_40k_100k,forex_sgd,25 August 2026 05:30:51 PM,25 August 2026 05:30:51 PM,2026-08-25T13:26:33.702406+00:00,16.389,16.031,16.21,16.21,MAS,1.1042566317088123,1.1042566317088343
standardized,uob,HKD,SGD,HKD/SGD,100,Indicative board,board,SGD 50 – 200,std_50_200,forex_sgd,25 August 2026 05:30:51 PM,25 August 2026 05:30:51 PM,2026-08-25T13:26:33.702406+00:00,16.389,16.031,16.21,16.21,MAS,1.1042566317088123,1.1042566317088343
standardized,uob,HKD,SGD,HKD/SGD,100,Indicative board,board,SGD < 50,std_lt_50,forex_sgd,25 August 2026 05:30:51 PM,25 August 2026 05:30:51 PM,2026-08-25T13:26:33.702406+00:00,16.389,16.031,16.21,16.21,MAS,1.1042566317088123,1.1042566317088343
standardized,uob,INR,SGD,INR/SGD,100,Indicative board,board,"SGD 200 – 39,999.99",std_200_40k,forex_sgd,25 August 2026 05:30:51 PM,25 August 2026 05:30:51 PM,2026-08-25T13:26:33.702406+00:00,1.3674,,1.3273,,MAS,3.0211707978603197,
standardized,uob,INR,SGD,INR/SGD,100,Indicative board,board,"SGD 40,000 – 100,000",std_40k_100k,forex_sgd,25 August 2026 05:30:51 PM,25 August 2026 05:30:51 PM,2026-08-25T13:26:33.702406+00:00,1.3674,,1.3273,,MAS,3.0211707978603197,
standardized,uob,INR,SGD,INR/SGD,100,Indicative board,board,SGD 50 – 200,std_50_200,forex_sgd,25 August 2026 05:30:51 PM,25 August 2026 05:30:51 PM,2026-08-25T13:26:33.702406+00:00,1.3674,,1.3273,,MAS,3.0211707978603197,
standardized,uob,INR,SGD,INR/SGD,100,Indicative board,board,SGD < 50,std_lt_50,forex_sgd,25 August 2026 05:30:51 PM,25 August 2026 05:30:51 PM,2026-08-25T13:26:33.702406+00:00,1.3674,,1.3273,,MAS,3.0211707978603197,
standardized,uob,JPY,SGD,JPY/SGD,100,Indicative board,board,"SGD 200 – 39,999.99",std_200_40k,forex_sgd,25 August 2026 05:30:51 PM,25 August 2026 05:30:51 PM,2026-08-25T13:26:33.702406+00:00,0.8149,0.7809,0.7976000000000001,0.7979,MAS,2.169007021063173,2.0937813440321023
standardized,uob,JPY,SGD,JPY/SGD,100,Indicative board,board,"SGD 40,000 – 100,000",std_40k_100k,forex_sgd,25 August 2026 05:30:51 PM,25 August 2026 05:30:51 PM,2026-08-25T13:26:33.702406+00:00,0.8149,0.7809,0.7976000000000001,0.7979,MAS,2.169007021063173,2.0937813440321023
standardized,uob,JPY,SGD,JPY/SGD,100,Indicative board,board,SGD 50 – 200,std_50_200,forex_sgd,25 August 2026 05:30:51 PM,25 August 2026 05:30:51 PM,2026-08-25T13:26:33.702406+00:00,0.8149,0.7809,0.7976000000000001,0.7979,MAS,2.169007021063173,2.0937813440321023
standardized,uob,JPY,SGD,JPY/SGD,100,Indicative board,board,SGD < 50,std_lt_50,forex_sgd,25 August 2026 05:30:51 PM,25 August 2026 05:30:51 PM,2026-08-25T13:26:33.702406+00:00,0.8149,0.7809,0.7976000000000001,0.7979,MAS,2.169007021063173,2.0937813440321023
standardized,uob,KRW,SGD,KRW/SGD,1000,Indicative board,board,"SGD 200 – 39,999.99",std_200_40k,forex_sgd,25 August 2026 05:30:51 PM,25 August 2026 05:30:51 PM,2026-08-25T13:26:33.702406+00:00,0.9328,,0.918,,MAS,1.6122004357298392,
standardized,uob,KRW,SGD,KRW/SGD,1000,Indicative board,board,"SGD 40,000 – 100,000",std_40k_100k,forex_sgd,25 August 2026 05:30:51 PM,25 August 2026 05:30:51 PM,2026-08-25T13:26:33.702406+00:00,0.9328,,0.918,,MAS,1.6122004357298392,
standardized,uob,KRW,SGD,KRW/SGD,1000,Indicative board,board,SGD 50 – 200,std_50_200,forex_sgd,25 August 2026 05:30:51 PM,25 August 2026 05:30:51 PM,2026-08-25T13:26:33.702406+00:00,0.9328,,0.918,,MAS,1.6122004357298392,
standardized,uob,KRW,SGD,KRW/SGD,1000,Indicative board,board,SGD < 50,std_lt_50,forex_sgd,25 August 2026 05:30:51 PM,25 August 2026 05:30:51 PM,2026-08-25T13:26:33.702406+00:00,0.9328,,0.918,,MAS,1.6122004357298392,
standardized,uob,KWD,SGD,KWD/SGD,1,Indicative board,board,"SGD 200 – 39,999.99",std_200_40k,forex_sgd,25 August 2026 05:30:51 PM,25 August 2026 05:30:51 PM,2026-08-25T13:26:33.702406+00:00,4.1777,,,,,,
standardized,uob,KWD,SGD,KWD/SGD,1,Indicative board,board,"SGD 40,000 – 100,000",std_40k_100k,forex_sgd,25 August 2026 05:30:51 PM,25 August 2026 05:30:51 PM,2026-08-25T13:26:33.702406+00:00,4.1777,,,,,,
standardized,uob,KWD,SGD,KWD/SGD,1,Indicative board,board,SGD 50 – 200,std_50_200,forex_sgd,25 August 2026 05:30:51 PM,25 August 2026 05:30:51 PM,2026-08-25T13:26:33.702406+00:00,4.1777,,,,,,
standardized,uob,KWD,SGD,KWD/SGD,1,Indicative board,board,SGD < 50,std_lt_50,forex_sgd,25 August 2026 05:30:51 PM,25 August 2026 05:30:51 PM,2026-08-25T13:26:33.702406+00:00,4.1777,,,,,,
standardized,uob,LKR,SGD,LKR/SGD,100,Indicative board,board,"SGD 200 – 39,999.99",std_200_40k,forex_sgd,25 August 2026 05:30:51 PM,25 August 2026 05:30:51 PM,2026-08-25T13:26:33.702406+00:00,0.3924,,,,,,
standardized,uob,LKR,SGD,LKR/SGD,100,Indicative board,board,"SGD 40,000 – 100,000",std_40k_100k,forex_sgd,25 August 2026 05:30:51 PM,25 August 2026 05:30:51 PM,2026-08-25T13:26:33.702406+00:00,0.3924,,,,,,
standardized,uob,LKR,SGD,LKR/SGD,100,Indicative board,board,SGD 50 – 200,std_50_200,forex_sgd,25 August 2026 05:30:51 PM,25 August 2026 05:30:51 PM,2026-08-25T13:26:33.702406+00:00,0.3924,,,,,,
standardized,uob,LKR,SGD,LKR/SGD,100,Indicative board,board,SGD < 50,std_lt_50,forex_sgd,25 August 2026 05:30:51 PM,25 August 2026 05:30:51 PM,2026-08-25T13:26:33.702406+00:00,0.3924,,,,,,
standardized,uob,MXN,SGD,MXN/SGD,100,Indicative board,board,"SGD 200 – 39,999.99",std_200_40k,forex_sgd,25 August 2026 05:30:51 PM,25 August 2026 05:30:51 PM,2026-08-25T13:26:33.702406+00:00,7.5811,,,,,,
standardized,uob,MXN,SGD,MXN/SGD,100,Indicative board,board,"SGD 40,000 – 100,000",std_40k_100k,forex_sgd,25 August 2026 05:30:51 PM,25 August 2026 05:30:51 PM,2026-08-25T13:26:33.702406+00:00,7.5811,,,,,,
standardized,uob,MXN,SGD,MXN/SGD,100,Indicative board,board,SGD 50 – 200,std_50_200,forex_sgd,25 August 2026 05:30:51 PM,25 August 2026 05:30:51 PM,2026-08-25T13:26:33.702406+00:00,7.5811,,,,,,
standardized,uob,MXN,SGD,MXN/SGD,100,Indicative board,board,SGD < 50,std_lt_50,forex_sgd,25 August 2026 05:30:51 PM,25 August 2026 05:30:51 PM,2026-08-25T13:26:33.702406+00:00,7.5811,,,,,,
standardized,uob,MYR,SGD,MYR/SGD,100,Indicative board,board,"SGD 200 – 39,999.99",std_200_40k,forex_sgd,25 August 2026 05:30:51 PM,25 August 2026 05:30:51 PM,2026-08-25T13:26:33.702406+00:00,,,31.4,,MAS,,
standardized,uob,MYR,SGD,MYR/SGD,100,Indicative board,board,"SGD 40,000 – 100,000",std_40k_100k,forex_sgd,25 August 2026 05:30:51 PM,25 August 2026 05:30:51 PM,2026-08-25T13:26:33.702406+00:00,,,31.4,,MAS,,
standardized,uob,MYR,SGD,MYR/SGD,100,Indicative board,board,SGD 50 – 200,std_50_200,forex_sgd,25 August 2026 05:30:51 PM,25 August 2026 05:30:51 PM,2026-08-25T13:26:33.702406+00:00,,,31.4,,MAS,,
standardized,uob,MYR,SGD,MYR/SGD,100,Indicative board,board,SGD < 50,std_lt_50,forex_sgd,25 August 2026 05:30:51 PM,25 August 2026 05:30:51 PM,2026-08-25T13:26:33.702406+00:00,,,31.4,,MAS,,
standardized,uob,NOK,SGD,NOK/SGD,100,Indicative board,board,"SGD 200 – 39,999.99",std_200_40k,forex_sgd,25 August 2026 05:30:51 PM,25 August 2026 05:30:51 PM,2026-08-25T13:26:33.702406+00:00,13.83,13.39,,13.61,,,
standardized,uob,NOK,SGD,NOK/SGD,100,Indicative board,board,"SGD 40,000 – 100,000",std_40k_100k,forex_sgd,25 August 2026 05:30:51 PM,25 August 2026 05:30:51 PM,2026-08-25T13:26:33.702406+00:00,13.83,13.39,,13.61,,,
standardized,uob,NOK,SGD,NOK/SGD,100,Indicative board,board,SGD 50 – 200,std_50_200,forex_sgd,25 August 2026 05:30:51 PM,25 August 2026 05:30:51 PM,2026-08-25T13:26:33.702406+00:00,13.83,13.39,,13.61,,,
standardized,uob,NOK,SGD,NOK/SGD,100,Indicative board,board,SGD < 50,std_lt_50,forex_sgd,25 August 2026 05:30:51 PM,25 August 2026 05:30:51 PM,2026-08-25T13:26:33.702406+00:00,13.83,13.39,,13.61,,,
standardized,uob,NZD,SGD,NZD/SGD,1,Indicative board,board,"SGD 200 – 39,999.99",std_200_40k,forex_sgd,25 August 2026 05:30:51 PM,25 August 2026 05:30:51 PM,2026-08-25T13:26:33.702406+00:00,0.7672,0.7472,0.7573000000000001,0.7572,MAS,1.3072758484088085,1.3336854615080032
standardized,uob,NZD,SGD,NZD/SGD,1,Indicative board,board,"SGD 40,000 – 100,000",std_40k_100k,forex_sgd,25 August 2026 05:30:51 PM,25 August 2026 05:30:51 PM,2026-08-25T13:26:33.702406+00:00,0.7672,0.7472,0.7573000000000001,0.7572,MAS,1.3072758484088085,1.3336854615080032
standardized,uob,NZD,SGD,NZD/SGD,1,Indicative board,board,SGD 50 – 200,std_50_200,forex_sgd,25 August 2026 05:30:51 PM,25 August 2026 05:30:51 PM,2026-08-25T13:26:33.702406+00:00,0.7672,0.7472,0.7573000000000001,0.7572,MAS,1.3072758484088085,1.3336854615080032
standardized,uob,NZD,SGD,NZD/SGD,1,Indicative board,board,SGD < 50,std_lt_50,forex_sgd,25 August 2026 05:30:51 PM,25 August 2026 05:30:51 PM,2026-08-25T13:26:33.702406+00:00,0.7672,0.7472,0.7573000000000001,0.7572,MAS,1.3072758484088085,1.3336854615080032
standardized,uob,PHP,SGD,PHP/SGD,100,Indicative board,board,"SGD 200 – 39,999.99",std_200_40k,forex_sgd,25 August 2026 05:30:51 PM,25 August 2026 05:30:51 PM,2026-08-25T13:26:33.702406+00:00,2.1048,,2.0593,,MAS,2.209488661195557,
standardized,uob,PHP,SGD,PHP/SGD,100,Indicative board,board,"SGD 40,000 – 100,000",std_40k_100k,forex_sgd,25 August 2026 05:30:51 PM,25 August 2026 05:30:51 PM,2026-08-25T13:26:33.702406+00:00,2.1048,,2.0593,,MAS,2.209488661195557,
standardized,uob,PHP,SGD,PHP/SGD,100,Indicative board,board,SGD 50 – 200,std_50_200,forex_sgd,25 August 2026 05:30:51 PM,25 August 2026 05:30:51 PM,2026-08-25T13:26:33.702406+00:00,2.1048,,2.0593,,MAS,2.209488661195557,
standardized,uob,PHP,SGD,PHP/SGD,100,Indicative board,board,SGD < 50,std_lt_50,forex_sgd,25 August 2026 05:30:51 PM,25 August 2026 05:30:51 PM,2026-08-25T13:26:33.702406+00:00,2.1048,,2.0593,,MAS,2.209488661195557,
standardized,uob,PKR,SGD,PKR/SGD,100,Indicative board,board,"SGD 200 – 39,999.99",std_200_40k,forex_sgd,25 August 2026 05:30:51 PM,25 August 2026 05:30:51 PM,2026-08-25T13:26:33.702406+00:00,0.464,,,,,,
standardized,uob,PKR,SGD,PKR/SGD,100,Indicative board,board,"SGD 40,000 – 100,000",std_40k_100k,forex_sgd,25 August 2026 05:30:51 PM,25 August 2026 05:30:51 PM,2026-08-25T13:26:33.702406+00:00,0.464,,,,,,
standardized,uob,PKR,SGD,PKR/SGD,100,Indicative board,board,SGD 50 – 200,std_50_200,forex_sgd,25 August 2026 05:30:51 PM,25 August 2026 05:30:51 PM,2026-08-25T13:26:33.702406+00:00,0.464,,,,,,
standardized,uob,PKR,SGD,PKR/SGD,100,Indicative board,board,SGD < 50,std_lt_50,forex_sgd,25 August 2026 05:30:51 PM,25 August 2026 05:30:51 PM,2026-08-25T13:26:33.702406+00:00,0.464,,,,,,
standardized,uob,SAR,SGD,SAR/SGD,100,Indicative board,board,"SGD 200 – 39,999.99",std_200_40k,forex_sgd,25 August 2026 05:30:51 PM,25 August 2026 05:30:51 PM,2026-08-25T13:26:33.702406+00:00,,,33.84,,MAS,,
standardized,uob,SAR,SGD,SAR/SGD,100,Indicative board,board,"SGD 40,000 – 100,000",std_40k_100k,forex_sgd,25 August 2026 05:30:51 PM,25 August 2026 05:30:51 PM,2026-08-25T13:26:33.702406+00:00,,,33.84,,MAS,,
standardized,uob,SAR,SGD,SAR/SGD,100,Indicative board,board,SGD 50 – 200,std_50_200,forex_sgd,25 August 2026 05:30:51 PM,25 August 2026 05:30:51 PM,2026-08-25T13:26:33.702406+00:00,,,33.84,,MAS,,
standardized,uob,SAR,SGD,SAR/SGD,100,Indicative board,board,SGD < 50,std_lt_50,forex_sgd,25 August 2026 05:30:51 PM,25 August 2026 05:30:51 PM,2026-08-25T13:26:33.702406+00:00,,,33.84,,MAS,,
standardized,uob,SEK,SGD,SEK/SGD,100,Indicative board,board,"SGD 200 – 39,999.99",std_200_40k,forex_sgd,25 August 2026 05:30:51 PM,25 August 2026 05:30:51 PM,2026-08-25T13:26:33.702406+00:00,13.62,13.14,,13.379999999999999,,,
standardized,uob,SEK,SGD,SEK/SGD,100,Indicative board,board,"SGD 40,000 – 100,000",std_40k_100k,forex_sgd,25 August 2026 05:30:51 PM,25 August 2026 05:30:51 PM,2026-08-25T13:26:33.702406+00:00,13.62,13.14,,13.379999999999999,,,
standardized,uob,SEK,SGD,SEK/SGD,100,Indicative board,board,SGD 50 – 200,std_50_200,forex_sgd,25 August 2026 05:30:51 PM,25 August 2026 05:30:51 PM,2026-08-25T13:26:33.702406+00:00,13.62,13.14,,13.379999999999999,,,
standardized,uob,SEK,SGD,SEK/SGD,100,Indicative board,board,SGD < 50,std_lt_50,forex_sgd,25 August 2026 05:30:51 PM,25 August 2026 05:30:51 PM,2026-08-25T13:26:33.702406+00:00,13.62,13.14,,13.379999999999999,,,
standardized,uob,THB,SGD,THB/SGD,100,Indicative board,board,"SGD 200 – 39,999.99",std_200_40k,forex_sgd,25 August 2026 05:30:51 PM,25 August 2026 05:30:51 PM,2026-08-25T13:26:33.702406+00:00,3.98,3.78,3.88,3.88,MAS,2.5773195876288684,2.5773195876288684
standardized,uob,THB,SGD,THB/SGD,100,Indicative board,board,"SGD 40,000 – 100,000",std_40k_100k,forex_sgd,25 August 2026 05:30:51 PM,25 August 2026 05:30:51 PM,2026-08-25T13:26:33.702406+00:00,3.98,3.78,3.88,3.88,MAS,2.5773195876288684,2.5773195876288684
standardized,uob,THB,SGD,THB/SGD,100,Indicative board,board,SGD 50 – 200,std_50_200,forex_sgd,25 August 2026 05:30:51 PM,25 August 2026 05:30:51 PM,2026-08-25T13:26:33.702406+00:00,3.98,3.78,3.88,3.88,MAS,2.5773195876288684,2.5773195876288684
standardized,uob,THB,SGD,THB/SGD,100,Indicative board,board,SGD < 50,std_lt_50,forex_sgd,25 August 2026 05:30:51 PM,25 August 2026 05:30:51 PM,2026-08-25T13:26:33.702406+00:00,3.98,3.78,3.88,3.88,MAS,2.5773195876288684,2.5773195876288684
standardized,uob,TWD,SGD,TWD/SGD,100,Indicative board,board,"SGD 200 – 39,999.99",std_200_40k,forex_sgd,25 August 2026 05:30:51 PM,25 August 2026 05:30:51 PM,2026-08-25T13:26:33.702406+00:00,4.0805,,3.9849,,MAS,2.3990564380536443,
standardized,uob,TWD,SGD,TWD/SGD,100,Indicative board,board,"SGD 40,000 – 100,000",std_40k_100k,forex_sgd,25 August 2026 05:30:51 PM,25 August 2026 05:30:51 PM,2026-08-25T13:26:33.702406+00:00,4.0805,,3.9849,,MAS,2.3990564380536443,
standardized,uob,TWD,SGD,TWD/SGD,100,Indicative board,board,SGD 50 – 200,std_50_200,forex_sgd,25 August 2026 05:30:51 PM,25 August 2026 05:30:51 PM,2026-08-25T13:26:33.702406+00:00,4.0805,,3.9849,,MAS,2.3990564380536443,
standardized,uob,TWD,SGD,TWD/SGD,100,Indicative board,board,SGD < 50,std_lt_50,forex_sgd,25 August 2026 05:30:51 PM,25 August 2026 05:30:51 PM,2026-08-25T13:26:33.702406+00:00,4.0805,,3.9849,,MAS,2.3990564380536443,
standardized,uob,USD,SGD,USD/SGD,1,Indicative board,board,"SGD 200 – 39,999.99",std_200_40k,forex_sgd,25 August 2026 05:30:51 PM,25 August 2026 05:30:51 PM,2026-08-25T13:26:33.702406+00:00,1.2825,1.2585,1.2707,1.2705,MAS,0.9286220193594107,0.9601007318800653
standardized,uob,USD,SGD,USD/SGD,1,Indicative board,board,"SGD 40,000 – 100,000",std_40k_100k,forex_sgd,25 August 2026 05:30:51 PM,25 August 2026 05:30:51 PM,2026-08-25T13:26:33.702406+00:00,1.2825,1.2585,1.2707,1.2705,MAS,0.9286220193594107,0.9601007318800653
standardized,uob,USD,SGD,USD/SGD,1,Indicative board,board,SGD 50 – 200,std_50_200,forex_sgd,25 August 2026 05:30:51 PM,25 August 2026 05:30:51 PM,2026-08-25T13:26:33.702406+00:00,1.2825,1.2585,1.2707,1.2705,MAS,0.9286220193594107,0.9601007318800653
standardized,uob,USD,SGD,USD/SGD,1,Indicative board,board,SGD < 50,std_lt_50,forex_sgd,25 August 2026 05:30:51 PM,25 August 2026 05:30:51 PM,2026-08-25T13:26:33.702406+00:00,1.2825,1.2585,1.2707,1.2705,MAS,0.9286220193594107,0.9601007318800653
standardized,uob,VND,SGD,VND/SGD,1000,Indicative board,board,"SGD 200 – 39,999.99",std_200_40k,forex_sgd,25 August 2026 05:30:51 PM,25 August 2026 05:30:51 PM,2026-08-25T13:26:33.702406+00:00,0.0497,,0.04864,,MAS,2.1792763157894703,
standardized,uob,VND,SGD,VND/SGD,1000,Indicative board,board,"SGD 40,000 – 100,000",std_40k_100k,forex_sgd,25 August 2026 05:30:51 PM,25 August 2026 05:30:51 PM,2026-08-25T13:26:33.702406+00:00,0.0497,,0.04864,,MAS,2.1792763157894703,
standardized,uob,VND,SGD,VND/SGD,1000,Indicative board,board,SGD 50 – 200,std_50_200,forex_sgd,25 August 2026 05:30:51 PM,25 August 2026 05:30:51 PM,2026-08-25T13:26:33.702406+00:00,0.0497,,0.04864,,MAS,2.1792763157894703,
standardized,uob,VND,SGD,VND/SGD,1000,Indicative board,board,SGD < 50,std_lt_50,forex_sgd,25 August 2026 05:30:51 PM,25 August 2026 05:30:51 PM,2026-08-25T13:26:33.702406+00:00,0.0497,,0.04864,,MAS,2.1792763157894703,
standardized,uob,XAF,SGD,XAF/SGD,100,Indicative board,board,"SGD 200 – 39,999.99",std_200_40k,forex_sgd,25 August 2026 05:30:51 PM,25 August 2026 05:30:51 PM,2026-08-25T13:26:33.702406+00:00,0.2319,,,,,,
standardized,uob,XAF,SGD,XAF/SGD,100,Indicative board,board,"SGD 40,000 – 100,000",std_40k_100k,forex_sgd,25 August 2026 05:30:51 PM,25 August 2026 05:30:51 PM,2026-08-25T13:26:33.702406+00:00,0.2319,,,,,,
standardized,uob,XAF,SGD,XAF/SGD,100,Indicative board,board,SGD 50 – 200,std_50_200,forex_sgd,25 August 2026 05:30:51 PM,25 August 2026 05:30:51 PM,2026-08-25T13:26:33.702406+00:00,0.2319,,,,,,
standardized,uob,XAF,SGD,XAF/SGD,100,Indicative board,board,SGD < 50,std_lt_50,forex_sgd,25 August 2026 05:30:51 PM,25 August 2026 05:30:51 PM,2026-08-25T13:26:33.702406+00:00,0.2319,,,,,,
standardized,uob,XOF,SGD,XOF/SGD,100,Indicative board,board,"SGD 200 – 39,999.99",std_200_40k,forex_sgd,25 August 2026 05:30:51 PM,25 August 2026 05:30:51 PM,2026-08-25T13:26:33.702406+00:00,0.2335,,,,,,
standardized,uob,XOF,SGD,XOF/SGD,100,Indicative board,board,"SGD 40,000 – 100,000",std_40k_100k,forex_sgd,25 August 2026 05:30:51 PM,25 August 2026 05:30:51 PM,2026-08-25T13:26:33.702406+00:00,0.2335,,,,,,
standardized,uob,XOF,SGD,XOF/SGD,100,Indicative board,board,SGD 50 – 200,std_50_200,forex_sgd,25 August 2026 05:30:51 PM,25 August 2026 05:30:51 PM,2026-08-25T13:26:33.702406+00:00,0.2335,,,,,,
standardized,uob,XOF,SGD,XOF/SGD,100,Indicative board,board,SGD < 50,std_lt_50,forex_sgd,25 August 2026 05:30:51 PM,25 August 2026 05:30:51 PM,2026-08-25T13:26:33.702406+00:00,0.2335,,,,,,
standardized,uob,ZAR,SGD,ZAR/SGD,1,Indicative board,board,"SGD 200 – 39,999.99",std_200_40k,forex_sgd,25 August 2026 05:30:51 PM,25 August 2026 05:30:51 PM,2026-08-25T13:26:33.702406+00:00,0.0814,0.0774,,0.0794,,,
standardized,uob,ZAR,SGD,ZAR/SGD,1,Indicative board,board,"SGD 40,000 – 100,000",std_40k_100k,forex_sgd,25 August 2026 05:30:51 PM,25 August 2026 05:30:51 PM,2026-08-25T13:26:33.702406+00:00,0.0814,0.0774,,0.0794,,,
standardized,uob,ZAR,SGD,ZAR/SGD,1,Indicative board,board,SGD 50 – 200,std_50_200,forex_sgd,25 August 2026 05:30:51 PM,25 August 2026 05:30:51 PM,2026-08-25T13:26:33.702406+00:00,0.0814,0.0774,,0.0794,,,
standardized,uob,ZAR,SGD,ZAR/SGD,1,Indicative board,board,SGD < 50,std_lt_50,forex_sgd,25 August 2026 05:30:51 PM,25 August 2026 05:30:51 PM,2026-08-25T13:26:33.702406+00:00,0.0814,0.0774,,0.0794,,,
