record_type,bank,base_currency,quote_currency,currency_pair,unit,transaction_value,amount_tier,std_transaction_value,std_amount_tier,group,effective_date,last_updated,scraped_at,tt_od_sell,tt_buy,mid_rate,sell_margin_pct,buy_margin_pct
native,dbs,AED,SGD,AED/SGD,1,SGD 50 – 200,amtBtw50And200,,,mainCurrencies,2026-08-26 21:15:00,2026-08-26 13:15:13,2026-08-26T13:31:53.125532+00:00,0.3485,0.3437,0.34609999999999996,0.693441201964754,0.6934412019647379
native,dbs,AED,SGD,AED/SGD,1,SGD < 50,amtLessThan50,,,mainCurrencies,2026-08-26 21:15:00,2026-08-26 13:15:13,2026-08-26T13:31:53.125532+00:00,0.3512,0.3409,0.34604999999999997,1.4882242450513057,1.48822424505129
native,dbs,AUD,SGD,AUD/SGD,1,SGD 50 – 200,amtBtw50And200,,,mainCurrencies,2026-08-26 21:15:00,2026-08-26 13:15:13,2026-08-26T13:31:53.125532+00:00,0.9224,0.9022,0.9123,1.107091965362271,1.107091965362271
native,dbs,AUD,SGD,AUD/SGD,1,SGD < 50,amtLessThan50,,,mainCurrencies,2026-08-26 21:15:00,2026-08-26 13:15:13,2026-08-26T13:31:53.125532+00:00,0.9228,0.9017,0.91225,1.15648122773362,1.156481227733632
native,dbs,BDT,SGD,BDT/SGD,100,SGD 50 – 200,amtBtw50And200,,,otherCurrencies,2026-08-26 21:15:00,2026-08-26 13:15:13,2026-08-26T13:31:53.125532+00:00,1.0498,,,,
native,dbs,BDT,SGD,BDT/SGD,100,SGD < 50,amtLessThan50,,,otherCurrencies,2026-08-26 21:15:00,2026-08-26 13:15:13,2026-08-26T13:31:53.125532+00:00,1.0498,,,,
native,dbs,BHD,SGD,BHD/SGD,1,SGD 50 – 200,amtBtw50And200,,,otherCurrencies,2026-08-26 21:15:00,2026-08-26 13:15:13,2026-08-26T13:31:53.125532+00:00,3.4522,,,,
native,dbs,BHD,SGD,BHD/SGD,1,SGD < 50,amtLessThan50,,,otherCurrencies,2026-08-26 21:15:00,2026-08-26 13:15:13,2026-08-26T13:31:53.125532+00:00,3.4658,,,,
native,dbs,BND,SGD,BND/SGD,1,SGD 50 – 200,amtBtw50And200,,,otherCurrencies,2026-08-26 21:15:00,2026-08-26 13:15:13,2026-08-26T13:31:53.125532+00:00,1.0,1.0,1.0,0.0,0.0
native,dbs,BND,SGD,BND/SGD,1,SGD < 50,amtLessThan50,,,otherCurrencies,2026-08-26 21:15:00,2026-08-26 13:15:13,2026-08-26T13:31:53.125532+00:00,1.0,1.0,1.0,0.0,0.0
native,dbs,CAD,SGD,CAD/SGD,1,SGD 50 – 200,amtBtw50And200,,,mainCurrencies,2026-08-26 21:15:00,2026-08-26 13:15:13,2026-08-26T13:31:53.125532+00:00,0.9231,0.9093,0.9162,0.7531106745252147,0.7531106745252147
native,dbs,CAD,SGD,CAD/SGD,1,SGD < 50,amtLessThan50,,,mainCurrencies,2026-08-26 21:15:00,2026-08-26 13:15:13,2026-08-26T13:31:53.125532+00:00,0.9263,0.9061,0.9162,1.1023793931456012,1.1023793931456012
native,dbs,CHF,SGD,CHF/SGD,1,SGD 50 – 200,amtBtw50And200,,,mainCurrencies,2026-08-26 21:15:00,2026-08-26 13:15:13,2026-08-26T13:31:53.125532+00:00,1.594,1.5638,1.5789,0.9563620241940664,0.9563620241940524
native,dbs,CHF,SGD,CHF/SGD,1,SGD < 50,amtLessThan50,,,mainCurrencies,2026-08-26 21:15:00,2026-08-26 13:15:13,2026-08-26T13:31:53.125532+00:00,1.5948,1.563,1.5789,1.0070302109063287,1.0070302109063287
native,dbs,CNH,SGD,CNH/SGD,1,SGD 50 – 200,amtBtw50And200,,,mainCurrencies,2026-08-26 21:15:00,2026-08-26 13:15:13,2026-08-26T13:31:53.125532+00:00,0.1912,0.1869,0.18905,1.1372652737371136,1.1372652737370987
native,dbs,CNH,SGD,CNH/SGD,1,SGD < 50,amtLessThan50,,,mainCurrencies,2026-08-26 21:15:00,2026-08-26 13:15:13,2026-08-26T13:31:53.125532+00:00,0.1919,0.1862,0.18905,1.5075376884422065,1.5075376884422065
native,dbs,CNY,SGD,CNY/SGD,1,SGD 50 – 200,amtBtw50And200,,,otherCurrencies,2026-08-26 21:15:00,2026-08-26 13:15:13,2026-08-26T13:31:53.125532+00:00,0.1891,,,,
native,dbs,CNY,SGD,CNY/SGD,1,SGD < 50,amtLessThan50,,,otherCurrencies,2026-08-26 21:15:00,2026-08-26 13:15:13,2026-08-26T13:31:53.125532+00:00,0.1908,,,,
native,dbs,DKK,SGD,DKK/SGD,1,SGD 50 – 200,amtBtw50And200,,,mainCurrencies,2026-08-26 21:15:00,2026-08-26 13:15:13,2026-08-26T13:31:53.125532+00:00,0.2009,0.1954,0.19815,1.3878374968458251,1.3878374968458251
native,dbs,DKK,SGD,DKK/SGD,1,SGD < 50,amtLessThan50,,,mainCurrencies,2026-08-26 21:15:00,2026-08-26 13:15:13,2026-08-26T13:31:53.125532+00:00,0.2013,0.195,0.19815,1.5897047691143145,1.5897047691143005
native,dbs,EUR,SGD,EUR/SGD,1,SGD 50 – 200,amtBtw50And200,,,mainCurrencies,2026-08-26 21:15:00,2026-08-26 13:15:13,2026-08-26T13:31:53.125532+00:00,1.4943,1.469,1.4816500000000001,0.8537778827658237,0.8537778827658388
native,dbs,EUR,SGD,EUR/SGD,1,SGD < 50,amtLessThan50,,,mainCurrencies,2026-08-26 21:15:00,2026-08-26 13:15:13,2026-08-26T13:31:53.125532+00:00,1.4951,1.4683,1.4817,0.9043666059256312,0.9043666059256312
native,dbs,GBP,SGD,GBP/SGD,1,SGD 50 – 200,amtBtw50And200,,,mainCurrencies,2026-08-26 21:15:00,2026-08-26 13:15:13,2026-08-26T13:31:53.125532+00:00,1.7429,1.7168,1.7298499999999999,0.7544006705783743,0.7544006705783615
native,dbs,GBP,SGD,GBP/SGD,1,SGD < 50,amtLessThan50,,,mainCurrencies,2026-08-26 21:15:00,2026-08-26 13:15:13,2026-08-26T13:31:53.125532+00:00,1.7447,1.7151,1.7299,0.8555407827041981,0.8555407827041981
native,dbs,HKD,SGD,HKD/SGD,1,SGD 50 – 200,amtBtw50And200,,,mainCurrencies,2026-08-26 21:15:00,2026-08-26 13:15:13,2026-08-26T13:31:53.125532+00:00,0.1637,0.1605,0.16210000000000002,0.987045033929667,0.987045033929684
native,dbs,HKD,SGD,HKD/SGD,1,SGD < 50,amtLessThan50,,,mainCurrencies,2026-08-26 21:15:00,2026-08-26 13:15:13,2026-08-26T13:31:53.125532+00:00,0.1639,0.1603,0.1621,1.1104256631708798,1.1104256631708798
native,dbs,HUF,SGD,HUF/SGD,100,SGD 50 – 200,amtBtw50And200,,,otherCurrencies,2026-08-26 21:15:00,2026-08-26 13:15:13,2026-08-26T13:31:53.125532+00:00,0.4189,,,,
native,dbs,HUF,SGD,HUF/SGD,100,SGD < 50,amtLessThan50,,,otherCurrencies,2026-08-26 21:15:00,2026-08-26 13:15:13,2026-08-26T13:31:53.125532+00:00,0.4205,,,,
native,dbs,ID0,SGD,ID0/SGD,100,SGD 50 – 200,amtBtw50And200,,,otherCurrencies,2026-08-26 21:15:00,2026-08-26 13:15:13,2026-08-26T13:31:53.125532+00:00,,,,,
native,dbs,ID0,SGD,ID0/SGD,100,SGD < 50,amtLessThan50,,,otherCurrencies,2026-08-26 21:15:00,2026-08-26 13:15:13,2026-08-26T13:31:53.125532+00:00,,0.0071,,,
native,dbs,IDR,SGD,IDR/SGD,100,SGD 50 – 200,amtBtw50And200,,,mainCurrencies,2026-08-26 21:15:00,2026-08-26 13:15:13,2026-08-26T13:31:53.125532+00:00,0.0073,,,,
native,dbs,IDR,SGD,IDR/SGD,100,SGD < 50,amtLessThan50,,,mainCurrencies,2026-08-26 21:15:00,2026-08-26 13:15:13,2026-08-26T13:31:53.125532+00:00,0.0073,,,,
native,dbs,IN0,SGD,IN0/SGD,100,SGD 50 – 200,amtBtw50And200,,,otherCurrencies,2026-08-26 21:15:00,2026-08-26 13:15:13,2026-08-26T13:31:53.125532+00:00,,1.3288,,,
native,dbs,IN0,SGD,IN0/SGD,100,SGD < 50,amtLessThan50,,,otherCurrencies,2026-08-26 21:15:00,2026-08-26 13:15:13,2026-08-26T13:31:53.125532+00:00,,1.3288,,,
native,dbs,INR,SGD,INR/SGD,100,SGD 50 – 200,amtBtw50And200,,,otherCurrencies,2026-08-26 21:15:00,2026-08-26 13:15:13,2026-08-26T13:31:53.125532+00:00,1.3488,,,,
native,dbs,INR,SGD,INR/SGD,100,SGD < 50,amtLessThan50,,,otherCurrencies,2026-08-26 21:15:00,2026-08-26 13:15:13,2026-08-26T13:31:53.125532+00:00,1.3595,,,,
native,dbs,JPY,SGD,JPY/SGD,100,SGD 50 – 200,amtBtw50And200,,,mainCurrencies,2026-08-26 21:15:00,2026-08-26 13:15:13,2026-08-26T13:31:53.125532+00:00,0.8061,0.79,0.79805,1.0087087275233382,1.0087087275233382
native,dbs,JPY,SGD,JPY/SGD,100,SGD < 50,amtLessThan50,,,mainCurrencies,2026-08-26 21:15:00,2026-08-26 13:15:13,2026-08-26T13:31:53.125532+00:00,0.8069,0.7892,0.7980499999999999,1.1089530731157227,1.108953073115709
native,dbs,KRW,SGD,KRW/SGD,100,SGD 50 – 200,amtBtw50And200,,,otherCurrencies,2026-08-26 21:15:00,2026-08-26 13:15:13,2026-08-26T13:31:53.125532+00:00,0.0929,,,,
native,dbs,KRW,SGD,KRW/SGD,100,SGD < 50,amtLessThan50,,,otherCurrencies,2026-08-26 21:15:00,2026-08-26 13:15:13,2026-08-26T13:31:53.125532+00:00,0.0929,,,,
native,dbs,KWD,SGD,KWD/SGD,100,SGD 50 – 200,amtBtw50And200,,,otherCurrencies,2026-08-26 21:15:00,2026-08-26 13:15:13,2026-08-26T13:31:53.125532+00:00,422.0882,,,,
native,dbs,KWD,SGD,KWD/SGD,100,SGD < 50,amtLessThan50,,,otherCurrencies,2026-08-26 21:15:00,2026-08-26 13:15:13,2026-08-26T13:31:53.125532+00:00,423.7592,,,,
native,dbs,LKR,SGD,LKR/SGD,100,SGD 50 – 200,amtBtw50And200,,,otherCurrencies,2026-08-26 21:15:00,2026-08-26 13:15:13,2026-08-26T13:31:53.125532+00:00,0.3944,,,,
native,dbs,LKR,SGD,LKR/SGD,100,SGD < 50,amtLessThan50,,,otherCurrencies,2026-08-26 21:15:00,2026-08-26 13:15:13,2026-08-26T13:31:53.125532+00:00,0.3944,,,,
native,dbs,MM1,SGD,MM1/SGD,100,SGD 50 – 200,amtBtw50And200,,,otherCurrencies,2026-08-26 21:15:00,2026-08-26 13:15:13,2026-08-26T13:31:53.125532+00:00,,,,,
native,dbs,MM1,SGD,MM1/SGD,100,SGD < 50,amtLessThan50,,,otherCurrencies,2026-08-26 21:15:00,2026-08-26 13:15:13,2026-08-26T13:31:53.125532+00:00,,,,,
native,dbs,MMK,SGD,MMK/SGD,100,SGD 50 – 200,amtBtw50And200,,,otherCurrencies,2026-08-26 21:15:00,2026-08-26 13:15:13,2026-08-26T13:31:53.125532+00:00,0.0325,,,,
native,dbs,MMK,SGD,MMK/SGD,100,SGD < 50,amtLessThan50,,,otherCurrencies,2026-08-26 21:15:00,2026-08-26 13:15:13,2026-08-26T13:31:53.125532+00:00,0.0325,,,,
native,dbs,MUR,SGD,MUR/SGD,100,SGD 50 – 200,amtBtw50And200,,,otherCurrencies,2026-08-26 21:15:00,2026-08-26 13:15:13,2026-08-26T13:31:53.125532+00:00,2.7467,,,,
native,dbs,MUR,SGD,MUR/SGD,100,SGD < 50,amtLessThan50,,,otherCurrencies,2026-08-26 21:15:00,2026-08-26 13:15:13,2026-08-26T13:31:53.125532+00:00,2.7576,,,,
native,dbs,MXN,SGD,MXN/SGD,100,SGD 50 – 200,amtBtw50And200,,,mainCurrencies,2026-08-26 21:15:00,2026-08-26 13:15:13,2026-08-26T13:31:53.125532+00:00,7.6034,,,,
native,dbs,MXN,SGD,MXN/SGD,100,SGD < 50,amtLessThan50,,,mainCurrencies,2026-08-26 21:15:00,2026-08-26 13:15:13,2026-08-26T13:31:53.125532+00:00,7.6034,,,,
native,dbs,MY0,SGD,MY0/SGD,1,SGD 50 – 200,amtBtw50And200,,,otherCurrencies,2026-08-26 21:15:00,2026-08-26 13:15:13,2026-08-26T13:31:53.125532+00:00,,0.3151,,,
native,dbs,MY0,SGD,MY0/SGD,1,SGD < 50,amtLessThan50,,,otherCurrencies,2026-08-26 21:15:00,2026-08-26 13:15:13,2026-08-26T13:31:53.125532+00:00,,0.3151,,,
native,dbs,MYR,SGD,MYR/SGD,1,SGD 50 – 200,amtBtw50And200,,,otherCurrencies,2026-08-26 21:15:00,2026-08-26 13:15:13,2026-08-26T13:31:53.125532+00:00,0.3192,,,,
native,dbs,MYR,SGD,MYR/SGD,1,SGD < 50,amtLessThan50,,,otherCurrencies,2026-08-26 21:15:00,2026-08-26 13:15:13,2026-08-26T13:31:53.125532+00:00,0.3192,,,,
native,dbs,NOK,SGD,NOK/SGD,1,SGD 50 – 200,amtBtw50And200,,,mainCurrencies,2026-08-26 21:15:00,2026-08-26 13:15:13,2026-08-26T13:31:53.125532+00:00,0.138,0.1342,0.1361,1.3960323291697374,1.3960323291697172
native,dbs,NOK,SGD,NOK/SGD,1,SGD < 50,amtLessThan50,,,mainCurrencies,2026-08-26 21:15:00,2026-08-26 13:15:13,2026-08-26T13:31:53.125532+00:00,0.1384,0.1338,0.1361,1.6899338721528263,1.6899338721528263
native,dbs,NZD,SGD,NZD/SGD,1,SGD 50 – 200,amtBtw50And200,,,mainCurrencies,2026-08-26 21:15:00,2026-08-26 13:15:13,2026-08-26T13:31:53.125532+00:00,0.7645,0.747,0.7557499999999999,1.1577902745616986,1.157790274561684
native,dbs,NZD,SGD,NZD/SGD,1,SGD < 50,amtLessThan50,,,mainCurrencies,2026-08-26 21:15:00,2026-08-26 13:15:13,2026-08-26T13:31:53.125532+00:00,0.7652,0.7462,0.7557,1.2571126108243948,1.2571126108244095
native,dbs,OMR,SGD,OMR/SGD,1,SGD 50 – 200,amtBtw50And200,,,otherCurrencies,2026-08-26 21:15:00,2026-08-26 13:15:13,2026-08-26T13:31:53.125532+00:00,3.3275,,,,
native,dbs,OMR,SGD,OMR/SGD,1,SGD < 50,amtLessThan50,,,otherCurrencies,2026-08-26 21:15:00,2026-08-26 13:15:13,2026-08-26T13:31:53.125532+00:00,3.3275,,,,
native,dbs,PH0,SGD,PH0/SGD,100,SGD 50 – 200,amtBtw50And200,,,otherCurrencies,2026-08-26 21:15:00,2026-08-26 13:15:13,2026-08-26T13:31:53.125532+00:00,,2.0537,,,
native,dbs,PH0,SGD,PH0/SGD,100,SGD < 50,amtLessThan50,,,otherCurrencies,2026-08-26 21:15:00,2026-08-26 13:15:13,2026-08-26T13:31:53.125532+00:00,,2.0537,,,
native,dbs,PHP,SGD,PHP/SGD,100,SGD 50 – 200,amtBtw50And200,,,otherCurrencies,2026-08-26 21:15:00,2026-08-26 13:15:13,2026-08-26T13:31:53.125532+00:00,2.0847,,,,
native,dbs,PHP,SGD,PHP/SGD,100,SGD < 50,amtLessThan50,,,otherCurrencies,2026-08-26 21:15:00,2026-08-26 13:15:13,2026-08-26T13:31:53.125532+00:00,2.1004,,,,
native,dbs,PLN,SGD,PLN/SGD,1,SGD 50 – 200,amtBtw50And200,,,otherCurrencies,2026-08-26 21:15:00,2026-08-26 13:15:13,2026-08-26T13:31:53.125532+00:00,0.3512,,,,
native,dbs,PLN,SGD,PLN/SGD,1,SGD < 50,amtLessThan50,,,otherCurrencies,2026-08-26 21:15:00,2026-08-26 13:15:13,2026-08-26T13:31:53.125532+00:00,0.3526,,,,
native,dbs,QAR,SGD,QAR/SGD,1,SGD 50 – 200,amtBtw50And200,,,otherCurrencies,2026-08-26 21:15:00,2026-08-26 13:15:13,2026-08-26T13:31:53.125532+00:00,0.3565,,,,
native,dbs,QAR,SGD,QAR/SGD,1,SGD < 50,amtLessThan50,,,otherCurrencies,2026-08-26 21:15:00,2026-08-26 13:15:13,2026-08-26T13:31:53.125532+00:00,0.3579,,,,
native,dbs,RUB,SGD,RUB/SGD,100,SGD 50 – 200,amtBtw50And200,,,mainCurrencies,2026-08-26 21:15:00,2026-08-26 13:15:13,2026-08-26T13:31:53.125532+00:00,,,,,
native,dbs,RUB,SGD,RUB/SGD,100,SGD < 50,amtLessThan50,,,mainCurrencies,2026-08-26 21:15:00,2026-08-26 13:15:13,2026-08-26T13:31:53.125532+00:00,,,,,
native,dbs,SAR,SGD,SAR/SGD,100,SGD 50 – 200,amtBtw50And200,,,otherCurrencies,2026-08-26 21:15:00,2026-08-26 13:15:13,2026-08-26T13:31:53.125532+00:00,34.2796,,,,
native,dbs,SAR,SGD,SAR/SGD,100,SGD < 50,amtLessThan50,,,otherCurrencies,2026-08-26 21:15:00,2026-08-26 13:15:13,2026-08-26T13:31:53.125532+00:00,34.2799,,,,
native,dbs,SEK,SGD,SEK/SGD,1,SGD 50 – 200,amtBtw50And200,,,mainCurrencies,2026-08-26 21:15:00,2026-08-26 13:15:13,2026-08-26T13:31:53.125532+00:00,0.1354,0.1318,0.1336,1.347305389221554,1.347305389221554
native,dbs,SEK,SGD,SEK/SGD,1,SGD < 50,amtLessThan50,,,mainCurrencies,2026-08-26 21:15:00,2026-08-26 13:15:13,2026-08-26T13:31:53.125532+00:00,0.1359,0.1312,0.13355,1.7596405840509106,1.7596405840509106
native,dbs,THB,SGD,THB/SGD,100,SGD 50 – 200,amtBtw50And200,,,mainCurrencies,2026-08-26 21:15:00,2026-08-26 13:15:13,2026-08-26T13:31:53.125532+00:00,3.9295,3.8182,3.87385,1.4365553648179454,1.4365553648179454
native,dbs,THB,SGD,THB/SGD,100,SGD < 50,amtLessThan50,,,mainCurrencies,2026-08-26 21:15:00,2026-08-26 13:15:13,2026-08-26T13:31:53.125532+00:00,3.9338,3.8139,3.87385,1.5475560488919338,1.5475560488919338
native,dbs,TND,SGD,TND/SGD,1,SGD 50 – 200,amtBtw50And200,,,otherCurrencies,2026-08-26 21:15:00,2026-08-26 13:15:13,2026-08-26T13:31:53.125532+00:00,0.4448,,,,
native,dbs,TND,SGD,TND/SGD,1,SGD < 50,amtLessThan50,,,otherCurrencies,2026-08-26 21:15:00,2026-08-26 13:15:13,2026-08-26T13:31:53.125532+00:00,0.4448,,,,
native,dbs,TWD,SGD,TWD/SGD,100,SGD 50 – 200,amtBtw50And200,,,otherCurrencies,2026-08-26 21:15:00,2026-08-26 13:15:13,2026-08-26T13:31:53.125532+00:00,4.0438,,,,
native,dbs,TWD,SGD,TWD/SGD,100,SGD < 50,amtLessThan50,,,otherCurrencies,2026-08-26 21:15:00,2026-08-26 13:15:13,2026-08-26T13:31:53.125532+00:00,4.0478,,,,
native,dbs,USD,SGD,USD/SGD,1,SGD 50 – 200,amtBtw50And200,,,mainCurrencies,2026-08-26 21:15:00,2026-08-26 13:15:13,2026-08-26T13:31:53.125532+00:00,1.2805,1.2619,1.2711999999999999,0.7315921963499125,0.7315921963498949
native,dbs,USD,SGD,USD/SGD,1,SGD < 50,amtLessThan50,,,mainCurrencies,2026-08-26 21:15:00,2026-08-26 13:15:13,2026-08-26T13:31:53.125532+00:00,1.2814,1.261,1.2711999999999999,0.8023914411579776,0.80239144115796
native,dbs,VND,SGD,VND/SGD,100,SGD 50 – 200,amtBtw50And200,,,otherCurrencies,2026-08-26 21:15:00,2026-08-26 13:15:13,2026-08-26T13:31:53.125532+00:00,0.005,,,,
native,dbs,VND,SGD,VND/SGD,100,SGD < 50,amtLessThan50,,,otherCurrencies,2026-08-26 21:15:00,2026-08-26 13:15:13,2026-08-26T13:31:53.125532+00:00,0.005,,,,
native,dbs,XAU,SGD,XAU/SGD,1,SGD 50 – 200,amtBtw50And200,,,otherCurrencies,2026-08-26 21:15:00,2026-08-26 13:15:13,2026-08-26T13:31:53.125532+00:00,5897.484,5826.3,5861.892,0.6071759766300805,0.607175976630065
native,dbs,XAU,SGD,XAU/SGD,1,SGD < 50,amtLessThan50,,,otherCurrencies,2026-08-26 21:15:00,2026-08-26 13:15:13,2026-08-26T13:31:53.125532+00:00,5896.443,5825.171,5860.807000000001,0.6080391318123853,0.6080391318124009
native,dbs,ZAR,SGD,ZAR/SGD,1,SGD 50 – 200,amtBtw50And200,,,otherCurrencies,2026-08-26 21:15:00,2026-08-26 13:15:13,2026-08-26T13:31:53.125532+00:00,0.0806,0.0787,0.07965,1.1927181418706922,1.192718141870675
native,dbs,ZAR,SGD,ZAR/SGD,1,SGD < 50,amtLessThan50,,,otherCurrencies,2026-08-26 21:15:00,2026-08-26 13:15:13,2026-08-26T13:31:53.125532+00:00,0.081,0.0783,0.07965,1.694915254237293,1.694915254237293
native,hsbc,AED,SGD,AED/SGD,100,Indicative board,board,,,indicative_fx,2026-8-26,2026-8-26,2026-08-26T13:31:57.189622+00:00,35.68,33.42,34.55,3.270622286541252,3.270622286541232
native,hsbc,AUD,SGD,AUD/SGD,1,Indicative board,board,,,indicative_fx,2026-8-26,2026-8-26,2026-08-26T13:31:57.189622+00:00,0.9369,0.8821,0.9095,3.012644310060471,3.012644310060471
native,hsbc,CAD,SGD,CAD/SGD,1,Indicative board,board,,,indicative_fx,2026-8-26,2026-8-26,2026-08-26T13:31:57.189622+00:00,0.9448,0.8895,0.9171499999999999,3.0147740282396627,3.0147740282396507
native,hsbc,CHF,SGD,CHF/SGD,100,Indicative board,board,,,indicative_fx,2026-8-26,2026-8-26,2026-08-26T13:31:57.189622+00:00,163.05,153.51,158.28,3.0136467020470117,3.0136467020470117
native,hsbc,CNY,SGD,CNY/SGD,100,Indicative board,board,,,indicative_fx,2026-8-26,2026-8-26,2026-08-26T13:31:57.189622+00:00,19.51,18.28,18.895000000000003,3.2548293199258977,3.2548293199259164
native,hsbc,DKK,SGD,DKK/SGD,100,Indicative board,board,,,indicative_fx,2026-8-26,2026-8-26,2026-08-26T13:31:57.189622+00:00,20.42,19.22,19.82,3.027245206861763,3.027245206861763
native,hsbc,EUR,SGD,EUR/SGD,1,Indicative board,board,,,indicative_fx,2026-8-26,2026-8-26,2026-08-26T13:31:57.189622+00:00,1.5264,1.4372,1.4818,3.0098528816304473,3.0098528816304473
native,hsbc,FJD,SGD,FJD/SGD,1,Indicative board,board,,,indicative_fx,2026-8-26,2026-8-26,2026-08-26T13:31:57.189622+00:00,0.6034,,,,
native,hsbc,GBP,SGD,GBP/SGD,1,Indicative board,board,,,indicative_fx,2026-8-26,2026-8-26,2026-08-26T13:31:57.189622+00:00,1.7844,1.68,1.7322,3.0135088326983044,3.0135088326983044
native,hsbc,HKD,SGD,HKD/SGD,100,Indicative board,board,,,indicative_fx,2026-8-26,2026-8-26,2026-08-26T13:31:57.189622+00:00,16.4,15.99,16.195,1.265822784810116,1.265822784810127
native,hsbc,IDR,SGD,IDR/SGD,100,Indicative board,board,,,indicative_fx,2026-8-26,2026-8-26,2026-08-26T13:31:57.189622+00:00,0.0074,,,,
native,hsbc,INR,SGD,INR/SGD,100,Indicative board,board,,,indicative_fx,2026-8-26,2026-8-26,2026-08-26T13:31:57.189622+00:00,1.37,,,,
native,hsbc,JPY,SGD,JPY/SGD,100,Indicative board,board,,,indicative_fx,2026-8-26,2026-8-26,2026-08-26T13:31:57.189622+00:00,0.8212,0.7732,0.7972,3.010536879076771,3.010536879076771
native,hsbc,LKR,SGD,LKR/SGD,100,Indicative board,board,,,indicative_fx,2026-8-26,2026-8-26,2026-08-26T13:31:57.189622+00:00,0.4,,,,
native,hsbc,MUR,SGD,MUR/SGD,100,Indicative board,board,,,indicative_fx,2026-8-26,2026-8-26,2026-08-26T13:31:57.189622+00:00,2.81,2.62,2.715,3.499079189686932,3.4990791896869156
native,hsbc,NOK,SGD,NOK/SGD,100,Indicative board,board,,,indicative_fx,2026-8-26,2026-8-26,2026-08-26T13:31:57.189622+00:00,14.04,13.21,13.625,3.0458715596330213,3.0458715596330213
native,hsbc,NZD,SGD,NZD/SGD,1,Indicative board,board,,,indicative_fx,2026-8-26,2026-8-26,2026-08-26T13:31:57.189622+00:00,0.7814,0.7357,0.7585500000000001,3.0123261485729254,3.01232614857294
native,hsbc,PHP,SGD,PHP/SGD,100,Indicative board,board,,,indicative_fx,2026-8-26,2026-8-26,2026-08-26T13:31:57.189622+00:00,2.12,,,,
native,hsbc,PKR,SGD,PKR/SGD,100,Indicative board,board,,,indicative_fx,2026-8-26,2026-8-26,2026-08-26T13:31:57.189622+00:00,0.47,,,,
native,hsbc,QAR,SGD,QAR/SGD,100,Indicative board,board,,,indicative_fx,2026-8-26,2026-8-26,2026-08-26T13:31:57.189622+00:00,35.26,34.35,34.805,1.307283436287885,1.307283436287885
native,hsbc,RUB,SGD,RUB/SGD,100,Indicative board,board,,,indicative_fx,2026-8-26,2026-8-26,2026-08-26T13:31:57.189622+00:00,15.79,14.56,15.175,4.052718286655673,4.052718286655685
native,hsbc,SAR,SGD,SAR/SGD,100,Indicative board,board,,,indicative_fx,2026-8-26,2026-8-26,2026-08-26T13:31:57.189622+00:00,34.22,33.37,33.795,1.257582482615763,1.2575824826157842
native,hsbc,SEK,SGD,SEK/SGD,100,Indicative board,board,,,indicative_fx,2026-8-26,2026-8-26,2026-08-26T13:31:57.189622+00:00,13.83,13.02,13.425,3.016759776536308,3.016759776536321
native,hsbc,THB,SGD,THB/SGD,100,Indicative board,board,,,indicative_fx,2026-8-26,2026-8-26,2026-08-26T13:31:57.189622+00:00,4.01,,,,
native,hsbc,TRY,SGD,TRY/SGD,1,Indicative board,board,,,indicative_fx,2026-8-26,2026-8-26,2026-08-26T13:31:57.189622+00:00,0.0272,,,,
native,hsbc,USD,SGD,USD/SGD,1,Indicative board,board,,,indicative_fx,2026-8-26,2026-8-26,2026-08-26T13:31:57.189622+00:00,1.2948,1.2438,1.2692999999999999,2.0089813282911906,2.008981328291173
native,hsbc,ZAR,SGD,ZAR/SGD,1,Indicative board,board,,,indicative_fx,2026-8-26,2026-8-26,2026-08-26T13:31:57.189622+00:00,0.0823,0.0771,0.0797,3.262233375156845,3.2622333751568275
native,ocbc,AED,SGD,AED/SGD,100,"SGD 0 – 39,999.99",tier_1,,,fxRatesSgd,2026-08-26T07:00:15,2026-08-26T07:00:15,2026-08-26T13:31:54.061639+00:00,35.4758,33.469,34.4724,2.910734384609134,2.910734384609134
native,ocbc,AED,SGD,AED/SGD,100,"SGD 40,000 – 100,000",tier_2,,,fxRatesSgd,2026-08-26T07:00:15,2026-08-26T07:00:15,2026-08-26T13:31:54.061639+00:00,35.4653,33.4862,34.4724,2.8802752346804943,2.8608393961546157
native,ocbc,AUD,SGD,AUD/SGD,1,"SGD 0 – 39,999.99",tier_1,,,fxRatesSgd,2026-08-26T07:00:15,2026-08-26T07:00:15,2026-08-26T13:31:54.061639+00:00,0.9286,0.8992,0.9139,1.6084910821752854,1.6084910821752976
native,ocbc,AUD,SGD,AUD/SGD,1,"SGD 40,000 – 100,000",tier_2,,,fxRatesSgd,2026-08-26T07:00:15,2026-08-26T07:00:15,2026-08-26T13:31:54.061639+00:00,0.9268,0.901,0.9139,1.411532990480349,1.4115329904803613
native,ocbc,BGN,SGD,BGN/SGD,100,"SGD 0 – 39,999.99",tier_1,,,fxRatesSgd,2026-08-26T07:00:15,2026-08-26T07:00:15,2026-08-26T13:31:54.061639+00:00,0.0,0.0,0.0,,
native,ocbc,BGN,SGD,BGN/SGD,100,"SGD 40,000 – 100,000",tier_2,,,fxRatesSgd,2026-08-26T07:00:15,2026-08-26T07:00:15,2026-08-26T13:31:54.061639+00:00,0.0,0.0,0.0,,
native,ocbc,BHD,SGD,BHD/SGD,1,"SGD 0 – 39,999.99",tier_1,,,fxRatesSgd,2026-08-26T07:00:15,2026-08-26T07:00:15,2026-08-26T13:31:54.061639+00:00,0.0,0.0,0.0,,
native,ocbc,BHD,SGD,BHD/SGD,1,"SGD 40,000 – 100,000",tier_2,,,fxRatesSgd,2026-08-26T07:00:15,2026-08-26T07:00:15,2026-08-26T13:31:54.061639+00:00,0.0,0.0,0.0,,
native,ocbc,CAD,SGD,CAD/SGD,1,"SGD 0 – 39,999.99",tier_1,,,fxRatesSgd,2026-08-26T07:00:15,2026-08-26T07:00:15,2026-08-26T13:31:54.061639+00:00,0.9324,0.8993,0.9159,1.8015067147068413,1.8124249372202268
native,ocbc,CAD,SGD,CAD/SGD,1,"SGD 40,000 – 100,000",tier_2,,,fxRatesSgd,2026-08-26T07:00:15,2026-08-26T07:00:15,2026-08-26T13:31:54.061639+00:00,0.9306,0.9011,0.9159,1.6049787094660917,1.6158969319794776
native,ocbc,CHF,SGD,CHF/SGD,100,"SGD 0 – 39,999.99",tier_1,,,fxRatesSgd,2026-08-26T07:00:15,2026-08-26T07:00:15,2026-08-26T13:31:54.061639+00:00,160.7909,155.0695,157.9302,1.8113698330021615,1.8113698330021795
native,ocbc,CHF,SGD,CHF/SGD,100,"SGD 40,000 – 100,000",tier_2,,,fxRatesSgd,2026-08-26T07:00:15,2026-08-26T07:00:15,2026-08-26T13:31:54.061639+00:00,160.475,155.3853,157.9302,1.6113447586338652,1.6114080777457462
native,ocbc,CNH,SGD,CNH/SGD,100,"SGD 0 – 39,999.99",tier_1,,,fxRatesSgd,2026-08-26T07:00:15,2026-08-26T07:00:15,2026-08-26T13:31:54.061639+00:00,19.2429,18.6739,18.9584,1.50065406363405,1.5006540636340686
native,ocbc,CNH,SGD,CNH/SGD,100,"SGD 40,000 – 100,000",tier_2,,,fxRatesSgd,2026-08-26T07:00:15,2026-08-26T07:00:15,2026-08-26T13:31:54.061639+00:00,19.224,18.6928,18.9584,1.4009621065068738,1.4009621065068927
native,ocbc,CZK,SGD,CZK/SGD,100,"SGD 0 – 39,999.99",tier_1,,,fxRatesSgd,2026-08-26T07:00:15,2026-08-26T07:00:15,2026-08-26T13:31:54.061639+00:00,0.0,0.0,0.0,,
native,ocbc,CZK,SGD,CZK/SGD,100,"SGD 40,000 – 100,000",tier_2,,,fxRatesSgd,2026-08-26T07:00:15,2026-08-26T07:00:15,2026-08-26T13:31:54.061639+00:00,0.0,0.0,0.0,,
native,ocbc,DKK,SGD,DKK/SGD,100,"SGD 0 – 39,999.99",tier_1,,,fxRatesSgd,2026-08-26T07:00:15,2026-08-26T07:00:15,2026-08-26T13:31:54.061639+00:00,20.1739,19.4578,19.8159,1.8066300294208213,1.8071346746804349
native,ocbc,DKK,SGD,DKK/SGD,100,"SGD 40,000 – 100,000",tier_2,,,fxRatesSgd,2026-08-26T07:00:15,2026-08-26T07:00:15,2026-08-26T13:31:54.061639+00:00,20.1342,19.4975,19.8159,1.606285861353765,1.6067905066133785
native,ocbc,EUR,SGD,EUR/SGD,1,"SGD 0 – 39,999.99",tier_1,,,fxRatesSgd,2026-08-26T07:00:15,2026-08-26T07:00:15,2026-08-26T13:31:54.061639+00:00,1.4981,1.4612,1.4797,1.2434953031019782,1.250253429749271
native,ocbc,EUR,SGD,EUR/SGD,1,"SGD 40,000 – 100,000",tier_2,,,fxRatesSgd,2026-08-26T07:00:15,2026-08-26T07:00:15,2026-08-26T13:31:54.061639+00:00,1.4963,1.4632,1.4797,1.121849023450696,1.1150908968034032
native,ocbc,GBP,SGD,GBP/SGD,1,"SGD 0 – 39,999.99",tier_1,,,fxRatesSgd,2026-08-26T07:00:15,2026-08-26T07:00:15,2026-08-26T13:31:54.061639+00:00,1.7528,1.7063,1.7296,1.3413506012950906,1.3471322849213747
native,ocbc,GBP,SGD,GBP/SGD,1,"SGD 40,000 – 100,000",tier_2,,,fxRatesSgd,2026-08-26T07:00:15,2026-08-26T07:00:15,2026-08-26T13:31:54.061639+00:00,1.751,1.7084,1.7296,1.2372802960221938,1.2257169287696639
native,ocbc,HKD,SGD,HKD/SGD,100,"SGD 0 – 39,999.99",tier_1,,,fxRatesSgd,2026-08-26T07:00:15,2026-08-26T07:00:15,2026-08-26T13:31:54.061639+00:00,16.413,16.0161,16.2146,1.2235886176655573,1.2242053457994597
native,ocbc,HKD,SGD,HKD/SGD,100,"SGD 40,000 – 100,000",tier_2,,,fxRatesSgd,2026-08-26T07:00:15,2026-08-26T07:00:15,2026-08-26T13:31:54.061639+00:00,16.3839,16.0259,16.2146,1.0441207306994917,1.163765988676876
native,ocbc,HUF,SGD,HUF/SGD,100,"SGD 0 – 39,999.99",tier_1,,,fxRatesSgd,2026-08-26T07:00:15,2026-08-26T07:00:15,2026-08-26T13:31:54.061639+00:00,0.0,0.0,0.0,,
native,ocbc,HUF,SGD,HUF/SGD,100,"SGD 40,000 – 100,000",tier_2,,,fxRatesSgd,2026-08-26T07:00:15,2026-08-26T07:00:15,2026-08-26T13:31:54.061639+00:00,0.0,0.0,0.0,,
native,ocbc,IDR,SGD,IDR/SGD,100,"SGD 0 – 39,999.99",tier_1,,,fxRatesSgd,2026-08-26T07:00:15,2026-08-26T07:00:15,2026-08-26T13:31:54.061639+00:00,0.0074,0.0,0.0074,0.0,100.0
native,ocbc,IDR,SGD,IDR/SGD,100,"SGD 40,000 – 100,000",tier_2,,,fxRatesSgd,2026-08-26T07:00:15,2026-08-26T07:00:15,2026-08-26T13:31:54.061639+00:00,0.0074,0.0,0.0074,0.0,100.0
native,ocbc,ILS,SGD,ILS/SGD,100,"SGD 0 – 39,999.99",tier_1,,,fxRatesSgd,2026-08-26T07:00:15,2026-08-26T07:00:15,2026-08-26T13:31:54.061639+00:00,0.0,0.0,0.0,,
native,ocbc,ILS,SGD,ILS/SGD,100,"SGD 40,000 – 100,000",tier_2,,,fxRatesSgd,2026-08-26T07:00:15,2026-08-26T07:00:15,2026-08-26T13:31:54.061639+00:00,0.0,0.0,0.0,,
native,ocbc,INR,SGD,INR/SGD,100,"SGD 0 – 39,999.99",tier_1,,,fxRatesSgd,2026-08-26T07:00:15,2026-08-26T07:00:15,2026-08-26T13:31:54.061639+00:00,1.3715,0.0,1.3715,0.0,100.0
native,ocbc,INR,SGD,INR/SGD,100,"SGD 40,000 – 100,000",tier_2,,,fxRatesSgd,2026-08-26T07:00:15,2026-08-26T07:00:15,2026-08-26T13:31:54.061639+00:00,1.3688,0.0,1.3715,-0.1968647466277743,100.0
native,ocbc,JOD,SGD,JOD/SGD,1,"SGD 0 – 39,999.99",tier_1,,,fxRatesSgd,2026-08-26T07:00:15,2026-08-26T07:00:15,2026-08-26T13:31:54.061639+00:00,0.0,0.0,0.0,,
native,ocbc,JOD,SGD,JOD/SGD,1,"SGD 40,000 – 100,000",tier_2,,,fxRatesSgd,2026-08-26T07:00:15,2026-08-26T07:00:15,2026-08-26T13:31:54.061639+00:00,0.0,0.0,0.0,,
native,ocbc,JPY,SGD,JPY/SGD,100,"SGD 0 – 39,999.99",tier_1,,,fxRatesSgd,2026-08-26T07:00:15,2026-08-26T07:00:15,2026-08-26T13:31:54.061639+00:00,0.8088,0.789,0.7989,1.2392039053698722,1.239203905369886
native,ocbc,JPY,SGD,JPY/SGD,100,"SGD 40,000 – 100,000",tier_2,,,fxRatesSgd,2026-08-26T07:00:15,2026-08-26T07:00:15,2026-08-26T13:31:54.061639+00:00,0.808,0.7903,0.7989,1.1390662160470644,1.0764801602203093
native,ocbc,KRW,SGD,KRW/SGD,100,"SGD 0 – 39,999.99",tier_1,,,fxRatesSgd,2026-08-26T07:00:15,2026-08-26T07:00:15,2026-08-26T13:31:54.061639+00:00,0.0,0.0,0.0,,
native,ocbc,KRW,SGD,KRW/SGD,100,"SGD 40,000 – 100,000",tier_2,,,fxRatesSgd,2026-08-26T07:00:15,2026-08-26T07:00:15,2026-08-26T13:31:54.061639+00:00,0.0,0.0,0.0,,
native,ocbc,LKR,SGD,LKR/SGD,100,"SGD 0 – 39,999.99",tier_1,,,fxRatesSgd,2026-08-26T07:00:15,2026-08-26T07:00:15,2026-08-26T13:31:54.061639+00:00,0.3989,0.0,0.3989,0.0,100.0
native,ocbc,LKR,SGD,LKR/SGD,100,"SGD 40,000 – 100,000",tier_2,,,fxRatesSgd,2026-08-26T07:00:15,2026-08-26T07:00:15,2026-08-26T13:31:54.061639+00:00,0.3981,0.0,0.3989,-0.20055151667083665,100.0
native,ocbc,MAD,SGD,MAD/SGD,100,"SGD 0 – 39,999.99",tier_1,,,fxRatesSgd,2026-08-26T07:00:15,2026-08-26T07:00:15,2026-08-26T13:31:54.061639+00:00,0.0,0.0,0.0,,
native,ocbc,MAD,SGD,MAD/SGD,100,"SGD 40,000 – 100,000",tier_2,,,fxRatesSgd,2026-08-26T07:00:15,2026-08-26T07:00:15,2026-08-26T13:31:54.061639+00:00,0.0,0.0,0.0,,
native,ocbc,MXN,SGD,MXN/SGD,100,"SGD 0 – 39,999.99",tier_1,,,fxRatesSgd,2026-08-26T07:00:15,2026-08-26T07:00:15,2026-08-26T13:31:54.061639+00:00,7.7332,0.0,7.7332,0.0,100.0
native,ocbc,MXN,SGD,MXN/SGD,100,"SGD 40,000 – 100,000",tier_2,,,fxRatesSgd,2026-08-26T07:00:15,2026-08-26T07:00:15,2026-08-26T13:31:54.061639+00:00,7.7316,0.0,7.7332,-0.020690011896754564,100.0
native,ocbc,MYR,SGD,MYR/SGD,100,"SGD 0 – 39,999.99",tier_1,,,fxRatesSgd,2026-08-26T07:00:15,2026-08-26T07:00:15,2026-08-26T13:31:54.061639+00:00,0.0,0.0,0.0,,
native,ocbc,MYR,SGD,MYR/SGD,100,"SGD 40,000 – 100,000",tier_2,,,fxRatesSgd,2026-08-26T07:00:15,2026-08-26T07:00:15,2026-08-26T13:31:54.061639+00:00,0.0,0.0,0.0,,
native,ocbc,NOK,SGD,NOK/SGD,100,"SGD 0 – 39,999.99",tier_1,,,fxRatesSgd,2026-08-26T07:00:15,2026-08-26T07:00:15,2026-08-26T13:31:54.061639+00:00,13.8488,13.3549,13.6019,1.815187584087518,1.815922775494599
native,ocbc,NOK,SGD,NOK/SGD,100,"SGD 40,000 – 100,000",tier_2,,,fxRatesSgd,2026-08-26T07:00:15,2026-08-26T07:00:15,2026-08-26T13:31:54.061639+00:00,13.8216,13.3821,13.6019,1.615215521360983,1.6159507127680772
native,ocbc,NZD,SGD,NZD/SGD,1,"SGD 0 – 39,999.99",tier_1,,,fxRatesSgd,2026-08-26T07:00:15,2026-08-26T07:00:15,2026-08-26T13:31:54.061639+00:00,0.7718,0.7455,0.7587,1.726637669698168,1.7398181099248702
native,ocbc,NZD,SGD,NZD/SGD,1,"SGD 40,000 – 100,000",tier_2,,,fxRatesSgd,2026-08-26T07:00:15,2026-08-26T07:00:15,2026-08-26T13:31:54.061639+00:00,0.7699,0.7478,0.7587,1.4762093053907985,1.436667984710692
native,ocbc,OMR,SGD,OMR/SGD,1,"SGD 0 – 39,999.99",tier_1,,,fxRatesSgd,2026-08-26T07:00:15,2026-08-26T07:00:15,2026-08-26T13:31:54.061639+00:00,0.0,0.0,0.0,,
native,ocbc,OMR,SGD,OMR/SGD,1,"SGD 40,000 – 100,000",tier_2,,,fxRatesSgd,2026-08-26T07:00:15,2026-08-26T07:00:15,2026-08-26T13:31:54.061639+00:00,0.0,0.0,0.0,,
native,ocbc,PHP,SGD,PHP/SGD,100,"SGD 0 – 39,999.99",tier_1,,,fxRatesSgd,2026-08-26T07:00:15,2026-08-26T07:00:15,2026-08-26T13:31:54.061639+00:00,2.1206,0.0,2.1206,0.0,100.0
native,ocbc,PHP,SGD,PHP/SGD,100,"SGD 40,000 – 100,000",tier_2,,,fxRatesSgd,2026-08-26T07:00:15,2026-08-26T07:00:15,2026-08-26T13:31:54.061639+00:00,2.1195,0.0,2.1206,-0.05187211166651424,100.0
native,ocbc,PLN,SGD,PLN/SGD,100,"SGD 0 – 39,999.99",tier_1,,,fxRatesSgd,2026-08-26T07:00:15,2026-08-26T07:00:15,2026-08-26T13:31:54.061639+00:00,35.5112,33.2942,34.4027,3.222130821127409,3.22213082112743
native,ocbc,PLN,SGD,PLN/SGD,100,"SGD 40,000 – 100,000",tier_2,,,fxRatesSgd,2026-08-26T07:00:15,2026-08-26T07:00:15,2026-08-26T13:31:54.061639+00:00,35.4937,33.3214,34.4027,3.171262720658535,3.1430672592558313
native,ocbc,QAR,SGD,QAR/SGD,100,"SGD 0 – 39,999.99",tier_1,,,fxRatesSgd,2026-08-26T07:00:15,2026-08-26T07:00:15,2026-08-26T13:31:54.061639+00:00,35.8544,33.7724,34.8134,2.990227900750851,2.990227900750871
native,ocbc,QAR,SGD,QAR/SGD,100,"SGD 40,000 – 100,000",tier_2,,,fxRatesSgd,2026-08-26T07:00:15,2026-08-26T07:00:15,2026-08-26T13:31:54.061639+00:00,35.8331,33.7896,34.8134,2.929044563300339,2.9408216376452785
native,ocbc,RON,SGD,RON/SGD,100,"SGD 0 – 39,999.99",tier_1,,,fxRatesSgd,2026-08-26T07:00:15,2026-08-26T07:00:15,2026-08-26T13:31:54.061639+00:00,0.0,0.0,0.0,,
native,ocbc,RON,SGD,RON/SGD,100,"SGD 40,000 – 100,000",tier_2,,,fxRatesSgd,2026-08-26T07:00:15,2026-08-26T07:00:15,2026-08-26T13:31:54.061639+00:00,0.0,0.0,0.0,,
native,ocbc,RUB,SGD,RUB/SGD,100,"SGD 0 – 39,999.99",tier_1,,,fxRatesSgd,2026-08-26T07:00:15,2026-08-26T07:00:15,2026-08-26T13:31:54.061639+00:00,0.0,0.0,0.0,,
native,ocbc,RUB,SGD,RUB/SGD,100,"SGD 40,000 – 100,000",tier_2,,,fxRatesSgd,2026-08-26T07:00:15,2026-08-26T07:00:15,2026-08-26T13:31:54.061639+00:00,0.0,0.0,0.0,,
native,ocbc,SAR,SGD,SAR/SGD,100,"SGD 0 – 39,999.99",tier_1,,,fxRatesSgd,2026-08-26T07:00:15,2026-08-26T07:00:15,2026-08-26T13:31:54.061639+00:00,34.778,32.8627,33.8204,2.8314271859587685,2.831722865489476
native,ocbc,SAR,SGD,SAR/SGD,100,"SGD 40,000 – 100,000",tier_2,,,fxRatesSgd,2026-08-26T07:00:15,2026-08-26T07:00:15,2026-08-26T13:31:54.061639+00:00,34.7608,32.8794,33.8204,2.780570306678821,2.782344383863001
native,ocbc,SEK,SGD,SEK/SGD,100,"SGD 0 – 39,999.99",tier_1,,,fxRatesSgd,2026-08-26T07:00:15,2026-08-26T07:00:15,2026-08-26T13:31:54.061639+00:00,13.6202,13.135,13.3776,1.8134792488936826,1.8134792488936693
native,ocbc,SEK,SGD,SEK/SGD,100,"SGD 40,000 – 100,000",tier_2,,,fxRatesSgd,2026-08-26T07:00:15,2026-08-26T07:00:15,2026-08-26T13:31:54.061639+00:00,13.5935,13.1618,13.3776,1.6138918789618568,1.6131443607223999
native,ocbc,THB,SGD,THB/SGD,100,"SGD 0 – 39,999.99",tier_1,,,fxRatesSgd,2026-08-26T07:00:15,2026-08-26T07:00:15,2026-08-26T13:31:54.061639+00:00,3.9866,3.7677,3.8772,2.821623852264519,2.824203033116686
native,ocbc,THB,SGD,THB/SGD,100,"SGD 40,000 – 100,000",tier_2,,,fxRatesSgd,2026-08-26T07:00:15,2026-08-26T07:00:15,2026-08-26T13:31:54.061639+00:00,3.9788,3.7755,3.8772,2.6204477457959325,2.6230269266481
native,ocbc,TRY,SGD,TRY/SGD,100,"SGD 0 – 39,999.99",tier_1,,,fxRatesSgd,2026-08-26T07:00:15,2026-08-26T07:00:15,2026-08-26T13:31:54.061639+00:00,2.7116,2.5984,2.655,2.131826741996233,2.131826741996233
native,ocbc,TRY,SGD,TRY/SGD,100,"SGD 40,000 – 100,000",tier_2,,,fxRatesSgd,2026-08-26T07:00:15,2026-08-26T07:00:15,2026-08-26T13:31:54.061639+00:00,2.7102,2.5987,2.655,2.079096045197746,2.1205273069679773
native,ocbc,TWD,SGD,TWD/SGD,100,"SGD 0 – 39,999.99",tier_1,,,fxRatesSgd,2026-08-26T07:00:15,2026-08-26T07:00:15,2026-08-26T13:31:54.061639+00:00,4.1359,0.0,4.1359,0.0,100.0
native,ocbc,TWD,SGD,TWD/SGD,100,"SGD 40,000 – 100,000",tier_2,,,fxRatesSgd,2026-08-26T07:00:15,2026-08-26T07:00:15,2026-08-26T13:31:54.061639+00:00,0.0,0.0,4.1359,-100.0,100.0
native,ocbc,USD,SGD,USD/SGD,1,"SGD 0 – 39,999.99",tier_1,,,fxRatesSgd,2026-08-26T07:00:15,2026-08-26T07:00:15,2026-08-26T13:31:54.061639+00:00,1.2823,1.2594,1.2709,0.897002124478722,0.9048705641671133
native,ocbc,USD,SGD,USD/SGD,1,"SGD 40,000 – 100,000",tier_2,,,fxRatesSgd,2026-08-26T07:00:15,2026-08-26T07:00:15,2026-08-26T13:31:54.061639+00:00,1.2811,1.2604,1.2709,0.8025808482177974,0.8261861672830242
native,ocbc,ZAR,SGD,ZAR/SGD,100,"SGD 0 – 39,999.99",tier_1,,,fxRatesSgd,2026-08-26T07:00:15,2026-08-26T07:00:15,2026-08-26T13:31:54.061639+00:00,8.215,7.7322,7.9736,3.027490719373929,3.02749071937394
native,ocbc,ZAR,SGD,ZAR/SGD,100,"SGD 40,000 – 100,000",tier_2,,,fxRatesSgd,2026-08-26T07:00:15,2026-08-26T07:00:15,2026-08-26T13:31:54.061639+00:00,8.211,7.7362,7.9736,2.977325173071135,2.977325173071135
native,uob,AED,SGD,AED/SGD,100,Indicative board,board,,,forex_sgd,26 August 2026 05:20:51 PM,26 August 2026 05:20:51 PM,2026-08-26T13:31:56.258197+00:00,35.43,33.73,34.58,2.4580682475419358,2.4580682475419358
native,uob,AOA,SGD,AOA/SGD,100,Indicative board,board,,,forex_sgd,26 August 2026 05:20:51 PM,26 August 2026 05:20:51 PM,2026-08-26T13:31:56.258197+00:00,0.1428,,,,
native,uob,AUD,SGD,AUD/SGD,1,Indicative board,board,,,forex_sgd,26 August 2026 05:20:51 PM,26 August 2026 05:20:51 PM,2026-08-26T13:31:56.258197+00:00,0.9278,0.8968,0.9123,1.6990025211005104,1.6990025211005104
native,uob,BDT,SGD,BDT/SGD,100,Indicative board,board,,,forex_sgd,26 August 2026 05:20:51 PM,26 August 2026 05:20:51 PM,2026-08-26T13:31:56.258197+00:00,1.0668,,,,
native,uob,BND,SGD,BND/SGD,1,Indicative board,board,,,forex_sgd,26 August 2026 05:20:51 PM,26 August 2026 05:20:51 PM,2026-08-26T13:31:56.258197+00:00,1.0,1.0,1.0,0.0,0.0
native,uob,CAD,SGD,CAD/SGD,1,Indicative board,board,,,forex_sgd,26 August 2026 05:20:51 PM,26 August 2026 05:20:51 PM,2026-08-26T13:31:56.258197+00:00,0.9258,0.9058,0.9158,1.0919414719371052,1.0919414719370932
native,uob,CHF,SGD,CHF/SGD,100,Indicative board,board,,,forex_sgd,26 August 2026 05:20:51 PM,26 August 2026 05:20:51 PM,2026-08-26T13:31:56.258197+00:00,159.66,156.36,158.01,1.0442377064742774,1.0442377064742594
native,uob,CNH,SGD,CNH/SGD,100,Indicative board,board,,,forex_sgd,26 August 2026 05:20:51 PM,26 August 2026 05:20:51 PM,2026-08-26T13:31:56.258197+00:00,19.13,18.67,18.9,1.2169312169312192,1.2169312169312005
native,uob,DKK,SGD,DKK/SGD,100,Indicative board,board,,,forex_sgd,26 August 2026 05:20:51 PM,26 August 2026 05:20:51 PM,2026-08-26T13:31:56.258197+00:00,20.17,19.47,19.82,1.7658930373360315,1.7658930373360315
native,uob,EGP,SGD,EGP/SGD,100,Indicative board,board,,,forex_sgd,26 August 2026 05:20:51 PM,26 August 2026 05:20:51 PM,2026-08-26T13:31:56.258197+00:00,2.5906,,,,
native,uob,EUR,SGD,EUR/SGD,1,Indicative board,board,,,forex_sgd,26 August 2026 05:20:51 PM,26 August 2026 05:20:51 PM,2026-08-26T13:31:56.258197+00:00,1.5008,1.4628,1.4818,1.282224321770813,1.282224321770813
native,uob,GBP,SGD,GBP/SGD,1,Indicative board,board,,,forex_sgd,26 August 2026 05:20:51 PM,26 August 2026 05:20:51 PM,2026-08-26T13:31:56.258197+00:00,1.7533,1.7083,1.7308,1.2999768892997567,1.2999768892997439
native,uob,HKD,SGD,HKD/SGD,100,Indicative board,board,,,forex_sgd,26 August 2026 05:20:51 PM,26 August 2026 05:20:51 PM,2026-08-26T13:31:56.258197+00:00,16.379,16.021,16.200000000000003,1.1049382716049287,1.1049382716049507
native,uob,INR,SGD,INR/SGD,100,Indicative board,board,,,forex_sgd,26 August 2026 05:20:51 PM,26 August 2026 05:20:51 PM,2026-08-26T13:31:56.258197+00:00,1.3682,,,,
native,uob,JPY,SGD,JPY/SGD,100,Indicative board,board,,,forex_sgd,26 August 2026 05:20:51 PM,26 August 2026 05:20:51 PM,2026-08-26T13:31:56.258197+00:00,0.816,0.782,0.7989999999999999,2.1276595744680873,2.127659574468073
native,uob,KRW,SGD,KRW/SGD,1000,Indicative board,board,,,forex_sgd,26 August 2026 05:20:51 PM,26 August 2026 05:20:51 PM,2026-08-26T13:31:56.258197+00:00,0.9322,,,,
native,uob,KWD,SGD,KWD/SGD,1,Indicative board,board,,,forex_sgd,26 August 2026 05:20:51 PM,26 August 2026 05:20:51 PM,2026-08-26T13:31:56.258197+00:00,4.176,,,,
native,uob,LKR,SGD,LKR/SGD,100,Indicative board,board,,,forex_sgd,26 August 2026 05:20:51 PM,26 August 2026 05:20:51 PM,2026-08-26T13:31:56.258197+00:00,0.3928,,,,
native,uob,MXN,SGD,MXN/SGD,100,Indicative board,board,,,forex_sgd,26 August 2026 05:20:51 PM,26 August 2026 05:20:51 PM,2026-08-26T13:31:56.258197+00:00,7.5679,,,,
native,uob,MYR,SGD,MYR/SGD,100,Indicative board,board,,,forex_sgd,26 August 2026 05:20:51 PM,26 August 2026 05:20:51 PM,2026-08-26T13:31:56.258197+00:00,31.9081,,,,
native,uob,NOK,SGD,NOK/SGD,100,Indicative board,board,,,forex_sgd,26 August 2026 05:20:51 PM,26 August 2026 05:20:51 PM,2026-08-26T13:31:56.258197+00:00,13.81,13.37,13.59,1.618837380426789,1.618837380426789
native,uob,NZD,SGD,NZD/SGD,1,Indicative board,board,,,forex_sgd,26 August 2026 05:20:51 PM,26 August 2026 05:20:51 PM,2026-08-26T13:31:56.258197+00:00,0.7665,0.7465,0.7565,1.321877065432916,1.3218770654329015
native,uob,PHP,SGD,PHP/SGD,100,Indicative board,board,,,forex_sgd,26 August 2026 05:20:51 PM,26 August 2026 05:20:51 PM,2026-08-26T13:31:56.258197+00:00,2.107,,,,
native,uob,PKR,SGD,PKR/SGD,100,Indicative board,board,,,forex_sgd,26 August 2026 05:20:51 PM,26 August 2026 05:20:51 PM,2026-08-26T13:31:56.258197+00:00,0.4639,,,,
native,uob,SAR,SGD,SAR/SGD,100,Indicative board,board,,,forex_sgd,26 August 2026 05:20:51 PM,26 August 2026 05:20:51 PM,2026-08-26T13:31:56.258197+00:00,,,,,
native,uob,SEK,SGD,SEK/SGD,100,Indicative board,board,,,forex_sgd,26 August 2026 05:20:51 PM,26 August 2026 05:20:51 PM,2026-08-26T13:31:56.258197+00:00,13.63,13.15,13.39,1.7923823749066485,1.7923823749066485
native,uob,THB,SGD,THB/SGD,100,Indicative board,board,,,forex_sgd,26 August 2026 05:20:51 PM,26 August 2026 05:20:51 PM,2026-08-26T13:31:56.258197+00:00,3.98,3.78,3.88,2.5773195876288684,2.5773195876288684
native,uob,TWD,SGD,TWD/SGD,100,Indicative board,board,,,forex_sgd,26 August 2026 05:20:51 PM,26 August 2026 05:20:51 PM,2026-08-26T13:31:56.258197+00:00,4.0803,,,,
native,uob,USD,SGD,USD/SGD,1,Indicative board,board,,,forex_sgd,26 August 2026 05:20:51 PM,26 August 2026 05:20:51 PM,2026-08-26T13:31:56.258197+00:00,1.2821,1.2581,1.2701,0.9448074954727983,0.9448074954727983
native,uob,VND,SGD,VND/SGD,1000,Indicative board,board,,,forex_sgd,26 August 2026 05:20:51 PM,26 August 2026 05:20:51 PM,2026-08-26T13:31:56.258197+00:00,0.0498,,,,
native,uob,XAF,SGD,XAF/SGD,100,Indicative board,board,,,forex_sgd,26 August 2026 05:20:51 PM,26 August 2026 05:20:51 PM,2026-08-26T13:31:56.258197+00:00,0.232,,,,
native,uob,XOF,SGD,XOF/SGD,100,Indicative board,board,,,forex_sgd,26 August 2026 05:20:51 PM,26 August 2026 05:20:51 PM,2026-08-26T13:31:56.258197+00:00,0.2335,,,,
native,uob,ZAR,SGD,ZAR/SGD,1,Indicative board,board,,,forex_sgd,26 August 2026 05:20:51 PM,26 August 2026 05:20:51 PM,2026-08-26T13:31:56.258197+00:00,0.0817,0.0777,0.0797,2.5094102885821856,2.5094102885821683
standardized,dbs,AED,SGD,AED/SGD,1,SGD 50 – 200,amtBtw50And200,"SGD 200 – 39,999.99",std_200_40k,mainCurrencies,2026-08-26 21:15:00,2026-08-26 13:15:13,2026-08-26T13:31:53.125532+00:00,0.3485,0.3437,0.34609999999999996,0.693441201964754,0.6934412019647379
standardized,dbs,AED,SGD,AED/SGD,1,SGD 50 – 200,amtBtw50And200,"SGD 40,000 – 100,000",std_40k_100k,mainCurrencies,2026-08-26 21:15:00,2026-08-26 13:15:13,2026-08-26T13:31:53.125532+00:00,0.3485,0.3437,0.34609999999999996,0.693441201964754,0.6934412019647379
standardized,dbs,AED,SGD,AED/SGD,1,SGD 50 – 200,amtBtw50And200,SGD 50 – 200,std_50_200,mainCurrencies,2026-08-26 21:15:00,2026-08-26 13:15:13,2026-08-26T13:31:53.125532+00:00,0.3485,0.3437,0.34609999999999996,0.693441201964754,0.6934412019647379
standardized,dbs,AED,SGD,AED/SGD,1,SGD < 50,amtLessThan50,SGD < 50,std_lt_50,mainCurrencies,2026-08-26 21:15:00,2026-08-26 13:15:13,2026-08-26T13:31:53.125532+00:00,0.3512,0.3409,0.34604999999999997,1.4882242450513057,1.48822424505129
standardized,dbs,AUD,SGD,AUD/SGD,1,SGD 50 – 200,amtBtw50And200,"SGD 200 – 39,999.99",std_200_40k,mainCurrencies,2026-08-26 21:15:00,2026-08-26 13:15:13,2026-08-26T13:31:53.125532+00:00,0.9224,0.9022,0.9123,1.107091965362271,1.107091965362271
standardized,dbs,AUD,SGD,AUD/SGD,1,SGD 50 – 200,amtBtw50And200,"SGD 40,000 – 100,000",std_40k_100k,mainCurrencies,2026-08-26 21:15:00,2026-08-26 13:15:13,2026-08-26T13:31:53.125532+00:00,0.9224,0.9022,0.9123,1.107091965362271,1.107091965362271
standardized,dbs,AUD,SGD,AUD/SGD,1,SGD 50 – 200,amtBtw50And200,SGD 50 – 200,std_50_200,mainCurrencies,2026-08-26 21:15:00,2026-08-26 13:15:13,2026-08-26T13:31:53.125532+00:00,0.9224,0.9022,0.9123,1.107091965362271,1.107091965362271
standardized,dbs,AUD,SGD,AUD/SGD,1,SGD < 50,amtLessThan50,SGD < 50,std_lt_50,mainCurrencies,2026-08-26 21:15:00,2026-08-26 13:15:13,2026-08-26T13:31:53.125532+00:00,0.9228,0.9017,0.91225,1.15648122773362,1.156481227733632
standardized,dbs,BDT,SGD,BDT/SGD,100,SGD 50 – 200,amtBtw50And200,"SGD 200 – 39,999.99",std_200_40k,otherCurrencies,2026-08-26 21:15:00,2026-08-26 13:15:13,2026-08-26T13:31:53.125532+00:00,1.0498,,,,
standardized,dbs,BDT,SGD,BDT/SGD,100,SGD 50 – 200,amtBtw50And200,"SGD 40,000 – 100,000",std_40k_100k,otherCurrencies,2026-08-26 21:15:00,2026-08-26 13:15:13,2026-08-26T13:31:53.125532+00:00,1.0498,,,,
standardized,dbs,BDT,SGD,BDT/SGD,100,SGD 50 – 200,amtBtw50And200,SGD 50 – 200,std_50_200,otherCurrencies,2026-08-26 21:15:00,2026-08-26 13:15:13,2026-08-26T13:31:53.125532+00:00,1.0498,,,,
standardized,dbs,BDT,SGD,BDT/SGD,100,SGD < 50,amtLessThan50,SGD < 50,std_lt_50,otherCurrencies,2026-08-26 21:15:00,2026-08-26 13:15:13,2026-08-26T13:31:53.125532+00:00,1.0498,,,,
standardized,dbs,BHD,SGD,BHD/SGD,1,SGD 50 – 200,amtBtw50And200,"SGD 200 – 39,999.99",std_200_40k,otherCurrencies,2026-08-26 21:15:00,2026-08-26 13:15:13,2026-08-26T13:31:53.125532+00:00,3.4522,,,,
standardized,dbs,BHD,SGD,BHD/SGD,1,SGD 50 – 200,amtBtw50And200,"SGD 40,000 – 100,000",std_40k_100k,otherCurrencies,2026-08-26 21:15:00,2026-08-26 13:15:13,2026-08-26T13:31:53.125532+00:00,3.4522,,,,
standardized,dbs,BHD,SGD,BHD/SGD,1,SGD 50 – 200,amtBtw50And200,SGD 50 – 200,std_50_200,otherCurrencies,2026-08-26 21:15:00,2026-08-26 13:15:13,2026-08-26T13:31:53.125532+00:00,3.4522,,,,
standardized,dbs,BHD,SGD,BHD/SGD,1,SGD < 50,amtLessThan50,SGD < 50,std_lt_50,otherCurrencies,2026-08-26 21:15:00,2026-08-26 13:15:13,2026-08-26T13:31:53.125532+00:00,3.4658,,,,
standardized,dbs,BND,SGD,BND/SGD,1,SGD 50 – 200,amtBtw50And200,"SGD 200 – 39,999.99",std_200_40k,otherCurrencies,2026-08-26 21:15:00,2026-08-26 13:15:13,2026-08-26T13:31:53.125532+00:00,1.0,1.0,1.0,0.0,0.0
standardized,dbs,BND,SGD,BND/SGD,1,SGD 50 – 200,amtBtw50And200,"SGD 40,000 – 100,000",std_40k_100k,otherCurrencies,2026-08-26 21:15:00,2026-08-26 13:15:13,2026-08-26T13:31:53.125532+00:00,1.0,1.0,1.0,0.0,0.0
standardized,dbs,BND,SGD,BND/SGD,1,SGD 50 – 200,amtBtw50And200,SGD 50 – 200,std_50_200,otherCurrencies,2026-08-26 21:15:00,2026-08-26 13:15:13,2026-08-26T13:31:53.125532+00:00,1.0,1.0,1.0,0.0,0.0
standardized,dbs,BND,SGD,BND/SGD,1,SGD < 50,amtLessThan50,SGD < 50,std_lt_50,otherCurrencies,2026-08-26 21:15:00,2026-08-26 13:15:13,2026-08-26T13:31:53.125532+00:00,1.0,1.0,1.0,0.0,0.0
standardized,dbs,CAD,SGD,CAD/SGD,1,SGD 50 – 200,amtBtw50And200,"SGD 200 – 39,999.99",std_200_40k,mainCurrencies,2026-08-26 21:15:00,2026-08-26 13:15:13,2026-08-26T13:31:53.125532+00:00,0.9231,0.9093,0.9162,0.7531106745252147,0.7531106745252147
standardized,dbs,CAD,SGD,CAD/SGD,1,SGD 50 – 200,amtBtw50And200,"SGD 40,000 – 100,000",std_40k_100k,mainCurrencies,2026-08-26 21:15:00,2026-08-26 13:15:13,2026-08-26T13:31:53.125532+00:00,0.9231,0.9093,0.9162,0.7531106745252147,0.7531106745252147
standardized,dbs,CAD,SGD,CAD/SGD,1,SGD 50 – 200,amtBtw50And200,SGD 50 – 200,std_50_200,mainCurrencies,2026-08-26 21:15:00,2026-08-26 13:15:13,2026-08-26T13:31:53.125532+00:00,0.9231,0.9093,0.9162,0.7531106745252147,0.7531106745252147
standardized,dbs,CAD,SGD,CAD/SGD,1,SGD < 50,amtLessThan50,SGD < 50,std_lt_50,mainCurrencies,2026-08-26 21:15:00,2026-08-26 13:15:13,2026-08-26T13:31:53.125532+00:00,0.9263,0.9061,0.9162,1.1023793931456012,1.1023793931456012
standardized,dbs,CHF,SGD,CHF/SGD,1,SGD 50 – 200,amtBtw50And200,"SGD 200 – 39,999.99",std_200_40k,mainCurrencies,2026-08-26 21:15:00,2026-08-26 13:15:13,2026-08-26T13:31:53.125532+00:00,1.594,1.5638,1.5789,0.9563620241940664,0.9563620241940524
standardized,dbs,CHF,SGD,CHF/SGD,1,SGD 50 – 200,amtBtw50And200,"SGD 40,000 – 100,000",std_40k_100k,mainCurrencies,2026-08-26 21:15:00,2026-08-26 13:15:13,2026-08-26T13:31:53.125532+00:00,1.594,1.5638,1.5789,0.9563620241940664,0.9563620241940524
standardized,dbs,CHF,SGD,CHF/SGD,1,SGD 50 – 200,amtBtw50And200,SGD 50 – 200,std_50_200,mainCurrencies,2026-08-26 21:15:00,2026-08-26 13:15:13,2026-08-26T13:31:53.125532+00:00,1.594,1.5638,1.5789,0.9563620241940664,0.9563620241940524
standardized,dbs,CHF,SGD,CHF/SGD,1,SGD < 50,amtLessThan50,SGD < 50,std_lt_50,mainCurrencies,2026-08-26 21:15:00,2026-08-26 13:15:13,2026-08-26T13:31:53.125532+00:00,1.5948,1.563,1.5789,1.0070302109063287,1.0070302109063287
standardized,dbs,CNH,SGD,CNH/SGD,1,SGD 50 – 200,amtBtw50And200,"SGD 200 – 39,999.99",std_200_40k,mainCurrencies,2026-08-26 21:15:00,2026-08-26 13:15:13,2026-08-26T13:31:53.125532+00:00,0.1912,0.1869,0.18905,1.1372652737371136,1.1372652737370987
standardized,dbs,CNH,SGD,CNH/SGD,1,SGD 50 – 200,amtBtw50And200,"SGD 40,000 – 100,000",std_40k_100k,mainCurrencies,2026-08-26 21:15:00,2026-08-26 13:15:13,2026-08-26T13:31:53.125532+00:00,0.1912,0.1869,0.18905,1.1372652737371136,1.1372652737370987
standardized,dbs,CNH,SGD,CNH/SGD,1,SGD 50 – 200,amtBtw50And200,SGD 50 – 200,std_50_200,mainCurrencies,2026-08-26 21:15:00,2026-08-26 13:15:13,2026-08-26T13:31:53.125532+00:00,0.1912,0.1869,0.18905,1.1372652737371136,1.1372652737370987
standardized,dbs,CNH,SGD,CNH/SGD,1,SGD < 50,amtLessThan50,SGD < 50,std_lt_50,mainCurrencies,2026-08-26 21:15:00,2026-08-26 13:15:13,2026-08-26T13:31:53.125532+00:00,0.1919,0.1862,0.18905,1.5075376884422065,1.5075376884422065
standardized,dbs,CNY,SGD,CNY/SGD,1,SGD 50 – 200,amtBtw50And200,"SGD 200 – 39,999.99",std_200_40k,otherCurrencies,2026-08-26 21:15:00,2026-08-26 13:15:13,2026-08-26T13:31:53.125532+00:00,0.1891,,,,
standardized,dbs,CNY,SGD,CNY/SGD,1,SGD 50 – 200,amtBtw50And200,"SGD 40,000 – 100,000",std_40k_100k,otherCurrencies,2026-08-26 21:15:00,2026-08-26 13:15:13,2026-08-26T13:31:53.125532+00:00,0.1891,,,,
standardized,dbs,CNY,SGD,CNY/SGD,1,SGD 50 – 200,amtBtw50And200,SGD 50 – 200,std_50_200,otherCurrencies,2026-08-26 21:15:00,2026-08-26 13:15:13,2026-08-26T13:31:53.125532+00:00,0.1891,,,,
standardized,dbs,CNY,SGD,CNY/SGD,1,SGD < 50,amtLessThan50,SGD < 50,std_lt_50,otherCurrencies,2026-08-26 21:15:00,2026-08-26 13:15:13,2026-08-26T13:31:53.125532+00:00,0.1908,,,,
standardized,dbs,DKK,SGD,DKK/SGD,1,SGD 50 – 200,amtBtw50And200,"SGD 200 – 39,999.99",std_200_40k,mainCurrencies,2026-08-26 21:15:00,2026-08-26 13:15:13,2026-08-26T13:31:53.125532+00:00,0.2009,0.1954,0.19815,1.3878374968458251,1.3878374968458251
standardized,dbs,DKK,SGD,DKK/SGD,1,SGD 50 – 200,amtBtw50And200,"SGD 40,000 – 100,000",std_40k_100k,mainCurrencies,2026-08-26 21:15:00,2026-08-26 13:15:13,2026-08-26T13:31:53.125532+00:00,0.2009,0.1954,0.19815,1.3878374968458251,1.3878374968458251
standardized,dbs,DKK,SGD,DKK/SGD,1,SGD 50 – 200,amtBtw50And200,SGD 50 – 200,std_50_200,mainCurrencies,2026-08-26 21:15:00,2026-08-26 13:15:13,2026-08-26T13:31:53.125532+00:00,0.2009,0.1954,0.19815,1.3878374968458251,1.3878374968458251
standardized,dbs,DKK,SGD,DKK/SGD,1,SGD < 50,amtLessThan50,SGD < 50,std_lt_50,mainCurrencies,2026-08-26 21:15:00,2026-08-26 13:15:13,2026-08-26T13:31:53.125532+00:00,0.2013,0.195,0.19815,1.5897047691143145,1.5897047691143005
standardized,dbs,EUR,SGD,EUR/SGD,1,SGD 50 – 200,amtBtw50And200,"SGD 200 – 39,999.99",std_200_40k,mainCurrencies,2026-08-26 21:15:00,2026-08-26 13:15:13,2026-08-26T13:31:53.125532+00:00,1.4943,1.469,1.4816500000000001,0.8537778827658237,0.8537778827658388
standardized,dbs,EUR,SGD,EUR/SGD,1,SGD 50 – 200,amtBtw50And200,"SGD 40,000 – 100,000",std_40k_100k,mainCurrencies,2026-08-26 21:15:00,2026-08-26 13:15:13,2026-08-26T13:31:53.125532+00:00,1.4943,1.469,1.4816500000000001,0.8537778827658237,0.8537778827658388
standardized,dbs,EUR,SGD,EUR/SGD,1,SGD 50 – 200,amtBtw50And200,SGD 50 – 200,std_50_200,mainCurrencies,2026-08-26 21:15:00,2026-08-26 13:15:13,2026-08-26T13:31:53.125532+00:00,1.4943,1.469,1.4816500000000001,0.8537778827658237,0.8537778827658388
standardized,dbs,EUR,SGD,EUR/SGD,1,SGD < 50,amtLessThan50,SGD < 50,std_lt_50,mainCurrencies,2026-08-26 21:15:00,2026-08-26 13:15:13,2026-08-26T13:31:53.125532+00:00,1.4951,1.4683,1.4817,0.9043666059256312,0.9043666059256312
standardized,dbs,GBP,SGD,GBP/SGD,1,SGD 50 – 200,amtBtw50And200,"SGD 200 – 39,999.99",std_200_40k,mainCurrencies,2026-08-26 21:15:00,2026-08-26 13:15:13,2026-08-26T13:31:53.125532+00:00,1.7429,1.7168,1.7298499999999999,0.7544006705783743,0.7544006705783615
standardized,dbs,GBP,SGD,GBP/SGD,1,SGD 50 – 200,amtBtw50And200,"SGD 40,000 – 100,000",std_40k_100k,mainCurrencies,2026-08-26 21:15:00,2026-08-26 13:15:13,2026-08-26T13:31:53.125532+00:00,1.7429,1.7168,1.7298499999999999,0.7544006705783743,0.7544006705783615
standardized,dbs,GBP,SGD,GBP/SGD,1,SGD 50 – 200,amtBtw50And200,SGD 50 – 200,std_50_200,mainCurrencies,2026-08-26 21:15:00,2026-08-26 13:15:13,2026-08-26T13:31:53.125532+00:00,1.7429,1.7168,1.7298499999999999,0.7544006705783743,0.7544006705783615
standardized,dbs,GBP,SGD,GBP/SGD,1,SGD < 50,amtLessThan50,SGD < 50,std_lt_50,mainCurrencies,2026-08-26 21:15:00,2026-08-26 13:15:13,2026-08-26T13:31:53.125532+00:00,1.7447,1.7151,1.7299,0.8555407827041981,0.8555407827041981
standardized,dbs,HKD,SGD,HKD/SGD,1,SGD 50 – 200,amtBtw50And200,"SGD 200 – 39,999.99",std_200_40k,mainCurrencies,2026-08-26 21:15:00,2026-08-26 13:15:13,2026-08-26T13:31:53.125532+00:00,0.1637,0.1605,0.16210000000000002,0.987045033929667,0.987045033929684
standardized,dbs,HKD,SGD,HKD/SGD,1,SGD 50 – 200,amtBtw50And200,"SGD 40,000 – 100,000",std_40k_100k,mainCurrencies,2026-08-26 21:15:00,2026-08-26 13:15:13,2026-08-26T13:31:53.125532+00:00,0.1637,0.1605,0.16210000000000002,0.987045033929667,0.987045033929684
standardized,dbs,HKD,SGD,HKD/SGD,1,SGD 50 – 200,amtBtw50And200,SGD 50 – 200,std_50_200,mainCurrencies,2026-08-26 21:15:00,2026-08-26 13:15:13,2026-08-26T13:31:53.125532+00:00,0.1637,0.1605,0.16210000000000002,0.987045033929667,0.987045033929684
standardized,dbs,HKD,SGD,HKD/SGD,1,SGD < 50,amtLessThan50,SGD < 50,std_lt_50,mainCurrencies,2026-08-26 21:15:00,2026-08-26 13:15:13,2026-08-26T13:31:53.125532+00:00,0.1639,0.1603,0.1621,1.1104256631708798,1.1104256631708798
standardized,dbs,HUF,SGD,HUF/SGD,100,SGD 50 – 200,amtBtw50And200,"SGD 200 – 39,999.99",std_200_40k,otherCurrencies,2026-08-26 21:15:00,2026-08-26 13:15:13,2026-08-26T13:31:53.125532+00:00,0.4189,,,,
standardized,dbs,HUF,SGD,HUF/SGD,100,SGD 50 – 200,amtBtw50And200,"SGD 40,000 – 100,000",std_40k_100k,otherCurrencies,2026-08-26 21:15:00,2026-08-26 13:15:13,2026-08-26T13:31:53.125532+00:00,0.4189,,,,
standardized,dbs,HUF,SGD,HUF/SGD,100,SGD 50 – 200,amtBtw50And200,SGD 50 – 200,std_50_200,otherCurrencies,2026-08-26 21:15:00,2026-08-26 13:15:13,2026-08-26T13:31:53.125532+00:00,0.4189,,,,
standardized,dbs,HUF,SGD,HUF/SGD,100,SGD < 50,amtLessThan50,SGD < 50,std_lt_50,otherCurrencies,2026-08-26 21:15:00,2026-08-26 13:15:13,2026-08-26T13:31:53.125532+00:00,0.4205,,,,
standardized,dbs,ID0,SGD,ID0/SGD,100,SGD 50 – 200,amtBtw50And200,"SGD 200 – 39,999.99",std_200_40k,otherCurrencies,2026-08-26 21:15:00,2026-08-26 13:15:13,2026-08-26T13:31:53.125532+00:00,,,,,
standardized,dbs,ID0,SGD,ID0/SGD,100,SGD 50 – 200,amtBtw50And200,"SGD 40,000 – 100,000",std_40k_100k,otherCurrencies,2026-08-26 21:15:00,2026-08-26 13:15:13,2026-08-26T13:31:53.125532+00:00,,,,,
standardized,dbs,ID0,SGD,ID0/SGD,100,SGD 50 – 200,amtBtw50And200,SGD 50 – 200,std_50_200,otherCurrencies,2026-08-26 21:15:00,2026-08-26 13:15:13,2026-08-26T13:31:53.125532+00:00,,,,,
standardized,dbs,ID0,SGD,ID0/SGD,100,SGD < 50,amtLessThan50,SGD < 50,std_lt_50,otherCurrencies,2026-08-26 21:15:00,2026-08-26 13:15:13,2026-08-26T13:31:53.125532+00:00,,0.0071,,,
standardized,dbs,IDR,SGD,IDR/SGD,100,SGD 50 – 200,amtBtw50And200,"SGD 200 – 39,999.99",std_200_40k,mainCurrencies,2026-08-26 21:15:00,2026-08-26 13:15:13,2026-08-26T13:31:53.125532+00:00,0.0073,,,,
standardized,dbs,IDR,SGD,IDR/SGD,100,SGD 50 – 200,amtBtw50And200,"SGD 40,000 – 100,000",std_40k_100k,mainCurrencies,2026-08-26 21:15:00,2026-08-26 13:15:13,2026-08-26T13:31:53.125532+00:00,0.0073,,,,
standardized,dbs,IDR,SGD,IDR/SGD,100,SGD 50 – 200,amtBtw50And200,SGD 50 – 200,std_50_200,mainCurrencies,2026-08-26 21:15:00,2026-08-26 13:15:13,2026-08-26T13:31:53.125532+00:00,0.0073,,,,
standardized,dbs,IDR,SGD,IDR/SGD,100,SGD < 50,amtLessThan50,SGD < 50,std_lt_50,mainCurrencies,2026-08-26 21:15:00,2026-08-26 13:15:13,2026-08-26T13:31:53.125532+00:00,0.0073,,,,
standardized,dbs,IN0,SGD,IN0/SGD,100,SGD 50 – 200,amtBtw50And200,"SGD 200 – 39,999.99",std_200_40k,otherCurrencies,2026-08-26 21:15:00,2026-08-26 13:15:13,2026-08-26T13:31:53.125532+00:00,,1.3288,,,
standardized,dbs,IN0,SGD,IN0/SGD,100,SGD 50 – 200,amtBtw50And200,"SGD 40,000 – 100,000",std_40k_100k,otherCurrencies,2026-08-26 21:15:00,2026-08-26 13:15:13,2026-08-26T13:31:53.125532+00:00,,1.3288,,,
standardized,dbs,IN0,SGD,IN0/SGD,100,SGD 50 – 200,amtBtw50And200,SGD 50 – 200,std_50_200,otherCurrencies,2026-08-26 21:15:00,2026-08-26 13:15:13,2026-08-26T13:31:53.125532+00:00,,1.3288,,,
standardized,dbs,IN0,SGD,IN0/SGD,100,SGD < 50,amtLessThan50,SGD < 50,std_lt_50,otherCurrencies,2026-08-26 21:15:00,2026-08-26 13:15:13,2026-08-26T13:31:53.125532+00:00,,1.3288,,,
standardized,dbs,INR,SGD,INR/SGD,100,SGD 50 – 200,amtBtw50And200,"SGD 200 – 39,999.99",std_200_40k,otherCurrencies,2026-08-26 21:15:00,2026-08-26 13:15:13,2026-08-26T13:31:53.125532+00:00,1.3488,,,,
standardized,dbs,INR,SGD,INR/SGD,100,SGD 50 – 200,amtBtw50And200,"SGD 40,000 – 100,000",std_40k_100k,otherCurrencies,2026-08-26 21:15:00,2026-08-26 13:15:13,2026-08-26T13:31:53.125532+00:00,1.3488,,,,
standardized,dbs,INR,SGD,INR/SGD,100,SGD 50 – 200,amtBtw50And200,SGD 50 – 200,std_50_200,otherCurrencies,2026-08-26 21:15:00,2026-08-26 13:15:13,2026-08-26T13:31:53.125532+00:00,1.3488,,,,
standardized,dbs,INR,SGD,INR/SGD,100,SGD < 50,amtLessThan50,SGD < 50,std_lt_50,otherCurrencies,2026-08-26 21:15:00,2026-08-26 13:15:13,2026-08-26T13:31:53.125532+00:00,1.3595,,,,
standardized,dbs,JPY,SGD,JPY/SGD,100,SGD 50 – 200,amtBtw50And200,"SGD 200 – 39,999.99",std_200_40k,mainCurrencies,2026-08-26 21:15:00,2026-08-26 13:15:13,2026-08-26T13:31:53.125532+00:00,0.8061,0.79,0.79805,1.0087087275233382,1.0087087275233382
standardized,dbs,JPY,SGD,JPY/SGD,100,SGD 50 – 200,amtBtw50And200,"SGD 40,000 – 100,000",std_40k_100k,mainCurrencies,2026-08-26 21:15:00,2026-08-26 13:15:13,2026-08-26T13:31:53.125532+00:00,0.8061,0.79,0.79805,1.0087087275233382,1.0087087275233382
standardized,dbs,JPY,SGD,JPY/SGD,100,SGD 50 – 200,amtBtw50And200,SGD 50 – 200,std_50_200,mainCurrencies,2026-08-26 21:15:00,2026-08-26 13:15:13,2026-08-26T13:31:53.125532+00:00,0.8061,0.79,0.79805,1.0087087275233382,1.0087087275233382
standardized,dbs,JPY,SGD,JPY/SGD,100,SGD < 50,amtLessThan50,SGD < 50,std_lt_50,mainCurrencies,2026-08-26 21:15:00,2026-08-26 13:15:13,2026-08-26T13:31:53.125532+00:00,0.8069,0.7892,0.7980499999999999,1.1089530731157227,1.108953073115709
standardized,dbs,KRW,SGD,KRW/SGD,100,SGD 50 – 200,amtBtw50And200,"SGD 200 – 39,999.99",std_200_40k,otherCurrencies,2026-08-26 21:15:00,2026-08-26 13:15:13,2026-08-26T13:31:53.125532+00:00,0.0929,,,,
standardized,dbs,KRW,SGD,KRW/SGD,100,SGD 50 – 200,amtBtw50And200,"SGD 40,000 – 100,000",std_40k_100k,otherCurrencies,2026-08-26 21:15:00,2026-08-26 13:15:13,2026-08-26T13:31:53.125532+00:00,0.0929,,,,
standardized,dbs,KRW,SGD,KRW/SGD,100,SGD 50 – 200,amtBtw50And200,SGD 50 – 200,std_50_200,otherCurrencies,2026-08-26 21:15:00,2026-08-26 13:15:13,2026-08-26T13:31:53.125532+00:00,0.0929,,,,
standardized,dbs,KRW,SGD,KRW/SGD,100,SGD < 50,amtLessThan50,SGD < 50,std_lt_50,otherCurrencies,2026-08-26 21:15:00,2026-08-26 13:15:13,2026-08-26T13:31:53.125532+00:00,0.0929,,,,
standardized,dbs,KWD,SGD,KWD/SGD,100,SGD 50 – 200,amtBtw50And200,"SGD 200 – 39,999.99",std_200_40k,otherCurrencies,2026-08-26 21:15:00,2026-08-26 13:15:13,2026-08-26T13:31:53.125532+00:00,422.0882,,,,
standardized,dbs,KWD,SGD,KWD/SGD,100,SGD 50 – 200,amtBtw50And200,"SGD 40,000 – 100,000",std_40k_100k,otherCurrencies,2026-08-26 21:15:00,2026-08-26 13:15:13,2026-08-26T13:31:53.125532+00:00,422.0882,,,,
standardized,dbs,KWD,SGD,KWD/SGD,100,SGD 50 – 200,amtBtw50And200,SGD 50 – 200,std_50_200,otherCurrencies,2026-08-26 21:15:00,2026-08-26 13:15:13,2026-08-26T13:31:53.125532+00:00,422.0882,,,,
standardized,dbs,KWD,SGD,KWD/SGD,100,SGD < 50,amtLessThan50,SGD < 50,std_lt_50,otherCurrencies,2026-08-26 21:15:00,2026-08-26 13:15:13,2026-08-26T13:31:53.125532+00:00,423.7592,,,,
standardized,dbs,LKR,SGD,LKR/SGD,100,SGD 50 – 200,amtBtw50And200,"SGD 200 – 39,999.99",std_200_40k,otherCurrencies,2026-08-26 21:15:00,2026-08-26 13:15:13,2026-08-26T13:31:53.125532+00:00,0.3944,,,,
standardized,dbs,LKR,SGD,LKR/SGD,100,SGD 50 – 200,amtBtw50And200,"SGD 40,000 – 100,000",std_40k_100k,otherCurrencies,2026-08-26 21:15:00,2026-08-26 13:15:13,2026-08-26T13:31:53.125532+00:00,0.3944,,,,
standardized,dbs,LKR,SGD,LKR/SGD,100,SGD 50 – 200,amtBtw50And200,SGD 50 – 200,std_50_200,otherCurrencies,2026-08-26 21:15:00,2026-08-26 13:15:13,2026-08-26T13:31:53.125532+00:00,0.3944,,,,
standardized,dbs,LKR,SGD,LKR/SGD,100,SGD < 50,amtLessThan50,SGD < 50,std_lt_50,otherCurrencies,2026-08-26 21:15:00,2026-08-26 13:15:13,2026-08-26T13:31:53.125532+00:00,0.3944,,,,
standardized,dbs,MM1,SGD,MM1/SGD,100,SGD 50 – 200,amtBtw50And200,"SGD 200 – 39,999.99",std_200_40k,otherCurrencies,2026-08-26 21:15:00,2026-08-26 13:15:13,2026-08-26T13:31:53.125532+00:00,,,,,
standardized,dbs,MM1,SGD,MM1/SGD,100,SGD 50 – 200,amtBtw50And200,"SGD 40,000 – 100,000",std_40k_100k,otherCurrencies,2026-08-26 21:15:00,2026-08-26 13:15:13,2026-08-26T13:31:53.125532+00:00,,,,,
standardized,dbs,MM1,SGD,MM1/SGD,100,SGD 50 – 200,amtBtw50And200,SGD 50 – 200,std_50_200,otherCurrencies,2026-08-26 21:15:00,2026-08-26 13:15:13,2026-08-26T13:31:53.125532+00:00,,,,,
standardized,dbs,MM1,SGD,MM1/SGD,100,SGD < 50,amtLessThan50,SGD < 50,std_lt_50,otherCurrencies,2026-08-26 21:15:00,2026-08-26 13:15:13,2026-08-26T13:31:53.125532+00:00,,,,,
standardized,dbs,MMK,SGD,MMK/SGD,100,SGD 50 – 200,amtBtw50And200,"SGD 200 – 39,999.99",std_200_40k,otherCurrencies,2026-08-26 21:15:00,2026-08-26 13:15:13,2026-08-26T13:31:53.125532+00:00,0.0325,,,,
standardized,dbs,MMK,SGD,MMK/SGD,100,SGD 50 – 200,amtBtw50And200,"SGD 40,000 – 100,000",std_40k_100k,otherCurrencies,2026-08-26 21:15:00,2026-08-26 13:15:13,2026-08-26T13:31:53.125532+00:00,0.0325,,,,
standardized,dbs,MMK,SGD,MMK/SGD,100,SGD 50 – 200,amtBtw50And200,SGD 50 – 200,std_50_200,otherCurrencies,2026-08-26 21:15:00,2026-08-26 13:15:13,2026-08-26T13:31:53.125532+00:00,0.0325,,,,
standardized,dbs,MMK,SGD,MMK/SGD,100,SGD < 50,amtLessThan50,SGD < 50,std_lt_50,otherCurrencies,2026-08-26 21:15:00,2026-08-26 13:15:13,2026-08-26T13:31:53.125532+00:00,0.0325,,,,
standardized,dbs,MUR,SGD,MUR/SGD,100,SGD 50 – 200,amtBtw50And200,"SGD 200 – 39,999.99",std_200_40k,otherCurrencies,2026-08-26 21:15:00,2026-08-26 13:15:13,2026-08-26T13:31:53.125532+00:00,2.7467,,,,
standardized,dbs,MUR,SGD,MUR/SGD,100,SGD 50 – 200,amtBtw50And200,"SGD 40,000 – 100,000",std_40k_100k,otherCurrencies,2026-08-26 21:15:00,2026-08-26 13:15:13,2026-08-26T13:31:53.125532+00:00,2.7467,,,,
standardized,dbs,MUR,SGD,MUR/SGD,100,SGD 50 – 200,amtBtw50And200,SGD 50 – 200,std_50_200,otherCurrencies,2026-08-26 21:15:00,2026-08-26 13:15:13,2026-08-26T13:31:53.125532+00:00,2.7467,,,,
standardized,dbs,MUR,SGD,MUR/SGD,100,SGD < 50,amtLessThan50,SGD < 50,std_lt_50,otherCurrencies,2026-08-26 21:15:00,2026-08-26 13:15:13,2026-08-26T13:31:53.125532+00:00,2.7576,,,,
standardized,dbs,MXN,SGD,MXN/SGD,100,SGD 50 – 200,amtBtw50And200,"SGD 200 – 39,999.99",std_200_40k,mainCurrencies,2026-08-26 21:15:00,2026-08-26 13:15:13,2026-08-26T13:31:53.125532+00:00,7.6034,,,,
standardized,dbs,MXN,SGD,MXN/SGD,100,SGD 50 – 200,amtBtw50And200,"SGD 40,000 – 100,000",std_40k_100k,mainCurrencies,2026-08-26 21:15:00,2026-08-26 13:15:13,2026-08-26T13:31:53.125532+00:00,7.6034,,,,
standardized,dbs,MXN,SGD,MXN/SGD,100,SGD 50 – 200,amtBtw50And200,SGD 50 – 200,std_50_200,mainCurrencies,2026-08-26 21:15:00,2026-08-26 13:15:13,2026-08-26T13:31:53.125532+00:00,7.6034,,,,
standardized,dbs,MXN,SGD,MXN/SGD,100,SGD < 50,amtLessThan50,SGD < 50,std_lt_50,mainCurrencies,2026-08-26 21:15:00,2026-08-26 13:15:13,2026-08-26T13:31:53.125532+00:00,7.6034,,,,
standardized,dbs,MY0,SGD,MY0/SGD,1,SGD 50 – 200,amtBtw50And200,"SGD 200 – 39,999.99",std_200_40k,otherCurrencies,2026-08-26 21:15:00,2026-08-26 13:15:13,2026-08-26T13:31:53.125532+00:00,,0.3151,,,
standardized,dbs,MY0,SGD,MY0/SGD,1,SGD 50 – 200,amtBtw50And200,"SGD 40,000 – 100,000",std_40k_100k,otherCurrencies,2026-08-26 21:15:00,2026-08-26 13:15:13,2026-08-26T13:31:53.125532+00:00,,0.3151,,,
standardized,dbs,MY0,SGD,MY0/SGD,1,SGD 50 – 200,amtBtw50And200,SGD 50 – 200,std_50_200,otherCurrencies,2026-08-26 21:15:00,2026-08-26 13:15:13,2026-08-26T13:31:53.125532+00:00,,0.3151,,,
standardized,dbs,MY0,SGD,MY0/SGD,1,SGD < 50,amtLessThan50,SGD < 50,std_lt_50,otherCurrencies,2026-08-26 21:15:00,2026-08-26 13:15:13,2026-08-26T13:31:53.125532+00:00,,0.3151,,,
standardized,dbs,MYR,SGD,MYR/SGD,1,SGD 50 – 200,amtBtw50And200,"SGD 200 – 39,999.99",std_200_40k,otherCurrencies,2026-08-26 21:15:00,2026-08-26 13:15:13,2026-08-26T13:31:53.125532+00:00,0.3192,,,,
standardized,dbs,MYR,SGD,MYR/SGD,1,SGD 50 – 200,amtBtw50And200,"SGD 40,000 – 100,000",std_40k_100k,otherCurrencies,2026-08-26 21:15:00,2026-08-26 13:15:13,2026-08-26T13:31:53.125532+00:00,0.3192,,,,
standardized,dbs,MYR,SGD,MYR/SGD,1,SGD 50 – 200,amtBtw50And200,SGD 50 – 200,std_50_200,otherCurrencies,2026-08-26 21:15:00,2026-08-26 13:15:13,2026-08-26T13:31:53.125532+00:00,0.3192,,,,
standardized,dbs,MYR,SGD,MYR/SGD,1,SGD < 50,amtLessThan50,SGD < 50,std_lt_50,otherCurrencies,2026-08-26 21:15:00,2026-08-26 13:15:13,2026-08-26T13:31:53.125532+00:00,0.3192,,,,
standardized,dbs,NOK,SGD,NOK/SGD,1,SGD 50 – 200,amtBtw50And200,"SGD 200 – 39,999.99",std_200_40k,mainCurrencies,2026-08-26 21:15:00,2026-08-26 13:15:13,2026-08-26T13:31:53.125532+00:00,0.138,0.1342,0.1361,1.3960323291697374,1.3960323291697172
standardized,dbs,NOK,SGD,NOK/SGD,1,SGD 50 – 200,amtBtw50And200,"SGD 40,000 – 100,000",std_40k_100k,mainCurrencies,2026-08-26 21:15:00,2026-08-26 13:15:13,2026-08-26T13:31:53.125532+00:00,0.138,0.1342,0.1361,1.3960323291697374,1.3960323291697172
standardized,dbs,NOK,SGD,NOK/SGD,1,SGD 50 – 200,amtBtw50And200,SGD 50 – 200,std_50_200,mainCurrencies,2026-08-26 21:15:00,2026-08-26 13:15:13,2026-08-26T13:31:53.125532+00:00,0.138,0.1342,0.1361,1.3960323291697374,1.3960323291697172
standardized,dbs,NOK,SGD,NOK/SGD,1,SGD < 50,amtLessThan50,SGD < 50,std_lt_50,mainCurrencies,2026-08-26 21:15:00,2026-08-26 13:15:13,2026-08-26T13:31:53.125532+00:00,0.1384,0.1338,0.1361,1.6899338721528263,1.6899338721528263
standardized,dbs,NZD,SGD,NZD/SGD,1,SGD 50 – 200,amtBtw50And200,"SGD 200 – 39,999.99",std_200_40k,mainCurrencies,2026-08-26 21:15:00,2026-08-26 13:15:13,2026-08-26T13:31:53.125532+00:00,0.7645,0.747,0.7557499999999999,1.1577902745616986,1.157790274561684
standardized,dbs,NZD,SGD,NZD/SGD,1,SGD 50 – 200,amtBtw50And200,"SGD 40,000 – 100,000",std_40k_100k,mainCurrencies,2026-08-26 21:15:00,2026-08-26 13:15:13,2026-08-26T13:31:53.125532+00:00,0.7645,0.747,0.7557499999999999,1.1577902745616986,1.157790274561684
standardized,dbs,NZD,SGD,NZD/SGD,1,SGD 50 – 200,amtBtw50And200,SGD 50 – 200,std_50_200,mainCurrencies,2026-08-26 21:15:00,2026-08-26 13:15:13,2026-08-26T13:31:53.125532+00:00,0.7645,0.747,0.7557499999999999,1.1577902745616986,1.157790274561684
standardized,dbs,NZD,SGD,NZD/SGD,1,SGD < 50,amtLessThan50,SGD < 50,std_lt_50,mainCurrencies,2026-08-26 21:15:00,2026-08-26 13:15:13,2026-08-26T13:31:53.125532+00:00,0.7652,0.7462,0.7557,1.2571126108243948,1.2571126108244095
standardized,dbs,OMR,SGD,OMR/SGD,1,SGD 50 – 200,amtBtw50And200,"SGD 200 – 39,999.99",std_200_40k,otherCurrencies,2026-08-26 21:15:00,2026-08-26 13:15:13,2026-08-26T13:31:53.125532+00:00,3.3275,,,,
standardized,dbs,OMR,SGD,OMR/SGD,1,SGD 50 – 200,amtBtw50And200,"SGD 40,000 – 100,000",std_40k_100k,otherCurrencies,2026-08-26 21:15:00,2026-08-26 13:15:13,2026-08-26T13:31:53.125532+00:00,3.3275,,,,
standardized,dbs,OMR,SGD,OMR/SGD,1,SGD 50 – 200,amtBtw50And200,SGD 50 – 200,std_50_200,otherCurrencies,2026-08-26 21:15:00,2026-08-26 13:15:13,2026-08-26T13:31:53.125532+00:00,3.3275,,,,
standardized,dbs,OMR,SGD,OMR/SGD,1,SGD < 50,amtLessThan50,SGD < 50,std_lt_50,otherCurrencies,2026-08-26 21:15:00,2026-08-26 13:15:13,2026-08-26T13:31:53.125532+00:00,3.3275,,,,
standardized,dbs,PH0,SGD,PH0/SGD,100,SGD 50 – 200,amtBtw50And200,"SGD 200 – 39,999.99",std_200_40k,otherCurrencies,2026-08-26 21:15:00,2026-08-26 13:15:13,2026-08-26T13:31:53.125532+00:00,,2.0537,,,
standardized,dbs,PH0,SGD,PH0/SGD,100,SGD 50 – 200,amtBtw50And200,"SGD 40,000 – 100,000",std_40k_100k,otherCurrencies,2026-08-26 21:15:00,2026-08-26 13:15:13,2026-08-26T13:31:53.125532+00:00,,2.0537,,,
standardized,dbs,PH0,SGD,PH0/SGD,100,SGD 50 – 200,amtBtw50And200,SGD 50 – 200,std_50_200,otherCurrencies,2026-08-26 21:15:00,2026-08-26 13:15:13,2026-08-26T13:31:53.125532+00:00,,2.0537,,,
standardized,dbs,PH0,SGD,PH0/SGD,100,SGD < 50,amtLessThan50,SGD < 50,std_lt_50,otherCurrencies,2026-08-26 21:15:00,2026-08-26 13:15:13,2026-08-26T13:31:53.125532+00:00,,2.0537,,,
standardized,dbs,PHP,SGD,PHP/SGD,100,SGD 50 – 200,amtBtw50And200,"SGD 200 – 39,999.99",std_200_40k,otherCurrencies,2026-08-26 21:15:00,2026-08-26 13:15:13,2026-08-26T13:31:53.125532+00:00,2.0847,,,,
standardized,dbs,PHP,SGD,PHP/SGD,100,SGD 50 – 200,amtBtw50And200,"SGD 40,000 – 100,000",std_40k_100k,otherCurrencies,2026-08-26 21:15:00,2026-08-26 13:15:13,2026-08-26T13:31:53.125532+00:00,2.0847,,,,
standardized,dbs,PHP,SGD,PHP/SGD,100,SGD 50 – 200,amtBtw50And200,SGD 50 – 200,std_50_200,otherCurrencies,2026-08-26 21:15:00,2026-08-26 13:15:13,2026-08-26T13:31:53.125532+00:00,2.0847,,,,
standardized,dbs,PHP,SGD,PHP/SGD,100,SGD < 50,amtLessThan50,SGD < 50,std_lt_50,otherCurrencies,2026-08-26 21:15:00,2026-08-26 13:15:13,2026-08-26T13:31:53.125532+00:00,2.1004,,,,
standardized,dbs,PLN,SGD,PLN/SGD,1,SGD 50 – 200,amtBtw50And200,"SGD 200 – 39,999.99",std_200_40k,otherCurrencies,2026-08-26 21:15:00,2026-08-26 13:15:13,2026-08-26T13:31:53.125532+00:00,0.3512,,,,
standardized,dbs,PLN,SGD,PLN/SGD,1,SGD 50 – 200,amtBtw50And200,"SGD 40,000 – 100,000",std_40k_100k,otherCurrencies,2026-08-26 21:15:00,2026-08-26 13:15:13,2026-08-26T13:31:53.125532+00:00,0.3512,,,,
standardized,dbs,PLN,SGD,PLN/SGD,1,SGD 50 – 200,amtBtw50And200,SGD 50 – 200,std_50_200,otherCurrencies,2026-08-26 21:15:00,2026-08-26 13:15:13,2026-08-26T13:31:53.125532+00:00,0.3512,,,,
standardized,dbs,PLN,SGD,PLN/SGD,1,SGD < 50,amtLessThan50,SGD < 50,std_lt_50,otherCurrencies,2026-08-26 21:15:00,2026-08-26 13:15:13,2026-08-26T13:31:53.125532+00:00,0.3526,,,,
standardized,dbs,QAR,SGD,QAR/SGD,1,SGD 50 – 200,amtBtw50And200,"SGD 200 – 39,999.99",std_200_40k,otherCurrencies,2026-08-26 21:15:00,2026-08-26 13:15:13,2026-08-26T13:31:53.125532+00:00,0.3565,,,,
standardized,dbs,QAR,SGD,QAR/SGD,1,SGD 50 – 200,amtBtw50And200,"SGD 40,000 – 100,000",std_40k_100k,otherCurrencies,2026-08-26 21:15:00,2026-08-26 13:15:13,2026-08-26T13:31:53.125532+00:00,0.3565,,,,
standardized,dbs,QAR,SGD,QAR/SGD,1,SGD 50 – 200,amtBtw50And200,SGD 50 – 200,std_50_200,otherCurrencies,2026-08-26 21:15:00,2026-08-26 13:15:13,2026-08-26T13:31:53.125532+00:00,0.3565,,,,
standardized,dbs,QAR,SGD,QAR/SGD,1,SGD < 50,amtLessThan50,SGD < 50,std_lt_50,otherCurrencies,2026-08-26 21:15:00,2026-08-26 13:15:13,2026-08-26T13:31:53.125532+00:00,0.3579,,,,
standardized,dbs,RUB,SGD,RUB/SGD,100,SGD 50 – 200,amtBtw50And200,"SGD 200 – 39,999.99",std_200_40k,mainCurrencies,2026-08-26 21:15:00,2026-08-26 13:15:13,2026-08-26T13:31:53.125532+00:00,,,,,
standardized,dbs,RUB,SGD,RUB/SGD,100,SGD 50 – 200,amtBtw50And200,"SGD 40,000 – 100,000",std_40k_100k,mainCurrencies,2026-08-26 21:15:00,2026-08-26 13:15:13,2026-08-26T13:31:53.125532+00:00,,,,,
standardized,dbs,RUB,SGD,RUB/SGD,100,SGD 50 – 200,amtBtw50And200,SGD 50 – 200,std_50_200,mainCurrencies,2026-08-26 21:15:00,2026-08-26 13:15:13,2026-08-26T13:31:53.125532+00:00,,,,,
standardized,dbs,RUB,SGD,RUB/SGD,100,SGD < 50,amtLessThan50,SGD < 50,std_lt_50,mainCurrencies,2026-08-26 21:15:00,2026-08-26 13:15:13,2026-08-26T13:31:53.125532+00:00,,,,,
standardized,dbs,SAR,SGD,SAR/SGD,100,SGD 50 – 200,amtBtw50And200,"SGD 200 – 39,999.99",std_200_40k,otherCurrencies,2026-08-26 21:15:00,2026-08-26 13:15:13,2026-08-26T13:31:53.125532+00:00,34.2796,,,,
standardized,dbs,SAR,SGD,SAR/SGD,100,SGD 50 – 200,amtBtw50And200,"SGD 40,000 – 100,000",std_40k_100k,otherCurrencies,2026-08-26 21:15:00,2026-08-26 13:15:13,2026-08-26T13:31:53.125532+00:00,34.2796,,,,
standardized,dbs,SAR,SGD,SAR/SGD,100,SGD 50 – 200,amtBtw50And200,SGD 50 – 200,std_50_200,otherCurrencies,2026-08-26 21:15:00,2026-08-26 13:15:13,2026-08-26T13:31:53.125532+00:00,34.2796,,,,
standardized,dbs,SAR,SGD,SAR/SGD,100,SGD < 50,amtLessThan50,SGD < 50,std_lt_50,otherCurrencies,2026-08-26 21:15:00,2026-08-26 13:15:13,2026-08-26T13:31:53.125532+00:00,34.2799,,,,
standardized,dbs,SEK,SGD,SEK/SGD,1,SGD 50 – 200,amtBtw50And200,"SGD 200 – 39,999.99",std_200_40k,mainCurrencies,2026-08-26 21:15:00,2026-08-26 13:15:13,2026-08-26T13:31:53.125532+00:00,0.1354,0.1318,0.1336,1.347305389221554,1.347305389221554
standardized,dbs,SEK,SGD,SEK/SGD,1,SGD 50 – 200,amtBtw50And200,"SGD 40,000 – 100,000",std_40k_100k,mainCurrencies,2026-08-26 21:15:00,2026-08-26 13:15:13,2026-08-26T13:31:53.125532+00:00,0.1354,0.1318,0.1336,1.347305389221554,1.347305389221554
standardized,dbs,SEK,SGD,SEK/SGD,1,SGD 50 – 200,amtBtw50And200,SGD 50 – 200,std_50_200,mainCurrencies,2026-08-26 21:15:00,2026-08-26 13:15:13,2026-08-26T13:31:53.125532+00:00,0.1354,0.1318,0.1336,1.347305389221554,1.347305389221554
standardized,dbs,SEK,SGD,SEK/SGD,1,SGD < 50,amtLessThan50,SGD < 50,std_lt_50,mainCurrencies,2026-08-26 21:15:00,2026-08-26 13:15:13,2026-08-26T13:31:53.125532+00:00,0.1359,0.1312,0.13355,1.7596405840509106,1.7596405840509106
standardized,dbs,THB,SGD,THB/SGD,100,SGD 50 – 200,amtBtw50And200,"SGD 200 – 39,999.99",std_200_40k,mainCurrencies,2026-08-26 21:15:00,2026-08-26 13:15:13,2026-08-26T13:31:53.125532+00:00,3.9295,3.8182,3.87385,1.4365553648179454,1.4365553648179454
standardized,dbs,THB,SGD,THB/SGD,100,SGD 50 – 200,amtBtw50And200,"SGD 40,000 – 100,000",std_40k_100k,mainCurrencies,2026-08-26 21:15:00,2026-08-26 13:15:13,2026-08-26T13:31:53.125532+00:00,3.9295,3.8182,3.87385,1.4365553648179454,1.4365553648179454
standardized,dbs,THB,SGD,THB/SGD,100,SGD 50 – 200,amtBtw50And200,SGD 50 – 200,std_50_200,mainCurrencies,2026-08-26 21:15:00,2026-08-26 13:15:13,2026-08-26T13:31:53.125532+00:00,3.9295,3.8182,3.87385,1.4365553648179454,1.4365553648179454
standardized,dbs,THB,SGD,THB/SGD,100,SGD < 50,amtLessThan50,SGD < 50,std_lt_50,mainCurrencies,2026-08-26 21:15:00,2026-08-26 13:15:13,2026-08-26T13:31:53.125532+00:00,3.9338,3.8139,3.87385,1.5475560488919338,1.5475560488919338
standardized,dbs,TND,SGD,TND/SGD,1,SGD 50 – 200,amtBtw50And200,"SGD 200 – 39,999.99",std_200_40k,otherCurrencies,2026-08-26 21:15:00,2026-08-26 13:15:13,2026-08-26T13:31:53.125532+00:00,0.4448,,,,
standardized,dbs,TND,SGD,TND/SGD,1,SGD 50 – 200,amtBtw50And200,"SGD 40,000 – 100,000",std_40k_100k,otherCurrencies,2026-08-26 21:15:00,2026-08-26 13:15:13,2026-08-26T13:31:53.125532+00:00,0.4448,,,,
standardized,dbs,TND,SGD,TND/SGD,1,SGD 50 – 200,amtBtw50And200,SGD 50 – 200,std_50_200,otherCurrencies,2026-08-26 21:15:00,2026-08-26 13:15:13,2026-08-26T13:31:53.125532+00:00,0.4448,,,,
standardized,dbs,TND,SGD,TND/SGD,1,SGD < 50,amtLessThan50,SGD < 50,std_lt_50,otherCurrencies,2026-08-26 21:15:00,2026-08-26 13:15:13,2026-08-26T13:31:53.125532+00:00,0.4448,,,,
standardized,dbs,TWD,SGD,TWD/SGD,100,SGD 50 – 200,amtBtw50And200,"SGD 200 – 39,999.99",std_200_40k,otherCurrencies,2026-08-26 21:15:00,2026-08-26 13:15:13,2026-08-26T13:31:53.125532+00:00,4.0438,,,,
standardized,dbs,TWD,SGD,TWD/SGD,100,SGD 50 – 200,amtBtw50And200,"SGD 40,000 – 100,000",std_40k_100k,otherCurrencies,2026-08-26 21:15:00,2026-08-26 13:15:13,2026-08-26T13:31:53.125532+00:00,4.0438,,,,
standardized,dbs,TWD,SGD,TWD/SGD,100,SGD 50 – 200,amtBtw50And200,SGD 50 – 200,std_50_200,otherCurrencies,2026-08-26 21:15:00,2026-08-26 13:15:13,2026-08-26T13:31:53.125532+00:00,4.0438,,,,
standardized,dbs,TWD,SGD,TWD/SGD,100,SGD < 50,amtLessThan50,SGD < 50,std_lt_50,otherCurrencies,2026-08-26 21:15:00,2026-08-26 13:15:13,2026-08-26T13:31:53.125532+00:00,4.0478,,,,
standardized,dbs,USD,SGD,USD/SGD,1,SGD 50 – 200,amtBtw50And200,"SGD 200 – 39,999.99",std_200_40k,mainCurrencies,2026-08-26 21:15:00,2026-08-26 13:15:13,2026-08-26T13:31:53.125532+00:00,1.2805,1.2619,1.2711999999999999,0.7315921963499125,0.7315921963498949
standardized,dbs,USD,SGD,USD/SGD,1,SGD 50 – 200,amtBtw50And200,"SGD 40,000 – 100,000",std_40k_100k,mainCurrencies,2026-08-26 21:15:00,2026-08-26 13:15:13,2026-08-26T13:31:53.125532+00:00,1.2805,1.2619,1.2711999999999999,0.7315921963499125,0.7315921963498949
standardized,dbs,USD,SGD,USD/SGD,1,SGD 50 – 200,amtBtw50And200,SGD 50 – 200,std_50_200,mainCurrencies,2026-08-26 21:15:00,2026-08-26 13:15:13,2026-08-26T13:31:53.125532+00:00,1.2805,1.2619,1.2711999999999999,0.7315921963499125,0.7315921963498949
standardized,dbs,USD,SGD,USD/SGD,1,SGD < 50,amtLessThan50,SGD < 50,std_lt_50,mainCurrencies,2026-08-26 21:15:00,2026-08-26 13:15:13,2026-08-26T13:31:53.125532+00:00,1.2814,1.261,1.2711999999999999,0.8023914411579776,0.80239144115796
standardized,dbs,VND,SGD,VND/SGD,100,SGD 50 – 200,amtBtw50And200,"SGD 200 – 39,999.99",std_200_40k,otherCurrencies,2026-08-26 21:15:00,2026-08-26 13:15:13,2026-08-26T13:31:53.125532+00:00,0.005,,,,
standardized,dbs,VND,SGD,VND/SGD,100,SGD 50 – 200,amtBtw50And200,"SGD 40,000 – 100,000",std_40k_100k,otherCurrencies,2026-08-26 21:15:00,2026-08-26 13:15:13,2026-08-26T13:31:53.125532+00:00,0.005,,,,
standardized,dbs,VND,SGD,VND/SGD,100,SGD 50 – 200,amtBtw50And200,SGD 50 – 200,std_50_200,otherCurrencies,2026-08-26 21:15:00,2026-08-26 13:15:13,2026-08-26T13:31:53.125532+00:00,0.005,,,,
standardized,dbs,VND,SGD,VND/SGD,100,SGD < 50,amtLessThan50,SGD < 50,std_lt_50,otherCurrencies,2026-08-26 21:15:00,2026-08-26 13:15:13,2026-08-26T13:31:53.125532+00:00,0.005,,,,
standardized,dbs,XAU,SGD,XAU/SGD,1,SGD 50 – 200,amtBtw50And200,"SGD 200 – 39,999.99",std_200_40k,otherCurrencies,2026-08-26 21:15:00,2026-08-26 13:15:13,2026-08-26T13:31:53.125532+00:00,5897.484,5826.3,5861.892,0.6071759766300805,0.607175976630065
standardized,dbs,XAU,SGD,XAU/SGD,1,SGD 50 – 200,amtBtw50And200,"SGD 40,000 – 100,000",std_40k_100k,otherCurrencies,2026-08-26 21:15:00,2026-08-26 13:15:13,2026-08-26T13:31:53.125532+00:00,5897.484,5826.3,5861.892,0.6071759766300805,0.607175976630065
standardized,dbs,XAU,SGD,XAU/SGD,1,SGD 50 – 200,amtBtw50And200,SGD 50 – 200,std_50_200,otherCurrencies,2026-08-26 21:15:00,2026-08-26 13:15:13,2026-08-26T13:31:53.125532+00:00,5897.484,5826.3,5861.892,0.6071759766300805,0.607175976630065
standardized,dbs,XAU,SGD,XAU/SGD,1,SGD < 50,amtLessThan50,SGD < 50,std_lt_50,otherCurrencies,2026-08-26 21:15:00,2026-08-26 13:15:13,2026-08-26T13:31:53.125532+00:00,5896.443,5825.171,5860.807000000001,0.6080391318123853,0.6080391318124009
standardized,dbs,ZAR,SGD,ZAR/SGD,1,SGD 50 – 200,amtBtw50And200,"SGD 200 – 39,999.99",std_200_40k,otherCurrencies,2026-08-26 21:15:00,2026-08-26 13:15:13,2026-08-26T13:31:53.125532+00:00,0.0806,0.0787,0.07965,1.1927181418706922,1.192718141870675
standardized,dbs,ZAR,SGD,ZAR/SGD,1,SGD 50 – 200,amtBtw50And200,"SGD 40,000 – 100,000",std_40k_100k,otherCurrencies,2026-08-26 21:15:00,2026-08-26 13:15:13,2026-08-26T13:31:53.125532+00:00,0.0806,0.0787,0.07965,1.1927181418706922,1.192718141870675
standardized,dbs,ZAR,SGD,ZAR/SGD,1,SGD 50 – 200,amtBtw50And200,SGD 50 – 200,std_50_200,otherCurrencies,2026-08-26 21:15:00,2026-08-26 13:15:13,2026-08-26T13:31:53.125532+00:00,0.0806,0.0787,0.07965,1.1927181418706922,1.192718141870675
standardized,dbs,ZAR,SGD,ZAR/SGD,1,SGD < 50,amtLessThan50,SGD < 50,std_lt_50,otherCurrencies,2026-08-26 21:15:00,2026-08-26 13:15:13,2026-08-26T13:31:53.125532+00:00,0.081,0.0783,0.07965,1.694915254237293,1.694915254237293
standardized,hsbc,AED,SGD,AED/SGD,100,Indicative board,board,"SGD 200 – 39,999.99",std_200_40k,indicative_fx,2026-8-26,2026-8-26,2026-08-26T13:31:57.189622+00:00,35.68,33.42,34.55,3.270622286541252,3.270622286541232
standardized,hsbc,AED,SGD,AED/SGD,100,Indicative board,board,"SGD 40,000 – 100,000",std_40k_100k,indicative_fx,2026-8-26,2026-8-26,2026-08-26T13:31:57.189622+00:00,35.68,33.42,34.55,3.270622286541252,3.270622286541232
standardized,hsbc,AED,SGD,AED/SGD,100,Indicative board,board,SGD 50 – 200,std_50_200,indicative_fx,2026-8-26,2026-8-26,2026-08-26T13:31:57.189622+00:00,35.68,33.42,34.55,3.270622286541252,3.270622286541232
standardized,hsbc,AED,SGD,AED/SGD,100,Indicative board,board,SGD < 50,std_lt_50,indicative_fx,2026-8-26,2026-8-26,2026-08-26T13:31:57.189622+00:00,35.68,33.42,34.55,3.270622286541252,3.270622286541232
standardized,hsbc,AUD,SGD,AUD/SGD,1,Indicative board,board,"SGD 200 – 39,999.99",std_200_40k,indicative_fx,2026-8-26,2026-8-26,2026-08-26T13:31:57.189622+00:00,0.9369,0.8821,0.9095,3.012644310060471,3.012644310060471
standardized,hsbc,AUD,SGD,AUD/SGD,1,Indicative board,board,"SGD 40,000 – 100,000",std_40k_100k,indicative_fx,2026-8-26,2026-8-26,2026-08-26T13:31:57.189622+00:00,0.9369,0.8821,0.9095,3.012644310060471,3.012644310060471
standardized,hsbc,AUD,SGD,AUD/SGD,1,Indicative board,board,SGD 50 – 200,std_50_200,indicative_fx,2026-8-26,2026-8-26,2026-08-26T13:31:57.189622+00:00,0.9369,0.8821,0.9095,3.012644310060471,3.012644310060471
standardized,hsbc,AUD,SGD,AUD/SGD,1,Indicative board,board,SGD < 50,std_lt_50,indicative_fx,2026-8-26,2026-8-26,2026-08-26T13:31:57.189622+00:00,0.9369,0.8821,0.9095,3.012644310060471,3.012644310060471
standardized,hsbc,CAD,SGD,CAD/SGD,1,Indicative board,board,"SGD 200 – 39,999.99",std_200_40k,indicative_fx,2026-8-26,2026-8-26,2026-08-26T13:31:57.189622+00:00,0.9448,0.8895,0.9171499999999999,3.0147740282396627,3.0147740282396507
standardized,hsbc,CAD,SGD,CAD/SGD,1,Indicative board,board,"SGD 40,000 – 100,000",std_40k_100k,indicative_fx,2026-8-26,2026-8-26,2026-08-26T13:31:57.189622+00:00,0.9448,0.8895,0.9171499999999999,3.0147740282396627,3.0147740282396507
standardized,hsbc,CAD,SGD,CAD/SGD,1,Indicative board,board,SGD 50 – 200,std_50_200,indicative_fx,2026-8-26,2026-8-26,2026-08-26T13:31:57.189622+00:00,0.9448,0.8895,0.9171499999999999,3.0147740282396627,3.0147740282396507
standardized,hsbc,CAD,SGD,CAD/SGD,1,Indicative board,board,SGD < 50,std_lt_50,indicative_fx,2026-8-26,2026-8-26,2026-08-26T13:31:57.189622+00:00,0.9448,0.8895,0.9171499999999999,3.0147740282396627,3.0147740282396507
standardized,hsbc,CHF,SGD,CHF/SGD,100,Indicative board,board,"SGD 200 – 39,999.99",std_200_40k,indicative_fx,2026-8-26,2026-8-26,2026-08-26T13:31:57.189622+00:00,163.05,153.51,158.28,3.0136467020470117,3.0136467020470117
standardized,hsbc,CHF,SGD,CHF/SGD,100,Indicative board,board,"SGD 40,000 – 100,000",std_40k_100k,indicative_fx,2026-8-26,2026-8-26,2026-08-26T13:31:57.189622+00:00,163.05,153.51,158.28,3.0136467020470117,3.0136467020470117
standardized,hsbc,CHF,SGD,CHF/SGD,100,Indicative board,board,SGD 50 – 200,std_50_200,indicative_fx,2026-8-26,2026-8-26,2026-08-26T13:31:57.189622+00:00,163.05,153.51,158.28,3.0136467020470117,3.0136467020470117
standardized,hsbc,CHF,SGD,CHF/SGD,100,Indicative board,board,SGD < 50,std_lt_50,indicative_fx,2026-8-26,2026-8-26,2026-08-26T13:31:57.189622+00:00,163.05,153.51,158.28,3.0136467020470117,3.0136467020470117
standardized,hsbc,CNY,SGD,CNY/SGD,100,Indicative board,board,"SGD 200 – 39,999.99",std_200_40k,indicative_fx,2026-8-26,2026-8-26,2026-08-26T13:31:57.189622+00:00,19.51,18.28,18.895000000000003,3.2548293199258977,3.2548293199259164
standardized,hsbc,CNY,SGD,CNY/SGD,100,Indicative board,board,"SGD 40,000 – 100,000",std_40k_100k,indicative_fx,2026-8-26,2026-8-26,2026-08-26T13:31:57.189622+00:00,19.51,18.28,18.895000000000003,3.2548293199258977,3.2548293199259164
standardized,hsbc,CNY,SGD,CNY/SGD,100,Indicative board,board,SGD 50 – 200,std_50_200,indicative_fx,2026-8-26,2026-8-26,2026-08-26T13:31:57.189622+00:00,19.51,18.28,18.895000000000003,3.2548293199258977,3.2548293199259164
standardized,hsbc,CNY,SGD,CNY/SGD,100,Indicative board,board,SGD < 50,std_lt_50,indicative_fx,2026-8-26,2026-8-26,2026-08-26T13:31:57.189622+00:00,19.51,18.28,18.895000000000003,3.2548293199258977,3.2548293199259164
standardized,hsbc,DKK,SGD,DKK/SGD,100,Indicative board,board,"SGD 200 – 39,999.99",std_200_40k,indicative_fx,2026-8-26,2026-8-26,2026-08-26T13:31:57.189622+00:00,20.42,19.22,19.82,3.027245206861763,3.027245206861763
standardized,hsbc,DKK,SGD,DKK/SGD,100,Indicative board,board,"SGD 40,000 – 100,000",std_40k_100k,indicative_fx,2026-8-26,2026-8-26,2026-08-26T13:31:57.189622+00:00,20.42,19.22,19.82,3.027245206861763,3.027245206861763
standardized,hsbc,DKK,SGD,DKK/SGD,100,Indicative board,board,SGD 50 – 200,std_50_200,indicative_fx,2026-8-26,2026-8-26,2026-08-26T13:31:57.189622+00:00,20.42,19.22,19.82,3.027245206861763,3.027245206861763
standardized,hsbc,DKK,SGD,DKK/SGD,100,Indicative board,board,SGD < 50,std_lt_50,indicative_fx,2026-8-26,2026-8-26,2026-08-26T13:31:57.189622+00:00,20.42,19.22,19.82,3.027245206861763,3.027245206861763
standardized,hsbc,EUR,SGD,EUR/SGD,1,Indicative board,board,"SGD 200 – 39,999.99",std_200_40k,indicative_fx,2026-8-26,2026-8-26,2026-08-26T13:31:57.189622+00:00,1.5264,1.4372,1.4818,3.0098528816304473,3.0098528816304473
standardized,hsbc,EUR,SGD,EUR/SGD,1,Indicative board,board,"SGD 40,000 – 100,000",std_40k_100k,indicative_fx,2026-8-26,2026-8-26,2026-08-26T13:31:57.189622+00:00,1.5264,1.4372,1.4818,3.0098528816304473,3.0098528816304473
standardized,hsbc,EUR,SGD,EUR/SGD,1,Indicative board,board,SGD 50 – 200,std_50_200,indicative_fx,2026-8-26,2026-8-26,2026-08-26T13:31:57.189622+00:00,1.5264,1.4372,1.4818,3.0098528816304473,3.0098528816304473
standardized,hsbc,EUR,SGD,EUR/SGD,1,Indicative board,board,SGD < 50,std_lt_50,indicative_fx,2026-8-26,2026-8-26,2026-08-26T13:31:57.189622+00:00,1.5264,1.4372,1.4818,3.0098528816304473,3.0098528816304473
standardized,hsbc,FJD,SGD,FJD/SGD,1,Indicative board,board,"SGD 200 – 39,999.99",std_200_40k,indicative_fx,2026-8-26,2026-8-26,2026-08-26T13:31:57.189622+00:00,0.6034,,,,
standardized,hsbc,FJD,SGD,FJD/SGD,1,Indicative board,board,"SGD 40,000 – 100,000",std_40k_100k,indicative_fx,2026-8-26,2026-8-26,2026-08-26T13:31:57.189622+00:00,0.6034,,,,
standardized,hsbc,FJD,SGD,FJD/SGD,1,Indicative board,board,SGD 50 – 200,std_50_200,indicative_fx,2026-8-26,2026-8-26,2026-08-26T13:31:57.189622+00:00,0.6034,,,,
standardized,hsbc,FJD,SGD,FJD/SGD,1,Indicative board,board,SGD < 50,std_lt_50,indicative_fx,2026-8-26,2026-8-26,2026-08-26T13:31:57.189622+00:00,0.6034,,,,
standardized,hsbc,GBP,SGD,GBP/SGD,1,Indicative board,board,"SGD 200 – 39,999.99",std_200_40k,indicative_fx,2026-8-26,2026-8-26,2026-08-26T13:31:57.189622+00:00,1.7844,1.68,1.7322,3.0135088326983044,3.0135088326983044
standardized,hsbc,GBP,SGD,GBP/SGD,1,Indicative board,board,"SGD 40,000 – 100,000",std_40k_100k,indicative_fx,2026-8-26,2026-8-26,2026-08-26T13:31:57.189622+00:00,1.7844,1.68,1.7322,3.0135088326983044,3.0135088326983044
standardized,hsbc,GBP,SGD,GBP/SGD,1,Indicative board,board,SGD 50 – 200,std_50_200,indicative_fx,2026-8-26,2026-8-26,2026-08-26T13:31:57.189622+00:00,1.7844,1.68,1.7322,3.0135088326983044,3.0135088326983044
standardized,hsbc,GBP,SGD,GBP/SGD,1,Indicative board,board,SGD < 50,std_lt_50,indicative_fx,2026-8-26,2026-8-26,2026-08-26T13:31:57.189622+00:00,1.7844,1.68,1.7322,3.0135088326983044,3.0135088326983044
standardized,hsbc,HKD,SGD,HKD/SGD,100,Indicative board,board,"SGD 200 – 39,999.99",std_200_40k,indicative_fx,2026-8-26,2026-8-26,2026-08-26T13:31:57.189622+00:00,16.4,15.99,16.195,1.265822784810116,1.265822784810127
standardized,hsbc,HKD,SGD,HKD/SGD,100,Indicative board,board,"SGD 40,000 – 100,000",std_40k_100k,indicative_fx,2026-8-26,2026-8-26,2026-08-26T13:31:57.189622+00:00,16.4,15.99,16.195,1.265822784810116,1.265822784810127
standardized,hsbc,HKD,SGD,HKD/SGD,100,Indicative board,board,SGD 50 – 200,std_50_200,indicative_fx,2026-8-26,2026-8-26,2026-08-26T13:31:57.189622+00:00,16.4,15.99,16.195,1.265822784810116,1.265822784810127
standardized,hsbc,HKD,SGD,HKD/SGD,100,Indicative board,board,SGD < 50,std_lt_50,indicative_fx,2026-8-26,2026-8-26,2026-08-26T13:31:57.189622+00:00,16.4,15.99,16.195,1.265822784810116,1.265822784810127
standardized,hsbc,IDR,SGD,IDR/SGD,100,Indicative board,board,"SGD 200 – 39,999.99",std_200_40k,indicative_fx,2026-8-26,2026-8-26,2026-08-26T13:31:57.189622+00:00,0.0074,,,,
standardized,hsbc,IDR,SGD,IDR/SGD,100,Indicative board,board,"SGD 40,000 – 100,000",std_40k_100k,indicative_fx,2026-8-26,2026-8-26,2026-08-26T13:31:57.189622+00:00,0.0074,,,,
standardized,hsbc,IDR,SGD,IDR/SGD,100,Indicative board,board,SGD 50 – 200,std_50_200,indicative_fx,2026-8-26,2026-8-26,2026-08-26T13:31:57.189622+00:00,0.0074,,,,
standardized,hsbc,IDR,SGD,IDR/SGD,100,Indicative board,board,SGD < 50,std_lt_50,indicative_fx,2026-8-26,2026-8-26,2026-08-26T13:31:57.189622+00:00,0.0074,,,,
standardized,hsbc,INR,SGD,INR/SGD,100,Indicative board,board,"SGD 200 – 39,999.99",std_200_40k,indicative_fx,2026-8-26,2026-8-26,2026-08-26T13:31:57.189622+00:00,1.37,,,,
standardized,hsbc,INR,SGD,INR/SGD,100,Indicative board,board,"SGD 40,000 – 100,000",std_40k_100k,indicative_fx,2026-8-26,2026-8-26,2026-08-26T13:31:57.189622+00:00,1.37,,,,
standardized,hsbc,INR,SGD,INR/SGD,100,Indicative board,board,SGD 50 – 200,std_50_200,indicative_fx,2026-8-26,2026-8-26,2026-08-26T13:31:57.189622+00:00,1.37,,,,
standardized,hsbc,INR,SGD,INR/SGD,100,Indicative board,board,SGD < 50,std_lt_50,indicative_fx,2026-8-26,2026-8-26,2026-08-26T13:31:57.189622+00:00,1.37,,,,
standardized,hsbc,JPY,SGD,JPY/SGD,100,Indicative board,board,"SGD 200 – 39,999.99",std_200_40k,indicative_fx,2026-8-26,2026-8-26,2026-08-26T13:31:57.189622+00:00,0.8212,0.7732,0.7972,3.010536879076771,3.010536879076771
standardized,hsbc,JPY,SGD,JPY/SGD,100,Indicative board,board,"SGD 40,000 – 100,000",std_40k_100k,indicative_fx,2026-8-26,2026-8-26,2026-08-26T13:31:57.189622+00:00,0.8212,0.7732,0.7972,3.010536879076771,3.010536879076771
standardized,hsbc,JPY,SGD,JPY/SGD,100,Indicative board,board,SGD 50 – 200,std_50_200,indicative_fx,2026-8-26,2026-8-26,2026-08-26T13:31:57.189622+00:00,0.8212,0.7732,0.7972,3.010536879076771,3.010536879076771
standardized,hsbc,JPY,SGD,JPY/SGD,100,Indicative board,board,SGD < 50,std_lt_50,indicative_fx,2026-8-26,2026-8-26,2026-08-26T13:31:57.189622+00:00,0.8212,0.7732,0.7972,3.010536879076771,3.010536879076771
standardized,hsbc,LKR,SGD,LKR/SGD,100,Indicative board,board,"SGD 200 – 39,999.99",std_200_40k,indicative_fx,2026-8-26,2026-8-26,2026-08-26T13:31:57.189622+00:00,0.4,,,,
standardized,hsbc,LKR,SGD,LKR/SGD,100,Indicative board,board,"SGD 40,000 – 100,000",std_40k_100k,indicative_fx,2026-8-26,2026-8-26,2026-08-26T13:31:57.189622+00:00,0.4,,,,
standardized,hsbc,LKR,SGD,LKR/SGD,100,Indicative board,board,SGD 50 – 200,std_50_200,indicative_fx,2026-8-26,2026-8-26,2026-08-26T13:31:57.189622+00:00,0.4,,,,
standardized,hsbc,LKR,SGD,LKR/SGD,100,Indicative board,board,SGD < 50,std_lt_50,indicative_fx,2026-8-26,2026-8-26,2026-08-26T13:31:57.189622+00:00,0.4,,,,
standardized,hsbc,MUR,SGD,MUR/SGD,100,Indicative board,board,"SGD 200 – 39,999.99",std_200_40k,indicative_fx,2026-8-26,2026-8-26,2026-08-26T13:31:57.189622+00:00,2.81,2.62,2.715,3.499079189686932,3.4990791896869156
standardized,hsbc,MUR,SGD,MUR/SGD,100,Indicative board,board,"SGD 40,000 – 100,000",std_40k_100k,indicative_fx,2026-8-26,2026-8-26,2026-08-26T13:31:57.189622+00:00,2.81,2.62,2.715,3.499079189686932,3.4990791896869156
standardized,hsbc,MUR,SGD,MUR/SGD,100,Indicative board,board,SGD 50 – 200,std_50_200,indicative_fx,2026-8-26,2026-8-26,2026-08-26T13:31:57.189622+00:00,2.81,2.62,2.715,3.499079189686932,3.4990791896869156
standardized,hsbc,MUR,SGD,MUR/SGD,100,Indicative board,board,SGD < 50,std_lt_50,indicative_fx,2026-8-26,2026-8-26,2026-08-26T13:31:57.189622+00:00,2.81,2.62,2.715,3.499079189686932,3.4990791896869156
standardized,hsbc,NOK,SGD,NOK/SGD,100,Indicative board,board,"SGD 200 – 39,999.99",std_200_40k,indicative_fx,2026-8-26,2026-8-26,2026-08-26T13:31:57.189622+00:00,14.04,13.21,13.625,3.0458715596330213,3.0458715596330213
standardized,hsbc,NOK,SGD,NOK/SGD,100,Indicative board,board,"SGD 40,000 – 100,000",std_40k_100k,indicative_fx,2026-8-26,2026-8-26,2026-08-26T13:31:57.189622+00:00,14.04,13.21,13.625,3.0458715596330213,3.0458715596330213
standardized,hsbc,NOK,SGD,NOK/SGD,100,Indicative board,board,SGD 50 – 200,std_50_200,indicative_fx,2026-8-26,2026-8-26,2026-08-26T13:31:57.189622+00:00,14.04,13.21,13.625,3.0458715596330213,3.0458715596330213
standardized,hsbc,NOK,SGD,NOK/SGD,100,Indicative board,board,SGD < 50,std_lt_50,indicative_fx,2026-8-26,2026-8-26,2026-08-26T13:31:57.189622+00:00,14.04,13.21,13.625,3.0458715596330213,3.0458715596330213
standardized,hsbc,NZD,SGD,NZD/SGD,1,Indicative board,board,"SGD 200 – 39,999.99",std_200_40k,indicative_fx,2026-8-26,2026-8-26,2026-08-26T13:31:57.189622+00:00,0.7814,0.7357,0.7585500000000001,3.0123261485729254,3.01232614857294
standardized,hsbc,NZD,SGD,NZD/SGD,1,Indicative board,board,"SGD 40,000 – 100,000",std_40k_100k,indicative_fx,2026-8-26,2026-8-26,2026-08-26T13:31:57.189622+00:00,0.7814,0.7357,0.7585500000000001,3.0123261485729254,3.01232614857294
standardized,hsbc,NZD,SGD,NZD/SGD,1,Indicative board,board,SGD 50 – 200,std_50_200,indicative_fx,2026-8-26,2026-8-26,2026-08-26T13:31:57.189622+00:00,0.7814,0.7357,0.7585500000000001,3.0123261485729254,3.01232614857294
standardized,hsbc,NZD,SGD,NZD/SGD,1,Indicative board,board,SGD < 50,std_lt_50,indicative_fx,2026-8-26,2026-8-26,2026-08-26T13:31:57.189622+00:00,0.7814,0.7357,0.7585500000000001,3.0123261485729254,3.01232614857294
standardized,hsbc,PHP,SGD,PHP/SGD,100,Indicative board,board,"SGD 200 – 39,999.99",std_200_40k,indicative_fx,2026-8-26,2026-8-26,2026-08-26T13:31:57.189622+00:00,2.12,,,,
standardized,hsbc,PHP,SGD,PHP/SGD,100,Indicative board,board,"SGD 40,000 – 100,000",std_40k_100k,indicative_fx,2026-8-26,2026-8-26,2026-08-26T13:31:57.189622+00:00,2.12,,,,
standardized,hsbc,PHP,SGD,PHP/SGD,100,Indicative board,board,SGD 50 – 200,std_50_200,indicative_fx,2026-8-26,2026-8-26,2026-08-26T13:31:57.189622+00:00,2.12,,,,
standardized,hsbc,PHP,SGD,PHP/SGD,100,Indicative board,board,SGD < 50,std_lt_50,indicative_fx,2026-8-26,2026-8-26,2026-08-26T13:31:57.189622+00:00,2.12,,,,
standardized,hsbc,PKR,SGD,PKR/SGD,100,Indicative board,board,"SGD 200 – 39,999.99",std_200_40k,indicative_fx,2026-8-26,2026-8-26,2026-08-26T13:31:57.189622+00:00,0.47,,,,
standardized,hsbc,PKR,SGD,PKR/SGD,100,Indicative board,board,"SGD 40,000 – 100,000",std_40k_100k,indicative_fx,2026-8-26,2026-8-26,2026-08-26T13:31:57.189622+00:00,0.47,,,,
standardized,hsbc,PKR,SGD,PKR/SGD,100,Indicative board,board,SGD 50 – 200,std_50_200,indicative_fx,2026-8-26,2026-8-26,2026-08-26T13:31:57.189622+00:00,0.47,,,,
standardized,hsbc,PKR,SGD,PKR/SGD,100,Indicative board,board,SGD < 50,std_lt_50,indicative_fx,2026-8-26,2026-8-26,2026-08-26T13:31:57.189622+00:00,0.47,,,,
standardized,hsbc,QAR,SGD,QAR/SGD,100,Indicative board,board,"SGD 200 – 39,999.99",std_200_40k,indicative_fx,2026-8-26,2026-8-26,2026-08-26T13:31:57.189622+00:00,35.26,34.35,34.805,1.307283436287885,1.307283436287885
standardized,hsbc,QAR,SGD,QAR/SGD,100,Indicative board,board,"SGD 40,000 – 100,000",std_40k_100k,indicative_fx,2026-8-26,2026-8-26,2026-08-26T13:31:57.189622+00:00,35.26,34.35,34.805,1.307283436287885,1.307283436287885
standardized,hsbc,QAR,SGD,QAR/SGD,100,Indicative board,board,SGD 50 – 200,std_50_200,indicative_fx,2026-8-26,2026-8-26,2026-08-26T13:31:57.189622+00:00,35.26,34.35,34.805,1.307283436287885,1.307283436287885
standardized,hsbc,QAR,SGD,QAR/SGD,100,Indicative board,board,SGD < 50,std_lt_50,indicative_fx,2026-8-26,2026-8-26,2026-08-26T13:31:57.189622+00:00,35.26,34.35,34.805,1.307283436287885,1.307283436287885
standardized,hsbc,RUB,SGD,RUB/SGD,100,Indicative board,board,"SGD 200 – 39,999.99",std_200_40k,indicative_fx,2026-8-26,2026-8-26,2026-08-26T13:31:57.189622+00:00,15.79,14.56,15.175,4.052718286655673,4.052718286655685
standardized,hsbc,RUB,SGD,RUB/SGD,100,Indicative board,board,"SGD 40,000 – 100,000",std_40k_100k,indicative_fx,2026-8-26,2026-8-26,2026-08-26T13:31:57.189622+00:00,15.79,14.56,15.175,4.052718286655673,4.052718286655685
standardized,hsbc,RUB,SGD,RUB/SGD,100,Indicative board,board,SGD 50 – 200,std_50_200,indicative_fx,2026-8-26,2026-8-26,2026-08-26T13:31:57.189622+00:00,15.79,14.56,15.175,4.052718286655673,4.052718286655685
standardized,hsbc,RUB,SGD,RUB/SGD,100,Indicative board,board,SGD < 50,std_lt_50,indicative_fx,2026-8-26,2026-8-26,2026-08-26T13:31:57.189622+00:00,15.79,14.56,15.175,4.052718286655673,4.052718286655685
standardized,hsbc,SAR,SGD,SAR/SGD,100,Indicative board,board,"SGD 200 – 39,999.99",std_200_40k,indicative_fx,2026-8-26,2026-8-26,2026-08-26T13:31:57.189622+00:00,34.22,33.37,33.795,1.257582482615763,1.2575824826157842
standardized,hsbc,SAR,SGD,SAR/SGD,100,Indicative board,board,"SGD 40,000 – 100,000",std_40k_100k,indicative_fx,2026-8-26,2026-8-26,2026-08-26T13:31:57.189622+00:00,34.22,33.37,33.795,1.257582482615763,1.2575824826157842
standardized,hsbc,SAR,SGD,SAR/SGD,100,Indicative board,board,SGD 50 – 200,std_50_200,indicative_fx,2026-8-26,2026-8-26,2026-08-26T13:31:57.189622+00:00,34.22,33.37,33.795,1.257582482615763,1.2575824826157842
standardized,hsbc,SAR,SGD,SAR/SGD,100,Indicative board,board,SGD < 50,std_lt_50,indicative_fx,2026-8-26,2026-8-26,2026-08-26T13:31:57.189622+00:00,34.22,33.37,33.795,1.257582482615763,1.2575824826157842
standardized,hsbc,SEK,SGD,SEK/SGD,100,Indicative board,board,"SGD 200 – 39,999.99",std_200_40k,indicative_fx,2026-8-26,2026-8-26,2026-08-26T13:31:57.189622+00:00,13.83,13.02,13.425,3.016759776536308,3.016759776536321
standardized,hsbc,SEK,SGD,SEK/SGD,100,Indicative board,board,"SGD 40,000 – 100,000",std_40k_100k,indicative_fx,2026-8-26,2026-8-26,2026-08-26T13:31:57.189622+00:00,13.83,13.02,13.425,3.016759776536308,3.016759776536321
standardized,hsbc,SEK,SGD,SEK/SGD,100,Indicative board,board,SGD 50 – 200,std_50_200,indicative_fx,2026-8-26,2026-8-26,2026-08-26T13:31:57.189622+00:00,13.83,13.02,13.425,3.016759776536308,3.016759776536321
standardized,hsbc,SEK,SGD,SEK/SGD,100,Indicative board,board,SGD < 50,std_lt_50,indicative_fx,2026-8-26,2026-8-26,2026-08-26T13:31:57.189622+00:00,13.83,13.02,13.425,3.016759776536308,3.016759776536321
standardized,hsbc,THB,SGD,THB/SGD,100,Indicative board,board,"SGD 200 – 39,999.99",std_200_40k,indicative_fx,2026-8-26,2026-8-26,2026-08-26T13:31:57.189622+00:00,4.01,,,,
standardized,hsbc,THB,SGD,THB/SGD,100,Indicative board,board,"SGD 40,000 – 100,000",std_40k_100k,indicative_fx,2026-8-26,2026-8-26,2026-08-26T13:31:57.189622+00:00,4.01,,,,
standardized,hsbc,THB,SGD,THB/SGD,100,Indicative board,board,SGD 50 – 200,std_50_200,indicative_fx,2026-8-26,2026-8-26,2026-08-26T13:31:57.189622+00:00,4.01,,,,
standardized,hsbc,THB,SGD,THB/SGD,100,Indicative board,board,SGD < 50,std_lt_50,indicative_fx,2026-8-26,2026-8-26,2026-08-26T13:31:57.189622+00:00,4.01,,,,
standardized,hsbc,TRY,SGD,TRY/SGD,1,Indicative board,board,"SGD 200 – 39,999.99",std_200_40k,indicative_fx,2026-8-26,2026-8-26,2026-08-26T13:31:57.189622+00:00,0.0272,,,,
standardized,hsbc,TRY,SGD,TRY/SGD,1,Indicative board,board,"SGD 40,000 – 100,000",std_40k_100k,indicative_fx,2026-8-26,2026-8-26,2026-08-26T13:31:57.189622+00:00,0.0272,,,,
standardized,hsbc,TRY,SGD,TRY/SGD,1,Indicative board,board,SGD 50 – 200,std_50_200,indicative_fx,2026-8-26,2026-8-26,2026-08-26T13:31:57.189622+00:00,0.0272,,,,
standardized,hsbc,TRY,SGD,TRY/SGD,1,Indicative board,board,SGD < 50,std_lt_50,indicative_fx,2026-8-26,2026-8-26,2026-08-26T13:31:57.189622+00:00,0.0272,,,,
standardized,hsbc,USD,SGD,USD/SGD,1,Indicative board,board,"SGD 200 – 39,999.99",std_200_40k,indicative_fx,2026-8-26,2026-8-26,2026-08-26T13:31:57.189622+00:00,1.2948,1.2438,1.2692999999999999,2.0089813282911906,2.008981328291173
standardized,hsbc,USD,SGD,USD/SGD,1,Indicative board,board,"SGD 40,000 – 100,000",std_40k_100k,indicative_fx,2026-8-26,2026-8-26,2026-08-26T13:31:57.189622+00:00,1.2948,1.2438,1.2692999999999999,2.0089813282911906,2.008981328291173
standardized,hsbc,USD,SGD,USD/SGD,1,Indicative board,board,SGD 50 – 200,std_50_200,indicative_fx,2026-8-26,2026-8-26,2026-08-26T13:31:57.189622+00:00,1.2948,1.2438,1.2692999999999999,2.0089813282911906,2.008981328291173
standardized,hsbc,USD,SGD,USD/SGD,1,Indicative board,board,SGD < 50,std_lt_50,indicative_fx,2026-8-26,2026-8-26,2026-08-26T13:31:57.189622+00:00,1.2948,1.2438,1.2692999999999999,2.0089813282911906,2.008981328291173
standardized,hsbc,ZAR,SGD,ZAR/SGD,1,Indicative board,board,"SGD 200 – 39,999.99",std_200_40k,indicative_fx,2026-8-26,2026-8-26,2026-08-26T13:31:57.189622+00:00,0.0823,0.0771,0.0797,3.262233375156845,3.2622333751568275
standardized,hsbc,ZAR,SGD,ZAR/SGD,1,Indicative board,board,"SGD 40,000 – 100,000",std_40k_100k,indicative_fx,2026-8-26,2026-8-26,2026-08-26T13:31:57.189622+00:00,0.0823,0.0771,0.0797,3.262233375156845,3.2622333751568275
standardized,hsbc,ZAR,SGD,ZAR/SGD,1,Indicative board,board,SGD 50 – 200,std_50_200,indicative_fx,2026-8-26,2026-8-26,2026-08-26T13:31:57.189622+00:00,0.0823,0.0771,0.0797,3.262233375156845,3.2622333751568275
standardized,hsbc,ZAR,SGD,ZAR/SGD,1,Indicative board,board,SGD < 50,std_lt_50,indicative_fx,2026-8-26,2026-8-26,2026-08-26T13:31:57.189622+00:00,0.0823,0.0771,0.0797,3.262233375156845,3.2622333751568275
standardized,ocbc,AED,SGD,AED/SGD,100,"SGD 0 – 39,999.99",tier_1,"SGD 200 – 39,999.99",std_200_40k,fxRatesSgd,2026-08-26T07:00:15,2026-08-26T07:00:15,2026-08-26T13:31:54.061639+00:00,35.4758,33.469,34.4724,2.910734384609134,2.910734384609134
standardized,ocbc,AED,SGD,AED/SGD,100,"SGD 40,000 – 100,000",tier_2,"SGD 40,000 – 100,000",std_40k_100k,fxRatesSgd,2026-08-26T07:00:15,2026-08-26T07:00:15,2026-08-26T13:31:54.061639+00:00,35.4653,33.4862,34.4724,2.8802752346804943,2.8608393961546157
standardized,ocbc,AED,SGD,AED/SGD,100,"SGD 0 – 39,999.99",tier_1,SGD 50 – 200,std_50_200,fxRatesSgd,2026-08-26T07:00:15,2026-08-26T07:00:15,2026-08-26T13:31:54.061639+00:00,35.4758,33.469,34.4724,2.910734384609134,2.910734384609134
standardized,ocbc,AED,SGD,AED/SGD,100,"SGD 0 – 39,999.99",tier_1,SGD < 50,std_lt_50,fxRatesSgd,2026-08-26T07:00:15,2026-08-26T07:00:15,2026-08-26T13:31:54.061639+00:00,35.4758,33.469,34.4724,2.910734384609134,2.910734384609134
standardized,ocbc,AUD,SGD,AUD/SGD,1,"SGD 0 – 39,999.99",tier_1,"SGD 200 – 39,999.99",std_200_40k,fxRatesSgd,2026-08-26T07:00:15,2026-08-26T07:00:15,2026-08-26T13:31:54.061639+00:00,0.9286,0.8992,0.9139,1.6084910821752854,1.6084910821752976
standardized,ocbc,AUD,SGD,AUD/SGD,1,"SGD 40,000 – 100,000",tier_2,"SGD 40,000 – 100,000",std_40k_100k,fxRatesSgd,2026-08-26T07:00:15,2026-08-26T07:00:15,2026-08-26T13:31:54.061639+00:00,0.9268,0.901,0.9139,1.411532990480349,1.4115329904803613
standardized,ocbc,AUD,SGD,AUD/SGD,1,"SGD 0 – 39,999.99",tier_1,SGD 50 – 200,std_50_200,fxRatesSgd,2026-08-26T07:00:15,2026-08-26T07:00:15,2026-08-26T13:31:54.061639+00:00,0.9286,0.8992,0.9139,1.6084910821752854,1.6084910821752976
standardized,ocbc,AUD,SGD,AUD/SGD,1,"SGD 0 – 39,999.99",tier_1,SGD < 50,std_lt_50,fxRatesSgd,2026-08-26T07:00:15,2026-08-26T07:00:15,2026-08-26T13:31:54.061639+00:00,0.9286,0.8992,0.9139,1.6084910821752854,1.6084910821752976
standardized,ocbc,BGN,SGD,BGN/SGD,100,"SGD 0 – 39,999.99",tier_1,"SGD 200 – 39,999.99",std_200_40k,fxRatesSgd,2026-08-26T07:00:15,2026-08-26T07:00:15,2026-08-26T13:31:54.061639+00:00,0.0,0.0,0.0,,
standardized,ocbc,BGN,SGD,BGN/SGD,100,"SGD 40,000 – 100,000",tier_2,"SGD 40,000 – 100,000",std_40k_100k,fxRatesSgd,2026-08-26T07:00:15,2026-08-26T07:00:15,2026-08-26T13:31:54.061639+00:00,0.0,0.0,0.0,,
standardized,ocbc,BGN,SGD,BGN/SGD,100,"SGD 0 – 39,999.99",tier_1,SGD 50 – 200,std_50_200,fxRatesSgd,2026-08-26T07:00:15,2026-08-26T07:00:15,2026-08-26T13:31:54.061639+00:00,0.0,0.0,0.0,,
standardized,ocbc,BGN,SGD,BGN/SGD,100,"SGD 0 – 39,999.99",tier_1,SGD < 50,std_lt_50,fxRatesSgd,2026-08-26T07:00:15,2026-08-26T07:00:15,2026-08-26T13:31:54.061639+00:00,0.0,0.0,0.0,,
standardized,ocbc,BHD,SGD,BHD/SGD,1,"SGD 0 – 39,999.99",tier_1,"SGD 200 – 39,999.99",std_200_40k,fxRatesSgd,2026-08-26T07:00:15,2026-08-26T07:00:15,2026-08-26T13:31:54.061639+00:00,0.0,0.0,0.0,,
standardized,ocbc,BHD,SGD,BHD/SGD,1,"SGD 40,000 – 100,000",tier_2,"SGD 40,000 – 100,000",std_40k_100k,fxRatesSgd,2026-08-26T07:00:15,2026-08-26T07:00:15,2026-08-26T13:31:54.061639+00:00,0.0,0.0,0.0,,
standardized,ocbc,BHD,SGD,BHD/SGD,1,"SGD 0 – 39,999.99",tier_1,SGD 50 – 200,std_50_200,fxRatesSgd,2026-08-26T07:00:15,2026-08-26T07:00:15,2026-08-26T13:31:54.061639+00:00,0.0,0.0,0.0,,
standardized,ocbc,BHD,SGD,BHD/SGD,1,"SGD 0 – 39,999.99",tier_1,SGD < 50,std_lt_50,fxRatesSgd,2026-08-26T07:00:15,2026-08-26T07:00:15,2026-08-26T13:31:54.061639+00:00,0.0,0.0,0.0,,
standardized,ocbc,CAD,SGD,CAD/SGD,1,"SGD 0 – 39,999.99",tier_1,"SGD 200 – 39,999.99",std_200_40k,fxRatesSgd,2026-08-26T07:00:15,2026-08-26T07:00:15,2026-08-26T13:31:54.061639+00:00,0.9324,0.8993,0.9159,1.8015067147068413,1.8124249372202268
standardized,ocbc,CAD,SGD,CAD/SGD,1,"SGD 40,000 – 100,000",tier_2,"SGD 40,000 – 100,000",std_40k_100k,fxRatesSgd,2026-08-26T07:00:15,2026-08-26T07:00:15,2026-08-26T13:31:54.061639+00:00,0.9306,0.9011,0.9159,1.6049787094660917,1.6158969319794776
standardized,ocbc,CAD,SGD,CAD/SGD,1,"SGD 0 – 39,999.99",tier_1,SGD 50 – 200,std_50_200,fxRatesSgd,2026-08-26T07:00:15,2026-08-26T07:00:15,2026-08-26T13:31:54.061639+00:00,0.9324,0.8993,0.9159,1.8015067147068413,1.8124249372202268
standardized,ocbc,CAD,SGD,CAD/SGD,1,"SGD 0 – 39,999.99",tier_1,SGD < 50,std_lt_50,fxRatesSgd,2026-08-26T07:00:15,2026-08-26T07:00:15,2026-08-26T13:31:54.061639+00:00,0.9324,0.8993,0.9159,1.8015067147068413,1.8124249372202268
standardized,ocbc,CHF,SGD,CHF/SGD,100,"SGD 0 – 39,999.99",tier_1,"SGD 200 – 39,999.99",std_200_40k,fxRatesSgd,2026-08-26T07:00:15,2026-08-26T07:00:15,2026-08-26T13:31:54.061639+00:00,160.7909,155.0695,157.9302,1.8113698330021615,1.8113698330021795
standardized,ocbc,CHF,SGD,CHF/SGD,100,"SGD 40,000 – 100,000",tier_2,"SGD 40,000 – 100,000",std_40k_100k,fxRatesSgd,2026-08-26T07:00:15,2026-08-26T07:00:15,2026-08-26T13:31:54.061639+00:00,160.475,155.3853,157.9302,1.6113447586338652,1.6114080777457462
standardized,ocbc,CHF,SGD,CHF/SGD,100,"SGD 0 – 39,999.99",tier_1,SGD 50 – 200,std_50_200,fxRatesSgd,2026-08-26T07:00:15,2026-08-26T07:00:15,2026-08-26T13:31:54.061639+00:00,160.7909,155.0695,157.9302,1.8113698330021615,1.8113698330021795
standardized,ocbc,CHF,SGD,CHF/SGD,100,"SGD 0 – 39,999.99",tier_1,SGD < 50,std_lt_50,fxRatesSgd,2026-08-26T07:00:15,2026-08-26T07:00:15,2026-08-26T13:31:54.061639+00:00,160.7909,155.0695,157.9302,1.8113698330021615,1.8113698330021795
standardized,ocbc,CNH,SGD,CNH/SGD,100,"SGD 0 – 39,999.99",tier_1,"SGD 200 – 39,999.99",std_200_40k,fxRatesSgd,2026-08-26T07:00:15,2026-08-26T07:00:15,2026-08-26T13:31:54.061639+00:00,19.2429,18.6739,18.9584,1.50065406363405,1.5006540636340686
standardized,ocbc,CNH,SGD,CNH/SGD,100,"SGD 40,000 – 100,000",tier_2,"SGD 40,000 – 100,000",std_40k_100k,fxRatesSgd,2026-08-26T07:00:15,2026-08-26T07:00:15,2026-08-26T13:31:54.061639+00:00,19.224,18.6928,18.9584,1.4009621065068738,1.4009621065068927
standardized,ocbc,CNH,SGD,CNH/SGD,100,"SGD 0 – 39,999.99",tier_1,SGD 50 – 200,std_50_200,fxRatesSgd,2026-08-26T07:00:15,2026-08-26T07:00:15,2026-08-26T13:31:54.061639+00:00,19.2429,18.6739,18.9584,1.50065406363405,1.5006540636340686
standardized,ocbc,CNH,SGD,CNH/SGD,100,"SGD 0 – 39,999.99",tier_1,SGD < 50,std_lt_50,fxRatesSgd,2026-08-26T07:00:15,2026-08-26T07:00:15,2026-08-26T13:31:54.061639+00:00,19.2429,18.6739,18.9584,1.50065406363405,1.5006540636340686
standardized,ocbc,CZK,SGD,CZK/SGD,100,"SGD 0 – 39,999.99",tier_1,"SGD 200 – 39,999.99",std_200_40k,fxRatesSgd,2026-08-26T07:00:15,2026-08-26T07:00:15,2026-08-26T13:31:54.061639+00:00,0.0,0.0,0.0,,
standardized,ocbc,CZK,SGD,CZK/SGD,100,"SGD 40,000 – 100,000",tier_2,"SGD 40,000 – 100,000",std_40k_100k,fxRatesSgd,2026-08-26T07:00:15,2026-08-26T07:00:15,2026-08-26T13:31:54.061639+00:00,0.0,0.0,0.0,,
standardized,ocbc,CZK,SGD,CZK/SGD,100,"SGD 0 – 39,999.99",tier_1,SGD 50 – 200,std_50_200,fxRatesSgd,2026-08-26T07:00:15,2026-08-26T07:00:15,2026-08-26T13:31:54.061639+00:00,0.0,0.0,0.0,,
standardized,ocbc,CZK,SGD,CZK/SGD,100,"SGD 0 – 39,999.99",tier_1,SGD < 50,std_lt_50,fxRatesSgd,2026-08-26T07:00:15,2026-08-26T07:00:15,2026-08-26T13:31:54.061639+00:00,0.0,0.0,0.0,,
standardized,ocbc,DKK,SGD,DKK/SGD,100,"SGD 0 – 39,999.99",tier_1,"SGD 200 – 39,999.99",std_200_40k,fxRatesSgd,2026-08-26T07:00:15,2026-08-26T07:00:15,2026-08-26T13:31:54.061639+00:00,20.1739,19.4578,19.8159,1.8066300294208213,1.8071346746804349
standardized,ocbc,DKK,SGD,DKK/SGD,100,"SGD 40,000 – 100,000",tier_2,"SGD 40,000 – 100,000",std_40k_100k,fxRatesSgd,2026-08-26T07:00:15,2026-08-26T07:00:15,2026-08-26T13:31:54.061639+00:00,20.1342,19.4975,19.8159,1.606285861353765,1.6067905066133785
standardized,ocbc,DKK,SGD,DKK/SGD,100,"SGD 0 – 39,999.99",tier_1,SGD 50 – 200,std_50_200,fxRatesSgd,2026-08-26T07:00:15,2026-08-26T07:00:15,2026-08-26T13:31:54.061639+00:00,20.1739,19.4578,19.8159,1.8066300294208213,1.8071346746804349
standardized,ocbc,DKK,SGD,DKK/SGD,100,"SGD 0 – 39,999.99",tier_1,SGD < 50,std_lt_50,fxRatesSgd,2026-08-26T07:00:15,2026-08-26T07:00:15,2026-08-26T13:31:54.061639+00:00,20.1739,19.4578,19.8159,1.8066300294208213,1.8071346746804349
standardized,ocbc,EUR,SGD,EUR/SGD,1,"SGD 0 – 39,999.99",tier_1,"SGD 200 – 39,999.99",std_200_40k,fxRatesSgd,2026-08-26T07:00:15,2026-08-26T07:00:15,2026-08-26T13:31:54.061639+00:00,1.4981,1.4612,1.4797,1.2434953031019782,1.250253429749271
standardized,ocbc,EUR,SGD,EUR/SGD,1,"SGD 40,000 – 100,000",tier_2,"SGD 40,000 – 100,000",std_40k_100k,fxRatesSgd,2026-08-26T07:00:15,2026-08-26T07:00:15,2026-08-26T13:31:54.061639+00:00,1.4963,1.4632,1.4797,1.121849023450696,1.1150908968034032
standardized,ocbc,EUR,SGD,EUR/SGD,1,"SGD 0 – 39,999.99",tier_1,SGD 50 – 200,std_50_200,fxRatesSgd,2026-08-26T07:00:15,2026-08-26T07:00:15,2026-08-26T13:31:54.061639+00:00,1.4981,1.4612,1.4797,1.2434953031019782,1.250253429749271
standardized,ocbc,EUR,SGD,EUR/SGD,1,"SGD 0 – 39,999.99",tier_1,SGD < 50,std_lt_50,fxRatesSgd,2026-08-26T07:00:15,2026-08-26T07:00:15,2026-08-26T13:31:54.061639+00:00,1.4981,1.4612,1.4797,1.2434953031019782,1.250253429749271
standardized,ocbc,GBP,SGD,GBP/SGD,1,"SGD 0 – 39,999.99",tier_1,"SGD 200 – 39,999.99",std_200_40k,fxRatesSgd,2026-08-26T07:00:15,2026-08-26T07:00:15,2026-08-26T13:31:54.061639+00:00,1.7528,1.7063,1.7296,1.3413506012950906,1.3471322849213747
standardized,ocbc,GBP,SGD,GBP/SGD,1,"SGD 40,000 – 100,000",tier_2,"SGD 40,000 – 100,000",std_40k_100k,fxRatesSgd,2026-08-26T07:00:15,2026-08-26T07:00:15,2026-08-26T13:31:54.061639+00:00,1.751,1.7084,1.7296,1.2372802960221938,1.2257169287696639
standardized,ocbc,GBP,SGD,GBP/SGD,1,"SGD 0 – 39,999.99",tier_1,SGD 50 – 200,std_50_200,fxRatesSgd,2026-08-26T07:00:15,2026-08-26T07:00:15,2026-08-26T13:31:54.061639+00:00,1.7528,1.7063,1.7296,1.3413506012950906,1.3471322849213747
standardized,ocbc,GBP,SGD,GBP/SGD,1,"SGD 0 – 39,999.99",tier_1,SGD < 50,std_lt_50,fxRatesSgd,2026-08-26T07:00:15,2026-08-26T07:00:15,2026-08-26T13:31:54.061639+00:00,1.7528,1.7063,1.7296,1.3413506012950906,1.3471322849213747
standardized,ocbc,HKD,SGD,HKD/SGD,100,"SGD 0 – 39,999.99",tier_1,"SGD 200 – 39,999.99",std_200_40k,fxRatesSgd,2026-08-26T07:00:15,2026-08-26T07:00:15,2026-08-26T13:31:54.061639+00:00,16.413,16.0161,16.2146,1.2235886176655573,1.2242053457994597
standardized,ocbc,HKD,SGD,HKD/SGD,100,"SGD 40,000 – 100,000",tier_2,"SGD 40,000 – 100,000",std_40k_100k,fxRatesSgd,2026-08-26T07:00:15,2026-08-26T07:00:15,2026-08-26T13:31:54.061639+00:00,16.3839,16.0259,16.2146,1.0441207306994917,1.163765988676876
standardized,ocbc,HKD,SGD,HKD/SGD,100,"SGD 0 – 39,999.99",tier_1,SGD 50 – 200,std_50_200,fxRatesSgd,2026-08-26T07:00:15,2026-08-26T07:00:15,2026-08-26T13:31:54.061639+00:00,16.413,16.0161,16.2146,1.2235886176655573,1.2242053457994597
standardized,ocbc,HKD,SGD,HKD/SGD,100,"SGD 0 – 39,999.99",tier_1,SGD < 50,std_lt_50,fxRatesSgd,2026-08-26T07:00:15,2026-08-26T07:00:15,2026-08-26T13:31:54.061639+00:00,16.413,16.0161,16.2146,1.2235886176655573,1.2242053457994597
standardized,ocbc,HUF,SGD,HUF/SGD,100,"SGD 0 – 39,999.99",tier_1,"SGD 200 – 39,999.99",std_200_40k,fxRatesSgd,2026-08-26T07:00:15,2026-08-26T07:00:15,2026-08-26T13:31:54.061639+00:00,0.0,0.0,0.0,,
standardized,ocbc,HUF,SGD,HUF/SGD,100,"SGD 40,000 – 100,000",tier_2,"SGD 40,000 – 100,000",std_40k_100k,fxRatesSgd,2026-08-26T07:00:15,2026-08-26T07:00:15,2026-08-26T13:31:54.061639+00:00,0.0,0.0,0.0,,
standardized,ocbc,HUF,SGD,HUF/SGD,100,"SGD 0 – 39,999.99",tier_1,SGD 50 – 200,std_50_200,fxRatesSgd,2026-08-26T07:00:15,2026-08-26T07:00:15,2026-08-26T13:31:54.061639+00:00,0.0,0.0,0.0,,
standardized,ocbc,HUF,SGD,HUF/SGD,100,"SGD 0 – 39,999.99",tier_1,SGD < 50,std_lt_50,fxRatesSgd,2026-08-26T07:00:15,2026-08-26T07:00:15,2026-08-26T13:31:54.061639+00:00,0.0,0.0,0.0,,
standardized,ocbc,IDR,SGD,IDR/SGD,100,"SGD 0 – 39,999.99",tier_1,"SGD 200 – 39,999.99",std_200_40k,fxRatesSgd,2026-08-26T07:00:15,2026-08-26T07:00:15,2026-08-26T13:31:54.061639+00:00,0.0074,0.0,0.0074,0.0,100.0
standardized,ocbc,IDR,SGD,IDR/SGD,100,"SGD 40,000 – 100,000",tier_2,"SGD 40,000 – 100,000",std_40k_100k,fxRatesSgd,2026-08-26T07:00:15,2026-08-26T07:00:15,2026-08-26T13:31:54.061639+00:00,0.0074,0.0,0.0074,0.0,100.0
standardized,ocbc,IDR,SGD,IDR/SGD,100,"SGD 0 – 39,999.99",tier_1,SGD 50 – 200,std_50_200,fxRatesSgd,2026-08-26T07:00:15,2026-08-26T07:00:15,2026-08-26T13:31:54.061639+00:00,0.0074,0.0,0.0074,0.0,100.0
standardized,ocbc,IDR,SGD,IDR/SGD,100,"SGD 0 – 39,999.99",tier_1,SGD < 50,std_lt_50,fxRatesSgd,2026-08-26T07:00:15,2026-08-26T07:00:15,2026-08-26T13:31:54.061639+00:00,0.0074,0.0,0.0074,0.0,100.0
standardized,ocbc,ILS,SGD,ILS/SGD,100,"SGD 0 – 39,999.99",tier_1,"SGD 200 – 39,999.99",std_200_40k,fxRatesSgd,2026-08-26T07:00:15,2026-08-26T07:00:15,2026-08-26T13:31:54.061639+00:00,0.0,0.0,0.0,,
standardized,ocbc,ILS,SGD,ILS/SGD,100,"SGD 40,000 – 100,000",tier_2,"SGD 40,000 – 100,000",std_40k_100k,fxRatesSgd,2026-08-26T07:00:15,2026-08-26T07:00:15,2026-08-26T13:31:54.061639+00:00,0.0,0.0,0.0,,
standardized,ocbc,ILS,SGD,ILS/SGD,100,"SGD 0 – 39,999.99",tier_1,SGD 50 – 200,std_50_200,fxRatesSgd,2026-08-26T07:00:15,2026-08-26T07:00:15,2026-08-26T13:31:54.061639+00:00,0.0,0.0,0.0,,
standardized,ocbc,ILS,SGD,ILS/SGD,100,"SGD 0 – 39,999.99",tier_1,SGD < 50,std_lt_50,fxRatesSgd,2026-08-26T07:00:15,2026-08-26T07:00:15,2026-08-26T13:31:54.061639+00:00,0.0,0.0,0.0,,
standardized,ocbc,INR,SGD,INR/SGD,100,"SGD 0 – 39,999.99",tier_1,"SGD 200 – 39,999.99",std_200_40k,fxRatesSgd,2026-08-26T07:00:15,2026-08-26T07:00:15,2026-08-26T13:31:54.061639+00:00,1.3715,0.0,1.3715,0.0,100.0
standardized,ocbc,INR,SGD,INR/SGD,100,"SGD 40,000 – 100,000",tier_2,"SGD 40,000 – 100,000",std_40k_100k,fxRatesSgd,2026-08-26T07:00:15,2026-08-26T07:00:15,2026-08-26T13:31:54.061639+00:00,1.3688,0.0,1.3715,-0.1968647466277743,100.0
standardized,ocbc,INR,SGD,INR/SGD,100,"SGD 0 – 39,999.99",tier_1,SGD 50 – 200,std_50_200,fxRatesSgd,2026-08-26T07:00:15,2026-08-26T07:00:15,2026-08-26T13:31:54.061639+00:00,1.3715,0.0,1.3715,0.0,100.0
standardized,ocbc,INR,SGD,INR/SGD,100,"SGD 0 – 39,999.99",tier_1,SGD < 50,std_lt_50,fxRatesSgd,2026-08-26T07:00:15,2026-08-26T07:00:15,2026-08-26T13:31:54.061639+00:00,1.3715,0.0,1.3715,0.0,100.0
standardized,ocbc,JOD,SGD,JOD/SGD,1,"SGD 0 – 39,999.99",tier_1,"SGD 200 – 39,999.99",std_200_40k,fxRatesSgd,2026-08-26T07:00:15,2026-08-26T07:00:15,2026-08-26T13:31:54.061639+00:00,0.0,0.0,0.0,,
standardized,ocbc,JOD,SGD,JOD/SGD,1,"SGD 40,000 – 100,000",tier_2,"SGD 40,000 – 100,000",std_40k_100k,fxRatesSgd,2026-08-26T07:00:15,2026-08-26T07:00:15,2026-08-26T13:31:54.061639+00:00,0.0,0.0,0.0,,
standardized,ocbc,JOD,SGD,JOD/SGD,1,"SGD 0 – 39,999.99",tier_1,SGD 50 – 200,std_50_200,fxRatesSgd,2026-08-26T07:00:15,2026-08-26T07:00:15,2026-08-26T13:31:54.061639+00:00,0.0,0.0,0.0,,
standardized,ocbc,JOD,SGD,JOD/SGD,1,"SGD 0 – 39,999.99",tier_1,SGD < 50,std_lt_50,fxRatesSgd,2026-08-26T07:00:15,2026-08-26T07:00:15,2026-08-26T13:31:54.061639+00:00,0.0,0.0,0.0,,
standardized,ocbc,JPY,SGD,JPY/SGD,100,"SGD 0 – 39,999.99",tier_1,"SGD 200 – 39,999.99",std_200_40k,fxRatesSgd,2026-08-26T07:00:15,2026-08-26T07:00:15,2026-08-26T13:31:54.061639+00:00,0.8088,0.789,0.7989,1.2392039053698722,1.239203905369886
standardized,ocbc,JPY,SGD,JPY/SGD,100,"SGD 40,000 – 100,000",tier_2,"SGD 40,000 – 100,000",std_40k_100k,fxRatesSgd,2026-08-26T07:00:15,2026-08-26T07:00:15,2026-08-26T13:31:54.061639+00:00,0.808,0.7903,0.7989,1.1390662160470644,1.0764801602203093
standardized,ocbc,JPY,SGD,JPY/SGD,100,"SGD 0 – 39,999.99",tier_1,SGD 50 – 200,std_50_200,fxRatesSgd,2026-08-26T07:00:15,2026-08-26T07:00:15,2026-08-26T13:31:54.061639+00:00,0.8088,0.789,0.7989,1.2392039053698722,1.239203905369886
standardized,ocbc,JPY,SGD,JPY/SGD,100,"SGD 0 – 39,999.99",tier_1,SGD < 50,std_lt_50,fxRatesSgd,2026-08-26T07:00:15,2026-08-26T07:00:15,2026-08-26T13:31:54.061639+00:00,0.8088,0.789,0.7989,1.2392039053698722,1.239203905369886
standardized,ocbc,KRW,SGD,KRW/SGD,100,"SGD 0 – 39,999.99",tier_1,"SGD 200 – 39,999.99",std_200_40k,fxRatesSgd,2026-08-26T07:00:15,2026-08-26T07:00:15,2026-08-26T13:31:54.061639+00:00,0.0,0.0,0.0,,
standardized,ocbc,KRW,SGD,KRW/SGD,100,"SGD 40,000 – 100,000",tier_2,"SGD 40,000 – 100,000",std_40k_100k,fxRatesSgd,2026-08-26T07:00:15,2026-08-26T07:00:15,2026-08-26T13:31:54.061639+00:00,0.0,0.0,0.0,,
standardized,ocbc,KRW,SGD,KRW/SGD,100,"SGD 0 – 39,999.99",tier_1,SGD 50 – 200,std_50_200,fxRatesSgd,2026-08-26T07:00:15,2026-08-26T07:00:15,2026-08-26T13:31:54.061639+00:00,0.0,0.0,0.0,,
standardized,ocbc,KRW,SGD,KRW/SGD,100,"SGD 0 – 39,999.99",tier_1,SGD < 50,std_lt_50,fxRatesSgd,2026-08-26T07:00:15,2026-08-26T07:00:15,2026-08-26T13:31:54.061639+00:00,0.0,0.0,0.0,,
standardized,ocbc,LKR,SGD,LKR/SGD,100,"SGD 0 – 39,999.99",tier_1,"SGD 200 – 39,999.99",std_200_40k,fxRatesSgd,2026-08-26T07:00:15,2026-08-26T07:00:15,2026-08-26T13:31:54.061639+00:00,0.3989,0.0,0.3989,0.0,100.0
standardized,ocbc,LKR,SGD,LKR/SGD,100,"SGD 40,000 – 100,000",tier_2,"SGD 40,000 – 100,000",std_40k_100k,fxRatesSgd,2026-08-26T07:00:15,2026-08-26T07:00:15,2026-08-26T13:31:54.061639+00:00,0.3981,0.0,0.3989,-0.20055151667083665,100.0
standardized,ocbc,LKR,SGD,LKR/SGD,100,"SGD 0 – 39,999.99",tier_1,SGD 50 – 200,std_50_200,fxRatesSgd,2026-08-26T07:00:15,2026-08-26T07:00:15,2026-08-26T13:31:54.061639+00:00,0.3989,0.0,0.3989,0.0,100.0
standardized,ocbc,LKR,SGD,LKR/SGD,100,"SGD 0 – 39,999.99",tier_1,SGD < 50,std_lt_50,fxRatesSgd,2026-08-26T07:00:15,2026-08-26T07:00:15,2026-08-26T13:31:54.061639+00:00,0.3989,0.0,0.3989,0.0,100.0
standardized,ocbc,MAD,SGD,MAD/SGD,100,"SGD 0 – 39,999.99",tier_1,"SGD 200 – 39,999.99",std_200_40k,fxRatesSgd,2026-08-26T07:00:15,2026-08-26T07:00:15,2026-08-26T13:31:54.061639+00:00,0.0,0.0,0.0,,
standardized,ocbc,MAD,SGD,MAD/SGD,100,"SGD 40,000 – 100,000",tier_2,"SGD 40,000 – 100,000",std_40k_100k,fxRatesSgd,2026-08-26T07:00:15,2026-08-26T07:00:15,2026-08-26T13:31:54.061639+00:00,0.0,0.0,0.0,,
standardized,ocbc,MAD,SGD,MAD/SGD,100,"SGD 0 – 39,999.99",tier_1,SGD 50 – 200,std_50_200,fxRatesSgd,2026-08-26T07:00:15,2026-08-26T07:00:15,2026-08-26T13:31:54.061639+00:00,0.0,0.0,0.0,,
standardized,ocbc,MAD,SGD,MAD/SGD,100,"SGD 0 – 39,999.99",tier_1,SGD < 50,std_lt_50,fxRatesSgd,2026-08-26T07:00:15,2026-08-26T07:00:15,2026-08-26T13:31:54.061639+00:00,0.0,0.0,0.0,,
standardized,ocbc,MXN,SGD,MXN/SGD,100,"SGD 0 – 39,999.99",tier_1,"SGD 200 – 39,999.99",std_200_40k,fxRatesSgd,2026-08-26T07:00:15,2026-08-26T07:00:15,2026-08-26T13:31:54.061639+00:00,7.7332,0.0,7.7332,0.0,100.0
standardized,ocbc,MXN,SGD,MXN/SGD,100,"SGD 40,000 – 100,000",tier_2,"SGD 40,000 – 100,000",std_40k_100k,fxRatesSgd,2026-08-26T07:00:15,2026-08-26T07:00:15,2026-08-26T13:31:54.061639+00:00,7.7316,0.0,7.7332,-0.020690011896754564,100.0
standardized,ocbc,MXN,SGD,MXN/SGD,100,"SGD 0 – 39,999.99",tier_1,SGD 50 – 200,std_50_200,fxRatesSgd,2026-08-26T07:00:15,2026-08-26T07:00:15,2026-08-26T13:31:54.061639+00:00,7.7332,0.0,7.7332,0.0,100.0
standardized,ocbc,MXN,SGD,MXN/SGD,100,"SGD 0 – 39,999.99",tier_1,SGD < 50,std_lt_50,fxRatesSgd,2026-08-26T07:00:15,2026-08-26T07:00:15,2026-08-26T13:31:54.061639+00:00,7.7332,0.0,7.7332,0.0,100.0
standardized,ocbc,MYR,SGD,MYR/SGD,100,"SGD 0 – 39,999.99",tier_1,"SGD 200 – 39,999.99",std_200_40k,fxRatesSgd,2026-08-26T07:00:15,2026-08-26T07:00:15,2026-08-26T13:31:54.061639+00:00,0.0,0.0,0.0,,
standardized,ocbc,MYR,SGD,MYR/SGD,100,"SGD 40,000 – 100,000",tier_2,"SGD 40,000 – 100,000",std_40k_100k,fxRatesSgd,2026-08-26T07:00:15,2026-08-26T07:00:15,2026-08-26T13:31:54.061639+00:00,0.0,0.0,0.0,,
standardized,ocbc,MYR,SGD,MYR/SGD,100,"SGD 0 – 39,999.99",tier_1,SGD 50 – 200,std_50_200,fxRatesSgd,2026-08-26T07:00:15,2026-08-26T07:00:15,2026-08-26T13:31:54.061639+00:00,0.0,0.0,0.0,,
standardized,ocbc,MYR,SGD,MYR/SGD,100,"SGD 0 – 39,999.99",tier_1,SGD < 50,std_lt_50,fxRatesSgd,2026-08-26T07:00:15,2026-08-26T07:00:15,2026-08-26T13:31:54.061639+00:00,0.0,0.0,0.0,,
standardized,ocbc,NOK,SGD,NOK/SGD,100,"SGD 0 – 39,999.99",tier_1,"SGD 200 – 39,999.99",std_200_40k,fxRatesSgd,2026-08-26T07:00:15,2026-08-26T07:00:15,2026-08-26T13:31:54.061639+00:00,13.8488,13.3549,13.6019,1.815187584087518,1.815922775494599
standardized,ocbc,NOK,SGD,NOK/SGD,100,"SGD 40,000 – 100,000",tier_2,"SGD 40,000 – 100,000",std_40k_100k,fxRatesSgd,2026-08-26T07:00:15,2026-08-26T07:00:15,2026-08-26T13:31:54.061639+00:00,13.8216,13.3821,13.6019,1.615215521360983,1.6159507127680772
standardized,ocbc,NOK,SGD,NOK/SGD,100,"SGD 0 – 39,999.99",tier_1,SGD 50 – 200,std_50_200,fxRatesSgd,2026-08-26T07:00:15,2026-08-26T07:00:15,2026-08-26T13:31:54.061639+00:00,13.8488,13.3549,13.6019,1.815187584087518,1.815922775494599
standardized,ocbc,NOK,SGD,NOK/SGD,100,"SGD 0 – 39,999.99",tier_1,SGD < 50,std_lt_50,fxRatesSgd,2026-08-26T07:00:15,2026-08-26T07:00:15,2026-08-26T13:31:54.061639+00:00,13.8488,13.3549,13.6019,1.815187584087518,1.815922775494599
standardized,ocbc,NZD,SGD,NZD/SGD,1,"SGD 0 – 39,999.99",tier_1,"SGD 200 – 39,999.99",std_200_40k,fxRatesSgd,2026-08-26T07:00:15,2026-08-26T07:00:15,2026-08-26T13:31:54.061639+00:00,0.7718,0.7455,0.7587,1.726637669698168,1.7398181099248702
standardized,ocbc,NZD,SGD,NZD/SGD,1,"SGD 40,000 – 100,000",tier_2,"SGD 40,000 – 100,000",std_40k_100k,fxRatesSgd,2026-08-26T07:00:15,2026-08-26T07:00:15,2026-08-26T13:31:54.061639+00:00,0.7699,0.7478,0.7587,1.4762093053907985,1.436667984710692
standardized,ocbc,NZD,SGD,NZD/SGD,1,"SGD 0 – 39,999.99",tier_1,SGD 50 – 200,std_50_200,fxRatesSgd,2026-08-26T07:00:15,2026-08-26T07:00:15,2026-08-26T13:31:54.061639+00:00,0.7718,0.7455,0.7587,1.726637669698168,1.7398181099248702
standardized,ocbc,NZD,SGD,NZD/SGD,1,"SGD 0 – 39,999.99",tier_1,SGD < 50,std_lt_50,fxRatesSgd,2026-08-26T07:00:15,2026-08-26T07:00:15,2026-08-26T13:31:54.061639+00:00,0.7718,0.7455,0.7587,1.726637669698168,1.7398181099248702
standardized,ocbc,OMR,SGD,OMR/SGD,1,"SGD 0 – 39,999.99",tier_1,"SGD 200 – 39,999.99",std_200_40k,fxRatesSgd,2026-08-26T07:00:15,2026-08-26T07:00:15,2026-08-26T13:31:54.061639+00:00,0.0,0.0,0.0,,
standardized,ocbc,OMR,SGD,OMR/SGD,1,"SGD 40,000 – 100,000",tier_2,"SGD 40,000 – 100,000",std_40k_100k,fxRatesSgd,2026-08-26T07:00:15,2026-08-26T07:00:15,2026-08-26T13:31:54.061639+00:00,0.0,0.0,0.0,,
standardized,ocbc,OMR,SGD,OMR/SGD,1,"SGD 0 – 39,999.99",tier_1,SGD 50 – 200,std_50_200,fxRatesSgd,2026-08-26T07:00:15,2026-08-26T07:00:15,2026-08-26T13:31:54.061639+00:00,0.0,0.0,0.0,,
standardized,ocbc,OMR,SGD,OMR/SGD,1,"SGD 0 – 39,999.99",tier_1,SGD < 50,std_lt_50,fxRatesSgd,2026-08-26T07:00:15,2026-08-26T07:00:15,2026-08-26T13:31:54.061639+00:00,0.0,0.0,0.0,,
standardized,ocbc,PHP,SGD,PHP/SGD,100,"SGD 0 – 39,999.99",tier_1,"SGD 200 – 39,999.99",std_200_40k,fxRatesSgd,2026-08-26T07:00:15,2026-08-26T07:00:15,2026-08-26T13:31:54.061639+00:00,2.1206,0.0,2.1206,0.0,100.0
standardized,ocbc,PHP,SGD,PHP/SGD,100,"SGD 40,000 – 100,000",tier_2,"SGD 40,000 – 100,000",std_40k_100k,fxRatesSgd,2026-08-26T07:00:15,2026-08-26T07:00:15,2026-08-26T13:31:54.061639+00:00,2.1195,0.0,2.1206,-0.05187211166651424,100.0
standardized,ocbc,PHP,SGD,PHP/SGD,100,"SGD 0 – 39,999.99",tier_1,SGD 50 – 200,std_50_200,fxRatesSgd,2026-08-26T07:00:15,2026-08-26T07:00:15,2026-08-26T13:31:54.061639+00:00,2.1206,0.0,2.1206,0.0,100.0
standardized,ocbc,PHP,SGD,PHP/SGD,100,"SGD 0 – 39,999.99",tier_1,SGD < 50,std_lt_50,fxRatesSgd,2026-08-26T07:00:15,2026-08-26T07:00:15,2026-08-26T13:31:54.061639+00:00,2.1206,0.0,2.1206,0.0,100.0
standardized,ocbc,PLN,SGD,PLN/SGD,100,"SGD 0 – 39,999.99",tier_1,"SGD 200 – 39,999.99",std_200_40k,fxRatesSgd,2026-08-26T07:00:15,2026-08-26T07:00:15,2026-08-26T13:31:54.061639+00:00,35.5112,33.2942,34.4027,3.222130821127409,3.22213082112743
standardized,ocbc,PLN,SGD,PLN/SGD,100,"SGD 40,000 – 100,000",tier_2,"SGD 40,000 – 100,000",std_40k_100k,fxRatesSgd,2026-08-26T07:00:15,2026-08-26T07:00:15,2026-08-26T13:31:54.061639+00:00,35.4937,33.3214,34.4027,3.171262720658535,3.1430672592558313
standardized,ocbc,PLN,SGD,PLN/SGD,100,"SGD 0 – 39,999.99",tier_1,SGD 50 – 200,std_50_200,fxRatesSgd,2026-08-26T07:00:15,2026-08-26T07:00:15,2026-08-26T13:31:54.061639+00:00,35.5112,33.2942,34.4027,3.222130821127409,3.22213082112743
standardized,ocbc,PLN,SGD,PLN/SGD,100,"SGD 0 – 39,999.99",tier_1,SGD < 50,std_lt_50,fxRatesSgd,2026-08-26T07:00:15,2026-08-26T07:00:15,2026-08-26T13:31:54.061639+00:00,35.5112,33.2942,34.4027,3.222130821127409,3.22213082112743
standardized,ocbc,QAR,SGD,QAR/SGD,100,"SGD 0 – 39,999.99",tier_1,"SGD 200 – 39,999.99",std_200_40k,fxRatesSgd,2026-08-26T07:00:15,2026-08-26T07:00:15,2026-08-26T13:31:54.061639+00:00,35.8544,33.7724,34.8134,2.990227900750851,2.990227900750871
standardized,ocbc,QAR,SGD,QAR/SGD,100,"SGD 40,000 – 100,000",tier_2,"SGD 40,000 – 100,000",std_40k_100k,fxRatesSgd,2026-08-26T07:00:15,2026-08-26T07:00:15,2026-08-26T13:31:54.061639+00:00,35.8331,33.7896,34.8134,2.929044563300339,2.9408216376452785
standardized,ocbc,QAR,SGD,QAR/SGD,100,"SGD 0 – 39,999.99",tier_1,SGD 50 – 200,std_50_200,fxRatesSgd,2026-08-26T07:00:15,2026-08-26T07:00:15,2026-08-26T13:31:54.061639+00:00,35.8544,33.7724,34.8134,2.990227900750851,2.990227900750871
standardized,ocbc,QAR,SGD,QAR/SGD,100,"SGD 0 – 39,999.99",tier_1,SGD < 50,std_lt_50,fxRatesSgd,2026-08-26T07:00:15,2026-08-26T07:00:15,2026-08-26T13:31:54.061639+00:00,35.8544,33.7724,34.8134,2.990227900750851,2.990227900750871
standardized,ocbc,RON,SGD,RON/SGD,100,"SGD 0 – 39,999.99",tier_1,"SGD 200 – 39,999.99",std_200_40k,fxRatesSgd,2026-08-26T07:00:15,2026-08-26T07:00:15,2026-08-26T13:31:54.061639+00:00,0.0,0.0,0.0,,
standardized,ocbc,RON,SGD,RON/SGD,100,"SGD 40,000 – 100,000",tier_2,"SGD 40,000 – 100,000",std_40k_100k,fxRatesSgd,2026-08-26T07:00:15,2026-08-26T07:00:15,2026-08-26T13:31:54.061639+00:00,0.0,0.0,0.0,,
standardized,ocbc,RON,SGD,RON/SGD,100,"SGD 0 – 39,999.99",tier_1,SGD 50 – 200,std_50_200,fxRatesSgd,2026-08-26T07:00:15,2026-08-26T07:00:15,2026-08-26T13:31:54.061639+00:00,0.0,0.0,0.0,,
standardized,ocbc,RON,SGD,RON/SGD,100,"SGD 0 – 39,999.99",tier_1,SGD < 50,std_lt_50,fxRatesSgd,2026-08-26T07:00:15,2026-08-26T07:00:15,2026-08-26T13:31:54.061639+00:00,0.0,0.0,0.0,,
standardized,ocbc,RUB,SGD,RUB/SGD,100,"SGD 0 – 39,999.99",tier_1,"SGD 200 – 39,999.99",std_200_40k,fxRatesSgd,2026-08-26T07:00:15,2026-08-26T07:00:15,2026-08-26T13:31:54.061639+00:00,0.0,0.0,0.0,,
standardized,ocbc,RUB,SGD,RUB/SGD,100,"SGD 40,000 – 100,000",tier_2,"SGD 40,000 – 100,000",std_40k_100k,fxRatesSgd,2026-08-26T07:00:15,2026-08-26T07:00:15,2026-08-26T13:31:54.061639+00:00,0.0,0.0,0.0,,
standardized,ocbc,RUB,SGD,RUB/SGD,100,"SGD 0 – 39,999.99",tier_1,SGD 50 – 200,std_50_200,fxRatesSgd,2026-08-26T07:00:15,2026-08-26T07:00:15,2026-08-26T13:31:54.061639+00:00,0.0,0.0,0.0,,
standardized,ocbc,RUB,SGD,RUB/SGD,100,"SGD 0 – 39,999.99",tier_1,SGD < 50,std_lt_50,fxRatesSgd,2026-08-26T07:00:15,2026-08-26T07:00:15,2026-08-26T13:31:54.061639+00:00,0.0,0.0,0.0,,
standardized,ocbc,SAR,SGD,SAR/SGD,100,"SGD 0 – 39,999.99",tier_1,"SGD 200 – 39,999.99",std_200_40k,fxRatesSgd,2026-08-26T07:00:15,2026-08-26T07:00:15,2026-08-26T13:31:54.061639+00:00,34.778,32.8627,33.8204,2.8314271859587685,2.831722865489476
standardized,ocbc,SAR,SGD,SAR/SGD,100,"SGD 40,000 – 100,000",tier_2,"SGD 40,000 – 100,000",std_40k_100k,fxRatesSgd,2026-08-26T07:00:15,2026-08-26T07:00:15,2026-08-26T13:31:54.061639+00:00,34.7608,32.8794,33.8204,2.780570306678821,2.782344383863001
standardized,ocbc,SAR,SGD,SAR/SGD,100,"SGD 0 – 39,999.99",tier_1,SGD 50 – 200,std_50_200,fxRatesSgd,2026-08-26T07:00:15,2026-08-26T07:00:15,2026-08-26T13:31:54.061639+00:00,34.778,32.8627,33.8204,2.8314271859587685,2.831722865489476
standardized,ocbc,SAR,SGD,SAR/SGD,100,"SGD 0 – 39,999.99",tier_1,SGD < 50,std_lt_50,fxRatesSgd,2026-08-26T07:00:15,2026-08-26T07:00:15,2026-08-26T13:31:54.061639+00:00,34.778,32.8627,33.8204,2.8314271859587685,2.831722865489476
standardized,ocbc,SEK,SGD,SEK/SGD,100,"SGD 0 – 39,999.99",tier_1,"SGD 200 – 39,999.99",std_200_40k,fxRatesSgd,2026-08-26T07:00:15,2026-08-26T07:00:15,2026-08-26T13:31:54.061639+00:00,13.6202,13.135,13.3776,1.8134792488936826,1.8134792488936693
standardized,ocbc,SEK,SGD,SEK/SGD,100,"SGD 40,000 – 100,000",tier_2,"SGD 40,000 – 100,000",std_40k_100k,fxRatesSgd,2026-08-26T07:00:15,2026-08-26T07:00:15,2026-08-26T13:31:54.061639+00:00,13.5935,13.1618,13.3776,1.6138918789618568,1.6131443607223999
standardized,ocbc,SEK,SGD,SEK/SGD,100,"SGD 0 – 39,999.99",tier_1,SGD 50 – 200,std_50_200,fxRatesSgd,2026-08-26T07:00:15,2026-08-26T07:00:15,2026-08-26T13:31:54.061639+00:00,13.6202,13.135,13.3776,1.8134792488936826,1.8134792488936693
standardized,ocbc,SEK,SGD,SEK/SGD,100,"SGD 0 – 39,999.99",tier_1,SGD < 50,std_lt_50,fxRatesSgd,2026-08-26T07:00:15,2026-08-26T07:00:15,2026-08-26T13:31:54.061639+00:00,13.6202,13.135,13.3776,1.8134792488936826,1.8134792488936693
standardized,ocbc,THB,SGD,THB/SGD,100,"SGD 0 – 39,999.99",tier_1,"SGD 200 – 39,999.99",std_200_40k,fxRatesSgd,2026-08-26T07:00:15,2026-08-26T07:00:15,2026-08-26T13:31:54.061639+00:00,3.9866,3.7677,3.8772,2.821623852264519,2.824203033116686
standardized,ocbc,THB,SGD,THB/SGD,100,"SGD 40,000 – 100,000",tier_2,"SGD 40,000 – 100,000",std_40k_100k,fxRatesSgd,2026-08-26T07:00:15,2026-08-26T07:00:15,2026-08-26T13:31:54.061639+00:00,3.9788,3.7755,3.8772,2.6204477457959325,2.6230269266481
standardized,ocbc,THB,SGD,THB/SGD,100,"SGD 0 – 39,999.99",tier_1,SGD 50 – 200,std_50_200,fxRatesSgd,2026-08-26T07:00:15,2026-08-26T07:00:15,2026-08-26T13:31:54.061639+00:00,3.9866,3.7677,3.8772,2.821623852264519,2.824203033116686
standardized,ocbc,THB,SGD,THB/SGD,100,"SGD 0 – 39,999.99",tier_1,SGD < 50,std_lt_50,fxRatesSgd,2026-08-26T07:00:15,2026-08-26T07:00:15,2026-08-26T13:31:54.061639+00:00,3.9866,3.7677,3.8772,2.821623852264519,2.824203033116686
standardized,ocbc,TRY,SGD,TRY/SGD,100,"SGD 0 – 39,999.99",tier_1,"SGD 200 – 39,999.99",std_200_40k,fxRatesSgd,2026-08-26T07:00:15,2026-08-26T07:00:15,2026-08-26T13:31:54.061639+00:00,2.7116,2.5984,2.655,2.131826741996233,2.131826741996233
standardized,ocbc,TRY,SGD,TRY/SGD,100,"SGD 40,000 – 100,000",tier_2,"SGD 40,000 – 100,000",std_40k_100k,fxRatesSgd,2026-08-26T07:00:15,2026-08-26T07:00:15,2026-08-26T13:31:54.061639+00:00,2.7102,2.5987,2.655,2.079096045197746,2.1205273069679773
standardized,ocbc,TRY,SGD,TRY/SGD,100,"SGD 0 – 39,999.99",tier_1,SGD 50 – 200,std_50_200,fxRatesSgd,2026-08-26T07:00:15,2026-08-26T07:00:15,2026-08-26T13:31:54.061639+00:00,2.7116,2.5984,2.655,2.131826741996233,2.131826741996233
standardized,ocbc,TRY,SGD,TRY/SGD,100,"SGD 0 – 39,999.99",tier_1,SGD < 50,std_lt_50,fxRatesSgd,2026-08-26T07:00:15,2026-08-26T07:00:15,2026-08-26T13:31:54.061639+00:00,2.7116,2.5984,2.655,2.131826741996233,2.131826741996233
standardized,ocbc,TWD,SGD,TWD/SGD,100,"SGD 0 – 39,999.99",tier_1,"SGD 200 – 39,999.99",std_200_40k,fxRatesSgd,2026-08-26T07:00:15,2026-08-26T07:00:15,2026-08-26T13:31:54.061639+00:00,4.1359,0.0,4.1359,0.0,100.0
standardized,ocbc,TWD,SGD,TWD/SGD,100,"SGD 40,000 – 100,000",tier_2,"SGD 40,000 – 100,000",std_40k_100k,fxRatesSgd,2026-08-26T07:00:15,2026-08-26T07:00:15,2026-08-26T13:31:54.061639+00:00,0.0,0.0,4.1359,-100.0,100.0
standardized,ocbc,TWD,SGD,TWD/SGD,100,"SGD 0 – 39,999.99",tier_1,SGD 50 – 200,std_50_200,fxRatesSgd,2026-08-26T07:00:15,2026-08-26T07:00:15,2026-08-26T13:31:54.061639+00:00,4.1359,0.0,4.1359,0.0,100.0
standardized,ocbc,TWD,SGD,TWD/SGD,100,"SGD 0 – 39,999.99",tier_1,SGD < 50,std_lt_50,fxRatesSgd,2026-08-26T07:00:15,2026-08-26T07:00:15,2026-08-26T13:31:54.061639+00:00,4.1359,0.0,4.1359,0.0,100.0
standardized,ocbc,USD,SGD,USD/SGD,1,"SGD 0 – 39,999.99",tier_1,"SGD 200 – 39,999.99",std_200_40k,fxRatesSgd,2026-08-26T07:00:15,2026-08-26T07:00:15,2026-08-26T13:31:54.061639+00:00,1.2823,1.2594,1.2709,0.897002124478722,0.9048705641671133
standardized,ocbc,USD,SGD,USD/SGD,1,"SGD 40,000 – 100,000",tier_2,"SGD 40,000 – 100,000",std_40k_100k,fxRatesSgd,2026-08-26T07:00:15,2026-08-26T07:00:15,2026-08-26T13:31:54.061639+00:00,1.2811,1.2604,1.2709,0.8025808482177974,0.8261861672830242
standardized,ocbc,USD,SGD,USD/SGD,1,"SGD 0 – 39,999.99",tier_1,SGD 50 – 200,std_50_200,fxRatesSgd,2026-08-26T07:00:15,2026-08-26T07:00:15,2026-08-26T13:31:54.061639+00:00,1.2823,1.2594,1.2709,0.897002124478722,0.9048705641671133
standardized,ocbc,USD,SGD,USD/SGD,1,"SGD 0 – 39,999.99",tier_1,SGD < 50,std_lt_50,fxRatesSgd,2026-08-26T07:00:15,2026-08-26T07:00:15,2026-08-26T13:31:54.061639+00:00,1.2823,1.2594,1.2709,0.897002124478722,0.9048705641671133
standardized,ocbc,ZAR,SGD,ZAR/SGD,100,"SGD 0 – 39,999.99",tier_1,"SGD 200 – 39,999.99",std_200_40k,fxRatesSgd,2026-08-26T07:00:15,2026-08-26T07:00:15,2026-08-26T13:31:54.061639+00:00,8.215,7.7322,7.9736,3.027490719373929,3.02749071937394
standardized,ocbc,ZAR,SGD,ZAR/SGD,100,"SGD 40,000 – 100,000",tier_2,"SGD 40,000 – 100,000",std_40k_100k,fxRatesSgd,2026-08-26T07:00:15,2026-08-26T07:00:15,2026-08-26T13:31:54.061639+00:00,8.211,7.7362,7.9736,2.977325173071135,2.977325173071135
standardized,ocbc,ZAR,SGD,ZAR/SGD,100,"SGD 0 – 39,999.99",tier_1,SGD 50 – 200,std_50_200,fxRatesSgd,2026-08-26T07:00:15,2026-08-26T07:00:15,2026-08-26T13:31:54.061639+00:00,8.215,7.7322,7.9736,3.027490719373929,3.02749071937394
standardized,ocbc,ZAR,SGD,ZAR/SGD,100,"SGD 0 – 39,999.99",tier_1,SGD < 50,std_lt_50,fxRatesSgd,2026-08-26T07:00:15,2026-08-26T07:00:15,2026-08-26T13:31:54.061639+00:00,8.215,7.7322,7.9736,3.027490719373929,3.02749071937394
standardized,uob,AED,SGD,AED/SGD,100,Indicative board,board,"SGD 200 – 39,999.99",std_200_40k,forex_sgd,26 August 2026 05:20:51 PM,26 August 2026 05:20:51 PM,2026-08-26T13:31:56.258197+00:00,35.43,33.73,34.58,2.4580682475419358,2.4580682475419358
standardized,uob,AED,SGD,AED/SGD,100,Indicative board,board,"SGD 40,000 – 100,000",std_40k_100k,forex_sgd,26 August 2026 05:20:51 PM,26 August 2026 05:20:51 PM,2026-08-26T13:31:56.258197+00:00,35.43,33.73,34.58,2.4580682475419358,2.4580682475419358
standardized,uob,AED,SGD,AED/SGD,100,Indicative board,board,SGD 50 – 200,std_50_200,forex_sgd,26 August 2026 05:20:51 PM,26 August 2026 05:20:51 PM,2026-08-26T13:31:56.258197+00:00,35.43,33.73,34.58,2.4580682475419358,2.4580682475419358
standardized,uob,AED,SGD,AED/SGD,100,Indicative board,board,SGD < 50,std_lt_50,forex_sgd,26 August 2026 05:20:51 PM,26 August 2026 05:20:51 PM,2026-08-26T13:31:56.258197+00:00,35.43,33.73,34.58,2.4580682475419358,2.4580682475419358
standardized,uob,AOA,SGD,AOA/SGD,100,Indicative board,board,"SGD 200 – 39,999.99",std_200_40k,forex_sgd,26 August 2026 05:20:51 PM,26 August 2026 05:20:51 PM,2026-08-26T13:31:56.258197+00:00,0.1428,,,,
standardized,uob,AOA,SGD,AOA/SGD,100,Indicative board,board,"SGD 40,000 – 100,000",std_40k_100k,forex_sgd,26 August 2026 05:20:51 PM,26 August 2026 05:20:51 PM,2026-08-26T13:31:56.258197+00:00,0.1428,,,,
standardized,uob,AOA,SGD,AOA/SGD,100,Indicative board,board,SGD 50 – 200,std_50_200,forex_sgd,26 August 2026 05:20:51 PM,26 August 2026 05:20:51 PM,2026-08-26T13:31:56.258197+00:00,0.1428,,,,
standardized,uob,AOA,SGD,AOA/SGD,100,Indicative board,board,SGD < 50,std_lt_50,forex_sgd,26 August 2026 05:20:51 PM,26 August 2026 05:20:51 PM,2026-08-26T13:31:56.258197+00:00,0.1428,,,,
standardized,uob,AUD,SGD,AUD/SGD,1,Indicative board,board,"SGD 200 – 39,999.99",std_200_40k,forex_sgd,26 August 2026 05:20:51 PM,26 August 2026 05:20:51 PM,2026-08-26T13:31:56.258197+00:00,0.9278,0.8968,0.9123,1.6990025211005104,1.6990025211005104
standardized,uob,AUD,SGD,AUD/SGD,1,Indicative board,board,"SGD 40,000 – 100,000",std_40k_100k,forex_sgd,26 August 2026 05:20:51 PM,26 August 2026 05:20:51 PM,2026-08-26T13:31:56.258197+00:00,0.9278,0.8968,0.9123,1.6990025211005104,1.6990025211005104
standardized,uob,AUD,SGD,AUD/SGD,1,Indicative board,board,SGD 50 – 200,std_50_200,forex_sgd,26 August 2026 05:20:51 PM,26 August 2026 05:20:51 PM,2026-08-26T13:31:56.258197+00:00,0.9278,0.8968,0.9123,1.6990025211005104,1.6990025211005104
standardized,uob,AUD,SGD,AUD/SGD,1,Indicative board,board,SGD < 50,std_lt_50,forex_sgd,26 August 2026 05:20:51 PM,26 August 2026 05:20:51 PM,2026-08-26T13:31:56.258197+00:00,0.9278,0.8968,0.9123,1.6990025211005104,1.6990025211005104
standardized,uob,BDT,SGD,BDT/SGD,100,Indicative board,board,"SGD 200 – 39,999.99",std_200_40k,forex_sgd,26 August 2026 05:20:51 PM,26 August 2026 05:20:51 PM,2026-08-26T13:31:56.258197+00:00,1.0668,,,,
standardized,uob,BDT,SGD,BDT/SGD,100,Indicative board,board,"SGD 40,000 – 100,000",std_40k_100k,forex_sgd,26 August 2026 05:20:51 PM,26 August 2026 05:20:51 PM,2026-08-26T13:31:56.258197+00:00,1.0668,,,,
standardized,uob,BDT,SGD,BDT/SGD,100,Indicative board,board,SGD 50 – 200,std_50_200,forex_sgd,26 August 2026 05:20:51 PM,26 August 2026 05:20:51 PM,2026-08-26T13:31:56.258197+00:00,1.0668,,,,
standardized,uob,BDT,SGD,BDT/SGD,100,Indicative board,board,SGD < 50,std_lt_50,forex_sgd,26 August 2026 05:20:51 PM,26 August 2026 05:20:51 PM,2026-08-26T13:31:56.258197+00:00,1.0668,,,,
standardized,uob,BND,SGD,BND/SGD,1,Indicative board,board,"SGD 200 – 39,999.99",std_200_40k,forex_sgd,26 August 2026 05:20:51 PM,26 August 2026 05:20:51 PM,2026-08-26T13:31:56.258197+00:00,1.0,1.0,1.0,0.0,0.0
standardized,uob,BND,SGD,BND/SGD,1,Indicative board,board,"SGD 40,000 – 100,000",std_40k_100k,forex_sgd,26 August 2026 05:20:51 PM,26 August 2026 05:20:51 PM,2026-08-26T13:31:56.258197+00:00,1.0,1.0,1.0,0.0,0.0
standardized,uob,BND,SGD,BND/SGD,1,Indicative board,board,SGD 50 – 200,std_50_200,forex_sgd,26 August 2026 05:20:51 PM,26 August 2026 05:20:51 PM,2026-08-26T13:31:56.258197+00:00,1.0,1.0,1.0,0.0,0.0
standardized,uob,BND,SGD,BND/SGD,1,Indicative board,board,SGD < 50,std_lt_50,forex_sgd,26 August 2026 05:20:51 PM,26 August 2026 05:20:51 PM,2026-08-26T13:31:56.258197+00:00,1.0,1.0,1.0,0.0,0.0
standardized,uob,CAD,SGD,CAD/SGD,1,Indicative board,board,"SGD 200 – 39,999.99",std_200_40k,forex_sgd,26 August 2026 05:20:51 PM,26 August 2026 05:20:51 PM,2026-08-26T13:31:56.258197+00:00,0.9258,0.9058,0.9158,1.0919414719371052,1.0919414719370932
standardized,uob,CAD,SGD,CAD/SGD,1,Indicative board,board,"SGD 40,000 – 100,000",std_40k_100k,forex_sgd,26 August 2026 05:20:51 PM,26 August 2026 05:20:51 PM,2026-08-26T13:31:56.258197+00:00,0.9258,0.9058,0.9158,1.0919414719371052,1.0919414719370932
standardized,uob,CAD,SGD,CAD/SGD,1,Indicative board,board,SGD 50 – 200,std_50_200,forex_sgd,26 August 2026 05:20:51 PM,26 August 2026 05:20:51 PM,2026-08-26T13:31:56.258197+00:00,0.9258,0.9058,0.9158,1.0919414719371052,1.0919414719370932
standardized,uob,CAD,SGD,CAD/SGD,1,Indicative board,board,SGD < 50,std_lt_50,forex_sgd,26 August 2026 05:20:51 PM,26 August 2026 05:20:51 PM,2026-08-26T13:31:56.258197+00:00,0.9258,0.9058,0.9158,1.0919414719371052,1.0919414719370932
standardized,uob,CHF,SGD,CHF/SGD,100,Indicative board,board,"SGD 200 – 39,999.99",std_200_40k,forex_sgd,26 August 2026 05:20:51 PM,26 August 2026 05:20:51 PM,2026-08-26T13:31:56.258197+00:00,159.66,156.36,158.01,1.0442377064742774,1.0442377064742594
standardized,uob,CHF,SGD,CHF/SGD,100,Indicative board,board,"SGD 40,000 – 100,000",std_40k_100k,forex_sgd,26 August 2026 05:20:51 PM,26 August 2026 05:20:51 PM,2026-08-26T13:31:56.258197+00:00,159.66,156.36,158.01,1.0442377064742774,1.0442377064742594
standardized,uob,CHF,SGD,CHF/SGD,100,Indicative board,board,SGD 50 – 200,std_50_200,forex_sgd,26 August 2026 05:20:51 PM,26 August 2026 05:20:51 PM,2026-08-26T13:31:56.258197+00:00,159.66,156.36,158.01,1.0442377064742774,1.0442377064742594
standardized,uob,CHF,SGD,CHF/SGD,100,Indicative board,board,SGD < 50,std_lt_50,forex_sgd,26 August 2026 05:20:51 PM,26 August 2026 05:20:51 PM,2026-08-26T13:31:56.258197+00:00,159.66,156.36,158.01,1.0442377064742774,1.0442377064742594
standardized,uob,CNH,SGD,CNH/SGD,100,Indicative board,board,"SGD 200 – 39,999.99",std_200_40k,forex_sgd,26 August 2026 05:20:51 PM,26 August 2026 05:20:51 PM,2026-08-26T13:31:56.258197+00:00,19.13,18.67,18.9,1.2169312169312192,1.2169312169312005
standardized,uob,CNH,SGD,CNH/SGD,100,Indicative board,board,"SGD 40,000 – 100,000",std_40k_100k,forex_sgd,26 August 2026 05:20:51 PM,26 August 2026 05:20:51 PM,2026-08-26T13:31:56.258197+00:00,19.13,18.67,18.9,1.2169312169312192,1.2169312169312005
standardized,uob,CNH,SGD,CNH/SGD,100,Indicative board,board,SGD 50 – 200,std_50_200,forex_sgd,26 August 2026 05:20:51 PM,26 August 2026 05:20:51 PM,2026-08-26T13:31:56.258197+00:00,19.13,18.67,18.9,1.2169312169312192,1.2169312169312005
standardized,uob,CNH,SGD,CNH/SGD,100,Indicative board,board,SGD < 50,std_lt_50,forex_sgd,26 August 2026 05:20:51 PM,26 August 2026 05:20:51 PM,2026-08-26T13:31:56.258197+00:00,19.13,18.67,18.9,1.2169312169312192,1.2169312169312005
standardized,uob,DKK,SGD,DKK/SGD,100,Indicative board,board,"SGD 200 – 39,999.99",std_200_40k,forex_sgd,26 August 2026 05:20:51 PM,26 August 2026 05:20:51 PM,2026-08-26T13:31:56.258197+00:00,20.17,19.47,19.82,1.7658930373360315,1.7658930373360315
standardized,uob,DKK,SGD,DKK/SGD,100,Indicative board,board,"SGD 40,000 – 100,000",std_40k_100k,forex_sgd,26 August 2026 05:20:51 PM,26 August 2026 05:20:51 PM,2026-08-26T13:31:56.258197+00:00,20.17,19.47,19.82,1.7658930373360315,1.7658930373360315
standardized,uob,DKK,SGD,DKK/SGD,100,Indicative board,board,SGD 50 – 200,std_50_200,forex_sgd,26 August 2026 05:20:51 PM,26 August 2026 05:20:51 PM,2026-08-26T13:31:56.258197+00:00,20.17,19.47,19.82,1.7658930373360315,1.7658930373360315
standardized,uob,DKK,SGD,DKK/SGD,100,Indicative board,board,SGD < 50,std_lt_50,forex_sgd,26 August 2026 05:20:51 PM,26 August 2026 05:20:51 PM,2026-08-26T13:31:56.258197+00:00,20.17,19.47,19.82,1.7658930373360315,1.7658930373360315
standardized,uob,EGP,SGD,EGP/SGD,100,Indicative board,board,"SGD 200 – 39,999.99",std_200_40k,forex_sgd,26 August 2026 05:20:51 PM,26 August 2026 05:20:51 PM,2026-08-26T13:31:56.258197+00:00,2.5906,,,,
standardized,uob,EGP,SGD,EGP/SGD,100,Indicative board,board,"SGD 40,000 – 100,000",std_40k_100k,forex_sgd,26 August 2026 05:20:51 PM,26 August 2026 05:20:51 PM,2026-08-26T13:31:56.258197+00:00,2.5906,,,,
standardized,uob,EGP,SGD,EGP/SGD,100,Indicative board,board,SGD 50 – 200,std_50_200,forex_sgd,26 August 2026 05:20:51 PM,26 August 2026 05:20:51 PM,2026-08-26T13:31:56.258197+00:00,2.5906,,,,
standardized,uob,EGP,SGD,EGP/SGD,100,Indicative board,board,SGD < 50,std_lt_50,forex_sgd,26 August 2026 05:20:51 PM,26 August 2026 05:20:51 PM,2026-08-26T13:31:56.258197+00:00,2.5906,,,,
standardized,uob,EUR,SGD,EUR/SGD,1,Indicative board,board,"SGD 200 – 39,999.99",std_200_40k,forex_sgd,26 August 2026 05:20:51 PM,26 August 2026 05:20:51 PM,2026-08-26T13:31:56.258197+00:00,1.5008,1.4628,1.4818,1.282224321770813,1.282224321770813
standardized,uob,EUR,SGD,EUR/SGD,1,Indicative board,board,"SGD 40,000 – 100,000",std_40k_100k,forex_sgd,26 August 2026 05:20:51 PM,26 August 2026 05:20:51 PM,2026-08-26T13:31:56.258197+00:00,1.5008,1.4628,1.4818,1.282224321770813,1.282224321770813
standardized,uob,EUR,SGD,EUR/SGD,1,Indicative board,board,SGD 50 – 200,std_50_200,forex_sgd,26 August 2026 05:20:51 PM,26 August 2026 05:20:51 PM,2026-08-26T13:31:56.258197+00:00,1.5008,1.4628,1.4818,1.282224321770813,1.282224321770813
standardized,uob,EUR,SGD,EUR/SGD,1,Indicative board,board,SGD < 50,std_lt_50,forex_sgd,26 August 2026 05:20:51 PM,26 August 2026 05:20:51 PM,2026-08-26T13:31:56.258197+00:00,1.5008,1.4628,1.4818,1.282224321770813,1.282224321770813
standardized,uob,GBP,SGD,GBP/SGD,1,Indicative board,board,"SGD 200 – 39,999.99",std_200_40k,forex_sgd,26 August 2026 05:20:51 PM,26 August 2026 05:20:51 PM,2026-08-26T13:31:56.258197+00:00,1.7533,1.7083,1.7308,1.2999768892997567,1.2999768892997439
standardized,uob,GBP,SGD,GBP/SGD,1,Indicative board,board,"SGD 40,000 – 100,000",std_40k_100k,forex_sgd,26 August 2026 05:20:51 PM,26 August 2026 05:20:51 PM,2026-08-26T13:31:56.258197+00:00,1.7533,1.7083,1.7308,1.2999768892997567,1.2999768892997439
standardized,uob,GBP,SGD,GBP/SGD,1,Indicative board,board,SGD 50 – 200,std_50_200,forex_sgd,26 August 2026 05:20:51 PM,26 August 2026 05:20:51 PM,2026-08-26T13:31:56.258197+00:00,1.7533,1.7083,1.7308,1.2999768892997567,1.2999768892997439
standardized,uob,GBP,SGD,GBP/SGD,1,Indicative board,board,SGD < 50,std_lt_50,forex_sgd,26 August 2026 05:20:51 PM,26 August 2026 05:20:51 PM,2026-08-26T13:31:56.258197+00:00,1.7533,1.7083,1.7308,1.2999768892997567,1.2999768892997439
standardized,uob,HKD,SGD,HKD/SGD,100,Indicative board,board,"SGD 200 – 39,999.99",std_200_40k,forex_sgd,26 August 2026 05:20:51 PM,26 August 2026 05:20:51 PM,2026-08-26T13:31:56.258197+00:00,16.379,16.021,16.200000000000003,1.1049382716049287,1.1049382716049507
standardized,uob,HKD,SGD,HKD/SGD,100,Indicative board,board,"SGD 40,000 – 100,000",std_40k_100k,forex_sgd,26 August 2026 05:20:51 PM,26 August 2026 05:20:51 PM,2026-08-26T13:31:56.258197+00:00,16.379,16.021,16.200000000000003,1.1049382716049287,1.1049382716049507
standardized,uob,HKD,SGD,HKD/SGD,100,Indicative board,board,SGD 50 – 200,std_50_200,forex_sgd,26 August 2026 05:20:51 PM,26 August 2026 05:20:51 PM,2026-08-26T13:31:56.258197+00:00,16.379,16.021,16.200000000000003,1.1049382716049287,1.1049382716049507
standardized,uob,HKD,SGD,HKD/SGD,100,Indicative board,board,SGD < 50,std_lt_50,forex_sgd,26 August 2026 05:20:51 PM,26 August 2026 05:20:51 PM,2026-08-26T13:31:56.258197+00:00,16.379,16.021,16.200000000000003,1.1049382716049287,1.1049382716049507
standardized,uob,INR,SGD,INR/SGD,100,Indicative board,board,"SGD 200 – 39,999.99",std_200_40k,forex_sgd,26 August 2026 05:20:51 PM,26 August 2026 05:20:51 PM,2026-08-26T13:31:56.258197+00:00,1.3682,,,,
standardized,uob,INR,SGD,INR/SGD,100,Indicative board,board,"SGD 40,000 – 100,000",std_40k_100k,forex_sgd,26 August 2026 05:20:51 PM,26 August 2026 05:20:51 PM,2026-08-26T13:31:56.258197+00:00,1.3682,,,,
standardized,uob,INR,SGD,INR/SGD,100,Indicative board,board,SGD 50 – 200,std_50_200,forex_sgd,26 August 2026 05:20:51 PM,26 August 2026 05:20:51 PM,2026-08-26T13:31:56.258197+00:00,1.3682,,,,
standardized,uob,INR,SGD,INR/SGD,100,Indicative board,board,SGD < 50,std_lt_50,forex_sgd,26 August 2026 05:20:51 PM,26 August 2026 05:20:51 PM,2026-08-26T13:31:56.258197+00:00,1.3682,,,,
standardized,uob,JPY,SGD,JPY/SGD,100,Indicative board,board,"SGD 200 – 39,999.99",std_200_40k,forex_sgd,26 August 2026 05:20:51 PM,26 August 2026 05:20:51 PM,2026-08-26T13:31:56.258197+00:00,0.816,0.782,0.7989999999999999,2.1276595744680873,2.127659574468073
standardized,uob,JPY,SGD,JPY/SGD,100,Indicative board,board,"SGD 40,000 – 100,000",std_40k_100k,forex_sgd,26 August 2026 05:20:51 PM,26 August 2026 05:20:51 PM,2026-08-26T13:31:56.258197+00:00,0.816,0.782,0.7989999999999999,2.1276595744680873,2.127659574468073
standardized,uob,JPY,SGD,JPY/SGD,100,Indicative board,board,SGD 50 – 200,std_50_200,forex_sgd,26 August 2026 05:20:51 PM,26 August 2026 05:20:51 PM,2026-08-26T13:31:56.258197+00:00,0.816,0.782,0.7989999999999999,2.1276595744680873,2.127659574468073
standardized,uob,JPY,SGD,JPY/SGD,100,Indicative board,board,SGD < 50,std_lt_50,forex_sgd,26 August 2026 05:20:51 PM,26 August 2026 05:20:51 PM,2026-08-26T13:31:56.258197+00:00,0.816,0.782,0.7989999999999999,2.1276595744680873,2.127659574468073
standardized,uob,KRW,SGD,KRW/SGD,1000,Indicative board,board,"SGD 200 – 39,999.99",std_200_40k,forex_sgd,26 August 2026 05:20:51 PM,26 August 2026 05:20:51 PM,2026-08-26T13:31:56.258197+00:00,0.9322,,,,
standardized,uob,KRW,SGD,KRW/SGD,1000,Indicative board,board,"SGD 40,000 – 100,000",std_40k_100k,forex_sgd,26 August 2026 05:20:51 PM,26 August 2026 05:20:51 PM,2026-08-26T13:31:56.258197+00:00,0.9322,,,,
standardized,uob,KRW,SGD,KRW/SGD,1000,Indicative board,board,SGD 50 – 200,std_50_200,forex_sgd,26 August 2026 05:20:51 PM,26 August 2026 05:20:51 PM,2026-08-26T13:31:56.258197+00:00,0.9322,,,,
standardized,uob,KRW,SGD,KRW/SGD,1000,Indicative board,board,SGD < 50,std_lt_50,forex_sgd,26 August 2026 05:20:51 PM,26 August 2026 05:20:51 PM,2026-08-26T13:31:56.258197+00:00,0.9322,,,,
standardized,uob,KWD,SGD,KWD/SGD,1,Indicative board,board,"SGD 200 – 39,999.99",std_200_40k,forex_sgd,26 August 2026 05:20:51 PM,26 August 2026 05:20:51 PM,2026-08-26T13:31:56.258197+00:00,4.176,,,,
standardized,uob,KWD,SGD,KWD/SGD,1,Indicative board,board,"SGD 40,000 – 100,000",std_40k_100k,forex_sgd,26 August 2026 05:20:51 PM,26 August 2026 05:20:51 PM,2026-08-26T13:31:56.258197+00:00,4.176,,,,
standardized,uob,KWD,SGD,KWD/SGD,1,Indicative board,board,SGD 50 – 200,std_50_200,forex_sgd,26 August 2026 05:20:51 PM,26 August 2026 05:20:51 PM,2026-08-26T13:31:56.258197+00:00,4.176,,,,
standardized,uob,KWD,SGD,KWD/SGD,1,Indicative board,board,SGD < 50,std_lt_50,forex_sgd,26 August 2026 05:20:51 PM,26 August 2026 05:20:51 PM,2026-08-26T13:31:56.258197+00:00,4.176,,,,
standardized,uob,LKR,SGD,LKR/SGD,100,Indicative board,board,"SGD 200 – 39,999.99",std_200_40k,forex_sgd,26 August 2026 05:20:51 PM,26 August 2026 05:20:51 PM,2026-08-26T13:31:56.258197+00:00,0.3928,,,,
standardized,uob,LKR,SGD,LKR/SGD,100,Indicative board,board,"SGD 40,000 – 100,000",std_40k_100k,forex_sgd,26 August 2026 05:20:51 PM,26 August 2026 05:20:51 PM,2026-08-26T13:31:56.258197+00:00,0.3928,,,,
standardized,uob,LKR,SGD,LKR/SGD,100,Indicative board,board,SGD 50 – 200,std_50_200,forex_sgd,26 August 2026 05:20:51 PM,26 August 2026 05:20:51 PM,2026-08-26T13:31:56.258197+00:00,0.3928,,,,
standardized,uob,LKR,SGD,LKR/SGD,100,Indicative board,board,SGD < 50,std_lt_50,forex_sgd,26 August 2026 05:20:51 PM,26 August 2026 05:20:51 PM,2026-08-26T13:31:56.258197+00:00,0.3928,,,,
standardized,uob,MXN,SGD,MXN/SGD,100,Indicative board,board,"SGD 200 – 39,999.99",std_200_40k,forex_sgd,26 August 2026 05:20:51 PM,26 August 2026 05:20:51 PM,2026-08-26T13:31:56.258197+00:00,7.5679,,,,
standardized,uob,MXN,SGD,MXN/SGD,100,Indicative board,board,"SGD 40,000 – 100,000",std_40k_100k,forex_sgd,26 August 2026 05:20:51 PM,26 August 2026 05:20:51 PM,2026-08-26T13:31:56.258197+00:00,7.5679,,,,
standardized,uob,MXN,SGD,MXN/SGD,100,Indicative board,board,SGD 50 – 200,std_50_200,forex_sgd,26 August 2026 05:20:51 PM,26 August 2026 05:20:51 PM,2026-08-26T13:31:56.258197+00:00,7.5679,,,,
standardized,uob,MXN,SGD,MXN/SGD,100,Indicative board,board,SGD < 50,std_lt_50,forex_sgd,26 August 2026 05:20:51 PM,26 August 2026 05:20:51 PM,2026-08-26T13:31:56.258197+00:00,7.5679,,,,
standardized,uob,MYR,SGD,MYR/SGD,100,Indicative board,board,"SGD 200 – 39,999.99",std_200_40k,forex_sgd,26 August 2026 05:20:51 PM,26 August 2026 05:20:51 PM,2026-08-26T13:31:56.258197+00:00,31.9081,,,,
standardized,uob,MYR,SGD,MYR/SGD,100,Indicative board,board,"SGD 40,000 – 100,000",std_40k_100k,forex_sgd,26 August 2026 05:20:51 PM,26 August 2026 05:20:51 PM,2026-08-26T13:31:56.258197+00:00,31.9081,,,,
standardized,uob,MYR,SGD,MYR/SGD,100,Indicative board,board,SGD 50 – 200,std_50_200,forex_sgd,26 August 2026 05:20:51 PM,26 August 2026 05:20:51 PM,2026-08-26T13:31:56.258197+00:00,31.9081,,,,
standardized,uob,MYR,SGD,MYR/SGD,100,Indicative board,board,SGD < 50,std_lt_50,forex_sgd,26 August 2026 05:20:51 PM,26 August 2026 05:20:51 PM,2026-08-26T13:31:56.258197+00:00,31.9081,,,,
standardized,uob,NOK,SGD,NOK/SGD,100,Indicative board,board,"SGD 200 – 39,999.99",std_200_40k,forex_sgd,26 August 2026 05:20:51 PM,26 August 2026 05:20:51 PM,2026-08-26T13:31:56.258197+00:00,13.81,13.37,13.59,1.618837380426789,1.618837380426789
standardized,uob,NOK,SGD,NOK/SGD,100,Indicative board,board,"SGD 40,000 – 100,000",std_40k_100k,forex_sgd,26 August 2026 05:20:51 PM,26 August 2026 05:20:51 PM,2026-08-26T13:31:56.258197+00:00,13.81,13.37,13.59,1.618837380426789,1.618837380426789
standardized,uob,NOK,SGD,NOK/SGD,100,Indicative board,board,SGD 50 – 200,std_50_200,forex_sgd,26 August 2026 05:20:51 PM,26 August 2026 05:20:51 PM,2026-08-26T13:31:56.258197+00:00,13.81,13.37,13.59,1.618837380426789,1.618837380426789
standardized,uob,NOK,SGD,NOK/SGD,100,Indicative board,board,SGD < 50,std_lt_50,forex_sgd,26 August 2026 05:20:51 PM,26 August 2026 05:20:51 PM,2026-08-26T13:31:56.258197+00:00,13.81,13.37,13.59,1.618837380426789,1.618837380426789
standardized,uob,NZD,SGD,NZD/SGD,1,Indicative board,board,"SGD 200 – 39,999.99",std_200_40k,forex_sgd,26 August 2026 05:20:51 PM,26 August 2026 05:20:51 PM,2026-08-26T13:31:56.258197+00:00,0.7665,0.7465,0.7565,1.321877065432916,1.3218770654329015
standardized,uob,NZD,SGD,NZD/SGD,1,Indicative board,board,"SGD 40,000 – 100,000",std_40k_100k,forex_sgd,26 August 2026 05:20:51 PM,26 August 2026 05:20:51 PM,2026-08-26T13:31:56.258197+00:00,0.7665,0.7465,0.7565,1.321877065432916,1.3218770654329015
standardized,uob,NZD,SGD,NZD/SGD,1,Indicative board,board,SGD 50 – 200,std_50_200,forex_sgd,26 August 2026 05:20:51 PM,26 August 2026 05:20:51 PM,2026-08-26T13:31:56.258197+00:00,0.7665,0.7465,0.7565,1.321877065432916,1.3218770654329015
standardized,uob,NZD,SGD,NZD/SGD,1,Indicative board,board,SGD < 50,std_lt_50,forex_sgd,26 August 2026 05:20:51 PM,26 August 2026 05:20:51 PM,2026-08-26T13:31:56.258197+00:00,0.7665,0.7465,0.7565,1.321877065432916,1.3218770654329015
standardized,uob,PHP,SGD,PHP/SGD,100,Indicative board,board,"SGD 200 – 39,999.99",std_200_40k,forex_sgd,26 August 2026 05:20:51 PM,26 August 2026 05:20:51 PM,2026-08-26T13:31:56.258197+00:00,2.107,,,,
standardized,uob,PHP,SGD,PHP/SGD,100,Indicative board,board,"SGD 40,000 – 100,000",std_40k_100k,forex_sgd,26 August 2026 05:20:51 PM,26 August 2026 05:20:51 PM,2026-08-26T13:31:56.258197+00:00,2.107,,,,
standardized,uob,PHP,SGD,PHP/SGD,100,Indicative board,board,SGD 50 – 200,std_50_200,forex_sgd,26 August 2026 05:20:51 PM,26 August 2026 05:20:51 PM,2026-08-26T13:31:56.258197+00:00,2.107,,,,
standardized,uob,PHP,SGD,PHP/SGD,100,Indicative board,board,SGD < 50,std_lt_50,forex_sgd,26 August 2026 05:20:51 PM,26 August 2026 05:20:51 PM,2026-08-26T13:31:56.258197+00:00,2.107,,,,
standardized,uob,PKR,SGD,PKR/SGD,100,Indicative board,board,"SGD 200 – 39,999.99",std_200_40k,forex_sgd,26 August 2026 05:20:51 PM,26 August 2026 05:20:51 PM,2026-08-26T13:31:56.258197+00:00,0.4639,,,,
standardized,uob,PKR,SGD,PKR/SGD,100,Indicative board,board,"SGD 40,000 – 100,000",std_40k_100k,forex_sgd,26 August 2026 05:20:51 PM,26 August 2026 05:20:51 PM,2026-08-26T13:31:56.258197+00:00,0.4639,,,,
standardized,uob,PKR,SGD,PKR/SGD,100,Indicative board,board,SGD 50 – 200,std_50_200,forex_sgd,26 August 2026 05:20:51 PM,26 August 2026 05:20:51 PM,2026-08-26T13:31:56.258197+00:00,0.4639,,,,
standardized,uob,PKR,SGD,PKR/SGD,100,Indicative board,board,SGD < 50,std_lt_50,forex_sgd,26 August 2026 05:20:51 PM,26 August 2026 05:20:51 PM,2026-08-26T13:31:56.258197+00:00,0.4639,,,,
standardized,uob,SAR,SGD,SAR/SGD,100,Indicative board,board,"SGD 200 – 39,999.99",std_200_40k,forex_sgd,26 August 2026 05:20:51 PM,26 August 2026 05:20:51 PM,2026-08-26T13:31:56.258197+00:00,,,,,
standardized,uob,SAR,SGD,SAR/SGD,100,Indicative board,board,"SGD 40,000 – 100,000",std_40k_100k,forex_sgd,26 August 2026 05:20:51 PM,26 August 2026 05:20:51 PM,2026-08-26T13:31:56.258197+00:00,,,,,
standardized,uob,SAR,SGD,SAR/SGD,100,Indicative board,board,SGD 50 – 200,std_50_200,forex_sgd,26 August 2026 05:20:51 PM,26 August 2026 05:20:51 PM,2026-08-26T13:31:56.258197+00:00,,,,,
standardized,uob,SAR,SGD,SAR/SGD,100,Indicative board,board,SGD < 50,std_lt_50,forex_sgd,26 August 2026 05:20:51 PM,26 August 2026 05:20:51 PM,2026-08-26T13:31:56.258197+00:00,,,,,
standardized,uob,SEK,SGD,SEK/SGD,100,Indicative board,board,"SGD 200 – 39,999.99",std_200_40k,forex_sgd,26 August 2026 05:20:51 PM,26 August 2026 05:20:51 PM,2026-08-26T13:31:56.258197+00:00,13.63,13.15,13.39,1.7923823749066485,1.7923823749066485
standardized,uob,SEK,SGD,SEK/SGD,100,Indicative board,board,"SGD 40,000 – 100,000",std_40k_100k,forex_sgd,26 August 2026 05:20:51 PM,26 August 2026 05:20:51 PM,2026-08-26T13:31:56.258197+00:00,13.63,13.15,13.39,1.7923823749066485,1.7923823749066485
standardized,uob,SEK,SGD,SEK/SGD,100,Indicative board,board,SGD 50 – 200,std_50_200,forex_sgd,26 August 2026 05:20:51 PM,26 August 2026 05:20:51 PM,2026-08-26T13:31:56.258197+00:00,13.63,13.15,13.39,1.7923823749066485,1.7923823749066485
standardized,uob,SEK,SGD,SEK/SGD,100,Indicative board,board,SGD < 50,std_lt_50,forex_sgd,26 August 2026 05:20:51 PM,26 August 2026 05:20:51 PM,2026-08-26T13:31:56.258197+00:00,13.63,13.15,13.39,1.7923823749066485,1.7923823749066485
standardized,uob,THB,SGD,THB/SGD,100,Indicative board,board,"SGD 200 – 39,999.99",std_200_40k,forex_sgd,26 August 2026 05:20:51 PM,26 August 2026 05:20:51 PM,2026-08-26T13:31:56.258197+00:00,3.98,3.78,3.88,2.5773195876288684,2.5773195876288684
standardized,uob,THB,SGD,THB/SGD,100,Indicative board,board,"SGD 40,000 – 100,000",std_40k_100k,forex_sgd,26 August 2026 05:20:51 PM,26 August 2026 05:20:51 PM,2026-08-26T13:31:56.258197+00:00,3.98,3.78,3.88,2.5773195876288684,2.5773195876288684
standardized,uob,THB,SGD,THB/SGD,100,Indicative board,board,SGD 50 – 200,std_50_200,forex_sgd,26 August 2026 05:20:51 PM,26 August 2026 05:20:51 PM,2026-08-26T13:31:56.258197+00:00,3.98,3.78,3.88,2.5773195876288684,2.5773195876288684
standardized,uob,THB,SGD,THB/SGD,100,Indicative board,board,SGD < 50,std_lt_50,forex_sgd,26 August 2026 05:20:51 PM,26 August 2026 05:20:51 PM,2026-08-26T13:31:56.258197+00:00,3.98,3.78,3.88,2.5773195876288684,2.5773195876288684
standardized,uob,TWD,SGD,TWD/SGD,100,Indicative board,board,"SGD 200 – 39,999.99",std_200_40k,forex_sgd,26 August 2026 05:20:51 PM,26 August 2026 05:20:51 PM,2026-08-26T13:31:56.258197+00:00,4.0803,,,,
standardized,uob,TWD,SGD,TWD/SGD,100,Indicative board,board,"SGD 40,000 – 100,000",std_40k_100k,forex_sgd,26 August 2026 05:20:51 PM,26 August 2026 05:20:51 PM,2026-08-26T13:31:56.258197+00:00,4.0803,,,,
standardized,uob,TWD,SGD,TWD/SGD,100,Indicative board,board,SGD 50 – 200,std_50_200,forex_sgd,26 August 2026 05:20:51 PM,26 August 2026 05:20:51 PM,2026-08-26T13:31:56.258197+00:00,4.0803,,,,
standardized,uob,TWD,SGD,TWD/SGD,100,Indicative board,board,SGD < 50,std_lt_50,forex_sgd,26 August 2026 05:20:51 PM,26 August 2026 05:20:51 PM,2026-08-26T13:31:56.258197+00:00,4.0803,,,,
standardized,uob,USD,SGD,USD/SGD,1,Indicative board,board,"SGD 200 – 39,999.99",std_200_40k,forex_sgd,26 August 2026 05:20:51 PM,26 August 2026 05:20:51 PM,2026-08-26T13:31:56.258197+00:00,1.2821,1.2581,1.2701,0.9448074954727983,0.9448074954727983
standardized,uob,USD,SGD,USD/SGD,1,Indicative board,board,"SGD 40,000 – 100,000",std_40k_100k,forex_sgd,26 August 2026 05:20:51 PM,26 August 2026 05:20:51 PM,2026-08-26T13:31:56.258197+00:00,1.2821,1.2581,1.2701,0.9448074954727983,0.9448074954727983
standardized,uob,USD,SGD,USD/SGD,1,Indicative board,board,SGD 50 – 200,std_50_200,forex_sgd,26 August 2026 05:20:51 PM,26 August 2026 05:20:51 PM,2026-08-26T13:31:56.258197+00:00,1.2821,1.2581,1.2701,0.9448074954727983,0.9448074954727983
standardized,uob,USD,SGD,USD/SGD,1,Indicative board,board,SGD < 50,std_lt_50,forex_sgd,26 August 2026 05:20:51 PM,26 August 2026 05:20:51 PM,2026-08-26T13:31:56.258197+00:00,1.2821,1.2581,1.2701,0.9448074954727983,0.9448074954727983
standardized,uob,VND,SGD,VND/SGD,1000,Indicative board,board,"SGD 200 – 39,999.99",std_200_40k,forex_sgd,26 August 2026 05:20:51 PM,26 August 2026 05:20:51 PM,2026-08-26T13:31:56.258197+00:00,0.0498,,,,
standardized,uob,VND,SGD,VND/SGD,1000,Indicative board,board,"SGD 40,000 – 100,000",std_40k_100k,forex_sgd,26 August 2026 05:20:51 PM,26 August 2026 05:20:51 PM,2026-08-26T13:31:56.258197+00:00,0.0498,,,,
standardized,uob,VND,SGD,VND/SGD,1000,Indicative board,board,SGD 50 – 200,std_50_200,forex_sgd,26 August 2026 05:20:51 PM,26 August 2026 05:20:51 PM,2026-08-26T13:31:56.258197+00:00,0.0498,,,,
standardized,uob,VND,SGD,VND/SGD,1000,Indicative board,board,SGD < 50,std_lt_50,forex_sgd,26 August 2026 05:20:51 PM,26 August 2026 05:20:51 PM,2026-08-26T13:31:56.258197+00:00,0.0498,,,,
standardized,uob,XAF,SGD,XAF/SGD,100,Indicative board,board,"SGD 200 – 39,999.99",std_200_40k,forex_sgd,26 August 2026 05:20:51 PM,26 August 2026 05:20:51 PM,2026-08-26T13:31:56.258197+00:00,0.232,,,,
standardized,uob,XAF,SGD,XAF/SGD,100,Indicative board,board,"SGD 40,000 – 100,000",std_40k_100k,forex_sgd,26 August 2026 05:20:51 PM,26 August 2026 05:20:51 PM,2026-08-26T13:31:56.258197+00:00,0.232,,,,
standardized,uob,XAF,SGD,XAF/SGD,100,Indicative board,board,SGD 50 – 200,std_50_200,forex_sgd,26 August 2026 05:20:51 PM,26 August 2026 05:20:51 PM,2026-08-26T13:31:56.258197+00:00,0.232,,,,
standardized,uob,XAF,SGD,XAF/SGD,100,Indicative board,board,SGD < 50,std_lt_50,forex_sgd,26 August 2026 05:20:51 PM,26 August 2026 05:20:51 PM,2026-08-26T13:31:56.258197+00:00,0.232,,,,
standardized,uob,XOF,SGD,XOF/SGD,100,Indicative board,board,"SGD 200 – 39,999.99",std_200_40k,forex_sgd,26 August 2026 05:20:51 PM,26 August 2026 05:20:51 PM,2026-08-26T13:31:56.258197+00:00,0.2335,,,,
standardized,uob,XOF,SGD,XOF/SGD,100,Indicative board,board,"SGD 40,000 – 100,000",std_40k_100k,forex_sgd,26 August 2026 05:20:51 PM,26 August 2026 05:20:51 PM,2026-08-26T13:31:56.258197+00:00,0.2335,,,,
standardized,uob,XOF,SGD,XOF/SGD,100,Indicative board,board,SGD 50 – 200,std_50_200,forex_sgd,26 August 2026 05:20:51 PM,26 August 2026 05:20:51 PM,2026-08-26T13:31:56.258197+00:00,0.2335,,,,
standardized,uob,XOF,SGD,XOF/SGD,100,Indicative board,board,SGD < 50,std_lt_50,forex_sgd,26 August 2026 05:20:51 PM,26 August 2026 05:20:51 PM,2026-08-26T13:31:56.258197+00:00,0.2335,,,,
standardized,uob,ZAR,SGD,ZAR/SGD,1,Indicative board,board,"SGD 200 – 39,999.99",std_200_40k,forex_sgd,26 August 2026 05:20:51 PM,26 August 2026 05:20:51 PM,2026-08-26T13:31:56.258197+00:00,0.0817,0.0777,0.0797,2.5094102885821856,2.5094102885821683
standardized,uob,ZAR,SGD,ZAR/SGD,1,Indicative board,board,"SGD 40,000 – 100,000",std_40k_100k,forex_sgd,26 August 2026 05:20:51 PM,26 August 2026 05:20:51 PM,2026-08-26T13:31:56.258197+00:00,0.0817,0.0777,0.0797,2.5094102885821856,2.5094102885821683
standardized,uob,ZAR,SGD,ZAR/SGD,1,Indicative board,board,SGD 50 – 200,std_50_200,forex_sgd,26 August 2026 05:20:51 PM,26 August 2026 05:20:51 PM,2026-08-26T13:31:56.258197+00:00,0.0817,0.0777,0.0797,2.5094102885821856,2.5094102885821683
standardized,uob,ZAR,SGD,ZAR/SGD,1,Indicative board,board,SGD < 50,std_lt_50,forex_sgd,26 August 2026 05:20:51 PM,26 August 2026 05:20:51 PM,2026-08-26T13:31:56.258197+00:00,0.0817,0.0777,0.0797,2.5094102885821856,2.5094102885821683
