record_type,bank,base_currency,quote_currency,currency_pair,unit,transaction_value,amount_tier,std_transaction_value,std_amount_tier,group,effective_date,last_updated,scraped_at,tt_od_sell,tt_buy,mid_rate,sell_margin_pct,buy_margin_pct
native,dbs,AED,SGD,AED/SGD,1,SGD 50 – 200,amtBtw50And200,,,mainCurrencies,2026-08-21 21:15:00,2026-08-21 13:15:13,2026-08-21T13:25:16.271626+00:00,0.348,0.3432,0.3456,0.6944444444444322,0.6944444444444482
native,dbs,AED,SGD,AED/SGD,1,SGD < 50,amtLessThan50,,,mainCurrencies,2026-08-21 21:15:00,2026-08-21 13:15:13,2026-08-21T13:25:16.271626+00:00,0.3508,0.3405,0.34565,1.4899464776507994,1.4899464776507994
native,dbs,AUD,SGD,AUD/SGD,1,SGD 50 – 200,amtBtw50And200,,,mainCurrencies,2026-08-21 21:15:00,2026-08-21 13:15:13,2026-08-21T13:25:16.271626+00:00,0.9199,0.8997,0.9098,1.1101340954055834,1.1101340954055834
native,dbs,AUD,SGD,AUD/SGD,1,SGD < 50,amtLessThan50,,,mainCurrencies,2026-08-21 21:15:00,2026-08-21 13:15:13,2026-08-21T13:25:16.271626+00:00,0.9203,0.8993,0.9097999999999999,1.154099802154327,1.1540998021543145
native,dbs,BDT,SGD,BDT/SGD,100,SGD 50 – 200,amtBtw50And200,,,otherCurrencies,2026-08-21 21:15:00,2026-08-21 13:15:13,2026-08-21T13:25:16.271626+00:00,1.0536,,,,
native,dbs,BDT,SGD,BDT/SGD,100,SGD < 50,amtLessThan50,,,otherCurrencies,2026-08-21 21:15:00,2026-08-21 13:15:13,2026-08-21T13:25:16.271626+00:00,1.0536,,,,
native,dbs,BHD,SGD,BHD/SGD,1,SGD 50 – 200,amtBtw50And200,,,otherCurrencies,2026-08-21 21:15:00,2026-08-21 13:15:13,2026-08-21T13:25:16.271626+00:00,3.4474,,,,
native,dbs,BHD,SGD,BHD/SGD,1,SGD < 50,amtLessThan50,,,otherCurrencies,2026-08-21 21:15:00,2026-08-21 13:15:13,2026-08-21T13:25:16.271626+00:00,3.4611,,,,
native,dbs,BND,SGD,BND/SGD,1,SGD 50 – 200,amtBtw50And200,,,otherCurrencies,2026-08-21 21:15:00,2026-08-21 13:15:13,2026-08-21T13:25:16.271626+00:00,1.0,1.0,1.0,0.0,0.0
native,dbs,BND,SGD,BND/SGD,1,SGD < 50,amtLessThan50,,,otherCurrencies,2026-08-21 21:15:00,2026-08-21 13:15:13,2026-08-21T13:25:16.271626+00:00,1.0,1.0,1.0,0.0,0.0
native,dbs,CAD,SGD,CAD/SGD,1,SGD 50 – 200,amtBtw50And200,,,mainCurrencies,2026-08-21 21:15:00,2026-08-21 13:15:13,2026-08-21T13:25:16.271626+00:00,0.9301,0.9161,0.9231,0.7583143754739471,0.7583143754739471
native,dbs,CAD,SGD,CAD/SGD,1,SGD < 50,amtLessThan50,,,mainCurrencies,2026-08-21 21:15:00,2026-08-21 13:15:13,2026-08-21T13:25:16.271626+00:00,0.9333,0.9129,0.9231,1.1049723756906062,1.1049723756906062
native,dbs,CHF,SGD,CHF/SGD,1,SGD 50 – 200,amtBtw50And200,,,mainCurrencies,2026-08-21 21:15:00,2026-08-21 13:15:13,2026-08-21T13:25:16.271626+00:00,1.601,1.5707,1.58585,0.955323643471955,0.955323643471955
native,dbs,CHF,SGD,CHF/SGD,1,SGD < 50,amtLessThan50,,,mainCurrencies,2026-08-21 21:15:00,2026-08-21 13:15:13,2026-08-21T13:25:16.271626+00:00,1.6017,1.5698,1.58575,1.0058332019549052,1.0058332019549052
native,dbs,CNH,SGD,CNH/SGD,1,SGD 50 – 200,amtBtw50And200,,,mainCurrencies,2026-08-21 21:15:00,2026-08-21 13:15:13,2026-08-21T13:25:16.271626+00:00,0.191,0.1866,0.1888,1.1652542372881396,1.1652542372881396
native,dbs,CNH,SGD,CNH/SGD,1,SGD < 50,amtLessThan50,,,mainCurrencies,2026-08-21 21:15:00,2026-08-21 13:15:13,2026-08-21T13:25:16.271626+00:00,0.1917,0.186,0.18885000000000002,1.509134233518661,1.5091342335186755
native,dbs,CNY,SGD,CNY/SGD,1,SGD 50 – 200,amtBtw50And200,,,otherCurrencies,2026-08-21 21:15:00,2026-08-21 13:15:13,2026-08-21T13:25:16.271626+00:00,0.1888,,,,
native,dbs,CNY,SGD,CNY/SGD,1,SGD < 50,amtLessThan50,,,otherCurrencies,2026-08-21 21:15:00,2026-08-21 13:15:13,2026-08-21T13:25:16.271626+00:00,0.1905,,,,
native,dbs,DKK,SGD,DKK/SGD,1,SGD 50 – 200,amtBtw50And200,,,mainCurrencies,2026-08-21 21:15:00,2026-08-21 13:15:13,2026-08-21T13:25:16.271626+00:00,0.2011,0.1956,0.19835,1.3864381144441658,1.3864381144441658
native,dbs,DKK,SGD,DKK/SGD,1,SGD < 50,amtLessThan50,,,mainCurrencies,2026-08-21 21:15:00,2026-08-21 13:15:13,2026-08-21T13:25:16.271626+00:00,0.2015,0.1953,0.19840000000000002,1.5624999999999956,1.5625000000000098
native,dbs,EUR,SGD,EUR/SGD,1,SGD 50 – 200,amtBtw50And200,,,mainCurrencies,2026-08-21 21:15:00,2026-08-21 13:15:13,2026-08-21T13:25:16.271626+00:00,1.4961,1.4708,1.48345,0.8527419191748998,0.8527419191748847
native,dbs,EUR,SGD,EUR/SGD,1,SGD < 50,amtLessThan50,,,mainCurrencies,2026-08-21 21:15:00,2026-08-21 13:15:13,2026-08-21T13:25:16.271626+00:00,1.4968,1.47,1.4834,0.9033301874072978,0.9033301874073129
native,dbs,GBP,SGD,GBP/SGD,1,SGD 50 – 200,amtBtw50And200,,,mainCurrencies,2026-08-21 21:15:00,2026-08-21 13:15:13,2026-08-21T13:25:16.271626+00:00,1.7436,1.7191,1.73135,0.7075403586796485,0.7075403586796357
native,dbs,GBP,SGD,GBP/SGD,1,SGD < 50,amtLessThan50,,,mainCurrencies,2026-08-21 21:15:00,2026-08-21 13:15:13,2026-08-21T13:25:16.271626+00:00,1.7453,1.7174,1.73135,0.8057296329453969,0.8057296329453841
native,dbs,HKD,SGD,HKD/SGD,1,SGD 50 – 200,amtBtw50And200,,,mainCurrencies,2026-08-21 21:15:00,2026-08-21 13:15:13,2026-08-21T13:25:16.271626+00:00,0.1635,0.1602,0.16185,1.0194624652456055,1.0194624652455884
native,dbs,HKD,SGD,HKD/SGD,1,SGD < 50,amtLessThan50,,,mainCurrencies,2026-08-21 21:15:00,2026-08-21 13:15:13,2026-08-21T13:25:16.271626+00:00,0.1636,0.16,0.1618,1.1124845488257085,1.1124845488257085
native,dbs,HUF,SGD,HUF/SGD,100,SGD 50 – 200,amtBtw50And200,,,otherCurrencies,2026-08-21 21:15:00,2026-08-21 13:15:13,2026-08-21T13:25:16.271626+00:00,0.414,,,,
native,dbs,HUF,SGD,HUF/SGD,100,SGD < 50,amtLessThan50,,,otherCurrencies,2026-08-21 21:15:00,2026-08-21 13:15:13,2026-08-21T13:25:16.271626+00:00,0.4157,,,,
native,dbs,ID0,SGD,ID0/SGD,100,SGD 50 – 200,amtBtw50And200,,,otherCurrencies,2026-08-21 21:15:00,2026-08-21 13:15:13,2026-08-21T13:25:16.271626+00:00,,,,,
native,dbs,ID0,SGD,ID0/SGD,100,SGD < 50,amtLessThan50,,,otherCurrencies,2026-08-21 21:15:00,2026-08-21 13:15:13,2026-08-21T13:25:16.271626+00:00,,0.0071,,,
native,dbs,IDR,SGD,IDR/SGD,100,SGD 50 – 200,amtBtw50And200,,,mainCurrencies,2026-08-21 21:15:00,2026-08-21 13:15:13,2026-08-21T13:25:16.271626+00:00,0.0073,,,,
native,dbs,IDR,SGD,IDR/SGD,100,SGD < 50,amtLessThan50,,,mainCurrencies,2026-08-21 21:15:00,2026-08-21 13:15:13,2026-08-21T13:25:16.271626+00:00,0.0073,,,,
native,dbs,IN0,SGD,IN0/SGD,100,SGD 50 – 200,amtBtw50And200,,,otherCurrencies,2026-08-21 21:15:00,2026-08-21 13:15:13,2026-08-21T13:25:16.271626+00:00,,1.3233,,,
native,dbs,IN0,SGD,IN0/SGD,100,SGD < 50,amtLessThan50,,,otherCurrencies,2026-08-21 21:15:00,2026-08-21 13:15:13,2026-08-21T13:25:16.271626+00:00,,1.3234,,,
native,dbs,INR,SGD,INR/SGD,100,SGD 50 – 200,amtBtw50And200,,,otherCurrencies,2026-08-21 21:15:00,2026-08-21 13:15:13,2026-08-21T13:25:16.271626+00:00,1.3396,,,,
native,dbs,INR,SGD,INR/SGD,100,SGD < 50,amtLessThan50,,,otherCurrencies,2026-08-21 21:15:00,2026-08-21 13:15:13,2026-08-21T13:25:16.271626+00:00,1.3502,,,,
native,dbs,JPY,SGD,JPY/SGD,100,SGD 50 – 200,amtBtw50And200,,,mainCurrencies,2026-08-21 21:15:00,2026-08-21 13:15:13,2026-08-21T13:25:16.271626+00:00,0.8073,0.7912,0.79925,1.0071942446043167,1.0071942446043167
native,dbs,JPY,SGD,JPY/SGD,100,SGD < 50,amtLessThan50,,,mainCurrencies,2026-08-21 21:15:00,2026-08-21 13:15:13,2026-08-21T13:25:16.271626+00:00,0.8081,0.7904,0.79925,1.1072880825774194,1.1072880825774194
native,dbs,KRW,SGD,KRW/SGD,100,SGD 50 – 200,amtBtw50And200,,,otherCurrencies,2026-08-21 21:15:00,2026-08-21 13:15:13,2026-08-21T13:25:16.271626+00:00,0.0928,,,,
native,dbs,KRW,SGD,KRW/SGD,100,SGD < 50,amtLessThan50,,,otherCurrencies,2026-08-21 21:15:00,2026-08-21 13:15:13,2026-08-21T13:25:16.271626+00:00,0.0928,,,,
native,dbs,KWD,SGD,KWD/SGD,100,SGD 50 – 200,amtBtw50And200,,,otherCurrencies,2026-08-21 21:15:00,2026-08-21 13:15:13,2026-08-21T13:25:16.271626+00:00,421.7767,,,,
native,dbs,KWD,SGD,KWD/SGD,100,SGD < 50,amtLessThan50,,,otherCurrencies,2026-08-21 21:15:00,2026-08-21 13:15:13,2026-08-21T13:25:16.271626+00:00,423.4533,,,,
native,dbs,LKR,SGD,LKR/SGD,100,SGD 50 – 200,amtBtw50And200,,,otherCurrencies,2026-08-21 21:15:00,2026-08-21 13:15:13,2026-08-21T13:25:16.271626+00:00,0.3928,,,,
native,dbs,LKR,SGD,LKR/SGD,100,SGD < 50,amtLessThan50,,,otherCurrencies,2026-08-21 21:15:00,2026-08-21 13:15:13,2026-08-21T13:25:16.271626+00:00,0.3928,,,,
native,dbs,MM1,SGD,MM1/SGD,100,SGD 50 – 200,amtBtw50And200,,,otherCurrencies,2026-08-21 21:15:00,2026-08-21 13:15:13,2026-08-21T13:25:16.271626+00:00,,,,,
native,dbs,MM1,SGD,MM1/SGD,100,SGD < 50,amtLessThan50,,,otherCurrencies,2026-08-21 21:15:00,2026-08-21 13:15:13,2026-08-21T13:25:16.271626+00:00,,,,,
native,dbs,MMK,SGD,MMK/SGD,100,SGD 50 – 200,amtBtw50And200,,,otherCurrencies,2026-08-21 21:15:00,2026-08-21 13:15:13,2026-08-21T13:25:16.271626+00:00,0.0324,,,,
native,dbs,MMK,SGD,MMK/SGD,100,SGD < 50,amtLessThan50,,,otherCurrencies,2026-08-21 21:15:00,2026-08-21 13:15:13,2026-08-21T13:25:16.271626+00:00,0.0324,,,,
native,dbs,MUR,SGD,MUR/SGD,100,SGD 50 – 200,amtBtw50And200,,,otherCurrencies,2026-08-21 21:15:00,2026-08-21 13:15:13,2026-08-21T13:25:16.271626+00:00,2.7267,,,,
native,dbs,MUR,SGD,MUR/SGD,100,SGD < 50,amtLessThan50,,,otherCurrencies,2026-08-21 21:15:00,2026-08-21 13:15:13,2026-08-21T13:25:16.271626+00:00,2.7375,,,,
native,dbs,MXN,SGD,MXN/SGD,100,SGD 50 – 200,amtBtw50And200,,,mainCurrencies,2026-08-21 21:15:00,2026-08-21 13:15:13,2026-08-21T13:25:16.271626+00:00,7.6168,,,,
native,dbs,MXN,SGD,MXN/SGD,100,SGD < 50,amtLessThan50,,,mainCurrencies,2026-08-21 21:15:00,2026-08-21 13:15:13,2026-08-21T13:25:16.271626+00:00,7.6169,,,,
native,dbs,MY0,SGD,MY0/SGD,1,SGD 50 – 200,amtBtw50And200,,,otherCurrencies,2026-08-21 21:15:00,2026-08-21 13:15:13,2026-08-21T13:25:16.271626+00:00,,0.3137,,,
native,dbs,MY0,SGD,MY0/SGD,1,SGD < 50,amtLessThan50,,,otherCurrencies,2026-08-21 21:15:00,2026-08-21 13:15:13,2026-08-21T13:25:16.271626+00:00,,0.3137,,,
native,dbs,MYR,SGD,MYR/SGD,1,SGD 50 – 200,amtBtw50And200,,,otherCurrencies,2026-08-21 21:15:00,2026-08-21 13:15:13,2026-08-21T13:25:16.271626+00:00,0.3177,,,,
native,dbs,MYR,SGD,MYR/SGD,1,SGD < 50,amtLessThan50,,,otherCurrencies,2026-08-21 21:15:00,2026-08-21 13:15:13,2026-08-21T13:25:16.271626+00:00,0.3177,,,,
native,dbs,NOK,SGD,NOK/SGD,1,SGD 50 – 200,amtBtw50And200,,,mainCurrencies,2026-08-21 21:15:00,2026-08-21 13:15:13,2026-08-21T13:25:16.271626+00:00,0.1386,0.1347,0.13665,1.427003293084528,1.427003293084528
native,dbs,NOK,SGD,NOK/SGD,1,SGD < 50,amtLessThan50,,,mainCurrencies,2026-08-21 21:15:00,2026-08-21 13:15:13,2026-08-21T13:25:16.271626+00:00,0.139,0.1344,0.1367,1.6825164594001643,1.6825164594001438
native,dbs,NZD,SGD,NZD/SGD,1,SGD 50 – 200,amtBtw50And200,,,mainCurrencies,2026-08-21 21:15:00,2026-08-21 13:15:13,2026-08-21T13:25:16.271626+00:00,0.7679,0.7503,0.7591,1.1592675536819959,1.1592675536819959
native,dbs,NZD,SGD,NZD/SGD,1,SGD < 50,amtLessThan50,,,mainCurrencies,2026-08-21 21:15:00,2026-08-21 13:15:13,2026-08-21T13:25:16.271626+00:00,0.7687,0.7495,0.7591000000000001,1.2646555131076198,1.2646555131076342
native,dbs,OMR,SGD,OMR/SGD,1,SGD 50 – 200,amtBtw50And200,,,otherCurrencies,2026-08-21 21:15:00,2026-08-21 13:15:13,2026-08-21T13:25:16.271626+00:00,3.3194,,,,
native,dbs,OMR,SGD,OMR/SGD,1,SGD < 50,amtLessThan50,,,otherCurrencies,2026-08-21 21:15:00,2026-08-21 13:15:13,2026-08-21T13:25:16.271626+00:00,3.3195,,,,
native,dbs,PH0,SGD,PH0/SGD,100,SGD 50 – 200,amtBtw50And200,,,otherCurrencies,2026-08-21 21:15:00,2026-08-21 13:15:13,2026-08-21T13:25:16.271626+00:00,,2.0502,,,
native,dbs,PH0,SGD,PH0/SGD,100,SGD < 50,amtLessThan50,,,otherCurrencies,2026-08-21 21:15:00,2026-08-21 13:15:13,2026-08-21T13:25:16.271626+00:00,,2.0503,,,
native,dbs,PHP,SGD,PHP/SGD,100,SGD 50 – 200,amtBtw50And200,,,otherCurrencies,2026-08-21 21:15:00,2026-08-21 13:15:13,2026-08-21T13:25:16.271626+00:00,2.0835,,,,
native,dbs,PHP,SGD,PHP/SGD,100,SGD < 50,amtLessThan50,,,otherCurrencies,2026-08-21 21:15:00,2026-08-21 13:15:13,2026-08-21T13:25:16.271626+00:00,2.0993,,,,
native,dbs,PLN,SGD,PLN/SGD,1,SGD 50 – 200,amtBtw50And200,,,otherCurrencies,2026-08-21 21:15:00,2026-08-21 13:15:13,2026-08-21T13:25:16.271626+00:00,0.3498,,,,
native,dbs,PLN,SGD,PLN/SGD,1,SGD < 50,amtLessThan50,,,otherCurrencies,2026-08-21 21:15:00,2026-08-21 13:15:13,2026-08-21T13:25:16.271626+00:00,0.3512,,,,
native,dbs,QAR,SGD,QAR/SGD,1,SGD 50 – 200,amtBtw50And200,,,otherCurrencies,2026-08-21 21:15:00,2026-08-21 13:15:13,2026-08-21T13:25:16.271626+00:00,0.356,,,,
native,dbs,QAR,SGD,QAR/SGD,1,SGD < 50,amtLessThan50,,,otherCurrencies,2026-08-21 21:15:00,2026-08-21 13:15:13,2026-08-21T13:25:16.271626+00:00,0.3574,,,,
native,dbs,RUB,SGD,RUB/SGD,100,SGD 50 – 200,amtBtw50And200,,,mainCurrencies,2026-08-21 21:15:00,2026-08-21 13:15:13,2026-08-21T13:25:16.271626+00:00,,,,,
native,dbs,RUB,SGD,RUB/SGD,100,SGD < 50,amtLessThan50,,,mainCurrencies,2026-08-21 21:15:00,2026-08-21 13:15:13,2026-08-21T13:25:16.271626+00:00,,,,,
native,dbs,SAR,SGD,SAR/SGD,100,SGD 50 – 200,amtBtw50And200,,,otherCurrencies,2026-08-21 21:15:00,2026-08-21 13:15:13,2026-08-21T13:25:16.271626+00:00,34.232,,,,
native,dbs,SAR,SGD,SAR/SGD,100,SGD < 50,amtLessThan50,,,otherCurrencies,2026-08-21 21:15:00,2026-08-21 13:15:13,2026-08-21T13:25:16.271626+00:00,34.2331,,,,
native,dbs,SEK,SGD,SEK/SGD,1,SGD 50 – 200,amtBtw50And200,,,mainCurrencies,2026-08-21 21:15:00,2026-08-21 13:15:13,2026-08-21T13:25:16.271626+00:00,0.136,0.1323,0.13415,1.379053298546417,1.3790532985463964
native,dbs,SEK,SGD,SEK/SGD,1,SGD < 50,amtLessThan50,,,mainCurrencies,2026-08-21 21:15:00,2026-08-21 13:15:13,2026-08-21T13:25:16.271626+00:00,0.1365,0.1318,0.13415,1.7517704062616615,1.7517704062616408
native,dbs,THB,SGD,THB/SGD,100,SGD 50 – 200,amtBtw50And200,,,mainCurrencies,2026-08-21 21:15:00,2026-08-21 13:15:13,2026-08-21T13:25:16.271626+00:00,3.9491,3.8305,3.8898,1.524499974291735,1.5244999742917464
native,dbs,THB,SGD,THB/SGD,100,SGD < 50,amtLessThan50,,,mainCurrencies,2026-08-21 21:15:00,2026-08-21 13:15:13,2026-08-21T13:25:16.271626+00:00,3.9529,3.8258,3.8893500000000003,1.6339491174617808,1.6339491174617922
native,dbs,TND,SGD,TND/SGD,1,SGD 50 – 200,amtBtw50And200,,,otherCurrencies,2026-08-21 21:15:00,2026-08-21 13:15:13,2026-08-21T13:25:16.271626+00:00,0.4448,,,,
native,dbs,TND,SGD,TND/SGD,1,SGD < 50,amtLessThan50,,,otherCurrencies,2026-08-21 21:15:00,2026-08-21 13:15:13,2026-08-21T13:25:16.271626+00:00,0.4448,,,,
native,dbs,TWD,SGD,TWD/SGD,100,SGD 50 – 200,amtBtw50And200,,,otherCurrencies,2026-08-21 21:15:00,2026-08-21 13:15:13,2026-08-21T13:25:16.271626+00:00,4.0337,,,,
native,dbs,TWD,SGD,TWD/SGD,100,SGD < 50,amtLessThan50,,,otherCurrencies,2026-08-21 21:15:00,2026-08-21 13:15:13,2026-08-21T13:25:16.271626+00:00,4.0378,,,,
native,dbs,USD,SGD,USD/SGD,1,SGD 50 – 200,amtBtw50And200,,,mainCurrencies,2026-08-21 21:15:00,2026-08-21 13:15:13,2026-08-21T13:25:16.271626+00:00,1.2787,1.2601,1.2694,0.732629588782091,0.7326295887821085
native,dbs,USD,SGD,USD/SGD,1,SGD < 50,amtLessThan50,,,mainCurrencies,2026-08-21 21:15:00,2026-08-21 13:15:13,2026-08-21T13:25:16.271626+00:00,1.2797,1.2592,1.26945,0.8074362913072665,0.8074362913072489
native,dbs,VND,SGD,VND/SGD,100,SGD 50 – 200,amtBtw50And200,,,otherCurrencies,2026-08-21 21:15:00,2026-08-21 13:15:13,2026-08-21T13:25:16.271626+00:00,0.005,,,,
native,dbs,VND,SGD,VND/SGD,100,SGD < 50,amtLessThan50,,,otherCurrencies,2026-08-21 21:15:00,2026-08-21 13:15:13,2026-08-21T13:25:16.271626+00:00,0.005,,,,
native,dbs,XAU,SGD,XAU/SGD,1,SGD 50 – 200,amtBtw50And200,,,otherCurrencies,2026-08-21 21:15:00,2026-08-21 13:15:13,2026-08-21T13:25:16.271626+00:00,5854.743,5783.732,5819.2375,0.6101400741935727,0.6101400741935727
native,dbs,XAU,SGD,XAU/SGD,1,SGD < 50,amtLessThan50,,,otherCurrencies,2026-08-21 21:15:00,2026-08-21 13:15:13,2026-08-21T13:25:16.271626+00:00,5854.408,5783.525,5818.9665,0.6090686378758136,0.6090686378758292
native,dbs,ZAR,SGD,ZAR/SGD,1,SGD 50 – 200,amtBtw50And200,,,otherCurrencies,2026-08-21 21:15:00,2026-08-21 13:15:13,2026-08-21T13:25:16.271626+00:00,0.0803,0.0783,0.0793,1.261034047919295,1.261034047919295
native,dbs,ZAR,SGD,ZAR/SGD,1,SGD < 50,amtLessThan50,,,otherCurrencies,2026-08-21 21:15:00,2026-08-21 13:15:13,2026-08-21T13:25:16.271626+00:00,0.0806,0.078,0.07930000000000001,1.6393442622950762,1.6393442622950938
native,hsbc,AED,SGD,AED/SGD,100,Indicative board,board,,,indicative_fx,2026-8-21,2026-8-21,2026-08-21T13:25:20.293287+00:00,35.74,33.49,34.615,3.25003611151235,3.25003611151235
native,hsbc,AUD,SGD,AUD/SGD,1,Indicative board,board,,,indicative_fx,2026-8-21,2026-8-21,2026-08-21T13:25:20.293287+00:00,0.9327,0.8782,0.90545,3.009553260809542,3.009553260809542
native,hsbc,CAD,SGD,CAD/SGD,1,Indicative board,board,,,indicative_fx,2026-8-21,2026-8-21,2026-08-21T13:25:20.293287+00:00,0.9505,0.8949,0.9227000000000001,3.0128969329142663,3.0128969329142783
native,hsbc,CHF,SGD,CHF/SGD,100,Indicative board,board,,,indicative_fx,2026-8-21,2026-8-21,2026-08-21T13:25:20.293287+00:00,163.72,154.14,158.93,3.013905492984328,3.0139054929843456
native,hsbc,CNY,SGD,CNY/SGD,100,Indicative board,board,,,indicative_fx,2026-8-21,2026-8-21,2026-08-21T13:25:20.293287+00:00,19.52,18.29,18.905,3.2531076434805524,3.253107643480571
native,hsbc,DKK,SGD,DKK/SGD,100,Indicative board,board,,,indicative_fx,2026-8-21,2026-8-21,2026-08-21T13:25:20.293287+00:00,20.47,19.28,19.875,2.993710691823894,2.993710691823894
native,hsbc,EUR,SGD,EUR/SGD,1,Indicative board,board,,,indicative_fx,2026-8-21,2026-8-21,2026-08-21T13:25:20.293287+00:00,1.5304,1.4411,1.48575,3.0052162207639297,3.0052162207639146
native,hsbc,FJD,SGD,FJD/SGD,1,Indicative board,board,,,indicative_fx,2026-8-21,2026-8-21,2026-08-21T13:25:20.293287+00:00,0.6044,,,,
native,hsbc,GBP,SGD,GBP/SGD,1,Indicative board,board,,,indicative_fx,2026-8-21,2026-8-21,2026-08-21T13:25:20.293287+00:00,1.7864,1.682,1.7342,3.010033444816055,3.010033444816055
native,hsbc,HKD,SGD,HKD/SGD,100,Indicative board,board,,,indicative_fx,2026-8-21,2026-8-21,2026-08-21T13:25:20.293287+00:00,16.41,16.0,16.205,1.2650416538105638,1.2650416538105418
native,hsbc,IDR,SGD,IDR/SGD,100,Indicative board,board,,,indicative_fx,2026-8-21,2026-8-21,2026-08-21T13:25:20.293287+00:00,0.0074,,,,
native,hsbc,INR,SGD,INR/SGD,100,Indicative board,board,,,indicative_fx,2026-8-21,2026-8-21,2026-08-21T13:25:20.293287+00:00,1.37,,,,
native,hsbc,JPY,SGD,JPY/SGD,100,Indicative board,board,,,indicative_fx,2026-8-21,2026-8-21,2026-08-21T13:25:20.293287+00:00,0.8235,0.7754,0.79945,3.00831821877541,3.00831821877541
native,hsbc,LKR,SGD,LKR/SGD,100,Indicative board,board,,,indicative_fx,2026-8-21,2026-8-21,2026-08-21T13:25:20.293287+00:00,0.4,,,,
native,hsbc,MUR,SGD,MUR/SGD,100,Indicative board,board,,,indicative_fx,2026-8-21,2026-8-21,2026-08-21T13:25:20.293287+00:00,2.82,2.63,2.7249999999999996,3.4862385321100997,3.486238532110083
native,hsbc,NOK,SGD,NOK/SGD,100,Indicative board,board,,,indicative_fx,2026-8-21,2026-8-21,2026-08-21T13:25:20.293287+00:00,14.02,13.19,13.605,3.0503491363469246,3.050349136346938
native,hsbc,NZD,SGD,NZD/SGD,1,Indicative board,board,,,indicative_fx,2026-8-21,2026-8-21,2026-08-21T13:25:20.293287+00:00,0.78,0.7344,0.7572000000000001,3.0110935023771694,3.0110935023771845
native,hsbc,PHP,SGD,PHP/SGD,100,Indicative board,board,,,indicative_fx,2026-8-21,2026-8-21,2026-08-21T13:25:20.293287+00:00,2.13,,,,
native,hsbc,PKR,SGD,PKR/SGD,100,Indicative board,board,,,indicative_fx,2026-8-21,2026-8-21,2026-08-21T13:25:20.293287+00:00,0.47,,,,
native,hsbc,QAR,SGD,QAR/SGD,100,Indicative board,board,,,indicative_fx,2026-8-21,2026-8-21,2026-08-21T13:25:20.293287+00:00,35.34,34.41,34.875,1.333333333333343,1.333333333333343
native,hsbc,RUB,SGD,RUB/SGD,100,Indicative board,board,,,indicative_fx,2026-8-21,2026-8-21,2026-08-21T13:25:20.293287+00:00,16.04,14.67,15.355,4.461087593617705,4.461087593617717
native,hsbc,SAR,SGD,SAR/SGD,100,Indicative board,board,,,indicative_fx,2026-8-21,2026-8-21,2026-08-21T13:25:20.293287+00:00,34.28,33.43,33.855000000000004,1.2553537143700992,1.25535371437012
native,hsbc,SEK,SGD,SEK/SGD,100,Indicative board,board,,,indicative_fx,2026-8-21,2026-8-21,2026-08-21T13:25:20.293287+00:00,13.82,13.01,13.415,3.019008572493486,3.019008572493473
native,hsbc,THB,SGD,THB/SGD,100,Indicative board,board,,,indicative_fx,2026-8-21,2026-8-21,2026-08-21T13:25:20.293287+00:00,4.0,,,,
native,hsbc,TRY,SGD,TRY/SGD,1,Indicative board,board,,,indicative_fx,2026-8-21,2026-8-21,2026-08-21T13:25:20.293287+00:00,0.0273,,,,
native,hsbc,USD,SGD,USD/SGD,1,Indicative board,board,,,indicative_fx,2026-8-21,2026-8-21,2026-08-21T13:25:20.293287+00:00,1.2967,1.2458,1.27125,2.0019665683382475,2.0019665683382475
native,hsbc,ZAR,SGD,ZAR/SGD,1,Indicative board,board,,,indicative_fx,2026-8-21,2026-8-21,2026-08-21T13:25:20.293287+00:00,0.0815,0.0763,0.0789,3.2953105196451267,3.2953105196451093
native,ocbc,AED,SGD,AED/SGD,100,"SGD 0 – 39,999.99",tier_1,,,fxRatesSgd,2026-08-21T07:00:15,2026-08-21T07:00:15,2026-08-21T13:25:17.646349+00:00,35.4357,33.4303,34.433,2.9120320622658418,2.9120320622658418
native,ocbc,AED,SGD,AED/SGD,100,"SGD 40,000 – 100,000",tier_2,,,fxRatesSgd,2026-08-21T07:00:15,2026-08-21T07:00:15,2026-08-21T13:25:17.646349+00:00,35.4252,33.4474,34.433,2.8815380594197335,2.8623704004878983
native,ocbc,AUD,SGD,AUD/SGD,1,"SGD 0 – 39,999.99",tier_1,,,fxRatesSgd,2026-08-21T07:00:15,2026-08-21T07:00:15,2026-08-21T13:25:17.646349+00:00,0.9249,0.8956,0.9103,1.6038668570800898,1.614852246512144
native,ocbc,AUD,SGD,AUD/SGD,1,"SGD 40,000 – 100,000",tier_2,,,fxRatesSgd,2026-08-21T07:00:15,2026-08-21T07:00:15,2026-08-21T13:25:17.646349+00:00,0.923,0.8974,0.9103,1.3951444578710364,1.4171152367351447
native,ocbc,BGN,SGD,BGN/SGD,100,"SGD 0 – 39,999.99",tier_1,,,fxRatesSgd,2026-08-21T07:00:15,2026-08-21T07:00:15,2026-08-21T13:25:17.646349+00:00,0.0,0.0,0.0,,
native,ocbc,BGN,SGD,BGN/SGD,100,"SGD 40,000 – 100,000",tier_2,,,fxRatesSgd,2026-08-21T07:00:15,2026-08-21T07:00:15,2026-08-21T13:25:17.646349+00:00,0.0,0.0,0.0,,
native,ocbc,BHD,SGD,BHD/SGD,1,"SGD 0 – 39,999.99",tier_1,,,fxRatesSgd,2026-08-21T07:00:15,2026-08-21T07:00:15,2026-08-21T13:25:17.646349+00:00,0.0,0.0,0.0,,
native,ocbc,BHD,SGD,BHD/SGD,1,"SGD 40,000 – 100,000",tier_2,,,fxRatesSgd,2026-08-21T07:00:15,2026-08-21T07:00:15,2026-08-21T13:25:17.646349+00:00,0.0,0.0,0.0,,
native,ocbc,CAD,SGD,CAD/SGD,1,"SGD 0 – 39,999.99",tier_1,,,fxRatesSgd,2026-08-21T07:00:15,2026-08-21T07:00:15,2026-08-21T13:25:17.646349+00:00,0.94,0.9066,0.9233,1.8087295570237125,1.8087295570237245
native,ocbc,CAD,SGD,CAD/SGD,1,"SGD 40,000 – 100,000",tier_2,,,fxRatesSgd,2026-08-21T07:00:15,2026-08-21T07:00:15,2026-08-21T13:25:17.646349+00:00,0.9381,0.9085,0.9233,1.6029459547276113,1.6029459547276113
native,ocbc,CHF,SGD,CHF/SGD,100,"SGD 0 – 39,999.99",tier_1,,,fxRatesSgd,2026-08-21T07:00:15,2026-08-21T07:00:15,2026-08-21T13:25:17.646349+00:00,161.6662,155.9154,158.7908,1.810810198071937,1.8108101980719191
native,ocbc,CHF,SGD,CHF/SGD,100,"SGD 40,000 – 100,000",tier_2,,,fxRatesSgd,2026-08-21T07:00:15,2026-08-21T07:00:15,2026-08-21T13:25:17.646349+00:00,161.3486,156.233,158.7908,1.6107986104988543,1.6107986104988363
native,ocbc,CNH,SGD,CNH/SGD,100,"SGD 0 – 39,999.99",tier_1,,,fxRatesSgd,2026-08-21T07:00:15,2026-08-21T07:00:15,2026-08-21T13:25:17.646349+00:00,19.2114,18.6525,18.932,1.4758081555039222,1.4763363617156073
native,ocbc,CNH,SGD,CNH/SGD,100,"SGD 40,000 – 100,000",tier_2,,,fxRatesSgd,2026-08-21T07:00:15,2026-08-21T07:00:15,2026-08-21T13:25:17.646349+00:00,19.2019,18.6714,18.932,1.425628565391928,1.3765053877033604
native,ocbc,CZK,SGD,CZK/SGD,100,"SGD 0 – 39,999.99",tier_1,,,fxRatesSgd,2026-08-21T07:00:15,2026-08-21T07:00:15,2026-08-21T13:25:17.646349+00:00,0.0,0.0,0.0,,
native,ocbc,CZK,SGD,CZK/SGD,100,"SGD 40,000 – 100,000",tier_2,,,fxRatesSgd,2026-08-21T07:00:15,2026-08-21T07:00:15,2026-08-21T13:25:17.646349+00:00,0.0,0.0,0.0,,
native,ocbc,DKK,SGD,DKK/SGD,100,"SGD 0 – 39,999.99",tier_1,,,fxRatesSgd,2026-08-21T07:00:15,2026-08-21T07:00:15,2026-08-21T13:25:17.646349+00:00,20.2193,19.5018,19.8606,1.8060884364017142,1.8065919458626738
native,ocbc,DKK,SGD,DKK/SGD,100,"SGD 40,000 – 100,000",tier_2,,,fxRatesSgd,2026-08-21T07:00:15,2026-08-21T07:00:15,2026-08-21T13:25:17.646349+00:00,20.1796,19.5415,19.8606,1.606195180407435,1.6066986898683946
native,ocbc,EUR,SGD,EUR/SGD,1,"SGD 0 – 39,999.99",tier_1,,,fxRatesSgd,2026-08-21T07:00:15,2026-08-21T07:00:15,2026-08-21T13:25:17.646349+00:00,1.5015,1.4646,1.4831,1.2406445957791092,1.2473872294518362
native,ocbc,EUR,SGD,EUR/SGD,1,"SGD 40,000 – 100,000",tier_2,,,fxRatesSgd,2026-08-21T07:00:15,2026-08-21T07:00:15,2026-08-21T13:25:17.646349+00:00,1.4997,1.4665,1.4831,1.1192771896702818,1.1192771896702967
native,ocbc,GBP,SGD,GBP/SGD,1,"SGD 0 – 39,999.99",tier_1,,,fxRatesSgd,2026-08-21T07:00:15,2026-08-21T07:00:15,2026-08-21T13:25:17.646349+00:00,1.7544,1.7079,1.7312,1.3401109057301228,1.3458872458410407
native,ocbc,GBP,SGD,GBP/SGD,1,"SGD 40,000 – 100,000",tier_2,,,fxRatesSgd,2026-08-21T07:00:15,2026-08-21T07:00:15,2026-08-21T13:25:17.646349+00:00,1.7527,1.71,1.7312,1.2419131238447234,1.2245841035120208
native,ocbc,HKD,SGD,HKD/SGD,100,"SGD 0 – 39,999.99",tier_1,,,fxRatesSgd,2026-08-21T07:00:15,2026-08-21T07:00:15,2026-08-21T13:25:17.646349+00:00,16.3916,15.9952,16.1934,1.223955438635493,1.223955438635493
native,ocbc,HKD,SGD,HKD/SGD,100,"SGD 40,000 – 100,000",tier_2,,,fxRatesSgd,2026-08-21T07:00:15,2026-08-21T07:00:15,2026-08-21T13:25:17.646349+00:00,16.3625,16.0049,16.1934,1.0442525967369438,1.1640544913359838
native,ocbc,HUF,SGD,HUF/SGD,100,"SGD 0 – 39,999.99",tier_1,,,fxRatesSgd,2026-08-21T07:00:15,2026-08-21T07:00:15,2026-08-21T13:25:17.646349+00:00,0.0,0.0,0.0,,
native,ocbc,HUF,SGD,HUF/SGD,100,"SGD 40,000 – 100,000",tier_2,,,fxRatesSgd,2026-08-21T07:00:15,2026-08-21T07:00:15,2026-08-21T13:25:17.646349+00:00,0.0,0.0,0.0,,
native,ocbc,IDR,SGD,IDR/SGD,100,"SGD 0 – 39,999.99",tier_1,,,fxRatesSgd,2026-08-21T07:00:15,2026-08-21T07:00:15,2026-08-21T13:25:17.646349+00:00,0.0074,0.0,0.0074,0.0,100.0
native,ocbc,IDR,SGD,IDR/SGD,100,"SGD 40,000 – 100,000",tier_2,,,fxRatesSgd,2026-08-21T07:00:15,2026-08-21T07:00:15,2026-08-21T13:25:17.646349+00:00,0.0074,0.0,0.0074,0.0,100.0
native,ocbc,ILS,SGD,ILS/SGD,100,"SGD 0 – 39,999.99",tier_1,,,fxRatesSgd,2026-08-21T07:00:15,2026-08-21T07:00:15,2026-08-21T13:25:17.646349+00:00,0.0,0.0,0.0,,
native,ocbc,ILS,SGD,ILS/SGD,100,"SGD 40,000 – 100,000",tier_2,,,fxRatesSgd,2026-08-21T07:00:15,2026-08-21T07:00:15,2026-08-21T13:25:17.646349+00:00,0.0,0.0,0.0,,
native,ocbc,INR,SGD,INR/SGD,100,"SGD 0 – 39,999.99",tier_1,,,fxRatesSgd,2026-08-21T07:00:15,2026-08-21T07:00:15,2026-08-21T13:25:17.646349+00:00,1.3663,0.0,1.3663,0.0,100.0
native,ocbc,INR,SGD,INR/SGD,100,"SGD 40,000 – 100,000",tier_2,,,fxRatesSgd,2026-08-21T07:00:15,2026-08-21T07:00:15,2026-08-21T13:25:17.646349+00:00,1.3637,0.0,1.3663,-0.19029495718364617,100.0
native,ocbc,JOD,SGD,JOD/SGD,1,"SGD 0 – 39,999.99",tier_1,,,fxRatesSgd,2026-08-21T07:00:15,2026-08-21T07:00:15,2026-08-21T13:25:17.646349+00:00,0.0,0.0,0.0,,
native,ocbc,JOD,SGD,JOD/SGD,1,"SGD 40,000 – 100,000",tier_2,,,fxRatesSgd,2026-08-21T07:00:15,2026-08-21T07:00:15,2026-08-21T13:25:17.646349+00:00,0.0,0.0,0.0,,
native,ocbc,JPY,SGD,JPY/SGD,100,"SGD 0 – 39,999.99",tier_1,,,fxRatesSgd,2026-08-21T07:00:15,2026-08-21T07:00:15,2026-08-21T13:25:17.646349+00:00,0.8092,0.79,0.7996,1.2006003001500816,1.2006003001500678
native,ocbc,JPY,SGD,JPY/SGD,100,"SGD 40,000 – 100,000",tier_2,,,fxRatesSgd,2026-08-21T07:00:15,2026-08-21T07:00:15,2026-08-21T13:25:17.646349+00:00,0.8077,0.7913,0.7996,1.0130065032516253,1.0380190095047492
native,ocbc,KRW,SGD,KRW/SGD,100,"SGD 0 – 39,999.99",tier_1,,,fxRatesSgd,2026-08-21T07:00:15,2026-08-21T07:00:15,2026-08-21T13:25:17.646349+00:00,0.0,0.0,0.0,,
native,ocbc,KRW,SGD,KRW/SGD,100,"SGD 40,000 – 100,000",tier_2,,,fxRatesSgd,2026-08-21T07:00:15,2026-08-21T07:00:15,2026-08-21T13:25:17.646349+00:00,0.0,0.0,0.0,,
native,ocbc,LKR,SGD,LKR/SGD,100,"SGD 0 – 39,999.99",tier_1,,,fxRatesSgd,2026-08-21T07:00:15,2026-08-21T07:00:15,2026-08-21T13:25:17.646349+00:00,0.3962,0.0,0.3962,0.0,100.0
native,ocbc,LKR,SGD,LKR/SGD,100,"SGD 40,000 – 100,000",tier_2,,,fxRatesSgd,2026-08-21T07:00:15,2026-08-21T07:00:15,2026-08-21T13:25:17.646349+00:00,0.3954,0.0,0.3962,-0.2019182231196423,100.0
native,ocbc,MAD,SGD,MAD/SGD,100,"SGD 0 – 39,999.99",tier_1,,,fxRatesSgd,2026-08-21T07:00:15,2026-08-21T07:00:15,2026-08-21T13:25:17.646349+00:00,0.0,0.0,0.0,,
native,ocbc,MAD,SGD,MAD/SGD,100,"SGD 40,000 – 100,000",tier_2,,,fxRatesSgd,2026-08-21T07:00:15,2026-08-21T07:00:15,2026-08-21T13:25:17.646349+00:00,0.0,0.0,0.0,,
native,ocbc,MXN,SGD,MXN/SGD,100,"SGD 0 – 39,999.99",tier_1,,,fxRatesSgd,2026-08-21T07:00:15,2026-08-21T07:00:15,2026-08-21T13:25:17.646349+00:00,7.7187,0.0,7.7187,0.0,100.0
native,ocbc,MXN,SGD,MXN/SGD,100,"SGD 40,000 – 100,000",tier_2,,,fxRatesSgd,2026-08-21T07:00:15,2026-08-21T07:00:15,2026-08-21T13:25:17.646349+00:00,7.7172,0.0,7.7187,-0.019433324264449412,100.0
native,ocbc,MYR,SGD,MYR/SGD,100,"SGD 0 – 39,999.99",tier_1,,,fxRatesSgd,2026-08-21T07:00:15,2026-08-21T07:00:15,2026-08-21T13:25:17.646349+00:00,0.0,0.0,0.0,,
native,ocbc,MYR,SGD,MYR/SGD,100,"SGD 40,000 – 100,000",tier_2,,,fxRatesSgd,2026-08-21T07:00:15,2026-08-21T07:00:15,2026-08-21T13:25:17.646349+00:00,0.0,0.0,0.0,,
native,ocbc,NOK,SGD,NOK/SGD,100,"SGD 0 – 39,999.99",tier_1,,,fxRatesSgd,2026-08-21T07:00:15,2026-08-21T07:00:15,2026-08-21T13:25:17.646349+00:00,13.9187,13.4228,13.6708,1.8133540100067265,1.8140854960938595
native,ocbc,NOK,SGD,NOK/SGD,100,"SGD 40,000 – 100,000",tier_2,,,fxRatesSgd,2026-08-21T07:00:15,2026-08-21T07:00:15,2026-08-21T13:25:17.646349+00:00,13.8914,13.4501,13.6708,1.6136583082189853,1.614389794306105
native,ocbc,NZD,SGD,NZD/SGD,1,"SGD 0 – 39,999.99",tier_1,,,fxRatesSgd,2026-08-21T07:00:15,2026-08-21T07:00:15,2026-08-21T13:25:17.646349+00:00,0.7741,0.7477,0.7609,1.7347877513470875,1.7347877513470875
native,ocbc,NZD,SGD,NZD/SGD,1,"SGD 40,000 – 100,000",tier_2,,,fxRatesSgd,2026-08-21T07:00:15,2026-08-21T07:00:15,2026-08-21T13:25:17.646349+00:00,0.7722,0.75,0.7609,1.485083453804702,1.432514128006311
native,ocbc,OMR,SGD,OMR/SGD,1,"SGD 0 – 39,999.99",tier_1,,,fxRatesSgd,2026-08-21T07:00:15,2026-08-21T07:00:15,2026-08-21T13:25:17.646349+00:00,0.0,0.0,0.0,,
native,ocbc,OMR,SGD,OMR/SGD,1,"SGD 40,000 – 100,000",tier_2,,,fxRatesSgd,2026-08-21T07:00:15,2026-08-21T07:00:15,2026-08-21T13:25:17.646349+00:00,0.0,0.0,0.0,,
native,ocbc,PHP,SGD,PHP/SGD,100,"SGD 0 – 39,999.99",tier_1,,,fxRatesSgd,2026-08-21T07:00:15,2026-08-21T07:00:15,2026-08-21T13:25:17.646349+00:00,2.1198,0.0,2.1198,0.0,100.0
native,ocbc,PHP,SGD,PHP/SGD,100,"SGD 40,000 – 100,000",tier_2,,,fxRatesSgd,2026-08-21T07:00:15,2026-08-21T07:00:15,2026-08-21T13:25:17.646349+00:00,2.1178,0.0,2.1198,-0.09434852344561863,100.0
native,ocbc,PLN,SGD,PLN/SGD,100,"SGD 0 – 39,999.99",tier_1,,,fxRatesSgd,2026-08-21T07:00:15,2026-08-21T07:00:15,2026-08-21T13:25:17.646349+00:00,35.3901,33.1557,34.2729,3.2597183197219866,3.2597183197219866
native,ocbc,PLN,SGD,PLN/SGD,100,"SGD 40,000 – 100,000",tier_2,,,fxRatesSgd,2026-08-21T07:00:15,2026-08-21T07:00:15,2026-08-21T13:25:17.646349+00:00,35.3727,33.1827,34.2729,3.2089493448176314,3.1809388759048782
native,ocbc,QAR,SGD,QAR/SGD,100,"SGD 0 – 39,999.99",tier_1,,,fxRatesSgd,2026-08-21T07:00:15,2026-08-21T07:00:15,2026-08-21T13:25:17.646349+00:00,35.8318,33.7334,34.7826,3.0164507541126855,3.0164507541126855
native,ocbc,QAR,SGD,QAR/SGD,100,"SGD 40,000 – 100,000",tier_2,,,fxRatesSgd,2026-08-21T07:00:15,2026-08-21T07:00:15,2026-08-21T13:25:17.646349+00:00,35.8106,33.7505,34.7826,2.955500738875181,2.9672882418220596
native,ocbc,RON,SGD,RON/SGD,100,"SGD 0 – 39,999.99",tier_1,,,fxRatesSgd,2026-08-21T07:00:15,2026-08-21T07:00:15,2026-08-21T13:25:17.646349+00:00,0.0,0.0,0.0,,
native,ocbc,RON,SGD,RON/SGD,100,"SGD 40,000 – 100,000",tier_2,,,fxRatesSgd,2026-08-21T07:00:15,2026-08-21T07:00:15,2026-08-21T13:25:17.646349+00:00,0.0,0.0,0.0,,
native,ocbc,RUB,SGD,RUB/SGD,100,"SGD 0 – 39,999.99",tier_1,,,fxRatesSgd,2026-08-21T07:00:15,2026-08-21T07:00:15,2026-08-21T13:25:17.646349+00:00,0.0,0.0,0.0,,
native,ocbc,RUB,SGD,RUB/SGD,100,"SGD 40,000 – 100,000",tier_2,,,fxRatesSgd,2026-08-21T07:00:15,2026-08-21T07:00:15,2026-08-21T13:25:17.646349+00:00,0.0,0.0,0.0,,
native,ocbc,SAR,SGD,SAR/SGD,100,"SGD 0 – 39,999.99",tier_1,,,fxRatesSgd,2026-08-21T07:00:15,2026-08-21T07:00:15,2026-08-21T13:25:17.646349+00:00,34.7368,32.8238,33.7803,2.8315319875785754,2.8315319875785545
native,ocbc,SAR,SGD,SAR/SGD,100,"SGD 40,000 – 100,000",tier_2,,,fxRatesSgd,2026-08-21T07:00:15,2026-08-21T07:00:15,2026-08-21T13:25:17.646349+00:00,34.7196,32.8405,33.7803,2.7806147369916876,2.782094889625013
native,ocbc,SEK,SGD,SEK/SGD,100,"SGD 0 – 39,999.99",tier_1,,,fxRatesSgd,2026-08-21T07:00:15,2026-08-21T07:00:15,2026-08-21T13:25:17.646349+00:00,13.6487,13.1621,13.4054,1.8149402479597745,1.8149402479597745
native,ocbc,SEK,SGD,SEK/SGD,100,"SGD 40,000 – 100,000",tier_2,,,fxRatesSgd,2026-08-21T07:00:15,2026-08-21T07:00:15,2026-08-21T13:25:17.646349+00:00,13.6218,13.189,13.4054,1.6142748444656643,1.6142748444656643
native,ocbc,THB,SGD,THB/SGD,100,"SGD 0 – 39,999.99",tier_1,,,fxRatesSgd,2026-08-21T07:00:15,2026-08-21T07:00:15,2026-08-21T13:25:17.646349+00:00,3.9915,3.7724,3.882,2.820710973724877,2.8232869654817083
native,ocbc,THB,SGD,THB/SGD,100,"SGD 40,000 – 100,000",tier_2,,,fxRatesSgd,2026-08-21T07:00:15,2026-08-21T07:00:15,2026-08-21T13:25:17.646349+00:00,3.9837,3.7801,3.882,2.619783616692418,2.624935600206082
native,ocbc,TRY,SGD,TRY/SGD,100,"SGD 0 – 39,999.99",tier_1,,,fxRatesSgd,2026-08-21T07:00:15,2026-08-21T07:00:15,2026-08-21T13:25:17.646349+00:00,2.7122,2.6,2.6561,2.1121192726177576,2.112119272617741
native,ocbc,TRY,SGD,TRY/SGD,100,"SGD 40,000 – 100,000",tier_2,,,fxRatesSgd,2026-08-21T07:00:15,2026-08-21T07:00:15,2026-08-21T13:25:17.646349+00:00,2.7108,2.6003,2.6561,2.059410413764541,2.1008245171492064
native,ocbc,TWD,SGD,TWD/SGD,100,"SGD 0 – 39,999.99",tier_1,,,fxRatesSgd,2026-08-21T07:00:15,2026-08-21T07:00:15,2026-08-21T13:25:17.646349+00:00,4.1214,0.0,4.1214,0.0,100.0
native,ocbc,TWD,SGD,TWD/SGD,100,"SGD 40,000 – 100,000",tier_2,,,fxRatesSgd,2026-08-21T07:00:15,2026-08-21T07:00:15,2026-08-21T13:25:17.646349+00:00,0.0,0.0,4.1214,-100.0,100.0
native,ocbc,USD,SGD,USD/SGD,1,"SGD 0 – 39,999.99",tier_1,,,fxRatesSgd,2026-08-21T07:00:15,2026-08-21T07:00:15,2026-08-21T13:25:17.646349+00:00,1.2809,1.2579,1.2694,0.9059398140853823,0.9059398140853998
native,ocbc,USD,SGD,USD/SGD,1,"SGD 40,000 – 100,000",tier_2,,,fxRatesSgd,2026-08-21T07:00:15,2026-08-21T07:00:15,2026-08-21T13:25:17.646349+00:00,1.2796,1.2589,1.2694,0.8035292264061751,0.8271624389475482
native,ocbc,ZAR,SGD,ZAR/SGD,100,"SGD 0 – 39,999.99",tier_1,,,fxRatesSgd,2026-08-21T07:00:15,2026-08-21T07:00:15,2026-08-21T13:25:17.646349+00:00,8.1534,7.674,7.9137,3.0289245232950344,3.0289245232950455
native,ocbc,ZAR,SGD,ZAR/SGD,100,"SGD 40,000 – 100,000",tier_2,,,fxRatesSgd,2026-08-21T07:00:15,2026-08-21T07:00:15,2026-08-21T13:25:17.646349+00:00,8.1494,7.678,7.9137,2.97837926633559,2.978379266335601
native,uob,AED,SGD,AED/SGD,100,Indicative board,board,,,forex_sgd,21 August 2026 05:42:49 PM,21 August 2026 05:42:49 PM,2026-08-21T13:25:19.124135+00:00,35.39,33.69,34.54,2.460914881297051,2.460914881297051
native,uob,AOA,SGD,AOA/SGD,100,Indicative board,board,,,forex_sgd,21 August 2026 05:42:49 PM,21 August 2026 05:42:49 PM,2026-08-21T13:25:19.124135+00:00,0.143,,,,
native,uob,AUD,SGD,AUD/SGD,1,Indicative board,board,,,forex_sgd,21 August 2026 05:42:49 PM,21 August 2026 05:42:49 PM,2026-08-21T13:25:19.124135+00:00,0.9243,0.8933,0.9088,1.7055457746478826,1.7055457746478948
native,uob,BDT,SGD,BDT/SGD,100,Indicative board,board,,,forex_sgd,21 August 2026 05:42:49 PM,21 August 2026 05:42:49 PM,2026-08-21T13:25:19.124135+00:00,1.0739,,,,
native,uob,BND,SGD,BND/SGD,1,Indicative board,board,,,forex_sgd,21 August 2026 05:42:49 PM,21 August 2026 05:42:49 PM,2026-08-21T13:25:19.124135+00:00,1.0,1.0,1.0,0.0,0.0
native,uob,CAD,SGD,CAD/SGD,1,Indicative board,board,,,forex_sgd,21 August 2026 05:42:49 PM,21 August 2026 05:42:49 PM,2026-08-21T13:25:19.124135+00:00,0.9328,0.9128,0.9228,1.0836584308625932,1.0836584308625932
native,uob,CHF,SGD,CHF/SGD,100,Indicative board,board,,,forex_sgd,21 August 2026 05:42:49 PM,21 August 2026 05:42:49 PM,2026-08-21T13:25:19.124135+00:00,160.49,157.19,158.84,1.0387811634349067,1.0387811634349067
native,uob,CNH,SGD,CNH/SGD,100,Indicative board,board,,,forex_sgd,21 August 2026 05:42:49 PM,21 August 2026 05:42:49 PM,2026-08-21T13:25:19.124135+00:00,19.11,18.65,18.88,1.2182203389830533,1.2182203389830533
native,uob,DKK,SGD,DKK/SGD,100,Indicative board,board,,,forex_sgd,21 August 2026 05:42:49 PM,21 August 2026 05:42:49 PM,2026-08-21T13:25:19.124135+00:00,20.22,19.52,19.869999999999997,1.761449421238055,1.7614494212380367
native,uob,EGP,SGD,EGP/SGD,100,Indicative board,board,,,forex_sgd,21 August 2026 05:42:49 PM,21 August 2026 05:42:49 PM,2026-08-21T13:25:19.124135+00:00,2.5688,,,,
native,uob,EUR,SGD,EUR/SGD,1,Indicative board,board,,,forex_sgd,21 August 2026 05:42:49 PM,21 August 2026 05:42:49 PM,2026-08-21T13:25:19.124135+00:00,1.5042,1.4662,1.4851999999999999,1.279288984648541,1.279288984648526
native,uob,GBP,SGD,GBP/SGD,1,Indicative board,board,,,forex_sgd,21 August 2026 05:42:49 PM,21 August 2026 05:42:49 PM,2026-08-21T13:25:19.124135+00:00,1.7559,1.7109,1.7334,1.2980269989615763,1.2980269989615763
native,uob,HKD,SGD,HKD/SGD,100,Indicative board,board,,,forex_sgd,21 August 2026 05:42:49 PM,21 August 2026 05:42:49 PM,2026-08-21T13:25:19.124135+00:00,16.359,16.001,16.18,1.1063040791100252,1.1063040791100032
native,uob,INR,SGD,INR/SGD,100,Indicative board,board,,,forex_sgd,21 August 2026 05:42:49 PM,21 August 2026 05:42:49 PM,2026-08-21T13:25:19.124135+00:00,1.3621,,,,
native,uob,JPY,SGD,JPY/SGD,100,Indicative board,board,,,forex_sgd,21 August 2026 05:42:49 PM,21 August 2026 05:42:49 PM,2026-08-21T13:25:19.124135+00:00,0.8176,0.7836,0.8006,2.1234074444166895,2.1234074444166895
native,uob,KRW,SGD,KRW/SGD,1000,Indicative board,board,,,forex_sgd,21 August 2026 05:42:49 PM,21 August 2026 05:42:49 PM,2026-08-21T13:25:19.124135+00:00,0.9312,,,,
native,uob,KWD,SGD,KWD/SGD,1,Indicative board,board,,,forex_sgd,21 August 2026 05:42:49 PM,21 August 2026 05:42:49 PM,2026-08-21T13:25:19.124135+00:00,4.1846,,,,
native,uob,LKR,SGD,LKR/SGD,100,Indicative board,board,,,forex_sgd,21 August 2026 05:42:49 PM,21 August 2026 05:42:49 PM,2026-08-21T13:25:19.124135+00:00,0.3915,,,,
native,uob,MXN,SGD,MXN/SGD,100,Indicative board,board,,,forex_sgd,21 August 2026 05:42:49 PM,21 August 2026 05:42:49 PM,2026-08-21T13:25:19.124135+00:00,7.575,,,,
native,uob,MYR,SGD,MYR/SGD,100,Indicative board,board,,,forex_sgd,21 August 2026 05:42:49 PM,21 August 2026 05:42:49 PM,2026-08-21T13:25:19.124135+00:00,31.8979,,,,
native,uob,NOK,SGD,NOK/SGD,100,Indicative board,board,,,forex_sgd,21 August 2026 05:42:49 PM,21 August 2026 05:42:49 PM,2026-08-21T13:25:19.124135+00:00,13.88,13.44,13.66,1.6105417276720397,1.6105417276720397
native,uob,NZD,SGD,NZD/SGD,1,Indicative board,board,,,forex_sgd,21 August 2026 05:42:49 PM,21 August 2026 05:42:49 PM,2026-08-21T13:25:19.124135+00:00,0.7688,0.7488,0.7588,1.3178703215603595,1.3178703215603595
native,uob,PHP,SGD,PHP/SGD,100,Indicative board,board,,,forex_sgd,21 August 2026 05:42:49 PM,21 August 2026 05:42:49 PM,2026-08-21T13:25:19.124135+00:00,2.1032,,,,
native,uob,PKR,SGD,PKR/SGD,100,Indicative board,board,,,forex_sgd,21 August 2026 05:42:49 PM,21 August 2026 05:42:49 PM,2026-08-21T13:25:19.124135+00:00,0.4647,,,,
native,uob,SAR,SGD,SAR/SGD,100,Indicative board,board,,,forex_sgd,21 August 2026 05:42:49 PM,21 August 2026 05:42:49 PM,2026-08-21T13:25:19.124135+00:00,,,,,
native,uob,SEK,SGD,SEK/SGD,100,Indicative board,board,,,forex_sgd,21 August 2026 05:42:49 PM,21 August 2026 05:42:49 PM,2026-08-21T13:25:19.124135+00:00,13.65,13.17,13.41,1.7897091722595095,1.7897091722595095
native,uob,THB,SGD,THB/SGD,100,Indicative board,board,,,forex_sgd,21 August 2026 05:42:49 PM,21 August 2026 05:42:49 PM,2026-08-21T13:25:19.124135+00:00,3.98,3.78,3.88,2.5773195876288684,2.5773195876288684
native,uob,TWD,SGD,TWD/SGD,100,Indicative board,board,,,forex_sgd,21 August 2026 05:42:49 PM,21 August 2026 05:42:49 PM,2026-08-21T13:25:19.124135+00:00,4.0705,,,,
native,uob,USD,SGD,USD/SGD,1,Indicative board,board,,,forex_sgd,21 August 2026 05:42:49 PM,21 August 2026 05:42:49 PM,2026-08-21T13:25:19.124135+00:00,1.2805,1.2565,1.2685,0.9459992116673245,0.9459992116673245
native,uob,VND,SGD,VND/SGD,1000,Indicative board,board,,,forex_sgd,21 August 2026 05:42:49 PM,21 August 2026 05:42:49 PM,2026-08-21T13:25:19.124135+00:00,0.0498,,,,
native,uob,XAF,SGD,XAF/SGD,100,Indicative board,board,,,forex_sgd,21 August 2026 05:42:49 PM,21 August 2026 05:42:49 PM,2026-08-21T13:25:19.124135+00:00,0.2326,,,,
native,uob,XOF,SGD,XOF/SGD,100,Indicative board,board,,,forex_sgd,21 August 2026 05:42:49 PM,21 August 2026 05:42:49 PM,2026-08-21T13:25:19.124135+00:00,0.2341,,,,
native,uob,ZAR,SGD,ZAR/SGD,1,Indicative board,board,,,forex_sgd,21 August 2026 05:42:49 PM,21 August 2026 05:42:49 PM,2026-08-21T13:25:19.124135+00:00,0.0812,0.0772,0.07919999999999999,2.5252525252525277,2.5252525252525104
standardized,dbs,AED,SGD,AED/SGD,1,SGD 50 – 200,amtBtw50And200,"SGD 200 – 39,999.99",std_200_40k,mainCurrencies,2026-08-21 21:15:00,2026-08-21 13:15:13,2026-08-21T13:25:16.271626+00:00,0.348,0.3432,0.3456,0.6944444444444322,0.6944444444444482
standardized,dbs,AED,SGD,AED/SGD,1,SGD 50 – 200,amtBtw50And200,"SGD 40,000 – 100,000",std_40k_100k,mainCurrencies,2026-08-21 21:15:00,2026-08-21 13:15:13,2026-08-21T13:25:16.271626+00:00,0.348,0.3432,0.3456,0.6944444444444322,0.6944444444444482
standardized,dbs,AED,SGD,AED/SGD,1,SGD 50 – 200,amtBtw50And200,SGD 50 – 200,std_50_200,mainCurrencies,2026-08-21 21:15:00,2026-08-21 13:15:13,2026-08-21T13:25:16.271626+00:00,0.348,0.3432,0.3456,0.6944444444444322,0.6944444444444482
standardized,dbs,AED,SGD,AED/SGD,1,SGD < 50,amtLessThan50,SGD < 50,std_lt_50,mainCurrencies,2026-08-21 21:15:00,2026-08-21 13:15:13,2026-08-21T13:25:16.271626+00:00,0.3508,0.3405,0.34565,1.4899464776507994,1.4899464776507994
standardized,dbs,AUD,SGD,AUD/SGD,1,SGD 50 – 200,amtBtw50And200,"SGD 200 – 39,999.99",std_200_40k,mainCurrencies,2026-08-21 21:15:00,2026-08-21 13:15:13,2026-08-21T13:25:16.271626+00:00,0.9199,0.8997,0.9098,1.1101340954055834,1.1101340954055834
standardized,dbs,AUD,SGD,AUD/SGD,1,SGD 50 – 200,amtBtw50And200,"SGD 40,000 – 100,000",std_40k_100k,mainCurrencies,2026-08-21 21:15:00,2026-08-21 13:15:13,2026-08-21T13:25:16.271626+00:00,0.9199,0.8997,0.9098,1.1101340954055834,1.1101340954055834
standardized,dbs,AUD,SGD,AUD/SGD,1,SGD 50 – 200,amtBtw50And200,SGD 50 – 200,std_50_200,mainCurrencies,2026-08-21 21:15:00,2026-08-21 13:15:13,2026-08-21T13:25:16.271626+00:00,0.9199,0.8997,0.9098,1.1101340954055834,1.1101340954055834
standardized,dbs,AUD,SGD,AUD/SGD,1,SGD < 50,amtLessThan50,SGD < 50,std_lt_50,mainCurrencies,2026-08-21 21:15:00,2026-08-21 13:15:13,2026-08-21T13:25:16.271626+00:00,0.9203,0.8993,0.9097999999999999,1.154099802154327,1.1540998021543145
standardized,dbs,BDT,SGD,BDT/SGD,100,SGD 50 – 200,amtBtw50And200,"SGD 200 – 39,999.99",std_200_40k,otherCurrencies,2026-08-21 21:15:00,2026-08-21 13:15:13,2026-08-21T13:25:16.271626+00:00,1.0536,,,,
standardized,dbs,BDT,SGD,BDT/SGD,100,SGD 50 – 200,amtBtw50And200,"SGD 40,000 – 100,000",std_40k_100k,otherCurrencies,2026-08-21 21:15:00,2026-08-21 13:15:13,2026-08-21T13:25:16.271626+00:00,1.0536,,,,
standardized,dbs,BDT,SGD,BDT/SGD,100,SGD 50 – 200,amtBtw50And200,SGD 50 – 200,std_50_200,otherCurrencies,2026-08-21 21:15:00,2026-08-21 13:15:13,2026-08-21T13:25:16.271626+00:00,1.0536,,,,
standardized,dbs,BDT,SGD,BDT/SGD,100,SGD < 50,amtLessThan50,SGD < 50,std_lt_50,otherCurrencies,2026-08-21 21:15:00,2026-08-21 13:15:13,2026-08-21T13:25:16.271626+00:00,1.0536,,,,
standardized,dbs,BHD,SGD,BHD/SGD,1,SGD 50 – 200,amtBtw50And200,"SGD 200 – 39,999.99",std_200_40k,otherCurrencies,2026-08-21 21:15:00,2026-08-21 13:15:13,2026-08-21T13:25:16.271626+00:00,3.4474,,,,
standardized,dbs,BHD,SGD,BHD/SGD,1,SGD 50 – 200,amtBtw50And200,"SGD 40,000 – 100,000",std_40k_100k,otherCurrencies,2026-08-21 21:15:00,2026-08-21 13:15:13,2026-08-21T13:25:16.271626+00:00,3.4474,,,,
standardized,dbs,BHD,SGD,BHD/SGD,1,SGD 50 – 200,amtBtw50And200,SGD 50 – 200,std_50_200,otherCurrencies,2026-08-21 21:15:00,2026-08-21 13:15:13,2026-08-21T13:25:16.271626+00:00,3.4474,,,,
standardized,dbs,BHD,SGD,BHD/SGD,1,SGD < 50,amtLessThan50,SGD < 50,std_lt_50,otherCurrencies,2026-08-21 21:15:00,2026-08-21 13:15:13,2026-08-21T13:25:16.271626+00:00,3.4611,,,,
standardized,dbs,BND,SGD,BND/SGD,1,SGD 50 – 200,amtBtw50And200,"SGD 200 – 39,999.99",std_200_40k,otherCurrencies,2026-08-21 21:15:00,2026-08-21 13:15:13,2026-08-21T13:25:16.271626+00:00,1.0,1.0,1.0,0.0,0.0
standardized,dbs,BND,SGD,BND/SGD,1,SGD 50 – 200,amtBtw50And200,"SGD 40,000 – 100,000",std_40k_100k,otherCurrencies,2026-08-21 21:15:00,2026-08-21 13:15:13,2026-08-21T13:25:16.271626+00:00,1.0,1.0,1.0,0.0,0.0
standardized,dbs,BND,SGD,BND/SGD,1,SGD 50 – 200,amtBtw50And200,SGD 50 – 200,std_50_200,otherCurrencies,2026-08-21 21:15:00,2026-08-21 13:15:13,2026-08-21T13:25:16.271626+00:00,1.0,1.0,1.0,0.0,0.0
standardized,dbs,BND,SGD,BND/SGD,1,SGD < 50,amtLessThan50,SGD < 50,std_lt_50,otherCurrencies,2026-08-21 21:15:00,2026-08-21 13:15:13,2026-08-21T13:25:16.271626+00:00,1.0,1.0,1.0,0.0,0.0
standardized,dbs,CAD,SGD,CAD/SGD,1,SGD 50 – 200,amtBtw50And200,"SGD 200 – 39,999.99",std_200_40k,mainCurrencies,2026-08-21 21:15:00,2026-08-21 13:15:13,2026-08-21T13:25:16.271626+00:00,0.9301,0.9161,0.9231,0.7583143754739471,0.7583143754739471
standardized,dbs,CAD,SGD,CAD/SGD,1,SGD 50 – 200,amtBtw50And200,"SGD 40,000 – 100,000",std_40k_100k,mainCurrencies,2026-08-21 21:15:00,2026-08-21 13:15:13,2026-08-21T13:25:16.271626+00:00,0.9301,0.9161,0.9231,0.7583143754739471,0.7583143754739471
standardized,dbs,CAD,SGD,CAD/SGD,1,SGD 50 – 200,amtBtw50And200,SGD 50 – 200,std_50_200,mainCurrencies,2026-08-21 21:15:00,2026-08-21 13:15:13,2026-08-21T13:25:16.271626+00:00,0.9301,0.9161,0.9231,0.7583143754739471,0.7583143754739471
standardized,dbs,CAD,SGD,CAD/SGD,1,SGD < 50,amtLessThan50,SGD < 50,std_lt_50,mainCurrencies,2026-08-21 21:15:00,2026-08-21 13:15:13,2026-08-21T13:25:16.271626+00:00,0.9333,0.9129,0.9231,1.1049723756906062,1.1049723756906062
standardized,dbs,CHF,SGD,CHF/SGD,1,SGD 50 – 200,amtBtw50And200,"SGD 200 – 39,999.99",std_200_40k,mainCurrencies,2026-08-21 21:15:00,2026-08-21 13:15:13,2026-08-21T13:25:16.271626+00:00,1.601,1.5707,1.58585,0.955323643471955,0.955323643471955
standardized,dbs,CHF,SGD,CHF/SGD,1,SGD 50 – 200,amtBtw50And200,"SGD 40,000 – 100,000",std_40k_100k,mainCurrencies,2026-08-21 21:15:00,2026-08-21 13:15:13,2026-08-21T13:25:16.271626+00:00,1.601,1.5707,1.58585,0.955323643471955,0.955323643471955
standardized,dbs,CHF,SGD,CHF/SGD,1,SGD 50 – 200,amtBtw50And200,SGD 50 – 200,std_50_200,mainCurrencies,2026-08-21 21:15:00,2026-08-21 13:15:13,2026-08-21T13:25:16.271626+00:00,1.601,1.5707,1.58585,0.955323643471955,0.955323643471955
standardized,dbs,CHF,SGD,CHF/SGD,1,SGD < 50,amtLessThan50,SGD < 50,std_lt_50,mainCurrencies,2026-08-21 21:15:00,2026-08-21 13:15:13,2026-08-21T13:25:16.271626+00:00,1.6017,1.5698,1.58575,1.0058332019549052,1.0058332019549052
standardized,dbs,CNH,SGD,CNH/SGD,1,SGD 50 – 200,amtBtw50And200,"SGD 200 – 39,999.99",std_200_40k,mainCurrencies,2026-08-21 21:15:00,2026-08-21 13:15:13,2026-08-21T13:25:16.271626+00:00,0.191,0.1866,0.1888,1.1652542372881396,1.1652542372881396
standardized,dbs,CNH,SGD,CNH/SGD,1,SGD 50 – 200,amtBtw50And200,"SGD 40,000 – 100,000",std_40k_100k,mainCurrencies,2026-08-21 21:15:00,2026-08-21 13:15:13,2026-08-21T13:25:16.271626+00:00,0.191,0.1866,0.1888,1.1652542372881396,1.1652542372881396
standardized,dbs,CNH,SGD,CNH/SGD,1,SGD 50 – 200,amtBtw50And200,SGD 50 – 200,std_50_200,mainCurrencies,2026-08-21 21:15:00,2026-08-21 13:15:13,2026-08-21T13:25:16.271626+00:00,0.191,0.1866,0.1888,1.1652542372881396,1.1652542372881396
standardized,dbs,CNH,SGD,CNH/SGD,1,SGD < 50,amtLessThan50,SGD < 50,std_lt_50,mainCurrencies,2026-08-21 21:15:00,2026-08-21 13:15:13,2026-08-21T13:25:16.271626+00:00,0.1917,0.186,0.18885000000000002,1.509134233518661,1.5091342335186755
standardized,dbs,CNY,SGD,CNY/SGD,1,SGD 50 – 200,amtBtw50And200,"SGD 200 – 39,999.99",std_200_40k,otherCurrencies,2026-08-21 21:15:00,2026-08-21 13:15:13,2026-08-21T13:25:16.271626+00:00,0.1888,,,,
standardized,dbs,CNY,SGD,CNY/SGD,1,SGD 50 – 200,amtBtw50And200,"SGD 40,000 – 100,000",std_40k_100k,otherCurrencies,2026-08-21 21:15:00,2026-08-21 13:15:13,2026-08-21T13:25:16.271626+00:00,0.1888,,,,
standardized,dbs,CNY,SGD,CNY/SGD,1,SGD 50 – 200,amtBtw50And200,SGD 50 – 200,std_50_200,otherCurrencies,2026-08-21 21:15:00,2026-08-21 13:15:13,2026-08-21T13:25:16.271626+00:00,0.1888,,,,
standardized,dbs,CNY,SGD,CNY/SGD,1,SGD < 50,amtLessThan50,SGD < 50,std_lt_50,otherCurrencies,2026-08-21 21:15:00,2026-08-21 13:15:13,2026-08-21T13:25:16.271626+00:00,0.1905,,,,
standardized,dbs,DKK,SGD,DKK/SGD,1,SGD 50 – 200,amtBtw50And200,"SGD 200 – 39,999.99",std_200_40k,mainCurrencies,2026-08-21 21:15:00,2026-08-21 13:15:13,2026-08-21T13:25:16.271626+00:00,0.2011,0.1956,0.19835,1.3864381144441658,1.3864381144441658
standardized,dbs,DKK,SGD,DKK/SGD,1,SGD 50 – 200,amtBtw50And200,"SGD 40,000 – 100,000",std_40k_100k,mainCurrencies,2026-08-21 21:15:00,2026-08-21 13:15:13,2026-08-21T13:25:16.271626+00:00,0.2011,0.1956,0.19835,1.3864381144441658,1.3864381144441658
standardized,dbs,DKK,SGD,DKK/SGD,1,SGD 50 – 200,amtBtw50And200,SGD 50 – 200,std_50_200,mainCurrencies,2026-08-21 21:15:00,2026-08-21 13:15:13,2026-08-21T13:25:16.271626+00:00,0.2011,0.1956,0.19835,1.3864381144441658,1.3864381144441658
standardized,dbs,DKK,SGD,DKK/SGD,1,SGD < 50,amtLessThan50,SGD < 50,std_lt_50,mainCurrencies,2026-08-21 21:15:00,2026-08-21 13:15:13,2026-08-21T13:25:16.271626+00:00,0.2015,0.1953,0.19840000000000002,1.5624999999999956,1.5625000000000098
standardized,dbs,EUR,SGD,EUR/SGD,1,SGD 50 – 200,amtBtw50And200,"SGD 200 – 39,999.99",std_200_40k,mainCurrencies,2026-08-21 21:15:00,2026-08-21 13:15:13,2026-08-21T13:25:16.271626+00:00,1.4961,1.4708,1.48345,0.8527419191748998,0.8527419191748847
standardized,dbs,EUR,SGD,EUR/SGD,1,SGD 50 – 200,amtBtw50And200,"SGD 40,000 – 100,000",std_40k_100k,mainCurrencies,2026-08-21 21:15:00,2026-08-21 13:15:13,2026-08-21T13:25:16.271626+00:00,1.4961,1.4708,1.48345,0.8527419191748998,0.8527419191748847
standardized,dbs,EUR,SGD,EUR/SGD,1,SGD 50 – 200,amtBtw50And200,SGD 50 – 200,std_50_200,mainCurrencies,2026-08-21 21:15:00,2026-08-21 13:15:13,2026-08-21T13:25:16.271626+00:00,1.4961,1.4708,1.48345,0.8527419191748998,0.8527419191748847
standardized,dbs,EUR,SGD,EUR/SGD,1,SGD < 50,amtLessThan50,SGD < 50,std_lt_50,mainCurrencies,2026-08-21 21:15:00,2026-08-21 13:15:13,2026-08-21T13:25:16.271626+00:00,1.4968,1.47,1.4834,0.9033301874072978,0.9033301874073129
standardized,dbs,GBP,SGD,GBP/SGD,1,SGD 50 – 200,amtBtw50And200,"SGD 200 – 39,999.99",std_200_40k,mainCurrencies,2026-08-21 21:15:00,2026-08-21 13:15:13,2026-08-21T13:25:16.271626+00:00,1.7436,1.7191,1.73135,0.7075403586796485,0.7075403586796357
standardized,dbs,GBP,SGD,GBP/SGD,1,SGD 50 – 200,amtBtw50And200,"SGD 40,000 – 100,000",std_40k_100k,mainCurrencies,2026-08-21 21:15:00,2026-08-21 13:15:13,2026-08-21T13:25:16.271626+00:00,1.7436,1.7191,1.73135,0.7075403586796485,0.7075403586796357
standardized,dbs,GBP,SGD,GBP/SGD,1,SGD 50 – 200,amtBtw50And200,SGD 50 – 200,std_50_200,mainCurrencies,2026-08-21 21:15:00,2026-08-21 13:15:13,2026-08-21T13:25:16.271626+00:00,1.7436,1.7191,1.73135,0.7075403586796485,0.7075403586796357
standardized,dbs,GBP,SGD,GBP/SGD,1,SGD < 50,amtLessThan50,SGD < 50,std_lt_50,mainCurrencies,2026-08-21 21:15:00,2026-08-21 13:15:13,2026-08-21T13:25:16.271626+00:00,1.7453,1.7174,1.73135,0.8057296329453969,0.8057296329453841
standardized,dbs,HKD,SGD,HKD/SGD,1,SGD 50 – 200,amtBtw50And200,"SGD 200 – 39,999.99",std_200_40k,mainCurrencies,2026-08-21 21:15:00,2026-08-21 13:15:13,2026-08-21T13:25:16.271626+00:00,0.1635,0.1602,0.16185,1.0194624652456055,1.0194624652455884
standardized,dbs,HKD,SGD,HKD/SGD,1,SGD 50 – 200,amtBtw50And200,"SGD 40,000 – 100,000",std_40k_100k,mainCurrencies,2026-08-21 21:15:00,2026-08-21 13:15:13,2026-08-21T13:25:16.271626+00:00,0.1635,0.1602,0.16185,1.0194624652456055,1.0194624652455884
standardized,dbs,HKD,SGD,HKD/SGD,1,SGD 50 – 200,amtBtw50And200,SGD 50 – 200,std_50_200,mainCurrencies,2026-08-21 21:15:00,2026-08-21 13:15:13,2026-08-21T13:25:16.271626+00:00,0.1635,0.1602,0.16185,1.0194624652456055,1.0194624652455884
standardized,dbs,HKD,SGD,HKD/SGD,1,SGD < 50,amtLessThan50,SGD < 50,std_lt_50,mainCurrencies,2026-08-21 21:15:00,2026-08-21 13:15:13,2026-08-21T13:25:16.271626+00:00,0.1636,0.16,0.1618,1.1124845488257085,1.1124845488257085
standardized,dbs,HUF,SGD,HUF/SGD,100,SGD 50 – 200,amtBtw50And200,"SGD 200 – 39,999.99",std_200_40k,otherCurrencies,2026-08-21 21:15:00,2026-08-21 13:15:13,2026-08-21T13:25:16.271626+00:00,0.414,,,,
standardized,dbs,HUF,SGD,HUF/SGD,100,SGD 50 – 200,amtBtw50And200,"SGD 40,000 – 100,000",std_40k_100k,otherCurrencies,2026-08-21 21:15:00,2026-08-21 13:15:13,2026-08-21T13:25:16.271626+00:00,0.414,,,,
standardized,dbs,HUF,SGD,HUF/SGD,100,SGD 50 – 200,amtBtw50And200,SGD 50 – 200,std_50_200,otherCurrencies,2026-08-21 21:15:00,2026-08-21 13:15:13,2026-08-21T13:25:16.271626+00:00,0.414,,,,
standardized,dbs,HUF,SGD,HUF/SGD,100,SGD < 50,amtLessThan50,SGD < 50,std_lt_50,otherCurrencies,2026-08-21 21:15:00,2026-08-21 13:15:13,2026-08-21T13:25:16.271626+00:00,0.4157,,,,
standardized,dbs,ID0,SGD,ID0/SGD,100,SGD 50 – 200,amtBtw50And200,"SGD 200 – 39,999.99",std_200_40k,otherCurrencies,2026-08-21 21:15:00,2026-08-21 13:15:13,2026-08-21T13:25:16.271626+00:00,,,,,
standardized,dbs,ID0,SGD,ID0/SGD,100,SGD 50 – 200,amtBtw50And200,"SGD 40,000 – 100,000",std_40k_100k,otherCurrencies,2026-08-21 21:15:00,2026-08-21 13:15:13,2026-08-21T13:25:16.271626+00:00,,,,,
standardized,dbs,ID0,SGD,ID0/SGD,100,SGD 50 – 200,amtBtw50And200,SGD 50 – 200,std_50_200,otherCurrencies,2026-08-21 21:15:00,2026-08-21 13:15:13,2026-08-21T13:25:16.271626+00:00,,,,,
standardized,dbs,ID0,SGD,ID0/SGD,100,SGD < 50,amtLessThan50,SGD < 50,std_lt_50,otherCurrencies,2026-08-21 21:15:00,2026-08-21 13:15:13,2026-08-21T13:25:16.271626+00:00,,0.0071,,,
standardized,dbs,IDR,SGD,IDR/SGD,100,SGD 50 – 200,amtBtw50And200,"SGD 200 – 39,999.99",std_200_40k,mainCurrencies,2026-08-21 21:15:00,2026-08-21 13:15:13,2026-08-21T13:25:16.271626+00:00,0.0073,,,,
standardized,dbs,IDR,SGD,IDR/SGD,100,SGD 50 – 200,amtBtw50And200,"SGD 40,000 – 100,000",std_40k_100k,mainCurrencies,2026-08-21 21:15:00,2026-08-21 13:15:13,2026-08-21T13:25:16.271626+00:00,0.0073,,,,
standardized,dbs,IDR,SGD,IDR/SGD,100,SGD 50 – 200,amtBtw50And200,SGD 50 – 200,std_50_200,mainCurrencies,2026-08-21 21:15:00,2026-08-21 13:15:13,2026-08-21T13:25:16.271626+00:00,0.0073,,,,
standardized,dbs,IDR,SGD,IDR/SGD,100,SGD < 50,amtLessThan50,SGD < 50,std_lt_50,mainCurrencies,2026-08-21 21:15:00,2026-08-21 13:15:13,2026-08-21T13:25:16.271626+00:00,0.0073,,,,
standardized,dbs,IN0,SGD,IN0/SGD,100,SGD 50 – 200,amtBtw50And200,"SGD 200 – 39,999.99",std_200_40k,otherCurrencies,2026-08-21 21:15:00,2026-08-21 13:15:13,2026-08-21T13:25:16.271626+00:00,,1.3233,,,
standardized,dbs,IN0,SGD,IN0/SGD,100,SGD 50 – 200,amtBtw50And200,"SGD 40,000 – 100,000",std_40k_100k,otherCurrencies,2026-08-21 21:15:00,2026-08-21 13:15:13,2026-08-21T13:25:16.271626+00:00,,1.3233,,,
standardized,dbs,IN0,SGD,IN0/SGD,100,SGD 50 – 200,amtBtw50And200,SGD 50 – 200,std_50_200,otherCurrencies,2026-08-21 21:15:00,2026-08-21 13:15:13,2026-08-21T13:25:16.271626+00:00,,1.3233,,,
standardized,dbs,IN0,SGD,IN0/SGD,100,SGD < 50,amtLessThan50,SGD < 50,std_lt_50,otherCurrencies,2026-08-21 21:15:00,2026-08-21 13:15:13,2026-08-21T13:25:16.271626+00:00,,1.3234,,,
standardized,dbs,INR,SGD,INR/SGD,100,SGD 50 – 200,amtBtw50And200,"SGD 200 – 39,999.99",std_200_40k,otherCurrencies,2026-08-21 21:15:00,2026-08-21 13:15:13,2026-08-21T13:25:16.271626+00:00,1.3396,,,,
standardized,dbs,INR,SGD,INR/SGD,100,SGD 50 – 200,amtBtw50And200,"SGD 40,000 – 100,000",std_40k_100k,otherCurrencies,2026-08-21 21:15:00,2026-08-21 13:15:13,2026-08-21T13:25:16.271626+00:00,1.3396,,,,
standardized,dbs,INR,SGD,INR/SGD,100,SGD 50 – 200,amtBtw50And200,SGD 50 – 200,std_50_200,otherCurrencies,2026-08-21 21:15:00,2026-08-21 13:15:13,2026-08-21T13:25:16.271626+00:00,1.3396,,,,
standardized,dbs,INR,SGD,INR/SGD,100,SGD < 50,amtLessThan50,SGD < 50,std_lt_50,otherCurrencies,2026-08-21 21:15:00,2026-08-21 13:15:13,2026-08-21T13:25:16.271626+00:00,1.3502,,,,
standardized,dbs,JPY,SGD,JPY/SGD,100,SGD 50 – 200,amtBtw50And200,"SGD 200 – 39,999.99",std_200_40k,mainCurrencies,2026-08-21 21:15:00,2026-08-21 13:15:13,2026-08-21T13:25:16.271626+00:00,0.8073,0.7912,0.79925,1.0071942446043167,1.0071942446043167
standardized,dbs,JPY,SGD,JPY/SGD,100,SGD 50 – 200,amtBtw50And200,"SGD 40,000 – 100,000",std_40k_100k,mainCurrencies,2026-08-21 21:15:00,2026-08-21 13:15:13,2026-08-21T13:25:16.271626+00:00,0.8073,0.7912,0.79925,1.0071942446043167,1.0071942446043167
standardized,dbs,JPY,SGD,JPY/SGD,100,SGD 50 – 200,amtBtw50And200,SGD 50 – 200,std_50_200,mainCurrencies,2026-08-21 21:15:00,2026-08-21 13:15:13,2026-08-21T13:25:16.271626+00:00,0.8073,0.7912,0.79925,1.0071942446043167,1.0071942446043167
standardized,dbs,JPY,SGD,JPY/SGD,100,SGD < 50,amtLessThan50,SGD < 50,std_lt_50,mainCurrencies,2026-08-21 21:15:00,2026-08-21 13:15:13,2026-08-21T13:25:16.271626+00:00,0.8081,0.7904,0.79925,1.1072880825774194,1.1072880825774194
standardized,dbs,KRW,SGD,KRW/SGD,100,SGD 50 – 200,amtBtw50And200,"SGD 200 – 39,999.99",std_200_40k,otherCurrencies,2026-08-21 21:15:00,2026-08-21 13:15:13,2026-08-21T13:25:16.271626+00:00,0.0928,,,,
standardized,dbs,KRW,SGD,KRW/SGD,100,SGD 50 – 200,amtBtw50And200,"SGD 40,000 – 100,000",std_40k_100k,otherCurrencies,2026-08-21 21:15:00,2026-08-21 13:15:13,2026-08-21T13:25:16.271626+00:00,0.0928,,,,
standardized,dbs,KRW,SGD,KRW/SGD,100,SGD 50 – 200,amtBtw50And200,SGD 50 – 200,std_50_200,otherCurrencies,2026-08-21 21:15:00,2026-08-21 13:15:13,2026-08-21T13:25:16.271626+00:00,0.0928,,,,
standardized,dbs,KRW,SGD,KRW/SGD,100,SGD < 50,amtLessThan50,SGD < 50,std_lt_50,otherCurrencies,2026-08-21 21:15:00,2026-08-21 13:15:13,2026-08-21T13:25:16.271626+00:00,0.0928,,,,
standardized,dbs,KWD,SGD,KWD/SGD,100,SGD 50 – 200,amtBtw50And200,"SGD 200 – 39,999.99",std_200_40k,otherCurrencies,2026-08-21 21:15:00,2026-08-21 13:15:13,2026-08-21T13:25:16.271626+00:00,421.7767,,,,
standardized,dbs,KWD,SGD,KWD/SGD,100,SGD 50 – 200,amtBtw50And200,"SGD 40,000 – 100,000",std_40k_100k,otherCurrencies,2026-08-21 21:15:00,2026-08-21 13:15:13,2026-08-21T13:25:16.271626+00:00,421.7767,,,,
standardized,dbs,KWD,SGD,KWD/SGD,100,SGD 50 – 200,amtBtw50And200,SGD 50 – 200,std_50_200,otherCurrencies,2026-08-21 21:15:00,2026-08-21 13:15:13,2026-08-21T13:25:16.271626+00:00,421.7767,,,,
standardized,dbs,KWD,SGD,KWD/SGD,100,SGD < 50,amtLessThan50,SGD < 50,std_lt_50,otherCurrencies,2026-08-21 21:15:00,2026-08-21 13:15:13,2026-08-21T13:25:16.271626+00:00,423.4533,,,,
standardized,dbs,LKR,SGD,LKR/SGD,100,SGD 50 – 200,amtBtw50And200,"SGD 200 – 39,999.99",std_200_40k,otherCurrencies,2026-08-21 21:15:00,2026-08-21 13:15:13,2026-08-21T13:25:16.271626+00:00,0.3928,,,,
standardized,dbs,LKR,SGD,LKR/SGD,100,SGD 50 – 200,amtBtw50And200,"SGD 40,000 – 100,000",std_40k_100k,otherCurrencies,2026-08-21 21:15:00,2026-08-21 13:15:13,2026-08-21T13:25:16.271626+00:00,0.3928,,,,
standardized,dbs,LKR,SGD,LKR/SGD,100,SGD 50 – 200,amtBtw50And200,SGD 50 – 200,std_50_200,otherCurrencies,2026-08-21 21:15:00,2026-08-21 13:15:13,2026-08-21T13:25:16.271626+00:00,0.3928,,,,
standardized,dbs,LKR,SGD,LKR/SGD,100,SGD < 50,amtLessThan50,SGD < 50,std_lt_50,otherCurrencies,2026-08-21 21:15:00,2026-08-21 13:15:13,2026-08-21T13:25:16.271626+00:00,0.3928,,,,
standardized,dbs,MM1,SGD,MM1/SGD,100,SGD 50 – 200,amtBtw50And200,"SGD 200 – 39,999.99",std_200_40k,otherCurrencies,2026-08-21 21:15:00,2026-08-21 13:15:13,2026-08-21T13:25:16.271626+00:00,,,,,
standardized,dbs,MM1,SGD,MM1/SGD,100,SGD 50 – 200,amtBtw50And200,"SGD 40,000 – 100,000",std_40k_100k,otherCurrencies,2026-08-21 21:15:00,2026-08-21 13:15:13,2026-08-21T13:25:16.271626+00:00,,,,,
standardized,dbs,MM1,SGD,MM1/SGD,100,SGD 50 – 200,amtBtw50And200,SGD 50 – 200,std_50_200,otherCurrencies,2026-08-21 21:15:00,2026-08-21 13:15:13,2026-08-21T13:25:16.271626+00:00,,,,,
standardized,dbs,MM1,SGD,MM1/SGD,100,SGD < 50,amtLessThan50,SGD < 50,std_lt_50,otherCurrencies,2026-08-21 21:15:00,2026-08-21 13:15:13,2026-08-21T13:25:16.271626+00:00,,,,,
standardized,dbs,MMK,SGD,MMK/SGD,100,SGD 50 – 200,amtBtw50And200,"SGD 200 – 39,999.99",std_200_40k,otherCurrencies,2026-08-21 21:15:00,2026-08-21 13:15:13,2026-08-21T13:25:16.271626+00:00,0.0324,,,,
standardized,dbs,MMK,SGD,MMK/SGD,100,SGD 50 – 200,amtBtw50And200,"SGD 40,000 – 100,000",std_40k_100k,otherCurrencies,2026-08-21 21:15:00,2026-08-21 13:15:13,2026-08-21T13:25:16.271626+00:00,0.0324,,,,
standardized,dbs,MMK,SGD,MMK/SGD,100,SGD 50 – 200,amtBtw50And200,SGD 50 – 200,std_50_200,otherCurrencies,2026-08-21 21:15:00,2026-08-21 13:15:13,2026-08-21T13:25:16.271626+00:00,0.0324,,,,
standardized,dbs,MMK,SGD,MMK/SGD,100,SGD < 50,amtLessThan50,SGD < 50,std_lt_50,otherCurrencies,2026-08-21 21:15:00,2026-08-21 13:15:13,2026-08-21T13:25:16.271626+00:00,0.0324,,,,
standardized,dbs,MUR,SGD,MUR/SGD,100,SGD 50 – 200,amtBtw50And200,"SGD 200 – 39,999.99",std_200_40k,otherCurrencies,2026-08-21 21:15:00,2026-08-21 13:15:13,2026-08-21T13:25:16.271626+00:00,2.7267,,,,
standardized,dbs,MUR,SGD,MUR/SGD,100,SGD 50 – 200,amtBtw50And200,"SGD 40,000 – 100,000",std_40k_100k,otherCurrencies,2026-08-21 21:15:00,2026-08-21 13:15:13,2026-08-21T13:25:16.271626+00:00,2.7267,,,,
standardized,dbs,MUR,SGD,MUR/SGD,100,SGD 50 – 200,amtBtw50And200,SGD 50 – 200,std_50_200,otherCurrencies,2026-08-21 21:15:00,2026-08-21 13:15:13,2026-08-21T13:25:16.271626+00:00,2.7267,,,,
standardized,dbs,MUR,SGD,MUR/SGD,100,SGD < 50,amtLessThan50,SGD < 50,std_lt_50,otherCurrencies,2026-08-21 21:15:00,2026-08-21 13:15:13,2026-08-21T13:25:16.271626+00:00,2.7375,,,,
standardized,dbs,MXN,SGD,MXN/SGD,100,SGD 50 – 200,amtBtw50And200,"SGD 200 – 39,999.99",std_200_40k,mainCurrencies,2026-08-21 21:15:00,2026-08-21 13:15:13,2026-08-21T13:25:16.271626+00:00,7.6168,,,,
standardized,dbs,MXN,SGD,MXN/SGD,100,SGD 50 – 200,amtBtw50And200,"SGD 40,000 – 100,000",std_40k_100k,mainCurrencies,2026-08-21 21:15:00,2026-08-21 13:15:13,2026-08-21T13:25:16.271626+00:00,7.6168,,,,
standardized,dbs,MXN,SGD,MXN/SGD,100,SGD 50 – 200,amtBtw50And200,SGD 50 – 200,std_50_200,mainCurrencies,2026-08-21 21:15:00,2026-08-21 13:15:13,2026-08-21T13:25:16.271626+00:00,7.6168,,,,
standardized,dbs,MXN,SGD,MXN/SGD,100,SGD < 50,amtLessThan50,SGD < 50,std_lt_50,mainCurrencies,2026-08-21 21:15:00,2026-08-21 13:15:13,2026-08-21T13:25:16.271626+00:00,7.6169,,,,
standardized,dbs,MY0,SGD,MY0/SGD,1,SGD 50 – 200,amtBtw50And200,"SGD 200 – 39,999.99",std_200_40k,otherCurrencies,2026-08-21 21:15:00,2026-08-21 13:15:13,2026-08-21T13:25:16.271626+00:00,,0.3137,,,
standardized,dbs,MY0,SGD,MY0/SGD,1,SGD 50 – 200,amtBtw50And200,"SGD 40,000 – 100,000",std_40k_100k,otherCurrencies,2026-08-21 21:15:00,2026-08-21 13:15:13,2026-08-21T13:25:16.271626+00:00,,0.3137,,,
standardized,dbs,MY0,SGD,MY0/SGD,1,SGD 50 – 200,amtBtw50And200,SGD 50 – 200,std_50_200,otherCurrencies,2026-08-21 21:15:00,2026-08-21 13:15:13,2026-08-21T13:25:16.271626+00:00,,0.3137,,,
standardized,dbs,MY0,SGD,MY0/SGD,1,SGD < 50,amtLessThan50,SGD < 50,std_lt_50,otherCurrencies,2026-08-21 21:15:00,2026-08-21 13:15:13,2026-08-21T13:25:16.271626+00:00,,0.3137,,,
standardized,dbs,MYR,SGD,MYR/SGD,1,SGD 50 – 200,amtBtw50And200,"SGD 200 – 39,999.99",std_200_40k,otherCurrencies,2026-08-21 21:15:00,2026-08-21 13:15:13,2026-08-21T13:25:16.271626+00:00,0.3177,,,,
standardized,dbs,MYR,SGD,MYR/SGD,1,SGD 50 – 200,amtBtw50And200,"SGD 40,000 – 100,000",std_40k_100k,otherCurrencies,2026-08-21 21:15:00,2026-08-21 13:15:13,2026-08-21T13:25:16.271626+00:00,0.3177,,,,
standardized,dbs,MYR,SGD,MYR/SGD,1,SGD 50 – 200,amtBtw50And200,SGD 50 – 200,std_50_200,otherCurrencies,2026-08-21 21:15:00,2026-08-21 13:15:13,2026-08-21T13:25:16.271626+00:00,0.3177,,,,
standardized,dbs,MYR,SGD,MYR/SGD,1,SGD < 50,amtLessThan50,SGD < 50,std_lt_50,otherCurrencies,2026-08-21 21:15:00,2026-08-21 13:15:13,2026-08-21T13:25:16.271626+00:00,0.3177,,,,
standardized,dbs,NOK,SGD,NOK/SGD,1,SGD 50 – 200,amtBtw50And200,"SGD 200 – 39,999.99",std_200_40k,mainCurrencies,2026-08-21 21:15:00,2026-08-21 13:15:13,2026-08-21T13:25:16.271626+00:00,0.1386,0.1347,0.13665,1.427003293084528,1.427003293084528
standardized,dbs,NOK,SGD,NOK/SGD,1,SGD 50 – 200,amtBtw50And200,"SGD 40,000 – 100,000",std_40k_100k,mainCurrencies,2026-08-21 21:15:00,2026-08-21 13:15:13,2026-08-21T13:25:16.271626+00:00,0.1386,0.1347,0.13665,1.427003293084528,1.427003293084528
standardized,dbs,NOK,SGD,NOK/SGD,1,SGD 50 – 200,amtBtw50And200,SGD 50 – 200,std_50_200,mainCurrencies,2026-08-21 21:15:00,2026-08-21 13:15:13,2026-08-21T13:25:16.271626+00:00,0.1386,0.1347,0.13665,1.427003293084528,1.427003293084528
standardized,dbs,NOK,SGD,NOK/SGD,1,SGD < 50,amtLessThan50,SGD < 50,std_lt_50,mainCurrencies,2026-08-21 21:15:00,2026-08-21 13:15:13,2026-08-21T13:25:16.271626+00:00,0.139,0.1344,0.1367,1.6825164594001643,1.6825164594001438
standardized,dbs,NZD,SGD,NZD/SGD,1,SGD 50 – 200,amtBtw50And200,"SGD 200 – 39,999.99",std_200_40k,mainCurrencies,2026-08-21 21:15:00,2026-08-21 13:15:13,2026-08-21T13:25:16.271626+00:00,0.7679,0.7503,0.7591,1.1592675536819959,1.1592675536819959
standardized,dbs,NZD,SGD,NZD/SGD,1,SGD 50 – 200,amtBtw50And200,"SGD 40,000 – 100,000",std_40k_100k,mainCurrencies,2026-08-21 21:15:00,2026-08-21 13:15:13,2026-08-21T13:25:16.271626+00:00,0.7679,0.7503,0.7591,1.1592675536819959,1.1592675536819959
standardized,dbs,NZD,SGD,NZD/SGD,1,SGD 50 – 200,amtBtw50And200,SGD 50 – 200,std_50_200,mainCurrencies,2026-08-21 21:15:00,2026-08-21 13:15:13,2026-08-21T13:25:16.271626+00:00,0.7679,0.7503,0.7591,1.1592675536819959,1.1592675536819959
standardized,dbs,NZD,SGD,NZD/SGD,1,SGD < 50,amtLessThan50,SGD < 50,std_lt_50,mainCurrencies,2026-08-21 21:15:00,2026-08-21 13:15:13,2026-08-21T13:25:16.271626+00:00,0.7687,0.7495,0.7591000000000001,1.2646555131076198,1.2646555131076342
standardized,dbs,OMR,SGD,OMR/SGD,1,SGD 50 – 200,amtBtw50And200,"SGD 200 – 39,999.99",std_200_40k,otherCurrencies,2026-08-21 21:15:00,2026-08-21 13:15:13,2026-08-21T13:25:16.271626+00:00,3.3194,,,,
standardized,dbs,OMR,SGD,OMR/SGD,1,SGD 50 – 200,amtBtw50And200,"SGD 40,000 – 100,000",std_40k_100k,otherCurrencies,2026-08-21 21:15:00,2026-08-21 13:15:13,2026-08-21T13:25:16.271626+00:00,3.3194,,,,
standardized,dbs,OMR,SGD,OMR/SGD,1,SGD 50 – 200,amtBtw50And200,SGD 50 – 200,std_50_200,otherCurrencies,2026-08-21 21:15:00,2026-08-21 13:15:13,2026-08-21T13:25:16.271626+00:00,3.3194,,,,
standardized,dbs,OMR,SGD,OMR/SGD,1,SGD < 50,amtLessThan50,SGD < 50,std_lt_50,otherCurrencies,2026-08-21 21:15:00,2026-08-21 13:15:13,2026-08-21T13:25:16.271626+00:00,3.3195,,,,
standardized,dbs,PH0,SGD,PH0/SGD,100,SGD 50 – 200,amtBtw50And200,"SGD 200 – 39,999.99",std_200_40k,otherCurrencies,2026-08-21 21:15:00,2026-08-21 13:15:13,2026-08-21T13:25:16.271626+00:00,,2.0502,,,
standardized,dbs,PH0,SGD,PH0/SGD,100,SGD 50 – 200,amtBtw50And200,"SGD 40,000 – 100,000",std_40k_100k,otherCurrencies,2026-08-21 21:15:00,2026-08-21 13:15:13,2026-08-21T13:25:16.271626+00:00,,2.0502,,,
standardized,dbs,PH0,SGD,PH0/SGD,100,SGD 50 – 200,amtBtw50And200,SGD 50 – 200,std_50_200,otherCurrencies,2026-08-21 21:15:00,2026-08-21 13:15:13,2026-08-21T13:25:16.271626+00:00,,2.0502,,,
standardized,dbs,PH0,SGD,PH0/SGD,100,SGD < 50,amtLessThan50,SGD < 50,std_lt_50,otherCurrencies,2026-08-21 21:15:00,2026-08-21 13:15:13,2026-08-21T13:25:16.271626+00:00,,2.0503,,,
standardized,dbs,PHP,SGD,PHP/SGD,100,SGD 50 – 200,amtBtw50And200,"SGD 200 – 39,999.99",std_200_40k,otherCurrencies,2026-08-21 21:15:00,2026-08-21 13:15:13,2026-08-21T13:25:16.271626+00:00,2.0835,,,,
standardized,dbs,PHP,SGD,PHP/SGD,100,SGD 50 – 200,amtBtw50And200,"SGD 40,000 – 100,000",std_40k_100k,otherCurrencies,2026-08-21 21:15:00,2026-08-21 13:15:13,2026-08-21T13:25:16.271626+00:00,2.0835,,,,
standardized,dbs,PHP,SGD,PHP/SGD,100,SGD 50 – 200,amtBtw50And200,SGD 50 – 200,std_50_200,otherCurrencies,2026-08-21 21:15:00,2026-08-21 13:15:13,2026-08-21T13:25:16.271626+00:00,2.0835,,,,
standardized,dbs,PHP,SGD,PHP/SGD,100,SGD < 50,amtLessThan50,SGD < 50,std_lt_50,otherCurrencies,2026-08-21 21:15:00,2026-08-21 13:15:13,2026-08-21T13:25:16.271626+00:00,2.0993,,,,
standardized,dbs,PLN,SGD,PLN/SGD,1,SGD 50 – 200,amtBtw50And200,"SGD 200 – 39,999.99",std_200_40k,otherCurrencies,2026-08-21 21:15:00,2026-08-21 13:15:13,2026-08-21T13:25:16.271626+00:00,0.3498,,,,
standardized,dbs,PLN,SGD,PLN/SGD,1,SGD 50 – 200,amtBtw50And200,"SGD 40,000 – 100,000",std_40k_100k,otherCurrencies,2026-08-21 21:15:00,2026-08-21 13:15:13,2026-08-21T13:25:16.271626+00:00,0.3498,,,,
standardized,dbs,PLN,SGD,PLN/SGD,1,SGD 50 – 200,amtBtw50And200,SGD 50 – 200,std_50_200,otherCurrencies,2026-08-21 21:15:00,2026-08-21 13:15:13,2026-08-21T13:25:16.271626+00:00,0.3498,,,,
standardized,dbs,PLN,SGD,PLN/SGD,1,SGD < 50,amtLessThan50,SGD < 50,std_lt_50,otherCurrencies,2026-08-21 21:15:00,2026-08-21 13:15:13,2026-08-21T13:25:16.271626+00:00,0.3512,,,,
standardized,dbs,QAR,SGD,QAR/SGD,1,SGD 50 – 200,amtBtw50And200,"SGD 200 – 39,999.99",std_200_40k,otherCurrencies,2026-08-21 21:15:00,2026-08-21 13:15:13,2026-08-21T13:25:16.271626+00:00,0.356,,,,
standardized,dbs,QAR,SGD,QAR/SGD,1,SGD 50 – 200,amtBtw50And200,"SGD 40,000 – 100,000",std_40k_100k,otherCurrencies,2026-08-21 21:15:00,2026-08-21 13:15:13,2026-08-21T13:25:16.271626+00:00,0.356,,,,
standardized,dbs,QAR,SGD,QAR/SGD,1,SGD 50 – 200,amtBtw50And200,SGD 50 – 200,std_50_200,otherCurrencies,2026-08-21 21:15:00,2026-08-21 13:15:13,2026-08-21T13:25:16.271626+00:00,0.356,,,,
standardized,dbs,QAR,SGD,QAR/SGD,1,SGD < 50,amtLessThan50,SGD < 50,std_lt_50,otherCurrencies,2026-08-21 21:15:00,2026-08-21 13:15:13,2026-08-21T13:25:16.271626+00:00,0.3574,,,,
standardized,dbs,RUB,SGD,RUB/SGD,100,SGD 50 – 200,amtBtw50And200,"SGD 200 – 39,999.99",std_200_40k,mainCurrencies,2026-08-21 21:15:00,2026-08-21 13:15:13,2026-08-21T13:25:16.271626+00:00,,,,,
standardized,dbs,RUB,SGD,RUB/SGD,100,SGD 50 – 200,amtBtw50And200,"SGD 40,000 – 100,000",std_40k_100k,mainCurrencies,2026-08-21 21:15:00,2026-08-21 13:15:13,2026-08-21T13:25:16.271626+00:00,,,,,
standardized,dbs,RUB,SGD,RUB/SGD,100,SGD 50 – 200,amtBtw50And200,SGD 50 – 200,std_50_200,mainCurrencies,2026-08-21 21:15:00,2026-08-21 13:15:13,2026-08-21T13:25:16.271626+00:00,,,,,
standardized,dbs,RUB,SGD,RUB/SGD,100,SGD < 50,amtLessThan50,SGD < 50,std_lt_50,mainCurrencies,2026-08-21 21:15:00,2026-08-21 13:15:13,2026-08-21T13:25:16.271626+00:00,,,,,
standardized,dbs,SAR,SGD,SAR/SGD,100,SGD 50 – 200,amtBtw50And200,"SGD 200 – 39,999.99",std_200_40k,otherCurrencies,2026-08-21 21:15:00,2026-08-21 13:15:13,2026-08-21T13:25:16.271626+00:00,34.232,,,,
standardized,dbs,SAR,SGD,SAR/SGD,100,SGD 50 – 200,amtBtw50And200,"SGD 40,000 – 100,000",std_40k_100k,otherCurrencies,2026-08-21 21:15:00,2026-08-21 13:15:13,2026-08-21T13:25:16.271626+00:00,34.232,,,,
standardized,dbs,SAR,SGD,SAR/SGD,100,SGD 50 – 200,amtBtw50And200,SGD 50 – 200,std_50_200,otherCurrencies,2026-08-21 21:15:00,2026-08-21 13:15:13,2026-08-21T13:25:16.271626+00:00,34.232,,,,
standardized,dbs,SAR,SGD,SAR/SGD,100,SGD < 50,amtLessThan50,SGD < 50,std_lt_50,otherCurrencies,2026-08-21 21:15:00,2026-08-21 13:15:13,2026-08-21T13:25:16.271626+00:00,34.2331,,,,
standardized,dbs,SEK,SGD,SEK/SGD,1,SGD 50 – 200,amtBtw50And200,"SGD 200 – 39,999.99",std_200_40k,mainCurrencies,2026-08-21 21:15:00,2026-08-21 13:15:13,2026-08-21T13:25:16.271626+00:00,0.136,0.1323,0.13415,1.379053298546417,1.3790532985463964
standardized,dbs,SEK,SGD,SEK/SGD,1,SGD 50 – 200,amtBtw50And200,"SGD 40,000 – 100,000",std_40k_100k,mainCurrencies,2026-08-21 21:15:00,2026-08-21 13:15:13,2026-08-21T13:25:16.271626+00:00,0.136,0.1323,0.13415,1.379053298546417,1.3790532985463964
standardized,dbs,SEK,SGD,SEK/SGD,1,SGD 50 – 200,amtBtw50And200,SGD 50 – 200,std_50_200,mainCurrencies,2026-08-21 21:15:00,2026-08-21 13:15:13,2026-08-21T13:25:16.271626+00:00,0.136,0.1323,0.13415,1.379053298546417,1.3790532985463964
standardized,dbs,SEK,SGD,SEK/SGD,1,SGD < 50,amtLessThan50,SGD < 50,std_lt_50,mainCurrencies,2026-08-21 21:15:00,2026-08-21 13:15:13,2026-08-21T13:25:16.271626+00:00,0.1365,0.1318,0.13415,1.7517704062616615,1.7517704062616408
standardized,dbs,THB,SGD,THB/SGD,100,SGD 50 – 200,amtBtw50And200,"SGD 200 – 39,999.99",std_200_40k,mainCurrencies,2026-08-21 21:15:00,2026-08-21 13:15:13,2026-08-21T13:25:16.271626+00:00,3.9491,3.8305,3.8898,1.524499974291735,1.5244999742917464
standardized,dbs,THB,SGD,THB/SGD,100,SGD 50 – 200,amtBtw50And200,"SGD 40,000 – 100,000",std_40k_100k,mainCurrencies,2026-08-21 21:15:00,2026-08-21 13:15:13,2026-08-21T13:25:16.271626+00:00,3.9491,3.8305,3.8898,1.524499974291735,1.5244999742917464
standardized,dbs,THB,SGD,THB/SGD,100,SGD 50 – 200,amtBtw50And200,SGD 50 – 200,std_50_200,mainCurrencies,2026-08-21 21:15:00,2026-08-21 13:15:13,2026-08-21T13:25:16.271626+00:00,3.9491,3.8305,3.8898,1.524499974291735,1.5244999742917464
standardized,dbs,THB,SGD,THB/SGD,100,SGD < 50,amtLessThan50,SGD < 50,std_lt_50,mainCurrencies,2026-08-21 21:15:00,2026-08-21 13:15:13,2026-08-21T13:25:16.271626+00:00,3.9529,3.8258,3.8893500000000003,1.6339491174617808,1.6339491174617922
standardized,dbs,TND,SGD,TND/SGD,1,SGD 50 – 200,amtBtw50And200,"SGD 200 – 39,999.99",std_200_40k,otherCurrencies,2026-08-21 21:15:00,2026-08-21 13:15:13,2026-08-21T13:25:16.271626+00:00,0.4448,,,,
standardized,dbs,TND,SGD,TND/SGD,1,SGD 50 – 200,amtBtw50And200,"SGD 40,000 – 100,000",std_40k_100k,otherCurrencies,2026-08-21 21:15:00,2026-08-21 13:15:13,2026-08-21T13:25:16.271626+00:00,0.4448,,,,
standardized,dbs,TND,SGD,TND/SGD,1,SGD 50 – 200,amtBtw50And200,SGD 50 – 200,std_50_200,otherCurrencies,2026-08-21 21:15:00,2026-08-21 13:15:13,2026-08-21T13:25:16.271626+00:00,0.4448,,,,
standardized,dbs,TND,SGD,TND/SGD,1,SGD < 50,amtLessThan50,SGD < 50,std_lt_50,otherCurrencies,2026-08-21 21:15:00,2026-08-21 13:15:13,2026-08-21T13:25:16.271626+00:00,0.4448,,,,
standardized,dbs,TWD,SGD,TWD/SGD,100,SGD 50 – 200,amtBtw50And200,"SGD 200 – 39,999.99",std_200_40k,otherCurrencies,2026-08-21 21:15:00,2026-08-21 13:15:13,2026-08-21T13:25:16.271626+00:00,4.0337,,,,
standardized,dbs,TWD,SGD,TWD/SGD,100,SGD 50 – 200,amtBtw50And200,"SGD 40,000 – 100,000",std_40k_100k,otherCurrencies,2026-08-21 21:15:00,2026-08-21 13:15:13,2026-08-21T13:25:16.271626+00:00,4.0337,,,,
standardized,dbs,TWD,SGD,TWD/SGD,100,SGD 50 – 200,amtBtw50And200,SGD 50 – 200,std_50_200,otherCurrencies,2026-08-21 21:15:00,2026-08-21 13:15:13,2026-08-21T13:25:16.271626+00:00,4.0337,,,,
standardized,dbs,TWD,SGD,TWD/SGD,100,SGD < 50,amtLessThan50,SGD < 50,std_lt_50,otherCurrencies,2026-08-21 21:15:00,2026-08-21 13:15:13,2026-08-21T13:25:16.271626+00:00,4.0378,,,,
standardized,dbs,USD,SGD,USD/SGD,1,SGD 50 – 200,amtBtw50And200,"SGD 200 – 39,999.99",std_200_40k,mainCurrencies,2026-08-21 21:15:00,2026-08-21 13:15:13,2026-08-21T13:25:16.271626+00:00,1.2787,1.2601,1.2694,0.732629588782091,0.7326295887821085
standardized,dbs,USD,SGD,USD/SGD,1,SGD 50 – 200,amtBtw50And200,"SGD 40,000 – 100,000",std_40k_100k,mainCurrencies,2026-08-21 21:15:00,2026-08-21 13:15:13,2026-08-21T13:25:16.271626+00:00,1.2787,1.2601,1.2694,0.732629588782091,0.7326295887821085
standardized,dbs,USD,SGD,USD/SGD,1,SGD 50 – 200,amtBtw50And200,SGD 50 – 200,std_50_200,mainCurrencies,2026-08-21 21:15:00,2026-08-21 13:15:13,2026-08-21T13:25:16.271626+00:00,1.2787,1.2601,1.2694,0.732629588782091,0.7326295887821085
standardized,dbs,USD,SGD,USD/SGD,1,SGD < 50,amtLessThan50,SGD < 50,std_lt_50,mainCurrencies,2026-08-21 21:15:00,2026-08-21 13:15:13,2026-08-21T13:25:16.271626+00:00,1.2797,1.2592,1.26945,0.8074362913072665,0.8074362913072489
standardized,dbs,VND,SGD,VND/SGD,100,SGD 50 – 200,amtBtw50And200,"SGD 200 – 39,999.99",std_200_40k,otherCurrencies,2026-08-21 21:15:00,2026-08-21 13:15:13,2026-08-21T13:25:16.271626+00:00,0.005,,,,
standardized,dbs,VND,SGD,VND/SGD,100,SGD 50 – 200,amtBtw50And200,"SGD 40,000 – 100,000",std_40k_100k,otherCurrencies,2026-08-21 21:15:00,2026-08-21 13:15:13,2026-08-21T13:25:16.271626+00:00,0.005,,,,
standardized,dbs,VND,SGD,VND/SGD,100,SGD 50 – 200,amtBtw50And200,SGD 50 – 200,std_50_200,otherCurrencies,2026-08-21 21:15:00,2026-08-21 13:15:13,2026-08-21T13:25:16.271626+00:00,0.005,,,,
standardized,dbs,VND,SGD,VND/SGD,100,SGD < 50,amtLessThan50,SGD < 50,std_lt_50,otherCurrencies,2026-08-21 21:15:00,2026-08-21 13:15:13,2026-08-21T13:25:16.271626+00:00,0.005,,,,
standardized,dbs,XAU,SGD,XAU/SGD,1,SGD 50 – 200,amtBtw50And200,"SGD 200 – 39,999.99",std_200_40k,otherCurrencies,2026-08-21 21:15:00,2026-08-21 13:15:13,2026-08-21T13:25:16.271626+00:00,5854.743,5783.732,5819.2375,0.6101400741935727,0.6101400741935727
standardized,dbs,XAU,SGD,XAU/SGD,1,SGD 50 – 200,amtBtw50And200,"SGD 40,000 – 100,000",std_40k_100k,otherCurrencies,2026-08-21 21:15:00,2026-08-21 13:15:13,2026-08-21T13:25:16.271626+00:00,5854.743,5783.732,5819.2375,0.6101400741935727,0.6101400741935727
standardized,dbs,XAU,SGD,XAU/SGD,1,SGD 50 – 200,amtBtw50And200,SGD 50 – 200,std_50_200,otherCurrencies,2026-08-21 21:15:00,2026-08-21 13:15:13,2026-08-21T13:25:16.271626+00:00,5854.743,5783.732,5819.2375,0.6101400741935727,0.6101400741935727
standardized,dbs,XAU,SGD,XAU/SGD,1,SGD < 50,amtLessThan50,SGD < 50,std_lt_50,otherCurrencies,2026-08-21 21:15:00,2026-08-21 13:15:13,2026-08-21T13:25:16.271626+00:00,5854.408,5783.525,5818.9665,0.6090686378758136,0.6090686378758292
standardized,dbs,ZAR,SGD,ZAR/SGD,1,SGD 50 – 200,amtBtw50And200,"SGD 200 – 39,999.99",std_200_40k,otherCurrencies,2026-08-21 21:15:00,2026-08-21 13:15:13,2026-08-21T13:25:16.271626+00:00,0.0803,0.0783,0.0793,1.261034047919295,1.261034047919295
standardized,dbs,ZAR,SGD,ZAR/SGD,1,SGD 50 – 200,amtBtw50And200,"SGD 40,000 – 100,000",std_40k_100k,otherCurrencies,2026-08-21 21:15:00,2026-08-21 13:15:13,2026-08-21T13:25:16.271626+00:00,0.0803,0.0783,0.0793,1.261034047919295,1.261034047919295
standardized,dbs,ZAR,SGD,ZAR/SGD,1,SGD 50 – 200,amtBtw50And200,SGD 50 – 200,std_50_200,otherCurrencies,2026-08-21 21:15:00,2026-08-21 13:15:13,2026-08-21T13:25:16.271626+00:00,0.0803,0.0783,0.0793,1.261034047919295,1.261034047919295
standardized,dbs,ZAR,SGD,ZAR/SGD,1,SGD < 50,amtLessThan50,SGD < 50,std_lt_50,otherCurrencies,2026-08-21 21:15:00,2026-08-21 13:15:13,2026-08-21T13:25:16.271626+00:00,0.0806,0.078,0.07930000000000001,1.6393442622950762,1.6393442622950938
standardized,hsbc,AED,SGD,AED/SGD,100,Indicative board,board,"SGD 200 – 39,999.99",std_200_40k,indicative_fx,2026-8-21,2026-8-21,2026-08-21T13:25:20.293287+00:00,35.74,33.49,34.615,3.25003611151235,3.25003611151235
standardized,hsbc,AED,SGD,AED/SGD,100,Indicative board,board,"SGD 40,000 – 100,000",std_40k_100k,indicative_fx,2026-8-21,2026-8-21,2026-08-21T13:25:20.293287+00:00,35.74,33.49,34.615,3.25003611151235,3.25003611151235
standardized,hsbc,AED,SGD,AED/SGD,100,Indicative board,board,SGD 50 – 200,std_50_200,indicative_fx,2026-8-21,2026-8-21,2026-08-21T13:25:20.293287+00:00,35.74,33.49,34.615,3.25003611151235,3.25003611151235
standardized,hsbc,AED,SGD,AED/SGD,100,Indicative board,board,SGD < 50,std_lt_50,indicative_fx,2026-8-21,2026-8-21,2026-08-21T13:25:20.293287+00:00,35.74,33.49,34.615,3.25003611151235,3.25003611151235
standardized,hsbc,AUD,SGD,AUD/SGD,1,Indicative board,board,"SGD 200 – 39,999.99",std_200_40k,indicative_fx,2026-8-21,2026-8-21,2026-08-21T13:25:20.293287+00:00,0.9327,0.8782,0.90545,3.009553260809542,3.009553260809542
standardized,hsbc,AUD,SGD,AUD/SGD,1,Indicative board,board,"SGD 40,000 – 100,000",std_40k_100k,indicative_fx,2026-8-21,2026-8-21,2026-08-21T13:25:20.293287+00:00,0.9327,0.8782,0.90545,3.009553260809542,3.009553260809542
standardized,hsbc,AUD,SGD,AUD/SGD,1,Indicative board,board,SGD 50 – 200,std_50_200,indicative_fx,2026-8-21,2026-8-21,2026-08-21T13:25:20.293287+00:00,0.9327,0.8782,0.90545,3.009553260809542,3.009553260809542
standardized,hsbc,AUD,SGD,AUD/SGD,1,Indicative board,board,SGD < 50,std_lt_50,indicative_fx,2026-8-21,2026-8-21,2026-08-21T13:25:20.293287+00:00,0.9327,0.8782,0.90545,3.009553260809542,3.009553260809542
standardized,hsbc,CAD,SGD,CAD/SGD,1,Indicative board,board,"SGD 200 – 39,999.99",std_200_40k,indicative_fx,2026-8-21,2026-8-21,2026-08-21T13:25:20.293287+00:00,0.9505,0.8949,0.9227000000000001,3.0128969329142663,3.0128969329142783
standardized,hsbc,CAD,SGD,CAD/SGD,1,Indicative board,board,"SGD 40,000 – 100,000",std_40k_100k,indicative_fx,2026-8-21,2026-8-21,2026-08-21T13:25:20.293287+00:00,0.9505,0.8949,0.9227000000000001,3.0128969329142663,3.0128969329142783
standardized,hsbc,CAD,SGD,CAD/SGD,1,Indicative board,board,SGD 50 – 200,std_50_200,indicative_fx,2026-8-21,2026-8-21,2026-08-21T13:25:20.293287+00:00,0.9505,0.8949,0.9227000000000001,3.0128969329142663,3.0128969329142783
standardized,hsbc,CAD,SGD,CAD/SGD,1,Indicative board,board,SGD < 50,std_lt_50,indicative_fx,2026-8-21,2026-8-21,2026-08-21T13:25:20.293287+00:00,0.9505,0.8949,0.9227000000000001,3.0128969329142663,3.0128969329142783
standardized,hsbc,CHF,SGD,CHF/SGD,100,Indicative board,board,"SGD 200 – 39,999.99",std_200_40k,indicative_fx,2026-8-21,2026-8-21,2026-08-21T13:25:20.293287+00:00,163.72,154.14,158.93,3.013905492984328,3.0139054929843456
standardized,hsbc,CHF,SGD,CHF/SGD,100,Indicative board,board,"SGD 40,000 – 100,000",std_40k_100k,indicative_fx,2026-8-21,2026-8-21,2026-08-21T13:25:20.293287+00:00,163.72,154.14,158.93,3.013905492984328,3.0139054929843456
standardized,hsbc,CHF,SGD,CHF/SGD,100,Indicative board,board,SGD 50 – 200,std_50_200,indicative_fx,2026-8-21,2026-8-21,2026-08-21T13:25:20.293287+00:00,163.72,154.14,158.93,3.013905492984328,3.0139054929843456
standardized,hsbc,CHF,SGD,CHF/SGD,100,Indicative board,board,SGD < 50,std_lt_50,indicative_fx,2026-8-21,2026-8-21,2026-08-21T13:25:20.293287+00:00,163.72,154.14,158.93,3.013905492984328,3.0139054929843456
standardized,hsbc,CNY,SGD,CNY/SGD,100,Indicative board,board,"SGD 200 – 39,999.99",std_200_40k,indicative_fx,2026-8-21,2026-8-21,2026-08-21T13:25:20.293287+00:00,19.52,18.29,18.905,3.2531076434805524,3.253107643480571
standardized,hsbc,CNY,SGD,CNY/SGD,100,Indicative board,board,"SGD 40,000 – 100,000",std_40k_100k,indicative_fx,2026-8-21,2026-8-21,2026-08-21T13:25:20.293287+00:00,19.52,18.29,18.905,3.2531076434805524,3.253107643480571
standardized,hsbc,CNY,SGD,CNY/SGD,100,Indicative board,board,SGD 50 – 200,std_50_200,indicative_fx,2026-8-21,2026-8-21,2026-08-21T13:25:20.293287+00:00,19.52,18.29,18.905,3.2531076434805524,3.253107643480571
standardized,hsbc,CNY,SGD,CNY/SGD,100,Indicative board,board,SGD < 50,std_lt_50,indicative_fx,2026-8-21,2026-8-21,2026-08-21T13:25:20.293287+00:00,19.52,18.29,18.905,3.2531076434805524,3.253107643480571
standardized,hsbc,DKK,SGD,DKK/SGD,100,Indicative board,board,"SGD 200 – 39,999.99",std_200_40k,indicative_fx,2026-8-21,2026-8-21,2026-08-21T13:25:20.293287+00:00,20.47,19.28,19.875,2.993710691823894,2.993710691823894
standardized,hsbc,DKK,SGD,DKK/SGD,100,Indicative board,board,"SGD 40,000 – 100,000",std_40k_100k,indicative_fx,2026-8-21,2026-8-21,2026-08-21T13:25:20.293287+00:00,20.47,19.28,19.875,2.993710691823894,2.993710691823894
standardized,hsbc,DKK,SGD,DKK/SGD,100,Indicative board,board,SGD 50 – 200,std_50_200,indicative_fx,2026-8-21,2026-8-21,2026-08-21T13:25:20.293287+00:00,20.47,19.28,19.875,2.993710691823894,2.993710691823894
standardized,hsbc,DKK,SGD,DKK/SGD,100,Indicative board,board,SGD < 50,std_lt_50,indicative_fx,2026-8-21,2026-8-21,2026-08-21T13:25:20.293287+00:00,20.47,19.28,19.875,2.993710691823894,2.993710691823894
standardized,hsbc,EUR,SGD,EUR/SGD,1,Indicative board,board,"SGD 200 – 39,999.99",std_200_40k,indicative_fx,2026-8-21,2026-8-21,2026-08-21T13:25:20.293287+00:00,1.5304,1.4411,1.48575,3.0052162207639297,3.0052162207639146
standardized,hsbc,EUR,SGD,EUR/SGD,1,Indicative board,board,"SGD 40,000 – 100,000",std_40k_100k,indicative_fx,2026-8-21,2026-8-21,2026-08-21T13:25:20.293287+00:00,1.5304,1.4411,1.48575,3.0052162207639297,3.0052162207639146
standardized,hsbc,EUR,SGD,EUR/SGD,1,Indicative board,board,SGD 50 – 200,std_50_200,indicative_fx,2026-8-21,2026-8-21,2026-08-21T13:25:20.293287+00:00,1.5304,1.4411,1.48575,3.0052162207639297,3.0052162207639146
standardized,hsbc,EUR,SGD,EUR/SGD,1,Indicative board,board,SGD < 50,std_lt_50,indicative_fx,2026-8-21,2026-8-21,2026-08-21T13:25:20.293287+00:00,1.5304,1.4411,1.48575,3.0052162207639297,3.0052162207639146
standardized,hsbc,FJD,SGD,FJD/SGD,1,Indicative board,board,"SGD 200 – 39,999.99",std_200_40k,indicative_fx,2026-8-21,2026-8-21,2026-08-21T13:25:20.293287+00:00,0.6044,,,,
standardized,hsbc,FJD,SGD,FJD/SGD,1,Indicative board,board,"SGD 40,000 – 100,000",std_40k_100k,indicative_fx,2026-8-21,2026-8-21,2026-08-21T13:25:20.293287+00:00,0.6044,,,,
standardized,hsbc,FJD,SGD,FJD/SGD,1,Indicative board,board,SGD 50 – 200,std_50_200,indicative_fx,2026-8-21,2026-8-21,2026-08-21T13:25:20.293287+00:00,0.6044,,,,
standardized,hsbc,FJD,SGD,FJD/SGD,1,Indicative board,board,SGD < 50,std_lt_50,indicative_fx,2026-8-21,2026-8-21,2026-08-21T13:25:20.293287+00:00,0.6044,,,,
standardized,hsbc,GBP,SGD,GBP/SGD,1,Indicative board,board,"SGD 200 – 39,999.99",std_200_40k,indicative_fx,2026-8-21,2026-8-21,2026-08-21T13:25:20.293287+00:00,1.7864,1.682,1.7342,3.010033444816055,3.010033444816055
standardized,hsbc,GBP,SGD,GBP/SGD,1,Indicative board,board,"SGD 40,000 – 100,000",std_40k_100k,indicative_fx,2026-8-21,2026-8-21,2026-08-21T13:25:20.293287+00:00,1.7864,1.682,1.7342,3.010033444816055,3.010033444816055
standardized,hsbc,GBP,SGD,GBP/SGD,1,Indicative board,board,SGD 50 – 200,std_50_200,indicative_fx,2026-8-21,2026-8-21,2026-08-21T13:25:20.293287+00:00,1.7864,1.682,1.7342,3.010033444816055,3.010033444816055
standardized,hsbc,GBP,SGD,GBP/SGD,1,Indicative board,board,SGD < 50,std_lt_50,indicative_fx,2026-8-21,2026-8-21,2026-08-21T13:25:20.293287+00:00,1.7864,1.682,1.7342,3.010033444816055,3.010033444816055
standardized,hsbc,HKD,SGD,HKD/SGD,100,Indicative board,board,"SGD 200 – 39,999.99",std_200_40k,indicative_fx,2026-8-21,2026-8-21,2026-08-21T13:25:20.293287+00:00,16.41,16.0,16.205,1.2650416538105638,1.2650416538105418
standardized,hsbc,HKD,SGD,HKD/SGD,100,Indicative board,board,"SGD 40,000 – 100,000",std_40k_100k,indicative_fx,2026-8-21,2026-8-21,2026-08-21T13:25:20.293287+00:00,16.41,16.0,16.205,1.2650416538105638,1.2650416538105418
standardized,hsbc,HKD,SGD,HKD/SGD,100,Indicative board,board,SGD 50 – 200,std_50_200,indicative_fx,2026-8-21,2026-8-21,2026-08-21T13:25:20.293287+00:00,16.41,16.0,16.205,1.2650416538105638,1.2650416538105418
standardized,hsbc,HKD,SGD,HKD/SGD,100,Indicative board,board,SGD < 50,std_lt_50,indicative_fx,2026-8-21,2026-8-21,2026-08-21T13:25:20.293287+00:00,16.41,16.0,16.205,1.2650416538105638,1.2650416538105418
standardized,hsbc,IDR,SGD,IDR/SGD,100,Indicative board,board,"SGD 200 – 39,999.99",std_200_40k,indicative_fx,2026-8-21,2026-8-21,2026-08-21T13:25:20.293287+00:00,0.0074,,,,
standardized,hsbc,IDR,SGD,IDR/SGD,100,Indicative board,board,"SGD 40,000 – 100,000",std_40k_100k,indicative_fx,2026-8-21,2026-8-21,2026-08-21T13:25:20.293287+00:00,0.0074,,,,
standardized,hsbc,IDR,SGD,IDR/SGD,100,Indicative board,board,SGD 50 – 200,std_50_200,indicative_fx,2026-8-21,2026-8-21,2026-08-21T13:25:20.293287+00:00,0.0074,,,,
standardized,hsbc,IDR,SGD,IDR/SGD,100,Indicative board,board,SGD < 50,std_lt_50,indicative_fx,2026-8-21,2026-8-21,2026-08-21T13:25:20.293287+00:00,0.0074,,,,
standardized,hsbc,INR,SGD,INR/SGD,100,Indicative board,board,"SGD 200 – 39,999.99",std_200_40k,indicative_fx,2026-8-21,2026-8-21,2026-08-21T13:25:20.293287+00:00,1.37,,,,
standardized,hsbc,INR,SGD,INR/SGD,100,Indicative board,board,"SGD 40,000 – 100,000",std_40k_100k,indicative_fx,2026-8-21,2026-8-21,2026-08-21T13:25:20.293287+00:00,1.37,,,,
standardized,hsbc,INR,SGD,INR/SGD,100,Indicative board,board,SGD 50 – 200,std_50_200,indicative_fx,2026-8-21,2026-8-21,2026-08-21T13:25:20.293287+00:00,1.37,,,,
standardized,hsbc,INR,SGD,INR/SGD,100,Indicative board,board,SGD < 50,std_lt_50,indicative_fx,2026-8-21,2026-8-21,2026-08-21T13:25:20.293287+00:00,1.37,,,,
standardized,hsbc,JPY,SGD,JPY/SGD,100,Indicative board,board,"SGD 200 – 39,999.99",std_200_40k,indicative_fx,2026-8-21,2026-8-21,2026-08-21T13:25:20.293287+00:00,0.8235,0.7754,0.79945,3.00831821877541,3.00831821877541
standardized,hsbc,JPY,SGD,JPY/SGD,100,Indicative board,board,"SGD 40,000 – 100,000",std_40k_100k,indicative_fx,2026-8-21,2026-8-21,2026-08-21T13:25:20.293287+00:00,0.8235,0.7754,0.79945,3.00831821877541,3.00831821877541
standardized,hsbc,JPY,SGD,JPY/SGD,100,Indicative board,board,SGD 50 – 200,std_50_200,indicative_fx,2026-8-21,2026-8-21,2026-08-21T13:25:20.293287+00:00,0.8235,0.7754,0.79945,3.00831821877541,3.00831821877541
standardized,hsbc,JPY,SGD,JPY/SGD,100,Indicative board,board,SGD < 50,std_lt_50,indicative_fx,2026-8-21,2026-8-21,2026-08-21T13:25:20.293287+00:00,0.8235,0.7754,0.79945,3.00831821877541,3.00831821877541
standardized,hsbc,LKR,SGD,LKR/SGD,100,Indicative board,board,"SGD 200 – 39,999.99",std_200_40k,indicative_fx,2026-8-21,2026-8-21,2026-08-21T13:25:20.293287+00:00,0.4,,,,
standardized,hsbc,LKR,SGD,LKR/SGD,100,Indicative board,board,"SGD 40,000 – 100,000",std_40k_100k,indicative_fx,2026-8-21,2026-8-21,2026-08-21T13:25:20.293287+00:00,0.4,,,,
standardized,hsbc,LKR,SGD,LKR/SGD,100,Indicative board,board,SGD 50 – 200,std_50_200,indicative_fx,2026-8-21,2026-8-21,2026-08-21T13:25:20.293287+00:00,0.4,,,,
standardized,hsbc,LKR,SGD,LKR/SGD,100,Indicative board,board,SGD < 50,std_lt_50,indicative_fx,2026-8-21,2026-8-21,2026-08-21T13:25:20.293287+00:00,0.4,,,,
standardized,hsbc,MUR,SGD,MUR/SGD,100,Indicative board,board,"SGD 200 – 39,999.99",std_200_40k,indicative_fx,2026-8-21,2026-8-21,2026-08-21T13:25:20.293287+00:00,2.82,2.63,2.7249999999999996,3.4862385321100997,3.486238532110083
standardized,hsbc,MUR,SGD,MUR/SGD,100,Indicative board,board,"SGD 40,000 – 100,000",std_40k_100k,indicative_fx,2026-8-21,2026-8-21,2026-08-21T13:25:20.293287+00:00,2.82,2.63,2.7249999999999996,3.4862385321100997,3.486238532110083
standardized,hsbc,MUR,SGD,MUR/SGD,100,Indicative board,board,SGD 50 – 200,std_50_200,indicative_fx,2026-8-21,2026-8-21,2026-08-21T13:25:20.293287+00:00,2.82,2.63,2.7249999999999996,3.4862385321100997,3.486238532110083
standardized,hsbc,MUR,SGD,MUR/SGD,100,Indicative board,board,SGD < 50,std_lt_50,indicative_fx,2026-8-21,2026-8-21,2026-08-21T13:25:20.293287+00:00,2.82,2.63,2.7249999999999996,3.4862385321100997,3.486238532110083
standardized,hsbc,NOK,SGD,NOK/SGD,100,Indicative board,board,"SGD 200 – 39,999.99",std_200_40k,indicative_fx,2026-8-21,2026-8-21,2026-08-21T13:25:20.293287+00:00,14.02,13.19,13.605,3.0503491363469246,3.050349136346938
standardized,hsbc,NOK,SGD,NOK/SGD,100,Indicative board,board,"SGD 40,000 – 100,000",std_40k_100k,indicative_fx,2026-8-21,2026-8-21,2026-08-21T13:25:20.293287+00:00,14.02,13.19,13.605,3.0503491363469246,3.050349136346938
standardized,hsbc,NOK,SGD,NOK/SGD,100,Indicative board,board,SGD 50 – 200,std_50_200,indicative_fx,2026-8-21,2026-8-21,2026-08-21T13:25:20.293287+00:00,14.02,13.19,13.605,3.0503491363469246,3.050349136346938
standardized,hsbc,NOK,SGD,NOK/SGD,100,Indicative board,board,SGD < 50,std_lt_50,indicative_fx,2026-8-21,2026-8-21,2026-08-21T13:25:20.293287+00:00,14.02,13.19,13.605,3.0503491363469246,3.050349136346938
standardized,hsbc,NZD,SGD,NZD/SGD,1,Indicative board,board,"SGD 200 – 39,999.99",std_200_40k,indicative_fx,2026-8-21,2026-8-21,2026-08-21T13:25:20.293287+00:00,0.78,0.7344,0.7572000000000001,3.0110935023771694,3.0110935023771845
standardized,hsbc,NZD,SGD,NZD/SGD,1,Indicative board,board,"SGD 40,000 – 100,000",std_40k_100k,indicative_fx,2026-8-21,2026-8-21,2026-08-21T13:25:20.293287+00:00,0.78,0.7344,0.7572000000000001,3.0110935023771694,3.0110935023771845
standardized,hsbc,NZD,SGD,NZD/SGD,1,Indicative board,board,SGD 50 – 200,std_50_200,indicative_fx,2026-8-21,2026-8-21,2026-08-21T13:25:20.293287+00:00,0.78,0.7344,0.7572000000000001,3.0110935023771694,3.0110935023771845
standardized,hsbc,NZD,SGD,NZD/SGD,1,Indicative board,board,SGD < 50,std_lt_50,indicative_fx,2026-8-21,2026-8-21,2026-08-21T13:25:20.293287+00:00,0.78,0.7344,0.7572000000000001,3.0110935023771694,3.0110935023771845
standardized,hsbc,PHP,SGD,PHP/SGD,100,Indicative board,board,"SGD 200 – 39,999.99",std_200_40k,indicative_fx,2026-8-21,2026-8-21,2026-08-21T13:25:20.293287+00:00,2.13,,,,
standardized,hsbc,PHP,SGD,PHP/SGD,100,Indicative board,board,"SGD 40,000 – 100,000",std_40k_100k,indicative_fx,2026-8-21,2026-8-21,2026-08-21T13:25:20.293287+00:00,2.13,,,,
standardized,hsbc,PHP,SGD,PHP/SGD,100,Indicative board,board,SGD 50 – 200,std_50_200,indicative_fx,2026-8-21,2026-8-21,2026-08-21T13:25:20.293287+00:00,2.13,,,,
standardized,hsbc,PHP,SGD,PHP/SGD,100,Indicative board,board,SGD < 50,std_lt_50,indicative_fx,2026-8-21,2026-8-21,2026-08-21T13:25:20.293287+00:00,2.13,,,,
standardized,hsbc,PKR,SGD,PKR/SGD,100,Indicative board,board,"SGD 200 – 39,999.99",std_200_40k,indicative_fx,2026-8-21,2026-8-21,2026-08-21T13:25:20.293287+00:00,0.47,,,,
standardized,hsbc,PKR,SGD,PKR/SGD,100,Indicative board,board,"SGD 40,000 – 100,000",std_40k_100k,indicative_fx,2026-8-21,2026-8-21,2026-08-21T13:25:20.293287+00:00,0.47,,,,
standardized,hsbc,PKR,SGD,PKR/SGD,100,Indicative board,board,SGD 50 – 200,std_50_200,indicative_fx,2026-8-21,2026-8-21,2026-08-21T13:25:20.293287+00:00,0.47,,,,
standardized,hsbc,PKR,SGD,PKR/SGD,100,Indicative board,board,SGD < 50,std_lt_50,indicative_fx,2026-8-21,2026-8-21,2026-08-21T13:25:20.293287+00:00,0.47,,,,
standardized,hsbc,QAR,SGD,QAR/SGD,100,Indicative board,board,"SGD 200 – 39,999.99",std_200_40k,indicative_fx,2026-8-21,2026-8-21,2026-08-21T13:25:20.293287+00:00,35.34,34.41,34.875,1.333333333333343,1.333333333333343
standardized,hsbc,QAR,SGD,QAR/SGD,100,Indicative board,board,"SGD 40,000 – 100,000",std_40k_100k,indicative_fx,2026-8-21,2026-8-21,2026-08-21T13:25:20.293287+00:00,35.34,34.41,34.875,1.333333333333343,1.333333333333343
standardized,hsbc,QAR,SGD,QAR/SGD,100,Indicative board,board,SGD 50 – 200,std_50_200,indicative_fx,2026-8-21,2026-8-21,2026-08-21T13:25:20.293287+00:00,35.34,34.41,34.875,1.333333333333343,1.333333333333343
standardized,hsbc,QAR,SGD,QAR/SGD,100,Indicative board,board,SGD < 50,std_lt_50,indicative_fx,2026-8-21,2026-8-21,2026-08-21T13:25:20.293287+00:00,35.34,34.41,34.875,1.333333333333343,1.333333333333343
standardized,hsbc,RUB,SGD,RUB/SGD,100,Indicative board,board,"SGD 200 – 39,999.99",std_200_40k,indicative_fx,2026-8-21,2026-8-21,2026-08-21T13:25:20.293287+00:00,16.04,14.67,15.355,4.461087593617705,4.461087593617717
standardized,hsbc,RUB,SGD,RUB/SGD,100,Indicative board,board,"SGD 40,000 – 100,000",std_40k_100k,indicative_fx,2026-8-21,2026-8-21,2026-08-21T13:25:20.293287+00:00,16.04,14.67,15.355,4.461087593617705,4.461087593617717
standardized,hsbc,RUB,SGD,RUB/SGD,100,Indicative board,board,SGD 50 – 200,std_50_200,indicative_fx,2026-8-21,2026-8-21,2026-08-21T13:25:20.293287+00:00,16.04,14.67,15.355,4.461087593617705,4.461087593617717
standardized,hsbc,RUB,SGD,RUB/SGD,100,Indicative board,board,SGD < 50,std_lt_50,indicative_fx,2026-8-21,2026-8-21,2026-08-21T13:25:20.293287+00:00,16.04,14.67,15.355,4.461087593617705,4.461087593617717
standardized,hsbc,SAR,SGD,SAR/SGD,100,Indicative board,board,"SGD 200 – 39,999.99",std_200_40k,indicative_fx,2026-8-21,2026-8-21,2026-08-21T13:25:20.293287+00:00,34.28,33.43,33.855000000000004,1.2553537143700992,1.25535371437012
standardized,hsbc,SAR,SGD,SAR/SGD,100,Indicative board,board,"SGD 40,000 – 100,000",std_40k_100k,indicative_fx,2026-8-21,2026-8-21,2026-08-21T13:25:20.293287+00:00,34.28,33.43,33.855000000000004,1.2553537143700992,1.25535371437012
standardized,hsbc,SAR,SGD,SAR/SGD,100,Indicative board,board,SGD 50 – 200,std_50_200,indicative_fx,2026-8-21,2026-8-21,2026-08-21T13:25:20.293287+00:00,34.28,33.43,33.855000000000004,1.2553537143700992,1.25535371437012
standardized,hsbc,SAR,SGD,SAR/SGD,100,Indicative board,board,SGD < 50,std_lt_50,indicative_fx,2026-8-21,2026-8-21,2026-08-21T13:25:20.293287+00:00,34.28,33.43,33.855000000000004,1.2553537143700992,1.25535371437012
standardized,hsbc,SEK,SGD,SEK/SGD,100,Indicative board,board,"SGD 200 – 39,999.99",std_200_40k,indicative_fx,2026-8-21,2026-8-21,2026-08-21T13:25:20.293287+00:00,13.82,13.01,13.415,3.019008572493486,3.019008572493473
standardized,hsbc,SEK,SGD,SEK/SGD,100,Indicative board,board,"SGD 40,000 – 100,000",std_40k_100k,indicative_fx,2026-8-21,2026-8-21,2026-08-21T13:25:20.293287+00:00,13.82,13.01,13.415,3.019008572493486,3.019008572493473
standardized,hsbc,SEK,SGD,SEK/SGD,100,Indicative board,board,SGD 50 – 200,std_50_200,indicative_fx,2026-8-21,2026-8-21,2026-08-21T13:25:20.293287+00:00,13.82,13.01,13.415,3.019008572493486,3.019008572493473
standardized,hsbc,SEK,SGD,SEK/SGD,100,Indicative board,board,SGD < 50,std_lt_50,indicative_fx,2026-8-21,2026-8-21,2026-08-21T13:25:20.293287+00:00,13.82,13.01,13.415,3.019008572493486,3.019008572493473
standardized,hsbc,THB,SGD,THB/SGD,100,Indicative board,board,"SGD 200 – 39,999.99",std_200_40k,indicative_fx,2026-8-21,2026-8-21,2026-08-21T13:25:20.293287+00:00,4.0,,,,
standardized,hsbc,THB,SGD,THB/SGD,100,Indicative board,board,"SGD 40,000 – 100,000",std_40k_100k,indicative_fx,2026-8-21,2026-8-21,2026-08-21T13:25:20.293287+00:00,4.0,,,,
standardized,hsbc,THB,SGD,THB/SGD,100,Indicative board,board,SGD 50 – 200,std_50_200,indicative_fx,2026-8-21,2026-8-21,2026-08-21T13:25:20.293287+00:00,4.0,,,,
standardized,hsbc,THB,SGD,THB/SGD,100,Indicative board,board,SGD < 50,std_lt_50,indicative_fx,2026-8-21,2026-8-21,2026-08-21T13:25:20.293287+00:00,4.0,,,,
standardized,hsbc,TRY,SGD,TRY/SGD,1,Indicative board,board,"SGD 200 – 39,999.99",std_200_40k,indicative_fx,2026-8-21,2026-8-21,2026-08-21T13:25:20.293287+00:00,0.0273,,,,
standardized,hsbc,TRY,SGD,TRY/SGD,1,Indicative board,board,"SGD 40,000 – 100,000",std_40k_100k,indicative_fx,2026-8-21,2026-8-21,2026-08-21T13:25:20.293287+00:00,0.0273,,,,
standardized,hsbc,TRY,SGD,TRY/SGD,1,Indicative board,board,SGD 50 – 200,std_50_200,indicative_fx,2026-8-21,2026-8-21,2026-08-21T13:25:20.293287+00:00,0.0273,,,,
standardized,hsbc,TRY,SGD,TRY/SGD,1,Indicative board,board,SGD < 50,std_lt_50,indicative_fx,2026-8-21,2026-8-21,2026-08-21T13:25:20.293287+00:00,0.0273,,,,
standardized,hsbc,USD,SGD,USD/SGD,1,Indicative board,board,"SGD 200 – 39,999.99",std_200_40k,indicative_fx,2026-8-21,2026-8-21,2026-08-21T13:25:20.293287+00:00,1.2967,1.2458,1.27125,2.0019665683382475,2.0019665683382475
standardized,hsbc,USD,SGD,USD/SGD,1,Indicative board,board,"SGD 40,000 – 100,000",std_40k_100k,indicative_fx,2026-8-21,2026-8-21,2026-08-21T13:25:20.293287+00:00,1.2967,1.2458,1.27125,2.0019665683382475,2.0019665683382475
standardized,hsbc,USD,SGD,USD/SGD,1,Indicative board,board,SGD 50 – 200,std_50_200,indicative_fx,2026-8-21,2026-8-21,2026-08-21T13:25:20.293287+00:00,1.2967,1.2458,1.27125,2.0019665683382475,2.0019665683382475
standardized,hsbc,USD,SGD,USD/SGD,1,Indicative board,board,SGD < 50,std_lt_50,indicative_fx,2026-8-21,2026-8-21,2026-08-21T13:25:20.293287+00:00,1.2967,1.2458,1.27125,2.0019665683382475,2.0019665683382475
standardized,hsbc,ZAR,SGD,ZAR/SGD,1,Indicative board,board,"SGD 200 – 39,999.99",std_200_40k,indicative_fx,2026-8-21,2026-8-21,2026-08-21T13:25:20.293287+00:00,0.0815,0.0763,0.0789,3.2953105196451267,3.2953105196451093
standardized,hsbc,ZAR,SGD,ZAR/SGD,1,Indicative board,board,"SGD 40,000 – 100,000",std_40k_100k,indicative_fx,2026-8-21,2026-8-21,2026-08-21T13:25:20.293287+00:00,0.0815,0.0763,0.0789,3.2953105196451267,3.2953105196451093
standardized,hsbc,ZAR,SGD,ZAR/SGD,1,Indicative board,board,SGD 50 – 200,std_50_200,indicative_fx,2026-8-21,2026-8-21,2026-08-21T13:25:20.293287+00:00,0.0815,0.0763,0.0789,3.2953105196451267,3.2953105196451093
standardized,hsbc,ZAR,SGD,ZAR/SGD,1,Indicative board,board,SGD < 50,std_lt_50,indicative_fx,2026-8-21,2026-8-21,2026-08-21T13:25:20.293287+00:00,0.0815,0.0763,0.0789,3.2953105196451267,3.2953105196451093
standardized,ocbc,AED,SGD,AED/SGD,100,"SGD 0 – 39,999.99",tier_1,"SGD 200 – 39,999.99",std_200_40k,fxRatesSgd,2026-08-21T07:00:15,2026-08-21T07:00:15,2026-08-21T13:25:17.646349+00:00,35.4357,33.4303,34.433,2.9120320622658418,2.9120320622658418
standardized,ocbc,AED,SGD,AED/SGD,100,"SGD 40,000 – 100,000",tier_2,"SGD 40,000 – 100,000",std_40k_100k,fxRatesSgd,2026-08-21T07:00:15,2026-08-21T07:00:15,2026-08-21T13:25:17.646349+00:00,35.4252,33.4474,34.433,2.8815380594197335,2.8623704004878983
standardized,ocbc,AED,SGD,AED/SGD,100,"SGD 0 – 39,999.99",tier_1,SGD 50 – 200,std_50_200,fxRatesSgd,2026-08-21T07:00:15,2026-08-21T07:00:15,2026-08-21T13:25:17.646349+00:00,35.4357,33.4303,34.433,2.9120320622658418,2.9120320622658418
standardized,ocbc,AED,SGD,AED/SGD,100,"SGD 0 – 39,999.99",tier_1,SGD < 50,std_lt_50,fxRatesSgd,2026-08-21T07:00:15,2026-08-21T07:00:15,2026-08-21T13:25:17.646349+00:00,35.4357,33.4303,34.433,2.9120320622658418,2.9120320622658418
standardized,ocbc,AUD,SGD,AUD/SGD,1,"SGD 0 – 39,999.99",tier_1,"SGD 200 – 39,999.99",std_200_40k,fxRatesSgd,2026-08-21T07:00:15,2026-08-21T07:00:15,2026-08-21T13:25:17.646349+00:00,0.9249,0.8956,0.9103,1.6038668570800898,1.614852246512144
standardized,ocbc,AUD,SGD,AUD/SGD,1,"SGD 40,000 – 100,000",tier_2,"SGD 40,000 – 100,000",std_40k_100k,fxRatesSgd,2026-08-21T07:00:15,2026-08-21T07:00:15,2026-08-21T13:25:17.646349+00:00,0.923,0.8974,0.9103,1.3951444578710364,1.4171152367351447
standardized,ocbc,AUD,SGD,AUD/SGD,1,"SGD 0 – 39,999.99",tier_1,SGD 50 – 200,std_50_200,fxRatesSgd,2026-08-21T07:00:15,2026-08-21T07:00:15,2026-08-21T13:25:17.646349+00:00,0.9249,0.8956,0.9103,1.6038668570800898,1.614852246512144
standardized,ocbc,AUD,SGD,AUD/SGD,1,"SGD 0 – 39,999.99",tier_1,SGD < 50,std_lt_50,fxRatesSgd,2026-08-21T07:00:15,2026-08-21T07:00:15,2026-08-21T13:25:17.646349+00:00,0.9249,0.8956,0.9103,1.6038668570800898,1.614852246512144
standardized,ocbc,BGN,SGD,BGN/SGD,100,"SGD 0 – 39,999.99",tier_1,"SGD 200 – 39,999.99",std_200_40k,fxRatesSgd,2026-08-21T07:00:15,2026-08-21T07:00:15,2026-08-21T13:25:17.646349+00:00,0.0,0.0,0.0,,
standardized,ocbc,BGN,SGD,BGN/SGD,100,"SGD 40,000 – 100,000",tier_2,"SGD 40,000 – 100,000",std_40k_100k,fxRatesSgd,2026-08-21T07:00:15,2026-08-21T07:00:15,2026-08-21T13:25:17.646349+00:00,0.0,0.0,0.0,,
standardized,ocbc,BGN,SGD,BGN/SGD,100,"SGD 0 – 39,999.99",tier_1,SGD 50 – 200,std_50_200,fxRatesSgd,2026-08-21T07:00:15,2026-08-21T07:00:15,2026-08-21T13:25:17.646349+00:00,0.0,0.0,0.0,,
standardized,ocbc,BGN,SGD,BGN/SGD,100,"SGD 0 – 39,999.99",tier_1,SGD < 50,std_lt_50,fxRatesSgd,2026-08-21T07:00:15,2026-08-21T07:00:15,2026-08-21T13:25:17.646349+00:00,0.0,0.0,0.0,,
standardized,ocbc,BHD,SGD,BHD/SGD,1,"SGD 0 – 39,999.99",tier_1,"SGD 200 – 39,999.99",std_200_40k,fxRatesSgd,2026-08-21T07:00:15,2026-08-21T07:00:15,2026-08-21T13:25:17.646349+00:00,0.0,0.0,0.0,,
standardized,ocbc,BHD,SGD,BHD/SGD,1,"SGD 40,000 – 100,000",tier_2,"SGD 40,000 – 100,000",std_40k_100k,fxRatesSgd,2026-08-21T07:00:15,2026-08-21T07:00:15,2026-08-21T13:25:17.646349+00:00,0.0,0.0,0.0,,
standardized,ocbc,BHD,SGD,BHD/SGD,1,"SGD 0 – 39,999.99",tier_1,SGD 50 – 200,std_50_200,fxRatesSgd,2026-08-21T07:00:15,2026-08-21T07:00:15,2026-08-21T13:25:17.646349+00:00,0.0,0.0,0.0,,
standardized,ocbc,BHD,SGD,BHD/SGD,1,"SGD 0 – 39,999.99",tier_1,SGD < 50,std_lt_50,fxRatesSgd,2026-08-21T07:00:15,2026-08-21T07:00:15,2026-08-21T13:25:17.646349+00:00,0.0,0.0,0.0,,
standardized,ocbc,CAD,SGD,CAD/SGD,1,"SGD 0 – 39,999.99",tier_1,"SGD 200 – 39,999.99",std_200_40k,fxRatesSgd,2026-08-21T07:00:15,2026-08-21T07:00:15,2026-08-21T13:25:17.646349+00:00,0.94,0.9066,0.9233,1.8087295570237125,1.8087295570237245
standardized,ocbc,CAD,SGD,CAD/SGD,1,"SGD 40,000 – 100,000",tier_2,"SGD 40,000 – 100,000",std_40k_100k,fxRatesSgd,2026-08-21T07:00:15,2026-08-21T07:00:15,2026-08-21T13:25:17.646349+00:00,0.9381,0.9085,0.9233,1.6029459547276113,1.6029459547276113
standardized,ocbc,CAD,SGD,CAD/SGD,1,"SGD 0 – 39,999.99",tier_1,SGD 50 – 200,std_50_200,fxRatesSgd,2026-08-21T07:00:15,2026-08-21T07:00:15,2026-08-21T13:25:17.646349+00:00,0.94,0.9066,0.9233,1.8087295570237125,1.8087295570237245
standardized,ocbc,CAD,SGD,CAD/SGD,1,"SGD 0 – 39,999.99",tier_1,SGD < 50,std_lt_50,fxRatesSgd,2026-08-21T07:00:15,2026-08-21T07:00:15,2026-08-21T13:25:17.646349+00:00,0.94,0.9066,0.9233,1.8087295570237125,1.8087295570237245
standardized,ocbc,CHF,SGD,CHF/SGD,100,"SGD 0 – 39,999.99",tier_1,"SGD 200 – 39,999.99",std_200_40k,fxRatesSgd,2026-08-21T07:00:15,2026-08-21T07:00:15,2026-08-21T13:25:17.646349+00:00,161.6662,155.9154,158.7908,1.810810198071937,1.8108101980719191
standardized,ocbc,CHF,SGD,CHF/SGD,100,"SGD 40,000 – 100,000",tier_2,"SGD 40,000 – 100,000",std_40k_100k,fxRatesSgd,2026-08-21T07:00:15,2026-08-21T07:00:15,2026-08-21T13:25:17.646349+00:00,161.3486,156.233,158.7908,1.6107986104988543,1.6107986104988363
standardized,ocbc,CHF,SGD,CHF/SGD,100,"SGD 0 – 39,999.99",tier_1,SGD 50 – 200,std_50_200,fxRatesSgd,2026-08-21T07:00:15,2026-08-21T07:00:15,2026-08-21T13:25:17.646349+00:00,161.6662,155.9154,158.7908,1.810810198071937,1.8108101980719191
standardized,ocbc,CHF,SGD,CHF/SGD,100,"SGD 0 – 39,999.99",tier_1,SGD < 50,std_lt_50,fxRatesSgd,2026-08-21T07:00:15,2026-08-21T07:00:15,2026-08-21T13:25:17.646349+00:00,161.6662,155.9154,158.7908,1.810810198071937,1.8108101980719191
standardized,ocbc,CNH,SGD,CNH/SGD,100,"SGD 0 – 39,999.99",tier_1,"SGD 200 – 39,999.99",std_200_40k,fxRatesSgd,2026-08-21T07:00:15,2026-08-21T07:00:15,2026-08-21T13:25:17.646349+00:00,19.2114,18.6525,18.932,1.4758081555039222,1.4763363617156073
standardized,ocbc,CNH,SGD,CNH/SGD,100,"SGD 40,000 – 100,000",tier_2,"SGD 40,000 – 100,000",std_40k_100k,fxRatesSgd,2026-08-21T07:00:15,2026-08-21T07:00:15,2026-08-21T13:25:17.646349+00:00,19.2019,18.6714,18.932,1.425628565391928,1.3765053877033604
standardized,ocbc,CNH,SGD,CNH/SGD,100,"SGD 0 – 39,999.99",tier_1,SGD 50 – 200,std_50_200,fxRatesSgd,2026-08-21T07:00:15,2026-08-21T07:00:15,2026-08-21T13:25:17.646349+00:00,19.2114,18.6525,18.932,1.4758081555039222,1.4763363617156073
standardized,ocbc,CNH,SGD,CNH/SGD,100,"SGD 0 – 39,999.99",tier_1,SGD < 50,std_lt_50,fxRatesSgd,2026-08-21T07:00:15,2026-08-21T07:00:15,2026-08-21T13:25:17.646349+00:00,19.2114,18.6525,18.932,1.4758081555039222,1.4763363617156073
standardized,ocbc,CZK,SGD,CZK/SGD,100,"SGD 0 – 39,999.99",tier_1,"SGD 200 – 39,999.99",std_200_40k,fxRatesSgd,2026-08-21T07:00:15,2026-08-21T07:00:15,2026-08-21T13:25:17.646349+00:00,0.0,0.0,0.0,,
standardized,ocbc,CZK,SGD,CZK/SGD,100,"SGD 40,000 – 100,000",tier_2,"SGD 40,000 – 100,000",std_40k_100k,fxRatesSgd,2026-08-21T07:00:15,2026-08-21T07:00:15,2026-08-21T13:25:17.646349+00:00,0.0,0.0,0.0,,
standardized,ocbc,CZK,SGD,CZK/SGD,100,"SGD 0 – 39,999.99",tier_1,SGD 50 – 200,std_50_200,fxRatesSgd,2026-08-21T07:00:15,2026-08-21T07:00:15,2026-08-21T13:25:17.646349+00:00,0.0,0.0,0.0,,
standardized,ocbc,CZK,SGD,CZK/SGD,100,"SGD 0 – 39,999.99",tier_1,SGD < 50,std_lt_50,fxRatesSgd,2026-08-21T07:00:15,2026-08-21T07:00:15,2026-08-21T13:25:17.646349+00:00,0.0,0.0,0.0,,
standardized,ocbc,DKK,SGD,DKK/SGD,100,"SGD 0 – 39,999.99",tier_1,"SGD 200 – 39,999.99",std_200_40k,fxRatesSgd,2026-08-21T07:00:15,2026-08-21T07:00:15,2026-08-21T13:25:17.646349+00:00,20.2193,19.5018,19.8606,1.8060884364017142,1.8065919458626738
standardized,ocbc,DKK,SGD,DKK/SGD,100,"SGD 40,000 – 100,000",tier_2,"SGD 40,000 – 100,000",std_40k_100k,fxRatesSgd,2026-08-21T07:00:15,2026-08-21T07:00:15,2026-08-21T13:25:17.646349+00:00,20.1796,19.5415,19.8606,1.606195180407435,1.6066986898683946
standardized,ocbc,DKK,SGD,DKK/SGD,100,"SGD 0 – 39,999.99",tier_1,SGD 50 – 200,std_50_200,fxRatesSgd,2026-08-21T07:00:15,2026-08-21T07:00:15,2026-08-21T13:25:17.646349+00:00,20.2193,19.5018,19.8606,1.8060884364017142,1.8065919458626738
standardized,ocbc,DKK,SGD,DKK/SGD,100,"SGD 0 – 39,999.99",tier_1,SGD < 50,std_lt_50,fxRatesSgd,2026-08-21T07:00:15,2026-08-21T07:00:15,2026-08-21T13:25:17.646349+00:00,20.2193,19.5018,19.8606,1.8060884364017142,1.8065919458626738
standardized,ocbc,EUR,SGD,EUR/SGD,1,"SGD 0 – 39,999.99",tier_1,"SGD 200 – 39,999.99",std_200_40k,fxRatesSgd,2026-08-21T07:00:15,2026-08-21T07:00:15,2026-08-21T13:25:17.646349+00:00,1.5015,1.4646,1.4831,1.2406445957791092,1.2473872294518362
standardized,ocbc,EUR,SGD,EUR/SGD,1,"SGD 40,000 – 100,000",tier_2,"SGD 40,000 – 100,000",std_40k_100k,fxRatesSgd,2026-08-21T07:00:15,2026-08-21T07:00:15,2026-08-21T13:25:17.646349+00:00,1.4997,1.4665,1.4831,1.1192771896702818,1.1192771896702967
standardized,ocbc,EUR,SGD,EUR/SGD,1,"SGD 0 – 39,999.99",tier_1,SGD 50 – 200,std_50_200,fxRatesSgd,2026-08-21T07:00:15,2026-08-21T07:00:15,2026-08-21T13:25:17.646349+00:00,1.5015,1.4646,1.4831,1.2406445957791092,1.2473872294518362
standardized,ocbc,EUR,SGD,EUR/SGD,1,"SGD 0 – 39,999.99",tier_1,SGD < 50,std_lt_50,fxRatesSgd,2026-08-21T07:00:15,2026-08-21T07:00:15,2026-08-21T13:25:17.646349+00:00,1.5015,1.4646,1.4831,1.2406445957791092,1.2473872294518362
standardized,ocbc,GBP,SGD,GBP/SGD,1,"SGD 0 – 39,999.99",tier_1,"SGD 200 – 39,999.99",std_200_40k,fxRatesSgd,2026-08-21T07:00:15,2026-08-21T07:00:15,2026-08-21T13:25:17.646349+00:00,1.7544,1.7079,1.7312,1.3401109057301228,1.3458872458410407
standardized,ocbc,GBP,SGD,GBP/SGD,1,"SGD 40,000 – 100,000",tier_2,"SGD 40,000 – 100,000",std_40k_100k,fxRatesSgd,2026-08-21T07:00:15,2026-08-21T07:00:15,2026-08-21T13:25:17.646349+00:00,1.7527,1.71,1.7312,1.2419131238447234,1.2245841035120208
standardized,ocbc,GBP,SGD,GBP/SGD,1,"SGD 0 – 39,999.99",tier_1,SGD 50 – 200,std_50_200,fxRatesSgd,2026-08-21T07:00:15,2026-08-21T07:00:15,2026-08-21T13:25:17.646349+00:00,1.7544,1.7079,1.7312,1.3401109057301228,1.3458872458410407
standardized,ocbc,GBP,SGD,GBP/SGD,1,"SGD 0 – 39,999.99",tier_1,SGD < 50,std_lt_50,fxRatesSgd,2026-08-21T07:00:15,2026-08-21T07:00:15,2026-08-21T13:25:17.646349+00:00,1.7544,1.7079,1.7312,1.3401109057301228,1.3458872458410407
standardized,ocbc,HKD,SGD,HKD/SGD,100,"SGD 0 – 39,999.99",tier_1,"SGD 200 – 39,999.99",std_200_40k,fxRatesSgd,2026-08-21T07:00:15,2026-08-21T07:00:15,2026-08-21T13:25:17.646349+00:00,16.3916,15.9952,16.1934,1.223955438635493,1.223955438635493
standardized,ocbc,HKD,SGD,HKD/SGD,100,"SGD 40,000 – 100,000",tier_2,"SGD 40,000 – 100,000",std_40k_100k,fxRatesSgd,2026-08-21T07:00:15,2026-08-21T07:00:15,2026-08-21T13:25:17.646349+00:00,16.3625,16.0049,16.1934,1.0442525967369438,1.1640544913359838
standardized,ocbc,HKD,SGD,HKD/SGD,100,"SGD 0 – 39,999.99",tier_1,SGD 50 – 200,std_50_200,fxRatesSgd,2026-08-21T07:00:15,2026-08-21T07:00:15,2026-08-21T13:25:17.646349+00:00,16.3916,15.9952,16.1934,1.223955438635493,1.223955438635493
standardized,ocbc,HKD,SGD,HKD/SGD,100,"SGD 0 – 39,999.99",tier_1,SGD < 50,std_lt_50,fxRatesSgd,2026-08-21T07:00:15,2026-08-21T07:00:15,2026-08-21T13:25:17.646349+00:00,16.3916,15.9952,16.1934,1.223955438635493,1.223955438635493
standardized,ocbc,HUF,SGD,HUF/SGD,100,"SGD 0 – 39,999.99",tier_1,"SGD 200 – 39,999.99",std_200_40k,fxRatesSgd,2026-08-21T07:00:15,2026-08-21T07:00:15,2026-08-21T13:25:17.646349+00:00,0.0,0.0,0.0,,
standardized,ocbc,HUF,SGD,HUF/SGD,100,"SGD 40,000 – 100,000",tier_2,"SGD 40,000 – 100,000",std_40k_100k,fxRatesSgd,2026-08-21T07:00:15,2026-08-21T07:00:15,2026-08-21T13:25:17.646349+00:00,0.0,0.0,0.0,,
standardized,ocbc,HUF,SGD,HUF/SGD,100,"SGD 0 – 39,999.99",tier_1,SGD 50 – 200,std_50_200,fxRatesSgd,2026-08-21T07:00:15,2026-08-21T07:00:15,2026-08-21T13:25:17.646349+00:00,0.0,0.0,0.0,,
standardized,ocbc,HUF,SGD,HUF/SGD,100,"SGD 0 – 39,999.99",tier_1,SGD < 50,std_lt_50,fxRatesSgd,2026-08-21T07:00:15,2026-08-21T07:00:15,2026-08-21T13:25:17.646349+00:00,0.0,0.0,0.0,,
standardized,ocbc,IDR,SGD,IDR/SGD,100,"SGD 0 – 39,999.99",tier_1,"SGD 200 – 39,999.99",std_200_40k,fxRatesSgd,2026-08-21T07:00:15,2026-08-21T07:00:15,2026-08-21T13:25:17.646349+00:00,0.0074,0.0,0.0074,0.0,100.0
standardized,ocbc,IDR,SGD,IDR/SGD,100,"SGD 40,000 – 100,000",tier_2,"SGD 40,000 – 100,000",std_40k_100k,fxRatesSgd,2026-08-21T07:00:15,2026-08-21T07:00:15,2026-08-21T13:25:17.646349+00:00,0.0074,0.0,0.0074,0.0,100.0
standardized,ocbc,IDR,SGD,IDR/SGD,100,"SGD 0 – 39,999.99",tier_1,SGD 50 – 200,std_50_200,fxRatesSgd,2026-08-21T07:00:15,2026-08-21T07:00:15,2026-08-21T13:25:17.646349+00:00,0.0074,0.0,0.0074,0.0,100.0
standardized,ocbc,IDR,SGD,IDR/SGD,100,"SGD 0 – 39,999.99",tier_1,SGD < 50,std_lt_50,fxRatesSgd,2026-08-21T07:00:15,2026-08-21T07:00:15,2026-08-21T13:25:17.646349+00:00,0.0074,0.0,0.0074,0.0,100.0
standardized,ocbc,ILS,SGD,ILS/SGD,100,"SGD 0 – 39,999.99",tier_1,"SGD 200 – 39,999.99",std_200_40k,fxRatesSgd,2026-08-21T07:00:15,2026-08-21T07:00:15,2026-08-21T13:25:17.646349+00:00,0.0,0.0,0.0,,
standardized,ocbc,ILS,SGD,ILS/SGD,100,"SGD 40,000 – 100,000",tier_2,"SGD 40,000 – 100,000",std_40k_100k,fxRatesSgd,2026-08-21T07:00:15,2026-08-21T07:00:15,2026-08-21T13:25:17.646349+00:00,0.0,0.0,0.0,,
standardized,ocbc,ILS,SGD,ILS/SGD,100,"SGD 0 – 39,999.99",tier_1,SGD 50 – 200,std_50_200,fxRatesSgd,2026-08-21T07:00:15,2026-08-21T07:00:15,2026-08-21T13:25:17.646349+00:00,0.0,0.0,0.0,,
standardized,ocbc,ILS,SGD,ILS/SGD,100,"SGD 0 – 39,999.99",tier_1,SGD < 50,std_lt_50,fxRatesSgd,2026-08-21T07:00:15,2026-08-21T07:00:15,2026-08-21T13:25:17.646349+00:00,0.0,0.0,0.0,,
standardized,ocbc,INR,SGD,INR/SGD,100,"SGD 0 – 39,999.99",tier_1,"SGD 200 – 39,999.99",std_200_40k,fxRatesSgd,2026-08-21T07:00:15,2026-08-21T07:00:15,2026-08-21T13:25:17.646349+00:00,1.3663,0.0,1.3663,0.0,100.0
standardized,ocbc,INR,SGD,INR/SGD,100,"SGD 40,000 – 100,000",tier_2,"SGD 40,000 – 100,000",std_40k_100k,fxRatesSgd,2026-08-21T07:00:15,2026-08-21T07:00:15,2026-08-21T13:25:17.646349+00:00,1.3637,0.0,1.3663,-0.19029495718364617,100.0
standardized,ocbc,INR,SGD,INR/SGD,100,"SGD 0 – 39,999.99",tier_1,SGD 50 – 200,std_50_200,fxRatesSgd,2026-08-21T07:00:15,2026-08-21T07:00:15,2026-08-21T13:25:17.646349+00:00,1.3663,0.0,1.3663,0.0,100.0
standardized,ocbc,INR,SGD,INR/SGD,100,"SGD 0 – 39,999.99",tier_1,SGD < 50,std_lt_50,fxRatesSgd,2026-08-21T07:00:15,2026-08-21T07:00:15,2026-08-21T13:25:17.646349+00:00,1.3663,0.0,1.3663,0.0,100.0
standardized,ocbc,JOD,SGD,JOD/SGD,1,"SGD 0 – 39,999.99",tier_1,"SGD 200 – 39,999.99",std_200_40k,fxRatesSgd,2026-08-21T07:00:15,2026-08-21T07:00:15,2026-08-21T13:25:17.646349+00:00,0.0,0.0,0.0,,
standardized,ocbc,JOD,SGD,JOD/SGD,1,"SGD 40,000 – 100,000",tier_2,"SGD 40,000 – 100,000",std_40k_100k,fxRatesSgd,2026-08-21T07:00:15,2026-08-21T07:00:15,2026-08-21T13:25:17.646349+00:00,0.0,0.0,0.0,,
standardized,ocbc,JOD,SGD,JOD/SGD,1,"SGD 0 – 39,999.99",tier_1,SGD 50 – 200,std_50_200,fxRatesSgd,2026-08-21T07:00:15,2026-08-21T07:00:15,2026-08-21T13:25:17.646349+00:00,0.0,0.0,0.0,,
standardized,ocbc,JOD,SGD,JOD/SGD,1,"SGD 0 – 39,999.99",tier_1,SGD < 50,std_lt_50,fxRatesSgd,2026-08-21T07:00:15,2026-08-21T07:00:15,2026-08-21T13:25:17.646349+00:00,0.0,0.0,0.0,,
standardized,ocbc,JPY,SGD,JPY/SGD,100,"SGD 0 – 39,999.99",tier_1,"SGD 200 – 39,999.99",std_200_40k,fxRatesSgd,2026-08-21T07:00:15,2026-08-21T07:00:15,2026-08-21T13:25:17.646349+00:00,0.8092,0.79,0.7996,1.2006003001500816,1.2006003001500678
standardized,ocbc,JPY,SGD,JPY/SGD,100,"SGD 40,000 – 100,000",tier_2,"SGD 40,000 – 100,000",std_40k_100k,fxRatesSgd,2026-08-21T07:00:15,2026-08-21T07:00:15,2026-08-21T13:25:17.646349+00:00,0.8077,0.7913,0.7996,1.0130065032516253,1.0380190095047492
standardized,ocbc,JPY,SGD,JPY/SGD,100,"SGD 0 – 39,999.99",tier_1,SGD 50 – 200,std_50_200,fxRatesSgd,2026-08-21T07:00:15,2026-08-21T07:00:15,2026-08-21T13:25:17.646349+00:00,0.8092,0.79,0.7996,1.2006003001500816,1.2006003001500678
standardized,ocbc,JPY,SGD,JPY/SGD,100,"SGD 0 – 39,999.99",tier_1,SGD < 50,std_lt_50,fxRatesSgd,2026-08-21T07:00:15,2026-08-21T07:00:15,2026-08-21T13:25:17.646349+00:00,0.8092,0.79,0.7996,1.2006003001500816,1.2006003001500678
standardized,ocbc,KRW,SGD,KRW/SGD,100,"SGD 0 – 39,999.99",tier_1,"SGD 200 – 39,999.99",std_200_40k,fxRatesSgd,2026-08-21T07:00:15,2026-08-21T07:00:15,2026-08-21T13:25:17.646349+00:00,0.0,0.0,0.0,,
standardized,ocbc,KRW,SGD,KRW/SGD,100,"SGD 40,000 – 100,000",tier_2,"SGD 40,000 – 100,000",std_40k_100k,fxRatesSgd,2026-08-21T07:00:15,2026-08-21T07:00:15,2026-08-21T13:25:17.646349+00:00,0.0,0.0,0.0,,
standardized,ocbc,KRW,SGD,KRW/SGD,100,"SGD 0 – 39,999.99",tier_1,SGD 50 – 200,std_50_200,fxRatesSgd,2026-08-21T07:00:15,2026-08-21T07:00:15,2026-08-21T13:25:17.646349+00:00,0.0,0.0,0.0,,
standardized,ocbc,KRW,SGD,KRW/SGD,100,"SGD 0 – 39,999.99",tier_1,SGD < 50,std_lt_50,fxRatesSgd,2026-08-21T07:00:15,2026-08-21T07:00:15,2026-08-21T13:25:17.646349+00:00,0.0,0.0,0.0,,
standardized,ocbc,LKR,SGD,LKR/SGD,100,"SGD 0 – 39,999.99",tier_1,"SGD 200 – 39,999.99",std_200_40k,fxRatesSgd,2026-08-21T07:00:15,2026-08-21T07:00:15,2026-08-21T13:25:17.646349+00:00,0.3962,0.0,0.3962,0.0,100.0
standardized,ocbc,LKR,SGD,LKR/SGD,100,"SGD 40,000 – 100,000",tier_2,"SGD 40,000 – 100,000",std_40k_100k,fxRatesSgd,2026-08-21T07:00:15,2026-08-21T07:00:15,2026-08-21T13:25:17.646349+00:00,0.3954,0.0,0.3962,-0.2019182231196423,100.0
standardized,ocbc,LKR,SGD,LKR/SGD,100,"SGD 0 – 39,999.99",tier_1,SGD 50 – 200,std_50_200,fxRatesSgd,2026-08-21T07:00:15,2026-08-21T07:00:15,2026-08-21T13:25:17.646349+00:00,0.3962,0.0,0.3962,0.0,100.0
standardized,ocbc,LKR,SGD,LKR/SGD,100,"SGD 0 – 39,999.99",tier_1,SGD < 50,std_lt_50,fxRatesSgd,2026-08-21T07:00:15,2026-08-21T07:00:15,2026-08-21T13:25:17.646349+00:00,0.3962,0.0,0.3962,0.0,100.0
standardized,ocbc,MAD,SGD,MAD/SGD,100,"SGD 0 – 39,999.99",tier_1,"SGD 200 – 39,999.99",std_200_40k,fxRatesSgd,2026-08-21T07:00:15,2026-08-21T07:00:15,2026-08-21T13:25:17.646349+00:00,0.0,0.0,0.0,,
standardized,ocbc,MAD,SGD,MAD/SGD,100,"SGD 40,000 – 100,000",tier_2,"SGD 40,000 – 100,000",std_40k_100k,fxRatesSgd,2026-08-21T07:00:15,2026-08-21T07:00:15,2026-08-21T13:25:17.646349+00:00,0.0,0.0,0.0,,
standardized,ocbc,MAD,SGD,MAD/SGD,100,"SGD 0 – 39,999.99",tier_1,SGD 50 – 200,std_50_200,fxRatesSgd,2026-08-21T07:00:15,2026-08-21T07:00:15,2026-08-21T13:25:17.646349+00:00,0.0,0.0,0.0,,
standardized,ocbc,MAD,SGD,MAD/SGD,100,"SGD 0 – 39,999.99",tier_1,SGD < 50,std_lt_50,fxRatesSgd,2026-08-21T07:00:15,2026-08-21T07:00:15,2026-08-21T13:25:17.646349+00:00,0.0,0.0,0.0,,
standardized,ocbc,MXN,SGD,MXN/SGD,100,"SGD 0 – 39,999.99",tier_1,"SGD 200 – 39,999.99",std_200_40k,fxRatesSgd,2026-08-21T07:00:15,2026-08-21T07:00:15,2026-08-21T13:25:17.646349+00:00,7.7187,0.0,7.7187,0.0,100.0
standardized,ocbc,MXN,SGD,MXN/SGD,100,"SGD 40,000 – 100,000",tier_2,"SGD 40,000 – 100,000",std_40k_100k,fxRatesSgd,2026-08-21T07:00:15,2026-08-21T07:00:15,2026-08-21T13:25:17.646349+00:00,7.7172,0.0,7.7187,-0.019433324264449412,100.0
standardized,ocbc,MXN,SGD,MXN/SGD,100,"SGD 0 – 39,999.99",tier_1,SGD 50 – 200,std_50_200,fxRatesSgd,2026-08-21T07:00:15,2026-08-21T07:00:15,2026-08-21T13:25:17.646349+00:00,7.7187,0.0,7.7187,0.0,100.0
standardized,ocbc,MXN,SGD,MXN/SGD,100,"SGD 0 – 39,999.99",tier_1,SGD < 50,std_lt_50,fxRatesSgd,2026-08-21T07:00:15,2026-08-21T07:00:15,2026-08-21T13:25:17.646349+00:00,7.7187,0.0,7.7187,0.0,100.0
standardized,ocbc,MYR,SGD,MYR/SGD,100,"SGD 0 – 39,999.99",tier_1,"SGD 200 – 39,999.99",std_200_40k,fxRatesSgd,2026-08-21T07:00:15,2026-08-21T07:00:15,2026-08-21T13:25:17.646349+00:00,0.0,0.0,0.0,,
standardized,ocbc,MYR,SGD,MYR/SGD,100,"SGD 40,000 – 100,000",tier_2,"SGD 40,000 – 100,000",std_40k_100k,fxRatesSgd,2026-08-21T07:00:15,2026-08-21T07:00:15,2026-08-21T13:25:17.646349+00:00,0.0,0.0,0.0,,
standardized,ocbc,MYR,SGD,MYR/SGD,100,"SGD 0 – 39,999.99",tier_1,SGD 50 – 200,std_50_200,fxRatesSgd,2026-08-21T07:00:15,2026-08-21T07:00:15,2026-08-21T13:25:17.646349+00:00,0.0,0.0,0.0,,
standardized,ocbc,MYR,SGD,MYR/SGD,100,"SGD 0 – 39,999.99",tier_1,SGD < 50,std_lt_50,fxRatesSgd,2026-08-21T07:00:15,2026-08-21T07:00:15,2026-08-21T13:25:17.646349+00:00,0.0,0.0,0.0,,
standardized,ocbc,NOK,SGD,NOK/SGD,100,"SGD 0 – 39,999.99",tier_1,"SGD 200 – 39,999.99",std_200_40k,fxRatesSgd,2026-08-21T07:00:15,2026-08-21T07:00:15,2026-08-21T13:25:17.646349+00:00,13.9187,13.4228,13.6708,1.8133540100067265,1.8140854960938595
standardized,ocbc,NOK,SGD,NOK/SGD,100,"SGD 40,000 – 100,000",tier_2,"SGD 40,000 – 100,000",std_40k_100k,fxRatesSgd,2026-08-21T07:00:15,2026-08-21T07:00:15,2026-08-21T13:25:17.646349+00:00,13.8914,13.4501,13.6708,1.6136583082189853,1.614389794306105
standardized,ocbc,NOK,SGD,NOK/SGD,100,"SGD 0 – 39,999.99",tier_1,SGD 50 – 200,std_50_200,fxRatesSgd,2026-08-21T07:00:15,2026-08-21T07:00:15,2026-08-21T13:25:17.646349+00:00,13.9187,13.4228,13.6708,1.8133540100067265,1.8140854960938595
standardized,ocbc,NOK,SGD,NOK/SGD,100,"SGD 0 – 39,999.99",tier_1,SGD < 50,std_lt_50,fxRatesSgd,2026-08-21T07:00:15,2026-08-21T07:00:15,2026-08-21T13:25:17.646349+00:00,13.9187,13.4228,13.6708,1.8133540100067265,1.8140854960938595
standardized,ocbc,NZD,SGD,NZD/SGD,1,"SGD 0 – 39,999.99",tier_1,"SGD 200 – 39,999.99",std_200_40k,fxRatesSgd,2026-08-21T07:00:15,2026-08-21T07:00:15,2026-08-21T13:25:17.646349+00:00,0.7741,0.7477,0.7609,1.7347877513470875,1.7347877513470875
standardized,ocbc,NZD,SGD,NZD/SGD,1,"SGD 40,000 – 100,000",tier_2,"SGD 40,000 – 100,000",std_40k_100k,fxRatesSgd,2026-08-21T07:00:15,2026-08-21T07:00:15,2026-08-21T13:25:17.646349+00:00,0.7722,0.75,0.7609,1.485083453804702,1.432514128006311
standardized,ocbc,NZD,SGD,NZD/SGD,1,"SGD 0 – 39,999.99",tier_1,SGD 50 – 200,std_50_200,fxRatesSgd,2026-08-21T07:00:15,2026-08-21T07:00:15,2026-08-21T13:25:17.646349+00:00,0.7741,0.7477,0.7609,1.7347877513470875,1.7347877513470875
standardized,ocbc,NZD,SGD,NZD/SGD,1,"SGD 0 – 39,999.99",tier_1,SGD < 50,std_lt_50,fxRatesSgd,2026-08-21T07:00:15,2026-08-21T07:00:15,2026-08-21T13:25:17.646349+00:00,0.7741,0.7477,0.7609,1.7347877513470875,1.7347877513470875
standardized,ocbc,OMR,SGD,OMR/SGD,1,"SGD 0 – 39,999.99",tier_1,"SGD 200 – 39,999.99",std_200_40k,fxRatesSgd,2026-08-21T07:00:15,2026-08-21T07:00:15,2026-08-21T13:25:17.646349+00:00,0.0,0.0,0.0,,
standardized,ocbc,OMR,SGD,OMR/SGD,1,"SGD 40,000 – 100,000",tier_2,"SGD 40,000 – 100,000",std_40k_100k,fxRatesSgd,2026-08-21T07:00:15,2026-08-21T07:00:15,2026-08-21T13:25:17.646349+00:00,0.0,0.0,0.0,,
standardized,ocbc,OMR,SGD,OMR/SGD,1,"SGD 0 – 39,999.99",tier_1,SGD 50 – 200,std_50_200,fxRatesSgd,2026-08-21T07:00:15,2026-08-21T07:00:15,2026-08-21T13:25:17.646349+00:00,0.0,0.0,0.0,,
standardized,ocbc,OMR,SGD,OMR/SGD,1,"SGD 0 – 39,999.99",tier_1,SGD < 50,std_lt_50,fxRatesSgd,2026-08-21T07:00:15,2026-08-21T07:00:15,2026-08-21T13:25:17.646349+00:00,0.0,0.0,0.0,,
standardized,ocbc,PHP,SGD,PHP/SGD,100,"SGD 0 – 39,999.99",tier_1,"SGD 200 – 39,999.99",std_200_40k,fxRatesSgd,2026-08-21T07:00:15,2026-08-21T07:00:15,2026-08-21T13:25:17.646349+00:00,2.1198,0.0,2.1198,0.0,100.0
standardized,ocbc,PHP,SGD,PHP/SGD,100,"SGD 40,000 – 100,000",tier_2,"SGD 40,000 – 100,000",std_40k_100k,fxRatesSgd,2026-08-21T07:00:15,2026-08-21T07:00:15,2026-08-21T13:25:17.646349+00:00,2.1178,0.0,2.1198,-0.09434852344561863,100.0
standardized,ocbc,PHP,SGD,PHP/SGD,100,"SGD 0 – 39,999.99",tier_1,SGD 50 – 200,std_50_200,fxRatesSgd,2026-08-21T07:00:15,2026-08-21T07:00:15,2026-08-21T13:25:17.646349+00:00,2.1198,0.0,2.1198,0.0,100.0
standardized,ocbc,PHP,SGD,PHP/SGD,100,"SGD 0 – 39,999.99",tier_1,SGD < 50,std_lt_50,fxRatesSgd,2026-08-21T07:00:15,2026-08-21T07:00:15,2026-08-21T13:25:17.646349+00:00,2.1198,0.0,2.1198,0.0,100.0
standardized,ocbc,PLN,SGD,PLN/SGD,100,"SGD 0 – 39,999.99",tier_1,"SGD 200 – 39,999.99",std_200_40k,fxRatesSgd,2026-08-21T07:00:15,2026-08-21T07:00:15,2026-08-21T13:25:17.646349+00:00,35.3901,33.1557,34.2729,3.2597183197219866,3.2597183197219866
standardized,ocbc,PLN,SGD,PLN/SGD,100,"SGD 40,000 – 100,000",tier_2,"SGD 40,000 – 100,000",std_40k_100k,fxRatesSgd,2026-08-21T07:00:15,2026-08-21T07:00:15,2026-08-21T13:25:17.646349+00:00,35.3727,33.1827,34.2729,3.2089493448176314,3.1809388759048782
standardized,ocbc,PLN,SGD,PLN/SGD,100,"SGD 0 – 39,999.99",tier_1,SGD 50 – 200,std_50_200,fxRatesSgd,2026-08-21T07:00:15,2026-08-21T07:00:15,2026-08-21T13:25:17.646349+00:00,35.3901,33.1557,34.2729,3.2597183197219866,3.2597183197219866
standardized,ocbc,PLN,SGD,PLN/SGD,100,"SGD 0 – 39,999.99",tier_1,SGD < 50,std_lt_50,fxRatesSgd,2026-08-21T07:00:15,2026-08-21T07:00:15,2026-08-21T13:25:17.646349+00:00,35.3901,33.1557,34.2729,3.2597183197219866,3.2597183197219866
standardized,ocbc,QAR,SGD,QAR/SGD,100,"SGD 0 – 39,999.99",tier_1,"SGD 200 – 39,999.99",std_200_40k,fxRatesSgd,2026-08-21T07:00:15,2026-08-21T07:00:15,2026-08-21T13:25:17.646349+00:00,35.8318,33.7334,34.7826,3.0164507541126855,3.0164507541126855
standardized,ocbc,QAR,SGD,QAR/SGD,100,"SGD 40,000 – 100,000",tier_2,"SGD 40,000 – 100,000",std_40k_100k,fxRatesSgd,2026-08-21T07:00:15,2026-08-21T07:00:15,2026-08-21T13:25:17.646349+00:00,35.8106,33.7505,34.7826,2.955500738875181,2.9672882418220596
standardized,ocbc,QAR,SGD,QAR/SGD,100,"SGD 0 – 39,999.99",tier_1,SGD 50 – 200,std_50_200,fxRatesSgd,2026-08-21T07:00:15,2026-08-21T07:00:15,2026-08-21T13:25:17.646349+00:00,35.8318,33.7334,34.7826,3.0164507541126855,3.0164507541126855
standardized,ocbc,QAR,SGD,QAR/SGD,100,"SGD 0 – 39,999.99",tier_1,SGD < 50,std_lt_50,fxRatesSgd,2026-08-21T07:00:15,2026-08-21T07:00:15,2026-08-21T13:25:17.646349+00:00,35.8318,33.7334,34.7826,3.0164507541126855,3.0164507541126855
standardized,ocbc,RON,SGD,RON/SGD,100,"SGD 0 – 39,999.99",tier_1,"SGD 200 – 39,999.99",std_200_40k,fxRatesSgd,2026-08-21T07:00:15,2026-08-21T07:00:15,2026-08-21T13:25:17.646349+00:00,0.0,0.0,0.0,,
standardized,ocbc,RON,SGD,RON/SGD,100,"SGD 40,000 – 100,000",tier_2,"SGD 40,000 – 100,000",std_40k_100k,fxRatesSgd,2026-08-21T07:00:15,2026-08-21T07:00:15,2026-08-21T13:25:17.646349+00:00,0.0,0.0,0.0,,
standardized,ocbc,RON,SGD,RON/SGD,100,"SGD 0 – 39,999.99",tier_1,SGD 50 – 200,std_50_200,fxRatesSgd,2026-08-21T07:00:15,2026-08-21T07:00:15,2026-08-21T13:25:17.646349+00:00,0.0,0.0,0.0,,
standardized,ocbc,RON,SGD,RON/SGD,100,"SGD 0 – 39,999.99",tier_1,SGD < 50,std_lt_50,fxRatesSgd,2026-08-21T07:00:15,2026-08-21T07:00:15,2026-08-21T13:25:17.646349+00:00,0.0,0.0,0.0,,
standardized,ocbc,RUB,SGD,RUB/SGD,100,"SGD 0 – 39,999.99",tier_1,"SGD 200 – 39,999.99",std_200_40k,fxRatesSgd,2026-08-21T07:00:15,2026-08-21T07:00:15,2026-08-21T13:25:17.646349+00:00,0.0,0.0,0.0,,
standardized,ocbc,RUB,SGD,RUB/SGD,100,"SGD 40,000 – 100,000",tier_2,"SGD 40,000 – 100,000",std_40k_100k,fxRatesSgd,2026-08-21T07:00:15,2026-08-21T07:00:15,2026-08-21T13:25:17.646349+00:00,0.0,0.0,0.0,,
standardized,ocbc,RUB,SGD,RUB/SGD,100,"SGD 0 – 39,999.99",tier_1,SGD 50 – 200,std_50_200,fxRatesSgd,2026-08-21T07:00:15,2026-08-21T07:00:15,2026-08-21T13:25:17.646349+00:00,0.0,0.0,0.0,,
standardized,ocbc,RUB,SGD,RUB/SGD,100,"SGD 0 – 39,999.99",tier_1,SGD < 50,std_lt_50,fxRatesSgd,2026-08-21T07:00:15,2026-08-21T07:00:15,2026-08-21T13:25:17.646349+00:00,0.0,0.0,0.0,,
standardized,ocbc,SAR,SGD,SAR/SGD,100,"SGD 0 – 39,999.99",tier_1,"SGD 200 – 39,999.99",std_200_40k,fxRatesSgd,2026-08-21T07:00:15,2026-08-21T07:00:15,2026-08-21T13:25:17.646349+00:00,34.7368,32.8238,33.7803,2.8315319875785754,2.8315319875785545
standardized,ocbc,SAR,SGD,SAR/SGD,100,"SGD 40,000 – 100,000",tier_2,"SGD 40,000 – 100,000",std_40k_100k,fxRatesSgd,2026-08-21T07:00:15,2026-08-21T07:00:15,2026-08-21T13:25:17.646349+00:00,34.7196,32.8405,33.7803,2.7806147369916876,2.782094889625013
standardized,ocbc,SAR,SGD,SAR/SGD,100,"SGD 0 – 39,999.99",tier_1,SGD 50 – 200,std_50_200,fxRatesSgd,2026-08-21T07:00:15,2026-08-21T07:00:15,2026-08-21T13:25:17.646349+00:00,34.7368,32.8238,33.7803,2.8315319875785754,2.8315319875785545
standardized,ocbc,SAR,SGD,SAR/SGD,100,"SGD 0 – 39,999.99",tier_1,SGD < 50,std_lt_50,fxRatesSgd,2026-08-21T07:00:15,2026-08-21T07:00:15,2026-08-21T13:25:17.646349+00:00,34.7368,32.8238,33.7803,2.8315319875785754,2.8315319875785545
standardized,ocbc,SEK,SGD,SEK/SGD,100,"SGD 0 – 39,999.99",tier_1,"SGD 200 – 39,999.99",std_200_40k,fxRatesSgd,2026-08-21T07:00:15,2026-08-21T07:00:15,2026-08-21T13:25:17.646349+00:00,13.6487,13.1621,13.4054,1.8149402479597745,1.8149402479597745
standardized,ocbc,SEK,SGD,SEK/SGD,100,"SGD 40,000 – 100,000",tier_2,"SGD 40,000 – 100,000",std_40k_100k,fxRatesSgd,2026-08-21T07:00:15,2026-08-21T07:00:15,2026-08-21T13:25:17.646349+00:00,13.6218,13.189,13.4054,1.6142748444656643,1.6142748444656643
standardized,ocbc,SEK,SGD,SEK/SGD,100,"SGD 0 – 39,999.99",tier_1,SGD 50 – 200,std_50_200,fxRatesSgd,2026-08-21T07:00:15,2026-08-21T07:00:15,2026-08-21T13:25:17.646349+00:00,13.6487,13.1621,13.4054,1.8149402479597745,1.8149402479597745
standardized,ocbc,SEK,SGD,SEK/SGD,100,"SGD 0 – 39,999.99",tier_1,SGD < 50,std_lt_50,fxRatesSgd,2026-08-21T07:00:15,2026-08-21T07:00:15,2026-08-21T13:25:17.646349+00:00,13.6487,13.1621,13.4054,1.8149402479597745,1.8149402479597745
standardized,ocbc,THB,SGD,THB/SGD,100,"SGD 0 – 39,999.99",tier_1,"SGD 200 – 39,999.99",std_200_40k,fxRatesSgd,2026-08-21T07:00:15,2026-08-21T07:00:15,2026-08-21T13:25:17.646349+00:00,3.9915,3.7724,3.882,2.820710973724877,2.8232869654817083
standardized,ocbc,THB,SGD,THB/SGD,100,"SGD 40,000 – 100,000",tier_2,"SGD 40,000 – 100,000",std_40k_100k,fxRatesSgd,2026-08-21T07:00:15,2026-08-21T07:00:15,2026-08-21T13:25:17.646349+00:00,3.9837,3.7801,3.882,2.619783616692418,2.624935600206082
standardized,ocbc,THB,SGD,THB/SGD,100,"SGD 0 – 39,999.99",tier_1,SGD 50 – 200,std_50_200,fxRatesSgd,2026-08-21T07:00:15,2026-08-21T07:00:15,2026-08-21T13:25:17.646349+00:00,3.9915,3.7724,3.882,2.820710973724877,2.8232869654817083
standardized,ocbc,THB,SGD,THB/SGD,100,"SGD 0 – 39,999.99",tier_1,SGD < 50,std_lt_50,fxRatesSgd,2026-08-21T07:00:15,2026-08-21T07:00:15,2026-08-21T13:25:17.646349+00:00,3.9915,3.7724,3.882,2.820710973724877,2.8232869654817083
standardized,ocbc,TRY,SGD,TRY/SGD,100,"SGD 0 – 39,999.99",tier_1,"SGD 200 – 39,999.99",std_200_40k,fxRatesSgd,2026-08-21T07:00:15,2026-08-21T07:00:15,2026-08-21T13:25:17.646349+00:00,2.7122,2.6,2.6561,2.1121192726177576,2.112119272617741
standardized,ocbc,TRY,SGD,TRY/SGD,100,"SGD 40,000 – 100,000",tier_2,"SGD 40,000 – 100,000",std_40k_100k,fxRatesSgd,2026-08-21T07:00:15,2026-08-21T07:00:15,2026-08-21T13:25:17.646349+00:00,2.7108,2.6003,2.6561,2.059410413764541,2.1008245171492064
standardized,ocbc,TRY,SGD,TRY/SGD,100,"SGD 0 – 39,999.99",tier_1,SGD 50 – 200,std_50_200,fxRatesSgd,2026-08-21T07:00:15,2026-08-21T07:00:15,2026-08-21T13:25:17.646349+00:00,2.7122,2.6,2.6561,2.1121192726177576,2.112119272617741
standardized,ocbc,TRY,SGD,TRY/SGD,100,"SGD 0 – 39,999.99",tier_1,SGD < 50,std_lt_50,fxRatesSgd,2026-08-21T07:00:15,2026-08-21T07:00:15,2026-08-21T13:25:17.646349+00:00,2.7122,2.6,2.6561,2.1121192726177576,2.112119272617741
standardized,ocbc,TWD,SGD,TWD/SGD,100,"SGD 0 – 39,999.99",tier_1,"SGD 200 – 39,999.99",std_200_40k,fxRatesSgd,2026-08-21T07:00:15,2026-08-21T07:00:15,2026-08-21T13:25:17.646349+00:00,4.1214,0.0,4.1214,0.0,100.0
standardized,ocbc,TWD,SGD,TWD/SGD,100,"SGD 40,000 – 100,000",tier_2,"SGD 40,000 – 100,000",std_40k_100k,fxRatesSgd,2026-08-21T07:00:15,2026-08-21T07:00:15,2026-08-21T13:25:17.646349+00:00,0.0,0.0,4.1214,-100.0,100.0
standardized,ocbc,TWD,SGD,TWD/SGD,100,"SGD 0 – 39,999.99",tier_1,SGD 50 – 200,std_50_200,fxRatesSgd,2026-08-21T07:00:15,2026-08-21T07:00:15,2026-08-21T13:25:17.646349+00:00,4.1214,0.0,4.1214,0.0,100.0
standardized,ocbc,TWD,SGD,TWD/SGD,100,"SGD 0 – 39,999.99",tier_1,SGD < 50,std_lt_50,fxRatesSgd,2026-08-21T07:00:15,2026-08-21T07:00:15,2026-08-21T13:25:17.646349+00:00,4.1214,0.0,4.1214,0.0,100.0
standardized,ocbc,USD,SGD,USD/SGD,1,"SGD 0 – 39,999.99",tier_1,"SGD 200 – 39,999.99",std_200_40k,fxRatesSgd,2026-08-21T07:00:15,2026-08-21T07:00:15,2026-08-21T13:25:17.646349+00:00,1.2809,1.2579,1.2694,0.9059398140853823,0.9059398140853998
standardized,ocbc,USD,SGD,USD/SGD,1,"SGD 40,000 – 100,000",tier_2,"SGD 40,000 – 100,000",std_40k_100k,fxRatesSgd,2026-08-21T07:00:15,2026-08-21T07:00:15,2026-08-21T13:25:17.646349+00:00,1.2796,1.2589,1.2694,0.8035292264061751,0.8271624389475482
standardized,ocbc,USD,SGD,USD/SGD,1,"SGD 0 – 39,999.99",tier_1,SGD 50 – 200,std_50_200,fxRatesSgd,2026-08-21T07:00:15,2026-08-21T07:00:15,2026-08-21T13:25:17.646349+00:00,1.2809,1.2579,1.2694,0.9059398140853823,0.9059398140853998
standardized,ocbc,USD,SGD,USD/SGD,1,"SGD 0 – 39,999.99",tier_1,SGD < 50,std_lt_50,fxRatesSgd,2026-08-21T07:00:15,2026-08-21T07:00:15,2026-08-21T13:25:17.646349+00:00,1.2809,1.2579,1.2694,0.9059398140853823,0.9059398140853998
standardized,ocbc,ZAR,SGD,ZAR/SGD,100,"SGD 0 – 39,999.99",tier_1,"SGD 200 – 39,999.99",std_200_40k,fxRatesSgd,2026-08-21T07:00:15,2026-08-21T07:00:15,2026-08-21T13:25:17.646349+00:00,8.1534,7.674,7.9137,3.0289245232950344,3.0289245232950455
standardized,ocbc,ZAR,SGD,ZAR/SGD,100,"SGD 40,000 – 100,000",tier_2,"SGD 40,000 – 100,000",std_40k_100k,fxRatesSgd,2026-08-21T07:00:15,2026-08-21T07:00:15,2026-08-21T13:25:17.646349+00:00,8.1494,7.678,7.9137,2.97837926633559,2.978379266335601
standardized,ocbc,ZAR,SGD,ZAR/SGD,100,"SGD 0 – 39,999.99",tier_1,SGD 50 – 200,std_50_200,fxRatesSgd,2026-08-21T07:00:15,2026-08-21T07:00:15,2026-08-21T13:25:17.646349+00:00,8.1534,7.674,7.9137,3.0289245232950344,3.0289245232950455
standardized,ocbc,ZAR,SGD,ZAR/SGD,100,"SGD 0 – 39,999.99",tier_1,SGD < 50,std_lt_50,fxRatesSgd,2026-08-21T07:00:15,2026-08-21T07:00:15,2026-08-21T13:25:17.646349+00:00,8.1534,7.674,7.9137,3.0289245232950344,3.0289245232950455
standardized,uob,AED,SGD,AED/SGD,100,Indicative board,board,"SGD 200 – 39,999.99",std_200_40k,forex_sgd,21 August 2026 05:42:49 PM,21 August 2026 05:42:49 PM,2026-08-21T13:25:19.124135+00:00,35.39,33.69,34.54,2.460914881297051,2.460914881297051
standardized,uob,AED,SGD,AED/SGD,100,Indicative board,board,"SGD 40,000 – 100,000",std_40k_100k,forex_sgd,21 August 2026 05:42:49 PM,21 August 2026 05:42:49 PM,2026-08-21T13:25:19.124135+00:00,35.39,33.69,34.54,2.460914881297051,2.460914881297051
standardized,uob,AED,SGD,AED/SGD,100,Indicative board,board,SGD 50 – 200,std_50_200,forex_sgd,21 August 2026 05:42:49 PM,21 August 2026 05:42:49 PM,2026-08-21T13:25:19.124135+00:00,35.39,33.69,34.54,2.460914881297051,2.460914881297051
standardized,uob,AED,SGD,AED/SGD,100,Indicative board,board,SGD < 50,std_lt_50,forex_sgd,21 August 2026 05:42:49 PM,21 August 2026 05:42:49 PM,2026-08-21T13:25:19.124135+00:00,35.39,33.69,34.54,2.460914881297051,2.460914881297051
standardized,uob,AOA,SGD,AOA/SGD,100,Indicative board,board,"SGD 200 – 39,999.99",std_200_40k,forex_sgd,21 August 2026 05:42:49 PM,21 August 2026 05:42:49 PM,2026-08-21T13:25:19.124135+00:00,0.143,,,,
standardized,uob,AOA,SGD,AOA/SGD,100,Indicative board,board,"SGD 40,000 – 100,000",std_40k_100k,forex_sgd,21 August 2026 05:42:49 PM,21 August 2026 05:42:49 PM,2026-08-21T13:25:19.124135+00:00,0.143,,,,
standardized,uob,AOA,SGD,AOA/SGD,100,Indicative board,board,SGD 50 – 200,std_50_200,forex_sgd,21 August 2026 05:42:49 PM,21 August 2026 05:42:49 PM,2026-08-21T13:25:19.124135+00:00,0.143,,,,
standardized,uob,AOA,SGD,AOA/SGD,100,Indicative board,board,SGD < 50,std_lt_50,forex_sgd,21 August 2026 05:42:49 PM,21 August 2026 05:42:49 PM,2026-08-21T13:25:19.124135+00:00,0.143,,,,
standardized,uob,AUD,SGD,AUD/SGD,1,Indicative board,board,"SGD 200 – 39,999.99",std_200_40k,forex_sgd,21 August 2026 05:42:49 PM,21 August 2026 05:42:49 PM,2026-08-21T13:25:19.124135+00:00,0.9243,0.8933,0.9088,1.7055457746478826,1.7055457746478948
standardized,uob,AUD,SGD,AUD/SGD,1,Indicative board,board,"SGD 40,000 – 100,000",std_40k_100k,forex_sgd,21 August 2026 05:42:49 PM,21 August 2026 05:42:49 PM,2026-08-21T13:25:19.124135+00:00,0.9243,0.8933,0.9088,1.7055457746478826,1.7055457746478948
standardized,uob,AUD,SGD,AUD/SGD,1,Indicative board,board,SGD 50 – 200,std_50_200,forex_sgd,21 August 2026 05:42:49 PM,21 August 2026 05:42:49 PM,2026-08-21T13:25:19.124135+00:00,0.9243,0.8933,0.9088,1.7055457746478826,1.7055457746478948
standardized,uob,AUD,SGD,AUD/SGD,1,Indicative board,board,SGD < 50,std_lt_50,forex_sgd,21 August 2026 05:42:49 PM,21 August 2026 05:42:49 PM,2026-08-21T13:25:19.124135+00:00,0.9243,0.8933,0.9088,1.7055457746478826,1.7055457746478948
standardized,uob,BDT,SGD,BDT/SGD,100,Indicative board,board,"SGD 200 – 39,999.99",std_200_40k,forex_sgd,21 August 2026 05:42:49 PM,21 August 2026 05:42:49 PM,2026-08-21T13:25:19.124135+00:00,1.0739,,,,
standardized,uob,BDT,SGD,BDT/SGD,100,Indicative board,board,"SGD 40,000 – 100,000",std_40k_100k,forex_sgd,21 August 2026 05:42:49 PM,21 August 2026 05:42:49 PM,2026-08-21T13:25:19.124135+00:00,1.0739,,,,
standardized,uob,BDT,SGD,BDT/SGD,100,Indicative board,board,SGD 50 – 200,std_50_200,forex_sgd,21 August 2026 05:42:49 PM,21 August 2026 05:42:49 PM,2026-08-21T13:25:19.124135+00:00,1.0739,,,,
standardized,uob,BDT,SGD,BDT/SGD,100,Indicative board,board,SGD < 50,std_lt_50,forex_sgd,21 August 2026 05:42:49 PM,21 August 2026 05:42:49 PM,2026-08-21T13:25:19.124135+00:00,1.0739,,,,
standardized,uob,BND,SGD,BND/SGD,1,Indicative board,board,"SGD 200 – 39,999.99",std_200_40k,forex_sgd,21 August 2026 05:42:49 PM,21 August 2026 05:42:49 PM,2026-08-21T13:25:19.124135+00:00,1.0,1.0,1.0,0.0,0.0
standardized,uob,BND,SGD,BND/SGD,1,Indicative board,board,"SGD 40,000 – 100,000",std_40k_100k,forex_sgd,21 August 2026 05:42:49 PM,21 August 2026 05:42:49 PM,2026-08-21T13:25:19.124135+00:00,1.0,1.0,1.0,0.0,0.0
standardized,uob,BND,SGD,BND/SGD,1,Indicative board,board,SGD 50 – 200,std_50_200,forex_sgd,21 August 2026 05:42:49 PM,21 August 2026 05:42:49 PM,2026-08-21T13:25:19.124135+00:00,1.0,1.0,1.0,0.0,0.0
standardized,uob,BND,SGD,BND/SGD,1,Indicative board,board,SGD < 50,std_lt_50,forex_sgd,21 August 2026 05:42:49 PM,21 August 2026 05:42:49 PM,2026-08-21T13:25:19.124135+00:00,1.0,1.0,1.0,0.0,0.0
standardized,uob,CAD,SGD,CAD/SGD,1,Indicative board,board,"SGD 200 – 39,999.99",std_200_40k,forex_sgd,21 August 2026 05:42:49 PM,21 August 2026 05:42:49 PM,2026-08-21T13:25:19.124135+00:00,0.9328,0.9128,0.9228,1.0836584308625932,1.0836584308625932
standardized,uob,CAD,SGD,CAD/SGD,1,Indicative board,board,"SGD 40,000 – 100,000",std_40k_100k,forex_sgd,21 August 2026 05:42:49 PM,21 August 2026 05:42:49 PM,2026-08-21T13:25:19.124135+00:00,0.9328,0.9128,0.9228,1.0836584308625932,1.0836584308625932
standardized,uob,CAD,SGD,CAD/SGD,1,Indicative board,board,SGD 50 – 200,std_50_200,forex_sgd,21 August 2026 05:42:49 PM,21 August 2026 05:42:49 PM,2026-08-21T13:25:19.124135+00:00,0.9328,0.9128,0.9228,1.0836584308625932,1.0836584308625932
standardized,uob,CAD,SGD,CAD/SGD,1,Indicative board,board,SGD < 50,std_lt_50,forex_sgd,21 August 2026 05:42:49 PM,21 August 2026 05:42:49 PM,2026-08-21T13:25:19.124135+00:00,0.9328,0.9128,0.9228,1.0836584308625932,1.0836584308625932
standardized,uob,CHF,SGD,CHF/SGD,100,Indicative board,board,"SGD 200 – 39,999.99",std_200_40k,forex_sgd,21 August 2026 05:42:49 PM,21 August 2026 05:42:49 PM,2026-08-21T13:25:19.124135+00:00,160.49,157.19,158.84,1.0387811634349067,1.0387811634349067
standardized,uob,CHF,SGD,CHF/SGD,100,Indicative board,board,"SGD 40,000 – 100,000",std_40k_100k,forex_sgd,21 August 2026 05:42:49 PM,21 August 2026 05:42:49 PM,2026-08-21T13:25:19.124135+00:00,160.49,157.19,158.84,1.0387811634349067,1.0387811634349067
standardized,uob,CHF,SGD,CHF/SGD,100,Indicative board,board,SGD 50 – 200,std_50_200,forex_sgd,21 August 2026 05:42:49 PM,21 August 2026 05:42:49 PM,2026-08-21T13:25:19.124135+00:00,160.49,157.19,158.84,1.0387811634349067,1.0387811634349067
standardized,uob,CHF,SGD,CHF/SGD,100,Indicative board,board,SGD < 50,std_lt_50,forex_sgd,21 August 2026 05:42:49 PM,21 August 2026 05:42:49 PM,2026-08-21T13:25:19.124135+00:00,160.49,157.19,158.84,1.0387811634349067,1.0387811634349067
standardized,uob,CNH,SGD,CNH/SGD,100,Indicative board,board,"SGD 200 – 39,999.99",std_200_40k,forex_sgd,21 August 2026 05:42:49 PM,21 August 2026 05:42:49 PM,2026-08-21T13:25:19.124135+00:00,19.11,18.65,18.88,1.2182203389830533,1.2182203389830533
standardized,uob,CNH,SGD,CNH/SGD,100,Indicative board,board,"SGD 40,000 – 100,000",std_40k_100k,forex_sgd,21 August 2026 05:42:49 PM,21 August 2026 05:42:49 PM,2026-08-21T13:25:19.124135+00:00,19.11,18.65,18.88,1.2182203389830533,1.2182203389830533
standardized,uob,CNH,SGD,CNH/SGD,100,Indicative board,board,SGD 50 – 200,std_50_200,forex_sgd,21 August 2026 05:42:49 PM,21 August 2026 05:42:49 PM,2026-08-21T13:25:19.124135+00:00,19.11,18.65,18.88,1.2182203389830533,1.2182203389830533
standardized,uob,CNH,SGD,CNH/SGD,100,Indicative board,board,SGD < 50,std_lt_50,forex_sgd,21 August 2026 05:42:49 PM,21 August 2026 05:42:49 PM,2026-08-21T13:25:19.124135+00:00,19.11,18.65,18.88,1.2182203389830533,1.2182203389830533
standardized,uob,DKK,SGD,DKK/SGD,100,Indicative board,board,"SGD 200 – 39,999.99",std_200_40k,forex_sgd,21 August 2026 05:42:49 PM,21 August 2026 05:42:49 PM,2026-08-21T13:25:19.124135+00:00,20.22,19.52,19.869999999999997,1.761449421238055,1.7614494212380367
standardized,uob,DKK,SGD,DKK/SGD,100,Indicative board,board,"SGD 40,000 – 100,000",std_40k_100k,forex_sgd,21 August 2026 05:42:49 PM,21 August 2026 05:42:49 PM,2026-08-21T13:25:19.124135+00:00,20.22,19.52,19.869999999999997,1.761449421238055,1.7614494212380367
standardized,uob,DKK,SGD,DKK/SGD,100,Indicative board,board,SGD 50 – 200,std_50_200,forex_sgd,21 August 2026 05:42:49 PM,21 August 2026 05:42:49 PM,2026-08-21T13:25:19.124135+00:00,20.22,19.52,19.869999999999997,1.761449421238055,1.7614494212380367
standardized,uob,DKK,SGD,DKK/SGD,100,Indicative board,board,SGD < 50,std_lt_50,forex_sgd,21 August 2026 05:42:49 PM,21 August 2026 05:42:49 PM,2026-08-21T13:25:19.124135+00:00,20.22,19.52,19.869999999999997,1.761449421238055,1.7614494212380367
standardized,uob,EGP,SGD,EGP/SGD,100,Indicative board,board,"SGD 200 – 39,999.99",std_200_40k,forex_sgd,21 August 2026 05:42:49 PM,21 August 2026 05:42:49 PM,2026-08-21T13:25:19.124135+00:00,2.5688,,,,
standardized,uob,EGP,SGD,EGP/SGD,100,Indicative board,board,"SGD 40,000 – 100,000",std_40k_100k,forex_sgd,21 August 2026 05:42:49 PM,21 August 2026 05:42:49 PM,2026-08-21T13:25:19.124135+00:00,2.5688,,,,
standardized,uob,EGP,SGD,EGP/SGD,100,Indicative board,board,SGD 50 – 200,std_50_200,forex_sgd,21 August 2026 05:42:49 PM,21 August 2026 05:42:49 PM,2026-08-21T13:25:19.124135+00:00,2.5688,,,,
standardized,uob,EGP,SGD,EGP/SGD,100,Indicative board,board,SGD < 50,std_lt_50,forex_sgd,21 August 2026 05:42:49 PM,21 August 2026 05:42:49 PM,2026-08-21T13:25:19.124135+00:00,2.5688,,,,
standardized,uob,EUR,SGD,EUR/SGD,1,Indicative board,board,"SGD 200 – 39,999.99",std_200_40k,forex_sgd,21 August 2026 05:42:49 PM,21 August 2026 05:42:49 PM,2026-08-21T13:25:19.124135+00:00,1.5042,1.4662,1.4851999999999999,1.279288984648541,1.279288984648526
standardized,uob,EUR,SGD,EUR/SGD,1,Indicative board,board,"SGD 40,000 – 100,000",std_40k_100k,forex_sgd,21 August 2026 05:42:49 PM,21 August 2026 05:42:49 PM,2026-08-21T13:25:19.124135+00:00,1.5042,1.4662,1.4851999999999999,1.279288984648541,1.279288984648526
standardized,uob,EUR,SGD,EUR/SGD,1,Indicative board,board,SGD 50 – 200,std_50_200,forex_sgd,21 August 2026 05:42:49 PM,21 August 2026 05:42:49 PM,2026-08-21T13:25:19.124135+00:00,1.5042,1.4662,1.4851999999999999,1.279288984648541,1.279288984648526
standardized,uob,EUR,SGD,EUR/SGD,1,Indicative board,board,SGD < 50,std_lt_50,forex_sgd,21 August 2026 05:42:49 PM,21 August 2026 05:42:49 PM,2026-08-21T13:25:19.124135+00:00,1.5042,1.4662,1.4851999999999999,1.279288984648541,1.279288984648526
standardized,uob,GBP,SGD,GBP/SGD,1,Indicative board,board,"SGD 200 – 39,999.99",std_200_40k,forex_sgd,21 August 2026 05:42:49 PM,21 August 2026 05:42:49 PM,2026-08-21T13:25:19.124135+00:00,1.7559,1.7109,1.7334,1.2980269989615763,1.2980269989615763
standardized,uob,GBP,SGD,GBP/SGD,1,Indicative board,board,"SGD 40,000 – 100,000",std_40k_100k,forex_sgd,21 August 2026 05:42:49 PM,21 August 2026 05:42:49 PM,2026-08-21T13:25:19.124135+00:00,1.7559,1.7109,1.7334,1.2980269989615763,1.2980269989615763
standardized,uob,GBP,SGD,GBP/SGD,1,Indicative board,board,SGD 50 – 200,std_50_200,forex_sgd,21 August 2026 05:42:49 PM,21 August 2026 05:42:49 PM,2026-08-21T13:25:19.124135+00:00,1.7559,1.7109,1.7334,1.2980269989615763,1.2980269989615763
standardized,uob,GBP,SGD,GBP/SGD,1,Indicative board,board,SGD < 50,std_lt_50,forex_sgd,21 August 2026 05:42:49 PM,21 August 2026 05:42:49 PM,2026-08-21T13:25:19.124135+00:00,1.7559,1.7109,1.7334,1.2980269989615763,1.2980269989615763
standardized,uob,HKD,SGD,HKD/SGD,100,Indicative board,board,"SGD 200 – 39,999.99",std_200_40k,forex_sgd,21 August 2026 05:42:49 PM,21 August 2026 05:42:49 PM,2026-08-21T13:25:19.124135+00:00,16.359,16.001,16.18,1.1063040791100252,1.1063040791100032
standardized,uob,HKD,SGD,HKD/SGD,100,Indicative board,board,"SGD 40,000 – 100,000",std_40k_100k,forex_sgd,21 August 2026 05:42:49 PM,21 August 2026 05:42:49 PM,2026-08-21T13:25:19.124135+00:00,16.359,16.001,16.18,1.1063040791100252,1.1063040791100032
standardized,uob,HKD,SGD,HKD/SGD,100,Indicative board,board,SGD 50 – 200,std_50_200,forex_sgd,21 August 2026 05:42:49 PM,21 August 2026 05:42:49 PM,2026-08-21T13:25:19.124135+00:00,16.359,16.001,16.18,1.1063040791100252,1.1063040791100032
standardized,uob,HKD,SGD,HKD/SGD,100,Indicative board,board,SGD < 50,std_lt_50,forex_sgd,21 August 2026 05:42:49 PM,21 August 2026 05:42:49 PM,2026-08-21T13:25:19.124135+00:00,16.359,16.001,16.18,1.1063040791100252,1.1063040791100032
standardized,uob,INR,SGD,INR/SGD,100,Indicative board,board,"SGD 200 – 39,999.99",std_200_40k,forex_sgd,21 August 2026 05:42:49 PM,21 August 2026 05:42:49 PM,2026-08-21T13:25:19.124135+00:00,1.3621,,,,
standardized,uob,INR,SGD,INR/SGD,100,Indicative board,board,"SGD 40,000 – 100,000",std_40k_100k,forex_sgd,21 August 2026 05:42:49 PM,21 August 2026 05:42:49 PM,2026-08-21T13:25:19.124135+00:00,1.3621,,,,
standardized,uob,INR,SGD,INR/SGD,100,Indicative board,board,SGD 50 – 200,std_50_200,forex_sgd,21 August 2026 05:42:49 PM,21 August 2026 05:42:49 PM,2026-08-21T13:25:19.124135+00:00,1.3621,,,,
standardized,uob,INR,SGD,INR/SGD,100,Indicative board,board,SGD < 50,std_lt_50,forex_sgd,21 August 2026 05:42:49 PM,21 August 2026 05:42:49 PM,2026-08-21T13:25:19.124135+00:00,1.3621,,,,
standardized,uob,JPY,SGD,JPY/SGD,100,Indicative board,board,"SGD 200 – 39,999.99",std_200_40k,forex_sgd,21 August 2026 05:42:49 PM,21 August 2026 05:42:49 PM,2026-08-21T13:25:19.124135+00:00,0.8176,0.7836,0.8006,2.1234074444166895,2.1234074444166895
standardized,uob,JPY,SGD,JPY/SGD,100,Indicative board,board,"SGD 40,000 – 100,000",std_40k_100k,forex_sgd,21 August 2026 05:42:49 PM,21 August 2026 05:42:49 PM,2026-08-21T13:25:19.124135+00:00,0.8176,0.7836,0.8006,2.1234074444166895,2.1234074444166895
standardized,uob,JPY,SGD,JPY/SGD,100,Indicative board,board,SGD 50 – 200,std_50_200,forex_sgd,21 August 2026 05:42:49 PM,21 August 2026 05:42:49 PM,2026-08-21T13:25:19.124135+00:00,0.8176,0.7836,0.8006,2.1234074444166895,2.1234074444166895
standardized,uob,JPY,SGD,JPY/SGD,100,Indicative board,board,SGD < 50,std_lt_50,forex_sgd,21 August 2026 05:42:49 PM,21 August 2026 05:42:49 PM,2026-08-21T13:25:19.124135+00:00,0.8176,0.7836,0.8006,2.1234074444166895,2.1234074444166895
standardized,uob,KRW,SGD,KRW/SGD,1000,Indicative board,board,"SGD 200 – 39,999.99",std_200_40k,forex_sgd,21 August 2026 05:42:49 PM,21 August 2026 05:42:49 PM,2026-08-21T13:25:19.124135+00:00,0.9312,,,,
standardized,uob,KRW,SGD,KRW/SGD,1000,Indicative board,board,"SGD 40,000 – 100,000",std_40k_100k,forex_sgd,21 August 2026 05:42:49 PM,21 August 2026 05:42:49 PM,2026-08-21T13:25:19.124135+00:00,0.9312,,,,
standardized,uob,KRW,SGD,KRW/SGD,1000,Indicative board,board,SGD 50 – 200,std_50_200,forex_sgd,21 August 2026 05:42:49 PM,21 August 2026 05:42:49 PM,2026-08-21T13:25:19.124135+00:00,0.9312,,,,
standardized,uob,KRW,SGD,KRW/SGD,1000,Indicative board,board,SGD < 50,std_lt_50,forex_sgd,21 August 2026 05:42:49 PM,21 August 2026 05:42:49 PM,2026-08-21T13:25:19.124135+00:00,0.9312,,,,
standardized,uob,KWD,SGD,KWD/SGD,1,Indicative board,board,"SGD 200 – 39,999.99",std_200_40k,forex_sgd,21 August 2026 05:42:49 PM,21 August 2026 05:42:49 PM,2026-08-21T13:25:19.124135+00:00,4.1846,,,,
standardized,uob,KWD,SGD,KWD/SGD,1,Indicative board,board,"SGD 40,000 – 100,000",std_40k_100k,forex_sgd,21 August 2026 05:42:49 PM,21 August 2026 05:42:49 PM,2026-08-21T13:25:19.124135+00:00,4.1846,,,,
standardized,uob,KWD,SGD,KWD/SGD,1,Indicative board,board,SGD 50 – 200,std_50_200,forex_sgd,21 August 2026 05:42:49 PM,21 August 2026 05:42:49 PM,2026-08-21T13:25:19.124135+00:00,4.1846,,,,
standardized,uob,KWD,SGD,KWD/SGD,1,Indicative board,board,SGD < 50,std_lt_50,forex_sgd,21 August 2026 05:42:49 PM,21 August 2026 05:42:49 PM,2026-08-21T13:25:19.124135+00:00,4.1846,,,,
standardized,uob,LKR,SGD,LKR/SGD,100,Indicative board,board,"SGD 200 – 39,999.99",std_200_40k,forex_sgd,21 August 2026 05:42:49 PM,21 August 2026 05:42:49 PM,2026-08-21T13:25:19.124135+00:00,0.3915,,,,
standardized,uob,LKR,SGD,LKR/SGD,100,Indicative board,board,"SGD 40,000 – 100,000",std_40k_100k,forex_sgd,21 August 2026 05:42:49 PM,21 August 2026 05:42:49 PM,2026-08-21T13:25:19.124135+00:00,0.3915,,,,
standardized,uob,LKR,SGD,LKR/SGD,100,Indicative board,board,SGD 50 – 200,std_50_200,forex_sgd,21 August 2026 05:42:49 PM,21 August 2026 05:42:49 PM,2026-08-21T13:25:19.124135+00:00,0.3915,,,,
standardized,uob,LKR,SGD,LKR/SGD,100,Indicative board,board,SGD < 50,std_lt_50,forex_sgd,21 August 2026 05:42:49 PM,21 August 2026 05:42:49 PM,2026-08-21T13:25:19.124135+00:00,0.3915,,,,
standardized,uob,MXN,SGD,MXN/SGD,100,Indicative board,board,"SGD 200 – 39,999.99",std_200_40k,forex_sgd,21 August 2026 05:42:49 PM,21 August 2026 05:42:49 PM,2026-08-21T13:25:19.124135+00:00,7.575,,,,
standardized,uob,MXN,SGD,MXN/SGD,100,Indicative board,board,"SGD 40,000 – 100,000",std_40k_100k,forex_sgd,21 August 2026 05:42:49 PM,21 August 2026 05:42:49 PM,2026-08-21T13:25:19.124135+00:00,7.575,,,,
standardized,uob,MXN,SGD,MXN/SGD,100,Indicative board,board,SGD 50 – 200,std_50_200,forex_sgd,21 August 2026 05:42:49 PM,21 August 2026 05:42:49 PM,2026-08-21T13:25:19.124135+00:00,7.575,,,,
standardized,uob,MXN,SGD,MXN/SGD,100,Indicative board,board,SGD < 50,std_lt_50,forex_sgd,21 August 2026 05:42:49 PM,21 August 2026 05:42:49 PM,2026-08-21T13:25:19.124135+00:00,7.575,,,,
standardized,uob,MYR,SGD,MYR/SGD,100,Indicative board,board,"SGD 200 – 39,999.99",std_200_40k,forex_sgd,21 August 2026 05:42:49 PM,21 August 2026 05:42:49 PM,2026-08-21T13:25:19.124135+00:00,31.8979,,,,
standardized,uob,MYR,SGD,MYR/SGD,100,Indicative board,board,"SGD 40,000 – 100,000",std_40k_100k,forex_sgd,21 August 2026 05:42:49 PM,21 August 2026 05:42:49 PM,2026-08-21T13:25:19.124135+00:00,31.8979,,,,
standardized,uob,MYR,SGD,MYR/SGD,100,Indicative board,board,SGD 50 – 200,std_50_200,forex_sgd,21 August 2026 05:42:49 PM,21 August 2026 05:42:49 PM,2026-08-21T13:25:19.124135+00:00,31.8979,,,,
standardized,uob,MYR,SGD,MYR/SGD,100,Indicative board,board,SGD < 50,std_lt_50,forex_sgd,21 August 2026 05:42:49 PM,21 August 2026 05:42:49 PM,2026-08-21T13:25:19.124135+00:00,31.8979,,,,
standardized,uob,NOK,SGD,NOK/SGD,100,Indicative board,board,"SGD 200 – 39,999.99",std_200_40k,forex_sgd,21 August 2026 05:42:49 PM,21 August 2026 05:42:49 PM,2026-08-21T13:25:19.124135+00:00,13.88,13.44,13.66,1.6105417276720397,1.6105417276720397
standardized,uob,NOK,SGD,NOK/SGD,100,Indicative board,board,"SGD 40,000 – 100,000",std_40k_100k,forex_sgd,21 August 2026 05:42:49 PM,21 August 2026 05:42:49 PM,2026-08-21T13:25:19.124135+00:00,13.88,13.44,13.66,1.6105417276720397,1.6105417276720397
standardized,uob,NOK,SGD,NOK/SGD,100,Indicative board,board,SGD 50 – 200,std_50_200,forex_sgd,21 August 2026 05:42:49 PM,21 August 2026 05:42:49 PM,2026-08-21T13:25:19.124135+00:00,13.88,13.44,13.66,1.6105417276720397,1.6105417276720397
standardized,uob,NOK,SGD,NOK/SGD,100,Indicative board,board,SGD < 50,std_lt_50,forex_sgd,21 August 2026 05:42:49 PM,21 August 2026 05:42:49 PM,2026-08-21T13:25:19.124135+00:00,13.88,13.44,13.66,1.6105417276720397,1.6105417276720397
standardized,uob,NZD,SGD,NZD/SGD,1,Indicative board,board,"SGD 200 – 39,999.99",std_200_40k,forex_sgd,21 August 2026 05:42:49 PM,21 August 2026 05:42:49 PM,2026-08-21T13:25:19.124135+00:00,0.7688,0.7488,0.7588,1.3178703215603595,1.3178703215603595
standardized,uob,NZD,SGD,NZD/SGD,1,Indicative board,board,"SGD 40,000 – 100,000",std_40k_100k,forex_sgd,21 August 2026 05:42:49 PM,21 August 2026 05:42:49 PM,2026-08-21T13:25:19.124135+00:00,0.7688,0.7488,0.7588,1.3178703215603595,1.3178703215603595
standardized,uob,NZD,SGD,NZD/SGD,1,Indicative board,board,SGD 50 – 200,std_50_200,forex_sgd,21 August 2026 05:42:49 PM,21 August 2026 05:42:49 PM,2026-08-21T13:25:19.124135+00:00,0.7688,0.7488,0.7588,1.3178703215603595,1.3178703215603595
standardized,uob,NZD,SGD,NZD/SGD,1,Indicative board,board,SGD < 50,std_lt_50,forex_sgd,21 August 2026 05:42:49 PM,21 August 2026 05:42:49 PM,2026-08-21T13:25:19.124135+00:00,0.7688,0.7488,0.7588,1.3178703215603595,1.3178703215603595
standardized,uob,PHP,SGD,PHP/SGD,100,Indicative board,board,"SGD 200 – 39,999.99",std_200_40k,forex_sgd,21 August 2026 05:42:49 PM,21 August 2026 05:42:49 PM,2026-08-21T13:25:19.124135+00:00,2.1032,,,,
standardized,uob,PHP,SGD,PHP/SGD,100,Indicative board,board,"SGD 40,000 – 100,000",std_40k_100k,forex_sgd,21 August 2026 05:42:49 PM,21 August 2026 05:42:49 PM,2026-08-21T13:25:19.124135+00:00,2.1032,,,,
standardized,uob,PHP,SGD,PHP/SGD,100,Indicative board,board,SGD 50 – 200,std_50_200,forex_sgd,21 August 2026 05:42:49 PM,21 August 2026 05:42:49 PM,2026-08-21T13:25:19.124135+00:00,2.1032,,,,
standardized,uob,PHP,SGD,PHP/SGD,100,Indicative board,board,SGD < 50,std_lt_50,forex_sgd,21 August 2026 05:42:49 PM,21 August 2026 05:42:49 PM,2026-08-21T13:25:19.124135+00:00,2.1032,,,,
standardized,uob,PKR,SGD,PKR/SGD,100,Indicative board,board,"SGD 200 – 39,999.99",std_200_40k,forex_sgd,21 August 2026 05:42:49 PM,21 August 2026 05:42:49 PM,2026-08-21T13:25:19.124135+00:00,0.4647,,,,
standardized,uob,PKR,SGD,PKR/SGD,100,Indicative board,board,"SGD 40,000 – 100,000",std_40k_100k,forex_sgd,21 August 2026 05:42:49 PM,21 August 2026 05:42:49 PM,2026-08-21T13:25:19.124135+00:00,0.4647,,,,
standardized,uob,PKR,SGD,PKR/SGD,100,Indicative board,board,SGD 50 – 200,std_50_200,forex_sgd,21 August 2026 05:42:49 PM,21 August 2026 05:42:49 PM,2026-08-21T13:25:19.124135+00:00,0.4647,,,,
standardized,uob,PKR,SGD,PKR/SGD,100,Indicative board,board,SGD < 50,std_lt_50,forex_sgd,21 August 2026 05:42:49 PM,21 August 2026 05:42:49 PM,2026-08-21T13:25:19.124135+00:00,0.4647,,,,
standardized,uob,SAR,SGD,SAR/SGD,100,Indicative board,board,"SGD 200 – 39,999.99",std_200_40k,forex_sgd,21 August 2026 05:42:49 PM,21 August 2026 05:42:49 PM,2026-08-21T13:25:19.124135+00:00,,,,,
standardized,uob,SAR,SGD,SAR/SGD,100,Indicative board,board,"SGD 40,000 – 100,000",std_40k_100k,forex_sgd,21 August 2026 05:42:49 PM,21 August 2026 05:42:49 PM,2026-08-21T13:25:19.124135+00:00,,,,,
standardized,uob,SAR,SGD,SAR/SGD,100,Indicative board,board,SGD 50 – 200,std_50_200,forex_sgd,21 August 2026 05:42:49 PM,21 August 2026 05:42:49 PM,2026-08-21T13:25:19.124135+00:00,,,,,
standardized,uob,SAR,SGD,SAR/SGD,100,Indicative board,board,SGD < 50,std_lt_50,forex_sgd,21 August 2026 05:42:49 PM,21 August 2026 05:42:49 PM,2026-08-21T13:25:19.124135+00:00,,,,,
standardized,uob,SEK,SGD,SEK/SGD,100,Indicative board,board,"SGD 200 – 39,999.99",std_200_40k,forex_sgd,21 August 2026 05:42:49 PM,21 August 2026 05:42:49 PM,2026-08-21T13:25:19.124135+00:00,13.65,13.17,13.41,1.7897091722595095,1.7897091722595095
standardized,uob,SEK,SGD,SEK/SGD,100,Indicative board,board,"SGD 40,000 – 100,000",std_40k_100k,forex_sgd,21 August 2026 05:42:49 PM,21 August 2026 05:42:49 PM,2026-08-21T13:25:19.124135+00:00,13.65,13.17,13.41,1.7897091722595095,1.7897091722595095
standardized,uob,SEK,SGD,SEK/SGD,100,Indicative board,board,SGD 50 – 200,std_50_200,forex_sgd,21 August 2026 05:42:49 PM,21 August 2026 05:42:49 PM,2026-08-21T13:25:19.124135+00:00,13.65,13.17,13.41,1.7897091722595095,1.7897091722595095
standardized,uob,SEK,SGD,SEK/SGD,100,Indicative board,board,SGD < 50,std_lt_50,forex_sgd,21 August 2026 05:42:49 PM,21 August 2026 05:42:49 PM,2026-08-21T13:25:19.124135+00:00,13.65,13.17,13.41,1.7897091722595095,1.7897091722595095
standardized,uob,THB,SGD,THB/SGD,100,Indicative board,board,"SGD 200 – 39,999.99",std_200_40k,forex_sgd,21 August 2026 05:42:49 PM,21 August 2026 05:42:49 PM,2026-08-21T13:25:19.124135+00:00,3.98,3.78,3.88,2.5773195876288684,2.5773195876288684
standardized,uob,THB,SGD,THB/SGD,100,Indicative board,board,"SGD 40,000 – 100,000",std_40k_100k,forex_sgd,21 August 2026 05:42:49 PM,21 August 2026 05:42:49 PM,2026-08-21T13:25:19.124135+00:00,3.98,3.78,3.88,2.5773195876288684,2.5773195876288684
standardized,uob,THB,SGD,THB/SGD,100,Indicative board,board,SGD 50 – 200,std_50_200,forex_sgd,21 August 2026 05:42:49 PM,21 August 2026 05:42:49 PM,2026-08-21T13:25:19.124135+00:00,3.98,3.78,3.88,2.5773195876288684,2.5773195876288684
standardized,uob,THB,SGD,THB/SGD,100,Indicative board,board,SGD < 50,std_lt_50,forex_sgd,21 August 2026 05:42:49 PM,21 August 2026 05:42:49 PM,2026-08-21T13:25:19.124135+00:00,3.98,3.78,3.88,2.5773195876288684,2.5773195876288684
standardized,uob,TWD,SGD,TWD/SGD,100,Indicative board,board,"SGD 200 – 39,999.99",std_200_40k,forex_sgd,21 August 2026 05:42:49 PM,21 August 2026 05:42:49 PM,2026-08-21T13:25:19.124135+00:00,4.0705,,,,
standardized,uob,TWD,SGD,TWD/SGD,100,Indicative board,board,"SGD 40,000 – 100,000",std_40k_100k,forex_sgd,21 August 2026 05:42:49 PM,21 August 2026 05:42:49 PM,2026-08-21T13:25:19.124135+00:00,4.0705,,,,
standardized,uob,TWD,SGD,TWD/SGD,100,Indicative board,board,SGD 50 – 200,std_50_200,forex_sgd,21 August 2026 05:42:49 PM,21 August 2026 05:42:49 PM,2026-08-21T13:25:19.124135+00:00,4.0705,,,,
standardized,uob,TWD,SGD,TWD/SGD,100,Indicative board,board,SGD < 50,std_lt_50,forex_sgd,21 August 2026 05:42:49 PM,21 August 2026 05:42:49 PM,2026-08-21T13:25:19.124135+00:00,4.0705,,,,
standardized,uob,USD,SGD,USD/SGD,1,Indicative board,board,"SGD 200 – 39,999.99",std_200_40k,forex_sgd,21 August 2026 05:42:49 PM,21 August 2026 05:42:49 PM,2026-08-21T13:25:19.124135+00:00,1.2805,1.2565,1.2685,0.9459992116673245,0.9459992116673245
standardized,uob,USD,SGD,USD/SGD,1,Indicative board,board,"SGD 40,000 – 100,000",std_40k_100k,forex_sgd,21 August 2026 05:42:49 PM,21 August 2026 05:42:49 PM,2026-08-21T13:25:19.124135+00:00,1.2805,1.2565,1.2685,0.9459992116673245,0.9459992116673245
standardized,uob,USD,SGD,USD/SGD,1,Indicative board,board,SGD 50 – 200,std_50_200,forex_sgd,21 August 2026 05:42:49 PM,21 August 2026 05:42:49 PM,2026-08-21T13:25:19.124135+00:00,1.2805,1.2565,1.2685,0.9459992116673245,0.9459992116673245
standardized,uob,USD,SGD,USD/SGD,1,Indicative board,board,SGD < 50,std_lt_50,forex_sgd,21 August 2026 05:42:49 PM,21 August 2026 05:42:49 PM,2026-08-21T13:25:19.124135+00:00,1.2805,1.2565,1.2685,0.9459992116673245,0.9459992116673245
standardized,uob,VND,SGD,VND/SGD,1000,Indicative board,board,"SGD 200 – 39,999.99",std_200_40k,forex_sgd,21 August 2026 05:42:49 PM,21 August 2026 05:42:49 PM,2026-08-21T13:25:19.124135+00:00,0.0498,,,,
standardized,uob,VND,SGD,VND/SGD,1000,Indicative board,board,"SGD 40,000 – 100,000",std_40k_100k,forex_sgd,21 August 2026 05:42:49 PM,21 August 2026 05:42:49 PM,2026-08-21T13:25:19.124135+00:00,0.0498,,,,
standardized,uob,VND,SGD,VND/SGD,1000,Indicative board,board,SGD 50 – 200,std_50_200,forex_sgd,21 August 2026 05:42:49 PM,21 August 2026 05:42:49 PM,2026-08-21T13:25:19.124135+00:00,0.0498,,,,
standardized,uob,VND,SGD,VND/SGD,1000,Indicative board,board,SGD < 50,std_lt_50,forex_sgd,21 August 2026 05:42:49 PM,21 August 2026 05:42:49 PM,2026-08-21T13:25:19.124135+00:00,0.0498,,,,
standardized,uob,XAF,SGD,XAF/SGD,100,Indicative board,board,"SGD 200 – 39,999.99",std_200_40k,forex_sgd,21 August 2026 05:42:49 PM,21 August 2026 05:42:49 PM,2026-08-21T13:25:19.124135+00:00,0.2326,,,,
standardized,uob,XAF,SGD,XAF/SGD,100,Indicative board,board,"SGD 40,000 – 100,000",std_40k_100k,forex_sgd,21 August 2026 05:42:49 PM,21 August 2026 05:42:49 PM,2026-08-21T13:25:19.124135+00:00,0.2326,,,,
standardized,uob,XAF,SGD,XAF/SGD,100,Indicative board,board,SGD 50 – 200,std_50_200,forex_sgd,21 August 2026 05:42:49 PM,21 August 2026 05:42:49 PM,2026-08-21T13:25:19.124135+00:00,0.2326,,,,
standardized,uob,XAF,SGD,XAF/SGD,100,Indicative board,board,SGD < 50,std_lt_50,forex_sgd,21 August 2026 05:42:49 PM,21 August 2026 05:42:49 PM,2026-08-21T13:25:19.124135+00:00,0.2326,,,,
standardized,uob,XOF,SGD,XOF/SGD,100,Indicative board,board,"SGD 200 – 39,999.99",std_200_40k,forex_sgd,21 August 2026 05:42:49 PM,21 August 2026 05:42:49 PM,2026-08-21T13:25:19.124135+00:00,0.2341,,,,
standardized,uob,XOF,SGD,XOF/SGD,100,Indicative board,board,"SGD 40,000 – 100,000",std_40k_100k,forex_sgd,21 August 2026 05:42:49 PM,21 August 2026 05:42:49 PM,2026-08-21T13:25:19.124135+00:00,0.2341,,,,
standardized,uob,XOF,SGD,XOF/SGD,100,Indicative board,board,SGD 50 – 200,std_50_200,forex_sgd,21 August 2026 05:42:49 PM,21 August 2026 05:42:49 PM,2026-08-21T13:25:19.124135+00:00,0.2341,,,,
standardized,uob,XOF,SGD,XOF/SGD,100,Indicative board,board,SGD < 50,std_lt_50,forex_sgd,21 August 2026 05:42:49 PM,21 August 2026 05:42:49 PM,2026-08-21T13:25:19.124135+00:00,0.2341,,,,
standardized,uob,ZAR,SGD,ZAR/SGD,1,Indicative board,board,"SGD 200 – 39,999.99",std_200_40k,forex_sgd,21 August 2026 05:42:49 PM,21 August 2026 05:42:49 PM,2026-08-21T13:25:19.124135+00:00,0.0812,0.0772,0.07919999999999999,2.5252525252525277,2.5252525252525104
standardized,uob,ZAR,SGD,ZAR/SGD,1,Indicative board,board,"SGD 40,000 – 100,000",std_40k_100k,forex_sgd,21 August 2026 05:42:49 PM,21 August 2026 05:42:49 PM,2026-08-21T13:25:19.124135+00:00,0.0812,0.0772,0.07919999999999999,2.5252525252525277,2.5252525252525104
standardized,uob,ZAR,SGD,ZAR/SGD,1,Indicative board,board,SGD 50 – 200,std_50_200,forex_sgd,21 August 2026 05:42:49 PM,21 August 2026 05:42:49 PM,2026-08-21T13:25:19.124135+00:00,0.0812,0.0772,0.07919999999999999,2.5252525252525277,2.5252525252525104
standardized,uob,ZAR,SGD,ZAR/SGD,1,Indicative board,board,SGD < 50,std_lt_50,forex_sgd,21 August 2026 05:42:49 PM,21 August 2026 05:42:49 PM,2026-08-21T13:25:19.124135+00:00,0.0812,0.0772,0.07919999999999999,2.5252525252525277,2.5252525252525104
