record_type,bank,base_currency,quote_currency,currency_pair,unit,transaction_value,amount_tier,std_transaction_value,std_amount_tier,group,effective_date,last_updated,scraped_at,tt_od_sell,tt_buy,mid_rate,sell_margin_pct,buy_margin_pct
native,dbs,AED,SGD,AED/SGD,1,SGD 50 – 200,amtBtw50And200,,,mainCurrencies,2026-09-10 00:45:00,2026-09-09 16:45:14,2026-09-09T16:48:12.286732+00:00,0.3466,0.3418,0.3442,0.6972690296339376,0.6972690296339376
native,dbs,AED,SGD,AED/SGD,1,SGD < 50,amtLessThan50,,,mainCurrencies,2026-09-10 00:45:00,2026-09-09 16:45:14,2026-09-09T16:48:12.286732+00:00,0.3493,0.3391,0.3442,1.4816966879721072,1.4816966879721072
native,dbs,AUD,SGD,AUD/SGD,1,SGD 50 – 200,amtBtw50And200,,,mainCurrencies,2026-09-10 00:45:00,2026-09-09 16:45:14,2026-09-09T16:48:12.286732+00:00,0.923,0.9028,0.9129,1.106364333442874,1.106364333442874
native,dbs,AUD,SGD,AUD/SGD,1,SGD < 50,amtLessThan50,,,mainCurrencies,2026-09-10 00:45:00,2026-09-09 16:45:14,2026-09-09T16:48:12.286732+00:00,0.9234,0.9023,0.9128499999999999,1.1557210932792967,1.1557210932792845
native,dbs,BDT,SGD,BDT/SGD,100,SGD 50 – 200,amtBtw50And200,,,otherCurrencies,2026-09-10 00:45:00,2026-09-09 16:45:14,2026-09-09T16:48:12.286732+00:00,1.0389,,,,
native,dbs,BDT,SGD,BDT/SGD,100,SGD < 50,amtLessThan50,,,otherCurrencies,2026-09-10 00:45:00,2026-09-09 16:45:14,2026-09-09T16:48:12.286732+00:00,1.0389,,,,
native,dbs,BHD,SGD,BHD/SGD,1,SGD 50 – 200,amtBtw50And200,,,otherCurrencies,2026-09-10 00:45:00,2026-09-09 16:45:14,2026-09-09T16:48:12.286732+00:00,3.4159,,,,
native,dbs,BHD,SGD,BHD/SGD,1,SGD < 50,amtLessThan50,,,otherCurrencies,2026-09-10 00:45:00,2026-09-09 16:45:14,2026-09-09T16:48:12.286732+00:00,3.4294,,,,
native,dbs,BND,SGD,BND/SGD,1,SGD 50 – 200,amtBtw50And200,,,otherCurrencies,2026-09-10 00:45:00,2026-09-09 16:45:14,2026-09-09T16:48:12.286732+00:00,1.0,1.0,1.0,0.0,0.0
native,dbs,BND,SGD,BND/SGD,1,SGD < 50,amtLessThan50,,,otherCurrencies,2026-09-10 00:45:00,2026-09-09 16:45:14,2026-09-09T16:48:12.286732+00:00,1.0,1.0,1.0,0.0,0.0
native,dbs,CAD,SGD,CAD/SGD,1,SGD 50 – 200,amtBtw50And200,,,mainCurrencies,2026-09-10 00:45:00,2026-09-09 16:45:14,2026-09-09T16:48:12.286732+00:00,0.9227,0.9089,0.9158,0.7534396156366038,0.7534396156365917
native,dbs,CAD,SGD,CAD/SGD,1,SGD < 50,amtLessThan50,,,mainCurrencies,2026-09-10 00:45:00,2026-09-09 16:45:14,2026-09-09T16:48:12.286732+00:00,0.9259,0.9057,0.9158,1.102860886656475,1.102860886656475
native,dbs,CHF,SGD,CHF/SGD,1,SGD 50 – 200,amtBtw50And200,,,mainCurrencies,2026-09-10 00:45:00,2026-09-09 16:45:14,2026-09-09T16:48:12.286732+00:00,1.5754,1.5456,1.5605,0.9548221723806417,0.9548221723806417
native,dbs,CHF,SGD,CHF/SGD,1,SGD < 50,amtLessThan50,,,mainCurrencies,2026-09-10 00:45:00,2026-09-09 16:45:14,2026-09-09T16:48:12.286732+00:00,1.5762,1.5448,1.5605,1.006087792374242,1.006087792374242
native,dbs,CNH,SGD,CNH/SGD,1,SGD 50 – 200,amtBtw50And200,,,mainCurrencies,2026-09-10 00:45:00,2026-09-09 16:45:14,2026-09-09T16:48:12.286732+00:00,0.1906,0.1863,0.18845,1.1408861767046883,1.1408861767047032
native,dbs,CNH,SGD,CNH/SGD,1,SGD < 50,amtLessThan50,,,mainCurrencies,2026-09-10 00:45:00,2026-09-09 16:45:14,2026-09-09T16:48:12.286732+00:00,0.1913,0.1856,0.18845,1.5123374900504067,1.5123374900504214
native,dbs,CNY,SGD,CNY/SGD,1,SGD 50 – 200,amtBtw50And200,,,otherCurrencies,2026-09-10 00:45:00,2026-09-09 16:45:14,2026-09-09T16:48:12.286732+00:00,0.1884,,,,
native,dbs,CNY,SGD,CNY/SGD,1,SGD < 50,amtLessThan50,,,otherCurrencies,2026-09-10 00:45:00,2026-09-09 16:45:14,2026-09-09T16:48:12.286732+00:00,0.1901,,,,
native,dbs,DKK,SGD,DKK/SGD,1,SGD 50 – 200,amtBtw50And200,,,mainCurrencies,2026-09-10 00:45:00,2026-09-09 16:45:14,2026-09-09T16:48:12.286732+00:00,0.1994,0.194,0.19669999999999999,1.3726487036095618,1.3726487036095478
native,dbs,DKK,SGD,DKK/SGD,1,SGD < 50,amtLessThan50,,,mainCurrencies,2026-09-10 00:45:00,2026-09-09 16:45:14,2026-09-09T16:48:12.286732+00:00,0.1998,0.1936,0.19669999999999999,1.5760040671072801,1.576004067107266
native,dbs,EUR,SGD,EUR/SGD,1,SGD 50 – 200,amtBtw50And200,,,mainCurrencies,2026-09-10 00:45:00,2026-09-09 16:45:14,2026-09-09T16:48:12.286732+00:00,1.4834,1.4582,1.4708,0.856676638564043,0.8566766385640581
native,dbs,EUR,SGD,EUR/SGD,1,SGD < 50,amtLessThan50,,,mainCurrencies,2026-09-10 00:45:00,2026-09-09 16:45:14,2026-09-09T16:48:12.286732+00:00,1.4841,1.4575,1.4708,0.9042697851509293,0.9042697851509444
native,dbs,GBP,SGD,GBP/SGD,1,SGD 50 – 200,amtBtw50And200,,,mainCurrencies,2026-09-10 00:45:00,2026-09-09 16:45:14,2026-09-09T16:48:12.286732+00:00,1.726,1.7002,1.7130999999999998,0.7530208394139358,0.753020839413923
native,dbs,GBP,SGD,GBP/SGD,1,SGD < 50,amtLessThan50,,,mainCurrencies,2026-09-10 00:45:00,2026-09-09 16:45:14,2026-09-09T16:48:12.286732+00:00,1.7278,1.6985,1.71315,0.8551498701222925,0.8551498701222925
native,dbs,HKD,SGD,HKD/SGD,1,SGD 50 – 200,amtBtw50And200,,,mainCurrencies,2026-09-10 00:45:00,2026-09-09 16:45:14,2026-09-09T16:48:12.286732+00:00,0.1628,0.1595,0.16115000000000002,1.0238907849829255,1.0238907849829428
native,dbs,HKD,SGD,HKD/SGD,1,SGD < 50,amtLessThan50,,,mainCurrencies,2026-09-10 00:45:00,2026-09-09 16:45:14,2026-09-09T16:48:12.286732+00:00,0.1629,0.1594,0.16115,1.0859447719515989,1.0859447719515989
native,dbs,HUF,SGD,HUF/SGD,100,SGD 50 – 200,amtBtw50And200,,,otherCurrencies,2026-09-10 00:45:00,2026-09-09 16:45:14,2026-09-09T16:48:12.286732+00:00,0.4122,,,,
native,dbs,HUF,SGD,HUF/SGD,100,SGD < 50,amtLessThan50,,,otherCurrencies,2026-09-10 00:45:00,2026-09-09 16:45:14,2026-09-09T16:48:12.286732+00:00,0.4138,,,,
native,dbs,ID0,SGD,ID0/SGD,100,SGD 50 – 200,amtBtw50And200,,,otherCurrencies,2026-09-10 00:45:00,2026-09-09 16:45:14,2026-09-09T16:48:12.286732+00:00,,,,,
native,dbs,ID0,SGD,ID0/SGD,100,SGD < 50,amtLessThan50,,,otherCurrencies,2026-09-10 00:45:00,2026-09-09 16:45:14,2026-09-09T16:48:12.286732+00:00,,0.0072,,,
native,dbs,IDR,SGD,IDR/SGD,100,SGD 50 – 200,amtBtw50And200,,,mainCurrencies,2026-09-10 00:45:00,2026-09-09 16:45:14,2026-09-09T16:48:12.286732+00:00,0.0074,,,,
native,dbs,IDR,SGD,IDR/SGD,100,SGD < 50,amtLessThan50,,,mainCurrencies,2026-09-10 00:45:00,2026-09-09 16:45:14,2026-09-09T16:48:12.286732+00:00,0.0074,,,,
native,dbs,IN0,SGD,IN0/SGD,100,SGD 50 – 200,amtBtw50And200,,,otherCurrencies,2026-09-10 00:45:00,2026-09-09 16:45:14,2026-09-09T16:48:12.286732+00:00,,1.3256,,,
native,dbs,IN0,SGD,IN0/SGD,100,SGD < 50,amtLessThan50,,,otherCurrencies,2026-09-10 00:45:00,2026-09-09 16:45:14,2026-09-09T16:48:12.286732+00:00,,1.3256,,,
native,dbs,INR,SGD,INR/SGD,100,SGD 50 – 200,amtBtw50And200,,,otherCurrencies,2026-09-10 00:45:00,2026-09-09 16:45:14,2026-09-09T16:48:12.286732+00:00,1.3447,,,,
native,dbs,INR,SGD,INR/SGD,100,SGD < 50,amtLessThan50,,,otherCurrencies,2026-09-10 00:45:00,2026-09-09 16:45:14,2026-09-09T16:48:12.286732+00:00,1.3554,,,,
native,dbs,JPY,SGD,JPY/SGD,100,SGD 50 – 200,amtBtw50And200,,,mainCurrencies,2026-09-10 00:45:00,2026-09-09 16:45:14,2026-09-09T16:48:12.286732+00:00,0.8316,0.8151,0.82335,1.0020040080160295,1.0020040080160295
native,dbs,JPY,SGD,JPY/SGD,100,SGD < 50,amtLessThan50,,,mainCurrencies,2026-09-10 00:45:00,2026-09-09 16:45:14,2026-09-09T16:48:12.286732+00:00,0.8325,0.8142,0.82335,1.1113135361632345,1.1113135361632345
native,dbs,KRW,SGD,KRW/SGD,100,SGD 50 – 200,amtBtw50And200,,,otherCurrencies,2026-09-10 00:45:00,2026-09-09 16:45:14,2026-09-09T16:48:12.286732+00:00,0.0956,,,,
native,dbs,KRW,SGD,KRW/SGD,100,SGD < 50,amtLessThan50,,,otherCurrencies,2026-09-10 00:45:00,2026-09-09 16:45:14,2026-09-09T16:48:12.286732+00:00,0.0956,,,,
native,dbs,KWD,SGD,KWD/SGD,100,SGD 50 – 200,amtBtw50And200,,,otherCurrencies,2026-09-10 00:45:00,2026-09-09 16:45:14,2026-09-09T16:48:12.286732+00:00,419.365,,,,
native,dbs,KWD,SGD,KWD/SGD,100,SGD < 50,amtLessThan50,,,otherCurrencies,2026-09-10 00:45:00,2026-09-09 16:45:14,2026-09-09T16:48:12.286732+00:00,421.0187,,,,
native,dbs,LKR,SGD,LKR/SGD,100,SGD 50 – 200,amtBtw50And200,,,otherCurrencies,2026-09-10 00:45:00,2026-09-09 16:45:14,2026-09-09T16:48:12.286732+00:00,0.3923,,,,
native,dbs,LKR,SGD,LKR/SGD,100,SGD < 50,amtLessThan50,,,otherCurrencies,2026-09-10 00:45:00,2026-09-09 16:45:14,2026-09-09T16:48:12.286732+00:00,0.3923,,,,
native,dbs,MM1,SGD,MM1/SGD,100,SGD 50 – 200,amtBtw50And200,,,otherCurrencies,2026-09-10 00:45:00,2026-09-09 16:45:14,2026-09-09T16:48:12.286732+00:00,,,,,
native,dbs,MM1,SGD,MM1/SGD,100,SGD < 50,amtLessThan50,,,otherCurrencies,2026-09-10 00:45:00,2026-09-09 16:45:14,2026-09-09T16:48:12.286732+00:00,,,,,
native,dbs,MMK,SGD,MMK/SGD,100,SGD 50 – 200,amtBtw50And200,,,otherCurrencies,2026-09-10 00:45:00,2026-09-09 16:45:14,2026-09-09T16:48:12.286732+00:00,0.0321,,,,
native,dbs,MMK,SGD,MMK/SGD,100,SGD < 50,amtLessThan50,,,otherCurrencies,2026-09-10 00:45:00,2026-09-09 16:45:14,2026-09-09T16:48:12.286732+00:00,0.0321,,,,
native,dbs,MUR,SGD,MUR/SGD,100,SGD 50 – 200,amtBtw50And200,,,otherCurrencies,2026-09-10 00:45:00,2026-09-09 16:45:14,2026-09-09T16:48:12.286732+00:00,2.6792,,,,
native,dbs,MUR,SGD,MUR/SGD,100,SGD < 50,amtLessThan50,,,otherCurrencies,2026-09-10 00:45:00,2026-09-09 16:45:14,2026-09-09T16:48:12.286732+00:00,2.6897,,,,
native,dbs,MXN,SGD,MXN/SGD,100,SGD 50 – 200,amtBtw50And200,,,mainCurrencies,2026-09-10 00:45:00,2026-09-09 16:45:14,2026-09-09T16:48:12.286732+00:00,7.6013,,,,
native,dbs,MXN,SGD,MXN/SGD,100,SGD < 50,amtLessThan50,,,mainCurrencies,2026-09-10 00:45:00,2026-09-09 16:45:14,2026-09-09T16:48:12.286732+00:00,7.5971,,,,
native,dbs,MY0,SGD,MY0/SGD,1,SGD 50 – 200,amtBtw50And200,,,otherCurrencies,2026-09-10 00:45:00,2026-09-09 16:45:14,2026-09-09T16:48:12.286732+00:00,,0.3105,,,
native,dbs,MY0,SGD,MY0/SGD,1,SGD < 50,amtLessThan50,,,otherCurrencies,2026-09-10 00:45:00,2026-09-09 16:45:14,2026-09-09T16:48:12.286732+00:00,,0.3105,,,
native,dbs,MYR,SGD,MYR/SGD,1,SGD 50 – 200,amtBtw50And200,,,otherCurrencies,2026-09-10 00:45:00,2026-09-09 16:45:14,2026-09-09T16:48:12.286732+00:00,0.3145,,,,
native,dbs,MYR,SGD,MYR/SGD,1,SGD < 50,amtLessThan50,,,otherCurrencies,2026-09-10 00:45:00,2026-09-09 16:45:14,2026-09-09T16:48:12.286732+00:00,0.3145,,,,
native,dbs,NOK,SGD,NOK/SGD,1,SGD 50 – 200,amtBtw50And200,,,mainCurrencies,2026-09-10 00:45:00,2026-09-09 16:45:14,2026-09-09T16:48:12.286732+00:00,0.1394,0.1355,0.13745000000000002,1.4186977082575332,1.4186977082575534
native,dbs,NOK,SGD,NOK/SGD,1,SGD < 50,amtLessThan50,,,mainCurrencies,2026-09-10 00:45:00,2026-09-09 16:45:14,2026-09-09T16:48:12.286732+00:00,0.1398,0.1351,0.13745000000000002,1.7097126227719104,1.7097126227719306
native,dbs,NZD,SGD,NZD/SGD,1,SGD 50 – 200,amtBtw50And200,,,mainCurrencies,2026-09-10 00:45:00,2026-09-09 16:45:14,2026-09-09T16:48:12.286732+00:00,0.747,0.7299,0.73845,1.1578305911029787,1.1578305911029938
native,dbs,NZD,SGD,NZD/SGD,1,SGD < 50,amtLessThan50,,,mainCurrencies,2026-09-10 00:45:00,2026-09-09 16:45:14,2026-09-09T16:48:12.286732+00:00,0.7477,0.7291,0.7384,1.259479956663067,1.259479956663052
native,dbs,OMR,SGD,OMR/SGD,1,SGD 50 – 200,amtBtw50And200,,,otherCurrencies,2026-09-10 00:45:00,2026-09-09 16:45:14,2026-09-09T16:48:12.286732+00:00,3.3067,,,,
native,dbs,OMR,SGD,OMR/SGD,1,SGD < 50,amtLessThan50,,,otherCurrencies,2026-09-10 00:45:00,2026-09-09 16:45:14,2026-09-09T16:48:12.286732+00:00,3.3067,,,,
native,dbs,PH0,SGD,PH0/SGD,100,SGD 50 – 200,amtBtw50And200,,,otherCurrencies,2026-09-10 00:45:00,2026-09-09 16:45:14,2026-09-09T16:48:12.286732+00:00,,2.0153,,,
native,dbs,PH0,SGD,PH0/SGD,100,SGD < 50,amtLessThan50,,,otherCurrencies,2026-09-10 00:45:00,2026-09-09 16:45:14,2026-09-09T16:48:12.286732+00:00,,2.0153,,,
native,dbs,PHP,SGD,PHP/SGD,100,SGD 50 – 200,amtBtw50And200,,,otherCurrencies,2026-09-10 00:45:00,2026-09-09 16:45:14,2026-09-09T16:48:12.286732+00:00,2.0441,,,,
native,dbs,PHP,SGD,PHP/SGD,100,SGD < 50,amtLessThan50,,,otherCurrencies,2026-09-10 00:45:00,2026-09-09 16:45:14,2026-09-09T16:48:12.286732+00:00,2.0594,,,,
native,dbs,PLN,SGD,PLN/SGD,1,SGD 50 – 200,amtBtw50And200,,,otherCurrencies,2026-09-10 00:45:00,2026-09-09 16:45:14,2026-09-09T16:48:12.286732+00:00,0.3472,,,,
native,dbs,PLN,SGD,PLN/SGD,1,SGD < 50,amtLessThan50,,,otherCurrencies,2026-09-10 00:45:00,2026-09-09 16:45:14,2026-09-09T16:48:12.286732+00:00,0.3486,,,,
native,dbs,QAR,SGD,QAR/SGD,1,SGD 50 – 200,amtBtw50And200,,,otherCurrencies,2026-09-10 00:45:00,2026-09-09 16:45:14,2026-09-09T16:48:12.286732+00:00,0.3545,,,,
native,dbs,QAR,SGD,QAR/SGD,1,SGD < 50,amtLessThan50,,,otherCurrencies,2026-09-10 00:45:00,2026-09-09 16:45:14,2026-09-09T16:48:12.286732+00:00,0.3559,,,,
native,dbs,RUB,SGD,RUB/SGD,100,SGD 50 – 200,amtBtw50And200,,,mainCurrencies,2026-09-10 00:45:00,2026-09-09 16:45:14,2026-09-09T16:48:12.286732+00:00,,,,,
native,dbs,RUB,SGD,RUB/SGD,100,SGD < 50,amtLessThan50,,,mainCurrencies,2026-09-10 00:45:00,2026-09-09 16:45:14,2026-09-09T16:48:12.286732+00:00,,,,,
native,dbs,SAR,SGD,SAR/SGD,100,SGD 50 – 200,amtBtw50And200,,,otherCurrencies,2026-09-10 00:45:00,2026-09-09 16:45:14,2026-09-09T16:48:12.286732+00:00,34.0893,,,,
native,dbs,SAR,SGD,SAR/SGD,100,SGD < 50,amtLessThan50,,,otherCurrencies,2026-09-10 00:45:00,2026-09-09 16:45:14,2026-09-09T16:48:12.286732+00:00,34.0893,,,,
native,dbs,SEK,SGD,SEK/SGD,1,SGD 50 – 200,amtBtw50And200,,,mainCurrencies,2026-09-10 00:45:00,2026-09-09 16:45:14,2026-09-09T16:48:12.286732+00:00,0.1335,0.1299,0.13169999999999998,1.3667425968109521,1.3667425968109312
native,dbs,SEK,SGD,SEK/SGD,1,SGD < 50,amtLessThan50,,,mainCurrencies,2026-09-10 00:45:00,2026-09-09 16:45:14,2026-09-09T16:48:12.286732+00:00,0.134,0.1294,0.13169999999999998,1.746393318147323,1.7463933181473021
native,dbs,THB,SGD,THB/SGD,100,SGD 50 – 200,amtBtw50And200,,,mainCurrencies,2026-09-10 00:45:00,2026-09-09 16:45:14,2026-09-09T16:48:12.286732+00:00,3.896,3.7845,3.84025,1.4517284030987498,1.4517284030987614
native,dbs,THB,SGD,THB/SGD,100,SGD < 50,amtLessThan50,,,mainCurrencies,2026-09-10 00:45:00,2026-09-09 16:45:14,2026-09-09T16:48:12.286732+00:00,3.9002,3.7803,3.84025,1.5610962827940817,1.5610962827940933
native,dbs,TND,SGD,TND/SGD,1,SGD 50 – 200,amtBtw50And200,,,otherCurrencies,2026-09-10 00:45:00,2026-09-09 16:45:14,2026-09-09T16:48:12.286732+00:00,0.4426,,,,
native,dbs,TND,SGD,TND/SGD,1,SGD < 50,amtLessThan50,,,otherCurrencies,2026-09-10 00:45:00,2026-09-09 16:45:14,2026-09-09T16:48:12.286732+00:00,0.4426,,,,
native,dbs,TWD,SGD,TWD/SGD,100,SGD 50 – 200,amtBtw50And200,,,otherCurrencies,2026-09-10 00:45:00,2026-09-09 16:45:14,2026-09-09T16:48:12.286732+00:00,4.0634,,,,
native,dbs,TWD,SGD,TWD/SGD,100,SGD < 50,amtLessThan50,,,otherCurrencies,2026-09-10 00:45:00,2026-09-09 16:45:14,2026-09-09T16:48:12.286732+00:00,4.0675,,,,
native,dbs,USD,SGD,USD/SGD,1,SGD 50 – 200,amtBtw50And200,,,mainCurrencies,2026-09-10 00:45:00,2026-09-09 16:45:14,2026-09-09T16:48:12.286732+00:00,1.2747,1.2537,1.2642,0.8305647840531526,0.8305647840531526
native,dbs,USD,SGD,USD/SGD,1,SGD < 50,amtLessThan50,,,mainCurrencies,2026-09-10 00:45:00,2026-09-09 16:45:14,2026-09-09T16:48:12.286732+00:00,1.2756,1.2528,1.2642,0.9017560512577185,0.9017560512577185
native,dbs,VND,SGD,VND/SGD,100,SGD 50 – 200,amtBtw50And200,,,otherCurrencies,2026-09-10 00:45:00,2026-09-09 16:45:14,2026-09-09T16:48:12.286732+00:00,0.005,,,,
native,dbs,VND,SGD,VND/SGD,100,SGD < 50,amtLessThan50,,,otherCurrencies,2026-09-10 00:45:00,2026-09-09 16:45:14,2026-09-09T16:48:12.286732+00:00,0.005,,,,
native,dbs,XAU,SGD,XAU/SGD,1,SGD 50 – 200,amtBtw50And200,,,otherCurrencies,2026-09-10 00:45:00,2026-09-09 16:45:14,2026-09-09T16:48:12.286732+00:00,5604.931,5537.227,5571.079,0.60763812539725,0.60763812539725
native,dbs,XAU,SGD,XAU/SGD,1,SGD < 50,amtLessThan50,,,otherCurrencies,2026-09-10 00:45:00,2026-09-09 16:45:14,2026-09-09T16:48:12.286732+00:00,5605.045,5537.214,5571.1295,0.6087724221811764,0.6087724221811764
native,dbs,ZAR,SGD,ZAR/SGD,1,SGD 50 – 200,amtBtw50And200,,,otherCurrencies,2026-09-10 00:45:00,2026-09-09 16:45:14,2026-09-09T16:48:12.286732+00:00,0.0798,0.0779,0.07885,1.2048192771084243,1.2048192771084418
native,dbs,ZAR,SGD,ZAR/SGD,1,SGD < 50,amtLessThan50,,,otherCurrencies,2026-09-10 00:45:00,2026-09-09 16:45:14,2026-09-09T16:48:12.286732+00:00,0.0802,0.0776,0.0789,1.6476552598225547,1.6476552598225547
native,hsbc,AED,SGD,AED/SGD,100,Indicative board,board,,,indicative_fx,2026-9-9,2026-9-9,2026-09-09T16:48:15.784345+00:00,35.55,33.3,34.425,3.2679738562091507,3.2679738562091507
native,hsbc,AUD,SGD,AUD/SGD,1,Indicative board,board,,,indicative_fx,2026-9-9,2026-9-9,2026-09-09T16:48:15.784345+00:00,0.9409,0.8859,0.9134,3.0107291438581094,3.0107291438581094
native,hsbc,CAD,SGD,CAD/SGD,1,Indicative board,board,,,indicative_fx,2026-9-9,2026-9-9,2026-09-09T16:48:15.784345+00:00,0.9454,0.8901,0.9177500000000001,3.012803050939793,3.012803050939805
native,hsbc,CHF,SGD,CHF/SGD,100,Indicative board,board,,,indicative_fx,2026-9-9,2026-9-9,2026-09-09T16:48:15.784345+00:00,161.03,151.61,156.32,3.013050153531223,3.0130501535312053
native,hsbc,CNY,SGD,CNY/SGD,100,Indicative board,board,,,indicative_fx,2026-9-9,2026-9-9,2026-09-09T16:48:15.784345+00:00,19.47,18.24,18.854999999999997,3.261734287987282,3.2617342879872635
native,hsbc,DKK,SGD,DKK/SGD,100,Indicative board,board,,,indicative_fx,2026-9-9,2026-9-9,2026-09-09T16:48:15.784345+00:00,20.27,19.08,19.674999999999997,3.024142312579428,3.0241423125794102
native,hsbc,EUR,SGD,EUR/SGD,1,Indicative board,board,,,indicative_fx,2026-9-9,2026-9-9,2026-09-09T16:48:15.784345+00:00,1.5148,1.4263,1.4705499999999998,3.0090782360341457,3.0090782360341306
native,hsbc,FJD,SGD,FJD/SGD,1,Indicative board,board,,,indicative_fx,2026-9-9,2026-9-9,2026-09-09T16:48:15.784345+00:00,0.6025,,,,
native,hsbc,GBP,SGD,GBP/SGD,1,Indicative board,board,,,indicative_fx,2026-9-9,2026-9-9,2026-09-09T16:48:15.784345+00:00,1.7643,1.661,1.71265,3.015794237001137,3.015794237001137
native,hsbc,HKD,SGD,HKD/SGD,100,Indicative board,board,,,indicative_fx,2026-9-9,2026-9-9,2026-09-09T16:48:15.784345+00:00,16.33,15.92,16.125,1.2713178294573537,1.2713178294573646
native,hsbc,IDR,SGD,IDR/SGD,100,Indicative board,board,,,indicative_fx,2026-9-9,2026-9-9,2026-09-09T16:48:15.784345+00:00,0.0074,,,,
native,hsbc,INR,SGD,INR/SGD,100,Indicative board,board,,,indicative_fx,2026-9-9,2026-9-9,2026-09-09T16:48:15.784345+00:00,1.38,,,,
native,hsbc,JPY,SGD,JPY/SGD,100,Indicative board,board,,,indicative_fx,2026-9-9,2026-9-9,2026-09-09T16:48:15.784345+00:00,0.8491,0.7994,0.8242499999999999,3.01486199575372,3.014861995753707
native,hsbc,LKR,SGD,LKR/SGD,100,Indicative board,board,,,indicative_fx,2026-9-9,2026-9-9,2026-09-09T16:48:15.784345+00:00,0.4,,,,
native,hsbc,MUR,SGD,MUR/SGD,100,Indicative board,board,,,indicative_fx,2026-9-9,2026-9-9,2026-09-09T16:48:15.784345+00:00,2.79,2.6,2.6950000000000003,3.52504638218923,3.525046382189246
native,hsbc,NOK,SGD,NOK/SGD,100,Indicative board,board,,,indicative_fx,2026-9-9,2026-9-9,2026-09-09T16:48:15.784345+00:00,14.13,13.3,13.715,3.0258840685381037,3.0258840685380908
native,hsbc,NZD,SGD,NZD/SGD,1,Indicative board,board,,,indicative_fx,2026-9-9,2026-9-9,2026-09-09T16:48:15.784345+00:00,0.7634,0.7187,0.74105,3.015990823831048,3.015990823831048
native,hsbc,PHP,SGD,PHP/SGD,100,Indicative board,board,,,indicative_fx,2026-9-9,2026-9-9,2026-09-09T16:48:15.784345+00:00,2.09,,,,
native,hsbc,PKR,SGD,PKR/SGD,100,Indicative board,board,,,indicative_fx,2026-9-9,2026-9-9,2026-09-09T16:48:15.784345+00:00,0.47,,,,
native,hsbc,QAR,SGD,QAR/SGD,100,Indicative board,board,,,indicative_fx,2026-9-9,2026-9-9,2026-09-09T16:48:15.784345+00:00,35.12,34.24,34.68,1.2687427912341342,1.2687427912341342
native,hsbc,RUB,SGD,RUB/SGD,100,Indicative board,board,,,indicative_fx,2026-9-9,2026-9-9,2026-09-09T16:48:15.784345+00:00,15.57,13.92,14.745000000000001,5.595116988809761,5.595116988809773
native,hsbc,SAR,SGD,SAR/SGD,100,Indicative board,board,,,indicative_fx,2026-9-9,2026-9-9,2026-09-09T16:48:15.784345+00:00,34.1,33.23,33.665,1.2921431754047297,1.2921431754047297
native,hsbc,SEK,SGD,SEK/SGD,100,Indicative board,board,,,indicative_fx,2026-9-9,2026-9-9,2026-09-09T16:48:15.784345+00:00,13.59,12.79,13.19,3.032600454890071,3.032600454890071
native,hsbc,THB,SGD,THB/SGD,100,Indicative board,board,,,indicative_fx,2026-9-9,2026-9-9,2026-09-09T16:48:15.784345+00:00,3.97,,,,
native,hsbc,TRY,SGD,TRY/SGD,1,Indicative board,board,,,indicative_fx,2026-9-9,2026-9-9,2026-09-09T16:48:15.784345+00:00,0.0269,,,,
native,hsbc,USD,SGD,USD/SGD,1,Indicative board,board,,,indicative_fx,2026-9-9,2026-9-9,2026-09-09T16:48:15.784345+00:00,1.2897,1.2389,1.2643,2.0090168472672696,2.0090168472672696
native,hsbc,ZAR,SGD,ZAR/SGD,1,Indicative board,board,,,indicative_fx,2026-9-9,2026-9-9,2026-09-09T16:48:15.784345+00:00,0.0816,0.0764,0.079,3.2911392405063356,3.2911392405063356
native,ocbc,AED,SGD,AED/SGD,100,"SGD 0 – 39,999.99",tier_1,,,fxRatesSgd,2026-09-09T07:00:14,2026-09-09T07:00:14,2026-09-09T16:48:13.566735+00:00,35.3194,33.3208,34.3201,2.911704802724949,2.9117048027249286
native,ocbc,AED,SGD,AED/SGD,100,"SGD 40,000 – 100,000",tier_2,,,fxRatesSgd,2026-09-09T07:00:14,2026-09-09T07:00:14,2026-09-09T16:48:13.566735+00:00,35.3089,33.3379,34.3201,2.881110486274821,2.861879773077581
native,ocbc,AUD,SGD,AUD/SGD,1,"SGD 0 – 39,999.99",tier_1,,,fxRatesSgd,2026-09-09T07:00:14,2026-09-09T07:00:14,2026-09-09T16:48:13.566735+00:00,0.9289,0.8995,0.9142,1.6079632465543572,1.6079632465543694
native,ocbc,AUD,SGD,AUD/SGD,1,"SGD 40,000 – 100,000",tier_2,,,fxRatesSgd,2026-09-09T07:00:14,2026-09-09T07:00:14,2026-09-09T16:48:13.566735+00:00,0.9271,0.9013,0.9142,1.411069787792608,1.411069787792608
native,ocbc,BGN,SGD,BGN/SGD,100,"SGD 0 – 39,999.99",tier_1,,,fxRatesSgd,2026-09-09T07:00:14,2026-09-09T07:00:14,2026-09-09T16:48:13.566735+00:00,0.0,0.0,0.0,,
native,ocbc,BGN,SGD,BGN/SGD,100,"SGD 40,000 – 100,000",tier_2,,,fxRatesSgd,2026-09-09T07:00:14,2026-09-09T07:00:14,2026-09-09T16:48:13.566735+00:00,0.0,0.0,0.0,,
native,ocbc,BHD,SGD,BHD/SGD,1,"SGD 0 – 39,999.99",tier_1,,,fxRatesSgd,2026-09-09T07:00:14,2026-09-09T07:00:14,2026-09-09T16:48:13.566735+00:00,0.0,0.0,0.0,,
native,ocbc,BHD,SGD,BHD/SGD,1,"SGD 40,000 – 100,000",tier_2,,,fxRatesSgd,2026-09-09T07:00:14,2026-09-09T07:00:14,2026-09-09T16:48:13.566735+00:00,0.0,0.0,0.0,,
native,ocbc,CAD,SGD,CAD/SGD,1,"SGD 0 – 39,999.99",tier_1,,,fxRatesSgd,2026-09-09T07:00:14,2026-09-09T07:00:14,2026-09-09T16:48:13.566735+00:00,0.9341,0.901,0.9176,1.798169136878822,1.809067131647771
native,ocbc,CAD,SGD,CAD/SGD,1,"SGD 40,000 – 100,000",tier_2,,,fxRatesSgd,2026-09-09T07:00:14,2026-09-09T07:00:14,2026-09-09T16:48:13.566735+00:00,0.9323,0.9028,0.9176,1.6020052310374941,1.6129032258064435
native,ocbc,CHF,SGD,CHF/SGD,100,"SGD 0 – 39,999.99",tier_1,,,fxRatesSgd,2026-09-09T07:00:14,2026-09-09T07:00:14,2026-09-09T16:48:13.566735+00:00,159.0812,153.4219,156.2516,1.8109254561233288,1.8109894554679775
native,ocbc,CHF,SGD,CHF/SGD,100,"SGD 40,000 – 100,000",tier_2,,,fxRatesSgd,2026-09-09T07:00:14,2026-09-09T07:00:14,2026-09-09T16:48:13.566735+00:00,158.7687,153.7343,156.2516,1.6109275041023576,1.6110555027916553
native,ocbc,CNH,SGD,CNH/SGD,100,"SGD 0 – 39,999.99",tier_1,,,fxRatesSgd,2026-09-09T07:00:14,2026-09-09T07:00:14,2026-09-09T16:48:13.566735+00:00,19.2002,18.6325,18.9164,1.5002854665792613,1.500814108392713
native,ocbc,CNH,SGD,CNH/SGD,100,"SGD 40,000 – 100,000",tier_2,,,fxRatesSgd,2026-09-09T07:00:14,2026-09-09T07:00:14,2026-09-09T16:48:13.566735+00:00,19.1813,18.6514,18.9164,1.400372163836675,1.4009008056501266
native,ocbc,CZK,SGD,CZK/SGD,100,"SGD 0 – 39,999.99",tier_1,,,fxRatesSgd,2026-09-09T07:00:14,2026-09-09T07:00:14,2026-09-09T16:48:13.566735+00:00,0.0,0.0,0.0,,
native,ocbc,CZK,SGD,CZK/SGD,100,"SGD 40,000 – 100,000",tier_2,,,fxRatesSgd,2026-09-09T07:00:14,2026-09-09T07:00:14,2026-09-09T16:48:13.566735+00:00,0.0,0.0,0.0,,
native,ocbc,DKK,SGD,DKK/SGD,100,"SGD 0 – 39,999.99",tier_1,,,fxRatesSgd,2026-09-09T07:00:14,2026-09-09T07:00:14,2026-09-09T16:48:13.566735+00:00,20.0322,19.3215,19.6769,1.8056706086832768,1.8061788188180024
native,ocbc,DKK,SGD,DKK/SGD,100,"SGD 40,000 – 100,000",tier_2,,,fxRatesSgd,2026-09-09T07:00:14,2026-09-09T07:00:14,2026-09-09T16:48:13.566735+00:00,19.9929,19.3608,19.6769,1.605944025735756,1.6064522358704814
native,ocbc,EUR,SGD,EUR/SGD,1,"SGD 0 – 39,999.99",tier_1,,,fxRatesSgd,2026-09-09T07:00:14,2026-09-09T07:00:14,2026-09-09T16:48:13.566735+00:00,1.4874,1.4508,1.4691,1.245660608535837,1.245660608535837
native,ocbc,EUR,SGD,EUR/SGD,1,"SGD 40,000 – 100,000",tier_2,,,fxRatesSgd,2026-09-09T07:00:14,2026-09-09T07:00:14,2026-09-09T16:48:13.566735+00:00,1.4856,1.4528,1.4691,1.1231366142536219,1.1095228371111552
native,ocbc,GBP,SGD,GBP/SGD,1,"SGD 0 – 39,999.99",tier_1,,,fxRatesSgd,2026-09-09T07:00:14,2026-09-09T07:00:14,2026-09-09T16:48:13.566735+00:00,1.7343,1.6883,1.7113,1.3440074796937949,1.3440074796938075
native,ocbc,GBP,SGD,GBP/SGD,1,"SGD 40,000 – 100,000",tier_2,,,fxRatesSgd,2026-09-09T07:00:14,2026-09-09T07:00:14,2026-09-09T16:48:13.566735+00:00,1.7326,1.6904,1.7113,1.2446677964120771,1.221293753286983
native,ocbc,HKD,SGD,HKD/SGD,100,"SGD 0 – 39,999.99",tier_1,,,fxRatesSgd,2026-09-09T07:00:14,2026-09-09T07:00:14,2026-09-09T16:48:13.566735+00:00,16.3335,15.9386,16.1361,1.223343930689583,1.2239636591245704
native,ocbc,HKD,SGD,HKD/SGD,100,"SGD 40,000 – 100,000",tier_2,,,fxRatesSgd,2026-09-09T07:00:14,2026-09-09T07:00:14,2026-09-09T16:48:13.566735+00:00,16.3045,15.9483,16.1361,1.0436226845396464,1.1638500009295885
native,ocbc,HUF,SGD,HUF/SGD,100,"SGD 0 – 39,999.99",tier_1,,,fxRatesSgd,2026-09-09T07:00:14,2026-09-09T07:00:14,2026-09-09T16:48:13.566735+00:00,0.0,0.0,0.0,,
native,ocbc,HUF,SGD,HUF/SGD,100,"SGD 40,000 – 100,000",tier_2,,,fxRatesSgd,2026-09-09T07:00:14,2026-09-09T07:00:14,2026-09-09T16:48:13.566735+00:00,0.0,0.0,0.0,,
native,ocbc,IDR,SGD,IDR/SGD,100,"SGD 0 – 39,999.99",tier_1,,,fxRatesSgd,2026-09-09T07:00:14,2026-09-09T07:00:14,2026-09-09T16:48:13.566735+00:00,0.0074,0.0,0.0074,0.0,100.0
native,ocbc,IDR,SGD,IDR/SGD,100,"SGD 40,000 – 100,000",tier_2,,,fxRatesSgd,2026-09-09T07:00:14,2026-09-09T07:00:14,2026-09-09T16:48:13.566735+00:00,0.0074,0.0,0.0074,0.0,100.0
native,ocbc,ILS,SGD,ILS/SGD,100,"SGD 0 – 39,999.99",tier_1,,,fxRatesSgd,2026-09-09T07:00:14,2026-09-09T07:00:14,2026-09-09T16:48:13.566735+00:00,0.0,0.0,0.0,,
native,ocbc,ILS,SGD,ILS/SGD,100,"SGD 40,000 – 100,000",tier_2,,,fxRatesSgd,2026-09-09T07:00:14,2026-09-09T07:00:14,2026-09-09T16:48:13.566735+00:00,0.0,0.0,0.0,,
native,ocbc,INR,SGD,INR/SGD,100,"SGD 0 – 39,999.99",tier_1,,,fxRatesSgd,2026-09-09T07:00:14,2026-09-09T07:00:14,2026-09-09T16:48:13.566735+00:00,1.3712,0.0,1.3712,0.0,100.0
native,ocbc,INR,SGD,INR/SGD,100,"SGD 40,000 – 100,000",tier_2,,,fxRatesSgd,2026-09-09T07:00:14,2026-09-09T07:00:14,2026-09-09T16:48:13.566735+00:00,1.3685,0.0,1.3712,-0.19690781796965615,100.0
native,ocbc,JOD,SGD,JOD/SGD,1,"SGD 0 – 39,999.99",tier_1,,,fxRatesSgd,2026-09-09T07:00:14,2026-09-09T07:00:14,2026-09-09T16:48:13.566735+00:00,0.0,0.0,0.0,,
native,ocbc,JOD,SGD,JOD/SGD,1,"SGD 40,000 – 100,000",tier_2,,,fxRatesSgd,2026-09-09T07:00:14,2026-09-09T07:00:14,2026-09-09T16:48:13.566735+00:00,0.0,0.0,0.0,,
native,ocbc,JPY,SGD,JPY/SGD,100,"SGD 0 – 39,999.99",tier_1,,,fxRatesSgd,2026-09-09T07:00:14,2026-09-09T07:00:14,2026-09-09T16:48:13.566735+00:00,0.8343,0.8138,0.8241,1.2377138696760084,1.2498483193787266
native,ocbc,JPY,SGD,JPY/SGD,100,"SGD 40,000 – 100,000",tier_2,,,fxRatesSgd,2026-09-09T07:00:14,2026-09-09T07:00:14,2026-09-09T16:48:13.566735+00:00,0.8335,0.8152,0.8241,1.140638272054358,1.0799660235408346
native,ocbc,KRW,SGD,KRW/SGD,100,"SGD 0 – 39,999.99",tier_1,,,fxRatesSgd,2026-09-09T07:00:14,2026-09-09T07:00:14,2026-09-09T16:48:13.566735+00:00,0.0,0.0,0.0,,
native,ocbc,KRW,SGD,KRW/SGD,100,"SGD 40,000 – 100,000",tier_2,,,fxRatesSgd,2026-09-09T07:00:14,2026-09-09T07:00:14,2026-09-09T16:48:13.566735+00:00,0.0,0.0,0.0,,
native,ocbc,LKR,SGD,LKR/SGD,100,"SGD 0 – 39,999.99",tier_1,,,fxRatesSgd,2026-09-09T07:00:14,2026-09-09T07:00:14,2026-09-09T16:48:13.566735+00:00,0.3968,0.0,0.3968,0.0,100.0
native,ocbc,LKR,SGD,LKR/SGD,100,"SGD 40,000 – 100,000",tier_2,,,fxRatesSgd,2026-09-09T07:00:14,2026-09-09T07:00:14,2026-09-09T16:48:13.566735+00:00,0.396,0.0,0.3968,-0.20161290322579825,100.0
native,ocbc,MAD,SGD,MAD/SGD,100,"SGD 0 – 39,999.99",tier_1,,,fxRatesSgd,2026-09-09T07:00:14,2026-09-09T07:00:14,2026-09-09T16:48:13.566735+00:00,0.0,0.0,0.0,,
native,ocbc,MAD,SGD,MAD/SGD,100,"SGD 40,000 – 100,000",tier_2,,,fxRatesSgd,2026-09-09T07:00:14,2026-09-09T07:00:14,2026-09-09T16:48:13.566735+00:00,0.0,0.0,0.0,,
native,ocbc,MXN,SGD,MXN/SGD,100,"SGD 0 – 39,999.99",tier_1,,,fxRatesSgd,2026-09-09T07:00:14,2026-09-09T07:00:14,2026-09-09T16:48:13.566735+00:00,7.7082,0.0,7.7082,0.0,100.0
native,ocbc,MXN,SGD,MXN/SGD,100,"SGD 40,000 – 100,000",tier_2,,,fxRatesSgd,2026-09-09T07:00:14,2026-09-09T07:00:14,2026-09-09T16:48:13.566735+00:00,7.7066,0.0,7.7082,-0.020757115798757476,100.0
native,ocbc,MYR,SGD,MYR/SGD,100,"SGD 0 – 39,999.99",tier_1,,,fxRatesSgd,2026-09-09T07:00:14,2026-09-09T07:00:14,2026-09-09T16:48:13.566735+00:00,0.0,0.0,0.0,,
native,ocbc,MYR,SGD,MYR/SGD,100,"SGD 40,000 – 100,000",tier_2,,,fxRatesSgd,2026-09-09T07:00:14,2026-09-09T07:00:14,2026-09-09T16:48:13.566735+00:00,0.0,0.0,0.0,,
native,ocbc,NOK,SGD,NOK/SGD,100,"SGD 0 – 39,999.99",tier_1,,,fxRatesSgd,2026-09-09T07:00:14,2026-09-09T07:00:14,2026-09-09T16:48:13.566735+00:00,13.9837,13.4849,13.7343,1.8158915998631266,1.8158915998631138
native,ocbc,NOK,SGD,NOK/SGD,100,"SGD 40,000 – 100,000",tier_2,,,fxRatesSgd,2026-09-09T07:00:14,2026-09-09T07:00:14,2026-09-09T16:48:13.566735+00:00,13.9562,13.5124,13.7343,1.6156629751789429,1.61566297517893
native,ocbc,NZD,SGD,NZD/SGD,1,"SGD 0 – 39,999.99",tier_1,,,fxRatesSgd,2026-09-09T07:00:14,2026-09-09T07:00:14,2026-09-09T16:48:13.566735+00:00,0.7535,0.7278,0.7407,1.728095045227477,1.7415957877683304
native,ocbc,NZD,SGD,NZD/SGD,1,"SGD 40,000 – 100,000",tier_2,,,fxRatesSgd,2026-09-09T07:00:14,2026-09-09T07:00:14,2026-09-09T16:48:13.566735+00:00,0.7516,0.73,0.7407,1.4715809369515351,1.4445794518698585
native,ocbc,OMR,SGD,OMR/SGD,1,"SGD 0 – 39,999.99",tier_1,,,fxRatesSgd,2026-09-09T07:00:14,2026-09-09T07:00:14,2026-09-09T16:48:13.566735+00:00,0.0,0.0,0.0,,
native,ocbc,OMR,SGD,OMR/SGD,1,"SGD 40,000 – 100,000",tier_2,,,fxRatesSgd,2026-09-09T07:00:14,2026-09-09T07:00:14,2026-09-09T16:48:13.566735+00:00,0.0,0.0,0.0,,
native,ocbc,PHP,SGD,PHP/SGD,100,"SGD 0 – 39,999.99",tier_1,,,fxRatesSgd,2026-09-09T07:00:14,2026-09-09T07:00:14,2026-09-09T16:48:13.566735+00:00,2.0805,0.0,2.0805,0.0,100.0
native,ocbc,PHP,SGD,PHP/SGD,100,"SGD 40,000 – 100,000",tier_2,,,fxRatesSgd,2026-09-09T07:00:14,2026-09-09T07:00:14,2026-09-09T16:48:13.566735+00:00,2.0795,0.0,2.0805,-0.04806536890170103,100.0
native,ocbc,PLN,SGD,PLN/SGD,100,"SGD 0 – 39,999.99",tier_1,,,fxRatesSgd,2026-09-09T07:00:14,2026-09-09T07:00:14,2026-09-09T16:48:13.566735+00:00,35.13,32.9209,34.0255,3.2460948406342345,3.2463887378583642
native,ocbc,PLN,SGD,PLN/SGD,100,"SGD 40,000 – 100,000",tier_2,,,fxRatesSgd,2026-09-09T07:00:14,2026-09-09T07:00:14,2026-09-09T16:48:13.566735+00:00,35.1127,32.9478,34.0255,3.1952506208578737,3.1673303845645178
native,ocbc,QAR,SGD,QAR/SGD,100,"SGD 0 – 39,999.99",tier_1,,,fxRatesSgd,2026-09-09T07:00:14,2026-09-09T07:00:14,2026-09-09T16:48:13.566735+00:00,35.6864,33.6465,34.6665,2.942033375160457,2.9423218380857485
native,ocbc,QAR,SGD,QAR/SGD,100,"SGD 40,000 – 100,000",tier_2,,,fxRatesSgd,2026-09-09T07:00:14,2026-09-09T07:00:14,2026-09-09T16:48:13.566735+00:00,35.6652,33.6636,34.6665,2.880879234996321,2.892994677859019
native,ocbc,RON,SGD,RON/SGD,100,"SGD 0 – 39,999.99",tier_1,,,fxRatesSgd,2026-09-09T07:00:14,2026-09-09T07:00:14,2026-09-09T16:48:13.566735+00:00,0.0,0.0,0.0,,
native,ocbc,RON,SGD,RON/SGD,100,"SGD 40,000 – 100,000",tier_2,,,fxRatesSgd,2026-09-09T07:00:14,2026-09-09T07:00:14,2026-09-09T16:48:13.566735+00:00,0.0,0.0,0.0,,
native,ocbc,RUB,SGD,RUB/SGD,100,"SGD 0 – 39,999.99",tier_1,,,fxRatesSgd,2026-09-09T07:00:14,2026-09-09T07:00:14,2026-09-09T16:48:13.566735+00:00,0.0,0.0,0.0,,
native,ocbc,RUB,SGD,RUB/SGD,100,"SGD 40,000 – 100,000",tier_2,,,fxRatesSgd,2026-09-09T07:00:14,2026-09-09T07:00:14,2026-09-09T16:48:13.566735+00:00,0.0,0.0,0.0,,
native,ocbc,SAR,SGD,SAR/SGD,100,"SGD 0 – 39,999.99",tier_1,,,fxRatesSgd,2026-09-09T07:00:14,2026-09-09T07:00:14,2026-09-09T16:48:13.566735+00:00,34.6321,32.7052,33.6687,2.861411340503197,2.8617083522678435
native,ocbc,SAR,SGD,SAR/SGD,100,"SGD 40,000 – 100,000",tier_2,,,fxRatesSgd,2026-09-09T07:00:14,2026-09-09T07:00:14,2026-09-09T16:48:13.566735+00:00,34.615,32.7218,33.6687,2.810622328750444,2.8124043993382557
native,ocbc,SEK,SGD,SEK/SGD,100,"SGD 0 – 39,999.99",tier_1,,,fxRatesSgd,2026-09-09T07:00:14,2026-09-09T07:00:14,2026-09-09T16:48:13.566735+00:00,13.4209,12.9428,13.1819,1.8130921946001637,1.8138508105811797
native,ocbc,SEK,SGD,SEK/SGD,100,"SGD 40,000 – 100,000",tier_2,,,fxRatesSgd,2026-09-09T07:00:14,2026-09-09T07:00:14,2026-09-09T16:48:13.566735+00:00,13.3945,12.9691,13.1819,1.6128175756150487,1.6143348075770674
native,ocbc,THB,SGD,THB/SGD,100,"SGD 0 – 39,999.99",tier_1,,,fxRatesSgd,2026-09-09T07:00:14,2026-09-09T07:00:14,2026-09-09T16:48:13.566735+00:00,3.9527,3.7358,3.8443,2.81975912389772,2.822360377702059
native,ocbc,THB,SGD,THB/SGD,100,"SGD 40,000 – 100,000",tier_2,,,fxRatesSgd,2026-09-09T07:00:14,2026-09-09T07:00:14,2026-09-09T16:48:13.566735+00:00,3.945,3.7435,3.8443,2.619462580964019,2.6220638347683582
native,ocbc,TRY,SGD,TRY/SGD,100,"SGD 0 – 39,999.99",tier_1,,,fxRatesSgd,2026-09-09T07:00:14,2026-09-09T07:00:14,2026-09-09T16:48:13.566735+00:00,2.6784,2.5677,2.6231,2.108192596546068,2.11200487972247
native,ocbc,TRY,SGD,TRY/SGD,100,"SGD 40,000 – 100,000",tier_2,,,fxRatesSgd,2026-09-09T07:00:14,2026-09-09T07:00:14,2026-09-09T16:48:13.566735+00:00,2.6771,2.568,2.6231,2.058632915252938,2.10056803019328
native,ocbc,TWD,SGD,TWD/SGD,100,"SGD 0 – 39,999.99",tier_1,,,fxRatesSgd,2026-09-09T07:00:14,2026-09-09T07:00:14,2026-09-09T16:48:13.566735+00:00,4.1588,0.0,4.1588,0.0,100.0
native,ocbc,TWD,SGD,TWD/SGD,100,"SGD 40,000 – 100,000",tier_2,,,fxRatesSgd,2026-09-09T07:00:14,2026-09-09T07:00:14,2026-09-09T16:48:13.566735+00:00,0.0,0.0,4.1588,-100.0,100.0
native,ocbc,USD,SGD,USD/SGD,1,"SGD 0 – 39,999.99",tier_1,,,fxRatesSgd,2026-09-09T07:00:14,2026-09-09T07:00:14,2026-09-09T16:48:13.566735+00:00,1.2767,1.2526,1.2647,0.9488416225191754,0.9567486360401677
native,ocbc,USD,SGD,USD/SGD,1,"SGD 40,000 – 100,000",tier_2,,,fxRatesSgd,2026-09-09T07:00:14,2026-09-09T07:00:14,2026-09-09T16:48:13.566735+00:00,1.2754,1.2549,1.2647,0.8460504467462762,0.7748873250573284
native,ocbc,ZAR,SGD,ZAR/SGD,100,"SGD 0 – 39,999.99",tier_1,,,fxRatesSgd,2026-09-09T07:00:14,2026-09-09T07:00:14,2026-09-09T16:48:13.566735+00:00,8.1148,7.6375,7.8762,3.029379650085077,3.030649297884763
native,ocbc,ZAR,SGD,ZAR/SGD,100,"SGD 40,000 – 100,000",tier_2,,,fxRatesSgd,2026-09-09T07:00:14,2026-09-09T07:00:14,2026-09-09T16:48:13.566735+00:00,8.1109,7.6414,7.8762,2.979863385896765,2.981133033696451
native,uob,AED,SGD,AED/SGD,100,Indicative board,board,,,forex_sgd,09 September 2026 05:11:23 PM,09 September 2026 05:11:23 PM,2026-09-09T16:48:15.055252+00:00,35.29,33.59,34.44,2.4680603948896676,2.4680603948896467
native,uob,AOA,SGD,AOA/SGD,100,Indicative board,board,,,forex_sgd,09 September 2026 05:11:23 PM,09 September 2026 05:11:23 PM,2026-09-09T16:48:15.055252+00:00,0.1422,,,,
native,uob,AUD,SGD,AUD/SGD,1,Indicative board,board,,,forex_sgd,09 September 2026 05:11:23 PM,09 September 2026 05:11:23 PM,2026-09-09T16:48:15.055252+00:00,0.9291,0.8981,0.9136,1.6965849387040357,1.6965849387040235
native,uob,BDT,SGD,BDT/SGD,100,Indicative board,board,,,forex_sgd,09 September 2026 05:11:23 PM,09 September 2026 05:11:23 PM,2026-09-09T16:48:15.055252+00:00,1.0573,,,,
native,uob,BND,SGD,BND/SGD,1,Indicative board,board,,,forex_sgd,09 September 2026 05:11:23 PM,09 September 2026 05:11:23 PM,2026-09-09T16:48:15.055252+00:00,1.0,1.0,1.0,0.0,0.0
native,uob,CAD,SGD,CAD/SGD,1,Indicative board,board,,,forex_sgd,09 September 2026 05:11:23 PM,09 September 2026 05:11:23 PM,2026-09-09T16:48:15.055252+00:00,0.9281,0.9081,0.9181,1.0892059688487101,1.0892059688487101
native,uob,CHF,SGD,CHF/SGD,100,Indicative board,board,,,forex_sgd,09 September 2026 05:11:23 PM,09 September 2026 05:11:23 PM,2026-09-09T16:48:15.055252+00:00,157.95,154.65,156.3,1.0556621880997934,1.0556621880998116
native,uob,CNH,SGD,CNH/SGD,100,Indicative board,board,,,forex_sgd,09 September 2026 05:11:23 PM,09 September 2026 05:11:23 PM,2026-09-09T16:48:15.055252+00:00,19.09,18.63,18.86,1.2195121951219534,1.2195121951219534
native,uob,DKK,SGD,DKK/SGD,100,Indicative board,board,,,forex_sgd,09 September 2026 05:11:23 PM,09 September 2026 05:11:23 PM,2026-09-09T16:48:15.055252+00:00,20.04,19.34,19.689999999999998,1.7775520568816732,1.7775520568816552
native,uob,EGP,SGD,EGP/SGD,100,Indicative board,board,,,forex_sgd,09 September 2026 05:11:23 PM,09 September 2026 05:11:23 PM,2026-09-09T16:48:15.055252+00:00,2.5471,,,,
native,uob,EUR,SGD,EUR/SGD,1,Indicative board,board,,,forex_sgd,09 September 2026 05:11:23 PM,09 September 2026 05:11:23 PM,2026-09-09T16:48:15.055252+00:00,1.4906,1.4526,1.4716,1.2911117151399774,1.2911117151399925
native,uob,GBP,SGD,GBP/SGD,1,Indicative board,board,,,forex_sgd,09 September 2026 05:11:23 PM,09 September 2026 05:11:23 PM,2026-09-09T16:48:15.055252+00:00,1.7357,1.6907,1.7132,1.313331776791966,1.313331776791966
native,uob,HKD,SGD,HKD/SGD,100,Indicative board,board,,,forex_sgd,09 September 2026 05:11:23 PM,09 September 2026 05:11:23 PM,2026-09-09T16:48:15.055252+00:00,16.309,15.951,16.130000000000003,1.109733415995031,1.109733415995053
native,uob,INR,SGD,INR/SGD,100,Indicative board,board,,,forex_sgd,09 September 2026 05:11:23 PM,09 September 2026 05:11:23 PM,2026-09-09T16:48:15.055252+00:00,1.3686,,,,
native,uob,JPY,SGD,JPY/SGD,100,Indicative board,board,,,forex_sgd,09 September 2026 05:11:23 PM,09 September 2026 05:11:23 PM,2026-09-09T16:48:15.055252+00:00,0.8403,0.8063,0.8233,2.0648609255435457,2.0648609255435457
native,uob,KRW,SGD,KRW/SGD,1000,Indicative board,board,,,forex_sgd,09 September 2026 05:11:23 PM,09 September 2026 05:11:23 PM,2026-09-09T16:48:15.055252+00:00,0.9578,,,,
native,uob,KWD,SGD,KWD/SGD,1,Indicative board,board,,,forex_sgd,09 September 2026 05:11:23 PM,09 September 2026 05:11:23 PM,2026-09-09T16:48:15.055252+00:00,4.1622,,,,
native,uob,LKR,SGD,LKR/SGD,100,Indicative board,board,,,forex_sgd,09 September 2026 05:11:23 PM,09 September 2026 05:11:23 PM,2026-09-09T16:48:15.055252+00:00,0.3911,,,,
native,uob,MXN,SGD,MXN/SGD,100,Indicative board,board,,,forex_sgd,09 September 2026 05:11:23 PM,09 September 2026 05:11:23 PM,2026-09-09T16:48:15.055252+00:00,7.5459,,,,
native,uob,MYR,SGD,MYR/SGD,100,Indicative board,board,,,forex_sgd,09 September 2026 05:11:23 PM,09 September 2026 05:11:23 PM,2026-09-09T16:48:15.055252+00:00,31.6156,,,,
native,uob,NOK,SGD,NOK/SGD,100,Indicative board,board,,,forex_sgd,09 September 2026 05:11:23 PM,09 September 2026 05:11:23 PM,2026-09-09T16:48:15.055252+00:00,13.95,13.51,13.73,1.6023306627822205,1.6023306627822334
native,uob,NZD,SGD,NZD/SGD,1,Indicative board,board,,,forex_sgd,09 September 2026 05:11:23 PM,09 September 2026 05:11:23 PM,2026-09-09T16:48:15.055252+00:00,0.7492,0.7292,0.7392,1.352813852813854,1.352813852813854
native,uob,PHP,SGD,PHP/SGD,100,Indicative board,board,,,forex_sgd,09 September 2026 05:11:23 PM,09 September 2026 05:11:23 PM,2026-09-09T16:48:15.055252+00:00,2.0711,,,,
native,uob,PKR,SGD,PKR/SGD,100,Indicative board,board,,,forex_sgd,09 September 2026 05:11:23 PM,09 September 2026 05:11:23 PM,2026-09-09T16:48:15.055252+00:00,0.4621,,,,
native,uob,SAR,SGD,SAR/SGD,100,Indicative board,board,,,forex_sgd,09 September 2026 05:11:23 PM,09 September 2026 05:11:23 PM,2026-09-09T16:48:15.055252+00:00,,,,,
native,uob,SEK,SGD,SEK/SGD,100,Indicative board,board,,,forex_sgd,09 September 2026 05:11:23 PM,09 September 2026 05:11:23 PM,2026-09-09T16:48:15.055252+00:00,13.42,12.94,13.18,1.8209408194233705,1.8209408194233705
native,uob,THB,SGD,THB/SGD,100,Indicative board,board,,,forex_sgd,09 September 2026 05:11:23 PM,09 September 2026 05:11:23 PM,2026-09-09T16:48:15.055252+00:00,3.95,3.75,3.85,2.5974025974025996,2.5974025974025996
native,uob,TWD,SGD,TWD/SGD,100,Indicative board,board,,,forex_sgd,09 September 2026 05:11:23 PM,09 September 2026 05:11:23 PM,2026-09-09T16:48:15.055252+00:00,4.1079,,,,
native,uob,USD,SGD,USD/SGD,1,Indicative board,board,,,forex_sgd,09 September 2026 05:11:23 PM,09 September 2026 05:11:23 PM,2026-09-09T16:48:15.055252+00:00,1.2769,1.2529,1.2649,0.9486915961736114,0.9486915961736114
native,uob,VND,SGD,VND/SGD,1000,Indicative board,board,,,forex_sgd,09 September 2026 05:11:23 PM,09 September 2026 05:11:23 PM,2026-09-09T16:48:15.055252+00:00,0.0498,,,,
native,uob,XAF,SGD,XAF/SGD,100,Indicative board,board,,,forex_sgd,09 September 2026 05:11:23 PM,09 September 2026 05:11:23 PM,2026-09-09T16:48:15.055252+00:00,0.2301,,,,
native,uob,XOF,SGD,XOF/SGD,100,Indicative board,board,,,forex_sgd,09 September 2026 05:11:23 PM,09 September 2026 05:11:23 PM,2026-09-09T16:48:15.055252+00:00,0.2312,,,,
native,uob,ZAR,SGD,ZAR/SGD,1,Indicative board,board,,,forex_sgd,09 September 2026 05:11:23 PM,09 September 2026 05:11:23 PM,2026-09-09T16:48:15.055252+00:00,0.0809,0.0769,0.0789,2.5348542458808643,2.5348542458808643
standardized,dbs,AED,SGD,AED/SGD,1,SGD 50 – 200,amtBtw50And200,"SGD 200 – 39,999.99",std_200_40k,mainCurrencies,2026-09-10 00:45:00,2026-09-09 16:45:14,2026-09-09T16:48:12.286732+00:00,0.3466,0.3418,0.3442,0.6972690296339376,0.6972690296339376
standardized,dbs,AED,SGD,AED/SGD,1,SGD 50 – 200,amtBtw50And200,"SGD 40,000 – 100,000",std_40k_100k,mainCurrencies,2026-09-10 00:45:00,2026-09-09 16:45:14,2026-09-09T16:48:12.286732+00:00,0.3466,0.3418,0.3442,0.6972690296339376,0.6972690296339376
standardized,dbs,AED,SGD,AED/SGD,1,SGD 50 – 200,amtBtw50And200,SGD 50 – 200,std_50_200,mainCurrencies,2026-09-10 00:45:00,2026-09-09 16:45:14,2026-09-09T16:48:12.286732+00:00,0.3466,0.3418,0.3442,0.6972690296339376,0.6972690296339376
standardized,dbs,AED,SGD,AED/SGD,1,SGD < 50,amtLessThan50,SGD < 50,std_lt_50,mainCurrencies,2026-09-10 00:45:00,2026-09-09 16:45:14,2026-09-09T16:48:12.286732+00:00,0.3493,0.3391,0.3442,1.4816966879721072,1.4816966879721072
standardized,dbs,AUD,SGD,AUD/SGD,1,SGD 50 – 200,amtBtw50And200,"SGD 200 – 39,999.99",std_200_40k,mainCurrencies,2026-09-10 00:45:00,2026-09-09 16:45:14,2026-09-09T16:48:12.286732+00:00,0.923,0.9028,0.9129,1.106364333442874,1.106364333442874
standardized,dbs,AUD,SGD,AUD/SGD,1,SGD 50 – 200,amtBtw50And200,"SGD 40,000 – 100,000",std_40k_100k,mainCurrencies,2026-09-10 00:45:00,2026-09-09 16:45:14,2026-09-09T16:48:12.286732+00:00,0.923,0.9028,0.9129,1.106364333442874,1.106364333442874
standardized,dbs,AUD,SGD,AUD/SGD,1,SGD 50 – 200,amtBtw50And200,SGD 50 – 200,std_50_200,mainCurrencies,2026-09-10 00:45:00,2026-09-09 16:45:14,2026-09-09T16:48:12.286732+00:00,0.923,0.9028,0.9129,1.106364333442874,1.106364333442874
standardized,dbs,AUD,SGD,AUD/SGD,1,SGD < 50,amtLessThan50,SGD < 50,std_lt_50,mainCurrencies,2026-09-10 00:45:00,2026-09-09 16:45:14,2026-09-09T16:48:12.286732+00:00,0.9234,0.9023,0.9128499999999999,1.1557210932792967,1.1557210932792845
standardized,dbs,BDT,SGD,BDT/SGD,100,SGD 50 – 200,amtBtw50And200,"SGD 200 – 39,999.99",std_200_40k,otherCurrencies,2026-09-10 00:45:00,2026-09-09 16:45:14,2026-09-09T16:48:12.286732+00:00,1.0389,,,,
standardized,dbs,BDT,SGD,BDT/SGD,100,SGD 50 – 200,amtBtw50And200,"SGD 40,000 – 100,000",std_40k_100k,otherCurrencies,2026-09-10 00:45:00,2026-09-09 16:45:14,2026-09-09T16:48:12.286732+00:00,1.0389,,,,
standardized,dbs,BDT,SGD,BDT/SGD,100,SGD 50 – 200,amtBtw50And200,SGD 50 – 200,std_50_200,otherCurrencies,2026-09-10 00:45:00,2026-09-09 16:45:14,2026-09-09T16:48:12.286732+00:00,1.0389,,,,
standardized,dbs,BDT,SGD,BDT/SGD,100,SGD < 50,amtLessThan50,SGD < 50,std_lt_50,otherCurrencies,2026-09-10 00:45:00,2026-09-09 16:45:14,2026-09-09T16:48:12.286732+00:00,1.0389,,,,
standardized,dbs,BHD,SGD,BHD/SGD,1,SGD 50 – 200,amtBtw50And200,"SGD 200 – 39,999.99",std_200_40k,otherCurrencies,2026-09-10 00:45:00,2026-09-09 16:45:14,2026-09-09T16:48:12.286732+00:00,3.4159,,,,
standardized,dbs,BHD,SGD,BHD/SGD,1,SGD 50 – 200,amtBtw50And200,"SGD 40,000 – 100,000",std_40k_100k,otherCurrencies,2026-09-10 00:45:00,2026-09-09 16:45:14,2026-09-09T16:48:12.286732+00:00,3.4159,,,,
standardized,dbs,BHD,SGD,BHD/SGD,1,SGD 50 – 200,amtBtw50And200,SGD 50 – 200,std_50_200,otherCurrencies,2026-09-10 00:45:00,2026-09-09 16:45:14,2026-09-09T16:48:12.286732+00:00,3.4159,,,,
standardized,dbs,BHD,SGD,BHD/SGD,1,SGD < 50,amtLessThan50,SGD < 50,std_lt_50,otherCurrencies,2026-09-10 00:45:00,2026-09-09 16:45:14,2026-09-09T16:48:12.286732+00:00,3.4294,,,,
standardized,dbs,BND,SGD,BND/SGD,1,SGD 50 – 200,amtBtw50And200,"SGD 200 – 39,999.99",std_200_40k,otherCurrencies,2026-09-10 00:45:00,2026-09-09 16:45:14,2026-09-09T16:48:12.286732+00:00,1.0,1.0,1.0,0.0,0.0
standardized,dbs,BND,SGD,BND/SGD,1,SGD 50 – 200,amtBtw50And200,"SGD 40,000 – 100,000",std_40k_100k,otherCurrencies,2026-09-10 00:45:00,2026-09-09 16:45:14,2026-09-09T16:48:12.286732+00:00,1.0,1.0,1.0,0.0,0.0
standardized,dbs,BND,SGD,BND/SGD,1,SGD 50 – 200,amtBtw50And200,SGD 50 – 200,std_50_200,otherCurrencies,2026-09-10 00:45:00,2026-09-09 16:45:14,2026-09-09T16:48:12.286732+00:00,1.0,1.0,1.0,0.0,0.0
standardized,dbs,BND,SGD,BND/SGD,1,SGD < 50,amtLessThan50,SGD < 50,std_lt_50,otherCurrencies,2026-09-10 00:45:00,2026-09-09 16:45:14,2026-09-09T16:48:12.286732+00:00,1.0,1.0,1.0,0.0,0.0
standardized,dbs,CAD,SGD,CAD/SGD,1,SGD 50 – 200,amtBtw50And200,"SGD 200 – 39,999.99",std_200_40k,mainCurrencies,2026-09-10 00:45:00,2026-09-09 16:45:14,2026-09-09T16:48:12.286732+00:00,0.9227,0.9089,0.9158,0.7534396156366038,0.7534396156365917
standardized,dbs,CAD,SGD,CAD/SGD,1,SGD 50 – 200,amtBtw50And200,"SGD 40,000 – 100,000",std_40k_100k,mainCurrencies,2026-09-10 00:45:00,2026-09-09 16:45:14,2026-09-09T16:48:12.286732+00:00,0.9227,0.9089,0.9158,0.7534396156366038,0.7534396156365917
standardized,dbs,CAD,SGD,CAD/SGD,1,SGD 50 – 200,amtBtw50And200,SGD 50 – 200,std_50_200,mainCurrencies,2026-09-10 00:45:00,2026-09-09 16:45:14,2026-09-09T16:48:12.286732+00:00,0.9227,0.9089,0.9158,0.7534396156366038,0.7534396156365917
standardized,dbs,CAD,SGD,CAD/SGD,1,SGD < 50,amtLessThan50,SGD < 50,std_lt_50,mainCurrencies,2026-09-10 00:45:00,2026-09-09 16:45:14,2026-09-09T16:48:12.286732+00:00,0.9259,0.9057,0.9158,1.102860886656475,1.102860886656475
standardized,dbs,CHF,SGD,CHF/SGD,1,SGD 50 – 200,amtBtw50And200,"SGD 200 – 39,999.99",std_200_40k,mainCurrencies,2026-09-10 00:45:00,2026-09-09 16:45:14,2026-09-09T16:48:12.286732+00:00,1.5754,1.5456,1.5605,0.9548221723806417,0.9548221723806417
standardized,dbs,CHF,SGD,CHF/SGD,1,SGD 50 – 200,amtBtw50And200,"SGD 40,000 – 100,000",std_40k_100k,mainCurrencies,2026-09-10 00:45:00,2026-09-09 16:45:14,2026-09-09T16:48:12.286732+00:00,1.5754,1.5456,1.5605,0.9548221723806417,0.9548221723806417
standardized,dbs,CHF,SGD,CHF/SGD,1,SGD 50 – 200,amtBtw50And200,SGD 50 – 200,std_50_200,mainCurrencies,2026-09-10 00:45:00,2026-09-09 16:45:14,2026-09-09T16:48:12.286732+00:00,1.5754,1.5456,1.5605,0.9548221723806417,0.9548221723806417
standardized,dbs,CHF,SGD,CHF/SGD,1,SGD < 50,amtLessThan50,SGD < 50,std_lt_50,mainCurrencies,2026-09-10 00:45:00,2026-09-09 16:45:14,2026-09-09T16:48:12.286732+00:00,1.5762,1.5448,1.5605,1.006087792374242,1.006087792374242
standardized,dbs,CNH,SGD,CNH/SGD,1,SGD 50 – 200,amtBtw50And200,"SGD 200 – 39,999.99",std_200_40k,mainCurrencies,2026-09-10 00:45:00,2026-09-09 16:45:14,2026-09-09T16:48:12.286732+00:00,0.1906,0.1863,0.18845,1.1408861767046883,1.1408861767047032
standardized,dbs,CNH,SGD,CNH/SGD,1,SGD 50 – 200,amtBtw50And200,"SGD 40,000 – 100,000",std_40k_100k,mainCurrencies,2026-09-10 00:45:00,2026-09-09 16:45:14,2026-09-09T16:48:12.286732+00:00,0.1906,0.1863,0.18845,1.1408861767046883,1.1408861767047032
standardized,dbs,CNH,SGD,CNH/SGD,1,SGD 50 – 200,amtBtw50And200,SGD 50 – 200,std_50_200,mainCurrencies,2026-09-10 00:45:00,2026-09-09 16:45:14,2026-09-09T16:48:12.286732+00:00,0.1906,0.1863,0.18845,1.1408861767046883,1.1408861767047032
standardized,dbs,CNH,SGD,CNH/SGD,1,SGD < 50,amtLessThan50,SGD < 50,std_lt_50,mainCurrencies,2026-09-10 00:45:00,2026-09-09 16:45:14,2026-09-09T16:48:12.286732+00:00,0.1913,0.1856,0.18845,1.5123374900504067,1.5123374900504214
standardized,dbs,CNY,SGD,CNY/SGD,1,SGD 50 – 200,amtBtw50And200,"SGD 200 – 39,999.99",std_200_40k,otherCurrencies,2026-09-10 00:45:00,2026-09-09 16:45:14,2026-09-09T16:48:12.286732+00:00,0.1884,,,,
standardized,dbs,CNY,SGD,CNY/SGD,1,SGD 50 – 200,amtBtw50And200,"SGD 40,000 – 100,000",std_40k_100k,otherCurrencies,2026-09-10 00:45:00,2026-09-09 16:45:14,2026-09-09T16:48:12.286732+00:00,0.1884,,,,
standardized,dbs,CNY,SGD,CNY/SGD,1,SGD 50 – 200,amtBtw50And200,SGD 50 – 200,std_50_200,otherCurrencies,2026-09-10 00:45:00,2026-09-09 16:45:14,2026-09-09T16:48:12.286732+00:00,0.1884,,,,
standardized,dbs,CNY,SGD,CNY/SGD,1,SGD < 50,amtLessThan50,SGD < 50,std_lt_50,otherCurrencies,2026-09-10 00:45:00,2026-09-09 16:45:14,2026-09-09T16:48:12.286732+00:00,0.1901,,,,
standardized,dbs,DKK,SGD,DKK/SGD,1,SGD 50 – 200,amtBtw50And200,"SGD 200 – 39,999.99",std_200_40k,mainCurrencies,2026-09-10 00:45:00,2026-09-09 16:45:14,2026-09-09T16:48:12.286732+00:00,0.1994,0.194,0.19669999999999999,1.3726487036095618,1.3726487036095478
standardized,dbs,DKK,SGD,DKK/SGD,1,SGD 50 – 200,amtBtw50And200,"SGD 40,000 – 100,000",std_40k_100k,mainCurrencies,2026-09-10 00:45:00,2026-09-09 16:45:14,2026-09-09T16:48:12.286732+00:00,0.1994,0.194,0.19669999999999999,1.3726487036095618,1.3726487036095478
standardized,dbs,DKK,SGD,DKK/SGD,1,SGD 50 – 200,amtBtw50And200,SGD 50 – 200,std_50_200,mainCurrencies,2026-09-10 00:45:00,2026-09-09 16:45:14,2026-09-09T16:48:12.286732+00:00,0.1994,0.194,0.19669999999999999,1.3726487036095618,1.3726487036095478
standardized,dbs,DKK,SGD,DKK/SGD,1,SGD < 50,amtLessThan50,SGD < 50,std_lt_50,mainCurrencies,2026-09-10 00:45:00,2026-09-09 16:45:14,2026-09-09T16:48:12.286732+00:00,0.1998,0.1936,0.19669999999999999,1.5760040671072801,1.576004067107266
standardized,dbs,EUR,SGD,EUR/SGD,1,SGD 50 – 200,amtBtw50And200,"SGD 200 – 39,999.99",std_200_40k,mainCurrencies,2026-09-10 00:45:00,2026-09-09 16:45:14,2026-09-09T16:48:12.286732+00:00,1.4834,1.4582,1.4708,0.856676638564043,0.8566766385640581
standardized,dbs,EUR,SGD,EUR/SGD,1,SGD 50 – 200,amtBtw50And200,"SGD 40,000 – 100,000",std_40k_100k,mainCurrencies,2026-09-10 00:45:00,2026-09-09 16:45:14,2026-09-09T16:48:12.286732+00:00,1.4834,1.4582,1.4708,0.856676638564043,0.8566766385640581
standardized,dbs,EUR,SGD,EUR/SGD,1,SGD 50 – 200,amtBtw50And200,SGD 50 – 200,std_50_200,mainCurrencies,2026-09-10 00:45:00,2026-09-09 16:45:14,2026-09-09T16:48:12.286732+00:00,1.4834,1.4582,1.4708,0.856676638564043,0.8566766385640581
standardized,dbs,EUR,SGD,EUR/SGD,1,SGD < 50,amtLessThan50,SGD < 50,std_lt_50,mainCurrencies,2026-09-10 00:45:00,2026-09-09 16:45:14,2026-09-09T16:48:12.286732+00:00,1.4841,1.4575,1.4708,0.9042697851509293,0.9042697851509444
standardized,dbs,GBP,SGD,GBP/SGD,1,SGD 50 – 200,amtBtw50And200,"SGD 200 – 39,999.99",std_200_40k,mainCurrencies,2026-09-10 00:45:00,2026-09-09 16:45:14,2026-09-09T16:48:12.286732+00:00,1.726,1.7002,1.7130999999999998,0.7530208394139358,0.753020839413923
standardized,dbs,GBP,SGD,GBP/SGD,1,SGD 50 – 200,amtBtw50And200,"SGD 40,000 – 100,000",std_40k_100k,mainCurrencies,2026-09-10 00:45:00,2026-09-09 16:45:14,2026-09-09T16:48:12.286732+00:00,1.726,1.7002,1.7130999999999998,0.7530208394139358,0.753020839413923
standardized,dbs,GBP,SGD,GBP/SGD,1,SGD 50 – 200,amtBtw50And200,SGD 50 – 200,std_50_200,mainCurrencies,2026-09-10 00:45:00,2026-09-09 16:45:14,2026-09-09T16:48:12.286732+00:00,1.726,1.7002,1.7130999999999998,0.7530208394139358,0.753020839413923
standardized,dbs,GBP,SGD,GBP/SGD,1,SGD < 50,amtLessThan50,SGD < 50,std_lt_50,mainCurrencies,2026-09-10 00:45:00,2026-09-09 16:45:14,2026-09-09T16:48:12.286732+00:00,1.7278,1.6985,1.71315,0.8551498701222925,0.8551498701222925
standardized,dbs,HKD,SGD,HKD/SGD,1,SGD 50 – 200,amtBtw50And200,"SGD 200 – 39,999.99",std_200_40k,mainCurrencies,2026-09-10 00:45:00,2026-09-09 16:45:14,2026-09-09T16:48:12.286732+00:00,0.1628,0.1595,0.16115000000000002,1.0238907849829255,1.0238907849829428
standardized,dbs,HKD,SGD,HKD/SGD,1,SGD 50 – 200,amtBtw50And200,"SGD 40,000 – 100,000",std_40k_100k,mainCurrencies,2026-09-10 00:45:00,2026-09-09 16:45:14,2026-09-09T16:48:12.286732+00:00,0.1628,0.1595,0.16115000000000002,1.0238907849829255,1.0238907849829428
standardized,dbs,HKD,SGD,HKD/SGD,1,SGD 50 – 200,amtBtw50And200,SGD 50 – 200,std_50_200,mainCurrencies,2026-09-10 00:45:00,2026-09-09 16:45:14,2026-09-09T16:48:12.286732+00:00,0.1628,0.1595,0.16115000000000002,1.0238907849829255,1.0238907849829428
standardized,dbs,HKD,SGD,HKD/SGD,1,SGD < 50,amtLessThan50,SGD < 50,std_lt_50,mainCurrencies,2026-09-10 00:45:00,2026-09-09 16:45:14,2026-09-09T16:48:12.286732+00:00,0.1629,0.1594,0.16115,1.0859447719515989,1.0859447719515989
standardized,dbs,HUF,SGD,HUF/SGD,100,SGD 50 – 200,amtBtw50And200,"SGD 200 – 39,999.99",std_200_40k,otherCurrencies,2026-09-10 00:45:00,2026-09-09 16:45:14,2026-09-09T16:48:12.286732+00:00,0.4122,,,,
standardized,dbs,HUF,SGD,HUF/SGD,100,SGD 50 – 200,amtBtw50And200,"SGD 40,000 – 100,000",std_40k_100k,otherCurrencies,2026-09-10 00:45:00,2026-09-09 16:45:14,2026-09-09T16:48:12.286732+00:00,0.4122,,,,
standardized,dbs,HUF,SGD,HUF/SGD,100,SGD 50 – 200,amtBtw50And200,SGD 50 – 200,std_50_200,otherCurrencies,2026-09-10 00:45:00,2026-09-09 16:45:14,2026-09-09T16:48:12.286732+00:00,0.4122,,,,
standardized,dbs,HUF,SGD,HUF/SGD,100,SGD < 50,amtLessThan50,SGD < 50,std_lt_50,otherCurrencies,2026-09-10 00:45:00,2026-09-09 16:45:14,2026-09-09T16:48:12.286732+00:00,0.4138,,,,
standardized,dbs,ID0,SGD,ID0/SGD,100,SGD 50 – 200,amtBtw50And200,"SGD 200 – 39,999.99",std_200_40k,otherCurrencies,2026-09-10 00:45:00,2026-09-09 16:45:14,2026-09-09T16:48:12.286732+00:00,,,,,
standardized,dbs,ID0,SGD,ID0/SGD,100,SGD 50 – 200,amtBtw50And200,"SGD 40,000 – 100,000",std_40k_100k,otherCurrencies,2026-09-10 00:45:00,2026-09-09 16:45:14,2026-09-09T16:48:12.286732+00:00,,,,,
standardized,dbs,ID0,SGD,ID0/SGD,100,SGD 50 – 200,amtBtw50And200,SGD 50 – 200,std_50_200,otherCurrencies,2026-09-10 00:45:00,2026-09-09 16:45:14,2026-09-09T16:48:12.286732+00:00,,,,,
standardized,dbs,ID0,SGD,ID0/SGD,100,SGD < 50,amtLessThan50,SGD < 50,std_lt_50,otherCurrencies,2026-09-10 00:45:00,2026-09-09 16:45:14,2026-09-09T16:48:12.286732+00:00,,0.0072,,,
standardized,dbs,IDR,SGD,IDR/SGD,100,SGD 50 – 200,amtBtw50And200,"SGD 200 – 39,999.99",std_200_40k,mainCurrencies,2026-09-10 00:45:00,2026-09-09 16:45:14,2026-09-09T16:48:12.286732+00:00,0.0074,,,,
standardized,dbs,IDR,SGD,IDR/SGD,100,SGD 50 – 200,amtBtw50And200,"SGD 40,000 – 100,000",std_40k_100k,mainCurrencies,2026-09-10 00:45:00,2026-09-09 16:45:14,2026-09-09T16:48:12.286732+00:00,0.0074,,,,
standardized,dbs,IDR,SGD,IDR/SGD,100,SGD 50 – 200,amtBtw50And200,SGD 50 – 200,std_50_200,mainCurrencies,2026-09-10 00:45:00,2026-09-09 16:45:14,2026-09-09T16:48:12.286732+00:00,0.0074,,,,
standardized,dbs,IDR,SGD,IDR/SGD,100,SGD < 50,amtLessThan50,SGD < 50,std_lt_50,mainCurrencies,2026-09-10 00:45:00,2026-09-09 16:45:14,2026-09-09T16:48:12.286732+00:00,0.0074,,,,
standardized,dbs,IN0,SGD,IN0/SGD,100,SGD 50 – 200,amtBtw50And200,"SGD 200 – 39,999.99",std_200_40k,otherCurrencies,2026-09-10 00:45:00,2026-09-09 16:45:14,2026-09-09T16:48:12.286732+00:00,,1.3256,,,
standardized,dbs,IN0,SGD,IN0/SGD,100,SGD 50 – 200,amtBtw50And200,"SGD 40,000 – 100,000",std_40k_100k,otherCurrencies,2026-09-10 00:45:00,2026-09-09 16:45:14,2026-09-09T16:48:12.286732+00:00,,1.3256,,,
standardized,dbs,IN0,SGD,IN0/SGD,100,SGD 50 – 200,amtBtw50And200,SGD 50 – 200,std_50_200,otherCurrencies,2026-09-10 00:45:00,2026-09-09 16:45:14,2026-09-09T16:48:12.286732+00:00,,1.3256,,,
standardized,dbs,IN0,SGD,IN0/SGD,100,SGD < 50,amtLessThan50,SGD < 50,std_lt_50,otherCurrencies,2026-09-10 00:45:00,2026-09-09 16:45:14,2026-09-09T16:48:12.286732+00:00,,1.3256,,,
standardized,dbs,INR,SGD,INR/SGD,100,SGD 50 – 200,amtBtw50And200,"SGD 200 – 39,999.99",std_200_40k,otherCurrencies,2026-09-10 00:45:00,2026-09-09 16:45:14,2026-09-09T16:48:12.286732+00:00,1.3447,,,,
standardized,dbs,INR,SGD,INR/SGD,100,SGD 50 – 200,amtBtw50And200,"SGD 40,000 – 100,000",std_40k_100k,otherCurrencies,2026-09-10 00:45:00,2026-09-09 16:45:14,2026-09-09T16:48:12.286732+00:00,1.3447,,,,
standardized,dbs,INR,SGD,INR/SGD,100,SGD 50 – 200,amtBtw50And200,SGD 50 – 200,std_50_200,otherCurrencies,2026-09-10 00:45:00,2026-09-09 16:45:14,2026-09-09T16:48:12.286732+00:00,1.3447,,,,
standardized,dbs,INR,SGD,INR/SGD,100,SGD < 50,amtLessThan50,SGD < 50,std_lt_50,otherCurrencies,2026-09-10 00:45:00,2026-09-09 16:45:14,2026-09-09T16:48:12.286732+00:00,1.3554,,,,
standardized,dbs,JPY,SGD,JPY/SGD,100,SGD 50 – 200,amtBtw50And200,"SGD 200 – 39,999.99",std_200_40k,mainCurrencies,2026-09-10 00:45:00,2026-09-09 16:45:14,2026-09-09T16:48:12.286732+00:00,0.8316,0.8151,0.82335,1.0020040080160295,1.0020040080160295
standardized,dbs,JPY,SGD,JPY/SGD,100,SGD 50 – 200,amtBtw50And200,"SGD 40,000 – 100,000",std_40k_100k,mainCurrencies,2026-09-10 00:45:00,2026-09-09 16:45:14,2026-09-09T16:48:12.286732+00:00,0.8316,0.8151,0.82335,1.0020040080160295,1.0020040080160295
standardized,dbs,JPY,SGD,JPY/SGD,100,SGD 50 – 200,amtBtw50And200,SGD 50 – 200,std_50_200,mainCurrencies,2026-09-10 00:45:00,2026-09-09 16:45:14,2026-09-09T16:48:12.286732+00:00,0.8316,0.8151,0.82335,1.0020040080160295,1.0020040080160295
standardized,dbs,JPY,SGD,JPY/SGD,100,SGD < 50,amtLessThan50,SGD < 50,std_lt_50,mainCurrencies,2026-09-10 00:45:00,2026-09-09 16:45:14,2026-09-09T16:48:12.286732+00:00,0.8325,0.8142,0.82335,1.1113135361632345,1.1113135361632345
standardized,dbs,KRW,SGD,KRW/SGD,100,SGD 50 – 200,amtBtw50And200,"SGD 200 – 39,999.99",std_200_40k,otherCurrencies,2026-09-10 00:45:00,2026-09-09 16:45:14,2026-09-09T16:48:12.286732+00:00,0.0956,,,,
standardized,dbs,KRW,SGD,KRW/SGD,100,SGD 50 – 200,amtBtw50And200,"SGD 40,000 – 100,000",std_40k_100k,otherCurrencies,2026-09-10 00:45:00,2026-09-09 16:45:14,2026-09-09T16:48:12.286732+00:00,0.0956,,,,
standardized,dbs,KRW,SGD,KRW/SGD,100,SGD 50 – 200,amtBtw50And200,SGD 50 – 200,std_50_200,otherCurrencies,2026-09-10 00:45:00,2026-09-09 16:45:14,2026-09-09T16:48:12.286732+00:00,0.0956,,,,
standardized,dbs,KRW,SGD,KRW/SGD,100,SGD < 50,amtLessThan50,SGD < 50,std_lt_50,otherCurrencies,2026-09-10 00:45:00,2026-09-09 16:45:14,2026-09-09T16:48:12.286732+00:00,0.0956,,,,
standardized,dbs,KWD,SGD,KWD/SGD,100,SGD 50 – 200,amtBtw50And200,"SGD 200 – 39,999.99",std_200_40k,otherCurrencies,2026-09-10 00:45:00,2026-09-09 16:45:14,2026-09-09T16:48:12.286732+00:00,419.365,,,,
standardized,dbs,KWD,SGD,KWD/SGD,100,SGD 50 – 200,amtBtw50And200,"SGD 40,000 – 100,000",std_40k_100k,otherCurrencies,2026-09-10 00:45:00,2026-09-09 16:45:14,2026-09-09T16:48:12.286732+00:00,419.365,,,,
standardized,dbs,KWD,SGD,KWD/SGD,100,SGD 50 – 200,amtBtw50And200,SGD 50 – 200,std_50_200,otherCurrencies,2026-09-10 00:45:00,2026-09-09 16:45:14,2026-09-09T16:48:12.286732+00:00,419.365,,,,
standardized,dbs,KWD,SGD,KWD/SGD,100,SGD < 50,amtLessThan50,SGD < 50,std_lt_50,otherCurrencies,2026-09-10 00:45:00,2026-09-09 16:45:14,2026-09-09T16:48:12.286732+00:00,421.0187,,,,
standardized,dbs,LKR,SGD,LKR/SGD,100,SGD 50 – 200,amtBtw50And200,"SGD 200 – 39,999.99",std_200_40k,otherCurrencies,2026-09-10 00:45:00,2026-09-09 16:45:14,2026-09-09T16:48:12.286732+00:00,0.3923,,,,
standardized,dbs,LKR,SGD,LKR/SGD,100,SGD 50 – 200,amtBtw50And200,"SGD 40,000 – 100,000",std_40k_100k,otherCurrencies,2026-09-10 00:45:00,2026-09-09 16:45:14,2026-09-09T16:48:12.286732+00:00,0.3923,,,,
standardized,dbs,LKR,SGD,LKR/SGD,100,SGD 50 – 200,amtBtw50And200,SGD 50 – 200,std_50_200,otherCurrencies,2026-09-10 00:45:00,2026-09-09 16:45:14,2026-09-09T16:48:12.286732+00:00,0.3923,,,,
standardized,dbs,LKR,SGD,LKR/SGD,100,SGD < 50,amtLessThan50,SGD < 50,std_lt_50,otherCurrencies,2026-09-10 00:45:00,2026-09-09 16:45:14,2026-09-09T16:48:12.286732+00:00,0.3923,,,,
standardized,dbs,MM1,SGD,MM1/SGD,100,SGD 50 – 200,amtBtw50And200,"SGD 200 – 39,999.99",std_200_40k,otherCurrencies,2026-09-10 00:45:00,2026-09-09 16:45:14,2026-09-09T16:48:12.286732+00:00,,,,,
standardized,dbs,MM1,SGD,MM1/SGD,100,SGD 50 – 200,amtBtw50And200,"SGD 40,000 – 100,000",std_40k_100k,otherCurrencies,2026-09-10 00:45:00,2026-09-09 16:45:14,2026-09-09T16:48:12.286732+00:00,,,,,
standardized,dbs,MM1,SGD,MM1/SGD,100,SGD 50 – 200,amtBtw50And200,SGD 50 – 200,std_50_200,otherCurrencies,2026-09-10 00:45:00,2026-09-09 16:45:14,2026-09-09T16:48:12.286732+00:00,,,,,
standardized,dbs,MM1,SGD,MM1/SGD,100,SGD < 50,amtLessThan50,SGD < 50,std_lt_50,otherCurrencies,2026-09-10 00:45:00,2026-09-09 16:45:14,2026-09-09T16:48:12.286732+00:00,,,,,
standardized,dbs,MMK,SGD,MMK/SGD,100,SGD 50 – 200,amtBtw50And200,"SGD 200 – 39,999.99",std_200_40k,otherCurrencies,2026-09-10 00:45:00,2026-09-09 16:45:14,2026-09-09T16:48:12.286732+00:00,0.0321,,,,
standardized,dbs,MMK,SGD,MMK/SGD,100,SGD 50 – 200,amtBtw50And200,"SGD 40,000 – 100,000",std_40k_100k,otherCurrencies,2026-09-10 00:45:00,2026-09-09 16:45:14,2026-09-09T16:48:12.286732+00:00,0.0321,,,,
standardized,dbs,MMK,SGD,MMK/SGD,100,SGD 50 – 200,amtBtw50And200,SGD 50 – 200,std_50_200,otherCurrencies,2026-09-10 00:45:00,2026-09-09 16:45:14,2026-09-09T16:48:12.286732+00:00,0.0321,,,,
standardized,dbs,MMK,SGD,MMK/SGD,100,SGD < 50,amtLessThan50,SGD < 50,std_lt_50,otherCurrencies,2026-09-10 00:45:00,2026-09-09 16:45:14,2026-09-09T16:48:12.286732+00:00,0.0321,,,,
standardized,dbs,MUR,SGD,MUR/SGD,100,SGD 50 – 200,amtBtw50And200,"SGD 200 – 39,999.99",std_200_40k,otherCurrencies,2026-09-10 00:45:00,2026-09-09 16:45:14,2026-09-09T16:48:12.286732+00:00,2.6792,,,,
standardized,dbs,MUR,SGD,MUR/SGD,100,SGD 50 – 200,amtBtw50And200,"SGD 40,000 – 100,000",std_40k_100k,otherCurrencies,2026-09-10 00:45:00,2026-09-09 16:45:14,2026-09-09T16:48:12.286732+00:00,2.6792,,,,
standardized,dbs,MUR,SGD,MUR/SGD,100,SGD 50 – 200,amtBtw50And200,SGD 50 – 200,std_50_200,otherCurrencies,2026-09-10 00:45:00,2026-09-09 16:45:14,2026-09-09T16:48:12.286732+00:00,2.6792,,,,
standardized,dbs,MUR,SGD,MUR/SGD,100,SGD < 50,amtLessThan50,SGD < 50,std_lt_50,otherCurrencies,2026-09-10 00:45:00,2026-09-09 16:45:14,2026-09-09T16:48:12.286732+00:00,2.6897,,,,
standardized,dbs,MXN,SGD,MXN/SGD,100,SGD 50 – 200,amtBtw50And200,"SGD 200 – 39,999.99",std_200_40k,mainCurrencies,2026-09-10 00:45:00,2026-09-09 16:45:14,2026-09-09T16:48:12.286732+00:00,7.6013,,,,
standardized,dbs,MXN,SGD,MXN/SGD,100,SGD 50 – 200,amtBtw50And200,"SGD 40,000 – 100,000",std_40k_100k,mainCurrencies,2026-09-10 00:45:00,2026-09-09 16:45:14,2026-09-09T16:48:12.286732+00:00,7.6013,,,,
standardized,dbs,MXN,SGD,MXN/SGD,100,SGD 50 – 200,amtBtw50And200,SGD 50 – 200,std_50_200,mainCurrencies,2026-09-10 00:45:00,2026-09-09 16:45:14,2026-09-09T16:48:12.286732+00:00,7.6013,,,,
standardized,dbs,MXN,SGD,MXN/SGD,100,SGD < 50,amtLessThan50,SGD < 50,std_lt_50,mainCurrencies,2026-09-10 00:45:00,2026-09-09 16:45:14,2026-09-09T16:48:12.286732+00:00,7.5971,,,,
standardized,dbs,MY0,SGD,MY0/SGD,1,SGD 50 – 200,amtBtw50And200,"SGD 200 – 39,999.99",std_200_40k,otherCurrencies,2026-09-10 00:45:00,2026-09-09 16:45:14,2026-09-09T16:48:12.286732+00:00,,0.3105,,,
standardized,dbs,MY0,SGD,MY0/SGD,1,SGD 50 – 200,amtBtw50And200,"SGD 40,000 – 100,000",std_40k_100k,otherCurrencies,2026-09-10 00:45:00,2026-09-09 16:45:14,2026-09-09T16:48:12.286732+00:00,,0.3105,,,
standardized,dbs,MY0,SGD,MY0/SGD,1,SGD 50 – 200,amtBtw50And200,SGD 50 – 200,std_50_200,otherCurrencies,2026-09-10 00:45:00,2026-09-09 16:45:14,2026-09-09T16:48:12.286732+00:00,,0.3105,,,
standardized,dbs,MY0,SGD,MY0/SGD,1,SGD < 50,amtLessThan50,SGD < 50,std_lt_50,otherCurrencies,2026-09-10 00:45:00,2026-09-09 16:45:14,2026-09-09T16:48:12.286732+00:00,,0.3105,,,
standardized,dbs,MYR,SGD,MYR/SGD,1,SGD 50 – 200,amtBtw50And200,"SGD 200 – 39,999.99",std_200_40k,otherCurrencies,2026-09-10 00:45:00,2026-09-09 16:45:14,2026-09-09T16:48:12.286732+00:00,0.3145,,,,
standardized,dbs,MYR,SGD,MYR/SGD,1,SGD 50 – 200,amtBtw50And200,"SGD 40,000 – 100,000",std_40k_100k,otherCurrencies,2026-09-10 00:45:00,2026-09-09 16:45:14,2026-09-09T16:48:12.286732+00:00,0.3145,,,,
standardized,dbs,MYR,SGD,MYR/SGD,1,SGD 50 – 200,amtBtw50And200,SGD 50 – 200,std_50_200,otherCurrencies,2026-09-10 00:45:00,2026-09-09 16:45:14,2026-09-09T16:48:12.286732+00:00,0.3145,,,,
standardized,dbs,MYR,SGD,MYR/SGD,1,SGD < 50,amtLessThan50,SGD < 50,std_lt_50,otherCurrencies,2026-09-10 00:45:00,2026-09-09 16:45:14,2026-09-09T16:48:12.286732+00:00,0.3145,,,,
standardized,dbs,NOK,SGD,NOK/SGD,1,SGD 50 – 200,amtBtw50And200,"SGD 200 – 39,999.99",std_200_40k,mainCurrencies,2026-09-10 00:45:00,2026-09-09 16:45:14,2026-09-09T16:48:12.286732+00:00,0.1394,0.1355,0.13745000000000002,1.4186977082575332,1.4186977082575534
standardized,dbs,NOK,SGD,NOK/SGD,1,SGD 50 – 200,amtBtw50And200,"SGD 40,000 – 100,000",std_40k_100k,mainCurrencies,2026-09-10 00:45:00,2026-09-09 16:45:14,2026-09-09T16:48:12.286732+00:00,0.1394,0.1355,0.13745000000000002,1.4186977082575332,1.4186977082575534
standardized,dbs,NOK,SGD,NOK/SGD,1,SGD 50 – 200,amtBtw50And200,SGD 50 – 200,std_50_200,mainCurrencies,2026-09-10 00:45:00,2026-09-09 16:45:14,2026-09-09T16:48:12.286732+00:00,0.1394,0.1355,0.13745000000000002,1.4186977082575332,1.4186977082575534
standardized,dbs,NOK,SGD,NOK/SGD,1,SGD < 50,amtLessThan50,SGD < 50,std_lt_50,mainCurrencies,2026-09-10 00:45:00,2026-09-09 16:45:14,2026-09-09T16:48:12.286732+00:00,0.1398,0.1351,0.13745000000000002,1.7097126227719104,1.7097126227719306
standardized,dbs,NZD,SGD,NZD/SGD,1,SGD 50 – 200,amtBtw50And200,"SGD 200 – 39,999.99",std_200_40k,mainCurrencies,2026-09-10 00:45:00,2026-09-09 16:45:14,2026-09-09T16:48:12.286732+00:00,0.747,0.7299,0.73845,1.1578305911029787,1.1578305911029938
standardized,dbs,NZD,SGD,NZD/SGD,1,SGD 50 – 200,amtBtw50And200,"SGD 40,000 – 100,000",std_40k_100k,mainCurrencies,2026-09-10 00:45:00,2026-09-09 16:45:14,2026-09-09T16:48:12.286732+00:00,0.747,0.7299,0.73845,1.1578305911029787,1.1578305911029938
standardized,dbs,NZD,SGD,NZD/SGD,1,SGD 50 – 200,amtBtw50And200,SGD 50 – 200,std_50_200,mainCurrencies,2026-09-10 00:45:00,2026-09-09 16:45:14,2026-09-09T16:48:12.286732+00:00,0.747,0.7299,0.73845,1.1578305911029787,1.1578305911029938
standardized,dbs,NZD,SGD,NZD/SGD,1,SGD < 50,amtLessThan50,SGD < 50,std_lt_50,mainCurrencies,2026-09-10 00:45:00,2026-09-09 16:45:14,2026-09-09T16:48:12.286732+00:00,0.7477,0.7291,0.7384,1.259479956663067,1.259479956663052
standardized,dbs,OMR,SGD,OMR/SGD,1,SGD 50 – 200,amtBtw50And200,"SGD 200 – 39,999.99",std_200_40k,otherCurrencies,2026-09-10 00:45:00,2026-09-09 16:45:14,2026-09-09T16:48:12.286732+00:00,3.3067,,,,
standardized,dbs,OMR,SGD,OMR/SGD,1,SGD 50 – 200,amtBtw50And200,"SGD 40,000 – 100,000",std_40k_100k,otherCurrencies,2026-09-10 00:45:00,2026-09-09 16:45:14,2026-09-09T16:48:12.286732+00:00,3.3067,,,,
standardized,dbs,OMR,SGD,OMR/SGD,1,SGD 50 – 200,amtBtw50And200,SGD 50 – 200,std_50_200,otherCurrencies,2026-09-10 00:45:00,2026-09-09 16:45:14,2026-09-09T16:48:12.286732+00:00,3.3067,,,,
standardized,dbs,OMR,SGD,OMR/SGD,1,SGD < 50,amtLessThan50,SGD < 50,std_lt_50,otherCurrencies,2026-09-10 00:45:00,2026-09-09 16:45:14,2026-09-09T16:48:12.286732+00:00,3.3067,,,,
standardized,dbs,PH0,SGD,PH0/SGD,100,SGD 50 – 200,amtBtw50And200,"SGD 200 – 39,999.99",std_200_40k,otherCurrencies,2026-09-10 00:45:00,2026-09-09 16:45:14,2026-09-09T16:48:12.286732+00:00,,2.0153,,,
standardized,dbs,PH0,SGD,PH0/SGD,100,SGD 50 – 200,amtBtw50And200,"SGD 40,000 – 100,000",std_40k_100k,otherCurrencies,2026-09-10 00:45:00,2026-09-09 16:45:14,2026-09-09T16:48:12.286732+00:00,,2.0153,,,
standardized,dbs,PH0,SGD,PH0/SGD,100,SGD 50 – 200,amtBtw50And200,SGD 50 – 200,std_50_200,otherCurrencies,2026-09-10 00:45:00,2026-09-09 16:45:14,2026-09-09T16:48:12.286732+00:00,,2.0153,,,
standardized,dbs,PH0,SGD,PH0/SGD,100,SGD < 50,amtLessThan50,SGD < 50,std_lt_50,otherCurrencies,2026-09-10 00:45:00,2026-09-09 16:45:14,2026-09-09T16:48:12.286732+00:00,,2.0153,,,
standardized,dbs,PHP,SGD,PHP/SGD,100,SGD 50 – 200,amtBtw50And200,"SGD 200 – 39,999.99",std_200_40k,otherCurrencies,2026-09-10 00:45:00,2026-09-09 16:45:14,2026-09-09T16:48:12.286732+00:00,2.0441,,,,
standardized,dbs,PHP,SGD,PHP/SGD,100,SGD 50 – 200,amtBtw50And200,"SGD 40,000 – 100,000",std_40k_100k,otherCurrencies,2026-09-10 00:45:00,2026-09-09 16:45:14,2026-09-09T16:48:12.286732+00:00,2.0441,,,,
standardized,dbs,PHP,SGD,PHP/SGD,100,SGD 50 – 200,amtBtw50And200,SGD 50 – 200,std_50_200,otherCurrencies,2026-09-10 00:45:00,2026-09-09 16:45:14,2026-09-09T16:48:12.286732+00:00,2.0441,,,,
standardized,dbs,PHP,SGD,PHP/SGD,100,SGD < 50,amtLessThan50,SGD < 50,std_lt_50,otherCurrencies,2026-09-10 00:45:00,2026-09-09 16:45:14,2026-09-09T16:48:12.286732+00:00,2.0594,,,,
standardized,dbs,PLN,SGD,PLN/SGD,1,SGD 50 – 200,amtBtw50And200,"SGD 200 – 39,999.99",std_200_40k,otherCurrencies,2026-09-10 00:45:00,2026-09-09 16:45:14,2026-09-09T16:48:12.286732+00:00,0.3472,,,,
standardized,dbs,PLN,SGD,PLN/SGD,1,SGD 50 – 200,amtBtw50And200,"SGD 40,000 – 100,000",std_40k_100k,otherCurrencies,2026-09-10 00:45:00,2026-09-09 16:45:14,2026-09-09T16:48:12.286732+00:00,0.3472,,,,
standardized,dbs,PLN,SGD,PLN/SGD,1,SGD 50 – 200,amtBtw50And200,SGD 50 – 200,std_50_200,otherCurrencies,2026-09-10 00:45:00,2026-09-09 16:45:14,2026-09-09T16:48:12.286732+00:00,0.3472,,,,
standardized,dbs,PLN,SGD,PLN/SGD,1,SGD < 50,amtLessThan50,SGD < 50,std_lt_50,otherCurrencies,2026-09-10 00:45:00,2026-09-09 16:45:14,2026-09-09T16:48:12.286732+00:00,0.3486,,,,
standardized,dbs,QAR,SGD,QAR/SGD,1,SGD 50 – 200,amtBtw50And200,"SGD 200 – 39,999.99",std_200_40k,otherCurrencies,2026-09-10 00:45:00,2026-09-09 16:45:14,2026-09-09T16:48:12.286732+00:00,0.3545,,,,
standardized,dbs,QAR,SGD,QAR/SGD,1,SGD 50 – 200,amtBtw50And200,"SGD 40,000 – 100,000",std_40k_100k,otherCurrencies,2026-09-10 00:45:00,2026-09-09 16:45:14,2026-09-09T16:48:12.286732+00:00,0.3545,,,,
standardized,dbs,QAR,SGD,QAR/SGD,1,SGD 50 – 200,amtBtw50And200,SGD 50 – 200,std_50_200,otherCurrencies,2026-09-10 00:45:00,2026-09-09 16:45:14,2026-09-09T16:48:12.286732+00:00,0.3545,,,,
standardized,dbs,QAR,SGD,QAR/SGD,1,SGD < 50,amtLessThan50,SGD < 50,std_lt_50,otherCurrencies,2026-09-10 00:45:00,2026-09-09 16:45:14,2026-09-09T16:48:12.286732+00:00,0.3559,,,,
standardized,dbs,RUB,SGD,RUB/SGD,100,SGD 50 – 200,amtBtw50And200,"SGD 200 – 39,999.99",std_200_40k,mainCurrencies,2026-09-10 00:45:00,2026-09-09 16:45:14,2026-09-09T16:48:12.286732+00:00,,,,,
standardized,dbs,RUB,SGD,RUB/SGD,100,SGD 50 – 200,amtBtw50And200,"SGD 40,000 – 100,000",std_40k_100k,mainCurrencies,2026-09-10 00:45:00,2026-09-09 16:45:14,2026-09-09T16:48:12.286732+00:00,,,,,
standardized,dbs,RUB,SGD,RUB/SGD,100,SGD 50 – 200,amtBtw50And200,SGD 50 – 200,std_50_200,mainCurrencies,2026-09-10 00:45:00,2026-09-09 16:45:14,2026-09-09T16:48:12.286732+00:00,,,,,
standardized,dbs,RUB,SGD,RUB/SGD,100,SGD < 50,amtLessThan50,SGD < 50,std_lt_50,mainCurrencies,2026-09-10 00:45:00,2026-09-09 16:45:14,2026-09-09T16:48:12.286732+00:00,,,,,
standardized,dbs,SAR,SGD,SAR/SGD,100,SGD 50 – 200,amtBtw50And200,"SGD 200 – 39,999.99",std_200_40k,otherCurrencies,2026-09-10 00:45:00,2026-09-09 16:45:14,2026-09-09T16:48:12.286732+00:00,34.0893,,,,
standardized,dbs,SAR,SGD,SAR/SGD,100,SGD 50 – 200,amtBtw50And200,"SGD 40,000 – 100,000",std_40k_100k,otherCurrencies,2026-09-10 00:45:00,2026-09-09 16:45:14,2026-09-09T16:48:12.286732+00:00,34.0893,,,,
standardized,dbs,SAR,SGD,SAR/SGD,100,SGD 50 – 200,amtBtw50And200,SGD 50 – 200,std_50_200,otherCurrencies,2026-09-10 00:45:00,2026-09-09 16:45:14,2026-09-09T16:48:12.286732+00:00,34.0893,,,,
standardized,dbs,SAR,SGD,SAR/SGD,100,SGD < 50,amtLessThan50,SGD < 50,std_lt_50,otherCurrencies,2026-09-10 00:45:00,2026-09-09 16:45:14,2026-09-09T16:48:12.286732+00:00,34.0893,,,,
standardized,dbs,SEK,SGD,SEK/SGD,1,SGD 50 – 200,amtBtw50And200,"SGD 200 – 39,999.99",std_200_40k,mainCurrencies,2026-09-10 00:45:00,2026-09-09 16:45:14,2026-09-09T16:48:12.286732+00:00,0.1335,0.1299,0.13169999999999998,1.3667425968109521,1.3667425968109312
standardized,dbs,SEK,SGD,SEK/SGD,1,SGD 50 – 200,amtBtw50And200,"SGD 40,000 – 100,000",std_40k_100k,mainCurrencies,2026-09-10 00:45:00,2026-09-09 16:45:14,2026-09-09T16:48:12.286732+00:00,0.1335,0.1299,0.13169999999999998,1.3667425968109521,1.3667425968109312
standardized,dbs,SEK,SGD,SEK/SGD,1,SGD 50 – 200,amtBtw50And200,SGD 50 – 200,std_50_200,mainCurrencies,2026-09-10 00:45:00,2026-09-09 16:45:14,2026-09-09T16:48:12.286732+00:00,0.1335,0.1299,0.13169999999999998,1.3667425968109521,1.3667425968109312
standardized,dbs,SEK,SGD,SEK/SGD,1,SGD < 50,amtLessThan50,SGD < 50,std_lt_50,mainCurrencies,2026-09-10 00:45:00,2026-09-09 16:45:14,2026-09-09T16:48:12.286732+00:00,0.134,0.1294,0.13169999999999998,1.746393318147323,1.7463933181473021
standardized,dbs,THB,SGD,THB/SGD,100,SGD 50 – 200,amtBtw50And200,"SGD 200 – 39,999.99",std_200_40k,mainCurrencies,2026-09-10 00:45:00,2026-09-09 16:45:14,2026-09-09T16:48:12.286732+00:00,3.896,3.7845,3.84025,1.4517284030987498,1.4517284030987614
standardized,dbs,THB,SGD,THB/SGD,100,SGD 50 – 200,amtBtw50And200,"SGD 40,000 – 100,000",std_40k_100k,mainCurrencies,2026-09-10 00:45:00,2026-09-09 16:45:14,2026-09-09T16:48:12.286732+00:00,3.896,3.7845,3.84025,1.4517284030987498,1.4517284030987614
standardized,dbs,THB,SGD,THB/SGD,100,SGD 50 – 200,amtBtw50And200,SGD 50 – 200,std_50_200,mainCurrencies,2026-09-10 00:45:00,2026-09-09 16:45:14,2026-09-09T16:48:12.286732+00:00,3.896,3.7845,3.84025,1.4517284030987498,1.4517284030987614
standardized,dbs,THB,SGD,THB/SGD,100,SGD < 50,amtLessThan50,SGD < 50,std_lt_50,mainCurrencies,2026-09-10 00:45:00,2026-09-09 16:45:14,2026-09-09T16:48:12.286732+00:00,3.9002,3.7803,3.84025,1.5610962827940817,1.5610962827940933
standardized,dbs,TND,SGD,TND/SGD,1,SGD 50 – 200,amtBtw50And200,"SGD 200 – 39,999.99",std_200_40k,otherCurrencies,2026-09-10 00:45:00,2026-09-09 16:45:14,2026-09-09T16:48:12.286732+00:00,0.4426,,,,
standardized,dbs,TND,SGD,TND/SGD,1,SGD 50 – 200,amtBtw50And200,"SGD 40,000 – 100,000",std_40k_100k,otherCurrencies,2026-09-10 00:45:00,2026-09-09 16:45:14,2026-09-09T16:48:12.286732+00:00,0.4426,,,,
standardized,dbs,TND,SGD,TND/SGD,1,SGD 50 – 200,amtBtw50And200,SGD 50 – 200,std_50_200,otherCurrencies,2026-09-10 00:45:00,2026-09-09 16:45:14,2026-09-09T16:48:12.286732+00:00,0.4426,,,,
standardized,dbs,TND,SGD,TND/SGD,1,SGD < 50,amtLessThan50,SGD < 50,std_lt_50,otherCurrencies,2026-09-10 00:45:00,2026-09-09 16:45:14,2026-09-09T16:48:12.286732+00:00,0.4426,,,,
standardized,dbs,TWD,SGD,TWD/SGD,100,SGD 50 – 200,amtBtw50And200,"SGD 200 – 39,999.99",std_200_40k,otherCurrencies,2026-09-10 00:45:00,2026-09-09 16:45:14,2026-09-09T16:48:12.286732+00:00,4.0634,,,,
standardized,dbs,TWD,SGD,TWD/SGD,100,SGD 50 – 200,amtBtw50And200,"SGD 40,000 – 100,000",std_40k_100k,otherCurrencies,2026-09-10 00:45:00,2026-09-09 16:45:14,2026-09-09T16:48:12.286732+00:00,4.0634,,,,
standardized,dbs,TWD,SGD,TWD/SGD,100,SGD 50 – 200,amtBtw50And200,SGD 50 – 200,std_50_200,otherCurrencies,2026-09-10 00:45:00,2026-09-09 16:45:14,2026-09-09T16:48:12.286732+00:00,4.0634,,,,
standardized,dbs,TWD,SGD,TWD/SGD,100,SGD < 50,amtLessThan50,SGD < 50,std_lt_50,otherCurrencies,2026-09-10 00:45:00,2026-09-09 16:45:14,2026-09-09T16:48:12.286732+00:00,4.0675,,,,
standardized,dbs,USD,SGD,USD/SGD,1,SGD 50 – 200,amtBtw50And200,"SGD 200 – 39,999.99",std_200_40k,mainCurrencies,2026-09-10 00:45:00,2026-09-09 16:45:14,2026-09-09T16:48:12.286732+00:00,1.2747,1.2537,1.2642,0.8305647840531526,0.8305647840531526
standardized,dbs,USD,SGD,USD/SGD,1,SGD 50 – 200,amtBtw50And200,"SGD 40,000 – 100,000",std_40k_100k,mainCurrencies,2026-09-10 00:45:00,2026-09-09 16:45:14,2026-09-09T16:48:12.286732+00:00,1.2747,1.2537,1.2642,0.8305647840531526,0.8305647840531526
standardized,dbs,USD,SGD,USD/SGD,1,SGD 50 – 200,amtBtw50And200,SGD 50 – 200,std_50_200,mainCurrencies,2026-09-10 00:45:00,2026-09-09 16:45:14,2026-09-09T16:48:12.286732+00:00,1.2747,1.2537,1.2642,0.8305647840531526,0.8305647840531526
standardized,dbs,USD,SGD,USD/SGD,1,SGD < 50,amtLessThan50,SGD < 50,std_lt_50,mainCurrencies,2026-09-10 00:45:00,2026-09-09 16:45:14,2026-09-09T16:48:12.286732+00:00,1.2756,1.2528,1.2642,0.9017560512577185,0.9017560512577185
standardized,dbs,VND,SGD,VND/SGD,100,SGD 50 – 200,amtBtw50And200,"SGD 200 – 39,999.99",std_200_40k,otherCurrencies,2026-09-10 00:45:00,2026-09-09 16:45:14,2026-09-09T16:48:12.286732+00:00,0.005,,,,
standardized,dbs,VND,SGD,VND/SGD,100,SGD 50 – 200,amtBtw50And200,"SGD 40,000 – 100,000",std_40k_100k,otherCurrencies,2026-09-10 00:45:00,2026-09-09 16:45:14,2026-09-09T16:48:12.286732+00:00,0.005,,,,
standardized,dbs,VND,SGD,VND/SGD,100,SGD 50 – 200,amtBtw50And200,SGD 50 – 200,std_50_200,otherCurrencies,2026-09-10 00:45:00,2026-09-09 16:45:14,2026-09-09T16:48:12.286732+00:00,0.005,,,,
standardized,dbs,VND,SGD,VND/SGD,100,SGD < 50,amtLessThan50,SGD < 50,std_lt_50,otherCurrencies,2026-09-10 00:45:00,2026-09-09 16:45:14,2026-09-09T16:48:12.286732+00:00,0.005,,,,
standardized,dbs,XAU,SGD,XAU/SGD,1,SGD 50 – 200,amtBtw50And200,"SGD 200 – 39,999.99",std_200_40k,otherCurrencies,2026-09-10 00:45:00,2026-09-09 16:45:14,2026-09-09T16:48:12.286732+00:00,5604.931,5537.227,5571.079,0.60763812539725,0.60763812539725
standardized,dbs,XAU,SGD,XAU/SGD,1,SGD 50 – 200,amtBtw50And200,"SGD 40,000 – 100,000",std_40k_100k,otherCurrencies,2026-09-10 00:45:00,2026-09-09 16:45:14,2026-09-09T16:48:12.286732+00:00,5604.931,5537.227,5571.079,0.60763812539725,0.60763812539725
standardized,dbs,XAU,SGD,XAU/SGD,1,SGD 50 – 200,amtBtw50And200,SGD 50 – 200,std_50_200,otherCurrencies,2026-09-10 00:45:00,2026-09-09 16:45:14,2026-09-09T16:48:12.286732+00:00,5604.931,5537.227,5571.079,0.60763812539725,0.60763812539725
standardized,dbs,XAU,SGD,XAU/SGD,1,SGD < 50,amtLessThan50,SGD < 50,std_lt_50,otherCurrencies,2026-09-10 00:45:00,2026-09-09 16:45:14,2026-09-09T16:48:12.286732+00:00,5605.045,5537.214,5571.1295,0.6087724221811764,0.6087724221811764
standardized,dbs,ZAR,SGD,ZAR/SGD,1,SGD 50 – 200,amtBtw50And200,"SGD 200 – 39,999.99",std_200_40k,otherCurrencies,2026-09-10 00:45:00,2026-09-09 16:45:14,2026-09-09T16:48:12.286732+00:00,0.0798,0.0779,0.07885,1.2048192771084243,1.2048192771084418
standardized,dbs,ZAR,SGD,ZAR/SGD,1,SGD 50 – 200,amtBtw50And200,"SGD 40,000 – 100,000",std_40k_100k,otherCurrencies,2026-09-10 00:45:00,2026-09-09 16:45:14,2026-09-09T16:48:12.286732+00:00,0.0798,0.0779,0.07885,1.2048192771084243,1.2048192771084418
standardized,dbs,ZAR,SGD,ZAR/SGD,1,SGD 50 – 200,amtBtw50And200,SGD 50 – 200,std_50_200,otherCurrencies,2026-09-10 00:45:00,2026-09-09 16:45:14,2026-09-09T16:48:12.286732+00:00,0.0798,0.0779,0.07885,1.2048192771084243,1.2048192771084418
standardized,dbs,ZAR,SGD,ZAR/SGD,1,SGD < 50,amtLessThan50,SGD < 50,std_lt_50,otherCurrencies,2026-09-10 00:45:00,2026-09-09 16:45:14,2026-09-09T16:48:12.286732+00:00,0.0802,0.0776,0.0789,1.6476552598225547,1.6476552598225547
standardized,hsbc,AED,SGD,AED/SGD,100,Indicative board,board,"SGD 200 – 39,999.99",std_200_40k,indicative_fx,2026-9-9,2026-9-9,2026-09-09T16:48:15.784345+00:00,35.55,33.3,34.425,3.2679738562091507,3.2679738562091507
standardized,hsbc,AED,SGD,AED/SGD,100,Indicative board,board,"SGD 40,000 – 100,000",std_40k_100k,indicative_fx,2026-9-9,2026-9-9,2026-09-09T16:48:15.784345+00:00,35.55,33.3,34.425,3.2679738562091507,3.2679738562091507
standardized,hsbc,AED,SGD,AED/SGD,100,Indicative board,board,SGD 50 – 200,std_50_200,indicative_fx,2026-9-9,2026-9-9,2026-09-09T16:48:15.784345+00:00,35.55,33.3,34.425,3.2679738562091507,3.2679738562091507
standardized,hsbc,AED,SGD,AED/SGD,100,Indicative board,board,SGD < 50,std_lt_50,indicative_fx,2026-9-9,2026-9-9,2026-09-09T16:48:15.784345+00:00,35.55,33.3,34.425,3.2679738562091507,3.2679738562091507
standardized,hsbc,AUD,SGD,AUD/SGD,1,Indicative board,board,"SGD 200 – 39,999.99",std_200_40k,indicative_fx,2026-9-9,2026-9-9,2026-09-09T16:48:15.784345+00:00,0.9409,0.8859,0.9134,3.0107291438581094,3.0107291438581094
standardized,hsbc,AUD,SGD,AUD/SGD,1,Indicative board,board,"SGD 40,000 – 100,000",std_40k_100k,indicative_fx,2026-9-9,2026-9-9,2026-09-09T16:48:15.784345+00:00,0.9409,0.8859,0.9134,3.0107291438581094,3.0107291438581094
standardized,hsbc,AUD,SGD,AUD/SGD,1,Indicative board,board,SGD 50 – 200,std_50_200,indicative_fx,2026-9-9,2026-9-9,2026-09-09T16:48:15.784345+00:00,0.9409,0.8859,0.9134,3.0107291438581094,3.0107291438581094
standardized,hsbc,AUD,SGD,AUD/SGD,1,Indicative board,board,SGD < 50,std_lt_50,indicative_fx,2026-9-9,2026-9-9,2026-09-09T16:48:15.784345+00:00,0.9409,0.8859,0.9134,3.0107291438581094,3.0107291438581094
standardized,hsbc,CAD,SGD,CAD/SGD,1,Indicative board,board,"SGD 200 – 39,999.99",std_200_40k,indicative_fx,2026-9-9,2026-9-9,2026-09-09T16:48:15.784345+00:00,0.9454,0.8901,0.9177500000000001,3.012803050939793,3.012803050939805
standardized,hsbc,CAD,SGD,CAD/SGD,1,Indicative board,board,"SGD 40,000 – 100,000",std_40k_100k,indicative_fx,2026-9-9,2026-9-9,2026-09-09T16:48:15.784345+00:00,0.9454,0.8901,0.9177500000000001,3.012803050939793,3.012803050939805
standardized,hsbc,CAD,SGD,CAD/SGD,1,Indicative board,board,SGD 50 – 200,std_50_200,indicative_fx,2026-9-9,2026-9-9,2026-09-09T16:48:15.784345+00:00,0.9454,0.8901,0.9177500000000001,3.012803050939793,3.012803050939805
standardized,hsbc,CAD,SGD,CAD/SGD,1,Indicative board,board,SGD < 50,std_lt_50,indicative_fx,2026-9-9,2026-9-9,2026-09-09T16:48:15.784345+00:00,0.9454,0.8901,0.9177500000000001,3.012803050939793,3.012803050939805
standardized,hsbc,CHF,SGD,CHF/SGD,100,Indicative board,board,"SGD 200 – 39,999.99",std_200_40k,indicative_fx,2026-9-9,2026-9-9,2026-09-09T16:48:15.784345+00:00,161.03,151.61,156.32,3.013050153531223,3.0130501535312053
standardized,hsbc,CHF,SGD,CHF/SGD,100,Indicative board,board,"SGD 40,000 – 100,000",std_40k_100k,indicative_fx,2026-9-9,2026-9-9,2026-09-09T16:48:15.784345+00:00,161.03,151.61,156.32,3.013050153531223,3.0130501535312053
standardized,hsbc,CHF,SGD,CHF/SGD,100,Indicative board,board,SGD 50 – 200,std_50_200,indicative_fx,2026-9-9,2026-9-9,2026-09-09T16:48:15.784345+00:00,161.03,151.61,156.32,3.013050153531223,3.0130501535312053
standardized,hsbc,CHF,SGD,CHF/SGD,100,Indicative board,board,SGD < 50,std_lt_50,indicative_fx,2026-9-9,2026-9-9,2026-09-09T16:48:15.784345+00:00,161.03,151.61,156.32,3.013050153531223,3.0130501535312053
standardized,hsbc,CNY,SGD,CNY/SGD,100,Indicative board,board,"SGD 200 – 39,999.99",std_200_40k,indicative_fx,2026-9-9,2026-9-9,2026-09-09T16:48:15.784345+00:00,19.47,18.24,18.854999999999997,3.261734287987282,3.2617342879872635
standardized,hsbc,CNY,SGD,CNY/SGD,100,Indicative board,board,"SGD 40,000 – 100,000",std_40k_100k,indicative_fx,2026-9-9,2026-9-9,2026-09-09T16:48:15.784345+00:00,19.47,18.24,18.854999999999997,3.261734287987282,3.2617342879872635
standardized,hsbc,CNY,SGD,CNY/SGD,100,Indicative board,board,SGD 50 – 200,std_50_200,indicative_fx,2026-9-9,2026-9-9,2026-09-09T16:48:15.784345+00:00,19.47,18.24,18.854999999999997,3.261734287987282,3.2617342879872635
standardized,hsbc,CNY,SGD,CNY/SGD,100,Indicative board,board,SGD < 50,std_lt_50,indicative_fx,2026-9-9,2026-9-9,2026-09-09T16:48:15.784345+00:00,19.47,18.24,18.854999999999997,3.261734287987282,3.2617342879872635
standardized,hsbc,DKK,SGD,DKK/SGD,100,Indicative board,board,"SGD 200 – 39,999.99",std_200_40k,indicative_fx,2026-9-9,2026-9-9,2026-09-09T16:48:15.784345+00:00,20.27,19.08,19.674999999999997,3.024142312579428,3.0241423125794102
standardized,hsbc,DKK,SGD,DKK/SGD,100,Indicative board,board,"SGD 40,000 – 100,000",std_40k_100k,indicative_fx,2026-9-9,2026-9-9,2026-09-09T16:48:15.784345+00:00,20.27,19.08,19.674999999999997,3.024142312579428,3.0241423125794102
standardized,hsbc,DKK,SGD,DKK/SGD,100,Indicative board,board,SGD 50 – 200,std_50_200,indicative_fx,2026-9-9,2026-9-9,2026-09-09T16:48:15.784345+00:00,20.27,19.08,19.674999999999997,3.024142312579428,3.0241423125794102
standardized,hsbc,DKK,SGD,DKK/SGD,100,Indicative board,board,SGD < 50,std_lt_50,indicative_fx,2026-9-9,2026-9-9,2026-09-09T16:48:15.784345+00:00,20.27,19.08,19.674999999999997,3.024142312579428,3.0241423125794102
standardized,hsbc,EUR,SGD,EUR/SGD,1,Indicative board,board,"SGD 200 – 39,999.99",std_200_40k,indicative_fx,2026-9-9,2026-9-9,2026-09-09T16:48:15.784345+00:00,1.5148,1.4263,1.4705499999999998,3.0090782360341457,3.0090782360341306
standardized,hsbc,EUR,SGD,EUR/SGD,1,Indicative board,board,"SGD 40,000 – 100,000",std_40k_100k,indicative_fx,2026-9-9,2026-9-9,2026-09-09T16:48:15.784345+00:00,1.5148,1.4263,1.4705499999999998,3.0090782360341457,3.0090782360341306
standardized,hsbc,EUR,SGD,EUR/SGD,1,Indicative board,board,SGD 50 – 200,std_50_200,indicative_fx,2026-9-9,2026-9-9,2026-09-09T16:48:15.784345+00:00,1.5148,1.4263,1.4705499999999998,3.0090782360341457,3.0090782360341306
standardized,hsbc,EUR,SGD,EUR/SGD,1,Indicative board,board,SGD < 50,std_lt_50,indicative_fx,2026-9-9,2026-9-9,2026-09-09T16:48:15.784345+00:00,1.5148,1.4263,1.4705499999999998,3.0090782360341457,3.0090782360341306
standardized,hsbc,FJD,SGD,FJD/SGD,1,Indicative board,board,"SGD 200 – 39,999.99",std_200_40k,indicative_fx,2026-9-9,2026-9-9,2026-09-09T16:48:15.784345+00:00,0.6025,,,,
standardized,hsbc,FJD,SGD,FJD/SGD,1,Indicative board,board,"SGD 40,000 – 100,000",std_40k_100k,indicative_fx,2026-9-9,2026-9-9,2026-09-09T16:48:15.784345+00:00,0.6025,,,,
standardized,hsbc,FJD,SGD,FJD/SGD,1,Indicative board,board,SGD 50 – 200,std_50_200,indicative_fx,2026-9-9,2026-9-9,2026-09-09T16:48:15.784345+00:00,0.6025,,,,
standardized,hsbc,FJD,SGD,FJD/SGD,1,Indicative board,board,SGD < 50,std_lt_50,indicative_fx,2026-9-9,2026-9-9,2026-09-09T16:48:15.784345+00:00,0.6025,,,,
standardized,hsbc,GBP,SGD,GBP/SGD,1,Indicative board,board,"SGD 200 – 39,999.99",std_200_40k,indicative_fx,2026-9-9,2026-9-9,2026-09-09T16:48:15.784345+00:00,1.7643,1.661,1.71265,3.015794237001137,3.015794237001137
standardized,hsbc,GBP,SGD,GBP/SGD,1,Indicative board,board,"SGD 40,000 – 100,000",std_40k_100k,indicative_fx,2026-9-9,2026-9-9,2026-09-09T16:48:15.784345+00:00,1.7643,1.661,1.71265,3.015794237001137,3.015794237001137
standardized,hsbc,GBP,SGD,GBP/SGD,1,Indicative board,board,SGD 50 – 200,std_50_200,indicative_fx,2026-9-9,2026-9-9,2026-09-09T16:48:15.784345+00:00,1.7643,1.661,1.71265,3.015794237001137,3.015794237001137
standardized,hsbc,GBP,SGD,GBP/SGD,1,Indicative board,board,SGD < 50,std_lt_50,indicative_fx,2026-9-9,2026-9-9,2026-09-09T16:48:15.784345+00:00,1.7643,1.661,1.71265,3.015794237001137,3.015794237001137
standardized,hsbc,HKD,SGD,HKD/SGD,100,Indicative board,board,"SGD 200 – 39,999.99",std_200_40k,indicative_fx,2026-9-9,2026-9-9,2026-09-09T16:48:15.784345+00:00,16.33,15.92,16.125,1.2713178294573537,1.2713178294573646
standardized,hsbc,HKD,SGD,HKD/SGD,100,Indicative board,board,"SGD 40,000 – 100,000",std_40k_100k,indicative_fx,2026-9-9,2026-9-9,2026-09-09T16:48:15.784345+00:00,16.33,15.92,16.125,1.2713178294573537,1.2713178294573646
standardized,hsbc,HKD,SGD,HKD/SGD,100,Indicative board,board,SGD 50 – 200,std_50_200,indicative_fx,2026-9-9,2026-9-9,2026-09-09T16:48:15.784345+00:00,16.33,15.92,16.125,1.2713178294573537,1.2713178294573646
standardized,hsbc,HKD,SGD,HKD/SGD,100,Indicative board,board,SGD < 50,std_lt_50,indicative_fx,2026-9-9,2026-9-9,2026-09-09T16:48:15.784345+00:00,16.33,15.92,16.125,1.2713178294573537,1.2713178294573646
standardized,hsbc,IDR,SGD,IDR/SGD,100,Indicative board,board,"SGD 200 – 39,999.99",std_200_40k,indicative_fx,2026-9-9,2026-9-9,2026-09-09T16:48:15.784345+00:00,0.0074,,,,
standardized,hsbc,IDR,SGD,IDR/SGD,100,Indicative board,board,"SGD 40,000 – 100,000",std_40k_100k,indicative_fx,2026-9-9,2026-9-9,2026-09-09T16:48:15.784345+00:00,0.0074,,,,
standardized,hsbc,IDR,SGD,IDR/SGD,100,Indicative board,board,SGD 50 – 200,std_50_200,indicative_fx,2026-9-9,2026-9-9,2026-09-09T16:48:15.784345+00:00,0.0074,,,,
standardized,hsbc,IDR,SGD,IDR/SGD,100,Indicative board,board,SGD < 50,std_lt_50,indicative_fx,2026-9-9,2026-9-9,2026-09-09T16:48:15.784345+00:00,0.0074,,,,
standardized,hsbc,INR,SGD,INR/SGD,100,Indicative board,board,"SGD 200 – 39,999.99",std_200_40k,indicative_fx,2026-9-9,2026-9-9,2026-09-09T16:48:15.784345+00:00,1.38,,,,
standardized,hsbc,INR,SGD,INR/SGD,100,Indicative board,board,"SGD 40,000 – 100,000",std_40k_100k,indicative_fx,2026-9-9,2026-9-9,2026-09-09T16:48:15.784345+00:00,1.38,,,,
standardized,hsbc,INR,SGD,INR/SGD,100,Indicative board,board,SGD 50 – 200,std_50_200,indicative_fx,2026-9-9,2026-9-9,2026-09-09T16:48:15.784345+00:00,1.38,,,,
standardized,hsbc,INR,SGD,INR/SGD,100,Indicative board,board,SGD < 50,std_lt_50,indicative_fx,2026-9-9,2026-9-9,2026-09-09T16:48:15.784345+00:00,1.38,,,,
standardized,hsbc,JPY,SGD,JPY/SGD,100,Indicative board,board,"SGD 200 – 39,999.99",std_200_40k,indicative_fx,2026-9-9,2026-9-9,2026-09-09T16:48:15.784345+00:00,0.8491,0.7994,0.8242499999999999,3.01486199575372,3.014861995753707
standardized,hsbc,JPY,SGD,JPY/SGD,100,Indicative board,board,"SGD 40,000 – 100,000",std_40k_100k,indicative_fx,2026-9-9,2026-9-9,2026-09-09T16:48:15.784345+00:00,0.8491,0.7994,0.8242499999999999,3.01486199575372,3.014861995753707
standardized,hsbc,JPY,SGD,JPY/SGD,100,Indicative board,board,SGD 50 – 200,std_50_200,indicative_fx,2026-9-9,2026-9-9,2026-09-09T16:48:15.784345+00:00,0.8491,0.7994,0.8242499999999999,3.01486199575372,3.014861995753707
standardized,hsbc,JPY,SGD,JPY/SGD,100,Indicative board,board,SGD < 50,std_lt_50,indicative_fx,2026-9-9,2026-9-9,2026-09-09T16:48:15.784345+00:00,0.8491,0.7994,0.8242499999999999,3.01486199575372,3.014861995753707
standardized,hsbc,LKR,SGD,LKR/SGD,100,Indicative board,board,"SGD 200 – 39,999.99",std_200_40k,indicative_fx,2026-9-9,2026-9-9,2026-09-09T16:48:15.784345+00:00,0.4,,,,
standardized,hsbc,LKR,SGD,LKR/SGD,100,Indicative board,board,"SGD 40,000 – 100,000",std_40k_100k,indicative_fx,2026-9-9,2026-9-9,2026-09-09T16:48:15.784345+00:00,0.4,,,,
standardized,hsbc,LKR,SGD,LKR/SGD,100,Indicative board,board,SGD 50 – 200,std_50_200,indicative_fx,2026-9-9,2026-9-9,2026-09-09T16:48:15.784345+00:00,0.4,,,,
standardized,hsbc,LKR,SGD,LKR/SGD,100,Indicative board,board,SGD < 50,std_lt_50,indicative_fx,2026-9-9,2026-9-9,2026-09-09T16:48:15.784345+00:00,0.4,,,,
standardized,hsbc,MUR,SGD,MUR/SGD,100,Indicative board,board,"SGD 200 – 39,999.99",std_200_40k,indicative_fx,2026-9-9,2026-9-9,2026-09-09T16:48:15.784345+00:00,2.79,2.6,2.6950000000000003,3.52504638218923,3.525046382189246
standardized,hsbc,MUR,SGD,MUR/SGD,100,Indicative board,board,"SGD 40,000 – 100,000",std_40k_100k,indicative_fx,2026-9-9,2026-9-9,2026-09-09T16:48:15.784345+00:00,2.79,2.6,2.6950000000000003,3.52504638218923,3.525046382189246
standardized,hsbc,MUR,SGD,MUR/SGD,100,Indicative board,board,SGD 50 – 200,std_50_200,indicative_fx,2026-9-9,2026-9-9,2026-09-09T16:48:15.784345+00:00,2.79,2.6,2.6950000000000003,3.52504638218923,3.525046382189246
standardized,hsbc,MUR,SGD,MUR/SGD,100,Indicative board,board,SGD < 50,std_lt_50,indicative_fx,2026-9-9,2026-9-9,2026-09-09T16:48:15.784345+00:00,2.79,2.6,2.6950000000000003,3.52504638218923,3.525046382189246
standardized,hsbc,NOK,SGD,NOK/SGD,100,Indicative board,board,"SGD 200 – 39,999.99",std_200_40k,indicative_fx,2026-9-9,2026-9-9,2026-09-09T16:48:15.784345+00:00,14.13,13.3,13.715,3.0258840685381037,3.0258840685380908
standardized,hsbc,NOK,SGD,NOK/SGD,100,Indicative board,board,"SGD 40,000 – 100,000",std_40k_100k,indicative_fx,2026-9-9,2026-9-9,2026-09-09T16:48:15.784345+00:00,14.13,13.3,13.715,3.0258840685381037,3.0258840685380908
standardized,hsbc,NOK,SGD,NOK/SGD,100,Indicative board,board,SGD 50 – 200,std_50_200,indicative_fx,2026-9-9,2026-9-9,2026-09-09T16:48:15.784345+00:00,14.13,13.3,13.715,3.0258840685381037,3.0258840685380908
standardized,hsbc,NOK,SGD,NOK/SGD,100,Indicative board,board,SGD < 50,std_lt_50,indicative_fx,2026-9-9,2026-9-9,2026-09-09T16:48:15.784345+00:00,14.13,13.3,13.715,3.0258840685381037,3.0258840685380908
standardized,hsbc,NZD,SGD,NZD/SGD,1,Indicative board,board,"SGD 200 – 39,999.99",std_200_40k,indicative_fx,2026-9-9,2026-9-9,2026-09-09T16:48:15.784345+00:00,0.7634,0.7187,0.74105,3.015990823831048,3.015990823831048
standardized,hsbc,NZD,SGD,NZD/SGD,1,Indicative board,board,"SGD 40,000 – 100,000",std_40k_100k,indicative_fx,2026-9-9,2026-9-9,2026-09-09T16:48:15.784345+00:00,0.7634,0.7187,0.74105,3.015990823831048,3.015990823831048
standardized,hsbc,NZD,SGD,NZD/SGD,1,Indicative board,board,SGD 50 – 200,std_50_200,indicative_fx,2026-9-9,2026-9-9,2026-09-09T16:48:15.784345+00:00,0.7634,0.7187,0.74105,3.015990823831048,3.015990823831048
standardized,hsbc,NZD,SGD,NZD/SGD,1,Indicative board,board,SGD < 50,std_lt_50,indicative_fx,2026-9-9,2026-9-9,2026-09-09T16:48:15.784345+00:00,0.7634,0.7187,0.74105,3.015990823831048,3.015990823831048
standardized,hsbc,PHP,SGD,PHP/SGD,100,Indicative board,board,"SGD 200 – 39,999.99",std_200_40k,indicative_fx,2026-9-9,2026-9-9,2026-09-09T16:48:15.784345+00:00,2.09,,,,
standardized,hsbc,PHP,SGD,PHP/SGD,100,Indicative board,board,"SGD 40,000 – 100,000",std_40k_100k,indicative_fx,2026-9-9,2026-9-9,2026-09-09T16:48:15.784345+00:00,2.09,,,,
standardized,hsbc,PHP,SGD,PHP/SGD,100,Indicative board,board,SGD 50 – 200,std_50_200,indicative_fx,2026-9-9,2026-9-9,2026-09-09T16:48:15.784345+00:00,2.09,,,,
standardized,hsbc,PHP,SGD,PHP/SGD,100,Indicative board,board,SGD < 50,std_lt_50,indicative_fx,2026-9-9,2026-9-9,2026-09-09T16:48:15.784345+00:00,2.09,,,,
standardized,hsbc,PKR,SGD,PKR/SGD,100,Indicative board,board,"SGD 200 – 39,999.99",std_200_40k,indicative_fx,2026-9-9,2026-9-9,2026-09-09T16:48:15.784345+00:00,0.47,,,,
standardized,hsbc,PKR,SGD,PKR/SGD,100,Indicative board,board,"SGD 40,000 – 100,000",std_40k_100k,indicative_fx,2026-9-9,2026-9-9,2026-09-09T16:48:15.784345+00:00,0.47,,,,
standardized,hsbc,PKR,SGD,PKR/SGD,100,Indicative board,board,SGD 50 – 200,std_50_200,indicative_fx,2026-9-9,2026-9-9,2026-09-09T16:48:15.784345+00:00,0.47,,,,
standardized,hsbc,PKR,SGD,PKR/SGD,100,Indicative board,board,SGD < 50,std_lt_50,indicative_fx,2026-9-9,2026-9-9,2026-09-09T16:48:15.784345+00:00,0.47,,,,
standardized,hsbc,QAR,SGD,QAR/SGD,100,Indicative board,board,"SGD 200 – 39,999.99",std_200_40k,indicative_fx,2026-9-9,2026-9-9,2026-09-09T16:48:15.784345+00:00,35.12,34.24,34.68,1.2687427912341342,1.2687427912341342
standardized,hsbc,QAR,SGD,QAR/SGD,100,Indicative board,board,"SGD 40,000 – 100,000",std_40k_100k,indicative_fx,2026-9-9,2026-9-9,2026-09-09T16:48:15.784345+00:00,35.12,34.24,34.68,1.2687427912341342,1.2687427912341342
standardized,hsbc,QAR,SGD,QAR/SGD,100,Indicative board,board,SGD 50 – 200,std_50_200,indicative_fx,2026-9-9,2026-9-9,2026-09-09T16:48:15.784345+00:00,35.12,34.24,34.68,1.2687427912341342,1.2687427912341342
standardized,hsbc,QAR,SGD,QAR/SGD,100,Indicative board,board,SGD < 50,std_lt_50,indicative_fx,2026-9-9,2026-9-9,2026-09-09T16:48:15.784345+00:00,35.12,34.24,34.68,1.2687427912341342,1.2687427912341342
standardized,hsbc,RUB,SGD,RUB/SGD,100,Indicative board,board,"SGD 200 – 39,999.99",std_200_40k,indicative_fx,2026-9-9,2026-9-9,2026-09-09T16:48:15.784345+00:00,15.57,13.92,14.745000000000001,5.595116988809761,5.595116988809773
standardized,hsbc,RUB,SGD,RUB/SGD,100,Indicative board,board,"SGD 40,000 – 100,000",std_40k_100k,indicative_fx,2026-9-9,2026-9-9,2026-09-09T16:48:15.784345+00:00,15.57,13.92,14.745000000000001,5.595116988809761,5.595116988809773
standardized,hsbc,RUB,SGD,RUB/SGD,100,Indicative board,board,SGD 50 – 200,std_50_200,indicative_fx,2026-9-9,2026-9-9,2026-09-09T16:48:15.784345+00:00,15.57,13.92,14.745000000000001,5.595116988809761,5.595116988809773
standardized,hsbc,RUB,SGD,RUB/SGD,100,Indicative board,board,SGD < 50,std_lt_50,indicative_fx,2026-9-9,2026-9-9,2026-09-09T16:48:15.784345+00:00,15.57,13.92,14.745000000000001,5.595116988809761,5.595116988809773
standardized,hsbc,SAR,SGD,SAR/SGD,100,Indicative board,board,"SGD 200 – 39,999.99",std_200_40k,indicative_fx,2026-9-9,2026-9-9,2026-09-09T16:48:15.784345+00:00,34.1,33.23,33.665,1.2921431754047297,1.2921431754047297
standardized,hsbc,SAR,SGD,SAR/SGD,100,Indicative board,board,"SGD 40,000 – 100,000",std_40k_100k,indicative_fx,2026-9-9,2026-9-9,2026-09-09T16:48:15.784345+00:00,34.1,33.23,33.665,1.2921431754047297,1.2921431754047297
standardized,hsbc,SAR,SGD,SAR/SGD,100,Indicative board,board,SGD 50 – 200,std_50_200,indicative_fx,2026-9-9,2026-9-9,2026-09-09T16:48:15.784345+00:00,34.1,33.23,33.665,1.2921431754047297,1.2921431754047297
standardized,hsbc,SAR,SGD,SAR/SGD,100,Indicative board,board,SGD < 50,std_lt_50,indicative_fx,2026-9-9,2026-9-9,2026-09-09T16:48:15.784345+00:00,34.1,33.23,33.665,1.2921431754047297,1.2921431754047297
standardized,hsbc,SEK,SGD,SEK/SGD,100,Indicative board,board,"SGD 200 – 39,999.99",std_200_40k,indicative_fx,2026-9-9,2026-9-9,2026-09-09T16:48:15.784345+00:00,13.59,12.79,13.19,3.032600454890071,3.032600454890071
standardized,hsbc,SEK,SGD,SEK/SGD,100,Indicative board,board,"SGD 40,000 – 100,000",std_40k_100k,indicative_fx,2026-9-9,2026-9-9,2026-09-09T16:48:15.784345+00:00,13.59,12.79,13.19,3.032600454890071,3.032600454890071
standardized,hsbc,SEK,SGD,SEK/SGD,100,Indicative board,board,SGD 50 – 200,std_50_200,indicative_fx,2026-9-9,2026-9-9,2026-09-09T16:48:15.784345+00:00,13.59,12.79,13.19,3.032600454890071,3.032600454890071
standardized,hsbc,SEK,SGD,SEK/SGD,100,Indicative board,board,SGD < 50,std_lt_50,indicative_fx,2026-9-9,2026-9-9,2026-09-09T16:48:15.784345+00:00,13.59,12.79,13.19,3.032600454890071,3.032600454890071
standardized,hsbc,THB,SGD,THB/SGD,100,Indicative board,board,"SGD 200 – 39,999.99",std_200_40k,indicative_fx,2026-9-9,2026-9-9,2026-09-09T16:48:15.784345+00:00,3.97,,,,
standardized,hsbc,THB,SGD,THB/SGD,100,Indicative board,board,"SGD 40,000 – 100,000",std_40k_100k,indicative_fx,2026-9-9,2026-9-9,2026-09-09T16:48:15.784345+00:00,3.97,,,,
standardized,hsbc,THB,SGD,THB/SGD,100,Indicative board,board,SGD 50 – 200,std_50_200,indicative_fx,2026-9-9,2026-9-9,2026-09-09T16:48:15.784345+00:00,3.97,,,,
standardized,hsbc,THB,SGD,THB/SGD,100,Indicative board,board,SGD < 50,std_lt_50,indicative_fx,2026-9-9,2026-9-9,2026-09-09T16:48:15.784345+00:00,3.97,,,,
standardized,hsbc,TRY,SGD,TRY/SGD,1,Indicative board,board,"SGD 200 – 39,999.99",std_200_40k,indicative_fx,2026-9-9,2026-9-9,2026-09-09T16:48:15.784345+00:00,0.0269,,,,
standardized,hsbc,TRY,SGD,TRY/SGD,1,Indicative board,board,"SGD 40,000 – 100,000",std_40k_100k,indicative_fx,2026-9-9,2026-9-9,2026-09-09T16:48:15.784345+00:00,0.0269,,,,
standardized,hsbc,TRY,SGD,TRY/SGD,1,Indicative board,board,SGD 50 – 200,std_50_200,indicative_fx,2026-9-9,2026-9-9,2026-09-09T16:48:15.784345+00:00,0.0269,,,,
standardized,hsbc,TRY,SGD,TRY/SGD,1,Indicative board,board,SGD < 50,std_lt_50,indicative_fx,2026-9-9,2026-9-9,2026-09-09T16:48:15.784345+00:00,0.0269,,,,
standardized,hsbc,USD,SGD,USD/SGD,1,Indicative board,board,"SGD 200 – 39,999.99",std_200_40k,indicative_fx,2026-9-9,2026-9-9,2026-09-09T16:48:15.784345+00:00,1.2897,1.2389,1.2643,2.0090168472672696,2.0090168472672696
standardized,hsbc,USD,SGD,USD/SGD,1,Indicative board,board,"SGD 40,000 – 100,000",std_40k_100k,indicative_fx,2026-9-9,2026-9-9,2026-09-09T16:48:15.784345+00:00,1.2897,1.2389,1.2643,2.0090168472672696,2.0090168472672696
standardized,hsbc,USD,SGD,USD/SGD,1,Indicative board,board,SGD 50 – 200,std_50_200,indicative_fx,2026-9-9,2026-9-9,2026-09-09T16:48:15.784345+00:00,1.2897,1.2389,1.2643,2.0090168472672696,2.0090168472672696
standardized,hsbc,USD,SGD,USD/SGD,1,Indicative board,board,SGD < 50,std_lt_50,indicative_fx,2026-9-9,2026-9-9,2026-09-09T16:48:15.784345+00:00,1.2897,1.2389,1.2643,2.0090168472672696,2.0090168472672696
standardized,hsbc,ZAR,SGD,ZAR/SGD,1,Indicative board,board,"SGD 200 – 39,999.99",std_200_40k,indicative_fx,2026-9-9,2026-9-9,2026-09-09T16:48:15.784345+00:00,0.0816,0.0764,0.079,3.2911392405063356,3.2911392405063356
standardized,hsbc,ZAR,SGD,ZAR/SGD,1,Indicative board,board,"SGD 40,000 – 100,000",std_40k_100k,indicative_fx,2026-9-9,2026-9-9,2026-09-09T16:48:15.784345+00:00,0.0816,0.0764,0.079,3.2911392405063356,3.2911392405063356
standardized,hsbc,ZAR,SGD,ZAR/SGD,1,Indicative board,board,SGD 50 – 200,std_50_200,indicative_fx,2026-9-9,2026-9-9,2026-09-09T16:48:15.784345+00:00,0.0816,0.0764,0.079,3.2911392405063356,3.2911392405063356
standardized,hsbc,ZAR,SGD,ZAR/SGD,1,Indicative board,board,SGD < 50,std_lt_50,indicative_fx,2026-9-9,2026-9-9,2026-09-09T16:48:15.784345+00:00,0.0816,0.0764,0.079,3.2911392405063356,3.2911392405063356
standardized,ocbc,AED,SGD,AED/SGD,100,"SGD 0 – 39,999.99",tier_1,"SGD 200 – 39,999.99",std_200_40k,fxRatesSgd,2026-09-09T07:00:14,2026-09-09T07:00:14,2026-09-09T16:48:13.566735+00:00,35.3194,33.3208,34.3201,2.911704802724949,2.9117048027249286
standardized,ocbc,AED,SGD,AED/SGD,100,"SGD 40,000 – 100,000",tier_2,"SGD 40,000 – 100,000",std_40k_100k,fxRatesSgd,2026-09-09T07:00:14,2026-09-09T07:00:14,2026-09-09T16:48:13.566735+00:00,35.3089,33.3379,34.3201,2.881110486274821,2.861879773077581
standardized,ocbc,AED,SGD,AED/SGD,100,"SGD 0 – 39,999.99",tier_1,SGD 50 – 200,std_50_200,fxRatesSgd,2026-09-09T07:00:14,2026-09-09T07:00:14,2026-09-09T16:48:13.566735+00:00,35.3194,33.3208,34.3201,2.911704802724949,2.9117048027249286
standardized,ocbc,AED,SGD,AED/SGD,100,"SGD 0 – 39,999.99",tier_1,SGD < 50,std_lt_50,fxRatesSgd,2026-09-09T07:00:14,2026-09-09T07:00:14,2026-09-09T16:48:13.566735+00:00,35.3194,33.3208,34.3201,2.911704802724949,2.9117048027249286
standardized,ocbc,AUD,SGD,AUD/SGD,1,"SGD 0 – 39,999.99",tier_1,"SGD 200 – 39,999.99",std_200_40k,fxRatesSgd,2026-09-09T07:00:14,2026-09-09T07:00:14,2026-09-09T16:48:13.566735+00:00,0.9289,0.8995,0.9142,1.6079632465543572,1.6079632465543694
standardized,ocbc,AUD,SGD,AUD/SGD,1,"SGD 40,000 – 100,000",tier_2,"SGD 40,000 – 100,000",std_40k_100k,fxRatesSgd,2026-09-09T07:00:14,2026-09-09T07:00:14,2026-09-09T16:48:13.566735+00:00,0.9271,0.9013,0.9142,1.411069787792608,1.411069787792608
standardized,ocbc,AUD,SGD,AUD/SGD,1,"SGD 0 – 39,999.99",tier_1,SGD 50 – 200,std_50_200,fxRatesSgd,2026-09-09T07:00:14,2026-09-09T07:00:14,2026-09-09T16:48:13.566735+00:00,0.9289,0.8995,0.9142,1.6079632465543572,1.6079632465543694
standardized,ocbc,AUD,SGD,AUD/SGD,1,"SGD 0 – 39,999.99",tier_1,SGD < 50,std_lt_50,fxRatesSgd,2026-09-09T07:00:14,2026-09-09T07:00:14,2026-09-09T16:48:13.566735+00:00,0.9289,0.8995,0.9142,1.6079632465543572,1.6079632465543694
standardized,ocbc,BGN,SGD,BGN/SGD,100,"SGD 0 – 39,999.99",tier_1,"SGD 200 – 39,999.99",std_200_40k,fxRatesSgd,2026-09-09T07:00:14,2026-09-09T07:00:14,2026-09-09T16:48:13.566735+00:00,0.0,0.0,0.0,,
standardized,ocbc,BGN,SGD,BGN/SGD,100,"SGD 40,000 – 100,000",tier_2,"SGD 40,000 – 100,000",std_40k_100k,fxRatesSgd,2026-09-09T07:00:14,2026-09-09T07:00:14,2026-09-09T16:48:13.566735+00:00,0.0,0.0,0.0,,
standardized,ocbc,BGN,SGD,BGN/SGD,100,"SGD 0 – 39,999.99",tier_1,SGD 50 – 200,std_50_200,fxRatesSgd,2026-09-09T07:00:14,2026-09-09T07:00:14,2026-09-09T16:48:13.566735+00:00,0.0,0.0,0.0,,
standardized,ocbc,BGN,SGD,BGN/SGD,100,"SGD 0 – 39,999.99",tier_1,SGD < 50,std_lt_50,fxRatesSgd,2026-09-09T07:00:14,2026-09-09T07:00:14,2026-09-09T16:48:13.566735+00:00,0.0,0.0,0.0,,
standardized,ocbc,BHD,SGD,BHD/SGD,1,"SGD 0 – 39,999.99",tier_1,"SGD 200 – 39,999.99",std_200_40k,fxRatesSgd,2026-09-09T07:00:14,2026-09-09T07:00:14,2026-09-09T16:48:13.566735+00:00,0.0,0.0,0.0,,
standardized,ocbc,BHD,SGD,BHD/SGD,1,"SGD 40,000 – 100,000",tier_2,"SGD 40,000 – 100,000",std_40k_100k,fxRatesSgd,2026-09-09T07:00:14,2026-09-09T07:00:14,2026-09-09T16:48:13.566735+00:00,0.0,0.0,0.0,,
standardized,ocbc,BHD,SGD,BHD/SGD,1,"SGD 0 – 39,999.99",tier_1,SGD 50 – 200,std_50_200,fxRatesSgd,2026-09-09T07:00:14,2026-09-09T07:00:14,2026-09-09T16:48:13.566735+00:00,0.0,0.0,0.0,,
standardized,ocbc,BHD,SGD,BHD/SGD,1,"SGD 0 – 39,999.99",tier_1,SGD < 50,std_lt_50,fxRatesSgd,2026-09-09T07:00:14,2026-09-09T07:00:14,2026-09-09T16:48:13.566735+00:00,0.0,0.0,0.0,,
standardized,ocbc,CAD,SGD,CAD/SGD,1,"SGD 0 – 39,999.99",tier_1,"SGD 200 – 39,999.99",std_200_40k,fxRatesSgd,2026-09-09T07:00:14,2026-09-09T07:00:14,2026-09-09T16:48:13.566735+00:00,0.9341,0.901,0.9176,1.798169136878822,1.809067131647771
standardized,ocbc,CAD,SGD,CAD/SGD,1,"SGD 40,000 – 100,000",tier_2,"SGD 40,000 – 100,000",std_40k_100k,fxRatesSgd,2026-09-09T07:00:14,2026-09-09T07:00:14,2026-09-09T16:48:13.566735+00:00,0.9323,0.9028,0.9176,1.6020052310374941,1.6129032258064435
standardized,ocbc,CAD,SGD,CAD/SGD,1,"SGD 0 – 39,999.99",tier_1,SGD 50 – 200,std_50_200,fxRatesSgd,2026-09-09T07:00:14,2026-09-09T07:00:14,2026-09-09T16:48:13.566735+00:00,0.9341,0.901,0.9176,1.798169136878822,1.809067131647771
standardized,ocbc,CAD,SGD,CAD/SGD,1,"SGD 0 – 39,999.99",tier_1,SGD < 50,std_lt_50,fxRatesSgd,2026-09-09T07:00:14,2026-09-09T07:00:14,2026-09-09T16:48:13.566735+00:00,0.9341,0.901,0.9176,1.798169136878822,1.809067131647771
standardized,ocbc,CHF,SGD,CHF/SGD,100,"SGD 0 – 39,999.99",tier_1,"SGD 200 – 39,999.99",std_200_40k,fxRatesSgd,2026-09-09T07:00:14,2026-09-09T07:00:14,2026-09-09T16:48:13.566735+00:00,159.0812,153.4219,156.2516,1.8109254561233288,1.8109894554679775
standardized,ocbc,CHF,SGD,CHF/SGD,100,"SGD 40,000 – 100,000",tier_2,"SGD 40,000 – 100,000",std_40k_100k,fxRatesSgd,2026-09-09T07:00:14,2026-09-09T07:00:14,2026-09-09T16:48:13.566735+00:00,158.7687,153.7343,156.2516,1.6109275041023576,1.6110555027916553
standardized,ocbc,CHF,SGD,CHF/SGD,100,"SGD 0 – 39,999.99",tier_1,SGD 50 – 200,std_50_200,fxRatesSgd,2026-09-09T07:00:14,2026-09-09T07:00:14,2026-09-09T16:48:13.566735+00:00,159.0812,153.4219,156.2516,1.8109254561233288,1.8109894554679775
standardized,ocbc,CHF,SGD,CHF/SGD,100,"SGD 0 – 39,999.99",tier_1,SGD < 50,std_lt_50,fxRatesSgd,2026-09-09T07:00:14,2026-09-09T07:00:14,2026-09-09T16:48:13.566735+00:00,159.0812,153.4219,156.2516,1.8109254561233288,1.8109894554679775
standardized,ocbc,CNH,SGD,CNH/SGD,100,"SGD 0 – 39,999.99",tier_1,"SGD 200 – 39,999.99",std_200_40k,fxRatesSgd,2026-09-09T07:00:14,2026-09-09T07:00:14,2026-09-09T16:48:13.566735+00:00,19.2002,18.6325,18.9164,1.5002854665792613,1.500814108392713
standardized,ocbc,CNH,SGD,CNH/SGD,100,"SGD 40,000 – 100,000",tier_2,"SGD 40,000 – 100,000",std_40k_100k,fxRatesSgd,2026-09-09T07:00:14,2026-09-09T07:00:14,2026-09-09T16:48:13.566735+00:00,19.1813,18.6514,18.9164,1.400372163836675,1.4009008056501266
standardized,ocbc,CNH,SGD,CNH/SGD,100,"SGD 0 – 39,999.99",tier_1,SGD 50 – 200,std_50_200,fxRatesSgd,2026-09-09T07:00:14,2026-09-09T07:00:14,2026-09-09T16:48:13.566735+00:00,19.2002,18.6325,18.9164,1.5002854665792613,1.500814108392713
standardized,ocbc,CNH,SGD,CNH/SGD,100,"SGD 0 – 39,999.99",tier_1,SGD < 50,std_lt_50,fxRatesSgd,2026-09-09T07:00:14,2026-09-09T07:00:14,2026-09-09T16:48:13.566735+00:00,19.2002,18.6325,18.9164,1.5002854665792613,1.500814108392713
standardized,ocbc,CZK,SGD,CZK/SGD,100,"SGD 0 – 39,999.99",tier_1,"SGD 200 – 39,999.99",std_200_40k,fxRatesSgd,2026-09-09T07:00:14,2026-09-09T07:00:14,2026-09-09T16:48:13.566735+00:00,0.0,0.0,0.0,,
standardized,ocbc,CZK,SGD,CZK/SGD,100,"SGD 40,000 – 100,000",tier_2,"SGD 40,000 – 100,000",std_40k_100k,fxRatesSgd,2026-09-09T07:00:14,2026-09-09T07:00:14,2026-09-09T16:48:13.566735+00:00,0.0,0.0,0.0,,
standardized,ocbc,CZK,SGD,CZK/SGD,100,"SGD 0 – 39,999.99",tier_1,SGD 50 – 200,std_50_200,fxRatesSgd,2026-09-09T07:00:14,2026-09-09T07:00:14,2026-09-09T16:48:13.566735+00:00,0.0,0.0,0.0,,
standardized,ocbc,CZK,SGD,CZK/SGD,100,"SGD 0 – 39,999.99",tier_1,SGD < 50,std_lt_50,fxRatesSgd,2026-09-09T07:00:14,2026-09-09T07:00:14,2026-09-09T16:48:13.566735+00:00,0.0,0.0,0.0,,
standardized,ocbc,DKK,SGD,DKK/SGD,100,"SGD 0 – 39,999.99",tier_1,"SGD 200 – 39,999.99",std_200_40k,fxRatesSgd,2026-09-09T07:00:14,2026-09-09T07:00:14,2026-09-09T16:48:13.566735+00:00,20.0322,19.3215,19.6769,1.8056706086832768,1.8061788188180024
standardized,ocbc,DKK,SGD,DKK/SGD,100,"SGD 40,000 – 100,000",tier_2,"SGD 40,000 – 100,000",std_40k_100k,fxRatesSgd,2026-09-09T07:00:14,2026-09-09T07:00:14,2026-09-09T16:48:13.566735+00:00,19.9929,19.3608,19.6769,1.605944025735756,1.6064522358704814
standardized,ocbc,DKK,SGD,DKK/SGD,100,"SGD 0 – 39,999.99",tier_1,SGD 50 – 200,std_50_200,fxRatesSgd,2026-09-09T07:00:14,2026-09-09T07:00:14,2026-09-09T16:48:13.566735+00:00,20.0322,19.3215,19.6769,1.8056706086832768,1.8061788188180024
standardized,ocbc,DKK,SGD,DKK/SGD,100,"SGD 0 – 39,999.99",tier_1,SGD < 50,std_lt_50,fxRatesSgd,2026-09-09T07:00:14,2026-09-09T07:00:14,2026-09-09T16:48:13.566735+00:00,20.0322,19.3215,19.6769,1.8056706086832768,1.8061788188180024
standardized,ocbc,EUR,SGD,EUR/SGD,1,"SGD 0 – 39,999.99",tier_1,"SGD 200 – 39,999.99",std_200_40k,fxRatesSgd,2026-09-09T07:00:14,2026-09-09T07:00:14,2026-09-09T16:48:13.566735+00:00,1.4874,1.4508,1.4691,1.245660608535837,1.245660608535837
standardized,ocbc,EUR,SGD,EUR/SGD,1,"SGD 40,000 – 100,000",tier_2,"SGD 40,000 – 100,000",std_40k_100k,fxRatesSgd,2026-09-09T07:00:14,2026-09-09T07:00:14,2026-09-09T16:48:13.566735+00:00,1.4856,1.4528,1.4691,1.1231366142536219,1.1095228371111552
standardized,ocbc,EUR,SGD,EUR/SGD,1,"SGD 0 – 39,999.99",tier_1,SGD 50 – 200,std_50_200,fxRatesSgd,2026-09-09T07:00:14,2026-09-09T07:00:14,2026-09-09T16:48:13.566735+00:00,1.4874,1.4508,1.4691,1.245660608535837,1.245660608535837
standardized,ocbc,EUR,SGD,EUR/SGD,1,"SGD 0 – 39,999.99",tier_1,SGD < 50,std_lt_50,fxRatesSgd,2026-09-09T07:00:14,2026-09-09T07:00:14,2026-09-09T16:48:13.566735+00:00,1.4874,1.4508,1.4691,1.245660608535837,1.245660608535837
standardized,ocbc,GBP,SGD,GBP/SGD,1,"SGD 0 – 39,999.99",tier_1,"SGD 200 – 39,999.99",std_200_40k,fxRatesSgd,2026-09-09T07:00:14,2026-09-09T07:00:14,2026-09-09T16:48:13.566735+00:00,1.7343,1.6883,1.7113,1.3440074796937949,1.3440074796938075
standardized,ocbc,GBP,SGD,GBP/SGD,1,"SGD 40,000 – 100,000",tier_2,"SGD 40,000 – 100,000",std_40k_100k,fxRatesSgd,2026-09-09T07:00:14,2026-09-09T07:00:14,2026-09-09T16:48:13.566735+00:00,1.7326,1.6904,1.7113,1.2446677964120771,1.221293753286983
standardized,ocbc,GBP,SGD,GBP/SGD,1,"SGD 0 – 39,999.99",tier_1,SGD 50 – 200,std_50_200,fxRatesSgd,2026-09-09T07:00:14,2026-09-09T07:00:14,2026-09-09T16:48:13.566735+00:00,1.7343,1.6883,1.7113,1.3440074796937949,1.3440074796938075
standardized,ocbc,GBP,SGD,GBP/SGD,1,"SGD 0 – 39,999.99",tier_1,SGD < 50,std_lt_50,fxRatesSgd,2026-09-09T07:00:14,2026-09-09T07:00:14,2026-09-09T16:48:13.566735+00:00,1.7343,1.6883,1.7113,1.3440074796937949,1.3440074796938075
standardized,ocbc,HKD,SGD,HKD/SGD,100,"SGD 0 – 39,999.99",tier_1,"SGD 200 – 39,999.99",std_200_40k,fxRatesSgd,2026-09-09T07:00:14,2026-09-09T07:00:14,2026-09-09T16:48:13.566735+00:00,16.3335,15.9386,16.1361,1.223343930689583,1.2239636591245704
standardized,ocbc,HKD,SGD,HKD/SGD,100,"SGD 40,000 – 100,000",tier_2,"SGD 40,000 – 100,000",std_40k_100k,fxRatesSgd,2026-09-09T07:00:14,2026-09-09T07:00:14,2026-09-09T16:48:13.566735+00:00,16.3045,15.9483,16.1361,1.0436226845396464,1.1638500009295885
standardized,ocbc,HKD,SGD,HKD/SGD,100,"SGD 0 – 39,999.99",tier_1,SGD 50 – 200,std_50_200,fxRatesSgd,2026-09-09T07:00:14,2026-09-09T07:00:14,2026-09-09T16:48:13.566735+00:00,16.3335,15.9386,16.1361,1.223343930689583,1.2239636591245704
standardized,ocbc,HKD,SGD,HKD/SGD,100,"SGD 0 – 39,999.99",tier_1,SGD < 50,std_lt_50,fxRatesSgd,2026-09-09T07:00:14,2026-09-09T07:00:14,2026-09-09T16:48:13.566735+00:00,16.3335,15.9386,16.1361,1.223343930689583,1.2239636591245704
standardized,ocbc,HUF,SGD,HUF/SGD,100,"SGD 0 – 39,999.99",tier_1,"SGD 200 – 39,999.99",std_200_40k,fxRatesSgd,2026-09-09T07:00:14,2026-09-09T07:00:14,2026-09-09T16:48:13.566735+00:00,0.0,0.0,0.0,,
standardized,ocbc,HUF,SGD,HUF/SGD,100,"SGD 40,000 – 100,000",tier_2,"SGD 40,000 – 100,000",std_40k_100k,fxRatesSgd,2026-09-09T07:00:14,2026-09-09T07:00:14,2026-09-09T16:48:13.566735+00:00,0.0,0.0,0.0,,
standardized,ocbc,HUF,SGD,HUF/SGD,100,"SGD 0 – 39,999.99",tier_1,SGD 50 – 200,std_50_200,fxRatesSgd,2026-09-09T07:00:14,2026-09-09T07:00:14,2026-09-09T16:48:13.566735+00:00,0.0,0.0,0.0,,
standardized,ocbc,HUF,SGD,HUF/SGD,100,"SGD 0 – 39,999.99",tier_1,SGD < 50,std_lt_50,fxRatesSgd,2026-09-09T07:00:14,2026-09-09T07:00:14,2026-09-09T16:48:13.566735+00:00,0.0,0.0,0.0,,
standardized,ocbc,IDR,SGD,IDR/SGD,100,"SGD 0 – 39,999.99",tier_1,"SGD 200 – 39,999.99",std_200_40k,fxRatesSgd,2026-09-09T07:00:14,2026-09-09T07:00:14,2026-09-09T16:48:13.566735+00:00,0.0074,0.0,0.0074,0.0,100.0
standardized,ocbc,IDR,SGD,IDR/SGD,100,"SGD 40,000 – 100,000",tier_2,"SGD 40,000 – 100,000",std_40k_100k,fxRatesSgd,2026-09-09T07:00:14,2026-09-09T07:00:14,2026-09-09T16:48:13.566735+00:00,0.0074,0.0,0.0074,0.0,100.0
standardized,ocbc,IDR,SGD,IDR/SGD,100,"SGD 0 – 39,999.99",tier_1,SGD 50 – 200,std_50_200,fxRatesSgd,2026-09-09T07:00:14,2026-09-09T07:00:14,2026-09-09T16:48:13.566735+00:00,0.0074,0.0,0.0074,0.0,100.0
standardized,ocbc,IDR,SGD,IDR/SGD,100,"SGD 0 – 39,999.99",tier_1,SGD < 50,std_lt_50,fxRatesSgd,2026-09-09T07:00:14,2026-09-09T07:00:14,2026-09-09T16:48:13.566735+00:00,0.0074,0.0,0.0074,0.0,100.0
standardized,ocbc,ILS,SGD,ILS/SGD,100,"SGD 0 – 39,999.99",tier_1,"SGD 200 – 39,999.99",std_200_40k,fxRatesSgd,2026-09-09T07:00:14,2026-09-09T07:00:14,2026-09-09T16:48:13.566735+00:00,0.0,0.0,0.0,,
standardized,ocbc,ILS,SGD,ILS/SGD,100,"SGD 40,000 – 100,000",tier_2,"SGD 40,000 – 100,000",std_40k_100k,fxRatesSgd,2026-09-09T07:00:14,2026-09-09T07:00:14,2026-09-09T16:48:13.566735+00:00,0.0,0.0,0.0,,
standardized,ocbc,ILS,SGD,ILS/SGD,100,"SGD 0 – 39,999.99",tier_1,SGD 50 – 200,std_50_200,fxRatesSgd,2026-09-09T07:00:14,2026-09-09T07:00:14,2026-09-09T16:48:13.566735+00:00,0.0,0.0,0.0,,
standardized,ocbc,ILS,SGD,ILS/SGD,100,"SGD 0 – 39,999.99",tier_1,SGD < 50,std_lt_50,fxRatesSgd,2026-09-09T07:00:14,2026-09-09T07:00:14,2026-09-09T16:48:13.566735+00:00,0.0,0.0,0.0,,
standardized,ocbc,INR,SGD,INR/SGD,100,"SGD 0 – 39,999.99",tier_1,"SGD 200 – 39,999.99",std_200_40k,fxRatesSgd,2026-09-09T07:00:14,2026-09-09T07:00:14,2026-09-09T16:48:13.566735+00:00,1.3712,0.0,1.3712,0.0,100.0
standardized,ocbc,INR,SGD,INR/SGD,100,"SGD 40,000 – 100,000",tier_2,"SGD 40,000 – 100,000",std_40k_100k,fxRatesSgd,2026-09-09T07:00:14,2026-09-09T07:00:14,2026-09-09T16:48:13.566735+00:00,1.3685,0.0,1.3712,-0.19690781796965615,100.0
standardized,ocbc,INR,SGD,INR/SGD,100,"SGD 0 – 39,999.99",tier_1,SGD 50 – 200,std_50_200,fxRatesSgd,2026-09-09T07:00:14,2026-09-09T07:00:14,2026-09-09T16:48:13.566735+00:00,1.3712,0.0,1.3712,0.0,100.0
standardized,ocbc,INR,SGD,INR/SGD,100,"SGD 0 – 39,999.99",tier_1,SGD < 50,std_lt_50,fxRatesSgd,2026-09-09T07:00:14,2026-09-09T07:00:14,2026-09-09T16:48:13.566735+00:00,1.3712,0.0,1.3712,0.0,100.0
standardized,ocbc,JOD,SGD,JOD/SGD,1,"SGD 0 – 39,999.99",tier_1,"SGD 200 – 39,999.99",std_200_40k,fxRatesSgd,2026-09-09T07:00:14,2026-09-09T07:00:14,2026-09-09T16:48:13.566735+00:00,0.0,0.0,0.0,,
standardized,ocbc,JOD,SGD,JOD/SGD,1,"SGD 40,000 – 100,000",tier_2,"SGD 40,000 – 100,000",std_40k_100k,fxRatesSgd,2026-09-09T07:00:14,2026-09-09T07:00:14,2026-09-09T16:48:13.566735+00:00,0.0,0.0,0.0,,
standardized,ocbc,JOD,SGD,JOD/SGD,1,"SGD 0 – 39,999.99",tier_1,SGD 50 – 200,std_50_200,fxRatesSgd,2026-09-09T07:00:14,2026-09-09T07:00:14,2026-09-09T16:48:13.566735+00:00,0.0,0.0,0.0,,
standardized,ocbc,JOD,SGD,JOD/SGD,1,"SGD 0 – 39,999.99",tier_1,SGD < 50,std_lt_50,fxRatesSgd,2026-09-09T07:00:14,2026-09-09T07:00:14,2026-09-09T16:48:13.566735+00:00,0.0,0.0,0.0,,
standardized,ocbc,JPY,SGD,JPY/SGD,100,"SGD 0 – 39,999.99",tier_1,"SGD 200 – 39,999.99",std_200_40k,fxRatesSgd,2026-09-09T07:00:14,2026-09-09T07:00:14,2026-09-09T16:48:13.566735+00:00,0.8343,0.8138,0.8241,1.2377138696760084,1.2498483193787266
standardized,ocbc,JPY,SGD,JPY/SGD,100,"SGD 40,000 – 100,000",tier_2,"SGD 40,000 – 100,000",std_40k_100k,fxRatesSgd,2026-09-09T07:00:14,2026-09-09T07:00:14,2026-09-09T16:48:13.566735+00:00,0.8335,0.8152,0.8241,1.140638272054358,1.0799660235408346
standardized,ocbc,JPY,SGD,JPY/SGD,100,"SGD 0 – 39,999.99",tier_1,SGD 50 – 200,std_50_200,fxRatesSgd,2026-09-09T07:00:14,2026-09-09T07:00:14,2026-09-09T16:48:13.566735+00:00,0.8343,0.8138,0.8241,1.2377138696760084,1.2498483193787266
standardized,ocbc,JPY,SGD,JPY/SGD,100,"SGD 0 – 39,999.99",tier_1,SGD < 50,std_lt_50,fxRatesSgd,2026-09-09T07:00:14,2026-09-09T07:00:14,2026-09-09T16:48:13.566735+00:00,0.8343,0.8138,0.8241,1.2377138696760084,1.2498483193787266
standardized,ocbc,KRW,SGD,KRW/SGD,100,"SGD 0 – 39,999.99",tier_1,"SGD 200 – 39,999.99",std_200_40k,fxRatesSgd,2026-09-09T07:00:14,2026-09-09T07:00:14,2026-09-09T16:48:13.566735+00:00,0.0,0.0,0.0,,
standardized,ocbc,KRW,SGD,KRW/SGD,100,"SGD 40,000 – 100,000",tier_2,"SGD 40,000 – 100,000",std_40k_100k,fxRatesSgd,2026-09-09T07:00:14,2026-09-09T07:00:14,2026-09-09T16:48:13.566735+00:00,0.0,0.0,0.0,,
standardized,ocbc,KRW,SGD,KRW/SGD,100,"SGD 0 – 39,999.99",tier_1,SGD 50 – 200,std_50_200,fxRatesSgd,2026-09-09T07:00:14,2026-09-09T07:00:14,2026-09-09T16:48:13.566735+00:00,0.0,0.0,0.0,,
standardized,ocbc,KRW,SGD,KRW/SGD,100,"SGD 0 – 39,999.99",tier_1,SGD < 50,std_lt_50,fxRatesSgd,2026-09-09T07:00:14,2026-09-09T07:00:14,2026-09-09T16:48:13.566735+00:00,0.0,0.0,0.0,,
standardized,ocbc,LKR,SGD,LKR/SGD,100,"SGD 0 – 39,999.99",tier_1,"SGD 200 – 39,999.99",std_200_40k,fxRatesSgd,2026-09-09T07:00:14,2026-09-09T07:00:14,2026-09-09T16:48:13.566735+00:00,0.3968,0.0,0.3968,0.0,100.0
standardized,ocbc,LKR,SGD,LKR/SGD,100,"SGD 40,000 – 100,000",tier_2,"SGD 40,000 – 100,000",std_40k_100k,fxRatesSgd,2026-09-09T07:00:14,2026-09-09T07:00:14,2026-09-09T16:48:13.566735+00:00,0.396,0.0,0.3968,-0.20161290322579825,100.0
standardized,ocbc,LKR,SGD,LKR/SGD,100,"SGD 0 – 39,999.99",tier_1,SGD 50 – 200,std_50_200,fxRatesSgd,2026-09-09T07:00:14,2026-09-09T07:00:14,2026-09-09T16:48:13.566735+00:00,0.3968,0.0,0.3968,0.0,100.0
standardized,ocbc,LKR,SGD,LKR/SGD,100,"SGD 0 – 39,999.99",tier_1,SGD < 50,std_lt_50,fxRatesSgd,2026-09-09T07:00:14,2026-09-09T07:00:14,2026-09-09T16:48:13.566735+00:00,0.3968,0.0,0.3968,0.0,100.0
standardized,ocbc,MAD,SGD,MAD/SGD,100,"SGD 0 – 39,999.99",tier_1,"SGD 200 – 39,999.99",std_200_40k,fxRatesSgd,2026-09-09T07:00:14,2026-09-09T07:00:14,2026-09-09T16:48:13.566735+00:00,0.0,0.0,0.0,,
standardized,ocbc,MAD,SGD,MAD/SGD,100,"SGD 40,000 – 100,000",tier_2,"SGD 40,000 – 100,000",std_40k_100k,fxRatesSgd,2026-09-09T07:00:14,2026-09-09T07:00:14,2026-09-09T16:48:13.566735+00:00,0.0,0.0,0.0,,
standardized,ocbc,MAD,SGD,MAD/SGD,100,"SGD 0 – 39,999.99",tier_1,SGD 50 – 200,std_50_200,fxRatesSgd,2026-09-09T07:00:14,2026-09-09T07:00:14,2026-09-09T16:48:13.566735+00:00,0.0,0.0,0.0,,
standardized,ocbc,MAD,SGD,MAD/SGD,100,"SGD 0 – 39,999.99",tier_1,SGD < 50,std_lt_50,fxRatesSgd,2026-09-09T07:00:14,2026-09-09T07:00:14,2026-09-09T16:48:13.566735+00:00,0.0,0.0,0.0,,
standardized,ocbc,MXN,SGD,MXN/SGD,100,"SGD 0 – 39,999.99",tier_1,"SGD 200 – 39,999.99",std_200_40k,fxRatesSgd,2026-09-09T07:00:14,2026-09-09T07:00:14,2026-09-09T16:48:13.566735+00:00,7.7082,0.0,7.7082,0.0,100.0
standardized,ocbc,MXN,SGD,MXN/SGD,100,"SGD 40,000 – 100,000",tier_2,"SGD 40,000 – 100,000",std_40k_100k,fxRatesSgd,2026-09-09T07:00:14,2026-09-09T07:00:14,2026-09-09T16:48:13.566735+00:00,7.7066,0.0,7.7082,-0.020757115798757476,100.0
standardized,ocbc,MXN,SGD,MXN/SGD,100,"SGD 0 – 39,999.99",tier_1,SGD 50 – 200,std_50_200,fxRatesSgd,2026-09-09T07:00:14,2026-09-09T07:00:14,2026-09-09T16:48:13.566735+00:00,7.7082,0.0,7.7082,0.0,100.0
standardized,ocbc,MXN,SGD,MXN/SGD,100,"SGD 0 – 39,999.99",tier_1,SGD < 50,std_lt_50,fxRatesSgd,2026-09-09T07:00:14,2026-09-09T07:00:14,2026-09-09T16:48:13.566735+00:00,7.7082,0.0,7.7082,0.0,100.0
standardized,ocbc,MYR,SGD,MYR/SGD,100,"SGD 0 – 39,999.99",tier_1,"SGD 200 – 39,999.99",std_200_40k,fxRatesSgd,2026-09-09T07:00:14,2026-09-09T07:00:14,2026-09-09T16:48:13.566735+00:00,0.0,0.0,0.0,,
standardized,ocbc,MYR,SGD,MYR/SGD,100,"SGD 40,000 – 100,000",tier_2,"SGD 40,000 – 100,000",std_40k_100k,fxRatesSgd,2026-09-09T07:00:14,2026-09-09T07:00:14,2026-09-09T16:48:13.566735+00:00,0.0,0.0,0.0,,
standardized,ocbc,MYR,SGD,MYR/SGD,100,"SGD 0 – 39,999.99",tier_1,SGD 50 – 200,std_50_200,fxRatesSgd,2026-09-09T07:00:14,2026-09-09T07:00:14,2026-09-09T16:48:13.566735+00:00,0.0,0.0,0.0,,
standardized,ocbc,MYR,SGD,MYR/SGD,100,"SGD 0 – 39,999.99",tier_1,SGD < 50,std_lt_50,fxRatesSgd,2026-09-09T07:00:14,2026-09-09T07:00:14,2026-09-09T16:48:13.566735+00:00,0.0,0.0,0.0,,
standardized,ocbc,NOK,SGD,NOK/SGD,100,"SGD 0 – 39,999.99",tier_1,"SGD 200 – 39,999.99",std_200_40k,fxRatesSgd,2026-09-09T07:00:14,2026-09-09T07:00:14,2026-09-09T16:48:13.566735+00:00,13.9837,13.4849,13.7343,1.8158915998631266,1.8158915998631138
standardized,ocbc,NOK,SGD,NOK/SGD,100,"SGD 40,000 – 100,000",tier_2,"SGD 40,000 – 100,000",std_40k_100k,fxRatesSgd,2026-09-09T07:00:14,2026-09-09T07:00:14,2026-09-09T16:48:13.566735+00:00,13.9562,13.5124,13.7343,1.6156629751789429,1.61566297517893
standardized,ocbc,NOK,SGD,NOK/SGD,100,"SGD 0 – 39,999.99",tier_1,SGD 50 – 200,std_50_200,fxRatesSgd,2026-09-09T07:00:14,2026-09-09T07:00:14,2026-09-09T16:48:13.566735+00:00,13.9837,13.4849,13.7343,1.8158915998631266,1.8158915998631138
standardized,ocbc,NOK,SGD,NOK/SGD,100,"SGD 0 – 39,999.99",tier_1,SGD < 50,std_lt_50,fxRatesSgd,2026-09-09T07:00:14,2026-09-09T07:00:14,2026-09-09T16:48:13.566735+00:00,13.9837,13.4849,13.7343,1.8158915998631266,1.8158915998631138
standardized,ocbc,NZD,SGD,NZD/SGD,1,"SGD 0 – 39,999.99",tier_1,"SGD 200 – 39,999.99",std_200_40k,fxRatesSgd,2026-09-09T07:00:14,2026-09-09T07:00:14,2026-09-09T16:48:13.566735+00:00,0.7535,0.7278,0.7407,1.728095045227477,1.7415957877683304
standardized,ocbc,NZD,SGD,NZD/SGD,1,"SGD 40,000 – 100,000",tier_2,"SGD 40,000 – 100,000",std_40k_100k,fxRatesSgd,2026-09-09T07:00:14,2026-09-09T07:00:14,2026-09-09T16:48:13.566735+00:00,0.7516,0.73,0.7407,1.4715809369515351,1.4445794518698585
standardized,ocbc,NZD,SGD,NZD/SGD,1,"SGD 0 – 39,999.99",tier_1,SGD 50 – 200,std_50_200,fxRatesSgd,2026-09-09T07:00:14,2026-09-09T07:00:14,2026-09-09T16:48:13.566735+00:00,0.7535,0.7278,0.7407,1.728095045227477,1.7415957877683304
standardized,ocbc,NZD,SGD,NZD/SGD,1,"SGD 0 – 39,999.99",tier_1,SGD < 50,std_lt_50,fxRatesSgd,2026-09-09T07:00:14,2026-09-09T07:00:14,2026-09-09T16:48:13.566735+00:00,0.7535,0.7278,0.7407,1.728095045227477,1.7415957877683304
standardized,ocbc,OMR,SGD,OMR/SGD,1,"SGD 0 – 39,999.99",tier_1,"SGD 200 – 39,999.99",std_200_40k,fxRatesSgd,2026-09-09T07:00:14,2026-09-09T07:00:14,2026-09-09T16:48:13.566735+00:00,0.0,0.0,0.0,,
standardized,ocbc,OMR,SGD,OMR/SGD,1,"SGD 40,000 – 100,000",tier_2,"SGD 40,000 – 100,000",std_40k_100k,fxRatesSgd,2026-09-09T07:00:14,2026-09-09T07:00:14,2026-09-09T16:48:13.566735+00:00,0.0,0.0,0.0,,
standardized,ocbc,OMR,SGD,OMR/SGD,1,"SGD 0 – 39,999.99",tier_1,SGD 50 – 200,std_50_200,fxRatesSgd,2026-09-09T07:00:14,2026-09-09T07:00:14,2026-09-09T16:48:13.566735+00:00,0.0,0.0,0.0,,
standardized,ocbc,OMR,SGD,OMR/SGD,1,"SGD 0 – 39,999.99",tier_1,SGD < 50,std_lt_50,fxRatesSgd,2026-09-09T07:00:14,2026-09-09T07:00:14,2026-09-09T16:48:13.566735+00:00,0.0,0.0,0.0,,
standardized,ocbc,PHP,SGD,PHP/SGD,100,"SGD 0 – 39,999.99",tier_1,"SGD 200 – 39,999.99",std_200_40k,fxRatesSgd,2026-09-09T07:00:14,2026-09-09T07:00:14,2026-09-09T16:48:13.566735+00:00,2.0805,0.0,2.0805,0.0,100.0
standardized,ocbc,PHP,SGD,PHP/SGD,100,"SGD 40,000 – 100,000",tier_2,"SGD 40,000 – 100,000",std_40k_100k,fxRatesSgd,2026-09-09T07:00:14,2026-09-09T07:00:14,2026-09-09T16:48:13.566735+00:00,2.0795,0.0,2.0805,-0.04806536890170103,100.0
standardized,ocbc,PHP,SGD,PHP/SGD,100,"SGD 0 – 39,999.99",tier_1,SGD 50 – 200,std_50_200,fxRatesSgd,2026-09-09T07:00:14,2026-09-09T07:00:14,2026-09-09T16:48:13.566735+00:00,2.0805,0.0,2.0805,0.0,100.0
standardized,ocbc,PHP,SGD,PHP/SGD,100,"SGD 0 – 39,999.99",tier_1,SGD < 50,std_lt_50,fxRatesSgd,2026-09-09T07:00:14,2026-09-09T07:00:14,2026-09-09T16:48:13.566735+00:00,2.0805,0.0,2.0805,0.0,100.0
standardized,ocbc,PLN,SGD,PLN/SGD,100,"SGD 0 – 39,999.99",tier_1,"SGD 200 – 39,999.99",std_200_40k,fxRatesSgd,2026-09-09T07:00:14,2026-09-09T07:00:14,2026-09-09T16:48:13.566735+00:00,35.13,32.9209,34.0255,3.2460948406342345,3.2463887378583642
standardized,ocbc,PLN,SGD,PLN/SGD,100,"SGD 40,000 – 100,000",tier_2,"SGD 40,000 – 100,000",std_40k_100k,fxRatesSgd,2026-09-09T07:00:14,2026-09-09T07:00:14,2026-09-09T16:48:13.566735+00:00,35.1127,32.9478,34.0255,3.1952506208578737,3.1673303845645178
standardized,ocbc,PLN,SGD,PLN/SGD,100,"SGD 0 – 39,999.99",tier_1,SGD 50 – 200,std_50_200,fxRatesSgd,2026-09-09T07:00:14,2026-09-09T07:00:14,2026-09-09T16:48:13.566735+00:00,35.13,32.9209,34.0255,3.2460948406342345,3.2463887378583642
standardized,ocbc,PLN,SGD,PLN/SGD,100,"SGD 0 – 39,999.99",tier_1,SGD < 50,std_lt_50,fxRatesSgd,2026-09-09T07:00:14,2026-09-09T07:00:14,2026-09-09T16:48:13.566735+00:00,35.13,32.9209,34.0255,3.2460948406342345,3.2463887378583642
standardized,ocbc,QAR,SGD,QAR/SGD,100,"SGD 0 – 39,999.99",tier_1,"SGD 200 – 39,999.99",std_200_40k,fxRatesSgd,2026-09-09T07:00:14,2026-09-09T07:00:14,2026-09-09T16:48:13.566735+00:00,35.6864,33.6465,34.6665,2.942033375160457,2.9423218380857485
standardized,ocbc,QAR,SGD,QAR/SGD,100,"SGD 40,000 – 100,000",tier_2,"SGD 40,000 – 100,000",std_40k_100k,fxRatesSgd,2026-09-09T07:00:14,2026-09-09T07:00:14,2026-09-09T16:48:13.566735+00:00,35.6652,33.6636,34.6665,2.880879234996321,2.892994677859019
standardized,ocbc,QAR,SGD,QAR/SGD,100,"SGD 0 – 39,999.99",tier_1,SGD 50 – 200,std_50_200,fxRatesSgd,2026-09-09T07:00:14,2026-09-09T07:00:14,2026-09-09T16:48:13.566735+00:00,35.6864,33.6465,34.6665,2.942033375160457,2.9423218380857485
standardized,ocbc,QAR,SGD,QAR/SGD,100,"SGD 0 – 39,999.99",tier_1,SGD < 50,std_lt_50,fxRatesSgd,2026-09-09T07:00:14,2026-09-09T07:00:14,2026-09-09T16:48:13.566735+00:00,35.6864,33.6465,34.6665,2.942033375160457,2.9423218380857485
standardized,ocbc,RON,SGD,RON/SGD,100,"SGD 0 – 39,999.99",tier_1,"SGD 200 – 39,999.99",std_200_40k,fxRatesSgd,2026-09-09T07:00:14,2026-09-09T07:00:14,2026-09-09T16:48:13.566735+00:00,0.0,0.0,0.0,,
standardized,ocbc,RON,SGD,RON/SGD,100,"SGD 40,000 – 100,000",tier_2,"SGD 40,000 – 100,000",std_40k_100k,fxRatesSgd,2026-09-09T07:00:14,2026-09-09T07:00:14,2026-09-09T16:48:13.566735+00:00,0.0,0.0,0.0,,
standardized,ocbc,RON,SGD,RON/SGD,100,"SGD 0 – 39,999.99",tier_1,SGD 50 – 200,std_50_200,fxRatesSgd,2026-09-09T07:00:14,2026-09-09T07:00:14,2026-09-09T16:48:13.566735+00:00,0.0,0.0,0.0,,
standardized,ocbc,RON,SGD,RON/SGD,100,"SGD 0 – 39,999.99",tier_1,SGD < 50,std_lt_50,fxRatesSgd,2026-09-09T07:00:14,2026-09-09T07:00:14,2026-09-09T16:48:13.566735+00:00,0.0,0.0,0.0,,
standardized,ocbc,RUB,SGD,RUB/SGD,100,"SGD 0 – 39,999.99",tier_1,"SGD 200 – 39,999.99",std_200_40k,fxRatesSgd,2026-09-09T07:00:14,2026-09-09T07:00:14,2026-09-09T16:48:13.566735+00:00,0.0,0.0,0.0,,
standardized,ocbc,RUB,SGD,RUB/SGD,100,"SGD 40,000 – 100,000",tier_2,"SGD 40,000 – 100,000",std_40k_100k,fxRatesSgd,2026-09-09T07:00:14,2026-09-09T07:00:14,2026-09-09T16:48:13.566735+00:00,0.0,0.0,0.0,,
standardized,ocbc,RUB,SGD,RUB/SGD,100,"SGD 0 – 39,999.99",tier_1,SGD 50 – 200,std_50_200,fxRatesSgd,2026-09-09T07:00:14,2026-09-09T07:00:14,2026-09-09T16:48:13.566735+00:00,0.0,0.0,0.0,,
standardized,ocbc,RUB,SGD,RUB/SGD,100,"SGD 0 – 39,999.99",tier_1,SGD < 50,std_lt_50,fxRatesSgd,2026-09-09T07:00:14,2026-09-09T07:00:14,2026-09-09T16:48:13.566735+00:00,0.0,0.0,0.0,,
standardized,ocbc,SAR,SGD,SAR/SGD,100,"SGD 0 – 39,999.99",tier_1,"SGD 200 – 39,999.99",std_200_40k,fxRatesSgd,2026-09-09T07:00:14,2026-09-09T07:00:14,2026-09-09T16:48:13.566735+00:00,34.6321,32.7052,33.6687,2.861411340503197,2.8617083522678435
standardized,ocbc,SAR,SGD,SAR/SGD,100,"SGD 40,000 – 100,000",tier_2,"SGD 40,000 – 100,000",std_40k_100k,fxRatesSgd,2026-09-09T07:00:14,2026-09-09T07:00:14,2026-09-09T16:48:13.566735+00:00,34.615,32.7218,33.6687,2.810622328750444,2.8124043993382557
standardized,ocbc,SAR,SGD,SAR/SGD,100,"SGD 0 – 39,999.99",tier_1,SGD 50 – 200,std_50_200,fxRatesSgd,2026-09-09T07:00:14,2026-09-09T07:00:14,2026-09-09T16:48:13.566735+00:00,34.6321,32.7052,33.6687,2.861411340503197,2.8617083522678435
standardized,ocbc,SAR,SGD,SAR/SGD,100,"SGD 0 – 39,999.99",tier_1,SGD < 50,std_lt_50,fxRatesSgd,2026-09-09T07:00:14,2026-09-09T07:00:14,2026-09-09T16:48:13.566735+00:00,34.6321,32.7052,33.6687,2.861411340503197,2.8617083522678435
standardized,ocbc,SEK,SGD,SEK/SGD,100,"SGD 0 – 39,999.99",tier_1,"SGD 200 – 39,999.99",std_200_40k,fxRatesSgd,2026-09-09T07:00:14,2026-09-09T07:00:14,2026-09-09T16:48:13.566735+00:00,13.4209,12.9428,13.1819,1.8130921946001637,1.8138508105811797
standardized,ocbc,SEK,SGD,SEK/SGD,100,"SGD 40,000 – 100,000",tier_2,"SGD 40,000 – 100,000",std_40k_100k,fxRatesSgd,2026-09-09T07:00:14,2026-09-09T07:00:14,2026-09-09T16:48:13.566735+00:00,13.3945,12.9691,13.1819,1.6128175756150487,1.6143348075770674
standardized,ocbc,SEK,SGD,SEK/SGD,100,"SGD 0 – 39,999.99",tier_1,SGD 50 – 200,std_50_200,fxRatesSgd,2026-09-09T07:00:14,2026-09-09T07:00:14,2026-09-09T16:48:13.566735+00:00,13.4209,12.9428,13.1819,1.8130921946001637,1.8138508105811797
standardized,ocbc,SEK,SGD,SEK/SGD,100,"SGD 0 – 39,999.99",tier_1,SGD < 50,std_lt_50,fxRatesSgd,2026-09-09T07:00:14,2026-09-09T07:00:14,2026-09-09T16:48:13.566735+00:00,13.4209,12.9428,13.1819,1.8130921946001637,1.8138508105811797
standardized,ocbc,THB,SGD,THB/SGD,100,"SGD 0 – 39,999.99",tier_1,"SGD 200 – 39,999.99",std_200_40k,fxRatesSgd,2026-09-09T07:00:14,2026-09-09T07:00:14,2026-09-09T16:48:13.566735+00:00,3.9527,3.7358,3.8443,2.81975912389772,2.822360377702059
standardized,ocbc,THB,SGD,THB/SGD,100,"SGD 40,000 – 100,000",tier_2,"SGD 40,000 – 100,000",std_40k_100k,fxRatesSgd,2026-09-09T07:00:14,2026-09-09T07:00:14,2026-09-09T16:48:13.566735+00:00,3.945,3.7435,3.8443,2.619462580964019,2.6220638347683582
standardized,ocbc,THB,SGD,THB/SGD,100,"SGD 0 – 39,999.99",tier_1,SGD 50 – 200,std_50_200,fxRatesSgd,2026-09-09T07:00:14,2026-09-09T07:00:14,2026-09-09T16:48:13.566735+00:00,3.9527,3.7358,3.8443,2.81975912389772,2.822360377702059
standardized,ocbc,THB,SGD,THB/SGD,100,"SGD 0 – 39,999.99",tier_1,SGD < 50,std_lt_50,fxRatesSgd,2026-09-09T07:00:14,2026-09-09T07:00:14,2026-09-09T16:48:13.566735+00:00,3.9527,3.7358,3.8443,2.81975912389772,2.822360377702059
standardized,ocbc,TRY,SGD,TRY/SGD,100,"SGD 0 – 39,999.99",tier_1,"SGD 200 – 39,999.99",std_200_40k,fxRatesSgd,2026-09-09T07:00:14,2026-09-09T07:00:14,2026-09-09T16:48:13.566735+00:00,2.6784,2.5677,2.6231,2.108192596546068,2.11200487972247
standardized,ocbc,TRY,SGD,TRY/SGD,100,"SGD 40,000 – 100,000",tier_2,"SGD 40,000 – 100,000",std_40k_100k,fxRatesSgd,2026-09-09T07:00:14,2026-09-09T07:00:14,2026-09-09T16:48:13.566735+00:00,2.6771,2.568,2.6231,2.058632915252938,2.10056803019328
standardized,ocbc,TRY,SGD,TRY/SGD,100,"SGD 0 – 39,999.99",tier_1,SGD 50 – 200,std_50_200,fxRatesSgd,2026-09-09T07:00:14,2026-09-09T07:00:14,2026-09-09T16:48:13.566735+00:00,2.6784,2.5677,2.6231,2.108192596546068,2.11200487972247
standardized,ocbc,TRY,SGD,TRY/SGD,100,"SGD 0 – 39,999.99",tier_1,SGD < 50,std_lt_50,fxRatesSgd,2026-09-09T07:00:14,2026-09-09T07:00:14,2026-09-09T16:48:13.566735+00:00,2.6784,2.5677,2.6231,2.108192596546068,2.11200487972247
standardized,ocbc,TWD,SGD,TWD/SGD,100,"SGD 0 – 39,999.99",tier_1,"SGD 200 – 39,999.99",std_200_40k,fxRatesSgd,2026-09-09T07:00:14,2026-09-09T07:00:14,2026-09-09T16:48:13.566735+00:00,4.1588,0.0,4.1588,0.0,100.0
standardized,ocbc,TWD,SGD,TWD/SGD,100,"SGD 40,000 – 100,000",tier_2,"SGD 40,000 – 100,000",std_40k_100k,fxRatesSgd,2026-09-09T07:00:14,2026-09-09T07:00:14,2026-09-09T16:48:13.566735+00:00,0.0,0.0,4.1588,-100.0,100.0
standardized,ocbc,TWD,SGD,TWD/SGD,100,"SGD 0 – 39,999.99",tier_1,SGD 50 – 200,std_50_200,fxRatesSgd,2026-09-09T07:00:14,2026-09-09T07:00:14,2026-09-09T16:48:13.566735+00:00,4.1588,0.0,4.1588,0.0,100.0
standardized,ocbc,TWD,SGD,TWD/SGD,100,"SGD 0 – 39,999.99",tier_1,SGD < 50,std_lt_50,fxRatesSgd,2026-09-09T07:00:14,2026-09-09T07:00:14,2026-09-09T16:48:13.566735+00:00,4.1588,0.0,4.1588,0.0,100.0
standardized,ocbc,USD,SGD,USD/SGD,1,"SGD 0 – 39,999.99",tier_1,"SGD 200 – 39,999.99",std_200_40k,fxRatesSgd,2026-09-09T07:00:14,2026-09-09T07:00:14,2026-09-09T16:48:13.566735+00:00,1.2767,1.2526,1.2647,0.9488416225191754,0.9567486360401677
standardized,ocbc,USD,SGD,USD/SGD,1,"SGD 40,000 – 100,000",tier_2,"SGD 40,000 – 100,000",std_40k_100k,fxRatesSgd,2026-09-09T07:00:14,2026-09-09T07:00:14,2026-09-09T16:48:13.566735+00:00,1.2754,1.2549,1.2647,0.8460504467462762,0.7748873250573284
standardized,ocbc,USD,SGD,USD/SGD,1,"SGD 0 – 39,999.99",tier_1,SGD 50 – 200,std_50_200,fxRatesSgd,2026-09-09T07:00:14,2026-09-09T07:00:14,2026-09-09T16:48:13.566735+00:00,1.2767,1.2526,1.2647,0.9488416225191754,0.9567486360401677
standardized,ocbc,USD,SGD,USD/SGD,1,"SGD 0 – 39,999.99",tier_1,SGD < 50,std_lt_50,fxRatesSgd,2026-09-09T07:00:14,2026-09-09T07:00:14,2026-09-09T16:48:13.566735+00:00,1.2767,1.2526,1.2647,0.9488416225191754,0.9567486360401677
standardized,ocbc,ZAR,SGD,ZAR/SGD,100,"SGD 0 – 39,999.99",tier_1,"SGD 200 – 39,999.99",std_200_40k,fxRatesSgd,2026-09-09T07:00:14,2026-09-09T07:00:14,2026-09-09T16:48:13.566735+00:00,8.1148,7.6375,7.8762,3.029379650085077,3.030649297884763
standardized,ocbc,ZAR,SGD,ZAR/SGD,100,"SGD 40,000 – 100,000",tier_2,"SGD 40,000 – 100,000",std_40k_100k,fxRatesSgd,2026-09-09T07:00:14,2026-09-09T07:00:14,2026-09-09T16:48:13.566735+00:00,8.1109,7.6414,7.8762,2.979863385896765,2.981133033696451
standardized,ocbc,ZAR,SGD,ZAR/SGD,100,"SGD 0 – 39,999.99",tier_1,SGD 50 – 200,std_50_200,fxRatesSgd,2026-09-09T07:00:14,2026-09-09T07:00:14,2026-09-09T16:48:13.566735+00:00,8.1148,7.6375,7.8762,3.029379650085077,3.030649297884763
standardized,ocbc,ZAR,SGD,ZAR/SGD,100,"SGD 0 – 39,999.99",tier_1,SGD < 50,std_lt_50,fxRatesSgd,2026-09-09T07:00:14,2026-09-09T07:00:14,2026-09-09T16:48:13.566735+00:00,8.1148,7.6375,7.8762,3.029379650085077,3.030649297884763
standardized,uob,AED,SGD,AED/SGD,100,Indicative board,board,"SGD 200 – 39,999.99",std_200_40k,forex_sgd,09 September 2026 05:11:23 PM,09 September 2026 05:11:23 PM,2026-09-09T16:48:15.055252+00:00,35.29,33.59,34.44,2.4680603948896676,2.4680603948896467
standardized,uob,AED,SGD,AED/SGD,100,Indicative board,board,"SGD 40,000 – 100,000",std_40k_100k,forex_sgd,09 September 2026 05:11:23 PM,09 September 2026 05:11:23 PM,2026-09-09T16:48:15.055252+00:00,35.29,33.59,34.44,2.4680603948896676,2.4680603948896467
standardized,uob,AED,SGD,AED/SGD,100,Indicative board,board,SGD 50 – 200,std_50_200,forex_sgd,09 September 2026 05:11:23 PM,09 September 2026 05:11:23 PM,2026-09-09T16:48:15.055252+00:00,35.29,33.59,34.44,2.4680603948896676,2.4680603948896467
standardized,uob,AED,SGD,AED/SGD,100,Indicative board,board,SGD < 50,std_lt_50,forex_sgd,09 September 2026 05:11:23 PM,09 September 2026 05:11:23 PM,2026-09-09T16:48:15.055252+00:00,35.29,33.59,34.44,2.4680603948896676,2.4680603948896467
standardized,uob,AOA,SGD,AOA/SGD,100,Indicative board,board,"SGD 200 – 39,999.99",std_200_40k,forex_sgd,09 September 2026 05:11:23 PM,09 September 2026 05:11:23 PM,2026-09-09T16:48:15.055252+00:00,0.1422,,,,
standardized,uob,AOA,SGD,AOA/SGD,100,Indicative board,board,"SGD 40,000 – 100,000",std_40k_100k,forex_sgd,09 September 2026 05:11:23 PM,09 September 2026 05:11:23 PM,2026-09-09T16:48:15.055252+00:00,0.1422,,,,
standardized,uob,AOA,SGD,AOA/SGD,100,Indicative board,board,SGD 50 – 200,std_50_200,forex_sgd,09 September 2026 05:11:23 PM,09 September 2026 05:11:23 PM,2026-09-09T16:48:15.055252+00:00,0.1422,,,,
standardized,uob,AOA,SGD,AOA/SGD,100,Indicative board,board,SGD < 50,std_lt_50,forex_sgd,09 September 2026 05:11:23 PM,09 September 2026 05:11:23 PM,2026-09-09T16:48:15.055252+00:00,0.1422,,,,
standardized,uob,AUD,SGD,AUD/SGD,1,Indicative board,board,"SGD 200 – 39,999.99",std_200_40k,forex_sgd,09 September 2026 05:11:23 PM,09 September 2026 05:11:23 PM,2026-09-09T16:48:15.055252+00:00,0.9291,0.8981,0.9136,1.6965849387040357,1.6965849387040235
standardized,uob,AUD,SGD,AUD/SGD,1,Indicative board,board,"SGD 40,000 – 100,000",std_40k_100k,forex_sgd,09 September 2026 05:11:23 PM,09 September 2026 05:11:23 PM,2026-09-09T16:48:15.055252+00:00,0.9291,0.8981,0.9136,1.6965849387040357,1.6965849387040235
standardized,uob,AUD,SGD,AUD/SGD,1,Indicative board,board,SGD 50 – 200,std_50_200,forex_sgd,09 September 2026 05:11:23 PM,09 September 2026 05:11:23 PM,2026-09-09T16:48:15.055252+00:00,0.9291,0.8981,0.9136,1.6965849387040357,1.6965849387040235
standardized,uob,AUD,SGD,AUD/SGD,1,Indicative board,board,SGD < 50,std_lt_50,forex_sgd,09 September 2026 05:11:23 PM,09 September 2026 05:11:23 PM,2026-09-09T16:48:15.055252+00:00,0.9291,0.8981,0.9136,1.6965849387040357,1.6965849387040235
standardized,uob,BDT,SGD,BDT/SGD,100,Indicative board,board,"SGD 200 – 39,999.99",std_200_40k,forex_sgd,09 September 2026 05:11:23 PM,09 September 2026 05:11:23 PM,2026-09-09T16:48:15.055252+00:00,1.0573,,,,
standardized,uob,BDT,SGD,BDT/SGD,100,Indicative board,board,"SGD 40,000 – 100,000",std_40k_100k,forex_sgd,09 September 2026 05:11:23 PM,09 September 2026 05:11:23 PM,2026-09-09T16:48:15.055252+00:00,1.0573,,,,
standardized,uob,BDT,SGD,BDT/SGD,100,Indicative board,board,SGD 50 – 200,std_50_200,forex_sgd,09 September 2026 05:11:23 PM,09 September 2026 05:11:23 PM,2026-09-09T16:48:15.055252+00:00,1.0573,,,,
standardized,uob,BDT,SGD,BDT/SGD,100,Indicative board,board,SGD < 50,std_lt_50,forex_sgd,09 September 2026 05:11:23 PM,09 September 2026 05:11:23 PM,2026-09-09T16:48:15.055252+00:00,1.0573,,,,
standardized,uob,BND,SGD,BND/SGD,1,Indicative board,board,"SGD 200 – 39,999.99",std_200_40k,forex_sgd,09 September 2026 05:11:23 PM,09 September 2026 05:11:23 PM,2026-09-09T16:48:15.055252+00:00,1.0,1.0,1.0,0.0,0.0
standardized,uob,BND,SGD,BND/SGD,1,Indicative board,board,"SGD 40,000 – 100,000",std_40k_100k,forex_sgd,09 September 2026 05:11:23 PM,09 September 2026 05:11:23 PM,2026-09-09T16:48:15.055252+00:00,1.0,1.0,1.0,0.0,0.0
standardized,uob,BND,SGD,BND/SGD,1,Indicative board,board,SGD 50 – 200,std_50_200,forex_sgd,09 September 2026 05:11:23 PM,09 September 2026 05:11:23 PM,2026-09-09T16:48:15.055252+00:00,1.0,1.0,1.0,0.0,0.0
standardized,uob,BND,SGD,BND/SGD,1,Indicative board,board,SGD < 50,std_lt_50,forex_sgd,09 September 2026 05:11:23 PM,09 September 2026 05:11:23 PM,2026-09-09T16:48:15.055252+00:00,1.0,1.0,1.0,0.0,0.0
standardized,uob,CAD,SGD,CAD/SGD,1,Indicative board,board,"SGD 200 – 39,999.99",std_200_40k,forex_sgd,09 September 2026 05:11:23 PM,09 September 2026 05:11:23 PM,2026-09-09T16:48:15.055252+00:00,0.9281,0.9081,0.9181,1.0892059688487101,1.0892059688487101
standardized,uob,CAD,SGD,CAD/SGD,1,Indicative board,board,"SGD 40,000 – 100,000",std_40k_100k,forex_sgd,09 September 2026 05:11:23 PM,09 September 2026 05:11:23 PM,2026-09-09T16:48:15.055252+00:00,0.9281,0.9081,0.9181,1.0892059688487101,1.0892059688487101
standardized,uob,CAD,SGD,CAD/SGD,1,Indicative board,board,SGD 50 – 200,std_50_200,forex_sgd,09 September 2026 05:11:23 PM,09 September 2026 05:11:23 PM,2026-09-09T16:48:15.055252+00:00,0.9281,0.9081,0.9181,1.0892059688487101,1.0892059688487101
standardized,uob,CAD,SGD,CAD/SGD,1,Indicative board,board,SGD < 50,std_lt_50,forex_sgd,09 September 2026 05:11:23 PM,09 September 2026 05:11:23 PM,2026-09-09T16:48:15.055252+00:00,0.9281,0.9081,0.9181,1.0892059688487101,1.0892059688487101
standardized,uob,CHF,SGD,CHF/SGD,100,Indicative board,board,"SGD 200 – 39,999.99",std_200_40k,forex_sgd,09 September 2026 05:11:23 PM,09 September 2026 05:11:23 PM,2026-09-09T16:48:15.055252+00:00,157.95,154.65,156.3,1.0556621880997934,1.0556621880998116
standardized,uob,CHF,SGD,CHF/SGD,100,Indicative board,board,"SGD 40,000 – 100,000",std_40k_100k,forex_sgd,09 September 2026 05:11:23 PM,09 September 2026 05:11:23 PM,2026-09-09T16:48:15.055252+00:00,157.95,154.65,156.3,1.0556621880997934,1.0556621880998116
standardized,uob,CHF,SGD,CHF/SGD,100,Indicative board,board,SGD 50 – 200,std_50_200,forex_sgd,09 September 2026 05:11:23 PM,09 September 2026 05:11:23 PM,2026-09-09T16:48:15.055252+00:00,157.95,154.65,156.3,1.0556621880997934,1.0556621880998116
standardized,uob,CHF,SGD,CHF/SGD,100,Indicative board,board,SGD < 50,std_lt_50,forex_sgd,09 September 2026 05:11:23 PM,09 September 2026 05:11:23 PM,2026-09-09T16:48:15.055252+00:00,157.95,154.65,156.3,1.0556621880997934,1.0556621880998116
standardized,uob,CNH,SGD,CNH/SGD,100,Indicative board,board,"SGD 200 – 39,999.99",std_200_40k,forex_sgd,09 September 2026 05:11:23 PM,09 September 2026 05:11:23 PM,2026-09-09T16:48:15.055252+00:00,19.09,18.63,18.86,1.2195121951219534,1.2195121951219534
standardized,uob,CNH,SGD,CNH/SGD,100,Indicative board,board,"SGD 40,000 – 100,000",std_40k_100k,forex_sgd,09 September 2026 05:11:23 PM,09 September 2026 05:11:23 PM,2026-09-09T16:48:15.055252+00:00,19.09,18.63,18.86,1.2195121951219534,1.2195121951219534
standardized,uob,CNH,SGD,CNH/SGD,100,Indicative board,board,SGD 50 – 200,std_50_200,forex_sgd,09 September 2026 05:11:23 PM,09 September 2026 05:11:23 PM,2026-09-09T16:48:15.055252+00:00,19.09,18.63,18.86,1.2195121951219534,1.2195121951219534
standardized,uob,CNH,SGD,CNH/SGD,100,Indicative board,board,SGD < 50,std_lt_50,forex_sgd,09 September 2026 05:11:23 PM,09 September 2026 05:11:23 PM,2026-09-09T16:48:15.055252+00:00,19.09,18.63,18.86,1.2195121951219534,1.2195121951219534
standardized,uob,DKK,SGD,DKK/SGD,100,Indicative board,board,"SGD 200 – 39,999.99",std_200_40k,forex_sgd,09 September 2026 05:11:23 PM,09 September 2026 05:11:23 PM,2026-09-09T16:48:15.055252+00:00,20.04,19.34,19.689999999999998,1.7775520568816732,1.7775520568816552
standardized,uob,DKK,SGD,DKK/SGD,100,Indicative board,board,"SGD 40,000 – 100,000",std_40k_100k,forex_sgd,09 September 2026 05:11:23 PM,09 September 2026 05:11:23 PM,2026-09-09T16:48:15.055252+00:00,20.04,19.34,19.689999999999998,1.7775520568816732,1.7775520568816552
standardized,uob,DKK,SGD,DKK/SGD,100,Indicative board,board,SGD 50 – 200,std_50_200,forex_sgd,09 September 2026 05:11:23 PM,09 September 2026 05:11:23 PM,2026-09-09T16:48:15.055252+00:00,20.04,19.34,19.689999999999998,1.7775520568816732,1.7775520568816552
standardized,uob,DKK,SGD,DKK/SGD,100,Indicative board,board,SGD < 50,std_lt_50,forex_sgd,09 September 2026 05:11:23 PM,09 September 2026 05:11:23 PM,2026-09-09T16:48:15.055252+00:00,20.04,19.34,19.689999999999998,1.7775520568816732,1.7775520568816552
standardized,uob,EGP,SGD,EGP/SGD,100,Indicative board,board,"SGD 200 – 39,999.99",std_200_40k,forex_sgd,09 September 2026 05:11:23 PM,09 September 2026 05:11:23 PM,2026-09-09T16:48:15.055252+00:00,2.5471,,,,
standardized,uob,EGP,SGD,EGP/SGD,100,Indicative board,board,"SGD 40,000 – 100,000",std_40k_100k,forex_sgd,09 September 2026 05:11:23 PM,09 September 2026 05:11:23 PM,2026-09-09T16:48:15.055252+00:00,2.5471,,,,
standardized,uob,EGP,SGD,EGP/SGD,100,Indicative board,board,SGD 50 – 200,std_50_200,forex_sgd,09 September 2026 05:11:23 PM,09 September 2026 05:11:23 PM,2026-09-09T16:48:15.055252+00:00,2.5471,,,,
standardized,uob,EGP,SGD,EGP/SGD,100,Indicative board,board,SGD < 50,std_lt_50,forex_sgd,09 September 2026 05:11:23 PM,09 September 2026 05:11:23 PM,2026-09-09T16:48:15.055252+00:00,2.5471,,,,
standardized,uob,EUR,SGD,EUR/SGD,1,Indicative board,board,"SGD 200 – 39,999.99",std_200_40k,forex_sgd,09 September 2026 05:11:23 PM,09 September 2026 05:11:23 PM,2026-09-09T16:48:15.055252+00:00,1.4906,1.4526,1.4716,1.2911117151399774,1.2911117151399925
standardized,uob,EUR,SGD,EUR/SGD,1,Indicative board,board,"SGD 40,000 – 100,000",std_40k_100k,forex_sgd,09 September 2026 05:11:23 PM,09 September 2026 05:11:23 PM,2026-09-09T16:48:15.055252+00:00,1.4906,1.4526,1.4716,1.2911117151399774,1.2911117151399925
standardized,uob,EUR,SGD,EUR/SGD,1,Indicative board,board,SGD 50 – 200,std_50_200,forex_sgd,09 September 2026 05:11:23 PM,09 September 2026 05:11:23 PM,2026-09-09T16:48:15.055252+00:00,1.4906,1.4526,1.4716,1.2911117151399774,1.2911117151399925
standardized,uob,EUR,SGD,EUR/SGD,1,Indicative board,board,SGD < 50,std_lt_50,forex_sgd,09 September 2026 05:11:23 PM,09 September 2026 05:11:23 PM,2026-09-09T16:48:15.055252+00:00,1.4906,1.4526,1.4716,1.2911117151399774,1.2911117151399925
standardized,uob,GBP,SGD,GBP/SGD,1,Indicative board,board,"SGD 200 – 39,999.99",std_200_40k,forex_sgd,09 September 2026 05:11:23 PM,09 September 2026 05:11:23 PM,2026-09-09T16:48:15.055252+00:00,1.7357,1.6907,1.7132,1.313331776791966,1.313331776791966
standardized,uob,GBP,SGD,GBP/SGD,1,Indicative board,board,"SGD 40,000 – 100,000",std_40k_100k,forex_sgd,09 September 2026 05:11:23 PM,09 September 2026 05:11:23 PM,2026-09-09T16:48:15.055252+00:00,1.7357,1.6907,1.7132,1.313331776791966,1.313331776791966
standardized,uob,GBP,SGD,GBP/SGD,1,Indicative board,board,SGD 50 – 200,std_50_200,forex_sgd,09 September 2026 05:11:23 PM,09 September 2026 05:11:23 PM,2026-09-09T16:48:15.055252+00:00,1.7357,1.6907,1.7132,1.313331776791966,1.313331776791966
standardized,uob,GBP,SGD,GBP/SGD,1,Indicative board,board,SGD < 50,std_lt_50,forex_sgd,09 September 2026 05:11:23 PM,09 September 2026 05:11:23 PM,2026-09-09T16:48:15.055252+00:00,1.7357,1.6907,1.7132,1.313331776791966,1.313331776791966
standardized,uob,HKD,SGD,HKD/SGD,100,Indicative board,board,"SGD 200 – 39,999.99",std_200_40k,forex_sgd,09 September 2026 05:11:23 PM,09 September 2026 05:11:23 PM,2026-09-09T16:48:15.055252+00:00,16.309,15.951,16.130000000000003,1.109733415995031,1.109733415995053
standardized,uob,HKD,SGD,HKD/SGD,100,Indicative board,board,"SGD 40,000 – 100,000",std_40k_100k,forex_sgd,09 September 2026 05:11:23 PM,09 September 2026 05:11:23 PM,2026-09-09T16:48:15.055252+00:00,16.309,15.951,16.130000000000003,1.109733415995031,1.109733415995053
standardized,uob,HKD,SGD,HKD/SGD,100,Indicative board,board,SGD 50 – 200,std_50_200,forex_sgd,09 September 2026 05:11:23 PM,09 September 2026 05:11:23 PM,2026-09-09T16:48:15.055252+00:00,16.309,15.951,16.130000000000003,1.109733415995031,1.109733415995053
standardized,uob,HKD,SGD,HKD/SGD,100,Indicative board,board,SGD < 50,std_lt_50,forex_sgd,09 September 2026 05:11:23 PM,09 September 2026 05:11:23 PM,2026-09-09T16:48:15.055252+00:00,16.309,15.951,16.130000000000003,1.109733415995031,1.109733415995053
standardized,uob,INR,SGD,INR/SGD,100,Indicative board,board,"SGD 200 – 39,999.99",std_200_40k,forex_sgd,09 September 2026 05:11:23 PM,09 September 2026 05:11:23 PM,2026-09-09T16:48:15.055252+00:00,1.3686,,,,
standardized,uob,INR,SGD,INR/SGD,100,Indicative board,board,"SGD 40,000 – 100,000",std_40k_100k,forex_sgd,09 September 2026 05:11:23 PM,09 September 2026 05:11:23 PM,2026-09-09T16:48:15.055252+00:00,1.3686,,,,
standardized,uob,INR,SGD,INR/SGD,100,Indicative board,board,SGD 50 – 200,std_50_200,forex_sgd,09 September 2026 05:11:23 PM,09 September 2026 05:11:23 PM,2026-09-09T16:48:15.055252+00:00,1.3686,,,,
standardized,uob,INR,SGD,INR/SGD,100,Indicative board,board,SGD < 50,std_lt_50,forex_sgd,09 September 2026 05:11:23 PM,09 September 2026 05:11:23 PM,2026-09-09T16:48:15.055252+00:00,1.3686,,,,
standardized,uob,JPY,SGD,JPY/SGD,100,Indicative board,board,"SGD 200 – 39,999.99",std_200_40k,forex_sgd,09 September 2026 05:11:23 PM,09 September 2026 05:11:23 PM,2026-09-09T16:48:15.055252+00:00,0.8403,0.8063,0.8233,2.0648609255435457,2.0648609255435457
standardized,uob,JPY,SGD,JPY/SGD,100,Indicative board,board,"SGD 40,000 – 100,000",std_40k_100k,forex_sgd,09 September 2026 05:11:23 PM,09 September 2026 05:11:23 PM,2026-09-09T16:48:15.055252+00:00,0.8403,0.8063,0.8233,2.0648609255435457,2.0648609255435457
standardized,uob,JPY,SGD,JPY/SGD,100,Indicative board,board,SGD 50 – 200,std_50_200,forex_sgd,09 September 2026 05:11:23 PM,09 September 2026 05:11:23 PM,2026-09-09T16:48:15.055252+00:00,0.8403,0.8063,0.8233,2.0648609255435457,2.0648609255435457
standardized,uob,JPY,SGD,JPY/SGD,100,Indicative board,board,SGD < 50,std_lt_50,forex_sgd,09 September 2026 05:11:23 PM,09 September 2026 05:11:23 PM,2026-09-09T16:48:15.055252+00:00,0.8403,0.8063,0.8233,2.0648609255435457,2.0648609255435457
standardized,uob,KRW,SGD,KRW/SGD,1000,Indicative board,board,"SGD 200 – 39,999.99",std_200_40k,forex_sgd,09 September 2026 05:11:23 PM,09 September 2026 05:11:23 PM,2026-09-09T16:48:15.055252+00:00,0.9578,,,,
standardized,uob,KRW,SGD,KRW/SGD,1000,Indicative board,board,"SGD 40,000 – 100,000",std_40k_100k,forex_sgd,09 September 2026 05:11:23 PM,09 September 2026 05:11:23 PM,2026-09-09T16:48:15.055252+00:00,0.9578,,,,
standardized,uob,KRW,SGD,KRW/SGD,1000,Indicative board,board,SGD 50 – 200,std_50_200,forex_sgd,09 September 2026 05:11:23 PM,09 September 2026 05:11:23 PM,2026-09-09T16:48:15.055252+00:00,0.9578,,,,
standardized,uob,KRW,SGD,KRW/SGD,1000,Indicative board,board,SGD < 50,std_lt_50,forex_sgd,09 September 2026 05:11:23 PM,09 September 2026 05:11:23 PM,2026-09-09T16:48:15.055252+00:00,0.9578,,,,
standardized,uob,KWD,SGD,KWD/SGD,1,Indicative board,board,"SGD 200 – 39,999.99",std_200_40k,forex_sgd,09 September 2026 05:11:23 PM,09 September 2026 05:11:23 PM,2026-09-09T16:48:15.055252+00:00,4.1622,,,,
standardized,uob,KWD,SGD,KWD/SGD,1,Indicative board,board,"SGD 40,000 – 100,000",std_40k_100k,forex_sgd,09 September 2026 05:11:23 PM,09 September 2026 05:11:23 PM,2026-09-09T16:48:15.055252+00:00,4.1622,,,,
standardized,uob,KWD,SGD,KWD/SGD,1,Indicative board,board,SGD 50 – 200,std_50_200,forex_sgd,09 September 2026 05:11:23 PM,09 September 2026 05:11:23 PM,2026-09-09T16:48:15.055252+00:00,4.1622,,,,
standardized,uob,KWD,SGD,KWD/SGD,1,Indicative board,board,SGD < 50,std_lt_50,forex_sgd,09 September 2026 05:11:23 PM,09 September 2026 05:11:23 PM,2026-09-09T16:48:15.055252+00:00,4.1622,,,,
standardized,uob,LKR,SGD,LKR/SGD,100,Indicative board,board,"SGD 200 – 39,999.99",std_200_40k,forex_sgd,09 September 2026 05:11:23 PM,09 September 2026 05:11:23 PM,2026-09-09T16:48:15.055252+00:00,0.3911,,,,
standardized,uob,LKR,SGD,LKR/SGD,100,Indicative board,board,"SGD 40,000 – 100,000",std_40k_100k,forex_sgd,09 September 2026 05:11:23 PM,09 September 2026 05:11:23 PM,2026-09-09T16:48:15.055252+00:00,0.3911,,,,
standardized,uob,LKR,SGD,LKR/SGD,100,Indicative board,board,SGD 50 – 200,std_50_200,forex_sgd,09 September 2026 05:11:23 PM,09 September 2026 05:11:23 PM,2026-09-09T16:48:15.055252+00:00,0.3911,,,,
standardized,uob,LKR,SGD,LKR/SGD,100,Indicative board,board,SGD < 50,std_lt_50,forex_sgd,09 September 2026 05:11:23 PM,09 September 2026 05:11:23 PM,2026-09-09T16:48:15.055252+00:00,0.3911,,,,
standardized,uob,MXN,SGD,MXN/SGD,100,Indicative board,board,"SGD 200 – 39,999.99",std_200_40k,forex_sgd,09 September 2026 05:11:23 PM,09 September 2026 05:11:23 PM,2026-09-09T16:48:15.055252+00:00,7.5459,,,,
standardized,uob,MXN,SGD,MXN/SGD,100,Indicative board,board,"SGD 40,000 – 100,000",std_40k_100k,forex_sgd,09 September 2026 05:11:23 PM,09 September 2026 05:11:23 PM,2026-09-09T16:48:15.055252+00:00,7.5459,,,,
standardized,uob,MXN,SGD,MXN/SGD,100,Indicative board,board,SGD 50 – 200,std_50_200,forex_sgd,09 September 2026 05:11:23 PM,09 September 2026 05:11:23 PM,2026-09-09T16:48:15.055252+00:00,7.5459,,,,
standardized,uob,MXN,SGD,MXN/SGD,100,Indicative board,board,SGD < 50,std_lt_50,forex_sgd,09 September 2026 05:11:23 PM,09 September 2026 05:11:23 PM,2026-09-09T16:48:15.055252+00:00,7.5459,,,,
standardized,uob,MYR,SGD,MYR/SGD,100,Indicative board,board,"SGD 200 – 39,999.99",std_200_40k,forex_sgd,09 September 2026 05:11:23 PM,09 September 2026 05:11:23 PM,2026-09-09T16:48:15.055252+00:00,31.6156,,,,
standardized,uob,MYR,SGD,MYR/SGD,100,Indicative board,board,"SGD 40,000 – 100,000",std_40k_100k,forex_sgd,09 September 2026 05:11:23 PM,09 September 2026 05:11:23 PM,2026-09-09T16:48:15.055252+00:00,31.6156,,,,
standardized,uob,MYR,SGD,MYR/SGD,100,Indicative board,board,SGD 50 – 200,std_50_200,forex_sgd,09 September 2026 05:11:23 PM,09 September 2026 05:11:23 PM,2026-09-09T16:48:15.055252+00:00,31.6156,,,,
standardized,uob,MYR,SGD,MYR/SGD,100,Indicative board,board,SGD < 50,std_lt_50,forex_sgd,09 September 2026 05:11:23 PM,09 September 2026 05:11:23 PM,2026-09-09T16:48:15.055252+00:00,31.6156,,,,
standardized,uob,NOK,SGD,NOK/SGD,100,Indicative board,board,"SGD 200 – 39,999.99",std_200_40k,forex_sgd,09 September 2026 05:11:23 PM,09 September 2026 05:11:23 PM,2026-09-09T16:48:15.055252+00:00,13.95,13.51,13.73,1.6023306627822205,1.6023306627822334
standardized,uob,NOK,SGD,NOK/SGD,100,Indicative board,board,"SGD 40,000 – 100,000",std_40k_100k,forex_sgd,09 September 2026 05:11:23 PM,09 September 2026 05:11:23 PM,2026-09-09T16:48:15.055252+00:00,13.95,13.51,13.73,1.6023306627822205,1.6023306627822334
standardized,uob,NOK,SGD,NOK/SGD,100,Indicative board,board,SGD 50 – 200,std_50_200,forex_sgd,09 September 2026 05:11:23 PM,09 September 2026 05:11:23 PM,2026-09-09T16:48:15.055252+00:00,13.95,13.51,13.73,1.6023306627822205,1.6023306627822334
standardized,uob,NOK,SGD,NOK/SGD,100,Indicative board,board,SGD < 50,std_lt_50,forex_sgd,09 September 2026 05:11:23 PM,09 September 2026 05:11:23 PM,2026-09-09T16:48:15.055252+00:00,13.95,13.51,13.73,1.6023306627822205,1.6023306627822334
standardized,uob,NZD,SGD,NZD/SGD,1,Indicative board,board,"SGD 200 – 39,999.99",std_200_40k,forex_sgd,09 September 2026 05:11:23 PM,09 September 2026 05:11:23 PM,2026-09-09T16:48:15.055252+00:00,0.7492,0.7292,0.7392,1.352813852813854,1.352813852813854
standardized,uob,NZD,SGD,NZD/SGD,1,Indicative board,board,"SGD 40,000 – 100,000",std_40k_100k,forex_sgd,09 September 2026 05:11:23 PM,09 September 2026 05:11:23 PM,2026-09-09T16:48:15.055252+00:00,0.7492,0.7292,0.7392,1.352813852813854,1.352813852813854
standardized,uob,NZD,SGD,NZD/SGD,1,Indicative board,board,SGD 50 – 200,std_50_200,forex_sgd,09 September 2026 05:11:23 PM,09 September 2026 05:11:23 PM,2026-09-09T16:48:15.055252+00:00,0.7492,0.7292,0.7392,1.352813852813854,1.352813852813854
standardized,uob,NZD,SGD,NZD/SGD,1,Indicative board,board,SGD < 50,std_lt_50,forex_sgd,09 September 2026 05:11:23 PM,09 September 2026 05:11:23 PM,2026-09-09T16:48:15.055252+00:00,0.7492,0.7292,0.7392,1.352813852813854,1.352813852813854
standardized,uob,PHP,SGD,PHP/SGD,100,Indicative board,board,"SGD 200 – 39,999.99",std_200_40k,forex_sgd,09 September 2026 05:11:23 PM,09 September 2026 05:11:23 PM,2026-09-09T16:48:15.055252+00:00,2.0711,,,,
standardized,uob,PHP,SGD,PHP/SGD,100,Indicative board,board,"SGD 40,000 – 100,000",std_40k_100k,forex_sgd,09 September 2026 05:11:23 PM,09 September 2026 05:11:23 PM,2026-09-09T16:48:15.055252+00:00,2.0711,,,,
standardized,uob,PHP,SGD,PHP/SGD,100,Indicative board,board,SGD 50 – 200,std_50_200,forex_sgd,09 September 2026 05:11:23 PM,09 September 2026 05:11:23 PM,2026-09-09T16:48:15.055252+00:00,2.0711,,,,
standardized,uob,PHP,SGD,PHP/SGD,100,Indicative board,board,SGD < 50,std_lt_50,forex_sgd,09 September 2026 05:11:23 PM,09 September 2026 05:11:23 PM,2026-09-09T16:48:15.055252+00:00,2.0711,,,,
standardized,uob,PKR,SGD,PKR/SGD,100,Indicative board,board,"SGD 200 – 39,999.99",std_200_40k,forex_sgd,09 September 2026 05:11:23 PM,09 September 2026 05:11:23 PM,2026-09-09T16:48:15.055252+00:00,0.4621,,,,
standardized,uob,PKR,SGD,PKR/SGD,100,Indicative board,board,"SGD 40,000 – 100,000",std_40k_100k,forex_sgd,09 September 2026 05:11:23 PM,09 September 2026 05:11:23 PM,2026-09-09T16:48:15.055252+00:00,0.4621,,,,
standardized,uob,PKR,SGD,PKR/SGD,100,Indicative board,board,SGD 50 – 200,std_50_200,forex_sgd,09 September 2026 05:11:23 PM,09 September 2026 05:11:23 PM,2026-09-09T16:48:15.055252+00:00,0.4621,,,,
standardized,uob,PKR,SGD,PKR/SGD,100,Indicative board,board,SGD < 50,std_lt_50,forex_sgd,09 September 2026 05:11:23 PM,09 September 2026 05:11:23 PM,2026-09-09T16:48:15.055252+00:00,0.4621,,,,
standardized,uob,SAR,SGD,SAR/SGD,100,Indicative board,board,"SGD 200 – 39,999.99",std_200_40k,forex_sgd,09 September 2026 05:11:23 PM,09 September 2026 05:11:23 PM,2026-09-09T16:48:15.055252+00:00,,,,,
standardized,uob,SAR,SGD,SAR/SGD,100,Indicative board,board,"SGD 40,000 – 100,000",std_40k_100k,forex_sgd,09 September 2026 05:11:23 PM,09 September 2026 05:11:23 PM,2026-09-09T16:48:15.055252+00:00,,,,,
standardized,uob,SAR,SGD,SAR/SGD,100,Indicative board,board,SGD 50 – 200,std_50_200,forex_sgd,09 September 2026 05:11:23 PM,09 September 2026 05:11:23 PM,2026-09-09T16:48:15.055252+00:00,,,,,
standardized,uob,SAR,SGD,SAR/SGD,100,Indicative board,board,SGD < 50,std_lt_50,forex_sgd,09 September 2026 05:11:23 PM,09 September 2026 05:11:23 PM,2026-09-09T16:48:15.055252+00:00,,,,,
standardized,uob,SEK,SGD,SEK/SGD,100,Indicative board,board,"SGD 200 – 39,999.99",std_200_40k,forex_sgd,09 September 2026 05:11:23 PM,09 September 2026 05:11:23 PM,2026-09-09T16:48:15.055252+00:00,13.42,12.94,13.18,1.8209408194233705,1.8209408194233705
standardized,uob,SEK,SGD,SEK/SGD,100,Indicative board,board,"SGD 40,000 – 100,000",std_40k_100k,forex_sgd,09 September 2026 05:11:23 PM,09 September 2026 05:11:23 PM,2026-09-09T16:48:15.055252+00:00,13.42,12.94,13.18,1.8209408194233705,1.8209408194233705
standardized,uob,SEK,SGD,SEK/SGD,100,Indicative board,board,SGD 50 – 200,std_50_200,forex_sgd,09 September 2026 05:11:23 PM,09 September 2026 05:11:23 PM,2026-09-09T16:48:15.055252+00:00,13.42,12.94,13.18,1.8209408194233705,1.8209408194233705
standardized,uob,SEK,SGD,SEK/SGD,100,Indicative board,board,SGD < 50,std_lt_50,forex_sgd,09 September 2026 05:11:23 PM,09 September 2026 05:11:23 PM,2026-09-09T16:48:15.055252+00:00,13.42,12.94,13.18,1.8209408194233705,1.8209408194233705
standardized,uob,THB,SGD,THB/SGD,100,Indicative board,board,"SGD 200 – 39,999.99",std_200_40k,forex_sgd,09 September 2026 05:11:23 PM,09 September 2026 05:11:23 PM,2026-09-09T16:48:15.055252+00:00,3.95,3.75,3.85,2.5974025974025996,2.5974025974025996
standardized,uob,THB,SGD,THB/SGD,100,Indicative board,board,"SGD 40,000 – 100,000",std_40k_100k,forex_sgd,09 September 2026 05:11:23 PM,09 September 2026 05:11:23 PM,2026-09-09T16:48:15.055252+00:00,3.95,3.75,3.85,2.5974025974025996,2.5974025974025996
standardized,uob,THB,SGD,THB/SGD,100,Indicative board,board,SGD 50 – 200,std_50_200,forex_sgd,09 September 2026 05:11:23 PM,09 September 2026 05:11:23 PM,2026-09-09T16:48:15.055252+00:00,3.95,3.75,3.85,2.5974025974025996,2.5974025974025996
standardized,uob,THB,SGD,THB/SGD,100,Indicative board,board,SGD < 50,std_lt_50,forex_sgd,09 September 2026 05:11:23 PM,09 September 2026 05:11:23 PM,2026-09-09T16:48:15.055252+00:00,3.95,3.75,3.85,2.5974025974025996,2.5974025974025996
standardized,uob,TWD,SGD,TWD/SGD,100,Indicative board,board,"SGD 200 – 39,999.99",std_200_40k,forex_sgd,09 September 2026 05:11:23 PM,09 September 2026 05:11:23 PM,2026-09-09T16:48:15.055252+00:00,4.1079,,,,
standardized,uob,TWD,SGD,TWD/SGD,100,Indicative board,board,"SGD 40,000 – 100,000",std_40k_100k,forex_sgd,09 September 2026 05:11:23 PM,09 September 2026 05:11:23 PM,2026-09-09T16:48:15.055252+00:00,4.1079,,,,
standardized,uob,TWD,SGD,TWD/SGD,100,Indicative board,board,SGD 50 – 200,std_50_200,forex_sgd,09 September 2026 05:11:23 PM,09 September 2026 05:11:23 PM,2026-09-09T16:48:15.055252+00:00,4.1079,,,,
standardized,uob,TWD,SGD,TWD/SGD,100,Indicative board,board,SGD < 50,std_lt_50,forex_sgd,09 September 2026 05:11:23 PM,09 September 2026 05:11:23 PM,2026-09-09T16:48:15.055252+00:00,4.1079,,,,
standardized,uob,USD,SGD,USD/SGD,1,Indicative board,board,"SGD 200 – 39,999.99",std_200_40k,forex_sgd,09 September 2026 05:11:23 PM,09 September 2026 05:11:23 PM,2026-09-09T16:48:15.055252+00:00,1.2769,1.2529,1.2649,0.9486915961736114,0.9486915961736114
standardized,uob,USD,SGD,USD/SGD,1,Indicative board,board,"SGD 40,000 – 100,000",std_40k_100k,forex_sgd,09 September 2026 05:11:23 PM,09 September 2026 05:11:23 PM,2026-09-09T16:48:15.055252+00:00,1.2769,1.2529,1.2649,0.9486915961736114,0.9486915961736114
standardized,uob,USD,SGD,USD/SGD,1,Indicative board,board,SGD 50 – 200,std_50_200,forex_sgd,09 September 2026 05:11:23 PM,09 September 2026 05:11:23 PM,2026-09-09T16:48:15.055252+00:00,1.2769,1.2529,1.2649,0.9486915961736114,0.9486915961736114
standardized,uob,USD,SGD,USD/SGD,1,Indicative board,board,SGD < 50,std_lt_50,forex_sgd,09 September 2026 05:11:23 PM,09 September 2026 05:11:23 PM,2026-09-09T16:48:15.055252+00:00,1.2769,1.2529,1.2649,0.9486915961736114,0.9486915961736114
standardized,uob,VND,SGD,VND/SGD,1000,Indicative board,board,"SGD 200 – 39,999.99",std_200_40k,forex_sgd,09 September 2026 05:11:23 PM,09 September 2026 05:11:23 PM,2026-09-09T16:48:15.055252+00:00,0.0498,,,,
standardized,uob,VND,SGD,VND/SGD,1000,Indicative board,board,"SGD 40,000 – 100,000",std_40k_100k,forex_sgd,09 September 2026 05:11:23 PM,09 September 2026 05:11:23 PM,2026-09-09T16:48:15.055252+00:00,0.0498,,,,
standardized,uob,VND,SGD,VND/SGD,1000,Indicative board,board,SGD 50 – 200,std_50_200,forex_sgd,09 September 2026 05:11:23 PM,09 September 2026 05:11:23 PM,2026-09-09T16:48:15.055252+00:00,0.0498,,,,
standardized,uob,VND,SGD,VND/SGD,1000,Indicative board,board,SGD < 50,std_lt_50,forex_sgd,09 September 2026 05:11:23 PM,09 September 2026 05:11:23 PM,2026-09-09T16:48:15.055252+00:00,0.0498,,,,
standardized,uob,XAF,SGD,XAF/SGD,100,Indicative board,board,"SGD 200 – 39,999.99",std_200_40k,forex_sgd,09 September 2026 05:11:23 PM,09 September 2026 05:11:23 PM,2026-09-09T16:48:15.055252+00:00,0.2301,,,,
standardized,uob,XAF,SGD,XAF/SGD,100,Indicative board,board,"SGD 40,000 – 100,000",std_40k_100k,forex_sgd,09 September 2026 05:11:23 PM,09 September 2026 05:11:23 PM,2026-09-09T16:48:15.055252+00:00,0.2301,,,,
standardized,uob,XAF,SGD,XAF/SGD,100,Indicative board,board,SGD 50 – 200,std_50_200,forex_sgd,09 September 2026 05:11:23 PM,09 September 2026 05:11:23 PM,2026-09-09T16:48:15.055252+00:00,0.2301,,,,
standardized,uob,XAF,SGD,XAF/SGD,100,Indicative board,board,SGD < 50,std_lt_50,forex_sgd,09 September 2026 05:11:23 PM,09 September 2026 05:11:23 PM,2026-09-09T16:48:15.055252+00:00,0.2301,,,,
standardized,uob,XOF,SGD,XOF/SGD,100,Indicative board,board,"SGD 200 – 39,999.99",std_200_40k,forex_sgd,09 September 2026 05:11:23 PM,09 September 2026 05:11:23 PM,2026-09-09T16:48:15.055252+00:00,0.2312,,,,
standardized,uob,XOF,SGD,XOF/SGD,100,Indicative board,board,"SGD 40,000 – 100,000",std_40k_100k,forex_sgd,09 September 2026 05:11:23 PM,09 September 2026 05:11:23 PM,2026-09-09T16:48:15.055252+00:00,0.2312,,,,
standardized,uob,XOF,SGD,XOF/SGD,100,Indicative board,board,SGD 50 – 200,std_50_200,forex_sgd,09 September 2026 05:11:23 PM,09 September 2026 05:11:23 PM,2026-09-09T16:48:15.055252+00:00,0.2312,,,,
standardized,uob,XOF,SGD,XOF/SGD,100,Indicative board,board,SGD < 50,std_lt_50,forex_sgd,09 September 2026 05:11:23 PM,09 September 2026 05:11:23 PM,2026-09-09T16:48:15.055252+00:00,0.2312,,,,
standardized,uob,ZAR,SGD,ZAR/SGD,1,Indicative board,board,"SGD 200 – 39,999.99",std_200_40k,forex_sgd,09 September 2026 05:11:23 PM,09 September 2026 05:11:23 PM,2026-09-09T16:48:15.055252+00:00,0.0809,0.0769,0.0789,2.5348542458808643,2.5348542458808643
standardized,uob,ZAR,SGD,ZAR/SGD,1,Indicative board,board,"SGD 40,000 – 100,000",std_40k_100k,forex_sgd,09 September 2026 05:11:23 PM,09 September 2026 05:11:23 PM,2026-09-09T16:48:15.055252+00:00,0.0809,0.0769,0.0789,2.5348542458808643,2.5348542458808643
standardized,uob,ZAR,SGD,ZAR/SGD,1,Indicative board,board,SGD 50 – 200,std_50_200,forex_sgd,09 September 2026 05:11:23 PM,09 September 2026 05:11:23 PM,2026-09-09T16:48:15.055252+00:00,0.0809,0.0769,0.0789,2.5348542458808643,2.5348542458808643
standardized,uob,ZAR,SGD,ZAR/SGD,1,Indicative board,board,SGD < 50,std_lt_50,forex_sgd,09 September 2026 05:11:23 PM,09 September 2026 05:11:23 PM,2026-09-09T16:48:15.055252+00:00,0.0809,0.0769,0.0789,2.5348542458808643,2.5348542458808643
