record_type,bank,base_currency,quote_currency,currency_pair,unit,transaction_value,amount_tier,std_transaction_value,std_amount_tier,group,effective_date,last_updated,scraped_at,tt_od_sell,tt_buy,mid_rate,bank_mid_rate,mid_source,sell_margin_pct,buy_margin_pct
native,dbs,AED,SGD,AED/SGD,1,SGD 50 – 200,amtBtw50And200,,,mainCurrencies,2026-09-04 00:30:10,2026-09-03 16:30:25,2026-09-03T16:35:04.212396+00:00,0.3472,0.3424,0.3457,0.3448,MAS,0.4339022273647675,0.954584900202495
native,dbs,AED,SGD,AED/SGD,1,SGD < 50,amtLessThan50,,,mainCurrencies,2026-09-04 00:30:10,2026-09-03 16:30:25,2026-09-03T16:35:04.212396+00:00,0.3499,0.3397,0.3457,0.3448,MAS,1.2149262366213427,1.73560890945907
native,dbs,AUD,SGD,AUD/SGD,1,SGD 50 – 200,amtBtw50And200,,,mainCurrencies,2026-09-04 00:30:10,2026-09-03 16:30:25,2026-09-03T16:35:04.212396+00:00,0.9225,0.9023,0.9104000000000001,0.9124,MAS,1.3290861159929577,0.8897188049209255
native,dbs,AUD,SGD,AUD/SGD,1,SGD < 50,amtLessThan50,,,mainCurrencies,2026-09-04 00:30:10,2026-09-03 16:30:25,2026-09-03T16:35:04.212396+00:00,0.9229,0.9018,0.9104000000000001,0.91235,MAS,1.3730228471001706,0.9446397188049266
native,dbs,BDT,SGD,BDT/SGD,100,SGD 50 – 200,amtBtw50And200,,,otherCurrencies,2026-09-04 00:30:10,2026-09-03 16:30:25,2026-09-03T16:35:04.212396+00:00,1.0408,,,,,,
native,dbs,BDT,SGD,BDT/SGD,100,SGD < 50,amtLessThan50,,,otherCurrencies,2026-09-04 00:30:10,2026-09-03 16:30:25,2026-09-03T16:35:04.212396+00:00,1.0408,,,,,,
native,dbs,BHD,SGD,BHD/SGD,1,SGD 50 – 200,amtBtw50And200,,,otherCurrencies,2026-09-04 00:30:10,2026-09-03 16:30:25,2026-09-03T16:35:04.212396+00:00,3.421,,,,,,
native,dbs,BHD,SGD,BHD/SGD,1,SGD < 50,amtLessThan50,,,otherCurrencies,2026-09-04 00:30:10,2026-09-03 16:30:25,2026-09-03T16:35:04.212396+00:00,3.4345,,,,,,
native,dbs,BND,SGD,BND/SGD,1,SGD 50 – 200,amtBtw50And200,,,otherCurrencies,2026-09-04 00:30:10,2026-09-03 16:30:25,2026-09-03T16:35:04.212396+00:00,1.0,1.0,,1.0,,,
native,dbs,BND,SGD,BND/SGD,1,SGD < 50,amtLessThan50,,,otherCurrencies,2026-09-04 00:30:10,2026-09-03 16:30:25,2026-09-03T16:35:04.212396+00:00,1.0,1.0,,1.0,,,
native,dbs,CAD,SGD,CAD/SGD,1,SGD 50 – 200,amtBtw50And200,,,mainCurrencies,2026-09-04 00:30:10,2026-09-03 16:30:25,2026-09-03T16:35:04.212396+00:00,0.9268,0.9129,0.9181999999999999,0.9198500000000001,MAS,0.9366151165323516,0.5772162927466631
native,dbs,CAD,SGD,CAD/SGD,1,SGD < 50,amtLessThan50,,,mainCurrencies,2026-09-04 00:30:10,2026-09-03 16:30:25,2026-09-03T16:35:04.212396+00:00,0.9301,0.9097,0.9181999999999999,0.9198999999999999,MAS,1.2960139403180282,0.9257242430842902
native,dbs,CHF,SGD,CHF/SGD,1,SGD 50 – 200,amtBtw50And200,,,mainCurrencies,2026-09-04 00:30:10,2026-09-03 16:30:25,2026-09-03T16:35:04.212396+00:00,1.5855,1.5554,1.5638999999999998,1.57045,MAS,1.3811624784193404,0.5435130123409395
native,dbs,CHF,SGD,CHF/SGD,1,SGD < 50,amtLessThan50,,,mainCurrencies,2026-09-04 00:30:10,2026-09-03 16:30:25,2026-09-03T16:35:04.212396+00:00,1.5863,1.5546,1.5638999999999998,1.5704500000000001,MAS,1.4323166442867319,0.5946671782083167
native,dbs,CNH,SGD,CNH/SGD,1,SGD 50 – 200,amtBtw50And200,,,mainCurrencies,2026-09-04 00:30:10,2026-09-03 16:30:25,2026-09-03T16:35:04.212396+00:00,0.1906,0.1863,,0.18845,,,
native,dbs,CNH,SGD,CNH/SGD,1,SGD < 50,amtLessThan50,,,mainCurrencies,2026-09-04 00:30:10,2026-09-03 16:30:25,2026-09-03T16:35:04.212396+00:00,0.1913,0.1856,,0.18845,,,
native,dbs,CNY,SGD,CNY/SGD,1,SGD 50 – 200,amtBtw50And200,,,otherCurrencies,2026-09-04 00:30:10,2026-09-03 16:30:25,2026-09-03T16:35:04.212396+00:00,0.1884,,0.18899999999999997,,MAS,-0.3174603174602972,
native,dbs,CNY,SGD,CNY/SGD,1,SGD < 50,amtLessThan50,,,otherCurrencies,2026-09-04 00:30:10,2026-09-03 16:30:25,2026-09-03T16:35:04.212396+00:00,0.1901,,0.18899999999999997,,MAS,0.5820105820105914,
native,dbs,DKK,SGD,DKK/SGD,1,SGD 50 – 200,amtBtw50And200,,,mainCurrencies,2026-09-04 00:30:10,2026-09-03 16:30:25,2026-09-03T16:35:04.212396+00:00,0.1998,0.1943,,0.19705,,,
native,dbs,DKK,SGD,DKK/SGD,1,SGD < 50,amtLessThan50,,,mainCurrencies,2026-09-04 00:30:10,2026-09-03 16:30:25,2026-09-03T16:35:04.212396+00:00,0.2002,0.194,,0.1971,,,
native,dbs,EUR,SGD,EUR/SGD,1,SGD 50 – 200,amtBtw50And200,,,mainCurrencies,2026-09-04 00:30:10,2026-09-03 16:30:25,2026-09-03T16:35:04.212396+00:00,1.4859,1.4607,1.4726,1.4733,MAS,0.9031644710036731,0.808094526687478
native,dbs,EUR,SGD,EUR/SGD,1,SGD < 50,amtLessThan50,,,mainCurrencies,2026-09-04 00:30:10,2026-09-03 16:30:25,2026-09-03T16:35:04.212396+00:00,1.4866,1.4599,1.4726,1.47325,MAS,0.9506994431617556,0.8624202091538731
native,dbs,GBP,SGD,GBP/SGD,1,SGD 50 – 200,amtBtw50And200,,,mainCurrencies,2026-09-04 00:30:10,2026-09-03 16:30:25,2026-09-03T16:35:04.212396+00:00,1.7284,1.7025,1.7136,1.71545,MAS,0.863678804855271,0.6477591036414629
native,dbs,GBP,SGD,GBP/SGD,1,SGD < 50,amtLessThan50,,,mainCurrencies,2026-09-04 00:30:10,2026-09-03 16:30:25,2026-09-03T16:35:04.212396+00:00,1.7302,1.7008,1.7136,1.7155,MAS,0.968720821661995,0.7469654528478012
native,dbs,HKD,SGD,HKD/SGD,1,SGD 50 – 200,amtBtw50And200,,,mainCurrencies,2026-09-04 00:30:10,2026-09-03 16:30:25,2026-09-03T16:35:04.212396+00:00,0.1631,0.1598,0.16190000000000002,0.16144999999999998,MAS,0.7411982705373557,1.2970969734404065
native,dbs,HKD,SGD,HKD/SGD,1,SGD < 50,amtLessThan50,,,mainCurrencies,2026-09-04 00:30:10,2026-09-03 16:30:25,2026-09-03T16:35:04.212396+00:00,0.1633,0.1597,0.16190000000000002,0.1615,MAS,0.8647313156269206,1.3588634959851806
native,dbs,HUF,SGD,HUF/SGD,100,SGD 50 – 200,amtBtw50And200,,,otherCurrencies,2026-09-04 00:30:10,2026-09-03 16:30:25,2026-09-03T16:35:04.212396+00:00,0.4065,,,,,,
native,dbs,HUF,SGD,HUF/SGD,100,SGD < 50,amtLessThan50,,,otherCurrencies,2026-09-04 00:30:10,2026-09-03 16:30:25,2026-09-03T16:35:04.212396+00:00,0.4081,,,,,,
native,dbs,ID0,SGD,ID0/SGD,100,SGD 50 – 200,amtBtw50And200,,,otherCurrencies,2026-09-04 00:30:10,2026-09-03 16:30:25,2026-09-03T16:35:04.212396+00:00,,,,,,,
native,dbs,ID0,SGD,ID0/SGD,100,SGD < 50,amtLessThan50,,,otherCurrencies,2026-09-04 00:30:10,2026-09-03 16:30:25,2026-09-03T16:35:04.212396+00:00,,0.0071,,,,,
native,dbs,IDR,SGD,IDR/SGD,100,SGD 50 – 200,amtBtw50And200,,,mainCurrencies,2026-09-04 00:30:10,2026-09-03 16:30:25,2026-09-03T16:35:04.212396+00:00,0.0073,,0.00718,,MAS,1.6713091922005616,
native,dbs,IDR,SGD,IDR/SGD,100,SGD < 50,amtLessThan50,,,mainCurrencies,2026-09-04 00:30:10,2026-09-03 16:30:25,2026-09-03T16:35:04.212396+00:00,0.0073,,0.00718,,MAS,1.6713091922005616,
native,dbs,IN0,SGD,IN0/SGD,100,SGD 50 – 200,amtBtw50And200,,,otherCurrencies,2026-09-04 00:30:10,2026-09-03 16:30:25,2026-09-03T16:35:04.212396+00:00,,1.3335,,,,,
native,dbs,IN0,SGD,IN0/SGD,100,SGD < 50,amtLessThan50,,,otherCurrencies,2026-09-04 00:30:10,2026-09-03 16:30:25,2026-09-03T16:35:04.212396+00:00,,1.3334,,,,,
native,dbs,INR,SGD,INR/SGD,100,SGD 50 – 200,amtBtw50And200,,,otherCurrencies,2026-09-04 00:30:10,2026-09-03 16:30:25,2026-09-03T16:35:04.212396+00:00,1.3552,,1.3448,,MAS,0.7733491969066005,
native,dbs,INR,SGD,INR/SGD,100,SGD < 50,amtLessThan50,,,otherCurrencies,2026-09-04 00:30:10,2026-09-03 16:30:25,2026-09-03T16:35:04.212396+00:00,1.366,,1.3448,,MAS,1.5764425936942377,
native,dbs,JPY,SGD,JPY/SGD,100,SGD 50 – 200,amtBtw50And200,,,mainCurrencies,2026-09-04 00:30:10,2026-09-03 16:30:25,2026-09-03T16:35:04.212396+00:00,0.8231,0.8067,0.8048,0.8149,MAS,2.2738568588469303,-0.23608349900596579
native,dbs,JPY,SGD,JPY/SGD,100,SGD < 50,amtLessThan50,,,mainCurrencies,2026-09-04 00:30:10,2026-09-03 16:30:25,2026-09-03T16:35:04.212396+00:00,0.8238,0.8057,0.8048,0.81475,MAS,2.3608349900596446,-0.11182902584493191
native,dbs,KRW,SGD,KRW/SGD,100,SGD 50 – 200,amtBtw50And200,,,otherCurrencies,2026-09-04 00:30:10,2026-09-03 16:30:25,2026-09-03T16:35:04.212396+00:00,0.0946,,0.0935,,MAS,1.1764705882352982,
native,dbs,KRW,SGD,KRW/SGD,100,SGD < 50,amtLessThan50,,,otherCurrencies,2026-09-04 00:30:10,2026-09-03 16:30:25,2026-09-03T16:35:04.212396+00:00,0.0946,,0.0935,,MAS,1.1764705882352982,
native,dbs,KWD,SGD,KWD/SGD,100,SGD 50 – 200,amtBtw50And200,,,otherCurrencies,2026-09-04 00:30:10,2026-09-03 16:30:25,2026-09-03T16:35:04.212396+00:00,419.8366,,,,,,
native,dbs,KWD,SGD,KWD/SGD,100,SGD < 50,amtLessThan50,,,otherCurrencies,2026-09-04 00:30:10,2026-09-03 16:30:25,2026-09-03T16:35:04.212396+00:00,421.4922,,,,,,
native,dbs,LKR,SGD,LKR/SGD,100,SGD 50 – 200,amtBtw50And200,,,otherCurrencies,2026-09-04 00:30:10,2026-09-03 16:30:25,2026-09-03T16:35:04.212396+00:00,0.3933,,,,,,
native,dbs,LKR,SGD,LKR/SGD,100,SGD < 50,amtLessThan50,,,otherCurrencies,2026-09-04 00:30:10,2026-09-03 16:30:25,2026-09-03T16:35:04.212396+00:00,0.3933,,,,,,
native,dbs,MM1,SGD,MM1/SGD,100,SGD 50 – 200,amtBtw50And200,,,otherCurrencies,2026-09-04 00:30:10,2026-09-03 16:30:25,2026-09-03T16:35:04.212396+00:00,,,,,,,
native,dbs,MM1,SGD,MM1/SGD,100,SGD < 50,amtLessThan50,,,otherCurrencies,2026-09-04 00:30:10,2026-09-03 16:30:25,2026-09-03T16:35:04.212396+00:00,,,,,,,
native,dbs,MMK,SGD,MMK/SGD,100,SGD 50 – 200,amtBtw50And200,,,otherCurrencies,2026-09-04 00:30:10,2026-09-03 16:30:25,2026-09-03T16:35:04.212396+00:00,0.0322,,,,,,
native,dbs,MMK,SGD,MMK/SGD,100,SGD < 50,amtLessThan50,,,otherCurrencies,2026-09-04 00:30:10,2026-09-03 16:30:25,2026-09-03T16:35:04.212396+00:00,0.0322,,,,,,
native,dbs,MUR,SGD,MUR/SGD,100,SGD 50 – 200,amtBtw50And200,,,otherCurrencies,2026-09-04 00:30:10,2026-09-03 16:30:25,2026-09-03T16:35:04.212396+00:00,2.6896,,,,,,
native,dbs,MUR,SGD,MUR/SGD,100,SGD < 50,amtLessThan50,,,otherCurrencies,2026-09-04 00:30:10,2026-09-03 16:30:25,2026-09-03T16:35:04.212396+00:00,2.7002,,,,,,
native,dbs,MXN,SGD,MXN/SGD,100,SGD 50 – 200,amtBtw50And200,,,mainCurrencies,2026-09-04 00:30:10,2026-09-03 16:30:25,2026-09-03T16:35:04.212396+00:00,7.5739,,,,,,
native,dbs,MXN,SGD,MXN/SGD,100,SGD < 50,amtLessThan50,,,mainCurrencies,2026-09-04 00:30:10,2026-09-03 16:30:25,2026-09-03T16:35:04.212396+00:00,7.5716,,,,,,
native,dbs,MY0,SGD,MY0/SGD,1,SGD 50 – 200,amtBtw50And200,,,otherCurrencies,2026-09-04 00:30:10,2026-09-03 16:30:25,2026-09-03T16:35:04.212396+00:00,,0.3123,,,,,
native,dbs,MY0,SGD,MY0/SGD,1,SGD < 50,amtLessThan50,,,otherCurrencies,2026-09-04 00:30:10,2026-09-03 16:30:25,2026-09-03T16:35:04.212396+00:00,,0.3123,,,,,
native,dbs,MYR,SGD,MYR/SGD,1,SGD 50 – 200,amtBtw50And200,,,otherCurrencies,2026-09-04 00:30:10,2026-09-03 16:30:25,2026-09-03T16:35:04.212396+00:00,0.3162,,0.3141,,MAS,0.6685768863419264,
native,dbs,MYR,SGD,MYR/SGD,1,SGD < 50,amtLessThan50,,,otherCurrencies,2026-09-04 00:30:10,2026-09-03 16:30:25,2026-09-03T16:35:04.212396+00:00,0.3162,,0.3141,,MAS,0.6685768863419264,
native,dbs,NOK,SGD,NOK/SGD,1,SGD 50 – 200,amtBtw50And200,,,mainCurrencies,2026-09-04 00:30:10,2026-09-03 16:30:25,2026-09-03T16:35:04.212396+00:00,0.1383,0.1344,,0.13635,,,
native,dbs,NOK,SGD,NOK/SGD,1,SGD < 50,amtLessThan50,,,mainCurrencies,2026-09-04 00:30:10,2026-09-03 16:30:25,2026-09-03T16:35:04.212396+00:00,0.1387,0.134,,0.13635,,,
native,dbs,NZD,SGD,NZD/SGD,1,SGD 50 – 200,amtBtw50And200,,,mainCurrencies,2026-09-04 00:30:10,2026-09-03 16:30:25,2026-09-03T16:35:04.212396+00:00,0.7544,0.7371,0.7444,0.7457499999999999,MAS,1.3433637829124139,0.9806555615260577
native,dbs,NZD,SGD,NZD/SGD,1,SGD < 50,amtLessThan50,,,mainCurrencies,2026-09-04 00:30:10,2026-09-03 16:30:25,2026-09-03T16:35:04.212396+00:00,0.7552,0.7364,0.7444,0.7458,MAS,1.45083288554541,1.0746910263299163
native,dbs,OMR,SGD,OMR/SGD,1,SGD 50 – 200,amtBtw50And200,,,otherCurrencies,2026-09-04 00:30:10,2026-09-03 16:30:25,2026-09-03T16:35:04.212396+00:00,3.3126,,,,,,
native,dbs,OMR,SGD,OMR/SGD,1,SGD < 50,amtLessThan50,,,otherCurrencies,2026-09-04 00:30:10,2026-09-03 16:30:25,2026-09-03T16:35:04.212396+00:00,3.3126,,,,,,
native,dbs,PH0,SGD,PH0/SGD,100,SGD 50 – 200,amtBtw50And200,,,otherCurrencies,2026-09-04 00:30:10,2026-09-03 16:30:25,2026-09-03T16:35:04.212396+00:00,,2.0183,,,,,
native,dbs,PH0,SGD,PH0/SGD,100,SGD < 50,amtLessThan50,,,otherCurrencies,2026-09-04 00:30:10,2026-09-03 16:30:25,2026-09-03T16:35:04.212396+00:00,,2.0186,,,,,
native,dbs,PHP,SGD,PHP/SGD,100,SGD 50 – 200,amtBtw50And200,,,otherCurrencies,2026-09-04 00:30:10,2026-09-03 16:30:25,2026-09-03T16:35:04.212396+00:00,2.0486,,2.0311,,MAS,0.8616020875387755,
native,dbs,PHP,SGD,PHP/SGD,100,SGD < 50,amtLessThan50,,,otherCurrencies,2026-09-04 00:30:10,2026-09-03 16:30:25,2026-09-03T16:35:04.212396+00:00,2.064,,2.0311,,MAS,1.619811924572899,
native,dbs,PLN,SGD,PLN/SGD,1,SGD 50 – 200,amtBtw50And200,,,otherCurrencies,2026-09-04 00:30:10,2026-09-03 16:30:25,2026-09-03T16:35:04.212396+00:00,0.3452,,,,,,
native,dbs,PLN,SGD,PLN/SGD,1,SGD < 50,amtLessThan50,,,otherCurrencies,2026-09-04 00:30:10,2026-09-03 16:30:25,2026-09-03T16:35:04.212396+00:00,0.3465,,,,,,
native,dbs,QAR,SGD,QAR/SGD,1,SGD 50 – 200,amtBtw50And200,,,otherCurrencies,2026-09-04 00:30:10,2026-09-03 16:30:25,2026-09-03T16:35:04.212396+00:00,0.3551,,0.3483,,MAS,1.952339936836069,
native,dbs,QAR,SGD,QAR/SGD,1,SGD < 50,amtLessThan50,,,otherCurrencies,2026-09-04 00:30:10,2026-09-03 16:30:25,2026-09-03T16:35:04.212396+00:00,0.3565,,0.3483,,MAS,2.3542922767728927,
native,dbs,RUB,SGD,RUB/SGD,100,SGD 50 – 200,amtBtw50And200,,,mainCurrencies,2026-09-04 00:30:10,2026-09-03 16:30:25,2026-09-03T16:35:04.212396+00:00,,,,,,,
native,dbs,RUB,SGD,RUB/SGD,100,SGD < 50,amtLessThan50,,,mainCurrencies,2026-09-04 00:30:10,2026-09-03 16:30:25,2026-09-03T16:35:04.212396+00:00,,,,,,,
native,dbs,SAR,SGD,SAR/SGD,100,SGD 50 – 200,amtBtw50And200,,,otherCurrencies,2026-09-04 00:30:10,2026-09-03 16:30:25,2026-09-03T16:35:04.212396+00:00,34.1491,,33.82,,MAS,0.9730928444707181,
native,dbs,SAR,SGD,SAR/SGD,100,SGD < 50,amtLessThan50,,,otherCurrencies,2026-09-04 00:30:10,2026-09-03 16:30:25,2026-09-03T16:35:04.212396+00:00,34.1491,,33.82,,MAS,0.9730928444707181,
native,dbs,SEK,SGD,SEK/SGD,1,SGD 50 – 200,amtBtw50And200,,,mainCurrencies,2026-09-04 00:30:10,2026-09-03 16:30:25,2026-09-03T16:35:04.212396+00:00,0.1345,0.1309,,0.13269999999999998,,,
native,dbs,SEK,SGD,SEK/SGD,1,SGD < 50,amtLessThan50,,,mainCurrencies,2026-09-04 00:30:10,2026-09-03 16:30:25,2026-09-03T16:35:04.212396+00:00,0.1351,0.1304,,0.13274999999999998,,,
native,dbs,THB,SGD,THB/SGD,100,SGD 50 – 200,amtBtw50And200,,,mainCurrencies,2026-09-04 00:30:10,2026-09-03 16:30:25,2026-09-03T16:35:04.212396+00:00,3.9091,3.7905,3.8473,3.8498,MAS,1.606321316247754,1.4763600447066765
native,dbs,THB,SGD,THB/SGD,100,SGD < 50,amtLessThan50,,,mainCurrencies,2026-09-04 00:30:10,2026-09-03 16:30:25,2026-09-03T16:35:04.212396+00:00,3.9134,3.7863,3.8473,3.84985,MAS,1.7180880097730888,1.5855275128011836
native,dbs,TND,SGD,TND/SGD,1,SGD 50 – 200,amtBtw50And200,,,otherCurrencies,2026-09-04 00:30:10,2026-09-03 16:30:25,2026-09-03T16:35:04.212396+00:00,0.4426,,,,,,
native,dbs,TND,SGD,TND/SGD,1,SGD < 50,amtLessThan50,,,otherCurrencies,2026-09-04 00:30:10,2026-09-03 16:30:25,2026-09-03T16:35:04.212396+00:00,0.4426,,,,,,
native,dbs,TWD,SGD,TWD/SGD,100,SGD 50 – 200,amtBtw50And200,,,otherCurrencies,2026-09-04 00:30:10,2026-09-03 16:30:25,2026-09-03T16:35:04.212396+00:00,4.0351,,4.0044,,MAS,0.7666566776545676,
native,dbs,TWD,SGD,TWD/SGD,100,SGD < 50,amtLessThan50,,,otherCurrencies,2026-09-04 00:30:10,2026-09-03 16:30:25,2026-09-03T16:35:04.212396+00:00,4.0391,,4.0044,,MAS,0.866546798521625,
native,dbs,USD,SGD,USD/SGD,1,SGD 50 – 200,amtBtw50And200,,,mainCurrencies,2026-09-04 00:30:10,2026-09-03 16:30:25,2026-09-03T16:35:04.212396+00:00,1.277,1.2559,1.2698,1.2664499999999999,MAS,0.5670184280989032,1.0946605764687372
native,dbs,USD,SGD,USD/SGD,1,SGD < 50,amtLessThan50,,,mainCurrencies,2026-09-04 00:30:10,2026-09-03 16:30:25,2026-09-03T16:35:04.212396+00:00,1.2779,1.255,1.2698,1.2664499999999999,MAS,0.6378957316112771,1.165537879981111
native,dbs,VND,SGD,VND/SGD,100,SGD 50 – 200,amtBtw50And200,,,otherCurrencies,2026-09-04 00:30:10,2026-09-03 16:30:25,2026-09-03T16:35:04.212396+00:00,0.005,,0.004864,,MAS,2.796052631578944,
native,dbs,VND,SGD,VND/SGD,100,SGD < 50,amtLessThan50,,,otherCurrencies,2026-09-04 00:30:10,2026-09-03 16:30:25,2026-09-03T16:35:04.212396+00:00,0.005,,0.004864,,MAS,2.796052631578944,
native,dbs,XAU,SGD,XAU/SGD,1,SGD 50 – 200,amtBtw50And200,,,otherCurrencies,2026-09-04 00:30:10,2026-09-03 16:30:25,2026-09-03T16:35:04.212396+00:00,5722.707,5653.351,,5688.029,,,
native,dbs,XAU,SGD,XAU/SGD,1,SGD < 50,amtLessThan50,,,otherCurrencies,2026-09-04 00:30:10,2026-09-03 16:30:25,2026-09-03T16:35:04.212396+00:00,5722.752,5653.396,,5688.0740000000005,,,
native,dbs,ZAR,SGD,ZAR/SGD,1,SGD 50 – 200,amtBtw50And200,,,otherCurrencies,2026-09-04 00:30:10,2026-09-03 16:30:25,2026-09-03T16:35:04.212396+00:00,0.0801,0.0781,,0.0791,,,
native,dbs,ZAR,SGD,ZAR/SGD,1,SGD < 50,amtLessThan50,,,otherCurrencies,2026-09-04 00:30:10,2026-09-03 16:30:25,2026-09-03T16:35:04.212396+00:00,0.0804,0.0778,,0.0791,,,
native,hsbc,AED,SGD,AED/SGD,100,Indicative board,board,,,indicative_fx,2026-9-3,2026-9-3,2026-09-03T16:35:07.693878+00:00,35.74,33.48,34.57,34.61,MAS,3.3844373734451887,3.1530228521839843
native,hsbc,AUD,SGD,AUD/SGD,1,Indicative board,board,,,indicative_fx,2026-9-3,2026-9-3,2026-09-03T16:35:07.693878+00:00,0.9382,0.8832,0.9104000000000001,0.9107000000000001,MAS,3.053602811950783,2.9876977152899946
native,hsbc,CAD,SGD,CAD/SGD,1,Indicative board,board,,,indicative_fx,2026-9-3,2026-9-3,2026-09-03T16:35:07.693878+00:00,0.9465,0.891,0.9181999999999999,0.91875,MAS,3.0821171857983125,2.962317577869734
native,hsbc,CHF,SGD,CHF/SGD,100,Indicative board,board,,,indicative_fx,2026-9-3,2026-9-3,2026-09-03T16:35:07.693878+00:00,161.15,151.71,156.39,156.43,MAS,3.0436728691092907,2.9925187032418816
native,hsbc,CNY,SGD,CNY/SGD,100,Indicative board,board,,,indicative_fx,2026-9-3,2026-9-3,2026-09-03T16:35:07.693878+00:00,19.54,18.3,18.9,18.92,MAS,3.386243386243389,3.1746031746031633
native,hsbc,DKK,SGD,DKK/SGD,100,Indicative board,board,,,indicative_fx,2026-9-3,2026-9-3,2026-09-03T16:35:07.693878+00:00,20.3,19.11,,19.705,,,
native,hsbc,EUR,SGD,EUR/SGD,1,Indicative board,board,,,indicative_fx,2026-9-3,2026-9-3,2026-09-03T16:35:07.693878+00:00,1.5175,1.4287,1.4726,1.4731,MAS,3.0490289284259244,2.9811218253429193
native,hsbc,FJD,SGD,FJD/SGD,1,Indicative board,board,,,indicative_fx,2026-9-3,2026-9-3,2026-09-03T16:35:07.693878+00:00,0.6034,,,,,,
native,hsbc,GBP,SGD,GBP/SGD,1,Indicative board,board,,,indicative_fx,2026-9-3,2026-9-3,2026-09-03T16:35:07.693878+00:00,1.7658,1.6624,1.7136,1.7141000000000002,MAS,3.046218487394959,2.987861811391218
native,hsbc,HKD,SGD,HKD/SGD,100,Indicative board,board,,,indicative_fx,2026-9-3,2026-9-3,2026-09-03T16:35:07.693878+00:00,16.41,16.0,16.19,16.205,MAS,1.3588634959851689,1.1735639283508417
native,hsbc,IDR,SGD,IDR/SGD,100,Indicative board,board,,,indicative_fx,2026-9-3,2026-9-3,2026-09-03T16:35:07.693878+00:00,0.0074,,0.00718,,MAS,3.0640668523676964,
native,hsbc,INR,SGD,INR/SGD,100,Indicative board,board,,,indicative_fx,2026-9-3,2026-9-3,2026-09-03T16:35:07.693878+00:00,1.38,,1.3448,,MAS,2.617489589530034,
native,hsbc,JPY,SGD,JPY/SGD,100,Indicative board,board,,,indicative_fx,2026-9-3,2026-9-3,2026-09-03T16:35:07.693878+00:00,0.8244,0.7762,0.8048,0.8003,MAS,2.4353876739562703,3.553677932405561
native,hsbc,LKR,SGD,LKR/SGD,100,Indicative board,board,,,indicative_fx,2026-9-3,2026-9-3,2026-09-03T16:35:07.693878+00:00,0.4,,,,,,
native,hsbc,MUR,SGD,MUR/SGD,100,Indicative board,board,,,indicative_fx,2026-9-3,2026-9-3,2026-09-03T16:35:07.693878+00:00,2.79,2.6,,2.6950000000000003,,,
native,hsbc,NOK,SGD,NOK/SGD,100,Indicative board,board,,,indicative_fx,2026-9-3,2026-9-3,2026-09-03T16:35:07.693878+00:00,14.06,13.23,,13.645,,,
native,hsbc,NZD,SGD,NZD/SGD,1,Indicative board,board,,,indicative_fx,2026-9-3,2026-9-3,2026-09-03T16:35:07.693878+00:00,0.7667,0.7217,0.7444,0.7442,MAS,2.9957012358946935,3.049435787211169
native,hsbc,PHP,SGD,PHP/SGD,100,Indicative board,board,,,indicative_fx,2026-9-3,2026-9-3,2026-09-03T16:35:07.693878+00:00,2.1,,2.0311,,MAS,3.3922505046526608,
native,hsbc,PKR,SGD,PKR/SGD,100,Indicative board,board,,,indicative_fx,2026-9-3,2026-9-3,2026-09-03T16:35:07.693878+00:00,0.47,,,,,,
native,hsbc,QAR,SGD,QAR/SGD,100,Indicative board,board,,,indicative_fx,2026-9-3,2026-9-3,2026-09-03T16:35:07.693878+00:00,35.31,34.43,34.83,34.870000000000005,MAS,1.378122308354878,1.1484352569623848
native,hsbc,RUB,SGD,RUB/SGD,100,Indicative board,board,,,indicative_fx,2026-9-3,2026-9-3,2026-09-03T16:35:07.693878+00:00,15.07,14.05,,14.56,,,
native,hsbc,SAR,SGD,SAR/SGD,100,Indicative board,board,,,indicative_fx,2026-9-3,2026-9-3,2026-09-03T16:35:07.693878+00:00,34.28,33.42,33.82,33.85,MAS,1.3601419278533438,1.182732111176814
native,hsbc,SEK,SGD,SEK/SGD,100,Indicative board,board,,,indicative_fx,2026-9-3,2026-9-3,2026-09-03T16:35:07.693878+00:00,13.6,12.8,,13.2,,,
native,hsbc,THB,SGD,THB/SGD,100,Indicative board,board,,,indicative_fx,2026-9-3,2026-9-3,2026-09-03T16:35:07.693878+00:00,3.96,,3.8473,,MAS,2.929327060535955,
native,hsbc,TRY,SGD,TRY/SGD,1,Indicative board,board,,,indicative_fx,2026-9-3,2026-9-3,2026-09-03T16:35:07.693878+00:00,0.0271,,,,,,
native,hsbc,USD,SGD,USD/SGD,1,Indicative board,board,,,indicative_fx,2026-9-3,2026-9-3,2026-09-03T16:35:07.693878+00:00,1.2966,1.2456,1.2698,1.2711000000000001,MAS,2.110568593479283,1.905811938888014
native,hsbc,ZAR,SGD,ZAR/SGD,1,Indicative board,board,,,indicative_fx,2026-9-3,2026-9-3,2026-09-03T16:35:07.693878+00:00,0.0817,0.0765,,0.0791,,,
native,ocbc,AED,SGD,AED/SGD,100,"SGD 0 – 39,999.99",tier_1,,,fxRatesSgd,2026-09-03T07:00:12,2026-09-03T07:00:12,2026-09-03T16:35:05.210265+00:00,35.4288,33.4241,34.57,34.4265,MAS,2.484234885739087,3.3147237489152372
native,ocbc,AED,SGD,AED/SGD,100,"SGD 40,000 – 100,000",tier_2,,,fxRatesSgd,2026-09-03T07:00:12,2026-09-03T07:00:12,2026-09-03T16:35:05.210265+00:00,35.4184,33.4412,34.57,34.4265,MAS,2.454150997975117,3.265258894995656
native,ocbc,AUD,SGD,AUD/SGD,1,"SGD 0 – 39,999.99",tier_1,,,fxRatesSgd,2026-09-03T07:00:12,2026-09-03T07:00:12,2026-09-03T16:35:05.210265+00:00,0.9287,0.8992,0.9104000000000001,0.914,MAS,2.010105448154643,1.2302284710017681
native,ocbc,AUD,SGD,AUD/SGD,1,"SGD 40,000 – 100,000",tier_2,,,fxRatesSgd,2026-09-03T07:00:12,2026-09-03T07:00:12,2026-09-03T16:35:05.210265+00:00,0.9268,0.9011,0.9104000000000001,0.914,MAS,1.8014059753954148,1.02152899824254
native,ocbc,BGN,SGD,BGN/SGD,100,"SGD 0 – 39,999.99",tier_1,,,fxRatesSgd,2026-09-03T07:00:12,2026-09-03T07:00:12,2026-09-03T16:35:05.210265+00:00,0.0,0.0,,0.0,,,
native,ocbc,BGN,SGD,BGN/SGD,100,"SGD 40,000 – 100,000",tier_2,,,fxRatesSgd,2026-09-03T07:00:12,2026-09-03T07:00:12,2026-09-03T16:35:05.210265+00:00,0.0,0.0,,0.0,,,
native,ocbc,BHD,SGD,BHD/SGD,1,"SGD 0 – 39,999.99",tier_1,,,fxRatesSgd,2026-09-03T07:00:12,2026-09-03T07:00:12,2026-09-03T16:35:05.210265+00:00,0.0,0.0,,0.0,,,
native,ocbc,BHD,SGD,BHD/SGD,1,"SGD 40,000 – 100,000",tier_2,,,fxRatesSgd,2026-09-03T07:00:12,2026-09-03T07:00:12,2026-09-03T16:35:05.210265+00:00,0.0,0.0,,0.0,,,
native,ocbc,CAD,SGD,CAD/SGD,1,"SGD 0 – 39,999.99",tier_1,,,fxRatesSgd,2026-09-03T07:00:12,2026-09-03T07:00:12,2026-09-03T16:35:05.210265+00:00,0.9357,0.9025,0.9181999999999999,0.9191,MAS,1.9059028534088511,1.709867131343927
native,ocbc,CAD,SGD,CAD/SGD,1,"SGD 40,000 – 100,000",tier_2,,,fxRatesSgd,2026-09-03T07:00:12,2026-09-03T07:00:12,2026-09-03T16:35:05.210265+00:00,0.9339,0.9043,0.9181999999999999,0.9191,MAS,1.709867131343939,1.5138314092790148
native,ocbc,CHF,SGD,CHF/SGD,100,"SGD 0 – 39,999.99",tier_1,,,fxRatesSgd,2026-09-03T07:00:12,2026-09-03T07:00:12,2026-09-03T16:35:05.210265+00:00,159.5949,153.9187,156.39,156.7568,MAS,2.0492998273546963,1.5802161263507803
native,ocbc,CHF,SGD,CHF/SGD,100,"SGD 40,000 – 100,000",tier_2,,,fxRatesSgd,2026-09-03T07:00:12,2026-09-03T07:00:12,2026-09-03T16:35:05.210265+00:00,159.2814,154.2322,156.39,156.7568,MAS,1.8488394398618868,1.3797557388579709
native,ocbc,CNH,SGD,CNH/SGD,100,"SGD 0 – 39,999.99",tier_1,,,fxRatesSgd,2026-09-03T07:00:12,2026-09-03T07:00:12,2026-09-03T16:35:05.210265+00:00,19.2188,18.6495,,18.9342,,,
native,ocbc,CNH,SGD,CNH/SGD,100,"SGD 40,000 – 100,000",tier_2,,,fxRatesSgd,2026-09-03T07:00:12,2026-09-03T07:00:12,2026-09-03T16:35:05.210265+00:00,19.1999,18.6684,,18.9342,,,
native,ocbc,CZK,SGD,CZK/SGD,100,"SGD 0 – 39,999.99",tier_1,,,fxRatesSgd,2026-09-03T07:00:12,2026-09-03T07:00:12,2026-09-03T16:35:05.210265+00:00,0.0,0.0,,0.0,,,
native,ocbc,CZK,SGD,CZK/SGD,100,"SGD 40,000 – 100,000",tier_2,,,fxRatesSgd,2026-09-03T07:00:12,2026-09-03T07:00:12,2026-09-03T16:35:05.210265+00:00,0.0,0.0,,0.0,,,
native,ocbc,DKK,SGD,DKK/SGD,100,"SGD 0 – 39,999.99",tier_1,,,fxRatesSgd,2026-09-03T07:00:12,2026-09-03T07:00:12,2026-09-03T16:35:05.210265+00:00,20.0495,19.3375,,19.6935,,,
native,ocbc,DKK,SGD,DKK/SGD,100,"SGD 40,000 – 100,000",tier_2,,,fxRatesSgd,2026-09-03T07:00:12,2026-09-03T07:00:12,2026-09-03T16:35:05.210265+00:00,20.0101,19.3769,,19.6935,,,
native,ocbc,EUR,SGD,EUR/SGD,1,"SGD 0 – 39,999.99",tier_1,,,fxRatesSgd,2026-09-03T07:00:12,2026-09-03T07:00:12,2026-09-03T16:35:05.210265+00:00,1.4886,1.4521,1.4726,1.4704,MAS,1.0865136493277205,1.3920956132011384
native,ocbc,EUR,SGD,EUR/SGD,1,"SGD 40,000 – 100,000",tier_2,,,fxRatesSgd,2026-09-03T07:00:12,2026-09-03T07:00:12,2026-09-03T16:35:05.210265+00:00,1.4869,1.454,1.4726,1.4704,MAS,0.9710715740866632,1.263072117343471
native,ocbc,GBP,SGD,GBP/SGD,1,"SGD 0 – 39,999.99",tier_1,,,fxRatesSgd,2026-09-03T07:00:12,2026-09-03T07:00:12,2026-09-03T16:35:05.210265+00:00,1.7343,1.6883,1.7136,1.7113,MAS,1.2079831932773075,1.476423902894497
native,ocbc,GBP,SGD,GBP/SGD,1,"SGD 40,000 – 100,000",tier_2,,,fxRatesSgd,2026-09-03T07:00:12,2026-09-03T07:00:12,2026-09-03T16:35:05.210265+00:00,1.7326,1.6904,1.7136,1.7113,MAS,1.1087768440709562,1.3538748832866543
native,ocbc,HKD,SGD,HKD/SGD,100,"SGD 0 – 39,999.99",tier_1,,,fxRatesSgd,2026-09-03T07:00:12,2026-09-03T07:00:12,2026-09-03T16:35:05.210265+00:00,16.3851,15.9884,16.19,16.1868,MAS,1.2050648548486722,1.2452130945027848
native,ocbc,HKD,SGD,HKD/SGD,100,"SGD 40,000 – 100,000",tier_2,,,fxRatesSgd,2026-09-03T07:00:12,2026-09-03T07:00:12,2026-09-03T16:35:05.210265+00:00,16.356,15.9981,16.19,16.1868,MAS,1.0253242742433621,1.1852995676343447
native,ocbc,HUF,SGD,HUF/SGD,100,"SGD 0 – 39,999.99",tier_1,,,fxRatesSgd,2026-09-03T07:00:12,2026-09-03T07:00:12,2026-09-03T16:35:05.210265+00:00,0.0,0.0,,0.0,,,
native,ocbc,HUF,SGD,HUF/SGD,100,"SGD 40,000 – 100,000",tier_2,,,fxRatesSgd,2026-09-03T07:00:12,2026-09-03T07:00:12,2026-09-03T16:35:05.210265+00:00,0.0,0.0,,0.0,,,
native,ocbc,IDR,SGD,IDR/SGD,100,"SGD 0 – 39,999.99",tier_1,,,fxRatesSgd,2026-09-03T07:00:12,2026-09-03T07:00:12,2026-09-03T16:35:05.210265+00:00,0.0074,0.0,0.00718,0.0074,MAS,3.0640668523676964,100.0
native,ocbc,IDR,SGD,IDR/SGD,100,"SGD 40,000 – 100,000",tier_2,,,fxRatesSgd,2026-09-03T07:00:12,2026-09-03T07:00:12,2026-09-03T16:35:05.210265+00:00,0.0074,0.0,0.00718,0.0074,MAS,3.0640668523676964,100.0
native,ocbc,ILS,SGD,ILS/SGD,100,"SGD 0 – 39,999.99",tier_1,,,fxRatesSgd,2026-09-03T07:00:12,2026-09-03T07:00:12,2026-09-03T16:35:05.210265+00:00,0.0,0.0,,0.0,,,
native,ocbc,ILS,SGD,ILS/SGD,100,"SGD 40,000 – 100,000",tier_2,,,fxRatesSgd,2026-09-03T07:00:12,2026-09-03T07:00:12,2026-09-03T16:35:05.210265+00:00,0.0,0.0,,0.0,,,
native,ocbc,INR,SGD,INR/SGD,100,"SGD 0 – 39,999.99",tier_1,,,fxRatesSgd,2026-09-03T07:00:12,2026-09-03T07:00:12,2026-09-03T16:35:05.210265+00:00,1.3864,0.0,1.3448,1.3864,MAS,3.093396787626419,100.0
native,ocbc,INR,SGD,INR/SGD,100,"SGD 40,000 – 100,000",tier_2,,,fxRatesSgd,2026-09-03T07:00:12,2026-09-03T07:00:12,2026-09-03T16:35:05.210265+00:00,1.3837,0.0,1.3448,1.3864,MAS,2.8926234384295015,100.0
native,ocbc,JOD,SGD,JOD/SGD,1,"SGD 0 – 39,999.99",tier_1,,,fxRatesSgd,2026-09-03T07:00:12,2026-09-03T07:00:12,2026-09-03T16:35:05.210265+00:00,0.0,0.0,,0.0,,,
native,ocbc,JOD,SGD,JOD/SGD,1,"SGD 40,000 – 100,000",tier_2,,,fxRatesSgd,2026-09-03T07:00:12,2026-09-03T07:00:12,2026-09-03T16:35:05.210265+00:00,0.0,0.0,,0.0,,,
native,ocbc,JPY,SGD,JPY/SGD,100,"SGD 0 – 39,999.99",tier_1,,,fxRatesSgd,2026-09-03T07:00:12,2026-09-03T07:00:12,2026-09-03T16:35:05.210265+00:00,0.8221,0.802,0.8048,0.8121,MAS,2.1496023856858963,0.3479125248508839
native,ocbc,JPY,SGD,JPY/SGD,100,"SGD 40,000 – 100,000",tier_2,,,fxRatesSgd,2026-09-03T07:00:12,2026-09-03T07:00:12,2026-09-03T16:35:05.210265+00:00,0.8213,0.8034,0.8048,0.8121,MAS,2.0501988071570665,0.17395626242544196
native,ocbc,KRW,SGD,KRW/SGD,100,"SGD 0 – 39,999.99",tier_1,,,fxRatesSgd,2026-09-03T07:00:12,2026-09-03T07:00:12,2026-09-03T16:35:05.210265+00:00,0.0,0.0,0.0935,0.0,MAS,-100.0,100.0
native,ocbc,KRW,SGD,KRW/SGD,100,"SGD 40,000 – 100,000",tier_2,,,fxRatesSgd,2026-09-03T07:00:12,2026-09-03T07:00:12,2026-09-03T16:35:05.210265+00:00,0.0,0.0,0.0935,0.0,MAS,-100.0,100.0
native,ocbc,LKR,SGD,LKR/SGD,100,"SGD 0 – 39,999.99",tier_1,,,fxRatesSgd,2026-09-03T07:00:12,2026-09-03T07:00:12,2026-09-03T16:35:05.210265+00:00,0.3984,0.0,,0.3984,,,
native,ocbc,LKR,SGD,LKR/SGD,100,"SGD 40,000 – 100,000",tier_2,,,fxRatesSgd,2026-09-03T07:00:12,2026-09-03T07:00:12,2026-09-03T16:35:05.210265+00:00,0.3976,0.0,,0.3984,,,
native,ocbc,MAD,SGD,MAD/SGD,100,"SGD 0 – 39,999.99",tier_1,,,fxRatesSgd,2026-09-03T07:00:12,2026-09-03T07:00:12,2026-09-03T16:35:05.210265+00:00,0.0,0.0,,0.0,,,
native,ocbc,MAD,SGD,MAD/SGD,100,"SGD 40,000 – 100,000",tier_2,,,fxRatesSgd,2026-09-03T07:00:12,2026-09-03T07:00:12,2026-09-03T16:35:05.210265+00:00,0.0,0.0,,0.0,,,
native,ocbc,MXN,SGD,MXN/SGD,100,"SGD 0 – 39,999.99",tier_1,,,fxRatesSgd,2026-09-03T07:00:12,2026-09-03T07:00:12,2026-09-03T16:35:05.210265+00:00,7.7052,0.0,,7.7052,,,
native,ocbc,MXN,SGD,MXN/SGD,100,"SGD 40,000 – 100,000",tier_2,,,fxRatesSgd,2026-09-03T07:00:12,2026-09-03T07:00:12,2026-09-03T16:35:05.210265+00:00,7.7037,0.0,,7.7052,,,
native,ocbc,MYR,SGD,MYR/SGD,100,"SGD 0 – 39,999.99",tier_1,,,fxRatesSgd,2026-09-03T07:00:12,2026-09-03T07:00:12,2026-09-03T16:35:05.210265+00:00,0.0,0.0,31.41,0.0,MAS,-100.0,100.0
native,ocbc,MYR,SGD,MYR/SGD,100,"SGD 40,000 – 100,000",tier_2,,,fxRatesSgd,2026-09-03T07:00:12,2026-09-03T07:00:12,2026-09-03T16:35:05.210265+00:00,0.0,0.0,31.41,0.0,MAS,-100.0,100.0
native,ocbc,NOK,SGD,NOK/SGD,100,"SGD 0 – 39,999.99",tier_1,,,fxRatesSgd,2026-09-03T07:00:12,2026-09-03T07:00:12,2026-09-03T16:35:05.210265+00:00,13.8774,13.3827,,13.6301,,,
native,ocbc,NOK,SGD,NOK/SGD,100,"SGD 40,000 – 100,000",tier_2,,,fxRatesSgd,2026-09-03T07:00:12,2026-09-03T07:00:12,2026-09-03T16:35:05.210265+00:00,13.8501,13.41,,13.6301,,,
native,ocbc,NZD,SGD,NZD/SGD,1,"SGD 0 – 39,999.99",tier_1,,,fxRatesSgd,2026-09-03T07:00:12,2026-09-03T07:00:12,2026-09-03T16:35:05.210265+00:00,0.7595,0.7336,0.7444,0.7466,MAS,2.0284793121977436,1.4508328855453951
native,ocbc,NZD,SGD,NZD/SGD,1,"SGD 40,000 – 100,000",tier_2,,,fxRatesSgd,2026-09-03T07:00:12,2026-09-03T07:00:12,2026-09-03T16:35:05.210265+00:00,0.7576,0.7358,0.7444,0.7466,MAS,1.7732401934443982,1.155292853304667
native,ocbc,OMR,SGD,OMR/SGD,1,"SGD 0 – 39,999.99",tier_1,,,fxRatesSgd,2026-09-03T07:00:12,2026-09-03T07:00:12,2026-09-03T16:35:05.210265+00:00,0.0,0.0,,0.0,,,
native,ocbc,OMR,SGD,OMR/SGD,1,"SGD 40,000 – 100,000",tier_2,,,fxRatesSgd,2026-09-03T07:00:12,2026-09-03T07:00:12,2026-09-03T16:35:05.210265+00:00,0.0,0.0,,0.0,,,
native,ocbc,PHP,SGD,PHP/SGD,100,"SGD 0 – 39,999.99",tier_1,,,fxRatesSgd,2026-09-03T07:00:12,2026-09-03T07:00:12,2026-09-03T16:35:05.210265+00:00,2.0887,0.0,2.0311,2.0887,MAS,2.8359017281276095,100.0
native,ocbc,PHP,SGD,PHP/SGD,100,"SGD 40,000 – 100,000",tier_2,,,fxRatesSgd,2026-09-03T07:00:12,2026-09-03T07:00:12,2026-09-03T16:35:05.210265+00:00,2.0877,0.0,2.0311,2.0887,MAS,2.7866673231253993,100.0
native,ocbc,PLN,SGD,PLN/SGD,100,"SGD 0 – 39,999.99",tier_1,,,fxRatesSgd,2026-09-03T07:00:12,2026-09-03T07:00:12,2026-09-03T16:35:05.210265+00:00,34.9897,32.7968,,33.8933,,,
native,ocbc,PLN,SGD,PLN/SGD,100,"SGD 40,000 – 100,000",tier_2,,,fxRatesSgd,2026-09-03T07:00:12,2026-09-03T07:00:12,2026-09-03T16:35:05.210265+00:00,34.9724,32.8236,,33.8933,,,
native,ocbc,QAR,SGD,QAR/SGD,100,"SGD 0 – 39,999.99",tier_1,,,fxRatesSgd,2026-09-03T07:00:12,2026-09-03T07:00:12,2026-09-03T16:35:05.210265+00:00,35.797,33.7508,34.83,34.7739,MAS,2.7763422337065715,3.0984783232845254
native,ocbc,QAR,SGD,QAR/SGD,100,"SGD 40,000 – 100,000",tier_2,,,fxRatesSgd,2026-09-03T07:00:12,2026-09-03T07:00:12,2026-09-03T16:35:05.210265+00:00,35.7758,33.768,34.83,34.7739,MAS,2.715475165087564,3.0490956072351354
native,ocbc,RON,SGD,RON/SGD,100,"SGD 0 – 39,999.99",tier_1,,,fxRatesSgd,2026-09-03T07:00:12,2026-09-03T07:00:12,2026-09-03T16:35:05.210265+00:00,0.0,0.0,,0.0,,,
native,ocbc,RON,SGD,RON/SGD,100,"SGD 40,000 – 100,000",tier_2,,,fxRatesSgd,2026-09-03T07:00:12,2026-09-03T07:00:12,2026-09-03T16:35:05.210265+00:00,0.0,0.0,,0.0,,,
native,ocbc,RUB,SGD,RUB/SGD,100,"SGD 0 – 39,999.99",tier_1,,,fxRatesSgd,2026-09-03T07:00:12,2026-09-03T07:00:12,2026-09-03T16:35:05.210265+00:00,0.0,0.0,,0.0,,,
native,ocbc,RUB,SGD,RUB/SGD,100,"SGD 40,000 – 100,000",tier_2,,,fxRatesSgd,2026-09-03T07:00:12,2026-09-03T07:00:12,2026-09-03T16:35:05.210265+00:00,0.0,0.0,,0.0,,,
native,ocbc,SAR,SGD,SAR/SGD,100,"SGD 0 – 39,999.99",tier_1,,,fxRatesSgd,2026-09-03T07:00:12,2026-09-03T07:00:12,2026-09-03T16:35:05.210265+00:00,34.7282,32.816,33.82,33.7721,MAS,2.6853932584269686,2.9686575990538078
native,ocbc,SAR,SGD,SAR/SGD,100,"SGD 40,000 – 100,000",tier_2,,,fxRatesSgd,2026-09-03T07:00:12,2026-09-03T07:00:12,2026-09-03T16:35:05.210265+00:00,34.7111,32.8327,33.82,33.7721,MAS,2.634831460674162,2.919278533412175
native,ocbc,SEK,SGD,SEK/SGD,100,"SGD 0 – 39,999.99",tier_1,,,fxRatesSgd,2026-09-03T07:00:12,2026-09-03T07:00:12,2026-09-03T16:35:05.210265+00:00,13.4783,12.9978,,13.2381,,,
native,ocbc,SEK,SGD,SEK/SGD,100,"SGD 40,000 – 100,000",tier_2,,,fxRatesSgd,2026-09-03T07:00:12,2026-09-03T07:00:12,2026-09-03T16:35:05.210265+00:00,13.4518,13.0242,,13.2381,,,
native,ocbc,THB,SGD,THB/SGD,100,"SGD 0 – 39,999.99",tier_1,,,fxRatesSgd,2026-09-03T07:00:12,2026-09-03T07:00:12,2026-09-03T16:35:05.210265+00:00,3.9516,3.7335,3.8473,3.8426,MAS,2.7109921243469404,2.9579185402750072
native,ocbc,THB,SGD,THB/SGD,100,"SGD 40,000 – 100,000",tier_2,,,fxRatesSgd,2026-09-03T07:00:12,2026-09-03T07:00:12,2026-09-03T16:35:05.210265+00:00,3.9439,3.7411,3.8473,3.8426,MAS,2.5108517661736807,2.760377407532563
native,ocbc,TRY,SGD,TRY/SGD,100,"SGD 0 – 39,999.99",tier_1,,,fxRatesSgd,2026-09-03T07:00:12,2026-09-03T07:00:12,2026-09-03T16:35:05.210265+00:00,2.6965,2.5844,,2.6405,,,
native,ocbc,TRY,SGD,TRY/SGD,100,"SGD 40,000 – 100,000",tier_2,,,fxRatesSgd,2026-09-03T07:00:12,2026-09-03T07:00:12,2026-09-03T16:35:05.210265+00:00,2.6951,2.5847,,2.6405,,,
native,ocbc,TWD,SGD,TWD/SGD,100,"SGD 0 – 39,999.99",tier_1,,,fxRatesSgd,2026-09-03T07:00:12,2026-09-03T07:00:12,2026-09-03T16:35:05.210265+00:00,4.1463,0.0,4.0044,4.1463,MAS,3.543602037758457,100.0
native,ocbc,TWD,SGD,TWD/SGD,100,"SGD 40,000 – 100,000",tier_2,,,fxRatesSgd,2026-09-03T07:00:12,2026-09-03T07:00:12,2026-09-03T16:35:05.210265+00:00,0.0,0.0,4.0044,4.1463,MAS,-100.0,100.0
native,ocbc,USD,SGD,USD/SGD,1,"SGD 0 – 39,999.99",tier_1,,,fxRatesSgd,2026-09-03T07:00:12,2026-09-03T07:00:12,2026-09-03T16:35:05.210265+00:00,1.2807,1.2577,1.2698,1.2692,MAS,0.8584028980941809,0.952905969444007
native,ocbc,USD,SGD,USD/SGD,1,"SGD 40,000 – 100,000",tier_2,,,fxRatesSgd,2026-09-03T07:00:12,2026-09-03T07:00:12,2026-09-03T16:35:05.210265+00:00,1.2794,1.2587,1.2698,1.2692,MAS,0.756024570798555,0.8741534099858332
native,ocbc,ZAR,SGD,ZAR/SGD,100,"SGD 0 – 39,999.99",tier_1,,,fxRatesSgd,2026-09-03T07:00:12,2026-09-03T07:00:12,2026-09-03T16:35:05.210265+00:00,8.1401,7.6611,,7.9006,,,
native,ocbc,ZAR,SGD,ZAR/SGD,100,"SGD 40,000 – 100,000",tier_2,,,fxRatesSgd,2026-09-03T07:00:12,2026-09-03T07:00:12,2026-09-03T16:35:05.210265+00:00,8.1361,7.665,,7.9006,,,
native,uob,AED,SGD,AED/SGD,100,Indicative board,board,,,forex_sgd,03 September 2026 05:43:02 PM,03 September 2026 05:43:02 PM,2026-09-03T16:35:06.665384+00:00,35.4,33.7,34.57,34.55,MAS,2.4009256580850398,2.516632918715642
native,uob,AOA,SGD,AOA/SGD,100,Indicative board,board,,,forex_sgd,03 September 2026 05:43:02 PM,03 September 2026 05:43:02 PM,2026-09-03T16:35:06.665384+00:00,0.1429,,,,,,
native,uob,AUD,SGD,AUD/SGD,1,Indicative board,board,,,forex_sgd,03 September 2026 05:43:02 PM,03 September 2026 05:43:02 PM,2026-09-03T16:35:06.665384+00:00,0.9273,0.8963,0.9104000000000001,0.9117999999999999,MAS,1.856326889279428,1.5487697715290105
native,uob,BDT,SGD,BDT/SGD,100,Indicative board,board,,,forex_sgd,03 September 2026 05:43:02 PM,03 September 2026 05:43:02 PM,2026-09-03T16:35:06.665384+00:00,1.0694,,,,,,
native,uob,BND,SGD,BND/SGD,1,Indicative board,board,,,forex_sgd,03 September 2026 05:43:02 PM,03 September 2026 05:43:02 PM,2026-09-03T16:35:06.665384+00:00,1.0,1.0,,1.0,,,
native,uob,CAD,SGD,CAD/SGD,1,Indicative board,board,,,forex_sgd,03 September 2026 05:43:02 PM,03 September 2026 05:43:02 PM,2026-09-03T16:35:06.665384+00:00,0.9286,0.9086,0.9181999999999999,0.9186,MAS,1.1326508385972638,1.045523851012845
native,uob,CHF,SGD,CHF/SGD,100,Indicative board,board,,,forex_sgd,03 September 2026 05:43:02 PM,03 September 2026 05:43:02 PM,2026-09-03T16:35:06.665384+00:00,158.33,155.03,156.39,156.68,MAS,1.2404885222840505,0.8696208197454987
native,uob,CNH,SGD,CNH/SGD,100,Indicative board,board,,,forex_sgd,03 September 2026 05:43:02 PM,03 September 2026 05:43:02 PM,2026-09-03T16:35:06.665384+00:00,19.11,18.65,,18.88,,,
native,uob,DKK,SGD,DKK/SGD,100,Indicative board,board,,,forex_sgd,03 September 2026 05:43:02 PM,03 September 2026 05:43:02 PM,2026-09-03T16:35:06.665384+00:00,20.04,19.34,,19.689999999999998,,,
native,uob,EGP,SGD,EGP/SGD,100,Indicative board,board,,,forex_sgd,03 September 2026 05:43:02 PM,03 September 2026 05:43:02 PM,2026-09-03T16:35:06.665384+00:00,2.5581,,,,,,
native,uob,EUR,SGD,EUR/SGD,1,Indicative board,board,,,forex_sgd,03 September 2026 05:43:02 PM,03 September 2026 05:43:02 PM,2026-09-03T16:35:06.665384+00:00,1.4911,1.4531,1.4726,1.4721000000000002,MAS,1.2562814070351884,1.3241885101181483
native,uob,GBP,SGD,GBP/SGD,1,Indicative board,board,,,forex_sgd,03 September 2026 05:43:02 PM,03 September 2026 05:43:02 PM,2026-09-03T16:35:06.665384+00:00,1.7345,1.6895,1.7136,1.712,MAS,1.2196545284780531,1.40639589169001
native,uob,HKD,SGD,HKD/SGD,100,Indicative board,board,,,forex_sgd,03 September 2026 05:43:02 PM,03 September 2026 05:43:02 PM,2026-09-03T16:35:06.665384+00:00,16.359,16.001,16.19,16.18,MAS,1.043854231006797,1.167387276096356
native,uob,INR,SGD,INR/SGD,100,Indicative board,board,,,forex_sgd,03 September 2026 05:43:02 PM,03 September 2026 05:43:02 PM,2026-09-03T16:35:06.665384+00:00,1.3799,,1.3448,,MAS,2.6100535395597793,
native,uob,JPY,SGD,JPY/SGD,100,Indicative board,board,,,forex_sgd,03 September 2026 05:43:02 PM,03 September 2026 05:43:02 PM,2026-09-03T16:35:06.665384+00:00,0.8278,0.7938,0.8048,0.8108,MAS,2.85785288270378,1.366799204771373
native,uob,KRW,SGD,KRW/SGD,1000,Indicative board,board,,,forex_sgd,03 September 2026 05:43:02 PM,03 September 2026 05:43:02 PM,2026-09-03T16:35:06.665384+00:00,0.9496,,0.9349999999999999,,MAS,1.5614973262032148,
native,uob,KWD,SGD,KWD/SGD,1,Indicative board,board,,,forex_sgd,03 September 2026 05:43:02 PM,03 September 2026 05:43:02 PM,2026-09-03T16:35:06.665384+00:00,4.176,,,,,,
native,uob,LKR,SGD,LKR/SGD,100,Indicative board,board,,,forex_sgd,03 September 2026 05:43:02 PM,03 September 2026 05:43:02 PM,2026-09-03T16:35:06.665384+00:00,0.3937,,,,,,
native,uob,MXN,SGD,MXN/SGD,100,Indicative board,board,,,forex_sgd,03 September 2026 05:43:02 PM,03 September 2026 05:43:02 PM,2026-09-03T16:35:06.665384+00:00,7.5565,,,,,,
native,uob,MYR,SGD,MYR/SGD,100,Indicative board,board,,,forex_sgd,03 September 2026 05:43:02 PM,03 September 2026 05:43:02 PM,2026-09-03T16:35:06.665384+00:00,31.9591,,31.41,,MAS,1.7481693728112042,
native,uob,NOK,SGD,NOK/SGD,100,Indicative board,board,,,forex_sgd,03 September 2026 05:43:02 PM,03 September 2026 05:43:02 PM,2026-09-03T16:35:06.665384+00:00,13.82,13.38,,13.600000000000001,,,
native,uob,NZD,SGD,NZD/SGD,1,Indicative board,board,,,forex_sgd,03 September 2026 05:43:02 PM,03 September 2026 05:43:02 PM,2026-09-03T16:35:06.665384+00:00,0.7542,0.7342,0.7444,0.7442,MAS,1.3164965072541688,1.3702310585706594
native,uob,PHP,SGD,PHP/SGD,100,Indicative board,board,,,forex_sgd,03 September 2026 05:43:02 PM,03 September 2026 05:43:02 PM,2026-09-03T16:35:06.665384+00:00,2.0767,,2.0311,,MAS,2.245088868101044,
native,uob,PKR,SGD,PKR/SGD,100,Indicative board,board,,,forex_sgd,03 September 2026 05:43:02 PM,03 September 2026 05:43:02 PM,2026-09-03T16:35:06.665384+00:00,0.4644,,,,,,
native,uob,SAR,SGD,SAR/SGD,100,Indicative board,board,,,forex_sgd,03 September 2026 05:43:02 PM,03 September 2026 05:43:02 PM,2026-09-03T16:35:06.665384+00:00,,,33.82,,MAS,,
native,uob,SEK,SGD,SEK/SGD,100,Indicative board,board,,,forex_sgd,03 September 2026 05:43:02 PM,03 September 2026 05:43:02 PM,2026-09-03T16:35:06.665384+00:00,13.46,12.98,,13.22,,,
native,uob,THB,SGD,THB/SGD,100,Indicative board,board,,,forex_sgd,03 September 2026 05:43:02 PM,03 September 2026 05:43:02 PM,2026-09-03T16:35:06.665384+00:00,3.95,3.75,3.8473,3.85,MAS,2.669404517453799,2.5290463441894357
native,uob,TWD,SGD,TWD/SGD,100,Indicative board,board,,,forex_sgd,03 September 2026 05:43:02 PM,03 September 2026 05:43:02 PM,2026-09-03T16:35:06.665384+00:00,4.0852,,4.0044,,MAS,2.0177804415143337,
native,uob,USD,SGD,USD/SGD,1,Indicative board,board,,,forex_sgd,03 September 2026 05:43:02 PM,03 September 2026 05:43:02 PM,2026-09-03T16:35:06.665384+00:00,1.2808,1.2568,1.2698,1.2688,MAS,0.8662781540399983,1.0237832729563807
native,uob,VND,SGD,VND/SGD,1000,Indicative board,board,,,forex_sgd,03 September 2026 05:43:02 PM,03 September 2026 05:43:02 PM,2026-09-03T16:35:06.665384+00:00,0.0499,,0.04864,,MAS,2.5904605263157836,
native,uob,XAF,SGD,XAF/SGD,100,Indicative board,board,,,forex_sgd,03 September 2026 05:43:02 PM,03 September 2026 05:43:02 PM,2026-09-03T16:35:06.665384+00:00,0.2305,,,,,,
native,uob,XOF,SGD,XOF/SGD,100,Indicative board,board,,,forex_sgd,03 September 2026 05:43:02 PM,03 September 2026 05:43:02 PM,2026-09-03T16:35:06.665384+00:00,0.2317,,,,,,
native,uob,ZAR,SGD,ZAR/SGD,1,Indicative board,board,,,forex_sgd,03 September 2026 05:43:02 PM,03 September 2026 05:43:02 PM,2026-09-03T16:35:06.665384+00:00,0.081,0.077,,0.079,,,
standardized,dbs,AED,SGD,AED/SGD,1,SGD 50 – 200,amtBtw50And200,"SGD 200 – 39,999.99",std_200_40k,mainCurrencies,2026-09-04 00:30:10,2026-09-03 16:30:25,2026-09-03T16:35:04.212396+00:00,0.3472,0.3424,0.3457,0.3448,MAS,0.4339022273647675,0.954584900202495
standardized,dbs,AED,SGD,AED/SGD,1,SGD 50 – 200,amtBtw50And200,"SGD 40,000 – 100,000",std_40k_100k,mainCurrencies,2026-09-04 00:30:10,2026-09-03 16:30:25,2026-09-03T16:35:04.212396+00:00,0.3472,0.3424,0.3457,0.3448,MAS,0.4339022273647675,0.954584900202495
standardized,dbs,AED,SGD,AED/SGD,1,SGD 50 – 200,amtBtw50And200,SGD 50 – 200,std_50_200,mainCurrencies,2026-09-04 00:30:10,2026-09-03 16:30:25,2026-09-03T16:35:04.212396+00:00,0.3472,0.3424,0.3457,0.3448,MAS,0.4339022273647675,0.954584900202495
standardized,dbs,AED,SGD,AED/SGD,1,SGD < 50,amtLessThan50,SGD < 50,std_lt_50,mainCurrencies,2026-09-04 00:30:10,2026-09-03 16:30:25,2026-09-03T16:35:04.212396+00:00,0.3499,0.3397,0.3457,0.3448,MAS,1.2149262366213427,1.73560890945907
standardized,dbs,AUD,SGD,AUD/SGD,1,SGD 50 – 200,amtBtw50And200,"SGD 200 – 39,999.99",std_200_40k,mainCurrencies,2026-09-04 00:30:10,2026-09-03 16:30:25,2026-09-03T16:35:04.212396+00:00,0.9225,0.9023,0.9104000000000001,0.9124,MAS,1.3290861159929577,0.8897188049209255
standardized,dbs,AUD,SGD,AUD/SGD,1,SGD 50 – 200,amtBtw50And200,"SGD 40,000 – 100,000",std_40k_100k,mainCurrencies,2026-09-04 00:30:10,2026-09-03 16:30:25,2026-09-03T16:35:04.212396+00:00,0.9225,0.9023,0.9104000000000001,0.9124,MAS,1.3290861159929577,0.8897188049209255
standardized,dbs,AUD,SGD,AUD/SGD,1,SGD 50 – 200,amtBtw50And200,SGD 50 – 200,std_50_200,mainCurrencies,2026-09-04 00:30:10,2026-09-03 16:30:25,2026-09-03T16:35:04.212396+00:00,0.9225,0.9023,0.9104000000000001,0.9124,MAS,1.3290861159929577,0.8897188049209255
standardized,dbs,AUD,SGD,AUD/SGD,1,SGD < 50,amtLessThan50,SGD < 50,std_lt_50,mainCurrencies,2026-09-04 00:30:10,2026-09-03 16:30:25,2026-09-03T16:35:04.212396+00:00,0.9229,0.9018,0.9104000000000001,0.91235,MAS,1.3730228471001706,0.9446397188049266
standardized,dbs,BDT,SGD,BDT/SGD,100,SGD 50 – 200,amtBtw50And200,"SGD 200 – 39,999.99",std_200_40k,otherCurrencies,2026-09-04 00:30:10,2026-09-03 16:30:25,2026-09-03T16:35:04.212396+00:00,1.0408,,,,,,
standardized,dbs,BDT,SGD,BDT/SGD,100,SGD 50 – 200,amtBtw50And200,"SGD 40,000 – 100,000",std_40k_100k,otherCurrencies,2026-09-04 00:30:10,2026-09-03 16:30:25,2026-09-03T16:35:04.212396+00:00,1.0408,,,,,,
standardized,dbs,BDT,SGD,BDT/SGD,100,SGD 50 – 200,amtBtw50And200,SGD 50 – 200,std_50_200,otherCurrencies,2026-09-04 00:30:10,2026-09-03 16:30:25,2026-09-03T16:35:04.212396+00:00,1.0408,,,,,,
standardized,dbs,BDT,SGD,BDT/SGD,100,SGD < 50,amtLessThan50,SGD < 50,std_lt_50,otherCurrencies,2026-09-04 00:30:10,2026-09-03 16:30:25,2026-09-03T16:35:04.212396+00:00,1.0408,,,,,,
standardized,dbs,BHD,SGD,BHD/SGD,1,SGD 50 – 200,amtBtw50And200,"SGD 200 – 39,999.99",std_200_40k,otherCurrencies,2026-09-04 00:30:10,2026-09-03 16:30:25,2026-09-03T16:35:04.212396+00:00,3.421,,,,,,
standardized,dbs,BHD,SGD,BHD/SGD,1,SGD 50 – 200,amtBtw50And200,"SGD 40,000 – 100,000",std_40k_100k,otherCurrencies,2026-09-04 00:30:10,2026-09-03 16:30:25,2026-09-03T16:35:04.212396+00:00,3.421,,,,,,
standardized,dbs,BHD,SGD,BHD/SGD,1,SGD 50 – 200,amtBtw50And200,SGD 50 – 200,std_50_200,otherCurrencies,2026-09-04 00:30:10,2026-09-03 16:30:25,2026-09-03T16:35:04.212396+00:00,3.421,,,,,,
standardized,dbs,BHD,SGD,BHD/SGD,1,SGD < 50,amtLessThan50,SGD < 50,std_lt_50,otherCurrencies,2026-09-04 00:30:10,2026-09-03 16:30:25,2026-09-03T16:35:04.212396+00:00,3.4345,,,,,,
standardized,dbs,BND,SGD,BND/SGD,1,SGD 50 – 200,amtBtw50And200,"SGD 200 – 39,999.99",std_200_40k,otherCurrencies,2026-09-04 00:30:10,2026-09-03 16:30:25,2026-09-03T16:35:04.212396+00:00,1.0,1.0,,1.0,,,
standardized,dbs,BND,SGD,BND/SGD,1,SGD 50 – 200,amtBtw50And200,"SGD 40,000 – 100,000",std_40k_100k,otherCurrencies,2026-09-04 00:30:10,2026-09-03 16:30:25,2026-09-03T16:35:04.212396+00:00,1.0,1.0,,1.0,,,
standardized,dbs,BND,SGD,BND/SGD,1,SGD 50 – 200,amtBtw50And200,SGD 50 – 200,std_50_200,otherCurrencies,2026-09-04 00:30:10,2026-09-03 16:30:25,2026-09-03T16:35:04.212396+00:00,1.0,1.0,,1.0,,,
standardized,dbs,BND,SGD,BND/SGD,1,SGD < 50,amtLessThan50,SGD < 50,std_lt_50,otherCurrencies,2026-09-04 00:30:10,2026-09-03 16:30:25,2026-09-03T16:35:04.212396+00:00,1.0,1.0,,1.0,,,
standardized,dbs,CAD,SGD,CAD/SGD,1,SGD 50 – 200,amtBtw50And200,"SGD 200 – 39,999.99",std_200_40k,mainCurrencies,2026-09-04 00:30:10,2026-09-03 16:30:25,2026-09-03T16:35:04.212396+00:00,0.9268,0.9129,0.9181999999999999,0.9198500000000001,MAS,0.9366151165323516,0.5772162927466631
standardized,dbs,CAD,SGD,CAD/SGD,1,SGD 50 – 200,amtBtw50And200,"SGD 40,000 – 100,000",std_40k_100k,mainCurrencies,2026-09-04 00:30:10,2026-09-03 16:30:25,2026-09-03T16:35:04.212396+00:00,0.9268,0.9129,0.9181999999999999,0.9198500000000001,MAS,0.9366151165323516,0.5772162927466631
standardized,dbs,CAD,SGD,CAD/SGD,1,SGD 50 – 200,amtBtw50And200,SGD 50 – 200,std_50_200,mainCurrencies,2026-09-04 00:30:10,2026-09-03 16:30:25,2026-09-03T16:35:04.212396+00:00,0.9268,0.9129,0.9181999999999999,0.9198500000000001,MAS,0.9366151165323516,0.5772162927466631
standardized,dbs,CAD,SGD,CAD/SGD,1,SGD < 50,amtLessThan50,SGD < 50,std_lt_50,mainCurrencies,2026-09-04 00:30:10,2026-09-03 16:30:25,2026-09-03T16:35:04.212396+00:00,0.9301,0.9097,0.9181999999999999,0.9198999999999999,MAS,1.2960139403180282,0.9257242430842902
standardized,dbs,CHF,SGD,CHF/SGD,1,SGD 50 – 200,amtBtw50And200,"SGD 200 – 39,999.99",std_200_40k,mainCurrencies,2026-09-04 00:30:10,2026-09-03 16:30:25,2026-09-03T16:35:04.212396+00:00,1.5855,1.5554,1.5638999999999998,1.57045,MAS,1.3811624784193404,0.5435130123409395
standardized,dbs,CHF,SGD,CHF/SGD,1,SGD 50 – 200,amtBtw50And200,"SGD 40,000 – 100,000",std_40k_100k,mainCurrencies,2026-09-04 00:30:10,2026-09-03 16:30:25,2026-09-03T16:35:04.212396+00:00,1.5855,1.5554,1.5638999999999998,1.57045,MAS,1.3811624784193404,0.5435130123409395
standardized,dbs,CHF,SGD,CHF/SGD,1,SGD 50 – 200,amtBtw50And200,SGD 50 – 200,std_50_200,mainCurrencies,2026-09-04 00:30:10,2026-09-03 16:30:25,2026-09-03T16:35:04.212396+00:00,1.5855,1.5554,1.5638999999999998,1.57045,MAS,1.3811624784193404,0.5435130123409395
standardized,dbs,CHF,SGD,CHF/SGD,1,SGD < 50,amtLessThan50,SGD < 50,std_lt_50,mainCurrencies,2026-09-04 00:30:10,2026-09-03 16:30:25,2026-09-03T16:35:04.212396+00:00,1.5863,1.5546,1.5638999999999998,1.5704500000000001,MAS,1.4323166442867319,0.5946671782083167
standardized,dbs,CNH,SGD,CNH/SGD,1,SGD 50 – 200,amtBtw50And200,"SGD 200 – 39,999.99",std_200_40k,mainCurrencies,2026-09-04 00:30:10,2026-09-03 16:30:25,2026-09-03T16:35:04.212396+00:00,0.1906,0.1863,,0.18845,,,
standardized,dbs,CNH,SGD,CNH/SGD,1,SGD 50 – 200,amtBtw50And200,"SGD 40,000 – 100,000",std_40k_100k,mainCurrencies,2026-09-04 00:30:10,2026-09-03 16:30:25,2026-09-03T16:35:04.212396+00:00,0.1906,0.1863,,0.18845,,,
standardized,dbs,CNH,SGD,CNH/SGD,1,SGD 50 – 200,amtBtw50And200,SGD 50 – 200,std_50_200,mainCurrencies,2026-09-04 00:30:10,2026-09-03 16:30:25,2026-09-03T16:35:04.212396+00:00,0.1906,0.1863,,0.18845,,,
standardized,dbs,CNH,SGD,CNH/SGD,1,SGD < 50,amtLessThan50,SGD < 50,std_lt_50,mainCurrencies,2026-09-04 00:30:10,2026-09-03 16:30:25,2026-09-03T16:35:04.212396+00:00,0.1913,0.1856,,0.18845,,,
standardized,dbs,CNY,SGD,CNY/SGD,1,SGD 50 – 200,amtBtw50And200,"SGD 200 – 39,999.99",std_200_40k,otherCurrencies,2026-09-04 00:30:10,2026-09-03 16:30:25,2026-09-03T16:35:04.212396+00:00,0.1884,,0.18899999999999997,,MAS,-0.3174603174602972,
standardized,dbs,CNY,SGD,CNY/SGD,1,SGD 50 – 200,amtBtw50And200,"SGD 40,000 – 100,000",std_40k_100k,otherCurrencies,2026-09-04 00:30:10,2026-09-03 16:30:25,2026-09-03T16:35:04.212396+00:00,0.1884,,0.18899999999999997,,MAS,-0.3174603174602972,
standardized,dbs,CNY,SGD,CNY/SGD,1,SGD 50 – 200,amtBtw50And200,SGD 50 – 200,std_50_200,otherCurrencies,2026-09-04 00:30:10,2026-09-03 16:30:25,2026-09-03T16:35:04.212396+00:00,0.1884,,0.18899999999999997,,MAS,-0.3174603174602972,
standardized,dbs,CNY,SGD,CNY/SGD,1,SGD < 50,amtLessThan50,SGD < 50,std_lt_50,otherCurrencies,2026-09-04 00:30:10,2026-09-03 16:30:25,2026-09-03T16:35:04.212396+00:00,0.1901,,0.18899999999999997,,MAS,0.5820105820105914,
standardized,dbs,DKK,SGD,DKK/SGD,1,SGD 50 – 200,amtBtw50And200,"SGD 200 – 39,999.99",std_200_40k,mainCurrencies,2026-09-04 00:30:10,2026-09-03 16:30:25,2026-09-03T16:35:04.212396+00:00,0.1998,0.1943,,0.19705,,,
standardized,dbs,DKK,SGD,DKK/SGD,1,SGD 50 – 200,amtBtw50And200,"SGD 40,000 – 100,000",std_40k_100k,mainCurrencies,2026-09-04 00:30:10,2026-09-03 16:30:25,2026-09-03T16:35:04.212396+00:00,0.1998,0.1943,,0.19705,,,
standardized,dbs,DKK,SGD,DKK/SGD,1,SGD 50 – 200,amtBtw50And200,SGD 50 – 200,std_50_200,mainCurrencies,2026-09-04 00:30:10,2026-09-03 16:30:25,2026-09-03T16:35:04.212396+00:00,0.1998,0.1943,,0.19705,,,
standardized,dbs,DKK,SGD,DKK/SGD,1,SGD < 50,amtLessThan50,SGD < 50,std_lt_50,mainCurrencies,2026-09-04 00:30:10,2026-09-03 16:30:25,2026-09-03T16:35:04.212396+00:00,0.2002,0.194,,0.1971,,,
standardized,dbs,EUR,SGD,EUR/SGD,1,SGD 50 – 200,amtBtw50And200,"SGD 200 – 39,999.99",std_200_40k,mainCurrencies,2026-09-04 00:30:10,2026-09-03 16:30:25,2026-09-03T16:35:04.212396+00:00,1.4859,1.4607,1.4726,1.4733,MAS,0.9031644710036731,0.808094526687478
standardized,dbs,EUR,SGD,EUR/SGD,1,SGD 50 – 200,amtBtw50And200,"SGD 40,000 – 100,000",std_40k_100k,mainCurrencies,2026-09-04 00:30:10,2026-09-03 16:30:25,2026-09-03T16:35:04.212396+00:00,1.4859,1.4607,1.4726,1.4733,MAS,0.9031644710036731,0.808094526687478
standardized,dbs,EUR,SGD,EUR/SGD,1,SGD 50 – 200,amtBtw50And200,SGD 50 – 200,std_50_200,mainCurrencies,2026-09-04 00:30:10,2026-09-03 16:30:25,2026-09-03T16:35:04.212396+00:00,1.4859,1.4607,1.4726,1.4733,MAS,0.9031644710036731,0.808094526687478
standardized,dbs,EUR,SGD,EUR/SGD,1,SGD < 50,amtLessThan50,SGD < 50,std_lt_50,mainCurrencies,2026-09-04 00:30:10,2026-09-03 16:30:25,2026-09-03T16:35:04.212396+00:00,1.4866,1.4599,1.4726,1.47325,MAS,0.9506994431617556,0.8624202091538731
standardized,dbs,GBP,SGD,GBP/SGD,1,SGD 50 – 200,amtBtw50And200,"SGD 200 – 39,999.99",std_200_40k,mainCurrencies,2026-09-04 00:30:10,2026-09-03 16:30:25,2026-09-03T16:35:04.212396+00:00,1.7284,1.7025,1.7136,1.71545,MAS,0.863678804855271,0.6477591036414629
standardized,dbs,GBP,SGD,GBP/SGD,1,SGD 50 – 200,amtBtw50And200,"SGD 40,000 – 100,000",std_40k_100k,mainCurrencies,2026-09-04 00:30:10,2026-09-03 16:30:25,2026-09-03T16:35:04.212396+00:00,1.7284,1.7025,1.7136,1.71545,MAS,0.863678804855271,0.6477591036414629
standardized,dbs,GBP,SGD,GBP/SGD,1,SGD 50 – 200,amtBtw50And200,SGD 50 – 200,std_50_200,mainCurrencies,2026-09-04 00:30:10,2026-09-03 16:30:25,2026-09-03T16:35:04.212396+00:00,1.7284,1.7025,1.7136,1.71545,MAS,0.863678804855271,0.6477591036414629
standardized,dbs,GBP,SGD,GBP/SGD,1,SGD < 50,amtLessThan50,SGD < 50,std_lt_50,mainCurrencies,2026-09-04 00:30:10,2026-09-03 16:30:25,2026-09-03T16:35:04.212396+00:00,1.7302,1.7008,1.7136,1.7155,MAS,0.968720821661995,0.7469654528478012
standardized,dbs,HKD,SGD,HKD/SGD,1,SGD 50 – 200,amtBtw50And200,"SGD 200 – 39,999.99",std_200_40k,mainCurrencies,2026-09-04 00:30:10,2026-09-03 16:30:25,2026-09-03T16:35:04.212396+00:00,0.1631,0.1598,0.16190000000000002,0.16144999999999998,MAS,0.7411982705373557,1.2970969734404065
standardized,dbs,HKD,SGD,HKD/SGD,1,SGD 50 – 200,amtBtw50And200,"SGD 40,000 – 100,000",std_40k_100k,mainCurrencies,2026-09-04 00:30:10,2026-09-03 16:30:25,2026-09-03T16:35:04.212396+00:00,0.1631,0.1598,0.16190000000000002,0.16144999999999998,MAS,0.7411982705373557,1.2970969734404065
standardized,dbs,HKD,SGD,HKD/SGD,1,SGD 50 – 200,amtBtw50And200,SGD 50 – 200,std_50_200,mainCurrencies,2026-09-04 00:30:10,2026-09-03 16:30:25,2026-09-03T16:35:04.212396+00:00,0.1631,0.1598,0.16190000000000002,0.16144999999999998,MAS,0.7411982705373557,1.2970969734404065
standardized,dbs,HKD,SGD,HKD/SGD,1,SGD < 50,amtLessThan50,SGD < 50,std_lt_50,mainCurrencies,2026-09-04 00:30:10,2026-09-03 16:30:25,2026-09-03T16:35:04.212396+00:00,0.1633,0.1597,0.16190000000000002,0.1615,MAS,0.8647313156269206,1.3588634959851806
standardized,dbs,HUF,SGD,HUF/SGD,100,SGD 50 – 200,amtBtw50And200,"SGD 200 – 39,999.99",std_200_40k,otherCurrencies,2026-09-04 00:30:10,2026-09-03 16:30:25,2026-09-03T16:35:04.212396+00:00,0.4065,,,,,,
standardized,dbs,HUF,SGD,HUF/SGD,100,SGD 50 – 200,amtBtw50And200,"SGD 40,000 – 100,000",std_40k_100k,otherCurrencies,2026-09-04 00:30:10,2026-09-03 16:30:25,2026-09-03T16:35:04.212396+00:00,0.4065,,,,,,
standardized,dbs,HUF,SGD,HUF/SGD,100,SGD 50 – 200,amtBtw50And200,SGD 50 – 200,std_50_200,otherCurrencies,2026-09-04 00:30:10,2026-09-03 16:30:25,2026-09-03T16:35:04.212396+00:00,0.4065,,,,,,
standardized,dbs,HUF,SGD,HUF/SGD,100,SGD < 50,amtLessThan50,SGD < 50,std_lt_50,otherCurrencies,2026-09-04 00:30:10,2026-09-03 16:30:25,2026-09-03T16:35:04.212396+00:00,0.4081,,,,,,
standardized,dbs,ID0,SGD,ID0/SGD,100,SGD 50 – 200,amtBtw50And200,"SGD 200 – 39,999.99",std_200_40k,otherCurrencies,2026-09-04 00:30:10,2026-09-03 16:30:25,2026-09-03T16:35:04.212396+00:00,,,,,,,
standardized,dbs,ID0,SGD,ID0/SGD,100,SGD 50 – 200,amtBtw50And200,"SGD 40,000 – 100,000",std_40k_100k,otherCurrencies,2026-09-04 00:30:10,2026-09-03 16:30:25,2026-09-03T16:35:04.212396+00:00,,,,,,,
standardized,dbs,ID0,SGD,ID0/SGD,100,SGD 50 – 200,amtBtw50And200,SGD 50 – 200,std_50_200,otherCurrencies,2026-09-04 00:30:10,2026-09-03 16:30:25,2026-09-03T16:35:04.212396+00:00,,,,,,,
standardized,dbs,ID0,SGD,ID0/SGD,100,SGD < 50,amtLessThan50,SGD < 50,std_lt_50,otherCurrencies,2026-09-04 00:30:10,2026-09-03 16:30:25,2026-09-03T16:35:04.212396+00:00,,0.0071,,,,,
standardized,dbs,IDR,SGD,IDR/SGD,100,SGD 50 – 200,amtBtw50And200,"SGD 200 – 39,999.99",std_200_40k,mainCurrencies,2026-09-04 00:30:10,2026-09-03 16:30:25,2026-09-03T16:35:04.212396+00:00,0.0073,,0.00718,,MAS,1.6713091922005616,
standardized,dbs,IDR,SGD,IDR/SGD,100,SGD 50 – 200,amtBtw50And200,"SGD 40,000 – 100,000",std_40k_100k,mainCurrencies,2026-09-04 00:30:10,2026-09-03 16:30:25,2026-09-03T16:35:04.212396+00:00,0.0073,,0.00718,,MAS,1.6713091922005616,
standardized,dbs,IDR,SGD,IDR/SGD,100,SGD 50 – 200,amtBtw50And200,SGD 50 – 200,std_50_200,mainCurrencies,2026-09-04 00:30:10,2026-09-03 16:30:25,2026-09-03T16:35:04.212396+00:00,0.0073,,0.00718,,MAS,1.6713091922005616,
standardized,dbs,IDR,SGD,IDR/SGD,100,SGD < 50,amtLessThan50,SGD < 50,std_lt_50,mainCurrencies,2026-09-04 00:30:10,2026-09-03 16:30:25,2026-09-03T16:35:04.212396+00:00,0.0073,,0.00718,,MAS,1.6713091922005616,
standardized,dbs,IN0,SGD,IN0/SGD,100,SGD 50 – 200,amtBtw50And200,"SGD 200 – 39,999.99",std_200_40k,otherCurrencies,2026-09-04 00:30:10,2026-09-03 16:30:25,2026-09-03T16:35:04.212396+00:00,,1.3335,,,,,
standardized,dbs,IN0,SGD,IN0/SGD,100,SGD 50 – 200,amtBtw50And200,"SGD 40,000 – 100,000",std_40k_100k,otherCurrencies,2026-09-04 00:30:10,2026-09-03 16:30:25,2026-09-03T16:35:04.212396+00:00,,1.3335,,,,,
standardized,dbs,IN0,SGD,IN0/SGD,100,SGD 50 – 200,amtBtw50And200,SGD 50 – 200,std_50_200,otherCurrencies,2026-09-04 00:30:10,2026-09-03 16:30:25,2026-09-03T16:35:04.212396+00:00,,1.3335,,,,,
standardized,dbs,IN0,SGD,IN0/SGD,100,SGD < 50,amtLessThan50,SGD < 50,std_lt_50,otherCurrencies,2026-09-04 00:30:10,2026-09-03 16:30:25,2026-09-03T16:35:04.212396+00:00,,1.3334,,,,,
standardized,dbs,INR,SGD,INR/SGD,100,SGD 50 – 200,amtBtw50And200,"SGD 200 – 39,999.99",std_200_40k,otherCurrencies,2026-09-04 00:30:10,2026-09-03 16:30:25,2026-09-03T16:35:04.212396+00:00,1.3552,,1.3448,,MAS,0.7733491969066005,
standardized,dbs,INR,SGD,INR/SGD,100,SGD 50 – 200,amtBtw50And200,"SGD 40,000 – 100,000",std_40k_100k,otherCurrencies,2026-09-04 00:30:10,2026-09-03 16:30:25,2026-09-03T16:35:04.212396+00:00,1.3552,,1.3448,,MAS,0.7733491969066005,
standardized,dbs,INR,SGD,INR/SGD,100,SGD 50 – 200,amtBtw50And200,SGD 50 – 200,std_50_200,otherCurrencies,2026-09-04 00:30:10,2026-09-03 16:30:25,2026-09-03T16:35:04.212396+00:00,1.3552,,1.3448,,MAS,0.7733491969066005,
standardized,dbs,INR,SGD,INR/SGD,100,SGD < 50,amtLessThan50,SGD < 50,std_lt_50,otherCurrencies,2026-09-04 00:30:10,2026-09-03 16:30:25,2026-09-03T16:35:04.212396+00:00,1.366,,1.3448,,MAS,1.5764425936942377,
standardized,dbs,JPY,SGD,JPY/SGD,100,SGD 50 – 200,amtBtw50And200,"SGD 200 – 39,999.99",std_200_40k,mainCurrencies,2026-09-04 00:30:10,2026-09-03 16:30:25,2026-09-03T16:35:04.212396+00:00,0.8231,0.8067,0.8048,0.8149,MAS,2.2738568588469303,-0.23608349900596579
standardized,dbs,JPY,SGD,JPY/SGD,100,SGD 50 – 200,amtBtw50And200,"SGD 40,000 – 100,000",std_40k_100k,mainCurrencies,2026-09-04 00:30:10,2026-09-03 16:30:25,2026-09-03T16:35:04.212396+00:00,0.8231,0.8067,0.8048,0.8149,MAS,2.2738568588469303,-0.23608349900596579
standardized,dbs,JPY,SGD,JPY/SGD,100,SGD 50 – 200,amtBtw50And200,SGD 50 – 200,std_50_200,mainCurrencies,2026-09-04 00:30:10,2026-09-03 16:30:25,2026-09-03T16:35:04.212396+00:00,0.8231,0.8067,0.8048,0.8149,MAS,2.2738568588469303,-0.23608349900596579
standardized,dbs,JPY,SGD,JPY/SGD,100,SGD < 50,amtLessThan50,SGD < 50,std_lt_50,mainCurrencies,2026-09-04 00:30:10,2026-09-03 16:30:25,2026-09-03T16:35:04.212396+00:00,0.8238,0.8057,0.8048,0.81475,MAS,2.3608349900596446,-0.11182902584493191
standardized,dbs,KRW,SGD,KRW/SGD,100,SGD 50 – 200,amtBtw50And200,"SGD 200 – 39,999.99",std_200_40k,otherCurrencies,2026-09-04 00:30:10,2026-09-03 16:30:25,2026-09-03T16:35:04.212396+00:00,0.0946,,0.0935,,MAS,1.1764705882352982,
standardized,dbs,KRW,SGD,KRW/SGD,100,SGD 50 – 200,amtBtw50And200,"SGD 40,000 – 100,000",std_40k_100k,otherCurrencies,2026-09-04 00:30:10,2026-09-03 16:30:25,2026-09-03T16:35:04.212396+00:00,0.0946,,0.0935,,MAS,1.1764705882352982,
standardized,dbs,KRW,SGD,KRW/SGD,100,SGD 50 – 200,amtBtw50And200,SGD 50 – 200,std_50_200,otherCurrencies,2026-09-04 00:30:10,2026-09-03 16:30:25,2026-09-03T16:35:04.212396+00:00,0.0946,,0.0935,,MAS,1.1764705882352982,
standardized,dbs,KRW,SGD,KRW/SGD,100,SGD < 50,amtLessThan50,SGD < 50,std_lt_50,otherCurrencies,2026-09-04 00:30:10,2026-09-03 16:30:25,2026-09-03T16:35:04.212396+00:00,0.0946,,0.0935,,MAS,1.1764705882352982,
standardized,dbs,KWD,SGD,KWD/SGD,100,SGD 50 – 200,amtBtw50And200,"SGD 200 – 39,999.99",std_200_40k,otherCurrencies,2026-09-04 00:30:10,2026-09-03 16:30:25,2026-09-03T16:35:04.212396+00:00,419.8366,,,,,,
standardized,dbs,KWD,SGD,KWD/SGD,100,SGD 50 – 200,amtBtw50And200,"SGD 40,000 – 100,000",std_40k_100k,otherCurrencies,2026-09-04 00:30:10,2026-09-03 16:30:25,2026-09-03T16:35:04.212396+00:00,419.8366,,,,,,
standardized,dbs,KWD,SGD,KWD/SGD,100,SGD 50 – 200,amtBtw50And200,SGD 50 – 200,std_50_200,otherCurrencies,2026-09-04 00:30:10,2026-09-03 16:30:25,2026-09-03T16:35:04.212396+00:00,419.8366,,,,,,
standardized,dbs,KWD,SGD,KWD/SGD,100,SGD < 50,amtLessThan50,SGD < 50,std_lt_50,otherCurrencies,2026-09-04 00:30:10,2026-09-03 16:30:25,2026-09-03T16:35:04.212396+00:00,421.4922,,,,,,
standardized,dbs,LKR,SGD,LKR/SGD,100,SGD 50 – 200,amtBtw50And200,"SGD 200 – 39,999.99",std_200_40k,otherCurrencies,2026-09-04 00:30:10,2026-09-03 16:30:25,2026-09-03T16:35:04.212396+00:00,0.3933,,,,,,
standardized,dbs,LKR,SGD,LKR/SGD,100,SGD 50 – 200,amtBtw50And200,"SGD 40,000 – 100,000",std_40k_100k,otherCurrencies,2026-09-04 00:30:10,2026-09-03 16:30:25,2026-09-03T16:35:04.212396+00:00,0.3933,,,,,,
standardized,dbs,LKR,SGD,LKR/SGD,100,SGD 50 – 200,amtBtw50And200,SGD 50 – 200,std_50_200,otherCurrencies,2026-09-04 00:30:10,2026-09-03 16:30:25,2026-09-03T16:35:04.212396+00:00,0.3933,,,,,,
standardized,dbs,LKR,SGD,LKR/SGD,100,SGD < 50,amtLessThan50,SGD < 50,std_lt_50,otherCurrencies,2026-09-04 00:30:10,2026-09-03 16:30:25,2026-09-03T16:35:04.212396+00:00,0.3933,,,,,,
standardized,dbs,MM1,SGD,MM1/SGD,100,SGD 50 – 200,amtBtw50And200,"SGD 200 – 39,999.99",std_200_40k,otherCurrencies,2026-09-04 00:30:10,2026-09-03 16:30:25,2026-09-03T16:35:04.212396+00:00,,,,,,,
standardized,dbs,MM1,SGD,MM1/SGD,100,SGD 50 – 200,amtBtw50And200,"SGD 40,000 – 100,000",std_40k_100k,otherCurrencies,2026-09-04 00:30:10,2026-09-03 16:30:25,2026-09-03T16:35:04.212396+00:00,,,,,,,
standardized,dbs,MM1,SGD,MM1/SGD,100,SGD 50 – 200,amtBtw50And200,SGD 50 – 200,std_50_200,otherCurrencies,2026-09-04 00:30:10,2026-09-03 16:30:25,2026-09-03T16:35:04.212396+00:00,,,,,,,
standardized,dbs,MM1,SGD,MM1/SGD,100,SGD < 50,amtLessThan50,SGD < 50,std_lt_50,otherCurrencies,2026-09-04 00:30:10,2026-09-03 16:30:25,2026-09-03T16:35:04.212396+00:00,,,,,,,
standardized,dbs,MMK,SGD,MMK/SGD,100,SGD 50 – 200,amtBtw50And200,"SGD 200 – 39,999.99",std_200_40k,otherCurrencies,2026-09-04 00:30:10,2026-09-03 16:30:25,2026-09-03T16:35:04.212396+00:00,0.0322,,,,,,
standardized,dbs,MMK,SGD,MMK/SGD,100,SGD 50 – 200,amtBtw50And200,"SGD 40,000 – 100,000",std_40k_100k,otherCurrencies,2026-09-04 00:30:10,2026-09-03 16:30:25,2026-09-03T16:35:04.212396+00:00,0.0322,,,,,,
standardized,dbs,MMK,SGD,MMK/SGD,100,SGD 50 – 200,amtBtw50And200,SGD 50 – 200,std_50_200,otherCurrencies,2026-09-04 00:30:10,2026-09-03 16:30:25,2026-09-03T16:35:04.212396+00:00,0.0322,,,,,,
standardized,dbs,MMK,SGD,MMK/SGD,100,SGD < 50,amtLessThan50,SGD < 50,std_lt_50,otherCurrencies,2026-09-04 00:30:10,2026-09-03 16:30:25,2026-09-03T16:35:04.212396+00:00,0.0322,,,,,,
standardized,dbs,MUR,SGD,MUR/SGD,100,SGD 50 – 200,amtBtw50And200,"SGD 200 – 39,999.99",std_200_40k,otherCurrencies,2026-09-04 00:30:10,2026-09-03 16:30:25,2026-09-03T16:35:04.212396+00:00,2.6896,,,,,,
standardized,dbs,MUR,SGD,MUR/SGD,100,SGD 50 – 200,amtBtw50And200,"SGD 40,000 – 100,000",std_40k_100k,otherCurrencies,2026-09-04 00:30:10,2026-09-03 16:30:25,2026-09-03T16:35:04.212396+00:00,2.6896,,,,,,
standardized,dbs,MUR,SGD,MUR/SGD,100,SGD 50 – 200,amtBtw50And200,SGD 50 – 200,std_50_200,otherCurrencies,2026-09-04 00:30:10,2026-09-03 16:30:25,2026-09-03T16:35:04.212396+00:00,2.6896,,,,,,
standardized,dbs,MUR,SGD,MUR/SGD,100,SGD < 50,amtLessThan50,SGD < 50,std_lt_50,otherCurrencies,2026-09-04 00:30:10,2026-09-03 16:30:25,2026-09-03T16:35:04.212396+00:00,2.7002,,,,,,
standardized,dbs,MXN,SGD,MXN/SGD,100,SGD 50 – 200,amtBtw50And200,"SGD 200 – 39,999.99",std_200_40k,mainCurrencies,2026-09-04 00:30:10,2026-09-03 16:30:25,2026-09-03T16:35:04.212396+00:00,7.5739,,,,,,
standardized,dbs,MXN,SGD,MXN/SGD,100,SGD 50 – 200,amtBtw50And200,"SGD 40,000 – 100,000",std_40k_100k,mainCurrencies,2026-09-04 00:30:10,2026-09-03 16:30:25,2026-09-03T16:35:04.212396+00:00,7.5739,,,,,,
standardized,dbs,MXN,SGD,MXN/SGD,100,SGD 50 – 200,amtBtw50And200,SGD 50 – 200,std_50_200,mainCurrencies,2026-09-04 00:30:10,2026-09-03 16:30:25,2026-09-03T16:35:04.212396+00:00,7.5739,,,,,,
standardized,dbs,MXN,SGD,MXN/SGD,100,SGD < 50,amtLessThan50,SGD < 50,std_lt_50,mainCurrencies,2026-09-04 00:30:10,2026-09-03 16:30:25,2026-09-03T16:35:04.212396+00:00,7.5716,,,,,,
standardized,dbs,MY0,SGD,MY0/SGD,1,SGD 50 – 200,amtBtw50And200,"SGD 200 – 39,999.99",std_200_40k,otherCurrencies,2026-09-04 00:30:10,2026-09-03 16:30:25,2026-09-03T16:35:04.212396+00:00,,0.3123,,,,,
standardized,dbs,MY0,SGD,MY0/SGD,1,SGD 50 – 200,amtBtw50And200,"SGD 40,000 – 100,000",std_40k_100k,otherCurrencies,2026-09-04 00:30:10,2026-09-03 16:30:25,2026-09-03T16:35:04.212396+00:00,,0.3123,,,,,
standardized,dbs,MY0,SGD,MY0/SGD,1,SGD 50 – 200,amtBtw50And200,SGD 50 – 200,std_50_200,otherCurrencies,2026-09-04 00:30:10,2026-09-03 16:30:25,2026-09-03T16:35:04.212396+00:00,,0.3123,,,,,
standardized,dbs,MY0,SGD,MY0/SGD,1,SGD < 50,amtLessThan50,SGD < 50,std_lt_50,otherCurrencies,2026-09-04 00:30:10,2026-09-03 16:30:25,2026-09-03T16:35:04.212396+00:00,,0.3123,,,,,
standardized,dbs,MYR,SGD,MYR/SGD,1,SGD 50 – 200,amtBtw50And200,"SGD 200 – 39,999.99",std_200_40k,otherCurrencies,2026-09-04 00:30:10,2026-09-03 16:30:25,2026-09-03T16:35:04.212396+00:00,0.3162,,0.3141,,MAS,0.6685768863419264,
standardized,dbs,MYR,SGD,MYR/SGD,1,SGD 50 – 200,amtBtw50And200,"SGD 40,000 – 100,000",std_40k_100k,otherCurrencies,2026-09-04 00:30:10,2026-09-03 16:30:25,2026-09-03T16:35:04.212396+00:00,0.3162,,0.3141,,MAS,0.6685768863419264,
standardized,dbs,MYR,SGD,MYR/SGD,1,SGD 50 – 200,amtBtw50And200,SGD 50 – 200,std_50_200,otherCurrencies,2026-09-04 00:30:10,2026-09-03 16:30:25,2026-09-03T16:35:04.212396+00:00,0.3162,,0.3141,,MAS,0.6685768863419264,
standardized,dbs,MYR,SGD,MYR/SGD,1,SGD < 50,amtLessThan50,SGD < 50,std_lt_50,otherCurrencies,2026-09-04 00:30:10,2026-09-03 16:30:25,2026-09-03T16:35:04.212396+00:00,0.3162,,0.3141,,MAS,0.6685768863419264,
standardized,dbs,NOK,SGD,NOK/SGD,1,SGD 50 – 200,amtBtw50And200,"SGD 200 – 39,999.99",std_200_40k,mainCurrencies,2026-09-04 00:30:10,2026-09-03 16:30:25,2026-09-03T16:35:04.212396+00:00,0.1383,0.1344,,0.13635,,,
standardized,dbs,NOK,SGD,NOK/SGD,1,SGD 50 – 200,amtBtw50And200,"SGD 40,000 – 100,000",std_40k_100k,mainCurrencies,2026-09-04 00:30:10,2026-09-03 16:30:25,2026-09-03T16:35:04.212396+00:00,0.1383,0.1344,,0.13635,,,
standardized,dbs,NOK,SGD,NOK/SGD,1,SGD 50 – 200,amtBtw50And200,SGD 50 – 200,std_50_200,mainCurrencies,2026-09-04 00:30:10,2026-09-03 16:30:25,2026-09-03T16:35:04.212396+00:00,0.1383,0.1344,,0.13635,,,
standardized,dbs,NOK,SGD,NOK/SGD,1,SGD < 50,amtLessThan50,SGD < 50,std_lt_50,mainCurrencies,2026-09-04 00:30:10,2026-09-03 16:30:25,2026-09-03T16:35:04.212396+00:00,0.1387,0.134,,0.13635,,,
standardized,dbs,NZD,SGD,NZD/SGD,1,SGD 50 – 200,amtBtw50And200,"SGD 200 – 39,999.99",std_200_40k,mainCurrencies,2026-09-04 00:30:10,2026-09-03 16:30:25,2026-09-03T16:35:04.212396+00:00,0.7544,0.7371,0.7444,0.7457499999999999,MAS,1.3433637829124139,0.9806555615260577
standardized,dbs,NZD,SGD,NZD/SGD,1,SGD 50 – 200,amtBtw50And200,"SGD 40,000 – 100,000",std_40k_100k,mainCurrencies,2026-09-04 00:30:10,2026-09-03 16:30:25,2026-09-03T16:35:04.212396+00:00,0.7544,0.7371,0.7444,0.7457499999999999,MAS,1.3433637829124139,0.9806555615260577
standardized,dbs,NZD,SGD,NZD/SGD,1,SGD 50 – 200,amtBtw50And200,SGD 50 – 200,std_50_200,mainCurrencies,2026-09-04 00:30:10,2026-09-03 16:30:25,2026-09-03T16:35:04.212396+00:00,0.7544,0.7371,0.7444,0.7457499999999999,MAS,1.3433637829124139,0.9806555615260577
standardized,dbs,NZD,SGD,NZD/SGD,1,SGD < 50,amtLessThan50,SGD < 50,std_lt_50,mainCurrencies,2026-09-04 00:30:10,2026-09-03 16:30:25,2026-09-03T16:35:04.212396+00:00,0.7552,0.7364,0.7444,0.7458,MAS,1.45083288554541,1.0746910263299163
standardized,dbs,OMR,SGD,OMR/SGD,1,SGD 50 – 200,amtBtw50And200,"SGD 200 – 39,999.99",std_200_40k,otherCurrencies,2026-09-04 00:30:10,2026-09-03 16:30:25,2026-09-03T16:35:04.212396+00:00,3.3126,,,,,,
standardized,dbs,OMR,SGD,OMR/SGD,1,SGD 50 – 200,amtBtw50And200,"SGD 40,000 – 100,000",std_40k_100k,otherCurrencies,2026-09-04 00:30:10,2026-09-03 16:30:25,2026-09-03T16:35:04.212396+00:00,3.3126,,,,,,
standardized,dbs,OMR,SGD,OMR/SGD,1,SGD 50 – 200,amtBtw50And200,SGD 50 – 200,std_50_200,otherCurrencies,2026-09-04 00:30:10,2026-09-03 16:30:25,2026-09-03T16:35:04.212396+00:00,3.3126,,,,,,
standardized,dbs,OMR,SGD,OMR/SGD,1,SGD < 50,amtLessThan50,SGD < 50,std_lt_50,otherCurrencies,2026-09-04 00:30:10,2026-09-03 16:30:25,2026-09-03T16:35:04.212396+00:00,3.3126,,,,,,
standardized,dbs,PH0,SGD,PH0/SGD,100,SGD 50 – 200,amtBtw50And200,"SGD 200 – 39,999.99",std_200_40k,otherCurrencies,2026-09-04 00:30:10,2026-09-03 16:30:25,2026-09-03T16:35:04.212396+00:00,,2.0183,,,,,
standardized,dbs,PH0,SGD,PH0/SGD,100,SGD 50 – 200,amtBtw50And200,"SGD 40,000 – 100,000",std_40k_100k,otherCurrencies,2026-09-04 00:30:10,2026-09-03 16:30:25,2026-09-03T16:35:04.212396+00:00,,2.0183,,,,,
standardized,dbs,PH0,SGD,PH0/SGD,100,SGD 50 – 200,amtBtw50And200,SGD 50 – 200,std_50_200,otherCurrencies,2026-09-04 00:30:10,2026-09-03 16:30:25,2026-09-03T16:35:04.212396+00:00,,2.0183,,,,,
standardized,dbs,PH0,SGD,PH0/SGD,100,SGD < 50,amtLessThan50,SGD < 50,std_lt_50,otherCurrencies,2026-09-04 00:30:10,2026-09-03 16:30:25,2026-09-03T16:35:04.212396+00:00,,2.0186,,,,,
standardized,dbs,PHP,SGD,PHP/SGD,100,SGD 50 – 200,amtBtw50And200,"SGD 200 – 39,999.99",std_200_40k,otherCurrencies,2026-09-04 00:30:10,2026-09-03 16:30:25,2026-09-03T16:35:04.212396+00:00,2.0486,,2.0311,,MAS,0.8616020875387755,
standardized,dbs,PHP,SGD,PHP/SGD,100,SGD 50 – 200,amtBtw50And200,"SGD 40,000 – 100,000",std_40k_100k,otherCurrencies,2026-09-04 00:30:10,2026-09-03 16:30:25,2026-09-03T16:35:04.212396+00:00,2.0486,,2.0311,,MAS,0.8616020875387755,
standardized,dbs,PHP,SGD,PHP/SGD,100,SGD 50 – 200,amtBtw50And200,SGD 50 – 200,std_50_200,otherCurrencies,2026-09-04 00:30:10,2026-09-03 16:30:25,2026-09-03T16:35:04.212396+00:00,2.0486,,2.0311,,MAS,0.8616020875387755,
standardized,dbs,PHP,SGD,PHP/SGD,100,SGD < 50,amtLessThan50,SGD < 50,std_lt_50,otherCurrencies,2026-09-04 00:30:10,2026-09-03 16:30:25,2026-09-03T16:35:04.212396+00:00,2.064,,2.0311,,MAS,1.619811924572899,
standardized,dbs,PLN,SGD,PLN/SGD,1,SGD 50 – 200,amtBtw50And200,"SGD 200 – 39,999.99",std_200_40k,otherCurrencies,2026-09-04 00:30:10,2026-09-03 16:30:25,2026-09-03T16:35:04.212396+00:00,0.3452,,,,,,
standardized,dbs,PLN,SGD,PLN/SGD,1,SGD 50 – 200,amtBtw50And200,"SGD 40,000 – 100,000",std_40k_100k,otherCurrencies,2026-09-04 00:30:10,2026-09-03 16:30:25,2026-09-03T16:35:04.212396+00:00,0.3452,,,,,,
standardized,dbs,PLN,SGD,PLN/SGD,1,SGD 50 – 200,amtBtw50And200,SGD 50 – 200,std_50_200,otherCurrencies,2026-09-04 00:30:10,2026-09-03 16:30:25,2026-09-03T16:35:04.212396+00:00,0.3452,,,,,,
standardized,dbs,PLN,SGD,PLN/SGD,1,SGD < 50,amtLessThan50,SGD < 50,std_lt_50,otherCurrencies,2026-09-04 00:30:10,2026-09-03 16:30:25,2026-09-03T16:35:04.212396+00:00,0.3465,,,,,,
standardized,dbs,QAR,SGD,QAR/SGD,1,SGD 50 – 200,amtBtw50And200,"SGD 200 – 39,999.99",std_200_40k,otherCurrencies,2026-09-04 00:30:10,2026-09-03 16:30:25,2026-09-03T16:35:04.212396+00:00,0.3551,,0.3483,,MAS,1.952339936836069,
standardized,dbs,QAR,SGD,QAR/SGD,1,SGD 50 – 200,amtBtw50And200,"SGD 40,000 – 100,000",std_40k_100k,otherCurrencies,2026-09-04 00:30:10,2026-09-03 16:30:25,2026-09-03T16:35:04.212396+00:00,0.3551,,0.3483,,MAS,1.952339936836069,
standardized,dbs,QAR,SGD,QAR/SGD,1,SGD 50 – 200,amtBtw50And200,SGD 50 – 200,std_50_200,otherCurrencies,2026-09-04 00:30:10,2026-09-03 16:30:25,2026-09-03T16:35:04.212396+00:00,0.3551,,0.3483,,MAS,1.952339936836069,
standardized,dbs,QAR,SGD,QAR/SGD,1,SGD < 50,amtLessThan50,SGD < 50,std_lt_50,otherCurrencies,2026-09-04 00:30:10,2026-09-03 16:30:25,2026-09-03T16:35:04.212396+00:00,0.3565,,0.3483,,MAS,2.3542922767728927,
standardized,dbs,RUB,SGD,RUB/SGD,100,SGD 50 – 200,amtBtw50And200,"SGD 200 – 39,999.99",std_200_40k,mainCurrencies,2026-09-04 00:30:10,2026-09-03 16:30:25,2026-09-03T16:35:04.212396+00:00,,,,,,,
standardized,dbs,RUB,SGD,RUB/SGD,100,SGD 50 – 200,amtBtw50And200,"SGD 40,000 – 100,000",std_40k_100k,mainCurrencies,2026-09-04 00:30:10,2026-09-03 16:30:25,2026-09-03T16:35:04.212396+00:00,,,,,,,
standardized,dbs,RUB,SGD,RUB/SGD,100,SGD 50 – 200,amtBtw50And200,SGD 50 – 200,std_50_200,mainCurrencies,2026-09-04 00:30:10,2026-09-03 16:30:25,2026-09-03T16:35:04.212396+00:00,,,,,,,
standardized,dbs,RUB,SGD,RUB/SGD,100,SGD < 50,amtLessThan50,SGD < 50,std_lt_50,mainCurrencies,2026-09-04 00:30:10,2026-09-03 16:30:25,2026-09-03T16:35:04.212396+00:00,,,,,,,
standardized,dbs,SAR,SGD,SAR/SGD,100,SGD 50 – 200,amtBtw50And200,"SGD 200 – 39,999.99",std_200_40k,otherCurrencies,2026-09-04 00:30:10,2026-09-03 16:30:25,2026-09-03T16:35:04.212396+00:00,34.1491,,33.82,,MAS,0.9730928444707181,
standardized,dbs,SAR,SGD,SAR/SGD,100,SGD 50 – 200,amtBtw50And200,"SGD 40,000 – 100,000",std_40k_100k,otherCurrencies,2026-09-04 00:30:10,2026-09-03 16:30:25,2026-09-03T16:35:04.212396+00:00,34.1491,,33.82,,MAS,0.9730928444707181,
standardized,dbs,SAR,SGD,SAR/SGD,100,SGD 50 – 200,amtBtw50And200,SGD 50 – 200,std_50_200,otherCurrencies,2026-09-04 00:30:10,2026-09-03 16:30:25,2026-09-03T16:35:04.212396+00:00,34.1491,,33.82,,MAS,0.9730928444707181,
standardized,dbs,SAR,SGD,SAR/SGD,100,SGD < 50,amtLessThan50,SGD < 50,std_lt_50,otherCurrencies,2026-09-04 00:30:10,2026-09-03 16:30:25,2026-09-03T16:35:04.212396+00:00,34.1491,,33.82,,MAS,0.9730928444707181,
standardized,dbs,SEK,SGD,SEK/SGD,1,SGD 50 – 200,amtBtw50And200,"SGD 200 – 39,999.99",std_200_40k,mainCurrencies,2026-09-04 00:30:10,2026-09-03 16:30:25,2026-09-03T16:35:04.212396+00:00,0.1345,0.1309,,0.13269999999999998,,,
standardized,dbs,SEK,SGD,SEK/SGD,1,SGD 50 – 200,amtBtw50And200,"SGD 40,000 – 100,000",std_40k_100k,mainCurrencies,2026-09-04 00:30:10,2026-09-03 16:30:25,2026-09-03T16:35:04.212396+00:00,0.1345,0.1309,,0.13269999999999998,,,
standardized,dbs,SEK,SGD,SEK/SGD,1,SGD 50 – 200,amtBtw50And200,SGD 50 – 200,std_50_200,mainCurrencies,2026-09-04 00:30:10,2026-09-03 16:30:25,2026-09-03T16:35:04.212396+00:00,0.1345,0.1309,,0.13269999999999998,,,
standardized,dbs,SEK,SGD,SEK/SGD,1,SGD < 50,amtLessThan50,SGD < 50,std_lt_50,mainCurrencies,2026-09-04 00:30:10,2026-09-03 16:30:25,2026-09-03T16:35:04.212396+00:00,0.1351,0.1304,,0.13274999999999998,,,
standardized,dbs,THB,SGD,THB/SGD,100,SGD 50 – 200,amtBtw50And200,"SGD 200 – 39,999.99",std_200_40k,mainCurrencies,2026-09-04 00:30:10,2026-09-03 16:30:25,2026-09-03T16:35:04.212396+00:00,3.9091,3.7905,3.8473,3.8498,MAS,1.606321316247754,1.4763600447066765
standardized,dbs,THB,SGD,THB/SGD,100,SGD 50 – 200,amtBtw50And200,"SGD 40,000 – 100,000",std_40k_100k,mainCurrencies,2026-09-04 00:30:10,2026-09-03 16:30:25,2026-09-03T16:35:04.212396+00:00,3.9091,3.7905,3.8473,3.8498,MAS,1.606321316247754,1.4763600447066765
standardized,dbs,THB,SGD,THB/SGD,100,SGD 50 – 200,amtBtw50And200,SGD 50 – 200,std_50_200,mainCurrencies,2026-09-04 00:30:10,2026-09-03 16:30:25,2026-09-03T16:35:04.212396+00:00,3.9091,3.7905,3.8473,3.8498,MAS,1.606321316247754,1.4763600447066765
standardized,dbs,THB,SGD,THB/SGD,100,SGD < 50,amtLessThan50,SGD < 50,std_lt_50,mainCurrencies,2026-09-04 00:30:10,2026-09-03 16:30:25,2026-09-03T16:35:04.212396+00:00,3.9134,3.7863,3.8473,3.84985,MAS,1.7180880097730888,1.5855275128011836
standardized,dbs,TND,SGD,TND/SGD,1,SGD 50 – 200,amtBtw50And200,"SGD 200 – 39,999.99",std_200_40k,otherCurrencies,2026-09-04 00:30:10,2026-09-03 16:30:25,2026-09-03T16:35:04.212396+00:00,0.4426,,,,,,
standardized,dbs,TND,SGD,TND/SGD,1,SGD 50 – 200,amtBtw50And200,"SGD 40,000 – 100,000",std_40k_100k,otherCurrencies,2026-09-04 00:30:10,2026-09-03 16:30:25,2026-09-03T16:35:04.212396+00:00,0.4426,,,,,,
standardized,dbs,TND,SGD,TND/SGD,1,SGD 50 – 200,amtBtw50And200,SGD 50 – 200,std_50_200,otherCurrencies,2026-09-04 00:30:10,2026-09-03 16:30:25,2026-09-03T16:35:04.212396+00:00,0.4426,,,,,,
standardized,dbs,TND,SGD,TND/SGD,1,SGD < 50,amtLessThan50,SGD < 50,std_lt_50,otherCurrencies,2026-09-04 00:30:10,2026-09-03 16:30:25,2026-09-03T16:35:04.212396+00:00,0.4426,,,,,,
standardized,dbs,TWD,SGD,TWD/SGD,100,SGD 50 – 200,amtBtw50And200,"SGD 200 – 39,999.99",std_200_40k,otherCurrencies,2026-09-04 00:30:10,2026-09-03 16:30:25,2026-09-03T16:35:04.212396+00:00,4.0351,,4.0044,,MAS,0.7666566776545676,
standardized,dbs,TWD,SGD,TWD/SGD,100,SGD 50 – 200,amtBtw50And200,"SGD 40,000 – 100,000",std_40k_100k,otherCurrencies,2026-09-04 00:30:10,2026-09-03 16:30:25,2026-09-03T16:35:04.212396+00:00,4.0351,,4.0044,,MAS,0.7666566776545676,
standardized,dbs,TWD,SGD,TWD/SGD,100,SGD 50 – 200,amtBtw50And200,SGD 50 – 200,std_50_200,otherCurrencies,2026-09-04 00:30:10,2026-09-03 16:30:25,2026-09-03T16:35:04.212396+00:00,4.0351,,4.0044,,MAS,0.7666566776545676,
standardized,dbs,TWD,SGD,TWD/SGD,100,SGD < 50,amtLessThan50,SGD < 50,std_lt_50,otherCurrencies,2026-09-04 00:30:10,2026-09-03 16:30:25,2026-09-03T16:35:04.212396+00:00,4.0391,,4.0044,,MAS,0.866546798521625,
standardized,dbs,USD,SGD,USD/SGD,1,SGD 50 – 200,amtBtw50And200,"SGD 200 – 39,999.99",std_200_40k,mainCurrencies,2026-09-04 00:30:10,2026-09-03 16:30:25,2026-09-03T16:35:04.212396+00:00,1.277,1.2559,1.2698,1.2664499999999999,MAS,0.5670184280989032,1.0946605764687372
standardized,dbs,USD,SGD,USD/SGD,1,SGD 50 – 200,amtBtw50And200,"SGD 40,000 – 100,000",std_40k_100k,mainCurrencies,2026-09-04 00:30:10,2026-09-03 16:30:25,2026-09-03T16:35:04.212396+00:00,1.277,1.2559,1.2698,1.2664499999999999,MAS,0.5670184280989032,1.0946605764687372
standardized,dbs,USD,SGD,USD/SGD,1,SGD 50 – 200,amtBtw50And200,SGD 50 – 200,std_50_200,mainCurrencies,2026-09-04 00:30:10,2026-09-03 16:30:25,2026-09-03T16:35:04.212396+00:00,1.277,1.2559,1.2698,1.2664499999999999,MAS,0.5670184280989032,1.0946605764687372
standardized,dbs,USD,SGD,USD/SGD,1,SGD < 50,amtLessThan50,SGD < 50,std_lt_50,mainCurrencies,2026-09-04 00:30:10,2026-09-03 16:30:25,2026-09-03T16:35:04.212396+00:00,1.2779,1.255,1.2698,1.2664499999999999,MAS,0.6378957316112771,1.165537879981111
standardized,dbs,VND,SGD,VND/SGD,100,SGD 50 – 200,amtBtw50And200,"SGD 200 – 39,999.99",std_200_40k,otherCurrencies,2026-09-04 00:30:10,2026-09-03 16:30:25,2026-09-03T16:35:04.212396+00:00,0.005,,0.004864,,MAS,2.796052631578944,
standardized,dbs,VND,SGD,VND/SGD,100,SGD 50 – 200,amtBtw50And200,"SGD 40,000 – 100,000",std_40k_100k,otherCurrencies,2026-09-04 00:30:10,2026-09-03 16:30:25,2026-09-03T16:35:04.212396+00:00,0.005,,0.004864,,MAS,2.796052631578944,
standardized,dbs,VND,SGD,VND/SGD,100,SGD 50 – 200,amtBtw50And200,SGD 50 – 200,std_50_200,otherCurrencies,2026-09-04 00:30:10,2026-09-03 16:30:25,2026-09-03T16:35:04.212396+00:00,0.005,,0.004864,,MAS,2.796052631578944,
standardized,dbs,VND,SGD,VND/SGD,100,SGD < 50,amtLessThan50,SGD < 50,std_lt_50,otherCurrencies,2026-09-04 00:30:10,2026-09-03 16:30:25,2026-09-03T16:35:04.212396+00:00,0.005,,0.004864,,MAS,2.796052631578944,
standardized,dbs,XAU,SGD,XAU/SGD,1,SGD 50 – 200,amtBtw50And200,"SGD 200 – 39,999.99",std_200_40k,otherCurrencies,2026-09-04 00:30:10,2026-09-03 16:30:25,2026-09-03T16:35:04.212396+00:00,5722.707,5653.351,,5688.029,,,
standardized,dbs,XAU,SGD,XAU/SGD,1,SGD 50 – 200,amtBtw50And200,"SGD 40,000 – 100,000",std_40k_100k,otherCurrencies,2026-09-04 00:30:10,2026-09-03 16:30:25,2026-09-03T16:35:04.212396+00:00,5722.707,5653.351,,5688.029,,,
standardized,dbs,XAU,SGD,XAU/SGD,1,SGD 50 – 200,amtBtw50And200,SGD 50 – 200,std_50_200,otherCurrencies,2026-09-04 00:30:10,2026-09-03 16:30:25,2026-09-03T16:35:04.212396+00:00,5722.707,5653.351,,5688.029,,,
standardized,dbs,XAU,SGD,XAU/SGD,1,SGD < 50,amtLessThan50,SGD < 50,std_lt_50,otherCurrencies,2026-09-04 00:30:10,2026-09-03 16:30:25,2026-09-03T16:35:04.212396+00:00,5722.752,5653.396,,5688.0740000000005,,,
standardized,dbs,ZAR,SGD,ZAR/SGD,1,SGD 50 – 200,amtBtw50And200,"SGD 200 – 39,999.99",std_200_40k,otherCurrencies,2026-09-04 00:30:10,2026-09-03 16:30:25,2026-09-03T16:35:04.212396+00:00,0.0801,0.0781,,0.0791,,,
standardized,dbs,ZAR,SGD,ZAR/SGD,1,SGD 50 – 200,amtBtw50And200,"SGD 40,000 – 100,000",std_40k_100k,otherCurrencies,2026-09-04 00:30:10,2026-09-03 16:30:25,2026-09-03T16:35:04.212396+00:00,0.0801,0.0781,,0.0791,,,
standardized,dbs,ZAR,SGD,ZAR/SGD,1,SGD 50 – 200,amtBtw50And200,SGD 50 – 200,std_50_200,otherCurrencies,2026-09-04 00:30:10,2026-09-03 16:30:25,2026-09-03T16:35:04.212396+00:00,0.0801,0.0781,,0.0791,,,
standardized,dbs,ZAR,SGD,ZAR/SGD,1,SGD < 50,amtLessThan50,SGD < 50,std_lt_50,otherCurrencies,2026-09-04 00:30:10,2026-09-03 16:30:25,2026-09-03T16:35:04.212396+00:00,0.0804,0.0778,,0.0791,,,
standardized,hsbc,AED,SGD,AED/SGD,100,Indicative board,board,"SGD 200 – 39,999.99",std_200_40k,indicative_fx,2026-9-3,2026-9-3,2026-09-03T16:35:07.693878+00:00,35.74,33.48,34.57,34.61,MAS,3.3844373734451887,3.1530228521839843
standardized,hsbc,AED,SGD,AED/SGD,100,Indicative board,board,"SGD 40,000 – 100,000",std_40k_100k,indicative_fx,2026-9-3,2026-9-3,2026-09-03T16:35:07.693878+00:00,35.74,33.48,34.57,34.61,MAS,3.3844373734451887,3.1530228521839843
standardized,hsbc,AED,SGD,AED/SGD,100,Indicative board,board,SGD 50 – 200,std_50_200,indicative_fx,2026-9-3,2026-9-3,2026-09-03T16:35:07.693878+00:00,35.74,33.48,34.57,34.61,MAS,3.3844373734451887,3.1530228521839843
standardized,hsbc,AED,SGD,AED/SGD,100,Indicative board,board,SGD < 50,std_lt_50,indicative_fx,2026-9-3,2026-9-3,2026-09-03T16:35:07.693878+00:00,35.74,33.48,34.57,34.61,MAS,3.3844373734451887,3.1530228521839843
standardized,hsbc,AUD,SGD,AUD/SGD,1,Indicative board,board,"SGD 200 – 39,999.99",std_200_40k,indicative_fx,2026-9-3,2026-9-3,2026-09-03T16:35:07.693878+00:00,0.9382,0.8832,0.9104000000000001,0.9107000000000001,MAS,3.053602811950783,2.9876977152899946
standardized,hsbc,AUD,SGD,AUD/SGD,1,Indicative board,board,"SGD 40,000 – 100,000",std_40k_100k,indicative_fx,2026-9-3,2026-9-3,2026-09-03T16:35:07.693878+00:00,0.9382,0.8832,0.9104000000000001,0.9107000000000001,MAS,3.053602811950783,2.9876977152899946
standardized,hsbc,AUD,SGD,AUD/SGD,1,Indicative board,board,SGD 50 – 200,std_50_200,indicative_fx,2026-9-3,2026-9-3,2026-09-03T16:35:07.693878+00:00,0.9382,0.8832,0.9104000000000001,0.9107000000000001,MAS,3.053602811950783,2.9876977152899946
standardized,hsbc,AUD,SGD,AUD/SGD,1,Indicative board,board,SGD < 50,std_lt_50,indicative_fx,2026-9-3,2026-9-3,2026-09-03T16:35:07.693878+00:00,0.9382,0.8832,0.9104000000000001,0.9107000000000001,MAS,3.053602811950783,2.9876977152899946
standardized,hsbc,CAD,SGD,CAD/SGD,1,Indicative board,board,"SGD 200 – 39,999.99",std_200_40k,indicative_fx,2026-9-3,2026-9-3,2026-09-03T16:35:07.693878+00:00,0.9465,0.891,0.9181999999999999,0.91875,MAS,3.0821171857983125,2.962317577869734
standardized,hsbc,CAD,SGD,CAD/SGD,1,Indicative board,board,"SGD 40,000 – 100,000",std_40k_100k,indicative_fx,2026-9-3,2026-9-3,2026-09-03T16:35:07.693878+00:00,0.9465,0.891,0.9181999999999999,0.91875,MAS,3.0821171857983125,2.962317577869734
standardized,hsbc,CAD,SGD,CAD/SGD,1,Indicative board,board,SGD 50 – 200,std_50_200,indicative_fx,2026-9-3,2026-9-3,2026-09-03T16:35:07.693878+00:00,0.9465,0.891,0.9181999999999999,0.91875,MAS,3.0821171857983125,2.962317577869734
standardized,hsbc,CAD,SGD,CAD/SGD,1,Indicative board,board,SGD < 50,std_lt_50,indicative_fx,2026-9-3,2026-9-3,2026-09-03T16:35:07.693878+00:00,0.9465,0.891,0.9181999999999999,0.91875,MAS,3.0821171857983125,2.962317577869734
standardized,hsbc,CHF,SGD,CHF/SGD,100,Indicative board,board,"SGD 200 – 39,999.99",std_200_40k,indicative_fx,2026-9-3,2026-9-3,2026-09-03T16:35:07.693878+00:00,161.15,151.71,156.39,156.43,MAS,3.0436728691092907,2.9925187032418816
standardized,hsbc,CHF,SGD,CHF/SGD,100,Indicative board,board,"SGD 40,000 – 100,000",std_40k_100k,indicative_fx,2026-9-3,2026-9-3,2026-09-03T16:35:07.693878+00:00,161.15,151.71,156.39,156.43,MAS,3.0436728691092907,2.9925187032418816
standardized,hsbc,CHF,SGD,CHF/SGD,100,Indicative board,board,SGD 50 – 200,std_50_200,indicative_fx,2026-9-3,2026-9-3,2026-09-03T16:35:07.693878+00:00,161.15,151.71,156.39,156.43,MAS,3.0436728691092907,2.9925187032418816
standardized,hsbc,CHF,SGD,CHF/SGD,100,Indicative board,board,SGD < 50,std_lt_50,indicative_fx,2026-9-3,2026-9-3,2026-09-03T16:35:07.693878+00:00,161.15,151.71,156.39,156.43,MAS,3.0436728691092907,2.9925187032418816
standardized,hsbc,CNY,SGD,CNY/SGD,100,Indicative board,board,"SGD 200 – 39,999.99",std_200_40k,indicative_fx,2026-9-3,2026-9-3,2026-09-03T16:35:07.693878+00:00,19.54,18.3,18.9,18.92,MAS,3.386243386243389,3.1746031746031633
standardized,hsbc,CNY,SGD,CNY/SGD,100,Indicative board,board,"SGD 40,000 – 100,000",std_40k_100k,indicative_fx,2026-9-3,2026-9-3,2026-09-03T16:35:07.693878+00:00,19.54,18.3,18.9,18.92,MAS,3.386243386243389,3.1746031746031633
standardized,hsbc,CNY,SGD,CNY/SGD,100,Indicative board,board,SGD 50 – 200,std_50_200,indicative_fx,2026-9-3,2026-9-3,2026-09-03T16:35:07.693878+00:00,19.54,18.3,18.9,18.92,MAS,3.386243386243389,3.1746031746031633
standardized,hsbc,CNY,SGD,CNY/SGD,100,Indicative board,board,SGD < 50,std_lt_50,indicative_fx,2026-9-3,2026-9-3,2026-09-03T16:35:07.693878+00:00,19.54,18.3,18.9,18.92,MAS,3.386243386243389,3.1746031746031633
standardized,hsbc,DKK,SGD,DKK/SGD,100,Indicative board,board,"SGD 200 – 39,999.99",std_200_40k,indicative_fx,2026-9-3,2026-9-3,2026-09-03T16:35:07.693878+00:00,20.3,19.11,,19.705,,,
standardized,hsbc,DKK,SGD,DKK/SGD,100,Indicative board,board,"SGD 40,000 – 100,000",std_40k_100k,indicative_fx,2026-9-3,2026-9-3,2026-09-03T16:35:07.693878+00:00,20.3,19.11,,19.705,,,
standardized,hsbc,DKK,SGD,DKK/SGD,100,Indicative board,board,SGD 50 – 200,std_50_200,indicative_fx,2026-9-3,2026-9-3,2026-09-03T16:35:07.693878+00:00,20.3,19.11,,19.705,,,
standardized,hsbc,DKK,SGD,DKK/SGD,100,Indicative board,board,SGD < 50,std_lt_50,indicative_fx,2026-9-3,2026-9-3,2026-09-03T16:35:07.693878+00:00,20.3,19.11,,19.705,,,
standardized,hsbc,EUR,SGD,EUR/SGD,1,Indicative board,board,"SGD 200 – 39,999.99",std_200_40k,indicative_fx,2026-9-3,2026-9-3,2026-09-03T16:35:07.693878+00:00,1.5175,1.4287,1.4726,1.4731,MAS,3.0490289284259244,2.9811218253429193
standardized,hsbc,EUR,SGD,EUR/SGD,1,Indicative board,board,"SGD 40,000 – 100,000",std_40k_100k,indicative_fx,2026-9-3,2026-9-3,2026-09-03T16:35:07.693878+00:00,1.5175,1.4287,1.4726,1.4731,MAS,3.0490289284259244,2.9811218253429193
standardized,hsbc,EUR,SGD,EUR/SGD,1,Indicative board,board,SGD 50 – 200,std_50_200,indicative_fx,2026-9-3,2026-9-3,2026-09-03T16:35:07.693878+00:00,1.5175,1.4287,1.4726,1.4731,MAS,3.0490289284259244,2.9811218253429193
standardized,hsbc,EUR,SGD,EUR/SGD,1,Indicative board,board,SGD < 50,std_lt_50,indicative_fx,2026-9-3,2026-9-3,2026-09-03T16:35:07.693878+00:00,1.5175,1.4287,1.4726,1.4731,MAS,3.0490289284259244,2.9811218253429193
standardized,hsbc,FJD,SGD,FJD/SGD,1,Indicative board,board,"SGD 200 – 39,999.99",std_200_40k,indicative_fx,2026-9-3,2026-9-3,2026-09-03T16:35:07.693878+00:00,0.6034,,,,,,
standardized,hsbc,FJD,SGD,FJD/SGD,1,Indicative board,board,"SGD 40,000 – 100,000",std_40k_100k,indicative_fx,2026-9-3,2026-9-3,2026-09-03T16:35:07.693878+00:00,0.6034,,,,,,
standardized,hsbc,FJD,SGD,FJD/SGD,1,Indicative board,board,SGD 50 – 200,std_50_200,indicative_fx,2026-9-3,2026-9-3,2026-09-03T16:35:07.693878+00:00,0.6034,,,,,,
standardized,hsbc,FJD,SGD,FJD/SGD,1,Indicative board,board,SGD < 50,std_lt_50,indicative_fx,2026-9-3,2026-9-3,2026-09-03T16:35:07.693878+00:00,0.6034,,,,,,
standardized,hsbc,GBP,SGD,GBP/SGD,1,Indicative board,board,"SGD 200 – 39,999.99",std_200_40k,indicative_fx,2026-9-3,2026-9-3,2026-09-03T16:35:07.693878+00:00,1.7658,1.6624,1.7136,1.7141000000000002,MAS,3.046218487394959,2.987861811391218
standardized,hsbc,GBP,SGD,GBP/SGD,1,Indicative board,board,"SGD 40,000 – 100,000",std_40k_100k,indicative_fx,2026-9-3,2026-9-3,2026-09-03T16:35:07.693878+00:00,1.7658,1.6624,1.7136,1.7141000000000002,MAS,3.046218487394959,2.987861811391218
standardized,hsbc,GBP,SGD,GBP/SGD,1,Indicative board,board,SGD 50 – 200,std_50_200,indicative_fx,2026-9-3,2026-9-3,2026-09-03T16:35:07.693878+00:00,1.7658,1.6624,1.7136,1.7141000000000002,MAS,3.046218487394959,2.987861811391218
standardized,hsbc,GBP,SGD,GBP/SGD,1,Indicative board,board,SGD < 50,std_lt_50,indicative_fx,2026-9-3,2026-9-3,2026-09-03T16:35:07.693878+00:00,1.7658,1.6624,1.7136,1.7141000000000002,MAS,3.046218487394959,2.987861811391218
standardized,hsbc,HKD,SGD,HKD/SGD,100,Indicative board,board,"SGD 200 – 39,999.99",std_200_40k,indicative_fx,2026-9-3,2026-9-3,2026-09-03T16:35:07.693878+00:00,16.41,16.0,16.19,16.205,MAS,1.3588634959851689,1.1735639283508417
standardized,hsbc,HKD,SGD,HKD/SGD,100,Indicative board,board,"SGD 40,000 – 100,000",std_40k_100k,indicative_fx,2026-9-3,2026-9-3,2026-09-03T16:35:07.693878+00:00,16.41,16.0,16.19,16.205,MAS,1.3588634959851689,1.1735639283508417
standardized,hsbc,HKD,SGD,HKD/SGD,100,Indicative board,board,SGD 50 – 200,std_50_200,indicative_fx,2026-9-3,2026-9-3,2026-09-03T16:35:07.693878+00:00,16.41,16.0,16.19,16.205,MAS,1.3588634959851689,1.1735639283508417
standardized,hsbc,HKD,SGD,HKD/SGD,100,Indicative board,board,SGD < 50,std_lt_50,indicative_fx,2026-9-3,2026-9-3,2026-09-03T16:35:07.693878+00:00,16.41,16.0,16.19,16.205,MAS,1.3588634959851689,1.1735639283508417
standardized,hsbc,IDR,SGD,IDR/SGD,100,Indicative board,board,"SGD 200 – 39,999.99",std_200_40k,indicative_fx,2026-9-3,2026-9-3,2026-09-03T16:35:07.693878+00:00,0.0074,,0.00718,,MAS,3.0640668523676964,
standardized,hsbc,IDR,SGD,IDR/SGD,100,Indicative board,board,"SGD 40,000 – 100,000",std_40k_100k,indicative_fx,2026-9-3,2026-9-3,2026-09-03T16:35:07.693878+00:00,0.0074,,0.00718,,MAS,3.0640668523676964,
standardized,hsbc,IDR,SGD,IDR/SGD,100,Indicative board,board,SGD 50 – 200,std_50_200,indicative_fx,2026-9-3,2026-9-3,2026-09-03T16:35:07.693878+00:00,0.0074,,0.00718,,MAS,3.0640668523676964,
standardized,hsbc,IDR,SGD,IDR/SGD,100,Indicative board,board,SGD < 50,std_lt_50,indicative_fx,2026-9-3,2026-9-3,2026-09-03T16:35:07.693878+00:00,0.0074,,0.00718,,MAS,3.0640668523676964,
standardized,hsbc,INR,SGD,INR/SGD,100,Indicative board,board,"SGD 200 – 39,999.99",std_200_40k,indicative_fx,2026-9-3,2026-9-3,2026-09-03T16:35:07.693878+00:00,1.38,,1.3448,,MAS,2.617489589530034,
standardized,hsbc,INR,SGD,INR/SGD,100,Indicative board,board,"SGD 40,000 – 100,000",std_40k_100k,indicative_fx,2026-9-3,2026-9-3,2026-09-03T16:35:07.693878+00:00,1.38,,1.3448,,MAS,2.617489589530034,
standardized,hsbc,INR,SGD,INR/SGD,100,Indicative board,board,SGD 50 – 200,std_50_200,indicative_fx,2026-9-3,2026-9-3,2026-09-03T16:35:07.693878+00:00,1.38,,1.3448,,MAS,2.617489589530034,
standardized,hsbc,INR,SGD,INR/SGD,100,Indicative board,board,SGD < 50,std_lt_50,indicative_fx,2026-9-3,2026-9-3,2026-09-03T16:35:07.693878+00:00,1.38,,1.3448,,MAS,2.617489589530034,
standardized,hsbc,JPY,SGD,JPY/SGD,100,Indicative board,board,"SGD 200 – 39,999.99",std_200_40k,indicative_fx,2026-9-3,2026-9-3,2026-09-03T16:35:07.693878+00:00,0.8244,0.7762,0.8048,0.8003,MAS,2.4353876739562703,3.553677932405561
standardized,hsbc,JPY,SGD,JPY/SGD,100,Indicative board,board,"SGD 40,000 – 100,000",std_40k_100k,indicative_fx,2026-9-3,2026-9-3,2026-09-03T16:35:07.693878+00:00,0.8244,0.7762,0.8048,0.8003,MAS,2.4353876739562703,3.553677932405561
standardized,hsbc,JPY,SGD,JPY/SGD,100,Indicative board,board,SGD 50 – 200,std_50_200,indicative_fx,2026-9-3,2026-9-3,2026-09-03T16:35:07.693878+00:00,0.8244,0.7762,0.8048,0.8003,MAS,2.4353876739562703,3.553677932405561
standardized,hsbc,JPY,SGD,JPY/SGD,100,Indicative board,board,SGD < 50,std_lt_50,indicative_fx,2026-9-3,2026-9-3,2026-09-03T16:35:07.693878+00:00,0.8244,0.7762,0.8048,0.8003,MAS,2.4353876739562703,3.553677932405561
standardized,hsbc,LKR,SGD,LKR/SGD,100,Indicative board,board,"SGD 200 – 39,999.99",std_200_40k,indicative_fx,2026-9-3,2026-9-3,2026-09-03T16:35:07.693878+00:00,0.4,,,,,,
standardized,hsbc,LKR,SGD,LKR/SGD,100,Indicative board,board,"SGD 40,000 – 100,000",std_40k_100k,indicative_fx,2026-9-3,2026-9-3,2026-09-03T16:35:07.693878+00:00,0.4,,,,,,
standardized,hsbc,LKR,SGD,LKR/SGD,100,Indicative board,board,SGD 50 – 200,std_50_200,indicative_fx,2026-9-3,2026-9-3,2026-09-03T16:35:07.693878+00:00,0.4,,,,,,
standardized,hsbc,LKR,SGD,LKR/SGD,100,Indicative board,board,SGD < 50,std_lt_50,indicative_fx,2026-9-3,2026-9-3,2026-09-03T16:35:07.693878+00:00,0.4,,,,,,
standardized,hsbc,MUR,SGD,MUR/SGD,100,Indicative board,board,"SGD 200 – 39,999.99",std_200_40k,indicative_fx,2026-9-3,2026-9-3,2026-09-03T16:35:07.693878+00:00,2.79,2.6,,2.6950000000000003,,,
standardized,hsbc,MUR,SGD,MUR/SGD,100,Indicative board,board,"SGD 40,000 – 100,000",std_40k_100k,indicative_fx,2026-9-3,2026-9-3,2026-09-03T16:35:07.693878+00:00,2.79,2.6,,2.6950000000000003,,,
standardized,hsbc,MUR,SGD,MUR/SGD,100,Indicative board,board,SGD 50 – 200,std_50_200,indicative_fx,2026-9-3,2026-9-3,2026-09-03T16:35:07.693878+00:00,2.79,2.6,,2.6950000000000003,,,
standardized,hsbc,MUR,SGD,MUR/SGD,100,Indicative board,board,SGD < 50,std_lt_50,indicative_fx,2026-9-3,2026-9-3,2026-09-03T16:35:07.693878+00:00,2.79,2.6,,2.6950000000000003,,,
standardized,hsbc,NOK,SGD,NOK/SGD,100,Indicative board,board,"SGD 200 – 39,999.99",std_200_40k,indicative_fx,2026-9-3,2026-9-3,2026-09-03T16:35:07.693878+00:00,14.06,13.23,,13.645,,,
standardized,hsbc,NOK,SGD,NOK/SGD,100,Indicative board,board,"SGD 40,000 – 100,000",std_40k_100k,indicative_fx,2026-9-3,2026-9-3,2026-09-03T16:35:07.693878+00:00,14.06,13.23,,13.645,,,
standardized,hsbc,NOK,SGD,NOK/SGD,100,Indicative board,board,SGD 50 – 200,std_50_200,indicative_fx,2026-9-3,2026-9-3,2026-09-03T16:35:07.693878+00:00,14.06,13.23,,13.645,,,
standardized,hsbc,NOK,SGD,NOK/SGD,100,Indicative board,board,SGD < 50,std_lt_50,indicative_fx,2026-9-3,2026-9-3,2026-09-03T16:35:07.693878+00:00,14.06,13.23,,13.645,,,
standardized,hsbc,NZD,SGD,NZD/SGD,1,Indicative board,board,"SGD 200 – 39,999.99",std_200_40k,indicative_fx,2026-9-3,2026-9-3,2026-09-03T16:35:07.693878+00:00,0.7667,0.7217,0.7444,0.7442,MAS,2.9957012358946935,3.049435787211169
standardized,hsbc,NZD,SGD,NZD/SGD,1,Indicative board,board,"SGD 40,000 – 100,000",std_40k_100k,indicative_fx,2026-9-3,2026-9-3,2026-09-03T16:35:07.693878+00:00,0.7667,0.7217,0.7444,0.7442,MAS,2.9957012358946935,3.049435787211169
standardized,hsbc,NZD,SGD,NZD/SGD,1,Indicative board,board,SGD 50 – 200,std_50_200,indicative_fx,2026-9-3,2026-9-3,2026-09-03T16:35:07.693878+00:00,0.7667,0.7217,0.7444,0.7442,MAS,2.9957012358946935,3.049435787211169
standardized,hsbc,NZD,SGD,NZD/SGD,1,Indicative board,board,SGD < 50,std_lt_50,indicative_fx,2026-9-3,2026-9-3,2026-09-03T16:35:07.693878+00:00,0.7667,0.7217,0.7444,0.7442,MAS,2.9957012358946935,3.049435787211169
standardized,hsbc,PHP,SGD,PHP/SGD,100,Indicative board,board,"SGD 200 – 39,999.99",std_200_40k,indicative_fx,2026-9-3,2026-9-3,2026-09-03T16:35:07.693878+00:00,2.1,,2.0311,,MAS,3.3922505046526608,
standardized,hsbc,PHP,SGD,PHP/SGD,100,Indicative board,board,"SGD 40,000 – 100,000",std_40k_100k,indicative_fx,2026-9-3,2026-9-3,2026-09-03T16:35:07.693878+00:00,2.1,,2.0311,,MAS,3.3922505046526608,
standardized,hsbc,PHP,SGD,PHP/SGD,100,Indicative board,board,SGD 50 – 200,std_50_200,indicative_fx,2026-9-3,2026-9-3,2026-09-03T16:35:07.693878+00:00,2.1,,2.0311,,MAS,3.3922505046526608,
standardized,hsbc,PHP,SGD,PHP/SGD,100,Indicative board,board,SGD < 50,std_lt_50,indicative_fx,2026-9-3,2026-9-3,2026-09-03T16:35:07.693878+00:00,2.1,,2.0311,,MAS,3.3922505046526608,
standardized,hsbc,PKR,SGD,PKR/SGD,100,Indicative board,board,"SGD 200 – 39,999.99",std_200_40k,indicative_fx,2026-9-3,2026-9-3,2026-09-03T16:35:07.693878+00:00,0.47,,,,,,
standardized,hsbc,PKR,SGD,PKR/SGD,100,Indicative board,board,"SGD 40,000 – 100,000",std_40k_100k,indicative_fx,2026-9-3,2026-9-3,2026-09-03T16:35:07.693878+00:00,0.47,,,,,,
standardized,hsbc,PKR,SGD,PKR/SGD,100,Indicative board,board,SGD 50 – 200,std_50_200,indicative_fx,2026-9-3,2026-9-3,2026-09-03T16:35:07.693878+00:00,0.47,,,,,,
standardized,hsbc,PKR,SGD,PKR/SGD,100,Indicative board,board,SGD < 50,std_lt_50,indicative_fx,2026-9-3,2026-9-3,2026-09-03T16:35:07.693878+00:00,0.47,,,,,,
standardized,hsbc,QAR,SGD,QAR/SGD,100,Indicative board,board,"SGD 200 – 39,999.99",std_200_40k,indicative_fx,2026-9-3,2026-9-3,2026-09-03T16:35:07.693878+00:00,35.31,34.43,34.83,34.870000000000005,MAS,1.378122308354878,1.1484352569623848
standardized,hsbc,QAR,SGD,QAR/SGD,100,Indicative board,board,"SGD 40,000 – 100,000",std_40k_100k,indicative_fx,2026-9-3,2026-9-3,2026-09-03T16:35:07.693878+00:00,35.31,34.43,34.83,34.870000000000005,MAS,1.378122308354878,1.1484352569623848
standardized,hsbc,QAR,SGD,QAR/SGD,100,Indicative board,board,SGD 50 – 200,std_50_200,indicative_fx,2026-9-3,2026-9-3,2026-09-03T16:35:07.693878+00:00,35.31,34.43,34.83,34.870000000000005,MAS,1.378122308354878,1.1484352569623848
standardized,hsbc,QAR,SGD,QAR/SGD,100,Indicative board,board,SGD < 50,std_lt_50,indicative_fx,2026-9-3,2026-9-3,2026-09-03T16:35:07.693878+00:00,35.31,34.43,34.83,34.870000000000005,MAS,1.378122308354878,1.1484352569623848
standardized,hsbc,RUB,SGD,RUB/SGD,100,Indicative board,board,"SGD 200 – 39,999.99",std_200_40k,indicative_fx,2026-9-3,2026-9-3,2026-09-03T16:35:07.693878+00:00,15.07,14.05,,14.56,,,
standardized,hsbc,RUB,SGD,RUB/SGD,100,Indicative board,board,"SGD 40,000 – 100,000",std_40k_100k,indicative_fx,2026-9-3,2026-9-3,2026-09-03T16:35:07.693878+00:00,15.07,14.05,,14.56,,,
standardized,hsbc,RUB,SGD,RUB/SGD,100,Indicative board,board,SGD 50 – 200,std_50_200,indicative_fx,2026-9-3,2026-9-3,2026-09-03T16:35:07.693878+00:00,15.07,14.05,,14.56,,,
standardized,hsbc,RUB,SGD,RUB/SGD,100,Indicative board,board,SGD < 50,std_lt_50,indicative_fx,2026-9-3,2026-9-3,2026-09-03T16:35:07.693878+00:00,15.07,14.05,,14.56,,,
standardized,hsbc,SAR,SGD,SAR/SGD,100,Indicative board,board,"SGD 200 – 39,999.99",std_200_40k,indicative_fx,2026-9-3,2026-9-3,2026-09-03T16:35:07.693878+00:00,34.28,33.42,33.82,33.85,MAS,1.3601419278533438,1.182732111176814
standardized,hsbc,SAR,SGD,SAR/SGD,100,Indicative board,board,"SGD 40,000 – 100,000",std_40k_100k,indicative_fx,2026-9-3,2026-9-3,2026-09-03T16:35:07.693878+00:00,34.28,33.42,33.82,33.85,MAS,1.3601419278533438,1.182732111176814
standardized,hsbc,SAR,SGD,SAR/SGD,100,Indicative board,board,SGD 50 – 200,std_50_200,indicative_fx,2026-9-3,2026-9-3,2026-09-03T16:35:07.693878+00:00,34.28,33.42,33.82,33.85,MAS,1.3601419278533438,1.182732111176814
standardized,hsbc,SAR,SGD,SAR/SGD,100,Indicative board,board,SGD < 50,std_lt_50,indicative_fx,2026-9-3,2026-9-3,2026-09-03T16:35:07.693878+00:00,34.28,33.42,33.82,33.85,MAS,1.3601419278533438,1.182732111176814
standardized,hsbc,SEK,SGD,SEK/SGD,100,Indicative board,board,"SGD 200 – 39,999.99",std_200_40k,indicative_fx,2026-9-3,2026-9-3,2026-09-03T16:35:07.693878+00:00,13.6,12.8,,13.2,,,
standardized,hsbc,SEK,SGD,SEK/SGD,100,Indicative board,board,"SGD 40,000 – 100,000",std_40k_100k,indicative_fx,2026-9-3,2026-9-3,2026-09-03T16:35:07.693878+00:00,13.6,12.8,,13.2,,,
standardized,hsbc,SEK,SGD,SEK/SGD,100,Indicative board,board,SGD 50 – 200,std_50_200,indicative_fx,2026-9-3,2026-9-3,2026-09-03T16:35:07.693878+00:00,13.6,12.8,,13.2,,,
standardized,hsbc,SEK,SGD,SEK/SGD,100,Indicative board,board,SGD < 50,std_lt_50,indicative_fx,2026-9-3,2026-9-3,2026-09-03T16:35:07.693878+00:00,13.6,12.8,,13.2,,,
standardized,hsbc,THB,SGD,THB/SGD,100,Indicative board,board,"SGD 200 – 39,999.99",std_200_40k,indicative_fx,2026-9-3,2026-9-3,2026-09-03T16:35:07.693878+00:00,3.96,,3.8473,,MAS,2.929327060535955,
standardized,hsbc,THB,SGD,THB/SGD,100,Indicative board,board,"SGD 40,000 – 100,000",std_40k_100k,indicative_fx,2026-9-3,2026-9-3,2026-09-03T16:35:07.693878+00:00,3.96,,3.8473,,MAS,2.929327060535955,
standardized,hsbc,THB,SGD,THB/SGD,100,Indicative board,board,SGD 50 – 200,std_50_200,indicative_fx,2026-9-3,2026-9-3,2026-09-03T16:35:07.693878+00:00,3.96,,3.8473,,MAS,2.929327060535955,
standardized,hsbc,THB,SGD,THB/SGD,100,Indicative board,board,SGD < 50,std_lt_50,indicative_fx,2026-9-3,2026-9-3,2026-09-03T16:35:07.693878+00:00,3.96,,3.8473,,MAS,2.929327060535955,
standardized,hsbc,TRY,SGD,TRY/SGD,1,Indicative board,board,"SGD 200 – 39,999.99",std_200_40k,indicative_fx,2026-9-3,2026-9-3,2026-09-03T16:35:07.693878+00:00,0.0271,,,,,,
standardized,hsbc,TRY,SGD,TRY/SGD,1,Indicative board,board,"SGD 40,000 – 100,000",std_40k_100k,indicative_fx,2026-9-3,2026-9-3,2026-09-03T16:35:07.693878+00:00,0.0271,,,,,,
standardized,hsbc,TRY,SGD,TRY/SGD,1,Indicative board,board,SGD 50 – 200,std_50_200,indicative_fx,2026-9-3,2026-9-3,2026-09-03T16:35:07.693878+00:00,0.0271,,,,,,
standardized,hsbc,TRY,SGD,TRY/SGD,1,Indicative board,board,SGD < 50,std_lt_50,indicative_fx,2026-9-3,2026-9-3,2026-09-03T16:35:07.693878+00:00,0.0271,,,,,,
standardized,hsbc,USD,SGD,USD/SGD,1,Indicative board,board,"SGD 200 – 39,999.99",std_200_40k,indicative_fx,2026-9-3,2026-9-3,2026-09-03T16:35:07.693878+00:00,1.2966,1.2456,1.2698,1.2711000000000001,MAS,2.110568593479283,1.905811938888014
standardized,hsbc,USD,SGD,USD/SGD,1,Indicative board,board,"SGD 40,000 – 100,000",std_40k_100k,indicative_fx,2026-9-3,2026-9-3,2026-09-03T16:35:07.693878+00:00,1.2966,1.2456,1.2698,1.2711000000000001,MAS,2.110568593479283,1.905811938888014
standardized,hsbc,USD,SGD,USD/SGD,1,Indicative board,board,SGD 50 – 200,std_50_200,indicative_fx,2026-9-3,2026-9-3,2026-09-03T16:35:07.693878+00:00,1.2966,1.2456,1.2698,1.2711000000000001,MAS,2.110568593479283,1.905811938888014
standardized,hsbc,USD,SGD,USD/SGD,1,Indicative board,board,SGD < 50,std_lt_50,indicative_fx,2026-9-3,2026-9-3,2026-09-03T16:35:07.693878+00:00,1.2966,1.2456,1.2698,1.2711000000000001,MAS,2.110568593479283,1.905811938888014
standardized,hsbc,ZAR,SGD,ZAR/SGD,1,Indicative board,board,"SGD 200 – 39,999.99",std_200_40k,indicative_fx,2026-9-3,2026-9-3,2026-09-03T16:35:07.693878+00:00,0.0817,0.0765,,0.0791,,,
standardized,hsbc,ZAR,SGD,ZAR/SGD,1,Indicative board,board,"SGD 40,000 – 100,000",std_40k_100k,indicative_fx,2026-9-3,2026-9-3,2026-09-03T16:35:07.693878+00:00,0.0817,0.0765,,0.0791,,,
standardized,hsbc,ZAR,SGD,ZAR/SGD,1,Indicative board,board,SGD 50 – 200,std_50_200,indicative_fx,2026-9-3,2026-9-3,2026-09-03T16:35:07.693878+00:00,0.0817,0.0765,,0.0791,,,
standardized,hsbc,ZAR,SGD,ZAR/SGD,1,Indicative board,board,SGD < 50,std_lt_50,indicative_fx,2026-9-3,2026-9-3,2026-09-03T16:35:07.693878+00:00,0.0817,0.0765,,0.0791,,,
standardized,ocbc,AED,SGD,AED/SGD,100,"SGD 0 – 39,999.99",tier_1,"SGD 200 – 39,999.99",std_200_40k,fxRatesSgd,2026-09-03T07:00:12,2026-09-03T07:00:12,2026-09-03T16:35:05.210265+00:00,35.4288,33.4241,34.57,34.4265,MAS,2.484234885739087,3.3147237489152372
standardized,ocbc,AED,SGD,AED/SGD,100,"SGD 40,000 – 100,000",tier_2,"SGD 40,000 – 100,000",std_40k_100k,fxRatesSgd,2026-09-03T07:00:12,2026-09-03T07:00:12,2026-09-03T16:35:05.210265+00:00,35.4184,33.4412,34.57,34.4265,MAS,2.454150997975117,3.265258894995656
standardized,ocbc,AED,SGD,AED/SGD,100,"SGD 0 – 39,999.99",tier_1,SGD 50 – 200,std_50_200,fxRatesSgd,2026-09-03T07:00:12,2026-09-03T07:00:12,2026-09-03T16:35:05.210265+00:00,35.4288,33.4241,34.57,34.4265,MAS,2.484234885739087,3.3147237489152372
standardized,ocbc,AED,SGD,AED/SGD,100,"SGD 0 – 39,999.99",tier_1,SGD < 50,std_lt_50,fxRatesSgd,2026-09-03T07:00:12,2026-09-03T07:00:12,2026-09-03T16:35:05.210265+00:00,35.4288,33.4241,34.57,34.4265,MAS,2.484234885739087,3.3147237489152372
standardized,ocbc,AUD,SGD,AUD/SGD,1,"SGD 0 – 39,999.99",tier_1,"SGD 200 – 39,999.99",std_200_40k,fxRatesSgd,2026-09-03T07:00:12,2026-09-03T07:00:12,2026-09-03T16:35:05.210265+00:00,0.9287,0.8992,0.9104000000000001,0.914,MAS,2.010105448154643,1.2302284710017681
standardized,ocbc,AUD,SGD,AUD/SGD,1,"SGD 40,000 – 100,000",tier_2,"SGD 40,000 – 100,000",std_40k_100k,fxRatesSgd,2026-09-03T07:00:12,2026-09-03T07:00:12,2026-09-03T16:35:05.210265+00:00,0.9268,0.9011,0.9104000000000001,0.914,MAS,1.8014059753954148,1.02152899824254
standardized,ocbc,AUD,SGD,AUD/SGD,1,"SGD 0 – 39,999.99",tier_1,SGD 50 – 200,std_50_200,fxRatesSgd,2026-09-03T07:00:12,2026-09-03T07:00:12,2026-09-03T16:35:05.210265+00:00,0.9287,0.8992,0.9104000000000001,0.914,MAS,2.010105448154643,1.2302284710017681
standardized,ocbc,AUD,SGD,AUD/SGD,1,"SGD 0 – 39,999.99",tier_1,SGD < 50,std_lt_50,fxRatesSgd,2026-09-03T07:00:12,2026-09-03T07:00:12,2026-09-03T16:35:05.210265+00:00,0.9287,0.8992,0.9104000000000001,0.914,MAS,2.010105448154643,1.2302284710017681
standardized,ocbc,BGN,SGD,BGN/SGD,100,"SGD 0 – 39,999.99",tier_1,"SGD 200 – 39,999.99",std_200_40k,fxRatesSgd,2026-09-03T07:00:12,2026-09-03T07:00:12,2026-09-03T16:35:05.210265+00:00,0.0,0.0,,0.0,,,
standardized,ocbc,BGN,SGD,BGN/SGD,100,"SGD 40,000 – 100,000",tier_2,"SGD 40,000 – 100,000",std_40k_100k,fxRatesSgd,2026-09-03T07:00:12,2026-09-03T07:00:12,2026-09-03T16:35:05.210265+00:00,0.0,0.0,,0.0,,,
standardized,ocbc,BGN,SGD,BGN/SGD,100,"SGD 0 – 39,999.99",tier_1,SGD 50 – 200,std_50_200,fxRatesSgd,2026-09-03T07:00:12,2026-09-03T07:00:12,2026-09-03T16:35:05.210265+00:00,0.0,0.0,,0.0,,,
standardized,ocbc,BGN,SGD,BGN/SGD,100,"SGD 0 – 39,999.99",tier_1,SGD < 50,std_lt_50,fxRatesSgd,2026-09-03T07:00:12,2026-09-03T07:00:12,2026-09-03T16:35:05.210265+00:00,0.0,0.0,,0.0,,,
standardized,ocbc,BHD,SGD,BHD/SGD,1,"SGD 0 – 39,999.99",tier_1,"SGD 200 – 39,999.99",std_200_40k,fxRatesSgd,2026-09-03T07:00:12,2026-09-03T07:00:12,2026-09-03T16:35:05.210265+00:00,0.0,0.0,,0.0,,,
standardized,ocbc,BHD,SGD,BHD/SGD,1,"SGD 40,000 – 100,000",tier_2,"SGD 40,000 – 100,000",std_40k_100k,fxRatesSgd,2026-09-03T07:00:12,2026-09-03T07:00:12,2026-09-03T16:35:05.210265+00:00,0.0,0.0,,0.0,,,
standardized,ocbc,BHD,SGD,BHD/SGD,1,"SGD 0 – 39,999.99",tier_1,SGD 50 – 200,std_50_200,fxRatesSgd,2026-09-03T07:00:12,2026-09-03T07:00:12,2026-09-03T16:35:05.210265+00:00,0.0,0.0,,0.0,,,
standardized,ocbc,BHD,SGD,BHD/SGD,1,"SGD 0 – 39,999.99",tier_1,SGD < 50,std_lt_50,fxRatesSgd,2026-09-03T07:00:12,2026-09-03T07:00:12,2026-09-03T16:35:05.210265+00:00,0.0,0.0,,0.0,,,
standardized,ocbc,CAD,SGD,CAD/SGD,1,"SGD 0 – 39,999.99",tier_1,"SGD 200 – 39,999.99",std_200_40k,fxRatesSgd,2026-09-03T07:00:12,2026-09-03T07:00:12,2026-09-03T16:35:05.210265+00:00,0.9357,0.9025,0.9181999999999999,0.9191,MAS,1.9059028534088511,1.709867131343927
standardized,ocbc,CAD,SGD,CAD/SGD,1,"SGD 40,000 – 100,000",tier_2,"SGD 40,000 – 100,000",std_40k_100k,fxRatesSgd,2026-09-03T07:00:12,2026-09-03T07:00:12,2026-09-03T16:35:05.210265+00:00,0.9339,0.9043,0.9181999999999999,0.9191,MAS,1.709867131343939,1.5138314092790148
standardized,ocbc,CAD,SGD,CAD/SGD,1,"SGD 0 – 39,999.99",tier_1,SGD 50 – 200,std_50_200,fxRatesSgd,2026-09-03T07:00:12,2026-09-03T07:00:12,2026-09-03T16:35:05.210265+00:00,0.9357,0.9025,0.9181999999999999,0.9191,MAS,1.9059028534088511,1.709867131343927
standardized,ocbc,CAD,SGD,CAD/SGD,1,"SGD 0 – 39,999.99",tier_1,SGD < 50,std_lt_50,fxRatesSgd,2026-09-03T07:00:12,2026-09-03T07:00:12,2026-09-03T16:35:05.210265+00:00,0.9357,0.9025,0.9181999999999999,0.9191,MAS,1.9059028534088511,1.709867131343927
standardized,ocbc,CHF,SGD,CHF/SGD,100,"SGD 0 – 39,999.99",tier_1,"SGD 200 – 39,999.99",std_200_40k,fxRatesSgd,2026-09-03T07:00:12,2026-09-03T07:00:12,2026-09-03T16:35:05.210265+00:00,159.5949,153.9187,156.39,156.7568,MAS,2.0492998273546963,1.5802161263507803
standardized,ocbc,CHF,SGD,CHF/SGD,100,"SGD 40,000 – 100,000",tier_2,"SGD 40,000 – 100,000",std_40k_100k,fxRatesSgd,2026-09-03T07:00:12,2026-09-03T07:00:12,2026-09-03T16:35:05.210265+00:00,159.2814,154.2322,156.39,156.7568,MAS,1.8488394398618868,1.3797557388579709
standardized,ocbc,CHF,SGD,CHF/SGD,100,"SGD 0 – 39,999.99",tier_1,SGD 50 – 200,std_50_200,fxRatesSgd,2026-09-03T07:00:12,2026-09-03T07:00:12,2026-09-03T16:35:05.210265+00:00,159.5949,153.9187,156.39,156.7568,MAS,2.0492998273546963,1.5802161263507803
standardized,ocbc,CHF,SGD,CHF/SGD,100,"SGD 0 – 39,999.99",tier_1,SGD < 50,std_lt_50,fxRatesSgd,2026-09-03T07:00:12,2026-09-03T07:00:12,2026-09-03T16:35:05.210265+00:00,159.5949,153.9187,156.39,156.7568,MAS,2.0492998273546963,1.5802161263507803
standardized,ocbc,CNH,SGD,CNH/SGD,100,"SGD 0 – 39,999.99",tier_1,"SGD 200 – 39,999.99",std_200_40k,fxRatesSgd,2026-09-03T07:00:12,2026-09-03T07:00:12,2026-09-03T16:35:05.210265+00:00,19.2188,18.6495,,18.9342,,,
standardized,ocbc,CNH,SGD,CNH/SGD,100,"SGD 40,000 – 100,000",tier_2,"SGD 40,000 – 100,000",std_40k_100k,fxRatesSgd,2026-09-03T07:00:12,2026-09-03T07:00:12,2026-09-03T16:35:05.210265+00:00,19.1999,18.6684,,18.9342,,,
standardized,ocbc,CNH,SGD,CNH/SGD,100,"SGD 0 – 39,999.99",tier_1,SGD 50 – 200,std_50_200,fxRatesSgd,2026-09-03T07:00:12,2026-09-03T07:00:12,2026-09-03T16:35:05.210265+00:00,19.2188,18.6495,,18.9342,,,
standardized,ocbc,CNH,SGD,CNH/SGD,100,"SGD 0 – 39,999.99",tier_1,SGD < 50,std_lt_50,fxRatesSgd,2026-09-03T07:00:12,2026-09-03T07:00:12,2026-09-03T16:35:05.210265+00:00,19.2188,18.6495,,18.9342,,,
standardized,ocbc,CZK,SGD,CZK/SGD,100,"SGD 0 – 39,999.99",tier_1,"SGD 200 – 39,999.99",std_200_40k,fxRatesSgd,2026-09-03T07:00:12,2026-09-03T07:00:12,2026-09-03T16:35:05.210265+00:00,0.0,0.0,,0.0,,,
standardized,ocbc,CZK,SGD,CZK/SGD,100,"SGD 40,000 – 100,000",tier_2,"SGD 40,000 – 100,000",std_40k_100k,fxRatesSgd,2026-09-03T07:00:12,2026-09-03T07:00:12,2026-09-03T16:35:05.210265+00:00,0.0,0.0,,0.0,,,
standardized,ocbc,CZK,SGD,CZK/SGD,100,"SGD 0 – 39,999.99",tier_1,SGD 50 – 200,std_50_200,fxRatesSgd,2026-09-03T07:00:12,2026-09-03T07:00:12,2026-09-03T16:35:05.210265+00:00,0.0,0.0,,0.0,,,
standardized,ocbc,CZK,SGD,CZK/SGD,100,"SGD 0 – 39,999.99",tier_1,SGD < 50,std_lt_50,fxRatesSgd,2026-09-03T07:00:12,2026-09-03T07:00:12,2026-09-03T16:35:05.210265+00:00,0.0,0.0,,0.0,,,
standardized,ocbc,DKK,SGD,DKK/SGD,100,"SGD 0 – 39,999.99",tier_1,"SGD 200 – 39,999.99",std_200_40k,fxRatesSgd,2026-09-03T07:00:12,2026-09-03T07:00:12,2026-09-03T16:35:05.210265+00:00,20.0495,19.3375,,19.6935,,,
standardized,ocbc,DKK,SGD,DKK/SGD,100,"SGD 40,000 – 100,000",tier_2,"SGD 40,000 – 100,000",std_40k_100k,fxRatesSgd,2026-09-03T07:00:12,2026-09-03T07:00:12,2026-09-03T16:35:05.210265+00:00,20.0101,19.3769,,19.6935,,,
standardized,ocbc,DKK,SGD,DKK/SGD,100,"SGD 0 – 39,999.99",tier_1,SGD 50 – 200,std_50_200,fxRatesSgd,2026-09-03T07:00:12,2026-09-03T07:00:12,2026-09-03T16:35:05.210265+00:00,20.0495,19.3375,,19.6935,,,
standardized,ocbc,DKK,SGD,DKK/SGD,100,"SGD 0 – 39,999.99",tier_1,SGD < 50,std_lt_50,fxRatesSgd,2026-09-03T07:00:12,2026-09-03T07:00:12,2026-09-03T16:35:05.210265+00:00,20.0495,19.3375,,19.6935,,,
standardized,ocbc,EUR,SGD,EUR/SGD,1,"SGD 0 – 39,999.99",tier_1,"SGD 200 – 39,999.99",std_200_40k,fxRatesSgd,2026-09-03T07:00:12,2026-09-03T07:00:12,2026-09-03T16:35:05.210265+00:00,1.4886,1.4521,1.4726,1.4704,MAS,1.0865136493277205,1.3920956132011384
standardized,ocbc,EUR,SGD,EUR/SGD,1,"SGD 40,000 – 100,000",tier_2,"SGD 40,000 – 100,000",std_40k_100k,fxRatesSgd,2026-09-03T07:00:12,2026-09-03T07:00:12,2026-09-03T16:35:05.210265+00:00,1.4869,1.454,1.4726,1.4704,MAS,0.9710715740866632,1.263072117343471
standardized,ocbc,EUR,SGD,EUR/SGD,1,"SGD 0 – 39,999.99",tier_1,SGD 50 – 200,std_50_200,fxRatesSgd,2026-09-03T07:00:12,2026-09-03T07:00:12,2026-09-03T16:35:05.210265+00:00,1.4886,1.4521,1.4726,1.4704,MAS,1.0865136493277205,1.3920956132011384
standardized,ocbc,EUR,SGD,EUR/SGD,1,"SGD 0 – 39,999.99",tier_1,SGD < 50,std_lt_50,fxRatesSgd,2026-09-03T07:00:12,2026-09-03T07:00:12,2026-09-03T16:35:05.210265+00:00,1.4886,1.4521,1.4726,1.4704,MAS,1.0865136493277205,1.3920956132011384
standardized,ocbc,GBP,SGD,GBP/SGD,1,"SGD 0 – 39,999.99",tier_1,"SGD 200 – 39,999.99",std_200_40k,fxRatesSgd,2026-09-03T07:00:12,2026-09-03T07:00:12,2026-09-03T16:35:05.210265+00:00,1.7343,1.6883,1.7136,1.7113,MAS,1.2079831932773075,1.476423902894497
standardized,ocbc,GBP,SGD,GBP/SGD,1,"SGD 40,000 – 100,000",tier_2,"SGD 40,000 – 100,000",std_40k_100k,fxRatesSgd,2026-09-03T07:00:12,2026-09-03T07:00:12,2026-09-03T16:35:05.210265+00:00,1.7326,1.6904,1.7136,1.7113,MAS,1.1087768440709562,1.3538748832866543
standardized,ocbc,GBP,SGD,GBP/SGD,1,"SGD 0 – 39,999.99",tier_1,SGD 50 – 200,std_50_200,fxRatesSgd,2026-09-03T07:00:12,2026-09-03T07:00:12,2026-09-03T16:35:05.210265+00:00,1.7343,1.6883,1.7136,1.7113,MAS,1.2079831932773075,1.476423902894497
standardized,ocbc,GBP,SGD,GBP/SGD,1,"SGD 0 – 39,999.99",tier_1,SGD < 50,std_lt_50,fxRatesSgd,2026-09-03T07:00:12,2026-09-03T07:00:12,2026-09-03T16:35:05.210265+00:00,1.7343,1.6883,1.7136,1.7113,MAS,1.2079831932773075,1.476423902894497
standardized,ocbc,HKD,SGD,HKD/SGD,100,"SGD 0 – 39,999.99",tier_1,"SGD 200 – 39,999.99",std_200_40k,fxRatesSgd,2026-09-03T07:00:12,2026-09-03T07:00:12,2026-09-03T16:35:05.210265+00:00,16.3851,15.9884,16.19,16.1868,MAS,1.2050648548486722,1.2452130945027848
standardized,ocbc,HKD,SGD,HKD/SGD,100,"SGD 40,000 – 100,000",tier_2,"SGD 40,000 – 100,000",std_40k_100k,fxRatesSgd,2026-09-03T07:00:12,2026-09-03T07:00:12,2026-09-03T16:35:05.210265+00:00,16.356,15.9981,16.19,16.1868,MAS,1.0253242742433621,1.1852995676343447
standardized,ocbc,HKD,SGD,HKD/SGD,100,"SGD 0 – 39,999.99",tier_1,SGD 50 – 200,std_50_200,fxRatesSgd,2026-09-03T07:00:12,2026-09-03T07:00:12,2026-09-03T16:35:05.210265+00:00,16.3851,15.9884,16.19,16.1868,MAS,1.2050648548486722,1.2452130945027848
standardized,ocbc,HKD,SGD,HKD/SGD,100,"SGD 0 – 39,999.99",tier_1,SGD < 50,std_lt_50,fxRatesSgd,2026-09-03T07:00:12,2026-09-03T07:00:12,2026-09-03T16:35:05.210265+00:00,16.3851,15.9884,16.19,16.1868,MAS,1.2050648548486722,1.2452130945027848
standardized,ocbc,HUF,SGD,HUF/SGD,100,"SGD 0 – 39,999.99",tier_1,"SGD 200 – 39,999.99",std_200_40k,fxRatesSgd,2026-09-03T07:00:12,2026-09-03T07:00:12,2026-09-03T16:35:05.210265+00:00,0.0,0.0,,0.0,,,
standardized,ocbc,HUF,SGD,HUF/SGD,100,"SGD 40,000 – 100,000",tier_2,"SGD 40,000 – 100,000",std_40k_100k,fxRatesSgd,2026-09-03T07:00:12,2026-09-03T07:00:12,2026-09-03T16:35:05.210265+00:00,0.0,0.0,,0.0,,,
standardized,ocbc,HUF,SGD,HUF/SGD,100,"SGD 0 – 39,999.99",tier_1,SGD 50 – 200,std_50_200,fxRatesSgd,2026-09-03T07:00:12,2026-09-03T07:00:12,2026-09-03T16:35:05.210265+00:00,0.0,0.0,,0.0,,,
standardized,ocbc,HUF,SGD,HUF/SGD,100,"SGD 0 – 39,999.99",tier_1,SGD < 50,std_lt_50,fxRatesSgd,2026-09-03T07:00:12,2026-09-03T07:00:12,2026-09-03T16:35:05.210265+00:00,0.0,0.0,,0.0,,,
standardized,ocbc,IDR,SGD,IDR/SGD,100,"SGD 0 – 39,999.99",tier_1,"SGD 200 – 39,999.99",std_200_40k,fxRatesSgd,2026-09-03T07:00:12,2026-09-03T07:00:12,2026-09-03T16:35:05.210265+00:00,0.0074,0.0,0.00718,0.0074,MAS,3.0640668523676964,100.0
standardized,ocbc,IDR,SGD,IDR/SGD,100,"SGD 40,000 – 100,000",tier_2,"SGD 40,000 – 100,000",std_40k_100k,fxRatesSgd,2026-09-03T07:00:12,2026-09-03T07:00:12,2026-09-03T16:35:05.210265+00:00,0.0074,0.0,0.00718,0.0074,MAS,3.0640668523676964,100.0
standardized,ocbc,IDR,SGD,IDR/SGD,100,"SGD 0 – 39,999.99",tier_1,SGD 50 – 200,std_50_200,fxRatesSgd,2026-09-03T07:00:12,2026-09-03T07:00:12,2026-09-03T16:35:05.210265+00:00,0.0074,0.0,0.00718,0.0074,MAS,3.0640668523676964,100.0
standardized,ocbc,IDR,SGD,IDR/SGD,100,"SGD 0 – 39,999.99",tier_1,SGD < 50,std_lt_50,fxRatesSgd,2026-09-03T07:00:12,2026-09-03T07:00:12,2026-09-03T16:35:05.210265+00:00,0.0074,0.0,0.00718,0.0074,MAS,3.0640668523676964,100.0
standardized,ocbc,ILS,SGD,ILS/SGD,100,"SGD 0 – 39,999.99",tier_1,"SGD 200 – 39,999.99",std_200_40k,fxRatesSgd,2026-09-03T07:00:12,2026-09-03T07:00:12,2026-09-03T16:35:05.210265+00:00,0.0,0.0,,0.0,,,
standardized,ocbc,ILS,SGD,ILS/SGD,100,"SGD 40,000 – 100,000",tier_2,"SGD 40,000 – 100,000",std_40k_100k,fxRatesSgd,2026-09-03T07:00:12,2026-09-03T07:00:12,2026-09-03T16:35:05.210265+00:00,0.0,0.0,,0.0,,,
standardized,ocbc,ILS,SGD,ILS/SGD,100,"SGD 0 – 39,999.99",tier_1,SGD 50 – 200,std_50_200,fxRatesSgd,2026-09-03T07:00:12,2026-09-03T07:00:12,2026-09-03T16:35:05.210265+00:00,0.0,0.0,,0.0,,,
standardized,ocbc,ILS,SGD,ILS/SGD,100,"SGD 0 – 39,999.99",tier_1,SGD < 50,std_lt_50,fxRatesSgd,2026-09-03T07:00:12,2026-09-03T07:00:12,2026-09-03T16:35:05.210265+00:00,0.0,0.0,,0.0,,,
standardized,ocbc,INR,SGD,INR/SGD,100,"SGD 0 – 39,999.99",tier_1,"SGD 200 – 39,999.99",std_200_40k,fxRatesSgd,2026-09-03T07:00:12,2026-09-03T07:00:12,2026-09-03T16:35:05.210265+00:00,1.3864,0.0,1.3448,1.3864,MAS,3.093396787626419,100.0
standardized,ocbc,INR,SGD,INR/SGD,100,"SGD 40,000 – 100,000",tier_2,"SGD 40,000 – 100,000",std_40k_100k,fxRatesSgd,2026-09-03T07:00:12,2026-09-03T07:00:12,2026-09-03T16:35:05.210265+00:00,1.3837,0.0,1.3448,1.3864,MAS,2.8926234384295015,100.0
standardized,ocbc,INR,SGD,INR/SGD,100,"SGD 0 – 39,999.99",tier_1,SGD 50 – 200,std_50_200,fxRatesSgd,2026-09-03T07:00:12,2026-09-03T07:00:12,2026-09-03T16:35:05.210265+00:00,1.3864,0.0,1.3448,1.3864,MAS,3.093396787626419,100.0
standardized,ocbc,INR,SGD,INR/SGD,100,"SGD 0 – 39,999.99",tier_1,SGD < 50,std_lt_50,fxRatesSgd,2026-09-03T07:00:12,2026-09-03T07:00:12,2026-09-03T16:35:05.210265+00:00,1.3864,0.0,1.3448,1.3864,MAS,3.093396787626419,100.0
standardized,ocbc,JOD,SGD,JOD/SGD,1,"SGD 0 – 39,999.99",tier_1,"SGD 200 – 39,999.99",std_200_40k,fxRatesSgd,2026-09-03T07:00:12,2026-09-03T07:00:12,2026-09-03T16:35:05.210265+00:00,0.0,0.0,,0.0,,,
standardized,ocbc,JOD,SGD,JOD/SGD,1,"SGD 40,000 – 100,000",tier_2,"SGD 40,000 – 100,000",std_40k_100k,fxRatesSgd,2026-09-03T07:00:12,2026-09-03T07:00:12,2026-09-03T16:35:05.210265+00:00,0.0,0.0,,0.0,,,
standardized,ocbc,JOD,SGD,JOD/SGD,1,"SGD 0 – 39,999.99",tier_1,SGD 50 – 200,std_50_200,fxRatesSgd,2026-09-03T07:00:12,2026-09-03T07:00:12,2026-09-03T16:35:05.210265+00:00,0.0,0.0,,0.0,,,
standardized,ocbc,JOD,SGD,JOD/SGD,1,"SGD 0 – 39,999.99",tier_1,SGD < 50,std_lt_50,fxRatesSgd,2026-09-03T07:00:12,2026-09-03T07:00:12,2026-09-03T16:35:05.210265+00:00,0.0,0.0,,0.0,,,
standardized,ocbc,JPY,SGD,JPY/SGD,100,"SGD 0 – 39,999.99",tier_1,"SGD 200 – 39,999.99",std_200_40k,fxRatesSgd,2026-09-03T07:00:12,2026-09-03T07:00:12,2026-09-03T16:35:05.210265+00:00,0.8221,0.802,0.8048,0.8121,MAS,2.1496023856858963,0.3479125248508839
standardized,ocbc,JPY,SGD,JPY/SGD,100,"SGD 40,000 – 100,000",tier_2,"SGD 40,000 – 100,000",std_40k_100k,fxRatesSgd,2026-09-03T07:00:12,2026-09-03T07:00:12,2026-09-03T16:35:05.210265+00:00,0.8213,0.8034,0.8048,0.8121,MAS,2.0501988071570665,0.17395626242544196
standardized,ocbc,JPY,SGD,JPY/SGD,100,"SGD 0 – 39,999.99",tier_1,SGD 50 – 200,std_50_200,fxRatesSgd,2026-09-03T07:00:12,2026-09-03T07:00:12,2026-09-03T16:35:05.210265+00:00,0.8221,0.802,0.8048,0.8121,MAS,2.1496023856858963,0.3479125248508839
standardized,ocbc,JPY,SGD,JPY/SGD,100,"SGD 0 – 39,999.99",tier_1,SGD < 50,std_lt_50,fxRatesSgd,2026-09-03T07:00:12,2026-09-03T07:00:12,2026-09-03T16:35:05.210265+00:00,0.8221,0.802,0.8048,0.8121,MAS,2.1496023856858963,0.3479125248508839
standardized,ocbc,KRW,SGD,KRW/SGD,100,"SGD 0 – 39,999.99",tier_1,"SGD 200 – 39,999.99",std_200_40k,fxRatesSgd,2026-09-03T07:00:12,2026-09-03T07:00:12,2026-09-03T16:35:05.210265+00:00,0.0,0.0,0.0935,0.0,MAS,-100.0,100.0
standardized,ocbc,KRW,SGD,KRW/SGD,100,"SGD 40,000 – 100,000",tier_2,"SGD 40,000 – 100,000",std_40k_100k,fxRatesSgd,2026-09-03T07:00:12,2026-09-03T07:00:12,2026-09-03T16:35:05.210265+00:00,0.0,0.0,0.0935,0.0,MAS,-100.0,100.0
standardized,ocbc,KRW,SGD,KRW/SGD,100,"SGD 0 – 39,999.99",tier_1,SGD 50 – 200,std_50_200,fxRatesSgd,2026-09-03T07:00:12,2026-09-03T07:00:12,2026-09-03T16:35:05.210265+00:00,0.0,0.0,0.0935,0.0,MAS,-100.0,100.0
standardized,ocbc,KRW,SGD,KRW/SGD,100,"SGD 0 – 39,999.99",tier_1,SGD < 50,std_lt_50,fxRatesSgd,2026-09-03T07:00:12,2026-09-03T07:00:12,2026-09-03T16:35:05.210265+00:00,0.0,0.0,0.0935,0.0,MAS,-100.0,100.0
standardized,ocbc,LKR,SGD,LKR/SGD,100,"SGD 0 – 39,999.99",tier_1,"SGD 200 – 39,999.99",std_200_40k,fxRatesSgd,2026-09-03T07:00:12,2026-09-03T07:00:12,2026-09-03T16:35:05.210265+00:00,0.3984,0.0,,0.3984,,,
standardized,ocbc,LKR,SGD,LKR/SGD,100,"SGD 40,000 – 100,000",tier_2,"SGD 40,000 – 100,000",std_40k_100k,fxRatesSgd,2026-09-03T07:00:12,2026-09-03T07:00:12,2026-09-03T16:35:05.210265+00:00,0.3976,0.0,,0.3984,,,
standardized,ocbc,LKR,SGD,LKR/SGD,100,"SGD 0 – 39,999.99",tier_1,SGD 50 – 200,std_50_200,fxRatesSgd,2026-09-03T07:00:12,2026-09-03T07:00:12,2026-09-03T16:35:05.210265+00:00,0.3984,0.0,,0.3984,,,
standardized,ocbc,LKR,SGD,LKR/SGD,100,"SGD 0 – 39,999.99",tier_1,SGD < 50,std_lt_50,fxRatesSgd,2026-09-03T07:00:12,2026-09-03T07:00:12,2026-09-03T16:35:05.210265+00:00,0.3984,0.0,,0.3984,,,
standardized,ocbc,MAD,SGD,MAD/SGD,100,"SGD 0 – 39,999.99",tier_1,"SGD 200 – 39,999.99",std_200_40k,fxRatesSgd,2026-09-03T07:00:12,2026-09-03T07:00:12,2026-09-03T16:35:05.210265+00:00,0.0,0.0,,0.0,,,
standardized,ocbc,MAD,SGD,MAD/SGD,100,"SGD 40,000 – 100,000",tier_2,"SGD 40,000 – 100,000",std_40k_100k,fxRatesSgd,2026-09-03T07:00:12,2026-09-03T07:00:12,2026-09-03T16:35:05.210265+00:00,0.0,0.0,,0.0,,,
standardized,ocbc,MAD,SGD,MAD/SGD,100,"SGD 0 – 39,999.99",tier_1,SGD 50 – 200,std_50_200,fxRatesSgd,2026-09-03T07:00:12,2026-09-03T07:00:12,2026-09-03T16:35:05.210265+00:00,0.0,0.0,,0.0,,,
standardized,ocbc,MAD,SGD,MAD/SGD,100,"SGD 0 – 39,999.99",tier_1,SGD < 50,std_lt_50,fxRatesSgd,2026-09-03T07:00:12,2026-09-03T07:00:12,2026-09-03T16:35:05.210265+00:00,0.0,0.0,,0.0,,,
standardized,ocbc,MXN,SGD,MXN/SGD,100,"SGD 0 – 39,999.99",tier_1,"SGD 200 – 39,999.99",std_200_40k,fxRatesSgd,2026-09-03T07:00:12,2026-09-03T07:00:12,2026-09-03T16:35:05.210265+00:00,7.7052,0.0,,7.7052,,,
standardized,ocbc,MXN,SGD,MXN/SGD,100,"SGD 40,000 – 100,000",tier_2,"SGD 40,000 – 100,000",std_40k_100k,fxRatesSgd,2026-09-03T07:00:12,2026-09-03T07:00:12,2026-09-03T16:35:05.210265+00:00,7.7037,0.0,,7.7052,,,
standardized,ocbc,MXN,SGD,MXN/SGD,100,"SGD 0 – 39,999.99",tier_1,SGD 50 – 200,std_50_200,fxRatesSgd,2026-09-03T07:00:12,2026-09-03T07:00:12,2026-09-03T16:35:05.210265+00:00,7.7052,0.0,,7.7052,,,
standardized,ocbc,MXN,SGD,MXN/SGD,100,"SGD 0 – 39,999.99",tier_1,SGD < 50,std_lt_50,fxRatesSgd,2026-09-03T07:00:12,2026-09-03T07:00:12,2026-09-03T16:35:05.210265+00:00,7.7052,0.0,,7.7052,,,
standardized,ocbc,MYR,SGD,MYR/SGD,100,"SGD 0 – 39,999.99",tier_1,"SGD 200 – 39,999.99",std_200_40k,fxRatesSgd,2026-09-03T07:00:12,2026-09-03T07:00:12,2026-09-03T16:35:05.210265+00:00,0.0,0.0,31.41,0.0,MAS,-100.0,100.0
standardized,ocbc,MYR,SGD,MYR/SGD,100,"SGD 40,000 – 100,000",tier_2,"SGD 40,000 – 100,000",std_40k_100k,fxRatesSgd,2026-09-03T07:00:12,2026-09-03T07:00:12,2026-09-03T16:35:05.210265+00:00,0.0,0.0,31.41,0.0,MAS,-100.0,100.0
standardized,ocbc,MYR,SGD,MYR/SGD,100,"SGD 0 – 39,999.99",tier_1,SGD 50 – 200,std_50_200,fxRatesSgd,2026-09-03T07:00:12,2026-09-03T07:00:12,2026-09-03T16:35:05.210265+00:00,0.0,0.0,31.41,0.0,MAS,-100.0,100.0
standardized,ocbc,MYR,SGD,MYR/SGD,100,"SGD 0 – 39,999.99",tier_1,SGD < 50,std_lt_50,fxRatesSgd,2026-09-03T07:00:12,2026-09-03T07:00:12,2026-09-03T16:35:05.210265+00:00,0.0,0.0,31.41,0.0,MAS,-100.0,100.0
standardized,ocbc,NOK,SGD,NOK/SGD,100,"SGD 0 – 39,999.99",tier_1,"SGD 200 – 39,999.99",std_200_40k,fxRatesSgd,2026-09-03T07:00:12,2026-09-03T07:00:12,2026-09-03T16:35:05.210265+00:00,13.8774,13.3827,,13.6301,,,
standardized,ocbc,NOK,SGD,NOK/SGD,100,"SGD 40,000 – 100,000",tier_2,"SGD 40,000 – 100,000",std_40k_100k,fxRatesSgd,2026-09-03T07:00:12,2026-09-03T07:00:12,2026-09-03T16:35:05.210265+00:00,13.8501,13.41,,13.6301,,,
standardized,ocbc,NOK,SGD,NOK/SGD,100,"SGD 0 – 39,999.99",tier_1,SGD 50 – 200,std_50_200,fxRatesSgd,2026-09-03T07:00:12,2026-09-03T07:00:12,2026-09-03T16:35:05.210265+00:00,13.8774,13.3827,,13.6301,,,
standardized,ocbc,NOK,SGD,NOK/SGD,100,"SGD 0 – 39,999.99",tier_1,SGD < 50,std_lt_50,fxRatesSgd,2026-09-03T07:00:12,2026-09-03T07:00:12,2026-09-03T16:35:05.210265+00:00,13.8774,13.3827,,13.6301,,,
standardized,ocbc,NZD,SGD,NZD/SGD,1,"SGD 0 – 39,999.99",tier_1,"SGD 200 – 39,999.99",std_200_40k,fxRatesSgd,2026-09-03T07:00:12,2026-09-03T07:00:12,2026-09-03T16:35:05.210265+00:00,0.7595,0.7336,0.7444,0.7466,MAS,2.0284793121977436,1.4508328855453951
standardized,ocbc,NZD,SGD,NZD/SGD,1,"SGD 40,000 – 100,000",tier_2,"SGD 40,000 – 100,000",std_40k_100k,fxRatesSgd,2026-09-03T07:00:12,2026-09-03T07:00:12,2026-09-03T16:35:05.210265+00:00,0.7576,0.7358,0.7444,0.7466,MAS,1.7732401934443982,1.155292853304667
standardized,ocbc,NZD,SGD,NZD/SGD,1,"SGD 0 – 39,999.99",tier_1,SGD 50 – 200,std_50_200,fxRatesSgd,2026-09-03T07:00:12,2026-09-03T07:00:12,2026-09-03T16:35:05.210265+00:00,0.7595,0.7336,0.7444,0.7466,MAS,2.0284793121977436,1.4508328855453951
standardized,ocbc,NZD,SGD,NZD/SGD,1,"SGD 0 – 39,999.99",tier_1,SGD < 50,std_lt_50,fxRatesSgd,2026-09-03T07:00:12,2026-09-03T07:00:12,2026-09-03T16:35:05.210265+00:00,0.7595,0.7336,0.7444,0.7466,MAS,2.0284793121977436,1.4508328855453951
standardized,ocbc,OMR,SGD,OMR/SGD,1,"SGD 0 – 39,999.99",tier_1,"SGD 200 – 39,999.99",std_200_40k,fxRatesSgd,2026-09-03T07:00:12,2026-09-03T07:00:12,2026-09-03T16:35:05.210265+00:00,0.0,0.0,,0.0,,,
standardized,ocbc,OMR,SGD,OMR/SGD,1,"SGD 40,000 – 100,000",tier_2,"SGD 40,000 – 100,000",std_40k_100k,fxRatesSgd,2026-09-03T07:00:12,2026-09-03T07:00:12,2026-09-03T16:35:05.210265+00:00,0.0,0.0,,0.0,,,
standardized,ocbc,OMR,SGD,OMR/SGD,1,"SGD 0 – 39,999.99",tier_1,SGD 50 – 200,std_50_200,fxRatesSgd,2026-09-03T07:00:12,2026-09-03T07:00:12,2026-09-03T16:35:05.210265+00:00,0.0,0.0,,0.0,,,
standardized,ocbc,OMR,SGD,OMR/SGD,1,"SGD 0 – 39,999.99",tier_1,SGD < 50,std_lt_50,fxRatesSgd,2026-09-03T07:00:12,2026-09-03T07:00:12,2026-09-03T16:35:05.210265+00:00,0.0,0.0,,0.0,,,
standardized,ocbc,PHP,SGD,PHP/SGD,100,"SGD 0 – 39,999.99",tier_1,"SGD 200 – 39,999.99",std_200_40k,fxRatesSgd,2026-09-03T07:00:12,2026-09-03T07:00:12,2026-09-03T16:35:05.210265+00:00,2.0887,0.0,2.0311,2.0887,MAS,2.8359017281276095,100.0
standardized,ocbc,PHP,SGD,PHP/SGD,100,"SGD 40,000 – 100,000",tier_2,"SGD 40,000 – 100,000",std_40k_100k,fxRatesSgd,2026-09-03T07:00:12,2026-09-03T07:00:12,2026-09-03T16:35:05.210265+00:00,2.0877,0.0,2.0311,2.0887,MAS,2.7866673231253993,100.0
standardized,ocbc,PHP,SGD,PHP/SGD,100,"SGD 0 – 39,999.99",tier_1,SGD 50 – 200,std_50_200,fxRatesSgd,2026-09-03T07:00:12,2026-09-03T07:00:12,2026-09-03T16:35:05.210265+00:00,2.0887,0.0,2.0311,2.0887,MAS,2.8359017281276095,100.0
standardized,ocbc,PHP,SGD,PHP/SGD,100,"SGD 0 – 39,999.99",tier_1,SGD < 50,std_lt_50,fxRatesSgd,2026-09-03T07:00:12,2026-09-03T07:00:12,2026-09-03T16:35:05.210265+00:00,2.0887,0.0,2.0311,2.0887,MAS,2.8359017281276095,100.0
standardized,ocbc,PLN,SGD,PLN/SGD,100,"SGD 0 – 39,999.99",tier_1,"SGD 200 – 39,999.99",std_200_40k,fxRatesSgd,2026-09-03T07:00:12,2026-09-03T07:00:12,2026-09-03T16:35:05.210265+00:00,34.9897,32.7968,,33.8933,,,
standardized,ocbc,PLN,SGD,PLN/SGD,100,"SGD 40,000 – 100,000",tier_2,"SGD 40,000 – 100,000",std_40k_100k,fxRatesSgd,2026-09-03T07:00:12,2026-09-03T07:00:12,2026-09-03T16:35:05.210265+00:00,34.9724,32.8236,,33.8933,,,
standardized,ocbc,PLN,SGD,PLN/SGD,100,"SGD 0 – 39,999.99",tier_1,SGD 50 – 200,std_50_200,fxRatesSgd,2026-09-03T07:00:12,2026-09-03T07:00:12,2026-09-03T16:35:05.210265+00:00,34.9897,32.7968,,33.8933,,,
standardized,ocbc,PLN,SGD,PLN/SGD,100,"SGD 0 – 39,999.99",tier_1,SGD < 50,std_lt_50,fxRatesSgd,2026-09-03T07:00:12,2026-09-03T07:00:12,2026-09-03T16:35:05.210265+00:00,34.9897,32.7968,,33.8933,,,
standardized,ocbc,QAR,SGD,QAR/SGD,100,"SGD 0 – 39,999.99",tier_1,"SGD 200 – 39,999.99",std_200_40k,fxRatesSgd,2026-09-03T07:00:12,2026-09-03T07:00:12,2026-09-03T16:35:05.210265+00:00,35.797,33.7508,34.83,34.7739,MAS,2.7763422337065715,3.0984783232845254
standardized,ocbc,QAR,SGD,QAR/SGD,100,"SGD 40,000 – 100,000",tier_2,"SGD 40,000 – 100,000",std_40k_100k,fxRatesSgd,2026-09-03T07:00:12,2026-09-03T07:00:12,2026-09-03T16:35:05.210265+00:00,35.7758,33.768,34.83,34.7739,MAS,2.715475165087564,3.0490956072351354
standardized,ocbc,QAR,SGD,QAR/SGD,100,"SGD 0 – 39,999.99",tier_1,SGD 50 – 200,std_50_200,fxRatesSgd,2026-09-03T07:00:12,2026-09-03T07:00:12,2026-09-03T16:35:05.210265+00:00,35.797,33.7508,34.83,34.7739,MAS,2.7763422337065715,3.0984783232845254
standardized,ocbc,QAR,SGD,QAR/SGD,100,"SGD 0 – 39,999.99",tier_1,SGD < 50,std_lt_50,fxRatesSgd,2026-09-03T07:00:12,2026-09-03T07:00:12,2026-09-03T16:35:05.210265+00:00,35.797,33.7508,34.83,34.7739,MAS,2.7763422337065715,3.0984783232845254
standardized,ocbc,RON,SGD,RON/SGD,100,"SGD 0 – 39,999.99",tier_1,"SGD 200 – 39,999.99",std_200_40k,fxRatesSgd,2026-09-03T07:00:12,2026-09-03T07:00:12,2026-09-03T16:35:05.210265+00:00,0.0,0.0,,0.0,,,
standardized,ocbc,RON,SGD,RON/SGD,100,"SGD 40,000 – 100,000",tier_2,"SGD 40,000 – 100,000",std_40k_100k,fxRatesSgd,2026-09-03T07:00:12,2026-09-03T07:00:12,2026-09-03T16:35:05.210265+00:00,0.0,0.0,,0.0,,,
standardized,ocbc,RON,SGD,RON/SGD,100,"SGD 0 – 39,999.99",tier_1,SGD 50 – 200,std_50_200,fxRatesSgd,2026-09-03T07:00:12,2026-09-03T07:00:12,2026-09-03T16:35:05.210265+00:00,0.0,0.0,,0.0,,,
standardized,ocbc,RON,SGD,RON/SGD,100,"SGD 0 – 39,999.99",tier_1,SGD < 50,std_lt_50,fxRatesSgd,2026-09-03T07:00:12,2026-09-03T07:00:12,2026-09-03T16:35:05.210265+00:00,0.0,0.0,,0.0,,,
standardized,ocbc,RUB,SGD,RUB/SGD,100,"SGD 0 – 39,999.99",tier_1,"SGD 200 – 39,999.99",std_200_40k,fxRatesSgd,2026-09-03T07:00:12,2026-09-03T07:00:12,2026-09-03T16:35:05.210265+00:00,0.0,0.0,,0.0,,,
standardized,ocbc,RUB,SGD,RUB/SGD,100,"SGD 40,000 – 100,000",tier_2,"SGD 40,000 – 100,000",std_40k_100k,fxRatesSgd,2026-09-03T07:00:12,2026-09-03T07:00:12,2026-09-03T16:35:05.210265+00:00,0.0,0.0,,0.0,,,
standardized,ocbc,RUB,SGD,RUB/SGD,100,"SGD 0 – 39,999.99",tier_1,SGD 50 – 200,std_50_200,fxRatesSgd,2026-09-03T07:00:12,2026-09-03T07:00:12,2026-09-03T16:35:05.210265+00:00,0.0,0.0,,0.0,,,
standardized,ocbc,RUB,SGD,RUB/SGD,100,"SGD 0 – 39,999.99",tier_1,SGD < 50,std_lt_50,fxRatesSgd,2026-09-03T07:00:12,2026-09-03T07:00:12,2026-09-03T16:35:05.210265+00:00,0.0,0.0,,0.0,,,
standardized,ocbc,SAR,SGD,SAR/SGD,100,"SGD 0 – 39,999.99",tier_1,"SGD 200 – 39,999.99",std_200_40k,fxRatesSgd,2026-09-03T07:00:12,2026-09-03T07:00:12,2026-09-03T16:35:05.210265+00:00,34.7282,32.816,33.82,33.7721,MAS,2.6853932584269686,2.9686575990538078
standardized,ocbc,SAR,SGD,SAR/SGD,100,"SGD 40,000 – 100,000",tier_2,"SGD 40,000 – 100,000",std_40k_100k,fxRatesSgd,2026-09-03T07:00:12,2026-09-03T07:00:12,2026-09-03T16:35:05.210265+00:00,34.7111,32.8327,33.82,33.7721,MAS,2.634831460674162,2.919278533412175
standardized,ocbc,SAR,SGD,SAR/SGD,100,"SGD 0 – 39,999.99",tier_1,SGD 50 – 200,std_50_200,fxRatesSgd,2026-09-03T07:00:12,2026-09-03T07:00:12,2026-09-03T16:35:05.210265+00:00,34.7282,32.816,33.82,33.7721,MAS,2.6853932584269686,2.9686575990538078
standardized,ocbc,SAR,SGD,SAR/SGD,100,"SGD 0 – 39,999.99",tier_1,SGD < 50,std_lt_50,fxRatesSgd,2026-09-03T07:00:12,2026-09-03T07:00:12,2026-09-03T16:35:05.210265+00:00,34.7282,32.816,33.82,33.7721,MAS,2.6853932584269686,2.9686575990538078
standardized,ocbc,SEK,SGD,SEK/SGD,100,"SGD 0 – 39,999.99",tier_1,"SGD 200 – 39,999.99",std_200_40k,fxRatesSgd,2026-09-03T07:00:12,2026-09-03T07:00:12,2026-09-03T16:35:05.210265+00:00,13.4783,12.9978,,13.2381,,,
standardized,ocbc,SEK,SGD,SEK/SGD,100,"SGD 40,000 – 100,000",tier_2,"SGD 40,000 – 100,000",std_40k_100k,fxRatesSgd,2026-09-03T07:00:12,2026-09-03T07:00:12,2026-09-03T16:35:05.210265+00:00,13.4518,13.0242,,13.2381,,,
standardized,ocbc,SEK,SGD,SEK/SGD,100,"SGD 0 – 39,999.99",tier_1,SGD 50 – 200,std_50_200,fxRatesSgd,2026-09-03T07:00:12,2026-09-03T07:00:12,2026-09-03T16:35:05.210265+00:00,13.4783,12.9978,,13.2381,,,
standardized,ocbc,SEK,SGD,SEK/SGD,100,"SGD 0 – 39,999.99",tier_1,SGD < 50,std_lt_50,fxRatesSgd,2026-09-03T07:00:12,2026-09-03T07:00:12,2026-09-03T16:35:05.210265+00:00,13.4783,12.9978,,13.2381,,,
standardized,ocbc,THB,SGD,THB/SGD,100,"SGD 0 – 39,999.99",tier_1,"SGD 200 – 39,999.99",std_200_40k,fxRatesSgd,2026-09-03T07:00:12,2026-09-03T07:00:12,2026-09-03T16:35:05.210265+00:00,3.9516,3.7335,3.8473,3.8426,MAS,2.7109921243469404,2.9579185402750072
standardized,ocbc,THB,SGD,THB/SGD,100,"SGD 40,000 – 100,000",tier_2,"SGD 40,000 – 100,000",std_40k_100k,fxRatesSgd,2026-09-03T07:00:12,2026-09-03T07:00:12,2026-09-03T16:35:05.210265+00:00,3.9439,3.7411,3.8473,3.8426,MAS,2.5108517661736807,2.760377407532563
standardized,ocbc,THB,SGD,THB/SGD,100,"SGD 0 – 39,999.99",tier_1,SGD 50 – 200,std_50_200,fxRatesSgd,2026-09-03T07:00:12,2026-09-03T07:00:12,2026-09-03T16:35:05.210265+00:00,3.9516,3.7335,3.8473,3.8426,MAS,2.7109921243469404,2.9579185402750072
standardized,ocbc,THB,SGD,THB/SGD,100,"SGD 0 – 39,999.99",tier_1,SGD < 50,std_lt_50,fxRatesSgd,2026-09-03T07:00:12,2026-09-03T07:00:12,2026-09-03T16:35:05.210265+00:00,3.9516,3.7335,3.8473,3.8426,MAS,2.7109921243469404,2.9579185402750072
standardized,ocbc,TRY,SGD,TRY/SGD,100,"SGD 0 – 39,999.99",tier_1,"SGD 200 – 39,999.99",std_200_40k,fxRatesSgd,2026-09-03T07:00:12,2026-09-03T07:00:12,2026-09-03T16:35:05.210265+00:00,2.6965,2.5844,,2.6405,,,
standardized,ocbc,TRY,SGD,TRY/SGD,100,"SGD 40,000 – 100,000",tier_2,"SGD 40,000 – 100,000",std_40k_100k,fxRatesSgd,2026-09-03T07:00:12,2026-09-03T07:00:12,2026-09-03T16:35:05.210265+00:00,2.6951,2.5847,,2.6405,,,
standardized,ocbc,TRY,SGD,TRY/SGD,100,"SGD 0 – 39,999.99",tier_1,SGD 50 – 200,std_50_200,fxRatesSgd,2026-09-03T07:00:12,2026-09-03T07:00:12,2026-09-03T16:35:05.210265+00:00,2.6965,2.5844,,2.6405,,,
standardized,ocbc,TRY,SGD,TRY/SGD,100,"SGD 0 – 39,999.99",tier_1,SGD < 50,std_lt_50,fxRatesSgd,2026-09-03T07:00:12,2026-09-03T07:00:12,2026-09-03T16:35:05.210265+00:00,2.6965,2.5844,,2.6405,,,
standardized,ocbc,TWD,SGD,TWD/SGD,100,"SGD 0 – 39,999.99",tier_1,"SGD 200 – 39,999.99",std_200_40k,fxRatesSgd,2026-09-03T07:00:12,2026-09-03T07:00:12,2026-09-03T16:35:05.210265+00:00,4.1463,0.0,4.0044,4.1463,MAS,3.543602037758457,100.0
standardized,ocbc,TWD,SGD,TWD/SGD,100,"SGD 40,000 – 100,000",tier_2,"SGD 40,000 – 100,000",std_40k_100k,fxRatesSgd,2026-09-03T07:00:12,2026-09-03T07:00:12,2026-09-03T16:35:05.210265+00:00,0.0,0.0,4.0044,4.1463,MAS,-100.0,100.0
standardized,ocbc,TWD,SGD,TWD/SGD,100,"SGD 0 – 39,999.99",tier_1,SGD 50 – 200,std_50_200,fxRatesSgd,2026-09-03T07:00:12,2026-09-03T07:00:12,2026-09-03T16:35:05.210265+00:00,4.1463,0.0,4.0044,4.1463,MAS,3.543602037758457,100.0
standardized,ocbc,TWD,SGD,TWD/SGD,100,"SGD 0 – 39,999.99",tier_1,SGD < 50,std_lt_50,fxRatesSgd,2026-09-03T07:00:12,2026-09-03T07:00:12,2026-09-03T16:35:05.210265+00:00,4.1463,0.0,4.0044,4.1463,MAS,3.543602037758457,100.0
standardized,ocbc,USD,SGD,USD/SGD,1,"SGD 0 – 39,999.99",tier_1,"SGD 200 – 39,999.99",std_200_40k,fxRatesSgd,2026-09-03T07:00:12,2026-09-03T07:00:12,2026-09-03T16:35:05.210265+00:00,1.2807,1.2577,1.2698,1.2692,MAS,0.8584028980941809,0.952905969444007
standardized,ocbc,USD,SGD,USD/SGD,1,"SGD 40,000 – 100,000",tier_2,"SGD 40,000 – 100,000",std_40k_100k,fxRatesSgd,2026-09-03T07:00:12,2026-09-03T07:00:12,2026-09-03T16:35:05.210265+00:00,1.2794,1.2587,1.2698,1.2692,MAS,0.756024570798555,0.8741534099858332
standardized,ocbc,USD,SGD,USD/SGD,1,"SGD 0 – 39,999.99",tier_1,SGD 50 – 200,std_50_200,fxRatesSgd,2026-09-03T07:00:12,2026-09-03T07:00:12,2026-09-03T16:35:05.210265+00:00,1.2807,1.2577,1.2698,1.2692,MAS,0.8584028980941809,0.952905969444007
standardized,ocbc,USD,SGD,USD/SGD,1,"SGD 0 – 39,999.99",tier_1,SGD < 50,std_lt_50,fxRatesSgd,2026-09-03T07:00:12,2026-09-03T07:00:12,2026-09-03T16:35:05.210265+00:00,1.2807,1.2577,1.2698,1.2692,MAS,0.8584028980941809,0.952905969444007
standardized,ocbc,ZAR,SGD,ZAR/SGD,100,"SGD 0 – 39,999.99",tier_1,"SGD 200 – 39,999.99",std_200_40k,fxRatesSgd,2026-09-03T07:00:12,2026-09-03T07:00:12,2026-09-03T16:35:05.210265+00:00,8.1401,7.6611,,7.9006,,,
standardized,ocbc,ZAR,SGD,ZAR/SGD,100,"SGD 40,000 – 100,000",tier_2,"SGD 40,000 – 100,000",std_40k_100k,fxRatesSgd,2026-09-03T07:00:12,2026-09-03T07:00:12,2026-09-03T16:35:05.210265+00:00,8.1361,7.665,,7.9006,,,
standardized,ocbc,ZAR,SGD,ZAR/SGD,100,"SGD 0 – 39,999.99",tier_1,SGD 50 – 200,std_50_200,fxRatesSgd,2026-09-03T07:00:12,2026-09-03T07:00:12,2026-09-03T16:35:05.210265+00:00,8.1401,7.6611,,7.9006,,,
standardized,ocbc,ZAR,SGD,ZAR/SGD,100,"SGD 0 – 39,999.99",tier_1,SGD < 50,std_lt_50,fxRatesSgd,2026-09-03T07:00:12,2026-09-03T07:00:12,2026-09-03T16:35:05.210265+00:00,8.1401,7.6611,,7.9006,,,
standardized,uob,AED,SGD,AED/SGD,100,Indicative board,board,"SGD 200 – 39,999.99",std_200_40k,forex_sgd,03 September 2026 05:43:02 PM,03 September 2026 05:43:02 PM,2026-09-03T16:35:06.665384+00:00,35.4,33.7,34.57,34.55,MAS,2.4009256580850398,2.516632918715642
standardized,uob,AED,SGD,AED/SGD,100,Indicative board,board,"SGD 40,000 – 100,000",std_40k_100k,forex_sgd,03 September 2026 05:43:02 PM,03 September 2026 05:43:02 PM,2026-09-03T16:35:06.665384+00:00,35.4,33.7,34.57,34.55,MAS,2.4009256580850398,2.516632918715642
standardized,uob,AED,SGD,AED/SGD,100,Indicative board,board,SGD 50 – 200,std_50_200,forex_sgd,03 September 2026 05:43:02 PM,03 September 2026 05:43:02 PM,2026-09-03T16:35:06.665384+00:00,35.4,33.7,34.57,34.55,MAS,2.4009256580850398,2.516632918715642
standardized,uob,AED,SGD,AED/SGD,100,Indicative board,board,SGD < 50,std_lt_50,forex_sgd,03 September 2026 05:43:02 PM,03 September 2026 05:43:02 PM,2026-09-03T16:35:06.665384+00:00,35.4,33.7,34.57,34.55,MAS,2.4009256580850398,2.516632918715642
standardized,uob,AOA,SGD,AOA/SGD,100,Indicative board,board,"SGD 200 – 39,999.99",std_200_40k,forex_sgd,03 September 2026 05:43:02 PM,03 September 2026 05:43:02 PM,2026-09-03T16:35:06.665384+00:00,0.1429,,,,,,
standardized,uob,AOA,SGD,AOA/SGD,100,Indicative board,board,"SGD 40,000 – 100,000",std_40k_100k,forex_sgd,03 September 2026 05:43:02 PM,03 September 2026 05:43:02 PM,2026-09-03T16:35:06.665384+00:00,0.1429,,,,,,
standardized,uob,AOA,SGD,AOA/SGD,100,Indicative board,board,SGD 50 – 200,std_50_200,forex_sgd,03 September 2026 05:43:02 PM,03 September 2026 05:43:02 PM,2026-09-03T16:35:06.665384+00:00,0.1429,,,,,,
standardized,uob,AOA,SGD,AOA/SGD,100,Indicative board,board,SGD < 50,std_lt_50,forex_sgd,03 September 2026 05:43:02 PM,03 September 2026 05:43:02 PM,2026-09-03T16:35:06.665384+00:00,0.1429,,,,,,
standardized,uob,AUD,SGD,AUD/SGD,1,Indicative board,board,"SGD 200 – 39,999.99",std_200_40k,forex_sgd,03 September 2026 05:43:02 PM,03 September 2026 05:43:02 PM,2026-09-03T16:35:06.665384+00:00,0.9273,0.8963,0.9104000000000001,0.9117999999999999,MAS,1.856326889279428,1.5487697715290105
standardized,uob,AUD,SGD,AUD/SGD,1,Indicative board,board,"SGD 40,000 – 100,000",std_40k_100k,forex_sgd,03 September 2026 05:43:02 PM,03 September 2026 05:43:02 PM,2026-09-03T16:35:06.665384+00:00,0.9273,0.8963,0.9104000000000001,0.9117999999999999,MAS,1.856326889279428,1.5487697715290105
standardized,uob,AUD,SGD,AUD/SGD,1,Indicative board,board,SGD 50 – 200,std_50_200,forex_sgd,03 September 2026 05:43:02 PM,03 September 2026 05:43:02 PM,2026-09-03T16:35:06.665384+00:00,0.9273,0.8963,0.9104000000000001,0.9117999999999999,MAS,1.856326889279428,1.5487697715290105
standardized,uob,AUD,SGD,AUD/SGD,1,Indicative board,board,SGD < 50,std_lt_50,forex_sgd,03 September 2026 05:43:02 PM,03 September 2026 05:43:02 PM,2026-09-03T16:35:06.665384+00:00,0.9273,0.8963,0.9104000000000001,0.9117999999999999,MAS,1.856326889279428,1.5487697715290105
standardized,uob,BDT,SGD,BDT/SGD,100,Indicative board,board,"SGD 200 – 39,999.99",std_200_40k,forex_sgd,03 September 2026 05:43:02 PM,03 September 2026 05:43:02 PM,2026-09-03T16:35:06.665384+00:00,1.0694,,,,,,
standardized,uob,BDT,SGD,BDT/SGD,100,Indicative board,board,"SGD 40,000 – 100,000",std_40k_100k,forex_sgd,03 September 2026 05:43:02 PM,03 September 2026 05:43:02 PM,2026-09-03T16:35:06.665384+00:00,1.0694,,,,,,
standardized,uob,BDT,SGD,BDT/SGD,100,Indicative board,board,SGD 50 – 200,std_50_200,forex_sgd,03 September 2026 05:43:02 PM,03 September 2026 05:43:02 PM,2026-09-03T16:35:06.665384+00:00,1.0694,,,,,,
standardized,uob,BDT,SGD,BDT/SGD,100,Indicative board,board,SGD < 50,std_lt_50,forex_sgd,03 September 2026 05:43:02 PM,03 September 2026 05:43:02 PM,2026-09-03T16:35:06.665384+00:00,1.0694,,,,,,
standardized,uob,BND,SGD,BND/SGD,1,Indicative board,board,"SGD 200 – 39,999.99",std_200_40k,forex_sgd,03 September 2026 05:43:02 PM,03 September 2026 05:43:02 PM,2026-09-03T16:35:06.665384+00:00,1.0,1.0,,1.0,,,
standardized,uob,BND,SGD,BND/SGD,1,Indicative board,board,"SGD 40,000 – 100,000",std_40k_100k,forex_sgd,03 September 2026 05:43:02 PM,03 September 2026 05:43:02 PM,2026-09-03T16:35:06.665384+00:00,1.0,1.0,,1.0,,,
standardized,uob,BND,SGD,BND/SGD,1,Indicative board,board,SGD 50 – 200,std_50_200,forex_sgd,03 September 2026 05:43:02 PM,03 September 2026 05:43:02 PM,2026-09-03T16:35:06.665384+00:00,1.0,1.0,,1.0,,,
standardized,uob,BND,SGD,BND/SGD,1,Indicative board,board,SGD < 50,std_lt_50,forex_sgd,03 September 2026 05:43:02 PM,03 September 2026 05:43:02 PM,2026-09-03T16:35:06.665384+00:00,1.0,1.0,,1.0,,,
standardized,uob,CAD,SGD,CAD/SGD,1,Indicative board,board,"SGD 200 – 39,999.99",std_200_40k,forex_sgd,03 September 2026 05:43:02 PM,03 September 2026 05:43:02 PM,2026-09-03T16:35:06.665384+00:00,0.9286,0.9086,0.9181999999999999,0.9186,MAS,1.1326508385972638,1.045523851012845
standardized,uob,CAD,SGD,CAD/SGD,1,Indicative board,board,"SGD 40,000 – 100,000",std_40k_100k,forex_sgd,03 September 2026 05:43:02 PM,03 September 2026 05:43:02 PM,2026-09-03T16:35:06.665384+00:00,0.9286,0.9086,0.9181999999999999,0.9186,MAS,1.1326508385972638,1.045523851012845
standardized,uob,CAD,SGD,CAD/SGD,1,Indicative board,board,SGD 50 – 200,std_50_200,forex_sgd,03 September 2026 05:43:02 PM,03 September 2026 05:43:02 PM,2026-09-03T16:35:06.665384+00:00,0.9286,0.9086,0.9181999999999999,0.9186,MAS,1.1326508385972638,1.045523851012845
standardized,uob,CAD,SGD,CAD/SGD,1,Indicative board,board,SGD < 50,std_lt_50,forex_sgd,03 September 2026 05:43:02 PM,03 September 2026 05:43:02 PM,2026-09-03T16:35:06.665384+00:00,0.9286,0.9086,0.9181999999999999,0.9186,MAS,1.1326508385972638,1.045523851012845
standardized,uob,CHF,SGD,CHF/SGD,100,Indicative board,board,"SGD 200 – 39,999.99",std_200_40k,forex_sgd,03 September 2026 05:43:02 PM,03 September 2026 05:43:02 PM,2026-09-03T16:35:06.665384+00:00,158.33,155.03,156.39,156.68,MAS,1.2404885222840505,0.8696208197454987
standardized,uob,CHF,SGD,CHF/SGD,100,Indicative board,board,"SGD 40,000 – 100,000",std_40k_100k,forex_sgd,03 September 2026 05:43:02 PM,03 September 2026 05:43:02 PM,2026-09-03T16:35:06.665384+00:00,158.33,155.03,156.39,156.68,MAS,1.2404885222840505,0.8696208197454987
standardized,uob,CHF,SGD,CHF/SGD,100,Indicative board,board,SGD 50 – 200,std_50_200,forex_sgd,03 September 2026 05:43:02 PM,03 September 2026 05:43:02 PM,2026-09-03T16:35:06.665384+00:00,158.33,155.03,156.39,156.68,MAS,1.2404885222840505,0.8696208197454987
standardized,uob,CHF,SGD,CHF/SGD,100,Indicative board,board,SGD < 50,std_lt_50,forex_sgd,03 September 2026 05:43:02 PM,03 September 2026 05:43:02 PM,2026-09-03T16:35:06.665384+00:00,158.33,155.03,156.39,156.68,MAS,1.2404885222840505,0.8696208197454987
standardized,uob,CNH,SGD,CNH/SGD,100,Indicative board,board,"SGD 200 – 39,999.99",std_200_40k,forex_sgd,03 September 2026 05:43:02 PM,03 September 2026 05:43:02 PM,2026-09-03T16:35:06.665384+00:00,19.11,18.65,,18.88,,,
standardized,uob,CNH,SGD,CNH/SGD,100,Indicative board,board,"SGD 40,000 – 100,000",std_40k_100k,forex_sgd,03 September 2026 05:43:02 PM,03 September 2026 05:43:02 PM,2026-09-03T16:35:06.665384+00:00,19.11,18.65,,18.88,,,
standardized,uob,CNH,SGD,CNH/SGD,100,Indicative board,board,SGD 50 – 200,std_50_200,forex_sgd,03 September 2026 05:43:02 PM,03 September 2026 05:43:02 PM,2026-09-03T16:35:06.665384+00:00,19.11,18.65,,18.88,,,
standardized,uob,CNH,SGD,CNH/SGD,100,Indicative board,board,SGD < 50,std_lt_50,forex_sgd,03 September 2026 05:43:02 PM,03 September 2026 05:43:02 PM,2026-09-03T16:35:06.665384+00:00,19.11,18.65,,18.88,,,
standardized,uob,DKK,SGD,DKK/SGD,100,Indicative board,board,"SGD 200 – 39,999.99",std_200_40k,forex_sgd,03 September 2026 05:43:02 PM,03 September 2026 05:43:02 PM,2026-09-03T16:35:06.665384+00:00,20.04,19.34,,19.689999999999998,,,
standardized,uob,DKK,SGD,DKK/SGD,100,Indicative board,board,"SGD 40,000 – 100,000",std_40k_100k,forex_sgd,03 September 2026 05:43:02 PM,03 September 2026 05:43:02 PM,2026-09-03T16:35:06.665384+00:00,20.04,19.34,,19.689999999999998,,,
standardized,uob,DKK,SGD,DKK/SGD,100,Indicative board,board,SGD 50 – 200,std_50_200,forex_sgd,03 September 2026 05:43:02 PM,03 September 2026 05:43:02 PM,2026-09-03T16:35:06.665384+00:00,20.04,19.34,,19.689999999999998,,,
standardized,uob,DKK,SGD,DKK/SGD,100,Indicative board,board,SGD < 50,std_lt_50,forex_sgd,03 September 2026 05:43:02 PM,03 September 2026 05:43:02 PM,2026-09-03T16:35:06.665384+00:00,20.04,19.34,,19.689999999999998,,,
standardized,uob,EGP,SGD,EGP/SGD,100,Indicative board,board,"SGD 200 – 39,999.99",std_200_40k,forex_sgd,03 September 2026 05:43:02 PM,03 September 2026 05:43:02 PM,2026-09-03T16:35:06.665384+00:00,2.5581,,,,,,
standardized,uob,EGP,SGD,EGP/SGD,100,Indicative board,board,"SGD 40,000 – 100,000",std_40k_100k,forex_sgd,03 September 2026 05:43:02 PM,03 September 2026 05:43:02 PM,2026-09-03T16:35:06.665384+00:00,2.5581,,,,,,
standardized,uob,EGP,SGD,EGP/SGD,100,Indicative board,board,SGD 50 – 200,std_50_200,forex_sgd,03 September 2026 05:43:02 PM,03 September 2026 05:43:02 PM,2026-09-03T16:35:06.665384+00:00,2.5581,,,,,,
standardized,uob,EGP,SGD,EGP/SGD,100,Indicative board,board,SGD < 50,std_lt_50,forex_sgd,03 September 2026 05:43:02 PM,03 September 2026 05:43:02 PM,2026-09-03T16:35:06.665384+00:00,2.5581,,,,,,
standardized,uob,EUR,SGD,EUR/SGD,1,Indicative board,board,"SGD 200 – 39,999.99",std_200_40k,forex_sgd,03 September 2026 05:43:02 PM,03 September 2026 05:43:02 PM,2026-09-03T16:35:06.665384+00:00,1.4911,1.4531,1.4726,1.4721000000000002,MAS,1.2562814070351884,1.3241885101181483
standardized,uob,EUR,SGD,EUR/SGD,1,Indicative board,board,"SGD 40,000 – 100,000",std_40k_100k,forex_sgd,03 September 2026 05:43:02 PM,03 September 2026 05:43:02 PM,2026-09-03T16:35:06.665384+00:00,1.4911,1.4531,1.4726,1.4721000000000002,MAS,1.2562814070351884,1.3241885101181483
standardized,uob,EUR,SGD,EUR/SGD,1,Indicative board,board,SGD 50 – 200,std_50_200,forex_sgd,03 September 2026 05:43:02 PM,03 September 2026 05:43:02 PM,2026-09-03T16:35:06.665384+00:00,1.4911,1.4531,1.4726,1.4721000000000002,MAS,1.2562814070351884,1.3241885101181483
standardized,uob,EUR,SGD,EUR/SGD,1,Indicative board,board,SGD < 50,std_lt_50,forex_sgd,03 September 2026 05:43:02 PM,03 September 2026 05:43:02 PM,2026-09-03T16:35:06.665384+00:00,1.4911,1.4531,1.4726,1.4721000000000002,MAS,1.2562814070351884,1.3241885101181483
standardized,uob,GBP,SGD,GBP/SGD,1,Indicative board,board,"SGD 200 – 39,999.99",std_200_40k,forex_sgd,03 September 2026 05:43:02 PM,03 September 2026 05:43:02 PM,2026-09-03T16:35:06.665384+00:00,1.7345,1.6895,1.7136,1.712,MAS,1.2196545284780531,1.40639589169001
standardized,uob,GBP,SGD,GBP/SGD,1,Indicative board,board,"SGD 40,000 – 100,000",std_40k_100k,forex_sgd,03 September 2026 05:43:02 PM,03 September 2026 05:43:02 PM,2026-09-03T16:35:06.665384+00:00,1.7345,1.6895,1.7136,1.712,MAS,1.2196545284780531,1.40639589169001
standardized,uob,GBP,SGD,GBP/SGD,1,Indicative board,board,SGD 50 – 200,std_50_200,forex_sgd,03 September 2026 05:43:02 PM,03 September 2026 05:43:02 PM,2026-09-03T16:35:06.665384+00:00,1.7345,1.6895,1.7136,1.712,MAS,1.2196545284780531,1.40639589169001
standardized,uob,GBP,SGD,GBP/SGD,1,Indicative board,board,SGD < 50,std_lt_50,forex_sgd,03 September 2026 05:43:02 PM,03 September 2026 05:43:02 PM,2026-09-03T16:35:06.665384+00:00,1.7345,1.6895,1.7136,1.712,MAS,1.2196545284780531,1.40639589169001
standardized,uob,HKD,SGD,HKD/SGD,100,Indicative board,board,"SGD 200 – 39,999.99",std_200_40k,forex_sgd,03 September 2026 05:43:02 PM,03 September 2026 05:43:02 PM,2026-09-03T16:35:06.665384+00:00,16.359,16.001,16.19,16.18,MAS,1.043854231006797,1.167387276096356
standardized,uob,HKD,SGD,HKD/SGD,100,Indicative board,board,"SGD 40,000 – 100,000",std_40k_100k,forex_sgd,03 September 2026 05:43:02 PM,03 September 2026 05:43:02 PM,2026-09-03T16:35:06.665384+00:00,16.359,16.001,16.19,16.18,MAS,1.043854231006797,1.167387276096356
standardized,uob,HKD,SGD,HKD/SGD,100,Indicative board,board,SGD 50 – 200,std_50_200,forex_sgd,03 September 2026 05:43:02 PM,03 September 2026 05:43:02 PM,2026-09-03T16:35:06.665384+00:00,16.359,16.001,16.19,16.18,MAS,1.043854231006797,1.167387276096356
standardized,uob,HKD,SGD,HKD/SGD,100,Indicative board,board,SGD < 50,std_lt_50,forex_sgd,03 September 2026 05:43:02 PM,03 September 2026 05:43:02 PM,2026-09-03T16:35:06.665384+00:00,16.359,16.001,16.19,16.18,MAS,1.043854231006797,1.167387276096356
standardized,uob,INR,SGD,INR/SGD,100,Indicative board,board,"SGD 200 – 39,999.99",std_200_40k,forex_sgd,03 September 2026 05:43:02 PM,03 September 2026 05:43:02 PM,2026-09-03T16:35:06.665384+00:00,1.3799,,1.3448,,MAS,2.6100535395597793,
standardized,uob,INR,SGD,INR/SGD,100,Indicative board,board,"SGD 40,000 – 100,000",std_40k_100k,forex_sgd,03 September 2026 05:43:02 PM,03 September 2026 05:43:02 PM,2026-09-03T16:35:06.665384+00:00,1.3799,,1.3448,,MAS,2.6100535395597793,
standardized,uob,INR,SGD,INR/SGD,100,Indicative board,board,SGD 50 – 200,std_50_200,forex_sgd,03 September 2026 05:43:02 PM,03 September 2026 05:43:02 PM,2026-09-03T16:35:06.665384+00:00,1.3799,,1.3448,,MAS,2.6100535395597793,
standardized,uob,INR,SGD,INR/SGD,100,Indicative board,board,SGD < 50,std_lt_50,forex_sgd,03 September 2026 05:43:02 PM,03 September 2026 05:43:02 PM,2026-09-03T16:35:06.665384+00:00,1.3799,,1.3448,,MAS,2.6100535395597793,
standardized,uob,JPY,SGD,JPY/SGD,100,Indicative board,board,"SGD 200 – 39,999.99",std_200_40k,forex_sgd,03 September 2026 05:43:02 PM,03 September 2026 05:43:02 PM,2026-09-03T16:35:06.665384+00:00,0.8278,0.7938,0.8048,0.8108,MAS,2.85785288270378,1.366799204771373
standardized,uob,JPY,SGD,JPY/SGD,100,Indicative board,board,"SGD 40,000 – 100,000",std_40k_100k,forex_sgd,03 September 2026 05:43:02 PM,03 September 2026 05:43:02 PM,2026-09-03T16:35:06.665384+00:00,0.8278,0.7938,0.8048,0.8108,MAS,2.85785288270378,1.366799204771373
standardized,uob,JPY,SGD,JPY/SGD,100,Indicative board,board,SGD 50 – 200,std_50_200,forex_sgd,03 September 2026 05:43:02 PM,03 September 2026 05:43:02 PM,2026-09-03T16:35:06.665384+00:00,0.8278,0.7938,0.8048,0.8108,MAS,2.85785288270378,1.366799204771373
standardized,uob,JPY,SGD,JPY/SGD,100,Indicative board,board,SGD < 50,std_lt_50,forex_sgd,03 September 2026 05:43:02 PM,03 September 2026 05:43:02 PM,2026-09-03T16:35:06.665384+00:00,0.8278,0.7938,0.8048,0.8108,MAS,2.85785288270378,1.366799204771373
standardized,uob,KRW,SGD,KRW/SGD,1000,Indicative board,board,"SGD 200 – 39,999.99",std_200_40k,forex_sgd,03 September 2026 05:43:02 PM,03 September 2026 05:43:02 PM,2026-09-03T16:35:06.665384+00:00,0.9496,,0.9349999999999999,,MAS,1.5614973262032148,
standardized,uob,KRW,SGD,KRW/SGD,1000,Indicative board,board,"SGD 40,000 – 100,000",std_40k_100k,forex_sgd,03 September 2026 05:43:02 PM,03 September 2026 05:43:02 PM,2026-09-03T16:35:06.665384+00:00,0.9496,,0.9349999999999999,,MAS,1.5614973262032148,
standardized,uob,KRW,SGD,KRW/SGD,1000,Indicative board,board,SGD 50 – 200,std_50_200,forex_sgd,03 September 2026 05:43:02 PM,03 September 2026 05:43:02 PM,2026-09-03T16:35:06.665384+00:00,0.9496,,0.9349999999999999,,MAS,1.5614973262032148,
standardized,uob,KRW,SGD,KRW/SGD,1000,Indicative board,board,SGD < 50,std_lt_50,forex_sgd,03 September 2026 05:43:02 PM,03 September 2026 05:43:02 PM,2026-09-03T16:35:06.665384+00:00,0.9496,,0.9349999999999999,,MAS,1.5614973262032148,
standardized,uob,KWD,SGD,KWD/SGD,1,Indicative board,board,"SGD 200 – 39,999.99",std_200_40k,forex_sgd,03 September 2026 05:43:02 PM,03 September 2026 05:43:02 PM,2026-09-03T16:35:06.665384+00:00,4.176,,,,,,
standardized,uob,KWD,SGD,KWD/SGD,1,Indicative board,board,"SGD 40,000 – 100,000",std_40k_100k,forex_sgd,03 September 2026 05:43:02 PM,03 September 2026 05:43:02 PM,2026-09-03T16:35:06.665384+00:00,4.176,,,,,,
standardized,uob,KWD,SGD,KWD/SGD,1,Indicative board,board,SGD 50 – 200,std_50_200,forex_sgd,03 September 2026 05:43:02 PM,03 September 2026 05:43:02 PM,2026-09-03T16:35:06.665384+00:00,4.176,,,,,,
standardized,uob,KWD,SGD,KWD/SGD,1,Indicative board,board,SGD < 50,std_lt_50,forex_sgd,03 September 2026 05:43:02 PM,03 September 2026 05:43:02 PM,2026-09-03T16:35:06.665384+00:00,4.176,,,,,,
standardized,uob,LKR,SGD,LKR/SGD,100,Indicative board,board,"SGD 200 – 39,999.99",std_200_40k,forex_sgd,03 September 2026 05:43:02 PM,03 September 2026 05:43:02 PM,2026-09-03T16:35:06.665384+00:00,0.3937,,,,,,
standardized,uob,LKR,SGD,LKR/SGD,100,Indicative board,board,"SGD 40,000 – 100,000",std_40k_100k,forex_sgd,03 September 2026 05:43:02 PM,03 September 2026 05:43:02 PM,2026-09-03T16:35:06.665384+00:00,0.3937,,,,,,
standardized,uob,LKR,SGD,LKR/SGD,100,Indicative board,board,SGD 50 – 200,std_50_200,forex_sgd,03 September 2026 05:43:02 PM,03 September 2026 05:43:02 PM,2026-09-03T16:35:06.665384+00:00,0.3937,,,,,,
standardized,uob,LKR,SGD,LKR/SGD,100,Indicative board,board,SGD < 50,std_lt_50,forex_sgd,03 September 2026 05:43:02 PM,03 September 2026 05:43:02 PM,2026-09-03T16:35:06.665384+00:00,0.3937,,,,,,
standardized,uob,MXN,SGD,MXN/SGD,100,Indicative board,board,"SGD 200 – 39,999.99",std_200_40k,forex_sgd,03 September 2026 05:43:02 PM,03 September 2026 05:43:02 PM,2026-09-03T16:35:06.665384+00:00,7.5565,,,,,,
standardized,uob,MXN,SGD,MXN/SGD,100,Indicative board,board,"SGD 40,000 – 100,000",std_40k_100k,forex_sgd,03 September 2026 05:43:02 PM,03 September 2026 05:43:02 PM,2026-09-03T16:35:06.665384+00:00,7.5565,,,,,,
standardized,uob,MXN,SGD,MXN/SGD,100,Indicative board,board,SGD 50 – 200,std_50_200,forex_sgd,03 September 2026 05:43:02 PM,03 September 2026 05:43:02 PM,2026-09-03T16:35:06.665384+00:00,7.5565,,,,,,
standardized,uob,MXN,SGD,MXN/SGD,100,Indicative board,board,SGD < 50,std_lt_50,forex_sgd,03 September 2026 05:43:02 PM,03 September 2026 05:43:02 PM,2026-09-03T16:35:06.665384+00:00,7.5565,,,,,,
standardized,uob,MYR,SGD,MYR/SGD,100,Indicative board,board,"SGD 200 – 39,999.99",std_200_40k,forex_sgd,03 September 2026 05:43:02 PM,03 September 2026 05:43:02 PM,2026-09-03T16:35:06.665384+00:00,31.9591,,31.41,,MAS,1.7481693728112042,
standardized,uob,MYR,SGD,MYR/SGD,100,Indicative board,board,"SGD 40,000 – 100,000",std_40k_100k,forex_sgd,03 September 2026 05:43:02 PM,03 September 2026 05:43:02 PM,2026-09-03T16:35:06.665384+00:00,31.9591,,31.41,,MAS,1.7481693728112042,
standardized,uob,MYR,SGD,MYR/SGD,100,Indicative board,board,SGD 50 – 200,std_50_200,forex_sgd,03 September 2026 05:43:02 PM,03 September 2026 05:43:02 PM,2026-09-03T16:35:06.665384+00:00,31.9591,,31.41,,MAS,1.7481693728112042,
standardized,uob,MYR,SGD,MYR/SGD,100,Indicative board,board,SGD < 50,std_lt_50,forex_sgd,03 September 2026 05:43:02 PM,03 September 2026 05:43:02 PM,2026-09-03T16:35:06.665384+00:00,31.9591,,31.41,,MAS,1.7481693728112042,
standardized,uob,NOK,SGD,NOK/SGD,100,Indicative board,board,"SGD 200 – 39,999.99",std_200_40k,forex_sgd,03 September 2026 05:43:02 PM,03 September 2026 05:43:02 PM,2026-09-03T16:35:06.665384+00:00,13.82,13.38,,13.600000000000001,,,
standardized,uob,NOK,SGD,NOK/SGD,100,Indicative board,board,"SGD 40,000 – 100,000",std_40k_100k,forex_sgd,03 September 2026 05:43:02 PM,03 September 2026 05:43:02 PM,2026-09-03T16:35:06.665384+00:00,13.82,13.38,,13.600000000000001,,,
standardized,uob,NOK,SGD,NOK/SGD,100,Indicative board,board,SGD 50 – 200,std_50_200,forex_sgd,03 September 2026 05:43:02 PM,03 September 2026 05:43:02 PM,2026-09-03T16:35:06.665384+00:00,13.82,13.38,,13.600000000000001,,,
standardized,uob,NOK,SGD,NOK/SGD,100,Indicative board,board,SGD < 50,std_lt_50,forex_sgd,03 September 2026 05:43:02 PM,03 September 2026 05:43:02 PM,2026-09-03T16:35:06.665384+00:00,13.82,13.38,,13.600000000000001,,,
standardized,uob,NZD,SGD,NZD/SGD,1,Indicative board,board,"SGD 200 – 39,999.99",std_200_40k,forex_sgd,03 September 2026 05:43:02 PM,03 September 2026 05:43:02 PM,2026-09-03T16:35:06.665384+00:00,0.7542,0.7342,0.7444,0.7442,MAS,1.3164965072541688,1.3702310585706594
standardized,uob,NZD,SGD,NZD/SGD,1,Indicative board,board,"SGD 40,000 – 100,000",std_40k_100k,forex_sgd,03 September 2026 05:43:02 PM,03 September 2026 05:43:02 PM,2026-09-03T16:35:06.665384+00:00,0.7542,0.7342,0.7444,0.7442,MAS,1.3164965072541688,1.3702310585706594
standardized,uob,NZD,SGD,NZD/SGD,1,Indicative board,board,SGD 50 – 200,std_50_200,forex_sgd,03 September 2026 05:43:02 PM,03 September 2026 05:43:02 PM,2026-09-03T16:35:06.665384+00:00,0.7542,0.7342,0.7444,0.7442,MAS,1.3164965072541688,1.3702310585706594
standardized,uob,NZD,SGD,NZD/SGD,1,Indicative board,board,SGD < 50,std_lt_50,forex_sgd,03 September 2026 05:43:02 PM,03 September 2026 05:43:02 PM,2026-09-03T16:35:06.665384+00:00,0.7542,0.7342,0.7444,0.7442,MAS,1.3164965072541688,1.3702310585706594
standardized,uob,PHP,SGD,PHP/SGD,100,Indicative board,board,"SGD 200 – 39,999.99",std_200_40k,forex_sgd,03 September 2026 05:43:02 PM,03 September 2026 05:43:02 PM,2026-09-03T16:35:06.665384+00:00,2.0767,,2.0311,,MAS,2.245088868101044,
standardized,uob,PHP,SGD,PHP/SGD,100,Indicative board,board,"SGD 40,000 – 100,000",std_40k_100k,forex_sgd,03 September 2026 05:43:02 PM,03 September 2026 05:43:02 PM,2026-09-03T16:35:06.665384+00:00,2.0767,,2.0311,,MAS,2.245088868101044,
standardized,uob,PHP,SGD,PHP/SGD,100,Indicative board,board,SGD 50 – 200,std_50_200,forex_sgd,03 September 2026 05:43:02 PM,03 September 2026 05:43:02 PM,2026-09-03T16:35:06.665384+00:00,2.0767,,2.0311,,MAS,2.245088868101044,
standardized,uob,PHP,SGD,PHP/SGD,100,Indicative board,board,SGD < 50,std_lt_50,forex_sgd,03 September 2026 05:43:02 PM,03 September 2026 05:43:02 PM,2026-09-03T16:35:06.665384+00:00,2.0767,,2.0311,,MAS,2.245088868101044,
standardized,uob,PKR,SGD,PKR/SGD,100,Indicative board,board,"SGD 200 – 39,999.99",std_200_40k,forex_sgd,03 September 2026 05:43:02 PM,03 September 2026 05:43:02 PM,2026-09-03T16:35:06.665384+00:00,0.4644,,,,,,
standardized,uob,PKR,SGD,PKR/SGD,100,Indicative board,board,"SGD 40,000 – 100,000",std_40k_100k,forex_sgd,03 September 2026 05:43:02 PM,03 September 2026 05:43:02 PM,2026-09-03T16:35:06.665384+00:00,0.4644,,,,,,
standardized,uob,PKR,SGD,PKR/SGD,100,Indicative board,board,SGD 50 – 200,std_50_200,forex_sgd,03 September 2026 05:43:02 PM,03 September 2026 05:43:02 PM,2026-09-03T16:35:06.665384+00:00,0.4644,,,,,,
standardized,uob,PKR,SGD,PKR/SGD,100,Indicative board,board,SGD < 50,std_lt_50,forex_sgd,03 September 2026 05:43:02 PM,03 September 2026 05:43:02 PM,2026-09-03T16:35:06.665384+00:00,0.4644,,,,,,
standardized,uob,SAR,SGD,SAR/SGD,100,Indicative board,board,"SGD 200 – 39,999.99",std_200_40k,forex_sgd,03 September 2026 05:43:02 PM,03 September 2026 05:43:02 PM,2026-09-03T16:35:06.665384+00:00,,,33.82,,MAS,,
standardized,uob,SAR,SGD,SAR/SGD,100,Indicative board,board,"SGD 40,000 – 100,000",std_40k_100k,forex_sgd,03 September 2026 05:43:02 PM,03 September 2026 05:43:02 PM,2026-09-03T16:35:06.665384+00:00,,,33.82,,MAS,,
standardized,uob,SAR,SGD,SAR/SGD,100,Indicative board,board,SGD 50 – 200,std_50_200,forex_sgd,03 September 2026 05:43:02 PM,03 September 2026 05:43:02 PM,2026-09-03T16:35:06.665384+00:00,,,33.82,,MAS,,
standardized,uob,SAR,SGD,SAR/SGD,100,Indicative board,board,SGD < 50,std_lt_50,forex_sgd,03 September 2026 05:43:02 PM,03 September 2026 05:43:02 PM,2026-09-03T16:35:06.665384+00:00,,,33.82,,MAS,,
standardized,uob,SEK,SGD,SEK/SGD,100,Indicative board,board,"SGD 200 – 39,999.99",std_200_40k,forex_sgd,03 September 2026 05:43:02 PM,03 September 2026 05:43:02 PM,2026-09-03T16:35:06.665384+00:00,13.46,12.98,,13.22,,,
standardized,uob,SEK,SGD,SEK/SGD,100,Indicative board,board,"SGD 40,000 – 100,000",std_40k_100k,forex_sgd,03 September 2026 05:43:02 PM,03 September 2026 05:43:02 PM,2026-09-03T16:35:06.665384+00:00,13.46,12.98,,13.22,,,
standardized,uob,SEK,SGD,SEK/SGD,100,Indicative board,board,SGD 50 – 200,std_50_200,forex_sgd,03 September 2026 05:43:02 PM,03 September 2026 05:43:02 PM,2026-09-03T16:35:06.665384+00:00,13.46,12.98,,13.22,,,
standardized,uob,SEK,SGD,SEK/SGD,100,Indicative board,board,SGD < 50,std_lt_50,forex_sgd,03 September 2026 05:43:02 PM,03 September 2026 05:43:02 PM,2026-09-03T16:35:06.665384+00:00,13.46,12.98,,13.22,,,
standardized,uob,THB,SGD,THB/SGD,100,Indicative board,board,"SGD 200 – 39,999.99",std_200_40k,forex_sgd,03 September 2026 05:43:02 PM,03 September 2026 05:43:02 PM,2026-09-03T16:35:06.665384+00:00,3.95,3.75,3.8473,3.85,MAS,2.669404517453799,2.5290463441894357
standardized,uob,THB,SGD,THB/SGD,100,Indicative board,board,"SGD 40,000 – 100,000",std_40k_100k,forex_sgd,03 September 2026 05:43:02 PM,03 September 2026 05:43:02 PM,2026-09-03T16:35:06.665384+00:00,3.95,3.75,3.8473,3.85,MAS,2.669404517453799,2.5290463441894357
standardized,uob,THB,SGD,THB/SGD,100,Indicative board,board,SGD 50 – 200,std_50_200,forex_sgd,03 September 2026 05:43:02 PM,03 September 2026 05:43:02 PM,2026-09-03T16:35:06.665384+00:00,3.95,3.75,3.8473,3.85,MAS,2.669404517453799,2.5290463441894357
standardized,uob,THB,SGD,THB/SGD,100,Indicative board,board,SGD < 50,std_lt_50,forex_sgd,03 September 2026 05:43:02 PM,03 September 2026 05:43:02 PM,2026-09-03T16:35:06.665384+00:00,3.95,3.75,3.8473,3.85,MAS,2.669404517453799,2.5290463441894357
standardized,uob,TWD,SGD,TWD/SGD,100,Indicative board,board,"SGD 200 – 39,999.99",std_200_40k,forex_sgd,03 September 2026 05:43:02 PM,03 September 2026 05:43:02 PM,2026-09-03T16:35:06.665384+00:00,4.0852,,4.0044,,MAS,2.0177804415143337,
standardized,uob,TWD,SGD,TWD/SGD,100,Indicative board,board,"SGD 40,000 – 100,000",std_40k_100k,forex_sgd,03 September 2026 05:43:02 PM,03 September 2026 05:43:02 PM,2026-09-03T16:35:06.665384+00:00,4.0852,,4.0044,,MAS,2.0177804415143337,
standardized,uob,TWD,SGD,TWD/SGD,100,Indicative board,board,SGD 50 – 200,std_50_200,forex_sgd,03 September 2026 05:43:02 PM,03 September 2026 05:43:02 PM,2026-09-03T16:35:06.665384+00:00,4.0852,,4.0044,,MAS,2.0177804415143337,
standardized,uob,TWD,SGD,TWD/SGD,100,Indicative board,board,SGD < 50,std_lt_50,forex_sgd,03 September 2026 05:43:02 PM,03 September 2026 05:43:02 PM,2026-09-03T16:35:06.665384+00:00,4.0852,,4.0044,,MAS,2.0177804415143337,
standardized,uob,USD,SGD,USD/SGD,1,Indicative board,board,"SGD 200 – 39,999.99",std_200_40k,forex_sgd,03 September 2026 05:43:02 PM,03 September 2026 05:43:02 PM,2026-09-03T16:35:06.665384+00:00,1.2808,1.2568,1.2698,1.2688,MAS,0.8662781540399983,1.0237832729563807
standardized,uob,USD,SGD,USD/SGD,1,Indicative board,board,"SGD 40,000 – 100,000",std_40k_100k,forex_sgd,03 September 2026 05:43:02 PM,03 September 2026 05:43:02 PM,2026-09-03T16:35:06.665384+00:00,1.2808,1.2568,1.2698,1.2688,MAS,0.8662781540399983,1.0237832729563807
standardized,uob,USD,SGD,USD/SGD,1,Indicative board,board,SGD 50 – 200,std_50_200,forex_sgd,03 September 2026 05:43:02 PM,03 September 2026 05:43:02 PM,2026-09-03T16:35:06.665384+00:00,1.2808,1.2568,1.2698,1.2688,MAS,0.8662781540399983,1.0237832729563807
standardized,uob,USD,SGD,USD/SGD,1,Indicative board,board,SGD < 50,std_lt_50,forex_sgd,03 September 2026 05:43:02 PM,03 September 2026 05:43:02 PM,2026-09-03T16:35:06.665384+00:00,1.2808,1.2568,1.2698,1.2688,MAS,0.8662781540399983,1.0237832729563807
standardized,uob,VND,SGD,VND/SGD,1000,Indicative board,board,"SGD 200 – 39,999.99",std_200_40k,forex_sgd,03 September 2026 05:43:02 PM,03 September 2026 05:43:02 PM,2026-09-03T16:35:06.665384+00:00,0.0499,,0.04864,,MAS,2.5904605263157836,
standardized,uob,VND,SGD,VND/SGD,1000,Indicative board,board,"SGD 40,000 – 100,000",std_40k_100k,forex_sgd,03 September 2026 05:43:02 PM,03 September 2026 05:43:02 PM,2026-09-03T16:35:06.665384+00:00,0.0499,,0.04864,,MAS,2.5904605263157836,
standardized,uob,VND,SGD,VND/SGD,1000,Indicative board,board,SGD 50 – 200,std_50_200,forex_sgd,03 September 2026 05:43:02 PM,03 September 2026 05:43:02 PM,2026-09-03T16:35:06.665384+00:00,0.0499,,0.04864,,MAS,2.5904605263157836,
standardized,uob,VND,SGD,VND/SGD,1000,Indicative board,board,SGD < 50,std_lt_50,forex_sgd,03 September 2026 05:43:02 PM,03 September 2026 05:43:02 PM,2026-09-03T16:35:06.665384+00:00,0.0499,,0.04864,,MAS,2.5904605263157836,
standardized,uob,XAF,SGD,XAF/SGD,100,Indicative board,board,"SGD 200 – 39,999.99",std_200_40k,forex_sgd,03 September 2026 05:43:02 PM,03 September 2026 05:43:02 PM,2026-09-03T16:35:06.665384+00:00,0.2305,,,,,,
standardized,uob,XAF,SGD,XAF/SGD,100,Indicative board,board,"SGD 40,000 – 100,000",std_40k_100k,forex_sgd,03 September 2026 05:43:02 PM,03 September 2026 05:43:02 PM,2026-09-03T16:35:06.665384+00:00,0.2305,,,,,,
standardized,uob,XAF,SGD,XAF/SGD,100,Indicative board,board,SGD 50 – 200,std_50_200,forex_sgd,03 September 2026 05:43:02 PM,03 September 2026 05:43:02 PM,2026-09-03T16:35:06.665384+00:00,0.2305,,,,,,
standardized,uob,XAF,SGD,XAF/SGD,100,Indicative board,board,SGD < 50,std_lt_50,forex_sgd,03 September 2026 05:43:02 PM,03 September 2026 05:43:02 PM,2026-09-03T16:35:06.665384+00:00,0.2305,,,,,,
standardized,uob,XOF,SGD,XOF/SGD,100,Indicative board,board,"SGD 200 – 39,999.99",std_200_40k,forex_sgd,03 September 2026 05:43:02 PM,03 September 2026 05:43:02 PM,2026-09-03T16:35:06.665384+00:00,0.2317,,,,,,
standardized,uob,XOF,SGD,XOF/SGD,100,Indicative board,board,"SGD 40,000 – 100,000",std_40k_100k,forex_sgd,03 September 2026 05:43:02 PM,03 September 2026 05:43:02 PM,2026-09-03T16:35:06.665384+00:00,0.2317,,,,,,
standardized,uob,XOF,SGD,XOF/SGD,100,Indicative board,board,SGD 50 – 200,std_50_200,forex_sgd,03 September 2026 05:43:02 PM,03 September 2026 05:43:02 PM,2026-09-03T16:35:06.665384+00:00,0.2317,,,,,,
standardized,uob,XOF,SGD,XOF/SGD,100,Indicative board,board,SGD < 50,std_lt_50,forex_sgd,03 September 2026 05:43:02 PM,03 September 2026 05:43:02 PM,2026-09-03T16:35:06.665384+00:00,0.2317,,,,,,
standardized,uob,ZAR,SGD,ZAR/SGD,1,Indicative board,board,"SGD 200 – 39,999.99",std_200_40k,forex_sgd,03 September 2026 05:43:02 PM,03 September 2026 05:43:02 PM,2026-09-03T16:35:06.665384+00:00,0.081,0.077,,0.079,,,
standardized,uob,ZAR,SGD,ZAR/SGD,1,Indicative board,board,"SGD 40,000 – 100,000",std_40k_100k,forex_sgd,03 September 2026 05:43:02 PM,03 September 2026 05:43:02 PM,2026-09-03T16:35:06.665384+00:00,0.081,0.077,,0.079,,,
standardized,uob,ZAR,SGD,ZAR/SGD,1,Indicative board,board,SGD 50 – 200,std_50_200,forex_sgd,03 September 2026 05:43:02 PM,03 September 2026 05:43:02 PM,2026-09-03T16:35:06.665384+00:00,0.081,0.077,,0.079,,,
standardized,uob,ZAR,SGD,ZAR/SGD,1,Indicative board,board,SGD < 50,std_lt_50,forex_sgd,03 September 2026 05:43:02 PM,03 September 2026 05:43:02 PM,2026-09-03T16:35:06.665384+00:00,0.081,0.077,,0.079,,,
