record_type,bank,base_currency,quote_currency,currency_pair,unit,transaction_value,amount_tier,std_transaction_value,std_amount_tier,group,effective_date,last_updated,scraped_at,tt_od_sell,tt_buy,mid_rate,sell_margin_pct,buy_margin_pct
native,dbs,AED,SGD,AED/SGD,1,SGD 50 – 200,amtBtw50And200,,,mainCurrencies,2026-09-03 00:30:11,2026-09-02 16:30:25,2026-09-02T16:43:48.511722+00:00,0.3485,0.3438,0.34614999999999996,0.6788964321825853,0.6788964321825692
native,dbs,AED,SGD,AED/SGD,1,SGD < 50,amtLessThan50,,,mainCurrencies,2026-09-03 00:30:11,2026-09-02 16:30:25,2026-09-02T16:43:48.511722+00:00,0.3513,0.341,0.34615,1.48779430882565,1.48779430882565
native,dbs,AUD,SGD,AUD/SGD,1,SGD 50 – 200,amtBtw50And200,,,mainCurrencies,2026-09-03 00:30:11,2026-09-02 16:30:25,2026-09-02T16:43:48.511722+00:00,0.9213,0.9011,0.9112,1.1084284460052674,1.1084284460052674
native,dbs,AUD,SGD,AUD/SGD,1,SGD < 50,amtLessThan50,,,mainCurrencies,2026-09-03 00:30:11,2026-09-02 16:30:25,2026-09-02T16:43:48.511722+00:00,0.9217,0.9007,0.9112,1.152326602282699,1.1523266022827112
native,dbs,BDT,SGD,BDT/SGD,100,SGD 50 – 200,amtBtw50And200,,,otherCurrencies,2026-09-03 00:30:11,2026-09-02 16:30:25,2026-09-02T16:43:48.511722+00:00,1.0517,,,,
native,dbs,BDT,SGD,BDT/SGD,100,SGD < 50,amtLessThan50,,,otherCurrencies,2026-09-03 00:30:11,2026-09-02 16:30:25,2026-09-02T16:43:48.511722+00:00,1.0517,,,,
native,dbs,BHD,SGD,BHD/SGD,1,SGD 50 – 200,amtBtw50And200,,,otherCurrencies,2026-09-03 00:30:11,2026-09-02 16:30:25,2026-09-02T16:43:48.511722+00:00,3.4353,,,,
native,dbs,BHD,SGD,BHD/SGD,1,SGD < 50,amtLessThan50,,,otherCurrencies,2026-09-03 00:30:11,2026-09-02 16:30:25,2026-09-02T16:43:48.511722+00:00,3.4488,,,,
native,dbs,BND,SGD,BND/SGD,1,SGD 50 – 200,amtBtw50And200,,,otherCurrencies,2026-09-03 00:30:11,2026-09-02 16:30:25,2026-09-02T16:43:48.511722+00:00,1.0,1.0,1.0,0.0,0.0
native,dbs,BND,SGD,BND/SGD,1,SGD < 50,amtLessThan50,,,otherCurrencies,2026-09-03 00:30:11,2026-09-02 16:30:25,2026-09-02T16:43:48.511722+00:00,1.0,1.0,1.0,0.0,0.0
native,dbs,CAD,SGD,CAD/SGD,1,SGD 50 – 200,amtBtw50And200,,,mainCurrencies,2026-09-03 00:30:11,2026-09-02 16:30:25,2026-09-02T16:43:48.511722+00:00,0.9248,0.9109,0.91785,0.7572043362205045,0.7572043362205165
native,dbs,CAD,SGD,CAD/SGD,1,SGD < 50,amtLessThan50,,,mainCurrencies,2026-09-03 00:30:11,2026-09-02 16:30:25,2026-09-02T16:43:48.511722+00:00,0.928,0.9077,0.91785,1.1058451816745647,1.1058451816745767
native,dbs,CHF,SGD,CHF/SGD,1,SGD 50 – 200,amtBtw50And200,,,mainCurrencies,2026-09-03 00:30:11,2026-09-02 16:30:25,2026-09-02T16:43:48.511722+00:00,1.5779,1.548,1.56295,0.956524520937971,0.956524520937971
native,dbs,CHF,SGD,CHF/SGD,1,SGD < 50,amtLessThan50,,,mainCurrencies,2026-09-03 00:30:11,2026-09-02 16:30:25,2026-09-02T16:43:48.511722+00:00,1.5787,1.5473,1.563,1.0044785668586083,1.0044785668586083
native,dbs,CNH,SGD,CNH/SGD,1,SGD 50 – 200,amtBtw50And200,,,mainCurrencies,2026-09-03 00:30:11,2026-09-02 16:30:25,2026-09-02T16:43:48.511722+00:00,0.1914,0.187,0.18919999999999998,1.1627906976744227,1.162790697674408
native,dbs,CNH,SGD,CNH/SGD,1,SGD < 50,amtLessThan50,,,mainCurrencies,2026-09-03 00:30:11,2026-09-02 16:30:25,2026-09-02T16:43:48.511722+00:00,0.192,0.1863,0.18914999999999998,1.5067406819984241,1.5067406819984095
native,dbs,CNY,SGD,CNY/SGD,1,SGD 50 – 200,amtBtw50And200,,,otherCurrencies,2026-09-03 00:30:11,2026-09-02 16:30:25,2026-09-02T16:43:48.511722+00:00,0.1892,,,,
native,dbs,CNY,SGD,CNY/SGD,1,SGD < 50,amtLessThan50,,,otherCurrencies,2026-09-03 00:30:11,2026-09-02 16:30:25,2026-09-02T16:43:48.511722+00:00,0.1909,,,,
native,dbs,DKK,SGD,DKK/SGD,1,SGD 50 – 200,amtBtw50And200,,,mainCurrencies,2026-09-03 00:30:11,2026-09-02 16:30:25,2026-09-02T16:43:48.511722+00:00,0.1998,0.1943,0.19705,1.3955848769347894,1.3955848769347894
native,dbs,DKK,SGD,DKK/SGD,1,SGD < 50,amtLessThan50,,,mainCurrencies,2026-09-03 00:30:11,2026-09-02 16:30:25,2026-09-02T16:43:48.511722+00:00,0.2001,0.194,0.19705,1.5478304998731272,1.5478304998731272
native,dbs,EUR,SGD,EUR/SGD,1,SGD 50 – 200,amtBtw50And200,,,mainCurrencies,2026-09-03 00:30:11,2026-09-02 16:30:25,2026-09-02T16:43:48.511722+00:00,1.4859,1.4607,1.4733,0.8552229688454451,0.8552229688454451
native,dbs,EUR,SGD,EUR/SGD,1,SGD < 50,amtLessThan50,,,mainCurrencies,2026-09-03 00:30:11,2026-09-02 16:30:25,2026-09-02T16:43:48.511722+00:00,1.4866,1.46,1.4733,0.9027353560035204,0.9027353560035355
native,dbs,GBP,SGD,GBP/SGD,1,SGD 50 – 200,amtBtw50And200,,,mainCurrencies,2026-09-03 00:30:11,2026-09-02 16:30:25,2026-09-02T16:43:48.511722+00:00,1.7289,1.703,1.71595,0.7546839942888789,0.7546839942888789
native,dbs,GBP,SGD,GBP/SGD,1,SGD < 50,amtLessThan50,,,mainCurrencies,2026-09-03 00:30:11,2026-09-02 16:30:25,2026-09-02T16:43:48.511722+00:00,1.7306,1.7013,1.7159499999999999,0.8537544800256449,0.8537544800256319
native,dbs,HKD,SGD,HKD/SGD,1,SGD 50 – 200,amtBtw50And200,,,mainCurrencies,2026-09-03 00:30:11,2026-09-02 16:30:25,2026-09-02T16:43:48.511722+00:00,0.1637,0.1604,0.16205,1.0182042579450865,1.0182042579450865
native,dbs,HKD,SGD,HKD/SGD,1,SGD < 50,amtLessThan50,,,mainCurrencies,2026-09-03 00:30:11,2026-09-02 16:30:25,2026-09-02T16:43:48.511722+00:00,0.1639,0.1603,0.1621,1.1104256631708798,1.1104256631708798
native,dbs,HUF,SGD,HUF/SGD,100,SGD 50 – 200,amtBtw50And200,,,otherCurrencies,2026-09-03 00:30:11,2026-09-02 16:30:25,2026-09-02T16:43:48.511722+00:00,0.4069,,,,
native,dbs,HUF,SGD,HUF/SGD,100,SGD < 50,amtLessThan50,,,otherCurrencies,2026-09-03 00:30:11,2026-09-02 16:30:25,2026-09-02T16:43:48.511722+00:00,0.4085,,,,
native,dbs,ID0,SGD,ID0/SGD,100,SGD 50 – 200,amtBtw50And200,,,otherCurrencies,2026-09-03 00:30:11,2026-09-02 16:30:25,2026-09-02T16:43:48.511722+00:00,,,,,
native,dbs,ID0,SGD,ID0/SGD,100,SGD < 50,amtLessThan50,,,otherCurrencies,2026-09-03 00:30:11,2026-09-02 16:30:25,2026-09-02T16:43:48.511722+00:00,,0.0071,,,
native,dbs,IDR,SGD,IDR/SGD,100,SGD 50 – 200,amtBtw50And200,,,mainCurrencies,2026-09-03 00:30:11,2026-09-02 16:30:25,2026-09-02T16:43:48.511722+00:00,0.0073,,,,
native,dbs,IDR,SGD,IDR/SGD,100,SGD < 50,amtLessThan50,,,mainCurrencies,2026-09-03 00:30:11,2026-09-02 16:30:25,2026-09-02T16:43:48.511722+00:00,0.0073,,,,
native,dbs,IN0,SGD,IN0/SGD,100,SGD 50 – 200,amtBtw50And200,,,otherCurrencies,2026-09-03 00:30:11,2026-09-02 16:30:25,2026-09-02T16:43:48.511722+00:00,,1.3393,,,
native,dbs,IN0,SGD,IN0/SGD,100,SGD < 50,amtLessThan50,,,otherCurrencies,2026-09-03 00:30:11,2026-09-02 16:30:25,2026-09-02T16:43:48.511722+00:00,,1.3393,,,
native,dbs,INR,SGD,INR/SGD,100,SGD 50 – 200,amtBtw50And200,,,otherCurrencies,2026-09-03 00:30:11,2026-09-02 16:30:25,2026-09-02T16:43:48.511722+00:00,1.3534,,,,
native,dbs,INR,SGD,INR/SGD,100,SGD < 50,amtLessThan50,,,otherCurrencies,2026-09-03 00:30:11,2026-09-02 16:30:25,2026-09-02T16:43:48.511722+00:00,1.3642,,,,
native,dbs,JPY,SGD,JPY/SGD,100,SGD 50 – 200,amtBtw50And200,,,mainCurrencies,2026-09-03 00:30:11,2026-09-02 16:30:25,2026-09-02T16:43:48.511722+00:00,0.8082,0.7921,0.80015,1.006061363494345,1.006061363494345
native,dbs,JPY,SGD,JPY/SGD,100,SGD < 50,amtLessThan50,,,mainCurrencies,2026-09-03 00:30:11,2026-09-02 16:30:25,2026-09-02T16:43:48.511722+00:00,0.809,0.7913,0.80015,1.1060426170093138,1.1060426170093138
native,dbs,KRW,SGD,KRW/SGD,100,SGD 50 – 200,amtBtw50And200,,,otherCurrencies,2026-09-03 00:30:11,2026-09-02 16:30:25,2026-09-02T16:43:48.511722+00:00,0.0948,,,,
native,dbs,KRW,SGD,KRW/SGD,100,SGD < 50,amtLessThan50,,,otherCurrencies,2026-09-03 00:30:11,2026-09-02 16:30:25,2026-09-02T16:43:48.511722+00:00,0.0948,,,,
native,dbs,KWD,SGD,KWD/SGD,100,SGD 50 – 200,amtBtw50And200,,,otherCurrencies,2026-09-03 00:30:11,2026-09-02 16:30:25,2026-09-02T16:43:48.511722+00:00,421.4702,,,,
native,dbs,KWD,SGD,KWD/SGD,100,SGD < 50,amtLessThan50,,,otherCurrencies,2026-09-03 00:30:11,2026-09-02 16:30:25,2026-09-02T16:43:48.511722+00:00,423.1321,,,,
native,dbs,LKR,SGD,LKR/SGD,100,SGD 50 – 200,amtBtw50And200,,,otherCurrencies,2026-09-03 00:30:11,2026-09-02 16:30:25,2026-09-02T16:43:48.511722+00:00,0.3948,,,,
native,dbs,LKR,SGD,LKR/SGD,100,SGD < 50,amtLessThan50,,,otherCurrencies,2026-09-03 00:30:11,2026-09-02 16:30:25,2026-09-02T16:43:48.511722+00:00,0.3948,,,,
native,dbs,MM1,SGD,MM1/SGD,100,SGD 50 – 200,amtBtw50And200,,,otherCurrencies,2026-09-03 00:30:11,2026-09-02 16:30:25,2026-09-02T16:43:48.511722+00:00,,,,,
native,dbs,MM1,SGD,MM1/SGD,100,SGD < 50,amtLessThan50,,,otherCurrencies,2026-09-03 00:30:11,2026-09-02 16:30:25,2026-09-02T16:43:48.511722+00:00,,,,,
native,dbs,MMK,SGD,MMK/SGD,100,SGD 50 – 200,amtBtw50And200,,,otherCurrencies,2026-09-03 00:30:11,2026-09-02 16:30:25,2026-09-02T16:43:48.511722+00:00,0.0323,,,,
native,dbs,MMK,SGD,MMK/SGD,100,SGD < 50,amtLessThan50,,,otherCurrencies,2026-09-03 00:30:11,2026-09-02 16:30:25,2026-09-02T16:43:48.511722+00:00,0.0323,,,,
native,dbs,MUR,SGD,MUR/SGD,100,SGD 50 – 200,amtBtw50And200,,,otherCurrencies,2026-09-03 00:30:11,2026-09-02 16:30:25,2026-09-02T16:43:48.511722+00:00,2.7085,,,,
native,dbs,MUR,SGD,MUR/SGD,100,SGD < 50,amtLessThan50,,,otherCurrencies,2026-09-03 00:30:11,2026-09-02 16:30:25,2026-09-02T16:43:48.511722+00:00,2.7192,,,,
native,dbs,MXN,SGD,MXN/SGD,100,SGD 50 – 200,amtBtw50And200,,,mainCurrencies,2026-09-03 00:30:11,2026-09-02 16:30:25,2026-09-02T16:43:48.511722+00:00,7.5934,,,,
native,dbs,MXN,SGD,MXN/SGD,100,SGD < 50,amtLessThan50,,,mainCurrencies,2026-09-03 00:30:11,2026-09-02 16:30:25,2026-09-02T16:43:48.511722+00:00,7.5935,,,,
native,dbs,MY0,SGD,MY0/SGD,1,SGD 50 – 200,amtBtw50And200,,,otherCurrencies,2026-09-03 00:30:11,2026-09-02 16:30:25,2026-09-02T16:43:48.511722+00:00,,0.3137,,,
native,dbs,MY0,SGD,MY0/SGD,1,SGD < 50,amtLessThan50,,,otherCurrencies,2026-09-03 00:30:11,2026-09-02 16:30:25,2026-09-02T16:43:48.511722+00:00,,0.3137,,,
native,dbs,MYR,SGD,MYR/SGD,1,SGD 50 – 200,amtBtw50And200,,,otherCurrencies,2026-09-03 00:30:11,2026-09-02 16:30:25,2026-09-02T16:43:48.511722+00:00,0.3177,,,,
native,dbs,MYR,SGD,MYR/SGD,1,SGD < 50,amtLessThan50,,,otherCurrencies,2026-09-03 00:30:11,2026-09-02 16:30:25,2026-09-02T16:43:48.511722+00:00,0.3177,,,,
native,dbs,NOK,SGD,NOK/SGD,1,SGD 50 – 200,amtBtw50And200,,,mainCurrencies,2026-09-03 00:30:11,2026-09-02 16:30:25,2026-09-02T16:43:48.511722+00:00,0.1384,0.1345,0.13645000000000002,1.429094906559164,1.4290949065591843
native,dbs,NOK,SGD,NOK/SGD,1,SGD < 50,amtLessThan50,,,mainCurrencies,2026-09-03 00:30:11,2026-09-02 16:30:25,2026-09-02T16:43:48.511722+00:00,0.1388,0.1342,0.1365,1.684981684981682,1.684981684981682
native,dbs,NZD,SGD,NZD/SGD,1,SGD 50 – 200,amtBtw50And200,,,mainCurrencies,2026-09-03 00:30:11,2026-09-02 16:30:25,2026-09-02T16:43:48.511722+00:00,0.7515,0.7343,0.7428999999999999,1.1576255216045301,1.157625521604515
native,dbs,NZD,SGD,NZD/SGD,1,SGD < 50,amtLessThan50,,,mainCurrencies,2026-09-03 00:30:11,2026-09-02 16:30:25,2026-09-02T16:43:48.511722+00:00,0.7522,0.7335,0.74285,1.2586659487110412,1.2586659487110412
native,dbs,OMR,SGD,OMR/SGD,1,SGD 50 – 200,amtBtw50And200,,,otherCurrencies,2026-09-03 00:30:11,2026-09-02 16:30:25,2026-09-02T16:43:48.511722+00:00,3.3272,,,,
native,dbs,OMR,SGD,OMR/SGD,1,SGD < 50,amtLessThan50,,,otherCurrencies,2026-09-03 00:30:11,2026-09-02 16:30:25,2026-09-02T16:43:48.511722+00:00,3.3272,,,,
native,dbs,PH0,SGD,PH0/SGD,100,SGD 50 – 200,amtBtw50And200,,,otherCurrencies,2026-09-03 00:30:11,2026-09-02 16:30:25,2026-09-02T16:43:48.511722+00:00,,2.0258,,,
native,dbs,PH0,SGD,PH0/SGD,100,SGD < 50,amtLessThan50,,,otherCurrencies,2026-09-03 00:30:11,2026-09-02 16:30:25,2026-09-02T16:43:48.511722+00:00,,2.0258,,,
native,dbs,PHP,SGD,PHP/SGD,100,SGD 50 – 200,amtBtw50And200,,,otherCurrencies,2026-09-03 00:30:11,2026-09-02 16:30:25,2026-09-02T16:43:48.511722+00:00,2.053,,,,
native,dbs,PHP,SGD,PHP/SGD,100,SGD < 50,amtLessThan50,,,otherCurrencies,2026-09-03 00:30:11,2026-09-02 16:30:25,2026-09-02T16:43:48.511722+00:00,2.0684,,,,
native,dbs,PLN,SGD,PLN/SGD,1,SGD 50 – 200,amtBtw50And200,,,otherCurrencies,2026-09-03 00:30:11,2026-09-02 16:30:25,2026-09-02T16:43:48.511722+00:00,0.346,,,,
native,dbs,PLN,SGD,PLN/SGD,1,SGD < 50,amtLessThan50,,,otherCurrencies,2026-09-03 00:30:11,2026-09-02 16:30:25,2026-09-02T16:43:48.511722+00:00,0.3473,,,,
native,dbs,QAR,SGD,QAR/SGD,1,SGD 50 – 200,amtBtw50And200,,,otherCurrencies,2026-09-03 00:30:11,2026-09-02 16:30:25,2026-09-02T16:43:48.511722+00:00,0.3565,,,,
native,dbs,QAR,SGD,QAR/SGD,1,SGD < 50,amtLessThan50,,,otherCurrencies,2026-09-03 00:30:11,2026-09-02 16:30:25,2026-09-02T16:43:48.511722+00:00,0.3579,,,,
native,dbs,RUB,SGD,RUB/SGD,100,SGD 50 – 200,amtBtw50And200,,,mainCurrencies,2026-09-03 00:30:11,2026-09-02 16:30:25,2026-09-02T16:43:48.511722+00:00,,,,,
native,dbs,RUB,SGD,RUB/SGD,100,SGD < 50,amtLessThan50,,,mainCurrencies,2026-09-03 00:30:11,2026-09-02 16:30:25,2026-09-02T16:43:48.511722+00:00,,,,,
native,dbs,SAR,SGD,SAR/SGD,100,SGD 50 – 200,amtBtw50And200,,,otherCurrencies,2026-09-03 00:30:11,2026-09-02 16:30:25,2026-09-02T16:43:48.511722+00:00,34.2819,,,,
native,dbs,SAR,SGD,SAR/SGD,100,SGD < 50,amtLessThan50,,,otherCurrencies,2026-09-03 00:30:11,2026-09-02 16:30:25,2026-09-02T16:43:48.511722+00:00,34.2819,,,,
native,dbs,SEK,SGD,SEK/SGD,1,SGD 50 – 200,amtBtw50And200,,,mainCurrencies,2026-09-03 00:30:11,2026-09-02 16:30:25,2026-09-02T16:43:48.511722+00:00,0.1339,0.1302,0.13205,1.4009844755774257,1.4009844755774257
native,dbs,SEK,SGD,SEK/SGD,1,SGD < 50,amtLessThan50,,,mainCurrencies,2026-09-03 00:30:11,2026-09-02 16:30:25,2026-09-02T16:43:48.511722+00:00,0.1344,0.1297,0.13205,1.7796289284361917,1.7796289284361917
native,dbs,THB,SGD,THB/SGD,100,SGD 50 – 200,amtBtw50And200,,,mainCurrencies,2026-09-03 00:30:11,2026-09-02 16:30:25,2026-09-02T16:43:48.511722+00:00,3.8899,3.7735,3.8316999999999997,1.5189080564762445,1.5189080564762327
native,dbs,THB,SGD,THB/SGD,100,SGD < 50,amtLessThan50,,,mainCurrencies,2026-09-03 00:30:11,2026-09-02 16:30:25,2026-09-02T16:43:48.511722+00:00,3.8941,3.7692,3.83165,1.6298461498310157,1.6298461498310042
native,dbs,TND,SGD,TND/SGD,1,SGD 50 – 200,amtBtw50And200,,,otherCurrencies,2026-09-03 00:30:11,2026-09-02 16:30:25,2026-09-02T16:43:48.511722+00:00,0.4425,,,,
native,dbs,TND,SGD,TND/SGD,1,SGD < 50,amtLessThan50,,,otherCurrencies,2026-09-03 00:30:11,2026-09-02 16:30:25,2026-09-02T16:43:48.511722+00:00,0.4425,,,,
native,dbs,TWD,SGD,TWD/SGD,100,SGD 50 – 200,amtBtw50And200,,,otherCurrencies,2026-09-03 00:30:11,2026-09-02 16:30:25,2026-09-02T16:43:48.511722+00:00,4.0549,,,,
native,dbs,TWD,SGD,TWD/SGD,100,SGD < 50,amtLessThan50,,,otherCurrencies,2026-09-03 00:30:11,2026-09-02 16:30:25,2026-09-02T16:43:48.511722+00:00,4.0589,,,,
native,dbs,USD,SGD,USD/SGD,1,SGD 50 – 200,amtBtw50And200,,,mainCurrencies,2026-09-03 00:30:11,2026-09-02 16:30:25,2026-09-02T16:43:48.511722+00:00,1.282,1.2608,1.2713999999999999,0.8337266005977793,0.8337266005977619
native,dbs,USD,SGD,USD/SGD,1,SGD < 50,amtLessThan50,,,mainCurrencies,2026-09-03 00:30:11,2026-09-02 16:30:25,2026-09-02T16:43:48.511722+00:00,1.2829,1.2599,1.2713999999999999,0.904514708195695,0.9045147081956776
native,dbs,VND,SGD,VND/SGD,100,SGD 50 – 200,amtBtw50And200,,,otherCurrencies,2026-09-03 00:30:11,2026-09-02 16:30:25,2026-09-02T16:43:48.511722+00:00,0.005,,,,
native,dbs,VND,SGD,VND/SGD,100,SGD < 50,amtLessThan50,,,otherCurrencies,2026-09-03 00:30:11,2026-09-02 16:30:25,2026-09-02T16:43:48.511722+00:00,0.005,,,,
native,dbs,XAU,SGD,XAU/SGD,1,SGD 50 – 200,amtBtw50And200,,,otherCurrencies,2026-09-03 00:30:11,2026-09-02 16:30:25,2026-09-02T16:43:48.511722+00:00,5587.021,5519.578,5553.2995,0.6072335914891616,0.6072335914891616
native,dbs,XAU,SGD,XAU/SGD,1,SGD < 50,amtLessThan50,,,otherCurrencies,2026-09-03 00:30:11,2026-09-02 16:30:25,2026-09-02T16:43:48.511722+00:00,5586.945,5519.458,5553.201499999999,0.607640475498692,0.6076404754986757
native,dbs,ZAR,SGD,ZAR/SGD,1,SGD 50 – 200,amtBtw50And200,,,otherCurrencies,2026-09-03 00:30:11,2026-09-02 16:30:25,2026-09-02T16:43:48.511722+00:00,0.0801,0.0781,0.0791,1.2642225031605574,1.2642225031605574
native,dbs,ZAR,SGD,ZAR/SGD,1,SGD < 50,amtLessThan50,,,otherCurrencies,2026-09-03 00:30:11,2026-09-02 16:30:25,2026-09-02T16:43:48.511722+00:00,0.0804,0.0778,0.0791,1.6434892541087174,1.6434892541087351
native,hsbc,AED,SGD,AED/SGD,100,Indicative board,board,,,indicative_fx,2026-9-2,2026-9-2,2026-09-02T16:43:52.794602+00:00,35.81,33.55,34.68,3.258362168396778,3.258362168396778
native,hsbc,AUD,SGD,AUD/SGD,1,Indicative board,board,,,indicative_fx,2026-9-2,2026-9-2,2026-09-02T16:43:52.794602+00:00,0.937,0.8822,0.9096,3.0123131046614,3.012313104661388
native,hsbc,CAD,SGD,CAD/SGD,1,Indicative board,board,,,indicative_fx,2026-9-2,2026-9-2,2026-09-02T16:43:52.794602+00:00,0.944,0.8888,0.9164,3.011785246617193,3.011785246617193
native,hsbc,CHF,SGD,CHF/SGD,100,Indicative board,board,,,indicative_fx,2026-9-2,2026-9-2,2026-09-02T16:43:52.794602+00:00,161.52,152.06,156.79000000000002,3.0167740289559215,3.0167740289559397
native,hsbc,CNY,SGD,CNY/SGD,100,Indicative board,board,,,indicative_fx,2026-9-2,2026-9-2,2026-09-02T16:43:52.794602+00:00,19.56,18.33,18.945,3.246239113222478,3.246239113222497
native,hsbc,DKK,SGD,DKK/SGD,100,Indicative board,board,,,indicative_fx,2026-9-2,2026-9-2,2026-09-02T16:43:52.794602+00:00,20.34,19.15,19.744999999999997,3.013421119270714,3.013421119270696
native,hsbc,EUR,SGD,EUR/SGD,1,Indicative board,board,,,indicative_fx,2026-9-2,2026-9-2,2026-09-02T16:43:52.794602+00:00,1.5201,1.4313,1.4757,3.008741614149217,3.008741614149217
native,hsbc,FJD,SGD,FJD/SGD,1,Indicative board,board,,,indicative_fx,2026-9-2,2026-9-2,2026-09-02T16:43:52.794602+00:00,0.6044,,,,
native,hsbc,GBP,SGD,GBP/SGD,1,Indicative board,board,,,indicative_fx,2026-9-2,2026-9-2,2026-09-02T16:43:52.794602+00:00,1.7724,1.6687,1.72055,3.0135712417540876,3.0135712417540876
native,hsbc,HKD,SGD,HKD/SGD,100,Indicative board,board,,,indicative_fx,2026-9-2,2026-9-2,2026-09-02T16:43:52.794602+00:00,16.45,16.04,16.244999999999997,1.2619267466913011,1.2619267466912794
native,hsbc,IDR,SGD,IDR/SGD,100,Indicative board,board,,,indicative_fx,2026-9-2,2026-9-2,2026-09-02T16:43:52.794602+00:00,0.0074,,,,
native,hsbc,INR,SGD,INR/SGD,100,Indicative board,board,,,indicative_fx,2026-9-2,2026-9-2,2026-09-02T16:43:52.794602+00:00,1.39,,,,
native,hsbc,JPY,SGD,JPY/SGD,100,Indicative board,board,,,indicative_fx,2026-9-2,2026-9-2,2026-09-02T16:43:52.794602+00:00,0.819,0.7711,0.79505,3.012389157914586,3.0123891579146
native,hsbc,LKR,SGD,LKR/SGD,100,Indicative board,board,,,indicative_fx,2026-9-2,2026-9-2,2026-09-02T16:43:52.794602+00:00,0.4,,,,
native,hsbc,MUR,SGD,MUR/SGD,100,Indicative board,board,,,indicative_fx,2026-9-2,2026-9-2,2026-09-02T16:43:52.794602+00:00,2.8,2.61,2.705,3.512014787430675,3.512014787430691
native,hsbc,NOK,SGD,NOK/SGD,100,Indicative board,board,,,indicative_fx,2026-9-2,2026-9-2,2026-09-02T16:43:52.794602+00:00,14.06,13.24,13.65,3.003663003663005,3.003663003663005
native,hsbc,NZD,SGD,NZD/SGD,1,Indicative board,board,,,indicative_fx,2026-9-2,2026-9-2,2026-09-02T16:43:52.794602+00:00,0.7727,0.7275,0.7501,3.0129316091187928,3.012931609118778
native,hsbc,PHP,SGD,PHP/SGD,100,Indicative board,board,,,indicative_fx,2026-9-2,2026-9-2,2026-09-02T16:43:52.794602+00:00,2.11,,,,
native,hsbc,PKR,SGD,PKR/SGD,100,Indicative board,board,,,indicative_fx,2026-9-2,2026-9-2,2026-09-02T16:43:52.794602+00:00,0.47,,,,
native,hsbc,QAR,SGD,QAR/SGD,100,Indicative board,board,,,indicative_fx,2026-9-2,2026-9-2,2026-09-02T16:43:52.794602+00:00,35.37,34.49,34.93,1.2596621815058624,1.2596621815058624
native,hsbc,RUB,SGD,RUB/SGD,100,Indicative board,board,,,indicative_fx,2026-9-2,2026-9-2,2026-09-02T16:43:52.794602+00:00,15.5,13.87,14.684999999999999,5.549880830779717,5.5498808307797045
native,hsbc,SAR,SGD,SAR/SGD,100,Indicative board,board,,,indicative_fx,2026-9-2,2026-9-2,2026-09-02T16:43:52.794602+00:00,34.34,33.49,33.915000000000006,1.253132832080192,1.2531328320802129
native,hsbc,SEK,SGD,SEK/SGD,100,Indicative board,board,,,indicative_fx,2026-9-2,2026-9-2,2026-09-02T16:43:52.794602+00:00,13.64,12.83,13.235,3.0600680015111537,3.06006800151114
native,hsbc,THB,SGD,THB/SGD,100,Indicative board,board,,,indicative_fx,2026-9-2,2026-9-2,2026-09-02T16:43:52.794602+00:00,3.95,,,,
native,hsbc,TRY,SGD,TRY/SGD,1,Indicative board,board,,,indicative_fx,2026-9-2,2026-9-2,2026-09-02T16:43:52.794602+00:00,0.0272,,,,
native,hsbc,USD,SGD,USD/SGD,1,Indicative board,board,,,indicative_fx,2026-9-2,2026-9-2,2026-09-02T16:43:52.794602+00:00,1.2991,1.248,1.27355,2.0062031329747527,2.0062031329747527
native,hsbc,ZAR,SGD,ZAR/SGD,1,Indicative board,board,,,indicative_fx,2026-9-2,2026-9-2,2026-09-02T16:43:52.794602+00:00,0.0813,0.0762,0.07875,3.2380952380952337,3.2380952380952337
native,ocbc,AED,SGD,AED/SGD,100,"SGD 0 – 39,999.99",tier_1,,,fxRatesSgd,2026-09-02T07:00:12,2026-09-02T07:00:12,2026-09-02T16:43:50.119511+00:00,35.5803,33.5607,34.5705,2.92098754718618,2.9209875471862006
native,ocbc,AED,SGD,AED/SGD,100,"SGD 40,000 – 100,000",tier_2,,,fxRatesSgd,2026-09-02T07:00:12,2026-09-02T07:00:12,2026-09-02T16:43:50.119511+00:00,35.5698,33.5779,34.5705,2.8906148305636252,2.8712341447187715
native,ocbc,AUD,SGD,AUD/SGD,1,"SGD 0 – 39,999.99",tier_1,,,fxRatesSgd,2026-09-02T07:00:12,2026-09-02T07:00:12,2026-09-02T16:43:50.119511+00:00,0.925,0.8957,0.9104,1.6036906854130117,1.6146748681897996
native,ocbc,AUD,SGD,AUD/SGD,1,"SGD 40,000 – 100,000",tier_2,,,fxRatesSgd,2026-09-02T07:00:12,2026-09-02T07:00:12,2026-09-02T16:43:50.119511+00:00,0.9232,0.8975,0.9104,1.4059753954305836,1.4169595782073838
native,ocbc,BGN,SGD,BGN/SGD,100,"SGD 0 – 39,999.99",tier_1,,,fxRatesSgd,2026-09-02T07:00:12,2026-09-02T07:00:12,2026-09-02T16:43:50.119511+00:00,0.0,0.0,0.0,,
native,ocbc,BGN,SGD,BGN/SGD,100,"SGD 40,000 – 100,000",tier_2,,,fxRatesSgd,2026-09-02T07:00:12,2026-09-02T07:00:12,2026-09-02T16:43:50.119511+00:00,0.0,0.0,0.0,,
native,ocbc,BHD,SGD,BHD/SGD,1,"SGD 0 – 39,999.99",tier_1,,,fxRatesSgd,2026-09-02T07:00:12,2026-09-02T07:00:12,2026-09-02T16:43:50.119511+00:00,0.0,0.0,0.0,,
native,ocbc,BHD,SGD,BHD/SGD,1,"SGD 40,000 – 100,000",tier_2,,,fxRatesSgd,2026-09-02T07:00:12,2026-09-02T07:00:12,2026-09-02T16:43:50.119511+00:00,0.0,0.0,0.0,,
native,ocbc,CAD,SGD,CAD/SGD,1,"SGD 0 – 39,999.99",tier_1,,,fxRatesSgd,2026-09-02T07:00:12,2026-09-02T07:00:12,2026-09-02T16:43:50.119511+00:00,0.931,0.898,0.9145,1.8042646254784114,1.8042646254783992
native,ocbc,CAD,SGD,CAD/SGD,1,"SGD 40,000 – 100,000",tier_2,,,fxRatesSgd,2026-09-02T07:00:12,2026-09-02T07:00:12,2026-09-02T16:43:50.119511+00:00,0.9292,0.8998,0.9145,1.607435757244401,1.607435757244389
native,ocbc,CHF,SGD,CHF/SGD,100,"SGD 0 – 39,999.99",tier_1,,,fxRatesSgd,2026-09-02T07:00:12,2026-09-02T07:00:12,2026-09-02T16:43:50.119511+00:00,159.1256,153.466,156.2958,1.8105412941358483,1.8105412941358665
native,ocbc,CHF,SGD,CHF/SGD,100,"SGD 40,000 – 100,000",tier_2,,,fxRatesSgd,2026-09-02T07:00:12,2026-09-02T07:00:12,2026-09-02T16:43:50.119511+00:00,158.813,153.7785,156.2958,1.6105359197111975,1.610599900957035
native,ocbc,CNH,SGD,CNH/SGD,100,"SGD 0 – 39,999.99",tier_1,,,fxRatesSgd,2026-09-02T07:00:12,2026-09-02T07:00:12,2026-09-02T16:43:50.119511+00:00,19.2901,18.7186,19.0044,1.5033360695417826,1.5038622634758363
native,ocbc,CNH,SGD,CNH/SGD,100,"SGD 40,000 – 100,000",tier_2,,,fxRatesSgd,2026-09-02T07:00:12,2026-09-02T07:00:12,2026-09-02T16:43:50.119511+00:00,19.2711,18.7376,19.0044,1.4033592220748887,1.4038854160089238
native,ocbc,CZK,SGD,CZK/SGD,100,"SGD 0 – 39,999.99",tier_1,,,fxRatesSgd,2026-09-02T07:00:12,2026-09-02T07:00:12,2026-09-02T16:43:50.119511+00:00,0.0,0.0,0.0,,
native,ocbc,CZK,SGD,CZK/SGD,100,"SGD 40,000 – 100,000",tier_2,,,fxRatesSgd,2026-09-02T07:00:12,2026-09-02T07:00:12,2026-09-02T16:43:50.119511+00:00,0.0,0.0,0.0,,
native,ocbc,DKK,SGD,DKK/SGD,100,"SGD 0 – 39,999.99",tier_1,,,fxRatesSgd,2026-09-02T07:00:12,2026-09-02T07:00:12,2026-09-02T16:43:50.119511+00:00,20.079,19.366,19.7225,1.807580174927116,1.807580174927116
native,ocbc,DKK,SGD,DKK/SGD,100,"SGD 40,000 – 100,000",tier_2,,,fxRatesSgd,2026-09-02T07:00:12,2026-09-02T07:00:12,2026-09-02T16:43:50.119511+00:00,20.0396,19.4055,19.7225,1.607808340727595,1.6073013056154148
native,ocbc,EUR,SGD,EUR/SGD,1,"SGD 0 – 39,999.99",tier_1,,,fxRatesSgd,2026-09-02T07:00:12,2026-09-02T07:00:12,2026-09-02T16:43:50.119511+00:00,1.4908,1.4542,1.4725,1.2427843803056016,1.2427843803056016
native,ocbc,EUR,SGD,EUR/SGD,1,"SGD 40,000 – 100,000",tier_2,,,fxRatesSgd,2026-09-02T07:00:12,2026-09-02T07:00:12,2026-09-02T16:43:50.119511+00:00,1.489,1.4561,1.4725,1.1205432937181787,1.1137521222410847
native,ocbc,GBP,SGD,GBP/SGD,1,"SGD 0 – 39,999.99",tier_1,,,fxRatesSgd,2026-09-02T07:00:12,2026-09-02T07:00:12,2026-09-02T16:43:50.119511+00:00,1.7401,1.6939,1.717,1.3453698311007511,1.3453698311007642
native,ocbc,GBP,SGD,GBP/SGD,1,"SGD 40,000 – 100,000",tier_2,,,fxRatesSgd,2026-09-02T07:00:12,2026-09-02T07:00:12,2026-09-02T16:43:50.119511+00:00,1.7383,1.696,1.717,1.2405358182877038,1.2230634828188778
native,ocbc,HKD,SGD,HKD/SGD,100,"SGD 0 – 39,999.99",tier_1,,,fxRatesSgd,2026-09-02T07:00:12,2026-09-02T07:00:12,2026-09-02T16:43:50.119511+00:00,16.4519,16.0526,16.2523,1.2281338641299793,1.2287491616571191
native,ocbc,HKD,SGD,HKD/SGD,100,"SGD 40,000 – 100,000",tier_2,,,fxRatesSgd,2026-09-02T07:00:12,2026-09-02T07:00:12,2026-09-02T16:43:50.119511+00:00,16.4227,16.0623,16.2523,1.048466986211165,1.1690653015265609
native,ocbc,HUF,SGD,HUF/SGD,100,"SGD 0 – 39,999.99",tier_1,,,fxRatesSgd,2026-09-02T07:00:12,2026-09-02T07:00:12,2026-09-02T16:43:50.119511+00:00,0.0,0.0,0.0,,
native,ocbc,HUF,SGD,HUF/SGD,100,"SGD 40,000 – 100,000",tier_2,,,fxRatesSgd,2026-09-02T07:00:12,2026-09-02T07:00:12,2026-09-02T16:43:50.119511+00:00,0.0,0.0,0.0,,
native,ocbc,IDR,SGD,IDR/SGD,100,"SGD 0 – 39,999.99",tier_1,,,fxRatesSgd,2026-09-02T07:00:12,2026-09-02T07:00:12,2026-09-02T16:43:50.119511+00:00,0.0074,0.0,0.0074,0.0,100.0
native,ocbc,IDR,SGD,IDR/SGD,100,"SGD 40,000 – 100,000",tier_2,,,fxRatesSgd,2026-09-02T07:00:12,2026-09-02T07:00:12,2026-09-02T16:43:50.119511+00:00,0.0074,0.0,0.0074,0.0,100.0
native,ocbc,ILS,SGD,ILS/SGD,100,"SGD 0 – 39,999.99",tier_1,,,fxRatesSgd,2026-09-02T07:00:12,2026-09-02T07:00:12,2026-09-02T16:43:50.119511+00:00,0.0,0.0,0.0,,
native,ocbc,ILS,SGD,ILS/SGD,100,"SGD 40,000 – 100,000",tier_2,,,fxRatesSgd,2026-09-02T07:00:12,2026-09-02T07:00:12,2026-09-02T16:43:50.119511+00:00,0.0,0.0,0.0,,
native,ocbc,INR,SGD,INR/SGD,100,"SGD 0 – 39,999.99",tier_1,,,fxRatesSgd,2026-09-02T07:00:12,2026-09-02T07:00:12,2026-09-02T16:43:50.119511+00:00,1.3823,0.0,1.3823,0.0,100.0
native,ocbc,INR,SGD,INR/SGD,100,"SGD 40,000 – 100,000",tier_2,,,fxRatesSgd,2026-09-02T07:00:12,2026-09-02T07:00:12,2026-09-02T16:43:50.119511+00:00,1.3796,0.0,1.3823,-0.19532662953050325,100.0
native,ocbc,JOD,SGD,JOD/SGD,1,"SGD 0 – 39,999.99",tier_1,,,fxRatesSgd,2026-09-02T07:00:12,2026-09-02T07:00:12,2026-09-02T16:43:50.119511+00:00,0.0,0.0,0.0,,
native,ocbc,JOD,SGD,JOD/SGD,1,"SGD 40,000 – 100,000",tier_2,,,fxRatesSgd,2026-09-02T07:00:12,2026-09-02T07:00:12,2026-09-02T16:43:50.119511+00:00,0.0,0.0,0.0,,
native,ocbc,JPY,SGD,JPY/SGD,100,"SGD 0 – 39,999.99",tier_1,,,fxRatesSgd,2026-09-02T07:00:12,2026-09-02T07:00:12,2026-09-02T16:43:50.119511+00:00,0.8071,0.7873,0.7972,1.2418464626191696,1.2418464626191696
native,ocbc,JPY,SGD,JPY/SGD,100,"SGD 40,000 – 100,000",tier_2,,,fxRatesSgd,2026-09-02T07:00:12,2026-09-02T07:00:12,2026-09-02T16:43:50.119511+00:00,0.8063,0.7887,0.7972,1.1414952333166077,1.0662318113396967
native,ocbc,KRW,SGD,KRW/SGD,100,"SGD 0 – 39,999.99",tier_1,,,fxRatesSgd,2026-09-02T07:00:12,2026-09-02T07:00:12,2026-09-02T16:43:50.119511+00:00,0.0,0.0,0.0,,
native,ocbc,KRW,SGD,KRW/SGD,100,"SGD 40,000 – 100,000",tier_2,,,fxRatesSgd,2026-09-02T07:00:12,2026-09-02T07:00:12,2026-09-02T16:43:50.119511+00:00,0.0,0.0,0.0,,
native,ocbc,LKR,SGD,LKR/SGD,100,"SGD 0 – 39,999.99",tier_1,,,fxRatesSgd,2026-09-02T07:00:12,2026-09-02T07:00:12,2026-09-02T16:43:50.119511+00:00,0.4001,0.0,0.4001,0.0,100.0
native,ocbc,LKR,SGD,LKR/SGD,100,"SGD 40,000 – 100,000",tier_2,,,fxRatesSgd,2026-09-02T07:00:12,2026-09-02T07:00:12,2026-09-02T16:43:50.119511+00:00,0.3994,0.0,0.4001,-0.1749562609347748,100.0
native,ocbc,MAD,SGD,MAD/SGD,100,"SGD 0 – 39,999.99",tier_1,,,fxRatesSgd,2026-09-02T07:00:12,2026-09-02T07:00:12,2026-09-02T16:43:50.119511+00:00,0.0,0.0,0.0,,
native,ocbc,MAD,SGD,MAD/SGD,100,"SGD 40,000 – 100,000",tier_2,,,fxRatesSgd,2026-09-02T07:00:12,2026-09-02T07:00:12,2026-09-02T16:43:50.119511+00:00,0.0,0.0,0.0,,
native,ocbc,MXN,SGD,MXN/SGD,100,"SGD 0 – 39,999.99",tier_1,,,fxRatesSgd,2026-09-02T07:00:12,2026-09-02T07:00:12,2026-09-02T16:43:50.119511+00:00,7.7439,0.0,7.7439,0.0,100.0
native,ocbc,MXN,SGD,MXN/SGD,100,"SGD 40,000 – 100,000",tier_2,,,fxRatesSgd,2026-09-02T07:00:12,2026-09-02T07:00:12,2026-09-02T16:43:50.119511+00:00,7.7424,0.0,7.7439,-0.01937008484097234,100.0
native,ocbc,MYR,SGD,MYR/SGD,100,"SGD 0 – 39,999.99",tier_1,,,fxRatesSgd,2026-09-02T07:00:12,2026-09-02T07:00:12,2026-09-02T16:43:50.119511+00:00,0.0,0.0,0.0,,
native,ocbc,MYR,SGD,MYR/SGD,100,"SGD 40,000 – 100,000",tier_2,,,fxRatesSgd,2026-09-02T07:00:12,2026-09-02T07:00:12,2026-09-02T16:43:50.119511+00:00,0.0,0.0,0.0,,
native,ocbc,NOK,SGD,NOK/SGD,100,"SGD 0 – 39,999.99",tier_1,,,fxRatesSgd,2026-09-02T07:00:12,2026-09-02T07:00:12,2026-09-02T16:43:50.119511+00:00,13.8906,13.3964,13.6435,1.8111188478029807,1.8111188478029807
native,ocbc,NOK,SGD,NOK/SGD,100,"SGD 40,000 – 100,000",tier_2,,,fxRatesSgd,2026-09-02T07:00:12,2026-09-02T07:00:12,2026-09-02T16:43:50.119511+00:00,13.8633,13.4237,13.6435,1.611023564334673,1.6110235643346598
native,ocbc,NZD,SGD,NZD/SGD,1,"SGD 0 – 39,999.99",tier_1,,,fxRatesSgd,2026-09-02T07:00:12,2026-09-02T07:00:12,2026-09-02T16:43:50.119511+00:00,0.7564,0.7307,0.7436,1.7213555675094032,1.7348036578805837
native,ocbc,NZD,SGD,NZD/SGD,1,"SGD 40,000 – 100,000",tier_2,,,fxRatesSgd,2026-09-02T07:00:12,2026-09-02T07:00:12,2026-09-02T16:43:50.119511+00:00,0.7546,0.7329,0.7436,1.4792899408284037,1.4389456697149061
native,ocbc,OMR,SGD,OMR/SGD,1,"SGD 0 – 39,999.99",tier_1,,,fxRatesSgd,2026-09-02T07:00:12,2026-09-02T07:00:12,2026-09-02T16:43:50.119511+00:00,0.0,0.0,0.0,,
native,ocbc,OMR,SGD,OMR/SGD,1,"SGD 40,000 – 100,000",tier_2,,,fxRatesSgd,2026-09-02T07:00:12,2026-09-02T07:00:12,2026-09-02T16:43:50.119511+00:00,0.0,0.0,0.0,,
native,ocbc,PHP,SGD,PHP/SGD,100,"SGD 0 – 39,999.99",tier_1,,,fxRatesSgd,2026-09-02T07:00:12,2026-09-02T07:00:12,2026-09-02T16:43:50.119511+00:00,2.1045,0.0,2.1045,0.0,100.0
native,ocbc,PHP,SGD,PHP/SGD,100,"SGD 40,000 – 100,000",tier_2,,,fxRatesSgd,2026-09-02T07:00:12,2026-09-02T07:00:12,2026-09-02T16:43:50.119511+00:00,2.1034,0.0,2.1045,-0.05226894749345008,100.0
native,ocbc,PLN,SGD,PLN/SGD,100,"SGD 0 – 39,999.99",tier_1,,,fxRatesSgd,2026-09-02T07:00:12,2026-09-02T07:00:12,2026-09-02T16:43:50.119511+00:00,35.1221,32.9301,34.0261,3.2210567770035463,3.2210567770035254
native,ocbc,PLN,SGD,PLN/SGD,100,"SGD 40,000 – 100,000",tier_2,,,fxRatesSgd,2026-09-02T07:00:12,2026-09-02T07:00:12,2026-09-02T16:43:50.119511+00:00,35.1048,32.9569,34.0261,3.170213453789878,3.1422937098286376
native,ocbc,QAR,SGD,QAR/SGD,100,"SGD 0 – 39,999.99",tier_1,,,fxRatesSgd,2026-09-02T07:00:12,2026-09-02T07:00:12,2026-09-02T16:43:50.119511+00:00,35.9471,33.8924,34.9198,2.9418839741350085,2.9421703446182397
native,ocbc,QAR,SGD,QAR/SGD,100,"SGD 40,000 – 100,000",tier_2,,,fxRatesSgd,2026-09-02T07:00:12,2026-09-02T07:00:12,2026-09-02T16:43:50.119511+00:00,35.9258,33.9096,34.9198,2.8808870612088278,2.8929146215041457
native,ocbc,RON,SGD,RON/SGD,100,"SGD 0 – 39,999.99",tier_1,,,fxRatesSgd,2026-09-02T07:00:12,2026-09-02T07:00:12,2026-09-02T16:43:50.119511+00:00,0.0,0.0,0.0,,
native,ocbc,RON,SGD,RON/SGD,100,"SGD 40,000 – 100,000",tier_2,,,fxRatesSgd,2026-09-02T07:00:12,2026-09-02T07:00:12,2026-09-02T16:43:50.119511+00:00,0.0,0.0,0.0,,
native,ocbc,RUB,SGD,RUB/SGD,100,"SGD 0 – 39,999.99",tier_1,,,fxRatesSgd,2026-09-02T07:00:12,2026-09-02T07:00:12,2026-09-02T16:43:50.119511+00:00,0.0,0.0,0.0,,
native,ocbc,RUB,SGD,RUB/SGD,100,"SGD 40,000 – 100,000",tier_2,,,fxRatesSgd,2026-09-02T07:00:12,2026-09-02T07:00:12,2026-09-02T16:43:50.119511+00:00,0.0,0.0,0.0,,
native,ocbc,SAR,SGD,SAR/SGD,100,"SGD 0 – 39,999.99",tier_1,,,fxRatesSgd,2026-09-02T07:00:12,2026-09-02T07:00:12,2026-09-02T16:43:50.119511+00:00,34.8786,32.958,33.9183,2.831215007827623,2.8312150078276437
native,ocbc,SAR,SGD,SAR/SGD,100,"SGD 40,000 – 100,000",tier_2,,,fxRatesSgd,2026-09-02T07:00:12,2026-09-02T07:00:12,2026-09-02T16:43:50.119511+00:00,34.8613,32.9747,33.9183,2.780210093076592,2.78197904965757
native,ocbc,SEK,SGD,SEK/SGD,100,"SGD 0 – 39,999.99",tier_1,,,fxRatesSgd,2026-09-02T07:00:12,2026-09-02T07:00:12,2026-09-02T16:43:50.119511+00:00,13.4284,12.9506,13.1895,1.8112892831418874,1.8112892831419005
native,ocbc,SEK,SGD,SEK/SGD,100,"SGD 40,000 – 100,000",tier_2,,,fxRatesSgd,2026-09-02T07:00:12,2026-09-02T07:00:12,2026-09-02T16:43:50.119511+00:00,13.4021,12.977,13.1895,1.6118882444368636,1.6111300655824736
native,ocbc,THB,SGD,THB/SGD,100,"SGD 0 – 39,999.99",tier_1,,,fxRatesSgd,2026-09-02T07:00:12,2026-09-02T07:00:12,2026-09-02T16:43:50.119511+00:00,3.9331,3.7169,3.825,2.8261437908496694,2.826143790849681
native,ocbc,THB,SGD,THB/SGD,100,"SGD 40,000 – 100,000",tier_2,,,fxRatesSgd,2026-09-02T07:00:12,2026-09-02T07:00:12,2026-09-02T16:43:50.119511+00:00,3.9255,3.7246,3.825,2.627450980392152,2.624836601307191
native,ocbc,TRY,SGD,TRY/SGD,100,"SGD 0 – 39,999.99",tier_1,,,fxRatesSgd,2026-09-02T07:00:12,2026-09-02T07:00:12,2026-09-02T16:43:50.119511+00:00,2.7082,2.5963,2.6523,2.1076047204313344,2.111375032990237
native,ocbc,TRY,SGD,TRY/SGD,100,"SGD 40,000 – 100,000",tier_2,,,fxRatesSgd,2026-09-02T07:00:12,2026-09-02T07:00:12,2026-09-02T16:43:50.119511+00:00,2.7069,2.5965,2.6523,2.0585906571654866,2.1038344078724154
native,ocbc,TWD,SGD,TWD/SGD,100,"SGD 0 – 39,999.99",tier_1,,,fxRatesSgd,2026-09-02T07:00:12,2026-09-02T07:00:12,2026-09-02T16:43:50.119511+00:00,4.1718,0.0,4.1718,0.0,100.0
native,ocbc,TWD,SGD,TWD/SGD,100,"SGD 40,000 – 100,000",tier_2,,,fxRatesSgd,2026-09-02T07:00:12,2026-09-02T07:00:12,2026-09-02T16:43:50.119511+00:00,0.0,0.0,4.1718,-100.0,100.0
native,ocbc,USD,SGD,USD/SGD,1,"SGD 0 – 39,999.99",tier_1,,,fxRatesSgd,2026-09-02T07:00:12,2026-09-02T07:00:12,2026-09-02T16:43:50.119511+00:00,1.286,1.263,1.2745,0.9023146331894912,0.9023146331894912
native,ocbc,USD,SGD,USD/SGD,1,"SGD 40,000 – 100,000",tier_2,,,fxRatesSgd,2026-09-02T07:00:12,2026-09-02T07:00:12,2026-09-02T16:43:50.119511+00:00,1.2847,1.264,1.2745,0.8003138485680649,0.8238524911730055
native,ocbc,ZAR,SGD,ZAR/SGD,100,"SGD 0 – 39,999.99",tier_1,,,fxRatesSgd,2026-09-02T07:00:12,2026-09-02T07:00:12,2026-09-02T16:43:50.119511+00:00,8.1288,7.6514,7.8901,3.025310198856791,3.0253101988568023
native,ocbc,ZAR,SGD,ZAR/SGD,100,"SGD 40,000 – 100,000",tier_2,,,fxRatesSgd,2026-09-02T07:00:12,2026-09-02T07:00:12,2026-09-02T16:43:50.119511+00:00,8.1248,7.6553,7.8901,2.9746137564796404,2.975881167539067
native,uob,AED,SGD,AED/SGD,100,Indicative board,board,,,forex_sgd,02 September 2026 05:22:13 PM,02 September 2026 05:22:13 PM,2026-09-02T16:43:51.920092+00:00,35.53,33.83,34.68,2.450980392156867,2.450980392156867
native,uob,AOA,SGD,AOA/SGD,100,Indicative board,board,,,forex_sgd,02 September 2026 05:22:13 PM,02 September 2026 05:22:13 PM,2026-09-02T16:43:51.920092+00:00,0.1431,,,,
native,uob,AUD,SGD,AUD/SGD,1,Indicative board,board,,,forex_sgd,02 September 2026 05:22:13 PM,02 September 2026 05:22:13 PM,2026-09-02T16:43:51.920092+00:00,0.9236,0.8926,0.9080999999999999,1.7068604779209418,1.7068604779209295
native,uob,BDT,SGD,BDT/SGD,100,Indicative board,board,,,forex_sgd,02 September 2026 05:22:13 PM,02 September 2026 05:22:13 PM,2026-09-02T16:43:51.920092+00:00,1.0711,,,,
native,uob,BND,SGD,BND/SGD,1,Indicative board,board,,,forex_sgd,02 September 2026 05:22:13 PM,02 September 2026 05:22:13 PM,2026-09-02T16:43:51.920092+00:00,1.0,1.0,1.0,0.0,0.0
native,uob,CAD,SGD,CAD/SGD,1,Indicative board,board,,,forex_sgd,02 September 2026 05:22:13 PM,02 September 2026 05:22:13 PM,2026-09-02T16:43:51.920092+00:00,0.9242,0.9042,0.9142,1.0938525486764394,1.0938525486764394
native,uob,CHF,SGD,CHF/SGD,100,Indicative board,board,,,forex_sgd,02 September 2026 05:22:13 PM,02 September 2026 05:22:13 PM,2026-09-02T16:43:51.920092+00:00,157.99,154.69,156.34,1.055392094153771,1.055392094153771
native,uob,CNH,SGD,CNH/SGD,100,Indicative board,board,,,forex_sgd,02 September 2026 05:22:13 PM,02 September 2026 05:22:13 PM,2026-09-02T16:43:51.920092+00:00,19.17,18.71,18.94,1.214361140443508,1.214361140443508
native,uob,DKK,SGD,DKK/SGD,100,Indicative board,board,,,forex_sgd,02 September 2026 05:22:13 PM,02 September 2026 05:22:13 PM,2026-09-02T16:43:51.920092+00:00,20.08,19.38,19.729999999999997,1.7739483020780613,1.7739483020780433
native,uob,EGP,SGD,EGP/SGD,100,Indicative board,board,,,forex_sgd,02 September 2026 05:22:13 PM,02 September 2026 05:22:13 PM,2026-09-02T16:43:51.920092+00:00,2.5737,,,,
native,uob,EUR,SGD,EUR/SGD,1,Indicative board,board,,,forex_sgd,02 September 2026 05:22:13 PM,02 September 2026 05:22:13 PM,2026-09-02T16:43:51.920092+00:00,1.4936,1.4556,1.4746000000000001,1.2884850128848437,1.2884850128848586
native,uob,GBP,SGD,GBP/SGD,1,Indicative board,board,,,forex_sgd,02 September 2026 05:22:13 PM,02 September 2026 05:22:13 PM,2026-09-02T16:43:51.920092+00:00,1.7428,1.6978,1.7203,1.3079114108004397,1.3079114108004397
native,uob,HKD,SGD,HKD/SGD,100,Indicative board,board,,,forex_sgd,02 September 2026 05:22:13 PM,02 September 2026 05:22:13 PM,2026-09-02T16:43:51.920092+00:00,16.419,16.061,16.240000000000002,1.1022167487684635,1.1022167487684853
native,uob,INR,SGD,INR/SGD,100,Indicative board,board,,,forex_sgd,02 September 2026 05:22:13 PM,02 September 2026 05:22:13 PM,2026-09-02T16:43:51.920092+00:00,1.3782,,,,
native,uob,JPY,SGD,JPY/SGD,100,Indicative board,board,,,forex_sgd,02 September 2026 05:22:13 PM,02 September 2026 05:22:13 PM,2026-09-02T16:43:51.920092+00:00,0.8139,0.7799,0.7968999999999999,2.1332664073283993,2.1332664073283856
native,uob,KRW,SGD,KRW/SGD,1000,Indicative board,board,,,forex_sgd,02 September 2026 05:22:13 PM,02 September 2026 05:22:13 PM,2026-09-02T16:43:51.920092+00:00,0.9432,,,,
native,uob,KWD,SGD,KWD/SGD,1,Indicative board,board,,,forex_sgd,02 September 2026 05:22:13 PM,02 September 2026 05:22:13 PM,2026-09-02T16:43:51.920092+00:00,4.1812,,,,
native,uob,LKR,SGD,LKR/SGD,100,Indicative board,board,,,forex_sgd,02 September 2026 05:22:13 PM,02 September 2026 05:22:13 PM,2026-09-02T16:43:51.920092+00:00,0.3944,,,,
native,uob,MXN,SGD,MXN/SGD,100,Indicative board,board,,,forex_sgd,02 September 2026 05:22:13 PM,02 September 2026 05:22:13 PM,2026-09-02T16:43:51.920092+00:00,7.5746,,,,
native,uob,MYR,SGD,MYR/SGD,100,Indicative board,board,,,forex_sgd,02 September 2026 05:22:13 PM,02 September 2026 05:22:13 PM,2026-09-02T16:43:51.920092+00:00,32.0,,,,
native,uob,NOK,SGD,NOK/SGD,100,Indicative board,board,,,forex_sgd,02 September 2026 05:22:13 PM,02 September 2026 05:22:13 PM,2026-09-02T16:43:51.920092+00:00,13.87,13.43,13.649999999999999,1.6117216117216164,1.6117216117216036
native,uob,NZD,SGD,NZD/SGD,1,Indicative board,board,,,forex_sgd,02 September 2026 05:22:13 PM,02 September 2026 05:22:13 PM,2026-09-02T16:43:51.920092+00:00,0.7508,0.7308,0.7408,1.34989200863931,1.34989200863931
native,uob,PHP,SGD,PHP/SGD,100,Indicative board,board,,,forex_sgd,02 September 2026 05:22:13 PM,02 September 2026 05:22:13 PM,2026-09-02T16:43:51.920092+00:00,2.0821,,,,
native,uob,PKR,SGD,PKR/SGD,100,Indicative board,board,,,forex_sgd,02 September 2026 05:22:13 PM,02 September 2026 05:22:13 PM,2026-09-02T16:43:51.920092+00:00,0.4651,,,,
native,uob,SAR,SGD,SAR/SGD,100,Indicative board,board,,,forex_sgd,02 September 2026 05:22:13 PM,02 September 2026 05:22:13 PM,2026-09-02T16:43:51.920092+00:00,,,,,
native,uob,SEK,SGD,SEK/SGD,100,Indicative board,board,,,forex_sgd,02 September 2026 05:22:13 PM,02 September 2026 05:22:13 PM,2026-09-02T16:43:51.920092+00:00,13.44,12.96,13.2,1.81818181818182,1.8181818181818064
native,uob,THB,SGD,THB/SGD,100,Indicative board,board,,,forex_sgd,02 September 2026 05:22:13 PM,02 September 2026 05:22:13 PM,2026-09-02T16:43:51.920092+00:00,3.92,3.72,3.8200000000000003,2.6178010471204094,2.617801047120421
native,uob,TWD,SGD,TWD/SGD,100,Indicative board,board,,,forex_sgd,02 September 2026 05:22:13 PM,02 September 2026 05:22:13 PM,2026-09-02T16:43:51.920092+00:00,4.0997,,,,
native,uob,USD,SGD,USD/SGD,1,Indicative board,board,,,forex_sgd,02 September 2026 05:22:13 PM,02 September 2026 05:22:13 PM,2026-09-02T16:43:51.920092+00:00,1.2857,1.2617,1.2737,0.9421370809452783,0.9421370809452783
native,uob,VND,SGD,VND/SGD,1000,Indicative board,board,,,forex_sgd,02 September 2026 05:22:13 PM,02 September 2026 05:22:13 PM,2026-09-02T16:43:51.920092+00:00,,,,,
native,uob,XAF,SGD,XAF/SGD,100,Indicative board,board,,,forex_sgd,02 September 2026 05:22:13 PM,02 September 2026 05:22:13 PM,2026-09-02T16:43:51.920092+00:00,0.2309,,,,
native,uob,XOF,SGD,XOF/SGD,100,Indicative board,board,,,forex_sgd,02 September 2026 05:22:13 PM,02 September 2026 05:22:13 PM,2026-09-02T16:43:51.920092+00:00,0.2324,,,,
native,uob,ZAR,SGD,ZAR/SGD,1,Indicative board,board,,,forex_sgd,02 September 2026 05:22:13 PM,02 September 2026 05:22:13 PM,2026-09-02T16:43:51.920092+00:00,0.0809,0.0769,0.0789,2.5348542458808643,2.5348542458808643
standardized,dbs,AED,SGD,AED/SGD,1,SGD 50 – 200,amtBtw50And200,"SGD 200 – 39,999.99",std_200_40k,mainCurrencies,2026-09-03 00:30:11,2026-09-02 16:30:25,2026-09-02T16:43:48.511722+00:00,0.3485,0.3438,0.34614999999999996,0.6788964321825853,0.6788964321825692
standardized,dbs,AED,SGD,AED/SGD,1,SGD 50 – 200,amtBtw50And200,"SGD 40,000 – 100,000",std_40k_100k,mainCurrencies,2026-09-03 00:30:11,2026-09-02 16:30:25,2026-09-02T16:43:48.511722+00:00,0.3485,0.3438,0.34614999999999996,0.6788964321825853,0.6788964321825692
standardized,dbs,AED,SGD,AED/SGD,1,SGD 50 – 200,amtBtw50And200,SGD 50 – 200,std_50_200,mainCurrencies,2026-09-03 00:30:11,2026-09-02 16:30:25,2026-09-02T16:43:48.511722+00:00,0.3485,0.3438,0.34614999999999996,0.6788964321825853,0.6788964321825692
standardized,dbs,AED,SGD,AED/SGD,1,SGD < 50,amtLessThan50,SGD < 50,std_lt_50,mainCurrencies,2026-09-03 00:30:11,2026-09-02 16:30:25,2026-09-02T16:43:48.511722+00:00,0.3513,0.341,0.34615,1.48779430882565,1.48779430882565
standardized,dbs,AUD,SGD,AUD/SGD,1,SGD 50 – 200,amtBtw50And200,"SGD 200 – 39,999.99",std_200_40k,mainCurrencies,2026-09-03 00:30:11,2026-09-02 16:30:25,2026-09-02T16:43:48.511722+00:00,0.9213,0.9011,0.9112,1.1084284460052674,1.1084284460052674
standardized,dbs,AUD,SGD,AUD/SGD,1,SGD 50 – 200,amtBtw50And200,"SGD 40,000 – 100,000",std_40k_100k,mainCurrencies,2026-09-03 00:30:11,2026-09-02 16:30:25,2026-09-02T16:43:48.511722+00:00,0.9213,0.9011,0.9112,1.1084284460052674,1.1084284460052674
standardized,dbs,AUD,SGD,AUD/SGD,1,SGD 50 – 200,amtBtw50And200,SGD 50 – 200,std_50_200,mainCurrencies,2026-09-03 00:30:11,2026-09-02 16:30:25,2026-09-02T16:43:48.511722+00:00,0.9213,0.9011,0.9112,1.1084284460052674,1.1084284460052674
standardized,dbs,AUD,SGD,AUD/SGD,1,SGD < 50,amtLessThan50,SGD < 50,std_lt_50,mainCurrencies,2026-09-03 00:30:11,2026-09-02 16:30:25,2026-09-02T16:43:48.511722+00:00,0.9217,0.9007,0.9112,1.152326602282699,1.1523266022827112
standardized,dbs,BDT,SGD,BDT/SGD,100,SGD 50 – 200,amtBtw50And200,"SGD 200 – 39,999.99",std_200_40k,otherCurrencies,2026-09-03 00:30:11,2026-09-02 16:30:25,2026-09-02T16:43:48.511722+00:00,1.0517,,,,
standardized,dbs,BDT,SGD,BDT/SGD,100,SGD 50 – 200,amtBtw50And200,"SGD 40,000 – 100,000",std_40k_100k,otherCurrencies,2026-09-03 00:30:11,2026-09-02 16:30:25,2026-09-02T16:43:48.511722+00:00,1.0517,,,,
standardized,dbs,BDT,SGD,BDT/SGD,100,SGD 50 – 200,amtBtw50And200,SGD 50 – 200,std_50_200,otherCurrencies,2026-09-03 00:30:11,2026-09-02 16:30:25,2026-09-02T16:43:48.511722+00:00,1.0517,,,,
standardized,dbs,BDT,SGD,BDT/SGD,100,SGD < 50,amtLessThan50,SGD < 50,std_lt_50,otherCurrencies,2026-09-03 00:30:11,2026-09-02 16:30:25,2026-09-02T16:43:48.511722+00:00,1.0517,,,,
standardized,dbs,BHD,SGD,BHD/SGD,1,SGD 50 – 200,amtBtw50And200,"SGD 200 – 39,999.99",std_200_40k,otherCurrencies,2026-09-03 00:30:11,2026-09-02 16:30:25,2026-09-02T16:43:48.511722+00:00,3.4353,,,,
standardized,dbs,BHD,SGD,BHD/SGD,1,SGD 50 – 200,amtBtw50And200,"SGD 40,000 – 100,000",std_40k_100k,otherCurrencies,2026-09-03 00:30:11,2026-09-02 16:30:25,2026-09-02T16:43:48.511722+00:00,3.4353,,,,
standardized,dbs,BHD,SGD,BHD/SGD,1,SGD 50 – 200,amtBtw50And200,SGD 50 – 200,std_50_200,otherCurrencies,2026-09-03 00:30:11,2026-09-02 16:30:25,2026-09-02T16:43:48.511722+00:00,3.4353,,,,
standardized,dbs,BHD,SGD,BHD/SGD,1,SGD < 50,amtLessThan50,SGD < 50,std_lt_50,otherCurrencies,2026-09-03 00:30:11,2026-09-02 16:30:25,2026-09-02T16:43:48.511722+00:00,3.4488,,,,
standardized,dbs,BND,SGD,BND/SGD,1,SGD 50 – 200,amtBtw50And200,"SGD 200 – 39,999.99",std_200_40k,otherCurrencies,2026-09-03 00:30:11,2026-09-02 16:30:25,2026-09-02T16:43:48.511722+00:00,1.0,1.0,1.0,0.0,0.0
standardized,dbs,BND,SGD,BND/SGD,1,SGD 50 – 200,amtBtw50And200,"SGD 40,000 – 100,000",std_40k_100k,otherCurrencies,2026-09-03 00:30:11,2026-09-02 16:30:25,2026-09-02T16:43:48.511722+00:00,1.0,1.0,1.0,0.0,0.0
standardized,dbs,BND,SGD,BND/SGD,1,SGD 50 – 200,amtBtw50And200,SGD 50 – 200,std_50_200,otherCurrencies,2026-09-03 00:30:11,2026-09-02 16:30:25,2026-09-02T16:43:48.511722+00:00,1.0,1.0,1.0,0.0,0.0
standardized,dbs,BND,SGD,BND/SGD,1,SGD < 50,amtLessThan50,SGD < 50,std_lt_50,otherCurrencies,2026-09-03 00:30:11,2026-09-02 16:30:25,2026-09-02T16:43:48.511722+00:00,1.0,1.0,1.0,0.0,0.0
standardized,dbs,CAD,SGD,CAD/SGD,1,SGD 50 – 200,amtBtw50And200,"SGD 200 – 39,999.99",std_200_40k,mainCurrencies,2026-09-03 00:30:11,2026-09-02 16:30:25,2026-09-02T16:43:48.511722+00:00,0.9248,0.9109,0.91785,0.7572043362205045,0.7572043362205165
standardized,dbs,CAD,SGD,CAD/SGD,1,SGD 50 – 200,amtBtw50And200,"SGD 40,000 – 100,000",std_40k_100k,mainCurrencies,2026-09-03 00:30:11,2026-09-02 16:30:25,2026-09-02T16:43:48.511722+00:00,0.9248,0.9109,0.91785,0.7572043362205045,0.7572043362205165
standardized,dbs,CAD,SGD,CAD/SGD,1,SGD 50 – 200,amtBtw50And200,SGD 50 – 200,std_50_200,mainCurrencies,2026-09-03 00:30:11,2026-09-02 16:30:25,2026-09-02T16:43:48.511722+00:00,0.9248,0.9109,0.91785,0.7572043362205045,0.7572043362205165
standardized,dbs,CAD,SGD,CAD/SGD,1,SGD < 50,amtLessThan50,SGD < 50,std_lt_50,mainCurrencies,2026-09-03 00:30:11,2026-09-02 16:30:25,2026-09-02T16:43:48.511722+00:00,0.928,0.9077,0.91785,1.1058451816745647,1.1058451816745767
standardized,dbs,CHF,SGD,CHF/SGD,1,SGD 50 – 200,amtBtw50And200,"SGD 200 – 39,999.99",std_200_40k,mainCurrencies,2026-09-03 00:30:11,2026-09-02 16:30:25,2026-09-02T16:43:48.511722+00:00,1.5779,1.548,1.56295,0.956524520937971,0.956524520937971
standardized,dbs,CHF,SGD,CHF/SGD,1,SGD 50 – 200,amtBtw50And200,"SGD 40,000 – 100,000",std_40k_100k,mainCurrencies,2026-09-03 00:30:11,2026-09-02 16:30:25,2026-09-02T16:43:48.511722+00:00,1.5779,1.548,1.56295,0.956524520937971,0.956524520937971
standardized,dbs,CHF,SGD,CHF/SGD,1,SGD 50 – 200,amtBtw50And200,SGD 50 – 200,std_50_200,mainCurrencies,2026-09-03 00:30:11,2026-09-02 16:30:25,2026-09-02T16:43:48.511722+00:00,1.5779,1.548,1.56295,0.956524520937971,0.956524520937971
standardized,dbs,CHF,SGD,CHF/SGD,1,SGD < 50,amtLessThan50,SGD < 50,std_lt_50,mainCurrencies,2026-09-03 00:30:11,2026-09-02 16:30:25,2026-09-02T16:43:48.511722+00:00,1.5787,1.5473,1.563,1.0044785668586083,1.0044785668586083
standardized,dbs,CNH,SGD,CNH/SGD,1,SGD 50 – 200,amtBtw50And200,"SGD 200 – 39,999.99",std_200_40k,mainCurrencies,2026-09-03 00:30:11,2026-09-02 16:30:25,2026-09-02T16:43:48.511722+00:00,0.1914,0.187,0.18919999999999998,1.1627906976744227,1.162790697674408
standardized,dbs,CNH,SGD,CNH/SGD,1,SGD 50 – 200,amtBtw50And200,"SGD 40,000 – 100,000",std_40k_100k,mainCurrencies,2026-09-03 00:30:11,2026-09-02 16:30:25,2026-09-02T16:43:48.511722+00:00,0.1914,0.187,0.18919999999999998,1.1627906976744227,1.162790697674408
standardized,dbs,CNH,SGD,CNH/SGD,1,SGD 50 – 200,amtBtw50And200,SGD 50 – 200,std_50_200,mainCurrencies,2026-09-03 00:30:11,2026-09-02 16:30:25,2026-09-02T16:43:48.511722+00:00,0.1914,0.187,0.18919999999999998,1.1627906976744227,1.162790697674408
standardized,dbs,CNH,SGD,CNH/SGD,1,SGD < 50,amtLessThan50,SGD < 50,std_lt_50,mainCurrencies,2026-09-03 00:30:11,2026-09-02 16:30:25,2026-09-02T16:43:48.511722+00:00,0.192,0.1863,0.18914999999999998,1.5067406819984241,1.5067406819984095
standardized,dbs,CNY,SGD,CNY/SGD,1,SGD 50 – 200,amtBtw50And200,"SGD 200 – 39,999.99",std_200_40k,otherCurrencies,2026-09-03 00:30:11,2026-09-02 16:30:25,2026-09-02T16:43:48.511722+00:00,0.1892,,,,
standardized,dbs,CNY,SGD,CNY/SGD,1,SGD 50 – 200,amtBtw50And200,"SGD 40,000 – 100,000",std_40k_100k,otherCurrencies,2026-09-03 00:30:11,2026-09-02 16:30:25,2026-09-02T16:43:48.511722+00:00,0.1892,,,,
standardized,dbs,CNY,SGD,CNY/SGD,1,SGD 50 – 200,amtBtw50And200,SGD 50 – 200,std_50_200,otherCurrencies,2026-09-03 00:30:11,2026-09-02 16:30:25,2026-09-02T16:43:48.511722+00:00,0.1892,,,,
standardized,dbs,CNY,SGD,CNY/SGD,1,SGD < 50,amtLessThan50,SGD < 50,std_lt_50,otherCurrencies,2026-09-03 00:30:11,2026-09-02 16:30:25,2026-09-02T16:43:48.511722+00:00,0.1909,,,,
standardized,dbs,DKK,SGD,DKK/SGD,1,SGD 50 – 200,amtBtw50And200,"SGD 200 – 39,999.99",std_200_40k,mainCurrencies,2026-09-03 00:30:11,2026-09-02 16:30:25,2026-09-02T16:43:48.511722+00:00,0.1998,0.1943,0.19705,1.3955848769347894,1.3955848769347894
standardized,dbs,DKK,SGD,DKK/SGD,1,SGD 50 – 200,amtBtw50And200,"SGD 40,000 – 100,000",std_40k_100k,mainCurrencies,2026-09-03 00:30:11,2026-09-02 16:30:25,2026-09-02T16:43:48.511722+00:00,0.1998,0.1943,0.19705,1.3955848769347894,1.3955848769347894
standardized,dbs,DKK,SGD,DKK/SGD,1,SGD 50 – 200,amtBtw50And200,SGD 50 – 200,std_50_200,mainCurrencies,2026-09-03 00:30:11,2026-09-02 16:30:25,2026-09-02T16:43:48.511722+00:00,0.1998,0.1943,0.19705,1.3955848769347894,1.3955848769347894
standardized,dbs,DKK,SGD,DKK/SGD,1,SGD < 50,amtLessThan50,SGD < 50,std_lt_50,mainCurrencies,2026-09-03 00:30:11,2026-09-02 16:30:25,2026-09-02T16:43:48.511722+00:00,0.2001,0.194,0.19705,1.5478304998731272,1.5478304998731272
standardized,dbs,EUR,SGD,EUR/SGD,1,SGD 50 – 200,amtBtw50And200,"SGD 200 – 39,999.99",std_200_40k,mainCurrencies,2026-09-03 00:30:11,2026-09-02 16:30:25,2026-09-02T16:43:48.511722+00:00,1.4859,1.4607,1.4733,0.8552229688454451,0.8552229688454451
standardized,dbs,EUR,SGD,EUR/SGD,1,SGD 50 – 200,amtBtw50And200,"SGD 40,000 – 100,000",std_40k_100k,mainCurrencies,2026-09-03 00:30:11,2026-09-02 16:30:25,2026-09-02T16:43:48.511722+00:00,1.4859,1.4607,1.4733,0.8552229688454451,0.8552229688454451
standardized,dbs,EUR,SGD,EUR/SGD,1,SGD 50 – 200,amtBtw50And200,SGD 50 – 200,std_50_200,mainCurrencies,2026-09-03 00:30:11,2026-09-02 16:30:25,2026-09-02T16:43:48.511722+00:00,1.4859,1.4607,1.4733,0.8552229688454451,0.8552229688454451
standardized,dbs,EUR,SGD,EUR/SGD,1,SGD < 50,amtLessThan50,SGD < 50,std_lt_50,mainCurrencies,2026-09-03 00:30:11,2026-09-02 16:30:25,2026-09-02T16:43:48.511722+00:00,1.4866,1.46,1.4733,0.9027353560035204,0.9027353560035355
standardized,dbs,GBP,SGD,GBP/SGD,1,SGD 50 – 200,amtBtw50And200,"SGD 200 – 39,999.99",std_200_40k,mainCurrencies,2026-09-03 00:30:11,2026-09-02 16:30:25,2026-09-02T16:43:48.511722+00:00,1.7289,1.703,1.71595,0.7546839942888789,0.7546839942888789
standardized,dbs,GBP,SGD,GBP/SGD,1,SGD 50 – 200,amtBtw50And200,"SGD 40,000 – 100,000",std_40k_100k,mainCurrencies,2026-09-03 00:30:11,2026-09-02 16:30:25,2026-09-02T16:43:48.511722+00:00,1.7289,1.703,1.71595,0.7546839942888789,0.7546839942888789
standardized,dbs,GBP,SGD,GBP/SGD,1,SGD 50 – 200,amtBtw50And200,SGD 50 – 200,std_50_200,mainCurrencies,2026-09-03 00:30:11,2026-09-02 16:30:25,2026-09-02T16:43:48.511722+00:00,1.7289,1.703,1.71595,0.7546839942888789,0.7546839942888789
standardized,dbs,GBP,SGD,GBP/SGD,1,SGD < 50,amtLessThan50,SGD < 50,std_lt_50,mainCurrencies,2026-09-03 00:30:11,2026-09-02 16:30:25,2026-09-02T16:43:48.511722+00:00,1.7306,1.7013,1.7159499999999999,0.8537544800256449,0.8537544800256319
standardized,dbs,HKD,SGD,HKD/SGD,1,SGD 50 – 200,amtBtw50And200,"SGD 200 – 39,999.99",std_200_40k,mainCurrencies,2026-09-03 00:30:11,2026-09-02 16:30:25,2026-09-02T16:43:48.511722+00:00,0.1637,0.1604,0.16205,1.0182042579450865,1.0182042579450865
standardized,dbs,HKD,SGD,HKD/SGD,1,SGD 50 – 200,amtBtw50And200,"SGD 40,000 – 100,000",std_40k_100k,mainCurrencies,2026-09-03 00:30:11,2026-09-02 16:30:25,2026-09-02T16:43:48.511722+00:00,0.1637,0.1604,0.16205,1.0182042579450865,1.0182042579450865
standardized,dbs,HKD,SGD,HKD/SGD,1,SGD 50 – 200,amtBtw50And200,SGD 50 – 200,std_50_200,mainCurrencies,2026-09-03 00:30:11,2026-09-02 16:30:25,2026-09-02T16:43:48.511722+00:00,0.1637,0.1604,0.16205,1.0182042579450865,1.0182042579450865
standardized,dbs,HKD,SGD,HKD/SGD,1,SGD < 50,amtLessThan50,SGD < 50,std_lt_50,mainCurrencies,2026-09-03 00:30:11,2026-09-02 16:30:25,2026-09-02T16:43:48.511722+00:00,0.1639,0.1603,0.1621,1.1104256631708798,1.1104256631708798
standardized,dbs,HUF,SGD,HUF/SGD,100,SGD 50 – 200,amtBtw50And200,"SGD 200 – 39,999.99",std_200_40k,otherCurrencies,2026-09-03 00:30:11,2026-09-02 16:30:25,2026-09-02T16:43:48.511722+00:00,0.4069,,,,
standardized,dbs,HUF,SGD,HUF/SGD,100,SGD 50 – 200,amtBtw50And200,"SGD 40,000 – 100,000",std_40k_100k,otherCurrencies,2026-09-03 00:30:11,2026-09-02 16:30:25,2026-09-02T16:43:48.511722+00:00,0.4069,,,,
standardized,dbs,HUF,SGD,HUF/SGD,100,SGD 50 – 200,amtBtw50And200,SGD 50 – 200,std_50_200,otherCurrencies,2026-09-03 00:30:11,2026-09-02 16:30:25,2026-09-02T16:43:48.511722+00:00,0.4069,,,,
standardized,dbs,HUF,SGD,HUF/SGD,100,SGD < 50,amtLessThan50,SGD < 50,std_lt_50,otherCurrencies,2026-09-03 00:30:11,2026-09-02 16:30:25,2026-09-02T16:43:48.511722+00:00,0.4085,,,,
standardized,dbs,ID0,SGD,ID0/SGD,100,SGD 50 – 200,amtBtw50And200,"SGD 200 – 39,999.99",std_200_40k,otherCurrencies,2026-09-03 00:30:11,2026-09-02 16:30:25,2026-09-02T16:43:48.511722+00:00,,,,,
standardized,dbs,ID0,SGD,ID0/SGD,100,SGD 50 – 200,amtBtw50And200,"SGD 40,000 – 100,000",std_40k_100k,otherCurrencies,2026-09-03 00:30:11,2026-09-02 16:30:25,2026-09-02T16:43:48.511722+00:00,,,,,
standardized,dbs,ID0,SGD,ID0/SGD,100,SGD 50 – 200,amtBtw50And200,SGD 50 – 200,std_50_200,otherCurrencies,2026-09-03 00:30:11,2026-09-02 16:30:25,2026-09-02T16:43:48.511722+00:00,,,,,
standardized,dbs,ID0,SGD,ID0/SGD,100,SGD < 50,amtLessThan50,SGD < 50,std_lt_50,otherCurrencies,2026-09-03 00:30:11,2026-09-02 16:30:25,2026-09-02T16:43:48.511722+00:00,,0.0071,,,
standardized,dbs,IDR,SGD,IDR/SGD,100,SGD 50 – 200,amtBtw50And200,"SGD 200 – 39,999.99",std_200_40k,mainCurrencies,2026-09-03 00:30:11,2026-09-02 16:30:25,2026-09-02T16:43:48.511722+00:00,0.0073,,,,
standardized,dbs,IDR,SGD,IDR/SGD,100,SGD 50 – 200,amtBtw50And200,"SGD 40,000 – 100,000",std_40k_100k,mainCurrencies,2026-09-03 00:30:11,2026-09-02 16:30:25,2026-09-02T16:43:48.511722+00:00,0.0073,,,,
standardized,dbs,IDR,SGD,IDR/SGD,100,SGD 50 – 200,amtBtw50And200,SGD 50 – 200,std_50_200,mainCurrencies,2026-09-03 00:30:11,2026-09-02 16:30:25,2026-09-02T16:43:48.511722+00:00,0.0073,,,,
standardized,dbs,IDR,SGD,IDR/SGD,100,SGD < 50,amtLessThan50,SGD < 50,std_lt_50,mainCurrencies,2026-09-03 00:30:11,2026-09-02 16:30:25,2026-09-02T16:43:48.511722+00:00,0.0073,,,,
standardized,dbs,IN0,SGD,IN0/SGD,100,SGD 50 – 200,amtBtw50And200,"SGD 200 – 39,999.99",std_200_40k,otherCurrencies,2026-09-03 00:30:11,2026-09-02 16:30:25,2026-09-02T16:43:48.511722+00:00,,1.3393,,,
standardized,dbs,IN0,SGD,IN0/SGD,100,SGD 50 – 200,amtBtw50And200,"SGD 40,000 – 100,000",std_40k_100k,otherCurrencies,2026-09-03 00:30:11,2026-09-02 16:30:25,2026-09-02T16:43:48.511722+00:00,,1.3393,,,
standardized,dbs,IN0,SGD,IN0/SGD,100,SGD 50 – 200,amtBtw50And200,SGD 50 – 200,std_50_200,otherCurrencies,2026-09-03 00:30:11,2026-09-02 16:30:25,2026-09-02T16:43:48.511722+00:00,,1.3393,,,
standardized,dbs,IN0,SGD,IN0/SGD,100,SGD < 50,amtLessThan50,SGD < 50,std_lt_50,otherCurrencies,2026-09-03 00:30:11,2026-09-02 16:30:25,2026-09-02T16:43:48.511722+00:00,,1.3393,,,
standardized,dbs,INR,SGD,INR/SGD,100,SGD 50 – 200,amtBtw50And200,"SGD 200 – 39,999.99",std_200_40k,otherCurrencies,2026-09-03 00:30:11,2026-09-02 16:30:25,2026-09-02T16:43:48.511722+00:00,1.3534,,,,
standardized,dbs,INR,SGD,INR/SGD,100,SGD 50 – 200,amtBtw50And200,"SGD 40,000 – 100,000",std_40k_100k,otherCurrencies,2026-09-03 00:30:11,2026-09-02 16:30:25,2026-09-02T16:43:48.511722+00:00,1.3534,,,,
standardized,dbs,INR,SGD,INR/SGD,100,SGD 50 – 200,amtBtw50And200,SGD 50 – 200,std_50_200,otherCurrencies,2026-09-03 00:30:11,2026-09-02 16:30:25,2026-09-02T16:43:48.511722+00:00,1.3534,,,,
standardized,dbs,INR,SGD,INR/SGD,100,SGD < 50,amtLessThan50,SGD < 50,std_lt_50,otherCurrencies,2026-09-03 00:30:11,2026-09-02 16:30:25,2026-09-02T16:43:48.511722+00:00,1.3642,,,,
standardized,dbs,JPY,SGD,JPY/SGD,100,SGD 50 – 200,amtBtw50And200,"SGD 200 – 39,999.99",std_200_40k,mainCurrencies,2026-09-03 00:30:11,2026-09-02 16:30:25,2026-09-02T16:43:48.511722+00:00,0.8082,0.7921,0.80015,1.006061363494345,1.006061363494345
standardized,dbs,JPY,SGD,JPY/SGD,100,SGD 50 – 200,amtBtw50And200,"SGD 40,000 – 100,000",std_40k_100k,mainCurrencies,2026-09-03 00:30:11,2026-09-02 16:30:25,2026-09-02T16:43:48.511722+00:00,0.8082,0.7921,0.80015,1.006061363494345,1.006061363494345
standardized,dbs,JPY,SGD,JPY/SGD,100,SGD 50 – 200,amtBtw50And200,SGD 50 – 200,std_50_200,mainCurrencies,2026-09-03 00:30:11,2026-09-02 16:30:25,2026-09-02T16:43:48.511722+00:00,0.8082,0.7921,0.80015,1.006061363494345,1.006061363494345
standardized,dbs,JPY,SGD,JPY/SGD,100,SGD < 50,amtLessThan50,SGD < 50,std_lt_50,mainCurrencies,2026-09-03 00:30:11,2026-09-02 16:30:25,2026-09-02T16:43:48.511722+00:00,0.809,0.7913,0.80015,1.1060426170093138,1.1060426170093138
standardized,dbs,KRW,SGD,KRW/SGD,100,SGD 50 – 200,amtBtw50And200,"SGD 200 – 39,999.99",std_200_40k,otherCurrencies,2026-09-03 00:30:11,2026-09-02 16:30:25,2026-09-02T16:43:48.511722+00:00,0.0948,,,,
standardized,dbs,KRW,SGD,KRW/SGD,100,SGD 50 – 200,amtBtw50And200,"SGD 40,000 – 100,000",std_40k_100k,otherCurrencies,2026-09-03 00:30:11,2026-09-02 16:30:25,2026-09-02T16:43:48.511722+00:00,0.0948,,,,
standardized,dbs,KRW,SGD,KRW/SGD,100,SGD 50 – 200,amtBtw50And200,SGD 50 – 200,std_50_200,otherCurrencies,2026-09-03 00:30:11,2026-09-02 16:30:25,2026-09-02T16:43:48.511722+00:00,0.0948,,,,
standardized,dbs,KRW,SGD,KRW/SGD,100,SGD < 50,amtLessThan50,SGD < 50,std_lt_50,otherCurrencies,2026-09-03 00:30:11,2026-09-02 16:30:25,2026-09-02T16:43:48.511722+00:00,0.0948,,,,
standardized,dbs,KWD,SGD,KWD/SGD,100,SGD 50 – 200,amtBtw50And200,"SGD 200 – 39,999.99",std_200_40k,otherCurrencies,2026-09-03 00:30:11,2026-09-02 16:30:25,2026-09-02T16:43:48.511722+00:00,421.4702,,,,
standardized,dbs,KWD,SGD,KWD/SGD,100,SGD 50 – 200,amtBtw50And200,"SGD 40,000 – 100,000",std_40k_100k,otherCurrencies,2026-09-03 00:30:11,2026-09-02 16:30:25,2026-09-02T16:43:48.511722+00:00,421.4702,,,,
standardized,dbs,KWD,SGD,KWD/SGD,100,SGD 50 – 200,amtBtw50And200,SGD 50 – 200,std_50_200,otherCurrencies,2026-09-03 00:30:11,2026-09-02 16:30:25,2026-09-02T16:43:48.511722+00:00,421.4702,,,,
standardized,dbs,KWD,SGD,KWD/SGD,100,SGD < 50,amtLessThan50,SGD < 50,std_lt_50,otherCurrencies,2026-09-03 00:30:11,2026-09-02 16:30:25,2026-09-02T16:43:48.511722+00:00,423.1321,,,,
standardized,dbs,LKR,SGD,LKR/SGD,100,SGD 50 – 200,amtBtw50And200,"SGD 200 – 39,999.99",std_200_40k,otherCurrencies,2026-09-03 00:30:11,2026-09-02 16:30:25,2026-09-02T16:43:48.511722+00:00,0.3948,,,,
standardized,dbs,LKR,SGD,LKR/SGD,100,SGD 50 – 200,amtBtw50And200,"SGD 40,000 – 100,000",std_40k_100k,otherCurrencies,2026-09-03 00:30:11,2026-09-02 16:30:25,2026-09-02T16:43:48.511722+00:00,0.3948,,,,
standardized,dbs,LKR,SGD,LKR/SGD,100,SGD 50 – 200,amtBtw50And200,SGD 50 – 200,std_50_200,otherCurrencies,2026-09-03 00:30:11,2026-09-02 16:30:25,2026-09-02T16:43:48.511722+00:00,0.3948,,,,
standardized,dbs,LKR,SGD,LKR/SGD,100,SGD < 50,amtLessThan50,SGD < 50,std_lt_50,otherCurrencies,2026-09-03 00:30:11,2026-09-02 16:30:25,2026-09-02T16:43:48.511722+00:00,0.3948,,,,
standardized,dbs,MM1,SGD,MM1/SGD,100,SGD 50 – 200,amtBtw50And200,"SGD 200 – 39,999.99",std_200_40k,otherCurrencies,2026-09-03 00:30:11,2026-09-02 16:30:25,2026-09-02T16:43:48.511722+00:00,,,,,
standardized,dbs,MM1,SGD,MM1/SGD,100,SGD 50 – 200,amtBtw50And200,"SGD 40,000 – 100,000",std_40k_100k,otherCurrencies,2026-09-03 00:30:11,2026-09-02 16:30:25,2026-09-02T16:43:48.511722+00:00,,,,,
standardized,dbs,MM1,SGD,MM1/SGD,100,SGD 50 – 200,amtBtw50And200,SGD 50 – 200,std_50_200,otherCurrencies,2026-09-03 00:30:11,2026-09-02 16:30:25,2026-09-02T16:43:48.511722+00:00,,,,,
standardized,dbs,MM1,SGD,MM1/SGD,100,SGD < 50,amtLessThan50,SGD < 50,std_lt_50,otherCurrencies,2026-09-03 00:30:11,2026-09-02 16:30:25,2026-09-02T16:43:48.511722+00:00,,,,,
standardized,dbs,MMK,SGD,MMK/SGD,100,SGD 50 – 200,amtBtw50And200,"SGD 200 – 39,999.99",std_200_40k,otherCurrencies,2026-09-03 00:30:11,2026-09-02 16:30:25,2026-09-02T16:43:48.511722+00:00,0.0323,,,,
standardized,dbs,MMK,SGD,MMK/SGD,100,SGD 50 – 200,amtBtw50And200,"SGD 40,000 – 100,000",std_40k_100k,otherCurrencies,2026-09-03 00:30:11,2026-09-02 16:30:25,2026-09-02T16:43:48.511722+00:00,0.0323,,,,
standardized,dbs,MMK,SGD,MMK/SGD,100,SGD 50 – 200,amtBtw50And200,SGD 50 – 200,std_50_200,otherCurrencies,2026-09-03 00:30:11,2026-09-02 16:30:25,2026-09-02T16:43:48.511722+00:00,0.0323,,,,
standardized,dbs,MMK,SGD,MMK/SGD,100,SGD < 50,amtLessThan50,SGD < 50,std_lt_50,otherCurrencies,2026-09-03 00:30:11,2026-09-02 16:30:25,2026-09-02T16:43:48.511722+00:00,0.0323,,,,
standardized,dbs,MUR,SGD,MUR/SGD,100,SGD 50 – 200,amtBtw50And200,"SGD 200 – 39,999.99",std_200_40k,otherCurrencies,2026-09-03 00:30:11,2026-09-02 16:30:25,2026-09-02T16:43:48.511722+00:00,2.7085,,,,
standardized,dbs,MUR,SGD,MUR/SGD,100,SGD 50 – 200,amtBtw50And200,"SGD 40,000 – 100,000",std_40k_100k,otherCurrencies,2026-09-03 00:30:11,2026-09-02 16:30:25,2026-09-02T16:43:48.511722+00:00,2.7085,,,,
standardized,dbs,MUR,SGD,MUR/SGD,100,SGD 50 – 200,amtBtw50And200,SGD 50 – 200,std_50_200,otherCurrencies,2026-09-03 00:30:11,2026-09-02 16:30:25,2026-09-02T16:43:48.511722+00:00,2.7085,,,,
standardized,dbs,MUR,SGD,MUR/SGD,100,SGD < 50,amtLessThan50,SGD < 50,std_lt_50,otherCurrencies,2026-09-03 00:30:11,2026-09-02 16:30:25,2026-09-02T16:43:48.511722+00:00,2.7192,,,,
standardized,dbs,MXN,SGD,MXN/SGD,100,SGD 50 – 200,amtBtw50And200,"SGD 200 – 39,999.99",std_200_40k,mainCurrencies,2026-09-03 00:30:11,2026-09-02 16:30:25,2026-09-02T16:43:48.511722+00:00,7.5934,,,,
standardized,dbs,MXN,SGD,MXN/SGD,100,SGD 50 – 200,amtBtw50And200,"SGD 40,000 – 100,000",std_40k_100k,mainCurrencies,2026-09-03 00:30:11,2026-09-02 16:30:25,2026-09-02T16:43:48.511722+00:00,7.5934,,,,
standardized,dbs,MXN,SGD,MXN/SGD,100,SGD 50 – 200,amtBtw50And200,SGD 50 – 200,std_50_200,mainCurrencies,2026-09-03 00:30:11,2026-09-02 16:30:25,2026-09-02T16:43:48.511722+00:00,7.5934,,,,
standardized,dbs,MXN,SGD,MXN/SGD,100,SGD < 50,amtLessThan50,SGD < 50,std_lt_50,mainCurrencies,2026-09-03 00:30:11,2026-09-02 16:30:25,2026-09-02T16:43:48.511722+00:00,7.5935,,,,
standardized,dbs,MY0,SGD,MY0/SGD,1,SGD 50 – 200,amtBtw50And200,"SGD 200 – 39,999.99",std_200_40k,otherCurrencies,2026-09-03 00:30:11,2026-09-02 16:30:25,2026-09-02T16:43:48.511722+00:00,,0.3137,,,
standardized,dbs,MY0,SGD,MY0/SGD,1,SGD 50 – 200,amtBtw50And200,"SGD 40,000 – 100,000",std_40k_100k,otherCurrencies,2026-09-03 00:30:11,2026-09-02 16:30:25,2026-09-02T16:43:48.511722+00:00,,0.3137,,,
standardized,dbs,MY0,SGD,MY0/SGD,1,SGD 50 – 200,amtBtw50And200,SGD 50 – 200,std_50_200,otherCurrencies,2026-09-03 00:30:11,2026-09-02 16:30:25,2026-09-02T16:43:48.511722+00:00,,0.3137,,,
standardized,dbs,MY0,SGD,MY0/SGD,1,SGD < 50,amtLessThan50,SGD < 50,std_lt_50,otherCurrencies,2026-09-03 00:30:11,2026-09-02 16:30:25,2026-09-02T16:43:48.511722+00:00,,0.3137,,,
standardized,dbs,MYR,SGD,MYR/SGD,1,SGD 50 – 200,amtBtw50And200,"SGD 200 – 39,999.99",std_200_40k,otherCurrencies,2026-09-03 00:30:11,2026-09-02 16:30:25,2026-09-02T16:43:48.511722+00:00,0.3177,,,,
standardized,dbs,MYR,SGD,MYR/SGD,1,SGD 50 – 200,amtBtw50And200,"SGD 40,000 – 100,000",std_40k_100k,otherCurrencies,2026-09-03 00:30:11,2026-09-02 16:30:25,2026-09-02T16:43:48.511722+00:00,0.3177,,,,
standardized,dbs,MYR,SGD,MYR/SGD,1,SGD 50 – 200,amtBtw50And200,SGD 50 – 200,std_50_200,otherCurrencies,2026-09-03 00:30:11,2026-09-02 16:30:25,2026-09-02T16:43:48.511722+00:00,0.3177,,,,
standardized,dbs,MYR,SGD,MYR/SGD,1,SGD < 50,amtLessThan50,SGD < 50,std_lt_50,otherCurrencies,2026-09-03 00:30:11,2026-09-02 16:30:25,2026-09-02T16:43:48.511722+00:00,0.3177,,,,
standardized,dbs,NOK,SGD,NOK/SGD,1,SGD 50 – 200,amtBtw50And200,"SGD 200 – 39,999.99",std_200_40k,mainCurrencies,2026-09-03 00:30:11,2026-09-02 16:30:25,2026-09-02T16:43:48.511722+00:00,0.1384,0.1345,0.13645000000000002,1.429094906559164,1.4290949065591843
standardized,dbs,NOK,SGD,NOK/SGD,1,SGD 50 – 200,amtBtw50And200,"SGD 40,000 – 100,000",std_40k_100k,mainCurrencies,2026-09-03 00:30:11,2026-09-02 16:30:25,2026-09-02T16:43:48.511722+00:00,0.1384,0.1345,0.13645000000000002,1.429094906559164,1.4290949065591843
standardized,dbs,NOK,SGD,NOK/SGD,1,SGD 50 – 200,amtBtw50And200,SGD 50 – 200,std_50_200,mainCurrencies,2026-09-03 00:30:11,2026-09-02 16:30:25,2026-09-02T16:43:48.511722+00:00,0.1384,0.1345,0.13645000000000002,1.429094906559164,1.4290949065591843
standardized,dbs,NOK,SGD,NOK/SGD,1,SGD < 50,amtLessThan50,SGD < 50,std_lt_50,mainCurrencies,2026-09-03 00:30:11,2026-09-02 16:30:25,2026-09-02T16:43:48.511722+00:00,0.1388,0.1342,0.1365,1.684981684981682,1.684981684981682
standardized,dbs,NZD,SGD,NZD/SGD,1,SGD 50 – 200,amtBtw50And200,"SGD 200 – 39,999.99",std_200_40k,mainCurrencies,2026-09-03 00:30:11,2026-09-02 16:30:25,2026-09-02T16:43:48.511722+00:00,0.7515,0.7343,0.7428999999999999,1.1576255216045301,1.157625521604515
standardized,dbs,NZD,SGD,NZD/SGD,1,SGD 50 – 200,amtBtw50And200,"SGD 40,000 – 100,000",std_40k_100k,mainCurrencies,2026-09-03 00:30:11,2026-09-02 16:30:25,2026-09-02T16:43:48.511722+00:00,0.7515,0.7343,0.7428999999999999,1.1576255216045301,1.157625521604515
standardized,dbs,NZD,SGD,NZD/SGD,1,SGD 50 – 200,amtBtw50And200,SGD 50 – 200,std_50_200,mainCurrencies,2026-09-03 00:30:11,2026-09-02 16:30:25,2026-09-02T16:43:48.511722+00:00,0.7515,0.7343,0.7428999999999999,1.1576255216045301,1.157625521604515
standardized,dbs,NZD,SGD,NZD/SGD,1,SGD < 50,amtLessThan50,SGD < 50,std_lt_50,mainCurrencies,2026-09-03 00:30:11,2026-09-02 16:30:25,2026-09-02T16:43:48.511722+00:00,0.7522,0.7335,0.74285,1.2586659487110412,1.2586659487110412
standardized,dbs,OMR,SGD,OMR/SGD,1,SGD 50 – 200,amtBtw50And200,"SGD 200 – 39,999.99",std_200_40k,otherCurrencies,2026-09-03 00:30:11,2026-09-02 16:30:25,2026-09-02T16:43:48.511722+00:00,3.3272,,,,
standardized,dbs,OMR,SGD,OMR/SGD,1,SGD 50 – 200,amtBtw50And200,"SGD 40,000 – 100,000",std_40k_100k,otherCurrencies,2026-09-03 00:30:11,2026-09-02 16:30:25,2026-09-02T16:43:48.511722+00:00,3.3272,,,,
standardized,dbs,OMR,SGD,OMR/SGD,1,SGD 50 – 200,amtBtw50And200,SGD 50 – 200,std_50_200,otherCurrencies,2026-09-03 00:30:11,2026-09-02 16:30:25,2026-09-02T16:43:48.511722+00:00,3.3272,,,,
standardized,dbs,OMR,SGD,OMR/SGD,1,SGD < 50,amtLessThan50,SGD < 50,std_lt_50,otherCurrencies,2026-09-03 00:30:11,2026-09-02 16:30:25,2026-09-02T16:43:48.511722+00:00,3.3272,,,,
standardized,dbs,PH0,SGD,PH0/SGD,100,SGD 50 – 200,amtBtw50And200,"SGD 200 – 39,999.99",std_200_40k,otherCurrencies,2026-09-03 00:30:11,2026-09-02 16:30:25,2026-09-02T16:43:48.511722+00:00,,2.0258,,,
standardized,dbs,PH0,SGD,PH0/SGD,100,SGD 50 – 200,amtBtw50And200,"SGD 40,000 – 100,000",std_40k_100k,otherCurrencies,2026-09-03 00:30:11,2026-09-02 16:30:25,2026-09-02T16:43:48.511722+00:00,,2.0258,,,
standardized,dbs,PH0,SGD,PH0/SGD,100,SGD 50 – 200,amtBtw50And200,SGD 50 – 200,std_50_200,otherCurrencies,2026-09-03 00:30:11,2026-09-02 16:30:25,2026-09-02T16:43:48.511722+00:00,,2.0258,,,
standardized,dbs,PH0,SGD,PH0/SGD,100,SGD < 50,amtLessThan50,SGD < 50,std_lt_50,otherCurrencies,2026-09-03 00:30:11,2026-09-02 16:30:25,2026-09-02T16:43:48.511722+00:00,,2.0258,,,
standardized,dbs,PHP,SGD,PHP/SGD,100,SGD 50 – 200,amtBtw50And200,"SGD 200 – 39,999.99",std_200_40k,otherCurrencies,2026-09-03 00:30:11,2026-09-02 16:30:25,2026-09-02T16:43:48.511722+00:00,2.053,,,,
standardized,dbs,PHP,SGD,PHP/SGD,100,SGD 50 – 200,amtBtw50And200,"SGD 40,000 – 100,000",std_40k_100k,otherCurrencies,2026-09-03 00:30:11,2026-09-02 16:30:25,2026-09-02T16:43:48.511722+00:00,2.053,,,,
standardized,dbs,PHP,SGD,PHP/SGD,100,SGD 50 – 200,amtBtw50And200,SGD 50 – 200,std_50_200,otherCurrencies,2026-09-03 00:30:11,2026-09-02 16:30:25,2026-09-02T16:43:48.511722+00:00,2.053,,,,
standardized,dbs,PHP,SGD,PHP/SGD,100,SGD < 50,amtLessThan50,SGD < 50,std_lt_50,otherCurrencies,2026-09-03 00:30:11,2026-09-02 16:30:25,2026-09-02T16:43:48.511722+00:00,2.0684,,,,
standardized,dbs,PLN,SGD,PLN/SGD,1,SGD 50 – 200,amtBtw50And200,"SGD 200 – 39,999.99",std_200_40k,otherCurrencies,2026-09-03 00:30:11,2026-09-02 16:30:25,2026-09-02T16:43:48.511722+00:00,0.346,,,,
standardized,dbs,PLN,SGD,PLN/SGD,1,SGD 50 – 200,amtBtw50And200,"SGD 40,000 – 100,000",std_40k_100k,otherCurrencies,2026-09-03 00:30:11,2026-09-02 16:30:25,2026-09-02T16:43:48.511722+00:00,0.346,,,,
standardized,dbs,PLN,SGD,PLN/SGD,1,SGD 50 – 200,amtBtw50And200,SGD 50 – 200,std_50_200,otherCurrencies,2026-09-03 00:30:11,2026-09-02 16:30:25,2026-09-02T16:43:48.511722+00:00,0.346,,,,
standardized,dbs,PLN,SGD,PLN/SGD,1,SGD < 50,amtLessThan50,SGD < 50,std_lt_50,otherCurrencies,2026-09-03 00:30:11,2026-09-02 16:30:25,2026-09-02T16:43:48.511722+00:00,0.3473,,,,
standardized,dbs,QAR,SGD,QAR/SGD,1,SGD 50 – 200,amtBtw50And200,"SGD 200 – 39,999.99",std_200_40k,otherCurrencies,2026-09-03 00:30:11,2026-09-02 16:30:25,2026-09-02T16:43:48.511722+00:00,0.3565,,,,
standardized,dbs,QAR,SGD,QAR/SGD,1,SGD 50 – 200,amtBtw50And200,"SGD 40,000 – 100,000",std_40k_100k,otherCurrencies,2026-09-03 00:30:11,2026-09-02 16:30:25,2026-09-02T16:43:48.511722+00:00,0.3565,,,,
standardized,dbs,QAR,SGD,QAR/SGD,1,SGD 50 – 200,amtBtw50And200,SGD 50 – 200,std_50_200,otherCurrencies,2026-09-03 00:30:11,2026-09-02 16:30:25,2026-09-02T16:43:48.511722+00:00,0.3565,,,,
standardized,dbs,QAR,SGD,QAR/SGD,1,SGD < 50,amtLessThan50,SGD < 50,std_lt_50,otherCurrencies,2026-09-03 00:30:11,2026-09-02 16:30:25,2026-09-02T16:43:48.511722+00:00,0.3579,,,,
standardized,dbs,RUB,SGD,RUB/SGD,100,SGD 50 – 200,amtBtw50And200,"SGD 200 – 39,999.99",std_200_40k,mainCurrencies,2026-09-03 00:30:11,2026-09-02 16:30:25,2026-09-02T16:43:48.511722+00:00,,,,,
standardized,dbs,RUB,SGD,RUB/SGD,100,SGD 50 – 200,amtBtw50And200,"SGD 40,000 – 100,000",std_40k_100k,mainCurrencies,2026-09-03 00:30:11,2026-09-02 16:30:25,2026-09-02T16:43:48.511722+00:00,,,,,
standardized,dbs,RUB,SGD,RUB/SGD,100,SGD 50 – 200,amtBtw50And200,SGD 50 – 200,std_50_200,mainCurrencies,2026-09-03 00:30:11,2026-09-02 16:30:25,2026-09-02T16:43:48.511722+00:00,,,,,
standardized,dbs,RUB,SGD,RUB/SGD,100,SGD < 50,amtLessThan50,SGD < 50,std_lt_50,mainCurrencies,2026-09-03 00:30:11,2026-09-02 16:30:25,2026-09-02T16:43:48.511722+00:00,,,,,
standardized,dbs,SAR,SGD,SAR/SGD,100,SGD 50 – 200,amtBtw50And200,"SGD 200 – 39,999.99",std_200_40k,otherCurrencies,2026-09-03 00:30:11,2026-09-02 16:30:25,2026-09-02T16:43:48.511722+00:00,34.2819,,,,
standardized,dbs,SAR,SGD,SAR/SGD,100,SGD 50 – 200,amtBtw50And200,"SGD 40,000 – 100,000",std_40k_100k,otherCurrencies,2026-09-03 00:30:11,2026-09-02 16:30:25,2026-09-02T16:43:48.511722+00:00,34.2819,,,,
standardized,dbs,SAR,SGD,SAR/SGD,100,SGD 50 – 200,amtBtw50And200,SGD 50 – 200,std_50_200,otherCurrencies,2026-09-03 00:30:11,2026-09-02 16:30:25,2026-09-02T16:43:48.511722+00:00,34.2819,,,,
standardized,dbs,SAR,SGD,SAR/SGD,100,SGD < 50,amtLessThan50,SGD < 50,std_lt_50,otherCurrencies,2026-09-03 00:30:11,2026-09-02 16:30:25,2026-09-02T16:43:48.511722+00:00,34.2819,,,,
standardized,dbs,SEK,SGD,SEK/SGD,1,SGD 50 – 200,amtBtw50And200,"SGD 200 – 39,999.99",std_200_40k,mainCurrencies,2026-09-03 00:30:11,2026-09-02 16:30:25,2026-09-02T16:43:48.511722+00:00,0.1339,0.1302,0.13205,1.4009844755774257,1.4009844755774257
standardized,dbs,SEK,SGD,SEK/SGD,1,SGD 50 – 200,amtBtw50And200,"SGD 40,000 – 100,000",std_40k_100k,mainCurrencies,2026-09-03 00:30:11,2026-09-02 16:30:25,2026-09-02T16:43:48.511722+00:00,0.1339,0.1302,0.13205,1.4009844755774257,1.4009844755774257
standardized,dbs,SEK,SGD,SEK/SGD,1,SGD 50 – 200,amtBtw50And200,SGD 50 – 200,std_50_200,mainCurrencies,2026-09-03 00:30:11,2026-09-02 16:30:25,2026-09-02T16:43:48.511722+00:00,0.1339,0.1302,0.13205,1.4009844755774257,1.4009844755774257
standardized,dbs,SEK,SGD,SEK/SGD,1,SGD < 50,amtLessThan50,SGD < 50,std_lt_50,mainCurrencies,2026-09-03 00:30:11,2026-09-02 16:30:25,2026-09-02T16:43:48.511722+00:00,0.1344,0.1297,0.13205,1.7796289284361917,1.7796289284361917
standardized,dbs,THB,SGD,THB/SGD,100,SGD 50 – 200,amtBtw50And200,"SGD 200 – 39,999.99",std_200_40k,mainCurrencies,2026-09-03 00:30:11,2026-09-02 16:30:25,2026-09-02T16:43:48.511722+00:00,3.8899,3.7735,3.8316999999999997,1.5189080564762445,1.5189080564762327
standardized,dbs,THB,SGD,THB/SGD,100,SGD 50 – 200,amtBtw50And200,"SGD 40,000 – 100,000",std_40k_100k,mainCurrencies,2026-09-03 00:30:11,2026-09-02 16:30:25,2026-09-02T16:43:48.511722+00:00,3.8899,3.7735,3.8316999999999997,1.5189080564762445,1.5189080564762327
standardized,dbs,THB,SGD,THB/SGD,100,SGD 50 – 200,amtBtw50And200,SGD 50 – 200,std_50_200,mainCurrencies,2026-09-03 00:30:11,2026-09-02 16:30:25,2026-09-02T16:43:48.511722+00:00,3.8899,3.7735,3.8316999999999997,1.5189080564762445,1.5189080564762327
standardized,dbs,THB,SGD,THB/SGD,100,SGD < 50,amtLessThan50,SGD < 50,std_lt_50,mainCurrencies,2026-09-03 00:30:11,2026-09-02 16:30:25,2026-09-02T16:43:48.511722+00:00,3.8941,3.7692,3.83165,1.6298461498310157,1.6298461498310042
standardized,dbs,TND,SGD,TND/SGD,1,SGD 50 – 200,amtBtw50And200,"SGD 200 – 39,999.99",std_200_40k,otherCurrencies,2026-09-03 00:30:11,2026-09-02 16:30:25,2026-09-02T16:43:48.511722+00:00,0.4425,,,,
standardized,dbs,TND,SGD,TND/SGD,1,SGD 50 – 200,amtBtw50And200,"SGD 40,000 – 100,000",std_40k_100k,otherCurrencies,2026-09-03 00:30:11,2026-09-02 16:30:25,2026-09-02T16:43:48.511722+00:00,0.4425,,,,
standardized,dbs,TND,SGD,TND/SGD,1,SGD 50 – 200,amtBtw50And200,SGD 50 – 200,std_50_200,otherCurrencies,2026-09-03 00:30:11,2026-09-02 16:30:25,2026-09-02T16:43:48.511722+00:00,0.4425,,,,
standardized,dbs,TND,SGD,TND/SGD,1,SGD < 50,amtLessThan50,SGD < 50,std_lt_50,otherCurrencies,2026-09-03 00:30:11,2026-09-02 16:30:25,2026-09-02T16:43:48.511722+00:00,0.4425,,,,
standardized,dbs,TWD,SGD,TWD/SGD,100,SGD 50 – 200,amtBtw50And200,"SGD 200 – 39,999.99",std_200_40k,otherCurrencies,2026-09-03 00:30:11,2026-09-02 16:30:25,2026-09-02T16:43:48.511722+00:00,4.0549,,,,
standardized,dbs,TWD,SGD,TWD/SGD,100,SGD 50 – 200,amtBtw50And200,"SGD 40,000 – 100,000",std_40k_100k,otherCurrencies,2026-09-03 00:30:11,2026-09-02 16:30:25,2026-09-02T16:43:48.511722+00:00,4.0549,,,,
standardized,dbs,TWD,SGD,TWD/SGD,100,SGD 50 – 200,amtBtw50And200,SGD 50 – 200,std_50_200,otherCurrencies,2026-09-03 00:30:11,2026-09-02 16:30:25,2026-09-02T16:43:48.511722+00:00,4.0549,,,,
standardized,dbs,TWD,SGD,TWD/SGD,100,SGD < 50,amtLessThan50,SGD < 50,std_lt_50,otherCurrencies,2026-09-03 00:30:11,2026-09-02 16:30:25,2026-09-02T16:43:48.511722+00:00,4.0589,,,,
standardized,dbs,USD,SGD,USD/SGD,1,SGD 50 – 200,amtBtw50And200,"SGD 200 – 39,999.99",std_200_40k,mainCurrencies,2026-09-03 00:30:11,2026-09-02 16:30:25,2026-09-02T16:43:48.511722+00:00,1.282,1.2608,1.2713999999999999,0.8337266005977793,0.8337266005977619
standardized,dbs,USD,SGD,USD/SGD,1,SGD 50 – 200,amtBtw50And200,"SGD 40,000 – 100,000",std_40k_100k,mainCurrencies,2026-09-03 00:30:11,2026-09-02 16:30:25,2026-09-02T16:43:48.511722+00:00,1.282,1.2608,1.2713999999999999,0.8337266005977793,0.8337266005977619
standardized,dbs,USD,SGD,USD/SGD,1,SGD 50 – 200,amtBtw50And200,SGD 50 – 200,std_50_200,mainCurrencies,2026-09-03 00:30:11,2026-09-02 16:30:25,2026-09-02T16:43:48.511722+00:00,1.282,1.2608,1.2713999999999999,0.8337266005977793,0.8337266005977619
standardized,dbs,USD,SGD,USD/SGD,1,SGD < 50,amtLessThan50,SGD < 50,std_lt_50,mainCurrencies,2026-09-03 00:30:11,2026-09-02 16:30:25,2026-09-02T16:43:48.511722+00:00,1.2829,1.2599,1.2713999999999999,0.904514708195695,0.9045147081956776
standardized,dbs,VND,SGD,VND/SGD,100,SGD 50 – 200,amtBtw50And200,"SGD 200 – 39,999.99",std_200_40k,otherCurrencies,2026-09-03 00:30:11,2026-09-02 16:30:25,2026-09-02T16:43:48.511722+00:00,0.005,,,,
standardized,dbs,VND,SGD,VND/SGD,100,SGD 50 – 200,amtBtw50And200,"SGD 40,000 – 100,000",std_40k_100k,otherCurrencies,2026-09-03 00:30:11,2026-09-02 16:30:25,2026-09-02T16:43:48.511722+00:00,0.005,,,,
standardized,dbs,VND,SGD,VND/SGD,100,SGD 50 – 200,amtBtw50And200,SGD 50 – 200,std_50_200,otherCurrencies,2026-09-03 00:30:11,2026-09-02 16:30:25,2026-09-02T16:43:48.511722+00:00,0.005,,,,
standardized,dbs,VND,SGD,VND/SGD,100,SGD < 50,amtLessThan50,SGD < 50,std_lt_50,otherCurrencies,2026-09-03 00:30:11,2026-09-02 16:30:25,2026-09-02T16:43:48.511722+00:00,0.005,,,,
standardized,dbs,XAU,SGD,XAU/SGD,1,SGD 50 – 200,amtBtw50And200,"SGD 200 – 39,999.99",std_200_40k,otherCurrencies,2026-09-03 00:30:11,2026-09-02 16:30:25,2026-09-02T16:43:48.511722+00:00,5587.021,5519.578,5553.2995,0.6072335914891616,0.6072335914891616
standardized,dbs,XAU,SGD,XAU/SGD,1,SGD 50 – 200,amtBtw50And200,"SGD 40,000 – 100,000",std_40k_100k,otherCurrencies,2026-09-03 00:30:11,2026-09-02 16:30:25,2026-09-02T16:43:48.511722+00:00,5587.021,5519.578,5553.2995,0.6072335914891616,0.6072335914891616
standardized,dbs,XAU,SGD,XAU/SGD,1,SGD 50 – 200,amtBtw50And200,SGD 50 – 200,std_50_200,otherCurrencies,2026-09-03 00:30:11,2026-09-02 16:30:25,2026-09-02T16:43:48.511722+00:00,5587.021,5519.578,5553.2995,0.6072335914891616,0.6072335914891616
standardized,dbs,XAU,SGD,XAU/SGD,1,SGD < 50,amtLessThan50,SGD < 50,std_lt_50,otherCurrencies,2026-09-03 00:30:11,2026-09-02 16:30:25,2026-09-02T16:43:48.511722+00:00,5586.945,5519.458,5553.201499999999,0.607640475498692,0.6076404754986757
standardized,dbs,ZAR,SGD,ZAR/SGD,1,SGD 50 – 200,amtBtw50And200,"SGD 200 – 39,999.99",std_200_40k,otherCurrencies,2026-09-03 00:30:11,2026-09-02 16:30:25,2026-09-02T16:43:48.511722+00:00,0.0801,0.0781,0.0791,1.2642225031605574,1.2642225031605574
standardized,dbs,ZAR,SGD,ZAR/SGD,1,SGD 50 – 200,amtBtw50And200,"SGD 40,000 – 100,000",std_40k_100k,otherCurrencies,2026-09-03 00:30:11,2026-09-02 16:30:25,2026-09-02T16:43:48.511722+00:00,0.0801,0.0781,0.0791,1.2642225031605574,1.2642225031605574
standardized,dbs,ZAR,SGD,ZAR/SGD,1,SGD 50 – 200,amtBtw50And200,SGD 50 – 200,std_50_200,otherCurrencies,2026-09-03 00:30:11,2026-09-02 16:30:25,2026-09-02T16:43:48.511722+00:00,0.0801,0.0781,0.0791,1.2642225031605574,1.2642225031605574
standardized,dbs,ZAR,SGD,ZAR/SGD,1,SGD < 50,amtLessThan50,SGD < 50,std_lt_50,otherCurrencies,2026-09-03 00:30:11,2026-09-02 16:30:25,2026-09-02T16:43:48.511722+00:00,0.0804,0.0778,0.0791,1.6434892541087174,1.6434892541087351
standardized,hsbc,AED,SGD,AED/SGD,100,Indicative board,board,"SGD 200 – 39,999.99",std_200_40k,indicative_fx,2026-9-2,2026-9-2,2026-09-02T16:43:52.794602+00:00,35.81,33.55,34.68,3.258362168396778,3.258362168396778
standardized,hsbc,AED,SGD,AED/SGD,100,Indicative board,board,"SGD 40,000 – 100,000",std_40k_100k,indicative_fx,2026-9-2,2026-9-2,2026-09-02T16:43:52.794602+00:00,35.81,33.55,34.68,3.258362168396778,3.258362168396778
standardized,hsbc,AED,SGD,AED/SGD,100,Indicative board,board,SGD 50 – 200,std_50_200,indicative_fx,2026-9-2,2026-9-2,2026-09-02T16:43:52.794602+00:00,35.81,33.55,34.68,3.258362168396778,3.258362168396778
standardized,hsbc,AED,SGD,AED/SGD,100,Indicative board,board,SGD < 50,std_lt_50,indicative_fx,2026-9-2,2026-9-2,2026-09-02T16:43:52.794602+00:00,35.81,33.55,34.68,3.258362168396778,3.258362168396778
standardized,hsbc,AUD,SGD,AUD/SGD,1,Indicative board,board,"SGD 200 – 39,999.99",std_200_40k,indicative_fx,2026-9-2,2026-9-2,2026-09-02T16:43:52.794602+00:00,0.937,0.8822,0.9096,3.0123131046614,3.012313104661388
standardized,hsbc,AUD,SGD,AUD/SGD,1,Indicative board,board,"SGD 40,000 – 100,000",std_40k_100k,indicative_fx,2026-9-2,2026-9-2,2026-09-02T16:43:52.794602+00:00,0.937,0.8822,0.9096,3.0123131046614,3.012313104661388
standardized,hsbc,AUD,SGD,AUD/SGD,1,Indicative board,board,SGD 50 – 200,std_50_200,indicative_fx,2026-9-2,2026-9-2,2026-09-02T16:43:52.794602+00:00,0.937,0.8822,0.9096,3.0123131046614,3.012313104661388
standardized,hsbc,AUD,SGD,AUD/SGD,1,Indicative board,board,SGD < 50,std_lt_50,indicative_fx,2026-9-2,2026-9-2,2026-09-02T16:43:52.794602+00:00,0.937,0.8822,0.9096,3.0123131046614,3.012313104661388
standardized,hsbc,CAD,SGD,CAD/SGD,1,Indicative board,board,"SGD 200 – 39,999.99",std_200_40k,indicative_fx,2026-9-2,2026-9-2,2026-09-02T16:43:52.794602+00:00,0.944,0.8888,0.9164,3.011785246617193,3.011785246617193
standardized,hsbc,CAD,SGD,CAD/SGD,1,Indicative board,board,"SGD 40,000 – 100,000",std_40k_100k,indicative_fx,2026-9-2,2026-9-2,2026-09-02T16:43:52.794602+00:00,0.944,0.8888,0.9164,3.011785246617193,3.011785246617193
standardized,hsbc,CAD,SGD,CAD/SGD,1,Indicative board,board,SGD 50 – 200,std_50_200,indicative_fx,2026-9-2,2026-9-2,2026-09-02T16:43:52.794602+00:00,0.944,0.8888,0.9164,3.011785246617193,3.011785246617193
standardized,hsbc,CAD,SGD,CAD/SGD,1,Indicative board,board,SGD < 50,std_lt_50,indicative_fx,2026-9-2,2026-9-2,2026-09-02T16:43:52.794602+00:00,0.944,0.8888,0.9164,3.011785246617193,3.011785246617193
standardized,hsbc,CHF,SGD,CHF/SGD,100,Indicative board,board,"SGD 200 – 39,999.99",std_200_40k,indicative_fx,2026-9-2,2026-9-2,2026-09-02T16:43:52.794602+00:00,161.52,152.06,156.79000000000002,3.0167740289559215,3.0167740289559397
standardized,hsbc,CHF,SGD,CHF/SGD,100,Indicative board,board,"SGD 40,000 – 100,000",std_40k_100k,indicative_fx,2026-9-2,2026-9-2,2026-09-02T16:43:52.794602+00:00,161.52,152.06,156.79000000000002,3.0167740289559215,3.0167740289559397
standardized,hsbc,CHF,SGD,CHF/SGD,100,Indicative board,board,SGD 50 – 200,std_50_200,indicative_fx,2026-9-2,2026-9-2,2026-09-02T16:43:52.794602+00:00,161.52,152.06,156.79000000000002,3.0167740289559215,3.0167740289559397
standardized,hsbc,CHF,SGD,CHF/SGD,100,Indicative board,board,SGD < 50,std_lt_50,indicative_fx,2026-9-2,2026-9-2,2026-09-02T16:43:52.794602+00:00,161.52,152.06,156.79000000000002,3.0167740289559215,3.0167740289559397
standardized,hsbc,CNY,SGD,CNY/SGD,100,Indicative board,board,"SGD 200 – 39,999.99",std_200_40k,indicative_fx,2026-9-2,2026-9-2,2026-09-02T16:43:52.794602+00:00,19.56,18.33,18.945,3.246239113222478,3.246239113222497
standardized,hsbc,CNY,SGD,CNY/SGD,100,Indicative board,board,"SGD 40,000 – 100,000",std_40k_100k,indicative_fx,2026-9-2,2026-9-2,2026-09-02T16:43:52.794602+00:00,19.56,18.33,18.945,3.246239113222478,3.246239113222497
standardized,hsbc,CNY,SGD,CNY/SGD,100,Indicative board,board,SGD 50 – 200,std_50_200,indicative_fx,2026-9-2,2026-9-2,2026-09-02T16:43:52.794602+00:00,19.56,18.33,18.945,3.246239113222478,3.246239113222497
standardized,hsbc,CNY,SGD,CNY/SGD,100,Indicative board,board,SGD < 50,std_lt_50,indicative_fx,2026-9-2,2026-9-2,2026-09-02T16:43:52.794602+00:00,19.56,18.33,18.945,3.246239113222478,3.246239113222497
standardized,hsbc,DKK,SGD,DKK/SGD,100,Indicative board,board,"SGD 200 – 39,999.99",std_200_40k,indicative_fx,2026-9-2,2026-9-2,2026-09-02T16:43:52.794602+00:00,20.34,19.15,19.744999999999997,3.013421119270714,3.013421119270696
standardized,hsbc,DKK,SGD,DKK/SGD,100,Indicative board,board,"SGD 40,000 – 100,000",std_40k_100k,indicative_fx,2026-9-2,2026-9-2,2026-09-02T16:43:52.794602+00:00,20.34,19.15,19.744999999999997,3.013421119270714,3.013421119270696
standardized,hsbc,DKK,SGD,DKK/SGD,100,Indicative board,board,SGD 50 – 200,std_50_200,indicative_fx,2026-9-2,2026-9-2,2026-09-02T16:43:52.794602+00:00,20.34,19.15,19.744999999999997,3.013421119270714,3.013421119270696
standardized,hsbc,DKK,SGD,DKK/SGD,100,Indicative board,board,SGD < 50,std_lt_50,indicative_fx,2026-9-2,2026-9-2,2026-09-02T16:43:52.794602+00:00,20.34,19.15,19.744999999999997,3.013421119270714,3.013421119270696
standardized,hsbc,EUR,SGD,EUR/SGD,1,Indicative board,board,"SGD 200 – 39,999.99",std_200_40k,indicative_fx,2026-9-2,2026-9-2,2026-09-02T16:43:52.794602+00:00,1.5201,1.4313,1.4757,3.008741614149217,3.008741614149217
standardized,hsbc,EUR,SGD,EUR/SGD,1,Indicative board,board,"SGD 40,000 – 100,000",std_40k_100k,indicative_fx,2026-9-2,2026-9-2,2026-09-02T16:43:52.794602+00:00,1.5201,1.4313,1.4757,3.008741614149217,3.008741614149217
standardized,hsbc,EUR,SGD,EUR/SGD,1,Indicative board,board,SGD 50 – 200,std_50_200,indicative_fx,2026-9-2,2026-9-2,2026-09-02T16:43:52.794602+00:00,1.5201,1.4313,1.4757,3.008741614149217,3.008741614149217
standardized,hsbc,EUR,SGD,EUR/SGD,1,Indicative board,board,SGD < 50,std_lt_50,indicative_fx,2026-9-2,2026-9-2,2026-09-02T16:43:52.794602+00:00,1.5201,1.4313,1.4757,3.008741614149217,3.008741614149217
standardized,hsbc,FJD,SGD,FJD/SGD,1,Indicative board,board,"SGD 200 – 39,999.99",std_200_40k,indicative_fx,2026-9-2,2026-9-2,2026-09-02T16:43:52.794602+00:00,0.6044,,,,
standardized,hsbc,FJD,SGD,FJD/SGD,1,Indicative board,board,"SGD 40,000 – 100,000",std_40k_100k,indicative_fx,2026-9-2,2026-9-2,2026-09-02T16:43:52.794602+00:00,0.6044,,,,
standardized,hsbc,FJD,SGD,FJD/SGD,1,Indicative board,board,SGD 50 – 200,std_50_200,indicative_fx,2026-9-2,2026-9-2,2026-09-02T16:43:52.794602+00:00,0.6044,,,,
standardized,hsbc,FJD,SGD,FJD/SGD,1,Indicative board,board,SGD < 50,std_lt_50,indicative_fx,2026-9-2,2026-9-2,2026-09-02T16:43:52.794602+00:00,0.6044,,,,
standardized,hsbc,GBP,SGD,GBP/SGD,1,Indicative board,board,"SGD 200 – 39,999.99",std_200_40k,indicative_fx,2026-9-2,2026-9-2,2026-09-02T16:43:52.794602+00:00,1.7724,1.6687,1.72055,3.0135712417540876,3.0135712417540876
standardized,hsbc,GBP,SGD,GBP/SGD,1,Indicative board,board,"SGD 40,000 – 100,000",std_40k_100k,indicative_fx,2026-9-2,2026-9-2,2026-09-02T16:43:52.794602+00:00,1.7724,1.6687,1.72055,3.0135712417540876,3.0135712417540876
standardized,hsbc,GBP,SGD,GBP/SGD,1,Indicative board,board,SGD 50 – 200,std_50_200,indicative_fx,2026-9-2,2026-9-2,2026-09-02T16:43:52.794602+00:00,1.7724,1.6687,1.72055,3.0135712417540876,3.0135712417540876
standardized,hsbc,GBP,SGD,GBP/SGD,1,Indicative board,board,SGD < 50,std_lt_50,indicative_fx,2026-9-2,2026-9-2,2026-09-02T16:43:52.794602+00:00,1.7724,1.6687,1.72055,3.0135712417540876,3.0135712417540876
standardized,hsbc,HKD,SGD,HKD/SGD,100,Indicative board,board,"SGD 200 – 39,999.99",std_200_40k,indicative_fx,2026-9-2,2026-9-2,2026-09-02T16:43:52.794602+00:00,16.45,16.04,16.244999999999997,1.2619267466913011,1.2619267466912794
standardized,hsbc,HKD,SGD,HKD/SGD,100,Indicative board,board,"SGD 40,000 – 100,000",std_40k_100k,indicative_fx,2026-9-2,2026-9-2,2026-09-02T16:43:52.794602+00:00,16.45,16.04,16.244999999999997,1.2619267466913011,1.2619267466912794
standardized,hsbc,HKD,SGD,HKD/SGD,100,Indicative board,board,SGD 50 – 200,std_50_200,indicative_fx,2026-9-2,2026-9-2,2026-09-02T16:43:52.794602+00:00,16.45,16.04,16.244999999999997,1.2619267466913011,1.2619267466912794
standardized,hsbc,HKD,SGD,HKD/SGD,100,Indicative board,board,SGD < 50,std_lt_50,indicative_fx,2026-9-2,2026-9-2,2026-09-02T16:43:52.794602+00:00,16.45,16.04,16.244999999999997,1.2619267466913011,1.2619267466912794
standardized,hsbc,IDR,SGD,IDR/SGD,100,Indicative board,board,"SGD 200 – 39,999.99",std_200_40k,indicative_fx,2026-9-2,2026-9-2,2026-09-02T16:43:52.794602+00:00,0.0074,,,,
standardized,hsbc,IDR,SGD,IDR/SGD,100,Indicative board,board,"SGD 40,000 – 100,000",std_40k_100k,indicative_fx,2026-9-2,2026-9-2,2026-09-02T16:43:52.794602+00:00,0.0074,,,,
standardized,hsbc,IDR,SGD,IDR/SGD,100,Indicative board,board,SGD 50 – 200,std_50_200,indicative_fx,2026-9-2,2026-9-2,2026-09-02T16:43:52.794602+00:00,0.0074,,,,
standardized,hsbc,IDR,SGD,IDR/SGD,100,Indicative board,board,SGD < 50,std_lt_50,indicative_fx,2026-9-2,2026-9-2,2026-09-02T16:43:52.794602+00:00,0.0074,,,,
standardized,hsbc,INR,SGD,INR/SGD,100,Indicative board,board,"SGD 200 – 39,999.99",std_200_40k,indicative_fx,2026-9-2,2026-9-2,2026-09-02T16:43:52.794602+00:00,1.39,,,,
standardized,hsbc,INR,SGD,INR/SGD,100,Indicative board,board,"SGD 40,000 – 100,000",std_40k_100k,indicative_fx,2026-9-2,2026-9-2,2026-09-02T16:43:52.794602+00:00,1.39,,,,
standardized,hsbc,INR,SGD,INR/SGD,100,Indicative board,board,SGD 50 – 200,std_50_200,indicative_fx,2026-9-2,2026-9-2,2026-09-02T16:43:52.794602+00:00,1.39,,,,
standardized,hsbc,INR,SGD,INR/SGD,100,Indicative board,board,SGD < 50,std_lt_50,indicative_fx,2026-9-2,2026-9-2,2026-09-02T16:43:52.794602+00:00,1.39,,,,
standardized,hsbc,JPY,SGD,JPY/SGD,100,Indicative board,board,"SGD 200 – 39,999.99",std_200_40k,indicative_fx,2026-9-2,2026-9-2,2026-09-02T16:43:52.794602+00:00,0.819,0.7711,0.79505,3.012389157914586,3.0123891579146
standardized,hsbc,JPY,SGD,JPY/SGD,100,Indicative board,board,"SGD 40,000 – 100,000",std_40k_100k,indicative_fx,2026-9-2,2026-9-2,2026-09-02T16:43:52.794602+00:00,0.819,0.7711,0.79505,3.012389157914586,3.0123891579146
standardized,hsbc,JPY,SGD,JPY/SGD,100,Indicative board,board,SGD 50 – 200,std_50_200,indicative_fx,2026-9-2,2026-9-2,2026-09-02T16:43:52.794602+00:00,0.819,0.7711,0.79505,3.012389157914586,3.0123891579146
standardized,hsbc,JPY,SGD,JPY/SGD,100,Indicative board,board,SGD < 50,std_lt_50,indicative_fx,2026-9-2,2026-9-2,2026-09-02T16:43:52.794602+00:00,0.819,0.7711,0.79505,3.012389157914586,3.0123891579146
standardized,hsbc,LKR,SGD,LKR/SGD,100,Indicative board,board,"SGD 200 – 39,999.99",std_200_40k,indicative_fx,2026-9-2,2026-9-2,2026-09-02T16:43:52.794602+00:00,0.4,,,,
standardized,hsbc,LKR,SGD,LKR/SGD,100,Indicative board,board,"SGD 40,000 – 100,000",std_40k_100k,indicative_fx,2026-9-2,2026-9-2,2026-09-02T16:43:52.794602+00:00,0.4,,,,
standardized,hsbc,LKR,SGD,LKR/SGD,100,Indicative board,board,SGD 50 – 200,std_50_200,indicative_fx,2026-9-2,2026-9-2,2026-09-02T16:43:52.794602+00:00,0.4,,,,
standardized,hsbc,LKR,SGD,LKR/SGD,100,Indicative board,board,SGD < 50,std_lt_50,indicative_fx,2026-9-2,2026-9-2,2026-09-02T16:43:52.794602+00:00,0.4,,,,
standardized,hsbc,MUR,SGD,MUR/SGD,100,Indicative board,board,"SGD 200 – 39,999.99",std_200_40k,indicative_fx,2026-9-2,2026-9-2,2026-09-02T16:43:52.794602+00:00,2.8,2.61,2.705,3.512014787430675,3.512014787430691
standardized,hsbc,MUR,SGD,MUR/SGD,100,Indicative board,board,"SGD 40,000 – 100,000",std_40k_100k,indicative_fx,2026-9-2,2026-9-2,2026-09-02T16:43:52.794602+00:00,2.8,2.61,2.705,3.512014787430675,3.512014787430691
standardized,hsbc,MUR,SGD,MUR/SGD,100,Indicative board,board,SGD 50 – 200,std_50_200,indicative_fx,2026-9-2,2026-9-2,2026-09-02T16:43:52.794602+00:00,2.8,2.61,2.705,3.512014787430675,3.512014787430691
standardized,hsbc,MUR,SGD,MUR/SGD,100,Indicative board,board,SGD < 50,std_lt_50,indicative_fx,2026-9-2,2026-9-2,2026-09-02T16:43:52.794602+00:00,2.8,2.61,2.705,3.512014787430675,3.512014787430691
standardized,hsbc,NOK,SGD,NOK/SGD,100,Indicative board,board,"SGD 200 – 39,999.99",std_200_40k,indicative_fx,2026-9-2,2026-9-2,2026-09-02T16:43:52.794602+00:00,14.06,13.24,13.65,3.003663003663005,3.003663003663005
standardized,hsbc,NOK,SGD,NOK/SGD,100,Indicative board,board,"SGD 40,000 – 100,000",std_40k_100k,indicative_fx,2026-9-2,2026-9-2,2026-09-02T16:43:52.794602+00:00,14.06,13.24,13.65,3.003663003663005,3.003663003663005
standardized,hsbc,NOK,SGD,NOK/SGD,100,Indicative board,board,SGD 50 – 200,std_50_200,indicative_fx,2026-9-2,2026-9-2,2026-09-02T16:43:52.794602+00:00,14.06,13.24,13.65,3.003663003663005,3.003663003663005
standardized,hsbc,NOK,SGD,NOK/SGD,100,Indicative board,board,SGD < 50,std_lt_50,indicative_fx,2026-9-2,2026-9-2,2026-09-02T16:43:52.794602+00:00,14.06,13.24,13.65,3.003663003663005,3.003663003663005
standardized,hsbc,NZD,SGD,NZD/SGD,1,Indicative board,board,"SGD 200 – 39,999.99",std_200_40k,indicative_fx,2026-9-2,2026-9-2,2026-09-02T16:43:52.794602+00:00,0.7727,0.7275,0.7501,3.0129316091187928,3.012931609118778
standardized,hsbc,NZD,SGD,NZD/SGD,1,Indicative board,board,"SGD 40,000 – 100,000",std_40k_100k,indicative_fx,2026-9-2,2026-9-2,2026-09-02T16:43:52.794602+00:00,0.7727,0.7275,0.7501,3.0129316091187928,3.012931609118778
standardized,hsbc,NZD,SGD,NZD/SGD,1,Indicative board,board,SGD 50 – 200,std_50_200,indicative_fx,2026-9-2,2026-9-2,2026-09-02T16:43:52.794602+00:00,0.7727,0.7275,0.7501,3.0129316091187928,3.012931609118778
standardized,hsbc,NZD,SGD,NZD/SGD,1,Indicative board,board,SGD < 50,std_lt_50,indicative_fx,2026-9-2,2026-9-2,2026-09-02T16:43:52.794602+00:00,0.7727,0.7275,0.7501,3.0129316091187928,3.012931609118778
standardized,hsbc,PHP,SGD,PHP/SGD,100,Indicative board,board,"SGD 200 – 39,999.99",std_200_40k,indicative_fx,2026-9-2,2026-9-2,2026-09-02T16:43:52.794602+00:00,2.11,,,,
standardized,hsbc,PHP,SGD,PHP/SGD,100,Indicative board,board,"SGD 40,000 – 100,000",std_40k_100k,indicative_fx,2026-9-2,2026-9-2,2026-09-02T16:43:52.794602+00:00,2.11,,,,
standardized,hsbc,PHP,SGD,PHP/SGD,100,Indicative board,board,SGD 50 – 200,std_50_200,indicative_fx,2026-9-2,2026-9-2,2026-09-02T16:43:52.794602+00:00,2.11,,,,
standardized,hsbc,PHP,SGD,PHP/SGD,100,Indicative board,board,SGD < 50,std_lt_50,indicative_fx,2026-9-2,2026-9-2,2026-09-02T16:43:52.794602+00:00,2.11,,,,
standardized,hsbc,PKR,SGD,PKR/SGD,100,Indicative board,board,"SGD 200 – 39,999.99",std_200_40k,indicative_fx,2026-9-2,2026-9-2,2026-09-02T16:43:52.794602+00:00,0.47,,,,
standardized,hsbc,PKR,SGD,PKR/SGD,100,Indicative board,board,"SGD 40,000 – 100,000",std_40k_100k,indicative_fx,2026-9-2,2026-9-2,2026-09-02T16:43:52.794602+00:00,0.47,,,,
standardized,hsbc,PKR,SGD,PKR/SGD,100,Indicative board,board,SGD 50 – 200,std_50_200,indicative_fx,2026-9-2,2026-9-2,2026-09-02T16:43:52.794602+00:00,0.47,,,,
standardized,hsbc,PKR,SGD,PKR/SGD,100,Indicative board,board,SGD < 50,std_lt_50,indicative_fx,2026-9-2,2026-9-2,2026-09-02T16:43:52.794602+00:00,0.47,,,,
standardized,hsbc,QAR,SGD,QAR/SGD,100,Indicative board,board,"SGD 200 – 39,999.99",std_200_40k,indicative_fx,2026-9-2,2026-9-2,2026-09-02T16:43:52.794602+00:00,35.37,34.49,34.93,1.2596621815058624,1.2596621815058624
standardized,hsbc,QAR,SGD,QAR/SGD,100,Indicative board,board,"SGD 40,000 – 100,000",std_40k_100k,indicative_fx,2026-9-2,2026-9-2,2026-09-02T16:43:52.794602+00:00,35.37,34.49,34.93,1.2596621815058624,1.2596621815058624
standardized,hsbc,QAR,SGD,QAR/SGD,100,Indicative board,board,SGD 50 – 200,std_50_200,indicative_fx,2026-9-2,2026-9-2,2026-09-02T16:43:52.794602+00:00,35.37,34.49,34.93,1.2596621815058624,1.2596621815058624
standardized,hsbc,QAR,SGD,QAR/SGD,100,Indicative board,board,SGD < 50,std_lt_50,indicative_fx,2026-9-2,2026-9-2,2026-09-02T16:43:52.794602+00:00,35.37,34.49,34.93,1.2596621815058624,1.2596621815058624
standardized,hsbc,RUB,SGD,RUB/SGD,100,Indicative board,board,"SGD 200 – 39,999.99",std_200_40k,indicative_fx,2026-9-2,2026-9-2,2026-09-02T16:43:52.794602+00:00,15.5,13.87,14.684999999999999,5.549880830779717,5.5498808307797045
standardized,hsbc,RUB,SGD,RUB/SGD,100,Indicative board,board,"SGD 40,000 – 100,000",std_40k_100k,indicative_fx,2026-9-2,2026-9-2,2026-09-02T16:43:52.794602+00:00,15.5,13.87,14.684999999999999,5.549880830779717,5.5498808307797045
standardized,hsbc,RUB,SGD,RUB/SGD,100,Indicative board,board,SGD 50 – 200,std_50_200,indicative_fx,2026-9-2,2026-9-2,2026-09-02T16:43:52.794602+00:00,15.5,13.87,14.684999999999999,5.549880830779717,5.5498808307797045
standardized,hsbc,RUB,SGD,RUB/SGD,100,Indicative board,board,SGD < 50,std_lt_50,indicative_fx,2026-9-2,2026-9-2,2026-09-02T16:43:52.794602+00:00,15.5,13.87,14.684999999999999,5.549880830779717,5.5498808307797045
standardized,hsbc,SAR,SGD,SAR/SGD,100,Indicative board,board,"SGD 200 – 39,999.99",std_200_40k,indicative_fx,2026-9-2,2026-9-2,2026-09-02T16:43:52.794602+00:00,34.34,33.49,33.915000000000006,1.253132832080192,1.2531328320802129
standardized,hsbc,SAR,SGD,SAR/SGD,100,Indicative board,board,"SGD 40,000 – 100,000",std_40k_100k,indicative_fx,2026-9-2,2026-9-2,2026-09-02T16:43:52.794602+00:00,34.34,33.49,33.915000000000006,1.253132832080192,1.2531328320802129
standardized,hsbc,SAR,SGD,SAR/SGD,100,Indicative board,board,SGD 50 – 200,std_50_200,indicative_fx,2026-9-2,2026-9-2,2026-09-02T16:43:52.794602+00:00,34.34,33.49,33.915000000000006,1.253132832080192,1.2531328320802129
standardized,hsbc,SAR,SGD,SAR/SGD,100,Indicative board,board,SGD < 50,std_lt_50,indicative_fx,2026-9-2,2026-9-2,2026-09-02T16:43:52.794602+00:00,34.34,33.49,33.915000000000006,1.253132832080192,1.2531328320802129
standardized,hsbc,SEK,SGD,SEK/SGD,100,Indicative board,board,"SGD 200 – 39,999.99",std_200_40k,indicative_fx,2026-9-2,2026-9-2,2026-09-02T16:43:52.794602+00:00,13.64,12.83,13.235,3.0600680015111537,3.06006800151114
standardized,hsbc,SEK,SGD,SEK/SGD,100,Indicative board,board,"SGD 40,000 – 100,000",std_40k_100k,indicative_fx,2026-9-2,2026-9-2,2026-09-02T16:43:52.794602+00:00,13.64,12.83,13.235,3.0600680015111537,3.06006800151114
standardized,hsbc,SEK,SGD,SEK/SGD,100,Indicative board,board,SGD 50 – 200,std_50_200,indicative_fx,2026-9-2,2026-9-2,2026-09-02T16:43:52.794602+00:00,13.64,12.83,13.235,3.0600680015111537,3.06006800151114
standardized,hsbc,SEK,SGD,SEK/SGD,100,Indicative board,board,SGD < 50,std_lt_50,indicative_fx,2026-9-2,2026-9-2,2026-09-02T16:43:52.794602+00:00,13.64,12.83,13.235,3.0600680015111537,3.06006800151114
standardized,hsbc,THB,SGD,THB/SGD,100,Indicative board,board,"SGD 200 – 39,999.99",std_200_40k,indicative_fx,2026-9-2,2026-9-2,2026-09-02T16:43:52.794602+00:00,3.95,,,,
standardized,hsbc,THB,SGD,THB/SGD,100,Indicative board,board,"SGD 40,000 – 100,000",std_40k_100k,indicative_fx,2026-9-2,2026-9-2,2026-09-02T16:43:52.794602+00:00,3.95,,,,
standardized,hsbc,THB,SGD,THB/SGD,100,Indicative board,board,SGD 50 – 200,std_50_200,indicative_fx,2026-9-2,2026-9-2,2026-09-02T16:43:52.794602+00:00,3.95,,,,
standardized,hsbc,THB,SGD,THB/SGD,100,Indicative board,board,SGD < 50,std_lt_50,indicative_fx,2026-9-2,2026-9-2,2026-09-02T16:43:52.794602+00:00,3.95,,,,
standardized,hsbc,TRY,SGD,TRY/SGD,1,Indicative board,board,"SGD 200 – 39,999.99",std_200_40k,indicative_fx,2026-9-2,2026-9-2,2026-09-02T16:43:52.794602+00:00,0.0272,,,,
standardized,hsbc,TRY,SGD,TRY/SGD,1,Indicative board,board,"SGD 40,000 – 100,000",std_40k_100k,indicative_fx,2026-9-2,2026-9-2,2026-09-02T16:43:52.794602+00:00,0.0272,,,,
standardized,hsbc,TRY,SGD,TRY/SGD,1,Indicative board,board,SGD 50 – 200,std_50_200,indicative_fx,2026-9-2,2026-9-2,2026-09-02T16:43:52.794602+00:00,0.0272,,,,
standardized,hsbc,TRY,SGD,TRY/SGD,1,Indicative board,board,SGD < 50,std_lt_50,indicative_fx,2026-9-2,2026-9-2,2026-09-02T16:43:52.794602+00:00,0.0272,,,,
standardized,hsbc,USD,SGD,USD/SGD,1,Indicative board,board,"SGD 200 – 39,999.99",std_200_40k,indicative_fx,2026-9-2,2026-9-2,2026-09-02T16:43:52.794602+00:00,1.2991,1.248,1.27355,2.0062031329747527,2.0062031329747527
standardized,hsbc,USD,SGD,USD/SGD,1,Indicative board,board,"SGD 40,000 – 100,000",std_40k_100k,indicative_fx,2026-9-2,2026-9-2,2026-09-02T16:43:52.794602+00:00,1.2991,1.248,1.27355,2.0062031329747527,2.0062031329747527
standardized,hsbc,USD,SGD,USD/SGD,1,Indicative board,board,SGD 50 – 200,std_50_200,indicative_fx,2026-9-2,2026-9-2,2026-09-02T16:43:52.794602+00:00,1.2991,1.248,1.27355,2.0062031329747527,2.0062031329747527
standardized,hsbc,USD,SGD,USD/SGD,1,Indicative board,board,SGD < 50,std_lt_50,indicative_fx,2026-9-2,2026-9-2,2026-09-02T16:43:52.794602+00:00,1.2991,1.248,1.27355,2.0062031329747527,2.0062031329747527
standardized,hsbc,ZAR,SGD,ZAR/SGD,1,Indicative board,board,"SGD 200 – 39,999.99",std_200_40k,indicative_fx,2026-9-2,2026-9-2,2026-09-02T16:43:52.794602+00:00,0.0813,0.0762,0.07875,3.2380952380952337,3.2380952380952337
standardized,hsbc,ZAR,SGD,ZAR/SGD,1,Indicative board,board,"SGD 40,000 – 100,000",std_40k_100k,indicative_fx,2026-9-2,2026-9-2,2026-09-02T16:43:52.794602+00:00,0.0813,0.0762,0.07875,3.2380952380952337,3.2380952380952337
standardized,hsbc,ZAR,SGD,ZAR/SGD,1,Indicative board,board,SGD 50 – 200,std_50_200,indicative_fx,2026-9-2,2026-9-2,2026-09-02T16:43:52.794602+00:00,0.0813,0.0762,0.07875,3.2380952380952337,3.2380952380952337
standardized,hsbc,ZAR,SGD,ZAR/SGD,1,Indicative board,board,SGD < 50,std_lt_50,indicative_fx,2026-9-2,2026-9-2,2026-09-02T16:43:52.794602+00:00,0.0813,0.0762,0.07875,3.2380952380952337,3.2380952380952337
standardized,ocbc,AED,SGD,AED/SGD,100,"SGD 0 – 39,999.99",tier_1,"SGD 200 – 39,999.99",std_200_40k,fxRatesSgd,2026-09-02T07:00:12,2026-09-02T07:00:12,2026-09-02T16:43:50.119511+00:00,35.5803,33.5607,34.5705,2.92098754718618,2.9209875471862006
standardized,ocbc,AED,SGD,AED/SGD,100,"SGD 40,000 – 100,000",tier_2,"SGD 40,000 – 100,000",std_40k_100k,fxRatesSgd,2026-09-02T07:00:12,2026-09-02T07:00:12,2026-09-02T16:43:50.119511+00:00,35.5698,33.5779,34.5705,2.8906148305636252,2.8712341447187715
standardized,ocbc,AED,SGD,AED/SGD,100,"SGD 0 – 39,999.99",tier_1,SGD 50 – 200,std_50_200,fxRatesSgd,2026-09-02T07:00:12,2026-09-02T07:00:12,2026-09-02T16:43:50.119511+00:00,35.5803,33.5607,34.5705,2.92098754718618,2.9209875471862006
standardized,ocbc,AED,SGD,AED/SGD,100,"SGD 0 – 39,999.99",tier_1,SGD < 50,std_lt_50,fxRatesSgd,2026-09-02T07:00:12,2026-09-02T07:00:12,2026-09-02T16:43:50.119511+00:00,35.5803,33.5607,34.5705,2.92098754718618,2.9209875471862006
standardized,ocbc,AUD,SGD,AUD/SGD,1,"SGD 0 – 39,999.99",tier_1,"SGD 200 – 39,999.99",std_200_40k,fxRatesSgd,2026-09-02T07:00:12,2026-09-02T07:00:12,2026-09-02T16:43:50.119511+00:00,0.925,0.8957,0.9104,1.6036906854130117,1.6146748681897996
standardized,ocbc,AUD,SGD,AUD/SGD,1,"SGD 40,000 – 100,000",tier_2,"SGD 40,000 – 100,000",std_40k_100k,fxRatesSgd,2026-09-02T07:00:12,2026-09-02T07:00:12,2026-09-02T16:43:50.119511+00:00,0.9232,0.8975,0.9104,1.4059753954305836,1.4169595782073838
standardized,ocbc,AUD,SGD,AUD/SGD,1,"SGD 0 – 39,999.99",tier_1,SGD 50 – 200,std_50_200,fxRatesSgd,2026-09-02T07:00:12,2026-09-02T07:00:12,2026-09-02T16:43:50.119511+00:00,0.925,0.8957,0.9104,1.6036906854130117,1.6146748681897996
standardized,ocbc,AUD,SGD,AUD/SGD,1,"SGD 0 – 39,999.99",tier_1,SGD < 50,std_lt_50,fxRatesSgd,2026-09-02T07:00:12,2026-09-02T07:00:12,2026-09-02T16:43:50.119511+00:00,0.925,0.8957,0.9104,1.6036906854130117,1.6146748681897996
standardized,ocbc,BGN,SGD,BGN/SGD,100,"SGD 0 – 39,999.99",tier_1,"SGD 200 – 39,999.99",std_200_40k,fxRatesSgd,2026-09-02T07:00:12,2026-09-02T07:00:12,2026-09-02T16:43:50.119511+00:00,0.0,0.0,0.0,,
standardized,ocbc,BGN,SGD,BGN/SGD,100,"SGD 40,000 – 100,000",tier_2,"SGD 40,000 – 100,000",std_40k_100k,fxRatesSgd,2026-09-02T07:00:12,2026-09-02T07:00:12,2026-09-02T16:43:50.119511+00:00,0.0,0.0,0.0,,
standardized,ocbc,BGN,SGD,BGN/SGD,100,"SGD 0 – 39,999.99",tier_1,SGD 50 – 200,std_50_200,fxRatesSgd,2026-09-02T07:00:12,2026-09-02T07:00:12,2026-09-02T16:43:50.119511+00:00,0.0,0.0,0.0,,
standardized,ocbc,BGN,SGD,BGN/SGD,100,"SGD 0 – 39,999.99",tier_1,SGD < 50,std_lt_50,fxRatesSgd,2026-09-02T07:00:12,2026-09-02T07:00:12,2026-09-02T16:43:50.119511+00:00,0.0,0.0,0.0,,
standardized,ocbc,BHD,SGD,BHD/SGD,1,"SGD 0 – 39,999.99",tier_1,"SGD 200 – 39,999.99",std_200_40k,fxRatesSgd,2026-09-02T07:00:12,2026-09-02T07:00:12,2026-09-02T16:43:50.119511+00:00,0.0,0.0,0.0,,
standardized,ocbc,BHD,SGD,BHD/SGD,1,"SGD 40,000 – 100,000",tier_2,"SGD 40,000 – 100,000",std_40k_100k,fxRatesSgd,2026-09-02T07:00:12,2026-09-02T07:00:12,2026-09-02T16:43:50.119511+00:00,0.0,0.0,0.0,,
standardized,ocbc,BHD,SGD,BHD/SGD,1,"SGD 0 – 39,999.99",tier_1,SGD 50 – 200,std_50_200,fxRatesSgd,2026-09-02T07:00:12,2026-09-02T07:00:12,2026-09-02T16:43:50.119511+00:00,0.0,0.0,0.0,,
standardized,ocbc,BHD,SGD,BHD/SGD,1,"SGD 0 – 39,999.99",tier_1,SGD < 50,std_lt_50,fxRatesSgd,2026-09-02T07:00:12,2026-09-02T07:00:12,2026-09-02T16:43:50.119511+00:00,0.0,0.0,0.0,,
standardized,ocbc,CAD,SGD,CAD/SGD,1,"SGD 0 – 39,999.99",tier_1,"SGD 200 – 39,999.99",std_200_40k,fxRatesSgd,2026-09-02T07:00:12,2026-09-02T07:00:12,2026-09-02T16:43:50.119511+00:00,0.931,0.898,0.9145,1.8042646254784114,1.8042646254783992
standardized,ocbc,CAD,SGD,CAD/SGD,1,"SGD 40,000 – 100,000",tier_2,"SGD 40,000 – 100,000",std_40k_100k,fxRatesSgd,2026-09-02T07:00:12,2026-09-02T07:00:12,2026-09-02T16:43:50.119511+00:00,0.9292,0.8998,0.9145,1.607435757244401,1.607435757244389
standardized,ocbc,CAD,SGD,CAD/SGD,1,"SGD 0 – 39,999.99",tier_1,SGD 50 – 200,std_50_200,fxRatesSgd,2026-09-02T07:00:12,2026-09-02T07:00:12,2026-09-02T16:43:50.119511+00:00,0.931,0.898,0.9145,1.8042646254784114,1.8042646254783992
standardized,ocbc,CAD,SGD,CAD/SGD,1,"SGD 0 – 39,999.99",tier_1,SGD < 50,std_lt_50,fxRatesSgd,2026-09-02T07:00:12,2026-09-02T07:00:12,2026-09-02T16:43:50.119511+00:00,0.931,0.898,0.9145,1.8042646254784114,1.8042646254783992
standardized,ocbc,CHF,SGD,CHF/SGD,100,"SGD 0 – 39,999.99",tier_1,"SGD 200 – 39,999.99",std_200_40k,fxRatesSgd,2026-09-02T07:00:12,2026-09-02T07:00:12,2026-09-02T16:43:50.119511+00:00,159.1256,153.466,156.2958,1.8105412941358483,1.8105412941358665
standardized,ocbc,CHF,SGD,CHF/SGD,100,"SGD 40,000 – 100,000",tier_2,"SGD 40,000 – 100,000",std_40k_100k,fxRatesSgd,2026-09-02T07:00:12,2026-09-02T07:00:12,2026-09-02T16:43:50.119511+00:00,158.813,153.7785,156.2958,1.6105359197111975,1.610599900957035
standardized,ocbc,CHF,SGD,CHF/SGD,100,"SGD 0 – 39,999.99",tier_1,SGD 50 – 200,std_50_200,fxRatesSgd,2026-09-02T07:00:12,2026-09-02T07:00:12,2026-09-02T16:43:50.119511+00:00,159.1256,153.466,156.2958,1.8105412941358483,1.8105412941358665
standardized,ocbc,CHF,SGD,CHF/SGD,100,"SGD 0 – 39,999.99",tier_1,SGD < 50,std_lt_50,fxRatesSgd,2026-09-02T07:00:12,2026-09-02T07:00:12,2026-09-02T16:43:50.119511+00:00,159.1256,153.466,156.2958,1.8105412941358483,1.8105412941358665
standardized,ocbc,CNH,SGD,CNH/SGD,100,"SGD 0 – 39,999.99",tier_1,"SGD 200 – 39,999.99",std_200_40k,fxRatesSgd,2026-09-02T07:00:12,2026-09-02T07:00:12,2026-09-02T16:43:50.119511+00:00,19.2901,18.7186,19.0044,1.5033360695417826,1.5038622634758363
standardized,ocbc,CNH,SGD,CNH/SGD,100,"SGD 40,000 – 100,000",tier_2,"SGD 40,000 – 100,000",std_40k_100k,fxRatesSgd,2026-09-02T07:00:12,2026-09-02T07:00:12,2026-09-02T16:43:50.119511+00:00,19.2711,18.7376,19.0044,1.4033592220748887,1.4038854160089238
standardized,ocbc,CNH,SGD,CNH/SGD,100,"SGD 0 – 39,999.99",tier_1,SGD 50 – 200,std_50_200,fxRatesSgd,2026-09-02T07:00:12,2026-09-02T07:00:12,2026-09-02T16:43:50.119511+00:00,19.2901,18.7186,19.0044,1.5033360695417826,1.5038622634758363
standardized,ocbc,CNH,SGD,CNH/SGD,100,"SGD 0 – 39,999.99",tier_1,SGD < 50,std_lt_50,fxRatesSgd,2026-09-02T07:00:12,2026-09-02T07:00:12,2026-09-02T16:43:50.119511+00:00,19.2901,18.7186,19.0044,1.5033360695417826,1.5038622634758363
standardized,ocbc,CZK,SGD,CZK/SGD,100,"SGD 0 – 39,999.99",tier_1,"SGD 200 – 39,999.99",std_200_40k,fxRatesSgd,2026-09-02T07:00:12,2026-09-02T07:00:12,2026-09-02T16:43:50.119511+00:00,0.0,0.0,0.0,,
standardized,ocbc,CZK,SGD,CZK/SGD,100,"SGD 40,000 – 100,000",tier_2,"SGD 40,000 – 100,000",std_40k_100k,fxRatesSgd,2026-09-02T07:00:12,2026-09-02T07:00:12,2026-09-02T16:43:50.119511+00:00,0.0,0.0,0.0,,
standardized,ocbc,CZK,SGD,CZK/SGD,100,"SGD 0 – 39,999.99",tier_1,SGD 50 – 200,std_50_200,fxRatesSgd,2026-09-02T07:00:12,2026-09-02T07:00:12,2026-09-02T16:43:50.119511+00:00,0.0,0.0,0.0,,
standardized,ocbc,CZK,SGD,CZK/SGD,100,"SGD 0 – 39,999.99",tier_1,SGD < 50,std_lt_50,fxRatesSgd,2026-09-02T07:00:12,2026-09-02T07:00:12,2026-09-02T16:43:50.119511+00:00,0.0,0.0,0.0,,
standardized,ocbc,DKK,SGD,DKK/SGD,100,"SGD 0 – 39,999.99",tier_1,"SGD 200 – 39,999.99",std_200_40k,fxRatesSgd,2026-09-02T07:00:12,2026-09-02T07:00:12,2026-09-02T16:43:50.119511+00:00,20.079,19.366,19.7225,1.807580174927116,1.807580174927116
standardized,ocbc,DKK,SGD,DKK/SGD,100,"SGD 40,000 – 100,000",tier_2,"SGD 40,000 – 100,000",std_40k_100k,fxRatesSgd,2026-09-02T07:00:12,2026-09-02T07:00:12,2026-09-02T16:43:50.119511+00:00,20.0396,19.4055,19.7225,1.607808340727595,1.6073013056154148
standardized,ocbc,DKK,SGD,DKK/SGD,100,"SGD 0 – 39,999.99",tier_1,SGD 50 – 200,std_50_200,fxRatesSgd,2026-09-02T07:00:12,2026-09-02T07:00:12,2026-09-02T16:43:50.119511+00:00,20.079,19.366,19.7225,1.807580174927116,1.807580174927116
standardized,ocbc,DKK,SGD,DKK/SGD,100,"SGD 0 – 39,999.99",tier_1,SGD < 50,std_lt_50,fxRatesSgd,2026-09-02T07:00:12,2026-09-02T07:00:12,2026-09-02T16:43:50.119511+00:00,20.079,19.366,19.7225,1.807580174927116,1.807580174927116
standardized,ocbc,EUR,SGD,EUR/SGD,1,"SGD 0 – 39,999.99",tier_1,"SGD 200 – 39,999.99",std_200_40k,fxRatesSgd,2026-09-02T07:00:12,2026-09-02T07:00:12,2026-09-02T16:43:50.119511+00:00,1.4908,1.4542,1.4725,1.2427843803056016,1.2427843803056016
standardized,ocbc,EUR,SGD,EUR/SGD,1,"SGD 40,000 – 100,000",tier_2,"SGD 40,000 – 100,000",std_40k_100k,fxRatesSgd,2026-09-02T07:00:12,2026-09-02T07:00:12,2026-09-02T16:43:50.119511+00:00,1.489,1.4561,1.4725,1.1205432937181787,1.1137521222410847
standardized,ocbc,EUR,SGD,EUR/SGD,1,"SGD 0 – 39,999.99",tier_1,SGD 50 – 200,std_50_200,fxRatesSgd,2026-09-02T07:00:12,2026-09-02T07:00:12,2026-09-02T16:43:50.119511+00:00,1.4908,1.4542,1.4725,1.2427843803056016,1.2427843803056016
standardized,ocbc,EUR,SGD,EUR/SGD,1,"SGD 0 – 39,999.99",tier_1,SGD < 50,std_lt_50,fxRatesSgd,2026-09-02T07:00:12,2026-09-02T07:00:12,2026-09-02T16:43:50.119511+00:00,1.4908,1.4542,1.4725,1.2427843803056016,1.2427843803056016
standardized,ocbc,GBP,SGD,GBP/SGD,1,"SGD 0 – 39,999.99",tier_1,"SGD 200 – 39,999.99",std_200_40k,fxRatesSgd,2026-09-02T07:00:12,2026-09-02T07:00:12,2026-09-02T16:43:50.119511+00:00,1.7401,1.6939,1.717,1.3453698311007511,1.3453698311007642
standardized,ocbc,GBP,SGD,GBP/SGD,1,"SGD 40,000 – 100,000",tier_2,"SGD 40,000 – 100,000",std_40k_100k,fxRatesSgd,2026-09-02T07:00:12,2026-09-02T07:00:12,2026-09-02T16:43:50.119511+00:00,1.7383,1.696,1.717,1.2405358182877038,1.2230634828188778
standardized,ocbc,GBP,SGD,GBP/SGD,1,"SGD 0 – 39,999.99",tier_1,SGD 50 – 200,std_50_200,fxRatesSgd,2026-09-02T07:00:12,2026-09-02T07:00:12,2026-09-02T16:43:50.119511+00:00,1.7401,1.6939,1.717,1.3453698311007511,1.3453698311007642
standardized,ocbc,GBP,SGD,GBP/SGD,1,"SGD 0 – 39,999.99",tier_1,SGD < 50,std_lt_50,fxRatesSgd,2026-09-02T07:00:12,2026-09-02T07:00:12,2026-09-02T16:43:50.119511+00:00,1.7401,1.6939,1.717,1.3453698311007511,1.3453698311007642
standardized,ocbc,HKD,SGD,HKD/SGD,100,"SGD 0 – 39,999.99",tier_1,"SGD 200 – 39,999.99",std_200_40k,fxRatesSgd,2026-09-02T07:00:12,2026-09-02T07:00:12,2026-09-02T16:43:50.119511+00:00,16.4519,16.0526,16.2523,1.2281338641299793,1.2287491616571191
standardized,ocbc,HKD,SGD,HKD/SGD,100,"SGD 40,000 – 100,000",tier_2,"SGD 40,000 – 100,000",std_40k_100k,fxRatesSgd,2026-09-02T07:00:12,2026-09-02T07:00:12,2026-09-02T16:43:50.119511+00:00,16.4227,16.0623,16.2523,1.048466986211165,1.1690653015265609
standardized,ocbc,HKD,SGD,HKD/SGD,100,"SGD 0 – 39,999.99",tier_1,SGD 50 – 200,std_50_200,fxRatesSgd,2026-09-02T07:00:12,2026-09-02T07:00:12,2026-09-02T16:43:50.119511+00:00,16.4519,16.0526,16.2523,1.2281338641299793,1.2287491616571191
standardized,ocbc,HKD,SGD,HKD/SGD,100,"SGD 0 – 39,999.99",tier_1,SGD < 50,std_lt_50,fxRatesSgd,2026-09-02T07:00:12,2026-09-02T07:00:12,2026-09-02T16:43:50.119511+00:00,16.4519,16.0526,16.2523,1.2281338641299793,1.2287491616571191
standardized,ocbc,HUF,SGD,HUF/SGD,100,"SGD 0 – 39,999.99",tier_1,"SGD 200 – 39,999.99",std_200_40k,fxRatesSgd,2026-09-02T07:00:12,2026-09-02T07:00:12,2026-09-02T16:43:50.119511+00:00,0.0,0.0,0.0,,
standardized,ocbc,HUF,SGD,HUF/SGD,100,"SGD 40,000 – 100,000",tier_2,"SGD 40,000 – 100,000",std_40k_100k,fxRatesSgd,2026-09-02T07:00:12,2026-09-02T07:00:12,2026-09-02T16:43:50.119511+00:00,0.0,0.0,0.0,,
standardized,ocbc,HUF,SGD,HUF/SGD,100,"SGD 0 – 39,999.99",tier_1,SGD 50 – 200,std_50_200,fxRatesSgd,2026-09-02T07:00:12,2026-09-02T07:00:12,2026-09-02T16:43:50.119511+00:00,0.0,0.0,0.0,,
standardized,ocbc,HUF,SGD,HUF/SGD,100,"SGD 0 – 39,999.99",tier_1,SGD < 50,std_lt_50,fxRatesSgd,2026-09-02T07:00:12,2026-09-02T07:00:12,2026-09-02T16:43:50.119511+00:00,0.0,0.0,0.0,,
standardized,ocbc,IDR,SGD,IDR/SGD,100,"SGD 0 – 39,999.99",tier_1,"SGD 200 – 39,999.99",std_200_40k,fxRatesSgd,2026-09-02T07:00:12,2026-09-02T07:00:12,2026-09-02T16:43:50.119511+00:00,0.0074,0.0,0.0074,0.0,100.0
standardized,ocbc,IDR,SGD,IDR/SGD,100,"SGD 40,000 – 100,000",tier_2,"SGD 40,000 – 100,000",std_40k_100k,fxRatesSgd,2026-09-02T07:00:12,2026-09-02T07:00:12,2026-09-02T16:43:50.119511+00:00,0.0074,0.0,0.0074,0.0,100.0
standardized,ocbc,IDR,SGD,IDR/SGD,100,"SGD 0 – 39,999.99",tier_1,SGD 50 – 200,std_50_200,fxRatesSgd,2026-09-02T07:00:12,2026-09-02T07:00:12,2026-09-02T16:43:50.119511+00:00,0.0074,0.0,0.0074,0.0,100.0
standardized,ocbc,IDR,SGD,IDR/SGD,100,"SGD 0 – 39,999.99",tier_1,SGD < 50,std_lt_50,fxRatesSgd,2026-09-02T07:00:12,2026-09-02T07:00:12,2026-09-02T16:43:50.119511+00:00,0.0074,0.0,0.0074,0.0,100.0
standardized,ocbc,ILS,SGD,ILS/SGD,100,"SGD 0 – 39,999.99",tier_1,"SGD 200 – 39,999.99",std_200_40k,fxRatesSgd,2026-09-02T07:00:12,2026-09-02T07:00:12,2026-09-02T16:43:50.119511+00:00,0.0,0.0,0.0,,
standardized,ocbc,ILS,SGD,ILS/SGD,100,"SGD 40,000 – 100,000",tier_2,"SGD 40,000 – 100,000",std_40k_100k,fxRatesSgd,2026-09-02T07:00:12,2026-09-02T07:00:12,2026-09-02T16:43:50.119511+00:00,0.0,0.0,0.0,,
standardized,ocbc,ILS,SGD,ILS/SGD,100,"SGD 0 – 39,999.99",tier_1,SGD 50 – 200,std_50_200,fxRatesSgd,2026-09-02T07:00:12,2026-09-02T07:00:12,2026-09-02T16:43:50.119511+00:00,0.0,0.0,0.0,,
standardized,ocbc,ILS,SGD,ILS/SGD,100,"SGD 0 – 39,999.99",tier_1,SGD < 50,std_lt_50,fxRatesSgd,2026-09-02T07:00:12,2026-09-02T07:00:12,2026-09-02T16:43:50.119511+00:00,0.0,0.0,0.0,,
standardized,ocbc,INR,SGD,INR/SGD,100,"SGD 0 – 39,999.99",tier_1,"SGD 200 – 39,999.99",std_200_40k,fxRatesSgd,2026-09-02T07:00:12,2026-09-02T07:00:12,2026-09-02T16:43:50.119511+00:00,1.3823,0.0,1.3823,0.0,100.0
standardized,ocbc,INR,SGD,INR/SGD,100,"SGD 40,000 – 100,000",tier_2,"SGD 40,000 – 100,000",std_40k_100k,fxRatesSgd,2026-09-02T07:00:12,2026-09-02T07:00:12,2026-09-02T16:43:50.119511+00:00,1.3796,0.0,1.3823,-0.19532662953050325,100.0
standardized,ocbc,INR,SGD,INR/SGD,100,"SGD 0 – 39,999.99",tier_1,SGD 50 – 200,std_50_200,fxRatesSgd,2026-09-02T07:00:12,2026-09-02T07:00:12,2026-09-02T16:43:50.119511+00:00,1.3823,0.0,1.3823,0.0,100.0
standardized,ocbc,INR,SGD,INR/SGD,100,"SGD 0 – 39,999.99",tier_1,SGD < 50,std_lt_50,fxRatesSgd,2026-09-02T07:00:12,2026-09-02T07:00:12,2026-09-02T16:43:50.119511+00:00,1.3823,0.0,1.3823,0.0,100.0
standardized,ocbc,JOD,SGD,JOD/SGD,1,"SGD 0 – 39,999.99",tier_1,"SGD 200 – 39,999.99",std_200_40k,fxRatesSgd,2026-09-02T07:00:12,2026-09-02T07:00:12,2026-09-02T16:43:50.119511+00:00,0.0,0.0,0.0,,
standardized,ocbc,JOD,SGD,JOD/SGD,1,"SGD 40,000 – 100,000",tier_2,"SGD 40,000 – 100,000",std_40k_100k,fxRatesSgd,2026-09-02T07:00:12,2026-09-02T07:00:12,2026-09-02T16:43:50.119511+00:00,0.0,0.0,0.0,,
standardized,ocbc,JOD,SGD,JOD/SGD,1,"SGD 0 – 39,999.99",tier_1,SGD 50 – 200,std_50_200,fxRatesSgd,2026-09-02T07:00:12,2026-09-02T07:00:12,2026-09-02T16:43:50.119511+00:00,0.0,0.0,0.0,,
standardized,ocbc,JOD,SGD,JOD/SGD,1,"SGD 0 – 39,999.99",tier_1,SGD < 50,std_lt_50,fxRatesSgd,2026-09-02T07:00:12,2026-09-02T07:00:12,2026-09-02T16:43:50.119511+00:00,0.0,0.0,0.0,,
standardized,ocbc,JPY,SGD,JPY/SGD,100,"SGD 0 – 39,999.99",tier_1,"SGD 200 – 39,999.99",std_200_40k,fxRatesSgd,2026-09-02T07:00:12,2026-09-02T07:00:12,2026-09-02T16:43:50.119511+00:00,0.8071,0.7873,0.7972,1.2418464626191696,1.2418464626191696
standardized,ocbc,JPY,SGD,JPY/SGD,100,"SGD 40,000 – 100,000",tier_2,"SGD 40,000 – 100,000",std_40k_100k,fxRatesSgd,2026-09-02T07:00:12,2026-09-02T07:00:12,2026-09-02T16:43:50.119511+00:00,0.8063,0.7887,0.7972,1.1414952333166077,1.0662318113396967
standardized,ocbc,JPY,SGD,JPY/SGD,100,"SGD 0 – 39,999.99",tier_1,SGD 50 – 200,std_50_200,fxRatesSgd,2026-09-02T07:00:12,2026-09-02T07:00:12,2026-09-02T16:43:50.119511+00:00,0.8071,0.7873,0.7972,1.2418464626191696,1.2418464626191696
standardized,ocbc,JPY,SGD,JPY/SGD,100,"SGD 0 – 39,999.99",tier_1,SGD < 50,std_lt_50,fxRatesSgd,2026-09-02T07:00:12,2026-09-02T07:00:12,2026-09-02T16:43:50.119511+00:00,0.8071,0.7873,0.7972,1.2418464626191696,1.2418464626191696
standardized,ocbc,KRW,SGD,KRW/SGD,100,"SGD 0 – 39,999.99",tier_1,"SGD 200 – 39,999.99",std_200_40k,fxRatesSgd,2026-09-02T07:00:12,2026-09-02T07:00:12,2026-09-02T16:43:50.119511+00:00,0.0,0.0,0.0,,
standardized,ocbc,KRW,SGD,KRW/SGD,100,"SGD 40,000 – 100,000",tier_2,"SGD 40,000 – 100,000",std_40k_100k,fxRatesSgd,2026-09-02T07:00:12,2026-09-02T07:00:12,2026-09-02T16:43:50.119511+00:00,0.0,0.0,0.0,,
standardized,ocbc,KRW,SGD,KRW/SGD,100,"SGD 0 – 39,999.99",tier_1,SGD 50 – 200,std_50_200,fxRatesSgd,2026-09-02T07:00:12,2026-09-02T07:00:12,2026-09-02T16:43:50.119511+00:00,0.0,0.0,0.0,,
standardized,ocbc,KRW,SGD,KRW/SGD,100,"SGD 0 – 39,999.99",tier_1,SGD < 50,std_lt_50,fxRatesSgd,2026-09-02T07:00:12,2026-09-02T07:00:12,2026-09-02T16:43:50.119511+00:00,0.0,0.0,0.0,,
standardized,ocbc,LKR,SGD,LKR/SGD,100,"SGD 0 – 39,999.99",tier_1,"SGD 200 – 39,999.99",std_200_40k,fxRatesSgd,2026-09-02T07:00:12,2026-09-02T07:00:12,2026-09-02T16:43:50.119511+00:00,0.4001,0.0,0.4001,0.0,100.0
standardized,ocbc,LKR,SGD,LKR/SGD,100,"SGD 40,000 – 100,000",tier_2,"SGD 40,000 – 100,000",std_40k_100k,fxRatesSgd,2026-09-02T07:00:12,2026-09-02T07:00:12,2026-09-02T16:43:50.119511+00:00,0.3994,0.0,0.4001,-0.1749562609347748,100.0
standardized,ocbc,LKR,SGD,LKR/SGD,100,"SGD 0 – 39,999.99",tier_1,SGD 50 – 200,std_50_200,fxRatesSgd,2026-09-02T07:00:12,2026-09-02T07:00:12,2026-09-02T16:43:50.119511+00:00,0.4001,0.0,0.4001,0.0,100.0
standardized,ocbc,LKR,SGD,LKR/SGD,100,"SGD 0 – 39,999.99",tier_1,SGD < 50,std_lt_50,fxRatesSgd,2026-09-02T07:00:12,2026-09-02T07:00:12,2026-09-02T16:43:50.119511+00:00,0.4001,0.0,0.4001,0.0,100.0
standardized,ocbc,MAD,SGD,MAD/SGD,100,"SGD 0 – 39,999.99",tier_1,"SGD 200 – 39,999.99",std_200_40k,fxRatesSgd,2026-09-02T07:00:12,2026-09-02T07:00:12,2026-09-02T16:43:50.119511+00:00,0.0,0.0,0.0,,
standardized,ocbc,MAD,SGD,MAD/SGD,100,"SGD 40,000 – 100,000",tier_2,"SGD 40,000 – 100,000",std_40k_100k,fxRatesSgd,2026-09-02T07:00:12,2026-09-02T07:00:12,2026-09-02T16:43:50.119511+00:00,0.0,0.0,0.0,,
standardized,ocbc,MAD,SGD,MAD/SGD,100,"SGD 0 – 39,999.99",tier_1,SGD 50 – 200,std_50_200,fxRatesSgd,2026-09-02T07:00:12,2026-09-02T07:00:12,2026-09-02T16:43:50.119511+00:00,0.0,0.0,0.0,,
standardized,ocbc,MAD,SGD,MAD/SGD,100,"SGD 0 – 39,999.99",tier_1,SGD < 50,std_lt_50,fxRatesSgd,2026-09-02T07:00:12,2026-09-02T07:00:12,2026-09-02T16:43:50.119511+00:00,0.0,0.0,0.0,,
standardized,ocbc,MXN,SGD,MXN/SGD,100,"SGD 0 – 39,999.99",tier_1,"SGD 200 – 39,999.99",std_200_40k,fxRatesSgd,2026-09-02T07:00:12,2026-09-02T07:00:12,2026-09-02T16:43:50.119511+00:00,7.7439,0.0,7.7439,0.0,100.0
standardized,ocbc,MXN,SGD,MXN/SGD,100,"SGD 40,000 – 100,000",tier_2,"SGD 40,000 – 100,000",std_40k_100k,fxRatesSgd,2026-09-02T07:00:12,2026-09-02T07:00:12,2026-09-02T16:43:50.119511+00:00,7.7424,0.0,7.7439,-0.01937008484097234,100.0
standardized,ocbc,MXN,SGD,MXN/SGD,100,"SGD 0 – 39,999.99",tier_1,SGD 50 – 200,std_50_200,fxRatesSgd,2026-09-02T07:00:12,2026-09-02T07:00:12,2026-09-02T16:43:50.119511+00:00,7.7439,0.0,7.7439,0.0,100.0
standardized,ocbc,MXN,SGD,MXN/SGD,100,"SGD 0 – 39,999.99",tier_1,SGD < 50,std_lt_50,fxRatesSgd,2026-09-02T07:00:12,2026-09-02T07:00:12,2026-09-02T16:43:50.119511+00:00,7.7439,0.0,7.7439,0.0,100.0
standardized,ocbc,MYR,SGD,MYR/SGD,100,"SGD 0 – 39,999.99",tier_1,"SGD 200 – 39,999.99",std_200_40k,fxRatesSgd,2026-09-02T07:00:12,2026-09-02T07:00:12,2026-09-02T16:43:50.119511+00:00,0.0,0.0,0.0,,
standardized,ocbc,MYR,SGD,MYR/SGD,100,"SGD 40,000 – 100,000",tier_2,"SGD 40,000 – 100,000",std_40k_100k,fxRatesSgd,2026-09-02T07:00:12,2026-09-02T07:00:12,2026-09-02T16:43:50.119511+00:00,0.0,0.0,0.0,,
standardized,ocbc,MYR,SGD,MYR/SGD,100,"SGD 0 – 39,999.99",tier_1,SGD 50 – 200,std_50_200,fxRatesSgd,2026-09-02T07:00:12,2026-09-02T07:00:12,2026-09-02T16:43:50.119511+00:00,0.0,0.0,0.0,,
standardized,ocbc,MYR,SGD,MYR/SGD,100,"SGD 0 – 39,999.99",tier_1,SGD < 50,std_lt_50,fxRatesSgd,2026-09-02T07:00:12,2026-09-02T07:00:12,2026-09-02T16:43:50.119511+00:00,0.0,0.0,0.0,,
standardized,ocbc,NOK,SGD,NOK/SGD,100,"SGD 0 – 39,999.99",tier_1,"SGD 200 – 39,999.99",std_200_40k,fxRatesSgd,2026-09-02T07:00:12,2026-09-02T07:00:12,2026-09-02T16:43:50.119511+00:00,13.8906,13.3964,13.6435,1.8111188478029807,1.8111188478029807
standardized,ocbc,NOK,SGD,NOK/SGD,100,"SGD 40,000 – 100,000",tier_2,"SGD 40,000 – 100,000",std_40k_100k,fxRatesSgd,2026-09-02T07:00:12,2026-09-02T07:00:12,2026-09-02T16:43:50.119511+00:00,13.8633,13.4237,13.6435,1.611023564334673,1.6110235643346598
standardized,ocbc,NOK,SGD,NOK/SGD,100,"SGD 0 – 39,999.99",tier_1,SGD 50 – 200,std_50_200,fxRatesSgd,2026-09-02T07:00:12,2026-09-02T07:00:12,2026-09-02T16:43:50.119511+00:00,13.8906,13.3964,13.6435,1.8111188478029807,1.8111188478029807
standardized,ocbc,NOK,SGD,NOK/SGD,100,"SGD 0 – 39,999.99",tier_1,SGD < 50,std_lt_50,fxRatesSgd,2026-09-02T07:00:12,2026-09-02T07:00:12,2026-09-02T16:43:50.119511+00:00,13.8906,13.3964,13.6435,1.8111188478029807,1.8111188478029807
standardized,ocbc,NZD,SGD,NZD/SGD,1,"SGD 0 – 39,999.99",tier_1,"SGD 200 – 39,999.99",std_200_40k,fxRatesSgd,2026-09-02T07:00:12,2026-09-02T07:00:12,2026-09-02T16:43:50.119511+00:00,0.7564,0.7307,0.7436,1.7213555675094032,1.7348036578805837
standardized,ocbc,NZD,SGD,NZD/SGD,1,"SGD 40,000 – 100,000",tier_2,"SGD 40,000 – 100,000",std_40k_100k,fxRatesSgd,2026-09-02T07:00:12,2026-09-02T07:00:12,2026-09-02T16:43:50.119511+00:00,0.7546,0.7329,0.7436,1.4792899408284037,1.4389456697149061
standardized,ocbc,NZD,SGD,NZD/SGD,1,"SGD 0 – 39,999.99",tier_1,SGD 50 – 200,std_50_200,fxRatesSgd,2026-09-02T07:00:12,2026-09-02T07:00:12,2026-09-02T16:43:50.119511+00:00,0.7564,0.7307,0.7436,1.7213555675094032,1.7348036578805837
standardized,ocbc,NZD,SGD,NZD/SGD,1,"SGD 0 – 39,999.99",tier_1,SGD < 50,std_lt_50,fxRatesSgd,2026-09-02T07:00:12,2026-09-02T07:00:12,2026-09-02T16:43:50.119511+00:00,0.7564,0.7307,0.7436,1.7213555675094032,1.7348036578805837
standardized,ocbc,OMR,SGD,OMR/SGD,1,"SGD 0 – 39,999.99",tier_1,"SGD 200 – 39,999.99",std_200_40k,fxRatesSgd,2026-09-02T07:00:12,2026-09-02T07:00:12,2026-09-02T16:43:50.119511+00:00,0.0,0.0,0.0,,
standardized,ocbc,OMR,SGD,OMR/SGD,1,"SGD 40,000 – 100,000",tier_2,"SGD 40,000 – 100,000",std_40k_100k,fxRatesSgd,2026-09-02T07:00:12,2026-09-02T07:00:12,2026-09-02T16:43:50.119511+00:00,0.0,0.0,0.0,,
standardized,ocbc,OMR,SGD,OMR/SGD,1,"SGD 0 – 39,999.99",tier_1,SGD 50 – 200,std_50_200,fxRatesSgd,2026-09-02T07:00:12,2026-09-02T07:00:12,2026-09-02T16:43:50.119511+00:00,0.0,0.0,0.0,,
standardized,ocbc,OMR,SGD,OMR/SGD,1,"SGD 0 – 39,999.99",tier_1,SGD < 50,std_lt_50,fxRatesSgd,2026-09-02T07:00:12,2026-09-02T07:00:12,2026-09-02T16:43:50.119511+00:00,0.0,0.0,0.0,,
standardized,ocbc,PHP,SGD,PHP/SGD,100,"SGD 0 – 39,999.99",tier_1,"SGD 200 – 39,999.99",std_200_40k,fxRatesSgd,2026-09-02T07:00:12,2026-09-02T07:00:12,2026-09-02T16:43:50.119511+00:00,2.1045,0.0,2.1045,0.0,100.0
standardized,ocbc,PHP,SGD,PHP/SGD,100,"SGD 40,000 – 100,000",tier_2,"SGD 40,000 – 100,000",std_40k_100k,fxRatesSgd,2026-09-02T07:00:12,2026-09-02T07:00:12,2026-09-02T16:43:50.119511+00:00,2.1034,0.0,2.1045,-0.05226894749345008,100.0
standardized,ocbc,PHP,SGD,PHP/SGD,100,"SGD 0 – 39,999.99",tier_1,SGD 50 – 200,std_50_200,fxRatesSgd,2026-09-02T07:00:12,2026-09-02T07:00:12,2026-09-02T16:43:50.119511+00:00,2.1045,0.0,2.1045,0.0,100.0
standardized,ocbc,PHP,SGD,PHP/SGD,100,"SGD 0 – 39,999.99",tier_1,SGD < 50,std_lt_50,fxRatesSgd,2026-09-02T07:00:12,2026-09-02T07:00:12,2026-09-02T16:43:50.119511+00:00,2.1045,0.0,2.1045,0.0,100.0
standardized,ocbc,PLN,SGD,PLN/SGD,100,"SGD 0 – 39,999.99",tier_1,"SGD 200 – 39,999.99",std_200_40k,fxRatesSgd,2026-09-02T07:00:12,2026-09-02T07:00:12,2026-09-02T16:43:50.119511+00:00,35.1221,32.9301,34.0261,3.2210567770035463,3.2210567770035254
standardized,ocbc,PLN,SGD,PLN/SGD,100,"SGD 40,000 – 100,000",tier_2,"SGD 40,000 – 100,000",std_40k_100k,fxRatesSgd,2026-09-02T07:00:12,2026-09-02T07:00:12,2026-09-02T16:43:50.119511+00:00,35.1048,32.9569,34.0261,3.170213453789878,3.1422937098286376
standardized,ocbc,PLN,SGD,PLN/SGD,100,"SGD 0 – 39,999.99",tier_1,SGD 50 – 200,std_50_200,fxRatesSgd,2026-09-02T07:00:12,2026-09-02T07:00:12,2026-09-02T16:43:50.119511+00:00,35.1221,32.9301,34.0261,3.2210567770035463,3.2210567770035254
standardized,ocbc,PLN,SGD,PLN/SGD,100,"SGD 0 – 39,999.99",tier_1,SGD < 50,std_lt_50,fxRatesSgd,2026-09-02T07:00:12,2026-09-02T07:00:12,2026-09-02T16:43:50.119511+00:00,35.1221,32.9301,34.0261,3.2210567770035463,3.2210567770035254
standardized,ocbc,QAR,SGD,QAR/SGD,100,"SGD 0 – 39,999.99",tier_1,"SGD 200 – 39,999.99",std_200_40k,fxRatesSgd,2026-09-02T07:00:12,2026-09-02T07:00:12,2026-09-02T16:43:50.119511+00:00,35.9471,33.8924,34.9198,2.9418839741350085,2.9421703446182397
standardized,ocbc,QAR,SGD,QAR/SGD,100,"SGD 40,000 – 100,000",tier_2,"SGD 40,000 – 100,000",std_40k_100k,fxRatesSgd,2026-09-02T07:00:12,2026-09-02T07:00:12,2026-09-02T16:43:50.119511+00:00,35.9258,33.9096,34.9198,2.8808870612088278,2.8929146215041457
standardized,ocbc,QAR,SGD,QAR/SGD,100,"SGD 0 – 39,999.99",tier_1,SGD 50 – 200,std_50_200,fxRatesSgd,2026-09-02T07:00:12,2026-09-02T07:00:12,2026-09-02T16:43:50.119511+00:00,35.9471,33.8924,34.9198,2.9418839741350085,2.9421703446182397
standardized,ocbc,QAR,SGD,QAR/SGD,100,"SGD 0 – 39,999.99",tier_1,SGD < 50,std_lt_50,fxRatesSgd,2026-09-02T07:00:12,2026-09-02T07:00:12,2026-09-02T16:43:50.119511+00:00,35.9471,33.8924,34.9198,2.9418839741350085,2.9421703446182397
standardized,ocbc,RON,SGD,RON/SGD,100,"SGD 0 – 39,999.99",tier_1,"SGD 200 – 39,999.99",std_200_40k,fxRatesSgd,2026-09-02T07:00:12,2026-09-02T07:00:12,2026-09-02T16:43:50.119511+00:00,0.0,0.0,0.0,,
standardized,ocbc,RON,SGD,RON/SGD,100,"SGD 40,000 – 100,000",tier_2,"SGD 40,000 – 100,000",std_40k_100k,fxRatesSgd,2026-09-02T07:00:12,2026-09-02T07:00:12,2026-09-02T16:43:50.119511+00:00,0.0,0.0,0.0,,
standardized,ocbc,RON,SGD,RON/SGD,100,"SGD 0 – 39,999.99",tier_1,SGD 50 – 200,std_50_200,fxRatesSgd,2026-09-02T07:00:12,2026-09-02T07:00:12,2026-09-02T16:43:50.119511+00:00,0.0,0.0,0.0,,
standardized,ocbc,RON,SGD,RON/SGD,100,"SGD 0 – 39,999.99",tier_1,SGD < 50,std_lt_50,fxRatesSgd,2026-09-02T07:00:12,2026-09-02T07:00:12,2026-09-02T16:43:50.119511+00:00,0.0,0.0,0.0,,
standardized,ocbc,RUB,SGD,RUB/SGD,100,"SGD 0 – 39,999.99",tier_1,"SGD 200 – 39,999.99",std_200_40k,fxRatesSgd,2026-09-02T07:00:12,2026-09-02T07:00:12,2026-09-02T16:43:50.119511+00:00,0.0,0.0,0.0,,
standardized,ocbc,RUB,SGD,RUB/SGD,100,"SGD 40,000 – 100,000",tier_2,"SGD 40,000 – 100,000",std_40k_100k,fxRatesSgd,2026-09-02T07:00:12,2026-09-02T07:00:12,2026-09-02T16:43:50.119511+00:00,0.0,0.0,0.0,,
standardized,ocbc,RUB,SGD,RUB/SGD,100,"SGD 0 – 39,999.99",tier_1,SGD 50 – 200,std_50_200,fxRatesSgd,2026-09-02T07:00:12,2026-09-02T07:00:12,2026-09-02T16:43:50.119511+00:00,0.0,0.0,0.0,,
standardized,ocbc,RUB,SGD,RUB/SGD,100,"SGD 0 – 39,999.99",tier_1,SGD < 50,std_lt_50,fxRatesSgd,2026-09-02T07:00:12,2026-09-02T07:00:12,2026-09-02T16:43:50.119511+00:00,0.0,0.0,0.0,,
standardized,ocbc,SAR,SGD,SAR/SGD,100,"SGD 0 – 39,999.99",tier_1,"SGD 200 – 39,999.99",std_200_40k,fxRatesSgd,2026-09-02T07:00:12,2026-09-02T07:00:12,2026-09-02T16:43:50.119511+00:00,34.8786,32.958,33.9183,2.831215007827623,2.8312150078276437
standardized,ocbc,SAR,SGD,SAR/SGD,100,"SGD 40,000 – 100,000",tier_2,"SGD 40,000 – 100,000",std_40k_100k,fxRatesSgd,2026-09-02T07:00:12,2026-09-02T07:00:12,2026-09-02T16:43:50.119511+00:00,34.8613,32.9747,33.9183,2.780210093076592,2.78197904965757
standardized,ocbc,SAR,SGD,SAR/SGD,100,"SGD 0 – 39,999.99",tier_1,SGD 50 – 200,std_50_200,fxRatesSgd,2026-09-02T07:00:12,2026-09-02T07:00:12,2026-09-02T16:43:50.119511+00:00,34.8786,32.958,33.9183,2.831215007827623,2.8312150078276437
standardized,ocbc,SAR,SGD,SAR/SGD,100,"SGD 0 – 39,999.99",tier_1,SGD < 50,std_lt_50,fxRatesSgd,2026-09-02T07:00:12,2026-09-02T07:00:12,2026-09-02T16:43:50.119511+00:00,34.8786,32.958,33.9183,2.831215007827623,2.8312150078276437
standardized,ocbc,SEK,SGD,SEK/SGD,100,"SGD 0 – 39,999.99",tier_1,"SGD 200 – 39,999.99",std_200_40k,fxRatesSgd,2026-09-02T07:00:12,2026-09-02T07:00:12,2026-09-02T16:43:50.119511+00:00,13.4284,12.9506,13.1895,1.8112892831418874,1.8112892831419005
standardized,ocbc,SEK,SGD,SEK/SGD,100,"SGD 40,000 – 100,000",tier_2,"SGD 40,000 – 100,000",std_40k_100k,fxRatesSgd,2026-09-02T07:00:12,2026-09-02T07:00:12,2026-09-02T16:43:50.119511+00:00,13.4021,12.977,13.1895,1.6118882444368636,1.6111300655824736
standardized,ocbc,SEK,SGD,SEK/SGD,100,"SGD 0 – 39,999.99",tier_1,SGD 50 – 200,std_50_200,fxRatesSgd,2026-09-02T07:00:12,2026-09-02T07:00:12,2026-09-02T16:43:50.119511+00:00,13.4284,12.9506,13.1895,1.8112892831418874,1.8112892831419005
standardized,ocbc,SEK,SGD,SEK/SGD,100,"SGD 0 – 39,999.99",tier_1,SGD < 50,std_lt_50,fxRatesSgd,2026-09-02T07:00:12,2026-09-02T07:00:12,2026-09-02T16:43:50.119511+00:00,13.4284,12.9506,13.1895,1.8112892831418874,1.8112892831419005
standardized,ocbc,THB,SGD,THB/SGD,100,"SGD 0 – 39,999.99",tier_1,"SGD 200 – 39,999.99",std_200_40k,fxRatesSgd,2026-09-02T07:00:12,2026-09-02T07:00:12,2026-09-02T16:43:50.119511+00:00,3.9331,3.7169,3.825,2.8261437908496694,2.826143790849681
standardized,ocbc,THB,SGD,THB/SGD,100,"SGD 40,000 – 100,000",tier_2,"SGD 40,000 – 100,000",std_40k_100k,fxRatesSgd,2026-09-02T07:00:12,2026-09-02T07:00:12,2026-09-02T16:43:50.119511+00:00,3.9255,3.7246,3.825,2.627450980392152,2.624836601307191
standardized,ocbc,THB,SGD,THB/SGD,100,"SGD 0 – 39,999.99",tier_1,SGD 50 – 200,std_50_200,fxRatesSgd,2026-09-02T07:00:12,2026-09-02T07:00:12,2026-09-02T16:43:50.119511+00:00,3.9331,3.7169,3.825,2.8261437908496694,2.826143790849681
standardized,ocbc,THB,SGD,THB/SGD,100,"SGD 0 – 39,999.99",tier_1,SGD < 50,std_lt_50,fxRatesSgd,2026-09-02T07:00:12,2026-09-02T07:00:12,2026-09-02T16:43:50.119511+00:00,3.9331,3.7169,3.825,2.8261437908496694,2.826143790849681
standardized,ocbc,TRY,SGD,TRY/SGD,100,"SGD 0 – 39,999.99",tier_1,"SGD 200 – 39,999.99",std_200_40k,fxRatesSgd,2026-09-02T07:00:12,2026-09-02T07:00:12,2026-09-02T16:43:50.119511+00:00,2.7082,2.5963,2.6523,2.1076047204313344,2.111375032990237
standardized,ocbc,TRY,SGD,TRY/SGD,100,"SGD 40,000 – 100,000",tier_2,"SGD 40,000 – 100,000",std_40k_100k,fxRatesSgd,2026-09-02T07:00:12,2026-09-02T07:00:12,2026-09-02T16:43:50.119511+00:00,2.7069,2.5965,2.6523,2.0585906571654866,2.1038344078724154
standardized,ocbc,TRY,SGD,TRY/SGD,100,"SGD 0 – 39,999.99",tier_1,SGD 50 – 200,std_50_200,fxRatesSgd,2026-09-02T07:00:12,2026-09-02T07:00:12,2026-09-02T16:43:50.119511+00:00,2.7082,2.5963,2.6523,2.1076047204313344,2.111375032990237
standardized,ocbc,TRY,SGD,TRY/SGD,100,"SGD 0 – 39,999.99",tier_1,SGD < 50,std_lt_50,fxRatesSgd,2026-09-02T07:00:12,2026-09-02T07:00:12,2026-09-02T16:43:50.119511+00:00,2.7082,2.5963,2.6523,2.1076047204313344,2.111375032990237
standardized,ocbc,TWD,SGD,TWD/SGD,100,"SGD 0 – 39,999.99",tier_1,"SGD 200 – 39,999.99",std_200_40k,fxRatesSgd,2026-09-02T07:00:12,2026-09-02T07:00:12,2026-09-02T16:43:50.119511+00:00,4.1718,0.0,4.1718,0.0,100.0
standardized,ocbc,TWD,SGD,TWD/SGD,100,"SGD 40,000 – 100,000",tier_2,"SGD 40,000 – 100,000",std_40k_100k,fxRatesSgd,2026-09-02T07:00:12,2026-09-02T07:00:12,2026-09-02T16:43:50.119511+00:00,0.0,0.0,4.1718,-100.0,100.0
standardized,ocbc,TWD,SGD,TWD/SGD,100,"SGD 0 – 39,999.99",tier_1,SGD 50 – 200,std_50_200,fxRatesSgd,2026-09-02T07:00:12,2026-09-02T07:00:12,2026-09-02T16:43:50.119511+00:00,4.1718,0.0,4.1718,0.0,100.0
standardized,ocbc,TWD,SGD,TWD/SGD,100,"SGD 0 – 39,999.99",tier_1,SGD < 50,std_lt_50,fxRatesSgd,2026-09-02T07:00:12,2026-09-02T07:00:12,2026-09-02T16:43:50.119511+00:00,4.1718,0.0,4.1718,0.0,100.0
standardized,ocbc,USD,SGD,USD/SGD,1,"SGD 0 – 39,999.99",tier_1,"SGD 200 – 39,999.99",std_200_40k,fxRatesSgd,2026-09-02T07:00:12,2026-09-02T07:00:12,2026-09-02T16:43:50.119511+00:00,1.286,1.263,1.2745,0.9023146331894912,0.9023146331894912
standardized,ocbc,USD,SGD,USD/SGD,1,"SGD 40,000 – 100,000",tier_2,"SGD 40,000 – 100,000",std_40k_100k,fxRatesSgd,2026-09-02T07:00:12,2026-09-02T07:00:12,2026-09-02T16:43:50.119511+00:00,1.2847,1.264,1.2745,0.8003138485680649,0.8238524911730055
standardized,ocbc,USD,SGD,USD/SGD,1,"SGD 0 – 39,999.99",tier_1,SGD 50 – 200,std_50_200,fxRatesSgd,2026-09-02T07:00:12,2026-09-02T07:00:12,2026-09-02T16:43:50.119511+00:00,1.286,1.263,1.2745,0.9023146331894912,0.9023146331894912
standardized,ocbc,USD,SGD,USD/SGD,1,"SGD 0 – 39,999.99",tier_1,SGD < 50,std_lt_50,fxRatesSgd,2026-09-02T07:00:12,2026-09-02T07:00:12,2026-09-02T16:43:50.119511+00:00,1.286,1.263,1.2745,0.9023146331894912,0.9023146331894912
standardized,ocbc,ZAR,SGD,ZAR/SGD,100,"SGD 0 – 39,999.99",tier_1,"SGD 200 – 39,999.99",std_200_40k,fxRatesSgd,2026-09-02T07:00:12,2026-09-02T07:00:12,2026-09-02T16:43:50.119511+00:00,8.1288,7.6514,7.8901,3.025310198856791,3.0253101988568023
standardized,ocbc,ZAR,SGD,ZAR/SGD,100,"SGD 40,000 – 100,000",tier_2,"SGD 40,000 – 100,000",std_40k_100k,fxRatesSgd,2026-09-02T07:00:12,2026-09-02T07:00:12,2026-09-02T16:43:50.119511+00:00,8.1248,7.6553,7.8901,2.9746137564796404,2.975881167539067
standardized,ocbc,ZAR,SGD,ZAR/SGD,100,"SGD 0 – 39,999.99",tier_1,SGD 50 – 200,std_50_200,fxRatesSgd,2026-09-02T07:00:12,2026-09-02T07:00:12,2026-09-02T16:43:50.119511+00:00,8.1288,7.6514,7.8901,3.025310198856791,3.0253101988568023
standardized,ocbc,ZAR,SGD,ZAR/SGD,100,"SGD 0 – 39,999.99",tier_1,SGD < 50,std_lt_50,fxRatesSgd,2026-09-02T07:00:12,2026-09-02T07:00:12,2026-09-02T16:43:50.119511+00:00,8.1288,7.6514,7.8901,3.025310198856791,3.0253101988568023
standardized,uob,AED,SGD,AED/SGD,100,Indicative board,board,"SGD 200 – 39,999.99",std_200_40k,forex_sgd,02 September 2026 05:22:13 PM,02 September 2026 05:22:13 PM,2026-09-02T16:43:51.920092+00:00,35.53,33.83,34.68,2.450980392156867,2.450980392156867
standardized,uob,AED,SGD,AED/SGD,100,Indicative board,board,"SGD 40,000 – 100,000",std_40k_100k,forex_sgd,02 September 2026 05:22:13 PM,02 September 2026 05:22:13 PM,2026-09-02T16:43:51.920092+00:00,35.53,33.83,34.68,2.450980392156867,2.450980392156867
standardized,uob,AED,SGD,AED/SGD,100,Indicative board,board,SGD 50 – 200,std_50_200,forex_sgd,02 September 2026 05:22:13 PM,02 September 2026 05:22:13 PM,2026-09-02T16:43:51.920092+00:00,35.53,33.83,34.68,2.450980392156867,2.450980392156867
standardized,uob,AED,SGD,AED/SGD,100,Indicative board,board,SGD < 50,std_lt_50,forex_sgd,02 September 2026 05:22:13 PM,02 September 2026 05:22:13 PM,2026-09-02T16:43:51.920092+00:00,35.53,33.83,34.68,2.450980392156867,2.450980392156867
standardized,uob,AOA,SGD,AOA/SGD,100,Indicative board,board,"SGD 200 – 39,999.99",std_200_40k,forex_sgd,02 September 2026 05:22:13 PM,02 September 2026 05:22:13 PM,2026-09-02T16:43:51.920092+00:00,0.1431,,,,
standardized,uob,AOA,SGD,AOA/SGD,100,Indicative board,board,"SGD 40,000 – 100,000",std_40k_100k,forex_sgd,02 September 2026 05:22:13 PM,02 September 2026 05:22:13 PM,2026-09-02T16:43:51.920092+00:00,0.1431,,,,
standardized,uob,AOA,SGD,AOA/SGD,100,Indicative board,board,SGD 50 – 200,std_50_200,forex_sgd,02 September 2026 05:22:13 PM,02 September 2026 05:22:13 PM,2026-09-02T16:43:51.920092+00:00,0.1431,,,,
standardized,uob,AOA,SGD,AOA/SGD,100,Indicative board,board,SGD < 50,std_lt_50,forex_sgd,02 September 2026 05:22:13 PM,02 September 2026 05:22:13 PM,2026-09-02T16:43:51.920092+00:00,0.1431,,,,
standardized,uob,AUD,SGD,AUD/SGD,1,Indicative board,board,"SGD 200 – 39,999.99",std_200_40k,forex_sgd,02 September 2026 05:22:13 PM,02 September 2026 05:22:13 PM,2026-09-02T16:43:51.920092+00:00,0.9236,0.8926,0.9080999999999999,1.7068604779209418,1.7068604779209295
standardized,uob,AUD,SGD,AUD/SGD,1,Indicative board,board,"SGD 40,000 – 100,000",std_40k_100k,forex_sgd,02 September 2026 05:22:13 PM,02 September 2026 05:22:13 PM,2026-09-02T16:43:51.920092+00:00,0.9236,0.8926,0.9080999999999999,1.7068604779209418,1.7068604779209295
standardized,uob,AUD,SGD,AUD/SGD,1,Indicative board,board,SGD 50 – 200,std_50_200,forex_sgd,02 September 2026 05:22:13 PM,02 September 2026 05:22:13 PM,2026-09-02T16:43:51.920092+00:00,0.9236,0.8926,0.9080999999999999,1.7068604779209418,1.7068604779209295
standardized,uob,AUD,SGD,AUD/SGD,1,Indicative board,board,SGD < 50,std_lt_50,forex_sgd,02 September 2026 05:22:13 PM,02 September 2026 05:22:13 PM,2026-09-02T16:43:51.920092+00:00,0.9236,0.8926,0.9080999999999999,1.7068604779209418,1.7068604779209295
standardized,uob,BDT,SGD,BDT/SGD,100,Indicative board,board,"SGD 200 – 39,999.99",std_200_40k,forex_sgd,02 September 2026 05:22:13 PM,02 September 2026 05:22:13 PM,2026-09-02T16:43:51.920092+00:00,1.0711,,,,
standardized,uob,BDT,SGD,BDT/SGD,100,Indicative board,board,"SGD 40,000 – 100,000",std_40k_100k,forex_sgd,02 September 2026 05:22:13 PM,02 September 2026 05:22:13 PM,2026-09-02T16:43:51.920092+00:00,1.0711,,,,
standardized,uob,BDT,SGD,BDT/SGD,100,Indicative board,board,SGD 50 – 200,std_50_200,forex_sgd,02 September 2026 05:22:13 PM,02 September 2026 05:22:13 PM,2026-09-02T16:43:51.920092+00:00,1.0711,,,,
standardized,uob,BDT,SGD,BDT/SGD,100,Indicative board,board,SGD < 50,std_lt_50,forex_sgd,02 September 2026 05:22:13 PM,02 September 2026 05:22:13 PM,2026-09-02T16:43:51.920092+00:00,1.0711,,,,
standardized,uob,BND,SGD,BND/SGD,1,Indicative board,board,"SGD 200 – 39,999.99",std_200_40k,forex_sgd,02 September 2026 05:22:13 PM,02 September 2026 05:22:13 PM,2026-09-02T16:43:51.920092+00:00,1.0,1.0,1.0,0.0,0.0
standardized,uob,BND,SGD,BND/SGD,1,Indicative board,board,"SGD 40,000 – 100,000",std_40k_100k,forex_sgd,02 September 2026 05:22:13 PM,02 September 2026 05:22:13 PM,2026-09-02T16:43:51.920092+00:00,1.0,1.0,1.0,0.0,0.0
standardized,uob,BND,SGD,BND/SGD,1,Indicative board,board,SGD 50 – 200,std_50_200,forex_sgd,02 September 2026 05:22:13 PM,02 September 2026 05:22:13 PM,2026-09-02T16:43:51.920092+00:00,1.0,1.0,1.0,0.0,0.0
standardized,uob,BND,SGD,BND/SGD,1,Indicative board,board,SGD < 50,std_lt_50,forex_sgd,02 September 2026 05:22:13 PM,02 September 2026 05:22:13 PM,2026-09-02T16:43:51.920092+00:00,1.0,1.0,1.0,0.0,0.0
standardized,uob,CAD,SGD,CAD/SGD,1,Indicative board,board,"SGD 200 – 39,999.99",std_200_40k,forex_sgd,02 September 2026 05:22:13 PM,02 September 2026 05:22:13 PM,2026-09-02T16:43:51.920092+00:00,0.9242,0.9042,0.9142,1.0938525486764394,1.0938525486764394
standardized,uob,CAD,SGD,CAD/SGD,1,Indicative board,board,"SGD 40,000 – 100,000",std_40k_100k,forex_sgd,02 September 2026 05:22:13 PM,02 September 2026 05:22:13 PM,2026-09-02T16:43:51.920092+00:00,0.9242,0.9042,0.9142,1.0938525486764394,1.0938525486764394
standardized,uob,CAD,SGD,CAD/SGD,1,Indicative board,board,SGD 50 – 200,std_50_200,forex_sgd,02 September 2026 05:22:13 PM,02 September 2026 05:22:13 PM,2026-09-02T16:43:51.920092+00:00,0.9242,0.9042,0.9142,1.0938525486764394,1.0938525486764394
standardized,uob,CAD,SGD,CAD/SGD,1,Indicative board,board,SGD < 50,std_lt_50,forex_sgd,02 September 2026 05:22:13 PM,02 September 2026 05:22:13 PM,2026-09-02T16:43:51.920092+00:00,0.9242,0.9042,0.9142,1.0938525486764394,1.0938525486764394
standardized,uob,CHF,SGD,CHF/SGD,100,Indicative board,board,"SGD 200 – 39,999.99",std_200_40k,forex_sgd,02 September 2026 05:22:13 PM,02 September 2026 05:22:13 PM,2026-09-02T16:43:51.920092+00:00,157.99,154.69,156.34,1.055392094153771,1.055392094153771
standardized,uob,CHF,SGD,CHF/SGD,100,Indicative board,board,"SGD 40,000 – 100,000",std_40k_100k,forex_sgd,02 September 2026 05:22:13 PM,02 September 2026 05:22:13 PM,2026-09-02T16:43:51.920092+00:00,157.99,154.69,156.34,1.055392094153771,1.055392094153771
standardized,uob,CHF,SGD,CHF/SGD,100,Indicative board,board,SGD 50 – 200,std_50_200,forex_sgd,02 September 2026 05:22:13 PM,02 September 2026 05:22:13 PM,2026-09-02T16:43:51.920092+00:00,157.99,154.69,156.34,1.055392094153771,1.055392094153771
standardized,uob,CHF,SGD,CHF/SGD,100,Indicative board,board,SGD < 50,std_lt_50,forex_sgd,02 September 2026 05:22:13 PM,02 September 2026 05:22:13 PM,2026-09-02T16:43:51.920092+00:00,157.99,154.69,156.34,1.055392094153771,1.055392094153771
standardized,uob,CNH,SGD,CNH/SGD,100,Indicative board,board,"SGD 200 – 39,999.99",std_200_40k,forex_sgd,02 September 2026 05:22:13 PM,02 September 2026 05:22:13 PM,2026-09-02T16:43:51.920092+00:00,19.17,18.71,18.94,1.214361140443508,1.214361140443508
standardized,uob,CNH,SGD,CNH/SGD,100,Indicative board,board,"SGD 40,000 – 100,000",std_40k_100k,forex_sgd,02 September 2026 05:22:13 PM,02 September 2026 05:22:13 PM,2026-09-02T16:43:51.920092+00:00,19.17,18.71,18.94,1.214361140443508,1.214361140443508
standardized,uob,CNH,SGD,CNH/SGD,100,Indicative board,board,SGD 50 – 200,std_50_200,forex_sgd,02 September 2026 05:22:13 PM,02 September 2026 05:22:13 PM,2026-09-02T16:43:51.920092+00:00,19.17,18.71,18.94,1.214361140443508,1.214361140443508
standardized,uob,CNH,SGD,CNH/SGD,100,Indicative board,board,SGD < 50,std_lt_50,forex_sgd,02 September 2026 05:22:13 PM,02 September 2026 05:22:13 PM,2026-09-02T16:43:51.920092+00:00,19.17,18.71,18.94,1.214361140443508,1.214361140443508
standardized,uob,DKK,SGD,DKK/SGD,100,Indicative board,board,"SGD 200 – 39,999.99",std_200_40k,forex_sgd,02 September 2026 05:22:13 PM,02 September 2026 05:22:13 PM,2026-09-02T16:43:51.920092+00:00,20.08,19.38,19.729999999999997,1.7739483020780613,1.7739483020780433
standardized,uob,DKK,SGD,DKK/SGD,100,Indicative board,board,"SGD 40,000 – 100,000",std_40k_100k,forex_sgd,02 September 2026 05:22:13 PM,02 September 2026 05:22:13 PM,2026-09-02T16:43:51.920092+00:00,20.08,19.38,19.729999999999997,1.7739483020780613,1.7739483020780433
standardized,uob,DKK,SGD,DKK/SGD,100,Indicative board,board,SGD 50 – 200,std_50_200,forex_sgd,02 September 2026 05:22:13 PM,02 September 2026 05:22:13 PM,2026-09-02T16:43:51.920092+00:00,20.08,19.38,19.729999999999997,1.7739483020780613,1.7739483020780433
standardized,uob,DKK,SGD,DKK/SGD,100,Indicative board,board,SGD < 50,std_lt_50,forex_sgd,02 September 2026 05:22:13 PM,02 September 2026 05:22:13 PM,2026-09-02T16:43:51.920092+00:00,20.08,19.38,19.729999999999997,1.7739483020780613,1.7739483020780433
standardized,uob,EGP,SGD,EGP/SGD,100,Indicative board,board,"SGD 200 – 39,999.99",std_200_40k,forex_sgd,02 September 2026 05:22:13 PM,02 September 2026 05:22:13 PM,2026-09-02T16:43:51.920092+00:00,2.5737,,,,
standardized,uob,EGP,SGD,EGP/SGD,100,Indicative board,board,"SGD 40,000 – 100,000",std_40k_100k,forex_sgd,02 September 2026 05:22:13 PM,02 September 2026 05:22:13 PM,2026-09-02T16:43:51.920092+00:00,2.5737,,,,
standardized,uob,EGP,SGD,EGP/SGD,100,Indicative board,board,SGD 50 – 200,std_50_200,forex_sgd,02 September 2026 05:22:13 PM,02 September 2026 05:22:13 PM,2026-09-02T16:43:51.920092+00:00,2.5737,,,,
standardized,uob,EGP,SGD,EGP/SGD,100,Indicative board,board,SGD < 50,std_lt_50,forex_sgd,02 September 2026 05:22:13 PM,02 September 2026 05:22:13 PM,2026-09-02T16:43:51.920092+00:00,2.5737,,,,
standardized,uob,EUR,SGD,EUR/SGD,1,Indicative board,board,"SGD 200 – 39,999.99",std_200_40k,forex_sgd,02 September 2026 05:22:13 PM,02 September 2026 05:22:13 PM,2026-09-02T16:43:51.920092+00:00,1.4936,1.4556,1.4746000000000001,1.2884850128848437,1.2884850128848586
standardized,uob,EUR,SGD,EUR/SGD,1,Indicative board,board,"SGD 40,000 – 100,000",std_40k_100k,forex_sgd,02 September 2026 05:22:13 PM,02 September 2026 05:22:13 PM,2026-09-02T16:43:51.920092+00:00,1.4936,1.4556,1.4746000000000001,1.2884850128848437,1.2884850128848586
standardized,uob,EUR,SGD,EUR/SGD,1,Indicative board,board,SGD 50 – 200,std_50_200,forex_sgd,02 September 2026 05:22:13 PM,02 September 2026 05:22:13 PM,2026-09-02T16:43:51.920092+00:00,1.4936,1.4556,1.4746000000000001,1.2884850128848437,1.2884850128848586
standardized,uob,EUR,SGD,EUR/SGD,1,Indicative board,board,SGD < 50,std_lt_50,forex_sgd,02 September 2026 05:22:13 PM,02 September 2026 05:22:13 PM,2026-09-02T16:43:51.920092+00:00,1.4936,1.4556,1.4746000000000001,1.2884850128848437,1.2884850128848586
standardized,uob,GBP,SGD,GBP/SGD,1,Indicative board,board,"SGD 200 – 39,999.99",std_200_40k,forex_sgd,02 September 2026 05:22:13 PM,02 September 2026 05:22:13 PM,2026-09-02T16:43:51.920092+00:00,1.7428,1.6978,1.7203,1.3079114108004397,1.3079114108004397
standardized,uob,GBP,SGD,GBP/SGD,1,Indicative board,board,"SGD 40,000 – 100,000",std_40k_100k,forex_sgd,02 September 2026 05:22:13 PM,02 September 2026 05:22:13 PM,2026-09-02T16:43:51.920092+00:00,1.7428,1.6978,1.7203,1.3079114108004397,1.3079114108004397
standardized,uob,GBP,SGD,GBP/SGD,1,Indicative board,board,SGD 50 – 200,std_50_200,forex_sgd,02 September 2026 05:22:13 PM,02 September 2026 05:22:13 PM,2026-09-02T16:43:51.920092+00:00,1.7428,1.6978,1.7203,1.3079114108004397,1.3079114108004397
standardized,uob,GBP,SGD,GBP/SGD,1,Indicative board,board,SGD < 50,std_lt_50,forex_sgd,02 September 2026 05:22:13 PM,02 September 2026 05:22:13 PM,2026-09-02T16:43:51.920092+00:00,1.7428,1.6978,1.7203,1.3079114108004397,1.3079114108004397
standardized,uob,HKD,SGD,HKD/SGD,100,Indicative board,board,"SGD 200 – 39,999.99",std_200_40k,forex_sgd,02 September 2026 05:22:13 PM,02 September 2026 05:22:13 PM,2026-09-02T16:43:51.920092+00:00,16.419,16.061,16.240000000000002,1.1022167487684635,1.1022167487684853
standardized,uob,HKD,SGD,HKD/SGD,100,Indicative board,board,"SGD 40,000 – 100,000",std_40k_100k,forex_sgd,02 September 2026 05:22:13 PM,02 September 2026 05:22:13 PM,2026-09-02T16:43:51.920092+00:00,16.419,16.061,16.240000000000002,1.1022167487684635,1.1022167487684853
standardized,uob,HKD,SGD,HKD/SGD,100,Indicative board,board,SGD 50 – 200,std_50_200,forex_sgd,02 September 2026 05:22:13 PM,02 September 2026 05:22:13 PM,2026-09-02T16:43:51.920092+00:00,16.419,16.061,16.240000000000002,1.1022167487684635,1.1022167487684853
standardized,uob,HKD,SGD,HKD/SGD,100,Indicative board,board,SGD < 50,std_lt_50,forex_sgd,02 September 2026 05:22:13 PM,02 September 2026 05:22:13 PM,2026-09-02T16:43:51.920092+00:00,16.419,16.061,16.240000000000002,1.1022167487684635,1.1022167487684853
standardized,uob,INR,SGD,INR/SGD,100,Indicative board,board,"SGD 200 – 39,999.99",std_200_40k,forex_sgd,02 September 2026 05:22:13 PM,02 September 2026 05:22:13 PM,2026-09-02T16:43:51.920092+00:00,1.3782,,,,
standardized,uob,INR,SGD,INR/SGD,100,Indicative board,board,"SGD 40,000 – 100,000",std_40k_100k,forex_sgd,02 September 2026 05:22:13 PM,02 September 2026 05:22:13 PM,2026-09-02T16:43:51.920092+00:00,1.3782,,,,
standardized,uob,INR,SGD,INR/SGD,100,Indicative board,board,SGD 50 – 200,std_50_200,forex_sgd,02 September 2026 05:22:13 PM,02 September 2026 05:22:13 PM,2026-09-02T16:43:51.920092+00:00,1.3782,,,,
standardized,uob,INR,SGD,INR/SGD,100,Indicative board,board,SGD < 50,std_lt_50,forex_sgd,02 September 2026 05:22:13 PM,02 September 2026 05:22:13 PM,2026-09-02T16:43:51.920092+00:00,1.3782,,,,
standardized,uob,JPY,SGD,JPY/SGD,100,Indicative board,board,"SGD 200 – 39,999.99",std_200_40k,forex_sgd,02 September 2026 05:22:13 PM,02 September 2026 05:22:13 PM,2026-09-02T16:43:51.920092+00:00,0.8139,0.7799,0.7968999999999999,2.1332664073283993,2.1332664073283856
standardized,uob,JPY,SGD,JPY/SGD,100,Indicative board,board,"SGD 40,000 – 100,000",std_40k_100k,forex_sgd,02 September 2026 05:22:13 PM,02 September 2026 05:22:13 PM,2026-09-02T16:43:51.920092+00:00,0.8139,0.7799,0.7968999999999999,2.1332664073283993,2.1332664073283856
standardized,uob,JPY,SGD,JPY/SGD,100,Indicative board,board,SGD 50 – 200,std_50_200,forex_sgd,02 September 2026 05:22:13 PM,02 September 2026 05:22:13 PM,2026-09-02T16:43:51.920092+00:00,0.8139,0.7799,0.7968999999999999,2.1332664073283993,2.1332664073283856
standardized,uob,JPY,SGD,JPY/SGD,100,Indicative board,board,SGD < 50,std_lt_50,forex_sgd,02 September 2026 05:22:13 PM,02 September 2026 05:22:13 PM,2026-09-02T16:43:51.920092+00:00,0.8139,0.7799,0.7968999999999999,2.1332664073283993,2.1332664073283856
standardized,uob,KRW,SGD,KRW/SGD,1000,Indicative board,board,"SGD 200 – 39,999.99",std_200_40k,forex_sgd,02 September 2026 05:22:13 PM,02 September 2026 05:22:13 PM,2026-09-02T16:43:51.920092+00:00,0.9432,,,,
standardized,uob,KRW,SGD,KRW/SGD,1000,Indicative board,board,"SGD 40,000 – 100,000",std_40k_100k,forex_sgd,02 September 2026 05:22:13 PM,02 September 2026 05:22:13 PM,2026-09-02T16:43:51.920092+00:00,0.9432,,,,
standardized,uob,KRW,SGD,KRW/SGD,1000,Indicative board,board,SGD 50 – 200,std_50_200,forex_sgd,02 September 2026 05:22:13 PM,02 September 2026 05:22:13 PM,2026-09-02T16:43:51.920092+00:00,0.9432,,,,
standardized,uob,KRW,SGD,KRW/SGD,1000,Indicative board,board,SGD < 50,std_lt_50,forex_sgd,02 September 2026 05:22:13 PM,02 September 2026 05:22:13 PM,2026-09-02T16:43:51.920092+00:00,0.9432,,,,
standardized,uob,KWD,SGD,KWD/SGD,1,Indicative board,board,"SGD 200 – 39,999.99",std_200_40k,forex_sgd,02 September 2026 05:22:13 PM,02 September 2026 05:22:13 PM,2026-09-02T16:43:51.920092+00:00,4.1812,,,,
standardized,uob,KWD,SGD,KWD/SGD,1,Indicative board,board,"SGD 40,000 – 100,000",std_40k_100k,forex_sgd,02 September 2026 05:22:13 PM,02 September 2026 05:22:13 PM,2026-09-02T16:43:51.920092+00:00,4.1812,,,,
standardized,uob,KWD,SGD,KWD/SGD,1,Indicative board,board,SGD 50 – 200,std_50_200,forex_sgd,02 September 2026 05:22:13 PM,02 September 2026 05:22:13 PM,2026-09-02T16:43:51.920092+00:00,4.1812,,,,
standardized,uob,KWD,SGD,KWD/SGD,1,Indicative board,board,SGD < 50,std_lt_50,forex_sgd,02 September 2026 05:22:13 PM,02 September 2026 05:22:13 PM,2026-09-02T16:43:51.920092+00:00,4.1812,,,,
standardized,uob,LKR,SGD,LKR/SGD,100,Indicative board,board,"SGD 200 – 39,999.99",std_200_40k,forex_sgd,02 September 2026 05:22:13 PM,02 September 2026 05:22:13 PM,2026-09-02T16:43:51.920092+00:00,0.3944,,,,
standardized,uob,LKR,SGD,LKR/SGD,100,Indicative board,board,"SGD 40,000 – 100,000",std_40k_100k,forex_sgd,02 September 2026 05:22:13 PM,02 September 2026 05:22:13 PM,2026-09-02T16:43:51.920092+00:00,0.3944,,,,
standardized,uob,LKR,SGD,LKR/SGD,100,Indicative board,board,SGD 50 – 200,std_50_200,forex_sgd,02 September 2026 05:22:13 PM,02 September 2026 05:22:13 PM,2026-09-02T16:43:51.920092+00:00,0.3944,,,,
standardized,uob,LKR,SGD,LKR/SGD,100,Indicative board,board,SGD < 50,std_lt_50,forex_sgd,02 September 2026 05:22:13 PM,02 September 2026 05:22:13 PM,2026-09-02T16:43:51.920092+00:00,0.3944,,,,
standardized,uob,MXN,SGD,MXN/SGD,100,Indicative board,board,"SGD 200 – 39,999.99",std_200_40k,forex_sgd,02 September 2026 05:22:13 PM,02 September 2026 05:22:13 PM,2026-09-02T16:43:51.920092+00:00,7.5746,,,,
standardized,uob,MXN,SGD,MXN/SGD,100,Indicative board,board,"SGD 40,000 – 100,000",std_40k_100k,forex_sgd,02 September 2026 05:22:13 PM,02 September 2026 05:22:13 PM,2026-09-02T16:43:51.920092+00:00,7.5746,,,,
standardized,uob,MXN,SGD,MXN/SGD,100,Indicative board,board,SGD 50 – 200,std_50_200,forex_sgd,02 September 2026 05:22:13 PM,02 September 2026 05:22:13 PM,2026-09-02T16:43:51.920092+00:00,7.5746,,,,
standardized,uob,MXN,SGD,MXN/SGD,100,Indicative board,board,SGD < 50,std_lt_50,forex_sgd,02 September 2026 05:22:13 PM,02 September 2026 05:22:13 PM,2026-09-02T16:43:51.920092+00:00,7.5746,,,,
standardized,uob,MYR,SGD,MYR/SGD,100,Indicative board,board,"SGD 200 – 39,999.99",std_200_40k,forex_sgd,02 September 2026 05:22:13 PM,02 September 2026 05:22:13 PM,2026-09-02T16:43:51.920092+00:00,32.0,,,,
standardized,uob,MYR,SGD,MYR/SGD,100,Indicative board,board,"SGD 40,000 – 100,000",std_40k_100k,forex_sgd,02 September 2026 05:22:13 PM,02 September 2026 05:22:13 PM,2026-09-02T16:43:51.920092+00:00,32.0,,,,
standardized,uob,MYR,SGD,MYR/SGD,100,Indicative board,board,SGD 50 – 200,std_50_200,forex_sgd,02 September 2026 05:22:13 PM,02 September 2026 05:22:13 PM,2026-09-02T16:43:51.920092+00:00,32.0,,,,
standardized,uob,MYR,SGD,MYR/SGD,100,Indicative board,board,SGD < 50,std_lt_50,forex_sgd,02 September 2026 05:22:13 PM,02 September 2026 05:22:13 PM,2026-09-02T16:43:51.920092+00:00,32.0,,,,
standardized,uob,NOK,SGD,NOK/SGD,100,Indicative board,board,"SGD 200 – 39,999.99",std_200_40k,forex_sgd,02 September 2026 05:22:13 PM,02 September 2026 05:22:13 PM,2026-09-02T16:43:51.920092+00:00,13.87,13.43,13.649999999999999,1.6117216117216164,1.6117216117216036
standardized,uob,NOK,SGD,NOK/SGD,100,Indicative board,board,"SGD 40,000 – 100,000",std_40k_100k,forex_sgd,02 September 2026 05:22:13 PM,02 September 2026 05:22:13 PM,2026-09-02T16:43:51.920092+00:00,13.87,13.43,13.649999999999999,1.6117216117216164,1.6117216117216036
standardized,uob,NOK,SGD,NOK/SGD,100,Indicative board,board,SGD 50 – 200,std_50_200,forex_sgd,02 September 2026 05:22:13 PM,02 September 2026 05:22:13 PM,2026-09-02T16:43:51.920092+00:00,13.87,13.43,13.649999999999999,1.6117216117216164,1.6117216117216036
standardized,uob,NOK,SGD,NOK/SGD,100,Indicative board,board,SGD < 50,std_lt_50,forex_sgd,02 September 2026 05:22:13 PM,02 September 2026 05:22:13 PM,2026-09-02T16:43:51.920092+00:00,13.87,13.43,13.649999999999999,1.6117216117216164,1.6117216117216036
standardized,uob,NZD,SGD,NZD/SGD,1,Indicative board,board,"SGD 200 – 39,999.99",std_200_40k,forex_sgd,02 September 2026 05:22:13 PM,02 September 2026 05:22:13 PM,2026-09-02T16:43:51.920092+00:00,0.7508,0.7308,0.7408,1.34989200863931,1.34989200863931
standardized,uob,NZD,SGD,NZD/SGD,1,Indicative board,board,"SGD 40,000 – 100,000",std_40k_100k,forex_sgd,02 September 2026 05:22:13 PM,02 September 2026 05:22:13 PM,2026-09-02T16:43:51.920092+00:00,0.7508,0.7308,0.7408,1.34989200863931,1.34989200863931
standardized,uob,NZD,SGD,NZD/SGD,1,Indicative board,board,SGD 50 – 200,std_50_200,forex_sgd,02 September 2026 05:22:13 PM,02 September 2026 05:22:13 PM,2026-09-02T16:43:51.920092+00:00,0.7508,0.7308,0.7408,1.34989200863931,1.34989200863931
standardized,uob,NZD,SGD,NZD/SGD,1,Indicative board,board,SGD < 50,std_lt_50,forex_sgd,02 September 2026 05:22:13 PM,02 September 2026 05:22:13 PM,2026-09-02T16:43:51.920092+00:00,0.7508,0.7308,0.7408,1.34989200863931,1.34989200863931
standardized,uob,PHP,SGD,PHP/SGD,100,Indicative board,board,"SGD 200 – 39,999.99",std_200_40k,forex_sgd,02 September 2026 05:22:13 PM,02 September 2026 05:22:13 PM,2026-09-02T16:43:51.920092+00:00,2.0821,,,,
standardized,uob,PHP,SGD,PHP/SGD,100,Indicative board,board,"SGD 40,000 – 100,000",std_40k_100k,forex_sgd,02 September 2026 05:22:13 PM,02 September 2026 05:22:13 PM,2026-09-02T16:43:51.920092+00:00,2.0821,,,,
standardized,uob,PHP,SGD,PHP/SGD,100,Indicative board,board,SGD 50 – 200,std_50_200,forex_sgd,02 September 2026 05:22:13 PM,02 September 2026 05:22:13 PM,2026-09-02T16:43:51.920092+00:00,2.0821,,,,
standardized,uob,PHP,SGD,PHP/SGD,100,Indicative board,board,SGD < 50,std_lt_50,forex_sgd,02 September 2026 05:22:13 PM,02 September 2026 05:22:13 PM,2026-09-02T16:43:51.920092+00:00,2.0821,,,,
standardized,uob,PKR,SGD,PKR/SGD,100,Indicative board,board,"SGD 200 – 39,999.99",std_200_40k,forex_sgd,02 September 2026 05:22:13 PM,02 September 2026 05:22:13 PM,2026-09-02T16:43:51.920092+00:00,0.4651,,,,
standardized,uob,PKR,SGD,PKR/SGD,100,Indicative board,board,"SGD 40,000 – 100,000",std_40k_100k,forex_sgd,02 September 2026 05:22:13 PM,02 September 2026 05:22:13 PM,2026-09-02T16:43:51.920092+00:00,0.4651,,,,
standardized,uob,PKR,SGD,PKR/SGD,100,Indicative board,board,SGD 50 – 200,std_50_200,forex_sgd,02 September 2026 05:22:13 PM,02 September 2026 05:22:13 PM,2026-09-02T16:43:51.920092+00:00,0.4651,,,,
standardized,uob,PKR,SGD,PKR/SGD,100,Indicative board,board,SGD < 50,std_lt_50,forex_sgd,02 September 2026 05:22:13 PM,02 September 2026 05:22:13 PM,2026-09-02T16:43:51.920092+00:00,0.4651,,,,
standardized,uob,SAR,SGD,SAR/SGD,100,Indicative board,board,"SGD 200 – 39,999.99",std_200_40k,forex_sgd,02 September 2026 05:22:13 PM,02 September 2026 05:22:13 PM,2026-09-02T16:43:51.920092+00:00,,,,,
standardized,uob,SAR,SGD,SAR/SGD,100,Indicative board,board,"SGD 40,000 – 100,000",std_40k_100k,forex_sgd,02 September 2026 05:22:13 PM,02 September 2026 05:22:13 PM,2026-09-02T16:43:51.920092+00:00,,,,,
standardized,uob,SAR,SGD,SAR/SGD,100,Indicative board,board,SGD 50 – 200,std_50_200,forex_sgd,02 September 2026 05:22:13 PM,02 September 2026 05:22:13 PM,2026-09-02T16:43:51.920092+00:00,,,,,
standardized,uob,SAR,SGD,SAR/SGD,100,Indicative board,board,SGD < 50,std_lt_50,forex_sgd,02 September 2026 05:22:13 PM,02 September 2026 05:22:13 PM,2026-09-02T16:43:51.920092+00:00,,,,,
standardized,uob,SEK,SGD,SEK/SGD,100,Indicative board,board,"SGD 200 – 39,999.99",std_200_40k,forex_sgd,02 September 2026 05:22:13 PM,02 September 2026 05:22:13 PM,2026-09-02T16:43:51.920092+00:00,13.44,12.96,13.2,1.81818181818182,1.8181818181818064
standardized,uob,SEK,SGD,SEK/SGD,100,Indicative board,board,"SGD 40,000 – 100,000",std_40k_100k,forex_sgd,02 September 2026 05:22:13 PM,02 September 2026 05:22:13 PM,2026-09-02T16:43:51.920092+00:00,13.44,12.96,13.2,1.81818181818182,1.8181818181818064
standardized,uob,SEK,SGD,SEK/SGD,100,Indicative board,board,SGD 50 – 200,std_50_200,forex_sgd,02 September 2026 05:22:13 PM,02 September 2026 05:22:13 PM,2026-09-02T16:43:51.920092+00:00,13.44,12.96,13.2,1.81818181818182,1.8181818181818064
standardized,uob,SEK,SGD,SEK/SGD,100,Indicative board,board,SGD < 50,std_lt_50,forex_sgd,02 September 2026 05:22:13 PM,02 September 2026 05:22:13 PM,2026-09-02T16:43:51.920092+00:00,13.44,12.96,13.2,1.81818181818182,1.8181818181818064
standardized,uob,THB,SGD,THB/SGD,100,Indicative board,board,"SGD 200 – 39,999.99",std_200_40k,forex_sgd,02 September 2026 05:22:13 PM,02 September 2026 05:22:13 PM,2026-09-02T16:43:51.920092+00:00,3.92,3.72,3.8200000000000003,2.6178010471204094,2.617801047120421
standardized,uob,THB,SGD,THB/SGD,100,Indicative board,board,"SGD 40,000 – 100,000",std_40k_100k,forex_sgd,02 September 2026 05:22:13 PM,02 September 2026 05:22:13 PM,2026-09-02T16:43:51.920092+00:00,3.92,3.72,3.8200000000000003,2.6178010471204094,2.617801047120421
standardized,uob,THB,SGD,THB/SGD,100,Indicative board,board,SGD 50 – 200,std_50_200,forex_sgd,02 September 2026 05:22:13 PM,02 September 2026 05:22:13 PM,2026-09-02T16:43:51.920092+00:00,3.92,3.72,3.8200000000000003,2.6178010471204094,2.617801047120421
standardized,uob,THB,SGD,THB/SGD,100,Indicative board,board,SGD < 50,std_lt_50,forex_sgd,02 September 2026 05:22:13 PM,02 September 2026 05:22:13 PM,2026-09-02T16:43:51.920092+00:00,3.92,3.72,3.8200000000000003,2.6178010471204094,2.617801047120421
standardized,uob,TWD,SGD,TWD/SGD,100,Indicative board,board,"SGD 200 – 39,999.99",std_200_40k,forex_sgd,02 September 2026 05:22:13 PM,02 September 2026 05:22:13 PM,2026-09-02T16:43:51.920092+00:00,4.0997,,,,
standardized,uob,TWD,SGD,TWD/SGD,100,Indicative board,board,"SGD 40,000 – 100,000",std_40k_100k,forex_sgd,02 September 2026 05:22:13 PM,02 September 2026 05:22:13 PM,2026-09-02T16:43:51.920092+00:00,4.0997,,,,
standardized,uob,TWD,SGD,TWD/SGD,100,Indicative board,board,SGD 50 – 200,std_50_200,forex_sgd,02 September 2026 05:22:13 PM,02 September 2026 05:22:13 PM,2026-09-02T16:43:51.920092+00:00,4.0997,,,,
standardized,uob,TWD,SGD,TWD/SGD,100,Indicative board,board,SGD < 50,std_lt_50,forex_sgd,02 September 2026 05:22:13 PM,02 September 2026 05:22:13 PM,2026-09-02T16:43:51.920092+00:00,4.0997,,,,
standardized,uob,USD,SGD,USD/SGD,1,Indicative board,board,"SGD 200 – 39,999.99",std_200_40k,forex_sgd,02 September 2026 05:22:13 PM,02 September 2026 05:22:13 PM,2026-09-02T16:43:51.920092+00:00,1.2857,1.2617,1.2737,0.9421370809452783,0.9421370809452783
standardized,uob,USD,SGD,USD/SGD,1,Indicative board,board,"SGD 40,000 – 100,000",std_40k_100k,forex_sgd,02 September 2026 05:22:13 PM,02 September 2026 05:22:13 PM,2026-09-02T16:43:51.920092+00:00,1.2857,1.2617,1.2737,0.9421370809452783,0.9421370809452783
standardized,uob,USD,SGD,USD/SGD,1,Indicative board,board,SGD 50 – 200,std_50_200,forex_sgd,02 September 2026 05:22:13 PM,02 September 2026 05:22:13 PM,2026-09-02T16:43:51.920092+00:00,1.2857,1.2617,1.2737,0.9421370809452783,0.9421370809452783
standardized,uob,USD,SGD,USD/SGD,1,Indicative board,board,SGD < 50,std_lt_50,forex_sgd,02 September 2026 05:22:13 PM,02 September 2026 05:22:13 PM,2026-09-02T16:43:51.920092+00:00,1.2857,1.2617,1.2737,0.9421370809452783,0.9421370809452783
standardized,uob,VND,SGD,VND/SGD,1000,Indicative board,board,"SGD 200 – 39,999.99",std_200_40k,forex_sgd,02 September 2026 05:22:13 PM,02 September 2026 05:22:13 PM,2026-09-02T16:43:51.920092+00:00,,,,,
standardized,uob,VND,SGD,VND/SGD,1000,Indicative board,board,"SGD 40,000 – 100,000",std_40k_100k,forex_sgd,02 September 2026 05:22:13 PM,02 September 2026 05:22:13 PM,2026-09-02T16:43:51.920092+00:00,,,,,
standardized,uob,VND,SGD,VND/SGD,1000,Indicative board,board,SGD 50 – 200,std_50_200,forex_sgd,02 September 2026 05:22:13 PM,02 September 2026 05:22:13 PM,2026-09-02T16:43:51.920092+00:00,,,,,
standardized,uob,VND,SGD,VND/SGD,1000,Indicative board,board,SGD < 50,std_lt_50,forex_sgd,02 September 2026 05:22:13 PM,02 September 2026 05:22:13 PM,2026-09-02T16:43:51.920092+00:00,,,,,
standardized,uob,XAF,SGD,XAF/SGD,100,Indicative board,board,"SGD 200 – 39,999.99",std_200_40k,forex_sgd,02 September 2026 05:22:13 PM,02 September 2026 05:22:13 PM,2026-09-02T16:43:51.920092+00:00,0.2309,,,,
standardized,uob,XAF,SGD,XAF/SGD,100,Indicative board,board,"SGD 40,000 – 100,000",std_40k_100k,forex_sgd,02 September 2026 05:22:13 PM,02 September 2026 05:22:13 PM,2026-09-02T16:43:51.920092+00:00,0.2309,,,,
standardized,uob,XAF,SGD,XAF/SGD,100,Indicative board,board,SGD 50 – 200,std_50_200,forex_sgd,02 September 2026 05:22:13 PM,02 September 2026 05:22:13 PM,2026-09-02T16:43:51.920092+00:00,0.2309,,,,
standardized,uob,XAF,SGD,XAF/SGD,100,Indicative board,board,SGD < 50,std_lt_50,forex_sgd,02 September 2026 05:22:13 PM,02 September 2026 05:22:13 PM,2026-09-02T16:43:51.920092+00:00,0.2309,,,,
standardized,uob,XOF,SGD,XOF/SGD,100,Indicative board,board,"SGD 200 – 39,999.99",std_200_40k,forex_sgd,02 September 2026 05:22:13 PM,02 September 2026 05:22:13 PM,2026-09-02T16:43:51.920092+00:00,0.2324,,,,
standardized,uob,XOF,SGD,XOF/SGD,100,Indicative board,board,"SGD 40,000 – 100,000",std_40k_100k,forex_sgd,02 September 2026 05:22:13 PM,02 September 2026 05:22:13 PM,2026-09-02T16:43:51.920092+00:00,0.2324,,,,
standardized,uob,XOF,SGD,XOF/SGD,100,Indicative board,board,SGD 50 – 200,std_50_200,forex_sgd,02 September 2026 05:22:13 PM,02 September 2026 05:22:13 PM,2026-09-02T16:43:51.920092+00:00,0.2324,,,,
standardized,uob,XOF,SGD,XOF/SGD,100,Indicative board,board,SGD < 50,std_lt_50,forex_sgd,02 September 2026 05:22:13 PM,02 September 2026 05:22:13 PM,2026-09-02T16:43:51.920092+00:00,0.2324,,,,
standardized,uob,ZAR,SGD,ZAR/SGD,1,Indicative board,board,"SGD 200 – 39,999.99",std_200_40k,forex_sgd,02 September 2026 05:22:13 PM,02 September 2026 05:22:13 PM,2026-09-02T16:43:51.920092+00:00,0.0809,0.0769,0.0789,2.5348542458808643,2.5348542458808643
standardized,uob,ZAR,SGD,ZAR/SGD,1,Indicative board,board,"SGD 40,000 – 100,000",std_40k_100k,forex_sgd,02 September 2026 05:22:13 PM,02 September 2026 05:22:13 PM,2026-09-02T16:43:51.920092+00:00,0.0809,0.0769,0.0789,2.5348542458808643,2.5348542458808643
standardized,uob,ZAR,SGD,ZAR/SGD,1,Indicative board,board,SGD 50 – 200,std_50_200,forex_sgd,02 September 2026 05:22:13 PM,02 September 2026 05:22:13 PM,2026-09-02T16:43:51.920092+00:00,0.0809,0.0769,0.0789,2.5348542458808643,2.5348542458808643
standardized,uob,ZAR,SGD,ZAR/SGD,1,Indicative board,board,SGD < 50,std_lt_50,forex_sgd,02 September 2026 05:22:13 PM,02 September 2026 05:22:13 PM,2026-09-02T16:43:51.920092+00:00,0.0809,0.0769,0.0789,2.5348542458808643,2.5348542458808643
