record_type,bank,base_currency,quote_currency,currency_pair,unit,transaction_value,amount_tier,std_transaction_value,std_amount_tier,group,effective_date,last_updated,scraped_at,tt_od_sell,tt_buy,mid_rate,sell_margin_pct,buy_margin_pct
native,dbs,AED,SGD,AED/SGD,1,SGD 50 – 200,amtBtw50And200,,,mainCurrencies,2026-08-24 21:15:00,2026-08-24 13:15:13,2026-08-24T13:29:10.032344+00:00,0.3482,0.3434,0.3458,0.694042799305961,0.694042799305961
native,dbs,AED,SGD,AED/SGD,1,SGD < 50,amtLessThan50,,,mainCurrencies,2026-08-24 21:15:00,2026-08-24 13:15:13,2026-08-24T13:29:10.032344+00:00,0.3509,0.3407,0.3458,1.4748409485251572,1.4748409485251572
native,dbs,AUD,SGD,AUD/SGD,1,SGD 50 – 200,amtBtw50And200,,,mainCurrencies,2026-08-24 21:15:00,2026-08-24 13:15:13,2026-08-24T13:29:10.032344+00:00,0.9202,0.9001,0.91015,1.1042135911662916,1.1042135911662916
native,dbs,AUD,SGD,AUD/SGD,1,SGD < 50,amtLessThan50,,,mainCurrencies,2026-08-24 21:15:00,2026-08-24 13:15:13,2026-08-24T13:29:10.032344+00:00,0.9207,0.8997,0.9102,1.1535926170072461,1.1535926170072461
native,dbs,BDT,SGD,BDT/SGD,100,SGD 50 – 200,amtBtw50And200,,,otherCurrencies,2026-08-24 21:15:00,2026-08-24 13:15:13,2026-08-24T13:29:10.032344+00:00,1.0471,,,,
native,dbs,BDT,SGD,BDT/SGD,100,SGD < 50,amtLessThan50,,,otherCurrencies,2026-08-24 21:15:00,2026-08-24 13:15:13,2026-08-24T13:29:10.032344+00:00,1.0471,,,,
native,dbs,BHD,SGD,BHD/SGD,1,SGD 50 – 200,amtBtw50And200,,,otherCurrencies,2026-08-24 21:15:00,2026-08-24 13:15:13,2026-08-24T13:29:10.032344+00:00,3.4492,,,,
native,dbs,BHD,SGD,BHD/SGD,1,SGD < 50,amtLessThan50,,,otherCurrencies,2026-08-24 21:15:00,2026-08-24 13:15:13,2026-08-24T13:29:10.032344+00:00,3.4628,,,,
native,dbs,BND,SGD,BND/SGD,1,SGD 50 – 200,amtBtw50And200,,,otherCurrencies,2026-08-24 21:15:00,2026-08-24 13:15:13,2026-08-24T13:29:10.032344+00:00,1.0,1.0,1.0,0.0,0.0
native,dbs,BND,SGD,BND/SGD,1,SGD < 50,amtLessThan50,,,otherCurrencies,2026-08-24 21:15:00,2026-08-24 13:15:13,2026-08-24T13:29:10.032344+00:00,1.0,1.0,1.0,0.0,0.0
native,dbs,CAD,SGD,CAD/SGD,1,SGD 50 – 200,amtBtw50And200,,,mainCurrencies,2026-08-24 21:15:00,2026-08-24 13:15:13,2026-08-24T13:29:10.032344+00:00,0.9255,0.9116,0.91855,0.756627293016168,0.756627293016168
native,dbs,CAD,SGD,CAD/SGD,1,SGD < 50,amtLessThan50,,,mainCurrencies,2026-08-24 21:15:00,2026-08-24 13:15:13,2026-08-24T13:29:10.032344+00:00,0.9287,0.9084,0.91855,1.1050024495128183,1.1050024495128183
native,dbs,CHF,SGD,CHF/SGD,1,SGD 50 – 200,amtBtw50And200,,,mainCurrencies,2026-08-24 21:15:00,2026-08-24 13:15:13,2026-08-24T13:29:10.032344+00:00,1.5983,1.5681,1.5832000000000002,0.9537645275391542,0.9537645275391683
native,dbs,CHF,SGD,CHF/SGD,1,SGD < 50,amtLessThan50,,,mainCurrencies,2026-08-24 21:15:00,2026-08-24 13:15:13,2026-08-24T13:29:10.032344+00:00,1.5991,1.5673,1.5832,1.004295098534615,1.004295098534615
native,dbs,CNH,SGD,CNH/SGD,1,SGD 50 – 200,amtBtw50And200,,,mainCurrencies,2026-08-24 21:15:00,2026-08-24 13:15:13,2026-08-24T13:29:10.032344+00:00,0.191,0.1867,0.18885000000000002,1.1384696849351257,1.1384696849351406
native,dbs,CNH,SGD,CNH/SGD,1,SGD < 50,amtLessThan50,,,mainCurrencies,2026-08-24 21:15:00,2026-08-24 13:15:13,2026-08-24T13:29:10.032344+00:00,0.1917,0.186,0.18885000000000002,1.509134233518661,1.5091342335186755
native,dbs,CNY,SGD,CNY/SGD,1,SGD 50 – 200,amtBtw50And200,,,otherCurrencies,2026-08-24 21:15:00,2026-08-24 13:15:13,2026-08-24T13:29:10.032344+00:00,0.1889,,,,
native,dbs,CNY,SGD,CNY/SGD,1,SGD < 50,amtLessThan50,,,otherCurrencies,2026-08-24 21:15:00,2026-08-24 13:15:13,2026-08-24T13:29:10.032344+00:00,0.1906,,,,
native,dbs,DKK,SGD,DKK/SGD,1,SGD 50 – 200,amtBtw50And200,,,mainCurrencies,2026-08-24 21:15:00,2026-08-24 13:15:13,2026-08-24T13:29:10.032344+00:00,0.201,0.1955,0.19825,1.3871374527112244,1.3871374527112244
native,dbs,DKK,SGD,DKK/SGD,1,SGD < 50,amtLessThan50,,,mainCurrencies,2026-08-24 21:15:00,2026-08-24 13:15:13,2026-08-24T13:29:10.032344+00:00,0.2014,0.1952,0.1983,1.5632879475542065,1.5632879475542065
native,dbs,EUR,SGD,EUR/SGD,1,SGD 50 – 200,amtBtw50And200,,,mainCurrencies,2026-08-24 21:15:00,2026-08-24 13:15:13,2026-08-24T13:29:10.032344+00:00,1.4951,1.4698,1.48245,0.8533171439171675,0.8533171439171675
native,dbs,EUR,SGD,EUR/SGD,1,SGD < 50,amtLessThan50,,,mainCurrencies,2026-08-24 21:15:00,2026-08-24 13:15:13,2026-08-24T13:29:10.032344+00:00,1.4959,1.469,1.48245,0.9072818644810928,0.9072818644810928
native,dbs,GBP,SGD,GBP/SGD,1,SGD 50 – 200,amtBtw50And200,,,mainCurrencies,2026-08-24 21:15:00,2026-08-24 13:15:13,2026-08-24T13:29:10.032344+00:00,1.7456,1.7212,1.7334,0.7038190838813885,0.7038190838813885
native,dbs,GBP,SGD,GBP/SGD,1,SGD < 50,amtLessThan50,,,mainCurrencies,2026-08-24 21:15:00,2026-08-24 13:15:13,2026-08-24T13:29:10.032344+00:00,1.7474,1.7195,1.73345,0.8047535262049744,0.8047535262049617
native,dbs,HKD,SGD,HKD/SGD,1,SGD 50 – 200,amtBtw50And200,,,mainCurrencies,2026-08-24 21:15:00,2026-08-24 13:15:13,2026-08-24T13:29:10.032344+00:00,0.1636,0.1604,0.16199999999999998,0.9876543209876656,0.9876543209876484
native,dbs,HKD,SGD,HKD/SGD,1,SGD < 50,amtLessThan50,,,mainCurrencies,2026-08-24 21:15:00,2026-08-24 13:15:13,2026-08-24T13:29:10.032344+00:00,0.1638,0.1602,0.162,1.1111111111111085,1.1111111111111085
native,dbs,HUF,SGD,HUF/SGD,100,SGD 50 – 200,amtBtw50And200,,,otherCurrencies,2026-08-24 21:15:00,2026-08-24 13:15:13,2026-08-24T13:29:10.032344+00:00,0.4173,,,,
native,dbs,HUF,SGD,HUF/SGD,100,SGD < 50,amtLessThan50,,,otherCurrencies,2026-08-24 21:15:00,2026-08-24 13:15:13,2026-08-24T13:29:10.032344+00:00,0.4189,,,,
native,dbs,ID0,SGD,ID0/SGD,100,SGD 50 – 200,amtBtw50And200,,,otherCurrencies,2026-08-24 21:15:00,2026-08-24 13:15:13,2026-08-24T13:29:10.032344+00:00,,,,,
native,dbs,ID0,SGD,ID0/SGD,100,SGD < 50,amtLessThan50,,,otherCurrencies,2026-08-24 21:15:00,2026-08-24 13:15:13,2026-08-24T13:29:10.032344+00:00,,0.0071,,,
native,dbs,IDR,SGD,IDR/SGD,100,SGD 50 – 200,amtBtw50And200,,,mainCurrencies,2026-08-24 21:15:00,2026-08-24 13:15:13,2026-08-24T13:29:10.032344+00:00,0.0073,,,,
native,dbs,IDR,SGD,IDR/SGD,100,SGD < 50,amtLessThan50,,,mainCurrencies,2026-08-24 21:15:00,2026-08-24 13:15:13,2026-08-24T13:29:10.032344+00:00,0.0073,,,,
native,dbs,IN0,SGD,IN0/SGD,100,SGD 50 – 200,amtBtw50And200,,,otherCurrencies,2026-08-24 21:15:00,2026-08-24 13:15:13,2026-08-24T13:29:10.032344+00:00,,1.3235,,,
native,dbs,IN0,SGD,IN0/SGD,100,SGD < 50,amtLessThan50,,,otherCurrencies,2026-08-24 21:15:00,2026-08-24 13:15:13,2026-08-24T13:29:10.032344+00:00,,1.3235,,,
native,dbs,INR,SGD,INR/SGD,100,SGD 50 – 200,amtBtw50And200,,,otherCurrencies,2026-08-24 21:15:00,2026-08-24 13:15:13,2026-08-24T13:29:10.032344+00:00,1.3406,,,,
native,dbs,INR,SGD,INR/SGD,100,SGD < 50,amtLessThan50,,,otherCurrencies,2026-08-24 21:15:00,2026-08-24 13:15:13,2026-08-24T13:29:10.032344+00:00,1.3513,,,,
native,dbs,JPY,SGD,JPY/SGD,100,SGD 50 – 200,amtBtw50And200,,,mainCurrencies,2026-08-24 21:15:00,2026-08-24 13:15:13,2026-08-24T13:29:10.032344+00:00,0.8063,0.7903,0.7983,1.0021295252411382,1.0021295252411382
native,dbs,JPY,SGD,JPY/SGD,100,SGD < 50,amtLessThan50,,,mainCurrencies,2026-08-24 21:15:00,2026-08-24 13:15:13,2026-08-24T13:29:10.032344+00:00,0.8071,0.7895,0.7983,1.1023424777652548,1.1023424777652548
native,dbs,KRW,SGD,KRW/SGD,100,SGD 50 – 200,amtBtw50And200,,,otherCurrencies,2026-08-24 21:15:00,2026-08-24 13:15:13,2026-08-24T13:29:10.032344+00:00,0.093,,,,
native,dbs,KRW,SGD,KRW/SGD,100,SGD < 50,amtLessThan50,,,otherCurrencies,2026-08-24 21:15:00,2026-08-24 13:15:13,2026-08-24T13:29:10.032344+00:00,0.093,,,,
native,dbs,KWD,SGD,KWD/SGD,100,SGD 50 – 200,amtBtw50And200,,,otherCurrencies,2026-08-24 21:15:00,2026-08-24 13:15:13,2026-08-24T13:29:10.032344+00:00,421.9935,,,,
native,dbs,KWD,SGD,KWD/SGD,100,SGD < 50,amtLessThan50,,,otherCurrencies,2026-08-24 21:15:00,2026-08-24 13:15:13,2026-08-24T13:29:10.032344+00:00,423.658,,,,
native,dbs,LKR,SGD,LKR/SGD,100,SGD 50 – 200,amtBtw50And200,,,otherCurrencies,2026-08-24 21:15:00,2026-08-24 13:15:13,2026-08-24T13:29:10.032344+00:00,0.3935,,,,
native,dbs,LKR,SGD,LKR/SGD,100,SGD < 50,amtLessThan50,,,otherCurrencies,2026-08-24 21:15:00,2026-08-24 13:15:13,2026-08-24T13:29:10.032344+00:00,0.3935,,,,
native,dbs,MM1,SGD,MM1/SGD,100,SGD 50 – 200,amtBtw50And200,,,otherCurrencies,2026-08-24 21:15:00,2026-08-24 13:15:13,2026-08-24T13:29:10.032344+00:00,,,,,
native,dbs,MM1,SGD,MM1/SGD,100,SGD < 50,amtLessThan50,,,otherCurrencies,2026-08-24 21:15:00,2026-08-24 13:15:13,2026-08-24T13:29:10.032344+00:00,,,,,
native,dbs,MMK,SGD,MMK/SGD,100,SGD 50 – 200,amtBtw50And200,,,otherCurrencies,2026-08-24 21:15:00,2026-08-24 13:15:13,2026-08-24T13:29:10.032344+00:00,0.0324,,,,
native,dbs,MMK,SGD,MMK/SGD,100,SGD < 50,amtLessThan50,,,otherCurrencies,2026-08-24 21:15:00,2026-08-24 13:15:13,2026-08-24T13:29:10.032344+00:00,0.0324,,,,
native,dbs,MUR,SGD,MUR/SGD,100,SGD 50 – 200,amtBtw50And200,,,otherCurrencies,2026-08-24 21:15:00,2026-08-24 13:15:13,2026-08-24T13:29:10.032344+00:00,2.7333,,,,
native,dbs,MUR,SGD,MUR/SGD,100,SGD < 50,amtLessThan50,,,otherCurrencies,2026-08-24 21:15:00,2026-08-24 13:15:13,2026-08-24T13:29:10.032344+00:00,2.7441,,,,
native,dbs,MXN,SGD,MXN/SGD,100,SGD 50 – 200,amtBtw50And200,,,mainCurrencies,2026-08-24 21:15:00,2026-08-24 13:15:13,2026-08-24T13:29:10.032344+00:00,7.6075,,,,
native,dbs,MXN,SGD,MXN/SGD,100,SGD < 50,amtLessThan50,,,mainCurrencies,2026-08-24 21:15:00,2026-08-24 13:15:13,2026-08-24T13:29:10.032344+00:00,7.6059,,,,
native,dbs,MY0,SGD,MY0/SGD,1,SGD 50 – 200,amtBtw50And200,,,otherCurrencies,2026-08-24 21:15:00,2026-08-24 13:15:13,2026-08-24T13:29:10.032344+00:00,,0.3135,,,
native,dbs,MY0,SGD,MY0/SGD,1,SGD < 50,amtLessThan50,,,otherCurrencies,2026-08-24 21:15:00,2026-08-24 13:15:13,2026-08-24T13:29:10.032344+00:00,,0.3135,,,
native,dbs,MYR,SGD,MYR/SGD,1,SGD 50 – 200,amtBtw50And200,,,otherCurrencies,2026-08-24 21:15:00,2026-08-24 13:15:13,2026-08-24T13:29:10.032344+00:00,0.3179,,,,
native,dbs,MYR,SGD,MYR/SGD,1,SGD < 50,amtLessThan50,,,otherCurrencies,2026-08-24 21:15:00,2026-08-24 13:15:13,2026-08-24T13:29:10.032344+00:00,0.3179,,,,
native,dbs,NOK,SGD,NOK/SGD,1,SGD 50 – 200,amtBtw50And200,,,mainCurrencies,2026-08-24 21:15:00,2026-08-24 13:15:13,2026-08-24T13:29:10.032344+00:00,0.1385,0.1347,0.1366,1.3909224011713124,1.3909224011713124
native,dbs,NOK,SGD,NOK/SGD,1,SGD < 50,amtLessThan50,,,mainCurrencies,2026-08-24 21:15:00,2026-08-24 13:15:13,2026-08-24T13:29:10.032344+00:00,0.1389,0.1343,0.1366,1.6837481698389432,1.6837481698389432
native,dbs,NZD,SGD,NZD/SGD,1,SGD 50 – 200,amtBtw50And200,,,mainCurrencies,2026-08-24 21:15:00,2026-08-24 13:15:13,2026-08-24T13:29:10.032344+00:00,0.7667,0.7491,0.7579,1.1611030478955047,1.1611030478955047
native,dbs,NZD,SGD,NZD/SGD,1,SGD < 50,amtLessThan50,,,mainCurrencies,2026-08-24 21:15:00,2026-08-24 13:15:13,2026-08-24T13:29:10.032344+00:00,0.7674,0.7483,0.7578499999999999,1.2601438279342956,1.2601438279342811
native,dbs,OMR,SGD,OMR/SGD,1,SGD 50 – 200,amtBtw50And200,,,otherCurrencies,2026-08-24 21:15:00,2026-08-24 13:15:13,2026-08-24T13:29:10.032344+00:00,3.3237,,,,
native,dbs,OMR,SGD,OMR/SGD,1,SGD < 50,amtLessThan50,,,otherCurrencies,2026-08-24 21:15:00,2026-08-24 13:15:13,2026-08-24T13:29:10.032344+00:00,3.3237,,,,
native,dbs,PH0,SGD,PH0/SGD,100,SGD 50 – 200,amtBtw50And200,,,otherCurrencies,2026-08-24 21:15:00,2026-08-24 13:15:13,2026-08-24T13:29:10.032344+00:00,,2.05,,,
native,dbs,PH0,SGD,PH0/SGD,100,SGD < 50,amtLessThan50,,,otherCurrencies,2026-08-24 21:15:00,2026-08-24 13:15:13,2026-08-24T13:29:10.032344+00:00,,2.05,,,
native,dbs,PHP,SGD,PHP/SGD,100,SGD 50 – 200,amtBtw50And200,,,otherCurrencies,2026-08-24 21:15:00,2026-08-24 13:15:13,2026-08-24T13:29:10.032344+00:00,2.0842,,,,
native,dbs,PHP,SGD,PHP/SGD,100,SGD < 50,amtLessThan50,,,otherCurrencies,2026-08-24 21:15:00,2026-08-24 13:15:13,2026-08-24T13:29:10.032344+00:00,2.0999,,,,
native,dbs,PLN,SGD,PLN/SGD,1,SGD 50 – 200,amtBtw50And200,,,otherCurrencies,2026-08-24 21:15:00,2026-08-24 13:15:13,2026-08-24T13:29:10.032344+00:00,0.3504,,,,
native,dbs,PLN,SGD,PLN/SGD,1,SGD < 50,amtLessThan50,,,otherCurrencies,2026-08-24 21:15:00,2026-08-24 13:15:13,2026-08-24T13:29:10.032344+00:00,0.3518,,,,
native,dbs,QAR,SGD,QAR/SGD,1,SGD 50 – 200,amtBtw50And200,,,otherCurrencies,2026-08-24 21:15:00,2026-08-24 13:15:13,2026-08-24T13:29:10.032344+00:00,0.3561,,,,
native,dbs,QAR,SGD,QAR/SGD,1,SGD < 50,amtLessThan50,,,otherCurrencies,2026-08-24 21:15:00,2026-08-24 13:15:13,2026-08-24T13:29:10.032344+00:00,0.3575,,,,
native,dbs,RUB,SGD,RUB/SGD,100,SGD 50 – 200,amtBtw50And200,,,mainCurrencies,2026-08-24 21:15:00,2026-08-24 13:15:13,2026-08-24T13:29:10.032344+00:00,,,,,
native,dbs,RUB,SGD,RUB/SGD,100,SGD < 50,amtLessThan50,,,mainCurrencies,2026-08-24 21:15:00,2026-08-24 13:15:13,2026-08-24T13:29:10.032344+00:00,,,,,
native,dbs,SAR,SGD,SAR/SGD,100,SGD 50 – 200,amtBtw50And200,,,otherCurrencies,2026-08-24 21:15:00,2026-08-24 13:15:13,2026-08-24T13:29:10.032344+00:00,34.2486,,,,
native,dbs,SAR,SGD,SAR/SGD,100,SGD < 50,amtLessThan50,,,otherCurrencies,2026-08-24 21:15:00,2026-08-24 13:15:13,2026-08-24T13:29:10.032344+00:00,34.2486,,,,
native,dbs,SEK,SGD,SEK/SGD,1,SGD 50 – 200,amtBtw50And200,,,mainCurrencies,2026-08-24 21:15:00,2026-08-24 13:15:13,2026-08-24T13:29:10.032344+00:00,0.1356,0.1319,0.13374999999999998,1.3831775700934719,1.3831775700934512
native,dbs,SEK,SGD,SEK/SGD,1,SGD < 50,amtLessThan50,,,mainCurrencies,2026-08-24 21:15:00,2026-08-24 13:15:13,2026-08-24T13:29:10.032344+00:00,0.1361,0.1314,0.13374999999999998,1.7570093457944067,1.7570093457943863
native,dbs,THB,SGD,THB/SGD,100,SGD 50 – 200,amtBtw50And200,,,mainCurrencies,2026-08-24 21:15:00,2026-08-24 13:15:13,2026-08-24T13:29:10.032344+00:00,3.9435,3.8309,3.8872,1.448343280510388,1.448343280510388
native,dbs,THB,SGD,THB/SGD,100,SGD < 50,amtLessThan50,,,mainCurrencies,2026-08-24 21:15:00,2026-08-24 13:15:13,2026-08-24T13:29:10.032344+00:00,3.9478,3.8266,3.8872,1.5589627495369414,1.5589627495369414
native,dbs,TND,SGD,TND/SGD,1,SGD 50 – 200,amtBtw50And200,,,otherCurrencies,2026-08-24 21:15:00,2026-08-24 13:15:13,2026-08-24T13:29:10.032344+00:00,0.4426,,,,
native,dbs,TND,SGD,TND/SGD,1,SGD < 50,amtLessThan50,,,otherCurrencies,2026-08-24 21:15:00,2026-08-24 13:15:13,2026-08-24T13:29:10.032344+00:00,0.4426,,,,
native,dbs,TWD,SGD,TWD/SGD,100,SGD 50 – 200,amtBtw50And200,,,otherCurrencies,2026-08-24 21:15:00,2026-08-24 13:15:13,2026-08-24T13:29:10.032344+00:00,4.0341,,,,
native,dbs,TWD,SGD,TWD/SGD,100,SGD < 50,amtLessThan50,,,otherCurrencies,2026-08-24 21:15:00,2026-08-24 13:15:13,2026-08-24T13:29:10.032344+00:00,4.0381,,,,
native,dbs,USD,SGD,USD/SGD,1,SGD 50 – 200,amtBtw50And200,,,mainCurrencies,2026-08-24 21:15:00,2026-08-24 13:15:13,2026-08-24T13:29:10.032344+00:00,1.2794,1.2608,1.2701,0.7322258089914248,0.7322258089914248
native,dbs,USD,SGD,USD/SGD,1,SGD < 50,amtLessThan50,,,mainCurrencies,2026-08-24 21:15:00,2026-08-24 13:15:13,2026-08-24T13:29:10.032344+00:00,1.2803,1.2599,1.2701,0.8030863711518769,0.8030863711518769
native,dbs,VND,SGD,VND/SGD,100,SGD 50 – 200,amtBtw50And200,,,otherCurrencies,2026-08-24 21:15:00,2026-08-24 13:15:13,2026-08-24T13:29:10.032344+00:00,0.005,,,,
native,dbs,VND,SGD,VND/SGD,100,SGD < 50,amtLessThan50,,,otherCurrencies,2026-08-24 21:15:00,2026-08-24 13:15:13,2026-08-24T13:29:10.032344+00:00,0.005,,,,
native,dbs,XAU,SGD,XAU/SGD,1,SGD 50 – 200,amtBtw50And200,,,otherCurrencies,2026-08-24 21:15:00,2026-08-24 13:15:13,2026-08-24T13:29:10.032344+00:00,5976.107,5903.981,5940.044,0.6071167149603622,0.6071167149603622
native,dbs,XAU,SGD,XAU/SGD,1,SGD < 50,amtLessThan50,,,otherCurrencies,2026-08-24 21:15:00,2026-08-24 13:15:13,2026-08-24T13:29:10.032344+00:00,5976.056,5903.906,5939.981,0.6073251749458428,0.6073251749458428
native,dbs,ZAR,SGD,ZAR/SGD,1,SGD 50 – 200,amtBtw50And200,,,otherCurrencies,2026-08-24 21:15:00,2026-08-24 13:15:13,2026-08-24T13:29:10.032344+00:00,0.0803,0.0783,0.0793,1.261034047919295,1.261034047919295
native,dbs,ZAR,SGD,ZAR/SGD,1,SGD < 50,amtLessThan50,,,otherCurrencies,2026-08-24 21:15:00,2026-08-24 13:15:13,2026-08-24T13:29:10.032344+00:00,0.0806,0.078,0.07930000000000001,1.6393442622950762,1.6393442622950938
native,hsbc,AED,SGD,AED/SGD,100,Indicative board,board,,,indicative_fx,2026-8-24,2026-8-24,2026-08-24T13:29:13.147701+00:00,35.69,33.43,34.56,3.2696759259259127,3.2696759259259327
native,hsbc,AUD,SGD,AUD/SGD,1,Indicative board,board,,,indicative_fx,2026-8-24,2026-8-24,2026-08-24T13:29:13.147701+00:00,0.9377,0.8828,0.91025,3.0156550398242215,3.0156550398242215
native,hsbc,CAD,SGD,CAD/SGD,1,Indicative board,board,,,indicative_fx,2026-8-24,2026-8-24,2026-08-24T13:29:13.147701+00:00,0.9485,0.893,0.92075,3.013847407005165,3.0138474070051524
native,hsbc,CHF,SGD,CHF/SGD,100,Indicative board,board,,,indicative_fx,2026-8-24,2026-8-24,2026-08-24T13:29:13.147701+00:00,163.39,153.83,158.61,3.01368135678707,3.0136813567870884
native,hsbc,CNY,SGD,CNY/SGD,100,Indicative board,board,,,indicative_fx,2026-8-24,2026-8-24,2026-08-24T13:29:13.147701+00:00,19.51,18.27,18.89,3.2821598729486556,3.2821598729486556
native,hsbc,DKK,SGD,DKK/SGD,100,Indicative board,board,,,indicative_fx,2026-8-24,2026-8-24,2026-08-24T13:29:13.147701+00:00,20.44,19.24,19.84,3.0241935483871036,3.0241935483871036
native,hsbc,EUR,SGD,EUR/SGD,1,Indicative board,board,,,indicative_fx,2026-8-24,2026-8-24,2026-08-24T13:29:13.147701+00:00,1.5277,1.4384,1.48305,3.0106874346785393,3.0106874346785393
native,hsbc,FJD,SGD,FJD/SGD,1,Indicative board,board,,,indicative_fx,2026-8-24,2026-8-24,2026-08-24T13:29:13.147701+00:00,0.6053,,,,
native,hsbc,GBP,SGD,GBP/SGD,1,Indicative board,board,,,indicative_fx,2026-8-24,2026-8-24,2026-08-24T13:29:13.147701+00:00,1.7849,1.6805,1.7327,3.0126392335661123,3.0126392335660994
native,hsbc,HKD,SGD,HKD/SGD,100,Indicative board,board,,,indicative_fx,2026-8-24,2026-8-24,2026-08-24T13:29:13.147701+00:00,16.4,15.99,16.195,1.265822784810116,1.265822784810127
native,hsbc,IDR,SGD,IDR/SGD,100,Indicative board,board,,,indicative_fx,2026-8-24,2026-8-24,2026-08-24T13:29:13.147701+00:00,0.0074,,,,
native,hsbc,INR,SGD,INR/SGD,100,Indicative board,board,,,indicative_fx,2026-8-24,2026-8-24,2026-08-24T13:29:13.147701+00:00,1.37,,,,
native,hsbc,JPY,SGD,JPY/SGD,100,Indicative board,board,,,indicative_fx,2026-8-24,2026-8-24,2026-08-24T13:29:13.147701+00:00,0.8235,0.7754,0.79945,3.00831821877541,3.00831821877541
native,hsbc,LKR,SGD,LKR/SGD,100,Indicative board,board,,,indicative_fx,2026-8-24,2026-8-24,2026-08-24T13:29:13.147701+00:00,0.4,,,,
native,hsbc,MUR,SGD,MUR/SGD,100,Indicative board,board,,,indicative_fx,2026-8-24,2026-8-24,2026-08-24T13:29:13.147701+00:00,2.82,2.63,2.7249999999999996,3.4862385321100997,3.486238532110083
native,hsbc,NOK,SGD,NOK/SGD,100,Indicative board,board,,,indicative_fx,2026-8-24,2026-8-24,2026-08-24T13:29:13.147701+00:00,14.06,13.23,13.645,3.0414071088310806,3.0414071088310677
native,hsbc,NZD,SGD,NZD/SGD,1,Indicative board,board,,,indicative_fx,2026-8-24,2026-8-24,2026-08-24T13:29:13.147701+00:00,0.7815,0.7358,0.75865,3.0119290845580866,3.0119290845581013
native,hsbc,PHP,SGD,PHP/SGD,100,Indicative board,board,,,indicative_fx,2026-8-24,2026-8-24,2026-08-24T13:29:13.147701+00:00,2.13,,,,
native,hsbc,PKR,SGD,PKR/SGD,100,Indicative board,board,,,indicative_fx,2026-8-24,2026-8-24,2026-08-24T13:29:13.147701+00:00,0.47,,,,
native,hsbc,QAR,SGD,QAR/SGD,100,Indicative board,board,,,indicative_fx,2026-8-24,2026-8-24,2026-08-24T13:29:13.147701+00:00,35.29,34.36,34.825,1.3352476669059476,1.335247666905968
native,hsbc,RUB,SGD,RUB/SGD,100,Indicative board,board,,,indicative_fx,2026-8-24,2026-8-24,2026-08-24T13:29:13.147701+00:00,16.04,14.67,15.355,4.461087593617705,4.461087593617717
native,hsbc,SAR,SGD,SAR/SGD,100,Indicative board,board,,,indicative_fx,2026-8-24,2026-8-24,2026-08-24T13:29:13.147701+00:00,34.23,33.38,33.805,1.2572104718236863,1.2572104718236863
native,hsbc,SEK,SGD,SEK/SGD,100,Indicative board,board,,,indicative_fx,2026-8-24,2026-8-24,2026-08-24T13:29:13.147701+00:00,13.81,13.0,13.405000000000001,3.021260723610588,3.021260723610601
native,hsbc,THB,SGD,THB/SGD,100,Indicative board,board,,,indicative_fx,2026-8-24,2026-8-24,2026-08-24T13:29:13.147701+00:00,4.02,,,,
native,hsbc,TRY,SGD,TRY/SGD,1,Indicative board,board,,,indicative_fx,2026-8-24,2026-8-24,2026-08-24T13:29:13.147701+00:00,0.0273,,,,
native,hsbc,USD,SGD,USD/SGD,1,Indicative board,board,,,indicative_fx,2026-8-24,2026-8-24,2026-08-24T13:29:13.147701+00:00,1.2948,1.2438,1.2692999999999999,2.0089813282911906,2.008981328291173
native,hsbc,ZAR,SGD,ZAR/SGD,1,Indicative board,board,,,indicative_fx,2026-8-24,2026-8-24,2026-08-24T13:29:13.147701+00:00,0.0819,0.0767,0.07930000000000001,3.2786885245901525,3.27868852459017
native,ocbc,AED,SGD,AED/SGD,100,"SGD 0 – 39,999.99",tier_1,,,fxRatesSgd,2026-08-24T07:00:13,2026-08-24T07:00:13,2026-08-24T13:29:11.004058+00:00,35.4897,33.4825,34.4861,2.910158005689245,2.910158005689245
native,ocbc,AED,SGD,AED/SGD,100,"SGD 40,000 – 100,000",tier_2,,,fxRatesSgd,2026-08-24T07:00:13,2026-08-24T07:00:13,2026-08-24T13:29:11.004058+00:00,35.4792,33.4996,34.4861,2.879710956008358,2.8605728104946615
native,ocbc,AUD,SGD,AUD/SGD,1,"SGD 0 – 39,999.99",tier_1,,,fxRatesSgd,2026-08-24T07:00:13,2026-08-24T07:00:13,2026-08-24T13:29:11.004058+00:00,0.9263,0.897,0.9117,1.6014039706043717,1.6123724909509636
native,ocbc,AUD,SGD,AUD/SGD,1,"SGD 40,000 – 100,000",tier_2,,,fxRatesSgd,2026-08-24T07:00:13,2026-08-24T07:00:13,2026-08-24T13:29:11.004058+00:00,0.9245,0.8988,0.9117,1.403970604365475,1.4149391247120666
native,ocbc,BGN,SGD,BGN/SGD,100,"SGD 0 – 39,999.99",tier_1,,,fxRatesSgd,2026-08-24T07:00:13,2026-08-24T07:00:13,2026-08-24T13:29:11.004058+00:00,0.0,0.0,0.0,,
native,ocbc,BGN,SGD,BGN/SGD,100,"SGD 40,000 – 100,000",tier_2,,,fxRatesSgd,2026-08-24T07:00:13,2026-08-24T07:00:13,2026-08-24T13:29:11.004058+00:00,0.0,0.0,0.0,,
native,ocbc,BHD,SGD,BHD/SGD,1,"SGD 0 – 39,999.99",tier_1,,,fxRatesSgd,2026-08-24T07:00:13,2026-08-24T07:00:13,2026-08-24T13:29:11.004058+00:00,0.0,0.0,0.0,,
native,ocbc,BHD,SGD,BHD/SGD,1,"SGD 40,000 – 100,000",tier_2,,,fxRatesSgd,2026-08-24T07:00:13,2026-08-24T07:00:13,2026-08-24T13:29:11.004058+00:00,0.0,0.0,0.0,,
native,ocbc,CAD,SGD,CAD/SGD,1,"SGD 0 – 39,999.99",tier_1,,,fxRatesSgd,2026-08-24T07:00:13,2026-08-24T07:00:13,2026-08-24T13:29:11.004058+00:00,0.9347,0.9015,0.9181,1.8080819082888517,1.8080819082888637
native,ocbc,CAD,SGD,CAD/SGD,1,"SGD 40,000 – 100,000",tier_2,,,fxRatesSgd,2026-08-24T07:00:13,2026-08-24T07:00:13,2026-08-24T13:29:11.004058+00:00,0.9329,0.9034,0.9181,1.6120248338960814,1.6011327742076076
native,ocbc,CHF,SGD,CHF/SGD,100,"SGD 0 – 39,999.99",tier_1,,,fxRatesSgd,2026-08-24T07:00:13,2026-08-24T07:00:13,2026-08-24T13:29:11.004058+00:00,161.1628,155.4293,158.2961,1.8109732330739727,1.8110364058242647
native,ocbc,CHF,SGD,CHF/SGD,100,"SGD 40,000 – 100,000",tier_2,,,fxRatesSgd,2026-08-24T07:00:13,2026-08-24T07:00:13,2026-08-24T13:29:11.004058+00:00,160.8462,155.7459,158.2961,1.6109683055994524,1.6110314783497444
native,ocbc,CNH,SGD,CNH/SGD,100,"SGD 0 – 39,999.99",tier_1,,,fxRatesSgd,2026-08-24T07:00:13,2026-08-24T07:00:13,2026-08-24T13:29:11.004058+00:00,19.2384,18.6698,18.9541,1.499939327111275,1.499939327111294
native,ocbc,CNH,SGD,CNH/SGD,100,"SGD 40,000 – 100,000",tier_2,,,fxRatesSgd,2026-08-24T07:00:13,2026-08-24T07:00:13,2026-08-24T13:29:11.004058+00:00,19.2195,18.6887,18.9541,1.4002247534834134,1.4002247534834134
native,ocbc,CZK,SGD,CZK/SGD,100,"SGD 0 – 39,999.99",tier_1,,,fxRatesSgd,2026-08-24T07:00:13,2026-08-24T07:00:13,2026-08-24T13:29:11.004058+00:00,0.0,0.0,0.0,,
native,ocbc,CZK,SGD,CZK/SGD,100,"SGD 40,000 – 100,000",tier_2,,,fxRatesSgd,2026-08-24T07:00:13,2026-08-24T07:00:13,2026-08-24T13:29:11.004058+00:00,0.0,0.0,0.0,,
native,ocbc,DKK,SGD,DKK/SGD,100,"SGD 0 – 39,999.99",tier_1,,,fxRatesSgd,2026-08-24T07:00:13,2026-08-24T07:00:13,2026-08-24T13:29:11.004058+00:00,20.1847,19.4685,19.8266,1.8061594020154756,1.8061594020154756
native,ocbc,DKK,SGD,DKK/SGD,100,"SGD 40,000 – 100,000",tier_2,,,fxRatesSgd,2026-08-24T07:00:13,2026-08-24T07:00:13,2026-08-24T13:29:11.004058+00:00,20.145,19.5081,19.8266,1.605923355492119,1.6064277284052748
native,ocbc,EUR,SGD,EUR/SGD,1,"SGD 0 – 39,999.99",tier_1,,,fxRatesSgd,2026-08-24T07:00:13,2026-08-24T07:00:13,2026-08-24T13:29:11.004058+00:00,1.4989,1.462,1.4805,1.2428233704829432,1.2495778453225237
native,ocbc,EUR,SGD,EUR/SGD,1,"SGD 40,000 – 100,000",tier_2,,,fxRatesSgd,2026-08-24T07:00:13,2026-08-24T07:00:13,2026-08-24T13:29:11.004058+00:00,1.4971,1.464,1.4805,1.1212428233704945,1.114488348530899
native,ocbc,GBP,SGD,GBP/SGD,1,"SGD 0 – 39,999.99",tier_1,,,fxRatesSgd,2026-08-24T07:00:13,2026-08-24T07:00:13,2026-08-24T13:29:11.004058+00:00,1.7541,1.7075,1.7308,1.346198289808187,1.3461982898081741
native,ocbc,GBP,SGD,GBP/SGD,1,"SGD 40,000 – 100,000",tier_2,,,fxRatesSgd,2026-08-24T07:00:13,2026-08-24T07:00:13,2026-08-24T13:29:11.004058+00:00,1.7523,1.7096,1.7308,1.2422001386642059,1.2248671134735318
native,ocbc,HKD,SGD,HKD/SGD,100,"SGD 0 – 39,999.99",tier_1,,,fxRatesSgd,2026-08-24T07:00:13,2026-08-24T07:00:13,2026-08-24T13:29:11.004058+00:00,16.4247,16.0276,16.2262,1.223330169725523,1.223946456964656
native,ocbc,HKD,SGD,HKD/SGD,100,"SGD 40,000 – 100,000",tier_2,,,fxRatesSgd,2026-08-24T07:00:13,2026-08-24T07:00:13,2026-08-24T13:29:11.004058+00:00,16.3955,16.0373,16.2262,1.0433742958918282,1.1641665947664908
native,ocbc,HUF,SGD,HUF/SGD,100,"SGD 0 – 39,999.99",tier_1,,,fxRatesSgd,2026-08-24T07:00:13,2026-08-24T07:00:13,2026-08-24T13:29:11.004058+00:00,0.0,0.0,0.0,,
native,ocbc,HUF,SGD,HUF/SGD,100,"SGD 40,000 – 100,000",tier_2,,,fxRatesSgd,2026-08-24T07:00:13,2026-08-24T07:00:13,2026-08-24T13:29:11.004058+00:00,0.0,0.0,0.0,,
native,ocbc,IDR,SGD,IDR/SGD,100,"SGD 0 – 39,999.99",tier_1,,,fxRatesSgd,2026-08-24T07:00:13,2026-08-24T07:00:13,2026-08-24T13:29:11.004058+00:00,0.0074,0.0,0.0074,0.0,100.0
native,ocbc,IDR,SGD,IDR/SGD,100,"SGD 40,000 – 100,000",tier_2,,,fxRatesSgd,2026-08-24T07:00:13,2026-08-24T07:00:13,2026-08-24T13:29:11.004058+00:00,0.0074,0.0,0.0074,0.0,100.0
native,ocbc,ILS,SGD,ILS/SGD,100,"SGD 0 – 39,999.99",tier_1,,,fxRatesSgd,2026-08-24T07:00:13,2026-08-24T07:00:13,2026-08-24T13:29:11.004058+00:00,0.0,0.0,0.0,,
native,ocbc,ILS,SGD,ILS/SGD,100,"SGD 40,000 – 100,000",tier_2,,,fxRatesSgd,2026-08-24T07:00:13,2026-08-24T07:00:13,2026-08-24T13:29:11.004058+00:00,0.0,0.0,0.0,,
native,ocbc,INR,SGD,INR/SGD,100,"SGD 0 – 39,999.99",tier_1,,,fxRatesSgd,2026-08-24T07:00:13,2026-08-24T07:00:13,2026-08-24T13:29:11.004058+00:00,1.3684,0.0,1.3684,0.0,100.0
native,ocbc,INR,SGD,INR/SGD,100,"SGD 40,000 – 100,000",tier_2,,,fxRatesSgd,2026-08-24T07:00:13,2026-08-24T07:00:13,2026-08-24T13:29:11.004058+00:00,1.3658,0.0,1.3684,-0.1900029231219057,100.0
native,ocbc,JOD,SGD,JOD/SGD,1,"SGD 0 – 39,999.99",tier_1,,,fxRatesSgd,2026-08-24T07:00:13,2026-08-24T07:00:13,2026-08-24T13:29:11.004058+00:00,0.0,0.0,0.0,,
native,ocbc,JOD,SGD,JOD/SGD,1,"SGD 40,000 – 100,000",tier_2,,,fxRatesSgd,2026-08-24T07:00:13,2026-08-24T07:00:13,2026-08-24T13:29:11.004058+00:00,0.0,0.0,0.0,,
native,ocbc,JPY,SGD,JPY/SGD,100,"SGD 0 – 39,999.99",tier_1,,,fxRatesSgd,2026-08-24T07:00:13,2026-08-24T07:00:13,2026-08-24T13:29:11.004058+00:00,0.8086,0.7887,0.7987,1.239514210592215,1.252034556153751
native,ocbc,JPY,SGD,JPY/SGD,100,"SGD 40,000 – 100,000",tier_2,,,fxRatesSgd,2026-08-24T07:00:13,2026-08-24T07:00:13,2026-08-24T13:29:11.004058+00:00,0.8078,0.7901,0.7987,1.139351446099912,1.0767497182922174
native,ocbc,KRW,SGD,KRW/SGD,100,"SGD 0 – 39,999.99",tier_1,,,fxRatesSgd,2026-08-24T07:00:13,2026-08-24T07:00:13,2026-08-24T13:29:11.004058+00:00,0.0,0.0,0.0,,
native,ocbc,KRW,SGD,KRW/SGD,100,"SGD 40,000 – 100,000",tier_2,,,fxRatesSgd,2026-08-24T07:00:13,2026-08-24T07:00:13,2026-08-24T13:29:11.004058+00:00,0.0,0.0,0.0,,
native,ocbc,LKR,SGD,LKR/SGD,100,"SGD 0 – 39,999.99",tier_1,,,fxRatesSgd,2026-08-24T07:00:13,2026-08-24T07:00:13,2026-08-24T13:29:11.004058+00:00,0.3976,0.0,0.3976,0.0,100.0
native,ocbc,LKR,SGD,LKR/SGD,100,"SGD 40,000 – 100,000",tier_2,,,fxRatesSgd,2026-08-24T07:00:13,2026-08-24T07:00:13,2026-08-24T13:29:11.004058+00:00,0.3968,0.0,0.3976,-0.20120724346077032,100.0
native,ocbc,MAD,SGD,MAD/SGD,100,"SGD 0 – 39,999.99",tier_1,,,fxRatesSgd,2026-08-24T07:00:13,2026-08-24T07:00:13,2026-08-24T13:29:11.004058+00:00,0.0,0.0,0.0,,
native,ocbc,MAD,SGD,MAD/SGD,100,"SGD 40,000 – 100,000",tier_2,,,fxRatesSgd,2026-08-24T07:00:13,2026-08-24T07:00:13,2026-08-24T13:29:11.004058+00:00,0.0,0.0,0.0,,
native,ocbc,MXN,SGD,MXN/SGD,100,"SGD 0 – 39,999.99",tier_1,,,fxRatesSgd,2026-08-24T07:00:13,2026-08-24T07:00:13,2026-08-24T13:29:11.004058+00:00,7.7637,0.0,7.7637,0.0,100.0
native,ocbc,MXN,SGD,MXN/SGD,100,"SGD 40,000 – 100,000",tier_2,,,fxRatesSgd,2026-08-24T07:00:13,2026-08-24T07:00:13,2026-08-24T13:29:11.004058+00:00,7.7622,0.0,7.7637,-0.01932068472506739,100.0
native,ocbc,MYR,SGD,MYR/SGD,100,"SGD 0 – 39,999.99",tier_1,,,fxRatesSgd,2026-08-24T07:00:13,2026-08-24T07:00:13,2026-08-24T13:29:11.004058+00:00,0.0,0.0,0.0,,
native,ocbc,MYR,SGD,MYR/SGD,100,"SGD 40,000 – 100,000",tier_2,,,fxRatesSgd,2026-08-24T07:00:13,2026-08-24T07:00:13,2026-08-24T13:29:11.004058+00:00,0.0,0.0,0.0,,
native,ocbc,NOK,SGD,NOK/SGD,100,"SGD 0 – 39,999.99",tier_1,,,fxRatesSgd,2026-08-24T07:00:13,2026-08-24T07:00:13,2026-08-24T13:29:11.004058+00:00,13.8762,13.3812,13.6287,1.8160206035792152,1.8160206035792152
native,ocbc,NOK,SGD,NOK/SGD,100,"SGD 40,000 – 100,000",tier_2,,,fxRatesSgd,2026-08-24T07:00:13,2026-08-24T07:00:13,2026-08-24T13:29:11.004058+00:00,13.8489,13.4085,13.6287,1.6157080279116875,1.6157080279116875
native,ocbc,NZD,SGD,NZD/SGD,1,"SGD 0 – 39,999.99",tier_1,,,fxRatesSgd,2026-08-24T07:00:13,2026-08-24T07:00:13,2026-08-24T13:29:11.004058+00:00,0.7732,0.7469,0.7601,1.7234574398105513,1.736613603473226
native,ocbc,NZD,SGD,NZD/SGD,1,"SGD 40,000 – 100,000",tier_2,,,fxRatesSgd,2026-08-24T07:00:13,2026-08-24T07:00:13,2026-08-24T13:29:11.004058+00:00,0.7713,0.7492,0.7601,1.4734903302197062,1.4340218392316828
native,ocbc,OMR,SGD,OMR/SGD,1,"SGD 0 – 39,999.99",tier_1,,,fxRatesSgd,2026-08-24T07:00:13,2026-08-24T07:00:13,2026-08-24T13:29:11.004058+00:00,0.0,0.0,0.0,,
native,ocbc,OMR,SGD,OMR/SGD,1,"SGD 40,000 – 100,000",tier_2,,,fxRatesSgd,2026-08-24T07:00:13,2026-08-24T07:00:13,2026-08-24T13:29:11.004058+00:00,0.0,0.0,0.0,,
native,ocbc,PHP,SGD,PHP/SGD,100,"SGD 0 – 39,999.99",tier_1,,,fxRatesSgd,2026-08-24T07:00:13,2026-08-24T07:00:13,2026-08-24T13:29:11.004058+00:00,2.1231,0.0,2.1231,0.0,100.0
native,ocbc,PHP,SGD,PHP/SGD,100,"SGD 40,000 – 100,000",tier_2,,,fxRatesSgd,2026-08-24T07:00:13,2026-08-24T07:00:13,2026-08-24T13:29:11.004058+00:00,2.1221,0.0,2.1231,-0.047100937308647256,100.0
native,ocbc,PLN,SGD,PLN/SGD,100,"SGD 0 – 39,999.99",tier_1,,,fxRatesSgd,2026-08-24T07:00:13,2026-08-24T07:00:13,2026-08-24T13:29:11.004058+00:00,35.4529,33.2393,34.3461,3.222491054297285,3.222491054297285
native,ocbc,PLN,SGD,PLN/SGD,100,"SGD 40,000 – 100,000",tier_2,,,fxRatesSgd,2026-08-24T07:00:13,2026-08-24T07:00:13,2026-08-24T13:29:11.004058+00:00,35.4354,33.2664,34.3461,3.1715391267130806,3.1435883550097463
native,ocbc,QAR,SGD,QAR/SGD,100,"SGD 0 – 39,999.99",tier_1,,,fxRatesSgd,2026-08-24T07:00:13,2026-08-24T07:00:13,2026-08-24T13:29:11.004058+00:00,35.8875,33.786,34.8368,3.016063473108914,3.0163505258806644
native,ocbc,QAR,SGD,QAR/SGD,100,"SGD 40,000 – 100,000",tier_2,,,fxRatesSgd,2026-08-24T07:00:13,2026-08-24T07:00:13,2026-08-24T13:29:11.004058+00:00,35.8662,33.8032,34.8368,2.954921232719431,2.966977449134249
native,ocbc,RON,SGD,RON/SGD,100,"SGD 0 – 39,999.99",tier_1,,,fxRatesSgd,2026-08-24T07:00:13,2026-08-24T07:00:13,2026-08-24T13:29:11.004058+00:00,0.0,0.0,0.0,,
native,ocbc,RON,SGD,RON/SGD,100,"SGD 40,000 – 100,000",tier_2,,,fxRatesSgd,2026-08-24T07:00:13,2026-08-24T07:00:13,2026-08-24T13:29:11.004058+00:00,0.0,0.0,0.0,,
native,ocbc,RUB,SGD,RUB/SGD,100,"SGD 0 – 39,999.99",tier_1,,,fxRatesSgd,2026-08-24T07:00:13,2026-08-24T07:00:13,2026-08-24T13:29:11.004058+00:00,0.0,0.0,0.0,,
native,ocbc,RUB,SGD,RUB/SGD,100,"SGD 40,000 – 100,000",tier_2,,,fxRatesSgd,2026-08-24T07:00:13,2026-08-24T07:00:13,2026-08-24T13:29:11.004058+00:00,0.0,0.0,0.0,,
native,ocbc,SAR,SGD,SAR/SGD,100,"SGD 0 – 39,999.99",tier_1,,,fxRatesSgd,2026-08-24T07:00:13,2026-08-24T07:00:13,2026-08-24T13:29:11.004058+00:00,34.7916,32.8733,33.8325,2.8348481489691846,2.8351437227517997
native,ocbc,SAR,SGD,SAR/SGD,100,"SGD 40,000 – 100,000",tier_2,,,fxRatesSgd,2026-08-24T07:00:13,2026-08-24T07:00:13,2026-08-24T13:29:11.004058+00:00,34.7745,32.89,33.8325,2.784305032143649,2.7857829010566837
native,ocbc,SEK,SGD,SEK/SGD,100,"SGD 0 – 39,999.99",tier_1,,,fxRatesSgd,2026-08-24T07:00:13,2026-08-24T07:00:13,2026-08-24T13:29:11.004058+00:00,13.6178,13.1324,13.3751,1.8145658724047002,1.8145658724046867
native,ocbc,SEK,SGD,SEK/SGD,100,"SGD 40,000 – 100,000",tier_2,,,fxRatesSgd,2026-08-24T07:00:13,2026-08-24T07:00:13,2026-08-24T13:29:11.004058+00:00,13.591,13.1591,13.3751,1.6141935387398938,1.6149411967013276
native,ocbc,THB,SGD,THB/SGD,100,"SGD 0 – 39,999.99",tier_1,,,fxRatesSgd,2026-08-24T07:00:13,2026-08-24T07:00:13,2026-08-24T13:29:11.004058+00:00,3.996,3.7766,3.8863,2.822736278722696,2.8227362787226844
native,ocbc,THB,SGD,THB/SGD,100,"SGD 40,000 – 100,000",tier_2,,,fxRatesSgd,2026-08-24T07:00:13,2026-08-24T07:00:13,2026-08-24T13:29:11.004058+00:00,3.9882,3.7844,3.8863,2.6220312379384016,2.62203123793839
native,ocbc,TRY,SGD,TRY/SGD,100,"SGD 0 – 39,999.99",tier_1,,,fxRatesSgd,2026-08-24T07:00:13,2026-08-24T07:00:13,2026-08-24T13:29:11.004058+00:00,2.7349,2.5813,2.6581,2.8892818178398096,2.8892818178398096
native,ocbc,TRY,SGD,TRY/SGD,100,"SGD 40,000 – 100,000",tier_2,,,fxRatesSgd,2026-08-24T07:00:13,2026-08-24T07:00:13,2026-08-24T13:29:11.004058+00:00,2.7336,2.5815,2.6581,2.840374703735747,2.881757646439186
native,ocbc,TWD,SGD,TWD/SGD,100,"SGD 0 – 39,999.99",tier_1,,,fxRatesSgd,2026-08-24T07:00:13,2026-08-24T07:00:13,2026-08-24T13:29:11.004058+00:00,4.1401,0.0,4.1401,0.0,100.0
native,ocbc,TWD,SGD,TWD/SGD,100,"SGD 40,000 – 100,000",tier_2,,,fxRatesSgd,2026-08-24T07:00:13,2026-08-24T07:00:13,2026-08-24T13:29:11.004058+00:00,0.0,0.0,4.1401,-100.0,100.0
native,ocbc,USD,SGD,USD/SGD,1,"SGD 0 – 39,999.99",tier_1,,,fxRatesSgd,2026-08-24T07:00:13,2026-08-24T07:00:13,2026-08-24T13:29:11.004058+00:00,1.2829,1.2599,1.2714,0.9045147081956775,0.904514708195695
native,ocbc,USD,SGD,USD/SGD,1,"SGD 40,000 – 100,000",tier_2,,,fxRatesSgd,2026-08-24T07:00:13,2026-08-24T07:00:13,2026-08-24T13:29:11.004058+00:00,1.2816,1.2609,1.2714,0.8022652194431326,0.8258612553091219
native,ocbc,ZAR,SGD,ZAR/SGD,100,"SGD 0 – 39,999.99",tier_1,,,fxRatesSgd,2026-08-24T07:00:13,2026-08-24T07:00:13,2026-08-24T13:29:11.004058+00:00,8.1707,7.6907,7.9307,3.0262145838324517,3.0262145838324517
native,ocbc,ZAR,SGD,ZAR/SGD,100,"SGD 40,000 – 100,000",tier_2,,,fxRatesSgd,2026-08-24T07:00:13,2026-08-24T07:00:13,2026-08-24T13:29:11.004058+00:00,8.1668,7.6947,7.9307,2.9770385968451767,2.975777674101905
native,uob,AED,SGD,AED/SGD,100,Indicative board,board,,,forex_sgd,24 August 2026 05:40:57 PM,24 August 2026 05:40:57 PM,2026-08-24T13:29:12.425114+00:00,35.45,33.75,34.6,2.4566473988439346,2.4566473988439346
native,uob,AOA,SGD,AOA/SGD,100,Indicative board,board,,,forex_sgd,24 August 2026 05:40:57 PM,24 August 2026 05:40:57 PM,2026-08-24T13:29:12.425114+00:00,0.1428,,,,
native,uob,AUD,SGD,AUD/SGD,1,Indicative board,board,,,forex_sgd,24 August 2026 05:40:57 PM,24 August 2026 05:40:57 PM,2026-08-24T13:29:12.425114+00:00,0.9257,0.8947,0.9102,1.7029224346297474,1.7029224346297474
native,uob,BDT,SGD,BDT/SGD,100,Indicative board,board,,,forex_sgd,24 August 2026 05:40:57 PM,24 August 2026 05:40:57 PM,2026-08-24T13:29:12.425114+00:00,1.0682,,,,
native,uob,BND,SGD,BND/SGD,1,Indicative board,board,,,forex_sgd,24 August 2026 05:40:57 PM,24 August 2026 05:40:57 PM,2026-08-24T13:29:12.425114+00:00,1.0,1.0,1.0,0.0,0.0
native,uob,CAD,SGD,CAD/SGD,1,Indicative board,board,,,forex_sgd,24 August 2026 05:40:57 PM,24 August 2026 05:40:57 PM,2026-08-24T13:29:12.425114+00:00,0.9285,0.9085,0.9185,1.0887316276537844,1.0887316276537844
native,uob,CHF,SGD,CHF/SGD,100,Indicative board,board,,,forex_sgd,24 August 2026 05:40:57 PM,24 August 2026 05:40:57 PM,2026-08-24T13:29:12.425114+00:00,160.03,156.73,158.38,1.0417982068443021,1.0417982068443021
native,uob,CNH,SGD,CNH/SGD,100,Indicative board,board,,,forex_sgd,24 August 2026 05:40:57 PM,24 August 2026 05:40:57 PM,2026-08-24T13:29:12.425114+00:00,19.13,18.67,18.9,1.2169312169312192,1.2169312169312005
native,uob,DKK,SGD,DKK/SGD,100,Indicative board,board,,,forex_sgd,24 August 2026 05:40:57 PM,24 August 2026 05:40:57 PM,2026-08-24T13:29:12.425114+00:00,20.18,19.48,19.83,1.7650025214321807,1.765002521432163
native,uob,EGP,SGD,EGP/SGD,100,Indicative board,board,,,forex_sgd,24 August 2026 05:40:57 PM,24 August 2026 05:40:57 PM,2026-08-24T13:29:12.425114+00:00,2.5673,,,,
native,uob,EUR,SGD,EUR/SGD,1,Indicative board,board,,,forex_sgd,24 August 2026 05:40:57 PM,24 August 2026 05:40:57 PM,2026-08-24T13:29:12.425114+00:00,1.5013,1.4633,1.4823,1.28179181002497,1.281791810024955
native,uob,GBP,SGD,GBP/SGD,1,Indicative board,board,,,forex_sgd,24 August 2026 05:40:57 PM,24 August 2026 05:40:57 PM,2026-08-24T13:29:12.425114+00:00,1.7547,1.7097,1.7322,1.2989262209906456,1.2989262209906456
native,uob,HKD,SGD,HKD/SGD,100,Indicative board,board,,,forex_sgd,24 August 2026 05:40:57 PM,24 August 2026 05:40:57 PM,2026-08-24T13:29:12.425114+00:00,16.389,16.031,16.21,1.1042566317088123,1.1042566317088343
native,uob,INR,SGD,INR/SGD,100,Indicative board,board,,,forex_sgd,24 August 2026 05:40:57 PM,24 August 2026 05:40:57 PM,2026-08-24T13:29:12.425114+00:00,1.3642,,,,
native,uob,JPY,SGD,JPY/SGD,100,Indicative board,board,,,forex_sgd,24 August 2026 05:40:57 PM,24 August 2026 05:40:57 PM,2026-08-24T13:29:12.425114+00:00,0.8154,0.7814,0.7984,2.12925851703407,2.12925851703407
native,uob,KRW,SGD,KRW/SGD,1000,Indicative board,board,,,forex_sgd,24 August 2026 05:40:57 PM,24 August 2026 05:40:57 PM,2026-08-24T13:29:12.425114+00:00,0.9298,,,,
native,uob,KWD,SGD,KWD/SGD,1,Indicative board,board,,,forex_sgd,24 August 2026 05:40:57 PM,24 August 2026 05:40:57 PM,2026-08-24T13:29:12.425114+00:00,4.176,,,,
native,uob,LKR,SGD,LKR/SGD,100,Indicative board,board,,,forex_sgd,24 August 2026 05:40:57 PM,24 August 2026 05:40:57 PM,2026-08-24T13:29:12.425114+00:00,0.3916,,,,
native,uob,MXN,SGD,MXN/SGD,100,Indicative board,board,,,forex_sgd,24 August 2026 05:40:57 PM,24 August 2026 05:40:57 PM,2026-08-24T13:29:12.425114+00:00,7.5924,,,,
native,uob,MYR,SGD,MYR/SGD,100,Indicative board,board,,,forex_sgd,24 August 2026 05:40:57 PM,24 August 2026 05:40:57 PM,2026-08-24T13:29:12.425114+00:00,31.8979,,,,
native,uob,NOK,SGD,NOK/SGD,100,Indicative board,board,,,forex_sgd,24 August 2026 05:40:57 PM,24 August 2026 05:40:57 PM,2026-08-24T13:29:12.425114+00:00,13.86,13.42,13.64,1.6129032258064433,1.6129032258064562
native,uob,NZD,SGD,NZD/SGD,1,Indicative board,board,,,forex_sgd,24 August 2026 05:40:57 PM,24 August 2026 05:40:57 PM,2026-08-24T13:29:12.425114+00:00,0.7687,0.7487,0.7587,1.3180440226703583,1.3180440226703583
native,uob,PHP,SGD,PHP/SGD,100,Indicative board,board,,,forex_sgd,24 August 2026 05:40:57 PM,24 August 2026 05:40:57 PM,2026-08-24T13:29:12.425114+00:00,2.106,,,,
native,uob,PKR,SGD,PKR/SGD,100,Indicative board,board,,,forex_sgd,24 August 2026 05:40:57 PM,24 August 2026 05:40:57 PM,2026-08-24T13:29:12.425114+00:00,0.4638,,,,
native,uob,SAR,SGD,SAR/SGD,100,Indicative board,board,,,forex_sgd,24 August 2026 05:40:57 PM,24 August 2026 05:40:57 PM,2026-08-24T13:29:12.425114+00:00,,,,,
native,uob,SEK,SGD,SEK/SGD,100,Indicative board,board,,,forex_sgd,24 August 2026 05:40:57 PM,24 August 2026 05:40:57 PM,2026-08-24T13:29:12.425114+00:00,13.63,13.15,13.39,1.7923823749066485,1.7923823749066485
native,uob,THB,SGD,THB/SGD,100,Indicative board,board,,,forex_sgd,24 August 2026 05:40:57 PM,24 August 2026 05:40:57 PM,2026-08-24T13:29:12.425114+00:00,3.99,3.79,3.89,2.5706940874036013,2.5706940874036013
native,uob,TWD,SGD,TWD/SGD,100,Indicative board,board,,,forex_sgd,24 August 2026 05:40:57 PM,24 August 2026 05:40:57 PM,2026-08-24T13:29:12.425114+00:00,4.0699,,,,
native,uob,USD,SGD,USD/SGD,1,Indicative board,board,,,forex_sgd,24 August 2026 05:40:57 PM,24 August 2026 05:40:57 PM,2026-08-24T13:29:12.425114+00:00,1.2827,1.2587,1.2707,0.9443613756197381,0.9443613756197381
native,uob,VND,SGD,VND/SGD,1000,Indicative board,board,,,forex_sgd,24 August 2026 05:40:57 PM,24 August 2026 05:40:57 PM,2026-08-24T13:29:12.425114+00:00,0.0498,,,,
native,uob,XAF,SGD,XAF/SGD,100,Indicative board,board,,,forex_sgd,24 August 2026 05:40:57 PM,24 August 2026 05:40:57 PM,2026-08-24T13:29:12.425114+00:00,0.2323,,,,
native,uob,XOF,SGD,XOF/SGD,100,Indicative board,board,,,forex_sgd,24 August 2026 05:40:57 PM,24 August 2026 05:40:57 PM,2026-08-24T13:29:12.425114+00:00,0.2338,,,,
native,uob,ZAR,SGD,ZAR/SGD,1,Indicative board,board,,,forex_sgd,24 August 2026 05:40:57 PM,24 August 2026 05:40:57 PM,2026-08-24T13:29:12.425114+00:00,0.0813,0.0773,0.0793,2.52206809583859,2.52206809583859
standardized,dbs,AED,SGD,AED/SGD,1,SGD 50 – 200,amtBtw50And200,"SGD 200 – 39,999.99",std_200_40k,mainCurrencies,2026-08-24 21:15:00,2026-08-24 13:15:13,2026-08-24T13:29:10.032344+00:00,0.3482,0.3434,0.3458,0.694042799305961,0.694042799305961
standardized,dbs,AED,SGD,AED/SGD,1,SGD 50 – 200,amtBtw50And200,"SGD 40,000 – 100,000",std_40k_100k,mainCurrencies,2026-08-24 21:15:00,2026-08-24 13:15:13,2026-08-24T13:29:10.032344+00:00,0.3482,0.3434,0.3458,0.694042799305961,0.694042799305961
standardized,dbs,AED,SGD,AED/SGD,1,SGD 50 – 200,amtBtw50And200,SGD 50 – 200,std_50_200,mainCurrencies,2026-08-24 21:15:00,2026-08-24 13:15:13,2026-08-24T13:29:10.032344+00:00,0.3482,0.3434,0.3458,0.694042799305961,0.694042799305961
standardized,dbs,AED,SGD,AED/SGD,1,SGD < 50,amtLessThan50,SGD < 50,std_lt_50,mainCurrencies,2026-08-24 21:15:00,2026-08-24 13:15:13,2026-08-24T13:29:10.032344+00:00,0.3509,0.3407,0.3458,1.4748409485251572,1.4748409485251572
standardized,dbs,AUD,SGD,AUD/SGD,1,SGD 50 – 200,amtBtw50And200,"SGD 200 – 39,999.99",std_200_40k,mainCurrencies,2026-08-24 21:15:00,2026-08-24 13:15:13,2026-08-24T13:29:10.032344+00:00,0.9202,0.9001,0.91015,1.1042135911662916,1.1042135911662916
standardized,dbs,AUD,SGD,AUD/SGD,1,SGD 50 – 200,amtBtw50And200,"SGD 40,000 – 100,000",std_40k_100k,mainCurrencies,2026-08-24 21:15:00,2026-08-24 13:15:13,2026-08-24T13:29:10.032344+00:00,0.9202,0.9001,0.91015,1.1042135911662916,1.1042135911662916
standardized,dbs,AUD,SGD,AUD/SGD,1,SGD 50 – 200,amtBtw50And200,SGD 50 – 200,std_50_200,mainCurrencies,2026-08-24 21:15:00,2026-08-24 13:15:13,2026-08-24T13:29:10.032344+00:00,0.9202,0.9001,0.91015,1.1042135911662916,1.1042135911662916
standardized,dbs,AUD,SGD,AUD/SGD,1,SGD < 50,amtLessThan50,SGD < 50,std_lt_50,mainCurrencies,2026-08-24 21:15:00,2026-08-24 13:15:13,2026-08-24T13:29:10.032344+00:00,0.9207,0.8997,0.9102,1.1535926170072461,1.1535926170072461
standardized,dbs,BDT,SGD,BDT/SGD,100,SGD 50 – 200,amtBtw50And200,"SGD 200 – 39,999.99",std_200_40k,otherCurrencies,2026-08-24 21:15:00,2026-08-24 13:15:13,2026-08-24T13:29:10.032344+00:00,1.0471,,,,
standardized,dbs,BDT,SGD,BDT/SGD,100,SGD 50 – 200,amtBtw50And200,"SGD 40,000 – 100,000",std_40k_100k,otherCurrencies,2026-08-24 21:15:00,2026-08-24 13:15:13,2026-08-24T13:29:10.032344+00:00,1.0471,,,,
standardized,dbs,BDT,SGD,BDT/SGD,100,SGD 50 – 200,amtBtw50And200,SGD 50 – 200,std_50_200,otherCurrencies,2026-08-24 21:15:00,2026-08-24 13:15:13,2026-08-24T13:29:10.032344+00:00,1.0471,,,,
standardized,dbs,BDT,SGD,BDT/SGD,100,SGD < 50,amtLessThan50,SGD < 50,std_lt_50,otherCurrencies,2026-08-24 21:15:00,2026-08-24 13:15:13,2026-08-24T13:29:10.032344+00:00,1.0471,,,,
standardized,dbs,BHD,SGD,BHD/SGD,1,SGD 50 – 200,amtBtw50And200,"SGD 200 – 39,999.99",std_200_40k,otherCurrencies,2026-08-24 21:15:00,2026-08-24 13:15:13,2026-08-24T13:29:10.032344+00:00,3.4492,,,,
standardized,dbs,BHD,SGD,BHD/SGD,1,SGD 50 – 200,amtBtw50And200,"SGD 40,000 – 100,000",std_40k_100k,otherCurrencies,2026-08-24 21:15:00,2026-08-24 13:15:13,2026-08-24T13:29:10.032344+00:00,3.4492,,,,
standardized,dbs,BHD,SGD,BHD/SGD,1,SGD 50 – 200,amtBtw50And200,SGD 50 – 200,std_50_200,otherCurrencies,2026-08-24 21:15:00,2026-08-24 13:15:13,2026-08-24T13:29:10.032344+00:00,3.4492,,,,
standardized,dbs,BHD,SGD,BHD/SGD,1,SGD < 50,amtLessThan50,SGD < 50,std_lt_50,otherCurrencies,2026-08-24 21:15:00,2026-08-24 13:15:13,2026-08-24T13:29:10.032344+00:00,3.4628,,,,
standardized,dbs,BND,SGD,BND/SGD,1,SGD 50 – 200,amtBtw50And200,"SGD 200 – 39,999.99",std_200_40k,otherCurrencies,2026-08-24 21:15:00,2026-08-24 13:15:13,2026-08-24T13:29:10.032344+00:00,1.0,1.0,1.0,0.0,0.0
standardized,dbs,BND,SGD,BND/SGD,1,SGD 50 – 200,amtBtw50And200,"SGD 40,000 – 100,000",std_40k_100k,otherCurrencies,2026-08-24 21:15:00,2026-08-24 13:15:13,2026-08-24T13:29:10.032344+00:00,1.0,1.0,1.0,0.0,0.0
standardized,dbs,BND,SGD,BND/SGD,1,SGD 50 – 200,amtBtw50And200,SGD 50 – 200,std_50_200,otherCurrencies,2026-08-24 21:15:00,2026-08-24 13:15:13,2026-08-24T13:29:10.032344+00:00,1.0,1.0,1.0,0.0,0.0
standardized,dbs,BND,SGD,BND/SGD,1,SGD < 50,amtLessThan50,SGD < 50,std_lt_50,otherCurrencies,2026-08-24 21:15:00,2026-08-24 13:15:13,2026-08-24T13:29:10.032344+00:00,1.0,1.0,1.0,0.0,0.0
standardized,dbs,CAD,SGD,CAD/SGD,1,SGD 50 – 200,amtBtw50And200,"SGD 200 – 39,999.99",std_200_40k,mainCurrencies,2026-08-24 21:15:00,2026-08-24 13:15:13,2026-08-24T13:29:10.032344+00:00,0.9255,0.9116,0.91855,0.756627293016168,0.756627293016168
standardized,dbs,CAD,SGD,CAD/SGD,1,SGD 50 – 200,amtBtw50And200,"SGD 40,000 – 100,000",std_40k_100k,mainCurrencies,2026-08-24 21:15:00,2026-08-24 13:15:13,2026-08-24T13:29:10.032344+00:00,0.9255,0.9116,0.91855,0.756627293016168,0.756627293016168
standardized,dbs,CAD,SGD,CAD/SGD,1,SGD 50 – 200,amtBtw50And200,SGD 50 – 200,std_50_200,mainCurrencies,2026-08-24 21:15:00,2026-08-24 13:15:13,2026-08-24T13:29:10.032344+00:00,0.9255,0.9116,0.91855,0.756627293016168,0.756627293016168
standardized,dbs,CAD,SGD,CAD/SGD,1,SGD < 50,amtLessThan50,SGD < 50,std_lt_50,mainCurrencies,2026-08-24 21:15:00,2026-08-24 13:15:13,2026-08-24T13:29:10.032344+00:00,0.9287,0.9084,0.91855,1.1050024495128183,1.1050024495128183
standardized,dbs,CHF,SGD,CHF/SGD,1,SGD 50 – 200,amtBtw50And200,"SGD 200 – 39,999.99",std_200_40k,mainCurrencies,2026-08-24 21:15:00,2026-08-24 13:15:13,2026-08-24T13:29:10.032344+00:00,1.5983,1.5681,1.5832000000000002,0.9537645275391542,0.9537645275391683
standardized,dbs,CHF,SGD,CHF/SGD,1,SGD 50 – 200,amtBtw50And200,"SGD 40,000 – 100,000",std_40k_100k,mainCurrencies,2026-08-24 21:15:00,2026-08-24 13:15:13,2026-08-24T13:29:10.032344+00:00,1.5983,1.5681,1.5832000000000002,0.9537645275391542,0.9537645275391683
standardized,dbs,CHF,SGD,CHF/SGD,1,SGD 50 – 200,amtBtw50And200,SGD 50 – 200,std_50_200,mainCurrencies,2026-08-24 21:15:00,2026-08-24 13:15:13,2026-08-24T13:29:10.032344+00:00,1.5983,1.5681,1.5832000000000002,0.9537645275391542,0.9537645275391683
standardized,dbs,CHF,SGD,CHF/SGD,1,SGD < 50,amtLessThan50,SGD < 50,std_lt_50,mainCurrencies,2026-08-24 21:15:00,2026-08-24 13:15:13,2026-08-24T13:29:10.032344+00:00,1.5991,1.5673,1.5832,1.004295098534615,1.004295098534615
standardized,dbs,CNH,SGD,CNH/SGD,1,SGD 50 – 200,amtBtw50And200,"SGD 200 – 39,999.99",std_200_40k,mainCurrencies,2026-08-24 21:15:00,2026-08-24 13:15:13,2026-08-24T13:29:10.032344+00:00,0.191,0.1867,0.18885000000000002,1.1384696849351257,1.1384696849351406
standardized,dbs,CNH,SGD,CNH/SGD,1,SGD 50 – 200,amtBtw50And200,"SGD 40,000 – 100,000",std_40k_100k,mainCurrencies,2026-08-24 21:15:00,2026-08-24 13:15:13,2026-08-24T13:29:10.032344+00:00,0.191,0.1867,0.18885000000000002,1.1384696849351257,1.1384696849351406
standardized,dbs,CNH,SGD,CNH/SGD,1,SGD 50 – 200,amtBtw50And200,SGD 50 – 200,std_50_200,mainCurrencies,2026-08-24 21:15:00,2026-08-24 13:15:13,2026-08-24T13:29:10.032344+00:00,0.191,0.1867,0.18885000000000002,1.1384696849351257,1.1384696849351406
standardized,dbs,CNH,SGD,CNH/SGD,1,SGD < 50,amtLessThan50,SGD < 50,std_lt_50,mainCurrencies,2026-08-24 21:15:00,2026-08-24 13:15:13,2026-08-24T13:29:10.032344+00:00,0.1917,0.186,0.18885000000000002,1.509134233518661,1.5091342335186755
standardized,dbs,CNY,SGD,CNY/SGD,1,SGD 50 – 200,amtBtw50And200,"SGD 200 – 39,999.99",std_200_40k,otherCurrencies,2026-08-24 21:15:00,2026-08-24 13:15:13,2026-08-24T13:29:10.032344+00:00,0.1889,,,,
standardized,dbs,CNY,SGD,CNY/SGD,1,SGD 50 – 200,amtBtw50And200,"SGD 40,000 – 100,000",std_40k_100k,otherCurrencies,2026-08-24 21:15:00,2026-08-24 13:15:13,2026-08-24T13:29:10.032344+00:00,0.1889,,,,
standardized,dbs,CNY,SGD,CNY/SGD,1,SGD 50 – 200,amtBtw50And200,SGD 50 – 200,std_50_200,otherCurrencies,2026-08-24 21:15:00,2026-08-24 13:15:13,2026-08-24T13:29:10.032344+00:00,0.1889,,,,
standardized,dbs,CNY,SGD,CNY/SGD,1,SGD < 50,amtLessThan50,SGD < 50,std_lt_50,otherCurrencies,2026-08-24 21:15:00,2026-08-24 13:15:13,2026-08-24T13:29:10.032344+00:00,0.1906,,,,
standardized,dbs,DKK,SGD,DKK/SGD,1,SGD 50 – 200,amtBtw50And200,"SGD 200 – 39,999.99",std_200_40k,mainCurrencies,2026-08-24 21:15:00,2026-08-24 13:15:13,2026-08-24T13:29:10.032344+00:00,0.201,0.1955,0.19825,1.3871374527112244,1.3871374527112244
standardized,dbs,DKK,SGD,DKK/SGD,1,SGD 50 – 200,amtBtw50And200,"SGD 40,000 – 100,000",std_40k_100k,mainCurrencies,2026-08-24 21:15:00,2026-08-24 13:15:13,2026-08-24T13:29:10.032344+00:00,0.201,0.1955,0.19825,1.3871374527112244,1.3871374527112244
standardized,dbs,DKK,SGD,DKK/SGD,1,SGD 50 – 200,amtBtw50And200,SGD 50 – 200,std_50_200,mainCurrencies,2026-08-24 21:15:00,2026-08-24 13:15:13,2026-08-24T13:29:10.032344+00:00,0.201,0.1955,0.19825,1.3871374527112244,1.3871374527112244
standardized,dbs,DKK,SGD,DKK/SGD,1,SGD < 50,amtLessThan50,SGD < 50,std_lt_50,mainCurrencies,2026-08-24 21:15:00,2026-08-24 13:15:13,2026-08-24T13:29:10.032344+00:00,0.2014,0.1952,0.1983,1.5632879475542065,1.5632879475542065
standardized,dbs,EUR,SGD,EUR/SGD,1,SGD 50 – 200,amtBtw50And200,"SGD 200 – 39,999.99",std_200_40k,mainCurrencies,2026-08-24 21:15:00,2026-08-24 13:15:13,2026-08-24T13:29:10.032344+00:00,1.4951,1.4698,1.48245,0.8533171439171675,0.8533171439171675
standardized,dbs,EUR,SGD,EUR/SGD,1,SGD 50 – 200,amtBtw50And200,"SGD 40,000 – 100,000",std_40k_100k,mainCurrencies,2026-08-24 21:15:00,2026-08-24 13:15:13,2026-08-24T13:29:10.032344+00:00,1.4951,1.4698,1.48245,0.8533171439171675,0.8533171439171675
standardized,dbs,EUR,SGD,EUR/SGD,1,SGD 50 – 200,amtBtw50And200,SGD 50 – 200,std_50_200,mainCurrencies,2026-08-24 21:15:00,2026-08-24 13:15:13,2026-08-24T13:29:10.032344+00:00,1.4951,1.4698,1.48245,0.8533171439171675,0.8533171439171675
standardized,dbs,EUR,SGD,EUR/SGD,1,SGD < 50,amtLessThan50,SGD < 50,std_lt_50,mainCurrencies,2026-08-24 21:15:00,2026-08-24 13:15:13,2026-08-24T13:29:10.032344+00:00,1.4959,1.469,1.48245,0.9072818644810928,0.9072818644810928
standardized,dbs,GBP,SGD,GBP/SGD,1,SGD 50 – 200,amtBtw50And200,"SGD 200 – 39,999.99",std_200_40k,mainCurrencies,2026-08-24 21:15:00,2026-08-24 13:15:13,2026-08-24T13:29:10.032344+00:00,1.7456,1.7212,1.7334,0.7038190838813885,0.7038190838813885
standardized,dbs,GBP,SGD,GBP/SGD,1,SGD 50 – 200,amtBtw50And200,"SGD 40,000 – 100,000",std_40k_100k,mainCurrencies,2026-08-24 21:15:00,2026-08-24 13:15:13,2026-08-24T13:29:10.032344+00:00,1.7456,1.7212,1.7334,0.7038190838813885,0.7038190838813885
standardized,dbs,GBP,SGD,GBP/SGD,1,SGD 50 – 200,amtBtw50And200,SGD 50 – 200,std_50_200,mainCurrencies,2026-08-24 21:15:00,2026-08-24 13:15:13,2026-08-24T13:29:10.032344+00:00,1.7456,1.7212,1.7334,0.7038190838813885,0.7038190838813885
standardized,dbs,GBP,SGD,GBP/SGD,1,SGD < 50,amtLessThan50,SGD < 50,std_lt_50,mainCurrencies,2026-08-24 21:15:00,2026-08-24 13:15:13,2026-08-24T13:29:10.032344+00:00,1.7474,1.7195,1.73345,0.8047535262049744,0.8047535262049617
standardized,dbs,HKD,SGD,HKD/SGD,1,SGD 50 – 200,amtBtw50And200,"SGD 200 – 39,999.99",std_200_40k,mainCurrencies,2026-08-24 21:15:00,2026-08-24 13:15:13,2026-08-24T13:29:10.032344+00:00,0.1636,0.1604,0.16199999999999998,0.9876543209876656,0.9876543209876484
standardized,dbs,HKD,SGD,HKD/SGD,1,SGD 50 – 200,amtBtw50And200,"SGD 40,000 – 100,000",std_40k_100k,mainCurrencies,2026-08-24 21:15:00,2026-08-24 13:15:13,2026-08-24T13:29:10.032344+00:00,0.1636,0.1604,0.16199999999999998,0.9876543209876656,0.9876543209876484
standardized,dbs,HKD,SGD,HKD/SGD,1,SGD 50 – 200,amtBtw50And200,SGD 50 – 200,std_50_200,mainCurrencies,2026-08-24 21:15:00,2026-08-24 13:15:13,2026-08-24T13:29:10.032344+00:00,0.1636,0.1604,0.16199999999999998,0.9876543209876656,0.9876543209876484
standardized,dbs,HKD,SGD,HKD/SGD,1,SGD < 50,amtLessThan50,SGD < 50,std_lt_50,mainCurrencies,2026-08-24 21:15:00,2026-08-24 13:15:13,2026-08-24T13:29:10.032344+00:00,0.1638,0.1602,0.162,1.1111111111111085,1.1111111111111085
standardized,dbs,HUF,SGD,HUF/SGD,100,SGD 50 – 200,amtBtw50And200,"SGD 200 – 39,999.99",std_200_40k,otherCurrencies,2026-08-24 21:15:00,2026-08-24 13:15:13,2026-08-24T13:29:10.032344+00:00,0.4173,,,,
standardized,dbs,HUF,SGD,HUF/SGD,100,SGD 50 – 200,amtBtw50And200,"SGD 40,000 – 100,000",std_40k_100k,otherCurrencies,2026-08-24 21:15:00,2026-08-24 13:15:13,2026-08-24T13:29:10.032344+00:00,0.4173,,,,
standardized,dbs,HUF,SGD,HUF/SGD,100,SGD 50 – 200,amtBtw50And200,SGD 50 – 200,std_50_200,otherCurrencies,2026-08-24 21:15:00,2026-08-24 13:15:13,2026-08-24T13:29:10.032344+00:00,0.4173,,,,
standardized,dbs,HUF,SGD,HUF/SGD,100,SGD < 50,amtLessThan50,SGD < 50,std_lt_50,otherCurrencies,2026-08-24 21:15:00,2026-08-24 13:15:13,2026-08-24T13:29:10.032344+00:00,0.4189,,,,
standardized,dbs,ID0,SGD,ID0/SGD,100,SGD 50 – 200,amtBtw50And200,"SGD 200 – 39,999.99",std_200_40k,otherCurrencies,2026-08-24 21:15:00,2026-08-24 13:15:13,2026-08-24T13:29:10.032344+00:00,,,,,
standardized,dbs,ID0,SGD,ID0/SGD,100,SGD 50 – 200,amtBtw50And200,"SGD 40,000 – 100,000",std_40k_100k,otherCurrencies,2026-08-24 21:15:00,2026-08-24 13:15:13,2026-08-24T13:29:10.032344+00:00,,,,,
standardized,dbs,ID0,SGD,ID0/SGD,100,SGD 50 – 200,amtBtw50And200,SGD 50 – 200,std_50_200,otherCurrencies,2026-08-24 21:15:00,2026-08-24 13:15:13,2026-08-24T13:29:10.032344+00:00,,,,,
standardized,dbs,ID0,SGD,ID0/SGD,100,SGD < 50,amtLessThan50,SGD < 50,std_lt_50,otherCurrencies,2026-08-24 21:15:00,2026-08-24 13:15:13,2026-08-24T13:29:10.032344+00:00,,0.0071,,,
standardized,dbs,IDR,SGD,IDR/SGD,100,SGD 50 – 200,amtBtw50And200,"SGD 200 – 39,999.99",std_200_40k,mainCurrencies,2026-08-24 21:15:00,2026-08-24 13:15:13,2026-08-24T13:29:10.032344+00:00,0.0073,,,,
standardized,dbs,IDR,SGD,IDR/SGD,100,SGD 50 – 200,amtBtw50And200,"SGD 40,000 – 100,000",std_40k_100k,mainCurrencies,2026-08-24 21:15:00,2026-08-24 13:15:13,2026-08-24T13:29:10.032344+00:00,0.0073,,,,
standardized,dbs,IDR,SGD,IDR/SGD,100,SGD 50 – 200,amtBtw50And200,SGD 50 – 200,std_50_200,mainCurrencies,2026-08-24 21:15:00,2026-08-24 13:15:13,2026-08-24T13:29:10.032344+00:00,0.0073,,,,
standardized,dbs,IDR,SGD,IDR/SGD,100,SGD < 50,amtLessThan50,SGD < 50,std_lt_50,mainCurrencies,2026-08-24 21:15:00,2026-08-24 13:15:13,2026-08-24T13:29:10.032344+00:00,0.0073,,,,
standardized,dbs,IN0,SGD,IN0/SGD,100,SGD 50 – 200,amtBtw50And200,"SGD 200 – 39,999.99",std_200_40k,otherCurrencies,2026-08-24 21:15:00,2026-08-24 13:15:13,2026-08-24T13:29:10.032344+00:00,,1.3235,,,
standardized,dbs,IN0,SGD,IN0/SGD,100,SGD 50 – 200,amtBtw50And200,"SGD 40,000 – 100,000",std_40k_100k,otherCurrencies,2026-08-24 21:15:00,2026-08-24 13:15:13,2026-08-24T13:29:10.032344+00:00,,1.3235,,,
standardized,dbs,IN0,SGD,IN0/SGD,100,SGD 50 – 200,amtBtw50And200,SGD 50 – 200,std_50_200,otherCurrencies,2026-08-24 21:15:00,2026-08-24 13:15:13,2026-08-24T13:29:10.032344+00:00,,1.3235,,,
standardized,dbs,IN0,SGD,IN0/SGD,100,SGD < 50,amtLessThan50,SGD < 50,std_lt_50,otherCurrencies,2026-08-24 21:15:00,2026-08-24 13:15:13,2026-08-24T13:29:10.032344+00:00,,1.3235,,,
standardized,dbs,INR,SGD,INR/SGD,100,SGD 50 – 200,amtBtw50And200,"SGD 200 – 39,999.99",std_200_40k,otherCurrencies,2026-08-24 21:15:00,2026-08-24 13:15:13,2026-08-24T13:29:10.032344+00:00,1.3406,,,,
standardized,dbs,INR,SGD,INR/SGD,100,SGD 50 – 200,amtBtw50And200,"SGD 40,000 – 100,000",std_40k_100k,otherCurrencies,2026-08-24 21:15:00,2026-08-24 13:15:13,2026-08-24T13:29:10.032344+00:00,1.3406,,,,
standardized,dbs,INR,SGD,INR/SGD,100,SGD 50 – 200,amtBtw50And200,SGD 50 – 200,std_50_200,otherCurrencies,2026-08-24 21:15:00,2026-08-24 13:15:13,2026-08-24T13:29:10.032344+00:00,1.3406,,,,
standardized,dbs,INR,SGD,INR/SGD,100,SGD < 50,amtLessThan50,SGD < 50,std_lt_50,otherCurrencies,2026-08-24 21:15:00,2026-08-24 13:15:13,2026-08-24T13:29:10.032344+00:00,1.3513,,,,
standardized,dbs,JPY,SGD,JPY/SGD,100,SGD 50 – 200,amtBtw50And200,"SGD 200 – 39,999.99",std_200_40k,mainCurrencies,2026-08-24 21:15:00,2026-08-24 13:15:13,2026-08-24T13:29:10.032344+00:00,0.8063,0.7903,0.7983,1.0021295252411382,1.0021295252411382
standardized,dbs,JPY,SGD,JPY/SGD,100,SGD 50 – 200,amtBtw50And200,"SGD 40,000 – 100,000",std_40k_100k,mainCurrencies,2026-08-24 21:15:00,2026-08-24 13:15:13,2026-08-24T13:29:10.032344+00:00,0.8063,0.7903,0.7983,1.0021295252411382,1.0021295252411382
standardized,dbs,JPY,SGD,JPY/SGD,100,SGD 50 – 200,amtBtw50And200,SGD 50 – 200,std_50_200,mainCurrencies,2026-08-24 21:15:00,2026-08-24 13:15:13,2026-08-24T13:29:10.032344+00:00,0.8063,0.7903,0.7983,1.0021295252411382,1.0021295252411382
standardized,dbs,JPY,SGD,JPY/SGD,100,SGD < 50,amtLessThan50,SGD < 50,std_lt_50,mainCurrencies,2026-08-24 21:15:00,2026-08-24 13:15:13,2026-08-24T13:29:10.032344+00:00,0.8071,0.7895,0.7983,1.1023424777652548,1.1023424777652548
standardized,dbs,KRW,SGD,KRW/SGD,100,SGD 50 – 200,amtBtw50And200,"SGD 200 – 39,999.99",std_200_40k,otherCurrencies,2026-08-24 21:15:00,2026-08-24 13:15:13,2026-08-24T13:29:10.032344+00:00,0.093,,,,
standardized,dbs,KRW,SGD,KRW/SGD,100,SGD 50 – 200,amtBtw50And200,"SGD 40,000 – 100,000",std_40k_100k,otherCurrencies,2026-08-24 21:15:00,2026-08-24 13:15:13,2026-08-24T13:29:10.032344+00:00,0.093,,,,
standardized,dbs,KRW,SGD,KRW/SGD,100,SGD 50 – 200,amtBtw50And200,SGD 50 – 200,std_50_200,otherCurrencies,2026-08-24 21:15:00,2026-08-24 13:15:13,2026-08-24T13:29:10.032344+00:00,0.093,,,,
standardized,dbs,KRW,SGD,KRW/SGD,100,SGD < 50,amtLessThan50,SGD < 50,std_lt_50,otherCurrencies,2026-08-24 21:15:00,2026-08-24 13:15:13,2026-08-24T13:29:10.032344+00:00,0.093,,,,
standardized,dbs,KWD,SGD,KWD/SGD,100,SGD 50 – 200,amtBtw50And200,"SGD 200 – 39,999.99",std_200_40k,otherCurrencies,2026-08-24 21:15:00,2026-08-24 13:15:13,2026-08-24T13:29:10.032344+00:00,421.9935,,,,
standardized,dbs,KWD,SGD,KWD/SGD,100,SGD 50 – 200,amtBtw50And200,"SGD 40,000 – 100,000",std_40k_100k,otherCurrencies,2026-08-24 21:15:00,2026-08-24 13:15:13,2026-08-24T13:29:10.032344+00:00,421.9935,,,,
standardized,dbs,KWD,SGD,KWD/SGD,100,SGD 50 – 200,amtBtw50And200,SGD 50 – 200,std_50_200,otherCurrencies,2026-08-24 21:15:00,2026-08-24 13:15:13,2026-08-24T13:29:10.032344+00:00,421.9935,,,,
standardized,dbs,KWD,SGD,KWD/SGD,100,SGD < 50,amtLessThan50,SGD < 50,std_lt_50,otherCurrencies,2026-08-24 21:15:00,2026-08-24 13:15:13,2026-08-24T13:29:10.032344+00:00,423.658,,,,
standardized,dbs,LKR,SGD,LKR/SGD,100,SGD 50 – 200,amtBtw50And200,"SGD 200 – 39,999.99",std_200_40k,otherCurrencies,2026-08-24 21:15:00,2026-08-24 13:15:13,2026-08-24T13:29:10.032344+00:00,0.3935,,,,
standardized,dbs,LKR,SGD,LKR/SGD,100,SGD 50 – 200,amtBtw50And200,"SGD 40,000 – 100,000",std_40k_100k,otherCurrencies,2026-08-24 21:15:00,2026-08-24 13:15:13,2026-08-24T13:29:10.032344+00:00,0.3935,,,,
standardized,dbs,LKR,SGD,LKR/SGD,100,SGD 50 – 200,amtBtw50And200,SGD 50 – 200,std_50_200,otherCurrencies,2026-08-24 21:15:00,2026-08-24 13:15:13,2026-08-24T13:29:10.032344+00:00,0.3935,,,,
standardized,dbs,LKR,SGD,LKR/SGD,100,SGD < 50,amtLessThan50,SGD < 50,std_lt_50,otherCurrencies,2026-08-24 21:15:00,2026-08-24 13:15:13,2026-08-24T13:29:10.032344+00:00,0.3935,,,,
standardized,dbs,MM1,SGD,MM1/SGD,100,SGD 50 – 200,amtBtw50And200,"SGD 200 – 39,999.99",std_200_40k,otherCurrencies,2026-08-24 21:15:00,2026-08-24 13:15:13,2026-08-24T13:29:10.032344+00:00,,,,,
standardized,dbs,MM1,SGD,MM1/SGD,100,SGD 50 – 200,amtBtw50And200,"SGD 40,000 – 100,000",std_40k_100k,otherCurrencies,2026-08-24 21:15:00,2026-08-24 13:15:13,2026-08-24T13:29:10.032344+00:00,,,,,
standardized,dbs,MM1,SGD,MM1/SGD,100,SGD 50 – 200,amtBtw50And200,SGD 50 – 200,std_50_200,otherCurrencies,2026-08-24 21:15:00,2026-08-24 13:15:13,2026-08-24T13:29:10.032344+00:00,,,,,
standardized,dbs,MM1,SGD,MM1/SGD,100,SGD < 50,amtLessThan50,SGD < 50,std_lt_50,otherCurrencies,2026-08-24 21:15:00,2026-08-24 13:15:13,2026-08-24T13:29:10.032344+00:00,,,,,
standardized,dbs,MMK,SGD,MMK/SGD,100,SGD 50 – 200,amtBtw50And200,"SGD 200 – 39,999.99",std_200_40k,otherCurrencies,2026-08-24 21:15:00,2026-08-24 13:15:13,2026-08-24T13:29:10.032344+00:00,0.0324,,,,
standardized,dbs,MMK,SGD,MMK/SGD,100,SGD 50 – 200,amtBtw50And200,"SGD 40,000 – 100,000",std_40k_100k,otherCurrencies,2026-08-24 21:15:00,2026-08-24 13:15:13,2026-08-24T13:29:10.032344+00:00,0.0324,,,,
standardized,dbs,MMK,SGD,MMK/SGD,100,SGD 50 – 200,amtBtw50And200,SGD 50 – 200,std_50_200,otherCurrencies,2026-08-24 21:15:00,2026-08-24 13:15:13,2026-08-24T13:29:10.032344+00:00,0.0324,,,,
standardized,dbs,MMK,SGD,MMK/SGD,100,SGD < 50,amtLessThan50,SGD < 50,std_lt_50,otherCurrencies,2026-08-24 21:15:00,2026-08-24 13:15:13,2026-08-24T13:29:10.032344+00:00,0.0324,,,,
standardized,dbs,MUR,SGD,MUR/SGD,100,SGD 50 – 200,amtBtw50And200,"SGD 200 – 39,999.99",std_200_40k,otherCurrencies,2026-08-24 21:15:00,2026-08-24 13:15:13,2026-08-24T13:29:10.032344+00:00,2.7333,,,,
standardized,dbs,MUR,SGD,MUR/SGD,100,SGD 50 – 200,amtBtw50And200,"SGD 40,000 – 100,000",std_40k_100k,otherCurrencies,2026-08-24 21:15:00,2026-08-24 13:15:13,2026-08-24T13:29:10.032344+00:00,2.7333,,,,
standardized,dbs,MUR,SGD,MUR/SGD,100,SGD 50 – 200,amtBtw50And200,SGD 50 – 200,std_50_200,otherCurrencies,2026-08-24 21:15:00,2026-08-24 13:15:13,2026-08-24T13:29:10.032344+00:00,2.7333,,,,
standardized,dbs,MUR,SGD,MUR/SGD,100,SGD < 50,amtLessThan50,SGD < 50,std_lt_50,otherCurrencies,2026-08-24 21:15:00,2026-08-24 13:15:13,2026-08-24T13:29:10.032344+00:00,2.7441,,,,
standardized,dbs,MXN,SGD,MXN/SGD,100,SGD 50 – 200,amtBtw50And200,"SGD 200 – 39,999.99",std_200_40k,mainCurrencies,2026-08-24 21:15:00,2026-08-24 13:15:13,2026-08-24T13:29:10.032344+00:00,7.6075,,,,
standardized,dbs,MXN,SGD,MXN/SGD,100,SGD 50 – 200,amtBtw50And200,"SGD 40,000 – 100,000",std_40k_100k,mainCurrencies,2026-08-24 21:15:00,2026-08-24 13:15:13,2026-08-24T13:29:10.032344+00:00,7.6075,,,,
standardized,dbs,MXN,SGD,MXN/SGD,100,SGD 50 – 200,amtBtw50And200,SGD 50 – 200,std_50_200,mainCurrencies,2026-08-24 21:15:00,2026-08-24 13:15:13,2026-08-24T13:29:10.032344+00:00,7.6075,,,,
standardized,dbs,MXN,SGD,MXN/SGD,100,SGD < 50,amtLessThan50,SGD < 50,std_lt_50,mainCurrencies,2026-08-24 21:15:00,2026-08-24 13:15:13,2026-08-24T13:29:10.032344+00:00,7.6059,,,,
standardized,dbs,MY0,SGD,MY0/SGD,1,SGD 50 – 200,amtBtw50And200,"SGD 200 – 39,999.99",std_200_40k,otherCurrencies,2026-08-24 21:15:00,2026-08-24 13:15:13,2026-08-24T13:29:10.032344+00:00,,0.3135,,,
standardized,dbs,MY0,SGD,MY0/SGD,1,SGD 50 – 200,amtBtw50And200,"SGD 40,000 – 100,000",std_40k_100k,otherCurrencies,2026-08-24 21:15:00,2026-08-24 13:15:13,2026-08-24T13:29:10.032344+00:00,,0.3135,,,
standardized,dbs,MY0,SGD,MY0/SGD,1,SGD 50 – 200,amtBtw50And200,SGD 50 – 200,std_50_200,otherCurrencies,2026-08-24 21:15:00,2026-08-24 13:15:13,2026-08-24T13:29:10.032344+00:00,,0.3135,,,
standardized,dbs,MY0,SGD,MY0/SGD,1,SGD < 50,amtLessThan50,SGD < 50,std_lt_50,otherCurrencies,2026-08-24 21:15:00,2026-08-24 13:15:13,2026-08-24T13:29:10.032344+00:00,,0.3135,,,
standardized,dbs,MYR,SGD,MYR/SGD,1,SGD 50 – 200,amtBtw50And200,"SGD 200 – 39,999.99",std_200_40k,otherCurrencies,2026-08-24 21:15:00,2026-08-24 13:15:13,2026-08-24T13:29:10.032344+00:00,0.3179,,,,
standardized,dbs,MYR,SGD,MYR/SGD,1,SGD 50 – 200,amtBtw50And200,"SGD 40,000 – 100,000",std_40k_100k,otherCurrencies,2026-08-24 21:15:00,2026-08-24 13:15:13,2026-08-24T13:29:10.032344+00:00,0.3179,,,,
standardized,dbs,MYR,SGD,MYR/SGD,1,SGD 50 – 200,amtBtw50And200,SGD 50 – 200,std_50_200,otherCurrencies,2026-08-24 21:15:00,2026-08-24 13:15:13,2026-08-24T13:29:10.032344+00:00,0.3179,,,,
standardized,dbs,MYR,SGD,MYR/SGD,1,SGD < 50,amtLessThan50,SGD < 50,std_lt_50,otherCurrencies,2026-08-24 21:15:00,2026-08-24 13:15:13,2026-08-24T13:29:10.032344+00:00,0.3179,,,,
standardized,dbs,NOK,SGD,NOK/SGD,1,SGD 50 – 200,amtBtw50And200,"SGD 200 – 39,999.99",std_200_40k,mainCurrencies,2026-08-24 21:15:00,2026-08-24 13:15:13,2026-08-24T13:29:10.032344+00:00,0.1385,0.1347,0.1366,1.3909224011713124,1.3909224011713124
standardized,dbs,NOK,SGD,NOK/SGD,1,SGD 50 – 200,amtBtw50And200,"SGD 40,000 – 100,000",std_40k_100k,mainCurrencies,2026-08-24 21:15:00,2026-08-24 13:15:13,2026-08-24T13:29:10.032344+00:00,0.1385,0.1347,0.1366,1.3909224011713124,1.3909224011713124
standardized,dbs,NOK,SGD,NOK/SGD,1,SGD 50 – 200,amtBtw50And200,SGD 50 – 200,std_50_200,mainCurrencies,2026-08-24 21:15:00,2026-08-24 13:15:13,2026-08-24T13:29:10.032344+00:00,0.1385,0.1347,0.1366,1.3909224011713124,1.3909224011713124
standardized,dbs,NOK,SGD,NOK/SGD,1,SGD < 50,amtLessThan50,SGD < 50,std_lt_50,mainCurrencies,2026-08-24 21:15:00,2026-08-24 13:15:13,2026-08-24T13:29:10.032344+00:00,0.1389,0.1343,0.1366,1.6837481698389432,1.6837481698389432
standardized,dbs,NZD,SGD,NZD/SGD,1,SGD 50 – 200,amtBtw50And200,"SGD 200 – 39,999.99",std_200_40k,mainCurrencies,2026-08-24 21:15:00,2026-08-24 13:15:13,2026-08-24T13:29:10.032344+00:00,0.7667,0.7491,0.7579,1.1611030478955047,1.1611030478955047
standardized,dbs,NZD,SGD,NZD/SGD,1,SGD 50 – 200,amtBtw50And200,"SGD 40,000 – 100,000",std_40k_100k,mainCurrencies,2026-08-24 21:15:00,2026-08-24 13:15:13,2026-08-24T13:29:10.032344+00:00,0.7667,0.7491,0.7579,1.1611030478955047,1.1611030478955047
standardized,dbs,NZD,SGD,NZD/SGD,1,SGD 50 – 200,amtBtw50And200,SGD 50 – 200,std_50_200,mainCurrencies,2026-08-24 21:15:00,2026-08-24 13:15:13,2026-08-24T13:29:10.032344+00:00,0.7667,0.7491,0.7579,1.1611030478955047,1.1611030478955047
standardized,dbs,NZD,SGD,NZD/SGD,1,SGD < 50,amtLessThan50,SGD < 50,std_lt_50,mainCurrencies,2026-08-24 21:15:00,2026-08-24 13:15:13,2026-08-24T13:29:10.032344+00:00,0.7674,0.7483,0.7578499999999999,1.2601438279342956,1.2601438279342811
standardized,dbs,OMR,SGD,OMR/SGD,1,SGD 50 – 200,amtBtw50And200,"SGD 200 – 39,999.99",std_200_40k,otherCurrencies,2026-08-24 21:15:00,2026-08-24 13:15:13,2026-08-24T13:29:10.032344+00:00,3.3237,,,,
standardized,dbs,OMR,SGD,OMR/SGD,1,SGD 50 – 200,amtBtw50And200,"SGD 40,000 – 100,000",std_40k_100k,otherCurrencies,2026-08-24 21:15:00,2026-08-24 13:15:13,2026-08-24T13:29:10.032344+00:00,3.3237,,,,
standardized,dbs,OMR,SGD,OMR/SGD,1,SGD 50 – 200,amtBtw50And200,SGD 50 – 200,std_50_200,otherCurrencies,2026-08-24 21:15:00,2026-08-24 13:15:13,2026-08-24T13:29:10.032344+00:00,3.3237,,,,
standardized,dbs,OMR,SGD,OMR/SGD,1,SGD < 50,amtLessThan50,SGD < 50,std_lt_50,otherCurrencies,2026-08-24 21:15:00,2026-08-24 13:15:13,2026-08-24T13:29:10.032344+00:00,3.3237,,,,
standardized,dbs,PH0,SGD,PH0/SGD,100,SGD 50 – 200,amtBtw50And200,"SGD 200 – 39,999.99",std_200_40k,otherCurrencies,2026-08-24 21:15:00,2026-08-24 13:15:13,2026-08-24T13:29:10.032344+00:00,,2.05,,,
standardized,dbs,PH0,SGD,PH0/SGD,100,SGD 50 – 200,amtBtw50And200,"SGD 40,000 – 100,000",std_40k_100k,otherCurrencies,2026-08-24 21:15:00,2026-08-24 13:15:13,2026-08-24T13:29:10.032344+00:00,,2.05,,,
standardized,dbs,PH0,SGD,PH0/SGD,100,SGD 50 – 200,amtBtw50And200,SGD 50 – 200,std_50_200,otherCurrencies,2026-08-24 21:15:00,2026-08-24 13:15:13,2026-08-24T13:29:10.032344+00:00,,2.05,,,
standardized,dbs,PH0,SGD,PH0/SGD,100,SGD < 50,amtLessThan50,SGD < 50,std_lt_50,otherCurrencies,2026-08-24 21:15:00,2026-08-24 13:15:13,2026-08-24T13:29:10.032344+00:00,,2.05,,,
standardized,dbs,PHP,SGD,PHP/SGD,100,SGD 50 – 200,amtBtw50And200,"SGD 200 – 39,999.99",std_200_40k,otherCurrencies,2026-08-24 21:15:00,2026-08-24 13:15:13,2026-08-24T13:29:10.032344+00:00,2.0842,,,,
standardized,dbs,PHP,SGD,PHP/SGD,100,SGD 50 – 200,amtBtw50And200,"SGD 40,000 – 100,000",std_40k_100k,otherCurrencies,2026-08-24 21:15:00,2026-08-24 13:15:13,2026-08-24T13:29:10.032344+00:00,2.0842,,,,
standardized,dbs,PHP,SGD,PHP/SGD,100,SGD 50 – 200,amtBtw50And200,SGD 50 – 200,std_50_200,otherCurrencies,2026-08-24 21:15:00,2026-08-24 13:15:13,2026-08-24T13:29:10.032344+00:00,2.0842,,,,
standardized,dbs,PHP,SGD,PHP/SGD,100,SGD < 50,amtLessThan50,SGD < 50,std_lt_50,otherCurrencies,2026-08-24 21:15:00,2026-08-24 13:15:13,2026-08-24T13:29:10.032344+00:00,2.0999,,,,
standardized,dbs,PLN,SGD,PLN/SGD,1,SGD 50 – 200,amtBtw50And200,"SGD 200 – 39,999.99",std_200_40k,otherCurrencies,2026-08-24 21:15:00,2026-08-24 13:15:13,2026-08-24T13:29:10.032344+00:00,0.3504,,,,
standardized,dbs,PLN,SGD,PLN/SGD,1,SGD 50 – 200,amtBtw50And200,"SGD 40,000 – 100,000",std_40k_100k,otherCurrencies,2026-08-24 21:15:00,2026-08-24 13:15:13,2026-08-24T13:29:10.032344+00:00,0.3504,,,,
standardized,dbs,PLN,SGD,PLN/SGD,1,SGD 50 – 200,amtBtw50And200,SGD 50 – 200,std_50_200,otherCurrencies,2026-08-24 21:15:00,2026-08-24 13:15:13,2026-08-24T13:29:10.032344+00:00,0.3504,,,,
standardized,dbs,PLN,SGD,PLN/SGD,1,SGD < 50,amtLessThan50,SGD < 50,std_lt_50,otherCurrencies,2026-08-24 21:15:00,2026-08-24 13:15:13,2026-08-24T13:29:10.032344+00:00,0.3518,,,,
standardized,dbs,QAR,SGD,QAR/SGD,1,SGD 50 – 200,amtBtw50And200,"SGD 200 – 39,999.99",std_200_40k,otherCurrencies,2026-08-24 21:15:00,2026-08-24 13:15:13,2026-08-24T13:29:10.032344+00:00,0.3561,,,,
standardized,dbs,QAR,SGD,QAR/SGD,1,SGD 50 – 200,amtBtw50And200,"SGD 40,000 – 100,000",std_40k_100k,otherCurrencies,2026-08-24 21:15:00,2026-08-24 13:15:13,2026-08-24T13:29:10.032344+00:00,0.3561,,,,
standardized,dbs,QAR,SGD,QAR/SGD,1,SGD 50 – 200,amtBtw50And200,SGD 50 – 200,std_50_200,otherCurrencies,2026-08-24 21:15:00,2026-08-24 13:15:13,2026-08-24T13:29:10.032344+00:00,0.3561,,,,
standardized,dbs,QAR,SGD,QAR/SGD,1,SGD < 50,amtLessThan50,SGD < 50,std_lt_50,otherCurrencies,2026-08-24 21:15:00,2026-08-24 13:15:13,2026-08-24T13:29:10.032344+00:00,0.3575,,,,
standardized,dbs,RUB,SGD,RUB/SGD,100,SGD 50 – 200,amtBtw50And200,"SGD 200 – 39,999.99",std_200_40k,mainCurrencies,2026-08-24 21:15:00,2026-08-24 13:15:13,2026-08-24T13:29:10.032344+00:00,,,,,
standardized,dbs,RUB,SGD,RUB/SGD,100,SGD 50 – 200,amtBtw50And200,"SGD 40,000 – 100,000",std_40k_100k,mainCurrencies,2026-08-24 21:15:00,2026-08-24 13:15:13,2026-08-24T13:29:10.032344+00:00,,,,,
standardized,dbs,RUB,SGD,RUB/SGD,100,SGD 50 – 200,amtBtw50And200,SGD 50 – 200,std_50_200,mainCurrencies,2026-08-24 21:15:00,2026-08-24 13:15:13,2026-08-24T13:29:10.032344+00:00,,,,,
standardized,dbs,RUB,SGD,RUB/SGD,100,SGD < 50,amtLessThan50,SGD < 50,std_lt_50,mainCurrencies,2026-08-24 21:15:00,2026-08-24 13:15:13,2026-08-24T13:29:10.032344+00:00,,,,,
standardized,dbs,SAR,SGD,SAR/SGD,100,SGD 50 – 200,amtBtw50And200,"SGD 200 – 39,999.99",std_200_40k,otherCurrencies,2026-08-24 21:15:00,2026-08-24 13:15:13,2026-08-24T13:29:10.032344+00:00,34.2486,,,,
standardized,dbs,SAR,SGD,SAR/SGD,100,SGD 50 – 200,amtBtw50And200,"SGD 40,000 – 100,000",std_40k_100k,otherCurrencies,2026-08-24 21:15:00,2026-08-24 13:15:13,2026-08-24T13:29:10.032344+00:00,34.2486,,,,
standardized,dbs,SAR,SGD,SAR/SGD,100,SGD 50 – 200,amtBtw50And200,SGD 50 – 200,std_50_200,otherCurrencies,2026-08-24 21:15:00,2026-08-24 13:15:13,2026-08-24T13:29:10.032344+00:00,34.2486,,,,
standardized,dbs,SAR,SGD,SAR/SGD,100,SGD < 50,amtLessThan50,SGD < 50,std_lt_50,otherCurrencies,2026-08-24 21:15:00,2026-08-24 13:15:13,2026-08-24T13:29:10.032344+00:00,34.2486,,,,
standardized,dbs,SEK,SGD,SEK/SGD,1,SGD 50 – 200,amtBtw50And200,"SGD 200 – 39,999.99",std_200_40k,mainCurrencies,2026-08-24 21:15:00,2026-08-24 13:15:13,2026-08-24T13:29:10.032344+00:00,0.1356,0.1319,0.13374999999999998,1.3831775700934719,1.3831775700934512
standardized,dbs,SEK,SGD,SEK/SGD,1,SGD 50 – 200,amtBtw50And200,"SGD 40,000 – 100,000",std_40k_100k,mainCurrencies,2026-08-24 21:15:00,2026-08-24 13:15:13,2026-08-24T13:29:10.032344+00:00,0.1356,0.1319,0.13374999999999998,1.3831775700934719,1.3831775700934512
standardized,dbs,SEK,SGD,SEK/SGD,1,SGD 50 – 200,amtBtw50And200,SGD 50 – 200,std_50_200,mainCurrencies,2026-08-24 21:15:00,2026-08-24 13:15:13,2026-08-24T13:29:10.032344+00:00,0.1356,0.1319,0.13374999999999998,1.3831775700934719,1.3831775700934512
standardized,dbs,SEK,SGD,SEK/SGD,1,SGD < 50,amtLessThan50,SGD < 50,std_lt_50,mainCurrencies,2026-08-24 21:15:00,2026-08-24 13:15:13,2026-08-24T13:29:10.032344+00:00,0.1361,0.1314,0.13374999999999998,1.7570093457944067,1.7570093457943863
standardized,dbs,THB,SGD,THB/SGD,100,SGD 50 – 200,amtBtw50And200,"SGD 200 – 39,999.99",std_200_40k,mainCurrencies,2026-08-24 21:15:00,2026-08-24 13:15:13,2026-08-24T13:29:10.032344+00:00,3.9435,3.8309,3.8872,1.448343280510388,1.448343280510388
standardized,dbs,THB,SGD,THB/SGD,100,SGD 50 – 200,amtBtw50And200,"SGD 40,000 – 100,000",std_40k_100k,mainCurrencies,2026-08-24 21:15:00,2026-08-24 13:15:13,2026-08-24T13:29:10.032344+00:00,3.9435,3.8309,3.8872,1.448343280510388,1.448343280510388
standardized,dbs,THB,SGD,THB/SGD,100,SGD 50 – 200,amtBtw50And200,SGD 50 – 200,std_50_200,mainCurrencies,2026-08-24 21:15:00,2026-08-24 13:15:13,2026-08-24T13:29:10.032344+00:00,3.9435,3.8309,3.8872,1.448343280510388,1.448343280510388
standardized,dbs,THB,SGD,THB/SGD,100,SGD < 50,amtLessThan50,SGD < 50,std_lt_50,mainCurrencies,2026-08-24 21:15:00,2026-08-24 13:15:13,2026-08-24T13:29:10.032344+00:00,3.9478,3.8266,3.8872,1.5589627495369414,1.5589627495369414
standardized,dbs,TND,SGD,TND/SGD,1,SGD 50 – 200,amtBtw50And200,"SGD 200 – 39,999.99",std_200_40k,otherCurrencies,2026-08-24 21:15:00,2026-08-24 13:15:13,2026-08-24T13:29:10.032344+00:00,0.4426,,,,
standardized,dbs,TND,SGD,TND/SGD,1,SGD 50 – 200,amtBtw50And200,"SGD 40,000 – 100,000",std_40k_100k,otherCurrencies,2026-08-24 21:15:00,2026-08-24 13:15:13,2026-08-24T13:29:10.032344+00:00,0.4426,,,,
standardized,dbs,TND,SGD,TND/SGD,1,SGD 50 – 200,amtBtw50And200,SGD 50 – 200,std_50_200,otherCurrencies,2026-08-24 21:15:00,2026-08-24 13:15:13,2026-08-24T13:29:10.032344+00:00,0.4426,,,,
standardized,dbs,TND,SGD,TND/SGD,1,SGD < 50,amtLessThan50,SGD < 50,std_lt_50,otherCurrencies,2026-08-24 21:15:00,2026-08-24 13:15:13,2026-08-24T13:29:10.032344+00:00,0.4426,,,,
standardized,dbs,TWD,SGD,TWD/SGD,100,SGD 50 – 200,amtBtw50And200,"SGD 200 – 39,999.99",std_200_40k,otherCurrencies,2026-08-24 21:15:00,2026-08-24 13:15:13,2026-08-24T13:29:10.032344+00:00,4.0341,,,,
standardized,dbs,TWD,SGD,TWD/SGD,100,SGD 50 – 200,amtBtw50And200,"SGD 40,000 – 100,000",std_40k_100k,otherCurrencies,2026-08-24 21:15:00,2026-08-24 13:15:13,2026-08-24T13:29:10.032344+00:00,4.0341,,,,
standardized,dbs,TWD,SGD,TWD/SGD,100,SGD 50 – 200,amtBtw50And200,SGD 50 – 200,std_50_200,otherCurrencies,2026-08-24 21:15:00,2026-08-24 13:15:13,2026-08-24T13:29:10.032344+00:00,4.0341,,,,
standardized,dbs,TWD,SGD,TWD/SGD,100,SGD < 50,amtLessThan50,SGD < 50,std_lt_50,otherCurrencies,2026-08-24 21:15:00,2026-08-24 13:15:13,2026-08-24T13:29:10.032344+00:00,4.0381,,,,
standardized,dbs,USD,SGD,USD/SGD,1,SGD 50 – 200,amtBtw50And200,"SGD 200 – 39,999.99",std_200_40k,mainCurrencies,2026-08-24 21:15:00,2026-08-24 13:15:13,2026-08-24T13:29:10.032344+00:00,1.2794,1.2608,1.2701,0.7322258089914248,0.7322258089914248
standardized,dbs,USD,SGD,USD/SGD,1,SGD 50 – 200,amtBtw50And200,"SGD 40,000 – 100,000",std_40k_100k,mainCurrencies,2026-08-24 21:15:00,2026-08-24 13:15:13,2026-08-24T13:29:10.032344+00:00,1.2794,1.2608,1.2701,0.7322258089914248,0.7322258089914248
standardized,dbs,USD,SGD,USD/SGD,1,SGD 50 – 200,amtBtw50And200,SGD 50 – 200,std_50_200,mainCurrencies,2026-08-24 21:15:00,2026-08-24 13:15:13,2026-08-24T13:29:10.032344+00:00,1.2794,1.2608,1.2701,0.7322258089914248,0.7322258089914248
standardized,dbs,USD,SGD,USD/SGD,1,SGD < 50,amtLessThan50,SGD < 50,std_lt_50,mainCurrencies,2026-08-24 21:15:00,2026-08-24 13:15:13,2026-08-24T13:29:10.032344+00:00,1.2803,1.2599,1.2701,0.8030863711518769,0.8030863711518769
standardized,dbs,VND,SGD,VND/SGD,100,SGD 50 – 200,amtBtw50And200,"SGD 200 – 39,999.99",std_200_40k,otherCurrencies,2026-08-24 21:15:00,2026-08-24 13:15:13,2026-08-24T13:29:10.032344+00:00,0.005,,,,
standardized,dbs,VND,SGD,VND/SGD,100,SGD 50 – 200,amtBtw50And200,"SGD 40,000 – 100,000",std_40k_100k,otherCurrencies,2026-08-24 21:15:00,2026-08-24 13:15:13,2026-08-24T13:29:10.032344+00:00,0.005,,,,
standardized,dbs,VND,SGD,VND/SGD,100,SGD 50 – 200,amtBtw50And200,SGD 50 – 200,std_50_200,otherCurrencies,2026-08-24 21:15:00,2026-08-24 13:15:13,2026-08-24T13:29:10.032344+00:00,0.005,,,,
standardized,dbs,VND,SGD,VND/SGD,100,SGD < 50,amtLessThan50,SGD < 50,std_lt_50,otherCurrencies,2026-08-24 21:15:00,2026-08-24 13:15:13,2026-08-24T13:29:10.032344+00:00,0.005,,,,
standardized,dbs,XAU,SGD,XAU/SGD,1,SGD 50 – 200,amtBtw50And200,"SGD 200 – 39,999.99",std_200_40k,otherCurrencies,2026-08-24 21:15:00,2026-08-24 13:15:13,2026-08-24T13:29:10.032344+00:00,5976.107,5903.981,5940.044,0.6071167149603622,0.6071167149603622
standardized,dbs,XAU,SGD,XAU/SGD,1,SGD 50 – 200,amtBtw50And200,"SGD 40,000 – 100,000",std_40k_100k,otherCurrencies,2026-08-24 21:15:00,2026-08-24 13:15:13,2026-08-24T13:29:10.032344+00:00,5976.107,5903.981,5940.044,0.6071167149603622,0.6071167149603622
standardized,dbs,XAU,SGD,XAU/SGD,1,SGD 50 – 200,amtBtw50And200,SGD 50 – 200,std_50_200,otherCurrencies,2026-08-24 21:15:00,2026-08-24 13:15:13,2026-08-24T13:29:10.032344+00:00,5976.107,5903.981,5940.044,0.6071167149603622,0.6071167149603622
standardized,dbs,XAU,SGD,XAU/SGD,1,SGD < 50,amtLessThan50,SGD < 50,std_lt_50,otherCurrencies,2026-08-24 21:15:00,2026-08-24 13:15:13,2026-08-24T13:29:10.032344+00:00,5976.056,5903.906,5939.981,0.6073251749458428,0.6073251749458428
standardized,dbs,ZAR,SGD,ZAR/SGD,1,SGD 50 – 200,amtBtw50And200,"SGD 200 – 39,999.99",std_200_40k,otherCurrencies,2026-08-24 21:15:00,2026-08-24 13:15:13,2026-08-24T13:29:10.032344+00:00,0.0803,0.0783,0.0793,1.261034047919295,1.261034047919295
standardized,dbs,ZAR,SGD,ZAR/SGD,1,SGD 50 – 200,amtBtw50And200,"SGD 40,000 – 100,000",std_40k_100k,otherCurrencies,2026-08-24 21:15:00,2026-08-24 13:15:13,2026-08-24T13:29:10.032344+00:00,0.0803,0.0783,0.0793,1.261034047919295,1.261034047919295
standardized,dbs,ZAR,SGD,ZAR/SGD,1,SGD 50 – 200,amtBtw50And200,SGD 50 – 200,std_50_200,otherCurrencies,2026-08-24 21:15:00,2026-08-24 13:15:13,2026-08-24T13:29:10.032344+00:00,0.0803,0.0783,0.0793,1.261034047919295,1.261034047919295
standardized,dbs,ZAR,SGD,ZAR/SGD,1,SGD < 50,amtLessThan50,SGD < 50,std_lt_50,otherCurrencies,2026-08-24 21:15:00,2026-08-24 13:15:13,2026-08-24T13:29:10.032344+00:00,0.0806,0.078,0.07930000000000001,1.6393442622950762,1.6393442622950938
standardized,hsbc,AED,SGD,AED/SGD,100,Indicative board,board,"SGD 200 – 39,999.99",std_200_40k,indicative_fx,2026-8-24,2026-8-24,2026-08-24T13:29:13.147701+00:00,35.69,33.43,34.56,3.2696759259259127,3.2696759259259327
standardized,hsbc,AED,SGD,AED/SGD,100,Indicative board,board,"SGD 40,000 – 100,000",std_40k_100k,indicative_fx,2026-8-24,2026-8-24,2026-08-24T13:29:13.147701+00:00,35.69,33.43,34.56,3.2696759259259127,3.2696759259259327
standardized,hsbc,AED,SGD,AED/SGD,100,Indicative board,board,SGD 50 – 200,std_50_200,indicative_fx,2026-8-24,2026-8-24,2026-08-24T13:29:13.147701+00:00,35.69,33.43,34.56,3.2696759259259127,3.2696759259259327
standardized,hsbc,AED,SGD,AED/SGD,100,Indicative board,board,SGD < 50,std_lt_50,indicative_fx,2026-8-24,2026-8-24,2026-08-24T13:29:13.147701+00:00,35.69,33.43,34.56,3.2696759259259127,3.2696759259259327
standardized,hsbc,AUD,SGD,AUD/SGD,1,Indicative board,board,"SGD 200 – 39,999.99",std_200_40k,indicative_fx,2026-8-24,2026-8-24,2026-08-24T13:29:13.147701+00:00,0.9377,0.8828,0.91025,3.0156550398242215,3.0156550398242215
standardized,hsbc,AUD,SGD,AUD/SGD,1,Indicative board,board,"SGD 40,000 – 100,000",std_40k_100k,indicative_fx,2026-8-24,2026-8-24,2026-08-24T13:29:13.147701+00:00,0.9377,0.8828,0.91025,3.0156550398242215,3.0156550398242215
standardized,hsbc,AUD,SGD,AUD/SGD,1,Indicative board,board,SGD 50 – 200,std_50_200,indicative_fx,2026-8-24,2026-8-24,2026-08-24T13:29:13.147701+00:00,0.9377,0.8828,0.91025,3.0156550398242215,3.0156550398242215
standardized,hsbc,AUD,SGD,AUD/SGD,1,Indicative board,board,SGD < 50,std_lt_50,indicative_fx,2026-8-24,2026-8-24,2026-08-24T13:29:13.147701+00:00,0.9377,0.8828,0.91025,3.0156550398242215,3.0156550398242215
standardized,hsbc,CAD,SGD,CAD/SGD,1,Indicative board,board,"SGD 200 – 39,999.99",std_200_40k,indicative_fx,2026-8-24,2026-8-24,2026-08-24T13:29:13.147701+00:00,0.9485,0.893,0.92075,3.013847407005165,3.0138474070051524
standardized,hsbc,CAD,SGD,CAD/SGD,1,Indicative board,board,"SGD 40,000 – 100,000",std_40k_100k,indicative_fx,2026-8-24,2026-8-24,2026-08-24T13:29:13.147701+00:00,0.9485,0.893,0.92075,3.013847407005165,3.0138474070051524
standardized,hsbc,CAD,SGD,CAD/SGD,1,Indicative board,board,SGD 50 – 200,std_50_200,indicative_fx,2026-8-24,2026-8-24,2026-08-24T13:29:13.147701+00:00,0.9485,0.893,0.92075,3.013847407005165,3.0138474070051524
standardized,hsbc,CAD,SGD,CAD/SGD,1,Indicative board,board,SGD < 50,std_lt_50,indicative_fx,2026-8-24,2026-8-24,2026-08-24T13:29:13.147701+00:00,0.9485,0.893,0.92075,3.013847407005165,3.0138474070051524
standardized,hsbc,CHF,SGD,CHF/SGD,100,Indicative board,board,"SGD 200 – 39,999.99",std_200_40k,indicative_fx,2026-8-24,2026-8-24,2026-08-24T13:29:13.147701+00:00,163.39,153.83,158.61,3.01368135678707,3.0136813567870884
standardized,hsbc,CHF,SGD,CHF/SGD,100,Indicative board,board,"SGD 40,000 – 100,000",std_40k_100k,indicative_fx,2026-8-24,2026-8-24,2026-08-24T13:29:13.147701+00:00,163.39,153.83,158.61,3.01368135678707,3.0136813567870884
standardized,hsbc,CHF,SGD,CHF/SGD,100,Indicative board,board,SGD 50 – 200,std_50_200,indicative_fx,2026-8-24,2026-8-24,2026-08-24T13:29:13.147701+00:00,163.39,153.83,158.61,3.01368135678707,3.0136813567870884
standardized,hsbc,CHF,SGD,CHF/SGD,100,Indicative board,board,SGD < 50,std_lt_50,indicative_fx,2026-8-24,2026-8-24,2026-08-24T13:29:13.147701+00:00,163.39,153.83,158.61,3.01368135678707,3.0136813567870884
standardized,hsbc,CNY,SGD,CNY/SGD,100,Indicative board,board,"SGD 200 – 39,999.99",std_200_40k,indicative_fx,2026-8-24,2026-8-24,2026-08-24T13:29:13.147701+00:00,19.51,18.27,18.89,3.2821598729486556,3.2821598729486556
standardized,hsbc,CNY,SGD,CNY/SGD,100,Indicative board,board,"SGD 40,000 – 100,000",std_40k_100k,indicative_fx,2026-8-24,2026-8-24,2026-08-24T13:29:13.147701+00:00,19.51,18.27,18.89,3.2821598729486556,3.2821598729486556
standardized,hsbc,CNY,SGD,CNY/SGD,100,Indicative board,board,SGD 50 – 200,std_50_200,indicative_fx,2026-8-24,2026-8-24,2026-08-24T13:29:13.147701+00:00,19.51,18.27,18.89,3.2821598729486556,3.2821598729486556
standardized,hsbc,CNY,SGD,CNY/SGD,100,Indicative board,board,SGD < 50,std_lt_50,indicative_fx,2026-8-24,2026-8-24,2026-08-24T13:29:13.147701+00:00,19.51,18.27,18.89,3.2821598729486556,3.2821598729486556
standardized,hsbc,DKK,SGD,DKK/SGD,100,Indicative board,board,"SGD 200 – 39,999.99",std_200_40k,indicative_fx,2026-8-24,2026-8-24,2026-08-24T13:29:13.147701+00:00,20.44,19.24,19.84,3.0241935483871036,3.0241935483871036
standardized,hsbc,DKK,SGD,DKK/SGD,100,Indicative board,board,"SGD 40,000 – 100,000",std_40k_100k,indicative_fx,2026-8-24,2026-8-24,2026-08-24T13:29:13.147701+00:00,20.44,19.24,19.84,3.0241935483871036,3.0241935483871036
standardized,hsbc,DKK,SGD,DKK/SGD,100,Indicative board,board,SGD 50 – 200,std_50_200,indicative_fx,2026-8-24,2026-8-24,2026-08-24T13:29:13.147701+00:00,20.44,19.24,19.84,3.0241935483871036,3.0241935483871036
standardized,hsbc,DKK,SGD,DKK/SGD,100,Indicative board,board,SGD < 50,std_lt_50,indicative_fx,2026-8-24,2026-8-24,2026-08-24T13:29:13.147701+00:00,20.44,19.24,19.84,3.0241935483871036,3.0241935483871036
standardized,hsbc,EUR,SGD,EUR/SGD,1,Indicative board,board,"SGD 200 – 39,999.99",std_200_40k,indicative_fx,2026-8-24,2026-8-24,2026-08-24T13:29:13.147701+00:00,1.5277,1.4384,1.48305,3.0106874346785393,3.0106874346785393
standardized,hsbc,EUR,SGD,EUR/SGD,1,Indicative board,board,"SGD 40,000 – 100,000",std_40k_100k,indicative_fx,2026-8-24,2026-8-24,2026-08-24T13:29:13.147701+00:00,1.5277,1.4384,1.48305,3.0106874346785393,3.0106874346785393
standardized,hsbc,EUR,SGD,EUR/SGD,1,Indicative board,board,SGD 50 – 200,std_50_200,indicative_fx,2026-8-24,2026-8-24,2026-08-24T13:29:13.147701+00:00,1.5277,1.4384,1.48305,3.0106874346785393,3.0106874346785393
standardized,hsbc,EUR,SGD,EUR/SGD,1,Indicative board,board,SGD < 50,std_lt_50,indicative_fx,2026-8-24,2026-8-24,2026-08-24T13:29:13.147701+00:00,1.5277,1.4384,1.48305,3.0106874346785393,3.0106874346785393
standardized,hsbc,FJD,SGD,FJD/SGD,1,Indicative board,board,"SGD 200 – 39,999.99",std_200_40k,indicative_fx,2026-8-24,2026-8-24,2026-08-24T13:29:13.147701+00:00,0.6053,,,,
standardized,hsbc,FJD,SGD,FJD/SGD,1,Indicative board,board,"SGD 40,000 – 100,000",std_40k_100k,indicative_fx,2026-8-24,2026-8-24,2026-08-24T13:29:13.147701+00:00,0.6053,,,,
standardized,hsbc,FJD,SGD,FJD/SGD,1,Indicative board,board,SGD 50 – 200,std_50_200,indicative_fx,2026-8-24,2026-8-24,2026-08-24T13:29:13.147701+00:00,0.6053,,,,
standardized,hsbc,FJD,SGD,FJD/SGD,1,Indicative board,board,SGD < 50,std_lt_50,indicative_fx,2026-8-24,2026-8-24,2026-08-24T13:29:13.147701+00:00,0.6053,,,,
standardized,hsbc,GBP,SGD,GBP/SGD,1,Indicative board,board,"SGD 200 – 39,999.99",std_200_40k,indicative_fx,2026-8-24,2026-8-24,2026-08-24T13:29:13.147701+00:00,1.7849,1.6805,1.7327,3.0126392335661123,3.0126392335660994
standardized,hsbc,GBP,SGD,GBP/SGD,1,Indicative board,board,"SGD 40,000 – 100,000",std_40k_100k,indicative_fx,2026-8-24,2026-8-24,2026-08-24T13:29:13.147701+00:00,1.7849,1.6805,1.7327,3.0126392335661123,3.0126392335660994
standardized,hsbc,GBP,SGD,GBP/SGD,1,Indicative board,board,SGD 50 – 200,std_50_200,indicative_fx,2026-8-24,2026-8-24,2026-08-24T13:29:13.147701+00:00,1.7849,1.6805,1.7327,3.0126392335661123,3.0126392335660994
standardized,hsbc,GBP,SGD,GBP/SGD,1,Indicative board,board,SGD < 50,std_lt_50,indicative_fx,2026-8-24,2026-8-24,2026-08-24T13:29:13.147701+00:00,1.7849,1.6805,1.7327,3.0126392335661123,3.0126392335660994
standardized,hsbc,HKD,SGD,HKD/SGD,100,Indicative board,board,"SGD 200 – 39,999.99",std_200_40k,indicative_fx,2026-8-24,2026-8-24,2026-08-24T13:29:13.147701+00:00,16.4,15.99,16.195,1.265822784810116,1.265822784810127
standardized,hsbc,HKD,SGD,HKD/SGD,100,Indicative board,board,"SGD 40,000 – 100,000",std_40k_100k,indicative_fx,2026-8-24,2026-8-24,2026-08-24T13:29:13.147701+00:00,16.4,15.99,16.195,1.265822784810116,1.265822784810127
standardized,hsbc,HKD,SGD,HKD/SGD,100,Indicative board,board,SGD 50 – 200,std_50_200,indicative_fx,2026-8-24,2026-8-24,2026-08-24T13:29:13.147701+00:00,16.4,15.99,16.195,1.265822784810116,1.265822784810127
standardized,hsbc,HKD,SGD,HKD/SGD,100,Indicative board,board,SGD < 50,std_lt_50,indicative_fx,2026-8-24,2026-8-24,2026-08-24T13:29:13.147701+00:00,16.4,15.99,16.195,1.265822784810116,1.265822784810127
standardized,hsbc,IDR,SGD,IDR/SGD,100,Indicative board,board,"SGD 200 – 39,999.99",std_200_40k,indicative_fx,2026-8-24,2026-8-24,2026-08-24T13:29:13.147701+00:00,0.0074,,,,
standardized,hsbc,IDR,SGD,IDR/SGD,100,Indicative board,board,"SGD 40,000 – 100,000",std_40k_100k,indicative_fx,2026-8-24,2026-8-24,2026-08-24T13:29:13.147701+00:00,0.0074,,,,
standardized,hsbc,IDR,SGD,IDR/SGD,100,Indicative board,board,SGD 50 – 200,std_50_200,indicative_fx,2026-8-24,2026-8-24,2026-08-24T13:29:13.147701+00:00,0.0074,,,,
standardized,hsbc,IDR,SGD,IDR/SGD,100,Indicative board,board,SGD < 50,std_lt_50,indicative_fx,2026-8-24,2026-8-24,2026-08-24T13:29:13.147701+00:00,0.0074,,,,
standardized,hsbc,INR,SGD,INR/SGD,100,Indicative board,board,"SGD 200 – 39,999.99",std_200_40k,indicative_fx,2026-8-24,2026-8-24,2026-08-24T13:29:13.147701+00:00,1.37,,,,
standardized,hsbc,INR,SGD,INR/SGD,100,Indicative board,board,"SGD 40,000 – 100,000",std_40k_100k,indicative_fx,2026-8-24,2026-8-24,2026-08-24T13:29:13.147701+00:00,1.37,,,,
standardized,hsbc,INR,SGD,INR/SGD,100,Indicative board,board,SGD 50 – 200,std_50_200,indicative_fx,2026-8-24,2026-8-24,2026-08-24T13:29:13.147701+00:00,1.37,,,,
standardized,hsbc,INR,SGD,INR/SGD,100,Indicative board,board,SGD < 50,std_lt_50,indicative_fx,2026-8-24,2026-8-24,2026-08-24T13:29:13.147701+00:00,1.37,,,,
standardized,hsbc,JPY,SGD,JPY/SGD,100,Indicative board,board,"SGD 200 – 39,999.99",std_200_40k,indicative_fx,2026-8-24,2026-8-24,2026-08-24T13:29:13.147701+00:00,0.8235,0.7754,0.79945,3.00831821877541,3.00831821877541
standardized,hsbc,JPY,SGD,JPY/SGD,100,Indicative board,board,"SGD 40,000 – 100,000",std_40k_100k,indicative_fx,2026-8-24,2026-8-24,2026-08-24T13:29:13.147701+00:00,0.8235,0.7754,0.79945,3.00831821877541,3.00831821877541
standardized,hsbc,JPY,SGD,JPY/SGD,100,Indicative board,board,SGD 50 – 200,std_50_200,indicative_fx,2026-8-24,2026-8-24,2026-08-24T13:29:13.147701+00:00,0.8235,0.7754,0.79945,3.00831821877541,3.00831821877541
standardized,hsbc,JPY,SGD,JPY/SGD,100,Indicative board,board,SGD < 50,std_lt_50,indicative_fx,2026-8-24,2026-8-24,2026-08-24T13:29:13.147701+00:00,0.8235,0.7754,0.79945,3.00831821877541,3.00831821877541
standardized,hsbc,LKR,SGD,LKR/SGD,100,Indicative board,board,"SGD 200 – 39,999.99",std_200_40k,indicative_fx,2026-8-24,2026-8-24,2026-08-24T13:29:13.147701+00:00,0.4,,,,
standardized,hsbc,LKR,SGD,LKR/SGD,100,Indicative board,board,"SGD 40,000 – 100,000",std_40k_100k,indicative_fx,2026-8-24,2026-8-24,2026-08-24T13:29:13.147701+00:00,0.4,,,,
standardized,hsbc,LKR,SGD,LKR/SGD,100,Indicative board,board,SGD 50 – 200,std_50_200,indicative_fx,2026-8-24,2026-8-24,2026-08-24T13:29:13.147701+00:00,0.4,,,,
standardized,hsbc,LKR,SGD,LKR/SGD,100,Indicative board,board,SGD < 50,std_lt_50,indicative_fx,2026-8-24,2026-8-24,2026-08-24T13:29:13.147701+00:00,0.4,,,,
standardized,hsbc,MUR,SGD,MUR/SGD,100,Indicative board,board,"SGD 200 – 39,999.99",std_200_40k,indicative_fx,2026-8-24,2026-8-24,2026-08-24T13:29:13.147701+00:00,2.82,2.63,2.7249999999999996,3.4862385321100997,3.486238532110083
standardized,hsbc,MUR,SGD,MUR/SGD,100,Indicative board,board,"SGD 40,000 – 100,000",std_40k_100k,indicative_fx,2026-8-24,2026-8-24,2026-08-24T13:29:13.147701+00:00,2.82,2.63,2.7249999999999996,3.4862385321100997,3.486238532110083
standardized,hsbc,MUR,SGD,MUR/SGD,100,Indicative board,board,SGD 50 – 200,std_50_200,indicative_fx,2026-8-24,2026-8-24,2026-08-24T13:29:13.147701+00:00,2.82,2.63,2.7249999999999996,3.4862385321100997,3.486238532110083
standardized,hsbc,MUR,SGD,MUR/SGD,100,Indicative board,board,SGD < 50,std_lt_50,indicative_fx,2026-8-24,2026-8-24,2026-08-24T13:29:13.147701+00:00,2.82,2.63,2.7249999999999996,3.4862385321100997,3.486238532110083
standardized,hsbc,NOK,SGD,NOK/SGD,100,Indicative board,board,"SGD 200 – 39,999.99",std_200_40k,indicative_fx,2026-8-24,2026-8-24,2026-08-24T13:29:13.147701+00:00,14.06,13.23,13.645,3.0414071088310806,3.0414071088310677
standardized,hsbc,NOK,SGD,NOK/SGD,100,Indicative board,board,"SGD 40,000 – 100,000",std_40k_100k,indicative_fx,2026-8-24,2026-8-24,2026-08-24T13:29:13.147701+00:00,14.06,13.23,13.645,3.0414071088310806,3.0414071088310677
standardized,hsbc,NOK,SGD,NOK/SGD,100,Indicative board,board,SGD 50 – 200,std_50_200,indicative_fx,2026-8-24,2026-8-24,2026-08-24T13:29:13.147701+00:00,14.06,13.23,13.645,3.0414071088310806,3.0414071088310677
standardized,hsbc,NOK,SGD,NOK/SGD,100,Indicative board,board,SGD < 50,std_lt_50,indicative_fx,2026-8-24,2026-8-24,2026-08-24T13:29:13.147701+00:00,14.06,13.23,13.645,3.0414071088310806,3.0414071088310677
standardized,hsbc,NZD,SGD,NZD/SGD,1,Indicative board,board,"SGD 200 – 39,999.99",std_200_40k,indicative_fx,2026-8-24,2026-8-24,2026-08-24T13:29:13.147701+00:00,0.7815,0.7358,0.75865,3.0119290845580866,3.0119290845581013
standardized,hsbc,NZD,SGD,NZD/SGD,1,Indicative board,board,"SGD 40,000 – 100,000",std_40k_100k,indicative_fx,2026-8-24,2026-8-24,2026-08-24T13:29:13.147701+00:00,0.7815,0.7358,0.75865,3.0119290845580866,3.0119290845581013
standardized,hsbc,NZD,SGD,NZD/SGD,1,Indicative board,board,SGD 50 – 200,std_50_200,indicative_fx,2026-8-24,2026-8-24,2026-08-24T13:29:13.147701+00:00,0.7815,0.7358,0.75865,3.0119290845580866,3.0119290845581013
standardized,hsbc,NZD,SGD,NZD/SGD,1,Indicative board,board,SGD < 50,std_lt_50,indicative_fx,2026-8-24,2026-8-24,2026-08-24T13:29:13.147701+00:00,0.7815,0.7358,0.75865,3.0119290845580866,3.0119290845581013
standardized,hsbc,PHP,SGD,PHP/SGD,100,Indicative board,board,"SGD 200 – 39,999.99",std_200_40k,indicative_fx,2026-8-24,2026-8-24,2026-08-24T13:29:13.147701+00:00,2.13,,,,
standardized,hsbc,PHP,SGD,PHP/SGD,100,Indicative board,board,"SGD 40,000 – 100,000",std_40k_100k,indicative_fx,2026-8-24,2026-8-24,2026-08-24T13:29:13.147701+00:00,2.13,,,,
standardized,hsbc,PHP,SGD,PHP/SGD,100,Indicative board,board,SGD 50 – 200,std_50_200,indicative_fx,2026-8-24,2026-8-24,2026-08-24T13:29:13.147701+00:00,2.13,,,,
standardized,hsbc,PHP,SGD,PHP/SGD,100,Indicative board,board,SGD < 50,std_lt_50,indicative_fx,2026-8-24,2026-8-24,2026-08-24T13:29:13.147701+00:00,2.13,,,,
standardized,hsbc,PKR,SGD,PKR/SGD,100,Indicative board,board,"SGD 200 – 39,999.99",std_200_40k,indicative_fx,2026-8-24,2026-8-24,2026-08-24T13:29:13.147701+00:00,0.47,,,,
standardized,hsbc,PKR,SGD,PKR/SGD,100,Indicative board,board,"SGD 40,000 – 100,000",std_40k_100k,indicative_fx,2026-8-24,2026-8-24,2026-08-24T13:29:13.147701+00:00,0.47,,,,
standardized,hsbc,PKR,SGD,PKR/SGD,100,Indicative board,board,SGD 50 – 200,std_50_200,indicative_fx,2026-8-24,2026-8-24,2026-08-24T13:29:13.147701+00:00,0.47,,,,
standardized,hsbc,PKR,SGD,PKR/SGD,100,Indicative board,board,SGD < 50,std_lt_50,indicative_fx,2026-8-24,2026-8-24,2026-08-24T13:29:13.147701+00:00,0.47,,,,
standardized,hsbc,QAR,SGD,QAR/SGD,100,Indicative board,board,"SGD 200 – 39,999.99",std_200_40k,indicative_fx,2026-8-24,2026-8-24,2026-08-24T13:29:13.147701+00:00,35.29,34.36,34.825,1.3352476669059476,1.335247666905968
standardized,hsbc,QAR,SGD,QAR/SGD,100,Indicative board,board,"SGD 40,000 – 100,000",std_40k_100k,indicative_fx,2026-8-24,2026-8-24,2026-08-24T13:29:13.147701+00:00,35.29,34.36,34.825,1.3352476669059476,1.335247666905968
standardized,hsbc,QAR,SGD,QAR/SGD,100,Indicative board,board,SGD 50 – 200,std_50_200,indicative_fx,2026-8-24,2026-8-24,2026-08-24T13:29:13.147701+00:00,35.29,34.36,34.825,1.3352476669059476,1.335247666905968
standardized,hsbc,QAR,SGD,QAR/SGD,100,Indicative board,board,SGD < 50,std_lt_50,indicative_fx,2026-8-24,2026-8-24,2026-08-24T13:29:13.147701+00:00,35.29,34.36,34.825,1.3352476669059476,1.335247666905968
standardized,hsbc,RUB,SGD,RUB/SGD,100,Indicative board,board,"SGD 200 – 39,999.99",std_200_40k,indicative_fx,2026-8-24,2026-8-24,2026-08-24T13:29:13.147701+00:00,16.04,14.67,15.355,4.461087593617705,4.461087593617717
standardized,hsbc,RUB,SGD,RUB/SGD,100,Indicative board,board,"SGD 40,000 – 100,000",std_40k_100k,indicative_fx,2026-8-24,2026-8-24,2026-08-24T13:29:13.147701+00:00,16.04,14.67,15.355,4.461087593617705,4.461087593617717
standardized,hsbc,RUB,SGD,RUB/SGD,100,Indicative board,board,SGD 50 – 200,std_50_200,indicative_fx,2026-8-24,2026-8-24,2026-08-24T13:29:13.147701+00:00,16.04,14.67,15.355,4.461087593617705,4.461087593617717
standardized,hsbc,RUB,SGD,RUB/SGD,100,Indicative board,board,SGD < 50,std_lt_50,indicative_fx,2026-8-24,2026-8-24,2026-08-24T13:29:13.147701+00:00,16.04,14.67,15.355,4.461087593617705,4.461087593617717
standardized,hsbc,SAR,SGD,SAR/SGD,100,Indicative board,board,"SGD 200 – 39,999.99",std_200_40k,indicative_fx,2026-8-24,2026-8-24,2026-08-24T13:29:13.147701+00:00,34.23,33.38,33.805,1.2572104718236863,1.2572104718236863
standardized,hsbc,SAR,SGD,SAR/SGD,100,Indicative board,board,"SGD 40,000 – 100,000",std_40k_100k,indicative_fx,2026-8-24,2026-8-24,2026-08-24T13:29:13.147701+00:00,34.23,33.38,33.805,1.2572104718236863,1.2572104718236863
standardized,hsbc,SAR,SGD,SAR/SGD,100,Indicative board,board,SGD 50 – 200,std_50_200,indicative_fx,2026-8-24,2026-8-24,2026-08-24T13:29:13.147701+00:00,34.23,33.38,33.805,1.2572104718236863,1.2572104718236863
standardized,hsbc,SAR,SGD,SAR/SGD,100,Indicative board,board,SGD < 50,std_lt_50,indicative_fx,2026-8-24,2026-8-24,2026-08-24T13:29:13.147701+00:00,34.23,33.38,33.805,1.2572104718236863,1.2572104718236863
standardized,hsbc,SEK,SGD,SEK/SGD,100,Indicative board,board,"SGD 200 – 39,999.99",std_200_40k,indicative_fx,2026-8-24,2026-8-24,2026-08-24T13:29:13.147701+00:00,13.81,13.0,13.405000000000001,3.021260723610588,3.021260723610601
standardized,hsbc,SEK,SGD,SEK/SGD,100,Indicative board,board,"SGD 40,000 – 100,000",std_40k_100k,indicative_fx,2026-8-24,2026-8-24,2026-08-24T13:29:13.147701+00:00,13.81,13.0,13.405000000000001,3.021260723610588,3.021260723610601
standardized,hsbc,SEK,SGD,SEK/SGD,100,Indicative board,board,SGD 50 – 200,std_50_200,indicative_fx,2026-8-24,2026-8-24,2026-08-24T13:29:13.147701+00:00,13.81,13.0,13.405000000000001,3.021260723610588,3.021260723610601
standardized,hsbc,SEK,SGD,SEK/SGD,100,Indicative board,board,SGD < 50,std_lt_50,indicative_fx,2026-8-24,2026-8-24,2026-08-24T13:29:13.147701+00:00,13.81,13.0,13.405000000000001,3.021260723610588,3.021260723610601
standardized,hsbc,THB,SGD,THB/SGD,100,Indicative board,board,"SGD 200 – 39,999.99",std_200_40k,indicative_fx,2026-8-24,2026-8-24,2026-08-24T13:29:13.147701+00:00,4.02,,,,
standardized,hsbc,THB,SGD,THB/SGD,100,Indicative board,board,"SGD 40,000 – 100,000",std_40k_100k,indicative_fx,2026-8-24,2026-8-24,2026-08-24T13:29:13.147701+00:00,4.02,,,,
standardized,hsbc,THB,SGD,THB/SGD,100,Indicative board,board,SGD 50 – 200,std_50_200,indicative_fx,2026-8-24,2026-8-24,2026-08-24T13:29:13.147701+00:00,4.02,,,,
standardized,hsbc,THB,SGD,THB/SGD,100,Indicative board,board,SGD < 50,std_lt_50,indicative_fx,2026-8-24,2026-8-24,2026-08-24T13:29:13.147701+00:00,4.02,,,,
standardized,hsbc,TRY,SGD,TRY/SGD,1,Indicative board,board,"SGD 200 – 39,999.99",std_200_40k,indicative_fx,2026-8-24,2026-8-24,2026-08-24T13:29:13.147701+00:00,0.0273,,,,
standardized,hsbc,TRY,SGD,TRY/SGD,1,Indicative board,board,"SGD 40,000 – 100,000",std_40k_100k,indicative_fx,2026-8-24,2026-8-24,2026-08-24T13:29:13.147701+00:00,0.0273,,,,
standardized,hsbc,TRY,SGD,TRY/SGD,1,Indicative board,board,SGD 50 – 200,std_50_200,indicative_fx,2026-8-24,2026-8-24,2026-08-24T13:29:13.147701+00:00,0.0273,,,,
standardized,hsbc,TRY,SGD,TRY/SGD,1,Indicative board,board,SGD < 50,std_lt_50,indicative_fx,2026-8-24,2026-8-24,2026-08-24T13:29:13.147701+00:00,0.0273,,,,
standardized,hsbc,USD,SGD,USD/SGD,1,Indicative board,board,"SGD 200 – 39,999.99",std_200_40k,indicative_fx,2026-8-24,2026-8-24,2026-08-24T13:29:13.147701+00:00,1.2948,1.2438,1.2692999999999999,2.0089813282911906,2.008981328291173
standardized,hsbc,USD,SGD,USD/SGD,1,Indicative board,board,"SGD 40,000 – 100,000",std_40k_100k,indicative_fx,2026-8-24,2026-8-24,2026-08-24T13:29:13.147701+00:00,1.2948,1.2438,1.2692999999999999,2.0089813282911906,2.008981328291173
standardized,hsbc,USD,SGD,USD/SGD,1,Indicative board,board,SGD 50 – 200,std_50_200,indicative_fx,2026-8-24,2026-8-24,2026-08-24T13:29:13.147701+00:00,1.2948,1.2438,1.2692999999999999,2.0089813282911906,2.008981328291173
standardized,hsbc,USD,SGD,USD/SGD,1,Indicative board,board,SGD < 50,std_lt_50,indicative_fx,2026-8-24,2026-8-24,2026-08-24T13:29:13.147701+00:00,1.2948,1.2438,1.2692999999999999,2.0089813282911906,2.008981328291173
standardized,hsbc,ZAR,SGD,ZAR/SGD,1,Indicative board,board,"SGD 200 – 39,999.99",std_200_40k,indicative_fx,2026-8-24,2026-8-24,2026-08-24T13:29:13.147701+00:00,0.0819,0.0767,0.07930000000000001,3.2786885245901525,3.27868852459017
standardized,hsbc,ZAR,SGD,ZAR/SGD,1,Indicative board,board,"SGD 40,000 – 100,000",std_40k_100k,indicative_fx,2026-8-24,2026-8-24,2026-08-24T13:29:13.147701+00:00,0.0819,0.0767,0.07930000000000001,3.2786885245901525,3.27868852459017
standardized,hsbc,ZAR,SGD,ZAR/SGD,1,Indicative board,board,SGD 50 – 200,std_50_200,indicative_fx,2026-8-24,2026-8-24,2026-08-24T13:29:13.147701+00:00,0.0819,0.0767,0.07930000000000001,3.2786885245901525,3.27868852459017
standardized,hsbc,ZAR,SGD,ZAR/SGD,1,Indicative board,board,SGD < 50,std_lt_50,indicative_fx,2026-8-24,2026-8-24,2026-08-24T13:29:13.147701+00:00,0.0819,0.0767,0.07930000000000001,3.2786885245901525,3.27868852459017
standardized,ocbc,AED,SGD,AED/SGD,100,"SGD 0 – 39,999.99",tier_1,"SGD 200 – 39,999.99",std_200_40k,fxRatesSgd,2026-08-24T07:00:13,2026-08-24T07:00:13,2026-08-24T13:29:11.004058+00:00,35.4897,33.4825,34.4861,2.910158005689245,2.910158005689245
standardized,ocbc,AED,SGD,AED/SGD,100,"SGD 40,000 – 100,000",tier_2,"SGD 40,000 – 100,000",std_40k_100k,fxRatesSgd,2026-08-24T07:00:13,2026-08-24T07:00:13,2026-08-24T13:29:11.004058+00:00,35.4792,33.4996,34.4861,2.879710956008358,2.8605728104946615
standardized,ocbc,AED,SGD,AED/SGD,100,"SGD 0 – 39,999.99",tier_1,SGD 50 – 200,std_50_200,fxRatesSgd,2026-08-24T07:00:13,2026-08-24T07:00:13,2026-08-24T13:29:11.004058+00:00,35.4897,33.4825,34.4861,2.910158005689245,2.910158005689245
standardized,ocbc,AED,SGD,AED/SGD,100,"SGD 0 – 39,999.99",tier_1,SGD < 50,std_lt_50,fxRatesSgd,2026-08-24T07:00:13,2026-08-24T07:00:13,2026-08-24T13:29:11.004058+00:00,35.4897,33.4825,34.4861,2.910158005689245,2.910158005689245
standardized,ocbc,AUD,SGD,AUD/SGD,1,"SGD 0 – 39,999.99",tier_1,"SGD 200 – 39,999.99",std_200_40k,fxRatesSgd,2026-08-24T07:00:13,2026-08-24T07:00:13,2026-08-24T13:29:11.004058+00:00,0.9263,0.897,0.9117,1.6014039706043717,1.6123724909509636
standardized,ocbc,AUD,SGD,AUD/SGD,1,"SGD 40,000 – 100,000",tier_2,"SGD 40,000 – 100,000",std_40k_100k,fxRatesSgd,2026-08-24T07:00:13,2026-08-24T07:00:13,2026-08-24T13:29:11.004058+00:00,0.9245,0.8988,0.9117,1.403970604365475,1.4149391247120666
standardized,ocbc,AUD,SGD,AUD/SGD,1,"SGD 0 – 39,999.99",tier_1,SGD 50 – 200,std_50_200,fxRatesSgd,2026-08-24T07:00:13,2026-08-24T07:00:13,2026-08-24T13:29:11.004058+00:00,0.9263,0.897,0.9117,1.6014039706043717,1.6123724909509636
standardized,ocbc,AUD,SGD,AUD/SGD,1,"SGD 0 – 39,999.99",tier_1,SGD < 50,std_lt_50,fxRatesSgd,2026-08-24T07:00:13,2026-08-24T07:00:13,2026-08-24T13:29:11.004058+00:00,0.9263,0.897,0.9117,1.6014039706043717,1.6123724909509636
standardized,ocbc,BGN,SGD,BGN/SGD,100,"SGD 0 – 39,999.99",tier_1,"SGD 200 – 39,999.99",std_200_40k,fxRatesSgd,2026-08-24T07:00:13,2026-08-24T07:00:13,2026-08-24T13:29:11.004058+00:00,0.0,0.0,0.0,,
standardized,ocbc,BGN,SGD,BGN/SGD,100,"SGD 40,000 – 100,000",tier_2,"SGD 40,000 – 100,000",std_40k_100k,fxRatesSgd,2026-08-24T07:00:13,2026-08-24T07:00:13,2026-08-24T13:29:11.004058+00:00,0.0,0.0,0.0,,
standardized,ocbc,BGN,SGD,BGN/SGD,100,"SGD 0 – 39,999.99",tier_1,SGD 50 – 200,std_50_200,fxRatesSgd,2026-08-24T07:00:13,2026-08-24T07:00:13,2026-08-24T13:29:11.004058+00:00,0.0,0.0,0.0,,
standardized,ocbc,BGN,SGD,BGN/SGD,100,"SGD 0 – 39,999.99",tier_1,SGD < 50,std_lt_50,fxRatesSgd,2026-08-24T07:00:13,2026-08-24T07:00:13,2026-08-24T13:29:11.004058+00:00,0.0,0.0,0.0,,
standardized,ocbc,BHD,SGD,BHD/SGD,1,"SGD 0 – 39,999.99",tier_1,"SGD 200 – 39,999.99",std_200_40k,fxRatesSgd,2026-08-24T07:00:13,2026-08-24T07:00:13,2026-08-24T13:29:11.004058+00:00,0.0,0.0,0.0,,
standardized,ocbc,BHD,SGD,BHD/SGD,1,"SGD 40,000 – 100,000",tier_2,"SGD 40,000 – 100,000",std_40k_100k,fxRatesSgd,2026-08-24T07:00:13,2026-08-24T07:00:13,2026-08-24T13:29:11.004058+00:00,0.0,0.0,0.0,,
standardized,ocbc,BHD,SGD,BHD/SGD,1,"SGD 0 – 39,999.99",tier_1,SGD 50 – 200,std_50_200,fxRatesSgd,2026-08-24T07:00:13,2026-08-24T07:00:13,2026-08-24T13:29:11.004058+00:00,0.0,0.0,0.0,,
standardized,ocbc,BHD,SGD,BHD/SGD,1,"SGD 0 – 39,999.99",tier_1,SGD < 50,std_lt_50,fxRatesSgd,2026-08-24T07:00:13,2026-08-24T07:00:13,2026-08-24T13:29:11.004058+00:00,0.0,0.0,0.0,,
standardized,ocbc,CAD,SGD,CAD/SGD,1,"SGD 0 – 39,999.99",tier_1,"SGD 200 – 39,999.99",std_200_40k,fxRatesSgd,2026-08-24T07:00:13,2026-08-24T07:00:13,2026-08-24T13:29:11.004058+00:00,0.9347,0.9015,0.9181,1.8080819082888517,1.8080819082888637
standardized,ocbc,CAD,SGD,CAD/SGD,1,"SGD 40,000 – 100,000",tier_2,"SGD 40,000 – 100,000",std_40k_100k,fxRatesSgd,2026-08-24T07:00:13,2026-08-24T07:00:13,2026-08-24T13:29:11.004058+00:00,0.9329,0.9034,0.9181,1.6120248338960814,1.6011327742076076
standardized,ocbc,CAD,SGD,CAD/SGD,1,"SGD 0 – 39,999.99",tier_1,SGD 50 – 200,std_50_200,fxRatesSgd,2026-08-24T07:00:13,2026-08-24T07:00:13,2026-08-24T13:29:11.004058+00:00,0.9347,0.9015,0.9181,1.8080819082888517,1.8080819082888637
standardized,ocbc,CAD,SGD,CAD/SGD,1,"SGD 0 – 39,999.99",tier_1,SGD < 50,std_lt_50,fxRatesSgd,2026-08-24T07:00:13,2026-08-24T07:00:13,2026-08-24T13:29:11.004058+00:00,0.9347,0.9015,0.9181,1.8080819082888517,1.8080819082888637
standardized,ocbc,CHF,SGD,CHF/SGD,100,"SGD 0 – 39,999.99",tier_1,"SGD 200 – 39,999.99",std_200_40k,fxRatesSgd,2026-08-24T07:00:13,2026-08-24T07:00:13,2026-08-24T13:29:11.004058+00:00,161.1628,155.4293,158.2961,1.8109732330739727,1.8110364058242647
standardized,ocbc,CHF,SGD,CHF/SGD,100,"SGD 40,000 – 100,000",tier_2,"SGD 40,000 – 100,000",std_40k_100k,fxRatesSgd,2026-08-24T07:00:13,2026-08-24T07:00:13,2026-08-24T13:29:11.004058+00:00,160.8462,155.7459,158.2961,1.6109683055994524,1.6110314783497444
standardized,ocbc,CHF,SGD,CHF/SGD,100,"SGD 0 – 39,999.99",tier_1,SGD 50 – 200,std_50_200,fxRatesSgd,2026-08-24T07:00:13,2026-08-24T07:00:13,2026-08-24T13:29:11.004058+00:00,161.1628,155.4293,158.2961,1.8109732330739727,1.8110364058242647
standardized,ocbc,CHF,SGD,CHF/SGD,100,"SGD 0 – 39,999.99",tier_1,SGD < 50,std_lt_50,fxRatesSgd,2026-08-24T07:00:13,2026-08-24T07:00:13,2026-08-24T13:29:11.004058+00:00,161.1628,155.4293,158.2961,1.8109732330739727,1.8110364058242647
standardized,ocbc,CNH,SGD,CNH/SGD,100,"SGD 0 – 39,999.99",tier_1,"SGD 200 – 39,999.99",std_200_40k,fxRatesSgd,2026-08-24T07:00:13,2026-08-24T07:00:13,2026-08-24T13:29:11.004058+00:00,19.2384,18.6698,18.9541,1.499939327111275,1.499939327111294
standardized,ocbc,CNH,SGD,CNH/SGD,100,"SGD 40,000 – 100,000",tier_2,"SGD 40,000 – 100,000",std_40k_100k,fxRatesSgd,2026-08-24T07:00:13,2026-08-24T07:00:13,2026-08-24T13:29:11.004058+00:00,19.2195,18.6887,18.9541,1.4002247534834134,1.4002247534834134
standardized,ocbc,CNH,SGD,CNH/SGD,100,"SGD 0 – 39,999.99",tier_1,SGD 50 – 200,std_50_200,fxRatesSgd,2026-08-24T07:00:13,2026-08-24T07:00:13,2026-08-24T13:29:11.004058+00:00,19.2384,18.6698,18.9541,1.499939327111275,1.499939327111294
standardized,ocbc,CNH,SGD,CNH/SGD,100,"SGD 0 – 39,999.99",tier_1,SGD < 50,std_lt_50,fxRatesSgd,2026-08-24T07:00:13,2026-08-24T07:00:13,2026-08-24T13:29:11.004058+00:00,19.2384,18.6698,18.9541,1.499939327111275,1.499939327111294
standardized,ocbc,CZK,SGD,CZK/SGD,100,"SGD 0 – 39,999.99",tier_1,"SGD 200 – 39,999.99",std_200_40k,fxRatesSgd,2026-08-24T07:00:13,2026-08-24T07:00:13,2026-08-24T13:29:11.004058+00:00,0.0,0.0,0.0,,
standardized,ocbc,CZK,SGD,CZK/SGD,100,"SGD 40,000 – 100,000",tier_2,"SGD 40,000 – 100,000",std_40k_100k,fxRatesSgd,2026-08-24T07:00:13,2026-08-24T07:00:13,2026-08-24T13:29:11.004058+00:00,0.0,0.0,0.0,,
standardized,ocbc,CZK,SGD,CZK/SGD,100,"SGD 0 – 39,999.99",tier_1,SGD 50 – 200,std_50_200,fxRatesSgd,2026-08-24T07:00:13,2026-08-24T07:00:13,2026-08-24T13:29:11.004058+00:00,0.0,0.0,0.0,,
standardized,ocbc,CZK,SGD,CZK/SGD,100,"SGD 0 – 39,999.99",tier_1,SGD < 50,std_lt_50,fxRatesSgd,2026-08-24T07:00:13,2026-08-24T07:00:13,2026-08-24T13:29:11.004058+00:00,0.0,0.0,0.0,,
standardized,ocbc,DKK,SGD,DKK/SGD,100,"SGD 0 – 39,999.99",tier_1,"SGD 200 – 39,999.99",std_200_40k,fxRatesSgd,2026-08-24T07:00:13,2026-08-24T07:00:13,2026-08-24T13:29:11.004058+00:00,20.1847,19.4685,19.8266,1.8061594020154756,1.8061594020154756
standardized,ocbc,DKK,SGD,DKK/SGD,100,"SGD 40,000 – 100,000",tier_2,"SGD 40,000 – 100,000",std_40k_100k,fxRatesSgd,2026-08-24T07:00:13,2026-08-24T07:00:13,2026-08-24T13:29:11.004058+00:00,20.145,19.5081,19.8266,1.605923355492119,1.6064277284052748
standardized,ocbc,DKK,SGD,DKK/SGD,100,"SGD 0 – 39,999.99",tier_1,SGD 50 – 200,std_50_200,fxRatesSgd,2026-08-24T07:00:13,2026-08-24T07:00:13,2026-08-24T13:29:11.004058+00:00,20.1847,19.4685,19.8266,1.8061594020154756,1.8061594020154756
standardized,ocbc,DKK,SGD,DKK/SGD,100,"SGD 0 – 39,999.99",tier_1,SGD < 50,std_lt_50,fxRatesSgd,2026-08-24T07:00:13,2026-08-24T07:00:13,2026-08-24T13:29:11.004058+00:00,20.1847,19.4685,19.8266,1.8061594020154756,1.8061594020154756
standardized,ocbc,EUR,SGD,EUR/SGD,1,"SGD 0 – 39,999.99",tier_1,"SGD 200 – 39,999.99",std_200_40k,fxRatesSgd,2026-08-24T07:00:13,2026-08-24T07:00:13,2026-08-24T13:29:11.004058+00:00,1.4989,1.462,1.4805,1.2428233704829432,1.2495778453225237
standardized,ocbc,EUR,SGD,EUR/SGD,1,"SGD 40,000 – 100,000",tier_2,"SGD 40,000 – 100,000",std_40k_100k,fxRatesSgd,2026-08-24T07:00:13,2026-08-24T07:00:13,2026-08-24T13:29:11.004058+00:00,1.4971,1.464,1.4805,1.1212428233704945,1.114488348530899
standardized,ocbc,EUR,SGD,EUR/SGD,1,"SGD 0 – 39,999.99",tier_1,SGD 50 – 200,std_50_200,fxRatesSgd,2026-08-24T07:00:13,2026-08-24T07:00:13,2026-08-24T13:29:11.004058+00:00,1.4989,1.462,1.4805,1.2428233704829432,1.2495778453225237
standardized,ocbc,EUR,SGD,EUR/SGD,1,"SGD 0 – 39,999.99",tier_1,SGD < 50,std_lt_50,fxRatesSgd,2026-08-24T07:00:13,2026-08-24T07:00:13,2026-08-24T13:29:11.004058+00:00,1.4989,1.462,1.4805,1.2428233704829432,1.2495778453225237
standardized,ocbc,GBP,SGD,GBP/SGD,1,"SGD 0 – 39,999.99",tier_1,"SGD 200 – 39,999.99",std_200_40k,fxRatesSgd,2026-08-24T07:00:13,2026-08-24T07:00:13,2026-08-24T13:29:11.004058+00:00,1.7541,1.7075,1.7308,1.346198289808187,1.3461982898081741
standardized,ocbc,GBP,SGD,GBP/SGD,1,"SGD 40,000 – 100,000",tier_2,"SGD 40,000 – 100,000",std_40k_100k,fxRatesSgd,2026-08-24T07:00:13,2026-08-24T07:00:13,2026-08-24T13:29:11.004058+00:00,1.7523,1.7096,1.7308,1.2422001386642059,1.2248671134735318
standardized,ocbc,GBP,SGD,GBP/SGD,1,"SGD 0 – 39,999.99",tier_1,SGD 50 – 200,std_50_200,fxRatesSgd,2026-08-24T07:00:13,2026-08-24T07:00:13,2026-08-24T13:29:11.004058+00:00,1.7541,1.7075,1.7308,1.346198289808187,1.3461982898081741
standardized,ocbc,GBP,SGD,GBP/SGD,1,"SGD 0 – 39,999.99",tier_1,SGD < 50,std_lt_50,fxRatesSgd,2026-08-24T07:00:13,2026-08-24T07:00:13,2026-08-24T13:29:11.004058+00:00,1.7541,1.7075,1.7308,1.346198289808187,1.3461982898081741
standardized,ocbc,HKD,SGD,HKD/SGD,100,"SGD 0 – 39,999.99",tier_1,"SGD 200 – 39,999.99",std_200_40k,fxRatesSgd,2026-08-24T07:00:13,2026-08-24T07:00:13,2026-08-24T13:29:11.004058+00:00,16.4247,16.0276,16.2262,1.223330169725523,1.223946456964656
standardized,ocbc,HKD,SGD,HKD/SGD,100,"SGD 40,000 – 100,000",tier_2,"SGD 40,000 – 100,000",std_40k_100k,fxRatesSgd,2026-08-24T07:00:13,2026-08-24T07:00:13,2026-08-24T13:29:11.004058+00:00,16.3955,16.0373,16.2262,1.0433742958918282,1.1641665947664908
standardized,ocbc,HKD,SGD,HKD/SGD,100,"SGD 0 – 39,999.99",tier_1,SGD 50 – 200,std_50_200,fxRatesSgd,2026-08-24T07:00:13,2026-08-24T07:00:13,2026-08-24T13:29:11.004058+00:00,16.4247,16.0276,16.2262,1.223330169725523,1.223946456964656
standardized,ocbc,HKD,SGD,HKD/SGD,100,"SGD 0 – 39,999.99",tier_1,SGD < 50,std_lt_50,fxRatesSgd,2026-08-24T07:00:13,2026-08-24T07:00:13,2026-08-24T13:29:11.004058+00:00,16.4247,16.0276,16.2262,1.223330169725523,1.223946456964656
standardized,ocbc,HUF,SGD,HUF/SGD,100,"SGD 0 – 39,999.99",tier_1,"SGD 200 – 39,999.99",std_200_40k,fxRatesSgd,2026-08-24T07:00:13,2026-08-24T07:00:13,2026-08-24T13:29:11.004058+00:00,0.0,0.0,0.0,,
standardized,ocbc,HUF,SGD,HUF/SGD,100,"SGD 40,000 – 100,000",tier_2,"SGD 40,000 – 100,000",std_40k_100k,fxRatesSgd,2026-08-24T07:00:13,2026-08-24T07:00:13,2026-08-24T13:29:11.004058+00:00,0.0,0.0,0.0,,
standardized,ocbc,HUF,SGD,HUF/SGD,100,"SGD 0 – 39,999.99",tier_1,SGD 50 – 200,std_50_200,fxRatesSgd,2026-08-24T07:00:13,2026-08-24T07:00:13,2026-08-24T13:29:11.004058+00:00,0.0,0.0,0.0,,
standardized,ocbc,HUF,SGD,HUF/SGD,100,"SGD 0 – 39,999.99",tier_1,SGD < 50,std_lt_50,fxRatesSgd,2026-08-24T07:00:13,2026-08-24T07:00:13,2026-08-24T13:29:11.004058+00:00,0.0,0.0,0.0,,
standardized,ocbc,IDR,SGD,IDR/SGD,100,"SGD 0 – 39,999.99",tier_1,"SGD 200 – 39,999.99",std_200_40k,fxRatesSgd,2026-08-24T07:00:13,2026-08-24T07:00:13,2026-08-24T13:29:11.004058+00:00,0.0074,0.0,0.0074,0.0,100.0
standardized,ocbc,IDR,SGD,IDR/SGD,100,"SGD 40,000 – 100,000",tier_2,"SGD 40,000 – 100,000",std_40k_100k,fxRatesSgd,2026-08-24T07:00:13,2026-08-24T07:00:13,2026-08-24T13:29:11.004058+00:00,0.0074,0.0,0.0074,0.0,100.0
standardized,ocbc,IDR,SGD,IDR/SGD,100,"SGD 0 – 39,999.99",tier_1,SGD 50 – 200,std_50_200,fxRatesSgd,2026-08-24T07:00:13,2026-08-24T07:00:13,2026-08-24T13:29:11.004058+00:00,0.0074,0.0,0.0074,0.0,100.0
standardized,ocbc,IDR,SGD,IDR/SGD,100,"SGD 0 – 39,999.99",tier_1,SGD < 50,std_lt_50,fxRatesSgd,2026-08-24T07:00:13,2026-08-24T07:00:13,2026-08-24T13:29:11.004058+00:00,0.0074,0.0,0.0074,0.0,100.0
standardized,ocbc,ILS,SGD,ILS/SGD,100,"SGD 0 – 39,999.99",tier_1,"SGD 200 – 39,999.99",std_200_40k,fxRatesSgd,2026-08-24T07:00:13,2026-08-24T07:00:13,2026-08-24T13:29:11.004058+00:00,0.0,0.0,0.0,,
standardized,ocbc,ILS,SGD,ILS/SGD,100,"SGD 40,000 – 100,000",tier_2,"SGD 40,000 – 100,000",std_40k_100k,fxRatesSgd,2026-08-24T07:00:13,2026-08-24T07:00:13,2026-08-24T13:29:11.004058+00:00,0.0,0.0,0.0,,
standardized,ocbc,ILS,SGD,ILS/SGD,100,"SGD 0 – 39,999.99",tier_1,SGD 50 – 200,std_50_200,fxRatesSgd,2026-08-24T07:00:13,2026-08-24T07:00:13,2026-08-24T13:29:11.004058+00:00,0.0,0.0,0.0,,
standardized,ocbc,ILS,SGD,ILS/SGD,100,"SGD 0 – 39,999.99",tier_1,SGD < 50,std_lt_50,fxRatesSgd,2026-08-24T07:00:13,2026-08-24T07:00:13,2026-08-24T13:29:11.004058+00:00,0.0,0.0,0.0,,
standardized,ocbc,INR,SGD,INR/SGD,100,"SGD 0 – 39,999.99",tier_1,"SGD 200 – 39,999.99",std_200_40k,fxRatesSgd,2026-08-24T07:00:13,2026-08-24T07:00:13,2026-08-24T13:29:11.004058+00:00,1.3684,0.0,1.3684,0.0,100.0
standardized,ocbc,INR,SGD,INR/SGD,100,"SGD 40,000 – 100,000",tier_2,"SGD 40,000 – 100,000",std_40k_100k,fxRatesSgd,2026-08-24T07:00:13,2026-08-24T07:00:13,2026-08-24T13:29:11.004058+00:00,1.3658,0.0,1.3684,-0.1900029231219057,100.0
standardized,ocbc,INR,SGD,INR/SGD,100,"SGD 0 – 39,999.99",tier_1,SGD 50 – 200,std_50_200,fxRatesSgd,2026-08-24T07:00:13,2026-08-24T07:00:13,2026-08-24T13:29:11.004058+00:00,1.3684,0.0,1.3684,0.0,100.0
standardized,ocbc,INR,SGD,INR/SGD,100,"SGD 0 – 39,999.99",tier_1,SGD < 50,std_lt_50,fxRatesSgd,2026-08-24T07:00:13,2026-08-24T07:00:13,2026-08-24T13:29:11.004058+00:00,1.3684,0.0,1.3684,0.0,100.0
standardized,ocbc,JOD,SGD,JOD/SGD,1,"SGD 0 – 39,999.99",tier_1,"SGD 200 – 39,999.99",std_200_40k,fxRatesSgd,2026-08-24T07:00:13,2026-08-24T07:00:13,2026-08-24T13:29:11.004058+00:00,0.0,0.0,0.0,,
standardized,ocbc,JOD,SGD,JOD/SGD,1,"SGD 40,000 – 100,000",tier_2,"SGD 40,000 – 100,000",std_40k_100k,fxRatesSgd,2026-08-24T07:00:13,2026-08-24T07:00:13,2026-08-24T13:29:11.004058+00:00,0.0,0.0,0.0,,
standardized,ocbc,JOD,SGD,JOD/SGD,1,"SGD 0 – 39,999.99",tier_1,SGD 50 – 200,std_50_200,fxRatesSgd,2026-08-24T07:00:13,2026-08-24T07:00:13,2026-08-24T13:29:11.004058+00:00,0.0,0.0,0.0,,
standardized,ocbc,JOD,SGD,JOD/SGD,1,"SGD 0 – 39,999.99",tier_1,SGD < 50,std_lt_50,fxRatesSgd,2026-08-24T07:00:13,2026-08-24T07:00:13,2026-08-24T13:29:11.004058+00:00,0.0,0.0,0.0,,
standardized,ocbc,JPY,SGD,JPY/SGD,100,"SGD 0 – 39,999.99",tier_1,"SGD 200 – 39,999.99",std_200_40k,fxRatesSgd,2026-08-24T07:00:13,2026-08-24T07:00:13,2026-08-24T13:29:11.004058+00:00,0.8086,0.7887,0.7987,1.239514210592215,1.252034556153751
standardized,ocbc,JPY,SGD,JPY/SGD,100,"SGD 40,000 – 100,000",tier_2,"SGD 40,000 – 100,000",std_40k_100k,fxRatesSgd,2026-08-24T07:00:13,2026-08-24T07:00:13,2026-08-24T13:29:11.004058+00:00,0.8078,0.7901,0.7987,1.139351446099912,1.0767497182922174
standardized,ocbc,JPY,SGD,JPY/SGD,100,"SGD 0 – 39,999.99",tier_1,SGD 50 – 200,std_50_200,fxRatesSgd,2026-08-24T07:00:13,2026-08-24T07:00:13,2026-08-24T13:29:11.004058+00:00,0.8086,0.7887,0.7987,1.239514210592215,1.252034556153751
standardized,ocbc,JPY,SGD,JPY/SGD,100,"SGD 0 – 39,999.99",tier_1,SGD < 50,std_lt_50,fxRatesSgd,2026-08-24T07:00:13,2026-08-24T07:00:13,2026-08-24T13:29:11.004058+00:00,0.8086,0.7887,0.7987,1.239514210592215,1.252034556153751
standardized,ocbc,KRW,SGD,KRW/SGD,100,"SGD 0 – 39,999.99",tier_1,"SGD 200 – 39,999.99",std_200_40k,fxRatesSgd,2026-08-24T07:00:13,2026-08-24T07:00:13,2026-08-24T13:29:11.004058+00:00,0.0,0.0,0.0,,
standardized,ocbc,KRW,SGD,KRW/SGD,100,"SGD 40,000 – 100,000",tier_2,"SGD 40,000 – 100,000",std_40k_100k,fxRatesSgd,2026-08-24T07:00:13,2026-08-24T07:00:13,2026-08-24T13:29:11.004058+00:00,0.0,0.0,0.0,,
standardized,ocbc,KRW,SGD,KRW/SGD,100,"SGD 0 – 39,999.99",tier_1,SGD 50 – 200,std_50_200,fxRatesSgd,2026-08-24T07:00:13,2026-08-24T07:00:13,2026-08-24T13:29:11.004058+00:00,0.0,0.0,0.0,,
standardized,ocbc,KRW,SGD,KRW/SGD,100,"SGD 0 – 39,999.99",tier_1,SGD < 50,std_lt_50,fxRatesSgd,2026-08-24T07:00:13,2026-08-24T07:00:13,2026-08-24T13:29:11.004058+00:00,0.0,0.0,0.0,,
standardized,ocbc,LKR,SGD,LKR/SGD,100,"SGD 0 – 39,999.99",tier_1,"SGD 200 – 39,999.99",std_200_40k,fxRatesSgd,2026-08-24T07:00:13,2026-08-24T07:00:13,2026-08-24T13:29:11.004058+00:00,0.3976,0.0,0.3976,0.0,100.0
standardized,ocbc,LKR,SGD,LKR/SGD,100,"SGD 40,000 – 100,000",tier_2,"SGD 40,000 – 100,000",std_40k_100k,fxRatesSgd,2026-08-24T07:00:13,2026-08-24T07:00:13,2026-08-24T13:29:11.004058+00:00,0.3968,0.0,0.3976,-0.20120724346077032,100.0
standardized,ocbc,LKR,SGD,LKR/SGD,100,"SGD 0 – 39,999.99",tier_1,SGD 50 – 200,std_50_200,fxRatesSgd,2026-08-24T07:00:13,2026-08-24T07:00:13,2026-08-24T13:29:11.004058+00:00,0.3976,0.0,0.3976,0.0,100.0
standardized,ocbc,LKR,SGD,LKR/SGD,100,"SGD 0 – 39,999.99",tier_1,SGD < 50,std_lt_50,fxRatesSgd,2026-08-24T07:00:13,2026-08-24T07:00:13,2026-08-24T13:29:11.004058+00:00,0.3976,0.0,0.3976,0.0,100.0
standardized,ocbc,MAD,SGD,MAD/SGD,100,"SGD 0 – 39,999.99",tier_1,"SGD 200 – 39,999.99",std_200_40k,fxRatesSgd,2026-08-24T07:00:13,2026-08-24T07:00:13,2026-08-24T13:29:11.004058+00:00,0.0,0.0,0.0,,
standardized,ocbc,MAD,SGD,MAD/SGD,100,"SGD 40,000 – 100,000",tier_2,"SGD 40,000 – 100,000",std_40k_100k,fxRatesSgd,2026-08-24T07:00:13,2026-08-24T07:00:13,2026-08-24T13:29:11.004058+00:00,0.0,0.0,0.0,,
standardized,ocbc,MAD,SGD,MAD/SGD,100,"SGD 0 – 39,999.99",tier_1,SGD 50 – 200,std_50_200,fxRatesSgd,2026-08-24T07:00:13,2026-08-24T07:00:13,2026-08-24T13:29:11.004058+00:00,0.0,0.0,0.0,,
standardized,ocbc,MAD,SGD,MAD/SGD,100,"SGD 0 – 39,999.99",tier_1,SGD < 50,std_lt_50,fxRatesSgd,2026-08-24T07:00:13,2026-08-24T07:00:13,2026-08-24T13:29:11.004058+00:00,0.0,0.0,0.0,,
standardized,ocbc,MXN,SGD,MXN/SGD,100,"SGD 0 – 39,999.99",tier_1,"SGD 200 – 39,999.99",std_200_40k,fxRatesSgd,2026-08-24T07:00:13,2026-08-24T07:00:13,2026-08-24T13:29:11.004058+00:00,7.7637,0.0,7.7637,0.0,100.0
standardized,ocbc,MXN,SGD,MXN/SGD,100,"SGD 40,000 – 100,000",tier_2,"SGD 40,000 – 100,000",std_40k_100k,fxRatesSgd,2026-08-24T07:00:13,2026-08-24T07:00:13,2026-08-24T13:29:11.004058+00:00,7.7622,0.0,7.7637,-0.01932068472506739,100.0
standardized,ocbc,MXN,SGD,MXN/SGD,100,"SGD 0 – 39,999.99",tier_1,SGD 50 – 200,std_50_200,fxRatesSgd,2026-08-24T07:00:13,2026-08-24T07:00:13,2026-08-24T13:29:11.004058+00:00,7.7637,0.0,7.7637,0.0,100.0
standardized,ocbc,MXN,SGD,MXN/SGD,100,"SGD 0 – 39,999.99",tier_1,SGD < 50,std_lt_50,fxRatesSgd,2026-08-24T07:00:13,2026-08-24T07:00:13,2026-08-24T13:29:11.004058+00:00,7.7637,0.0,7.7637,0.0,100.0
standardized,ocbc,MYR,SGD,MYR/SGD,100,"SGD 0 – 39,999.99",tier_1,"SGD 200 – 39,999.99",std_200_40k,fxRatesSgd,2026-08-24T07:00:13,2026-08-24T07:00:13,2026-08-24T13:29:11.004058+00:00,0.0,0.0,0.0,,
standardized,ocbc,MYR,SGD,MYR/SGD,100,"SGD 40,000 – 100,000",tier_2,"SGD 40,000 – 100,000",std_40k_100k,fxRatesSgd,2026-08-24T07:00:13,2026-08-24T07:00:13,2026-08-24T13:29:11.004058+00:00,0.0,0.0,0.0,,
standardized,ocbc,MYR,SGD,MYR/SGD,100,"SGD 0 – 39,999.99",tier_1,SGD 50 – 200,std_50_200,fxRatesSgd,2026-08-24T07:00:13,2026-08-24T07:00:13,2026-08-24T13:29:11.004058+00:00,0.0,0.0,0.0,,
standardized,ocbc,MYR,SGD,MYR/SGD,100,"SGD 0 – 39,999.99",tier_1,SGD < 50,std_lt_50,fxRatesSgd,2026-08-24T07:00:13,2026-08-24T07:00:13,2026-08-24T13:29:11.004058+00:00,0.0,0.0,0.0,,
standardized,ocbc,NOK,SGD,NOK/SGD,100,"SGD 0 – 39,999.99",tier_1,"SGD 200 – 39,999.99",std_200_40k,fxRatesSgd,2026-08-24T07:00:13,2026-08-24T07:00:13,2026-08-24T13:29:11.004058+00:00,13.8762,13.3812,13.6287,1.8160206035792152,1.8160206035792152
standardized,ocbc,NOK,SGD,NOK/SGD,100,"SGD 40,000 – 100,000",tier_2,"SGD 40,000 – 100,000",std_40k_100k,fxRatesSgd,2026-08-24T07:00:13,2026-08-24T07:00:13,2026-08-24T13:29:11.004058+00:00,13.8489,13.4085,13.6287,1.6157080279116875,1.6157080279116875
standardized,ocbc,NOK,SGD,NOK/SGD,100,"SGD 0 – 39,999.99",tier_1,SGD 50 – 200,std_50_200,fxRatesSgd,2026-08-24T07:00:13,2026-08-24T07:00:13,2026-08-24T13:29:11.004058+00:00,13.8762,13.3812,13.6287,1.8160206035792152,1.8160206035792152
standardized,ocbc,NOK,SGD,NOK/SGD,100,"SGD 0 – 39,999.99",tier_1,SGD < 50,std_lt_50,fxRatesSgd,2026-08-24T07:00:13,2026-08-24T07:00:13,2026-08-24T13:29:11.004058+00:00,13.8762,13.3812,13.6287,1.8160206035792152,1.8160206035792152
standardized,ocbc,NZD,SGD,NZD/SGD,1,"SGD 0 – 39,999.99",tier_1,"SGD 200 – 39,999.99",std_200_40k,fxRatesSgd,2026-08-24T07:00:13,2026-08-24T07:00:13,2026-08-24T13:29:11.004058+00:00,0.7732,0.7469,0.7601,1.7234574398105513,1.736613603473226
standardized,ocbc,NZD,SGD,NZD/SGD,1,"SGD 40,000 – 100,000",tier_2,"SGD 40,000 – 100,000",std_40k_100k,fxRatesSgd,2026-08-24T07:00:13,2026-08-24T07:00:13,2026-08-24T13:29:11.004058+00:00,0.7713,0.7492,0.7601,1.4734903302197062,1.4340218392316828
standardized,ocbc,NZD,SGD,NZD/SGD,1,"SGD 0 – 39,999.99",tier_1,SGD 50 – 200,std_50_200,fxRatesSgd,2026-08-24T07:00:13,2026-08-24T07:00:13,2026-08-24T13:29:11.004058+00:00,0.7732,0.7469,0.7601,1.7234574398105513,1.736613603473226
standardized,ocbc,NZD,SGD,NZD/SGD,1,"SGD 0 – 39,999.99",tier_1,SGD < 50,std_lt_50,fxRatesSgd,2026-08-24T07:00:13,2026-08-24T07:00:13,2026-08-24T13:29:11.004058+00:00,0.7732,0.7469,0.7601,1.7234574398105513,1.736613603473226
standardized,ocbc,OMR,SGD,OMR/SGD,1,"SGD 0 – 39,999.99",tier_1,"SGD 200 – 39,999.99",std_200_40k,fxRatesSgd,2026-08-24T07:00:13,2026-08-24T07:00:13,2026-08-24T13:29:11.004058+00:00,0.0,0.0,0.0,,
standardized,ocbc,OMR,SGD,OMR/SGD,1,"SGD 40,000 – 100,000",tier_2,"SGD 40,000 – 100,000",std_40k_100k,fxRatesSgd,2026-08-24T07:00:13,2026-08-24T07:00:13,2026-08-24T13:29:11.004058+00:00,0.0,0.0,0.0,,
standardized,ocbc,OMR,SGD,OMR/SGD,1,"SGD 0 – 39,999.99",tier_1,SGD 50 – 200,std_50_200,fxRatesSgd,2026-08-24T07:00:13,2026-08-24T07:00:13,2026-08-24T13:29:11.004058+00:00,0.0,0.0,0.0,,
standardized,ocbc,OMR,SGD,OMR/SGD,1,"SGD 0 – 39,999.99",tier_1,SGD < 50,std_lt_50,fxRatesSgd,2026-08-24T07:00:13,2026-08-24T07:00:13,2026-08-24T13:29:11.004058+00:00,0.0,0.0,0.0,,
standardized,ocbc,PHP,SGD,PHP/SGD,100,"SGD 0 – 39,999.99",tier_1,"SGD 200 – 39,999.99",std_200_40k,fxRatesSgd,2026-08-24T07:00:13,2026-08-24T07:00:13,2026-08-24T13:29:11.004058+00:00,2.1231,0.0,2.1231,0.0,100.0
standardized,ocbc,PHP,SGD,PHP/SGD,100,"SGD 40,000 – 100,000",tier_2,"SGD 40,000 – 100,000",std_40k_100k,fxRatesSgd,2026-08-24T07:00:13,2026-08-24T07:00:13,2026-08-24T13:29:11.004058+00:00,2.1221,0.0,2.1231,-0.047100937308647256,100.0
standardized,ocbc,PHP,SGD,PHP/SGD,100,"SGD 0 – 39,999.99",tier_1,SGD 50 – 200,std_50_200,fxRatesSgd,2026-08-24T07:00:13,2026-08-24T07:00:13,2026-08-24T13:29:11.004058+00:00,2.1231,0.0,2.1231,0.0,100.0
standardized,ocbc,PHP,SGD,PHP/SGD,100,"SGD 0 – 39,999.99",tier_1,SGD < 50,std_lt_50,fxRatesSgd,2026-08-24T07:00:13,2026-08-24T07:00:13,2026-08-24T13:29:11.004058+00:00,2.1231,0.0,2.1231,0.0,100.0
standardized,ocbc,PLN,SGD,PLN/SGD,100,"SGD 0 – 39,999.99",tier_1,"SGD 200 – 39,999.99",std_200_40k,fxRatesSgd,2026-08-24T07:00:13,2026-08-24T07:00:13,2026-08-24T13:29:11.004058+00:00,35.4529,33.2393,34.3461,3.222491054297285,3.222491054297285
standardized,ocbc,PLN,SGD,PLN/SGD,100,"SGD 40,000 – 100,000",tier_2,"SGD 40,000 – 100,000",std_40k_100k,fxRatesSgd,2026-08-24T07:00:13,2026-08-24T07:00:13,2026-08-24T13:29:11.004058+00:00,35.4354,33.2664,34.3461,3.1715391267130806,3.1435883550097463
standardized,ocbc,PLN,SGD,PLN/SGD,100,"SGD 0 – 39,999.99",tier_1,SGD 50 – 200,std_50_200,fxRatesSgd,2026-08-24T07:00:13,2026-08-24T07:00:13,2026-08-24T13:29:11.004058+00:00,35.4529,33.2393,34.3461,3.222491054297285,3.222491054297285
standardized,ocbc,PLN,SGD,PLN/SGD,100,"SGD 0 – 39,999.99",tier_1,SGD < 50,std_lt_50,fxRatesSgd,2026-08-24T07:00:13,2026-08-24T07:00:13,2026-08-24T13:29:11.004058+00:00,35.4529,33.2393,34.3461,3.222491054297285,3.222491054297285
standardized,ocbc,QAR,SGD,QAR/SGD,100,"SGD 0 – 39,999.99",tier_1,"SGD 200 – 39,999.99",std_200_40k,fxRatesSgd,2026-08-24T07:00:13,2026-08-24T07:00:13,2026-08-24T13:29:11.004058+00:00,35.8875,33.786,34.8368,3.016063473108914,3.0163505258806644
standardized,ocbc,QAR,SGD,QAR/SGD,100,"SGD 40,000 – 100,000",tier_2,"SGD 40,000 – 100,000",std_40k_100k,fxRatesSgd,2026-08-24T07:00:13,2026-08-24T07:00:13,2026-08-24T13:29:11.004058+00:00,35.8662,33.8032,34.8368,2.954921232719431,2.966977449134249
standardized,ocbc,QAR,SGD,QAR/SGD,100,"SGD 0 – 39,999.99",tier_1,SGD 50 – 200,std_50_200,fxRatesSgd,2026-08-24T07:00:13,2026-08-24T07:00:13,2026-08-24T13:29:11.004058+00:00,35.8875,33.786,34.8368,3.016063473108914,3.0163505258806644
standardized,ocbc,QAR,SGD,QAR/SGD,100,"SGD 0 – 39,999.99",tier_1,SGD < 50,std_lt_50,fxRatesSgd,2026-08-24T07:00:13,2026-08-24T07:00:13,2026-08-24T13:29:11.004058+00:00,35.8875,33.786,34.8368,3.016063473108914,3.0163505258806644
standardized,ocbc,RON,SGD,RON/SGD,100,"SGD 0 – 39,999.99",tier_1,"SGD 200 – 39,999.99",std_200_40k,fxRatesSgd,2026-08-24T07:00:13,2026-08-24T07:00:13,2026-08-24T13:29:11.004058+00:00,0.0,0.0,0.0,,
standardized,ocbc,RON,SGD,RON/SGD,100,"SGD 40,000 – 100,000",tier_2,"SGD 40,000 – 100,000",std_40k_100k,fxRatesSgd,2026-08-24T07:00:13,2026-08-24T07:00:13,2026-08-24T13:29:11.004058+00:00,0.0,0.0,0.0,,
standardized,ocbc,RON,SGD,RON/SGD,100,"SGD 0 – 39,999.99",tier_1,SGD 50 – 200,std_50_200,fxRatesSgd,2026-08-24T07:00:13,2026-08-24T07:00:13,2026-08-24T13:29:11.004058+00:00,0.0,0.0,0.0,,
standardized,ocbc,RON,SGD,RON/SGD,100,"SGD 0 – 39,999.99",tier_1,SGD < 50,std_lt_50,fxRatesSgd,2026-08-24T07:00:13,2026-08-24T07:00:13,2026-08-24T13:29:11.004058+00:00,0.0,0.0,0.0,,
standardized,ocbc,RUB,SGD,RUB/SGD,100,"SGD 0 – 39,999.99",tier_1,"SGD 200 – 39,999.99",std_200_40k,fxRatesSgd,2026-08-24T07:00:13,2026-08-24T07:00:13,2026-08-24T13:29:11.004058+00:00,0.0,0.0,0.0,,
standardized,ocbc,RUB,SGD,RUB/SGD,100,"SGD 40,000 – 100,000",tier_2,"SGD 40,000 – 100,000",std_40k_100k,fxRatesSgd,2026-08-24T07:00:13,2026-08-24T07:00:13,2026-08-24T13:29:11.004058+00:00,0.0,0.0,0.0,,
standardized,ocbc,RUB,SGD,RUB/SGD,100,"SGD 0 – 39,999.99",tier_1,SGD 50 – 200,std_50_200,fxRatesSgd,2026-08-24T07:00:13,2026-08-24T07:00:13,2026-08-24T13:29:11.004058+00:00,0.0,0.0,0.0,,
standardized,ocbc,RUB,SGD,RUB/SGD,100,"SGD 0 – 39,999.99",tier_1,SGD < 50,std_lt_50,fxRatesSgd,2026-08-24T07:00:13,2026-08-24T07:00:13,2026-08-24T13:29:11.004058+00:00,0.0,0.0,0.0,,
standardized,ocbc,SAR,SGD,SAR/SGD,100,"SGD 0 – 39,999.99",tier_1,"SGD 200 – 39,999.99",std_200_40k,fxRatesSgd,2026-08-24T07:00:13,2026-08-24T07:00:13,2026-08-24T13:29:11.004058+00:00,34.7916,32.8733,33.8325,2.8348481489691846,2.8351437227517997
standardized,ocbc,SAR,SGD,SAR/SGD,100,"SGD 40,000 – 100,000",tier_2,"SGD 40,000 – 100,000",std_40k_100k,fxRatesSgd,2026-08-24T07:00:13,2026-08-24T07:00:13,2026-08-24T13:29:11.004058+00:00,34.7745,32.89,33.8325,2.784305032143649,2.7857829010566837
standardized,ocbc,SAR,SGD,SAR/SGD,100,"SGD 0 – 39,999.99",tier_1,SGD 50 – 200,std_50_200,fxRatesSgd,2026-08-24T07:00:13,2026-08-24T07:00:13,2026-08-24T13:29:11.004058+00:00,34.7916,32.8733,33.8325,2.8348481489691846,2.8351437227517997
standardized,ocbc,SAR,SGD,SAR/SGD,100,"SGD 0 – 39,999.99",tier_1,SGD < 50,std_lt_50,fxRatesSgd,2026-08-24T07:00:13,2026-08-24T07:00:13,2026-08-24T13:29:11.004058+00:00,34.7916,32.8733,33.8325,2.8348481489691846,2.8351437227517997
standardized,ocbc,SEK,SGD,SEK/SGD,100,"SGD 0 – 39,999.99",tier_1,"SGD 200 – 39,999.99",std_200_40k,fxRatesSgd,2026-08-24T07:00:13,2026-08-24T07:00:13,2026-08-24T13:29:11.004058+00:00,13.6178,13.1324,13.3751,1.8145658724047002,1.8145658724046867
standardized,ocbc,SEK,SGD,SEK/SGD,100,"SGD 40,000 – 100,000",tier_2,"SGD 40,000 – 100,000",std_40k_100k,fxRatesSgd,2026-08-24T07:00:13,2026-08-24T07:00:13,2026-08-24T13:29:11.004058+00:00,13.591,13.1591,13.3751,1.6141935387398938,1.6149411967013276
standardized,ocbc,SEK,SGD,SEK/SGD,100,"SGD 0 – 39,999.99",tier_1,SGD 50 – 200,std_50_200,fxRatesSgd,2026-08-24T07:00:13,2026-08-24T07:00:13,2026-08-24T13:29:11.004058+00:00,13.6178,13.1324,13.3751,1.8145658724047002,1.8145658724046867
standardized,ocbc,SEK,SGD,SEK/SGD,100,"SGD 0 – 39,999.99",tier_1,SGD < 50,std_lt_50,fxRatesSgd,2026-08-24T07:00:13,2026-08-24T07:00:13,2026-08-24T13:29:11.004058+00:00,13.6178,13.1324,13.3751,1.8145658724047002,1.8145658724046867
standardized,ocbc,THB,SGD,THB/SGD,100,"SGD 0 – 39,999.99",tier_1,"SGD 200 – 39,999.99",std_200_40k,fxRatesSgd,2026-08-24T07:00:13,2026-08-24T07:00:13,2026-08-24T13:29:11.004058+00:00,3.996,3.7766,3.8863,2.822736278722696,2.8227362787226844
standardized,ocbc,THB,SGD,THB/SGD,100,"SGD 40,000 – 100,000",tier_2,"SGD 40,000 – 100,000",std_40k_100k,fxRatesSgd,2026-08-24T07:00:13,2026-08-24T07:00:13,2026-08-24T13:29:11.004058+00:00,3.9882,3.7844,3.8863,2.6220312379384016,2.62203123793839
standardized,ocbc,THB,SGD,THB/SGD,100,"SGD 0 – 39,999.99",tier_1,SGD 50 – 200,std_50_200,fxRatesSgd,2026-08-24T07:00:13,2026-08-24T07:00:13,2026-08-24T13:29:11.004058+00:00,3.996,3.7766,3.8863,2.822736278722696,2.8227362787226844
standardized,ocbc,THB,SGD,THB/SGD,100,"SGD 0 – 39,999.99",tier_1,SGD < 50,std_lt_50,fxRatesSgd,2026-08-24T07:00:13,2026-08-24T07:00:13,2026-08-24T13:29:11.004058+00:00,3.996,3.7766,3.8863,2.822736278722696,2.8227362787226844
standardized,ocbc,TRY,SGD,TRY/SGD,100,"SGD 0 – 39,999.99",tier_1,"SGD 200 – 39,999.99",std_200_40k,fxRatesSgd,2026-08-24T07:00:13,2026-08-24T07:00:13,2026-08-24T13:29:11.004058+00:00,2.7349,2.5813,2.6581,2.8892818178398096,2.8892818178398096
standardized,ocbc,TRY,SGD,TRY/SGD,100,"SGD 40,000 – 100,000",tier_2,"SGD 40,000 – 100,000",std_40k_100k,fxRatesSgd,2026-08-24T07:00:13,2026-08-24T07:00:13,2026-08-24T13:29:11.004058+00:00,2.7336,2.5815,2.6581,2.840374703735747,2.881757646439186
standardized,ocbc,TRY,SGD,TRY/SGD,100,"SGD 0 – 39,999.99",tier_1,SGD 50 – 200,std_50_200,fxRatesSgd,2026-08-24T07:00:13,2026-08-24T07:00:13,2026-08-24T13:29:11.004058+00:00,2.7349,2.5813,2.6581,2.8892818178398096,2.8892818178398096
standardized,ocbc,TRY,SGD,TRY/SGD,100,"SGD 0 – 39,999.99",tier_1,SGD < 50,std_lt_50,fxRatesSgd,2026-08-24T07:00:13,2026-08-24T07:00:13,2026-08-24T13:29:11.004058+00:00,2.7349,2.5813,2.6581,2.8892818178398096,2.8892818178398096
standardized,ocbc,TWD,SGD,TWD/SGD,100,"SGD 0 – 39,999.99",tier_1,"SGD 200 – 39,999.99",std_200_40k,fxRatesSgd,2026-08-24T07:00:13,2026-08-24T07:00:13,2026-08-24T13:29:11.004058+00:00,4.1401,0.0,4.1401,0.0,100.0
standardized,ocbc,TWD,SGD,TWD/SGD,100,"SGD 40,000 – 100,000",tier_2,"SGD 40,000 – 100,000",std_40k_100k,fxRatesSgd,2026-08-24T07:00:13,2026-08-24T07:00:13,2026-08-24T13:29:11.004058+00:00,0.0,0.0,4.1401,-100.0,100.0
standardized,ocbc,TWD,SGD,TWD/SGD,100,"SGD 0 – 39,999.99",tier_1,SGD 50 – 200,std_50_200,fxRatesSgd,2026-08-24T07:00:13,2026-08-24T07:00:13,2026-08-24T13:29:11.004058+00:00,4.1401,0.0,4.1401,0.0,100.0
standardized,ocbc,TWD,SGD,TWD/SGD,100,"SGD 0 – 39,999.99",tier_1,SGD < 50,std_lt_50,fxRatesSgd,2026-08-24T07:00:13,2026-08-24T07:00:13,2026-08-24T13:29:11.004058+00:00,4.1401,0.0,4.1401,0.0,100.0
standardized,ocbc,USD,SGD,USD/SGD,1,"SGD 0 – 39,999.99",tier_1,"SGD 200 – 39,999.99",std_200_40k,fxRatesSgd,2026-08-24T07:00:13,2026-08-24T07:00:13,2026-08-24T13:29:11.004058+00:00,1.2829,1.2599,1.2714,0.9045147081956775,0.904514708195695
standardized,ocbc,USD,SGD,USD/SGD,1,"SGD 40,000 – 100,000",tier_2,"SGD 40,000 – 100,000",std_40k_100k,fxRatesSgd,2026-08-24T07:00:13,2026-08-24T07:00:13,2026-08-24T13:29:11.004058+00:00,1.2816,1.2609,1.2714,0.8022652194431326,0.8258612553091219
standardized,ocbc,USD,SGD,USD/SGD,1,"SGD 0 – 39,999.99",tier_1,SGD 50 – 200,std_50_200,fxRatesSgd,2026-08-24T07:00:13,2026-08-24T07:00:13,2026-08-24T13:29:11.004058+00:00,1.2829,1.2599,1.2714,0.9045147081956775,0.904514708195695
standardized,ocbc,USD,SGD,USD/SGD,1,"SGD 0 – 39,999.99",tier_1,SGD < 50,std_lt_50,fxRatesSgd,2026-08-24T07:00:13,2026-08-24T07:00:13,2026-08-24T13:29:11.004058+00:00,1.2829,1.2599,1.2714,0.9045147081956775,0.904514708195695
standardized,ocbc,ZAR,SGD,ZAR/SGD,100,"SGD 0 – 39,999.99",tier_1,"SGD 200 – 39,999.99",std_200_40k,fxRatesSgd,2026-08-24T07:00:13,2026-08-24T07:00:13,2026-08-24T13:29:11.004058+00:00,8.1707,7.6907,7.9307,3.0262145838324517,3.0262145838324517
standardized,ocbc,ZAR,SGD,ZAR/SGD,100,"SGD 40,000 – 100,000",tier_2,"SGD 40,000 – 100,000",std_40k_100k,fxRatesSgd,2026-08-24T07:00:13,2026-08-24T07:00:13,2026-08-24T13:29:11.004058+00:00,8.1668,7.6947,7.9307,2.9770385968451767,2.975777674101905
standardized,ocbc,ZAR,SGD,ZAR/SGD,100,"SGD 0 – 39,999.99",tier_1,SGD 50 – 200,std_50_200,fxRatesSgd,2026-08-24T07:00:13,2026-08-24T07:00:13,2026-08-24T13:29:11.004058+00:00,8.1707,7.6907,7.9307,3.0262145838324517,3.0262145838324517
standardized,ocbc,ZAR,SGD,ZAR/SGD,100,"SGD 0 – 39,999.99",tier_1,SGD < 50,std_lt_50,fxRatesSgd,2026-08-24T07:00:13,2026-08-24T07:00:13,2026-08-24T13:29:11.004058+00:00,8.1707,7.6907,7.9307,3.0262145838324517,3.0262145838324517
standardized,uob,AED,SGD,AED/SGD,100,Indicative board,board,"SGD 200 – 39,999.99",std_200_40k,forex_sgd,24 August 2026 05:40:57 PM,24 August 2026 05:40:57 PM,2026-08-24T13:29:12.425114+00:00,35.45,33.75,34.6,2.4566473988439346,2.4566473988439346
standardized,uob,AED,SGD,AED/SGD,100,Indicative board,board,"SGD 40,000 – 100,000",std_40k_100k,forex_sgd,24 August 2026 05:40:57 PM,24 August 2026 05:40:57 PM,2026-08-24T13:29:12.425114+00:00,35.45,33.75,34.6,2.4566473988439346,2.4566473988439346
standardized,uob,AED,SGD,AED/SGD,100,Indicative board,board,SGD 50 – 200,std_50_200,forex_sgd,24 August 2026 05:40:57 PM,24 August 2026 05:40:57 PM,2026-08-24T13:29:12.425114+00:00,35.45,33.75,34.6,2.4566473988439346,2.4566473988439346
standardized,uob,AED,SGD,AED/SGD,100,Indicative board,board,SGD < 50,std_lt_50,forex_sgd,24 August 2026 05:40:57 PM,24 August 2026 05:40:57 PM,2026-08-24T13:29:12.425114+00:00,35.45,33.75,34.6,2.4566473988439346,2.4566473988439346
standardized,uob,AOA,SGD,AOA/SGD,100,Indicative board,board,"SGD 200 – 39,999.99",std_200_40k,forex_sgd,24 August 2026 05:40:57 PM,24 August 2026 05:40:57 PM,2026-08-24T13:29:12.425114+00:00,0.1428,,,,
standardized,uob,AOA,SGD,AOA/SGD,100,Indicative board,board,"SGD 40,000 – 100,000",std_40k_100k,forex_sgd,24 August 2026 05:40:57 PM,24 August 2026 05:40:57 PM,2026-08-24T13:29:12.425114+00:00,0.1428,,,,
standardized,uob,AOA,SGD,AOA/SGD,100,Indicative board,board,SGD 50 – 200,std_50_200,forex_sgd,24 August 2026 05:40:57 PM,24 August 2026 05:40:57 PM,2026-08-24T13:29:12.425114+00:00,0.1428,,,,
standardized,uob,AOA,SGD,AOA/SGD,100,Indicative board,board,SGD < 50,std_lt_50,forex_sgd,24 August 2026 05:40:57 PM,24 August 2026 05:40:57 PM,2026-08-24T13:29:12.425114+00:00,0.1428,,,,
standardized,uob,AUD,SGD,AUD/SGD,1,Indicative board,board,"SGD 200 – 39,999.99",std_200_40k,forex_sgd,24 August 2026 05:40:57 PM,24 August 2026 05:40:57 PM,2026-08-24T13:29:12.425114+00:00,0.9257,0.8947,0.9102,1.7029224346297474,1.7029224346297474
standardized,uob,AUD,SGD,AUD/SGD,1,Indicative board,board,"SGD 40,000 – 100,000",std_40k_100k,forex_sgd,24 August 2026 05:40:57 PM,24 August 2026 05:40:57 PM,2026-08-24T13:29:12.425114+00:00,0.9257,0.8947,0.9102,1.7029224346297474,1.7029224346297474
standardized,uob,AUD,SGD,AUD/SGD,1,Indicative board,board,SGD 50 – 200,std_50_200,forex_sgd,24 August 2026 05:40:57 PM,24 August 2026 05:40:57 PM,2026-08-24T13:29:12.425114+00:00,0.9257,0.8947,0.9102,1.7029224346297474,1.7029224346297474
standardized,uob,AUD,SGD,AUD/SGD,1,Indicative board,board,SGD < 50,std_lt_50,forex_sgd,24 August 2026 05:40:57 PM,24 August 2026 05:40:57 PM,2026-08-24T13:29:12.425114+00:00,0.9257,0.8947,0.9102,1.7029224346297474,1.7029224346297474
standardized,uob,BDT,SGD,BDT/SGD,100,Indicative board,board,"SGD 200 – 39,999.99",std_200_40k,forex_sgd,24 August 2026 05:40:57 PM,24 August 2026 05:40:57 PM,2026-08-24T13:29:12.425114+00:00,1.0682,,,,
standardized,uob,BDT,SGD,BDT/SGD,100,Indicative board,board,"SGD 40,000 – 100,000",std_40k_100k,forex_sgd,24 August 2026 05:40:57 PM,24 August 2026 05:40:57 PM,2026-08-24T13:29:12.425114+00:00,1.0682,,,,
standardized,uob,BDT,SGD,BDT/SGD,100,Indicative board,board,SGD 50 – 200,std_50_200,forex_sgd,24 August 2026 05:40:57 PM,24 August 2026 05:40:57 PM,2026-08-24T13:29:12.425114+00:00,1.0682,,,,
standardized,uob,BDT,SGD,BDT/SGD,100,Indicative board,board,SGD < 50,std_lt_50,forex_sgd,24 August 2026 05:40:57 PM,24 August 2026 05:40:57 PM,2026-08-24T13:29:12.425114+00:00,1.0682,,,,
standardized,uob,BND,SGD,BND/SGD,1,Indicative board,board,"SGD 200 – 39,999.99",std_200_40k,forex_sgd,24 August 2026 05:40:57 PM,24 August 2026 05:40:57 PM,2026-08-24T13:29:12.425114+00:00,1.0,1.0,1.0,0.0,0.0
standardized,uob,BND,SGD,BND/SGD,1,Indicative board,board,"SGD 40,000 – 100,000",std_40k_100k,forex_sgd,24 August 2026 05:40:57 PM,24 August 2026 05:40:57 PM,2026-08-24T13:29:12.425114+00:00,1.0,1.0,1.0,0.0,0.0
standardized,uob,BND,SGD,BND/SGD,1,Indicative board,board,SGD 50 – 200,std_50_200,forex_sgd,24 August 2026 05:40:57 PM,24 August 2026 05:40:57 PM,2026-08-24T13:29:12.425114+00:00,1.0,1.0,1.0,0.0,0.0
standardized,uob,BND,SGD,BND/SGD,1,Indicative board,board,SGD < 50,std_lt_50,forex_sgd,24 August 2026 05:40:57 PM,24 August 2026 05:40:57 PM,2026-08-24T13:29:12.425114+00:00,1.0,1.0,1.0,0.0,0.0
standardized,uob,CAD,SGD,CAD/SGD,1,Indicative board,board,"SGD 200 – 39,999.99",std_200_40k,forex_sgd,24 August 2026 05:40:57 PM,24 August 2026 05:40:57 PM,2026-08-24T13:29:12.425114+00:00,0.9285,0.9085,0.9185,1.0887316276537844,1.0887316276537844
standardized,uob,CAD,SGD,CAD/SGD,1,Indicative board,board,"SGD 40,000 – 100,000",std_40k_100k,forex_sgd,24 August 2026 05:40:57 PM,24 August 2026 05:40:57 PM,2026-08-24T13:29:12.425114+00:00,0.9285,0.9085,0.9185,1.0887316276537844,1.0887316276537844
standardized,uob,CAD,SGD,CAD/SGD,1,Indicative board,board,SGD 50 – 200,std_50_200,forex_sgd,24 August 2026 05:40:57 PM,24 August 2026 05:40:57 PM,2026-08-24T13:29:12.425114+00:00,0.9285,0.9085,0.9185,1.0887316276537844,1.0887316276537844
standardized,uob,CAD,SGD,CAD/SGD,1,Indicative board,board,SGD < 50,std_lt_50,forex_sgd,24 August 2026 05:40:57 PM,24 August 2026 05:40:57 PM,2026-08-24T13:29:12.425114+00:00,0.9285,0.9085,0.9185,1.0887316276537844,1.0887316276537844
standardized,uob,CHF,SGD,CHF/SGD,100,Indicative board,board,"SGD 200 – 39,999.99",std_200_40k,forex_sgd,24 August 2026 05:40:57 PM,24 August 2026 05:40:57 PM,2026-08-24T13:29:12.425114+00:00,160.03,156.73,158.38,1.0417982068443021,1.0417982068443021
standardized,uob,CHF,SGD,CHF/SGD,100,Indicative board,board,"SGD 40,000 – 100,000",std_40k_100k,forex_sgd,24 August 2026 05:40:57 PM,24 August 2026 05:40:57 PM,2026-08-24T13:29:12.425114+00:00,160.03,156.73,158.38,1.0417982068443021,1.0417982068443021
standardized,uob,CHF,SGD,CHF/SGD,100,Indicative board,board,SGD 50 – 200,std_50_200,forex_sgd,24 August 2026 05:40:57 PM,24 August 2026 05:40:57 PM,2026-08-24T13:29:12.425114+00:00,160.03,156.73,158.38,1.0417982068443021,1.0417982068443021
standardized,uob,CHF,SGD,CHF/SGD,100,Indicative board,board,SGD < 50,std_lt_50,forex_sgd,24 August 2026 05:40:57 PM,24 August 2026 05:40:57 PM,2026-08-24T13:29:12.425114+00:00,160.03,156.73,158.38,1.0417982068443021,1.0417982068443021
standardized,uob,CNH,SGD,CNH/SGD,100,Indicative board,board,"SGD 200 – 39,999.99",std_200_40k,forex_sgd,24 August 2026 05:40:57 PM,24 August 2026 05:40:57 PM,2026-08-24T13:29:12.425114+00:00,19.13,18.67,18.9,1.2169312169312192,1.2169312169312005
standardized,uob,CNH,SGD,CNH/SGD,100,Indicative board,board,"SGD 40,000 – 100,000",std_40k_100k,forex_sgd,24 August 2026 05:40:57 PM,24 August 2026 05:40:57 PM,2026-08-24T13:29:12.425114+00:00,19.13,18.67,18.9,1.2169312169312192,1.2169312169312005
standardized,uob,CNH,SGD,CNH/SGD,100,Indicative board,board,SGD 50 – 200,std_50_200,forex_sgd,24 August 2026 05:40:57 PM,24 August 2026 05:40:57 PM,2026-08-24T13:29:12.425114+00:00,19.13,18.67,18.9,1.2169312169312192,1.2169312169312005
standardized,uob,CNH,SGD,CNH/SGD,100,Indicative board,board,SGD < 50,std_lt_50,forex_sgd,24 August 2026 05:40:57 PM,24 August 2026 05:40:57 PM,2026-08-24T13:29:12.425114+00:00,19.13,18.67,18.9,1.2169312169312192,1.2169312169312005
standardized,uob,DKK,SGD,DKK/SGD,100,Indicative board,board,"SGD 200 – 39,999.99",std_200_40k,forex_sgd,24 August 2026 05:40:57 PM,24 August 2026 05:40:57 PM,2026-08-24T13:29:12.425114+00:00,20.18,19.48,19.83,1.7650025214321807,1.765002521432163
standardized,uob,DKK,SGD,DKK/SGD,100,Indicative board,board,"SGD 40,000 – 100,000",std_40k_100k,forex_sgd,24 August 2026 05:40:57 PM,24 August 2026 05:40:57 PM,2026-08-24T13:29:12.425114+00:00,20.18,19.48,19.83,1.7650025214321807,1.765002521432163
standardized,uob,DKK,SGD,DKK/SGD,100,Indicative board,board,SGD 50 – 200,std_50_200,forex_sgd,24 August 2026 05:40:57 PM,24 August 2026 05:40:57 PM,2026-08-24T13:29:12.425114+00:00,20.18,19.48,19.83,1.7650025214321807,1.765002521432163
standardized,uob,DKK,SGD,DKK/SGD,100,Indicative board,board,SGD < 50,std_lt_50,forex_sgd,24 August 2026 05:40:57 PM,24 August 2026 05:40:57 PM,2026-08-24T13:29:12.425114+00:00,20.18,19.48,19.83,1.7650025214321807,1.765002521432163
standardized,uob,EGP,SGD,EGP/SGD,100,Indicative board,board,"SGD 200 – 39,999.99",std_200_40k,forex_sgd,24 August 2026 05:40:57 PM,24 August 2026 05:40:57 PM,2026-08-24T13:29:12.425114+00:00,2.5673,,,,
standardized,uob,EGP,SGD,EGP/SGD,100,Indicative board,board,"SGD 40,000 – 100,000",std_40k_100k,forex_sgd,24 August 2026 05:40:57 PM,24 August 2026 05:40:57 PM,2026-08-24T13:29:12.425114+00:00,2.5673,,,,
standardized,uob,EGP,SGD,EGP/SGD,100,Indicative board,board,SGD 50 – 200,std_50_200,forex_sgd,24 August 2026 05:40:57 PM,24 August 2026 05:40:57 PM,2026-08-24T13:29:12.425114+00:00,2.5673,,,,
standardized,uob,EGP,SGD,EGP/SGD,100,Indicative board,board,SGD < 50,std_lt_50,forex_sgd,24 August 2026 05:40:57 PM,24 August 2026 05:40:57 PM,2026-08-24T13:29:12.425114+00:00,2.5673,,,,
standardized,uob,EUR,SGD,EUR/SGD,1,Indicative board,board,"SGD 200 – 39,999.99",std_200_40k,forex_sgd,24 August 2026 05:40:57 PM,24 August 2026 05:40:57 PM,2026-08-24T13:29:12.425114+00:00,1.5013,1.4633,1.4823,1.28179181002497,1.281791810024955
standardized,uob,EUR,SGD,EUR/SGD,1,Indicative board,board,"SGD 40,000 – 100,000",std_40k_100k,forex_sgd,24 August 2026 05:40:57 PM,24 August 2026 05:40:57 PM,2026-08-24T13:29:12.425114+00:00,1.5013,1.4633,1.4823,1.28179181002497,1.281791810024955
standardized,uob,EUR,SGD,EUR/SGD,1,Indicative board,board,SGD 50 – 200,std_50_200,forex_sgd,24 August 2026 05:40:57 PM,24 August 2026 05:40:57 PM,2026-08-24T13:29:12.425114+00:00,1.5013,1.4633,1.4823,1.28179181002497,1.281791810024955
standardized,uob,EUR,SGD,EUR/SGD,1,Indicative board,board,SGD < 50,std_lt_50,forex_sgd,24 August 2026 05:40:57 PM,24 August 2026 05:40:57 PM,2026-08-24T13:29:12.425114+00:00,1.5013,1.4633,1.4823,1.28179181002497,1.281791810024955
standardized,uob,GBP,SGD,GBP/SGD,1,Indicative board,board,"SGD 200 – 39,999.99",std_200_40k,forex_sgd,24 August 2026 05:40:57 PM,24 August 2026 05:40:57 PM,2026-08-24T13:29:12.425114+00:00,1.7547,1.7097,1.7322,1.2989262209906456,1.2989262209906456
standardized,uob,GBP,SGD,GBP/SGD,1,Indicative board,board,"SGD 40,000 – 100,000",std_40k_100k,forex_sgd,24 August 2026 05:40:57 PM,24 August 2026 05:40:57 PM,2026-08-24T13:29:12.425114+00:00,1.7547,1.7097,1.7322,1.2989262209906456,1.2989262209906456
standardized,uob,GBP,SGD,GBP/SGD,1,Indicative board,board,SGD 50 – 200,std_50_200,forex_sgd,24 August 2026 05:40:57 PM,24 August 2026 05:40:57 PM,2026-08-24T13:29:12.425114+00:00,1.7547,1.7097,1.7322,1.2989262209906456,1.2989262209906456
standardized,uob,GBP,SGD,GBP/SGD,1,Indicative board,board,SGD < 50,std_lt_50,forex_sgd,24 August 2026 05:40:57 PM,24 August 2026 05:40:57 PM,2026-08-24T13:29:12.425114+00:00,1.7547,1.7097,1.7322,1.2989262209906456,1.2989262209906456
standardized,uob,HKD,SGD,HKD/SGD,100,Indicative board,board,"SGD 200 – 39,999.99",std_200_40k,forex_sgd,24 August 2026 05:40:57 PM,24 August 2026 05:40:57 PM,2026-08-24T13:29:12.425114+00:00,16.389,16.031,16.21,1.1042566317088123,1.1042566317088343
standardized,uob,HKD,SGD,HKD/SGD,100,Indicative board,board,"SGD 40,000 – 100,000",std_40k_100k,forex_sgd,24 August 2026 05:40:57 PM,24 August 2026 05:40:57 PM,2026-08-24T13:29:12.425114+00:00,16.389,16.031,16.21,1.1042566317088123,1.1042566317088343
standardized,uob,HKD,SGD,HKD/SGD,100,Indicative board,board,SGD 50 – 200,std_50_200,forex_sgd,24 August 2026 05:40:57 PM,24 August 2026 05:40:57 PM,2026-08-24T13:29:12.425114+00:00,16.389,16.031,16.21,1.1042566317088123,1.1042566317088343
standardized,uob,HKD,SGD,HKD/SGD,100,Indicative board,board,SGD < 50,std_lt_50,forex_sgd,24 August 2026 05:40:57 PM,24 August 2026 05:40:57 PM,2026-08-24T13:29:12.425114+00:00,16.389,16.031,16.21,1.1042566317088123,1.1042566317088343
standardized,uob,INR,SGD,INR/SGD,100,Indicative board,board,"SGD 200 – 39,999.99",std_200_40k,forex_sgd,24 August 2026 05:40:57 PM,24 August 2026 05:40:57 PM,2026-08-24T13:29:12.425114+00:00,1.3642,,,,
standardized,uob,INR,SGD,INR/SGD,100,Indicative board,board,"SGD 40,000 – 100,000",std_40k_100k,forex_sgd,24 August 2026 05:40:57 PM,24 August 2026 05:40:57 PM,2026-08-24T13:29:12.425114+00:00,1.3642,,,,
standardized,uob,INR,SGD,INR/SGD,100,Indicative board,board,SGD 50 – 200,std_50_200,forex_sgd,24 August 2026 05:40:57 PM,24 August 2026 05:40:57 PM,2026-08-24T13:29:12.425114+00:00,1.3642,,,,
standardized,uob,INR,SGD,INR/SGD,100,Indicative board,board,SGD < 50,std_lt_50,forex_sgd,24 August 2026 05:40:57 PM,24 August 2026 05:40:57 PM,2026-08-24T13:29:12.425114+00:00,1.3642,,,,
standardized,uob,JPY,SGD,JPY/SGD,100,Indicative board,board,"SGD 200 – 39,999.99",std_200_40k,forex_sgd,24 August 2026 05:40:57 PM,24 August 2026 05:40:57 PM,2026-08-24T13:29:12.425114+00:00,0.8154,0.7814,0.7984,2.12925851703407,2.12925851703407
standardized,uob,JPY,SGD,JPY/SGD,100,Indicative board,board,"SGD 40,000 – 100,000",std_40k_100k,forex_sgd,24 August 2026 05:40:57 PM,24 August 2026 05:40:57 PM,2026-08-24T13:29:12.425114+00:00,0.8154,0.7814,0.7984,2.12925851703407,2.12925851703407
standardized,uob,JPY,SGD,JPY/SGD,100,Indicative board,board,SGD 50 – 200,std_50_200,forex_sgd,24 August 2026 05:40:57 PM,24 August 2026 05:40:57 PM,2026-08-24T13:29:12.425114+00:00,0.8154,0.7814,0.7984,2.12925851703407,2.12925851703407
standardized,uob,JPY,SGD,JPY/SGD,100,Indicative board,board,SGD < 50,std_lt_50,forex_sgd,24 August 2026 05:40:57 PM,24 August 2026 05:40:57 PM,2026-08-24T13:29:12.425114+00:00,0.8154,0.7814,0.7984,2.12925851703407,2.12925851703407
standardized,uob,KRW,SGD,KRW/SGD,1000,Indicative board,board,"SGD 200 – 39,999.99",std_200_40k,forex_sgd,24 August 2026 05:40:57 PM,24 August 2026 05:40:57 PM,2026-08-24T13:29:12.425114+00:00,0.9298,,,,
standardized,uob,KRW,SGD,KRW/SGD,1000,Indicative board,board,"SGD 40,000 – 100,000",std_40k_100k,forex_sgd,24 August 2026 05:40:57 PM,24 August 2026 05:40:57 PM,2026-08-24T13:29:12.425114+00:00,0.9298,,,,
standardized,uob,KRW,SGD,KRW/SGD,1000,Indicative board,board,SGD 50 – 200,std_50_200,forex_sgd,24 August 2026 05:40:57 PM,24 August 2026 05:40:57 PM,2026-08-24T13:29:12.425114+00:00,0.9298,,,,
standardized,uob,KRW,SGD,KRW/SGD,1000,Indicative board,board,SGD < 50,std_lt_50,forex_sgd,24 August 2026 05:40:57 PM,24 August 2026 05:40:57 PM,2026-08-24T13:29:12.425114+00:00,0.9298,,,,
standardized,uob,KWD,SGD,KWD/SGD,1,Indicative board,board,"SGD 200 – 39,999.99",std_200_40k,forex_sgd,24 August 2026 05:40:57 PM,24 August 2026 05:40:57 PM,2026-08-24T13:29:12.425114+00:00,4.176,,,,
standardized,uob,KWD,SGD,KWD/SGD,1,Indicative board,board,"SGD 40,000 – 100,000",std_40k_100k,forex_sgd,24 August 2026 05:40:57 PM,24 August 2026 05:40:57 PM,2026-08-24T13:29:12.425114+00:00,4.176,,,,
standardized,uob,KWD,SGD,KWD/SGD,1,Indicative board,board,SGD 50 – 200,std_50_200,forex_sgd,24 August 2026 05:40:57 PM,24 August 2026 05:40:57 PM,2026-08-24T13:29:12.425114+00:00,4.176,,,,
standardized,uob,KWD,SGD,KWD/SGD,1,Indicative board,board,SGD < 50,std_lt_50,forex_sgd,24 August 2026 05:40:57 PM,24 August 2026 05:40:57 PM,2026-08-24T13:29:12.425114+00:00,4.176,,,,
standardized,uob,LKR,SGD,LKR/SGD,100,Indicative board,board,"SGD 200 – 39,999.99",std_200_40k,forex_sgd,24 August 2026 05:40:57 PM,24 August 2026 05:40:57 PM,2026-08-24T13:29:12.425114+00:00,0.3916,,,,
standardized,uob,LKR,SGD,LKR/SGD,100,Indicative board,board,"SGD 40,000 – 100,000",std_40k_100k,forex_sgd,24 August 2026 05:40:57 PM,24 August 2026 05:40:57 PM,2026-08-24T13:29:12.425114+00:00,0.3916,,,,
standardized,uob,LKR,SGD,LKR/SGD,100,Indicative board,board,SGD 50 – 200,std_50_200,forex_sgd,24 August 2026 05:40:57 PM,24 August 2026 05:40:57 PM,2026-08-24T13:29:12.425114+00:00,0.3916,,,,
standardized,uob,LKR,SGD,LKR/SGD,100,Indicative board,board,SGD < 50,std_lt_50,forex_sgd,24 August 2026 05:40:57 PM,24 August 2026 05:40:57 PM,2026-08-24T13:29:12.425114+00:00,0.3916,,,,
standardized,uob,MXN,SGD,MXN/SGD,100,Indicative board,board,"SGD 200 – 39,999.99",std_200_40k,forex_sgd,24 August 2026 05:40:57 PM,24 August 2026 05:40:57 PM,2026-08-24T13:29:12.425114+00:00,7.5924,,,,
standardized,uob,MXN,SGD,MXN/SGD,100,Indicative board,board,"SGD 40,000 – 100,000",std_40k_100k,forex_sgd,24 August 2026 05:40:57 PM,24 August 2026 05:40:57 PM,2026-08-24T13:29:12.425114+00:00,7.5924,,,,
standardized,uob,MXN,SGD,MXN/SGD,100,Indicative board,board,SGD 50 – 200,std_50_200,forex_sgd,24 August 2026 05:40:57 PM,24 August 2026 05:40:57 PM,2026-08-24T13:29:12.425114+00:00,7.5924,,,,
standardized,uob,MXN,SGD,MXN/SGD,100,Indicative board,board,SGD < 50,std_lt_50,forex_sgd,24 August 2026 05:40:57 PM,24 August 2026 05:40:57 PM,2026-08-24T13:29:12.425114+00:00,7.5924,,,,
standardized,uob,MYR,SGD,MYR/SGD,100,Indicative board,board,"SGD 200 – 39,999.99",std_200_40k,forex_sgd,24 August 2026 05:40:57 PM,24 August 2026 05:40:57 PM,2026-08-24T13:29:12.425114+00:00,31.8979,,,,
standardized,uob,MYR,SGD,MYR/SGD,100,Indicative board,board,"SGD 40,000 – 100,000",std_40k_100k,forex_sgd,24 August 2026 05:40:57 PM,24 August 2026 05:40:57 PM,2026-08-24T13:29:12.425114+00:00,31.8979,,,,
standardized,uob,MYR,SGD,MYR/SGD,100,Indicative board,board,SGD 50 – 200,std_50_200,forex_sgd,24 August 2026 05:40:57 PM,24 August 2026 05:40:57 PM,2026-08-24T13:29:12.425114+00:00,31.8979,,,,
standardized,uob,MYR,SGD,MYR/SGD,100,Indicative board,board,SGD < 50,std_lt_50,forex_sgd,24 August 2026 05:40:57 PM,24 August 2026 05:40:57 PM,2026-08-24T13:29:12.425114+00:00,31.8979,,,,
standardized,uob,NOK,SGD,NOK/SGD,100,Indicative board,board,"SGD 200 – 39,999.99",std_200_40k,forex_sgd,24 August 2026 05:40:57 PM,24 August 2026 05:40:57 PM,2026-08-24T13:29:12.425114+00:00,13.86,13.42,13.64,1.6129032258064433,1.6129032258064562
standardized,uob,NOK,SGD,NOK/SGD,100,Indicative board,board,"SGD 40,000 – 100,000",std_40k_100k,forex_sgd,24 August 2026 05:40:57 PM,24 August 2026 05:40:57 PM,2026-08-24T13:29:12.425114+00:00,13.86,13.42,13.64,1.6129032258064433,1.6129032258064562
standardized,uob,NOK,SGD,NOK/SGD,100,Indicative board,board,SGD 50 – 200,std_50_200,forex_sgd,24 August 2026 05:40:57 PM,24 August 2026 05:40:57 PM,2026-08-24T13:29:12.425114+00:00,13.86,13.42,13.64,1.6129032258064433,1.6129032258064562
standardized,uob,NOK,SGD,NOK/SGD,100,Indicative board,board,SGD < 50,std_lt_50,forex_sgd,24 August 2026 05:40:57 PM,24 August 2026 05:40:57 PM,2026-08-24T13:29:12.425114+00:00,13.86,13.42,13.64,1.6129032258064433,1.6129032258064562
standardized,uob,NZD,SGD,NZD/SGD,1,Indicative board,board,"SGD 200 – 39,999.99",std_200_40k,forex_sgd,24 August 2026 05:40:57 PM,24 August 2026 05:40:57 PM,2026-08-24T13:29:12.425114+00:00,0.7687,0.7487,0.7587,1.3180440226703583,1.3180440226703583
standardized,uob,NZD,SGD,NZD/SGD,1,Indicative board,board,"SGD 40,000 – 100,000",std_40k_100k,forex_sgd,24 August 2026 05:40:57 PM,24 August 2026 05:40:57 PM,2026-08-24T13:29:12.425114+00:00,0.7687,0.7487,0.7587,1.3180440226703583,1.3180440226703583
standardized,uob,NZD,SGD,NZD/SGD,1,Indicative board,board,SGD 50 – 200,std_50_200,forex_sgd,24 August 2026 05:40:57 PM,24 August 2026 05:40:57 PM,2026-08-24T13:29:12.425114+00:00,0.7687,0.7487,0.7587,1.3180440226703583,1.3180440226703583
standardized,uob,NZD,SGD,NZD/SGD,1,Indicative board,board,SGD < 50,std_lt_50,forex_sgd,24 August 2026 05:40:57 PM,24 August 2026 05:40:57 PM,2026-08-24T13:29:12.425114+00:00,0.7687,0.7487,0.7587,1.3180440226703583,1.3180440226703583
standardized,uob,PHP,SGD,PHP/SGD,100,Indicative board,board,"SGD 200 – 39,999.99",std_200_40k,forex_sgd,24 August 2026 05:40:57 PM,24 August 2026 05:40:57 PM,2026-08-24T13:29:12.425114+00:00,2.106,,,,
standardized,uob,PHP,SGD,PHP/SGD,100,Indicative board,board,"SGD 40,000 – 100,000",std_40k_100k,forex_sgd,24 August 2026 05:40:57 PM,24 August 2026 05:40:57 PM,2026-08-24T13:29:12.425114+00:00,2.106,,,,
standardized,uob,PHP,SGD,PHP/SGD,100,Indicative board,board,SGD 50 – 200,std_50_200,forex_sgd,24 August 2026 05:40:57 PM,24 August 2026 05:40:57 PM,2026-08-24T13:29:12.425114+00:00,2.106,,,,
standardized,uob,PHP,SGD,PHP/SGD,100,Indicative board,board,SGD < 50,std_lt_50,forex_sgd,24 August 2026 05:40:57 PM,24 August 2026 05:40:57 PM,2026-08-24T13:29:12.425114+00:00,2.106,,,,
standardized,uob,PKR,SGD,PKR/SGD,100,Indicative board,board,"SGD 200 – 39,999.99",std_200_40k,forex_sgd,24 August 2026 05:40:57 PM,24 August 2026 05:40:57 PM,2026-08-24T13:29:12.425114+00:00,0.4638,,,,
standardized,uob,PKR,SGD,PKR/SGD,100,Indicative board,board,"SGD 40,000 – 100,000",std_40k_100k,forex_sgd,24 August 2026 05:40:57 PM,24 August 2026 05:40:57 PM,2026-08-24T13:29:12.425114+00:00,0.4638,,,,
standardized,uob,PKR,SGD,PKR/SGD,100,Indicative board,board,SGD 50 – 200,std_50_200,forex_sgd,24 August 2026 05:40:57 PM,24 August 2026 05:40:57 PM,2026-08-24T13:29:12.425114+00:00,0.4638,,,,
standardized,uob,PKR,SGD,PKR/SGD,100,Indicative board,board,SGD < 50,std_lt_50,forex_sgd,24 August 2026 05:40:57 PM,24 August 2026 05:40:57 PM,2026-08-24T13:29:12.425114+00:00,0.4638,,,,
standardized,uob,SAR,SGD,SAR/SGD,100,Indicative board,board,"SGD 200 – 39,999.99",std_200_40k,forex_sgd,24 August 2026 05:40:57 PM,24 August 2026 05:40:57 PM,2026-08-24T13:29:12.425114+00:00,,,,,
standardized,uob,SAR,SGD,SAR/SGD,100,Indicative board,board,"SGD 40,000 – 100,000",std_40k_100k,forex_sgd,24 August 2026 05:40:57 PM,24 August 2026 05:40:57 PM,2026-08-24T13:29:12.425114+00:00,,,,,
standardized,uob,SAR,SGD,SAR/SGD,100,Indicative board,board,SGD 50 – 200,std_50_200,forex_sgd,24 August 2026 05:40:57 PM,24 August 2026 05:40:57 PM,2026-08-24T13:29:12.425114+00:00,,,,,
standardized,uob,SAR,SGD,SAR/SGD,100,Indicative board,board,SGD < 50,std_lt_50,forex_sgd,24 August 2026 05:40:57 PM,24 August 2026 05:40:57 PM,2026-08-24T13:29:12.425114+00:00,,,,,
standardized,uob,SEK,SGD,SEK/SGD,100,Indicative board,board,"SGD 200 – 39,999.99",std_200_40k,forex_sgd,24 August 2026 05:40:57 PM,24 August 2026 05:40:57 PM,2026-08-24T13:29:12.425114+00:00,13.63,13.15,13.39,1.7923823749066485,1.7923823749066485
standardized,uob,SEK,SGD,SEK/SGD,100,Indicative board,board,"SGD 40,000 – 100,000",std_40k_100k,forex_sgd,24 August 2026 05:40:57 PM,24 August 2026 05:40:57 PM,2026-08-24T13:29:12.425114+00:00,13.63,13.15,13.39,1.7923823749066485,1.7923823749066485
standardized,uob,SEK,SGD,SEK/SGD,100,Indicative board,board,SGD 50 – 200,std_50_200,forex_sgd,24 August 2026 05:40:57 PM,24 August 2026 05:40:57 PM,2026-08-24T13:29:12.425114+00:00,13.63,13.15,13.39,1.7923823749066485,1.7923823749066485
standardized,uob,SEK,SGD,SEK/SGD,100,Indicative board,board,SGD < 50,std_lt_50,forex_sgd,24 August 2026 05:40:57 PM,24 August 2026 05:40:57 PM,2026-08-24T13:29:12.425114+00:00,13.63,13.15,13.39,1.7923823749066485,1.7923823749066485
standardized,uob,THB,SGD,THB/SGD,100,Indicative board,board,"SGD 200 – 39,999.99",std_200_40k,forex_sgd,24 August 2026 05:40:57 PM,24 August 2026 05:40:57 PM,2026-08-24T13:29:12.425114+00:00,3.99,3.79,3.89,2.5706940874036013,2.5706940874036013
standardized,uob,THB,SGD,THB/SGD,100,Indicative board,board,"SGD 40,000 – 100,000",std_40k_100k,forex_sgd,24 August 2026 05:40:57 PM,24 August 2026 05:40:57 PM,2026-08-24T13:29:12.425114+00:00,3.99,3.79,3.89,2.5706940874036013,2.5706940874036013
standardized,uob,THB,SGD,THB/SGD,100,Indicative board,board,SGD 50 – 200,std_50_200,forex_sgd,24 August 2026 05:40:57 PM,24 August 2026 05:40:57 PM,2026-08-24T13:29:12.425114+00:00,3.99,3.79,3.89,2.5706940874036013,2.5706940874036013
standardized,uob,THB,SGD,THB/SGD,100,Indicative board,board,SGD < 50,std_lt_50,forex_sgd,24 August 2026 05:40:57 PM,24 August 2026 05:40:57 PM,2026-08-24T13:29:12.425114+00:00,3.99,3.79,3.89,2.5706940874036013,2.5706940874036013
standardized,uob,TWD,SGD,TWD/SGD,100,Indicative board,board,"SGD 200 – 39,999.99",std_200_40k,forex_sgd,24 August 2026 05:40:57 PM,24 August 2026 05:40:57 PM,2026-08-24T13:29:12.425114+00:00,4.0699,,,,
standardized,uob,TWD,SGD,TWD/SGD,100,Indicative board,board,"SGD 40,000 – 100,000",std_40k_100k,forex_sgd,24 August 2026 05:40:57 PM,24 August 2026 05:40:57 PM,2026-08-24T13:29:12.425114+00:00,4.0699,,,,
standardized,uob,TWD,SGD,TWD/SGD,100,Indicative board,board,SGD 50 – 200,std_50_200,forex_sgd,24 August 2026 05:40:57 PM,24 August 2026 05:40:57 PM,2026-08-24T13:29:12.425114+00:00,4.0699,,,,
standardized,uob,TWD,SGD,TWD/SGD,100,Indicative board,board,SGD < 50,std_lt_50,forex_sgd,24 August 2026 05:40:57 PM,24 August 2026 05:40:57 PM,2026-08-24T13:29:12.425114+00:00,4.0699,,,,
standardized,uob,USD,SGD,USD/SGD,1,Indicative board,board,"SGD 200 – 39,999.99",std_200_40k,forex_sgd,24 August 2026 05:40:57 PM,24 August 2026 05:40:57 PM,2026-08-24T13:29:12.425114+00:00,1.2827,1.2587,1.2707,0.9443613756197381,0.9443613756197381
standardized,uob,USD,SGD,USD/SGD,1,Indicative board,board,"SGD 40,000 – 100,000",std_40k_100k,forex_sgd,24 August 2026 05:40:57 PM,24 August 2026 05:40:57 PM,2026-08-24T13:29:12.425114+00:00,1.2827,1.2587,1.2707,0.9443613756197381,0.9443613756197381
standardized,uob,USD,SGD,USD/SGD,1,Indicative board,board,SGD 50 – 200,std_50_200,forex_sgd,24 August 2026 05:40:57 PM,24 August 2026 05:40:57 PM,2026-08-24T13:29:12.425114+00:00,1.2827,1.2587,1.2707,0.9443613756197381,0.9443613756197381
standardized,uob,USD,SGD,USD/SGD,1,Indicative board,board,SGD < 50,std_lt_50,forex_sgd,24 August 2026 05:40:57 PM,24 August 2026 05:40:57 PM,2026-08-24T13:29:12.425114+00:00,1.2827,1.2587,1.2707,0.9443613756197381,0.9443613756197381
standardized,uob,VND,SGD,VND/SGD,1000,Indicative board,board,"SGD 200 – 39,999.99",std_200_40k,forex_sgd,24 August 2026 05:40:57 PM,24 August 2026 05:40:57 PM,2026-08-24T13:29:12.425114+00:00,0.0498,,,,
standardized,uob,VND,SGD,VND/SGD,1000,Indicative board,board,"SGD 40,000 – 100,000",std_40k_100k,forex_sgd,24 August 2026 05:40:57 PM,24 August 2026 05:40:57 PM,2026-08-24T13:29:12.425114+00:00,0.0498,,,,
standardized,uob,VND,SGD,VND/SGD,1000,Indicative board,board,SGD 50 – 200,std_50_200,forex_sgd,24 August 2026 05:40:57 PM,24 August 2026 05:40:57 PM,2026-08-24T13:29:12.425114+00:00,0.0498,,,,
standardized,uob,VND,SGD,VND/SGD,1000,Indicative board,board,SGD < 50,std_lt_50,forex_sgd,24 August 2026 05:40:57 PM,24 August 2026 05:40:57 PM,2026-08-24T13:29:12.425114+00:00,0.0498,,,,
standardized,uob,XAF,SGD,XAF/SGD,100,Indicative board,board,"SGD 200 – 39,999.99",std_200_40k,forex_sgd,24 August 2026 05:40:57 PM,24 August 2026 05:40:57 PM,2026-08-24T13:29:12.425114+00:00,0.2323,,,,
standardized,uob,XAF,SGD,XAF/SGD,100,Indicative board,board,"SGD 40,000 – 100,000",std_40k_100k,forex_sgd,24 August 2026 05:40:57 PM,24 August 2026 05:40:57 PM,2026-08-24T13:29:12.425114+00:00,0.2323,,,,
standardized,uob,XAF,SGD,XAF/SGD,100,Indicative board,board,SGD 50 – 200,std_50_200,forex_sgd,24 August 2026 05:40:57 PM,24 August 2026 05:40:57 PM,2026-08-24T13:29:12.425114+00:00,0.2323,,,,
standardized,uob,XAF,SGD,XAF/SGD,100,Indicative board,board,SGD < 50,std_lt_50,forex_sgd,24 August 2026 05:40:57 PM,24 August 2026 05:40:57 PM,2026-08-24T13:29:12.425114+00:00,0.2323,,,,
standardized,uob,XOF,SGD,XOF/SGD,100,Indicative board,board,"SGD 200 – 39,999.99",std_200_40k,forex_sgd,24 August 2026 05:40:57 PM,24 August 2026 05:40:57 PM,2026-08-24T13:29:12.425114+00:00,0.2338,,,,
standardized,uob,XOF,SGD,XOF/SGD,100,Indicative board,board,"SGD 40,000 – 100,000",std_40k_100k,forex_sgd,24 August 2026 05:40:57 PM,24 August 2026 05:40:57 PM,2026-08-24T13:29:12.425114+00:00,0.2338,,,,
standardized,uob,XOF,SGD,XOF/SGD,100,Indicative board,board,SGD 50 – 200,std_50_200,forex_sgd,24 August 2026 05:40:57 PM,24 August 2026 05:40:57 PM,2026-08-24T13:29:12.425114+00:00,0.2338,,,,
standardized,uob,XOF,SGD,XOF/SGD,100,Indicative board,board,SGD < 50,std_lt_50,forex_sgd,24 August 2026 05:40:57 PM,24 August 2026 05:40:57 PM,2026-08-24T13:29:12.425114+00:00,0.2338,,,,
standardized,uob,ZAR,SGD,ZAR/SGD,1,Indicative board,board,"SGD 200 – 39,999.99",std_200_40k,forex_sgd,24 August 2026 05:40:57 PM,24 August 2026 05:40:57 PM,2026-08-24T13:29:12.425114+00:00,0.0813,0.0773,0.0793,2.52206809583859,2.52206809583859
standardized,uob,ZAR,SGD,ZAR/SGD,1,Indicative board,board,"SGD 40,000 – 100,000",std_40k_100k,forex_sgd,24 August 2026 05:40:57 PM,24 August 2026 05:40:57 PM,2026-08-24T13:29:12.425114+00:00,0.0813,0.0773,0.0793,2.52206809583859,2.52206809583859
standardized,uob,ZAR,SGD,ZAR/SGD,1,Indicative board,board,SGD 50 – 200,std_50_200,forex_sgd,24 August 2026 05:40:57 PM,24 August 2026 05:40:57 PM,2026-08-24T13:29:12.425114+00:00,0.0813,0.0773,0.0793,2.52206809583859,2.52206809583859
standardized,uob,ZAR,SGD,ZAR/SGD,1,Indicative board,board,SGD < 50,std_lt_50,forex_sgd,24 August 2026 05:40:57 PM,24 August 2026 05:40:57 PM,2026-08-24T13:29:12.425114+00:00,0.0813,0.0773,0.0793,2.52206809583859,2.52206809583859
