record_type,bank,base_currency,quote_currency,currency_pair,unit,transaction_value,amount_tier,std_transaction_value,std_amount_tier,group,effective_date,last_updated,scraped_at,tt_od_sell,tt_buy,mid_rate,sell_margin_pct,buy_margin_pct
native,dbs,AED,SGD,AED/SGD,1,SGD 50 – 200,amtBtw50And200,,,mainCurrencies,2026-08-25 21:15:00,2026-08-25 13:15:13,2026-08-25T13:26:30.214116+00:00,0.3481,0.3434,0.34575,0.6796818510484508,0.6796818510484508
native,dbs,AED,SGD,AED/SGD,1,SGD < 50,amtLessThan50,,,mainCurrencies,2026-08-25 21:15:00,2026-08-25 13:15:13,2026-08-25T13:26:30.214116+00:00,0.3508,0.3406,0.3457,1.4752675730402063,1.4752675730402063
native,dbs,AUD,SGD,AUD/SGD,1,SGD 50 – 200,amtBtw50And200,,,mainCurrencies,2026-08-25 21:15:00,2026-08-25 13:15:13,2026-08-25T13:26:30.214116+00:00,0.9193,0.8992,0.90925,1.105306571350014,1.105306571350014
native,dbs,AUD,SGD,AUD/SGD,1,SGD < 50,amtLessThan50,,,mainCurrencies,2026-08-25 21:15:00,2026-08-25 13:15:13,2026-08-25T13:26:30.214116+00:00,0.9197,0.8987,0.9092,1.1548614166299993,1.1548614166299993
native,dbs,BDT,SGD,BDT/SGD,100,SGD 50 – 200,amtBtw50And200,,,otherCurrencies,2026-08-25 21:15:00,2026-08-25 13:15:13,2026-08-25T13:26:30.214116+00:00,1.0486,,,,
native,dbs,BDT,SGD,BDT/SGD,100,SGD < 50,amtLessThan50,,,otherCurrencies,2026-08-25 21:15:00,2026-08-25 13:15:13,2026-08-25T13:26:30.214116+00:00,1.0486,,,,
native,dbs,BHD,SGD,BHD/SGD,1,SGD 50 – 200,amtBtw50And200,,,otherCurrencies,2026-08-25 21:15:00,2026-08-25 13:15:13,2026-08-25T13:26:30.214116+00:00,3.4484,,,,
native,dbs,BHD,SGD,BHD/SGD,1,SGD < 50,amtLessThan50,,,otherCurrencies,2026-08-25 21:15:00,2026-08-25 13:15:13,2026-08-25T13:26:30.214116+00:00,3.462,,,,
native,dbs,BND,SGD,BND/SGD,1,SGD 50 – 200,amtBtw50And200,,,otherCurrencies,2026-08-25 21:15:00,2026-08-25 13:15:13,2026-08-25T13:26:30.214116+00:00,1.0,1.0,1.0,0.0,0.0
native,dbs,BND,SGD,BND/SGD,1,SGD < 50,amtLessThan50,,,otherCurrencies,2026-08-25 21:15:00,2026-08-25 13:15:13,2026-08-25T13:26:30.214116+00:00,1.0,1.0,1.0,0.0,0.0
native,dbs,CAD,SGD,CAD/SGD,1,SGD 50 – 200,amtBtw50And200,,,mainCurrencies,2026-08-25 21:15:00,2026-08-25 13:15:13,2026-08-25T13:26:30.214116+00:00,0.9239,0.9101,0.917,0.7524536532170139,0.7524536532170139
native,dbs,CAD,SGD,CAD/SGD,1,SGD < 50,amtLessThan50,,,mainCurrencies,2026-08-25 21:15:00,2026-08-25 13:15:13,2026-08-25T13:26:30.214116+00:00,0.9271,0.9069,0.917,1.101417666303162,1.101417666303162
native,dbs,CHF,SGD,CHF/SGD,1,SGD 50 – 200,amtBtw50And200,,,mainCurrencies,2026-08-25 21:15:00,2026-08-25 13:15:13,2026-08-25T13:26:30.214116+00:00,1.598,1.5677,1.58285,0.9571342830969451,0.9571342830969451
native,dbs,CHF,SGD,CHF/SGD,1,SGD < 50,amtLessThan50,,,mainCurrencies,2026-08-25 21:15:00,2026-08-25 13:15:13,2026-08-25T13:26:30.214116+00:00,1.5988,1.5669,1.58285,1.0076760274188905,1.0076760274189045
native,dbs,CNH,SGD,CNH/SGD,1,SGD 50 – 200,amtBtw50And200,,,mainCurrencies,2026-08-25 21:15:00,2026-08-25 13:15:13,2026-08-25T13:26:30.214116+00:00,0.1911,0.1867,0.1889,1.1646373742720908,1.1646373742721055
native,dbs,CNH,SGD,CNH/SGD,1,SGD < 50,amtLessThan50,,,mainCurrencies,2026-08-25 21:15:00,2026-08-25 13:15:13,2026-08-25T13:26:30.214116+00:00,0.1918,0.1861,0.18895,1.5083355385022448,1.5083355385022594
native,dbs,CNY,SGD,CNY/SGD,1,SGD 50 – 200,amtBtw50And200,,,otherCurrencies,2026-08-25 21:15:00,2026-08-25 13:15:13,2026-08-25T13:26:30.214116+00:00,0.1889,,,,
native,dbs,CNY,SGD,CNY/SGD,1,SGD < 50,amtLessThan50,,,otherCurrencies,2026-08-25 21:15:00,2026-08-25 13:15:13,2026-08-25T13:26:30.214116+00:00,0.1906,,,,
native,dbs,DKK,SGD,DKK/SGD,1,SGD 50 – 200,amtBtw50And200,,,mainCurrencies,2026-08-25 21:15:00,2026-08-25 13:15:13,2026-08-25T13:26:30.214116+00:00,0.2009,0.1955,0.1982,1.3622603430877942,1.3622603430877802
native,dbs,DKK,SGD,DKK/SGD,1,SGD < 50,amtLessThan50,,,mainCurrencies,2026-08-25 21:15:00,2026-08-25 13:15:13,2026-08-25T13:26:30.214116+00:00,0.2013,0.1951,0.1982,1.5640766902119172,1.564076690211903
native,dbs,EUR,SGD,EUR/SGD,1,SGD 50 – 200,amtBtw50And200,,,mainCurrencies,2026-08-25 21:15:00,2026-08-25 13:15:13,2026-08-25T13:26:30.214116+00:00,1.4947,1.4694,1.48205,0.8535474511656035,0.8535474511656186
native,dbs,EUR,SGD,EUR/SGD,1,SGD < 50,amtLessThan50,,,mainCurrencies,2026-08-25 21:15:00,2026-08-25 13:15:13,2026-08-25T13:26:30.214116+00:00,1.4954,1.4686,1.482,0.9041835357624884,0.9041835357624884
native,dbs,GBP,SGD,GBP/SGD,1,SGD 50 – 200,amtBtw50And200,,,mainCurrencies,2026-08-25 21:15:00,2026-08-25 13:15:13,2026-08-25T13:26:30.214116+00:00,1.7461,1.7199,1.733,0.7559145989613323,0.755914598961345
native,dbs,GBP,SGD,GBP/SGD,1,SGD < 50,amtLessThan50,,,mainCurrencies,2026-08-25 21:15:00,2026-08-25 13:15:13,2026-08-25T13:26:30.214116+00:00,1.7478,1.7181,1.73295,0.8569202804466389,0.8569202804466389
native,dbs,HKD,SGD,HKD/SGD,1,SGD 50 – 200,amtBtw50And200,,,mainCurrencies,2026-08-25 21:15:00,2026-08-25 13:15:13,2026-08-25T13:26:30.214116+00:00,0.1636,0.1603,0.16194999999999998,1.0188329731398658,1.0188329731398487
native,dbs,HKD,SGD,HKD/SGD,1,SGD < 50,amtLessThan50,,,mainCurrencies,2026-08-25 21:15:00,2026-08-25 13:15:13,2026-08-25T13:26:30.214116+00:00,0.1637,0.1602,0.16195,1.080580426057426,1.080580426057426
native,dbs,HUF,SGD,HUF/SGD,100,SGD 50 – 200,amtBtw50And200,,,otherCurrencies,2026-08-25 21:15:00,2026-08-25 13:15:13,2026-08-25T13:26:30.214116+00:00,0.4161,,,,
native,dbs,HUF,SGD,HUF/SGD,100,SGD < 50,amtLessThan50,,,otherCurrencies,2026-08-25 21:15:00,2026-08-25 13:15:13,2026-08-25T13:26:30.214116+00:00,0.4177,,,,
native,dbs,ID0,SGD,ID0/SGD,100,SGD 50 – 200,amtBtw50And200,,,otherCurrencies,2026-08-25 21:15:00,2026-08-25 13:15:13,2026-08-25T13:26:30.214116+00:00,,,,,
native,dbs,ID0,SGD,ID0/SGD,100,SGD < 50,amtLessThan50,,,otherCurrencies,2026-08-25 21:15:00,2026-08-25 13:15:13,2026-08-25T13:26:30.214116+00:00,,0.0071,,,
native,dbs,IDR,SGD,IDR/SGD,100,SGD 50 – 200,amtBtw50And200,,,mainCurrencies,2026-08-25 21:15:00,2026-08-25 13:15:13,2026-08-25T13:26:30.214116+00:00,0.0073,,,,
native,dbs,IDR,SGD,IDR/SGD,100,SGD < 50,amtLessThan50,,,mainCurrencies,2026-08-25 21:15:00,2026-08-25 13:15:13,2026-08-25T13:26:30.214116+00:00,0.0073,,,,
native,dbs,IN0,SGD,IN0/SGD,100,SGD 50 – 200,amtBtw50And200,,,otherCurrencies,2026-08-25 21:15:00,2026-08-25 13:15:13,2026-08-25T13:26:30.214116+00:00,,1.3273,,,
native,dbs,IN0,SGD,IN0/SGD,100,SGD < 50,amtLessThan50,,,otherCurrencies,2026-08-25 21:15:00,2026-08-25 13:15:13,2026-08-25T13:26:30.214116+00:00,,1.3273,,,
native,dbs,INR,SGD,INR/SGD,100,SGD 50 – 200,amtBtw50And200,,,otherCurrencies,2026-08-25 21:15:00,2026-08-25 13:15:13,2026-08-25T13:26:30.214116+00:00,1.3445,,,,
native,dbs,INR,SGD,INR/SGD,100,SGD < 50,amtLessThan50,,,otherCurrencies,2026-08-25 21:15:00,2026-08-25 13:15:13,2026-08-25T13:26:30.214116+00:00,1.3552,,,,
native,dbs,JPY,SGD,JPY/SGD,100,SGD 50 – 200,amtBtw50And200,,,mainCurrencies,2026-08-25 21:15:00,2026-08-25 13:15:13,2026-08-25T13:26:30.214116+00:00,0.8057,0.7896,0.79765,1.0092145677928919,1.0092145677928919
native,dbs,JPY,SGD,JPY/SGD,100,SGD < 50,amtLessThan50,,,mainCurrencies,2026-08-25 21:15:00,2026-08-25 13:15:13,2026-08-25T13:26:30.214116+00:00,0.8065,0.7888,0.79765,1.1095091832257287,1.1095091832257287
native,dbs,KRW,SGD,KRW/SGD,100,SGD 50 – 200,amtBtw50And200,,,otherCurrencies,2026-08-25 21:15:00,2026-08-25 13:15:13,2026-08-25T13:26:30.214116+00:00,0.0929,,,,
native,dbs,KRW,SGD,KRW/SGD,100,SGD < 50,amtLessThan50,,,otherCurrencies,2026-08-25 21:15:00,2026-08-25 13:15:13,2026-08-25T13:26:30.214116+00:00,0.0929,,,,
native,dbs,KWD,SGD,KWD/SGD,100,SGD 50 – 200,amtBtw50And200,,,otherCurrencies,2026-08-25 21:15:00,2026-08-25 13:15:13,2026-08-25T13:26:30.214116+00:00,421.9087,,,,
native,dbs,KWD,SGD,KWD/SGD,100,SGD < 50,amtLessThan50,,,otherCurrencies,2026-08-25 21:15:00,2026-08-25 13:15:13,2026-08-25T13:26:30.214116+00:00,423.5757,,,,
native,dbs,LKR,SGD,LKR/SGD,100,SGD 50 – 200,amtBtw50And200,,,otherCurrencies,2026-08-25 21:15:00,2026-08-25 13:15:13,2026-08-25T13:26:30.214116+00:00,0.394,,,,
native,dbs,LKR,SGD,LKR/SGD,100,SGD < 50,amtLessThan50,,,otherCurrencies,2026-08-25 21:15:00,2026-08-25 13:15:13,2026-08-25T13:26:30.214116+00:00,0.394,,,,
native,dbs,MM1,SGD,MM1/SGD,100,SGD 50 – 200,amtBtw50And200,,,otherCurrencies,2026-08-25 21:15:00,2026-08-25 13:15:13,2026-08-25T13:26:30.214116+00:00,,,,,
native,dbs,MM1,SGD,MM1/SGD,100,SGD < 50,amtLessThan50,,,otherCurrencies,2026-08-25 21:15:00,2026-08-25 13:15:13,2026-08-25T13:26:30.214116+00:00,,,,,
native,dbs,MMK,SGD,MMK/SGD,100,SGD 50 – 200,amtBtw50And200,,,otherCurrencies,2026-08-25 21:15:00,2026-08-25 13:15:13,2026-08-25T13:26:30.214116+00:00,0.0324,,,,
native,dbs,MMK,SGD,MMK/SGD,100,SGD < 50,amtLessThan50,,,otherCurrencies,2026-08-25 21:15:00,2026-08-25 13:15:13,2026-08-25T13:26:30.214116+00:00,0.0324,,,,
native,dbs,MUR,SGD,MUR/SGD,100,SGD 50 – 200,amtBtw50And200,,,otherCurrencies,2026-08-25 21:15:00,2026-08-25 13:15:13,2026-08-25T13:26:30.214116+00:00,2.7327,,,,
native,dbs,MUR,SGD,MUR/SGD,100,SGD < 50,amtLessThan50,,,otherCurrencies,2026-08-25 21:15:00,2026-08-25 13:15:13,2026-08-25T13:26:30.214116+00:00,2.7435,,,,
native,dbs,MXN,SGD,MXN/SGD,100,SGD 50 – 200,amtBtw50And200,,,mainCurrencies,2026-08-25 21:15:00,2026-08-25 13:15:13,2026-08-25T13:26:30.214116+00:00,7.6068,,,,
native,dbs,MXN,SGD,MXN/SGD,100,SGD < 50,amtLessThan50,,,mainCurrencies,2026-08-25 21:15:00,2026-08-25 13:15:13,2026-08-25T13:26:30.214116+00:00,7.6106,,,,
native,dbs,MY0,SGD,MY0/SGD,1,SGD 50 – 200,amtBtw50And200,,,otherCurrencies,2026-08-25 21:15:00,2026-08-25 13:15:13,2026-08-25T13:26:30.214116+00:00,,0.3134,,,
native,dbs,MY0,SGD,MY0/SGD,1,SGD < 50,amtLessThan50,,,otherCurrencies,2026-08-25 21:15:00,2026-08-25 13:15:13,2026-08-25T13:26:30.214116+00:00,,0.3134,,,
native,dbs,MYR,SGD,MYR/SGD,1,SGD 50 – 200,amtBtw50And200,,,otherCurrencies,2026-08-25 21:15:00,2026-08-25 13:15:13,2026-08-25T13:26:30.214116+00:00,0.3179,,,,
native,dbs,MYR,SGD,MYR/SGD,1,SGD < 50,amtLessThan50,,,otherCurrencies,2026-08-25 21:15:00,2026-08-25 13:15:13,2026-08-25T13:26:30.214116+00:00,0.3179,,,,
native,dbs,NOK,SGD,NOK/SGD,1,SGD 50 – 200,amtBtw50And200,,,mainCurrencies,2026-08-25 21:15:00,2026-08-25 13:15:13,2026-08-25T13:26:30.214116+00:00,0.1381,0.1343,0.1362,1.3950073421439155,1.395007342143895
native,dbs,NOK,SGD,NOK/SGD,1,SGD < 50,amtLessThan50,,,mainCurrencies,2026-08-25 21:15:00,2026-08-25 13:15:13,2026-08-25T13:26:30.214116+00:00,0.1385,0.1339,0.1362,1.6886930983847463,1.688693098384726
native,dbs,NZD,SGD,NZD/SGD,1,SGD 50 – 200,amtBtw50And200,,,mainCurrencies,2026-08-25 21:15:00,2026-08-25 13:15:13,2026-08-25T13:26:30.214116+00:00,0.7665,0.7489,0.7577,1.16140952883726,1.1614095288372746
native,dbs,NZD,SGD,NZD/SGD,1,SGD < 50,amtLessThan50,,,mainCurrencies,2026-08-25 21:15:00,2026-08-25 13:15:13,2026-08-25T13:26:30.214116+00:00,0.7672,0.7481,0.7576499999999999,1.2604764733056237,1.2604764733056093
native,dbs,OMR,SGD,OMR/SGD,1,SGD 50 – 200,amtBtw50And200,,,otherCurrencies,2026-08-25 21:15:00,2026-08-25 13:15:13,2026-08-25T13:26:30.214116+00:00,3.3239,,,,
native,dbs,OMR,SGD,OMR/SGD,1,SGD < 50,amtLessThan50,,,otherCurrencies,2026-08-25 21:15:00,2026-08-25 13:15:13,2026-08-25T13:26:30.214116+00:00,3.3239,,,,
native,dbs,PH0,SGD,PH0/SGD,100,SGD 50 – 200,amtBtw50And200,,,otherCurrencies,2026-08-25 21:15:00,2026-08-25 13:15:13,2026-08-25T13:26:30.214116+00:00,,2.0495,,,
native,dbs,PH0,SGD,PH0/SGD,100,SGD < 50,amtLessThan50,,,otherCurrencies,2026-08-25 21:15:00,2026-08-25 13:15:13,2026-08-25T13:26:30.214116+00:00,,2.0495,,,
native,dbs,PHP,SGD,PHP/SGD,100,SGD 50 – 200,amtBtw50And200,,,otherCurrencies,2026-08-25 21:15:00,2026-08-25 13:15:13,2026-08-25T13:26:30.214116+00:00,2.0821,,,,
native,dbs,PHP,SGD,PHP/SGD,100,SGD < 50,amtLessThan50,,,otherCurrencies,2026-08-25 21:15:00,2026-08-25 13:15:13,2026-08-25T13:26:30.214116+00:00,2.0977,,,,
native,dbs,PLN,SGD,PLN/SGD,1,SGD 50 – 200,amtBtw50And200,,,otherCurrencies,2026-08-25 21:15:00,2026-08-25 13:15:13,2026-08-25T13:26:30.214116+00:00,0.3505,,,,
native,dbs,PLN,SGD,PLN/SGD,1,SGD < 50,amtLessThan50,,,otherCurrencies,2026-08-25 21:15:00,2026-08-25 13:15:13,2026-08-25T13:26:30.214116+00:00,0.3519,,,,
native,dbs,QAR,SGD,QAR/SGD,1,SGD 50 – 200,amtBtw50And200,,,otherCurrencies,2026-08-25 21:15:00,2026-08-25 13:15:13,2026-08-25T13:26:30.214116+00:00,0.3561,,,,
native,dbs,QAR,SGD,QAR/SGD,1,SGD < 50,amtLessThan50,,,otherCurrencies,2026-08-25 21:15:00,2026-08-25 13:15:13,2026-08-25T13:26:30.214116+00:00,0.3575,,,,
native,dbs,RUB,SGD,RUB/SGD,100,SGD 50 – 200,amtBtw50And200,,,mainCurrencies,2026-08-25 21:15:00,2026-08-25 13:15:13,2026-08-25T13:26:30.214116+00:00,,,,,
native,dbs,RUB,SGD,RUB/SGD,100,SGD < 50,amtLessThan50,,,mainCurrencies,2026-08-25 21:15:00,2026-08-25 13:15:13,2026-08-25T13:26:30.214116+00:00,,,,,
native,dbs,SAR,SGD,SAR/SGD,100,SGD 50 – 200,amtBtw50And200,,,otherCurrencies,2026-08-25 21:15:00,2026-08-25 13:15:13,2026-08-25T13:26:30.214116+00:00,34.2419,,,,
native,dbs,SAR,SGD,SAR/SGD,100,SGD < 50,amtLessThan50,,,otherCurrencies,2026-08-25 21:15:00,2026-08-25 13:15:13,2026-08-25T13:26:30.214116+00:00,34.2425,,,,
native,dbs,SEK,SGD,SEK/SGD,1,SGD 50 – 200,amtBtw50And200,,,mainCurrencies,2026-08-25 21:15:00,2026-08-25 13:15:13,2026-08-25T13:26:30.214116+00:00,0.1359,0.1323,0.1341,1.3422818791946278,1.3422818791946278
native,dbs,SEK,SGD,SEK/SGD,1,SGD < 50,amtLessThan50,,,mainCurrencies,2026-08-25 21:15:00,2026-08-25 13:15:13,2026-08-25T13:26:30.214116+00:00,0.1365,0.1318,0.13415,1.7517704062616615,1.7517704062616408
native,dbs,THB,SGD,THB/SGD,100,SGD 50 – 200,amtBtw50And200,,,mainCurrencies,2026-08-25 21:15:00,2026-08-25 13:15:13,2026-08-25T13:26:30.214116+00:00,3.9352,3.8238,3.8795,1.4357520299007567,1.4357520299007682
native,dbs,THB,SGD,THB/SGD,100,SGD < 50,amtLessThan50,,,mainCurrencies,2026-08-25 21:15:00,2026-08-25 13:15:13,2026-08-25T13:26:30.214116+00:00,3.9395,3.8196,3.87955,1.5452823136703928,1.5452823136704044
native,dbs,TND,SGD,TND/SGD,1,SGD 50 – 200,amtBtw50And200,,,otherCurrencies,2026-08-25 21:15:00,2026-08-25 13:15:13,2026-08-25T13:26:30.214116+00:00,0.444,,,,
native,dbs,TND,SGD,TND/SGD,1,SGD < 50,amtLessThan50,,,otherCurrencies,2026-08-25 21:15:00,2026-08-25 13:15:13,2026-08-25T13:26:30.214116+00:00,0.444,,,,
native,dbs,TWD,SGD,TWD/SGD,100,SGD 50 – 200,amtBtw50And200,,,otherCurrencies,2026-08-25 21:15:00,2026-08-25 13:15:13,2026-08-25T13:26:30.214116+00:00,4.0324,,,,
native,dbs,TWD,SGD,TWD/SGD,100,SGD < 50,amtLessThan50,,,otherCurrencies,2026-08-25 21:15:00,2026-08-25 13:15:13,2026-08-25T13:26:30.214116+00:00,4.0364,,,,
native,dbs,USD,SGD,USD/SGD,1,SGD 50 – 200,amtBtw50And200,,,mainCurrencies,2026-08-25 21:15:00,2026-08-25 13:15:13,2026-08-25T13:26:30.214116+00:00,1.2791,1.2605,1.2698,0.7323988029610855,0.7323988029611029
native,dbs,USD,SGD,USD/SGD,1,SGD < 50,amtLessThan50,,,mainCurrencies,2026-08-25 21:15:00,2026-08-25 13:15:13,2026-08-25T13:26:30.214116+00:00,1.28,1.2596,1.2698,0.8032761064734594,0.8032761064734594
native,dbs,VND,SGD,VND/SGD,100,SGD 50 – 200,amtBtw50And200,,,otherCurrencies,2026-08-25 21:15:00,2026-08-25 13:15:13,2026-08-25T13:26:30.214116+00:00,0.005,,,,
native,dbs,VND,SGD,VND/SGD,100,SGD < 50,amtLessThan50,,,otherCurrencies,2026-08-25 21:15:00,2026-08-25 13:15:13,2026-08-25T13:26:30.214116+00:00,0.005,,,,
native,dbs,XAU,SGD,XAU/SGD,1,SGD 50 – 200,amtBtw50And200,,,otherCurrencies,2026-08-25 21:15:00,2026-08-25 13:15:13,2026-08-25T13:26:30.214116+00:00,5904.792,5833.525,5869.1585,0.6071313289631014,0.6071313289630859
native,dbs,XAU,SGD,XAU/SGD,1,SGD < 50,amtLessThan50,,,otherCurrencies,2026-08-25 21:15:00,2026-08-25 13:15:13,2026-08-25T13:26:30.214116+00:00,5904.737,5833.214,5868.9755000000005,0.6093312197333182,0.6093312197333337
native,dbs,ZAR,SGD,ZAR/SGD,1,SGD 50 – 200,amtBtw50And200,,,otherCurrencies,2026-08-25 21:15:00,2026-08-25 13:15:13,2026-08-25T13:26:30.214116+00:00,0.0805,0.0786,0.07955000000000001,1.194217473287231,1.1942174732872486
native,dbs,ZAR,SGD,ZAR/SGD,1,SGD < 50,amtLessThan50,,,otherCurrencies,2026-08-25 21:15:00,2026-08-25 13:15:13,2026-08-25T13:26:30.214116+00:00,0.0809,0.0783,0.0796,1.633165829145723,1.6331658291457405
native,hsbc,AED,SGD,AED/SGD,100,Indicative board,board,,,indicative_fx,2026-8-25,2026-8-25,2026-08-25T13:26:34.138465+00:00,35.7,33.45,34.575,3.2537960954446854,3.2537960954446854
native,hsbc,AUD,SGD,AUD/SGD,1,Indicative board,board,,,indicative_fx,2026-8-25,2026-8-25,2026-08-25T13:26:34.138465+00:00,0.9361,0.8814,0.90875,3.009628610729034,3.0096286107290218
native,hsbc,CAD,SGD,CAD/SGD,1,Indicative board,board,,,indicative_fx,2026-8-25,2026-8-25,2026-08-25T13:26:34.138465+00:00,0.9449,0.8897,0.9173,3.0088302627275656,3.0088302627275656
native,hsbc,CHF,SGD,CHF/SGD,100,Indicative board,board,,,indicative_fx,2026-8-25,2026-8-25,2026-08-25T13:26:34.138465+00:00,163.04,153.51,158.27499999999998,3.010582846311809,3.010582846311791
native,hsbc,CNY,SGD,CNY/SGD,100,Indicative board,board,,,indicative_fx,2026-8-25,2026-8-25,2026-08-25T13:26:34.138465+00:00,19.51,18.28,18.895000000000003,3.2548293199258977,3.2548293199259164
native,hsbc,DKK,SGD,DKK/SGD,100,Indicative board,board,,,indicative_fx,2026-8-25,2026-8-25,2026-08-25T13:26:34.138465+00:00,20.42,19.23,19.825000000000003,3.001261034047913,3.001261034047931
native,hsbc,EUR,SGD,EUR/SGD,1,Indicative board,board,,,indicative_fx,2026-8-25,2026-8-25,2026-08-25T13:26:34.138465+00:00,1.5264,1.4373,1.4818500000000001,3.006377163680525,3.0063771636805403
native,hsbc,FJD,SGD,FJD/SGD,1,Indicative board,board,,,indicative_fx,2026-8-25,2026-8-25,2026-08-25T13:26:34.138465+00:00,0.6048,,,,
native,hsbc,GBP,SGD,GBP/SGD,1,Indicative board,board,,,indicative_fx,2026-8-25,2026-8-25,2026-08-25T13:26:34.138465+00:00,1.7841,1.6799,1.732,3.0080831408776003,3.0080831408776003
native,hsbc,HKD,SGD,HKD/SGD,100,Indicative board,board,,,indicative_fx,2026-8-25,2026-8-25,2026-08-25T13:26:34.138465+00:00,16.41,16.0,16.205,1.2650416538105638,1.2650416538105418
native,hsbc,IDR,SGD,IDR/SGD,100,Indicative board,board,,,indicative_fx,2026-8-25,2026-8-25,2026-08-25T13:26:34.138465+00:00,0.0074,,,,
native,hsbc,INR,SGD,INR/SGD,100,Indicative board,board,,,indicative_fx,2026-8-25,2026-8-25,2026-08-25T13:26:34.138465+00:00,1.37,,,,
native,hsbc,JPY,SGD,JPY/SGD,100,Indicative board,board,,,indicative_fx,2026-8-25,2026-8-25,2026-08-25T13:26:34.138465+00:00,0.822,0.774,0.798,3.00751879699247,3.0075187969924837
native,hsbc,LKR,SGD,LKR/SGD,100,Indicative board,board,,,indicative_fx,2026-8-25,2026-8-25,2026-08-25T13:26:34.138465+00:00,0.4,,,,
native,hsbc,MUR,SGD,MUR/SGD,100,Indicative board,board,,,indicative_fx,2026-8-25,2026-8-25,2026-08-25T13:26:34.138465+00:00,2.82,2.62,2.7199999999999998,3.676470588235298,3.676470588235281
native,hsbc,NOK,SGD,NOK/SGD,100,Indicative board,board,,,indicative_fx,2026-8-25,2026-8-25,2026-08-25T13:26:34.138465+00:00,14.06,13.23,13.645,3.0414071088310806,3.0414071088310677
native,hsbc,NZD,SGD,NZD/SGD,1,Indicative board,board,,,indicative_fx,2026-8-25,2026-8-25,2026-08-25T13:26:34.138465+00:00,0.7804,0.7347,0.75755,3.016302554286851,3.016302554286836
native,hsbc,PHP,SGD,PHP/SGD,100,Indicative board,board,,,indicative_fx,2026-8-25,2026-8-25,2026-08-25T13:26:34.138465+00:00,2.13,,,,
native,hsbc,PKR,SGD,PKR/SGD,100,Indicative board,board,,,indicative_fx,2026-8-25,2026-8-25,2026-08-25T13:26:34.138465+00:00,0.47,,,,
native,hsbc,QAR,SGD,QAR/SGD,100,Indicative board,board,,,indicative_fx,2026-8-25,2026-8-25,2026-08-25T13:26:34.138465+00:00,35.27,34.4,34.835,1.2487440792306654,1.2487440792306654
native,hsbc,RUB,SGD,RUB/SGD,100,Indicative board,board,,,indicative_fx,2026-8-25,2026-8-25,2026-08-25T13:26:34.138465+00:00,15.79,14.5,15.145,4.2588312974579035,4.2588312974579035
native,hsbc,SAR,SGD,SAR/SGD,100,Indicative board,board,,,indicative_fx,2026-8-25,2026-8-25,2026-08-25T13:26:34.138465+00:00,34.25,33.4,33.825,1.2564671101256382,1.2564671101256593
native,hsbc,SEK,SGD,SEK/SGD,100,Indicative board,board,,,indicative_fx,2026-8-25,2026-8-25,2026-08-25T13:26:34.138465+00:00,13.79,12.98,13.385,3.0257751214045525,3.0257751214045525
native,hsbc,THB,SGD,THB/SGD,100,Indicative board,board,,,indicative_fx,2026-8-25,2026-8-25,2026-08-25T13:26:34.138465+00:00,4.01,,,,
native,hsbc,TRY,SGD,TRY/SGD,1,Indicative board,board,,,indicative_fx,2026-8-25,2026-8-25,2026-08-25T13:26:34.138465+00:00,0.0273,,,,
native,hsbc,USD,SGD,USD/SGD,1,Indicative board,board,,,indicative_fx,2026-8-25,2026-8-25,2026-08-25T13:26:34.138465+00:00,1.2953,1.2444,1.26985,2.004173721305664,2.004173721305664
native,hsbc,ZAR,SGD,ZAR/SGD,1,Indicative board,board,,,indicative_fx,2026-8-25,2026-8-25,2026-08-25T13:26:34.138465+00:00,0.0819,0.0767,0.07930000000000001,3.2786885245901525,3.27868852459017
native,ocbc,AED,SGD,AED/SGD,100,"SGD 0 – 39,999.99",tier_1,,,fxRatesSgd,2026-08-25T07:00:15,2026-08-25T07:00:15,2026-08-25T13:26:31.837578+00:00,35.4813,33.4743,34.4778,2.910568539756003,2.910568539756024
native,ocbc,AED,SGD,AED/SGD,100,"SGD 40,000 – 100,000",tier_2,,,fxRatesSgd,2026-08-25T07:00:15,2026-08-25T07:00:15,2026-08-25T13:26:31.837578+00:00,35.4709,33.4914,34.4778,2.8804042021242604,2.860971407688435
native,ocbc,AUD,SGD,AUD/SGD,1,"SGD 0 – 39,999.99",tier_1,,,fxRatesSgd,2026-08-25T07:00:15,2026-08-25T07:00:15,2026-08-25T13:26:31.837578+00:00,0.9252,0.8959,0.9106,1.6033384581594619,1.6143202284208145
native,ocbc,AUD,SGD,AUD/SGD,1,"SGD 40,000 – 100,000",tier_2,,,fxRatesSgd,2026-08-25T07:00:15,2026-08-25T07:00:15,2026-08-25T13:26:31.837578+00:00,0.9234,0.8977,0.9106,1.4056665934548687,1.4166483637162215
native,ocbc,BGN,SGD,BGN/SGD,100,"SGD 0 – 39,999.99",tier_1,,,fxRatesSgd,2026-08-25T07:00:15,2026-08-25T07:00:15,2026-08-25T13:26:31.837578+00:00,0.0,0.0,0.0,,
native,ocbc,BGN,SGD,BGN/SGD,100,"SGD 40,000 – 100,000",tier_2,,,fxRatesSgd,2026-08-25T07:00:15,2026-08-25T07:00:15,2026-08-25T13:26:31.837578+00:00,0.0,0.0,0.0,,
native,ocbc,BHD,SGD,BHD/SGD,1,"SGD 0 – 39,999.99",tier_1,,,fxRatesSgd,2026-08-25T07:00:15,2026-08-25T07:00:15,2026-08-25T13:26:31.837578+00:00,0.0,0.0,0.0,,
native,ocbc,BHD,SGD,BHD/SGD,1,"SGD 40,000 – 100,000",tier_2,,,fxRatesSgd,2026-08-25T07:00:15,2026-08-25T07:00:15,2026-08-25T13:26:31.837578+00:00,0.0,0.0,0.0,,
native,ocbc,CAD,SGD,CAD/SGD,1,"SGD 0 – 39,999.99",tier_1,,,fxRatesSgd,2026-08-25T07:00:15,2026-08-25T07:00:15,2026-08-25T13:26:31.837578+00:00,0.9333,0.9001,0.9167,1.8108432420639315,1.8108432420639193
native,ocbc,CAD,SGD,CAD/SGD,1,"SGD 40,000 – 100,000",tier_2,,,fxRatesSgd,2026-08-25T07:00:15,2026-08-25T07:00:15,2026-08-25T13:26:31.837578+00:00,0.9314,0.9019,0.9167,1.6035780517072158,1.6144867459365033
native,ocbc,CHF,SGD,CHF/SGD,100,"SGD 0 – 39,999.99",tier_1,,,fxRatesSgd,2026-08-25T07:00:15,2026-08-25T07:00:15,2026-08-25T13:26:31.837578+00:00,161.1188,155.3856,158.2522,1.8114124163834726,1.8114124163834546
native,ocbc,CHF,SGD,CHF/SGD,100,"SGD 40,000 – 100,000",tier_2,,,fxRatesSgd,2026-08-25T07:00:15,2026-08-25T07:00:15,2026-08-25T13:26:31.837578+00:00,160.8022,155.7021,158.2522,1.611352006480802,1.6114151967555501
native,ocbc,CNH,SGD,CNH/SGD,100,"SGD 0 – 39,999.99",tier_1,,,fxRatesSgd,2026-08-25T07:00:15,2026-08-25T07:00:15,2026-08-25T13:26:31.837578+00:00,19.2462,18.6771,18.9617,1.5003928972613283,1.5009202761355842
native,ocbc,CNH,SGD,CNH/SGD,100,"SGD 40,000 – 100,000",tier_2,,,fxRatesSgd,2026-08-25T07:00:15,2026-08-25T07:00:15,2026-08-25T13:26:31.837578+00:00,19.2273,18.696,18.9617,1.4007182900267336,1.4012456689009896
native,ocbc,CZK,SGD,CZK/SGD,100,"SGD 0 – 39,999.99",tier_1,,,fxRatesSgd,2026-08-25T07:00:15,2026-08-25T07:00:15,2026-08-25T13:26:31.837578+00:00,0.0,0.0,0.0,,
native,ocbc,CZK,SGD,CZK/SGD,100,"SGD 40,000 – 100,000",tier_2,,,fxRatesSgd,2026-08-25T07:00:15,2026-08-25T07:00:15,2026-08-25T13:26:31.837578+00:00,0.0,0.0,0.0,,
native,ocbc,DKK,SGD,DKK/SGD,100,"SGD 0 – 39,999.99",tier_1,,,fxRatesSgd,2026-08-25T07:00:15,2026-08-25T07:00:15,2026-08-25T13:26:31.837578+00:00,20.1777,19.4616,19.8197,1.8062836470784147,1.806788195583184
native,ocbc,DKK,SGD,DKK/SGD,100,"SGD 40,000 – 100,000",tier_2,,,fxRatesSgd,2026-08-25T07:00:15,2026-08-25T07:00:15,2026-08-25T13:26:31.837578+00:00,20.1381,19.5013,19.8197,1.6064824391892936,1.6064824391892936
native,ocbc,EUR,SGD,EUR/SGD,1,"SGD 0 – 39,999.99",tier_1,,,fxRatesSgd,2026-08-25T07:00:15,2026-08-25T07:00:15,2026-08-25T13:26:31.837578+00:00,1.4984,1.4615,1.48,1.2432432432432412,1.2499999999999973
native,ocbc,EUR,SGD,EUR/SGD,1,"SGD 40,000 – 100,000",tier_2,,,fxRatesSgd,2026-08-25T07:00:15,2026-08-25T07:00:15,2026-08-25T13:26:31.837578+00:00,1.4966,1.4634,1.48,1.1216216216216182,1.1216216216216182
native,ocbc,GBP,SGD,GBP/SGD,1,"SGD 0 – 39,999.99",tier_1,,,fxRatesSgd,2026-08-25T07:00:15,2026-08-25T07:00:15,2026-08-25T13:26:31.837578+00:00,1.7546,1.7081,1.7314,1.3399561048862128,1.3457317777521138
native,ocbc,GBP,SGD,GBP/SGD,1,"SGD 40,000 – 100,000",tier_2,,,fxRatesSgd,2026-08-25T07:00:15,2026-08-25T07:00:15,2026-08-25T13:26:31.837578+00:00,1.7529,1.7102,1.7314,1.2417696661660997,1.2244426475684478
native,ocbc,HKD,SGD,HKD/SGD,100,"SGD 0 – 39,999.99",tier_1,,,fxRatesSgd,2026-08-25T07:00:15,2026-08-25T07:00:15,2026-08-25T13:26:31.837578+00:00,16.4165,16.0195,16.218,1.2239486989764412,1.2239486989764412
native,ocbc,HKD,SGD,HKD/SGD,100,"SGD 40,000 – 100,000",tier_2,,,fxRatesSgd,2026-08-25T07:00:15,2026-08-25T07:00:15,2026-08-25T13:26:31.837578+00:00,16.3873,16.0292,16.218,1.0439018374645443,1.1641386114194137
native,ocbc,HUF,SGD,HUF/SGD,100,"SGD 0 – 39,999.99",tier_1,,,fxRatesSgd,2026-08-25T07:00:15,2026-08-25T07:00:15,2026-08-25T13:26:31.837578+00:00,0.0,0.0,0.0,,
native,ocbc,HUF,SGD,HUF/SGD,100,"SGD 40,000 – 100,000",tier_2,,,fxRatesSgd,2026-08-25T07:00:15,2026-08-25T07:00:15,2026-08-25T13:26:31.837578+00:00,0.0,0.0,0.0,,
native,ocbc,IDR,SGD,IDR/SGD,100,"SGD 0 – 39,999.99",tier_1,,,fxRatesSgd,2026-08-25T07:00:15,2026-08-25T07:00:15,2026-08-25T13:26:31.837578+00:00,0.0074,0.0,0.0074,0.0,100.0
native,ocbc,IDR,SGD,IDR/SGD,100,"SGD 40,000 – 100,000",tier_2,,,fxRatesSgd,2026-08-25T07:00:15,2026-08-25T07:00:15,2026-08-25T13:26:31.837578+00:00,0.0074,0.0,0.0074,0.0,100.0
native,ocbc,ILS,SGD,ILS/SGD,100,"SGD 0 – 39,999.99",tier_1,,,fxRatesSgd,2026-08-25T07:00:15,2026-08-25T07:00:15,2026-08-25T13:26:31.837578+00:00,0.0,0.0,0.0,,
native,ocbc,ILS,SGD,ILS/SGD,100,"SGD 40,000 – 100,000",tier_2,,,fxRatesSgd,2026-08-25T07:00:15,2026-08-25T07:00:15,2026-08-25T13:26:31.837578+00:00,0.0,0.0,0.0,,
native,ocbc,INR,SGD,INR/SGD,100,"SGD 0 – 39,999.99",tier_1,,,fxRatesSgd,2026-08-25T07:00:15,2026-08-25T07:00:15,2026-08-25T13:26:31.837578+00:00,1.3668,0.0,1.3668,0.0,100.0
native,ocbc,INR,SGD,INR/SGD,100,"SGD 40,000 – 100,000",tier_2,,,fxRatesSgd,2026-08-25T07:00:15,2026-08-25T07:00:15,2026-08-25T13:26:31.837578+00:00,1.3641,0.0,1.3668,-0.19754170324845807,100.0
native,ocbc,JOD,SGD,JOD/SGD,1,"SGD 0 – 39,999.99",tier_1,,,fxRatesSgd,2026-08-25T07:00:15,2026-08-25T07:00:15,2026-08-25T13:26:31.837578+00:00,0.0,0.0,0.0,,
native,ocbc,JOD,SGD,JOD/SGD,1,"SGD 40,000 – 100,000",tier_2,,,fxRatesSgd,2026-08-25T07:00:15,2026-08-25T07:00:15,2026-08-25T13:26:31.837578+00:00,0.0,0.0,0.0,,
native,ocbc,JPY,SGD,JPY/SGD,100,"SGD 0 – 39,999.99",tier_1,,,fxRatesSgd,2026-08-25T07:00:15,2026-08-25T07:00:15,2026-08-25T13:26:31.837578+00:00,0.808,0.7881,0.7981,1.2404460593910562,1.252975817566722
native,ocbc,JPY,SGD,JPY/SGD,100,"SGD 40,000 – 100,000",tier_2,,,fxRatesSgd,2026-08-25T07:00:15,2026-08-25T07:00:15,2026-08-25T13:26:31.837578+00:00,0.8072,0.7895,0.7981,1.1402079939857157,1.0775592031073864
native,ocbc,KRW,SGD,KRW/SGD,100,"SGD 0 – 39,999.99",tier_1,,,fxRatesSgd,2026-08-25T07:00:15,2026-08-25T07:00:15,2026-08-25T13:26:31.837578+00:00,0.0,0.0,0.0,,
native,ocbc,KRW,SGD,KRW/SGD,100,"SGD 40,000 – 100,000",tier_2,,,fxRatesSgd,2026-08-25T07:00:15,2026-08-25T07:00:15,2026-08-25T13:26:31.837578+00:00,0.0,0.0,0.0,,
native,ocbc,LKR,SGD,LKR/SGD,100,"SGD 0 – 39,999.99",tier_1,,,fxRatesSgd,2026-08-25T07:00:15,2026-08-25T07:00:15,2026-08-25T13:26:31.837578+00:00,0.3981,0.0,0.3981,0.0,100.0
native,ocbc,LKR,SGD,LKR/SGD,100,"SGD 40,000 – 100,000",tier_2,,,fxRatesSgd,2026-08-25T07:00:15,2026-08-25T07:00:15,2026-08-25T13:26:31.837578+00:00,0.3973,0.0,0.3981,-0.20095453403667995,100.0
native,ocbc,MAD,SGD,MAD/SGD,100,"SGD 0 – 39,999.99",tier_1,,,fxRatesSgd,2026-08-25T07:00:15,2026-08-25T07:00:15,2026-08-25T13:26:31.837578+00:00,0.0,0.0,0.0,,
native,ocbc,MAD,SGD,MAD/SGD,100,"SGD 40,000 – 100,000",tier_2,,,fxRatesSgd,2026-08-25T07:00:15,2026-08-25T07:00:15,2026-08-25T13:26:31.837578+00:00,0.0,0.0,0.0,,
native,ocbc,MXN,SGD,MXN/SGD,100,"SGD 0 – 39,999.99",tier_1,,,fxRatesSgd,2026-08-25T07:00:15,2026-08-25T07:00:15,2026-08-25T13:26:31.837578+00:00,7.7472,0.0,7.7472,0.0,100.0
native,ocbc,MXN,SGD,MXN/SGD,100,"SGD 40,000 – 100,000",tier_2,,,fxRatesSgd,2026-08-25T07:00:15,2026-08-25T07:00:15,2026-08-25T13:26:31.837578+00:00,7.7457,0.0,7.7472,-0.019361833952912754,100.0
native,ocbc,MYR,SGD,MYR/SGD,100,"SGD 0 – 39,999.99",tier_1,,,fxRatesSgd,2026-08-25T07:00:15,2026-08-25T07:00:15,2026-08-25T13:26:31.837578+00:00,0.0,0.0,0.0,,
native,ocbc,MYR,SGD,MYR/SGD,100,"SGD 40,000 – 100,000",tier_2,,,fxRatesSgd,2026-08-25T07:00:15,2026-08-25T07:00:15,2026-08-25T13:26:31.837578+00:00,0.0,0.0,0.0,,
native,ocbc,NOK,SGD,NOK/SGD,100,"SGD 0 – 39,999.99",tier_1,,,fxRatesSgd,2026-08-25T07:00:15,2026-08-25T07:00:15,2026-08-25T13:26:31.837578+00:00,13.8723,13.3774,13.6249,1.8157931434359076,1.8165270937768387
native,ocbc,NOK,SGD,NOK/SGD,100,"SGD 40,000 – 100,000",tier_2,,,fxRatesSgd,2026-08-25T07:00:15,2026-08-25T07:00:15,2026-08-25T13:26:31.837578+00:00,13.8451,13.4046,13.6249,1.6161586507056944,1.616892601046613
native,ocbc,NZD,SGD,NZD/SGD,1,"SGD 0 – 39,999.99",tier_1,,,fxRatesSgd,2026-08-25T07:00:15,2026-08-25T07:00:15,2026-08-25T13:26:31.837578+00:00,0.7731,0.7468,0.76,1.7236842105263157,1.7368421052631564
native,ocbc,NZD,SGD,NZD/SGD,1,"SGD 40,000 – 100,000",tier_2,,,fxRatesSgd,2026-08-25T07:00:15,2026-08-25T07:00:15,2026-08-25T13:26:31.837578+00:00,0.7712,0.749,0.76,1.4736842105263142,1.4473684210526327
native,ocbc,OMR,SGD,OMR/SGD,1,"SGD 0 – 39,999.99",tier_1,,,fxRatesSgd,2026-08-25T07:00:15,2026-08-25T07:00:15,2026-08-25T13:26:31.837578+00:00,0.0,0.0,0.0,,
native,ocbc,OMR,SGD,OMR/SGD,1,"SGD 40,000 – 100,000",tier_2,,,fxRatesSgd,2026-08-25T07:00:15,2026-08-25T07:00:15,2026-08-25T13:26:31.837578+00:00,0.0,0.0,0.0,,
native,ocbc,PHP,SGD,PHP/SGD,100,"SGD 0 – 39,999.99",tier_1,,,fxRatesSgd,2026-08-25T07:00:15,2026-08-25T07:00:15,2026-08-25T13:26:31.837578+00:00,2.1209,0.0,2.1209,0.0,100.0
native,ocbc,PHP,SGD,PHP/SGD,100,"SGD 40,000 – 100,000",tier_2,,,fxRatesSgd,2026-08-25T07:00:15,2026-08-25T07:00:15,2026-08-25T13:26:31.837578+00:00,2.1199,0.0,2.1209,-0.047149794898387005,100.0
native,ocbc,PLN,SGD,PLN/SGD,100,"SGD 0 – 39,999.99",tier_1,,,fxRatesSgd,2026-08-25T07:00:15,2026-08-25T07:00:15,2026-08-25T13:26:31.837578+00:00,35.4504,33.2338,34.3421,3.227234211070377,3.227234211070377
native,ocbc,PLN,SGD,PLN/SGD,100,"SGD 40,000 – 100,000",tier_2,,,fxRatesSgd,2026-08-25T07:00:15,2026-08-25T07:00:15,2026-08-25T13:26:31.837578+00:00,35.4329,33.2609,34.3421,3.176276348854597,3.148322321581972
native,ocbc,QAR,SGD,QAR/SGD,100,"SGD 0 – 39,999.99",tier_1,,,fxRatesSgd,2026-08-25T07:00:15,2026-08-25T07:00:15,2026-08-25T13:26:31.837578+00:00,35.85,33.8006,34.8253,2.9424010704861203,2.9424010704861
native,ocbc,QAR,SGD,QAR/SGD,100,"SGD 40,000 – 100,000",tier_2,,,fxRatesSgd,2026-08-25T07:00:15,2026-08-25T07:00:15,2026-08-25T13:26:31.837578+00:00,35.8288,33.8177,34.8253,2.881525787286836,2.8932988373395108
native,ocbc,RON,SGD,RON/SGD,100,"SGD 0 – 39,999.99",tier_1,,,fxRatesSgd,2026-08-25T07:00:15,2026-08-25T07:00:15,2026-08-25T13:26:31.837578+00:00,0.0,0.0,0.0,,
native,ocbc,RON,SGD,RON/SGD,100,"SGD 40,000 – 100,000",tier_2,,,fxRatesSgd,2026-08-25T07:00:15,2026-08-25T07:00:15,2026-08-25T13:26:31.837578+00:00,0.0,0.0,0.0,,
native,ocbc,RUB,SGD,RUB/SGD,100,"SGD 0 – 39,999.99",tier_1,,,fxRatesSgd,2026-08-25T07:00:15,2026-08-25T07:00:15,2026-08-25T13:26:31.837578+00:00,0.0,0.0,0.0,,
native,ocbc,RUB,SGD,RUB/SGD,100,"SGD 40,000 – 100,000",tier_2,,,fxRatesSgd,2026-08-25T07:00:15,2026-08-25T07:00:15,2026-08-25T13:26:31.837578+00:00,0.0,0.0,0.0,,
native,ocbc,SAR,SGD,SAR/SGD,100,"SGD 0 – 39,999.99",tier_1,,,fxRatesSgd,2026-08-25T07:00:15,2026-08-25T07:00:15,2026-08-25T13:26:31.837578+00:00,34.7825,32.867,33.8248,2.831354509117557,2.83165015018568
native,ocbc,SAR,SGD,SAR/SGD,100,"SGD 40,000 – 100,000",tier_2,,,fxRatesSgd,2026-08-25T07:00:15,2026-08-25T07:00:15,2026-08-25T13:26:31.837578+00:00,34.7653,32.8837,33.8248,2.7805042454057376,2.782278091814307
native,ocbc,SEK,SGD,SEK/SGD,100,"SGD 0 – 39,999.99",tier_1,,,fxRatesSgd,2026-08-25T07:00:15,2026-08-25T07:00:15,2026-08-25T13:26:31.837578+00:00,13.6258,13.1407,13.3833,1.811959681095094,1.8127068809635851
native,ocbc,SEK,SGD,SEK/SGD,100,"SGD 40,000 – 100,000",tier_2,,,fxRatesSgd,2026-08-25T07:00:15,2026-08-25T07:00:15,2026-08-25T13:26:31.837578+00:00,13.599,13.1675,13.3833,1.6117101163390195,1.6124573162075106
native,ocbc,THB,SGD,THB/SGD,100,"SGD 0 – 39,999.99",tier_1,,,fxRatesSgd,2026-08-25T07:00:15,2026-08-25T07:00:15,2026-08-25T13:26:31.837578+00:00,3.9905,3.7716,3.8811,2.818788487799849,2.8213650769111887
native,ocbc,THB,SGD,THB/SGD,100,"SGD 40,000 – 100,000",tier_2,,,fxRatesSgd,2026-08-25T07:00:15,2026-08-25T07:00:15,2026-08-25T13:26:31.837578+00:00,3.9827,3.7793,3.8811,2.617814537115764,2.622967715338432
native,ocbc,TRY,SGD,TRY/SGD,100,"SGD 0 – 39,999.99",tier_1,,,fxRatesSgd,2026-08-25T07:00:15,2026-08-25T07:00:15,2026-08-25T13:26:31.837578+00:00,2.7128,2.6006,2.6567,2.1116422629578144,2.111642262957798
native,ocbc,TRY,SGD,TRY/SGD,100,"SGD 40,000 – 100,000",tier_2,,,fxRatesSgd,2026-08-25T07:00:15,2026-08-25T07:00:15,2026-08-25T13:26:31.837578+00:00,2.7114,2.6009,2.6567,2.0589453080889815,2.1003500583430434
native,ocbc,TWD,SGD,TWD/SGD,100,"SGD 0 – 39,999.99",tier_1,,,fxRatesSgd,2026-08-25T07:00:15,2026-08-25T07:00:15,2026-08-25T13:26:31.837578+00:00,4.1361,0.0,4.1361,0.0,100.0
native,ocbc,TWD,SGD,TWD/SGD,100,"SGD 40,000 – 100,000",tier_2,,,fxRatesSgd,2026-08-25T07:00:15,2026-08-25T07:00:15,2026-08-25T13:26:31.837578+00:00,0.0,0.0,4.1361,-100.0,100.0
native,ocbc,USD,SGD,USD/SGD,1,"SGD 0 – 39,999.99",tier_1,,,fxRatesSgd,2026-08-25T07:00:15,2026-08-25T07:00:15,2026-08-25T13:26:31.837578+00:00,1.2825,1.2596,1.2711,0.8968609865470912,0.9047281881834509
native,ocbc,USD,SGD,USD/SGD,1,"SGD 40,000 – 100,000",tier_2,,,fxRatesSgd,2026-08-25T07:00:15,2026-08-25T07:00:15,2026-08-25T13:26:31.837578+00:00,1.2813,1.2606,1.2711,0.8024545669105664,0.8260561718196802
native,ocbc,ZAR,SGD,ZAR/SGD,100,"SGD 0 – 39,999.99",tier_1,,,fxRatesSgd,2026-08-25T07:00:15,2026-08-25T07:00:15,2026-08-25T13:26:31.837578+00:00,8.1839,7.7027,7.9433,3.0289678093487553,3.0289678093487553
native,ocbc,ZAR,SGD,ZAR/SGD,100,"SGD 40,000 – 100,000",tier_2,,,fxRatesSgd,2026-08-25T07:00:15,2026-08-25T07:00:15,2026-08-25T13:26:31.837578+00:00,8.1799,7.7067,7.9433,2.9786109047876845,2.9786109047876845
native,uob,AED,SGD,AED/SGD,100,Indicative board,board,,,forex_sgd,25 August 2026 05:30:51 PM,25 August 2026 05:30:51 PM,2026-08-25T13:26:33.702406+00:00,35.44,33.74,34.59,2.4573576178085985,2.457357617808619
native,uob,AOA,SGD,AOA/SGD,100,Indicative board,board,,,forex_sgd,25 August 2026 05:30:51 PM,25 August 2026 05:30:51 PM,2026-08-25T13:26:33.702406+00:00,0.1429,,,,
native,uob,AUD,SGD,AUD/SGD,1,Indicative board,board,,,forex_sgd,25 August 2026 05:30:51 PM,25 August 2026 05:30:51 PM,2026-08-25T13:26:33.702406+00:00,0.9242,0.8932,0.9087000000000001,1.705733465390113,1.7057334653901253
native,uob,BDT,SGD,BDT/SGD,100,Indicative board,board,,,forex_sgd,25 August 2026 05:30:51 PM,25 August 2026 05:30:51 PM,2026-08-25T13:26:33.702406+00:00,1.0652,,,,
native,uob,BND,SGD,BND/SGD,1,Indicative board,board,,,forex_sgd,25 August 2026 05:30:51 PM,25 August 2026 05:30:51 PM,2026-08-25T13:26:33.702406+00:00,1.0,1.0,1.0,0.0,0.0
native,uob,CAD,SGD,CAD/SGD,1,Indicative board,board,,,forex_sgd,25 August 2026 05:30:51 PM,25 August 2026 05:30:51 PM,2026-08-25T13:26:33.702406+00:00,0.9271,0.9071,0.9171,1.0903936321011896,1.0903936321011896
native,uob,CHF,SGD,CHF/SGD,100,Indicative board,board,,,forex_sgd,25 August 2026 05:30:51 PM,25 August 2026 05:30:51 PM,2026-08-25T13:26:33.702406+00:00,160.01,156.71,158.36,1.0419297802475227,1.041929780247541
native,uob,CNH,SGD,CNH/SGD,100,Indicative board,board,,,forex_sgd,25 August 2026 05:30:51 PM,25 August 2026 05:30:51 PM,2026-08-25T13:26:33.702406+00:00,19.13,18.67,18.9,1.2169312169312192,1.2169312169312005
native,uob,DKK,SGD,DKK/SGD,100,Indicative board,board,,,forex_sgd,25 August 2026 05:30:51 PM,25 August 2026 05:30:51 PM,2026-08-25T13:26:33.702406+00:00,20.19,19.49,19.84,1.7641129032258136,1.7641129032258136
native,uob,EGP,SGD,EGP/SGD,100,Indicative board,board,,,forex_sgd,25 August 2026 05:30:51 PM,25 August 2026 05:30:51 PM,2026-08-25T13:26:33.702406+00:00,2.5724,,,,
native,uob,EUR,SGD,EUR/SGD,1,Indicative board,board,,,forex_sgd,25 August 2026 05:30:51 PM,25 August 2026 05:30:51 PM,2026-08-25T13:26:33.702406+00:00,1.5019,1.4639,1.4828999999999999,1.281273180929269,1.281273180929254
native,uob,GBP,SGD,GBP/SGD,1,Indicative board,board,,,forex_sgd,25 August 2026 05:30:51 PM,25 August 2026 05:30:51 PM,2026-08-25T13:26:33.702406+00:00,1.7565,1.7115,1.734,1.2975778546712784,1.2975778546712784
native,uob,HKD,SGD,HKD/SGD,100,Indicative board,board,,,forex_sgd,25 August 2026 05:30:51 PM,25 August 2026 05:30:51 PM,2026-08-25T13:26:33.702406+00:00,16.389,16.031,16.21,1.1042566317088123,1.1042566317088343
native,uob,INR,SGD,INR/SGD,100,Indicative board,board,,,forex_sgd,25 August 2026 05:30:51 PM,25 August 2026 05:30:51 PM,2026-08-25T13:26:33.702406+00:00,1.3674,,,,
native,uob,JPY,SGD,JPY/SGD,100,Indicative board,board,,,forex_sgd,25 August 2026 05:30:51 PM,25 August 2026 05:30:51 PM,2026-08-25T13:26:33.702406+00:00,0.8149,0.7809,0.7979,2.1305928061160424,2.1305928061160566
native,uob,KRW,SGD,KRW/SGD,1000,Indicative board,board,,,forex_sgd,25 August 2026 05:30:51 PM,25 August 2026 05:30:51 PM,2026-08-25T13:26:33.702406+00:00,0.9328,,,,
native,uob,KWD,SGD,KWD/SGD,1,Indicative board,board,,,forex_sgd,25 August 2026 05:30:51 PM,25 August 2026 05:30:51 PM,2026-08-25T13:26:33.702406+00:00,4.1777,,,,
native,uob,LKR,SGD,LKR/SGD,100,Indicative board,board,,,forex_sgd,25 August 2026 05:30:51 PM,25 August 2026 05:30:51 PM,2026-08-25T13:26:33.702406+00:00,0.3924,,,,
native,uob,MXN,SGD,MXN/SGD,100,Indicative board,board,,,forex_sgd,25 August 2026 05:30:51 PM,25 August 2026 05:30:51 PM,2026-08-25T13:26:33.702406+00:00,7.5811,,,,
native,uob,MYR,SGD,MYR/SGD,100,Indicative board,board,,,forex_sgd,25 August 2026 05:30:51 PM,25 August 2026 05:30:51 PM,2026-08-25T13:26:33.702406+00:00,,,,,
native,uob,NOK,SGD,NOK/SGD,100,Indicative board,board,,,forex_sgd,25 August 2026 05:30:51 PM,25 August 2026 05:30:51 PM,2026-08-25T13:26:33.702406+00:00,13.83,13.39,13.61,1.6164584864070586,1.6164584864070453
native,uob,NZD,SGD,NZD/SGD,1,Indicative board,board,,,forex_sgd,25 August 2026 05:30:51 PM,25 August 2026 05:30:51 PM,2026-08-25T13:26:33.702406+00:00,0.7672,0.7472,0.7572,1.3206550449022727,1.3206550449022727
native,uob,PHP,SGD,PHP/SGD,100,Indicative board,board,,,forex_sgd,25 August 2026 05:30:51 PM,25 August 2026 05:30:51 PM,2026-08-25T13:26:33.702406+00:00,2.1048,,,,
native,uob,PKR,SGD,PKR/SGD,100,Indicative board,board,,,forex_sgd,25 August 2026 05:30:51 PM,25 August 2026 05:30:51 PM,2026-08-25T13:26:33.702406+00:00,0.464,,,,
native,uob,SAR,SGD,SAR/SGD,100,Indicative board,board,,,forex_sgd,25 August 2026 05:30:51 PM,25 August 2026 05:30:51 PM,2026-08-25T13:26:33.702406+00:00,,,,,
native,uob,SEK,SGD,SEK/SGD,100,Indicative board,board,,,forex_sgd,25 August 2026 05:30:51 PM,25 August 2026 05:30:51 PM,2026-08-25T13:26:33.702406+00:00,13.62,13.14,13.379999999999999,1.793721973094172,1.793721973094159
native,uob,THB,SGD,THB/SGD,100,Indicative board,board,,,forex_sgd,25 August 2026 05:30:51 PM,25 August 2026 05:30:51 PM,2026-08-25T13:26:33.702406+00:00,3.98,3.78,3.88,2.5773195876288684,2.5773195876288684
native,uob,TWD,SGD,TWD/SGD,100,Indicative board,board,,,forex_sgd,25 August 2026 05:30:51 PM,25 August 2026 05:30:51 PM,2026-08-25T13:26:33.702406+00:00,4.0805,,,,
native,uob,USD,SGD,USD/SGD,1,Indicative board,board,,,forex_sgd,25 August 2026 05:30:51 PM,25 August 2026 05:30:51 PM,2026-08-25T13:26:33.702406+00:00,1.2825,1.2585,1.2705,0.9445100354191271,0.9445100354191271
native,uob,VND,SGD,VND/SGD,1000,Indicative board,board,,,forex_sgd,25 August 2026 05:30:51 PM,25 August 2026 05:30:51 PM,2026-08-25T13:26:33.702406+00:00,0.0497,,,,
native,uob,XAF,SGD,XAF/SGD,100,Indicative board,board,,,forex_sgd,25 August 2026 05:30:51 PM,25 August 2026 05:30:51 PM,2026-08-25T13:26:33.702406+00:00,0.2319,,,,
native,uob,XOF,SGD,XOF/SGD,100,Indicative board,board,,,forex_sgd,25 August 2026 05:30:51 PM,25 August 2026 05:30:51 PM,2026-08-25T13:26:33.702406+00:00,0.2335,,,,
native,uob,ZAR,SGD,ZAR/SGD,1,Indicative board,board,,,forex_sgd,25 August 2026 05:30:51 PM,25 August 2026 05:30:51 PM,2026-08-25T13:26:33.702406+00:00,0.0814,0.0774,0.0794,2.5188916876574328,2.5188916876574328
standardized,dbs,AED,SGD,AED/SGD,1,SGD 50 – 200,amtBtw50And200,"SGD 200 – 39,999.99",std_200_40k,mainCurrencies,2026-08-25 21:15:00,2026-08-25 13:15:13,2026-08-25T13:26:30.214116+00:00,0.3481,0.3434,0.34575,0.6796818510484508,0.6796818510484508
standardized,dbs,AED,SGD,AED/SGD,1,SGD 50 – 200,amtBtw50And200,"SGD 40,000 – 100,000",std_40k_100k,mainCurrencies,2026-08-25 21:15:00,2026-08-25 13:15:13,2026-08-25T13:26:30.214116+00:00,0.3481,0.3434,0.34575,0.6796818510484508,0.6796818510484508
standardized,dbs,AED,SGD,AED/SGD,1,SGD 50 – 200,amtBtw50And200,SGD 50 – 200,std_50_200,mainCurrencies,2026-08-25 21:15:00,2026-08-25 13:15:13,2026-08-25T13:26:30.214116+00:00,0.3481,0.3434,0.34575,0.6796818510484508,0.6796818510484508
standardized,dbs,AED,SGD,AED/SGD,1,SGD < 50,amtLessThan50,SGD < 50,std_lt_50,mainCurrencies,2026-08-25 21:15:00,2026-08-25 13:15:13,2026-08-25T13:26:30.214116+00:00,0.3508,0.3406,0.3457,1.4752675730402063,1.4752675730402063
standardized,dbs,AUD,SGD,AUD/SGD,1,SGD 50 – 200,amtBtw50And200,"SGD 200 – 39,999.99",std_200_40k,mainCurrencies,2026-08-25 21:15:00,2026-08-25 13:15:13,2026-08-25T13:26:30.214116+00:00,0.9193,0.8992,0.90925,1.105306571350014,1.105306571350014
standardized,dbs,AUD,SGD,AUD/SGD,1,SGD 50 – 200,amtBtw50And200,"SGD 40,000 – 100,000",std_40k_100k,mainCurrencies,2026-08-25 21:15:00,2026-08-25 13:15:13,2026-08-25T13:26:30.214116+00:00,0.9193,0.8992,0.90925,1.105306571350014,1.105306571350014
standardized,dbs,AUD,SGD,AUD/SGD,1,SGD 50 – 200,amtBtw50And200,SGD 50 – 200,std_50_200,mainCurrencies,2026-08-25 21:15:00,2026-08-25 13:15:13,2026-08-25T13:26:30.214116+00:00,0.9193,0.8992,0.90925,1.105306571350014,1.105306571350014
standardized,dbs,AUD,SGD,AUD/SGD,1,SGD < 50,amtLessThan50,SGD < 50,std_lt_50,mainCurrencies,2026-08-25 21:15:00,2026-08-25 13:15:13,2026-08-25T13:26:30.214116+00:00,0.9197,0.8987,0.9092,1.1548614166299993,1.1548614166299993
standardized,dbs,BDT,SGD,BDT/SGD,100,SGD 50 – 200,amtBtw50And200,"SGD 200 – 39,999.99",std_200_40k,otherCurrencies,2026-08-25 21:15:00,2026-08-25 13:15:13,2026-08-25T13:26:30.214116+00:00,1.0486,,,,
standardized,dbs,BDT,SGD,BDT/SGD,100,SGD 50 – 200,amtBtw50And200,"SGD 40,000 – 100,000",std_40k_100k,otherCurrencies,2026-08-25 21:15:00,2026-08-25 13:15:13,2026-08-25T13:26:30.214116+00:00,1.0486,,,,
standardized,dbs,BDT,SGD,BDT/SGD,100,SGD 50 – 200,amtBtw50And200,SGD 50 – 200,std_50_200,otherCurrencies,2026-08-25 21:15:00,2026-08-25 13:15:13,2026-08-25T13:26:30.214116+00:00,1.0486,,,,
standardized,dbs,BDT,SGD,BDT/SGD,100,SGD < 50,amtLessThan50,SGD < 50,std_lt_50,otherCurrencies,2026-08-25 21:15:00,2026-08-25 13:15:13,2026-08-25T13:26:30.214116+00:00,1.0486,,,,
standardized,dbs,BHD,SGD,BHD/SGD,1,SGD 50 – 200,amtBtw50And200,"SGD 200 – 39,999.99",std_200_40k,otherCurrencies,2026-08-25 21:15:00,2026-08-25 13:15:13,2026-08-25T13:26:30.214116+00:00,3.4484,,,,
standardized,dbs,BHD,SGD,BHD/SGD,1,SGD 50 – 200,amtBtw50And200,"SGD 40,000 – 100,000",std_40k_100k,otherCurrencies,2026-08-25 21:15:00,2026-08-25 13:15:13,2026-08-25T13:26:30.214116+00:00,3.4484,,,,
standardized,dbs,BHD,SGD,BHD/SGD,1,SGD 50 – 200,amtBtw50And200,SGD 50 – 200,std_50_200,otherCurrencies,2026-08-25 21:15:00,2026-08-25 13:15:13,2026-08-25T13:26:30.214116+00:00,3.4484,,,,
standardized,dbs,BHD,SGD,BHD/SGD,1,SGD < 50,amtLessThan50,SGD < 50,std_lt_50,otherCurrencies,2026-08-25 21:15:00,2026-08-25 13:15:13,2026-08-25T13:26:30.214116+00:00,3.462,,,,
standardized,dbs,BND,SGD,BND/SGD,1,SGD 50 – 200,amtBtw50And200,"SGD 200 – 39,999.99",std_200_40k,otherCurrencies,2026-08-25 21:15:00,2026-08-25 13:15:13,2026-08-25T13:26:30.214116+00:00,1.0,1.0,1.0,0.0,0.0
standardized,dbs,BND,SGD,BND/SGD,1,SGD 50 – 200,amtBtw50And200,"SGD 40,000 – 100,000",std_40k_100k,otherCurrencies,2026-08-25 21:15:00,2026-08-25 13:15:13,2026-08-25T13:26:30.214116+00:00,1.0,1.0,1.0,0.0,0.0
standardized,dbs,BND,SGD,BND/SGD,1,SGD 50 – 200,amtBtw50And200,SGD 50 – 200,std_50_200,otherCurrencies,2026-08-25 21:15:00,2026-08-25 13:15:13,2026-08-25T13:26:30.214116+00:00,1.0,1.0,1.0,0.0,0.0
standardized,dbs,BND,SGD,BND/SGD,1,SGD < 50,amtLessThan50,SGD < 50,std_lt_50,otherCurrencies,2026-08-25 21:15:00,2026-08-25 13:15:13,2026-08-25T13:26:30.214116+00:00,1.0,1.0,1.0,0.0,0.0
standardized,dbs,CAD,SGD,CAD/SGD,1,SGD 50 – 200,amtBtw50And200,"SGD 200 – 39,999.99",std_200_40k,mainCurrencies,2026-08-25 21:15:00,2026-08-25 13:15:13,2026-08-25T13:26:30.214116+00:00,0.9239,0.9101,0.917,0.7524536532170139,0.7524536532170139
standardized,dbs,CAD,SGD,CAD/SGD,1,SGD 50 – 200,amtBtw50And200,"SGD 40,000 – 100,000",std_40k_100k,mainCurrencies,2026-08-25 21:15:00,2026-08-25 13:15:13,2026-08-25T13:26:30.214116+00:00,0.9239,0.9101,0.917,0.7524536532170139,0.7524536532170139
standardized,dbs,CAD,SGD,CAD/SGD,1,SGD 50 – 200,amtBtw50And200,SGD 50 – 200,std_50_200,mainCurrencies,2026-08-25 21:15:00,2026-08-25 13:15:13,2026-08-25T13:26:30.214116+00:00,0.9239,0.9101,0.917,0.7524536532170139,0.7524536532170139
standardized,dbs,CAD,SGD,CAD/SGD,1,SGD < 50,amtLessThan50,SGD < 50,std_lt_50,mainCurrencies,2026-08-25 21:15:00,2026-08-25 13:15:13,2026-08-25T13:26:30.214116+00:00,0.9271,0.9069,0.917,1.101417666303162,1.101417666303162
standardized,dbs,CHF,SGD,CHF/SGD,1,SGD 50 – 200,amtBtw50And200,"SGD 200 – 39,999.99",std_200_40k,mainCurrencies,2026-08-25 21:15:00,2026-08-25 13:15:13,2026-08-25T13:26:30.214116+00:00,1.598,1.5677,1.58285,0.9571342830969451,0.9571342830969451
standardized,dbs,CHF,SGD,CHF/SGD,1,SGD 50 – 200,amtBtw50And200,"SGD 40,000 – 100,000",std_40k_100k,mainCurrencies,2026-08-25 21:15:00,2026-08-25 13:15:13,2026-08-25T13:26:30.214116+00:00,1.598,1.5677,1.58285,0.9571342830969451,0.9571342830969451
standardized,dbs,CHF,SGD,CHF/SGD,1,SGD 50 – 200,amtBtw50And200,SGD 50 – 200,std_50_200,mainCurrencies,2026-08-25 21:15:00,2026-08-25 13:15:13,2026-08-25T13:26:30.214116+00:00,1.598,1.5677,1.58285,0.9571342830969451,0.9571342830969451
standardized,dbs,CHF,SGD,CHF/SGD,1,SGD < 50,amtLessThan50,SGD < 50,std_lt_50,mainCurrencies,2026-08-25 21:15:00,2026-08-25 13:15:13,2026-08-25T13:26:30.214116+00:00,1.5988,1.5669,1.58285,1.0076760274188905,1.0076760274189045
standardized,dbs,CNH,SGD,CNH/SGD,1,SGD 50 – 200,amtBtw50And200,"SGD 200 – 39,999.99",std_200_40k,mainCurrencies,2026-08-25 21:15:00,2026-08-25 13:15:13,2026-08-25T13:26:30.214116+00:00,0.1911,0.1867,0.1889,1.1646373742720908,1.1646373742721055
standardized,dbs,CNH,SGD,CNH/SGD,1,SGD 50 – 200,amtBtw50And200,"SGD 40,000 – 100,000",std_40k_100k,mainCurrencies,2026-08-25 21:15:00,2026-08-25 13:15:13,2026-08-25T13:26:30.214116+00:00,0.1911,0.1867,0.1889,1.1646373742720908,1.1646373742721055
standardized,dbs,CNH,SGD,CNH/SGD,1,SGD 50 – 200,amtBtw50And200,SGD 50 – 200,std_50_200,mainCurrencies,2026-08-25 21:15:00,2026-08-25 13:15:13,2026-08-25T13:26:30.214116+00:00,0.1911,0.1867,0.1889,1.1646373742720908,1.1646373742721055
standardized,dbs,CNH,SGD,CNH/SGD,1,SGD < 50,amtLessThan50,SGD < 50,std_lt_50,mainCurrencies,2026-08-25 21:15:00,2026-08-25 13:15:13,2026-08-25T13:26:30.214116+00:00,0.1918,0.1861,0.18895,1.5083355385022448,1.5083355385022594
standardized,dbs,CNY,SGD,CNY/SGD,1,SGD 50 – 200,amtBtw50And200,"SGD 200 – 39,999.99",std_200_40k,otherCurrencies,2026-08-25 21:15:00,2026-08-25 13:15:13,2026-08-25T13:26:30.214116+00:00,0.1889,,,,
standardized,dbs,CNY,SGD,CNY/SGD,1,SGD 50 – 200,amtBtw50And200,"SGD 40,000 – 100,000",std_40k_100k,otherCurrencies,2026-08-25 21:15:00,2026-08-25 13:15:13,2026-08-25T13:26:30.214116+00:00,0.1889,,,,
standardized,dbs,CNY,SGD,CNY/SGD,1,SGD 50 – 200,amtBtw50And200,SGD 50 – 200,std_50_200,otherCurrencies,2026-08-25 21:15:00,2026-08-25 13:15:13,2026-08-25T13:26:30.214116+00:00,0.1889,,,,
standardized,dbs,CNY,SGD,CNY/SGD,1,SGD < 50,amtLessThan50,SGD < 50,std_lt_50,otherCurrencies,2026-08-25 21:15:00,2026-08-25 13:15:13,2026-08-25T13:26:30.214116+00:00,0.1906,,,,
standardized,dbs,DKK,SGD,DKK/SGD,1,SGD 50 – 200,amtBtw50And200,"SGD 200 – 39,999.99",std_200_40k,mainCurrencies,2026-08-25 21:15:00,2026-08-25 13:15:13,2026-08-25T13:26:30.214116+00:00,0.2009,0.1955,0.1982,1.3622603430877942,1.3622603430877802
standardized,dbs,DKK,SGD,DKK/SGD,1,SGD 50 – 200,amtBtw50And200,"SGD 40,000 – 100,000",std_40k_100k,mainCurrencies,2026-08-25 21:15:00,2026-08-25 13:15:13,2026-08-25T13:26:30.214116+00:00,0.2009,0.1955,0.1982,1.3622603430877942,1.3622603430877802
standardized,dbs,DKK,SGD,DKK/SGD,1,SGD 50 – 200,amtBtw50And200,SGD 50 – 200,std_50_200,mainCurrencies,2026-08-25 21:15:00,2026-08-25 13:15:13,2026-08-25T13:26:30.214116+00:00,0.2009,0.1955,0.1982,1.3622603430877942,1.3622603430877802
standardized,dbs,DKK,SGD,DKK/SGD,1,SGD < 50,amtLessThan50,SGD < 50,std_lt_50,mainCurrencies,2026-08-25 21:15:00,2026-08-25 13:15:13,2026-08-25T13:26:30.214116+00:00,0.2013,0.1951,0.1982,1.5640766902119172,1.564076690211903
standardized,dbs,EUR,SGD,EUR/SGD,1,SGD 50 – 200,amtBtw50And200,"SGD 200 – 39,999.99",std_200_40k,mainCurrencies,2026-08-25 21:15:00,2026-08-25 13:15:13,2026-08-25T13:26:30.214116+00:00,1.4947,1.4694,1.48205,0.8535474511656035,0.8535474511656186
standardized,dbs,EUR,SGD,EUR/SGD,1,SGD 50 – 200,amtBtw50And200,"SGD 40,000 – 100,000",std_40k_100k,mainCurrencies,2026-08-25 21:15:00,2026-08-25 13:15:13,2026-08-25T13:26:30.214116+00:00,1.4947,1.4694,1.48205,0.8535474511656035,0.8535474511656186
standardized,dbs,EUR,SGD,EUR/SGD,1,SGD 50 – 200,amtBtw50And200,SGD 50 – 200,std_50_200,mainCurrencies,2026-08-25 21:15:00,2026-08-25 13:15:13,2026-08-25T13:26:30.214116+00:00,1.4947,1.4694,1.48205,0.8535474511656035,0.8535474511656186
standardized,dbs,EUR,SGD,EUR/SGD,1,SGD < 50,amtLessThan50,SGD < 50,std_lt_50,mainCurrencies,2026-08-25 21:15:00,2026-08-25 13:15:13,2026-08-25T13:26:30.214116+00:00,1.4954,1.4686,1.482,0.9041835357624884,0.9041835357624884
standardized,dbs,GBP,SGD,GBP/SGD,1,SGD 50 – 200,amtBtw50And200,"SGD 200 – 39,999.99",std_200_40k,mainCurrencies,2026-08-25 21:15:00,2026-08-25 13:15:13,2026-08-25T13:26:30.214116+00:00,1.7461,1.7199,1.733,0.7559145989613323,0.755914598961345
standardized,dbs,GBP,SGD,GBP/SGD,1,SGD 50 – 200,amtBtw50And200,"SGD 40,000 – 100,000",std_40k_100k,mainCurrencies,2026-08-25 21:15:00,2026-08-25 13:15:13,2026-08-25T13:26:30.214116+00:00,1.7461,1.7199,1.733,0.7559145989613323,0.755914598961345
standardized,dbs,GBP,SGD,GBP/SGD,1,SGD 50 – 200,amtBtw50And200,SGD 50 – 200,std_50_200,mainCurrencies,2026-08-25 21:15:00,2026-08-25 13:15:13,2026-08-25T13:26:30.214116+00:00,1.7461,1.7199,1.733,0.7559145989613323,0.755914598961345
standardized,dbs,GBP,SGD,GBP/SGD,1,SGD < 50,amtLessThan50,SGD < 50,std_lt_50,mainCurrencies,2026-08-25 21:15:00,2026-08-25 13:15:13,2026-08-25T13:26:30.214116+00:00,1.7478,1.7181,1.73295,0.8569202804466389,0.8569202804466389
standardized,dbs,HKD,SGD,HKD/SGD,1,SGD 50 – 200,amtBtw50And200,"SGD 200 – 39,999.99",std_200_40k,mainCurrencies,2026-08-25 21:15:00,2026-08-25 13:15:13,2026-08-25T13:26:30.214116+00:00,0.1636,0.1603,0.16194999999999998,1.0188329731398658,1.0188329731398487
standardized,dbs,HKD,SGD,HKD/SGD,1,SGD 50 – 200,amtBtw50And200,"SGD 40,000 – 100,000",std_40k_100k,mainCurrencies,2026-08-25 21:15:00,2026-08-25 13:15:13,2026-08-25T13:26:30.214116+00:00,0.1636,0.1603,0.16194999999999998,1.0188329731398658,1.0188329731398487
standardized,dbs,HKD,SGD,HKD/SGD,1,SGD 50 – 200,amtBtw50And200,SGD 50 – 200,std_50_200,mainCurrencies,2026-08-25 21:15:00,2026-08-25 13:15:13,2026-08-25T13:26:30.214116+00:00,0.1636,0.1603,0.16194999999999998,1.0188329731398658,1.0188329731398487
standardized,dbs,HKD,SGD,HKD/SGD,1,SGD < 50,amtLessThan50,SGD < 50,std_lt_50,mainCurrencies,2026-08-25 21:15:00,2026-08-25 13:15:13,2026-08-25T13:26:30.214116+00:00,0.1637,0.1602,0.16195,1.080580426057426,1.080580426057426
standardized,dbs,HUF,SGD,HUF/SGD,100,SGD 50 – 200,amtBtw50And200,"SGD 200 – 39,999.99",std_200_40k,otherCurrencies,2026-08-25 21:15:00,2026-08-25 13:15:13,2026-08-25T13:26:30.214116+00:00,0.4161,,,,
standardized,dbs,HUF,SGD,HUF/SGD,100,SGD 50 – 200,amtBtw50And200,"SGD 40,000 – 100,000",std_40k_100k,otherCurrencies,2026-08-25 21:15:00,2026-08-25 13:15:13,2026-08-25T13:26:30.214116+00:00,0.4161,,,,
standardized,dbs,HUF,SGD,HUF/SGD,100,SGD 50 – 200,amtBtw50And200,SGD 50 – 200,std_50_200,otherCurrencies,2026-08-25 21:15:00,2026-08-25 13:15:13,2026-08-25T13:26:30.214116+00:00,0.4161,,,,
standardized,dbs,HUF,SGD,HUF/SGD,100,SGD < 50,amtLessThan50,SGD < 50,std_lt_50,otherCurrencies,2026-08-25 21:15:00,2026-08-25 13:15:13,2026-08-25T13:26:30.214116+00:00,0.4177,,,,
standardized,dbs,ID0,SGD,ID0/SGD,100,SGD 50 – 200,amtBtw50And200,"SGD 200 – 39,999.99",std_200_40k,otherCurrencies,2026-08-25 21:15:00,2026-08-25 13:15:13,2026-08-25T13:26:30.214116+00:00,,,,,
standardized,dbs,ID0,SGD,ID0/SGD,100,SGD 50 – 200,amtBtw50And200,"SGD 40,000 – 100,000",std_40k_100k,otherCurrencies,2026-08-25 21:15:00,2026-08-25 13:15:13,2026-08-25T13:26:30.214116+00:00,,,,,
standardized,dbs,ID0,SGD,ID0/SGD,100,SGD 50 – 200,amtBtw50And200,SGD 50 – 200,std_50_200,otherCurrencies,2026-08-25 21:15:00,2026-08-25 13:15:13,2026-08-25T13:26:30.214116+00:00,,,,,
standardized,dbs,ID0,SGD,ID0/SGD,100,SGD < 50,amtLessThan50,SGD < 50,std_lt_50,otherCurrencies,2026-08-25 21:15:00,2026-08-25 13:15:13,2026-08-25T13:26:30.214116+00:00,,0.0071,,,
standardized,dbs,IDR,SGD,IDR/SGD,100,SGD 50 – 200,amtBtw50And200,"SGD 200 – 39,999.99",std_200_40k,mainCurrencies,2026-08-25 21:15:00,2026-08-25 13:15:13,2026-08-25T13:26:30.214116+00:00,0.0073,,,,
standardized,dbs,IDR,SGD,IDR/SGD,100,SGD 50 – 200,amtBtw50And200,"SGD 40,000 – 100,000",std_40k_100k,mainCurrencies,2026-08-25 21:15:00,2026-08-25 13:15:13,2026-08-25T13:26:30.214116+00:00,0.0073,,,,
standardized,dbs,IDR,SGD,IDR/SGD,100,SGD 50 – 200,amtBtw50And200,SGD 50 – 200,std_50_200,mainCurrencies,2026-08-25 21:15:00,2026-08-25 13:15:13,2026-08-25T13:26:30.214116+00:00,0.0073,,,,
standardized,dbs,IDR,SGD,IDR/SGD,100,SGD < 50,amtLessThan50,SGD < 50,std_lt_50,mainCurrencies,2026-08-25 21:15:00,2026-08-25 13:15:13,2026-08-25T13:26:30.214116+00:00,0.0073,,,,
standardized,dbs,IN0,SGD,IN0/SGD,100,SGD 50 – 200,amtBtw50And200,"SGD 200 – 39,999.99",std_200_40k,otherCurrencies,2026-08-25 21:15:00,2026-08-25 13:15:13,2026-08-25T13:26:30.214116+00:00,,1.3273,,,
standardized,dbs,IN0,SGD,IN0/SGD,100,SGD 50 – 200,amtBtw50And200,"SGD 40,000 – 100,000",std_40k_100k,otherCurrencies,2026-08-25 21:15:00,2026-08-25 13:15:13,2026-08-25T13:26:30.214116+00:00,,1.3273,,,
standardized,dbs,IN0,SGD,IN0/SGD,100,SGD 50 – 200,amtBtw50And200,SGD 50 – 200,std_50_200,otherCurrencies,2026-08-25 21:15:00,2026-08-25 13:15:13,2026-08-25T13:26:30.214116+00:00,,1.3273,,,
standardized,dbs,IN0,SGD,IN0/SGD,100,SGD < 50,amtLessThan50,SGD < 50,std_lt_50,otherCurrencies,2026-08-25 21:15:00,2026-08-25 13:15:13,2026-08-25T13:26:30.214116+00:00,,1.3273,,,
standardized,dbs,INR,SGD,INR/SGD,100,SGD 50 – 200,amtBtw50And200,"SGD 200 – 39,999.99",std_200_40k,otherCurrencies,2026-08-25 21:15:00,2026-08-25 13:15:13,2026-08-25T13:26:30.214116+00:00,1.3445,,,,
standardized,dbs,INR,SGD,INR/SGD,100,SGD 50 – 200,amtBtw50And200,"SGD 40,000 – 100,000",std_40k_100k,otherCurrencies,2026-08-25 21:15:00,2026-08-25 13:15:13,2026-08-25T13:26:30.214116+00:00,1.3445,,,,
standardized,dbs,INR,SGD,INR/SGD,100,SGD 50 – 200,amtBtw50And200,SGD 50 – 200,std_50_200,otherCurrencies,2026-08-25 21:15:00,2026-08-25 13:15:13,2026-08-25T13:26:30.214116+00:00,1.3445,,,,
standardized,dbs,INR,SGD,INR/SGD,100,SGD < 50,amtLessThan50,SGD < 50,std_lt_50,otherCurrencies,2026-08-25 21:15:00,2026-08-25 13:15:13,2026-08-25T13:26:30.214116+00:00,1.3552,,,,
standardized,dbs,JPY,SGD,JPY/SGD,100,SGD 50 – 200,amtBtw50And200,"SGD 200 – 39,999.99",std_200_40k,mainCurrencies,2026-08-25 21:15:00,2026-08-25 13:15:13,2026-08-25T13:26:30.214116+00:00,0.8057,0.7896,0.79765,1.0092145677928919,1.0092145677928919
standardized,dbs,JPY,SGD,JPY/SGD,100,SGD 50 – 200,amtBtw50And200,"SGD 40,000 – 100,000",std_40k_100k,mainCurrencies,2026-08-25 21:15:00,2026-08-25 13:15:13,2026-08-25T13:26:30.214116+00:00,0.8057,0.7896,0.79765,1.0092145677928919,1.0092145677928919
standardized,dbs,JPY,SGD,JPY/SGD,100,SGD 50 – 200,amtBtw50And200,SGD 50 – 200,std_50_200,mainCurrencies,2026-08-25 21:15:00,2026-08-25 13:15:13,2026-08-25T13:26:30.214116+00:00,0.8057,0.7896,0.79765,1.0092145677928919,1.0092145677928919
standardized,dbs,JPY,SGD,JPY/SGD,100,SGD < 50,amtLessThan50,SGD < 50,std_lt_50,mainCurrencies,2026-08-25 21:15:00,2026-08-25 13:15:13,2026-08-25T13:26:30.214116+00:00,0.8065,0.7888,0.79765,1.1095091832257287,1.1095091832257287
standardized,dbs,KRW,SGD,KRW/SGD,100,SGD 50 – 200,amtBtw50And200,"SGD 200 – 39,999.99",std_200_40k,otherCurrencies,2026-08-25 21:15:00,2026-08-25 13:15:13,2026-08-25T13:26:30.214116+00:00,0.0929,,,,
standardized,dbs,KRW,SGD,KRW/SGD,100,SGD 50 – 200,amtBtw50And200,"SGD 40,000 – 100,000",std_40k_100k,otherCurrencies,2026-08-25 21:15:00,2026-08-25 13:15:13,2026-08-25T13:26:30.214116+00:00,0.0929,,,,
standardized,dbs,KRW,SGD,KRW/SGD,100,SGD 50 – 200,amtBtw50And200,SGD 50 – 200,std_50_200,otherCurrencies,2026-08-25 21:15:00,2026-08-25 13:15:13,2026-08-25T13:26:30.214116+00:00,0.0929,,,,
standardized,dbs,KRW,SGD,KRW/SGD,100,SGD < 50,amtLessThan50,SGD < 50,std_lt_50,otherCurrencies,2026-08-25 21:15:00,2026-08-25 13:15:13,2026-08-25T13:26:30.214116+00:00,0.0929,,,,
standardized,dbs,KWD,SGD,KWD/SGD,100,SGD 50 – 200,amtBtw50And200,"SGD 200 – 39,999.99",std_200_40k,otherCurrencies,2026-08-25 21:15:00,2026-08-25 13:15:13,2026-08-25T13:26:30.214116+00:00,421.9087,,,,
standardized,dbs,KWD,SGD,KWD/SGD,100,SGD 50 – 200,amtBtw50And200,"SGD 40,000 – 100,000",std_40k_100k,otherCurrencies,2026-08-25 21:15:00,2026-08-25 13:15:13,2026-08-25T13:26:30.214116+00:00,421.9087,,,,
standardized,dbs,KWD,SGD,KWD/SGD,100,SGD 50 – 200,amtBtw50And200,SGD 50 – 200,std_50_200,otherCurrencies,2026-08-25 21:15:00,2026-08-25 13:15:13,2026-08-25T13:26:30.214116+00:00,421.9087,,,,
standardized,dbs,KWD,SGD,KWD/SGD,100,SGD < 50,amtLessThan50,SGD < 50,std_lt_50,otherCurrencies,2026-08-25 21:15:00,2026-08-25 13:15:13,2026-08-25T13:26:30.214116+00:00,423.5757,,,,
standardized,dbs,LKR,SGD,LKR/SGD,100,SGD 50 – 200,amtBtw50And200,"SGD 200 – 39,999.99",std_200_40k,otherCurrencies,2026-08-25 21:15:00,2026-08-25 13:15:13,2026-08-25T13:26:30.214116+00:00,0.394,,,,
standardized,dbs,LKR,SGD,LKR/SGD,100,SGD 50 – 200,amtBtw50And200,"SGD 40,000 – 100,000",std_40k_100k,otherCurrencies,2026-08-25 21:15:00,2026-08-25 13:15:13,2026-08-25T13:26:30.214116+00:00,0.394,,,,
standardized,dbs,LKR,SGD,LKR/SGD,100,SGD 50 – 200,amtBtw50And200,SGD 50 – 200,std_50_200,otherCurrencies,2026-08-25 21:15:00,2026-08-25 13:15:13,2026-08-25T13:26:30.214116+00:00,0.394,,,,
standardized,dbs,LKR,SGD,LKR/SGD,100,SGD < 50,amtLessThan50,SGD < 50,std_lt_50,otherCurrencies,2026-08-25 21:15:00,2026-08-25 13:15:13,2026-08-25T13:26:30.214116+00:00,0.394,,,,
standardized,dbs,MM1,SGD,MM1/SGD,100,SGD 50 – 200,amtBtw50And200,"SGD 200 – 39,999.99",std_200_40k,otherCurrencies,2026-08-25 21:15:00,2026-08-25 13:15:13,2026-08-25T13:26:30.214116+00:00,,,,,
standardized,dbs,MM1,SGD,MM1/SGD,100,SGD 50 – 200,amtBtw50And200,"SGD 40,000 – 100,000",std_40k_100k,otherCurrencies,2026-08-25 21:15:00,2026-08-25 13:15:13,2026-08-25T13:26:30.214116+00:00,,,,,
standardized,dbs,MM1,SGD,MM1/SGD,100,SGD 50 – 200,amtBtw50And200,SGD 50 – 200,std_50_200,otherCurrencies,2026-08-25 21:15:00,2026-08-25 13:15:13,2026-08-25T13:26:30.214116+00:00,,,,,
standardized,dbs,MM1,SGD,MM1/SGD,100,SGD < 50,amtLessThan50,SGD < 50,std_lt_50,otherCurrencies,2026-08-25 21:15:00,2026-08-25 13:15:13,2026-08-25T13:26:30.214116+00:00,,,,,
standardized,dbs,MMK,SGD,MMK/SGD,100,SGD 50 – 200,amtBtw50And200,"SGD 200 – 39,999.99",std_200_40k,otherCurrencies,2026-08-25 21:15:00,2026-08-25 13:15:13,2026-08-25T13:26:30.214116+00:00,0.0324,,,,
standardized,dbs,MMK,SGD,MMK/SGD,100,SGD 50 – 200,amtBtw50And200,"SGD 40,000 – 100,000",std_40k_100k,otherCurrencies,2026-08-25 21:15:00,2026-08-25 13:15:13,2026-08-25T13:26:30.214116+00:00,0.0324,,,,
standardized,dbs,MMK,SGD,MMK/SGD,100,SGD 50 – 200,amtBtw50And200,SGD 50 – 200,std_50_200,otherCurrencies,2026-08-25 21:15:00,2026-08-25 13:15:13,2026-08-25T13:26:30.214116+00:00,0.0324,,,,
standardized,dbs,MMK,SGD,MMK/SGD,100,SGD < 50,amtLessThan50,SGD < 50,std_lt_50,otherCurrencies,2026-08-25 21:15:00,2026-08-25 13:15:13,2026-08-25T13:26:30.214116+00:00,0.0324,,,,
standardized,dbs,MUR,SGD,MUR/SGD,100,SGD 50 – 200,amtBtw50And200,"SGD 200 – 39,999.99",std_200_40k,otherCurrencies,2026-08-25 21:15:00,2026-08-25 13:15:13,2026-08-25T13:26:30.214116+00:00,2.7327,,,,
standardized,dbs,MUR,SGD,MUR/SGD,100,SGD 50 – 200,amtBtw50And200,"SGD 40,000 – 100,000",std_40k_100k,otherCurrencies,2026-08-25 21:15:00,2026-08-25 13:15:13,2026-08-25T13:26:30.214116+00:00,2.7327,,,,
standardized,dbs,MUR,SGD,MUR/SGD,100,SGD 50 – 200,amtBtw50And200,SGD 50 – 200,std_50_200,otherCurrencies,2026-08-25 21:15:00,2026-08-25 13:15:13,2026-08-25T13:26:30.214116+00:00,2.7327,,,,
standardized,dbs,MUR,SGD,MUR/SGD,100,SGD < 50,amtLessThan50,SGD < 50,std_lt_50,otherCurrencies,2026-08-25 21:15:00,2026-08-25 13:15:13,2026-08-25T13:26:30.214116+00:00,2.7435,,,,
standardized,dbs,MXN,SGD,MXN/SGD,100,SGD 50 – 200,amtBtw50And200,"SGD 200 – 39,999.99",std_200_40k,mainCurrencies,2026-08-25 21:15:00,2026-08-25 13:15:13,2026-08-25T13:26:30.214116+00:00,7.6068,,,,
standardized,dbs,MXN,SGD,MXN/SGD,100,SGD 50 – 200,amtBtw50And200,"SGD 40,000 – 100,000",std_40k_100k,mainCurrencies,2026-08-25 21:15:00,2026-08-25 13:15:13,2026-08-25T13:26:30.214116+00:00,7.6068,,,,
standardized,dbs,MXN,SGD,MXN/SGD,100,SGD 50 – 200,amtBtw50And200,SGD 50 – 200,std_50_200,mainCurrencies,2026-08-25 21:15:00,2026-08-25 13:15:13,2026-08-25T13:26:30.214116+00:00,7.6068,,,,
standardized,dbs,MXN,SGD,MXN/SGD,100,SGD < 50,amtLessThan50,SGD < 50,std_lt_50,mainCurrencies,2026-08-25 21:15:00,2026-08-25 13:15:13,2026-08-25T13:26:30.214116+00:00,7.6106,,,,
standardized,dbs,MY0,SGD,MY0/SGD,1,SGD 50 – 200,amtBtw50And200,"SGD 200 – 39,999.99",std_200_40k,otherCurrencies,2026-08-25 21:15:00,2026-08-25 13:15:13,2026-08-25T13:26:30.214116+00:00,,0.3134,,,
standardized,dbs,MY0,SGD,MY0/SGD,1,SGD 50 – 200,amtBtw50And200,"SGD 40,000 – 100,000",std_40k_100k,otherCurrencies,2026-08-25 21:15:00,2026-08-25 13:15:13,2026-08-25T13:26:30.214116+00:00,,0.3134,,,
standardized,dbs,MY0,SGD,MY0/SGD,1,SGD 50 – 200,amtBtw50And200,SGD 50 – 200,std_50_200,otherCurrencies,2026-08-25 21:15:00,2026-08-25 13:15:13,2026-08-25T13:26:30.214116+00:00,,0.3134,,,
standardized,dbs,MY0,SGD,MY0/SGD,1,SGD < 50,amtLessThan50,SGD < 50,std_lt_50,otherCurrencies,2026-08-25 21:15:00,2026-08-25 13:15:13,2026-08-25T13:26:30.214116+00:00,,0.3134,,,
standardized,dbs,MYR,SGD,MYR/SGD,1,SGD 50 – 200,amtBtw50And200,"SGD 200 – 39,999.99",std_200_40k,otherCurrencies,2026-08-25 21:15:00,2026-08-25 13:15:13,2026-08-25T13:26:30.214116+00:00,0.3179,,,,
standardized,dbs,MYR,SGD,MYR/SGD,1,SGD 50 – 200,amtBtw50And200,"SGD 40,000 – 100,000",std_40k_100k,otherCurrencies,2026-08-25 21:15:00,2026-08-25 13:15:13,2026-08-25T13:26:30.214116+00:00,0.3179,,,,
standardized,dbs,MYR,SGD,MYR/SGD,1,SGD 50 – 200,amtBtw50And200,SGD 50 – 200,std_50_200,otherCurrencies,2026-08-25 21:15:00,2026-08-25 13:15:13,2026-08-25T13:26:30.214116+00:00,0.3179,,,,
standardized,dbs,MYR,SGD,MYR/SGD,1,SGD < 50,amtLessThan50,SGD < 50,std_lt_50,otherCurrencies,2026-08-25 21:15:00,2026-08-25 13:15:13,2026-08-25T13:26:30.214116+00:00,0.3179,,,,
standardized,dbs,NOK,SGD,NOK/SGD,1,SGD 50 – 200,amtBtw50And200,"SGD 200 – 39,999.99",std_200_40k,mainCurrencies,2026-08-25 21:15:00,2026-08-25 13:15:13,2026-08-25T13:26:30.214116+00:00,0.1381,0.1343,0.1362,1.3950073421439155,1.395007342143895
standardized,dbs,NOK,SGD,NOK/SGD,1,SGD 50 – 200,amtBtw50And200,"SGD 40,000 – 100,000",std_40k_100k,mainCurrencies,2026-08-25 21:15:00,2026-08-25 13:15:13,2026-08-25T13:26:30.214116+00:00,0.1381,0.1343,0.1362,1.3950073421439155,1.395007342143895
standardized,dbs,NOK,SGD,NOK/SGD,1,SGD 50 – 200,amtBtw50And200,SGD 50 – 200,std_50_200,mainCurrencies,2026-08-25 21:15:00,2026-08-25 13:15:13,2026-08-25T13:26:30.214116+00:00,0.1381,0.1343,0.1362,1.3950073421439155,1.395007342143895
standardized,dbs,NOK,SGD,NOK/SGD,1,SGD < 50,amtLessThan50,SGD < 50,std_lt_50,mainCurrencies,2026-08-25 21:15:00,2026-08-25 13:15:13,2026-08-25T13:26:30.214116+00:00,0.1385,0.1339,0.1362,1.6886930983847463,1.688693098384726
standardized,dbs,NZD,SGD,NZD/SGD,1,SGD 50 – 200,amtBtw50And200,"SGD 200 – 39,999.99",std_200_40k,mainCurrencies,2026-08-25 21:15:00,2026-08-25 13:15:13,2026-08-25T13:26:30.214116+00:00,0.7665,0.7489,0.7577,1.16140952883726,1.1614095288372746
standardized,dbs,NZD,SGD,NZD/SGD,1,SGD 50 – 200,amtBtw50And200,"SGD 40,000 – 100,000",std_40k_100k,mainCurrencies,2026-08-25 21:15:00,2026-08-25 13:15:13,2026-08-25T13:26:30.214116+00:00,0.7665,0.7489,0.7577,1.16140952883726,1.1614095288372746
standardized,dbs,NZD,SGD,NZD/SGD,1,SGD 50 – 200,amtBtw50And200,SGD 50 – 200,std_50_200,mainCurrencies,2026-08-25 21:15:00,2026-08-25 13:15:13,2026-08-25T13:26:30.214116+00:00,0.7665,0.7489,0.7577,1.16140952883726,1.1614095288372746
standardized,dbs,NZD,SGD,NZD/SGD,1,SGD < 50,amtLessThan50,SGD < 50,std_lt_50,mainCurrencies,2026-08-25 21:15:00,2026-08-25 13:15:13,2026-08-25T13:26:30.214116+00:00,0.7672,0.7481,0.7576499999999999,1.2604764733056237,1.2604764733056093
standardized,dbs,OMR,SGD,OMR/SGD,1,SGD 50 – 200,amtBtw50And200,"SGD 200 – 39,999.99",std_200_40k,otherCurrencies,2026-08-25 21:15:00,2026-08-25 13:15:13,2026-08-25T13:26:30.214116+00:00,3.3239,,,,
standardized,dbs,OMR,SGD,OMR/SGD,1,SGD 50 – 200,amtBtw50And200,"SGD 40,000 – 100,000",std_40k_100k,otherCurrencies,2026-08-25 21:15:00,2026-08-25 13:15:13,2026-08-25T13:26:30.214116+00:00,3.3239,,,,
standardized,dbs,OMR,SGD,OMR/SGD,1,SGD 50 – 200,amtBtw50And200,SGD 50 – 200,std_50_200,otherCurrencies,2026-08-25 21:15:00,2026-08-25 13:15:13,2026-08-25T13:26:30.214116+00:00,3.3239,,,,
standardized,dbs,OMR,SGD,OMR/SGD,1,SGD < 50,amtLessThan50,SGD < 50,std_lt_50,otherCurrencies,2026-08-25 21:15:00,2026-08-25 13:15:13,2026-08-25T13:26:30.214116+00:00,3.3239,,,,
standardized,dbs,PH0,SGD,PH0/SGD,100,SGD 50 – 200,amtBtw50And200,"SGD 200 – 39,999.99",std_200_40k,otherCurrencies,2026-08-25 21:15:00,2026-08-25 13:15:13,2026-08-25T13:26:30.214116+00:00,,2.0495,,,
standardized,dbs,PH0,SGD,PH0/SGD,100,SGD 50 – 200,amtBtw50And200,"SGD 40,000 – 100,000",std_40k_100k,otherCurrencies,2026-08-25 21:15:00,2026-08-25 13:15:13,2026-08-25T13:26:30.214116+00:00,,2.0495,,,
standardized,dbs,PH0,SGD,PH0/SGD,100,SGD 50 – 200,amtBtw50And200,SGD 50 – 200,std_50_200,otherCurrencies,2026-08-25 21:15:00,2026-08-25 13:15:13,2026-08-25T13:26:30.214116+00:00,,2.0495,,,
standardized,dbs,PH0,SGD,PH0/SGD,100,SGD < 50,amtLessThan50,SGD < 50,std_lt_50,otherCurrencies,2026-08-25 21:15:00,2026-08-25 13:15:13,2026-08-25T13:26:30.214116+00:00,,2.0495,,,
standardized,dbs,PHP,SGD,PHP/SGD,100,SGD 50 – 200,amtBtw50And200,"SGD 200 – 39,999.99",std_200_40k,otherCurrencies,2026-08-25 21:15:00,2026-08-25 13:15:13,2026-08-25T13:26:30.214116+00:00,2.0821,,,,
standardized,dbs,PHP,SGD,PHP/SGD,100,SGD 50 – 200,amtBtw50And200,"SGD 40,000 – 100,000",std_40k_100k,otherCurrencies,2026-08-25 21:15:00,2026-08-25 13:15:13,2026-08-25T13:26:30.214116+00:00,2.0821,,,,
standardized,dbs,PHP,SGD,PHP/SGD,100,SGD 50 – 200,amtBtw50And200,SGD 50 – 200,std_50_200,otherCurrencies,2026-08-25 21:15:00,2026-08-25 13:15:13,2026-08-25T13:26:30.214116+00:00,2.0821,,,,
standardized,dbs,PHP,SGD,PHP/SGD,100,SGD < 50,amtLessThan50,SGD < 50,std_lt_50,otherCurrencies,2026-08-25 21:15:00,2026-08-25 13:15:13,2026-08-25T13:26:30.214116+00:00,2.0977,,,,
standardized,dbs,PLN,SGD,PLN/SGD,1,SGD 50 – 200,amtBtw50And200,"SGD 200 – 39,999.99",std_200_40k,otherCurrencies,2026-08-25 21:15:00,2026-08-25 13:15:13,2026-08-25T13:26:30.214116+00:00,0.3505,,,,
standardized,dbs,PLN,SGD,PLN/SGD,1,SGD 50 – 200,amtBtw50And200,"SGD 40,000 – 100,000",std_40k_100k,otherCurrencies,2026-08-25 21:15:00,2026-08-25 13:15:13,2026-08-25T13:26:30.214116+00:00,0.3505,,,,
standardized,dbs,PLN,SGD,PLN/SGD,1,SGD 50 – 200,amtBtw50And200,SGD 50 – 200,std_50_200,otherCurrencies,2026-08-25 21:15:00,2026-08-25 13:15:13,2026-08-25T13:26:30.214116+00:00,0.3505,,,,
standardized,dbs,PLN,SGD,PLN/SGD,1,SGD < 50,amtLessThan50,SGD < 50,std_lt_50,otherCurrencies,2026-08-25 21:15:00,2026-08-25 13:15:13,2026-08-25T13:26:30.214116+00:00,0.3519,,,,
standardized,dbs,QAR,SGD,QAR/SGD,1,SGD 50 – 200,amtBtw50And200,"SGD 200 – 39,999.99",std_200_40k,otherCurrencies,2026-08-25 21:15:00,2026-08-25 13:15:13,2026-08-25T13:26:30.214116+00:00,0.3561,,,,
standardized,dbs,QAR,SGD,QAR/SGD,1,SGD 50 – 200,amtBtw50And200,"SGD 40,000 – 100,000",std_40k_100k,otherCurrencies,2026-08-25 21:15:00,2026-08-25 13:15:13,2026-08-25T13:26:30.214116+00:00,0.3561,,,,
standardized,dbs,QAR,SGD,QAR/SGD,1,SGD 50 – 200,amtBtw50And200,SGD 50 – 200,std_50_200,otherCurrencies,2026-08-25 21:15:00,2026-08-25 13:15:13,2026-08-25T13:26:30.214116+00:00,0.3561,,,,
standardized,dbs,QAR,SGD,QAR/SGD,1,SGD < 50,amtLessThan50,SGD < 50,std_lt_50,otherCurrencies,2026-08-25 21:15:00,2026-08-25 13:15:13,2026-08-25T13:26:30.214116+00:00,0.3575,,,,
standardized,dbs,RUB,SGD,RUB/SGD,100,SGD 50 – 200,amtBtw50And200,"SGD 200 – 39,999.99",std_200_40k,mainCurrencies,2026-08-25 21:15:00,2026-08-25 13:15:13,2026-08-25T13:26:30.214116+00:00,,,,,
standardized,dbs,RUB,SGD,RUB/SGD,100,SGD 50 – 200,amtBtw50And200,"SGD 40,000 – 100,000",std_40k_100k,mainCurrencies,2026-08-25 21:15:00,2026-08-25 13:15:13,2026-08-25T13:26:30.214116+00:00,,,,,
standardized,dbs,RUB,SGD,RUB/SGD,100,SGD 50 – 200,amtBtw50And200,SGD 50 – 200,std_50_200,mainCurrencies,2026-08-25 21:15:00,2026-08-25 13:15:13,2026-08-25T13:26:30.214116+00:00,,,,,
standardized,dbs,RUB,SGD,RUB/SGD,100,SGD < 50,amtLessThan50,SGD < 50,std_lt_50,mainCurrencies,2026-08-25 21:15:00,2026-08-25 13:15:13,2026-08-25T13:26:30.214116+00:00,,,,,
standardized,dbs,SAR,SGD,SAR/SGD,100,SGD 50 – 200,amtBtw50And200,"SGD 200 – 39,999.99",std_200_40k,otherCurrencies,2026-08-25 21:15:00,2026-08-25 13:15:13,2026-08-25T13:26:30.214116+00:00,34.2419,,,,
standardized,dbs,SAR,SGD,SAR/SGD,100,SGD 50 – 200,amtBtw50And200,"SGD 40,000 – 100,000",std_40k_100k,otherCurrencies,2026-08-25 21:15:00,2026-08-25 13:15:13,2026-08-25T13:26:30.214116+00:00,34.2419,,,,
standardized,dbs,SAR,SGD,SAR/SGD,100,SGD 50 – 200,amtBtw50And200,SGD 50 – 200,std_50_200,otherCurrencies,2026-08-25 21:15:00,2026-08-25 13:15:13,2026-08-25T13:26:30.214116+00:00,34.2419,,,,
standardized,dbs,SAR,SGD,SAR/SGD,100,SGD < 50,amtLessThan50,SGD < 50,std_lt_50,otherCurrencies,2026-08-25 21:15:00,2026-08-25 13:15:13,2026-08-25T13:26:30.214116+00:00,34.2425,,,,
standardized,dbs,SEK,SGD,SEK/SGD,1,SGD 50 – 200,amtBtw50And200,"SGD 200 – 39,999.99",std_200_40k,mainCurrencies,2026-08-25 21:15:00,2026-08-25 13:15:13,2026-08-25T13:26:30.214116+00:00,0.1359,0.1323,0.1341,1.3422818791946278,1.3422818791946278
standardized,dbs,SEK,SGD,SEK/SGD,1,SGD 50 – 200,amtBtw50And200,"SGD 40,000 – 100,000",std_40k_100k,mainCurrencies,2026-08-25 21:15:00,2026-08-25 13:15:13,2026-08-25T13:26:30.214116+00:00,0.1359,0.1323,0.1341,1.3422818791946278,1.3422818791946278
standardized,dbs,SEK,SGD,SEK/SGD,1,SGD 50 – 200,amtBtw50And200,SGD 50 – 200,std_50_200,mainCurrencies,2026-08-25 21:15:00,2026-08-25 13:15:13,2026-08-25T13:26:30.214116+00:00,0.1359,0.1323,0.1341,1.3422818791946278,1.3422818791946278
standardized,dbs,SEK,SGD,SEK/SGD,1,SGD < 50,amtLessThan50,SGD < 50,std_lt_50,mainCurrencies,2026-08-25 21:15:00,2026-08-25 13:15:13,2026-08-25T13:26:30.214116+00:00,0.1365,0.1318,0.13415,1.7517704062616615,1.7517704062616408
standardized,dbs,THB,SGD,THB/SGD,100,SGD 50 – 200,amtBtw50And200,"SGD 200 – 39,999.99",std_200_40k,mainCurrencies,2026-08-25 21:15:00,2026-08-25 13:15:13,2026-08-25T13:26:30.214116+00:00,3.9352,3.8238,3.8795,1.4357520299007567,1.4357520299007682
standardized,dbs,THB,SGD,THB/SGD,100,SGD 50 – 200,amtBtw50And200,"SGD 40,000 – 100,000",std_40k_100k,mainCurrencies,2026-08-25 21:15:00,2026-08-25 13:15:13,2026-08-25T13:26:30.214116+00:00,3.9352,3.8238,3.8795,1.4357520299007567,1.4357520299007682
standardized,dbs,THB,SGD,THB/SGD,100,SGD 50 – 200,amtBtw50And200,SGD 50 – 200,std_50_200,mainCurrencies,2026-08-25 21:15:00,2026-08-25 13:15:13,2026-08-25T13:26:30.214116+00:00,3.9352,3.8238,3.8795,1.4357520299007567,1.4357520299007682
standardized,dbs,THB,SGD,THB/SGD,100,SGD < 50,amtLessThan50,SGD < 50,std_lt_50,mainCurrencies,2026-08-25 21:15:00,2026-08-25 13:15:13,2026-08-25T13:26:30.214116+00:00,3.9395,3.8196,3.87955,1.5452823136703928,1.5452823136704044
standardized,dbs,TND,SGD,TND/SGD,1,SGD 50 – 200,amtBtw50And200,"SGD 200 – 39,999.99",std_200_40k,otherCurrencies,2026-08-25 21:15:00,2026-08-25 13:15:13,2026-08-25T13:26:30.214116+00:00,0.444,,,,
standardized,dbs,TND,SGD,TND/SGD,1,SGD 50 – 200,amtBtw50And200,"SGD 40,000 – 100,000",std_40k_100k,otherCurrencies,2026-08-25 21:15:00,2026-08-25 13:15:13,2026-08-25T13:26:30.214116+00:00,0.444,,,,
standardized,dbs,TND,SGD,TND/SGD,1,SGD 50 – 200,amtBtw50And200,SGD 50 – 200,std_50_200,otherCurrencies,2026-08-25 21:15:00,2026-08-25 13:15:13,2026-08-25T13:26:30.214116+00:00,0.444,,,,
standardized,dbs,TND,SGD,TND/SGD,1,SGD < 50,amtLessThan50,SGD < 50,std_lt_50,otherCurrencies,2026-08-25 21:15:00,2026-08-25 13:15:13,2026-08-25T13:26:30.214116+00:00,0.444,,,,
standardized,dbs,TWD,SGD,TWD/SGD,100,SGD 50 – 200,amtBtw50And200,"SGD 200 – 39,999.99",std_200_40k,otherCurrencies,2026-08-25 21:15:00,2026-08-25 13:15:13,2026-08-25T13:26:30.214116+00:00,4.0324,,,,
standardized,dbs,TWD,SGD,TWD/SGD,100,SGD 50 – 200,amtBtw50And200,"SGD 40,000 – 100,000",std_40k_100k,otherCurrencies,2026-08-25 21:15:00,2026-08-25 13:15:13,2026-08-25T13:26:30.214116+00:00,4.0324,,,,
standardized,dbs,TWD,SGD,TWD/SGD,100,SGD 50 – 200,amtBtw50And200,SGD 50 – 200,std_50_200,otherCurrencies,2026-08-25 21:15:00,2026-08-25 13:15:13,2026-08-25T13:26:30.214116+00:00,4.0324,,,,
standardized,dbs,TWD,SGD,TWD/SGD,100,SGD < 50,amtLessThan50,SGD < 50,std_lt_50,otherCurrencies,2026-08-25 21:15:00,2026-08-25 13:15:13,2026-08-25T13:26:30.214116+00:00,4.0364,,,,
standardized,dbs,USD,SGD,USD/SGD,1,SGD 50 – 200,amtBtw50And200,"SGD 200 – 39,999.99",std_200_40k,mainCurrencies,2026-08-25 21:15:00,2026-08-25 13:15:13,2026-08-25T13:26:30.214116+00:00,1.2791,1.2605,1.2698,0.7323988029610855,0.7323988029611029
standardized,dbs,USD,SGD,USD/SGD,1,SGD 50 – 200,amtBtw50And200,"SGD 40,000 – 100,000",std_40k_100k,mainCurrencies,2026-08-25 21:15:00,2026-08-25 13:15:13,2026-08-25T13:26:30.214116+00:00,1.2791,1.2605,1.2698,0.7323988029610855,0.7323988029611029
standardized,dbs,USD,SGD,USD/SGD,1,SGD 50 – 200,amtBtw50And200,SGD 50 – 200,std_50_200,mainCurrencies,2026-08-25 21:15:00,2026-08-25 13:15:13,2026-08-25T13:26:30.214116+00:00,1.2791,1.2605,1.2698,0.7323988029610855,0.7323988029611029
standardized,dbs,USD,SGD,USD/SGD,1,SGD < 50,amtLessThan50,SGD < 50,std_lt_50,mainCurrencies,2026-08-25 21:15:00,2026-08-25 13:15:13,2026-08-25T13:26:30.214116+00:00,1.28,1.2596,1.2698,0.8032761064734594,0.8032761064734594
standardized,dbs,VND,SGD,VND/SGD,100,SGD 50 – 200,amtBtw50And200,"SGD 200 – 39,999.99",std_200_40k,otherCurrencies,2026-08-25 21:15:00,2026-08-25 13:15:13,2026-08-25T13:26:30.214116+00:00,0.005,,,,
standardized,dbs,VND,SGD,VND/SGD,100,SGD 50 – 200,amtBtw50And200,"SGD 40,000 – 100,000",std_40k_100k,otherCurrencies,2026-08-25 21:15:00,2026-08-25 13:15:13,2026-08-25T13:26:30.214116+00:00,0.005,,,,
standardized,dbs,VND,SGD,VND/SGD,100,SGD 50 – 200,amtBtw50And200,SGD 50 – 200,std_50_200,otherCurrencies,2026-08-25 21:15:00,2026-08-25 13:15:13,2026-08-25T13:26:30.214116+00:00,0.005,,,,
standardized,dbs,VND,SGD,VND/SGD,100,SGD < 50,amtLessThan50,SGD < 50,std_lt_50,otherCurrencies,2026-08-25 21:15:00,2026-08-25 13:15:13,2026-08-25T13:26:30.214116+00:00,0.005,,,,
standardized,dbs,XAU,SGD,XAU/SGD,1,SGD 50 – 200,amtBtw50And200,"SGD 200 – 39,999.99",std_200_40k,otherCurrencies,2026-08-25 21:15:00,2026-08-25 13:15:13,2026-08-25T13:26:30.214116+00:00,5904.792,5833.525,5869.1585,0.6071313289631014,0.6071313289630859
standardized,dbs,XAU,SGD,XAU/SGD,1,SGD 50 – 200,amtBtw50And200,"SGD 40,000 – 100,000",std_40k_100k,otherCurrencies,2026-08-25 21:15:00,2026-08-25 13:15:13,2026-08-25T13:26:30.214116+00:00,5904.792,5833.525,5869.1585,0.6071313289631014,0.6071313289630859
standardized,dbs,XAU,SGD,XAU/SGD,1,SGD 50 – 200,amtBtw50And200,SGD 50 – 200,std_50_200,otherCurrencies,2026-08-25 21:15:00,2026-08-25 13:15:13,2026-08-25T13:26:30.214116+00:00,5904.792,5833.525,5869.1585,0.6071313289631014,0.6071313289630859
standardized,dbs,XAU,SGD,XAU/SGD,1,SGD < 50,amtLessThan50,SGD < 50,std_lt_50,otherCurrencies,2026-08-25 21:15:00,2026-08-25 13:15:13,2026-08-25T13:26:30.214116+00:00,5904.737,5833.214,5868.9755000000005,0.6093312197333182,0.6093312197333337
standardized,dbs,ZAR,SGD,ZAR/SGD,1,SGD 50 – 200,amtBtw50And200,"SGD 200 – 39,999.99",std_200_40k,otherCurrencies,2026-08-25 21:15:00,2026-08-25 13:15:13,2026-08-25T13:26:30.214116+00:00,0.0805,0.0786,0.07955000000000001,1.194217473287231,1.1942174732872486
standardized,dbs,ZAR,SGD,ZAR/SGD,1,SGD 50 – 200,amtBtw50And200,"SGD 40,000 – 100,000",std_40k_100k,otherCurrencies,2026-08-25 21:15:00,2026-08-25 13:15:13,2026-08-25T13:26:30.214116+00:00,0.0805,0.0786,0.07955000000000001,1.194217473287231,1.1942174732872486
standardized,dbs,ZAR,SGD,ZAR/SGD,1,SGD 50 – 200,amtBtw50And200,SGD 50 – 200,std_50_200,otherCurrencies,2026-08-25 21:15:00,2026-08-25 13:15:13,2026-08-25T13:26:30.214116+00:00,0.0805,0.0786,0.07955000000000001,1.194217473287231,1.1942174732872486
standardized,dbs,ZAR,SGD,ZAR/SGD,1,SGD < 50,amtLessThan50,SGD < 50,std_lt_50,otherCurrencies,2026-08-25 21:15:00,2026-08-25 13:15:13,2026-08-25T13:26:30.214116+00:00,0.0809,0.0783,0.0796,1.633165829145723,1.6331658291457405
standardized,hsbc,AED,SGD,AED/SGD,100,Indicative board,board,"SGD 200 – 39,999.99",std_200_40k,indicative_fx,2026-8-25,2026-8-25,2026-08-25T13:26:34.138465+00:00,35.7,33.45,34.575,3.2537960954446854,3.2537960954446854
standardized,hsbc,AED,SGD,AED/SGD,100,Indicative board,board,"SGD 40,000 – 100,000",std_40k_100k,indicative_fx,2026-8-25,2026-8-25,2026-08-25T13:26:34.138465+00:00,35.7,33.45,34.575,3.2537960954446854,3.2537960954446854
standardized,hsbc,AED,SGD,AED/SGD,100,Indicative board,board,SGD 50 – 200,std_50_200,indicative_fx,2026-8-25,2026-8-25,2026-08-25T13:26:34.138465+00:00,35.7,33.45,34.575,3.2537960954446854,3.2537960954446854
standardized,hsbc,AED,SGD,AED/SGD,100,Indicative board,board,SGD < 50,std_lt_50,indicative_fx,2026-8-25,2026-8-25,2026-08-25T13:26:34.138465+00:00,35.7,33.45,34.575,3.2537960954446854,3.2537960954446854
standardized,hsbc,AUD,SGD,AUD/SGD,1,Indicative board,board,"SGD 200 – 39,999.99",std_200_40k,indicative_fx,2026-8-25,2026-8-25,2026-08-25T13:26:34.138465+00:00,0.9361,0.8814,0.90875,3.009628610729034,3.0096286107290218
standardized,hsbc,AUD,SGD,AUD/SGD,1,Indicative board,board,"SGD 40,000 – 100,000",std_40k_100k,indicative_fx,2026-8-25,2026-8-25,2026-08-25T13:26:34.138465+00:00,0.9361,0.8814,0.90875,3.009628610729034,3.0096286107290218
standardized,hsbc,AUD,SGD,AUD/SGD,1,Indicative board,board,SGD 50 – 200,std_50_200,indicative_fx,2026-8-25,2026-8-25,2026-08-25T13:26:34.138465+00:00,0.9361,0.8814,0.90875,3.009628610729034,3.0096286107290218
standardized,hsbc,AUD,SGD,AUD/SGD,1,Indicative board,board,SGD < 50,std_lt_50,indicative_fx,2026-8-25,2026-8-25,2026-08-25T13:26:34.138465+00:00,0.9361,0.8814,0.90875,3.009628610729034,3.0096286107290218
standardized,hsbc,CAD,SGD,CAD/SGD,1,Indicative board,board,"SGD 200 – 39,999.99",std_200_40k,indicative_fx,2026-8-25,2026-8-25,2026-08-25T13:26:34.138465+00:00,0.9449,0.8897,0.9173,3.0088302627275656,3.0088302627275656
standardized,hsbc,CAD,SGD,CAD/SGD,1,Indicative board,board,"SGD 40,000 – 100,000",std_40k_100k,indicative_fx,2026-8-25,2026-8-25,2026-08-25T13:26:34.138465+00:00,0.9449,0.8897,0.9173,3.0088302627275656,3.0088302627275656
standardized,hsbc,CAD,SGD,CAD/SGD,1,Indicative board,board,SGD 50 – 200,std_50_200,indicative_fx,2026-8-25,2026-8-25,2026-08-25T13:26:34.138465+00:00,0.9449,0.8897,0.9173,3.0088302627275656,3.0088302627275656
standardized,hsbc,CAD,SGD,CAD/SGD,1,Indicative board,board,SGD < 50,std_lt_50,indicative_fx,2026-8-25,2026-8-25,2026-08-25T13:26:34.138465+00:00,0.9449,0.8897,0.9173,3.0088302627275656,3.0088302627275656
standardized,hsbc,CHF,SGD,CHF/SGD,100,Indicative board,board,"SGD 200 – 39,999.99",std_200_40k,indicative_fx,2026-8-25,2026-8-25,2026-08-25T13:26:34.138465+00:00,163.04,153.51,158.27499999999998,3.010582846311809,3.010582846311791
standardized,hsbc,CHF,SGD,CHF/SGD,100,Indicative board,board,"SGD 40,000 – 100,000",std_40k_100k,indicative_fx,2026-8-25,2026-8-25,2026-08-25T13:26:34.138465+00:00,163.04,153.51,158.27499999999998,3.010582846311809,3.010582846311791
standardized,hsbc,CHF,SGD,CHF/SGD,100,Indicative board,board,SGD 50 – 200,std_50_200,indicative_fx,2026-8-25,2026-8-25,2026-08-25T13:26:34.138465+00:00,163.04,153.51,158.27499999999998,3.010582846311809,3.010582846311791
standardized,hsbc,CHF,SGD,CHF/SGD,100,Indicative board,board,SGD < 50,std_lt_50,indicative_fx,2026-8-25,2026-8-25,2026-08-25T13:26:34.138465+00:00,163.04,153.51,158.27499999999998,3.010582846311809,3.010582846311791
standardized,hsbc,CNY,SGD,CNY/SGD,100,Indicative board,board,"SGD 200 – 39,999.99",std_200_40k,indicative_fx,2026-8-25,2026-8-25,2026-08-25T13:26:34.138465+00:00,19.51,18.28,18.895000000000003,3.2548293199258977,3.2548293199259164
standardized,hsbc,CNY,SGD,CNY/SGD,100,Indicative board,board,"SGD 40,000 – 100,000",std_40k_100k,indicative_fx,2026-8-25,2026-8-25,2026-08-25T13:26:34.138465+00:00,19.51,18.28,18.895000000000003,3.2548293199258977,3.2548293199259164
standardized,hsbc,CNY,SGD,CNY/SGD,100,Indicative board,board,SGD 50 – 200,std_50_200,indicative_fx,2026-8-25,2026-8-25,2026-08-25T13:26:34.138465+00:00,19.51,18.28,18.895000000000003,3.2548293199258977,3.2548293199259164
standardized,hsbc,CNY,SGD,CNY/SGD,100,Indicative board,board,SGD < 50,std_lt_50,indicative_fx,2026-8-25,2026-8-25,2026-08-25T13:26:34.138465+00:00,19.51,18.28,18.895000000000003,3.2548293199258977,3.2548293199259164
standardized,hsbc,DKK,SGD,DKK/SGD,100,Indicative board,board,"SGD 200 – 39,999.99",std_200_40k,indicative_fx,2026-8-25,2026-8-25,2026-08-25T13:26:34.138465+00:00,20.42,19.23,19.825000000000003,3.001261034047913,3.001261034047931
standardized,hsbc,DKK,SGD,DKK/SGD,100,Indicative board,board,"SGD 40,000 – 100,000",std_40k_100k,indicative_fx,2026-8-25,2026-8-25,2026-08-25T13:26:34.138465+00:00,20.42,19.23,19.825000000000003,3.001261034047913,3.001261034047931
standardized,hsbc,DKK,SGD,DKK/SGD,100,Indicative board,board,SGD 50 – 200,std_50_200,indicative_fx,2026-8-25,2026-8-25,2026-08-25T13:26:34.138465+00:00,20.42,19.23,19.825000000000003,3.001261034047913,3.001261034047931
standardized,hsbc,DKK,SGD,DKK/SGD,100,Indicative board,board,SGD < 50,std_lt_50,indicative_fx,2026-8-25,2026-8-25,2026-08-25T13:26:34.138465+00:00,20.42,19.23,19.825000000000003,3.001261034047913,3.001261034047931
standardized,hsbc,EUR,SGD,EUR/SGD,1,Indicative board,board,"SGD 200 – 39,999.99",std_200_40k,indicative_fx,2026-8-25,2026-8-25,2026-08-25T13:26:34.138465+00:00,1.5264,1.4373,1.4818500000000001,3.006377163680525,3.0063771636805403
standardized,hsbc,EUR,SGD,EUR/SGD,1,Indicative board,board,"SGD 40,000 – 100,000",std_40k_100k,indicative_fx,2026-8-25,2026-8-25,2026-08-25T13:26:34.138465+00:00,1.5264,1.4373,1.4818500000000001,3.006377163680525,3.0063771636805403
standardized,hsbc,EUR,SGD,EUR/SGD,1,Indicative board,board,SGD 50 – 200,std_50_200,indicative_fx,2026-8-25,2026-8-25,2026-08-25T13:26:34.138465+00:00,1.5264,1.4373,1.4818500000000001,3.006377163680525,3.0063771636805403
standardized,hsbc,EUR,SGD,EUR/SGD,1,Indicative board,board,SGD < 50,std_lt_50,indicative_fx,2026-8-25,2026-8-25,2026-08-25T13:26:34.138465+00:00,1.5264,1.4373,1.4818500000000001,3.006377163680525,3.0063771636805403
standardized,hsbc,FJD,SGD,FJD/SGD,1,Indicative board,board,"SGD 200 – 39,999.99",std_200_40k,indicative_fx,2026-8-25,2026-8-25,2026-08-25T13:26:34.138465+00:00,0.6048,,,,
standardized,hsbc,FJD,SGD,FJD/SGD,1,Indicative board,board,"SGD 40,000 – 100,000",std_40k_100k,indicative_fx,2026-8-25,2026-8-25,2026-08-25T13:26:34.138465+00:00,0.6048,,,,
standardized,hsbc,FJD,SGD,FJD/SGD,1,Indicative board,board,SGD 50 – 200,std_50_200,indicative_fx,2026-8-25,2026-8-25,2026-08-25T13:26:34.138465+00:00,0.6048,,,,
standardized,hsbc,FJD,SGD,FJD/SGD,1,Indicative board,board,SGD < 50,std_lt_50,indicative_fx,2026-8-25,2026-8-25,2026-08-25T13:26:34.138465+00:00,0.6048,,,,
standardized,hsbc,GBP,SGD,GBP/SGD,1,Indicative board,board,"SGD 200 – 39,999.99",std_200_40k,indicative_fx,2026-8-25,2026-8-25,2026-08-25T13:26:34.138465+00:00,1.7841,1.6799,1.732,3.0080831408776003,3.0080831408776003
standardized,hsbc,GBP,SGD,GBP/SGD,1,Indicative board,board,"SGD 40,000 – 100,000",std_40k_100k,indicative_fx,2026-8-25,2026-8-25,2026-08-25T13:26:34.138465+00:00,1.7841,1.6799,1.732,3.0080831408776003,3.0080831408776003
standardized,hsbc,GBP,SGD,GBP/SGD,1,Indicative board,board,SGD 50 – 200,std_50_200,indicative_fx,2026-8-25,2026-8-25,2026-08-25T13:26:34.138465+00:00,1.7841,1.6799,1.732,3.0080831408776003,3.0080831408776003
standardized,hsbc,GBP,SGD,GBP/SGD,1,Indicative board,board,SGD < 50,std_lt_50,indicative_fx,2026-8-25,2026-8-25,2026-08-25T13:26:34.138465+00:00,1.7841,1.6799,1.732,3.0080831408776003,3.0080831408776003
standardized,hsbc,HKD,SGD,HKD/SGD,100,Indicative board,board,"SGD 200 – 39,999.99",std_200_40k,indicative_fx,2026-8-25,2026-8-25,2026-08-25T13:26:34.138465+00:00,16.41,16.0,16.205,1.2650416538105638,1.2650416538105418
standardized,hsbc,HKD,SGD,HKD/SGD,100,Indicative board,board,"SGD 40,000 – 100,000",std_40k_100k,indicative_fx,2026-8-25,2026-8-25,2026-08-25T13:26:34.138465+00:00,16.41,16.0,16.205,1.2650416538105638,1.2650416538105418
standardized,hsbc,HKD,SGD,HKD/SGD,100,Indicative board,board,SGD 50 – 200,std_50_200,indicative_fx,2026-8-25,2026-8-25,2026-08-25T13:26:34.138465+00:00,16.41,16.0,16.205,1.2650416538105638,1.2650416538105418
standardized,hsbc,HKD,SGD,HKD/SGD,100,Indicative board,board,SGD < 50,std_lt_50,indicative_fx,2026-8-25,2026-8-25,2026-08-25T13:26:34.138465+00:00,16.41,16.0,16.205,1.2650416538105638,1.2650416538105418
standardized,hsbc,IDR,SGD,IDR/SGD,100,Indicative board,board,"SGD 200 – 39,999.99",std_200_40k,indicative_fx,2026-8-25,2026-8-25,2026-08-25T13:26:34.138465+00:00,0.0074,,,,
standardized,hsbc,IDR,SGD,IDR/SGD,100,Indicative board,board,"SGD 40,000 – 100,000",std_40k_100k,indicative_fx,2026-8-25,2026-8-25,2026-08-25T13:26:34.138465+00:00,0.0074,,,,
standardized,hsbc,IDR,SGD,IDR/SGD,100,Indicative board,board,SGD 50 – 200,std_50_200,indicative_fx,2026-8-25,2026-8-25,2026-08-25T13:26:34.138465+00:00,0.0074,,,,
standardized,hsbc,IDR,SGD,IDR/SGD,100,Indicative board,board,SGD < 50,std_lt_50,indicative_fx,2026-8-25,2026-8-25,2026-08-25T13:26:34.138465+00:00,0.0074,,,,
standardized,hsbc,INR,SGD,INR/SGD,100,Indicative board,board,"SGD 200 – 39,999.99",std_200_40k,indicative_fx,2026-8-25,2026-8-25,2026-08-25T13:26:34.138465+00:00,1.37,,,,
standardized,hsbc,INR,SGD,INR/SGD,100,Indicative board,board,"SGD 40,000 – 100,000",std_40k_100k,indicative_fx,2026-8-25,2026-8-25,2026-08-25T13:26:34.138465+00:00,1.37,,,,
standardized,hsbc,INR,SGD,INR/SGD,100,Indicative board,board,SGD 50 – 200,std_50_200,indicative_fx,2026-8-25,2026-8-25,2026-08-25T13:26:34.138465+00:00,1.37,,,,
standardized,hsbc,INR,SGD,INR/SGD,100,Indicative board,board,SGD < 50,std_lt_50,indicative_fx,2026-8-25,2026-8-25,2026-08-25T13:26:34.138465+00:00,1.37,,,,
standardized,hsbc,JPY,SGD,JPY/SGD,100,Indicative board,board,"SGD 200 – 39,999.99",std_200_40k,indicative_fx,2026-8-25,2026-8-25,2026-08-25T13:26:34.138465+00:00,0.822,0.774,0.798,3.00751879699247,3.0075187969924837
standardized,hsbc,JPY,SGD,JPY/SGD,100,Indicative board,board,"SGD 40,000 – 100,000",std_40k_100k,indicative_fx,2026-8-25,2026-8-25,2026-08-25T13:26:34.138465+00:00,0.822,0.774,0.798,3.00751879699247,3.0075187969924837
standardized,hsbc,JPY,SGD,JPY/SGD,100,Indicative board,board,SGD 50 – 200,std_50_200,indicative_fx,2026-8-25,2026-8-25,2026-08-25T13:26:34.138465+00:00,0.822,0.774,0.798,3.00751879699247,3.0075187969924837
standardized,hsbc,JPY,SGD,JPY/SGD,100,Indicative board,board,SGD < 50,std_lt_50,indicative_fx,2026-8-25,2026-8-25,2026-08-25T13:26:34.138465+00:00,0.822,0.774,0.798,3.00751879699247,3.0075187969924837
standardized,hsbc,LKR,SGD,LKR/SGD,100,Indicative board,board,"SGD 200 – 39,999.99",std_200_40k,indicative_fx,2026-8-25,2026-8-25,2026-08-25T13:26:34.138465+00:00,0.4,,,,
standardized,hsbc,LKR,SGD,LKR/SGD,100,Indicative board,board,"SGD 40,000 – 100,000",std_40k_100k,indicative_fx,2026-8-25,2026-8-25,2026-08-25T13:26:34.138465+00:00,0.4,,,,
standardized,hsbc,LKR,SGD,LKR/SGD,100,Indicative board,board,SGD 50 – 200,std_50_200,indicative_fx,2026-8-25,2026-8-25,2026-08-25T13:26:34.138465+00:00,0.4,,,,
standardized,hsbc,LKR,SGD,LKR/SGD,100,Indicative board,board,SGD < 50,std_lt_50,indicative_fx,2026-8-25,2026-8-25,2026-08-25T13:26:34.138465+00:00,0.4,,,,
standardized,hsbc,MUR,SGD,MUR/SGD,100,Indicative board,board,"SGD 200 – 39,999.99",std_200_40k,indicative_fx,2026-8-25,2026-8-25,2026-08-25T13:26:34.138465+00:00,2.82,2.62,2.7199999999999998,3.676470588235298,3.676470588235281
standardized,hsbc,MUR,SGD,MUR/SGD,100,Indicative board,board,"SGD 40,000 – 100,000",std_40k_100k,indicative_fx,2026-8-25,2026-8-25,2026-08-25T13:26:34.138465+00:00,2.82,2.62,2.7199999999999998,3.676470588235298,3.676470588235281
standardized,hsbc,MUR,SGD,MUR/SGD,100,Indicative board,board,SGD 50 – 200,std_50_200,indicative_fx,2026-8-25,2026-8-25,2026-08-25T13:26:34.138465+00:00,2.82,2.62,2.7199999999999998,3.676470588235298,3.676470588235281
standardized,hsbc,MUR,SGD,MUR/SGD,100,Indicative board,board,SGD < 50,std_lt_50,indicative_fx,2026-8-25,2026-8-25,2026-08-25T13:26:34.138465+00:00,2.82,2.62,2.7199999999999998,3.676470588235298,3.676470588235281
standardized,hsbc,NOK,SGD,NOK/SGD,100,Indicative board,board,"SGD 200 – 39,999.99",std_200_40k,indicative_fx,2026-8-25,2026-8-25,2026-08-25T13:26:34.138465+00:00,14.06,13.23,13.645,3.0414071088310806,3.0414071088310677
standardized,hsbc,NOK,SGD,NOK/SGD,100,Indicative board,board,"SGD 40,000 – 100,000",std_40k_100k,indicative_fx,2026-8-25,2026-8-25,2026-08-25T13:26:34.138465+00:00,14.06,13.23,13.645,3.0414071088310806,3.0414071088310677
standardized,hsbc,NOK,SGD,NOK/SGD,100,Indicative board,board,SGD 50 – 200,std_50_200,indicative_fx,2026-8-25,2026-8-25,2026-08-25T13:26:34.138465+00:00,14.06,13.23,13.645,3.0414071088310806,3.0414071088310677
standardized,hsbc,NOK,SGD,NOK/SGD,100,Indicative board,board,SGD < 50,std_lt_50,indicative_fx,2026-8-25,2026-8-25,2026-08-25T13:26:34.138465+00:00,14.06,13.23,13.645,3.0414071088310806,3.0414071088310677
standardized,hsbc,NZD,SGD,NZD/SGD,1,Indicative board,board,"SGD 200 – 39,999.99",std_200_40k,indicative_fx,2026-8-25,2026-8-25,2026-08-25T13:26:34.138465+00:00,0.7804,0.7347,0.75755,3.016302554286851,3.016302554286836
standardized,hsbc,NZD,SGD,NZD/SGD,1,Indicative board,board,"SGD 40,000 – 100,000",std_40k_100k,indicative_fx,2026-8-25,2026-8-25,2026-08-25T13:26:34.138465+00:00,0.7804,0.7347,0.75755,3.016302554286851,3.016302554286836
standardized,hsbc,NZD,SGD,NZD/SGD,1,Indicative board,board,SGD 50 – 200,std_50_200,indicative_fx,2026-8-25,2026-8-25,2026-08-25T13:26:34.138465+00:00,0.7804,0.7347,0.75755,3.016302554286851,3.016302554286836
standardized,hsbc,NZD,SGD,NZD/SGD,1,Indicative board,board,SGD < 50,std_lt_50,indicative_fx,2026-8-25,2026-8-25,2026-08-25T13:26:34.138465+00:00,0.7804,0.7347,0.75755,3.016302554286851,3.016302554286836
standardized,hsbc,PHP,SGD,PHP/SGD,100,Indicative board,board,"SGD 200 – 39,999.99",std_200_40k,indicative_fx,2026-8-25,2026-8-25,2026-08-25T13:26:34.138465+00:00,2.13,,,,
standardized,hsbc,PHP,SGD,PHP/SGD,100,Indicative board,board,"SGD 40,000 – 100,000",std_40k_100k,indicative_fx,2026-8-25,2026-8-25,2026-08-25T13:26:34.138465+00:00,2.13,,,,
standardized,hsbc,PHP,SGD,PHP/SGD,100,Indicative board,board,SGD 50 – 200,std_50_200,indicative_fx,2026-8-25,2026-8-25,2026-08-25T13:26:34.138465+00:00,2.13,,,,
standardized,hsbc,PHP,SGD,PHP/SGD,100,Indicative board,board,SGD < 50,std_lt_50,indicative_fx,2026-8-25,2026-8-25,2026-08-25T13:26:34.138465+00:00,2.13,,,,
standardized,hsbc,PKR,SGD,PKR/SGD,100,Indicative board,board,"SGD 200 – 39,999.99",std_200_40k,indicative_fx,2026-8-25,2026-8-25,2026-08-25T13:26:34.138465+00:00,0.47,,,,
standardized,hsbc,PKR,SGD,PKR/SGD,100,Indicative board,board,"SGD 40,000 – 100,000",std_40k_100k,indicative_fx,2026-8-25,2026-8-25,2026-08-25T13:26:34.138465+00:00,0.47,,,,
standardized,hsbc,PKR,SGD,PKR/SGD,100,Indicative board,board,SGD 50 – 200,std_50_200,indicative_fx,2026-8-25,2026-8-25,2026-08-25T13:26:34.138465+00:00,0.47,,,,
standardized,hsbc,PKR,SGD,PKR/SGD,100,Indicative board,board,SGD < 50,std_lt_50,indicative_fx,2026-8-25,2026-8-25,2026-08-25T13:26:34.138465+00:00,0.47,,,,
standardized,hsbc,QAR,SGD,QAR/SGD,100,Indicative board,board,"SGD 200 – 39,999.99",std_200_40k,indicative_fx,2026-8-25,2026-8-25,2026-08-25T13:26:34.138465+00:00,35.27,34.4,34.835,1.2487440792306654,1.2487440792306654
standardized,hsbc,QAR,SGD,QAR/SGD,100,Indicative board,board,"SGD 40,000 – 100,000",std_40k_100k,indicative_fx,2026-8-25,2026-8-25,2026-08-25T13:26:34.138465+00:00,35.27,34.4,34.835,1.2487440792306654,1.2487440792306654
standardized,hsbc,QAR,SGD,QAR/SGD,100,Indicative board,board,SGD 50 – 200,std_50_200,indicative_fx,2026-8-25,2026-8-25,2026-08-25T13:26:34.138465+00:00,35.27,34.4,34.835,1.2487440792306654,1.2487440792306654
standardized,hsbc,QAR,SGD,QAR/SGD,100,Indicative board,board,SGD < 50,std_lt_50,indicative_fx,2026-8-25,2026-8-25,2026-08-25T13:26:34.138465+00:00,35.27,34.4,34.835,1.2487440792306654,1.2487440792306654
standardized,hsbc,RUB,SGD,RUB/SGD,100,Indicative board,board,"SGD 200 – 39,999.99",std_200_40k,indicative_fx,2026-8-25,2026-8-25,2026-08-25T13:26:34.138465+00:00,15.79,14.5,15.145,4.2588312974579035,4.2588312974579035
standardized,hsbc,RUB,SGD,RUB/SGD,100,Indicative board,board,"SGD 40,000 – 100,000",std_40k_100k,indicative_fx,2026-8-25,2026-8-25,2026-08-25T13:26:34.138465+00:00,15.79,14.5,15.145,4.2588312974579035,4.2588312974579035
standardized,hsbc,RUB,SGD,RUB/SGD,100,Indicative board,board,SGD 50 – 200,std_50_200,indicative_fx,2026-8-25,2026-8-25,2026-08-25T13:26:34.138465+00:00,15.79,14.5,15.145,4.2588312974579035,4.2588312974579035
standardized,hsbc,RUB,SGD,RUB/SGD,100,Indicative board,board,SGD < 50,std_lt_50,indicative_fx,2026-8-25,2026-8-25,2026-08-25T13:26:34.138465+00:00,15.79,14.5,15.145,4.2588312974579035,4.2588312974579035
standardized,hsbc,SAR,SGD,SAR/SGD,100,Indicative board,board,"SGD 200 – 39,999.99",std_200_40k,indicative_fx,2026-8-25,2026-8-25,2026-08-25T13:26:34.138465+00:00,34.25,33.4,33.825,1.2564671101256382,1.2564671101256593
standardized,hsbc,SAR,SGD,SAR/SGD,100,Indicative board,board,"SGD 40,000 – 100,000",std_40k_100k,indicative_fx,2026-8-25,2026-8-25,2026-08-25T13:26:34.138465+00:00,34.25,33.4,33.825,1.2564671101256382,1.2564671101256593
standardized,hsbc,SAR,SGD,SAR/SGD,100,Indicative board,board,SGD 50 – 200,std_50_200,indicative_fx,2026-8-25,2026-8-25,2026-08-25T13:26:34.138465+00:00,34.25,33.4,33.825,1.2564671101256382,1.2564671101256593
standardized,hsbc,SAR,SGD,SAR/SGD,100,Indicative board,board,SGD < 50,std_lt_50,indicative_fx,2026-8-25,2026-8-25,2026-08-25T13:26:34.138465+00:00,34.25,33.4,33.825,1.2564671101256382,1.2564671101256593
standardized,hsbc,SEK,SGD,SEK/SGD,100,Indicative board,board,"SGD 200 – 39,999.99",std_200_40k,indicative_fx,2026-8-25,2026-8-25,2026-08-25T13:26:34.138465+00:00,13.79,12.98,13.385,3.0257751214045525,3.0257751214045525
standardized,hsbc,SEK,SGD,SEK/SGD,100,Indicative board,board,"SGD 40,000 – 100,000",std_40k_100k,indicative_fx,2026-8-25,2026-8-25,2026-08-25T13:26:34.138465+00:00,13.79,12.98,13.385,3.0257751214045525,3.0257751214045525
standardized,hsbc,SEK,SGD,SEK/SGD,100,Indicative board,board,SGD 50 – 200,std_50_200,indicative_fx,2026-8-25,2026-8-25,2026-08-25T13:26:34.138465+00:00,13.79,12.98,13.385,3.0257751214045525,3.0257751214045525
standardized,hsbc,SEK,SGD,SEK/SGD,100,Indicative board,board,SGD < 50,std_lt_50,indicative_fx,2026-8-25,2026-8-25,2026-08-25T13:26:34.138465+00:00,13.79,12.98,13.385,3.0257751214045525,3.0257751214045525
standardized,hsbc,THB,SGD,THB/SGD,100,Indicative board,board,"SGD 200 – 39,999.99",std_200_40k,indicative_fx,2026-8-25,2026-8-25,2026-08-25T13:26:34.138465+00:00,4.01,,,,
standardized,hsbc,THB,SGD,THB/SGD,100,Indicative board,board,"SGD 40,000 – 100,000",std_40k_100k,indicative_fx,2026-8-25,2026-8-25,2026-08-25T13:26:34.138465+00:00,4.01,,,,
standardized,hsbc,THB,SGD,THB/SGD,100,Indicative board,board,SGD 50 – 200,std_50_200,indicative_fx,2026-8-25,2026-8-25,2026-08-25T13:26:34.138465+00:00,4.01,,,,
standardized,hsbc,THB,SGD,THB/SGD,100,Indicative board,board,SGD < 50,std_lt_50,indicative_fx,2026-8-25,2026-8-25,2026-08-25T13:26:34.138465+00:00,4.01,,,,
standardized,hsbc,TRY,SGD,TRY/SGD,1,Indicative board,board,"SGD 200 – 39,999.99",std_200_40k,indicative_fx,2026-8-25,2026-8-25,2026-08-25T13:26:34.138465+00:00,0.0273,,,,
standardized,hsbc,TRY,SGD,TRY/SGD,1,Indicative board,board,"SGD 40,000 – 100,000",std_40k_100k,indicative_fx,2026-8-25,2026-8-25,2026-08-25T13:26:34.138465+00:00,0.0273,,,,
standardized,hsbc,TRY,SGD,TRY/SGD,1,Indicative board,board,SGD 50 – 200,std_50_200,indicative_fx,2026-8-25,2026-8-25,2026-08-25T13:26:34.138465+00:00,0.0273,,,,
standardized,hsbc,TRY,SGD,TRY/SGD,1,Indicative board,board,SGD < 50,std_lt_50,indicative_fx,2026-8-25,2026-8-25,2026-08-25T13:26:34.138465+00:00,0.0273,,,,
standardized,hsbc,USD,SGD,USD/SGD,1,Indicative board,board,"SGD 200 – 39,999.99",std_200_40k,indicative_fx,2026-8-25,2026-8-25,2026-08-25T13:26:34.138465+00:00,1.2953,1.2444,1.26985,2.004173721305664,2.004173721305664
standardized,hsbc,USD,SGD,USD/SGD,1,Indicative board,board,"SGD 40,000 – 100,000",std_40k_100k,indicative_fx,2026-8-25,2026-8-25,2026-08-25T13:26:34.138465+00:00,1.2953,1.2444,1.26985,2.004173721305664,2.004173721305664
standardized,hsbc,USD,SGD,USD/SGD,1,Indicative board,board,SGD 50 – 200,std_50_200,indicative_fx,2026-8-25,2026-8-25,2026-08-25T13:26:34.138465+00:00,1.2953,1.2444,1.26985,2.004173721305664,2.004173721305664
standardized,hsbc,USD,SGD,USD/SGD,1,Indicative board,board,SGD < 50,std_lt_50,indicative_fx,2026-8-25,2026-8-25,2026-08-25T13:26:34.138465+00:00,1.2953,1.2444,1.26985,2.004173721305664,2.004173721305664
standardized,hsbc,ZAR,SGD,ZAR/SGD,1,Indicative board,board,"SGD 200 – 39,999.99",std_200_40k,indicative_fx,2026-8-25,2026-8-25,2026-08-25T13:26:34.138465+00:00,0.0819,0.0767,0.07930000000000001,3.2786885245901525,3.27868852459017
standardized,hsbc,ZAR,SGD,ZAR/SGD,1,Indicative board,board,"SGD 40,000 – 100,000",std_40k_100k,indicative_fx,2026-8-25,2026-8-25,2026-08-25T13:26:34.138465+00:00,0.0819,0.0767,0.07930000000000001,3.2786885245901525,3.27868852459017
standardized,hsbc,ZAR,SGD,ZAR/SGD,1,Indicative board,board,SGD 50 – 200,std_50_200,indicative_fx,2026-8-25,2026-8-25,2026-08-25T13:26:34.138465+00:00,0.0819,0.0767,0.07930000000000001,3.2786885245901525,3.27868852459017
standardized,hsbc,ZAR,SGD,ZAR/SGD,1,Indicative board,board,SGD < 50,std_lt_50,indicative_fx,2026-8-25,2026-8-25,2026-08-25T13:26:34.138465+00:00,0.0819,0.0767,0.07930000000000001,3.2786885245901525,3.27868852459017
standardized,ocbc,AED,SGD,AED/SGD,100,"SGD 0 – 39,999.99",tier_1,"SGD 200 – 39,999.99",std_200_40k,fxRatesSgd,2026-08-25T07:00:15,2026-08-25T07:00:15,2026-08-25T13:26:31.837578+00:00,35.4813,33.4743,34.4778,2.910568539756003,2.910568539756024
standardized,ocbc,AED,SGD,AED/SGD,100,"SGD 40,000 – 100,000",tier_2,"SGD 40,000 – 100,000",std_40k_100k,fxRatesSgd,2026-08-25T07:00:15,2026-08-25T07:00:15,2026-08-25T13:26:31.837578+00:00,35.4709,33.4914,34.4778,2.8804042021242604,2.860971407688435
standardized,ocbc,AED,SGD,AED/SGD,100,"SGD 0 – 39,999.99",tier_1,SGD 50 – 200,std_50_200,fxRatesSgd,2026-08-25T07:00:15,2026-08-25T07:00:15,2026-08-25T13:26:31.837578+00:00,35.4813,33.4743,34.4778,2.910568539756003,2.910568539756024
standardized,ocbc,AED,SGD,AED/SGD,100,"SGD 0 – 39,999.99",tier_1,SGD < 50,std_lt_50,fxRatesSgd,2026-08-25T07:00:15,2026-08-25T07:00:15,2026-08-25T13:26:31.837578+00:00,35.4813,33.4743,34.4778,2.910568539756003,2.910568539756024
standardized,ocbc,AUD,SGD,AUD/SGD,1,"SGD 0 – 39,999.99",tier_1,"SGD 200 – 39,999.99",std_200_40k,fxRatesSgd,2026-08-25T07:00:15,2026-08-25T07:00:15,2026-08-25T13:26:31.837578+00:00,0.9252,0.8959,0.9106,1.6033384581594619,1.6143202284208145
standardized,ocbc,AUD,SGD,AUD/SGD,1,"SGD 40,000 – 100,000",tier_2,"SGD 40,000 – 100,000",std_40k_100k,fxRatesSgd,2026-08-25T07:00:15,2026-08-25T07:00:15,2026-08-25T13:26:31.837578+00:00,0.9234,0.8977,0.9106,1.4056665934548687,1.4166483637162215
standardized,ocbc,AUD,SGD,AUD/SGD,1,"SGD 0 – 39,999.99",tier_1,SGD 50 – 200,std_50_200,fxRatesSgd,2026-08-25T07:00:15,2026-08-25T07:00:15,2026-08-25T13:26:31.837578+00:00,0.9252,0.8959,0.9106,1.6033384581594619,1.6143202284208145
standardized,ocbc,AUD,SGD,AUD/SGD,1,"SGD 0 – 39,999.99",tier_1,SGD < 50,std_lt_50,fxRatesSgd,2026-08-25T07:00:15,2026-08-25T07:00:15,2026-08-25T13:26:31.837578+00:00,0.9252,0.8959,0.9106,1.6033384581594619,1.6143202284208145
standardized,ocbc,BGN,SGD,BGN/SGD,100,"SGD 0 – 39,999.99",tier_1,"SGD 200 – 39,999.99",std_200_40k,fxRatesSgd,2026-08-25T07:00:15,2026-08-25T07:00:15,2026-08-25T13:26:31.837578+00:00,0.0,0.0,0.0,,
standardized,ocbc,BGN,SGD,BGN/SGD,100,"SGD 40,000 – 100,000",tier_2,"SGD 40,000 – 100,000",std_40k_100k,fxRatesSgd,2026-08-25T07:00:15,2026-08-25T07:00:15,2026-08-25T13:26:31.837578+00:00,0.0,0.0,0.0,,
standardized,ocbc,BGN,SGD,BGN/SGD,100,"SGD 0 – 39,999.99",tier_1,SGD 50 – 200,std_50_200,fxRatesSgd,2026-08-25T07:00:15,2026-08-25T07:00:15,2026-08-25T13:26:31.837578+00:00,0.0,0.0,0.0,,
standardized,ocbc,BGN,SGD,BGN/SGD,100,"SGD 0 – 39,999.99",tier_1,SGD < 50,std_lt_50,fxRatesSgd,2026-08-25T07:00:15,2026-08-25T07:00:15,2026-08-25T13:26:31.837578+00:00,0.0,0.0,0.0,,
standardized,ocbc,BHD,SGD,BHD/SGD,1,"SGD 0 – 39,999.99",tier_1,"SGD 200 – 39,999.99",std_200_40k,fxRatesSgd,2026-08-25T07:00:15,2026-08-25T07:00:15,2026-08-25T13:26:31.837578+00:00,0.0,0.0,0.0,,
standardized,ocbc,BHD,SGD,BHD/SGD,1,"SGD 40,000 – 100,000",tier_2,"SGD 40,000 – 100,000",std_40k_100k,fxRatesSgd,2026-08-25T07:00:15,2026-08-25T07:00:15,2026-08-25T13:26:31.837578+00:00,0.0,0.0,0.0,,
standardized,ocbc,BHD,SGD,BHD/SGD,1,"SGD 0 – 39,999.99",tier_1,SGD 50 – 200,std_50_200,fxRatesSgd,2026-08-25T07:00:15,2026-08-25T07:00:15,2026-08-25T13:26:31.837578+00:00,0.0,0.0,0.0,,
standardized,ocbc,BHD,SGD,BHD/SGD,1,"SGD 0 – 39,999.99",tier_1,SGD < 50,std_lt_50,fxRatesSgd,2026-08-25T07:00:15,2026-08-25T07:00:15,2026-08-25T13:26:31.837578+00:00,0.0,0.0,0.0,,
standardized,ocbc,CAD,SGD,CAD/SGD,1,"SGD 0 – 39,999.99",tier_1,"SGD 200 – 39,999.99",std_200_40k,fxRatesSgd,2026-08-25T07:00:15,2026-08-25T07:00:15,2026-08-25T13:26:31.837578+00:00,0.9333,0.9001,0.9167,1.8108432420639315,1.8108432420639193
standardized,ocbc,CAD,SGD,CAD/SGD,1,"SGD 40,000 – 100,000",tier_2,"SGD 40,000 – 100,000",std_40k_100k,fxRatesSgd,2026-08-25T07:00:15,2026-08-25T07:00:15,2026-08-25T13:26:31.837578+00:00,0.9314,0.9019,0.9167,1.6035780517072158,1.6144867459365033
standardized,ocbc,CAD,SGD,CAD/SGD,1,"SGD 0 – 39,999.99",tier_1,SGD 50 – 200,std_50_200,fxRatesSgd,2026-08-25T07:00:15,2026-08-25T07:00:15,2026-08-25T13:26:31.837578+00:00,0.9333,0.9001,0.9167,1.8108432420639315,1.8108432420639193
standardized,ocbc,CAD,SGD,CAD/SGD,1,"SGD 0 – 39,999.99",tier_1,SGD < 50,std_lt_50,fxRatesSgd,2026-08-25T07:00:15,2026-08-25T07:00:15,2026-08-25T13:26:31.837578+00:00,0.9333,0.9001,0.9167,1.8108432420639315,1.8108432420639193
standardized,ocbc,CHF,SGD,CHF/SGD,100,"SGD 0 – 39,999.99",tier_1,"SGD 200 – 39,999.99",std_200_40k,fxRatesSgd,2026-08-25T07:00:15,2026-08-25T07:00:15,2026-08-25T13:26:31.837578+00:00,161.1188,155.3856,158.2522,1.8114124163834726,1.8114124163834546
standardized,ocbc,CHF,SGD,CHF/SGD,100,"SGD 40,000 – 100,000",tier_2,"SGD 40,000 – 100,000",std_40k_100k,fxRatesSgd,2026-08-25T07:00:15,2026-08-25T07:00:15,2026-08-25T13:26:31.837578+00:00,160.8022,155.7021,158.2522,1.611352006480802,1.6114151967555501
standardized,ocbc,CHF,SGD,CHF/SGD,100,"SGD 0 – 39,999.99",tier_1,SGD 50 – 200,std_50_200,fxRatesSgd,2026-08-25T07:00:15,2026-08-25T07:00:15,2026-08-25T13:26:31.837578+00:00,161.1188,155.3856,158.2522,1.8114124163834726,1.8114124163834546
standardized,ocbc,CHF,SGD,CHF/SGD,100,"SGD 0 – 39,999.99",tier_1,SGD < 50,std_lt_50,fxRatesSgd,2026-08-25T07:00:15,2026-08-25T07:00:15,2026-08-25T13:26:31.837578+00:00,161.1188,155.3856,158.2522,1.8114124163834726,1.8114124163834546
standardized,ocbc,CNH,SGD,CNH/SGD,100,"SGD 0 – 39,999.99",tier_1,"SGD 200 – 39,999.99",std_200_40k,fxRatesSgd,2026-08-25T07:00:15,2026-08-25T07:00:15,2026-08-25T13:26:31.837578+00:00,19.2462,18.6771,18.9617,1.5003928972613283,1.5009202761355842
standardized,ocbc,CNH,SGD,CNH/SGD,100,"SGD 40,000 – 100,000",tier_2,"SGD 40,000 – 100,000",std_40k_100k,fxRatesSgd,2026-08-25T07:00:15,2026-08-25T07:00:15,2026-08-25T13:26:31.837578+00:00,19.2273,18.696,18.9617,1.4007182900267336,1.4012456689009896
standardized,ocbc,CNH,SGD,CNH/SGD,100,"SGD 0 – 39,999.99",tier_1,SGD 50 – 200,std_50_200,fxRatesSgd,2026-08-25T07:00:15,2026-08-25T07:00:15,2026-08-25T13:26:31.837578+00:00,19.2462,18.6771,18.9617,1.5003928972613283,1.5009202761355842
standardized,ocbc,CNH,SGD,CNH/SGD,100,"SGD 0 – 39,999.99",tier_1,SGD < 50,std_lt_50,fxRatesSgd,2026-08-25T07:00:15,2026-08-25T07:00:15,2026-08-25T13:26:31.837578+00:00,19.2462,18.6771,18.9617,1.5003928972613283,1.5009202761355842
standardized,ocbc,CZK,SGD,CZK/SGD,100,"SGD 0 – 39,999.99",tier_1,"SGD 200 – 39,999.99",std_200_40k,fxRatesSgd,2026-08-25T07:00:15,2026-08-25T07:00:15,2026-08-25T13:26:31.837578+00:00,0.0,0.0,0.0,,
standardized,ocbc,CZK,SGD,CZK/SGD,100,"SGD 40,000 – 100,000",tier_2,"SGD 40,000 – 100,000",std_40k_100k,fxRatesSgd,2026-08-25T07:00:15,2026-08-25T07:00:15,2026-08-25T13:26:31.837578+00:00,0.0,0.0,0.0,,
standardized,ocbc,CZK,SGD,CZK/SGD,100,"SGD 0 – 39,999.99",tier_1,SGD 50 – 200,std_50_200,fxRatesSgd,2026-08-25T07:00:15,2026-08-25T07:00:15,2026-08-25T13:26:31.837578+00:00,0.0,0.0,0.0,,
standardized,ocbc,CZK,SGD,CZK/SGD,100,"SGD 0 – 39,999.99",tier_1,SGD < 50,std_lt_50,fxRatesSgd,2026-08-25T07:00:15,2026-08-25T07:00:15,2026-08-25T13:26:31.837578+00:00,0.0,0.0,0.0,,
standardized,ocbc,DKK,SGD,DKK/SGD,100,"SGD 0 – 39,999.99",tier_1,"SGD 200 – 39,999.99",std_200_40k,fxRatesSgd,2026-08-25T07:00:15,2026-08-25T07:00:15,2026-08-25T13:26:31.837578+00:00,20.1777,19.4616,19.8197,1.8062836470784147,1.806788195583184
standardized,ocbc,DKK,SGD,DKK/SGD,100,"SGD 40,000 – 100,000",tier_2,"SGD 40,000 – 100,000",std_40k_100k,fxRatesSgd,2026-08-25T07:00:15,2026-08-25T07:00:15,2026-08-25T13:26:31.837578+00:00,20.1381,19.5013,19.8197,1.6064824391892936,1.6064824391892936
standardized,ocbc,DKK,SGD,DKK/SGD,100,"SGD 0 – 39,999.99",tier_1,SGD 50 – 200,std_50_200,fxRatesSgd,2026-08-25T07:00:15,2026-08-25T07:00:15,2026-08-25T13:26:31.837578+00:00,20.1777,19.4616,19.8197,1.8062836470784147,1.806788195583184
standardized,ocbc,DKK,SGD,DKK/SGD,100,"SGD 0 – 39,999.99",tier_1,SGD < 50,std_lt_50,fxRatesSgd,2026-08-25T07:00:15,2026-08-25T07:00:15,2026-08-25T13:26:31.837578+00:00,20.1777,19.4616,19.8197,1.8062836470784147,1.806788195583184
standardized,ocbc,EUR,SGD,EUR/SGD,1,"SGD 0 – 39,999.99",tier_1,"SGD 200 – 39,999.99",std_200_40k,fxRatesSgd,2026-08-25T07:00:15,2026-08-25T07:00:15,2026-08-25T13:26:31.837578+00:00,1.4984,1.4615,1.48,1.2432432432432412,1.2499999999999973
standardized,ocbc,EUR,SGD,EUR/SGD,1,"SGD 40,000 – 100,000",tier_2,"SGD 40,000 – 100,000",std_40k_100k,fxRatesSgd,2026-08-25T07:00:15,2026-08-25T07:00:15,2026-08-25T13:26:31.837578+00:00,1.4966,1.4634,1.48,1.1216216216216182,1.1216216216216182
standardized,ocbc,EUR,SGD,EUR/SGD,1,"SGD 0 – 39,999.99",tier_1,SGD 50 – 200,std_50_200,fxRatesSgd,2026-08-25T07:00:15,2026-08-25T07:00:15,2026-08-25T13:26:31.837578+00:00,1.4984,1.4615,1.48,1.2432432432432412,1.2499999999999973
standardized,ocbc,EUR,SGD,EUR/SGD,1,"SGD 0 – 39,999.99",tier_1,SGD < 50,std_lt_50,fxRatesSgd,2026-08-25T07:00:15,2026-08-25T07:00:15,2026-08-25T13:26:31.837578+00:00,1.4984,1.4615,1.48,1.2432432432432412,1.2499999999999973
standardized,ocbc,GBP,SGD,GBP/SGD,1,"SGD 0 – 39,999.99",tier_1,"SGD 200 – 39,999.99",std_200_40k,fxRatesSgd,2026-08-25T07:00:15,2026-08-25T07:00:15,2026-08-25T13:26:31.837578+00:00,1.7546,1.7081,1.7314,1.3399561048862128,1.3457317777521138
standardized,ocbc,GBP,SGD,GBP/SGD,1,"SGD 40,000 – 100,000",tier_2,"SGD 40,000 – 100,000",std_40k_100k,fxRatesSgd,2026-08-25T07:00:15,2026-08-25T07:00:15,2026-08-25T13:26:31.837578+00:00,1.7529,1.7102,1.7314,1.2417696661660997,1.2244426475684478
standardized,ocbc,GBP,SGD,GBP/SGD,1,"SGD 0 – 39,999.99",tier_1,SGD 50 – 200,std_50_200,fxRatesSgd,2026-08-25T07:00:15,2026-08-25T07:00:15,2026-08-25T13:26:31.837578+00:00,1.7546,1.7081,1.7314,1.3399561048862128,1.3457317777521138
standardized,ocbc,GBP,SGD,GBP/SGD,1,"SGD 0 – 39,999.99",tier_1,SGD < 50,std_lt_50,fxRatesSgd,2026-08-25T07:00:15,2026-08-25T07:00:15,2026-08-25T13:26:31.837578+00:00,1.7546,1.7081,1.7314,1.3399561048862128,1.3457317777521138
standardized,ocbc,HKD,SGD,HKD/SGD,100,"SGD 0 – 39,999.99",tier_1,"SGD 200 – 39,999.99",std_200_40k,fxRatesSgd,2026-08-25T07:00:15,2026-08-25T07:00:15,2026-08-25T13:26:31.837578+00:00,16.4165,16.0195,16.218,1.2239486989764412,1.2239486989764412
standardized,ocbc,HKD,SGD,HKD/SGD,100,"SGD 40,000 – 100,000",tier_2,"SGD 40,000 – 100,000",std_40k_100k,fxRatesSgd,2026-08-25T07:00:15,2026-08-25T07:00:15,2026-08-25T13:26:31.837578+00:00,16.3873,16.0292,16.218,1.0439018374645443,1.1641386114194137
standardized,ocbc,HKD,SGD,HKD/SGD,100,"SGD 0 – 39,999.99",tier_1,SGD 50 – 200,std_50_200,fxRatesSgd,2026-08-25T07:00:15,2026-08-25T07:00:15,2026-08-25T13:26:31.837578+00:00,16.4165,16.0195,16.218,1.2239486989764412,1.2239486989764412
standardized,ocbc,HKD,SGD,HKD/SGD,100,"SGD 0 – 39,999.99",tier_1,SGD < 50,std_lt_50,fxRatesSgd,2026-08-25T07:00:15,2026-08-25T07:00:15,2026-08-25T13:26:31.837578+00:00,16.4165,16.0195,16.218,1.2239486989764412,1.2239486989764412
standardized,ocbc,HUF,SGD,HUF/SGD,100,"SGD 0 – 39,999.99",tier_1,"SGD 200 – 39,999.99",std_200_40k,fxRatesSgd,2026-08-25T07:00:15,2026-08-25T07:00:15,2026-08-25T13:26:31.837578+00:00,0.0,0.0,0.0,,
standardized,ocbc,HUF,SGD,HUF/SGD,100,"SGD 40,000 – 100,000",tier_2,"SGD 40,000 – 100,000",std_40k_100k,fxRatesSgd,2026-08-25T07:00:15,2026-08-25T07:00:15,2026-08-25T13:26:31.837578+00:00,0.0,0.0,0.0,,
standardized,ocbc,HUF,SGD,HUF/SGD,100,"SGD 0 – 39,999.99",tier_1,SGD 50 – 200,std_50_200,fxRatesSgd,2026-08-25T07:00:15,2026-08-25T07:00:15,2026-08-25T13:26:31.837578+00:00,0.0,0.0,0.0,,
standardized,ocbc,HUF,SGD,HUF/SGD,100,"SGD 0 – 39,999.99",tier_1,SGD < 50,std_lt_50,fxRatesSgd,2026-08-25T07:00:15,2026-08-25T07:00:15,2026-08-25T13:26:31.837578+00:00,0.0,0.0,0.0,,
standardized,ocbc,IDR,SGD,IDR/SGD,100,"SGD 0 – 39,999.99",tier_1,"SGD 200 – 39,999.99",std_200_40k,fxRatesSgd,2026-08-25T07:00:15,2026-08-25T07:00:15,2026-08-25T13:26:31.837578+00:00,0.0074,0.0,0.0074,0.0,100.0
standardized,ocbc,IDR,SGD,IDR/SGD,100,"SGD 40,000 – 100,000",tier_2,"SGD 40,000 – 100,000",std_40k_100k,fxRatesSgd,2026-08-25T07:00:15,2026-08-25T07:00:15,2026-08-25T13:26:31.837578+00:00,0.0074,0.0,0.0074,0.0,100.0
standardized,ocbc,IDR,SGD,IDR/SGD,100,"SGD 0 – 39,999.99",tier_1,SGD 50 – 200,std_50_200,fxRatesSgd,2026-08-25T07:00:15,2026-08-25T07:00:15,2026-08-25T13:26:31.837578+00:00,0.0074,0.0,0.0074,0.0,100.0
standardized,ocbc,IDR,SGD,IDR/SGD,100,"SGD 0 – 39,999.99",tier_1,SGD < 50,std_lt_50,fxRatesSgd,2026-08-25T07:00:15,2026-08-25T07:00:15,2026-08-25T13:26:31.837578+00:00,0.0074,0.0,0.0074,0.0,100.0
standardized,ocbc,ILS,SGD,ILS/SGD,100,"SGD 0 – 39,999.99",tier_1,"SGD 200 – 39,999.99",std_200_40k,fxRatesSgd,2026-08-25T07:00:15,2026-08-25T07:00:15,2026-08-25T13:26:31.837578+00:00,0.0,0.0,0.0,,
standardized,ocbc,ILS,SGD,ILS/SGD,100,"SGD 40,000 – 100,000",tier_2,"SGD 40,000 – 100,000",std_40k_100k,fxRatesSgd,2026-08-25T07:00:15,2026-08-25T07:00:15,2026-08-25T13:26:31.837578+00:00,0.0,0.0,0.0,,
standardized,ocbc,ILS,SGD,ILS/SGD,100,"SGD 0 – 39,999.99",tier_1,SGD 50 – 200,std_50_200,fxRatesSgd,2026-08-25T07:00:15,2026-08-25T07:00:15,2026-08-25T13:26:31.837578+00:00,0.0,0.0,0.0,,
standardized,ocbc,ILS,SGD,ILS/SGD,100,"SGD 0 – 39,999.99",tier_1,SGD < 50,std_lt_50,fxRatesSgd,2026-08-25T07:00:15,2026-08-25T07:00:15,2026-08-25T13:26:31.837578+00:00,0.0,0.0,0.0,,
standardized,ocbc,INR,SGD,INR/SGD,100,"SGD 0 – 39,999.99",tier_1,"SGD 200 – 39,999.99",std_200_40k,fxRatesSgd,2026-08-25T07:00:15,2026-08-25T07:00:15,2026-08-25T13:26:31.837578+00:00,1.3668,0.0,1.3668,0.0,100.0
standardized,ocbc,INR,SGD,INR/SGD,100,"SGD 40,000 – 100,000",tier_2,"SGD 40,000 – 100,000",std_40k_100k,fxRatesSgd,2026-08-25T07:00:15,2026-08-25T07:00:15,2026-08-25T13:26:31.837578+00:00,1.3641,0.0,1.3668,-0.19754170324845807,100.0
standardized,ocbc,INR,SGD,INR/SGD,100,"SGD 0 – 39,999.99",tier_1,SGD 50 – 200,std_50_200,fxRatesSgd,2026-08-25T07:00:15,2026-08-25T07:00:15,2026-08-25T13:26:31.837578+00:00,1.3668,0.0,1.3668,0.0,100.0
standardized,ocbc,INR,SGD,INR/SGD,100,"SGD 0 – 39,999.99",tier_1,SGD < 50,std_lt_50,fxRatesSgd,2026-08-25T07:00:15,2026-08-25T07:00:15,2026-08-25T13:26:31.837578+00:00,1.3668,0.0,1.3668,0.0,100.0
standardized,ocbc,JOD,SGD,JOD/SGD,1,"SGD 0 – 39,999.99",tier_1,"SGD 200 – 39,999.99",std_200_40k,fxRatesSgd,2026-08-25T07:00:15,2026-08-25T07:00:15,2026-08-25T13:26:31.837578+00:00,0.0,0.0,0.0,,
standardized,ocbc,JOD,SGD,JOD/SGD,1,"SGD 40,000 – 100,000",tier_2,"SGD 40,000 – 100,000",std_40k_100k,fxRatesSgd,2026-08-25T07:00:15,2026-08-25T07:00:15,2026-08-25T13:26:31.837578+00:00,0.0,0.0,0.0,,
standardized,ocbc,JOD,SGD,JOD/SGD,1,"SGD 0 – 39,999.99",tier_1,SGD 50 – 200,std_50_200,fxRatesSgd,2026-08-25T07:00:15,2026-08-25T07:00:15,2026-08-25T13:26:31.837578+00:00,0.0,0.0,0.0,,
standardized,ocbc,JOD,SGD,JOD/SGD,1,"SGD 0 – 39,999.99",tier_1,SGD < 50,std_lt_50,fxRatesSgd,2026-08-25T07:00:15,2026-08-25T07:00:15,2026-08-25T13:26:31.837578+00:00,0.0,0.0,0.0,,
standardized,ocbc,JPY,SGD,JPY/SGD,100,"SGD 0 – 39,999.99",tier_1,"SGD 200 – 39,999.99",std_200_40k,fxRatesSgd,2026-08-25T07:00:15,2026-08-25T07:00:15,2026-08-25T13:26:31.837578+00:00,0.808,0.7881,0.7981,1.2404460593910562,1.252975817566722
standardized,ocbc,JPY,SGD,JPY/SGD,100,"SGD 40,000 – 100,000",tier_2,"SGD 40,000 – 100,000",std_40k_100k,fxRatesSgd,2026-08-25T07:00:15,2026-08-25T07:00:15,2026-08-25T13:26:31.837578+00:00,0.8072,0.7895,0.7981,1.1402079939857157,1.0775592031073864
standardized,ocbc,JPY,SGD,JPY/SGD,100,"SGD 0 – 39,999.99",tier_1,SGD 50 – 200,std_50_200,fxRatesSgd,2026-08-25T07:00:15,2026-08-25T07:00:15,2026-08-25T13:26:31.837578+00:00,0.808,0.7881,0.7981,1.2404460593910562,1.252975817566722
standardized,ocbc,JPY,SGD,JPY/SGD,100,"SGD 0 – 39,999.99",tier_1,SGD < 50,std_lt_50,fxRatesSgd,2026-08-25T07:00:15,2026-08-25T07:00:15,2026-08-25T13:26:31.837578+00:00,0.808,0.7881,0.7981,1.2404460593910562,1.252975817566722
standardized,ocbc,KRW,SGD,KRW/SGD,100,"SGD 0 – 39,999.99",tier_1,"SGD 200 – 39,999.99",std_200_40k,fxRatesSgd,2026-08-25T07:00:15,2026-08-25T07:00:15,2026-08-25T13:26:31.837578+00:00,0.0,0.0,0.0,,
standardized,ocbc,KRW,SGD,KRW/SGD,100,"SGD 40,000 – 100,000",tier_2,"SGD 40,000 – 100,000",std_40k_100k,fxRatesSgd,2026-08-25T07:00:15,2026-08-25T07:00:15,2026-08-25T13:26:31.837578+00:00,0.0,0.0,0.0,,
standardized,ocbc,KRW,SGD,KRW/SGD,100,"SGD 0 – 39,999.99",tier_1,SGD 50 – 200,std_50_200,fxRatesSgd,2026-08-25T07:00:15,2026-08-25T07:00:15,2026-08-25T13:26:31.837578+00:00,0.0,0.0,0.0,,
standardized,ocbc,KRW,SGD,KRW/SGD,100,"SGD 0 – 39,999.99",tier_1,SGD < 50,std_lt_50,fxRatesSgd,2026-08-25T07:00:15,2026-08-25T07:00:15,2026-08-25T13:26:31.837578+00:00,0.0,0.0,0.0,,
standardized,ocbc,LKR,SGD,LKR/SGD,100,"SGD 0 – 39,999.99",tier_1,"SGD 200 – 39,999.99",std_200_40k,fxRatesSgd,2026-08-25T07:00:15,2026-08-25T07:00:15,2026-08-25T13:26:31.837578+00:00,0.3981,0.0,0.3981,0.0,100.0
standardized,ocbc,LKR,SGD,LKR/SGD,100,"SGD 40,000 – 100,000",tier_2,"SGD 40,000 – 100,000",std_40k_100k,fxRatesSgd,2026-08-25T07:00:15,2026-08-25T07:00:15,2026-08-25T13:26:31.837578+00:00,0.3973,0.0,0.3981,-0.20095453403667995,100.0
standardized,ocbc,LKR,SGD,LKR/SGD,100,"SGD 0 – 39,999.99",tier_1,SGD 50 – 200,std_50_200,fxRatesSgd,2026-08-25T07:00:15,2026-08-25T07:00:15,2026-08-25T13:26:31.837578+00:00,0.3981,0.0,0.3981,0.0,100.0
standardized,ocbc,LKR,SGD,LKR/SGD,100,"SGD 0 – 39,999.99",tier_1,SGD < 50,std_lt_50,fxRatesSgd,2026-08-25T07:00:15,2026-08-25T07:00:15,2026-08-25T13:26:31.837578+00:00,0.3981,0.0,0.3981,0.0,100.0
standardized,ocbc,MAD,SGD,MAD/SGD,100,"SGD 0 – 39,999.99",tier_1,"SGD 200 – 39,999.99",std_200_40k,fxRatesSgd,2026-08-25T07:00:15,2026-08-25T07:00:15,2026-08-25T13:26:31.837578+00:00,0.0,0.0,0.0,,
standardized,ocbc,MAD,SGD,MAD/SGD,100,"SGD 40,000 – 100,000",tier_2,"SGD 40,000 – 100,000",std_40k_100k,fxRatesSgd,2026-08-25T07:00:15,2026-08-25T07:00:15,2026-08-25T13:26:31.837578+00:00,0.0,0.0,0.0,,
standardized,ocbc,MAD,SGD,MAD/SGD,100,"SGD 0 – 39,999.99",tier_1,SGD 50 – 200,std_50_200,fxRatesSgd,2026-08-25T07:00:15,2026-08-25T07:00:15,2026-08-25T13:26:31.837578+00:00,0.0,0.0,0.0,,
standardized,ocbc,MAD,SGD,MAD/SGD,100,"SGD 0 – 39,999.99",tier_1,SGD < 50,std_lt_50,fxRatesSgd,2026-08-25T07:00:15,2026-08-25T07:00:15,2026-08-25T13:26:31.837578+00:00,0.0,0.0,0.0,,
standardized,ocbc,MXN,SGD,MXN/SGD,100,"SGD 0 – 39,999.99",tier_1,"SGD 200 – 39,999.99",std_200_40k,fxRatesSgd,2026-08-25T07:00:15,2026-08-25T07:00:15,2026-08-25T13:26:31.837578+00:00,7.7472,0.0,7.7472,0.0,100.0
standardized,ocbc,MXN,SGD,MXN/SGD,100,"SGD 40,000 – 100,000",tier_2,"SGD 40,000 – 100,000",std_40k_100k,fxRatesSgd,2026-08-25T07:00:15,2026-08-25T07:00:15,2026-08-25T13:26:31.837578+00:00,7.7457,0.0,7.7472,-0.019361833952912754,100.0
standardized,ocbc,MXN,SGD,MXN/SGD,100,"SGD 0 – 39,999.99",tier_1,SGD 50 – 200,std_50_200,fxRatesSgd,2026-08-25T07:00:15,2026-08-25T07:00:15,2026-08-25T13:26:31.837578+00:00,7.7472,0.0,7.7472,0.0,100.0
standardized,ocbc,MXN,SGD,MXN/SGD,100,"SGD 0 – 39,999.99",tier_1,SGD < 50,std_lt_50,fxRatesSgd,2026-08-25T07:00:15,2026-08-25T07:00:15,2026-08-25T13:26:31.837578+00:00,7.7472,0.0,7.7472,0.0,100.0
standardized,ocbc,MYR,SGD,MYR/SGD,100,"SGD 0 – 39,999.99",tier_1,"SGD 200 – 39,999.99",std_200_40k,fxRatesSgd,2026-08-25T07:00:15,2026-08-25T07:00:15,2026-08-25T13:26:31.837578+00:00,0.0,0.0,0.0,,
standardized,ocbc,MYR,SGD,MYR/SGD,100,"SGD 40,000 – 100,000",tier_2,"SGD 40,000 – 100,000",std_40k_100k,fxRatesSgd,2026-08-25T07:00:15,2026-08-25T07:00:15,2026-08-25T13:26:31.837578+00:00,0.0,0.0,0.0,,
standardized,ocbc,MYR,SGD,MYR/SGD,100,"SGD 0 – 39,999.99",tier_1,SGD 50 – 200,std_50_200,fxRatesSgd,2026-08-25T07:00:15,2026-08-25T07:00:15,2026-08-25T13:26:31.837578+00:00,0.0,0.0,0.0,,
standardized,ocbc,MYR,SGD,MYR/SGD,100,"SGD 0 – 39,999.99",tier_1,SGD < 50,std_lt_50,fxRatesSgd,2026-08-25T07:00:15,2026-08-25T07:00:15,2026-08-25T13:26:31.837578+00:00,0.0,0.0,0.0,,
standardized,ocbc,NOK,SGD,NOK/SGD,100,"SGD 0 – 39,999.99",tier_1,"SGD 200 – 39,999.99",std_200_40k,fxRatesSgd,2026-08-25T07:00:15,2026-08-25T07:00:15,2026-08-25T13:26:31.837578+00:00,13.8723,13.3774,13.6249,1.8157931434359076,1.8165270937768387
standardized,ocbc,NOK,SGD,NOK/SGD,100,"SGD 40,000 – 100,000",tier_2,"SGD 40,000 – 100,000",std_40k_100k,fxRatesSgd,2026-08-25T07:00:15,2026-08-25T07:00:15,2026-08-25T13:26:31.837578+00:00,13.8451,13.4046,13.6249,1.6161586507056944,1.616892601046613
standardized,ocbc,NOK,SGD,NOK/SGD,100,"SGD 0 – 39,999.99",tier_1,SGD 50 – 200,std_50_200,fxRatesSgd,2026-08-25T07:00:15,2026-08-25T07:00:15,2026-08-25T13:26:31.837578+00:00,13.8723,13.3774,13.6249,1.8157931434359076,1.8165270937768387
standardized,ocbc,NOK,SGD,NOK/SGD,100,"SGD 0 – 39,999.99",tier_1,SGD < 50,std_lt_50,fxRatesSgd,2026-08-25T07:00:15,2026-08-25T07:00:15,2026-08-25T13:26:31.837578+00:00,13.8723,13.3774,13.6249,1.8157931434359076,1.8165270937768387
standardized,ocbc,NZD,SGD,NZD/SGD,1,"SGD 0 – 39,999.99",tier_1,"SGD 200 – 39,999.99",std_200_40k,fxRatesSgd,2026-08-25T07:00:15,2026-08-25T07:00:15,2026-08-25T13:26:31.837578+00:00,0.7731,0.7468,0.76,1.7236842105263157,1.7368421052631564
standardized,ocbc,NZD,SGD,NZD/SGD,1,"SGD 40,000 – 100,000",tier_2,"SGD 40,000 – 100,000",std_40k_100k,fxRatesSgd,2026-08-25T07:00:15,2026-08-25T07:00:15,2026-08-25T13:26:31.837578+00:00,0.7712,0.749,0.76,1.4736842105263142,1.4473684210526327
standardized,ocbc,NZD,SGD,NZD/SGD,1,"SGD 0 – 39,999.99",tier_1,SGD 50 – 200,std_50_200,fxRatesSgd,2026-08-25T07:00:15,2026-08-25T07:00:15,2026-08-25T13:26:31.837578+00:00,0.7731,0.7468,0.76,1.7236842105263157,1.7368421052631564
standardized,ocbc,NZD,SGD,NZD/SGD,1,"SGD 0 – 39,999.99",tier_1,SGD < 50,std_lt_50,fxRatesSgd,2026-08-25T07:00:15,2026-08-25T07:00:15,2026-08-25T13:26:31.837578+00:00,0.7731,0.7468,0.76,1.7236842105263157,1.7368421052631564
standardized,ocbc,OMR,SGD,OMR/SGD,1,"SGD 0 – 39,999.99",tier_1,"SGD 200 – 39,999.99",std_200_40k,fxRatesSgd,2026-08-25T07:00:15,2026-08-25T07:00:15,2026-08-25T13:26:31.837578+00:00,0.0,0.0,0.0,,
standardized,ocbc,OMR,SGD,OMR/SGD,1,"SGD 40,000 – 100,000",tier_2,"SGD 40,000 – 100,000",std_40k_100k,fxRatesSgd,2026-08-25T07:00:15,2026-08-25T07:00:15,2026-08-25T13:26:31.837578+00:00,0.0,0.0,0.0,,
standardized,ocbc,OMR,SGD,OMR/SGD,1,"SGD 0 – 39,999.99",tier_1,SGD 50 – 200,std_50_200,fxRatesSgd,2026-08-25T07:00:15,2026-08-25T07:00:15,2026-08-25T13:26:31.837578+00:00,0.0,0.0,0.0,,
standardized,ocbc,OMR,SGD,OMR/SGD,1,"SGD 0 – 39,999.99",tier_1,SGD < 50,std_lt_50,fxRatesSgd,2026-08-25T07:00:15,2026-08-25T07:00:15,2026-08-25T13:26:31.837578+00:00,0.0,0.0,0.0,,
standardized,ocbc,PHP,SGD,PHP/SGD,100,"SGD 0 – 39,999.99",tier_1,"SGD 200 – 39,999.99",std_200_40k,fxRatesSgd,2026-08-25T07:00:15,2026-08-25T07:00:15,2026-08-25T13:26:31.837578+00:00,2.1209,0.0,2.1209,0.0,100.0
standardized,ocbc,PHP,SGD,PHP/SGD,100,"SGD 40,000 – 100,000",tier_2,"SGD 40,000 – 100,000",std_40k_100k,fxRatesSgd,2026-08-25T07:00:15,2026-08-25T07:00:15,2026-08-25T13:26:31.837578+00:00,2.1199,0.0,2.1209,-0.047149794898387005,100.0
standardized,ocbc,PHP,SGD,PHP/SGD,100,"SGD 0 – 39,999.99",tier_1,SGD 50 – 200,std_50_200,fxRatesSgd,2026-08-25T07:00:15,2026-08-25T07:00:15,2026-08-25T13:26:31.837578+00:00,2.1209,0.0,2.1209,0.0,100.0
standardized,ocbc,PHP,SGD,PHP/SGD,100,"SGD 0 – 39,999.99",tier_1,SGD < 50,std_lt_50,fxRatesSgd,2026-08-25T07:00:15,2026-08-25T07:00:15,2026-08-25T13:26:31.837578+00:00,2.1209,0.0,2.1209,0.0,100.0
standardized,ocbc,PLN,SGD,PLN/SGD,100,"SGD 0 – 39,999.99",tier_1,"SGD 200 – 39,999.99",std_200_40k,fxRatesSgd,2026-08-25T07:00:15,2026-08-25T07:00:15,2026-08-25T13:26:31.837578+00:00,35.4504,33.2338,34.3421,3.227234211070377,3.227234211070377
standardized,ocbc,PLN,SGD,PLN/SGD,100,"SGD 40,000 – 100,000",tier_2,"SGD 40,000 – 100,000",std_40k_100k,fxRatesSgd,2026-08-25T07:00:15,2026-08-25T07:00:15,2026-08-25T13:26:31.837578+00:00,35.4329,33.2609,34.3421,3.176276348854597,3.148322321581972
standardized,ocbc,PLN,SGD,PLN/SGD,100,"SGD 0 – 39,999.99",tier_1,SGD 50 – 200,std_50_200,fxRatesSgd,2026-08-25T07:00:15,2026-08-25T07:00:15,2026-08-25T13:26:31.837578+00:00,35.4504,33.2338,34.3421,3.227234211070377,3.227234211070377
standardized,ocbc,PLN,SGD,PLN/SGD,100,"SGD 0 – 39,999.99",tier_1,SGD < 50,std_lt_50,fxRatesSgd,2026-08-25T07:00:15,2026-08-25T07:00:15,2026-08-25T13:26:31.837578+00:00,35.4504,33.2338,34.3421,3.227234211070377,3.227234211070377
standardized,ocbc,QAR,SGD,QAR/SGD,100,"SGD 0 – 39,999.99",tier_1,"SGD 200 – 39,999.99",std_200_40k,fxRatesSgd,2026-08-25T07:00:15,2026-08-25T07:00:15,2026-08-25T13:26:31.837578+00:00,35.85,33.8006,34.8253,2.9424010704861203,2.9424010704861
standardized,ocbc,QAR,SGD,QAR/SGD,100,"SGD 40,000 – 100,000",tier_2,"SGD 40,000 – 100,000",std_40k_100k,fxRatesSgd,2026-08-25T07:00:15,2026-08-25T07:00:15,2026-08-25T13:26:31.837578+00:00,35.8288,33.8177,34.8253,2.881525787286836,2.8932988373395108
standardized,ocbc,QAR,SGD,QAR/SGD,100,"SGD 0 – 39,999.99",tier_1,SGD 50 – 200,std_50_200,fxRatesSgd,2026-08-25T07:00:15,2026-08-25T07:00:15,2026-08-25T13:26:31.837578+00:00,35.85,33.8006,34.8253,2.9424010704861203,2.9424010704861
standardized,ocbc,QAR,SGD,QAR/SGD,100,"SGD 0 – 39,999.99",tier_1,SGD < 50,std_lt_50,fxRatesSgd,2026-08-25T07:00:15,2026-08-25T07:00:15,2026-08-25T13:26:31.837578+00:00,35.85,33.8006,34.8253,2.9424010704861203,2.9424010704861
standardized,ocbc,RON,SGD,RON/SGD,100,"SGD 0 – 39,999.99",tier_1,"SGD 200 – 39,999.99",std_200_40k,fxRatesSgd,2026-08-25T07:00:15,2026-08-25T07:00:15,2026-08-25T13:26:31.837578+00:00,0.0,0.0,0.0,,
standardized,ocbc,RON,SGD,RON/SGD,100,"SGD 40,000 – 100,000",tier_2,"SGD 40,000 – 100,000",std_40k_100k,fxRatesSgd,2026-08-25T07:00:15,2026-08-25T07:00:15,2026-08-25T13:26:31.837578+00:00,0.0,0.0,0.0,,
standardized,ocbc,RON,SGD,RON/SGD,100,"SGD 0 – 39,999.99",tier_1,SGD 50 – 200,std_50_200,fxRatesSgd,2026-08-25T07:00:15,2026-08-25T07:00:15,2026-08-25T13:26:31.837578+00:00,0.0,0.0,0.0,,
standardized,ocbc,RON,SGD,RON/SGD,100,"SGD 0 – 39,999.99",tier_1,SGD < 50,std_lt_50,fxRatesSgd,2026-08-25T07:00:15,2026-08-25T07:00:15,2026-08-25T13:26:31.837578+00:00,0.0,0.0,0.0,,
standardized,ocbc,RUB,SGD,RUB/SGD,100,"SGD 0 – 39,999.99",tier_1,"SGD 200 – 39,999.99",std_200_40k,fxRatesSgd,2026-08-25T07:00:15,2026-08-25T07:00:15,2026-08-25T13:26:31.837578+00:00,0.0,0.0,0.0,,
standardized,ocbc,RUB,SGD,RUB/SGD,100,"SGD 40,000 – 100,000",tier_2,"SGD 40,000 – 100,000",std_40k_100k,fxRatesSgd,2026-08-25T07:00:15,2026-08-25T07:00:15,2026-08-25T13:26:31.837578+00:00,0.0,0.0,0.0,,
standardized,ocbc,RUB,SGD,RUB/SGD,100,"SGD 0 – 39,999.99",tier_1,SGD 50 – 200,std_50_200,fxRatesSgd,2026-08-25T07:00:15,2026-08-25T07:00:15,2026-08-25T13:26:31.837578+00:00,0.0,0.0,0.0,,
standardized,ocbc,RUB,SGD,RUB/SGD,100,"SGD 0 – 39,999.99",tier_1,SGD < 50,std_lt_50,fxRatesSgd,2026-08-25T07:00:15,2026-08-25T07:00:15,2026-08-25T13:26:31.837578+00:00,0.0,0.0,0.0,,
standardized,ocbc,SAR,SGD,SAR/SGD,100,"SGD 0 – 39,999.99",tier_1,"SGD 200 – 39,999.99",std_200_40k,fxRatesSgd,2026-08-25T07:00:15,2026-08-25T07:00:15,2026-08-25T13:26:31.837578+00:00,34.7825,32.867,33.8248,2.831354509117557,2.83165015018568
standardized,ocbc,SAR,SGD,SAR/SGD,100,"SGD 40,000 – 100,000",tier_2,"SGD 40,000 – 100,000",std_40k_100k,fxRatesSgd,2026-08-25T07:00:15,2026-08-25T07:00:15,2026-08-25T13:26:31.837578+00:00,34.7653,32.8837,33.8248,2.7805042454057376,2.782278091814307
standardized,ocbc,SAR,SGD,SAR/SGD,100,"SGD 0 – 39,999.99",tier_1,SGD 50 – 200,std_50_200,fxRatesSgd,2026-08-25T07:00:15,2026-08-25T07:00:15,2026-08-25T13:26:31.837578+00:00,34.7825,32.867,33.8248,2.831354509117557,2.83165015018568
standardized,ocbc,SAR,SGD,SAR/SGD,100,"SGD 0 – 39,999.99",tier_1,SGD < 50,std_lt_50,fxRatesSgd,2026-08-25T07:00:15,2026-08-25T07:00:15,2026-08-25T13:26:31.837578+00:00,34.7825,32.867,33.8248,2.831354509117557,2.83165015018568
standardized,ocbc,SEK,SGD,SEK/SGD,100,"SGD 0 – 39,999.99",tier_1,"SGD 200 – 39,999.99",std_200_40k,fxRatesSgd,2026-08-25T07:00:15,2026-08-25T07:00:15,2026-08-25T13:26:31.837578+00:00,13.6258,13.1407,13.3833,1.811959681095094,1.8127068809635851
standardized,ocbc,SEK,SGD,SEK/SGD,100,"SGD 40,000 – 100,000",tier_2,"SGD 40,000 – 100,000",std_40k_100k,fxRatesSgd,2026-08-25T07:00:15,2026-08-25T07:00:15,2026-08-25T13:26:31.837578+00:00,13.599,13.1675,13.3833,1.6117101163390195,1.6124573162075106
standardized,ocbc,SEK,SGD,SEK/SGD,100,"SGD 0 – 39,999.99",tier_1,SGD 50 – 200,std_50_200,fxRatesSgd,2026-08-25T07:00:15,2026-08-25T07:00:15,2026-08-25T13:26:31.837578+00:00,13.6258,13.1407,13.3833,1.811959681095094,1.8127068809635851
standardized,ocbc,SEK,SGD,SEK/SGD,100,"SGD 0 – 39,999.99",tier_1,SGD < 50,std_lt_50,fxRatesSgd,2026-08-25T07:00:15,2026-08-25T07:00:15,2026-08-25T13:26:31.837578+00:00,13.6258,13.1407,13.3833,1.811959681095094,1.8127068809635851
standardized,ocbc,THB,SGD,THB/SGD,100,"SGD 0 – 39,999.99",tier_1,"SGD 200 – 39,999.99",std_200_40k,fxRatesSgd,2026-08-25T07:00:15,2026-08-25T07:00:15,2026-08-25T13:26:31.837578+00:00,3.9905,3.7716,3.8811,2.818788487799849,2.8213650769111887
standardized,ocbc,THB,SGD,THB/SGD,100,"SGD 40,000 – 100,000",tier_2,"SGD 40,000 – 100,000",std_40k_100k,fxRatesSgd,2026-08-25T07:00:15,2026-08-25T07:00:15,2026-08-25T13:26:31.837578+00:00,3.9827,3.7793,3.8811,2.617814537115764,2.622967715338432
standardized,ocbc,THB,SGD,THB/SGD,100,"SGD 0 – 39,999.99",tier_1,SGD 50 – 200,std_50_200,fxRatesSgd,2026-08-25T07:00:15,2026-08-25T07:00:15,2026-08-25T13:26:31.837578+00:00,3.9905,3.7716,3.8811,2.818788487799849,2.8213650769111887
standardized,ocbc,THB,SGD,THB/SGD,100,"SGD 0 – 39,999.99",tier_1,SGD < 50,std_lt_50,fxRatesSgd,2026-08-25T07:00:15,2026-08-25T07:00:15,2026-08-25T13:26:31.837578+00:00,3.9905,3.7716,3.8811,2.818788487799849,2.8213650769111887
standardized,ocbc,TRY,SGD,TRY/SGD,100,"SGD 0 – 39,999.99",tier_1,"SGD 200 – 39,999.99",std_200_40k,fxRatesSgd,2026-08-25T07:00:15,2026-08-25T07:00:15,2026-08-25T13:26:31.837578+00:00,2.7128,2.6006,2.6567,2.1116422629578144,2.111642262957798
standardized,ocbc,TRY,SGD,TRY/SGD,100,"SGD 40,000 – 100,000",tier_2,"SGD 40,000 – 100,000",std_40k_100k,fxRatesSgd,2026-08-25T07:00:15,2026-08-25T07:00:15,2026-08-25T13:26:31.837578+00:00,2.7114,2.6009,2.6567,2.0589453080889815,2.1003500583430434
standardized,ocbc,TRY,SGD,TRY/SGD,100,"SGD 0 – 39,999.99",tier_1,SGD 50 – 200,std_50_200,fxRatesSgd,2026-08-25T07:00:15,2026-08-25T07:00:15,2026-08-25T13:26:31.837578+00:00,2.7128,2.6006,2.6567,2.1116422629578144,2.111642262957798
standardized,ocbc,TRY,SGD,TRY/SGD,100,"SGD 0 – 39,999.99",tier_1,SGD < 50,std_lt_50,fxRatesSgd,2026-08-25T07:00:15,2026-08-25T07:00:15,2026-08-25T13:26:31.837578+00:00,2.7128,2.6006,2.6567,2.1116422629578144,2.111642262957798
standardized,ocbc,TWD,SGD,TWD/SGD,100,"SGD 0 – 39,999.99",tier_1,"SGD 200 – 39,999.99",std_200_40k,fxRatesSgd,2026-08-25T07:00:15,2026-08-25T07:00:15,2026-08-25T13:26:31.837578+00:00,4.1361,0.0,4.1361,0.0,100.0
standardized,ocbc,TWD,SGD,TWD/SGD,100,"SGD 40,000 – 100,000",tier_2,"SGD 40,000 – 100,000",std_40k_100k,fxRatesSgd,2026-08-25T07:00:15,2026-08-25T07:00:15,2026-08-25T13:26:31.837578+00:00,0.0,0.0,4.1361,-100.0,100.0
standardized,ocbc,TWD,SGD,TWD/SGD,100,"SGD 0 – 39,999.99",tier_1,SGD 50 – 200,std_50_200,fxRatesSgd,2026-08-25T07:00:15,2026-08-25T07:00:15,2026-08-25T13:26:31.837578+00:00,4.1361,0.0,4.1361,0.0,100.0
standardized,ocbc,TWD,SGD,TWD/SGD,100,"SGD 0 – 39,999.99",tier_1,SGD < 50,std_lt_50,fxRatesSgd,2026-08-25T07:00:15,2026-08-25T07:00:15,2026-08-25T13:26:31.837578+00:00,4.1361,0.0,4.1361,0.0,100.0
standardized,ocbc,USD,SGD,USD/SGD,1,"SGD 0 – 39,999.99",tier_1,"SGD 200 – 39,999.99",std_200_40k,fxRatesSgd,2026-08-25T07:00:15,2026-08-25T07:00:15,2026-08-25T13:26:31.837578+00:00,1.2825,1.2596,1.2711,0.8968609865470912,0.9047281881834509
standardized,ocbc,USD,SGD,USD/SGD,1,"SGD 40,000 – 100,000",tier_2,"SGD 40,000 – 100,000",std_40k_100k,fxRatesSgd,2026-08-25T07:00:15,2026-08-25T07:00:15,2026-08-25T13:26:31.837578+00:00,1.2813,1.2606,1.2711,0.8024545669105664,0.8260561718196802
standardized,ocbc,USD,SGD,USD/SGD,1,"SGD 0 – 39,999.99",tier_1,SGD 50 – 200,std_50_200,fxRatesSgd,2026-08-25T07:00:15,2026-08-25T07:00:15,2026-08-25T13:26:31.837578+00:00,1.2825,1.2596,1.2711,0.8968609865470912,0.9047281881834509
standardized,ocbc,USD,SGD,USD/SGD,1,"SGD 0 – 39,999.99",tier_1,SGD < 50,std_lt_50,fxRatesSgd,2026-08-25T07:00:15,2026-08-25T07:00:15,2026-08-25T13:26:31.837578+00:00,1.2825,1.2596,1.2711,0.8968609865470912,0.9047281881834509
standardized,ocbc,ZAR,SGD,ZAR/SGD,100,"SGD 0 – 39,999.99",tier_1,"SGD 200 – 39,999.99",std_200_40k,fxRatesSgd,2026-08-25T07:00:15,2026-08-25T07:00:15,2026-08-25T13:26:31.837578+00:00,8.1839,7.7027,7.9433,3.0289678093487553,3.0289678093487553
standardized,ocbc,ZAR,SGD,ZAR/SGD,100,"SGD 40,000 – 100,000",tier_2,"SGD 40,000 – 100,000",std_40k_100k,fxRatesSgd,2026-08-25T07:00:15,2026-08-25T07:00:15,2026-08-25T13:26:31.837578+00:00,8.1799,7.7067,7.9433,2.9786109047876845,2.9786109047876845
standardized,ocbc,ZAR,SGD,ZAR/SGD,100,"SGD 0 – 39,999.99",tier_1,SGD 50 – 200,std_50_200,fxRatesSgd,2026-08-25T07:00:15,2026-08-25T07:00:15,2026-08-25T13:26:31.837578+00:00,8.1839,7.7027,7.9433,3.0289678093487553,3.0289678093487553
standardized,ocbc,ZAR,SGD,ZAR/SGD,100,"SGD 0 – 39,999.99",tier_1,SGD < 50,std_lt_50,fxRatesSgd,2026-08-25T07:00:15,2026-08-25T07:00:15,2026-08-25T13:26:31.837578+00:00,8.1839,7.7027,7.9433,3.0289678093487553,3.0289678093487553
standardized,uob,AED,SGD,AED/SGD,100,Indicative board,board,"SGD 200 – 39,999.99",std_200_40k,forex_sgd,25 August 2026 05:30:51 PM,25 August 2026 05:30:51 PM,2026-08-25T13:26:33.702406+00:00,35.44,33.74,34.59,2.4573576178085985,2.457357617808619
standardized,uob,AED,SGD,AED/SGD,100,Indicative board,board,"SGD 40,000 – 100,000",std_40k_100k,forex_sgd,25 August 2026 05:30:51 PM,25 August 2026 05:30:51 PM,2026-08-25T13:26:33.702406+00:00,35.44,33.74,34.59,2.4573576178085985,2.457357617808619
standardized,uob,AED,SGD,AED/SGD,100,Indicative board,board,SGD 50 – 200,std_50_200,forex_sgd,25 August 2026 05:30:51 PM,25 August 2026 05:30:51 PM,2026-08-25T13:26:33.702406+00:00,35.44,33.74,34.59,2.4573576178085985,2.457357617808619
standardized,uob,AED,SGD,AED/SGD,100,Indicative board,board,SGD < 50,std_lt_50,forex_sgd,25 August 2026 05:30:51 PM,25 August 2026 05:30:51 PM,2026-08-25T13:26:33.702406+00:00,35.44,33.74,34.59,2.4573576178085985,2.457357617808619
standardized,uob,AOA,SGD,AOA/SGD,100,Indicative board,board,"SGD 200 – 39,999.99",std_200_40k,forex_sgd,25 August 2026 05:30:51 PM,25 August 2026 05:30:51 PM,2026-08-25T13:26:33.702406+00:00,0.1429,,,,
standardized,uob,AOA,SGD,AOA/SGD,100,Indicative board,board,"SGD 40,000 – 100,000",std_40k_100k,forex_sgd,25 August 2026 05:30:51 PM,25 August 2026 05:30:51 PM,2026-08-25T13:26:33.702406+00:00,0.1429,,,,
standardized,uob,AOA,SGD,AOA/SGD,100,Indicative board,board,SGD 50 – 200,std_50_200,forex_sgd,25 August 2026 05:30:51 PM,25 August 2026 05:30:51 PM,2026-08-25T13:26:33.702406+00:00,0.1429,,,,
standardized,uob,AOA,SGD,AOA/SGD,100,Indicative board,board,SGD < 50,std_lt_50,forex_sgd,25 August 2026 05:30:51 PM,25 August 2026 05:30:51 PM,2026-08-25T13:26:33.702406+00:00,0.1429,,,,
standardized,uob,AUD,SGD,AUD/SGD,1,Indicative board,board,"SGD 200 – 39,999.99",std_200_40k,forex_sgd,25 August 2026 05:30:51 PM,25 August 2026 05:30:51 PM,2026-08-25T13:26:33.702406+00:00,0.9242,0.8932,0.9087000000000001,1.705733465390113,1.7057334653901253
standardized,uob,AUD,SGD,AUD/SGD,1,Indicative board,board,"SGD 40,000 – 100,000",std_40k_100k,forex_sgd,25 August 2026 05:30:51 PM,25 August 2026 05:30:51 PM,2026-08-25T13:26:33.702406+00:00,0.9242,0.8932,0.9087000000000001,1.705733465390113,1.7057334653901253
standardized,uob,AUD,SGD,AUD/SGD,1,Indicative board,board,SGD 50 – 200,std_50_200,forex_sgd,25 August 2026 05:30:51 PM,25 August 2026 05:30:51 PM,2026-08-25T13:26:33.702406+00:00,0.9242,0.8932,0.9087000000000001,1.705733465390113,1.7057334653901253
standardized,uob,AUD,SGD,AUD/SGD,1,Indicative board,board,SGD < 50,std_lt_50,forex_sgd,25 August 2026 05:30:51 PM,25 August 2026 05:30:51 PM,2026-08-25T13:26:33.702406+00:00,0.9242,0.8932,0.9087000000000001,1.705733465390113,1.7057334653901253
standardized,uob,BDT,SGD,BDT/SGD,100,Indicative board,board,"SGD 200 – 39,999.99",std_200_40k,forex_sgd,25 August 2026 05:30:51 PM,25 August 2026 05:30:51 PM,2026-08-25T13:26:33.702406+00:00,1.0652,,,,
standardized,uob,BDT,SGD,BDT/SGD,100,Indicative board,board,"SGD 40,000 – 100,000",std_40k_100k,forex_sgd,25 August 2026 05:30:51 PM,25 August 2026 05:30:51 PM,2026-08-25T13:26:33.702406+00:00,1.0652,,,,
standardized,uob,BDT,SGD,BDT/SGD,100,Indicative board,board,SGD 50 – 200,std_50_200,forex_sgd,25 August 2026 05:30:51 PM,25 August 2026 05:30:51 PM,2026-08-25T13:26:33.702406+00:00,1.0652,,,,
standardized,uob,BDT,SGD,BDT/SGD,100,Indicative board,board,SGD < 50,std_lt_50,forex_sgd,25 August 2026 05:30:51 PM,25 August 2026 05:30:51 PM,2026-08-25T13:26:33.702406+00:00,1.0652,,,,
standardized,uob,BND,SGD,BND/SGD,1,Indicative board,board,"SGD 200 – 39,999.99",std_200_40k,forex_sgd,25 August 2026 05:30:51 PM,25 August 2026 05:30:51 PM,2026-08-25T13:26:33.702406+00:00,1.0,1.0,1.0,0.0,0.0
standardized,uob,BND,SGD,BND/SGD,1,Indicative board,board,"SGD 40,000 – 100,000",std_40k_100k,forex_sgd,25 August 2026 05:30:51 PM,25 August 2026 05:30:51 PM,2026-08-25T13:26:33.702406+00:00,1.0,1.0,1.0,0.0,0.0
standardized,uob,BND,SGD,BND/SGD,1,Indicative board,board,SGD 50 – 200,std_50_200,forex_sgd,25 August 2026 05:30:51 PM,25 August 2026 05:30:51 PM,2026-08-25T13:26:33.702406+00:00,1.0,1.0,1.0,0.0,0.0
standardized,uob,BND,SGD,BND/SGD,1,Indicative board,board,SGD < 50,std_lt_50,forex_sgd,25 August 2026 05:30:51 PM,25 August 2026 05:30:51 PM,2026-08-25T13:26:33.702406+00:00,1.0,1.0,1.0,0.0,0.0
standardized,uob,CAD,SGD,CAD/SGD,1,Indicative board,board,"SGD 200 – 39,999.99",std_200_40k,forex_sgd,25 August 2026 05:30:51 PM,25 August 2026 05:30:51 PM,2026-08-25T13:26:33.702406+00:00,0.9271,0.9071,0.9171,1.0903936321011896,1.0903936321011896
standardized,uob,CAD,SGD,CAD/SGD,1,Indicative board,board,"SGD 40,000 – 100,000",std_40k_100k,forex_sgd,25 August 2026 05:30:51 PM,25 August 2026 05:30:51 PM,2026-08-25T13:26:33.702406+00:00,0.9271,0.9071,0.9171,1.0903936321011896,1.0903936321011896
standardized,uob,CAD,SGD,CAD/SGD,1,Indicative board,board,SGD 50 – 200,std_50_200,forex_sgd,25 August 2026 05:30:51 PM,25 August 2026 05:30:51 PM,2026-08-25T13:26:33.702406+00:00,0.9271,0.9071,0.9171,1.0903936321011896,1.0903936321011896
standardized,uob,CAD,SGD,CAD/SGD,1,Indicative board,board,SGD < 50,std_lt_50,forex_sgd,25 August 2026 05:30:51 PM,25 August 2026 05:30:51 PM,2026-08-25T13:26:33.702406+00:00,0.9271,0.9071,0.9171,1.0903936321011896,1.0903936321011896
standardized,uob,CHF,SGD,CHF/SGD,100,Indicative board,board,"SGD 200 – 39,999.99",std_200_40k,forex_sgd,25 August 2026 05:30:51 PM,25 August 2026 05:30:51 PM,2026-08-25T13:26:33.702406+00:00,160.01,156.71,158.36,1.0419297802475227,1.041929780247541
standardized,uob,CHF,SGD,CHF/SGD,100,Indicative board,board,"SGD 40,000 – 100,000",std_40k_100k,forex_sgd,25 August 2026 05:30:51 PM,25 August 2026 05:30:51 PM,2026-08-25T13:26:33.702406+00:00,160.01,156.71,158.36,1.0419297802475227,1.041929780247541
standardized,uob,CHF,SGD,CHF/SGD,100,Indicative board,board,SGD 50 – 200,std_50_200,forex_sgd,25 August 2026 05:30:51 PM,25 August 2026 05:30:51 PM,2026-08-25T13:26:33.702406+00:00,160.01,156.71,158.36,1.0419297802475227,1.041929780247541
standardized,uob,CHF,SGD,CHF/SGD,100,Indicative board,board,SGD < 50,std_lt_50,forex_sgd,25 August 2026 05:30:51 PM,25 August 2026 05:30:51 PM,2026-08-25T13:26:33.702406+00:00,160.01,156.71,158.36,1.0419297802475227,1.041929780247541
standardized,uob,CNH,SGD,CNH/SGD,100,Indicative board,board,"SGD 200 – 39,999.99",std_200_40k,forex_sgd,25 August 2026 05:30:51 PM,25 August 2026 05:30:51 PM,2026-08-25T13:26:33.702406+00:00,19.13,18.67,18.9,1.2169312169312192,1.2169312169312005
standardized,uob,CNH,SGD,CNH/SGD,100,Indicative board,board,"SGD 40,000 – 100,000",std_40k_100k,forex_sgd,25 August 2026 05:30:51 PM,25 August 2026 05:30:51 PM,2026-08-25T13:26:33.702406+00:00,19.13,18.67,18.9,1.2169312169312192,1.2169312169312005
standardized,uob,CNH,SGD,CNH/SGD,100,Indicative board,board,SGD 50 – 200,std_50_200,forex_sgd,25 August 2026 05:30:51 PM,25 August 2026 05:30:51 PM,2026-08-25T13:26:33.702406+00:00,19.13,18.67,18.9,1.2169312169312192,1.2169312169312005
standardized,uob,CNH,SGD,CNH/SGD,100,Indicative board,board,SGD < 50,std_lt_50,forex_sgd,25 August 2026 05:30:51 PM,25 August 2026 05:30:51 PM,2026-08-25T13:26:33.702406+00:00,19.13,18.67,18.9,1.2169312169312192,1.2169312169312005
standardized,uob,DKK,SGD,DKK/SGD,100,Indicative board,board,"SGD 200 – 39,999.99",std_200_40k,forex_sgd,25 August 2026 05:30:51 PM,25 August 2026 05:30:51 PM,2026-08-25T13:26:33.702406+00:00,20.19,19.49,19.84,1.7641129032258136,1.7641129032258136
standardized,uob,DKK,SGD,DKK/SGD,100,Indicative board,board,"SGD 40,000 – 100,000",std_40k_100k,forex_sgd,25 August 2026 05:30:51 PM,25 August 2026 05:30:51 PM,2026-08-25T13:26:33.702406+00:00,20.19,19.49,19.84,1.7641129032258136,1.7641129032258136
standardized,uob,DKK,SGD,DKK/SGD,100,Indicative board,board,SGD 50 – 200,std_50_200,forex_sgd,25 August 2026 05:30:51 PM,25 August 2026 05:30:51 PM,2026-08-25T13:26:33.702406+00:00,20.19,19.49,19.84,1.7641129032258136,1.7641129032258136
standardized,uob,DKK,SGD,DKK/SGD,100,Indicative board,board,SGD < 50,std_lt_50,forex_sgd,25 August 2026 05:30:51 PM,25 August 2026 05:30:51 PM,2026-08-25T13:26:33.702406+00:00,20.19,19.49,19.84,1.7641129032258136,1.7641129032258136
standardized,uob,EGP,SGD,EGP/SGD,100,Indicative board,board,"SGD 200 – 39,999.99",std_200_40k,forex_sgd,25 August 2026 05:30:51 PM,25 August 2026 05:30:51 PM,2026-08-25T13:26:33.702406+00:00,2.5724,,,,
standardized,uob,EGP,SGD,EGP/SGD,100,Indicative board,board,"SGD 40,000 – 100,000",std_40k_100k,forex_sgd,25 August 2026 05:30:51 PM,25 August 2026 05:30:51 PM,2026-08-25T13:26:33.702406+00:00,2.5724,,,,
standardized,uob,EGP,SGD,EGP/SGD,100,Indicative board,board,SGD 50 – 200,std_50_200,forex_sgd,25 August 2026 05:30:51 PM,25 August 2026 05:30:51 PM,2026-08-25T13:26:33.702406+00:00,2.5724,,,,
standardized,uob,EGP,SGD,EGP/SGD,100,Indicative board,board,SGD < 50,std_lt_50,forex_sgd,25 August 2026 05:30:51 PM,25 August 2026 05:30:51 PM,2026-08-25T13:26:33.702406+00:00,2.5724,,,,
standardized,uob,EUR,SGD,EUR/SGD,1,Indicative board,board,"SGD 200 – 39,999.99",std_200_40k,forex_sgd,25 August 2026 05:30:51 PM,25 August 2026 05:30:51 PM,2026-08-25T13:26:33.702406+00:00,1.5019,1.4639,1.4828999999999999,1.281273180929269,1.281273180929254
standardized,uob,EUR,SGD,EUR/SGD,1,Indicative board,board,"SGD 40,000 – 100,000",std_40k_100k,forex_sgd,25 August 2026 05:30:51 PM,25 August 2026 05:30:51 PM,2026-08-25T13:26:33.702406+00:00,1.5019,1.4639,1.4828999999999999,1.281273180929269,1.281273180929254
standardized,uob,EUR,SGD,EUR/SGD,1,Indicative board,board,SGD 50 – 200,std_50_200,forex_sgd,25 August 2026 05:30:51 PM,25 August 2026 05:30:51 PM,2026-08-25T13:26:33.702406+00:00,1.5019,1.4639,1.4828999999999999,1.281273180929269,1.281273180929254
standardized,uob,EUR,SGD,EUR/SGD,1,Indicative board,board,SGD < 50,std_lt_50,forex_sgd,25 August 2026 05:30:51 PM,25 August 2026 05:30:51 PM,2026-08-25T13:26:33.702406+00:00,1.5019,1.4639,1.4828999999999999,1.281273180929269,1.281273180929254
standardized,uob,GBP,SGD,GBP/SGD,1,Indicative board,board,"SGD 200 – 39,999.99",std_200_40k,forex_sgd,25 August 2026 05:30:51 PM,25 August 2026 05:30:51 PM,2026-08-25T13:26:33.702406+00:00,1.7565,1.7115,1.734,1.2975778546712784,1.2975778546712784
standardized,uob,GBP,SGD,GBP/SGD,1,Indicative board,board,"SGD 40,000 – 100,000",std_40k_100k,forex_sgd,25 August 2026 05:30:51 PM,25 August 2026 05:30:51 PM,2026-08-25T13:26:33.702406+00:00,1.7565,1.7115,1.734,1.2975778546712784,1.2975778546712784
standardized,uob,GBP,SGD,GBP/SGD,1,Indicative board,board,SGD 50 – 200,std_50_200,forex_sgd,25 August 2026 05:30:51 PM,25 August 2026 05:30:51 PM,2026-08-25T13:26:33.702406+00:00,1.7565,1.7115,1.734,1.2975778546712784,1.2975778546712784
standardized,uob,GBP,SGD,GBP/SGD,1,Indicative board,board,SGD < 50,std_lt_50,forex_sgd,25 August 2026 05:30:51 PM,25 August 2026 05:30:51 PM,2026-08-25T13:26:33.702406+00:00,1.7565,1.7115,1.734,1.2975778546712784,1.2975778546712784
standardized,uob,HKD,SGD,HKD/SGD,100,Indicative board,board,"SGD 200 – 39,999.99",std_200_40k,forex_sgd,25 August 2026 05:30:51 PM,25 August 2026 05:30:51 PM,2026-08-25T13:26:33.702406+00:00,16.389,16.031,16.21,1.1042566317088123,1.1042566317088343
standardized,uob,HKD,SGD,HKD/SGD,100,Indicative board,board,"SGD 40,000 – 100,000",std_40k_100k,forex_sgd,25 August 2026 05:30:51 PM,25 August 2026 05:30:51 PM,2026-08-25T13:26:33.702406+00:00,16.389,16.031,16.21,1.1042566317088123,1.1042566317088343
standardized,uob,HKD,SGD,HKD/SGD,100,Indicative board,board,SGD 50 – 200,std_50_200,forex_sgd,25 August 2026 05:30:51 PM,25 August 2026 05:30:51 PM,2026-08-25T13:26:33.702406+00:00,16.389,16.031,16.21,1.1042566317088123,1.1042566317088343
standardized,uob,HKD,SGD,HKD/SGD,100,Indicative board,board,SGD < 50,std_lt_50,forex_sgd,25 August 2026 05:30:51 PM,25 August 2026 05:30:51 PM,2026-08-25T13:26:33.702406+00:00,16.389,16.031,16.21,1.1042566317088123,1.1042566317088343
standardized,uob,INR,SGD,INR/SGD,100,Indicative board,board,"SGD 200 – 39,999.99",std_200_40k,forex_sgd,25 August 2026 05:30:51 PM,25 August 2026 05:30:51 PM,2026-08-25T13:26:33.702406+00:00,1.3674,,,,
standardized,uob,INR,SGD,INR/SGD,100,Indicative board,board,"SGD 40,000 – 100,000",std_40k_100k,forex_sgd,25 August 2026 05:30:51 PM,25 August 2026 05:30:51 PM,2026-08-25T13:26:33.702406+00:00,1.3674,,,,
standardized,uob,INR,SGD,INR/SGD,100,Indicative board,board,SGD 50 – 200,std_50_200,forex_sgd,25 August 2026 05:30:51 PM,25 August 2026 05:30:51 PM,2026-08-25T13:26:33.702406+00:00,1.3674,,,,
standardized,uob,INR,SGD,INR/SGD,100,Indicative board,board,SGD < 50,std_lt_50,forex_sgd,25 August 2026 05:30:51 PM,25 August 2026 05:30:51 PM,2026-08-25T13:26:33.702406+00:00,1.3674,,,,
standardized,uob,JPY,SGD,JPY/SGD,100,Indicative board,board,"SGD 200 – 39,999.99",std_200_40k,forex_sgd,25 August 2026 05:30:51 PM,25 August 2026 05:30:51 PM,2026-08-25T13:26:33.702406+00:00,0.8149,0.7809,0.7979,2.1305928061160424,2.1305928061160566
standardized,uob,JPY,SGD,JPY/SGD,100,Indicative board,board,"SGD 40,000 – 100,000",std_40k_100k,forex_sgd,25 August 2026 05:30:51 PM,25 August 2026 05:30:51 PM,2026-08-25T13:26:33.702406+00:00,0.8149,0.7809,0.7979,2.1305928061160424,2.1305928061160566
standardized,uob,JPY,SGD,JPY/SGD,100,Indicative board,board,SGD 50 – 200,std_50_200,forex_sgd,25 August 2026 05:30:51 PM,25 August 2026 05:30:51 PM,2026-08-25T13:26:33.702406+00:00,0.8149,0.7809,0.7979,2.1305928061160424,2.1305928061160566
standardized,uob,JPY,SGD,JPY/SGD,100,Indicative board,board,SGD < 50,std_lt_50,forex_sgd,25 August 2026 05:30:51 PM,25 August 2026 05:30:51 PM,2026-08-25T13:26:33.702406+00:00,0.8149,0.7809,0.7979,2.1305928061160424,2.1305928061160566
standardized,uob,KRW,SGD,KRW/SGD,1000,Indicative board,board,"SGD 200 – 39,999.99",std_200_40k,forex_sgd,25 August 2026 05:30:51 PM,25 August 2026 05:30:51 PM,2026-08-25T13:26:33.702406+00:00,0.9328,,,,
standardized,uob,KRW,SGD,KRW/SGD,1000,Indicative board,board,"SGD 40,000 – 100,000",std_40k_100k,forex_sgd,25 August 2026 05:30:51 PM,25 August 2026 05:30:51 PM,2026-08-25T13:26:33.702406+00:00,0.9328,,,,
standardized,uob,KRW,SGD,KRW/SGD,1000,Indicative board,board,SGD 50 – 200,std_50_200,forex_sgd,25 August 2026 05:30:51 PM,25 August 2026 05:30:51 PM,2026-08-25T13:26:33.702406+00:00,0.9328,,,,
standardized,uob,KRW,SGD,KRW/SGD,1000,Indicative board,board,SGD < 50,std_lt_50,forex_sgd,25 August 2026 05:30:51 PM,25 August 2026 05:30:51 PM,2026-08-25T13:26:33.702406+00:00,0.9328,,,,
standardized,uob,KWD,SGD,KWD/SGD,1,Indicative board,board,"SGD 200 – 39,999.99",std_200_40k,forex_sgd,25 August 2026 05:30:51 PM,25 August 2026 05:30:51 PM,2026-08-25T13:26:33.702406+00:00,4.1777,,,,
standardized,uob,KWD,SGD,KWD/SGD,1,Indicative board,board,"SGD 40,000 – 100,000",std_40k_100k,forex_sgd,25 August 2026 05:30:51 PM,25 August 2026 05:30:51 PM,2026-08-25T13:26:33.702406+00:00,4.1777,,,,
standardized,uob,KWD,SGD,KWD/SGD,1,Indicative board,board,SGD 50 – 200,std_50_200,forex_sgd,25 August 2026 05:30:51 PM,25 August 2026 05:30:51 PM,2026-08-25T13:26:33.702406+00:00,4.1777,,,,
standardized,uob,KWD,SGD,KWD/SGD,1,Indicative board,board,SGD < 50,std_lt_50,forex_sgd,25 August 2026 05:30:51 PM,25 August 2026 05:30:51 PM,2026-08-25T13:26:33.702406+00:00,4.1777,,,,
standardized,uob,LKR,SGD,LKR/SGD,100,Indicative board,board,"SGD 200 – 39,999.99",std_200_40k,forex_sgd,25 August 2026 05:30:51 PM,25 August 2026 05:30:51 PM,2026-08-25T13:26:33.702406+00:00,0.3924,,,,
standardized,uob,LKR,SGD,LKR/SGD,100,Indicative board,board,"SGD 40,000 – 100,000",std_40k_100k,forex_sgd,25 August 2026 05:30:51 PM,25 August 2026 05:30:51 PM,2026-08-25T13:26:33.702406+00:00,0.3924,,,,
standardized,uob,LKR,SGD,LKR/SGD,100,Indicative board,board,SGD 50 – 200,std_50_200,forex_sgd,25 August 2026 05:30:51 PM,25 August 2026 05:30:51 PM,2026-08-25T13:26:33.702406+00:00,0.3924,,,,
standardized,uob,LKR,SGD,LKR/SGD,100,Indicative board,board,SGD < 50,std_lt_50,forex_sgd,25 August 2026 05:30:51 PM,25 August 2026 05:30:51 PM,2026-08-25T13:26:33.702406+00:00,0.3924,,,,
standardized,uob,MXN,SGD,MXN/SGD,100,Indicative board,board,"SGD 200 – 39,999.99",std_200_40k,forex_sgd,25 August 2026 05:30:51 PM,25 August 2026 05:30:51 PM,2026-08-25T13:26:33.702406+00:00,7.5811,,,,
standardized,uob,MXN,SGD,MXN/SGD,100,Indicative board,board,"SGD 40,000 – 100,000",std_40k_100k,forex_sgd,25 August 2026 05:30:51 PM,25 August 2026 05:30:51 PM,2026-08-25T13:26:33.702406+00:00,7.5811,,,,
standardized,uob,MXN,SGD,MXN/SGD,100,Indicative board,board,SGD 50 – 200,std_50_200,forex_sgd,25 August 2026 05:30:51 PM,25 August 2026 05:30:51 PM,2026-08-25T13:26:33.702406+00:00,7.5811,,,,
standardized,uob,MXN,SGD,MXN/SGD,100,Indicative board,board,SGD < 50,std_lt_50,forex_sgd,25 August 2026 05:30:51 PM,25 August 2026 05:30:51 PM,2026-08-25T13:26:33.702406+00:00,7.5811,,,,
standardized,uob,MYR,SGD,MYR/SGD,100,Indicative board,board,"SGD 200 – 39,999.99",std_200_40k,forex_sgd,25 August 2026 05:30:51 PM,25 August 2026 05:30:51 PM,2026-08-25T13:26:33.702406+00:00,,,,,
standardized,uob,MYR,SGD,MYR/SGD,100,Indicative board,board,"SGD 40,000 – 100,000",std_40k_100k,forex_sgd,25 August 2026 05:30:51 PM,25 August 2026 05:30:51 PM,2026-08-25T13:26:33.702406+00:00,,,,,
standardized,uob,MYR,SGD,MYR/SGD,100,Indicative board,board,SGD 50 – 200,std_50_200,forex_sgd,25 August 2026 05:30:51 PM,25 August 2026 05:30:51 PM,2026-08-25T13:26:33.702406+00:00,,,,,
standardized,uob,MYR,SGD,MYR/SGD,100,Indicative board,board,SGD < 50,std_lt_50,forex_sgd,25 August 2026 05:30:51 PM,25 August 2026 05:30:51 PM,2026-08-25T13:26:33.702406+00:00,,,,,
standardized,uob,NOK,SGD,NOK/SGD,100,Indicative board,board,"SGD 200 – 39,999.99",std_200_40k,forex_sgd,25 August 2026 05:30:51 PM,25 August 2026 05:30:51 PM,2026-08-25T13:26:33.702406+00:00,13.83,13.39,13.61,1.6164584864070586,1.6164584864070453
standardized,uob,NOK,SGD,NOK/SGD,100,Indicative board,board,"SGD 40,000 – 100,000",std_40k_100k,forex_sgd,25 August 2026 05:30:51 PM,25 August 2026 05:30:51 PM,2026-08-25T13:26:33.702406+00:00,13.83,13.39,13.61,1.6164584864070586,1.6164584864070453
standardized,uob,NOK,SGD,NOK/SGD,100,Indicative board,board,SGD 50 – 200,std_50_200,forex_sgd,25 August 2026 05:30:51 PM,25 August 2026 05:30:51 PM,2026-08-25T13:26:33.702406+00:00,13.83,13.39,13.61,1.6164584864070586,1.6164584864070453
standardized,uob,NOK,SGD,NOK/SGD,100,Indicative board,board,SGD < 50,std_lt_50,forex_sgd,25 August 2026 05:30:51 PM,25 August 2026 05:30:51 PM,2026-08-25T13:26:33.702406+00:00,13.83,13.39,13.61,1.6164584864070586,1.6164584864070453
standardized,uob,NZD,SGD,NZD/SGD,1,Indicative board,board,"SGD 200 – 39,999.99",std_200_40k,forex_sgd,25 August 2026 05:30:51 PM,25 August 2026 05:30:51 PM,2026-08-25T13:26:33.702406+00:00,0.7672,0.7472,0.7572,1.3206550449022727,1.3206550449022727
standardized,uob,NZD,SGD,NZD/SGD,1,Indicative board,board,"SGD 40,000 – 100,000",std_40k_100k,forex_sgd,25 August 2026 05:30:51 PM,25 August 2026 05:30:51 PM,2026-08-25T13:26:33.702406+00:00,0.7672,0.7472,0.7572,1.3206550449022727,1.3206550449022727
standardized,uob,NZD,SGD,NZD/SGD,1,Indicative board,board,SGD 50 – 200,std_50_200,forex_sgd,25 August 2026 05:30:51 PM,25 August 2026 05:30:51 PM,2026-08-25T13:26:33.702406+00:00,0.7672,0.7472,0.7572,1.3206550449022727,1.3206550449022727
standardized,uob,NZD,SGD,NZD/SGD,1,Indicative board,board,SGD < 50,std_lt_50,forex_sgd,25 August 2026 05:30:51 PM,25 August 2026 05:30:51 PM,2026-08-25T13:26:33.702406+00:00,0.7672,0.7472,0.7572,1.3206550449022727,1.3206550449022727
standardized,uob,PHP,SGD,PHP/SGD,100,Indicative board,board,"SGD 200 – 39,999.99",std_200_40k,forex_sgd,25 August 2026 05:30:51 PM,25 August 2026 05:30:51 PM,2026-08-25T13:26:33.702406+00:00,2.1048,,,,
standardized,uob,PHP,SGD,PHP/SGD,100,Indicative board,board,"SGD 40,000 – 100,000",std_40k_100k,forex_sgd,25 August 2026 05:30:51 PM,25 August 2026 05:30:51 PM,2026-08-25T13:26:33.702406+00:00,2.1048,,,,
standardized,uob,PHP,SGD,PHP/SGD,100,Indicative board,board,SGD 50 – 200,std_50_200,forex_sgd,25 August 2026 05:30:51 PM,25 August 2026 05:30:51 PM,2026-08-25T13:26:33.702406+00:00,2.1048,,,,
standardized,uob,PHP,SGD,PHP/SGD,100,Indicative board,board,SGD < 50,std_lt_50,forex_sgd,25 August 2026 05:30:51 PM,25 August 2026 05:30:51 PM,2026-08-25T13:26:33.702406+00:00,2.1048,,,,
standardized,uob,PKR,SGD,PKR/SGD,100,Indicative board,board,"SGD 200 – 39,999.99",std_200_40k,forex_sgd,25 August 2026 05:30:51 PM,25 August 2026 05:30:51 PM,2026-08-25T13:26:33.702406+00:00,0.464,,,,
standardized,uob,PKR,SGD,PKR/SGD,100,Indicative board,board,"SGD 40,000 – 100,000",std_40k_100k,forex_sgd,25 August 2026 05:30:51 PM,25 August 2026 05:30:51 PM,2026-08-25T13:26:33.702406+00:00,0.464,,,,
standardized,uob,PKR,SGD,PKR/SGD,100,Indicative board,board,SGD 50 – 200,std_50_200,forex_sgd,25 August 2026 05:30:51 PM,25 August 2026 05:30:51 PM,2026-08-25T13:26:33.702406+00:00,0.464,,,,
standardized,uob,PKR,SGD,PKR/SGD,100,Indicative board,board,SGD < 50,std_lt_50,forex_sgd,25 August 2026 05:30:51 PM,25 August 2026 05:30:51 PM,2026-08-25T13:26:33.702406+00:00,0.464,,,,
standardized,uob,SAR,SGD,SAR/SGD,100,Indicative board,board,"SGD 200 – 39,999.99",std_200_40k,forex_sgd,25 August 2026 05:30:51 PM,25 August 2026 05:30:51 PM,2026-08-25T13:26:33.702406+00:00,,,,,
standardized,uob,SAR,SGD,SAR/SGD,100,Indicative board,board,"SGD 40,000 – 100,000",std_40k_100k,forex_sgd,25 August 2026 05:30:51 PM,25 August 2026 05:30:51 PM,2026-08-25T13:26:33.702406+00:00,,,,,
standardized,uob,SAR,SGD,SAR/SGD,100,Indicative board,board,SGD 50 – 200,std_50_200,forex_sgd,25 August 2026 05:30:51 PM,25 August 2026 05:30:51 PM,2026-08-25T13:26:33.702406+00:00,,,,,
standardized,uob,SAR,SGD,SAR/SGD,100,Indicative board,board,SGD < 50,std_lt_50,forex_sgd,25 August 2026 05:30:51 PM,25 August 2026 05:30:51 PM,2026-08-25T13:26:33.702406+00:00,,,,,
standardized,uob,SEK,SGD,SEK/SGD,100,Indicative board,board,"SGD 200 – 39,999.99",std_200_40k,forex_sgd,25 August 2026 05:30:51 PM,25 August 2026 05:30:51 PM,2026-08-25T13:26:33.702406+00:00,13.62,13.14,13.379999999999999,1.793721973094172,1.793721973094159
standardized,uob,SEK,SGD,SEK/SGD,100,Indicative board,board,"SGD 40,000 – 100,000",std_40k_100k,forex_sgd,25 August 2026 05:30:51 PM,25 August 2026 05:30:51 PM,2026-08-25T13:26:33.702406+00:00,13.62,13.14,13.379999999999999,1.793721973094172,1.793721973094159
standardized,uob,SEK,SGD,SEK/SGD,100,Indicative board,board,SGD 50 – 200,std_50_200,forex_sgd,25 August 2026 05:30:51 PM,25 August 2026 05:30:51 PM,2026-08-25T13:26:33.702406+00:00,13.62,13.14,13.379999999999999,1.793721973094172,1.793721973094159
standardized,uob,SEK,SGD,SEK/SGD,100,Indicative board,board,SGD < 50,std_lt_50,forex_sgd,25 August 2026 05:30:51 PM,25 August 2026 05:30:51 PM,2026-08-25T13:26:33.702406+00:00,13.62,13.14,13.379999999999999,1.793721973094172,1.793721973094159
standardized,uob,THB,SGD,THB/SGD,100,Indicative board,board,"SGD 200 – 39,999.99",std_200_40k,forex_sgd,25 August 2026 05:30:51 PM,25 August 2026 05:30:51 PM,2026-08-25T13:26:33.702406+00:00,3.98,3.78,3.88,2.5773195876288684,2.5773195876288684
standardized,uob,THB,SGD,THB/SGD,100,Indicative board,board,"SGD 40,000 – 100,000",std_40k_100k,forex_sgd,25 August 2026 05:30:51 PM,25 August 2026 05:30:51 PM,2026-08-25T13:26:33.702406+00:00,3.98,3.78,3.88,2.5773195876288684,2.5773195876288684
standardized,uob,THB,SGD,THB/SGD,100,Indicative board,board,SGD 50 – 200,std_50_200,forex_sgd,25 August 2026 05:30:51 PM,25 August 2026 05:30:51 PM,2026-08-25T13:26:33.702406+00:00,3.98,3.78,3.88,2.5773195876288684,2.5773195876288684
standardized,uob,THB,SGD,THB/SGD,100,Indicative board,board,SGD < 50,std_lt_50,forex_sgd,25 August 2026 05:30:51 PM,25 August 2026 05:30:51 PM,2026-08-25T13:26:33.702406+00:00,3.98,3.78,3.88,2.5773195876288684,2.5773195876288684
standardized,uob,TWD,SGD,TWD/SGD,100,Indicative board,board,"SGD 200 – 39,999.99",std_200_40k,forex_sgd,25 August 2026 05:30:51 PM,25 August 2026 05:30:51 PM,2026-08-25T13:26:33.702406+00:00,4.0805,,,,
standardized,uob,TWD,SGD,TWD/SGD,100,Indicative board,board,"SGD 40,000 – 100,000",std_40k_100k,forex_sgd,25 August 2026 05:30:51 PM,25 August 2026 05:30:51 PM,2026-08-25T13:26:33.702406+00:00,4.0805,,,,
standardized,uob,TWD,SGD,TWD/SGD,100,Indicative board,board,SGD 50 – 200,std_50_200,forex_sgd,25 August 2026 05:30:51 PM,25 August 2026 05:30:51 PM,2026-08-25T13:26:33.702406+00:00,4.0805,,,,
standardized,uob,TWD,SGD,TWD/SGD,100,Indicative board,board,SGD < 50,std_lt_50,forex_sgd,25 August 2026 05:30:51 PM,25 August 2026 05:30:51 PM,2026-08-25T13:26:33.702406+00:00,4.0805,,,,
standardized,uob,USD,SGD,USD/SGD,1,Indicative board,board,"SGD 200 – 39,999.99",std_200_40k,forex_sgd,25 August 2026 05:30:51 PM,25 August 2026 05:30:51 PM,2026-08-25T13:26:33.702406+00:00,1.2825,1.2585,1.2705,0.9445100354191271,0.9445100354191271
standardized,uob,USD,SGD,USD/SGD,1,Indicative board,board,"SGD 40,000 – 100,000",std_40k_100k,forex_sgd,25 August 2026 05:30:51 PM,25 August 2026 05:30:51 PM,2026-08-25T13:26:33.702406+00:00,1.2825,1.2585,1.2705,0.9445100354191271,0.9445100354191271
standardized,uob,USD,SGD,USD/SGD,1,Indicative board,board,SGD 50 – 200,std_50_200,forex_sgd,25 August 2026 05:30:51 PM,25 August 2026 05:30:51 PM,2026-08-25T13:26:33.702406+00:00,1.2825,1.2585,1.2705,0.9445100354191271,0.9445100354191271
standardized,uob,USD,SGD,USD/SGD,1,Indicative board,board,SGD < 50,std_lt_50,forex_sgd,25 August 2026 05:30:51 PM,25 August 2026 05:30:51 PM,2026-08-25T13:26:33.702406+00:00,1.2825,1.2585,1.2705,0.9445100354191271,0.9445100354191271
standardized,uob,VND,SGD,VND/SGD,1000,Indicative board,board,"SGD 200 – 39,999.99",std_200_40k,forex_sgd,25 August 2026 05:30:51 PM,25 August 2026 05:30:51 PM,2026-08-25T13:26:33.702406+00:00,0.0497,,,,
standardized,uob,VND,SGD,VND/SGD,1000,Indicative board,board,"SGD 40,000 – 100,000",std_40k_100k,forex_sgd,25 August 2026 05:30:51 PM,25 August 2026 05:30:51 PM,2026-08-25T13:26:33.702406+00:00,0.0497,,,,
standardized,uob,VND,SGD,VND/SGD,1000,Indicative board,board,SGD 50 – 200,std_50_200,forex_sgd,25 August 2026 05:30:51 PM,25 August 2026 05:30:51 PM,2026-08-25T13:26:33.702406+00:00,0.0497,,,,
standardized,uob,VND,SGD,VND/SGD,1000,Indicative board,board,SGD < 50,std_lt_50,forex_sgd,25 August 2026 05:30:51 PM,25 August 2026 05:30:51 PM,2026-08-25T13:26:33.702406+00:00,0.0497,,,,
standardized,uob,XAF,SGD,XAF/SGD,100,Indicative board,board,"SGD 200 – 39,999.99",std_200_40k,forex_sgd,25 August 2026 05:30:51 PM,25 August 2026 05:30:51 PM,2026-08-25T13:26:33.702406+00:00,0.2319,,,,
standardized,uob,XAF,SGD,XAF/SGD,100,Indicative board,board,"SGD 40,000 – 100,000",std_40k_100k,forex_sgd,25 August 2026 05:30:51 PM,25 August 2026 05:30:51 PM,2026-08-25T13:26:33.702406+00:00,0.2319,,,,
standardized,uob,XAF,SGD,XAF/SGD,100,Indicative board,board,SGD 50 – 200,std_50_200,forex_sgd,25 August 2026 05:30:51 PM,25 August 2026 05:30:51 PM,2026-08-25T13:26:33.702406+00:00,0.2319,,,,
standardized,uob,XAF,SGD,XAF/SGD,100,Indicative board,board,SGD < 50,std_lt_50,forex_sgd,25 August 2026 05:30:51 PM,25 August 2026 05:30:51 PM,2026-08-25T13:26:33.702406+00:00,0.2319,,,,
standardized,uob,XOF,SGD,XOF/SGD,100,Indicative board,board,"SGD 200 – 39,999.99",std_200_40k,forex_sgd,25 August 2026 05:30:51 PM,25 August 2026 05:30:51 PM,2026-08-25T13:26:33.702406+00:00,0.2335,,,,
standardized,uob,XOF,SGD,XOF/SGD,100,Indicative board,board,"SGD 40,000 – 100,000",std_40k_100k,forex_sgd,25 August 2026 05:30:51 PM,25 August 2026 05:30:51 PM,2026-08-25T13:26:33.702406+00:00,0.2335,,,,
standardized,uob,XOF,SGD,XOF/SGD,100,Indicative board,board,SGD 50 – 200,std_50_200,forex_sgd,25 August 2026 05:30:51 PM,25 August 2026 05:30:51 PM,2026-08-25T13:26:33.702406+00:00,0.2335,,,,
standardized,uob,XOF,SGD,XOF/SGD,100,Indicative board,board,SGD < 50,std_lt_50,forex_sgd,25 August 2026 05:30:51 PM,25 August 2026 05:30:51 PM,2026-08-25T13:26:33.702406+00:00,0.2335,,,,
standardized,uob,ZAR,SGD,ZAR/SGD,1,Indicative board,board,"SGD 200 – 39,999.99",std_200_40k,forex_sgd,25 August 2026 05:30:51 PM,25 August 2026 05:30:51 PM,2026-08-25T13:26:33.702406+00:00,0.0814,0.0774,0.0794,2.5188916876574328,2.5188916876574328
standardized,uob,ZAR,SGD,ZAR/SGD,1,Indicative board,board,"SGD 40,000 – 100,000",std_40k_100k,forex_sgd,25 August 2026 05:30:51 PM,25 August 2026 05:30:51 PM,2026-08-25T13:26:33.702406+00:00,0.0814,0.0774,0.0794,2.5188916876574328,2.5188916876574328
standardized,uob,ZAR,SGD,ZAR/SGD,1,Indicative board,board,SGD 50 – 200,std_50_200,forex_sgd,25 August 2026 05:30:51 PM,25 August 2026 05:30:51 PM,2026-08-25T13:26:33.702406+00:00,0.0814,0.0774,0.0794,2.5188916876574328,2.5188916876574328
standardized,uob,ZAR,SGD,ZAR/SGD,1,Indicative board,board,SGD < 50,std_lt_50,forex_sgd,25 August 2026 05:30:51 PM,25 August 2026 05:30:51 PM,2026-08-25T13:26:33.702406+00:00,0.0814,0.0774,0.0794,2.5188916876574328,2.5188916876574328
