record_type,bank,base_currency,quote_currency,currency_pair,unit,transaction_value,amount_tier,std_transaction_value,std_amount_tier,group,effective_date,last_updated,scraped_at,tt_od_sell,tt_buy,mid_rate,bank_mid_rate,mid_source,sell_margin_pct,buy_margin_pct
native,dbs,AED,SGD,AED/SGD,1,SGD 50 – 200,amtBtw50And200,,,mainCurrencies,2026-09-22 02:00:00,2026-09-21 18:00:15,2026-09-21T18:15:08.354505+00:00,0.3499,0.3452,0.34729999999999994,0.34755,MAS,0.7486323063633882,0.6046645551396301
native,dbs,AED,SGD,AED/SGD,1,SGD < 50,amtLessThan50,,,mainCurrencies,2026-09-22 02:00:00,2026-09-21 18:00:15,2026-09-21T18:15:08.354505+00:00,0.3527,0.3424,0.34729999999999994,0.34755,MAS,1.5548517132162603,1.4108839619925024
native,dbs,AUD,SGD,AUD/SGD,1,SGD 50 – 200,amtBtw50And200,,,mainCurrencies,2026-09-22 02:00:00,2026-09-21 18:00:15,2026-09-21T18:15:08.354505+00:00,0.9193,0.8992,0.9091,0.90925,MAS,1.1219887801121975,1.088989110108901
native,dbs,AUD,SGD,AUD/SGD,1,SGD < 50,amtLessThan50,,,mainCurrencies,2026-09-22 02:00:00,2026-09-21 18:00:15,2026-09-21T18:15:08.354505+00:00,0.9197,0.8987,0.9091,0.9092,MAS,1.1659883401165925,1.1439885601143949
native,dbs,BDT,SGD,BDT/SGD,100,SGD 50 – 200,amtBtw50And200,,,otherCurrencies,2026-09-22 02:00:00,2026-09-21 18:00:15,2026-09-21T18:15:08.354505+00:00,1.0551,,,,,,
native,dbs,BDT,SGD,BDT/SGD,100,SGD < 50,amtLessThan50,,,otherCurrencies,2026-09-22 02:00:00,2026-09-21 18:00:15,2026-09-21T18:15:08.354505+00:00,1.0551,,,,,,
native,dbs,BHD,SGD,BHD/SGD,1,SGD 50 – 200,amtBtw50And200,,,otherCurrencies,2026-09-22 02:00:00,2026-09-21 18:00:15,2026-09-21T18:15:08.354505+00:00,3.4491,,,,,,
native,dbs,BHD,SGD,BHD/SGD,1,SGD < 50,amtLessThan50,,,otherCurrencies,2026-09-22 02:00:00,2026-09-21 18:00:15,2026-09-21T18:15:08.354505+00:00,3.4627,,,,,,
native,dbs,BND,SGD,BND/SGD,1,SGD 50 – 200,amtBtw50And200,,,otherCurrencies,2026-09-22 02:00:00,2026-09-21 18:00:15,2026-09-21T18:15:08.354505+00:00,1.0,1.0,,1.0,,,
native,dbs,BND,SGD,BND/SGD,1,SGD < 50,amtLessThan50,,,otherCurrencies,2026-09-22 02:00:00,2026-09-21 18:00:15,2026-09-21T18:15:08.354505+00:00,1.0,1.0,,1.0,,,
native,dbs,CAD,SGD,CAD/SGD,1,SGD 50 – 200,amtBtw50And200,,,mainCurrencies,2026-09-22 02:00:00,2026-09-21 18:00:15,2026-09-21T18:15:08.354505+00:00,0.9166,0.9028,0.9109,0.9097,MAS,0.6257547480513698,0.8892304314414311
native,dbs,CAD,SGD,CAD/SGD,1,SGD < 50,amtLessThan50,,,mainCurrencies,2026-09-22 02:00:00,2026-09-21 18:00:15,2026-09-21T18:15:08.354505+00:00,0.9198,0.8997,0.9109,0.9097500000000001,MAS,0.9770556592381061,1.229553189153583
native,dbs,CHF,SGD,CHF/SGD,1,SGD 50 – 200,amtBtw50And200,,,mainCurrencies,2026-09-22 02:00:00,2026-09-21 18:00:15,2026-09-21T18:15:08.354505+00:00,1.5688,1.539,1.5499,1.5539,MAS,1.2194335118394681,0.7032711787857365
native,dbs,CHF,SGD,CHF/SGD,1,SGD < 50,amtLessThan50,,,mainCurrencies,2026-09-22 02:00:00,2026-09-21 18:00:15,2026-09-21T18:15:08.354505+00:00,1.5696,1.5384,1.5499,1.554,MAS,1.2710497451448513,0.7419833537647632
native,dbs,CNH,SGD,CNH/SGD,1,SGD 50 – 200,amtBtw50And200,,,mainCurrencies,2026-09-22 02:00:00,2026-09-21 18:00:15,2026-09-21T18:15:08.354505+00:00,0.1929,0.1885,,0.19069999999999998,,,
native,dbs,CNH,SGD,CNH/SGD,1,SGD < 50,amtLessThan50,,,mainCurrencies,2026-09-22 02:00:00,2026-09-21 18:00:15,2026-09-21T18:15:08.354505+00:00,0.1935,0.1878,,0.19065,,,
native,dbs,CNY,SGD,CNY/SGD,1,SGD 50 – 200,amtBtw50And200,,,otherCurrencies,2026-09-22 02:00:00,2026-09-21 18:00:15,2026-09-21T18:15:08.354505+00:00,0.1906,,0.1905,,MAS,0.05249343832020419,
native,dbs,CNY,SGD,CNY/SGD,1,SGD < 50,amtLessThan50,,,otherCurrencies,2026-09-22 02:00:00,2026-09-21 18:00:15,2026-09-21T18:15:08.354505+00:00,0.1923,,0.1905,,MAS,0.9448818897637774,
native,dbs,DKK,SGD,DKK/SGD,1,SGD 50 – 200,amtBtw50And200,,,mainCurrencies,2026-09-22 02:00:00,2026-09-21 18:00:15,2026-09-21T18:15:08.354505+00:00,0.1984,0.193,,0.19569999999999999,,,
native,dbs,DKK,SGD,DKK/SGD,1,SGD < 50,amtLessThan50,,,mainCurrencies,2026-09-22 02:00:00,2026-09-21 18:00:15,2026-09-21T18:15:08.354505+00:00,0.1988,0.1927,,0.19575,,,
native,dbs,EUR,SGD,EUR/SGD,1,SGD 50 – 200,amtBtw50And200,,,mainCurrencies,2026-09-22 02:00:00,2026-09-21 18:00:15,2026-09-21T18:15:08.354505+00:00,1.4761,1.4511,1.4638,1.4636,MAS,0.8402787266019933,0.8676048640524616
native,dbs,EUR,SGD,EUR/SGD,1,SGD < 50,amtLessThan50,,,mainCurrencies,2026-09-22 02:00:00,2026-09-21 18:00:15,2026-09-21T18:15:08.354505+00:00,1.4768,1.4504,1.4638,1.4636,MAS,0.8880994671403128,0.9154256045907965
native,dbs,GBP,SGD,GBP/SGD,1,SGD 50 – 200,amtBtw50And200,,,mainCurrencies,2026-09-22 02:00:00,2026-09-21 18:00:15,2026-09-21T18:15:08.354505+00:00,1.7196,1.6938,1.7071,1.7067,MAS,0.7322359557143667,0.7790990568800943
native,dbs,GBP,SGD,GBP/SGD,1,SGD < 50,amtLessThan50,,,mainCurrencies,2026-09-22 02:00:00,2026-09-21 18:00:15,2026-09-21T18:15:08.354505+00:00,1.7213,1.6921,1.7071,1.7067,MAS,0.8318200456915231,0.8786831468572506
native,dbs,HKD,SGD,HKD/SGD,1,SGD 50 – 200,amtBtw50And200,,,mainCurrencies,2026-09-22 02:00:00,2026-09-21 18:00:15,2026-09-21T18:15:08.354505+00:00,0.1643,0.161,0.16260000000000002,0.16265000000000002,MAS,1.045510455104538,0.984009840098412
native,dbs,HKD,SGD,HKD/SGD,1,SGD < 50,amtLessThan50,,,mainCurrencies,2026-09-22 02:00:00,2026-09-21 18:00:15,2026-09-21T18:15:08.354505+00:00,0.1644,0.1608,0.16260000000000002,0.1626,MAS,1.1070110701106814,1.1070110701107156
native,dbs,HUF,SGD,HUF/SGD,100,SGD 50 – 200,amtBtw50And200,,,otherCurrencies,2026-09-22 02:00:00,2026-09-21 18:00:15,2026-09-21T18:15:08.354505+00:00,0.4098,,,,,,
native,dbs,HUF,SGD,HUF/SGD,100,SGD < 50,amtLessThan50,,,otherCurrencies,2026-09-22 02:00:00,2026-09-21 18:00:15,2026-09-21T18:15:08.354505+00:00,0.4114,,,,,,
native,dbs,ID0,SGD,ID0/SGD,100,SGD 50 – 200,amtBtw50And200,,,otherCurrencies,2026-09-22 02:00:00,2026-09-21 18:00:15,2026-09-21T18:15:08.354505+00:00,,,,,,,
native,dbs,ID0,SGD,ID0/SGD,100,SGD < 50,amtLessThan50,,,otherCurrencies,2026-09-22 02:00:00,2026-09-21 18:00:15,2026-09-21T18:15:08.354505+00:00,,0.0071,,,,,
native,dbs,IDR,SGD,IDR/SGD,100,SGD 50 – 200,amtBtw50And200,,,mainCurrencies,2026-09-22 02:00:00,2026-09-21 18:00:15,2026-09-21T18:15:08.354505+00:00,0.0073,,0.007159000000000001,,MAS,1.9695488196675337,
native,dbs,IDR,SGD,IDR/SGD,100,SGD < 50,amtLessThan50,,,mainCurrencies,2026-09-22 02:00:00,2026-09-21 18:00:15,2026-09-21T18:15:08.354505+00:00,0.0073,,0.007159000000000001,,MAS,1.9695488196675337,
native,dbs,IN0,SGD,IN0/SGD,100,SGD 50 – 200,amtBtw50And200,,,otherCurrencies,2026-09-22 02:00:00,2026-09-21 18:00:15,2026-09-21T18:15:08.354505+00:00,,1.3276,,,,,
native,dbs,IN0,SGD,IN0/SGD,100,SGD < 50,amtLessThan50,,,otherCurrencies,2026-09-22 02:00:00,2026-09-21 18:00:15,2026-09-21T18:15:08.354505+00:00,,1.3276,,,,,
native,dbs,INR,SGD,INR/SGD,100,SGD 50 – 200,amtBtw50And200,,,otherCurrencies,2026-09-22 02:00:00,2026-09-21 18:00:15,2026-09-21T18:15:08.354505+00:00,1.347,,1.3325,,MAS,1.0881801125703532,
native,dbs,INR,SGD,INR/SGD,100,SGD < 50,amtLessThan50,,,otherCurrencies,2026-09-22 02:00:00,2026-09-21 18:00:15,2026-09-21T18:15:08.354505+00:00,1.3577,,1.3325,,MAS,1.891181988742956,
native,dbs,JPY,SGD,JPY/SGD,100,SGD 50 – 200,amtBtw50And200,,,mainCurrencies,2026-09-22 02:00:00,2026-09-21 18:00:15,2026-09-21T18:15:08.354505+00:00,0.8188,0.8025,0.8127000000000001,0.81065,MAS,0.7505844715146895,1.2550756736803368
native,dbs,JPY,SGD,JPY/SGD,100,SGD < 50,amtLessThan50,,,mainCurrencies,2026-09-22 02:00:00,2026-09-21 18:00:15,2026-09-21T18:15:08.354505+00:00,0.8196,0.8017,0.8127000000000001,0.81065,MAS,0.8490217792543258,1.353512981419973
native,dbs,KRW,SGD,KRW/SGD,100,SGD 50 – 200,amtBtw50And200,,,otherCurrencies,2026-09-22 02:00:00,2026-09-21 18:00:15,2026-09-21T18:15:08.354505+00:00,0.0941,,0.0922,,MAS,2.0607375271149664,
native,dbs,KRW,SGD,KRW/SGD,100,SGD < 50,amtLessThan50,,,otherCurrencies,2026-09-22 02:00:00,2026-09-21 18:00:15,2026-09-21T18:15:08.354505+00:00,0.0941,,0.0922,,MAS,2.0607375271149664,
native,dbs,KWD,SGD,KWD/SGD,100,SGD 50 – 200,amtBtw50And200,,,otherCurrencies,2026-09-22 02:00:00,2026-09-21 18:00:15,2026-09-21T18:15:08.354505+00:00,424.1347,,,,,,
native,dbs,KWD,SGD,KWD/SGD,100,SGD < 50,amtLessThan50,,,otherCurrencies,2026-09-22 02:00:00,2026-09-21 18:00:15,2026-09-21T18:15:08.354505+00:00,425.8076,,,,,,
native,dbs,LKR,SGD,LKR/SGD,100,SGD 50 – 200,amtBtw50And200,,,otherCurrencies,2026-09-22 02:00:00,2026-09-21 18:00:15,2026-09-21T18:15:08.354505+00:00,0.3935,,,,,,
native,dbs,LKR,SGD,LKR/SGD,100,SGD < 50,amtLessThan50,,,otherCurrencies,2026-09-22 02:00:00,2026-09-21 18:00:15,2026-09-21T18:15:08.354505+00:00,0.3935,,,,,,
native,dbs,MM1,SGD,MM1/SGD,100,SGD 50 – 200,amtBtw50And200,,,otherCurrencies,2026-09-22 02:00:00,2026-09-21 18:00:15,2026-09-21T18:15:08.354505+00:00,,,,,,,
native,dbs,MM1,SGD,MM1/SGD,100,SGD < 50,amtLessThan50,,,otherCurrencies,2026-09-22 02:00:00,2026-09-21 18:00:15,2026-09-21T18:15:08.354505+00:00,,,,,,,
native,dbs,MMK,SGD,MMK/SGD,100,SGD 50 – 200,amtBtw50And200,,,otherCurrencies,2026-09-22 02:00:00,2026-09-21 18:00:15,2026-09-21T18:15:08.354505+00:00,0.0324,,,,,,
native,dbs,MMK,SGD,MMK/SGD,100,SGD < 50,amtLessThan50,,,otherCurrencies,2026-09-22 02:00:00,2026-09-21 18:00:15,2026-09-21T18:15:08.354505+00:00,0.0324,,,,,,
native,dbs,MUR,SGD,MUR/SGD,100,SGD 50 – 200,amtBtw50And200,,,otherCurrencies,2026-09-22 02:00:00,2026-09-21 18:00:15,2026-09-21T18:15:08.354505+00:00,2.7246,,,,,,
native,dbs,MUR,SGD,MUR/SGD,100,SGD < 50,amtLessThan50,,,otherCurrencies,2026-09-22 02:00:00,2026-09-21 18:00:15,2026-09-21T18:15:08.354505+00:00,2.7353,,,,,,
native,dbs,MXN,SGD,MXN/SGD,100,SGD 50 – 200,amtBtw50And200,,,mainCurrencies,2026-09-22 02:00:00,2026-09-21 18:00:15,2026-09-21T18:15:08.354505+00:00,7.5181,,,,,,
native,dbs,MXN,SGD,MXN/SGD,100,SGD < 50,amtLessThan50,,,mainCurrencies,2026-09-22 02:00:00,2026-09-21 18:00:15,2026-09-21T18:15:08.354505+00:00,7.5179,,,,,,
native,dbs,MY0,SGD,MY0/SGD,1,SGD 50 – 200,amtBtw50And200,,,otherCurrencies,2026-09-22 02:00:00,2026-09-21 18:00:15,2026-09-21T18:15:08.354505+00:00,,0.3125,,,,,
native,dbs,MY0,SGD,MY0/SGD,1,SGD < 50,amtLessThan50,,,otherCurrencies,2026-09-22 02:00:00,2026-09-21 18:00:15,2026-09-21T18:15:08.354505+00:00,,0.3125,,,,,
native,dbs,MYR,SGD,MYR/SGD,1,SGD 50 – 200,amtBtw50And200,,,otherCurrencies,2026-09-22 02:00:00,2026-09-21 18:00:15,2026-09-21T18:15:08.354505+00:00,0.3165,,0.3129,,MAS,1.1505273250239667,
native,dbs,MYR,SGD,MYR/SGD,1,SGD < 50,amtLessThan50,,,otherCurrencies,2026-09-22 02:00:00,2026-09-21 18:00:15,2026-09-21T18:15:08.354505+00:00,0.3165,,0.3129,,MAS,1.1505273250239667,
native,dbs,NOK,SGD,NOK/SGD,1,SGD 50 – 200,amtBtw50And200,,,mainCurrencies,2026-09-22 02:00:00,2026-09-21 18:00:15,2026-09-21T18:15:08.354505+00:00,0.137,0.1332,,0.1351,,,
native,dbs,NOK,SGD,NOK/SGD,1,SGD < 50,amtLessThan50,,,mainCurrencies,2026-09-22 02:00:00,2026-09-21 18:00:15,2026-09-21T18:15:08.354505+00:00,0.1374,0.1328,,0.1351,,,
native,dbs,NZD,SGD,NZD/SGD,1,SGD 50 – 200,amtBtw50And200,,,mainCurrencies,2026-09-22 02:00:00,2026-09-21 18:00:15,2026-09-21T18:15:08.354505+00:00,0.7382,0.7213,0.7304,0.72975,MAS,1.0679079956188278,1.2458926615553116
native,dbs,NZD,SGD,NZD/SGD,1,SGD < 50,amtLessThan50,,,mainCurrencies,2026-09-22 02:00:00,2026-09-21 18:00:15,2026-09-21T18:15:08.354505+00:00,0.739,0.7206,0.7304,0.7298,MAS,1.1774370208105067,1.3417305585980326
native,dbs,OMR,SGD,OMR/SGD,1,SGD 50 – 200,amtBtw50And200,,,otherCurrencies,2026-09-22 02:00:00,2026-09-21 18:00:15,2026-09-21T18:15:08.354505+00:00,3.3405,,,,,,
native,dbs,OMR,SGD,OMR/SGD,1,SGD < 50,amtLessThan50,,,otherCurrencies,2026-09-22 02:00:00,2026-09-21 18:00:15,2026-09-21T18:15:08.354505+00:00,3.3405,,,,,,
native,dbs,PH0,SGD,PH0/SGD,100,SGD 50 – 200,amtBtw50And200,,,otherCurrencies,2026-09-22 02:00:00,2026-09-21 18:00:15,2026-09-21T18:15:08.354505+00:00,,2.0266,,,,,
native,dbs,PH0,SGD,PH0/SGD,100,SGD < 50,amtLessThan50,,,otherCurrencies,2026-09-22 02:00:00,2026-09-21 18:00:15,2026-09-21T18:15:08.354505+00:00,,2.0266,,,,,
native,dbs,PHP,SGD,PHP/SGD,100,SGD 50 – 200,amtBtw50And200,,,otherCurrencies,2026-09-22 02:00:00,2026-09-21 18:00:15,2026-09-21T18:15:08.354505+00:00,2.0554,,2.0307,,MAS,1.216329344560997,
native,dbs,PHP,SGD,PHP/SGD,100,SGD < 50,amtLessThan50,,,otherCurrencies,2026-09-22 02:00:00,2026-09-21 18:00:15,2026-09-21T18:15:08.354505+00:00,2.0708,,2.0307,,MAS,1.9746885310484192,
native,dbs,PLN,SGD,PLN/SGD,1,SGD 50 – 200,amtBtw50And200,,,otherCurrencies,2026-09-22 02:00:00,2026-09-21 18:00:15,2026-09-21T18:15:08.354505+00:00,0.342,,,,,,
native,dbs,PLN,SGD,PLN/SGD,1,SGD < 50,amtLessThan50,,,otherCurrencies,2026-09-22 02:00:00,2026-09-21 18:00:15,2026-09-21T18:15:08.354505+00:00,0.3434,,,,,,
native,dbs,QAR,SGD,QAR/SGD,1,SGD 50 – 200,amtBtw50And200,,,otherCurrencies,2026-09-22 02:00:00,2026-09-21 18:00:15,2026-09-21T18:15:08.354505+00:00,0.358,,0.35,,MAS,2.285714285714288,
native,dbs,QAR,SGD,QAR/SGD,1,SGD < 50,amtLessThan50,,,otherCurrencies,2026-09-22 02:00:00,2026-09-21 18:00:15,2026-09-21T18:15:08.354505+00:00,0.3594,,0.35,,MAS,2.6857142857142913,
native,dbs,RUB,SGD,RUB/SGD,100,SGD 50 – 200,amtBtw50And200,,,mainCurrencies,2026-09-22 02:00:00,2026-09-21 18:00:15,2026-09-21T18:15:08.354505+00:00,,,,,,,
native,dbs,RUB,SGD,RUB/SGD,100,SGD < 50,amtLessThan50,,,mainCurrencies,2026-09-22 02:00:00,2026-09-21 18:00:15,2026-09-21T18:15:08.354505+00:00,,,,,,,
native,dbs,SAR,SGD,SAR/SGD,100,SGD 50 – 200,amtBtw50And200,,,otherCurrencies,2026-09-22 02:00:00,2026-09-21 18:00:15,2026-09-21T18:15:08.354505+00:00,34.4098,,33.96,,MAS,1.324499411071838,
native,dbs,SAR,SGD,SAR/SGD,100,SGD < 50,amtLessThan50,,,otherCurrencies,2026-09-22 02:00:00,2026-09-21 18:00:15,2026-09-21T18:15:08.354505+00:00,34.4098,,33.96,,MAS,1.324499411071838,
native,dbs,SEK,SGD,SEK/SGD,1,SGD 50 – 200,amtBtw50And200,,,mainCurrencies,2026-09-22 02:00:00,2026-09-21 18:00:15,2026-09-21T18:15:08.354505+00:00,0.1314,0.1279,,0.12965,,,
native,dbs,SEK,SGD,SEK/SGD,1,SGD < 50,amtLessThan50,,,mainCurrencies,2026-09-22 02:00:00,2026-09-21 18:00:15,2026-09-21T18:15:08.354505+00:00,0.132,0.1274,,0.1297,,,
native,dbs,THB,SGD,THB/SGD,100,SGD 50 – 200,amtBtw50And200,,,mainCurrencies,2026-09-22 02:00:00,2026-09-21 18:00:15,2026-09-21T18:15:08.354505+00:00,3.9,3.7825,3.8324,3.84125,MAS,1.7639077340569904,1.3020561528024115
native,dbs,THB,SGD,THB/SGD,100,SGD < 50,amtLessThan50,,,mainCurrencies,2026-09-22 02:00:00,2026-09-21 18:00:15,2026-09-21T18:15:08.354505+00:00,3.9042,3.7783,3.8324,3.84125,MAS,1.8734996346936668,1.4116480534390876
native,dbs,TND,SGD,TND/SGD,1,SGD 50 – 200,amtBtw50And200,,,otherCurrencies,2026-09-22 02:00:00,2026-09-21 18:00:15,2026-09-21T18:15:08.354505+00:00,0.4384,,,,,,
native,dbs,TND,SGD,TND/SGD,1,SGD < 50,amtLessThan50,,,otherCurrencies,2026-09-22 02:00:00,2026-09-21 18:00:15,2026-09-21T18:15:08.354505+00:00,0.4384,,,,,,
native,dbs,TWD,SGD,TWD/SGD,100,SGD 50 – 200,amtBtw50And200,,,otherCurrencies,2026-09-22 02:00:00,2026-09-21 18:00:15,2026-09-21T18:15:08.354505+00:00,4.0681,,4.0121,,MAS,1.3957777722389784,
native,dbs,TWD,SGD,TWD/SGD,100,SGD < 50,amtLessThan50,,,otherCurrencies,2026-09-22 02:00:00,2026-09-21 18:00:15,2026-09-21T18:15:08.354505+00:00,4.0721,,4.0121,,MAS,1.4954761845417515,
native,dbs,USD,SGD,USD/SGD,1,SGD 50 – 200,amtBtw50And200,,,mainCurrencies,2026-09-22 02:00:00,2026-09-21 18:00:15,2026-09-21T18:15:08.354505+00:00,1.2872,1.2659,1.2756,1.2765499999999999,MAS,0.9093759799309996,0.7604264659767984
native,dbs,USD,SGD,USD/SGD,1,SGD < 50,amtLessThan50,,,mainCurrencies,2026-09-22 02:00:00,2026-09-21 18:00:15,2026-09-21T18:15:08.354505+00:00,1.288,1.265,1.2756,1.2765,MAS,0.9720915647538386,0.8309814989024901
native,dbs,VND,SGD,VND/SGD,100,SGD 50 – 200,amtBtw50And200,,,otherCurrencies,2026-09-22 02:00:00,2026-09-21 18:00:15,2026-09-21T18:15:08.354505+00:00,0.0051,,0.004902,,MAS,4.039167686658511,
native,dbs,VND,SGD,VND/SGD,100,SGD < 50,amtLessThan50,,,otherCurrencies,2026-09-22 02:00:00,2026-09-21 18:00:15,2026-09-21T18:15:08.354505+00:00,0.0051,,0.004902,,MAS,4.039167686658511,
native,dbs,XAU,SGD,XAU/SGD,1,SGD 50 – 200,amtBtw50And200,,,otherCurrencies,2026-09-22 02:00:00,2026-09-21 18:00:15,2026-09-21T18:15:08.354505+00:00,5578.849,5511.475,,5545.162,,,
native,dbs,XAU,SGD,XAU/SGD,1,SGD < 50,amtLessThan50,,,otherCurrencies,2026-09-22 02:00:00,2026-09-21 18:00:15,2026-09-21T18:15:08.354505+00:00,5578.645,5511.271,,5544.9580000000005,,,
native,dbs,ZAR,SGD,ZAR/SGD,1,SGD 50 – 200,amtBtw50And200,,,otherCurrencies,2026-09-22 02:00:00,2026-09-21 18:00:15,2026-09-21T18:15:08.354505+00:00,0.0795,0.0775,,0.0785,,,
native,dbs,ZAR,SGD,ZAR/SGD,1,SGD < 50,amtLessThan50,,,otherCurrencies,2026-09-22 02:00:00,2026-09-21 18:00:15,2026-09-21T18:15:08.354505+00:00,0.0798,0.0772,,0.0785,,,
native,hsbc,AED,SGD,AED/SGD,100,Indicative board,board,,,indicative_fx,2026-9-21,2026-9-21,2026-09-21T18:15:12.481238+00:00,35.86,34.29,34.73,35.075,MAS,3.253671177656213,1.2669162107687812
native,hsbc,AUD,SGD,AUD/SGD,1,Indicative board,board,,,indicative_fx,2026-9-21,2026-9-21,2026-09-21T18:15:12.481238+00:00,0.9365,0.8813,0.9091,0.9089,MAS,3.013969860301395,3.057969420305802
native,hsbc,CAD,SGD,CAD/SGD,1,Indicative board,board,,,indicative_fx,2026-9-21,2026-9-21,2026-09-21T18:15:12.481238+00:00,0.9388,0.8838,0.9109,0.9113,MAS,3.062904819409367,2.975079591612692
native,hsbc,CHF,SGD,CHF/SGD,100,Indicative board,board,,,indicative_fx,2026-9-21,2026-9-21,2026-09-21T18:15:12.481238+00:00,159.8,150.43,154.99,155.115,MAS,3.1034260274856456,2.9421252984063497
native,hsbc,CNY,SGD,CNY/SGD,100,Indicative board,board,,,indicative_fx,2026-9-21,2026-9-21,2026-09-21T18:15:12.481238+00:00,19.68,18.43,19.05,19.055,MAS,3.307086614173223,3.254593175853023
native,hsbc,DKK,SGD,DKK/SGD,100,Indicative board,board,,,indicative_fx,2026-9-21,2026-9-21,2026-09-21T18:15:12.481238+00:00,20.18,19.0,,19.59,,,
native,hsbc,EUR,SGD,EUR/SGD,1,Indicative board,board,,,indicative_fx,2026-9-21,2026-9-21,2026-09-21T18:15:12.481238+00:00,1.5087,1.4206,1.4638,1.46465,MAS,3.0673589288154077,2.951222844650902
native,hsbc,FJD,SGD,FJD/SGD,1,Indicative board,board,,,indicative_fx,2026-9-21,2026-9-21,2026-09-21T18:15:12.481238+00:00,0.5998,,,,,,
native,hsbc,GBP,SGD,GBP/SGD,1,Indicative board,board,,,indicative_fx,2026-9-21,2026-9-21,2026-09-21T18:15:12.481238+00:00,1.7595,1.6564,1.7071,1.70795,MAS,3.0695331263546364,2.9699490363774803
native,hsbc,HKD,SGD,HKD/SGD,100,Indicative board,board,,,indicative_fx,2026-9-21,2026-9-21,2026-09-21T18:15:12.481238+00:00,16.46,16.06,16.26,16.259999999999998,MAS,1.2300123001229968,1.2300123001230185
native,hsbc,IDR,SGD,IDR/SGD,100,Indicative board,board,,,indicative_fx,2026-9-21,2026-9-21,2026-09-21T18:15:12.481238+00:00,0.0074,,0.007159000000000001,,MAS,3.3663919541835314,
native,hsbc,INR,SGD,INR/SGD,100,Indicative board,board,,,indicative_fx,2026-9-21,2026-9-21,2026-09-21T18:15:12.481238+00:00,1.37,,1.3325,,MAS,2.814258911819894,
native,hsbc,JPY,SGD,JPY/SGD,100,Indicative board,board,,,indicative_fx,2026-9-21,2026-9-21,2026-09-21T18:15:12.481238+00:00,0.8387,0.7893,0.8127000000000001,0.8140000000000001,MAS,3.199212501538072,2.879291251384285
native,hsbc,LKR,SGD,LKR/SGD,100,Indicative board,board,,,indicative_fx,2026-9-21,2026-9-21,2026-09-21T18:15:12.481238+00:00,0.4,,,,,,
native,hsbc,MUR,SGD,MUR/SGD,100,Indicative board,board,,,indicative_fx,2026-9-21,2026-9-21,2026-09-21T18:15:12.481238+00:00,2.78,2.58,,2.6799999999999997,,,
native,hsbc,NOK,SGD,NOK/SGD,100,Indicative board,board,,,indicative_fx,2026-9-21,2026-9-21,2026-09-21T18:15:12.481238+00:00,13.96,13.12,,13.54,,,
native,hsbc,NZD,SGD,NZD/SGD,1,Indicative board,board,,,indicative_fx,2026-9-21,2026-9-21,2026-09-21T18:15:12.481238+00:00,0.7515,0.7072,0.7304,0.7293499999999999,MAS,2.8888280394304346,3.1763417305585975
native,hsbc,PHP,SGD,PHP/SGD,100,Indicative board,board,,,indicative_fx,2026-9-21,2026-9-21,2026-09-21T18:15:12.481238+00:00,2.1,,2.0307,,MAS,3.4126163391933884,
native,hsbc,PKR,SGD,PKR/SGD,100,Indicative board,board,,,indicative_fx,2026-9-21,2026-9-21,2026-09-21T18:15:12.481238+00:00,0.48,,,,,,
native,hsbc,QAR,SGD,QAR/SGD,100,Indicative board,board,,,indicative_fx,2026-9-21,2026-9-21,2026-09-21T18:15:12.481238+00:00,35.44,34.55,35.0,34.995,MAS,1.2571428571428507,1.2857142857142938
native,hsbc,RUB,SGD,RUB/SGD,100,Indicative board,board,,,indicative_fx,2026-9-21,2026-9-21,2026-09-21T18:15:12.481238+00:00,15.64,14.66,,15.15,,,
native,hsbc,SAR,SGD,SAR/SGD,100,Indicative board,board,,,indicative_fx,2026-9-21,2026-9-21,2026-09-21T18:15:12.481238+00:00,34.38,33.53,33.96,33.955,MAS,1.2367491166077789,1.2661955241460532
native,hsbc,SEK,SGD,SEK/SGD,100,Indicative board,board,,,indicative_fx,2026-9-21,2026-9-21,2026-09-21T18:15:12.481238+00:00,13.37,12.58,,12.975,,,
native,hsbc,THB,SGD,THB/SGD,100,Indicative board,board,,,indicative_fx,2026-9-21,2026-9-21,2026-09-21T18:15:12.481238+00:00,3.96,3.7,3.8324,3.83,MAS,3.3295063145809456,3.4547542010228485
native,hsbc,TRY,SGD,TRY/SGD,1,Indicative board,board,,,indicative_fx,2026-9-21,2026-9-21,2026-09-21T18:15:12.481238+00:00,0.027,,,,,,
native,hsbc,USD,SGD,USD/SGD,1,Indicative board,board,,,indicative_fx,2026-9-21,2026-9-21,2026-09-21T18:15:12.481238+00:00,1.3014,1.2497,1.2756,1.27555,MAS,2.0225776105362043,2.0304170586390744
native,hsbc,ZAR,SGD,ZAR/SGD,1,Indicative board,board,,,indicative_fx,2026-9-21,2026-9-21,2026-09-21T18:15:12.481238+00:00,0.0812,0.0759,,0.07855,,,
native,ocbc,AED,SGD,AED/SGD,100,"SGD 0 – 39,999.99",tier_1,,,fxRatesSgd,2026-09-21T07:00:12,2026-09-21T07:00:12,2026-09-21T18:15:10.580977+00:00,35.6238,33.6078,34.73,34.6158,MAS,2.5735675208753412,3.2312122084653025
native,ocbc,AED,SGD,AED/SGD,100,"SGD 40,000 – 100,000",tier_2,,,fxRatesSgd,2026-09-21T07:00:12,2026-09-21T07:00:12,2026-09-21T18:15:10.580977+00:00,35.6132,33.6249,34.73,34.6158,MAS,2.543046357615901,3.1819752375467907
native,ocbc,AUD,SGD,AUD/SGD,1,"SGD 0 – 39,999.99",tier_1,,,fxRatesSgd,2026-09-21T07:00:12,2026-09-21T07:00:12,2026-09-21T18:15:10.580977+00:00,0.9259,0.8966,0.9091,0.9113,MAS,1.84798152018479,1.3749862501375059
native,ocbc,AUD,SGD,AUD/SGD,1,"SGD 40,000 – 100,000",tier_2,,,fxRatesSgd,2026-09-21T07:00:12,2026-09-21T07:00:12,2026-09-21T18:15:10.580977+00:00,0.9241,0.8984,0.9091,0.9113,MAS,1.6499835001649996,1.1769882301177035
native,ocbc,BGN,SGD,BGN/SGD,100,"SGD 0 – 39,999.99",tier_1,,,fxRatesSgd,2026-09-21T07:00:12,2026-09-21T07:00:12,2026-09-21T18:15:10.580977+00:00,0.0,0.0,,0.0,,,
native,ocbc,BGN,SGD,BGN/SGD,100,"SGD 40,000 – 100,000",tier_2,,,fxRatesSgd,2026-09-21T07:00:12,2026-09-21T07:00:12,2026-09-21T18:15:10.580977+00:00,0.0,0.0,,0.0,,,
native,ocbc,BHD,SGD,BHD/SGD,1,"SGD 0 – 39,999.99",tier_1,,,fxRatesSgd,2026-09-21T07:00:12,2026-09-21T07:00:12,2026-09-21T18:15:10.580977+00:00,0.0,0.0,,0.0,,,
native,ocbc,BHD,SGD,BHD/SGD,1,"SGD 40,000 – 100,000",tier_2,,,fxRatesSgd,2026-09-21T07:00:12,2026-09-21T07:00:12,2026-09-21T18:15:10.580977+00:00,0.0,0.0,,0.0,,,
native,ocbc,CAD,SGD,CAD/SGD,1,"SGD 0 – 39,999.99",tier_1,,,fxRatesSgd,2026-09-21T07:00:12,2026-09-21T07:00:12,2026-09-21T18:15:10.580977+00:00,0.9264,0.8935,0.9109,0.91,MAS,1.7016137885607594,1.910198704577899
native,ocbc,CAD,SGD,CAD/SGD,1,"SGD 40,000 – 100,000",tier_2,,,fxRatesSgd,2026-09-21T07:00:12,2026-09-21T07:00:12,2026-09-21T18:15:10.580977+00:00,0.9246,0.8953,0.9109,0.91,MAS,1.5040070260182166,1.7125919420353561
native,ocbc,CHF,SGD,CHF/SGD,100,"SGD 0 – 39,999.99",tier_1,,,fxRatesSgd,2026-09-21T07:00:12,2026-09-21T07:00:12,2026-09-21T18:15:10.580977+00:00,157.9185,152.3054,154.99,155.112,MAS,1.8894767404348571,1.7321117491451172
native,ocbc,CHF,SGD,CHF/SGD,100,"SGD 40,000 – 100,000",tier_2,,,fxRatesSgd,2026-09-21T07:00:12,2026-09-21T07:00:12,2026-09-21T18:15:10.580977+00:00,157.6083,152.6155,154.99,155.112,MAS,1.6893347957932803,1.5320343247951556
native,ocbc,CNH,SGD,CNH/SGD,100,"SGD 0 – 39,999.99",tier_1,,,fxRatesSgd,2026-09-21T07:00:12,2026-09-21T07:00:12,2026-09-21T18:15:10.580977+00:00,19.3973,18.8237,,19.1105,,,
native,ocbc,CNH,SGD,CNH/SGD,100,"SGD 40,000 – 100,000",tier_2,,,fxRatesSgd,2026-09-21T07:00:12,2026-09-21T07:00:12,2026-09-21T18:15:10.580977+00:00,19.3782,18.8428,,19.1105,,,
native,ocbc,CZK,SGD,CZK/SGD,100,"SGD 0 – 39,999.99",tier_1,,,fxRatesSgd,2026-09-21T07:00:12,2026-09-21T07:00:12,2026-09-21T18:15:10.580977+00:00,0.0,0.0,,0.0,,,
native,ocbc,CZK,SGD,CZK/SGD,100,"SGD 40,000 – 100,000",tier_2,,,fxRatesSgd,2026-09-21T07:00:12,2026-09-21T07:00:12,2026-09-21T18:15:10.580977+00:00,0.0,0.0,,0.0,,,
native,ocbc,DKK,SGD,DKK/SGD,100,"SGD 0 – 39,999.99",tier_1,,,fxRatesSgd,2026-09-21T07:00:12,2026-09-21T07:00:12,2026-09-21T18:15:10.580977+00:00,19.9421,19.2345,,19.5883,,,
native,ocbc,DKK,SGD,DKK/SGD,100,"SGD 40,000 – 100,000",tier_2,,,fxRatesSgd,2026-09-21T07:00:12,2026-09-21T07:00:12,2026-09-21T18:15:10.580977+00:00,19.903,19.2736,,19.5883,,,
native,ocbc,EUR,SGD,EUR/SGD,1,"SGD 0 – 39,999.99",tier_1,,,fxRatesSgd,2026-09-21T07:00:12,2026-09-21T07:00:12,2026-09-21T18:15:10.580977+00:00,1.4808,1.4444,1.4638,1.4626,MAS,1.161360841645027,1.3253176663478674
native,ocbc,EUR,SGD,EUR/SGD,1,"SGD 40,000 – 100,000",tier_2,,,fxRatesSgd,2026-09-21T07:00:12,2026-09-21T07:00:12,2026-09-21T18:15:10.580977+00:00,1.4791,1.4463,1.4638,1.4626,MAS,1.0452247574805364,1.1955185134581274
native,ocbc,GBP,SGD,GBP/SGD,1,"SGD 0 – 39,999.99",tier_1,,,fxRatesSgd,2026-09-21T07:00:12,2026-09-21T07:00:12,2026-09-21T18:15:10.580977+00:00,1.729,1.6832,1.7071,1.7061,MAS,1.282877394411577,1.400035147325876
native,ocbc,GBP,SGD,GBP/SGD,1,"SGD 40,000 – 100,000",tier_2,,,fxRatesSgd,2026-09-21T07:00:12,2026-09-21T07:00:12,2026-09-21T18:15:10.580977+00:00,1.7273,1.6852,1.7071,1.7061,MAS,1.1832933044344205,1.282877394411577
native,ocbc,HKD,SGD,HKD/SGD,100,"SGD 0 – 39,999.99",tier_1,,,fxRatesSgd,2026-09-21T07:00:12,2026-09-21T07:00:12,2026-09-21T18:15:10.580977+00:00,16.4664,16.0682,16.26,16.2673,MAS,1.2693726937269283,1.179581795817962
native,ocbc,HKD,SGD,HKD/SGD,100,"SGD 40,000 – 100,000",tier_2,,,fxRatesSgd,2026-09-21T07:00:12,2026-09-21T07:00:12,2026-09-21T18:15:10.580977+00:00,16.4372,16.078,16.26,16.2673,MAS,1.0897908979089737,1.1193111931119442
native,ocbc,HUF,SGD,HUF/SGD,100,"SGD 0 – 39,999.99",tier_1,,,fxRatesSgd,2026-09-21T07:00:12,2026-09-21T07:00:12,2026-09-21T18:15:10.580977+00:00,0.0,0.0,,0.0,,,
native,ocbc,HUF,SGD,HUF/SGD,100,"SGD 40,000 – 100,000",tier_2,,,fxRatesSgd,2026-09-21T07:00:12,2026-09-21T07:00:12,2026-09-21T18:15:10.580977+00:00,0.0,0.0,,0.0,,,
native,ocbc,IDR,SGD,IDR/SGD,100,"SGD 0 – 39,999.99",tier_1,,,fxRatesSgd,2026-09-21T07:00:12,2026-09-21T07:00:12,2026-09-21T18:15:10.580977+00:00,0.0074,0.0,0.007159000000000001,0.0074,MAS,3.3663919541835314,100.0
native,ocbc,IDR,SGD,IDR/SGD,100,"SGD 40,000 – 100,000",tier_2,,,fxRatesSgd,2026-09-21T07:00:12,2026-09-21T07:00:12,2026-09-21T18:15:10.580977+00:00,0.0074,0.0,0.007159000000000001,0.0074,MAS,3.3663919541835314,100.0
native,ocbc,ILS,SGD,ILS/SGD,100,"SGD 0 – 39,999.99",tier_1,,,fxRatesSgd,2026-09-21T07:00:12,2026-09-21T07:00:12,2026-09-21T18:15:10.580977+00:00,0.0,0.0,,0.0,,,
native,ocbc,ILS,SGD,ILS/SGD,100,"SGD 40,000 – 100,000",tier_2,,,fxRatesSgd,2026-09-21T07:00:12,2026-09-21T07:00:12,2026-09-21T18:15:10.580977+00:00,0.0,0.0,,0.0,,,
native,ocbc,INR,SGD,INR/SGD,100,"SGD 0 – 39,999.99",tier_1,,,fxRatesSgd,2026-09-21T07:00:12,2026-09-21T07:00:12,2026-09-21T18:15:10.580977+00:00,1.3707,0.0,1.3325,1.3707,MAS,2.8667917448405262,100.0
native,ocbc,INR,SGD,INR/SGD,100,"SGD 40,000 – 100,000",tier_2,,,fxRatesSgd,2026-09-21T07:00:12,2026-09-21T07:00:12,2026-09-21T18:15:10.580977+00:00,1.368,0.0,1.3325,1.3707,MAS,2.6641651031894997,100.0
native,ocbc,JOD,SGD,JOD/SGD,1,"SGD 0 – 39,999.99",tier_1,,,fxRatesSgd,2026-09-21T07:00:12,2026-09-21T07:00:12,2026-09-21T18:15:10.580977+00:00,0.0,0.0,,0.0,,,
native,ocbc,JOD,SGD,JOD/SGD,1,"SGD 40,000 – 100,000",tier_2,,,fxRatesSgd,2026-09-21T07:00:12,2026-09-21T07:00:12,2026-09-21T18:15:10.580977+00:00,0.0,0.0,,0.0,,,
native,ocbc,JPY,SGD,JPY/SGD,100,"SGD 0 – 39,999.99",tier_1,,,fxRatesSgd,2026-09-21T07:00:12,2026-09-21T07:00:12,2026-09-21T18:15:10.580977+00:00,0.8216,0.8014,0.8127000000000001,0.8115,MAS,1.0951150486034094,1.3904269718223312
native,ocbc,JPY,SGD,JPY/SGD,100,"SGD 40,000 – 100,000",tier_2,,,fxRatesSgd,2026-09-21T07:00:12,2026-09-21T07:00:12,2026-09-21T18:15:10.580977+00:00,0.8208,0.8028,0.8127000000000001,0.8115,MAS,0.996677740863773,1.2181616832779785
native,ocbc,KRW,SGD,KRW/SGD,100,"SGD 0 – 39,999.99",tier_1,,,fxRatesSgd,2026-09-21T07:00:12,2026-09-21T07:00:12,2026-09-21T18:15:10.580977+00:00,0.0,0.0,0.0922,0.0,MAS,-100.0,100.0
native,ocbc,KRW,SGD,KRW/SGD,100,"SGD 40,000 – 100,000",tier_2,,,fxRatesSgd,2026-09-21T07:00:12,2026-09-21T07:00:12,2026-09-21T18:15:10.580977+00:00,0.0,0.0,0.0922,0.0,MAS,-100.0,100.0
native,ocbc,LKR,SGD,LKR/SGD,100,"SGD 0 – 39,999.99",tier_1,,,fxRatesSgd,2026-09-21T07:00:12,2026-09-21T07:00:12,2026-09-21T18:15:10.580977+00:00,0.3975,0.0,,0.3975,,,
native,ocbc,LKR,SGD,LKR/SGD,100,"SGD 40,000 – 100,000",tier_2,,,fxRatesSgd,2026-09-21T07:00:12,2026-09-21T07:00:12,2026-09-21T18:15:10.580977+00:00,0.3967,0.0,,0.3975,,,
native,ocbc,MAD,SGD,MAD/SGD,100,"SGD 0 – 39,999.99",tier_1,,,fxRatesSgd,2026-09-21T07:00:12,2026-09-21T07:00:12,2026-09-21T18:15:10.580977+00:00,0.0,0.0,,0.0,,,
native,ocbc,MAD,SGD,MAD/SGD,100,"SGD 40,000 – 100,000",tier_2,,,fxRatesSgd,2026-09-21T07:00:12,2026-09-21T07:00:12,2026-09-21T18:15:10.580977+00:00,0.0,0.0,,0.0,,,
native,ocbc,MXN,SGD,MXN/SGD,100,"SGD 0 – 39,999.99",tier_1,,,fxRatesSgd,2026-09-21T07:00:12,2026-09-21T07:00:12,2026-09-21T18:15:10.580977+00:00,7.6475,0.0,,7.6475,,,
native,ocbc,MXN,SGD,MXN/SGD,100,"SGD 40,000 – 100,000",tier_2,,,fxRatesSgd,2026-09-21T07:00:12,2026-09-21T07:00:12,2026-09-21T18:15:10.580977+00:00,7.646,0.0,,7.6475,,,
native,ocbc,MYR,SGD,MYR/SGD,100,"SGD 0 – 39,999.99",tier_1,,,fxRatesSgd,2026-09-21T07:00:12,2026-09-21T07:00:12,2026-09-21T18:15:10.580977+00:00,0.0,0.0,31.290000000000003,0.0,MAS,-100.0,100.0
native,ocbc,MYR,SGD,MYR/SGD,100,"SGD 40,000 – 100,000",tier_2,,,fxRatesSgd,2026-09-21T07:00:12,2026-09-21T07:00:12,2026-09-21T18:15:10.580977+00:00,0.0,0.0,31.290000000000003,0.0,MAS,-100.0,100.0
native,ocbc,NOK,SGD,NOK/SGD,100,"SGD 0 – 39,999.99",tier_1,,,fxRatesSgd,2026-09-21T07:00:12,2026-09-21T07:00:12,2026-09-21T18:15:10.580977+00:00,13.791,13.2983,,13.5447,,,
native,ocbc,NOK,SGD,NOK/SGD,100,"SGD 40,000 – 100,000",tier_2,,,fxRatesSgd,2026-09-21T07:00:12,2026-09-21T07:00:12,2026-09-21T18:15:10.580977+00:00,13.7639,13.3254,,13.5447,,,
native,ocbc,NZD,SGD,NZD/SGD,1,"SGD 0 – 39,999.99",tier_1,,,fxRatesSgd,2026-09-21T07:00:12,2026-09-21T07:00:12,2026-09-21T18:15:10.580977+00:00,0.7453,0.7199,0.7304,0.7326,MAS,2.0399780941949497,1.4375684556407535
native,ocbc,NZD,SGD,NZD/SGD,1,"SGD 40,000 – 100,000",tier_2,,,fxRatesSgd,2026-09-21T07:00:12,2026-09-21T07:00:12,2026-09-21T18:15:10.580977+00:00,0.7434,0.7221,0.7304,0.7326,MAS,1.779846659364718,1.136363636363648
native,ocbc,OMR,SGD,OMR/SGD,1,"SGD 0 – 39,999.99",tier_1,,,fxRatesSgd,2026-09-21T07:00:12,2026-09-21T07:00:12,2026-09-21T18:15:10.580977+00:00,0.0,0.0,,0.0,,,
native,ocbc,OMR,SGD,OMR/SGD,1,"SGD 40,000 – 100,000",tier_2,,,fxRatesSgd,2026-09-21T07:00:12,2026-09-21T07:00:12,2026-09-21T18:15:10.580977+00:00,0.0,0.0,,0.0,,,
native,ocbc,PHP,SGD,PHP/SGD,100,"SGD 0 – 39,999.99",tier_1,,,fxRatesSgd,2026-09-21T07:00:12,2026-09-21T07:00:12,2026-09-21T18:15:10.580977+00:00,2.0953,0.0,2.0307,2.0953,MAS,3.181169055005663,100.0
native,ocbc,PHP,SGD,PHP/SGD,100,"SGD 40,000 – 100,000",tier_2,,,fxRatesSgd,2026-09-21T07:00:12,2026-09-21T07:00:12,2026-09-21T18:15:10.580977+00:00,2.0943,0.0,2.0307,2.0953,MAS,3.1319249519870045,100.0
native,ocbc,PLN,SGD,PLN/SGD,100,"SGD 0 – 39,999.99",tier_1,,,fxRatesSgd,2026-09-21T07:00:12,2026-09-21T07:00:12,2026-09-21T18:15:10.580977+00:00,34.6153,32.3633,,33.4893,,,
native,ocbc,PLN,SGD,PLN/SGD,100,"SGD 40,000 – 100,000",tier_2,,,fxRatesSgd,2026-09-21T07:00:12,2026-09-21T07:00:12,2026-09-21T18:15:10.580977+00:00,34.5983,32.3896,,33.4893,,,
native,ocbc,QAR,SGD,QAR/SGD,100,"SGD 0 – 39,999.99",tier_1,,,fxRatesSgd,2026-09-21T07:00:12,2026-09-21T07:00:12,2026-09-21T18:15:10.580977+00:00,35.995,33.9362,35.0,34.9656,MAS,2.8428571428571354,3.039428571428573
native,ocbc,QAR,SGD,QAR/SGD,100,"SGD 40,000 – 100,000",tier_2,,,fxRatesSgd,2026-09-21T07:00:12,2026-09-21T07:00:12,2026-09-21T18:15:10.580977+00:00,35.9736,33.9535,35.0,34.9656,MAS,2.7817142857142785,2.990000000000005
native,ocbc,RON,SGD,RON/SGD,100,"SGD 0 – 39,999.99",tier_1,,,fxRatesSgd,2026-09-21T07:00:12,2026-09-21T07:00:12,2026-09-21T18:15:10.580977+00:00,0.0,0.0,,0.0,,,
native,ocbc,RON,SGD,RON/SGD,100,"SGD 40,000 – 100,000",tier_2,,,fxRatesSgd,2026-09-21T07:00:12,2026-09-21T07:00:12,2026-09-21T18:15:10.580977+00:00,0.0,0.0,,0.0,,,
native,ocbc,RUB,SGD,RUB/SGD,100,"SGD 0 – 39,999.99",tier_1,,,fxRatesSgd,2026-09-21T07:00:12,2026-09-21T07:00:12,2026-09-21T18:15:10.580977+00:00,0.0,0.0,,0.0,,,
native,ocbc,RUB,SGD,RUB/SGD,100,"SGD 40,000 – 100,000",tier_2,,,fxRatesSgd,2026-09-21T07:00:12,2026-09-21T07:00:12,2026-09-21T18:15:10.580977+00:00,0.0,0.0,,0.0,,,
native,ocbc,SAR,SGD,SAR/SGD,100,"SGD 0 – 39,999.99",tier_1,,,fxRatesSgd,2026-09-21T07:00:12,2026-09-21T07:00:12,2026-09-21T18:15:10.580977+00:00,34.9051,32.9833,33.96,33.9442,MAS,2.7829799764428635,2.8760306242638425
native,ocbc,SAR,SGD,SAR/SGD,100,"SGD 40,000 – 100,000",tier_2,,,fxRatesSgd,2026-09-21T07:00:12,2026-09-21T07:00:12,2026-09-21T18:15:10.580977+00:00,34.8879,33.0,33.96,33.9442,MAS,2.732332155477035,2.826855123674914
native,ocbc,SEK,SGD,SEK/SGD,100,"SGD 0 – 39,999.99",tier_1,,,fxRatesSgd,2026-09-21T07:00:12,2026-09-21T07:00:12,2026-09-21T18:15:10.580977+00:00,13.2114,12.7396,,12.9755,,,
native,ocbc,SEK,SGD,SEK/SGD,100,"SGD 40,000 – 100,000",tier_2,,,fxRatesSgd,2026-09-21T07:00:12,2026-09-21T07:00:12,2026-09-21T18:15:10.580977+00:00,13.1855,12.7655,,12.9755,,,
native,ocbc,THB,SGD,THB/SGD,100,"SGD 0 – 39,999.99",tier_1,,,fxRatesSgd,2026-09-21T07:00:12,2026-09-21T07:00:12,2026-09-21T18:15:10.580977+00:00,3.9408,3.7246,3.8324,3.8327,MAS,2.8285147688132777,2.812858783008028
native,ocbc,THB,SGD,THB/SGD,100,"SGD 40,000 – 100,000",tier_2,,,fxRatesSgd,2026-09-21T07:00:12,2026-09-21T07:00:12,2026-09-21T18:15:10.580977+00:00,3.9331,3.7323,3.8324,3.8327,MAS,2.6275962843127085,2.6119402985074593
native,ocbc,TRY,SGD,TRY/SGD,100,"SGD 0 – 39,999.99",tier_1,,,fxRatesSgd,2026-09-21T07:00:12,2026-09-21T07:00:12,2026-09-21T18:15:10.580977+00:00,2.6851,2.5721,,2.6286,,,
native,ocbc,TRY,SGD,TRY/SGD,100,"SGD 40,000 – 100,000",tier_2,,,fxRatesSgd,2026-09-21T07:00:12,2026-09-21T07:00:12,2026-09-21T18:15:10.580977+00:00,2.6838,2.5723,,2.6286,,,
native,ocbc,TWD,SGD,TWD/SGD,100,"SGD 0 – 39,999.99",tier_1,,,fxRatesSgd,2026-09-21T07:00:12,2026-09-21T07:00:12,2026-09-21T18:15:10.580977+00:00,4.1621,0.0,4.0121,4.1621,MAS,3.7386904613543894,100.0
native,ocbc,TWD,SGD,TWD/SGD,100,"SGD 40,000 – 100,000",tier_2,,,fxRatesSgd,2026-09-21T07:00:12,2026-09-21T07:00:12,2026-09-21T18:15:10.580977+00:00,0.0,0.0,4.0121,4.1621,MAS,-100.0,100.0
native,ocbc,USD,SGD,USD/SGD,1,"SGD 0 – 39,999.99",tier_1,,,fxRatesSgd,2026-09-21T07:00:12,2026-09-21T07:00:12,2026-09-21T18:15:10.580977+00:00,1.2876,1.2633,1.2756,1.2755,MAS,0.9407337723424278,0.9642521166509859
native,ocbc,USD,SGD,USD/SGD,1,"SGD 40,000 – 100,000",tier_2,,,fxRatesSgd,2026-09-21T07:00:12,2026-09-21T07:00:12,2026-09-21T18:15:10.580977+00:00,1.2864,1.2656,1.2756,1.2755,MAS,0.846660395108178,0.7839448102853565
native,ocbc,ZAR,SGD,ZAR/SGD,100,"SGD 0 – 39,999.99",tier_1,,,fxRatesSgd,2026-09-21T07:00:12,2026-09-21T07:00:12,2026-09-21T18:15:10.580977+00:00,8.0779,7.6031,,7.8405,,,
native,ocbc,ZAR,SGD,ZAR/SGD,100,"SGD 40,000 – 100,000",tier_2,,,fxRatesSgd,2026-09-21T07:00:12,2026-09-21T07:00:12,2026-09-21T18:15:10.580977+00:00,8.074,7.607,,7.8405,,,
native,uob,AED,SGD,AED/SGD,100,Indicative board,board,,,forex_sgd,21 September 2026 05:40:56 PM,21 September 2026 05:40:56 PM,2026-09-21T18:15:11.950481+00:00,35.59,33.89,34.73,34.74,MAS,2.476245321048104,2.4186582205585845
native,uob,AOA,SGD,AOA/SGD,100,Indicative board,board,,,forex_sgd,21 September 2026 05:40:56 PM,21 September 2026 05:40:56 PM,2026-09-21T18:15:11.950481+00:00,0.1435,,,,,,
native,uob,AUD,SGD,AUD/SGD,1,Indicative board,board,,,forex_sgd,21 September 2026 05:40:56 PM,21 September 2026 05:40:56 PM,2026-09-21T18:15:11.950481+00:00,0.9251,0.8941,0.9091,0.9096,MAS,1.7599824001759998,1.6499835001649996
native,uob,BDT,SGD,BDT/SGD,100,Indicative board,board,,,forex_sgd,21 September 2026 05:40:56 PM,21 September 2026 05:40:56 PM,2026-09-21T18:15:11.950481+00:00,1.0683,,,,,,
native,uob,BND,SGD,BND/SGD,1,Indicative board,board,,,forex_sgd,21 September 2026 05:40:56 PM,21 September 2026 05:40:56 PM,2026-09-21T18:15:11.950481+00:00,1.0,1.0,,1.0,,,
native,uob,CAD,SGD,CAD/SGD,1,Indicative board,board,,,forex_sgd,21 September 2026 05:40:56 PM,21 September 2026 05:40:56 PM,2026-09-21T18:15:11.950481+00:00,0.9202,0.9002,0.9109,0.9102,MAS,1.0209682731364558,1.1746624217806612
native,uob,CHF,SGD,CHF/SGD,100,Indicative board,board,,,forex_sgd,21 September 2026 05:40:56 PM,21 September 2026 05:40:56 PM,2026-09-21T18:15:11.950481+00:00,156.66,153.36,154.99,155.01,MAS,1.0774888702496854,1.0516807535970032
native,uob,CNH,SGD,CNH/SGD,100,Indicative board,board,,,forex_sgd,21 September 2026 05:40:56 PM,21 September 2026 05:40:56 PM,2026-09-21T18:15:11.950481+00:00,19.29,18.83,,19.06,,,
native,uob,DKK,SGD,DKK/SGD,100,Indicative board,board,,,forex_sgd,21 September 2026 05:40:56 PM,21 September 2026 05:40:56 PM,2026-09-21T18:15:11.950481+00:00,19.94,19.24,,19.59,,,
native,uob,EGP,SGD,EGP/SGD,100,Indicative board,board,,,forex_sgd,21 September 2026 05:40:56 PM,21 September 2026 05:40:56 PM,2026-09-21T18:15:11.950481+00:00,2.5231,,,,,,
native,uob,EUR,SGD,EUR/SGD,1,Indicative board,board,,,forex_sgd,21 September 2026 05:40:56 PM,21 September 2026 05:40:56 PM,2026-09-21T18:15:11.950481+00:00,1.4834,1.4454,1.4638,1.4644,MAS,1.3389807350731018,1.2570023227216813
native,uob,GBP,SGD,GBP/SGD,1,Indicative board,board,,,forex_sgd,21 September 2026 05:40:56 PM,21 September 2026 05:40:56 PM,2026-09-21T18:15:11.950481+00:00,1.7302,1.6852,1.7071,1.7077,MAS,1.3531720461601486,1.282877394411577
native,uob,HKD,SGD,HKD/SGD,100,Indicative board,board,,,forex_sgd,21 September 2026 05:40:56 PM,21 September 2026 05:40:56 PM,2026-09-21T18:15:11.950481+00:00,16.439,16.081,16.26,16.259999999999998,MAS,1.1008610086100767,1.1008610086100985
native,uob,INR,SGD,INR/SGD,100,Indicative board,board,,,forex_sgd,21 September 2026 05:40:56 PM,21 September 2026 05:40:56 PM,2026-09-21T18:15:11.950481+00:00,1.3687,,1.3325,,MAS,2.716697936210132,
native,uob,JPY,SGD,JPY/SGD,100,Indicative board,board,,,forex_sgd,21 September 2026 05:40:56 PM,21 September 2026 05:40:56 PM,2026-09-21T18:15:11.950481+00:00,0.8284,0.7944,0.8127000000000001,0.8114,MAS,1.9318321643902958,2.2517534145441234
native,uob,KRW,SGD,KRW/SGD,1000,Indicative board,board,,,forex_sgd,21 September 2026 05:40:56 PM,21 September 2026 05:40:56 PM,2026-09-21T18:15:11.950481+00:00,0.9356,,0.922,,MAS,1.475054229934918,
native,uob,KWD,SGD,KWD/SGD,1,Indicative board,board,,,forex_sgd,21 September 2026 05:40:56 PM,21 September 2026 05:40:56 PM,2026-09-21T18:15:11.950481+00:00,4.1916,,,,,,
native,uob,LKR,SGD,LKR/SGD,100,Indicative board,board,,,forex_sgd,21 September 2026 05:40:56 PM,21 September 2026 05:40:56 PM,2026-09-21T18:15:11.950481+00:00,0.3921,,,,,,
native,uob,MXN,SGD,MXN/SGD,100,Indicative board,board,,,forex_sgd,21 September 2026 05:40:56 PM,21 September 2026 05:40:56 PM,2026-09-21T18:15:11.950481+00:00,7.4916,,,,,,
native,uob,MYR,SGD,MYR/SGD,100,Indicative board,board,,,forex_sgd,21 September 2026 05:40:56 PM,21 September 2026 05:40:56 PM,2026-09-21T18:15:11.950481+00:00,31.7561,,31.290000000000003,,MAS,1.4896132949824137,
native,uob,NOK,SGD,NOK/SGD,100,Indicative board,board,,,forex_sgd,21 September 2026 05:40:56 PM,21 September 2026 05:40:56 PM,2026-09-21T18:15:11.950481+00:00,13.8,13.36,,13.58,,,
native,uob,NZD,SGD,NZD/SGD,1,Indicative board,board,,,forex_sgd,21 September 2026 05:40:56 PM,21 September 2026 05:40:56 PM,2026-09-21T18:15:11.950481+00:00,0.7408,0.7208,0.7304,0.7308,MAS,1.4238773274917804,1.3143483023001166
native,uob,PHP,SGD,PHP/SGD,100,Indicative board,board,,,forex_sgd,21 September 2026 05:40:56 PM,21 September 2026 05:40:56 PM,2026-09-21T18:15:11.950481+00:00,2.0793,,2.0307,,MAS,2.393263406707046,
native,uob,PKR,SGD,PKR/SGD,100,Indicative board,board,,,forex_sgd,21 September 2026 05:40:56 PM,21 September 2026 05:40:56 PM,2026-09-21T18:15:11.950481+00:00,0.467,,,,,,
native,uob,SAR,SGD,SAR/SGD,100,Indicative board,board,,,forex_sgd,21 September 2026 05:40:56 PM,21 September 2026 05:40:56 PM,2026-09-21T18:15:11.950481+00:00,,,33.96,,MAS,,
native,uob,SEK,SGD,SEK/SGD,100,Indicative board,board,,,forex_sgd,21 September 2026 05:40:56 PM,21 September 2026 05:40:56 PM,2026-09-21T18:15:11.950481+00:00,13.23,12.75,,12.99,,,
native,uob,THB,SGD,THB/SGD,100,Indicative board,board,,,forex_sgd,21 September 2026 05:40:56 PM,21 September 2026 05:40:56 PM,2026-09-21T18:15:11.950481+00:00,3.93,3.73,3.8324,3.83,MAS,2.546707024318974,2.6719549107608764
native,uob,TWD,SGD,TWD/SGD,100,Indicative board,board,,,forex_sgd,21 September 2026 05:40:56 PM,21 September 2026 05:40:56 PM,2026-09-21T18:15:11.950481+00:00,4.1077,,4.0121,,MAS,2.3827920540365426,
native,uob,USD,SGD,USD/SGD,1,Indicative board,board,,,forex_sgd,21 September 2026 05:40:56 PM,21 September 2026 05:40:56 PM,2026-09-21T18:15:11.950481+00:00,1.2877,1.2637,1.2756,1.2757,MAS,0.9485732204452806,0.9328943242395752
native,uob,VND,SGD,VND/SGD,1000,Indicative board,board,,,forex_sgd,21 September 2026 05:40:56 PM,21 September 2026 05:40:56 PM,2026-09-21T18:15:11.950481+00:00,0.0503,,0.04902,,MAS,2.6111791105671083,
native,uob,XAF,SGD,XAF/SGD,100,Indicative board,board,,,forex_sgd,21 September 2026 05:40:56 PM,21 September 2026 05:40:56 PM,2026-09-21T18:15:11.950481+00:00,0.2294,,,,,,
native,uob,XOF,SGD,XOF/SGD,100,Indicative board,board,,,forex_sgd,21 September 2026 05:40:56 PM,21 September 2026 05:40:56 PM,2026-09-21T18:15:11.950481+00:00,0.2308,,,,,,
native,uob,ZAR,SGD,ZAR/SGD,1,Indicative board,board,,,forex_sgd,21 September 2026 05:40:56 PM,21 September 2026 05:40:56 PM,2026-09-21T18:15:11.950481+00:00,0.0804,0.0764,,0.0784,,,
standardized,dbs,AED,SGD,AED/SGD,1,SGD 50 – 200,amtBtw50And200,"SGD 200 – 39,999.99",std_200_40k,mainCurrencies,2026-09-22 02:00:00,2026-09-21 18:00:15,2026-09-21T18:15:08.354505+00:00,0.3499,0.3452,0.34729999999999994,0.34755,MAS,0.7486323063633882,0.6046645551396301
standardized,dbs,AED,SGD,AED/SGD,1,SGD 50 – 200,amtBtw50And200,"SGD 40,000 – 100,000",std_40k_100k,mainCurrencies,2026-09-22 02:00:00,2026-09-21 18:00:15,2026-09-21T18:15:08.354505+00:00,0.3499,0.3452,0.34729999999999994,0.34755,MAS,0.7486323063633882,0.6046645551396301
standardized,dbs,AED,SGD,AED/SGD,1,SGD 50 – 200,amtBtw50And200,SGD 50 – 200,std_50_200,mainCurrencies,2026-09-22 02:00:00,2026-09-21 18:00:15,2026-09-21T18:15:08.354505+00:00,0.3499,0.3452,0.34729999999999994,0.34755,MAS,0.7486323063633882,0.6046645551396301
standardized,dbs,AED,SGD,AED/SGD,1,SGD < 50,amtLessThan50,SGD < 50,std_lt_50,mainCurrencies,2026-09-22 02:00:00,2026-09-21 18:00:15,2026-09-21T18:15:08.354505+00:00,0.3527,0.3424,0.34729999999999994,0.34755,MAS,1.5548517132162603,1.4108839619925024
standardized,dbs,AUD,SGD,AUD/SGD,1,SGD 50 – 200,amtBtw50And200,"SGD 200 – 39,999.99",std_200_40k,mainCurrencies,2026-09-22 02:00:00,2026-09-21 18:00:15,2026-09-21T18:15:08.354505+00:00,0.9193,0.8992,0.9091,0.90925,MAS,1.1219887801121975,1.088989110108901
standardized,dbs,AUD,SGD,AUD/SGD,1,SGD 50 – 200,amtBtw50And200,"SGD 40,000 – 100,000",std_40k_100k,mainCurrencies,2026-09-22 02:00:00,2026-09-21 18:00:15,2026-09-21T18:15:08.354505+00:00,0.9193,0.8992,0.9091,0.90925,MAS,1.1219887801121975,1.088989110108901
standardized,dbs,AUD,SGD,AUD/SGD,1,SGD 50 – 200,amtBtw50And200,SGD 50 – 200,std_50_200,mainCurrencies,2026-09-22 02:00:00,2026-09-21 18:00:15,2026-09-21T18:15:08.354505+00:00,0.9193,0.8992,0.9091,0.90925,MAS,1.1219887801121975,1.088989110108901
standardized,dbs,AUD,SGD,AUD/SGD,1,SGD < 50,amtLessThan50,SGD < 50,std_lt_50,mainCurrencies,2026-09-22 02:00:00,2026-09-21 18:00:15,2026-09-21T18:15:08.354505+00:00,0.9197,0.8987,0.9091,0.9092,MAS,1.1659883401165925,1.1439885601143949
standardized,dbs,BDT,SGD,BDT/SGD,100,SGD 50 – 200,amtBtw50And200,"SGD 200 – 39,999.99",std_200_40k,otherCurrencies,2026-09-22 02:00:00,2026-09-21 18:00:15,2026-09-21T18:15:08.354505+00:00,1.0551,,,,,,
standardized,dbs,BDT,SGD,BDT/SGD,100,SGD 50 – 200,amtBtw50And200,"SGD 40,000 – 100,000",std_40k_100k,otherCurrencies,2026-09-22 02:00:00,2026-09-21 18:00:15,2026-09-21T18:15:08.354505+00:00,1.0551,,,,,,
standardized,dbs,BDT,SGD,BDT/SGD,100,SGD 50 – 200,amtBtw50And200,SGD 50 – 200,std_50_200,otherCurrencies,2026-09-22 02:00:00,2026-09-21 18:00:15,2026-09-21T18:15:08.354505+00:00,1.0551,,,,,,
standardized,dbs,BDT,SGD,BDT/SGD,100,SGD < 50,amtLessThan50,SGD < 50,std_lt_50,otherCurrencies,2026-09-22 02:00:00,2026-09-21 18:00:15,2026-09-21T18:15:08.354505+00:00,1.0551,,,,,,
standardized,dbs,BHD,SGD,BHD/SGD,1,SGD 50 – 200,amtBtw50And200,"SGD 200 – 39,999.99",std_200_40k,otherCurrencies,2026-09-22 02:00:00,2026-09-21 18:00:15,2026-09-21T18:15:08.354505+00:00,3.4491,,,,,,
standardized,dbs,BHD,SGD,BHD/SGD,1,SGD 50 – 200,amtBtw50And200,"SGD 40,000 – 100,000",std_40k_100k,otherCurrencies,2026-09-22 02:00:00,2026-09-21 18:00:15,2026-09-21T18:15:08.354505+00:00,3.4491,,,,,,
standardized,dbs,BHD,SGD,BHD/SGD,1,SGD 50 – 200,amtBtw50And200,SGD 50 – 200,std_50_200,otherCurrencies,2026-09-22 02:00:00,2026-09-21 18:00:15,2026-09-21T18:15:08.354505+00:00,3.4491,,,,,,
standardized,dbs,BHD,SGD,BHD/SGD,1,SGD < 50,amtLessThan50,SGD < 50,std_lt_50,otherCurrencies,2026-09-22 02:00:00,2026-09-21 18:00:15,2026-09-21T18:15:08.354505+00:00,3.4627,,,,,,
standardized,dbs,BND,SGD,BND/SGD,1,SGD 50 – 200,amtBtw50And200,"SGD 200 – 39,999.99",std_200_40k,otherCurrencies,2026-09-22 02:00:00,2026-09-21 18:00:15,2026-09-21T18:15:08.354505+00:00,1.0,1.0,,1.0,,,
standardized,dbs,BND,SGD,BND/SGD,1,SGD 50 – 200,amtBtw50And200,"SGD 40,000 – 100,000",std_40k_100k,otherCurrencies,2026-09-22 02:00:00,2026-09-21 18:00:15,2026-09-21T18:15:08.354505+00:00,1.0,1.0,,1.0,,,
standardized,dbs,BND,SGD,BND/SGD,1,SGD 50 – 200,amtBtw50And200,SGD 50 – 200,std_50_200,otherCurrencies,2026-09-22 02:00:00,2026-09-21 18:00:15,2026-09-21T18:15:08.354505+00:00,1.0,1.0,,1.0,,,
standardized,dbs,BND,SGD,BND/SGD,1,SGD < 50,amtLessThan50,SGD < 50,std_lt_50,otherCurrencies,2026-09-22 02:00:00,2026-09-21 18:00:15,2026-09-21T18:15:08.354505+00:00,1.0,1.0,,1.0,,,
standardized,dbs,CAD,SGD,CAD/SGD,1,SGD 50 – 200,amtBtw50And200,"SGD 200 – 39,999.99",std_200_40k,mainCurrencies,2026-09-22 02:00:00,2026-09-21 18:00:15,2026-09-21T18:15:08.354505+00:00,0.9166,0.9028,0.9109,0.9097,MAS,0.6257547480513698,0.8892304314414311
standardized,dbs,CAD,SGD,CAD/SGD,1,SGD 50 – 200,amtBtw50And200,"SGD 40,000 – 100,000",std_40k_100k,mainCurrencies,2026-09-22 02:00:00,2026-09-21 18:00:15,2026-09-21T18:15:08.354505+00:00,0.9166,0.9028,0.9109,0.9097,MAS,0.6257547480513698,0.8892304314414311
standardized,dbs,CAD,SGD,CAD/SGD,1,SGD 50 – 200,amtBtw50And200,SGD 50 – 200,std_50_200,mainCurrencies,2026-09-22 02:00:00,2026-09-21 18:00:15,2026-09-21T18:15:08.354505+00:00,0.9166,0.9028,0.9109,0.9097,MAS,0.6257547480513698,0.8892304314414311
standardized,dbs,CAD,SGD,CAD/SGD,1,SGD < 50,amtLessThan50,SGD < 50,std_lt_50,mainCurrencies,2026-09-22 02:00:00,2026-09-21 18:00:15,2026-09-21T18:15:08.354505+00:00,0.9198,0.8997,0.9109,0.9097500000000001,MAS,0.9770556592381061,1.229553189153583
standardized,dbs,CHF,SGD,CHF/SGD,1,SGD 50 – 200,amtBtw50And200,"SGD 200 – 39,999.99",std_200_40k,mainCurrencies,2026-09-22 02:00:00,2026-09-21 18:00:15,2026-09-21T18:15:08.354505+00:00,1.5688,1.539,1.5499,1.5539,MAS,1.2194335118394681,0.7032711787857365
standardized,dbs,CHF,SGD,CHF/SGD,1,SGD 50 – 200,amtBtw50And200,"SGD 40,000 – 100,000",std_40k_100k,mainCurrencies,2026-09-22 02:00:00,2026-09-21 18:00:15,2026-09-21T18:15:08.354505+00:00,1.5688,1.539,1.5499,1.5539,MAS,1.2194335118394681,0.7032711787857365
standardized,dbs,CHF,SGD,CHF/SGD,1,SGD 50 – 200,amtBtw50And200,SGD 50 – 200,std_50_200,mainCurrencies,2026-09-22 02:00:00,2026-09-21 18:00:15,2026-09-21T18:15:08.354505+00:00,1.5688,1.539,1.5499,1.5539,MAS,1.2194335118394681,0.7032711787857365
standardized,dbs,CHF,SGD,CHF/SGD,1,SGD < 50,amtLessThan50,SGD < 50,std_lt_50,mainCurrencies,2026-09-22 02:00:00,2026-09-21 18:00:15,2026-09-21T18:15:08.354505+00:00,1.5696,1.5384,1.5499,1.554,MAS,1.2710497451448513,0.7419833537647632
standardized,dbs,CNH,SGD,CNH/SGD,1,SGD 50 – 200,amtBtw50And200,"SGD 200 – 39,999.99",std_200_40k,mainCurrencies,2026-09-22 02:00:00,2026-09-21 18:00:15,2026-09-21T18:15:08.354505+00:00,0.1929,0.1885,,0.19069999999999998,,,
standardized,dbs,CNH,SGD,CNH/SGD,1,SGD 50 – 200,amtBtw50And200,"SGD 40,000 – 100,000",std_40k_100k,mainCurrencies,2026-09-22 02:00:00,2026-09-21 18:00:15,2026-09-21T18:15:08.354505+00:00,0.1929,0.1885,,0.19069999999999998,,,
standardized,dbs,CNH,SGD,CNH/SGD,1,SGD 50 – 200,amtBtw50And200,SGD 50 – 200,std_50_200,mainCurrencies,2026-09-22 02:00:00,2026-09-21 18:00:15,2026-09-21T18:15:08.354505+00:00,0.1929,0.1885,,0.19069999999999998,,,
standardized,dbs,CNH,SGD,CNH/SGD,1,SGD < 50,amtLessThan50,SGD < 50,std_lt_50,mainCurrencies,2026-09-22 02:00:00,2026-09-21 18:00:15,2026-09-21T18:15:08.354505+00:00,0.1935,0.1878,,0.19065,,,
standardized,dbs,CNY,SGD,CNY/SGD,1,SGD 50 – 200,amtBtw50And200,"SGD 200 – 39,999.99",std_200_40k,otherCurrencies,2026-09-22 02:00:00,2026-09-21 18:00:15,2026-09-21T18:15:08.354505+00:00,0.1906,,0.1905,,MAS,0.05249343832020419,
standardized,dbs,CNY,SGD,CNY/SGD,1,SGD 50 – 200,amtBtw50And200,"SGD 40,000 – 100,000",std_40k_100k,otherCurrencies,2026-09-22 02:00:00,2026-09-21 18:00:15,2026-09-21T18:15:08.354505+00:00,0.1906,,0.1905,,MAS,0.05249343832020419,
standardized,dbs,CNY,SGD,CNY/SGD,1,SGD 50 – 200,amtBtw50And200,SGD 50 – 200,std_50_200,otherCurrencies,2026-09-22 02:00:00,2026-09-21 18:00:15,2026-09-21T18:15:08.354505+00:00,0.1906,,0.1905,,MAS,0.05249343832020419,
standardized,dbs,CNY,SGD,CNY/SGD,1,SGD < 50,amtLessThan50,SGD < 50,std_lt_50,otherCurrencies,2026-09-22 02:00:00,2026-09-21 18:00:15,2026-09-21T18:15:08.354505+00:00,0.1923,,0.1905,,MAS,0.9448818897637774,
standardized,dbs,DKK,SGD,DKK/SGD,1,SGD 50 – 200,amtBtw50And200,"SGD 200 – 39,999.99",std_200_40k,mainCurrencies,2026-09-22 02:00:00,2026-09-21 18:00:15,2026-09-21T18:15:08.354505+00:00,0.1984,0.193,,0.19569999999999999,,,
standardized,dbs,DKK,SGD,DKK/SGD,1,SGD 50 – 200,amtBtw50And200,"SGD 40,000 – 100,000",std_40k_100k,mainCurrencies,2026-09-22 02:00:00,2026-09-21 18:00:15,2026-09-21T18:15:08.354505+00:00,0.1984,0.193,,0.19569999999999999,,,
standardized,dbs,DKK,SGD,DKK/SGD,1,SGD 50 – 200,amtBtw50And200,SGD 50 – 200,std_50_200,mainCurrencies,2026-09-22 02:00:00,2026-09-21 18:00:15,2026-09-21T18:15:08.354505+00:00,0.1984,0.193,,0.19569999999999999,,,
standardized,dbs,DKK,SGD,DKK/SGD,1,SGD < 50,amtLessThan50,SGD < 50,std_lt_50,mainCurrencies,2026-09-22 02:00:00,2026-09-21 18:00:15,2026-09-21T18:15:08.354505+00:00,0.1988,0.1927,,0.19575,,,
standardized,dbs,EUR,SGD,EUR/SGD,1,SGD 50 – 200,amtBtw50And200,"SGD 200 – 39,999.99",std_200_40k,mainCurrencies,2026-09-22 02:00:00,2026-09-21 18:00:15,2026-09-21T18:15:08.354505+00:00,1.4761,1.4511,1.4638,1.4636,MAS,0.8402787266019933,0.8676048640524616
standardized,dbs,EUR,SGD,EUR/SGD,1,SGD 50 – 200,amtBtw50And200,"SGD 40,000 – 100,000",std_40k_100k,mainCurrencies,2026-09-22 02:00:00,2026-09-21 18:00:15,2026-09-21T18:15:08.354505+00:00,1.4761,1.4511,1.4638,1.4636,MAS,0.8402787266019933,0.8676048640524616
standardized,dbs,EUR,SGD,EUR/SGD,1,SGD 50 – 200,amtBtw50And200,SGD 50 – 200,std_50_200,mainCurrencies,2026-09-22 02:00:00,2026-09-21 18:00:15,2026-09-21T18:15:08.354505+00:00,1.4761,1.4511,1.4638,1.4636,MAS,0.8402787266019933,0.8676048640524616
standardized,dbs,EUR,SGD,EUR/SGD,1,SGD < 50,amtLessThan50,SGD < 50,std_lt_50,mainCurrencies,2026-09-22 02:00:00,2026-09-21 18:00:15,2026-09-21T18:15:08.354505+00:00,1.4768,1.4504,1.4638,1.4636,MAS,0.8880994671403128,0.9154256045907965
standardized,dbs,GBP,SGD,GBP/SGD,1,SGD 50 – 200,amtBtw50And200,"SGD 200 – 39,999.99",std_200_40k,mainCurrencies,2026-09-22 02:00:00,2026-09-21 18:00:15,2026-09-21T18:15:08.354505+00:00,1.7196,1.6938,1.7071,1.7067,MAS,0.7322359557143667,0.7790990568800943
standardized,dbs,GBP,SGD,GBP/SGD,1,SGD 50 – 200,amtBtw50And200,"SGD 40,000 – 100,000",std_40k_100k,mainCurrencies,2026-09-22 02:00:00,2026-09-21 18:00:15,2026-09-21T18:15:08.354505+00:00,1.7196,1.6938,1.7071,1.7067,MAS,0.7322359557143667,0.7790990568800943
standardized,dbs,GBP,SGD,GBP/SGD,1,SGD 50 – 200,amtBtw50And200,SGD 50 – 200,std_50_200,mainCurrencies,2026-09-22 02:00:00,2026-09-21 18:00:15,2026-09-21T18:15:08.354505+00:00,1.7196,1.6938,1.7071,1.7067,MAS,0.7322359557143667,0.7790990568800943
standardized,dbs,GBP,SGD,GBP/SGD,1,SGD < 50,amtLessThan50,SGD < 50,std_lt_50,mainCurrencies,2026-09-22 02:00:00,2026-09-21 18:00:15,2026-09-21T18:15:08.354505+00:00,1.7213,1.6921,1.7071,1.7067,MAS,0.8318200456915231,0.8786831468572506
standardized,dbs,HKD,SGD,HKD/SGD,1,SGD 50 – 200,amtBtw50And200,"SGD 200 – 39,999.99",std_200_40k,mainCurrencies,2026-09-22 02:00:00,2026-09-21 18:00:15,2026-09-21T18:15:08.354505+00:00,0.1643,0.161,0.16260000000000002,0.16265000000000002,MAS,1.045510455104538,0.984009840098412
standardized,dbs,HKD,SGD,HKD/SGD,1,SGD 50 – 200,amtBtw50And200,"SGD 40,000 – 100,000",std_40k_100k,mainCurrencies,2026-09-22 02:00:00,2026-09-21 18:00:15,2026-09-21T18:15:08.354505+00:00,0.1643,0.161,0.16260000000000002,0.16265000000000002,MAS,1.045510455104538,0.984009840098412
standardized,dbs,HKD,SGD,HKD/SGD,1,SGD 50 – 200,amtBtw50And200,SGD 50 – 200,std_50_200,mainCurrencies,2026-09-22 02:00:00,2026-09-21 18:00:15,2026-09-21T18:15:08.354505+00:00,0.1643,0.161,0.16260000000000002,0.16265000000000002,MAS,1.045510455104538,0.984009840098412
standardized,dbs,HKD,SGD,HKD/SGD,1,SGD < 50,amtLessThan50,SGD < 50,std_lt_50,mainCurrencies,2026-09-22 02:00:00,2026-09-21 18:00:15,2026-09-21T18:15:08.354505+00:00,0.1644,0.1608,0.16260000000000002,0.1626,MAS,1.1070110701106814,1.1070110701107156
standardized,dbs,HUF,SGD,HUF/SGD,100,SGD 50 – 200,amtBtw50And200,"SGD 200 – 39,999.99",std_200_40k,otherCurrencies,2026-09-22 02:00:00,2026-09-21 18:00:15,2026-09-21T18:15:08.354505+00:00,0.4098,,,,,,
standardized,dbs,HUF,SGD,HUF/SGD,100,SGD 50 – 200,amtBtw50And200,"SGD 40,000 – 100,000",std_40k_100k,otherCurrencies,2026-09-22 02:00:00,2026-09-21 18:00:15,2026-09-21T18:15:08.354505+00:00,0.4098,,,,,,
standardized,dbs,HUF,SGD,HUF/SGD,100,SGD 50 – 200,amtBtw50And200,SGD 50 – 200,std_50_200,otherCurrencies,2026-09-22 02:00:00,2026-09-21 18:00:15,2026-09-21T18:15:08.354505+00:00,0.4098,,,,,,
standardized,dbs,HUF,SGD,HUF/SGD,100,SGD < 50,amtLessThan50,SGD < 50,std_lt_50,otherCurrencies,2026-09-22 02:00:00,2026-09-21 18:00:15,2026-09-21T18:15:08.354505+00:00,0.4114,,,,,,
standardized,dbs,ID0,SGD,ID0/SGD,100,SGD 50 – 200,amtBtw50And200,"SGD 200 – 39,999.99",std_200_40k,otherCurrencies,2026-09-22 02:00:00,2026-09-21 18:00:15,2026-09-21T18:15:08.354505+00:00,,,,,,,
standardized,dbs,ID0,SGD,ID0/SGD,100,SGD 50 – 200,amtBtw50And200,"SGD 40,000 – 100,000",std_40k_100k,otherCurrencies,2026-09-22 02:00:00,2026-09-21 18:00:15,2026-09-21T18:15:08.354505+00:00,,,,,,,
standardized,dbs,ID0,SGD,ID0/SGD,100,SGD 50 – 200,amtBtw50And200,SGD 50 – 200,std_50_200,otherCurrencies,2026-09-22 02:00:00,2026-09-21 18:00:15,2026-09-21T18:15:08.354505+00:00,,,,,,,
standardized,dbs,ID0,SGD,ID0/SGD,100,SGD < 50,amtLessThan50,SGD < 50,std_lt_50,otherCurrencies,2026-09-22 02:00:00,2026-09-21 18:00:15,2026-09-21T18:15:08.354505+00:00,,0.0071,,,,,
standardized,dbs,IDR,SGD,IDR/SGD,100,SGD 50 – 200,amtBtw50And200,"SGD 200 – 39,999.99",std_200_40k,mainCurrencies,2026-09-22 02:00:00,2026-09-21 18:00:15,2026-09-21T18:15:08.354505+00:00,0.0073,,0.007159000000000001,,MAS,1.9695488196675337,
standardized,dbs,IDR,SGD,IDR/SGD,100,SGD 50 – 200,amtBtw50And200,"SGD 40,000 – 100,000",std_40k_100k,mainCurrencies,2026-09-22 02:00:00,2026-09-21 18:00:15,2026-09-21T18:15:08.354505+00:00,0.0073,,0.007159000000000001,,MAS,1.9695488196675337,
standardized,dbs,IDR,SGD,IDR/SGD,100,SGD 50 – 200,amtBtw50And200,SGD 50 – 200,std_50_200,mainCurrencies,2026-09-22 02:00:00,2026-09-21 18:00:15,2026-09-21T18:15:08.354505+00:00,0.0073,,0.007159000000000001,,MAS,1.9695488196675337,
standardized,dbs,IDR,SGD,IDR/SGD,100,SGD < 50,amtLessThan50,SGD < 50,std_lt_50,mainCurrencies,2026-09-22 02:00:00,2026-09-21 18:00:15,2026-09-21T18:15:08.354505+00:00,0.0073,,0.007159000000000001,,MAS,1.9695488196675337,
standardized,dbs,IN0,SGD,IN0/SGD,100,SGD 50 – 200,amtBtw50And200,"SGD 200 – 39,999.99",std_200_40k,otherCurrencies,2026-09-22 02:00:00,2026-09-21 18:00:15,2026-09-21T18:15:08.354505+00:00,,1.3276,,,,,
standardized,dbs,IN0,SGD,IN0/SGD,100,SGD 50 – 200,amtBtw50And200,"SGD 40,000 – 100,000",std_40k_100k,otherCurrencies,2026-09-22 02:00:00,2026-09-21 18:00:15,2026-09-21T18:15:08.354505+00:00,,1.3276,,,,,
standardized,dbs,IN0,SGD,IN0/SGD,100,SGD 50 – 200,amtBtw50And200,SGD 50 – 200,std_50_200,otherCurrencies,2026-09-22 02:00:00,2026-09-21 18:00:15,2026-09-21T18:15:08.354505+00:00,,1.3276,,,,,
standardized,dbs,IN0,SGD,IN0/SGD,100,SGD < 50,amtLessThan50,SGD < 50,std_lt_50,otherCurrencies,2026-09-22 02:00:00,2026-09-21 18:00:15,2026-09-21T18:15:08.354505+00:00,,1.3276,,,,,
standardized,dbs,INR,SGD,INR/SGD,100,SGD 50 – 200,amtBtw50And200,"SGD 200 – 39,999.99",std_200_40k,otherCurrencies,2026-09-22 02:00:00,2026-09-21 18:00:15,2026-09-21T18:15:08.354505+00:00,1.347,,1.3325,,MAS,1.0881801125703532,
standardized,dbs,INR,SGD,INR/SGD,100,SGD 50 – 200,amtBtw50And200,"SGD 40,000 – 100,000",std_40k_100k,otherCurrencies,2026-09-22 02:00:00,2026-09-21 18:00:15,2026-09-21T18:15:08.354505+00:00,1.347,,1.3325,,MAS,1.0881801125703532,
standardized,dbs,INR,SGD,INR/SGD,100,SGD 50 – 200,amtBtw50And200,SGD 50 – 200,std_50_200,otherCurrencies,2026-09-22 02:00:00,2026-09-21 18:00:15,2026-09-21T18:15:08.354505+00:00,1.347,,1.3325,,MAS,1.0881801125703532,
standardized,dbs,INR,SGD,INR/SGD,100,SGD < 50,amtLessThan50,SGD < 50,std_lt_50,otherCurrencies,2026-09-22 02:00:00,2026-09-21 18:00:15,2026-09-21T18:15:08.354505+00:00,1.3577,,1.3325,,MAS,1.891181988742956,
standardized,dbs,JPY,SGD,JPY/SGD,100,SGD 50 – 200,amtBtw50And200,"SGD 200 – 39,999.99",std_200_40k,mainCurrencies,2026-09-22 02:00:00,2026-09-21 18:00:15,2026-09-21T18:15:08.354505+00:00,0.8188,0.8025,0.8127000000000001,0.81065,MAS,0.7505844715146895,1.2550756736803368
standardized,dbs,JPY,SGD,JPY/SGD,100,SGD 50 – 200,amtBtw50And200,"SGD 40,000 – 100,000",std_40k_100k,mainCurrencies,2026-09-22 02:00:00,2026-09-21 18:00:15,2026-09-21T18:15:08.354505+00:00,0.8188,0.8025,0.8127000000000001,0.81065,MAS,0.7505844715146895,1.2550756736803368
standardized,dbs,JPY,SGD,JPY/SGD,100,SGD 50 – 200,amtBtw50And200,SGD 50 – 200,std_50_200,mainCurrencies,2026-09-22 02:00:00,2026-09-21 18:00:15,2026-09-21T18:15:08.354505+00:00,0.8188,0.8025,0.8127000000000001,0.81065,MAS,0.7505844715146895,1.2550756736803368
standardized,dbs,JPY,SGD,JPY/SGD,100,SGD < 50,amtLessThan50,SGD < 50,std_lt_50,mainCurrencies,2026-09-22 02:00:00,2026-09-21 18:00:15,2026-09-21T18:15:08.354505+00:00,0.8196,0.8017,0.8127000000000001,0.81065,MAS,0.8490217792543258,1.353512981419973
standardized,dbs,KRW,SGD,KRW/SGD,100,SGD 50 – 200,amtBtw50And200,"SGD 200 – 39,999.99",std_200_40k,otherCurrencies,2026-09-22 02:00:00,2026-09-21 18:00:15,2026-09-21T18:15:08.354505+00:00,0.0941,,0.0922,,MAS,2.0607375271149664,
standardized,dbs,KRW,SGD,KRW/SGD,100,SGD 50 – 200,amtBtw50And200,"SGD 40,000 – 100,000",std_40k_100k,otherCurrencies,2026-09-22 02:00:00,2026-09-21 18:00:15,2026-09-21T18:15:08.354505+00:00,0.0941,,0.0922,,MAS,2.0607375271149664,
standardized,dbs,KRW,SGD,KRW/SGD,100,SGD 50 – 200,amtBtw50And200,SGD 50 – 200,std_50_200,otherCurrencies,2026-09-22 02:00:00,2026-09-21 18:00:15,2026-09-21T18:15:08.354505+00:00,0.0941,,0.0922,,MAS,2.0607375271149664,
standardized,dbs,KRW,SGD,KRW/SGD,100,SGD < 50,amtLessThan50,SGD < 50,std_lt_50,otherCurrencies,2026-09-22 02:00:00,2026-09-21 18:00:15,2026-09-21T18:15:08.354505+00:00,0.0941,,0.0922,,MAS,2.0607375271149664,
standardized,dbs,KWD,SGD,KWD/SGD,100,SGD 50 – 200,amtBtw50And200,"SGD 200 – 39,999.99",std_200_40k,otherCurrencies,2026-09-22 02:00:00,2026-09-21 18:00:15,2026-09-21T18:15:08.354505+00:00,424.1347,,,,,,
standardized,dbs,KWD,SGD,KWD/SGD,100,SGD 50 – 200,amtBtw50And200,"SGD 40,000 – 100,000",std_40k_100k,otherCurrencies,2026-09-22 02:00:00,2026-09-21 18:00:15,2026-09-21T18:15:08.354505+00:00,424.1347,,,,,,
standardized,dbs,KWD,SGD,KWD/SGD,100,SGD 50 – 200,amtBtw50And200,SGD 50 – 200,std_50_200,otherCurrencies,2026-09-22 02:00:00,2026-09-21 18:00:15,2026-09-21T18:15:08.354505+00:00,424.1347,,,,,,
standardized,dbs,KWD,SGD,KWD/SGD,100,SGD < 50,amtLessThan50,SGD < 50,std_lt_50,otherCurrencies,2026-09-22 02:00:00,2026-09-21 18:00:15,2026-09-21T18:15:08.354505+00:00,425.8076,,,,,,
standardized,dbs,LKR,SGD,LKR/SGD,100,SGD 50 – 200,amtBtw50And200,"SGD 200 – 39,999.99",std_200_40k,otherCurrencies,2026-09-22 02:00:00,2026-09-21 18:00:15,2026-09-21T18:15:08.354505+00:00,0.3935,,,,,,
standardized,dbs,LKR,SGD,LKR/SGD,100,SGD 50 – 200,amtBtw50And200,"SGD 40,000 – 100,000",std_40k_100k,otherCurrencies,2026-09-22 02:00:00,2026-09-21 18:00:15,2026-09-21T18:15:08.354505+00:00,0.3935,,,,,,
standardized,dbs,LKR,SGD,LKR/SGD,100,SGD 50 – 200,amtBtw50And200,SGD 50 – 200,std_50_200,otherCurrencies,2026-09-22 02:00:00,2026-09-21 18:00:15,2026-09-21T18:15:08.354505+00:00,0.3935,,,,,,
standardized,dbs,LKR,SGD,LKR/SGD,100,SGD < 50,amtLessThan50,SGD < 50,std_lt_50,otherCurrencies,2026-09-22 02:00:00,2026-09-21 18:00:15,2026-09-21T18:15:08.354505+00:00,0.3935,,,,,,
standardized,dbs,MM1,SGD,MM1/SGD,100,SGD 50 – 200,amtBtw50And200,"SGD 200 – 39,999.99",std_200_40k,otherCurrencies,2026-09-22 02:00:00,2026-09-21 18:00:15,2026-09-21T18:15:08.354505+00:00,,,,,,,
standardized,dbs,MM1,SGD,MM1/SGD,100,SGD 50 – 200,amtBtw50And200,"SGD 40,000 – 100,000",std_40k_100k,otherCurrencies,2026-09-22 02:00:00,2026-09-21 18:00:15,2026-09-21T18:15:08.354505+00:00,,,,,,,
standardized,dbs,MM1,SGD,MM1/SGD,100,SGD 50 – 200,amtBtw50And200,SGD 50 – 200,std_50_200,otherCurrencies,2026-09-22 02:00:00,2026-09-21 18:00:15,2026-09-21T18:15:08.354505+00:00,,,,,,,
standardized,dbs,MM1,SGD,MM1/SGD,100,SGD < 50,amtLessThan50,SGD < 50,std_lt_50,otherCurrencies,2026-09-22 02:00:00,2026-09-21 18:00:15,2026-09-21T18:15:08.354505+00:00,,,,,,,
standardized,dbs,MMK,SGD,MMK/SGD,100,SGD 50 – 200,amtBtw50And200,"SGD 200 – 39,999.99",std_200_40k,otherCurrencies,2026-09-22 02:00:00,2026-09-21 18:00:15,2026-09-21T18:15:08.354505+00:00,0.0324,,,,,,
standardized,dbs,MMK,SGD,MMK/SGD,100,SGD 50 – 200,amtBtw50And200,"SGD 40,000 – 100,000",std_40k_100k,otherCurrencies,2026-09-22 02:00:00,2026-09-21 18:00:15,2026-09-21T18:15:08.354505+00:00,0.0324,,,,,,
standardized,dbs,MMK,SGD,MMK/SGD,100,SGD 50 – 200,amtBtw50And200,SGD 50 – 200,std_50_200,otherCurrencies,2026-09-22 02:00:00,2026-09-21 18:00:15,2026-09-21T18:15:08.354505+00:00,0.0324,,,,,,
standardized,dbs,MMK,SGD,MMK/SGD,100,SGD < 50,amtLessThan50,SGD < 50,std_lt_50,otherCurrencies,2026-09-22 02:00:00,2026-09-21 18:00:15,2026-09-21T18:15:08.354505+00:00,0.0324,,,,,,
standardized,dbs,MUR,SGD,MUR/SGD,100,SGD 50 – 200,amtBtw50And200,"SGD 200 – 39,999.99",std_200_40k,otherCurrencies,2026-09-22 02:00:00,2026-09-21 18:00:15,2026-09-21T18:15:08.354505+00:00,2.7246,,,,,,
standardized,dbs,MUR,SGD,MUR/SGD,100,SGD 50 – 200,amtBtw50And200,"SGD 40,000 – 100,000",std_40k_100k,otherCurrencies,2026-09-22 02:00:00,2026-09-21 18:00:15,2026-09-21T18:15:08.354505+00:00,2.7246,,,,,,
standardized,dbs,MUR,SGD,MUR/SGD,100,SGD 50 – 200,amtBtw50And200,SGD 50 – 200,std_50_200,otherCurrencies,2026-09-22 02:00:00,2026-09-21 18:00:15,2026-09-21T18:15:08.354505+00:00,2.7246,,,,,,
standardized,dbs,MUR,SGD,MUR/SGD,100,SGD < 50,amtLessThan50,SGD < 50,std_lt_50,otherCurrencies,2026-09-22 02:00:00,2026-09-21 18:00:15,2026-09-21T18:15:08.354505+00:00,2.7353,,,,,,
standardized,dbs,MXN,SGD,MXN/SGD,100,SGD 50 – 200,amtBtw50And200,"SGD 200 – 39,999.99",std_200_40k,mainCurrencies,2026-09-22 02:00:00,2026-09-21 18:00:15,2026-09-21T18:15:08.354505+00:00,7.5181,,,,,,
standardized,dbs,MXN,SGD,MXN/SGD,100,SGD 50 – 200,amtBtw50And200,"SGD 40,000 – 100,000",std_40k_100k,mainCurrencies,2026-09-22 02:00:00,2026-09-21 18:00:15,2026-09-21T18:15:08.354505+00:00,7.5181,,,,,,
standardized,dbs,MXN,SGD,MXN/SGD,100,SGD 50 – 200,amtBtw50And200,SGD 50 – 200,std_50_200,mainCurrencies,2026-09-22 02:00:00,2026-09-21 18:00:15,2026-09-21T18:15:08.354505+00:00,7.5181,,,,,,
standardized,dbs,MXN,SGD,MXN/SGD,100,SGD < 50,amtLessThan50,SGD < 50,std_lt_50,mainCurrencies,2026-09-22 02:00:00,2026-09-21 18:00:15,2026-09-21T18:15:08.354505+00:00,7.5179,,,,,,
standardized,dbs,MY0,SGD,MY0/SGD,1,SGD 50 – 200,amtBtw50And200,"SGD 200 – 39,999.99",std_200_40k,otherCurrencies,2026-09-22 02:00:00,2026-09-21 18:00:15,2026-09-21T18:15:08.354505+00:00,,0.3125,,,,,
standardized,dbs,MY0,SGD,MY0/SGD,1,SGD 50 – 200,amtBtw50And200,"SGD 40,000 – 100,000",std_40k_100k,otherCurrencies,2026-09-22 02:00:00,2026-09-21 18:00:15,2026-09-21T18:15:08.354505+00:00,,0.3125,,,,,
standardized,dbs,MY0,SGD,MY0/SGD,1,SGD 50 – 200,amtBtw50And200,SGD 50 – 200,std_50_200,otherCurrencies,2026-09-22 02:00:00,2026-09-21 18:00:15,2026-09-21T18:15:08.354505+00:00,,0.3125,,,,,
standardized,dbs,MY0,SGD,MY0/SGD,1,SGD < 50,amtLessThan50,SGD < 50,std_lt_50,otherCurrencies,2026-09-22 02:00:00,2026-09-21 18:00:15,2026-09-21T18:15:08.354505+00:00,,0.3125,,,,,
standardized,dbs,MYR,SGD,MYR/SGD,1,SGD 50 – 200,amtBtw50And200,"SGD 200 – 39,999.99",std_200_40k,otherCurrencies,2026-09-22 02:00:00,2026-09-21 18:00:15,2026-09-21T18:15:08.354505+00:00,0.3165,,0.3129,,MAS,1.1505273250239667,
standardized,dbs,MYR,SGD,MYR/SGD,1,SGD 50 – 200,amtBtw50And200,"SGD 40,000 – 100,000",std_40k_100k,otherCurrencies,2026-09-22 02:00:00,2026-09-21 18:00:15,2026-09-21T18:15:08.354505+00:00,0.3165,,0.3129,,MAS,1.1505273250239667,
standardized,dbs,MYR,SGD,MYR/SGD,1,SGD 50 – 200,amtBtw50And200,SGD 50 – 200,std_50_200,otherCurrencies,2026-09-22 02:00:00,2026-09-21 18:00:15,2026-09-21T18:15:08.354505+00:00,0.3165,,0.3129,,MAS,1.1505273250239667,
standardized,dbs,MYR,SGD,MYR/SGD,1,SGD < 50,amtLessThan50,SGD < 50,std_lt_50,otherCurrencies,2026-09-22 02:00:00,2026-09-21 18:00:15,2026-09-21T18:15:08.354505+00:00,0.3165,,0.3129,,MAS,1.1505273250239667,
standardized,dbs,NOK,SGD,NOK/SGD,1,SGD 50 – 200,amtBtw50And200,"SGD 200 – 39,999.99",std_200_40k,mainCurrencies,2026-09-22 02:00:00,2026-09-21 18:00:15,2026-09-21T18:15:08.354505+00:00,0.137,0.1332,,0.1351,,,
standardized,dbs,NOK,SGD,NOK/SGD,1,SGD 50 – 200,amtBtw50And200,"SGD 40,000 – 100,000",std_40k_100k,mainCurrencies,2026-09-22 02:00:00,2026-09-21 18:00:15,2026-09-21T18:15:08.354505+00:00,0.137,0.1332,,0.1351,,,
standardized,dbs,NOK,SGD,NOK/SGD,1,SGD 50 – 200,amtBtw50And200,SGD 50 – 200,std_50_200,mainCurrencies,2026-09-22 02:00:00,2026-09-21 18:00:15,2026-09-21T18:15:08.354505+00:00,0.137,0.1332,,0.1351,,,
standardized,dbs,NOK,SGD,NOK/SGD,1,SGD < 50,amtLessThan50,SGD < 50,std_lt_50,mainCurrencies,2026-09-22 02:00:00,2026-09-21 18:00:15,2026-09-21T18:15:08.354505+00:00,0.1374,0.1328,,0.1351,,,
standardized,dbs,NZD,SGD,NZD/SGD,1,SGD 50 – 200,amtBtw50And200,"SGD 200 – 39,999.99",std_200_40k,mainCurrencies,2026-09-22 02:00:00,2026-09-21 18:00:15,2026-09-21T18:15:08.354505+00:00,0.7382,0.7213,0.7304,0.72975,MAS,1.0679079956188278,1.2458926615553116
standardized,dbs,NZD,SGD,NZD/SGD,1,SGD 50 – 200,amtBtw50And200,"SGD 40,000 – 100,000",std_40k_100k,mainCurrencies,2026-09-22 02:00:00,2026-09-21 18:00:15,2026-09-21T18:15:08.354505+00:00,0.7382,0.7213,0.7304,0.72975,MAS,1.0679079956188278,1.2458926615553116
standardized,dbs,NZD,SGD,NZD/SGD,1,SGD 50 – 200,amtBtw50And200,SGD 50 – 200,std_50_200,mainCurrencies,2026-09-22 02:00:00,2026-09-21 18:00:15,2026-09-21T18:15:08.354505+00:00,0.7382,0.7213,0.7304,0.72975,MAS,1.0679079956188278,1.2458926615553116
standardized,dbs,NZD,SGD,NZD/SGD,1,SGD < 50,amtLessThan50,SGD < 50,std_lt_50,mainCurrencies,2026-09-22 02:00:00,2026-09-21 18:00:15,2026-09-21T18:15:08.354505+00:00,0.739,0.7206,0.7304,0.7298,MAS,1.1774370208105067,1.3417305585980326
standardized,dbs,OMR,SGD,OMR/SGD,1,SGD 50 – 200,amtBtw50And200,"SGD 200 – 39,999.99",std_200_40k,otherCurrencies,2026-09-22 02:00:00,2026-09-21 18:00:15,2026-09-21T18:15:08.354505+00:00,3.3405,,,,,,
standardized,dbs,OMR,SGD,OMR/SGD,1,SGD 50 – 200,amtBtw50And200,"SGD 40,000 – 100,000",std_40k_100k,otherCurrencies,2026-09-22 02:00:00,2026-09-21 18:00:15,2026-09-21T18:15:08.354505+00:00,3.3405,,,,,,
standardized,dbs,OMR,SGD,OMR/SGD,1,SGD 50 – 200,amtBtw50And200,SGD 50 – 200,std_50_200,otherCurrencies,2026-09-22 02:00:00,2026-09-21 18:00:15,2026-09-21T18:15:08.354505+00:00,3.3405,,,,,,
standardized,dbs,OMR,SGD,OMR/SGD,1,SGD < 50,amtLessThan50,SGD < 50,std_lt_50,otherCurrencies,2026-09-22 02:00:00,2026-09-21 18:00:15,2026-09-21T18:15:08.354505+00:00,3.3405,,,,,,
standardized,dbs,PH0,SGD,PH0/SGD,100,SGD 50 – 200,amtBtw50And200,"SGD 200 – 39,999.99",std_200_40k,otherCurrencies,2026-09-22 02:00:00,2026-09-21 18:00:15,2026-09-21T18:15:08.354505+00:00,,2.0266,,,,,
standardized,dbs,PH0,SGD,PH0/SGD,100,SGD 50 – 200,amtBtw50And200,"SGD 40,000 – 100,000",std_40k_100k,otherCurrencies,2026-09-22 02:00:00,2026-09-21 18:00:15,2026-09-21T18:15:08.354505+00:00,,2.0266,,,,,
standardized,dbs,PH0,SGD,PH0/SGD,100,SGD 50 – 200,amtBtw50And200,SGD 50 – 200,std_50_200,otherCurrencies,2026-09-22 02:00:00,2026-09-21 18:00:15,2026-09-21T18:15:08.354505+00:00,,2.0266,,,,,
standardized,dbs,PH0,SGD,PH0/SGD,100,SGD < 50,amtLessThan50,SGD < 50,std_lt_50,otherCurrencies,2026-09-22 02:00:00,2026-09-21 18:00:15,2026-09-21T18:15:08.354505+00:00,,2.0266,,,,,
standardized,dbs,PHP,SGD,PHP/SGD,100,SGD 50 – 200,amtBtw50And200,"SGD 200 – 39,999.99",std_200_40k,otherCurrencies,2026-09-22 02:00:00,2026-09-21 18:00:15,2026-09-21T18:15:08.354505+00:00,2.0554,,2.0307,,MAS,1.216329344560997,
standardized,dbs,PHP,SGD,PHP/SGD,100,SGD 50 – 200,amtBtw50And200,"SGD 40,000 – 100,000",std_40k_100k,otherCurrencies,2026-09-22 02:00:00,2026-09-21 18:00:15,2026-09-21T18:15:08.354505+00:00,2.0554,,2.0307,,MAS,1.216329344560997,
standardized,dbs,PHP,SGD,PHP/SGD,100,SGD 50 – 200,amtBtw50And200,SGD 50 – 200,std_50_200,otherCurrencies,2026-09-22 02:00:00,2026-09-21 18:00:15,2026-09-21T18:15:08.354505+00:00,2.0554,,2.0307,,MAS,1.216329344560997,
standardized,dbs,PHP,SGD,PHP/SGD,100,SGD < 50,amtLessThan50,SGD < 50,std_lt_50,otherCurrencies,2026-09-22 02:00:00,2026-09-21 18:00:15,2026-09-21T18:15:08.354505+00:00,2.0708,,2.0307,,MAS,1.9746885310484192,
standardized,dbs,PLN,SGD,PLN/SGD,1,SGD 50 – 200,amtBtw50And200,"SGD 200 – 39,999.99",std_200_40k,otherCurrencies,2026-09-22 02:00:00,2026-09-21 18:00:15,2026-09-21T18:15:08.354505+00:00,0.342,,,,,,
standardized,dbs,PLN,SGD,PLN/SGD,1,SGD 50 – 200,amtBtw50And200,"SGD 40,000 – 100,000",std_40k_100k,otherCurrencies,2026-09-22 02:00:00,2026-09-21 18:00:15,2026-09-21T18:15:08.354505+00:00,0.342,,,,,,
standardized,dbs,PLN,SGD,PLN/SGD,1,SGD 50 – 200,amtBtw50And200,SGD 50 – 200,std_50_200,otherCurrencies,2026-09-22 02:00:00,2026-09-21 18:00:15,2026-09-21T18:15:08.354505+00:00,0.342,,,,,,
standardized,dbs,PLN,SGD,PLN/SGD,1,SGD < 50,amtLessThan50,SGD < 50,std_lt_50,otherCurrencies,2026-09-22 02:00:00,2026-09-21 18:00:15,2026-09-21T18:15:08.354505+00:00,0.3434,,,,,,
standardized,dbs,QAR,SGD,QAR/SGD,1,SGD 50 – 200,amtBtw50And200,"SGD 200 – 39,999.99",std_200_40k,otherCurrencies,2026-09-22 02:00:00,2026-09-21 18:00:15,2026-09-21T18:15:08.354505+00:00,0.358,,0.35,,MAS,2.285714285714288,
standardized,dbs,QAR,SGD,QAR/SGD,1,SGD 50 – 200,amtBtw50And200,"SGD 40,000 – 100,000",std_40k_100k,otherCurrencies,2026-09-22 02:00:00,2026-09-21 18:00:15,2026-09-21T18:15:08.354505+00:00,0.358,,0.35,,MAS,2.285714285714288,
standardized,dbs,QAR,SGD,QAR/SGD,1,SGD 50 – 200,amtBtw50And200,SGD 50 – 200,std_50_200,otherCurrencies,2026-09-22 02:00:00,2026-09-21 18:00:15,2026-09-21T18:15:08.354505+00:00,0.358,,0.35,,MAS,2.285714285714288,
standardized,dbs,QAR,SGD,QAR/SGD,1,SGD < 50,amtLessThan50,SGD < 50,std_lt_50,otherCurrencies,2026-09-22 02:00:00,2026-09-21 18:00:15,2026-09-21T18:15:08.354505+00:00,0.3594,,0.35,,MAS,2.6857142857142913,
standardized,dbs,RUB,SGD,RUB/SGD,100,SGD 50 – 200,amtBtw50And200,"SGD 200 – 39,999.99",std_200_40k,mainCurrencies,2026-09-22 02:00:00,2026-09-21 18:00:15,2026-09-21T18:15:08.354505+00:00,,,,,,,
standardized,dbs,RUB,SGD,RUB/SGD,100,SGD 50 – 200,amtBtw50And200,"SGD 40,000 – 100,000",std_40k_100k,mainCurrencies,2026-09-22 02:00:00,2026-09-21 18:00:15,2026-09-21T18:15:08.354505+00:00,,,,,,,
standardized,dbs,RUB,SGD,RUB/SGD,100,SGD 50 – 200,amtBtw50And200,SGD 50 – 200,std_50_200,mainCurrencies,2026-09-22 02:00:00,2026-09-21 18:00:15,2026-09-21T18:15:08.354505+00:00,,,,,,,
standardized,dbs,RUB,SGD,RUB/SGD,100,SGD < 50,amtLessThan50,SGD < 50,std_lt_50,mainCurrencies,2026-09-22 02:00:00,2026-09-21 18:00:15,2026-09-21T18:15:08.354505+00:00,,,,,,,
standardized,dbs,SAR,SGD,SAR/SGD,100,SGD 50 – 200,amtBtw50And200,"SGD 200 – 39,999.99",std_200_40k,otherCurrencies,2026-09-22 02:00:00,2026-09-21 18:00:15,2026-09-21T18:15:08.354505+00:00,34.4098,,33.96,,MAS,1.324499411071838,
standardized,dbs,SAR,SGD,SAR/SGD,100,SGD 50 – 200,amtBtw50And200,"SGD 40,000 – 100,000",std_40k_100k,otherCurrencies,2026-09-22 02:00:00,2026-09-21 18:00:15,2026-09-21T18:15:08.354505+00:00,34.4098,,33.96,,MAS,1.324499411071838,
standardized,dbs,SAR,SGD,SAR/SGD,100,SGD 50 – 200,amtBtw50And200,SGD 50 – 200,std_50_200,otherCurrencies,2026-09-22 02:00:00,2026-09-21 18:00:15,2026-09-21T18:15:08.354505+00:00,34.4098,,33.96,,MAS,1.324499411071838,
standardized,dbs,SAR,SGD,SAR/SGD,100,SGD < 50,amtLessThan50,SGD < 50,std_lt_50,otherCurrencies,2026-09-22 02:00:00,2026-09-21 18:00:15,2026-09-21T18:15:08.354505+00:00,34.4098,,33.96,,MAS,1.324499411071838,
standardized,dbs,SEK,SGD,SEK/SGD,1,SGD 50 – 200,amtBtw50And200,"SGD 200 – 39,999.99",std_200_40k,mainCurrencies,2026-09-22 02:00:00,2026-09-21 18:00:15,2026-09-21T18:15:08.354505+00:00,0.1314,0.1279,,0.12965,,,
standardized,dbs,SEK,SGD,SEK/SGD,1,SGD 50 – 200,amtBtw50And200,"SGD 40,000 – 100,000",std_40k_100k,mainCurrencies,2026-09-22 02:00:00,2026-09-21 18:00:15,2026-09-21T18:15:08.354505+00:00,0.1314,0.1279,,0.12965,,,
standardized,dbs,SEK,SGD,SEK/SGD,1,SGD 50 – 200,amtBtw50And200,SGD 50 – 200,std_50_200,mainCurrencies,2026-09-22 02:00:00,2026-09-21 18:00:15,2026-09-21T18:15:08.354505+00:00,0.1314,0.1279,,0.12965,,,
standardized,dbs,SEK,SGD,SEK/SGD,1,SGD < 50,amtLessThan50,SGD < 50,std_lt_50,mainCurrencies,2026-09-22 02:00:00,2026-09-21 18:00:15,2026-09-21T18:15:08.354505+00:00,0.132,0.1274,,0.1297,,,
standardized,dbs,THB,SGD,THB/SGD,100,SGD 50 – 200,amtBtw50And200,"SGD 200 – 39,999.99",std_200_40k,mainCurrencies,2026-09-22 02:00:00,2026-09-21 18:00:15,2026-09-21T18:15:08.354505+00:00,3.9,3.7825,3.8324,3.84125,MAS,1.7639077340569904,1.3020561528024115
standardized,dbs,THB,SGD,THB/SGD,100,SGD 50 – 200,amtBtw50And200,"SGD 40,000 – 100,000",std_40k_100k,mainCurrencies,2026-09-22 02:00:00,2026-09-21 18:00:15,2026-09-21T18:15:08.354505+00:00,3.9,3.7825,3.8324,3.84125,MAS,1.7639077340569904,1.3020561528024115
standardized,dbs,THB,SGD,THB/SGD,100,SGD 50 – 200,amtBtw50And200,SGD 50 – 200,std_50_200,mainCurrencies,2026-09-22 02:00:00,2026-09-21 18:00:15,2026-09-21T18:15:08.354505+00:00,3.9,3.7825,3.8324,3.84125,MAS,1.7639077340569904,1.3020561528024115
standardized,dbs,THB,SGD,THB/SGD,100,SGD < 50,amtLessThan50,SGD < 50,std_lt_50,mainCurrencies,2026-09-22 02:00:00,2026-09-21 18:00:15,2026-09-21T18:15:08.354505+00:00,3.9042,3.7783,3.8324,3.84125,MAS,1.8734996346936668,1.4116480534390876
standardized,dbs,TND,SGD,TND/SGD,1,SGD 50 – 200,amtBtw50And200,"SGD 200 – 39,999.99",std_200_40k,otherCurrencies,2026-09-22 02:00:00,2026-09-21 18:00:15,2026-09-21T18:15:08.354505+00:00,0.4384,,,,,,
standardized,dbs,TND,SGD,TND/SGD,1,SGD 50 – 200,amtBtw50And200,"SGD 40,000 – 100,000",std_40k_100k,otherCurrencies,2026-09-22 02:00:00,2026-09-21 18:00:15,2026-09-21T18:15:08.354505+00:00,0.4384,,,,,,
standardized,dbs,TND,SGD,TND/SGD,1,SGD 50 – 200,amtBtw50And200,SGD 50 – 200,std_50_200,otherCurrencies,2026-09-22 02:00:00,2026-09-21 18:00:15,2026-09-21T18:15:08.354505+00:00,0.4384,,,,,,
standardized,dbs,TND,SGD,TND/SGD,1,SGD < 50,amtLessThan50,SGD < 50,std_lt_50,otherCurrencies,2026-09-22 02:00:00,2026-09-21 18:00:15,2026-09-21T18:15:08.354505+00:00,0.4384,,,,,,
standardized,dbs,TWD,SGD,TWD/SGD,100,SGD 50 – 200,amtBtw50And200,"SGD 200 – 39,999.99",std_200_40k,otherCurrencies,2026-09-22 02:00:00,2026-09-21 18:00:15,2026-09-21T18:15:08.354505+00:00,4.0681,,4.0121,,MAS,1.3957777722389784,
standardized,dbs,TWD,SGD,TWD/SGD,100,SGD 50 – 200,amtBtw50And200,"SGD 40,000 – 100,000",std_40k_100k,otherCurrencies,2026-09-22 02:00:00,2026-09-21 18:00:15,2026-09-21T18:15:08.354505+00:00,4.0681,,4.0121,,MAS,1.3957777722389784,
standardized,dbs,TWD,SGD,TWD/SGD,100,SGD 50 – 200,amtBtw50And200,SGD 50 – 200,std_50_200,otherCurrencies,2026-09-22 02:00:00,2026-09-21 18:00:15,2026-09-21T18:15:08.354505+00:00,4.0681,,4.0121,,MAS,1.3957777722389784,
standardized,dbs,TWD,SGD,TWD/SGD,100,SGD < 50,amtLessThan50,SGD < 50,std_lt_50,otherCurrencies,2026-09-22 02:00:00,2026-09-21 18:00:15,2026-09-21T18:15:08.354505+00:00,4.0721,,4.0121,,MAS,1.4954761845417515,
standardized,dbs,USD,SGD,USD/SGD,1,SGD 50 – 200,amtBtw50And200,"SGD 200 – 39,999.99",std_200_40k,mainCurrencies,2026-09-22 02:00:00,2026-09-21 18:00:15,2026-09-21T18:15:08.354505+00:00,1.2872,1.2659,1.2756,1.2765499999999999,MAS,0.9093759799309996,0.7604264659767984
standardized,dbs,USD,SGD,USD/SGD,1,SGD 50 – 200,amtBtw50And200,"SGD 40,000 – 100,000",std_40k_100k,mainCurrencies,2026-09-22 02:00:00,2026-09-21 18:00:15,2026-09-21T18:15:08.354505+00:00,1.2872,1.2659,1.2756,1.2765499999999999,MAS,0.9093759799309996,0.7604264659767984
standardized,dbs,USD,SGD,USD/SGD,1,SGD 50 – 200,amtBtw50And200,SGD 50 – 200,std_50_200,mainCurrencies,2026-09-22 02:00:00,2026-09-21 18:00:15,2026-09-21T18:15:08.354505+00:00,1.2872,1.2659,1.2756,1.2765499999999999,MAS,0.9093759799309996,0.7604264659767984
standardized,dbs,USD,SGD,USD/SGD,1,SGD < 50,amtLessThan50,SGD < 50,std_lt_50,mainCurrencies,2026-09-22 02:00:00,2026-09-21 18:00:15,2026-09-21T18:15:08.354505+00:00,1.288,1.265,1.2756,1.2765,MAS,0.9720915647538386,0.8309814989024901
standardized,dbs,VND,SGD,VND/SGD,100,SGD 50 – 200,amtBtw50And200,"SGD 200 – 39,999.99",std_200_40k,otherCurrencies,2026-09-22 02:00:00,2026-09-21 18:00:15,2026-09-21T18:15:08.354505+00:00,0.0051,,0.004902,,MAS,4.039167686658511,
standardized,dbs,VND,SGD,VND/SGD,100,SGD 50 – 200,amtBtw50And200,"SGD 40,000 – 100,000",std_40k_100k,otherCurrencies,2026-09-22 02:00:00,2026-09-21 18:00:15,2026-09-21T18:15:08.354505+00:00,0.0051,,0.004902,,MAS,4.039167686658511,
standardized,dbs,VND,SGD,VND/SGD,100,SGD 50 – 200,amtBtw50And200,SGD 50 – 200,std_50_200,otherCurrencies,2026-09-22 02:00:00,2026-09-21 18:00:15,2026-09-21T18:15:08.354505+00:00,0.0051,,0.004902,,MAS,4.039167686658511,
standardized,dbs,VND,SGD,VND/SGD,100,SGD < 50,amtLessThan50,SGD < 50,std_lt_50,otherCurrencies,2026-09-22 02:00:00,2026-09-21 18:00:15,2026-09-21T18:15:08.354505+00:00,0.0051,,0.004902,,MAS,4.039167686658511,
standardized,dbs,XAU,SGD,XAU/SGD,1,SGD 50 – 200,amtBtw50And200,"SGD 200 – 39,999.99",std_200_40k,otherCurrencies,2026-09-22 02:00:00,2026-09-21 18:00:15,2026-09-21T18:15:08.354505+00:00,5578.849,5511.475,,5545.162,,,
standardized,dbs,XAU,SGD,XAU/SGD,1,SGD 50 – 200,amtBtw50And200,"SGD 40,000 – 100,000",std_40k_100k,otherCurrencies,2026-09-22 02:00:00,2026-09-21 18:00:15,2026-09-21T18:15:08.354505+00:00,5578.849,5511.475,,5545.162,,,
standardized,dbs,XAU,SGD,XAU/SGD,1,SGD 50 – 200,amtBtw50And200,SGD 50 – 200,std_50_200,otherCurrencies,2026-09-22 02:00:00,2026-09-21 18:00:15,2026-09-21T18:15:08.354505+00:00,5578.849,5511.475,,5545.162,,,
standardized,dbs,XAU,SGD,XAU/SGD,1,SGD < 50,amtLessThan50,SGD < 50,std_lt_50,otherCurrencies,2026-09-22 02:00:00,2026-09-21 18:00:15,2026-09-21T18:15:08.354505+00:00,5578.645,5511.271,,5544.9580000000005,,,
standardized,dbs,ZAR,SGD,ZAR/SGD,1,SGD 50 – 200,amtBtw50And200,"SGD 200 – 39,999.99",std_200_40k,otherCurrencies,2026-09-22 02:00:00,2026-09-21 18:00:15,2026-09-21T18:15:08.354505+00:00,0.0795,0.0775,,0.0785,,,
standardized,dbs,ZAR,SGD,ZAR/SGD,1,SGD 50 – 200,amtBtw50And200,"SGD 40,000 – 100,000",std_40k_100k,otherCurrencies,2026-09-22 02:00:00,2026-09-21 18:00:15,2026-09-21T18:15:08.354505+00:00,0.0795,0.0775,,0.0785,,,
standardized,dbs,ZAR,SGD,ZAR/SGD,1,SGD 50 – 200,amtBtw50And200,SGD 50 – 200,std_50_200,otherCurrencies,2026-09-22 02:00:00,2026-09-21 18:00:15,2026-09-21T18:15:08.354505+00:00,0.0795,0.0775,,0.0785,,,
standardized,dbs,ZAR,SGD,ZAR/SGD,1,SGD < 50,amtLessThan50,SGD < 50,std_lt_50,otherCurrencies,2026-09-22 02:00:00,2026-09-21 18:00:15,2026-09-21T18:15:08.354505+00:00,0.0798,0.0772,,0.0785,,,
standardized,hsbc,AED,SGD,AED/SGD,100,Indicative board,board,"SGD 200 – 39,999.99",std_200_40k,indicative_fx,2026-9-21,2026-9-21,2026-09-21T18:15:12.481238+00:00,35.86,34.29,34.73,35.075,MAS,3.253671177656213,1.2669162107687812
standardized,hsbc,AED,SGD,AED/SGD,100,Indicative board,board,"SGD 40,000 – 100,000",std_40k_100k,indicative_fx,2026-9-21,2026-9-21,2026-09-21T18:15:12.481238+00:00,35.86,34.29,34.73,35.075,MAS,3.253671177656213,1.2669162107687812
standardized,hsbc,AED,SGD,AED/SGD,100,Indicative board,board,SGD 50 – 200,std_50_200,indicative_fx,2026-9-21,2026-9-21,2026-09-21T18:15:12.481238+00:00,35.86,34.29,34.73,35.075,MAS,3.253671177656213,1.2669162107687812
standardized,hsbc,AED,SGD,AED/SGD,100,Indicative board,board,SGD < 50,std_lt_50,indicative_fx,2026-9-21,2026-9-21,2026-09-21T18:15:12.481238+00:00,35.86,34.29,34.73,35.075,MAS,3.253671177656213,1.2669162107687812
standardized,hsbc,AUD,SGD,AUD/SGD,1,Indicative board,board,"SGD 200 – 39,999.99",std_200_40k,indicative_fx,2026-9-21,2026-9-21,2026-09-21T18:15:12.481238+00:00,0.9365,0.8813,0.9091,0.9089,MAS,3.013969860301395,3.057969420305802
standardized,hsbc,AUD,SGD,AUD/SGD,1,Indicative board,board,"SGD 40,000 – 100,000",std_40k_100k,indicative_fx,2026-9-21,2026-9-21,2026-09-21T18:15:12.481238+00:00,0.9365,0.8813,0.9091,0.9089,MAS,3.013969860301395,3.057969420305802
standardized,hsbc,AUD,SGD,AUD/SGD,1,Indicative board,board,SGD 50 – 200,std_50_200,indicative_fx,2026-9-21,2026-9-21,2026-09-21T18:15:12.481238+00:00,0.9365,0.8813,0.9091,0.9089,MAS,3.013969860301395,3.057969420305802
standardized,hsbc,AUD,SGD,AUD/SGD,1,Indicative board,board,SGD < 50,std_lt_50,indicative_fx,2026-9-21,2026-9-21,2026-09-21T18:15:12.481238+00:00,0.9365,0.8813,0.9091,0.9089,MAS,3.013969860301395,3.057969420305802
standardized,hsbc,CAD,SGD,CAD/SGD,1,Indicative board,board,"SGD 200 – 39,999.99",std_200_40k,indicative_fx,2026-9-21,2026-9-21,2026-09-21T18:15:12.481238+00:00,0.9388,0.8838,0.9109,0.9113,MAS,3.062904819409367,2.975079591612692
standardized,hsbc,CAD,SGD,CAD/SGD,1,Indicative board,board,"SGD 40,000 – 100,000",std_40k_100k,indicative_fx,2026-9-21,2026-9-21,2026-09-21T18:15:12.481238+00:00,0.9388,0.8838,0.9109,0.9113,MAS,3.062904819409367,2.975079591612692
standardized,hsbc,CAD,SGD,CAD/SGD,1,Indicative board,board,SGD 50 – 200,std_50_200,indicative_fx,2026-9-21,2026-9-21,2026-09-21T18:15:12.481238+00:00,0.9388,0.8838,0.9109,0.9113,MAS,3.062904819409367,2.975079591612692
standardized,hsbc,CAD,SGD,CAD/SGD,1,Indicative board,board,SGD < 50,std_lt_50,indicative_fx,2026-9-21,2026-9-21,2026-09-21T18:15:12.481238+00:00,0.9388,0.8838,0.9109,0.9113,MAS,3.062904819409367,2.975079591612692
standardized,hsbc,CHF,SGD,CHF/SGD,100,Indicative board,board,"SGD 200 – 39,999.99",std_200_40k,indicative_fx,2026-9-21,2026-9-21,2026-09-21T18:15:12.481238+00:00,159.8,150.43,154.99,155.115,MAS,3.1034260274856456,2.9421252984063497
standardized,hsbc,CHF,SGD,CHF/SGD,100,Indicative board,board,"SGD 40,000 – 100,000",std_40k_100k,indicative_fx,2026-9-21,2026-9-21,2026-09-21T18:15:12.481238+00:00,159.8,150.43,154.99,155.115,MAS,3.1034260274856456,2.9421252984063497
standardized,hsbc,CHF,SGD,CHF/SGD,100,Indicative board,board,SGD 50 – 200,std_50_200,indicative_fx,2026-9-21,2026-9-21,2026-09-21T18:15:12.481238+00:00,159.8,150.43,154.99,155.115,MAS,3.1034260274856456,2.9421252984063497
standardized,hsbc,CHF,SGD,CHF/SGD,100,Indicative board,board,SGD < 50,std_lt_50,indicative_fx,2026-9-21,2026-9-21,2026-09-21T18:15:12.481238+00:00,159.8,150.43,154.99,155.115,MAS,3.1034260274856456,2.9421252984063497
standardized,hsbc,CNY,SGD,CNY/SGD,100,Indicative board,board,"SGD 200 – 39,999.99",std_200_40k,indicative_fx,2026-9-21,2026-9-21,2026-09-21T18:15:12.481238+00:00,19.68,18.43,19.05,19.055,MAS,3.307086614173223,3.254593175853023
standardized,hsbc,CNY,SGD,CNY/SGD,100,Indicative board,board,"SGD 40,000 – 100,000",std_40k_100k,indicative_fx,2026-9-21,2026-9-21,2026-09-21T18:15:12.481238+00:00,19.68,18.43,19.05,19.055,MAS,3.307086614173223,3.254593175853023
standardized,hsbc,CNY,SGD,CNY/SGD,100,Indicative board,board,SGD 50 – 200,std_50_200,indicative_fx,2026-9-21,2026-9-21,2026-09-21T18:15:12.481238+00:00,19.68,18.43,19.05,19.055,MAS,3.307086614173223,3.254593175853023
standardized,hsbc,CNY,SGD,CNY/SGD,100,Indicative board,board,SGD < 50,std_lt_50,indicative_fx,2026-9-21,2026-9-21,2026-09-21T18:15:12.481238+00:00,19.68,18.43,19.05,19.055,MAS,3.307086614173223,3.254593175853023
standardized,hsbc,DKK,SGD,DKK/SGD,100,Indicative board,board,"SGD 200 – 39,999.99",std_200_40k,indicative_fx,2026-9-21,2026-9-21,2026-09-21T18:15:12.481238+00:00,20.18,19.0,,19.59,,,
standardized,hsbc,DKK,SGD,DKK/SGD,100,Indicative board,board,"SGD 40,000 – 100,000",std_40k_100k,indicative_fx,2026-9-21,2026-9-21,2026-09-21T18:15:12.481238+00:00,20.18,19.0,,19.59,,,
standardized,hsbc,DKK,SGD,DKK/SGD,100,Indicative board,board,SGD 50 – 200,std_50_200,indicative_fx,2026-9-21,2026-9-21,2026-09-21T18:15:12.481238+00:00,20.18,19.0,,19.59,,,
standardized,hsbc,DKK,SGD,DKK/SGD,100,Indicative board,board,SGD < 50,std_lt_50,indicative_fx,2026-9-21,2026-9-21,2026-09-21T18:15:12.481238+00:00,20.18,19.0,,19.59,,,
standardized,hsbc,EUR,SGD,EUR/SGD,1,Indicative board,board,"SGD 200 – 39,999.99",std_200_40k,indicative_fx,2026-9-21,2026-9-21,2026-09-21T18:15:12.481238+00:00,1.5087,1.4206,1.4638,1.46465,MAS,3.0673589288154077,2.951222844650902
standardized,hsbc,EUR,SGD,EUR/SGD,1,Indicative board,board,"SGD 40,000 – 100,000",std_40k_100k,indicative_fx,2026-9-21,2026-9-21,2026-09-21T18:15:12.481238+00:00,1.5087,1.4206,1.4638,1.46465,MAS,3.0673589288154077,2.951222844650902
standardized,hsbc,EUR,SGD,EUR/SGD,1,Indicative board,board,SGD 50 – 200,std_50_200,indicative_fx,2026-9-21,2026-9-21,2026-09-21T18:15:12.481238+00:00,1.5087,1.4206,1.4638,1.46465,MAS,3.0673589288154077,2.951222844650902
standardized,hsbc,EUR,SGD,EUR/SGD,1,Indicative board,board,SGD < 50,std_lt_50,indicative_fx,2026-9-21,2026-9-21,2026-09-21T18:15:12.481238+00:00,1.5087,1.4206,1.4638,1.46465,MAS,3.0673589288154077,2.951222844650902
standardized,hsbc,FJD,SGD,FJD/SGD,1,Indicative board,board,"SGD 200 – 39,999.99",std_200_40k,indicative_fx,2026-9-21,2026-9-21,2026-09-21T18:15:12.481238+00:00,0.5998,,,,,,
standardized,hsbc,FJD,SGD,FJD/SGD,1,Indicative board,board,"SGD 40,000 – 100,000",std_40k_100k,indicative_fx,2026-9-21,2026-9-21,2026-09-21T18:15:12.481238+00:00,0.5998,,,,,,
standardized,hsbc,FJD,SGD,FJD/SGD,1,Indicative board,board,SGD 50 – 200,std_50_200,indicative_fx,2026-9-21,2026-9-21,2026-09-21T18:15:12.481238+00:00,0.5998,,,,,,
standardized,hsbc,FJD,SGD,FJD/SGD,1,Indicative board,board,SGD < 50,std_lt_50,indicative_fx,2026-9-21,2026-9-21,2026-09-21T18:15:12.481238+00:00,0.5998,,,,,,
standardized,hsbc,GBP,SGD,GBP/SGD,1,Indicative board,board,"SGD 200 – 39,999.99",std_200_40k,indicative_fx,2026-9-21,2026-9-21,2026-09-21T18:15:12.481238+00:00,1.7595,1.6564,1.7071,1.70795,MAS,3.0695331263546364,2.9699490363774803
standardized,hsbc,GBP,SGD,GBP/SGD,1,Indicative board,board,"SGD 40,000 – 100,000",std_40k_100k,indicative_fx,2026-9-21,2026-9-21,2026-09-21T18:15:12.481238+00:00,1.7595,1.6564,1.7071,1.70795,MAS,3.0695331263546364,2.9699490363774803
standardized,hsbc,GBP,SGD,GBP/SGD,1,Indicative board,board,SGD 50 – 200,std_50_200,indicative_fx,2026-9-21,2026-9-21,2026-09-21T18:15:12.481238+00:00,1.7595,1.6564,1.7071,1.70795,MAS,3.0695331263546364,2.9699490363774803
standardized,hsbc,GBP,SGD,GBP/SGD,1,Indicative board,board,SGD < 50,std_lt_50,indicative_fx,2026-9-21,2026-9-21,2026-09-21T18:15:12.481238+00:00,1.7595,1.6564,1.7071,1.70795,MAS,3.0695331263546364,2.9699490363774803
standardized,hsbc,HKD,SGD,HKD/SGD,100,Indicative board,board,"SGD 200 – 39,999.99",std_200_40k,indicative_fx,2026-9-21,2026-9-21,2026-09-21T18:15:12.481238+00:00,16.46,16.06,16.26,16.259999999999998,MAS,1.2300123001229968,1.2300123001230185
standardized,hsbc,HKD,SGD,HKD/SGD,100,Indicative board,board,"SGD 40,000 – 100,000",std_40k_100k,indicative_fx,2026-9-21,2026-9-21,2026-09-21T18:15:12.481238+00:00,16.46,16.06,16.26,16.259999999999998,MAS,1.2300123001229968,1.2300123001230185
standardized,hsbc,HKD,SGD,HKD/SGD,100,Indicative board,board,SGD 50 – 200,std_50_200,indicative_fx,2026-9-21,2026-9-21,2026-09-21T18:15:12.481238+00:00,16.46,16.06,16.26,16.259999999999998,MAS,1.2300123001229968,1.2300123001230185
standardized,hsbc,HKD,SGD,HKD/SGD,100,Indicative board,board,SGD < 50,std_lt_50,indicative_fx,2026-9-21,2026-9-21,2026-09-21T18:15:12.481238+00:00,16.46,16.06,16.26,16.259999999999998,MAS,1.2300123001229968,1.2300123001230185
standardized,hsbc,IDR,SGD,IDR/SGD,100,Indicative board,board,"SGD 200 – 39,999.99",std_200_40k,indicative_fx,2026-9-21,2026-9-21,2026-09-21T18:15:12.481238+00:00,0.0074,,0.007159000000000001,,MAS,3.3663919541835314,
standardized,hsbc,IDR,SGD,IDR/SGD,100,Indicative board,board,"SGD 40,000 – 100,000",std_40k_100k,indicative_fx,2026-9-21,2026-9-21,2026-09-21T18:15:12.481238+00:00,0.0074,,0.007159000000000001,,MAS,3.3663919541835314,
standardized,hsbc,IDR,SGD,IDR/SGD,100,Indicative board,board,SGD 50 – 200,std_50_200,indicative_fx,2026-9-21,2026-9-21,2026-09-21T18:15:12.481238+00:00,0.0074,,0.007159000000000001,,MAS,3.3663919541835314,
standardized,hsbc,IDR,SGD,IDR/SGD,100,Indicative board,board,SGD < 50,std_lt_50,indicative_fx,2026-9-21,2026-9-21,2026-09-21T18:15:12.481238+00:00,0.0074,,0.007159000000000001,,MAS,3.3663919541835314,
standardized,hsbc,INR,SGD,INR/SGD,100,Indicative board,board,"SGD 200 – 39,999.99",std_200_40k,indicative_fx,2026-9-21,2026-9-21,2026-09-21T18:15:12.481238+00:00,1.37,,1.3325,,MAS,2.814258911819894,
standardized,hsbc,INR,SGD,INR/SGD,100,Indicative board,board,"SGD 40,000 – 100,000",std_40k_100k,indicative_fx,2026-9-21,2026-9-21,2026-09-21T18:15:12.481238+00:00,1.37,,1.3325,,MAS,2.814258911819894,
standardized,hsbc,INR,SGD,INR/SGD,100,Indicative board,board,SGD 50 – 200,std_50_200,indicative_fx,2026-9-21,2026-9-21,2026-09-21T18:15:12.481238+00:00,1.37,,1.3325,,MAS,2.814258911819894,
standardized,hsbc,INR,SGD,INR/SGD,100,Indicative board,board,SGD < 50,std_lt_50,indicative_fx,2026-9-21,2026-9-21,2026-09-21T18:15:12.481238+00:00,1.37,,1.3325,,MAS,2.814258911819894,
standardized,hsbc,JPY,SGD,JPY/SGD,100,Indicative board,board,"SGD 200 – 39,999.99",std_200_40k,indicative_fx,2026-9-21,2026-9-21,2026-09-21T18:15:12.481238+00:00,0.8387,0.7893,0.8127000000000001,0.8140000000000001,MAS,3.199212501538072,2.879291251384285
standardized,hsbc,JPY,SGD,JPY/SGD,100,Indicative board,board,"SGD 40,000 – 100,000",std_40k_100k,indicative_fx,2026-9-21,2026-9-21,2026-09-21T18:15:12.481238+00:00,0.8387,0.7893,0.8127000000000001,0.8140000000000001,MAS,3.199212501538072,2.879291251384285
standardized,hsbc,JPY,SGD,JPY/SGD,100,Indicative board,board,SGD 50 – 200,std_50_200,indicative_fx,2026-9-21,2026-9-21,2026-09-21T18:15:12.481238+00:00,0.8387,0.7893,0.8127000000000001,0.8140000000000001,MAS,3.199212501538072,2.879291251384285
standardized,hsbc,JPY,SGD,JPY/SGD,100,Indicative board,board,SGD < 50,std_lt_50,indicative_fx,2026-9-21,2026-9-21,2026-09-21T18:15:12.481238+00:00,0.8387,0.7893,0.8127000000000001,0.8140000000000001,MAS,3.199212501538072,2.879291251384285
standardized,hsbc,LKR,SGD,LKR/SGD,100,Indicative board,board,"SGD 200 – 39,999.99",std_200_40k,indicative_fx,2026-9-21,2026-9-21,2026-09-21T18:15:12.481238+00:00,0.4,,,,,,
standardized,hsbc,LKR,SGD,LKR/SGD,100,Indicative board,board,"SGD 40,000 – 100,000",std_40k_100k,indicative_fx,2026-9-21,2026-9-21,2026-09-21T18:15:12.481238+00:00,0.4,,,,,,
standardized,hsbc,LKR,SGD,LKR/SGD,100,Indicative board,board,SGD 50 – 200,std_50_200,indicative_fx,2026-9-21,2026-9-21,2026-09-21T18:15:12.481238+00:00,0.4,,,,,,
standardized,hsbc,LKR,SGD,LKR/SGD,100,Indicative board,board,SGD < 50,std_lt_50,indicative_fx,2026-9-21,2026-9-21,2026-09-21T18:15:12.481238+00:00,0.4,,,,,,
standardized,hsbc,MUR,SGD,MUR/SGD,100,Indicative board,board,"SGD 200 – 39,999.99",std_200_40k,indicative_fx,2026-9-21,2026-9-21,2026-09-21T18:15:12.481238+00:00,2.78,2.58,,2.6799999999999997,,,
standardized,hsbc,MUR,SGD,MUR/SGD,100,Indicative board,board,"SGD 40,000 – 100,000",std_40k_100k,indicative_fx,2026-9-21,2026-9-21,2026-09-21T18:15:12.481238+00:00,2.78,2.58,,2.6799999999999997,,,
standardized,hsbc,MUR,SGD,MUR/SGD,100,Indicative board,board,SGD 50 – 200,std_50_200,indicative_fx,2026-9-21,2026-9-21,2026-09-21T18:15:12.481238+00:00,2.78,2.58,,2.6799999999999997,,,
standardized,hsbc,MUR,SGD,MUR/SGD,100,Indicative board,board,SGD < 50,std_lt_50,indicative_fx,2026-9-21,2026-9-21,2026-09-21T18:15:12.481238+00:00,2.78,2.58,,2.6799999999999997,,,
standardized,hsbc,NOK,SGD,NOK/SGD,100,Indicative board,board,"SGD 200 – 39,999.99",std_200_40k,indicative_fx,2026-9-21,2026-9-21,2026-09-21T18:15:12.481238+00:00,13.96,13.12,,13.54,,,
standardized,hsbc,NOK,SGD,NOK/SGD,100,Indicative board,board,"SGD 40,000 – 100,000",std_40k_100k,indicative_fx,2026-9-21,2026-9-21,2026-09-21T18:15:12.481238+00:00,13.96,13.12,,13.54,,,
standardized,hsbc,NOK,SGD,NOK/SGD,100,Indicative board,board,SGD 50 – 200,std_50_200,indicative_fx,2026-9-21,2026-9-21,2026-09-21T18:15:12.481238+00:00,13.96,13.12,,13.54,,,
standardized,hsbc,NOK,SGD,NOK/SGD,100,Indicative board,board,SGD < 50,std_lt_50,indicative_fx,2026-9-21,2026-9-21,2026-09-21T18:15:12.481238+00:00,13.96,13.12,,13.54,,,
standardized,hsbc,NZD,SGD,NZD/SGD,1,Indicative board,board,"SGD 200 – 39,999.99",std_200_40k,indicative_fx,2026-9-21,2026-9-21,2026-09-21T18:15:12.481238+00:00,0.7515,0.7072,0.7304,0.7293499999999999,MAS,2.8888280394304346,3.1763417305585975
standardized,hsbc,NZD,SGD,NZD/SGD,1,Indicative board,board,"SGD 40,000 – 100,000",std_40k_100k,indicative_fx,2026-9-21,2026-9-21,2026-09-21T18:15:12.481238+00:00,0.7515,0.7072,0.7304,0.7293499999999999,MAS,2.8888280394304346,3.1763417305585975
standardized,hsbc,NZD,SGD,NZD/SGD,1,Indicative board,board,SGD 50 – 200,std_50_200,indicative_fx,2026-9-21,2026-9-21,2026-09-21T18:15:12.481238+00:00,0.7515,0.7072,0.7304,0.7293499999999999,MAS,2.8888280394304346,3.1763417305585975
standardized,hsbc,NZD,SGD,NZD/SGD,1,Indicative board,board,SGD < 50,std_lt_50,indicative_fx,2026-9-21,2026-9-21,2026-09-21T18:15:12.481238+00:00,0.7515,0.7072,0.7304,0.7293499999999999,MAS,2.8888280394304346,3.1763417305585975
standardized,hsbc,PHP,SGD,PHP/SGD,100,Indicative board,board,"SGD 200 – 39,999.99",std_200_40k,indicative_fx,2026-9-21,2026-9-21,2026-09-21T18:15:12.481238+00:00,2.1,,2.0307,,MAS,3.4126163391933884,
standardized,hsbc,PHP,SGD,PHP/SGD,100,Indicative board,board,"SGD 40,000 – 100,000",std_40k_100k,indicative_fx,2026-9-21,2026-9-21,2026-09-21T18:15:12.481238+00:00,2.1,,2.0307,,MAS,3.4126163391933884,
standardized,hsbc,PHP,SGD,PHP/SGD,100,Indicative board,board,SGD 50 – 200,std_50_200,indicative_fx,2026-9-21,2026-9-21,2026-09-21T18:15:12.481238+00:00,2.1,,2.0307,,MAS,3.4126163391933884,
standardized,hsbc,PHP,SGD,PHP/SGD,100,Indicative board,board,SGD < 50,std_lt_50,indicative_fx,2026-9-21,2026-9-21,2026-09-21T18:15:12.481238+00:00,2.1,,2.0307,,MAS,3.4126163391933884,
standardized,hsbc,PKR,SGD,PKR/SGD,100,Indicative board,board,"SGD 200 – 39,999.99",std_200_40k,indicative_fx,2026-9-21,2026-9-21,2026-09-21T18:15:12.481238+00:00,0.48,,,,,,
standardized,hsbc,PKR,SGD,PKR/SGD,100,Indicative board,board,"SGD 40,000 – 100,000",std_40k_100k,indicative_fx,2026-9-21,2026-9-21,2026-09-21T18:15:12.481238+00:00,0.48,,,,,,
standardized,hsbc,PKR,SGD,PKR/SGD,100,Indicative board,board,SGD 50 – 200,std_50_200,indicative_fx,2026-9-21,2026-9-21,2026-09-21T18:15:12.481238+00:00,0.48,,,,,,
standardized,hsbc,PKR,SGD,PKR/SGD,100,Indicative board,board,SGD < 50,std_lt_50,indicative_fx,2026-9-21,2026-9-21,2026-09-21T18:15:12.481238+00:00,0.48,,,,,,
standardized,hsbc,QAR,SGD,QAR/SGD,100,Indicative board,board,"SGD 200 – 39,999.99",std_200_40k,indicative_fx,2026-9-21,2026-9-21,2026-09-21T18:15:12.481238+00:00,35.44,34.55,35.0,34.995,MAS,1.2571428571428507,1.2857142857142938
standardized,hsbc,QAR,SGD,QAR/SGD,100,Indicative board,board,"SGD 40,000 – 100,000",std_40k_100k,indicative_fx,2026-9-21,2026-9-21,2026-09-21T18:15:12.481238+00:00,35.44,34.55,35.0,34.995,MAS,1.2571428571428507,1.2857142857142938
standardized,hsbc,QAR,SGD,QAR/SGD,100,Indicative board,board,SGD 50 – 200,std_50_200,indicative_fx,2026-9-21,2026-9-21,2026-09-21T18:15:12.481238+00:00,35.44,34.55,35.0,34.995,MAS,1.2571428571428507,1.2857142857142938
standardized,hsbc,QAR,SGD,QAR/SGD,100,Indicative board,board,SGD < 50,std_lt_50,indicative_fx,2026-9-21,2026-9-21,2026-09-21T18:15:12.481238+00:00,35.44,34.55,35.0,34.995,MAS,1.2571428571428507,1.2857142857142938
standardized,hsbc,RUB,SGD,RUB/SGD,100,Indicative board,board,"SGD 200 – 39,999.99",std_200_40k,indicative_fx,2026-9-21,2026-9-21,2026-09-21T18:15:12.481238+00:00,15.64,14.66,,15.15,,,
standardized,hsbc,RUB,SGD,RUB/SGD,100,Indicative board,board,"SGD 40,000 – 100,000",std_40k_100k,indicative_fx,2026-9-21,2026-9-21,2026-09-21T18:15:12.481238+00:00,15.64,14.66,,15.15,,,
standardized,hsbc,RUB,SGD,RUB/SGD,100,Indicative board,board,SGD 50 – 200,std_50_200,indicative_fx,2026-9-21,2026-9-21,2026-09-21T18:15:12.481238+00:00,15.64,14.66,,15.15,,,
standardized,hsbc,RUB,SGD,RUB/SGD,100,Indicative board,board,SGD < 50,std_lt_50,indicative_fx,2026-9-21,2026-9-21,2026-09-21T18:15:12.481238+00:00,15.64,14.66,,15.15,,,
standardized,hsbc,SAR,SGD,SAR/SGD,100,Indicative board,board,"SGD 200 – 39,999.99",std_200_40k,indicative_fx,2026-9-21,2026-9-21,2026-09-21T18:15:12.481238+00:00,34.38,33.53,33.96,33.955,MAS,1.2367491166077789,1.2661955241460532
standardized,hsbc,SAR,SGD,SAR/SGD,100,Indicative board,board,"SGD 40,000 – 100,000",std_40k_100k,indicative_fx,2026-9-21,2026-9-21,2026-09-21T18:15:12.481238+00:00,34.38,33.53,33.96,33.955,MAS,1.2367491166077789,1.2661955241460532
standardized,hsbc,SAR,SGD,SAR/SGD,100,Indicative board,board,SGD 50 – 200,std_50_200,indicative_fx,2026-9-21,2026-9-21,2026-09-21T18:15:12.481238+00:00,34.38,33.53,33.96,33.955,MAS,1.2367491166077789,1.2661955241460532
standardized,hsbc,SAR,SGD,SAR/SGD,100,Indicative board,board,SGD < 50,std_lt_50,indicative_fx,2026-9-21,2026-9-21,2026-09-21T18:15:12.481238+00:00,34.38,33.53,33.96,33.955,MAS,1.2367491166077789,1.2661955241460532
standardized,hsbc,SEK,SGD,SEK/SGD,100,Indicative board,board,"SGD 200 – 39,999.99",std_200_40k,indicative_fx,2026-9-21,2026-9-21,2026-09-21T18:15:12.481238+00:00,13.37,12.58,,12.975,,,
standardized,hsbc,SEK,SGD,SEK/SGD,100,Indicative board,board,"SGD 40,000 – 100,000",std_40k_100k,indicative_fx,2026-9-21,2026-9-21,2026-09-21T18:15:12.481238+00:00,13.37,12.58,,12.975,,,
standardized,hsbc,SEK,SGD,SEK/SGD,100,Indicative board,board,SGD 50 – 200,std_50_200,indicative_fx,2026-9-21,2026-9-21,2026-09-21T18:15:12.481238+00:00,13.37,12.58,,12.975,,,
standardized,hsbc,SEK,SGD,SEK/SGD,100,Indicative board,board,SGD < 50,std_lt_50,indicative_fx,2026-9-21,2026-9-21,2026-09-21T18:15:12.481238+00:00,13.37,12.58,,12.975,,,
standardized,hsbc,THB,SGD,THB/SGD,100,Indicative board,board,"SGD 200 – 39,999.99",std_200_40k,indicative_fx,2026-9-21,2026-9-21,2026-09-21T18:15:12.481238+00:00,3.96,3.7,3.8324,3.83,MAS,3.3295063145809456,3.4547542010228485
standardized,hsbc,THB,SGD,THB/SGD,100,Indicative board,board,"SGD 40,000 – 100,000",std_40k_100k,indicative_fx,2026-9-21,2026-9-21,2026-09-21T18:15:12.481238+00:00,3.96,3.7,3.8324,3.83,MAS,3.3295063145809456,3.4547542010228485
standardized,hsbc,THB,SGD,THB/SGD,100,Indicative board,board,SGD 50 – 200,std_50_200,indicative_fx,2026-9-21,2026-9-21,2026-09-21T18:15:12.481238+00:00,3.96,3.7,3.8324,3.83,MAS,3.3295063145809456,3.4547542010228485
standardized,hsbc,THB,SGD,THB/SGD,100,Indicative board,board,SGD < 50,std_lt_50,indicative_fx,2026-9-21,2026-9-21,2026-09-21T18:15:12.481238+00:00,3.96,3.7,3.8324,3.83,MAS,3.3295063145809456,3.4547542010228485
standardized,hsbc,TRY,SGD,TRY/SGD,1,Indicative board,board,"SGD 200 – 39,999.99",std_200_40k,indicative_fx,2026-9-21,2026-9-21,2026-09-21T18:15:12.481238+00:00,0.027,,,,,,
standardized,hsbc,TRY,SGD,TRY/SGD,1,Indicative board,board,"SGD 40,000 – 100,000",std_40k_100k,indicative_fx,2026-9-21,2026-9-21,2026-09-21T18:15:12.481238+00:00,0.027,,,,,,
standardized,hsbc,TRY,SGD,TRY/SGD,1,Indicative board,board,SGD 50 – 200,std_50_200,indicative_fx,2026-9-21,2026-9-21,2026-09-21T18:15:12.481238+00:00,0.027,,,,,,
standardized,hsbc,TRY,SGD,TRY/SGD,1,Indicative board,board,SGD < 50,std_lt_50,indicative_fx,2026-9-21,2026-9-21,2026-09-21T18:15:12.481238+00:00,0.027,,,,,,
standardized,hsbc,USD,SGD,USD/SGD,1,Indicative board,board,"SGD 200 – 39,999.99",std_200_40k,indicative_fx,2026-9-21,2026-9-21,2026-09-21T18:15:12.481238+00:00,1.3014,1.2497,1.2756,1.27555,MAS,2.0225776105362043,2.0304170586390744
standardized,hsbc,USD,SGD,USD/SGD,1,Indicative board,board,"SGD 40,000 – 100,000",std_40k_100k,indicative_fx,2026-9-21,2026-9-21,2026-09-21T18:15:12.481238+00:00,1.3014,1.2497,1.2756,1.27555,MAS,2.0225776105362043,2.0304170586390744
standardized,hsbc,USD,SGD,USD/SGD,1,Indicative board,board,SGD 50 – 200,std_50_200,indicative_fx,2026-9-21,2026-9-21,2026-09-21T18:15:12.481238+00:00,1.3014,1.2497,1.2756,1.27555,MAS,2.0225776105362043,2.0304170586390744
standardized,hsbc,USD,SGD,USD/SGD,1,Indicative board,board,SGD < 50,std_lt_50,indicative_fx,2026-9-21,2026-9-21,2026-09-21T18:15:12.481238+00:00,1.3014,1.2497,1.2756,1.27555,MAS,2.0225776105362043,2.0304170586390744
standardized,hsbc,ZAR,SGD,ZAR/SGD,1,Indicative board,board,"SGD 200 – 39,999.99",std_200_40k,indicative_fx,2026-9-21,2026-9-21,2026-09-21T18:15:12.481238+00:00,0.0812,0.0759,,0.07855,,,
standardized,hsbc,ZAR,SGD,ZAR/SGD,1,Indicative board,board,"SGD 40,000 – 100,000",std_40k_100k,indicative_fx,2026-9-21,2026-9-21,2026-09-21T18:15:12.481238+00:00,0.0812,0.0759,,0.07855,,,
standardized,hsbc,ZAR,SGD,ZAR/SGD,1,Indicative board,board,SGD 50 – 200,std_50_200,indicative_fx,2026-9-21,2026-9-21,2026-09-21T18:15:12.481238+00:00,0.0812,0.0759,,0.07855,,,
standardized,hsbc,ZAR,SGD,ZAR/SGD,1,Indicative board,board,SGD < 50,std_lt_50,indicative_fx,2026-9-21,2026-9-21,2026-09-21T18:15:12.481238+00:00,0.0812,0.0759,,0.07855,,,
standardized,ocbc,AED,SGD,AED/SGD,100,"SGD 0 – 39,999.99",tier_1,"SGD 200 – 39,999.99",std_200_40k,fxRatesSgd,2026-09-21T07:00:12,2026-09-21T07:00:12,2026-09-21T18:15:10.580977+00:00,35.6238,33.6078,34.73,34.6158,MAS,2.5735675208753412,3.2312122084653025
standardized,ocbc,AED,SGD,AED/SGD,100,"SGD 40,000 – 100,000",tier_2,"SGD 40,000 – 100,000",std_40k_100k,fxRatesSgd,2026-09-21T07:00:12,2026-09-21T07:00:12,2026-09-21T18:15:10.580977+00:00,35.6132,33.6249,34.73,34.6158,MAS,2.543046357615901,3.1819752375467907
standardized,ocbc,AED,SGD,AED/SGD,100,"SGD 0 – 39,999.99",tier_1,SGD 50 – 200,std_50_200,fxRatesSgd,2026-09-21T07:00:12,2026-09-21T07:00:12,2026-09-21T18:15:10.580977+00:00,35.6238,33.6078,34.73,34.6158,MAS,2.5735675208753412,3.2312122084653025
standardized,ocbc,AED,SGD,AED/SGD,100,"SGD 0 – 39,999.99",tier_1,SGD < 50,std_lt_50,fxRatesSgd,2026-09-21T07:00:12,2026-09-21T07:00:12,2026-09-21T18:15:10.580977+00:00,35.6238,33.6078,34.73,34.6158,MAS,2.5735675208753412,3.2312122084653025
standardized,ocbc,AUD,SGD,AUD/SGD,1,"SGD 0 – 39,999.99",tier_1,"SGD 200 – 39,999.99",std_200_40k,fxRatesSgd,2026-09-21T07:00:12,2026-09-21T07:00:12,2026-09-21T18:15:10.580977+00:00,0.9259,0.8966,0.9091,0.9113,MAS,1.84798152018479,1.3749862501375059
standardized,ocbc,AUD,SGD,AUD/SGD,1,"SGD 40,000 – 100,000",tier_2,"SGD 40,000 – 100,000",std_40k_100k,fxRatesSgd,2026-09-21T07:00:12,2026-09-21T07:00:12,2026-09-21T18:15:10.580977+00:00,0.9241,0.8984,0.9091,0.9113,MAS,1.6499835001649996,1.1769882301177035
standardized,ocbc,AUD,SGD,AUD/SGD,1,"SGD 0 – 39,999.99",tier_1,SGD 50 – 200,std_50_200,fxRatesSgd,2026-09-21T07:00:12,2026-09-21T07:00:12,2026-09-21T18:15:10.580977+00:00,0.9259,0.8966,0.9091,0.9113,MAS,1.84798152018479,1.3749862501375059
standardized,ocbc,AUD,SGD,AUD/SGD,1,"SGD 0 – 39,999.99",tier_1,SGD < 50,std_lt_50,fxRatesSgd,2026-09-21T07:00:12,2026-09-21T07:00:12,2026-09-21T18:15:10.580977+00:00,0.9259,0.8966,0.9091,0.9113,MAS,1.84798152018479,1.3749862501375059
standardized,ocbc,BGN,SGD,BGN/SGD,100,"SGD 0 – 39,999.99",tier_1,"SGD 200 – 39,999.99",std_200_40k,fxRatesSgd,2026-09-21T07:00:12,2026-09-21T07:00:12,2026-09-21T18:15:10.580977+00:00,0.0,0.0,,0.0,,,
standardized,ocbc,BGN,SGD,BGN/SGD,100,"SGD 40,000 – 100,000",tier_2,"SGD 40,000 – 100,000",std_40k_100k,fxRatesSgd,2026-09-21T07:00:12,2026-09-21T07:00:12,2026-09-21T18:15:10.580977+00:00,0.0,0.0,,0.0,,,
standardized,ocbc,BGN,SGD,BGN/SGD,100,"SGD 0 – 39,999.99",tier_1,SGD 50 – 200,std_50_200,fxRatesSgd,2026-09-21T07:00:12,2026-09-21T07:00:12,2026-09-21T18:15:10.580977+00:00,0.0,0.0,,0.0,,,
standardized,ocbc,BGN,SGD,BGN/SGD,100,"SGD 0 – 39,999.99",tier_1,SGD < 50,std_lt_50,fxRatesSgd,2026-09-21T07:00:12,2026-09-21T07:00:12,2026-09-21T18:15:10.580977+00:00,0.0,0.0,,0.0,,,
standardized,ocbc,BHD,SGD,BHD/SGD,1,"SGD 0 – 39,999.99",tier_1,"SGD 200 – 39,999.99",std_200_40k,fxRatesSgd,2026-09-21T07:00:12,2026-09-21T07:00:12,2026-09-21T18:15:10.580977+00:00,0.0,0.0,,0.0,,,
standardized,ocbc,BHD,SGD,BHD/SGD,1,"SGD 40,000 – 100,000",tier_2,"SGD 40,000 – 100,000",std_40k_100k,fxRatesSgd,2026-09-21T07:00:12,2026-09-21T07:00:12,2026-09-21T18:15:10.580977+00:00,0.0,0.0,,0.0,,,
standardized,ocbc,BHD,SGD,BHD/SGD,1,"SGD 0 – 39,999.99",tier_1,SGD 50 – 200,std_50_200,fxRatesSgd,2026-09-21T07:00:12,2026-09-21T07:00:12,2026-09-21T18:15:10.580977+00:00,0.0,0.0,,0.0,,,
standardized,ocbc,BHD,SGD,BHD/SGD,1,"SGD 0 – 39,999.99",tier_1,SGD < 50,std_lt_50,fxRatesSgd,2026-09-21T07:00:12,2026-09-21T07:00:12,2026-09-21T18:15:10.580977+00:00,0.0,0.0,,0.0,,,
standardized,ocbc,CAD,SGD,CAD/SGD,1,"SGD 0 – 39,999.99",tier_1,"SGD 200 – 39,999.99",std_200_40k,fxRatesSgd,2026-09-21T07:00:12,2026-09-21T07:00:12,2026-09-21T18:15:10.580977+00:00,0.9264,0.8935,0.9109,0.91,MAS,1.7016137885607594,1.910198704577899
standardized,ocbc,CAD,SGD,CAD/SGD,1,"SGD 40,000 – 100,000",tier_2,"SGD 40,000 – 100,000",std_40k_100k,fxRatesSgd,2026-09-21T07:00:12,2026-09-21T07:00:12,2026-09-21T18:15:10.580977+00:00,0.9246,0.8953,0.9109,0.91,MAS,1.5040070260182166,1.7125919420353561
standardized,ocbc,CAD,SGD,CAD/SGD,1,"SGD 0 – 39,999.99",tier_1,SGD 50 – 200,std_50_200,fxRatesSgd,2026-09-21T07:00:12,2026-09-21T07:00:12,2026-09-21T18:15:10.580977+00:00,0.9264,0.8935,0.9109,0.91,MAS,1.7016137885607594,1.910198704577899
standardized,ocbc,CAD,SGD,CAD/SGD,1,"SGD 0 – 39,999.99",tier_1,SGD < 50,std_lt_50,fxRatesSgd,2026-09-21T07:00:12,2026-09-21T07:00:12,2026-09-21T18:15:10.580977+00:00,0.9264,0.8935,0.9109,0.91,MAS,1.7016137885607594,1.910198704577899
standardized,ocbc,CHF,SGD,CHF/SGD,100,"SGD 0 – 39,999.99",tier_1,"SGD 200 – 39,999.99",std_200_40k,fxRatesSgd,2026-09-21T07:00:12,2026-09-21T07:00:12,2026-09-21T18:15:10.580977+00:00,157.9185,152.3054,154.99,155.112,MAS,1.8894767404348571,1.7321117491451172
standardized,ocbc,CHF,SGD,CHF/SGD,100,"SGD 40,000 – 100,000",tier_2,"SGD 40,000 – 100,000",std_40k_100k,fxRatesSgd,2026-09-21T07:00:12,2026-09-21T07:00:12,2026-09-21T18:15:10.580977+00:00,157.6083,152.6155,154.99,155.112,MAS,1.6893347957932803,1.5320343247951556
standardized,ocbc,CHF,SGD,CHF/SGD,100,"SGD 0 – 39,999.99",tier_1,SGD 50 – 200,std_50_200,fxRatesSgd,2026-09-21T07:00:12,2026-09-21T07:00:12,2026-09-21T18:15:10.580977+00:00,157.9185,152.3054,154.99,155.112,MAS,1.8894767404348571,1.7321117491451172
standardized,ocbc,CHF,SGD,CHF/SGD,100,"SGD 0 – 39,999.99",tier_1,SGD < 50,std_lt_50,fxRatesSgd,2026-09-21T07:00:12,2026-09-21T07:00:12,2026-09-21T18:15:10.580977+00:00,157.9185,152.3054,154.99,155.112,MAS,1.8894767404348571,1.7321117491451172
standardized,ocbc,CNH,SGD,CNH/SGD,100,"SGD 0 – 39,999.99",tier_1,"SGD 200 – 39,999.99",std_200_40k,fxRatesSgd,2026-09-21T07:00:12,2026-09-21T07:00:12,2026-09-21T18:15:10.580977+00:00,19.3973,18.8237,,19.1105,,,
standardized,ocbc,CNH,SGD,CNH/SGD,100,"SGD 40,000 – 100,000",tier_2,"SGD 40,000 – 100,000",std_40k_100k,fxRatesSgd,2026-09-21T07:00:12,2026-09-21T07:00:12,2026-09-21T18:15:10.580977+00:00,19.3782,18.8428,,19.1105,,,
standardized,ocbc,CNH,SGD,CNH/SGD,100,"SGD 0 – 39,999.99",tier_1,SGD 50 – 200,std_50_200,fxRatesSgd,2026-09-21T07:00:12,2026-09-21T07:00:12,2026-09-21T18:15:10.580977+00:00,19.3973,18.8237,,19.1105,,,
standardized,ocbc,CNH,SGD,CNH/SGD,100,"SGD 0 – 39,999.99",tier_1,SGD < 50,std_lt_50,fxRatesSgd,2026-09-21T07:00:12,2026-09-21T07:00:12,2026-09-21T18:15:10.580977+00:00,19.3973,18.8237,,19.1105,,,
standardized,ocbc,CZK,SGD,CZK/SGD,100,"SGD 0 – 39,999.99",tier_1,"SGD 200 – 39,999.99",std_200_40k,fxRatesSgd,2026-09-21T07:00:12,2026-09-21T07:00:12,2026-09-21T18:15:10.580977+00:00,0.0,0.0,,0.0,,,
standardized,ocbc,CZK,SGD,CZK/SGD,100,"SGD 40,000 – 100,000",tier_2,"SGD 40,000 – 100,000",std_40k_100k,fxRatesSgd,2026-09-21T07:00:12,2026-09-21T07:00:12,2026-09-21T18:15:10.580977+00:00,0.0,0.0,,0.0,,,
standardized,ocbc,CZK,SGD,CZK/SGD,100,"SGD 0 – 39,999.99",tier_1,SGD 50 – 200,std_50_200,fxRatesSgd,2026-09-21T07:00:12,2026-09-21T07:00:12,2026-09-21T18:15:10.580977+00:00,0.0,0.0,,0.0,,,
standardized,ocbc,CZK,SGD,CZK/SGD,100,"SGD 0 – 39,999.99",tier_1,SGD < 50,std_lt_50,fxRatesSgd,2026-09-21T07:00:12,2026-09-21T07:00:12,2026-09-21T18:15:10.580977+00:00,0.0,0.0,,0.0,,,
standardized,ocbc,DKK,SGD,DKK/SGD,100,"SGD 0 – 39,999.99",tier_1,"SGD 200 – 39,999.99",std_200_40k,fxRatesSgd,2026-09-21T07:00:12,2026-09-21T07:00:12,2026-09-21T18:15:10.580977+00:00,19.9421,19.2345,,19.5883,,,
standardized,ocbc,DKK,SGD,DKK/SGD,100,"SGD 40,000 – 100,000",tier_2,"SGD 40,000 – 100,000",std_40k_100k,fxRatesSgd,2026-09-21T07:00:12,2026-09-21T07:00:12,2026-09-21T18:15:10.580977+00:00,19.903,19.2736,,19.5883,,,
standardized,ocbc,DKK,SGD,DKK/SGD,100,"SGD 0 – 39,999.99",tier_1,SGD 50 – 200,std_50_200,fxRatesSgd,2026-09-21T07:00:12,2026-09-21T07:00:12,2026-09-21T18:15:10.580977+00:00,19.9421,19.2345,,19.5883,,,
standardized,ocbc,DKK,SGD,DKK/SGD,100,"SGD 0 – 39,999.99",tier_1,SGD < 50,std_lt_50,fxRatesSgd,2026-09-21T07:00:12,2026-09-21T07:00:12,2026-09-21T18:15:10.580977+00:00,19.9421,19.2345,,19.5883,,,
standardized,ocbc,EUR,SGD,EUR/SGD,1,"SGD 0 – 39,999.99",tier_1,"SGD 200 – 39,999.99",std_200_40k,fxRatesSgd,2026-09-21T07:00:12,2026-09-21T07:00:12,2026-09-21T18:15:10.580977+00:00,1.4808,1.4444,1.4638,1.4626,MAS,1.161360841645027,1.3253176663478674
standardized,ocbc,EUR,SGD,EUR/SGD,1,"SGD 40,000 – 100,000",tier_2,"SGD 40,000 – 100,000",std_40k_100k,fxRatesSgd,2026-09-21T07:00:12,2026-09-21T07:00:12,2026-09-21T18:15:10.580977+00:00,1.4791,1.4463,1.4638,1.4626,MAS,1.0452247574805364,1.1955185134581274
standardized,ocbc,EUR,SGD,EUR/SGD,1,"SGD 0 – 39,999.99",tier_1,SGD 50 – 200,std_50_200,fxRatesSgd,2026-09-21T07:00:12,2026-09-21T07:00:12,2026-09-21T18:15:10.580977+00:00,1.4808,1.4444,1.4638,1.4626,MAS,1.161360841645027,1.3253176663478674
standardized,ocbc,EUR,SGD,EUR/SGD,1,"SGD 0 – 39,999.99",tier_1,SGD < 50,std_lt_50,fxRatesSgd,2026-09-21T07:00:12,2026-09-21T07:00:12,2026-09-21T18:15:10.580977+00:00,1.4808,1.4444,1.4638,1.4626,MAS,1.161360841645027,1.3253176663478674
standardized,ocbc,GBP,SGD,GBP/SGD,1,"SGD 0 – 39,999.99",tier_1,"SGD 200 – 39,999.99",std_200_40k,fxRatesSgd,2026-09-21T07:00:12,2026-09-21T07:00:12,2026-09-21T18:15:10.580977+00:00,1.729,1.6832,1.7071,1.7061,MAS,1.282877394411577,1.400035147325876
standardized,ocbc,GBP,SGD,GBP/SGD,1,"SGD 40,000 – 100,000",tier_2,"SGD 40,000 – 100,000",std_40k_100k,fxRatesSgd,2026-09-21T07:00:12,2026-09-21T07:00:12,2026-09-21T18:15:10.580977+00:00,1.7273,1.6852,1.7071,1.7061,MAS,1.1832933044344205,1.282877394411577
standardized,ocbc,GBP,SGD,GBP/SGD,1,"SGD 0 – 39,999.99",tier_1,SGD 50 – 200,std_50_200,fxRatesSgd,2026-09-21T07:00:12,2026-09-21T07:00:12,2026-09-21T18:15:10.580977+00:00,1.729,1.6832,1.7071,1.7061,MAS,1.282877394411577,1.400035147325876
standardized,ocbc,GBP,SGD,GBP/SGD,1,"SGD 0 – 39,999.99",tier_1,SGD < 50,std_lt_50,fxRatesSgd,2026-09-21T07:00:12,2026-09-21T07:00:12,2026-09-21T18:15:10.580977+00:00,1.729,1.6832,1.7071,1.7061,MAS,1.282877394411577,1.400035147325876
standardized,ocbc,HKD,SGD,HKD/SGD,100,"SGD 0 – 39,999.99",tier_1,"SGD 200 – 39,999.99",std_200_40k,fxRatesSgd,2026-09-21T07:00:12,2026-09-21T07:00:12,2026-09-21T18:15:10.580977+00:00,16.4664,16.0682,16.26,16.2673,MAS,1.2693726937269283,1.179581795817962
standardized,ocbc,HKD,SGD,HKD/SGD,100,"SGD 40,000 – 100,000",tier_2,"SGD 40,000 – 100,000",std_40k_100k,fxRatesSgd,2026-09-21T07:00:12,2026-09-21T07:00:12,2026-09-21T18:15:10.580977+00:00,16.4372,16.078,16.26,16.2673,MAS,1.0897908979089737,1.1193111931119442
standardized,ocbc,HKD,SGD,HKD/SGD,100,"SGD 0 – 39,999.99",tier_1,SGD 50 – 200,std_50_200,fxRatesSgd,2026-09-21T07:00:12,2026-09-21T07:00:12,2026-09-21T18:15:10.580977+00:00,16.4664,16.0682,16.26,16.2673,MAS,1.2693726937269283,1.179581795817962
standardized,ocbc,HKD,SGD,HKD/SGD,100,"SGD 0 – 39,999.99",tier_1,SGD < 50,std_lt_50,fxRatesSgd,2026-09-21T07:00:12,2026-09-21T07:00:12,2026-09-21T18:15:10.580977+00:00,16.4664,16.0682,16.26,16.2673,MAS,1.2693726937269283,1.179581795817962
standardized,ocbc,HUF,SGD,HUF/SGD,100,"SGD 0 – 39,999.99",tier_1,"SGD 200 – 39,999.99",std_200_40k,fxRatesSgd,2026-09-21T07:00:12,2026-09-21T07:00:12,2026-09-21T18:15:10.580977+00:00,0.0,0.0,,0.0,,,
standardized,ocbc,HUF,SGD,HUF/SGD,100,"SGD 40,000 – 100,000",tier_2,"SGD 40,000 – 100,000",std_40k_100k,fxRatesSgd,2026-09-21T07:00:12,2026-09-21T07:00:12,2026-09-21T18:15:10.580977+00:00,0.0,0.0,,0.0,,,
standardized,ocbc,HUF,SGD,HUF/SGD,100,"SGD 0 – 39,999.99",tier_1,SGD 50 – 200,std_50_200,fxRatesSgd,2026-09-21T07:00:12,2026-09-21T07:00:12,2026-09-21T18:15:10.580977+00:00,0.0,0.0,,0.0,,,
standardized,ocbc,HUF,SGD,HUF/SGD,100,"SGD 0 – 39,999.99",tier_1,SGD < 50,std_lt_50,fxRatesSgd,2026-09-21T07:00:12,2026-09-21T07:00:12,2026-09-21T18:15:10.580977+00:00,0.0,0.0,,0.0,,,
standardized,ocbc,IDR,SGD,IDR/SGD,100,"SGD 0 – 39,999.99",tier_1,"SGD 200 – 39,999.99",std_200_40k,fxRatesSgd,2026-09-21T07:00:12,2026-09-21T07:00:12,2026-09-21T18:15:10.580977+00:00,0.0074,0.0,0.007159000000000001,0.0074,MAS,3.3663919541835314,100.0
standardized,ocbc,IDR,SGD,IDR/SGD,100,"SGD 40,000 – 100,000",tier_2,"SGD 40,000 – 100,000",std_40k_100k,fxRatesSgd,2026-09-21T07:00:12,2026-09-21T07:00:12,2026-09-21T18:15:10.580977+00:00,0.0074,0.0,0.007159000000000001,0.0074,MAS,3.3663919541835314,100.0
standardized,ocbc,IDR,SGD,IDR/SGD,100,"SGD 0 – 39,999.99",tier_1,SGD 50 – 200,std_50_200,fxRatesSgd,2026-09-21T07:00:12,2026-09-21T07:00:12,2026-09-21T18:15:10.580977+00:00,0.0074,0.0,0.007159000000000001,0.0074,MAS,3.3663919541835314,100.0
standardized,ocbc,IDR,SGD,IDR/SGD,100,"SGD 0 – 39,999.99",tier_1,SGD < 50,std_lt_50,fxRatesSgd,2026-09-21T07:00:12,2026-09-21T07:00:12,2026-09-21T18:15:10.580977+00:00,0.0074,0.0,0.007159000000000001,0.0074,MAS,3.3663919541835314,100.0
standardized,ocbc,ILS,SGD,ILS/SGD,100,"SGD 0 – 39,999.99",tier_1,"SGD 200 – 39,999.99",std_200_40k,fxRatesSgd,2026-09-21T07:00:12,2026-09-21T07:00:12,2026-09-21T18:15:10.580977+00:00,0.0,0.0,,0.0,,,
standardized,ocbc,ILS,SGD,ILS/SGD,100,"SGD 40,000 – 100,000",tier_2,"SGD 40,000 – 100,000",std_40k_100k,fxRatesSgd,2026-09-21T07:00:12,2026-09-21T07:00:12,2026-09-21T18:15:10.580977+00:00,0.0,0.0,,0.0,,,
standardized,ocbc,ILS,SGD,ILS/SGD,100,"SGD 0 – 39,999.99",tier_1,SGD 50 – 200,std_50_200,fxRatesSgd,2026-09-21T07:00:12,2026-09-21T07:00:12,2026-09-21T18:15:10.580977+00:00,0.0,0.0,,0.0,,,
standardized,ocbc,ILS,SGD,ILS/SGD,100,"SGD 0 – 39,999.99",tier_1,SGD < 50,std_lt_50,fxRatesSgd,2026-09-21T07:00:12,2026-09-21T07:00:12,2026-09-21T18:15:10.580977+00:00,0.0,0.0,,0.0,,,
standardized,ocbc,INR,SGD,INR/SGD,100,"SGD 0 – 39,999.99",tier_1,"SGD 200 – 39,999.99",std_200_40k,fxRatesSgd,2026-09-21T07:00:12,2026-09-21T07:00:12,2026-09-21T18:15:10.580977+00:00,1.3707,0.0,1.3325,1.3707,MAS,2.8667917448405262,100.0
standardized,ocbc,INR,SGD,INR/SGD,100,"SGD 40,000 – 100,000",tier_2,"SGD 40,000 – 100,000",std_40k_100k,fxRatesSgd,2026-09-21T07:00:12,2026-09-21T07:00:12,2026-09-21T18:15:10.580977+00:00,1.368,0.0,1.3325,1.3707,MAS,2.6641651031894997,100.0
standardized,ocbc,INR,SGD,INR/SGD,100,"SGD 0 – 39,999.99",tier_1,SGD 50 – 200,std_50_200,fxRatesSgd,2026-09-21T07:00:12,2026-09-21T07:00:12,2026-09-21T18:15:10.580977+00:00,1.3707,0.0,1.3325,1.3707,MAS,2.8667917448405262,100.0
standardized,ocbc,INR,SGD,INR/SGD,100,"SGD 0 – 39,999.99",tier_1,SGD < 50,std_lt_50,fxRatesSgd,2026-09-21T07:00:12,2026-09-21T07:00:12,2026-09-21T18:15:10.580977+00:00,1.3707,0.0,1.3325,1.3707,MAS,2.8667917448405262,100.0
standardized,ocbc,JOD,SGD,JOD/SGD,1,"SGD 0 – 39,999.99",tier_1,"SGD 200 – 39,999.99",std_200_40k,fxRatesSgd,2026-09-21T07:00:12,2026-09-21T07:00:12,2026-09-21T18:15:10.580977+00:00,0.0,0.0,,0.0,,,
standardized,ocbc,JOD,SGD,JOD/SGD,1,"SGD 40,000 – 100,000",tier_2,"SGD 40,000 – 100,000",std_40k_100k,fxRatesSgd,2026-09-21T07:00:12,2026-09-21T07:00:12,2026-09-21T18:15:10.580977+00:00,0.0,0.0,,0.0,,,
standardized,ocbc,JOD,SGD,JOD/SGD,1,"SGD 0 – 39,999.99",tier_1,SGD 50 – 200,std_50_200,fxRatesSgd,2026-09-21T07:00:12,2026-09-21T07:00:12,2026-09-21T18:15:10.580977+00:00,0.0,0.0,,0.0,,,
standardized,ocbc,JOD,SGD,JOD/SGD,1,"SGD 0 – 39,999.99",tier_1,SGD < 50,std_lt_50,fxRatesSgd,2026-09-21T07:00:12,2026-09-21T07:00:12,2026-09-21T18:15:10.580977+00:00,0.0,0.0,,0.0,,,
standardized,ocbc,JPY,SGD,JPY/SGD,100,"SGD 0 – 39,999.99",tier_1,"SGD 200 – 39,999.99",std_200_40k,fxRatesSgd,2026-09-21T07:00:12,2026-09-21T07:00:12,2026-09-21T18:15:10.580977+00:00,0.8216,0.8014,0.8127000000000001,0.8115,MAS,1.0951150486034094,1.3904269718223312
standardized,ocbc,JPY,SGD,JPY/SGD,100,"SGD 40,000 – 100,000",tier_2,"SGD 40,000 – 100,000",std_40k_100k,fxRatesSgd,2026-09-21T07:00:12,2026-09-21T07:00:12,2026-09-21T18:15:10.580977+00:00,0.8208,0.8028,0.8127000000000001,0.8115,MAS,0.996677740863773,1.2181616832779785
standardized,ocbc,JPY,SGD,JPY/SGD,100,"SGD 0 – 39,999.99",tier_1,SGD 50 – 200,std_50_200,fxRatesSgd,2026-09-21T07:00:12,2026-09-21T07:00:12,2026-09-21T18:15:10.580977+00:00,0.8216,0.8014,0.8127000000000001,0.8115,MAS,1.0951150486034094,1.3904269718223312
standardized,ocbc,JPY,SGD,JPY/SGD,100,"SGD 0 – 39,999.99",tier_1,SGD < 50,std_lt_50,fxRatesSgd,2026-09-21T07:00:12,2026-09-21T07:00:12,2026-09-21T18:15:10.580977+00:00,0.8216,0.8014,0.8127000000000001,0.8115,MAS,1.0951150486034094,1.3904269718223312
standardized,ocbc,KRW,SGD,KRW/SGD,100,"SGD 0 – 39,999.99",tier_1,"SGD 200 – 39,999.99",std_200_40k,fxRatesSgd,2026-09-21T07:00:12,2026-09-21T07:00:12,2026-09-21T18:15:10.580977+00:00,0.0,0.0,0.0922,0.0,MAS,-100.0,100.0
standardized,ocbc,KRW,SGD,KRW/SGD,100,"SGD 40,000 – 100,000",tier_2,"SGD 40,000 – 100,000",std_40k_100k,fxRatesSgd,2026-09-21T07:00:12,2026-09-21T07:00:12,2026-09-21T18:15:10.580977+00:00,0.0,0.0,0.0922,0.0,MAS,-100.0,100.0
standardized,ocbc,KRW,SGD,KRW/SGD,100,"SGD 0 – 39,999.99",tier_1,SGD 50 – 200,std_50_200,fxRatesSgd,2026-09-21T07:00:12,2026-09-21T07:00:12,2026-09-21T18:15:10.580977+00:00,0.0,0.0,0.0922,0.0,MAS,-100.0,100.0
standardized,ocbc,KRW,SGD,KRW/SGD,100,"SGD 0 – 39,999.99",tier_1,SGD < 50,std_lt_50,fxRatesSgd,2026-09-21T07:00:12,2026-09-21T07:00:12,2026-09-21T18:15:10.580977+00:00,0.0,0.0,0.0922,0.0,MAS,-100.0,100.0
standardized,ocbc,LKR,SGD,LKR/SGD,100,"SGD 0 – 39,999.99",tier_1,"SGD 200 – 39,999.99",std_200_40k,fxRatesSgd,2026-09-21T07:00:12,2026-09-21T07:00:12,2026-09-21T18:15:10.580977+00:00,0.3975,0.0,,0.3975,,,
standardized,ocbc,LKR,SGD,LKR/SGD,100,"SGD 40,000 – 100,000",tier_2,"SGD 40,000 – 100,000",std_40k_100k,fxRatesSgd,2026-09-21T07:00:12,2026-09-21T07:00:12,2026-09-21T18:15:10.580977+00:00,0.3967,0.0,,0.3975,,,
standardized,ocbc,LKR,SGD,LKR/SGD,100,"SGD 0 – 39,999.99",tier_1,SGD 50 – 200,std_50_200,fxRatesSgd,2026-09-21T07:00:12,2026-09-21T07:00:12,2026-09-21T18:15:10.580977+00:00,0.3975,0.0,,0.3975,,,
standardized,ocbc,LKR,SGD,LKR/SGD,100,"SGD 0 – 39,999.99",tier_1,SGD < 50,std_lt_50,fxRatesSgd,2026-09-21T07:00:12,2026-09-21T07:00:12,2026-09-21T18:15:10.580977+00:00,0.3975,0.0,,0.3975,,,
standardized,ocbc,MAD,SGD,MAD/SGD,100,"SGD 0 – 39,999.99",tier_1,"SGD 200 – 39,999.99",std_200_40k,fxRatesSgd,2026-09-21T07:00:12,2026-09-21T07:00:12,2026-09-21T18:15:10.580977+00:00,0.0,0.0,,0.0,,,
standardized,ocbc,MAD,SGD,MAD/SGD,100,"SGD 40,000 – 100,000",tier_2,"SGD 40,000 – 100,000",std_40k_100k,fxRatesSgd,2026-09-21T07:00:12,2026-09-21T07:00:12,2026-09-21T18:15:10.580977+00:00,0.0,0.0,,0.0,,,
standardized,ocbc,MAD,SGD,MAD/SGD,100,"SGD 0 – 39,999.99",tier_1,SGD 50 – 200,std_50_200,fxRatesSgd,2026-09-21T07:00:12,2026-09-21T07:00:12,2026-09-21T18:15:10.580977+00:00,0.0,0.0,,0.0,,,
standardized,ocbc,MAD,SGD,MAD/SGD,100,"SGD 0 – 39,999.99",tier_1,SGD < 50,std_lt_50,fxRatesSgd,2026-09-21T07:00:12,2026-09-21T07:00:12,2026-09-21T18:15:10.580977+00:00,0.0,0.0,,0.0,,,
standardized,ocbc,MXN,SGD,MXN/SGD,100,"SGD 0 – 39,999.99",tier_1,"SGD 200 – 39,999.99",std_200_40k,fxRatesSgd,2026-09-21T07:00:12,2026-09-21T07:00:12,2026-09-21T18:15:10.580977+00:00,7.6475,0.0,,7.6475,,,
standardized,ocbc,MXN,SGD,MXN/SGD,100,"SGD 40,000 – 100,000",tier_2,"SGD 40,000 – 100,000",std_40k_100k,fxRatesSgd,2026-09-21T07:00:12,2026-09-21T07:00:12,2026-09-21T18:15:10.580977+00:00,7.646,0.0,,7.6475,,,
standardized,ocbc,MXN,SGD,MXN/SGD,100,"SGD 0 – 39,999.99",tier_1,SGD 50 – 200,std_50_200,fxRatesSgd,2026-09-21T07:00:12,2026-09-21T07:00:12,2026-09-21T18:15:10.580977+00:00,7.6475,0.0,,7.6475,,,
standardized,ocbc,MXN,SGD,MXN/SGD,100,"SGD 0 – 39,999.99",tier_1,SGD < 50,std_lt_50,fxRatesSgd,2026-09-21T07:00:12,2026-09-21T07:00:12,2026-09-21T18:15:10.580977+00:00,7.6475,0.0,,7.6475,,,
standardized,ocbc,MYR,SGD,MYR/SGD,100,"SGD 0 – 39,999.99",tier_1,"SGD 200 – 39,999.99",std_200_40k,fxRatesSgd,2026-09-21T07:00:12,2026-09-21T07:00:12,2026-09-21T18:15:10.580977+00:00,0.0,0.0,31.290000000000003,0.0,MAS,-100.0,100.0
standardized,ocbc,MYR,SGD,MYR/SGD,100,"SGD 40,000 – 100,000",tier_2,"SGD 40,000 – 100,000",std_40k_100k,fxRatesSgd,2026-09-21T07:00:12,2026-09-21T07:00:12,2026-09-21T18:15:10.580977+00:00,0.0,0.0,31.290000000000003,0.0,MAS,-100.0,100.0
standardized,ocbc,MYR,SGD,MYR/SGD,100,"SGD 0 – 39,999.99",tier_1,SGD 50 – 200,std_50_200,fxRatesSgd,2026-09-21T07:00:12,2026-09-21T07:00:12,2026-09-21T18:15:10.580977+00:00,0.0,0.0,31.290000000000003,0.0,MAS,-100.0,100.0
standardized,ocbc,MYR,SGD,MYR/SGD,100,"SGD 0 – 39,999.99",tier_1,SGD < 50,std_lt_50,fxRatesSgd,2026-09-21T07:00:12,2026-09-21T07:00:12,2026-09-21T18:15:10.580977+00:00,0.0,0.0,31.290000000000003,0.0,MAS,-100.0,100.0
standardized,ocbc,NOK,SGD,NOK/SGD,100,"SGD 0 – 39,999.99",tier_1,"SGD 200 – 39,999.99",std_200_40k,fxRatesSgd,2026-09-21T07:00:12,2026-09-21T07:00:12,2026-09-21T18:15:10.580977+00:00,13.791,13.2983,,13.5447,,,
standardized,ocbc,NOK,SGD,NOK/SGD,100,"SGD 40,000 – 100,000",tier_2,"SGD 40,000 – 100,000",std_40k_100k,fxRatesSgd,2026-09-21T07:00:12,2026-09-21T07:00:12,2026-09-21T18:15:10.580977+00:00,13.7639,13.3254,,13.5447,,,
standardized,ocbc,NOK,SGD,NOK/SGD,100,"SGD 0 – 39,999.99",tier_1,SGD 50 – 200,std_50_200,fxRatesSgd,2026-09-21T07:00:12,2026-09-21T07:00:12,2026-09-21T18:15:10.580977+00:00,13.791,13.2983,,13.5447,,,
standardized,ocbc,NOK,SGD,NOK/SGD,100,"SGD 0 – 39,999.99",tier_1,SGD < 50,std_lt_50,fxRatesSgd,2026-09-21T07:00:12,2026-09-21T07:00:12,2026-09-21T18:15:10.580977+00:00,13.791,13.2983,,13.5447,,,
standardized,ocbc,NZD,SGD,NZD/SGD,1,"SGD 0 – 39,999.99",tier_1,"SGD 200 – 39,999.99",std_200_40k,fxRatesSgd,2026-09-21T07:00:12,2026-09-21T07:00:12,2026-09-21T18:15:10.580977+00:00,0.7453,0.7199,0.7304,0.7326,MAS,2.0399780941949497,1.4375684556407535
standardized,ocbc,NZD,SGD,NZD/SGD,1,"SGD 40,000 – 100,000",tier_2,"SGD 40,000 – 100,000",std_40k_100k,fxRatesSgd,2026-09-21T07:00:12,2026-09-21T07:00:12,2026-09-21T18:15:10.580977+00:00,0.7434,0.7221,0.7304,0.7326,MAS,1.779846659364718,1.136363636363648
standardized,ocbc,NZD,SGD,NZD/SGD,1,"SGD 0 – 39,999.99",tier_1,SGD 50 – 200,std_50_200,fxRatesSgd,2026-09-21T07:00:12,2026-09-21T07:00:12,2026-09-21T18:15:10.580977+00:00,0.7453,0.7199,0.7304,0.7326,MAS,2.0399780941949497,1.4375684556407535
standardized,ocbc,NZD,SGD,NZD/SGD,1,"SGD 0 – 39,999.99",tier_1,SGD < 50,std_lt_50,fxRatesSgd,2026-09-21T07:00:12,2026-09-21T07:00:12,2026-09-21T18:15:10.580977+00:00,0.7453,0.7199,0.7304,0.7326,MAS,2.0399780941949497,1.4375684556407535
standardized,ocbc,OMR,SGD,OMR/SGD,1,"SGD 0 – 39,999.99",tier_1,"SGD 200 – 39,999.99",std_200_40k,fxRatesSgd,2026-09-21T07:00:12,2026-09-21T07:00:12,2026-09-21T18:15:10.580977+00:00,0.0,0.0,,0.0,,,
standardized,ocbc,OMR,SGD,OMR/SGD,1,"SGD 40,000 – 100,000",tier_2,"SGD 40,000 – 100,000",std_40k_100k,fxRatesSgd,2026-09-21T07:00:12,2026-09-21T07:00:12,2026-09-21T18:15:10.580977+00:00,0.0,0.0,,0.0,,,
standardized,ocbc,OMR,SGD,OMR/SGD,1,"SGD 0 – 39,999.99",tier_1,SGD 50 – 200,std_50_200,fxRatesSgd,2026-09-21T07:00:12,2026-09-21T07:00:12,2026-09-21T18:15:10.580977+00:00,0.0,0.0,,0.0,,,
standardized,ocbc,OMR,SGD,OMR/SGD,1,"SGD 0 – 39,999.99",tier_1,SGD < 50,std_lt_50,fxRatesSgd,2026-09-21T07:00:12,2026-09-21T07:00:12,2026-09-21T18:15:10.580977+00:00,0.0,0.0,,0.0,,,
standardized,ocbc,PHP,SGD,PHP/SGD,100,"SGD 0 – 39,999.99",tier_1,"SGD 200 – 39,999.99",std_200_40k,fxRatesSgd,2026-09-21T07:00:12,2026-09-21T07:00:12,2026-09-21T18:15:10.580977+00:00,2.0953,0.0,2.0307,2.0953,MAS,3.181169055005663,100.0
standardized,ocbc,PHP,SGD,PHP/SGD,100,"SGD 40,000 – 100,000",tier_2,"SGD 40,000 – 100,000",std_40k_100k,fxRatesSgd,2026-09-21T07:00:12,2026-09-21T07:00:12,2026-09-21T18:15:10.580977+00:00,2.0943,0.0,2.0307,2.0953,MAS,3.1319249519870045,100.0
standardized,ocbc,PHP,SGD,PHP/SGD,100,"SGD 0 – 39,999.99",tier_1,SGD 50 – 200,std_50_200,fxRatesSgd,2026-09-21T07:00:12,2026-09-21T07:00:12,2026-09-21T18:15:10.580977+00:00,2.0953,0.0,2.0307,2.0953,MAS,3.181169055005663,100.0
standardized,ocbc,PHP,SGD,PHP/SGD,100,"SGD 0 – 39,999.99",tier_1,SGD < 50,std_lt_50,fxRatesSgd,2026-09-21T07:00:12,2026-09-21T07:00:12,2026-09-21T18:15:10.580977+00:00,2.0953,0.0,2.0307,2.0953,MAS,3.181169055005663,100.0
standardized,ocbc,PLN,SGD,PLN/SGD,100,"SGD 0 – 39,999.99",tier_1,"SGD 200 – 39,999.99",std_200_40k,fxRatesSgd,2026-09-21T07:00:12,2026-09-21T07:00:12,2026-09-21T18:15:10.580977+00:00,34.6153,32.3633,,33.4893,,,
standardized,ocbc,PLN,SGD,PLN/SGD,100,"SGD 40,000 – 100,000",tier_2,"SGD 40,000 – 100,000",std_40k_100k,fxRatesSgd,2026-09-21T07:00:12,2026-09-21T07:00:12,2026-09-21T18:15:10.580977+00:00,34.5983,32.3896,,33.4893,,,
standardized,ocbc,PLN,SGD,PLN/SGD,100,"SGD 0 – 39,999.99",tier_1,SGD 50 – 200,std_50_200,fxRatesSgd,2026-09-21T07:00:12,2026-09-21T07:00:12,2026-09-21T18:15:10.580977+00:00,34.6153,32.3633,,33.4893,,,
standardized,ocbc,PLN,SGD,PLN/SGD,100,"SGD 0 – 39,999.99",tier_1,SGD < 50,std_lt_50,fxRatesSgd,2026-09-21T07:00:12,2026-09-21T07:00:12,2026-09-21T18:15:10.580977+00:00,34.6153,32.3633,,33.4893,,,
standardized,ocbc,QAR,SGD,QAR/SGD,100,"SGD 0 – 39,999.99",tier_1,"SGD 200 – 39,999.99",std_200_40k,fxRatesSgd,2026-09-21T07:00:12,2026-09-21T07:00:12,2026-09-21T18:15:10.580977+00:00,35.995,33.9362,35.0,34.9656,MAS,2.8428571428571354,3.039428571428573
standardized,ocbc,QAR,SGD,QAR/SGD,100,"SGD 40,000 – 100,000",tier_2,"SGD 40,000 – 100,000",std_40k_100k,fxRatesSgd,2026-09-21T07:00:12,2026-09-21T07:00:12,2026-09-21T18:15:10.580977+00:00,35.9736,33.9535,35.0,34.9656,MAS,2.7817142857142785,2.990000000000005
standardized,ocbc,QAR,SGD,QAR/SGD,100,"SGD 0 – 39,999.99",tier_1,SGD 50 – 200,std_50_200,fxRatesSgd,2026-09-21T07:00:12,2026-09-21T07:00:12,2026-09-21T18:15:10.580977+00:00,35.995,33.9362,35.0,34.9656,MAS,2.8428571428571354,3.039428571428573
standardized,ocbc,QAR,SGD,QAR/SGD,100,"SGD 0 – 39,999.99",tier_1,SGD < 50,std_lt_50,fxRatesSgd,2026-09-21T07:00:12,2026-09-21T07:00:12,2026-09-21T18:15:10.580977+00:00,35.995,33.9362,35.0,34.9656,MAS,2.8428571428571354,3.039428571428573
standardized,ocbc,RON,SGD,RON/SGD,100,"SGD 0 – 39,999.99",tier_1,"SGD 200 – 39,999.99",std_200_40k,fxRatesSgd,2026-09-21T07:00:12,2026-09-21T07:00:12,2026-09-21T18:15:10.580977+00:00,0.0,0.0,,0.0,,,
standardized,ocbc,RON,SGD,RON/SGD,100,"SGD 40,000 – 100,000",tier_2,"SGD 40,000 – 100,000",std_40k_100k,fxRatesSgd,2026-09-21T07:00:12,2026-09-21T07:00:12,2026-09-21T18:15:10.580977+00:00,0.0,0.0,,0.0,,,
standardized,ocbc,RON,SGD,RON/SGD,100,"SGD 0 – 39,999.99",tier_1,SGD 50 – 200,std_50_200,fxRatesSgd,2026-09-21T07:00:12,2026-09-21T07:00:12,2026-09-21T18:15:10.580977+00:00,0.0,0.0,,0.0,,,
standardized,ocbc,RON,SGD,RON/SGD,100,"SGD 0 – 39,999.99",tier_1,SGD < 50,std_lt_50,fxRatesSgd,2026-09-21T07:00:12,2026-09-21T07:00:12,2026-09-21T18:15:10.580977+00:00,0.0,0.0,,0.0,,,
standardized,ocbc,RUB,SGD,RUB/SGD,100,"SGD 0 – 39,999.99",tier_1,"SGD 200 – 39,999.99",std_200_40k,fxRatesSgd,2026-09-21T07:00:12,2026-09-21T07:00:12,2026-09-21T18:15:10.580977+00:00,0.0,0.0,,0.0,,,
standardized,ocbc,RUB,SGD,RUB/SGD,100,"SGD 40,000 – 100,000",tier_2,"SGD 40,000 – 100,000",std_40k_100k,fxRatesSgd,2026-09-21T07:00:12,2026-09-21T07:00:12,2026-09-21T18:15:10.580977+00:00,0.0,0.0,,0.0,,,
standardized,ocbc,RUB,SGD,RUB/SGD,100,"SGD 0 – 39,999.99",tier_1,SGD 50 – 200,std_50_200,fxRatesSgd,2026-09-21T07:00:12,2026-09-21T07:00:12,2026-09-21T18:15:10.580977+00:00,0.0,0.0,,0.0,,,
standardized,ocbc,RUB,SGD,RUB/SGD,100,"SGD 0 – 39,999.99",tier_1,SGD < 50,std_lt_50,fxRatesSgd,2026-09-21T07:00:12,2026-09-21T07:00:12,2026-09-21T18:15:10.580977+00:00,0.0,0.0,,0.0,,,
standardized,ocbc,SAR,SGD,SAR/SGD,100,"SGD 0 – 39,999.99",tier_1,"SGD 200 – 39,999.99",std_200_40k,fxRatesSgd,2026-09-21T07:00:12,2026-09-21T07:00:12,2026-09-21T18:15:10.580977+00:00,34.9051,32.9833,33.96,33.9442,MAS,2.7829799764428635,2.8760306242638425
standardized,ocbc,SAR,SGD,SAR/SGD,100,"SGD 40,000 – 100,000",tier_2,"SGD 40,000 – 100,000",std_40k_100k,fxRatesSgd,2026-09-21T07:00:12,2026-09-21T07:00:12,2026-09-21T18:15:10.580977+00:00,34.8879,33.0,33.96,33.9442,MAS,2.732332155477035,2.826855123674914
standardized,ocbc,SAR,SGD,SAR/SGD,100,"SGD 0 – 39,999.99",tier_1,SGD 50 – 200,std_50_200,fxRatesSgd,2026-09-21T07:00:12,2026-09-21T07:00:12,2026-09-21T18:15:10.580977+00:00,34.9051,32.9833,33.96,33.9442,MAS,2.7829799764428635,2.8760306242638425
standardized,ocbc,SAR,SGD,SAR/SGD,100,"SGD 0 – 39,999.99",tier_1,SGD < 50,std_lt_50,fxRatesSgd,2026-09-21T07:00:12,2026-09-21T07:00:12,2026-09-21T18:15:10.580977+00:00,34.9051,32.9833,33.96,33.9442,MAS,2.7829799764428635,2.8760306242638425
standardized,ocbc,SEK,SGD,SEK/SGD,100,"SGD 0 – 39,999.99",tier_1,"SGD 200 – 39,999.99",std_200_40k,fxRatesSgd,2026-09-21T07:00:12,2026-09-21T07:00:12,2026-09-21T18:15:10.580977+00:00,13.2114,12.7396,,12.9755,,,
standardized,ocbc,SEK,SGD,SEK/SGD,100,"SGD 40,000 – 100,000",tier_2,"SGD 40,000 – 100,000",std_40k_100k,fxRatesSgd,2026-09-21T07:00:12,2026-09-21T07:00:12,2026-09-21T18:15:10.580977+00:00,13.1855,12.7655,,12.9755,,,
standardized,ocbc,SEK,SGD,SEK/SGD,100,"SGD 0 – 39,999.99",tier_1,SGD 50 – 200,std_50_200,fxRatesSgd,2026-09-21T07:00:12,2026-09-21T07:00:12,2026-09-21T18:15:10.580977+00:00,13.2114,12.7396,,12.9755,,,
standardized,ocbc,SEK,SGD,SEK/SGD,100,"SGD 0 – 39,999.99",tier_1,SGD < 50,std_lt_50,fxRatesSgd,2026-09-21T07:00:12,2026-09-21T07:00:12,2026-09-21T18:15:10.580977+00:00,13.2114,12.7396,,12.9755,,,
standardized,ocbc,THB,SGD,THB/SGD,100,"SGD 0 – 39,999.99",tier_1,"SGD 200 – 39,999.99",std_200_40k,fxRatesSgd,2026-09-21T07:00:12,2026-09-21T07:00:12,2026-09-21T18:15:10.580977+00:00,3.9408,3.7246,3.8324,3.8327,MAS,2.8285147688132777,2.812858783008028
standardized,ocbc,THB,SGD,THB/SGD,100,"SGD 40,000 – 100,000",tier_2,"SGD 40,000 – 100,000",std_40k_100k,fxRatesSgd,2026-09-21T07:00:12,2026-09-21T07:00:12,2026-09-21T18:15:10.580977+00:00,3.9331,3.7323,3.8324,3.8327,MAS,2.6275962843127085,2.6119402985074593
standardized,ocbc,THB,SGD,THB/SGD,100,"SGD 0 – 39,999.99",tier_1,SGD 50 – 200,std_50_200,fxRatesSgd,2026-09-21T07:00:12,2026-09-21T07:00:12,2026-09-21T18:15:10.580977+00:00,3.9408,3.7246,3.8324,3.8327,MAS,2.8285147688132777,2.812858783008028
standardized,ocbc,THB,SGD,THB/SGD,100,"SGD 0 – 39,999.99",tier_1,SGD < 50,std_lt_50,fxRatesSgd,2026-09-21T07:00:12,2026-09-21T07:00:12,2026-09-21T18:15:10.580977+00:00,3.9408,3.7246,3.8324,3.8327,MAS,2.8285147688132777,2.812858783008028
standardized,ocbc,TRY,SGD,TRY/SGD,100,"SGD 0 – 39,999.99",tier_1,"SGD 200 – 39,999.99",std_200_40k,fxRatesSgd,2026-09-21T07:00:12,2026-09-21T07:00:12,2026-09-21T18:15:10.580977+00:00,2.6851,2.5721,,2.6286,,,
standardized,ocbc,TRY,SGD,TRY/SGD,100,"SGD 40,000 – 100,000",tier_2,"SGD 40,000 – 100,000",std_40k_100k,fxRatesSgd,2026-09-21T07:00:12,2026-09-21T07:00:12,2026-09-21T18:15:10.580977+00:00,2.6838,2.5723,,2.6286,,,
standardized,ocbc,TRY,SGD,TRY/SGD,100,"SGD 0 – 39,999.99",tier_1,SGD 50 – 200,std_50_200,fxRatesSgd,2026-09-21T07:00:12,2026-09-21T07:00:12,2026-09-21T18:15:10.580977+00:00,2.6851,2.5721,,2.6286,,,
standardized,ocbc,TRY,SGD,TRY/SGD,100,"SGD 0 – 39,999.99",tier_1,SGD < 50,std_lt_50,fxRatesSgd,2026-09-21T07:00:12,2026-09-21T07:00:12,2026-09-21T18:15:10.580977+00:00,2.6851,2.5721,,2.6286,,,
standardized,ocbc,TWD,SGD,TWD/SGD,100,"SGD 0 – 39,999.99",tier_1,"SGD 200 – 39,999.99",std_200_40k,fxRatesSgd,2026-09-21T07:00:12,2026-09-21T07:00:12,2026-09-21T18:15:10.580977+00:00,4.1621,0.0,4.0121,4.1621,MAS,3.7386904613543894,100.0
standardized,ocbc,TWD,SGD,TWD/SGD,100,"SGD 40,000 – 100,000",tier_2,"SGD 40,000 – 100,000",std_40k_100k,fxRatesSgd,2026-09-21T07:00:12,2026-09-21T07:00:12,2026-09-21T18:15:10.580977+00:00,0.0,0.0,4.0121,4.1621,MAS,-100.0,100.0
standardized,ocbc,TWD,SGD,TWD/SGD,100,"SGD 0 – 39,999.99",tier_1,SGD 50 – 200,std_50_200,fxRatesSgd,2026-09-21T07:00:12,2026-09-21T07:00:12,2026-09-21T18:15:10.580977+00:00,4.1621,0.0,4.0121,4.1621,MAS,3.7386904613543894,100.0
standardized,ocbc,TWD,SGD,TWD/SGD,100,"SGD 0 – 39,999.99",tier_1,SGD < 50,std_lt_50,fxRatesSgd,2026-09-21T07:00:12,2026-09-21T07:00:12,2026-09-21T18:15:10.580977+00:00,4.1621,0.0,4.0121,4.1621,MAS,3.7386904613543894,100.0
standardized,ocbc,USD,SGD,USD/SGD,1,"SGD 0 – 39,999.99",tier_1,"SGD 200 – 39,999.99",std_200_40k,fxRatesSgd,2026-09-21T07:00:12,2026-09-21T07:00:12,2026-09-21T18:15:10.580977+00:00,1.2876,1.2633,1.2756,1.2755,MAS,0.9407337723424278,0.9642521166509859
standardized,ocbc,USD,SGD,USD/SGD,1,"SGD 40,000 – 100,000",tier_2,"SGD 40,000 – 100,000",std_40k_100k,fxRatesSgd,2026-09-21T07:00:12,2026-09-21T07:00:12,2026-09-21T18:15:10.580977+00:00,1.2864,1.2656,1.2756,1.2755,MAS,0.846660395108178,0.7839448102853565
standardized,ocbc,USD,SGD,USD/SGD,1,"SGD 0 – 39,999.99",tier_1,SGD 50 – 200,std_50_200,fxRatesSgd,2026-09-21T07:00:12,2026-09-21T07:00:12,2026-09-21T18:15:10.580977+00:00,1.2876,1.2633,1.2756,1.2755,MAS,0.9407337723424278,0.9642521166509859
standardized,ocbc,USD,SGD,USD/SGD,1,"SGD 0 – 39,999.99",tier_1,SGD < 50,std_lt_50,fxRatesSgd,2026-09-21T07:00:12,2026-09-21T07:00:12,2026-09-21T18:15:10.580977+00:00,1.2876,1.2633,1.2756,1.2755,MAS,0.9407337723424278,0.9642521166509859
standardized,ocbc,ZAR,SGD,ZAR/SGD,100,"SGD 0 – 39,999.99",tier_1,"SGD 200 – 39,999.99",std_200_40k,fxRatesSgd,2026-09-21T07:00:12,2026-09-21T07:00:12,2026-09-21T18:15:10.580977+00:00,8.0779,7.6031,,7.8405,,,
standardized,ocbc,ZAR,SGD,ZAR/SGD,100,"SGD 40,000 – 100,000",tier_2,"SGD 40,000 – 100,000",std_40k_100k,fxRatesSgd,2026-09-21T07:00:12,2026-09-21T07:00:12,2026-09-21T18:15:10.580977+00:00,8.074,7.607,,7.8405,,,
standardized,ocbc,ZAR,SGD,ZAR/SGD,100,"SGD 0 – 39,999.99",tier_1,SGD 50 – 200,std_50_200,fxRatesSgd,2026-09-21T07:00:12,2026-09-21T07:00:12,2026-09-21T18:15:10.580977+00:00,8.0779,7.6031,,7.8405,,,
standardized,ocbc,ZAR,SGD,ZAR/SGD,100,"SGD 0 – 39,999.99",tier_1,SGD < 50,std_lt_50,fxRatesSgd,2026-09-21T07:00:12,2026-09-21T07:00:12,2026-09-21T18:15:10.580977+00:00,8.0779,7.6031,,7.8405,,,
standardized,uob,AED,SGD,AED/SGD,100,Indicative board,board,"SGD 200 – 39,999.99",std_200_40k,forex_sgd,21 September 2026 05:40:56 PM,21 September 2026 05:40:56 PM,2026-09-21T18:15:11.950481+00:00,35.59,33.89,34.73,34.74,MAS,2.476245321048104,2.4186582205585845
standardized,uob,AED,SGD,AED/SGD,100,Indicative board,board,"SGD 40,000 – 100,000",std_40k_100k,forex_sgd,21 September 2026 05:40:56 PM,21 September 2026 05:40:56 PM,2026-09-21T18:15:11.950481+00:00,35.59,33.89,34.73,34.74,MAS,2.476245321048104,2.4186582205585845
standardized,uob,AED,SGD,AED/SGD,100,Indicative board,board,SGD 50 – 200,std_50_200,forex_sgd,21 September 2026 05:40:56 PM,21 September 2026 05:40:56 PM,2026-09-21T18:15:11.950481+00:00,35.59,33.89,34.73,34.74,MAS,2.476245321048104,2.4186582205585845
standardized,uob,AED,SGD,AED/SGD,100,Indicative board,board,SGD < 50,std_lt_50,forex_sgd,21 September 2026 05:40:56 PM,21 September 2026 05:40:56 PM,2026-09-21T18:15:11.950481+00:00,35.59,33.89,34.73,34.74,MAS,2.476245321048104,2.4186582205585845
standardized,uob,AOA,SGD,AOA/SGD,100,Indicative board,board,"SGD 200 – 39,999.99",std_200_40k,forex_sgd,21 September 2026 05:40:56 PM,21 September 2026 05:40:56 PM,2026-09-21T18:15:11.950481+00:00,0.1435,,,,,,
standardized,uob,AOA,SGD,AOA/SGD,100,Indicative board,board,"SGD 40,000 – 100,000",std_40k_100k,forex_sgd,21 September 2026 05:40:56 PM,21 September 2026 05:40:56 PM,2026-09-21T18:15:11.950481+00:00,0.1435,,,,,,
standardized,uob,AOA,SGD,AOA/SGD,100,Indicative board,board,SGD 50 – 200,std_50_200,forex_sgd,21 September 2026 05:40:56 PM,21 September 2026 05:40:56 PM,2026-09-21T18:15:11.950481+00:00,0.1435,,,,,,
standardized,uob,AOA,SGD,AOA/SGD,100,Indicative board,board,SGD < 50,std_lt_50,forex_sgd,21 September 2026 05:40:56 PM,21 September 2026 05:40:56 PM,2026-09-21T18:15:11.950481+00:00,0.1435,,,,,,
standardized,uob,AUD,SGD,AUD/SGD,1,Indicative board,board,"SGD 200 – 39,999.99",std_200_40k,forex_sgd,21 September 2026 05:40:56 PM,21 September 2026 05:40:56 PM,2026-09-21T18:15:11.950481+00:00,0.9251,0.8941,0.9091,0.9096,MAS,1.7599824001759998,1.6499835001649996
standardized,uob,AUD,SGD,AUD/SGD,1,Indicative board,board,"SGD 40,000 – 100,000",std_40k_100k,forex_sgd,21 September 2026 05:40:56 PM,21 September 2026 05:40:56 PM,2026-09-21T18:15:11.950481+00:00,0.9251,0.8941,0.9091,0.9096,MAS,1.7599824001759998,1.6499835001649996
standardized,uob,AUD,SGD,AUD/SGD,1,Indicative board,board,SGD 50 – 200,std_50_200,forex_sgd,21 September 2026 05:40:56 PM,21 September 2026 05:40:56 PM,2026-09-21T18:15:11.950481+00:00,0.9251,0.8941,0.9091,0.9096,MAS,1.7599824001759998,1.6499835001649996
standardized,uob,AUD,SGD,AUD/SGD,1,Indicative board,board,SGD < 50,std_lt_50,forex_sgd,21 September 2026 05:40:56 PM,21 September 2026 05:40:56 PM,2026-09-21T18:15:11.950481+00:00,0.9251,0.8941,0.9091,0.9096,MAS,1.7599824001759998,1.6499835001649996
standardized,uob,BDT,SGD,BDT/SGD,100,Indicative board,board,"SGD 200 – 39,999.99",std_200_40k,forex_sgd,21 September 2026 05:40:56 PM,21 September 2026 05:40:56 PM,2026-09-21T18:15:11.950481+00:00,1.0683,,,,,,
standardized,uob,BDT,SGD,BDT/SGD,100,Indicative board,board,"SGD 40,000 – 100,000",std_40k_100k,forex_sgd,21 September 2026 05:40:56 PM,21 September 2026 05:40:56 PM,2026-09-21T18:15:11.950481+00:00,1.0683,,,,,,
standardized,uob,BDT,SGD,BDT/SGD,100,Indicative board,board,SGD 50 – 200,std_50_200,forex_sgd,21 September 2026 05:40:56 PM,21 September 2026 05:40:56 PM,2026-09-21T18:15:11.950481+00:00,1.0683,,,,,,
standardized,uob,BDT,SGD,BDT/SGD,100,Indicative board,board,SGD < 50,std_lt_50,forex_sgd,21 September 2026 05:40:56 PM,21 September 2026 05:40:56 PM,2026-09-21T18:15:11.950481+00:00,1.0683,,,,,,
standardized,uob,BND,SGD,BND/SGD,1,Indicative board,board,"SGD 200 – 39,999.99",std_200_40k,forex_sgd,21 September 2026 05:40:56 PM,21 September 2026 05:40:56 PM,2026-09-21T18:15:11.950481+00:00,1.0,1.0,,1.0,,,
standardized,uob,BND,SGD,BND/SGD,1,Indicative board,board,"SGD 40,000 – 100,000",std_40k_100k,forex_sgd,21 September 2026 05:40:56 PM,21 September 2026 05:40:56 PM,2026-09-21T18:15:11.950481+00:00,1.0,1.0,,1.0,,,
standardized,uob,BND,SGD,BND/SGD,1,Indicative board,board,SGD 50 – 200,std_50_200,forex_sgd,21 September 2026 05:40:56 PM,21 September 2026 05:40:56 PM,2026-09-21T18:15:11.950481+00:00,1.0,1.0,,1.0,,,
standardized,uob,BND,SGD,BND/SGD,1,Indicative board,board,SGD < 50,std_lt_50,forex_sgd,21 September 2026 05:40:56 PM,21 September 2026 05:40:56 PM,2026-09-21T18:15:11.950481+00:00,1.0,1.0,,1.0,,,
standardized,uob,CAD,SGD,CAD/SGD,1,Indicative board,board,"SGD 200 – 39,999.99",std_200_40k,forex_sgd,21 September 2026 05:40:56 PM,21 September 2026 05:40:56 PM,2026-09-21T18:15:11.950481+00:00,0.9202,0.9002,0.9109,0.9102,MAS,1.0209682731364558,1.1746624217806612
standardized,uob,CAD,SGD,CAD/SGD,1,Indicative board,board,"SGD 40,000 – 100,000",std_40k_100k,forex_sgd,21 September 2026 05:40:56 PM,21 September 2026 05:40:56 PM,2026-09-21T18:15:11.950481+00:00,0.9202,0.9002,0.9109,0.9102,MAS,1.0209682731364558,1.1746624217806612
standardized,uob,CAD,SGD,CAD/SGD,1,Indicative board,board,SGD 50 – 200,std_50_200,forex_sgd,21 September 2026 05:40:56 PM,21 September 2026 05:40:56 PM,2026-09-21T18:15:11.950481+00:00,0.9202,0.9002,0.9109,0.9102,MAS,1.0209682731364558,1.1746624217806612
standardized,uob,CAD,SGD,CAD/SGD,1,Indicative board,board,SGD < 50,std_lt_50,forex_sgd,21 September 2026 05:40:56 PM,21 September 2026 05:40:56 PM,2026-09-21T18:15:11.950481+00:00,0.9202,0.9002,0.9109,0.9102,MAS,1.0209682731364558,1.1746624217806612
standardized,uob,CHF,SGD,CHF/SGD,100,Indicative board,board,"SGD 200 – 39,999.99",std_200_40k,forex_sgd,21 September 2026 05:40:56 PM,21 September 2026 05:40:56 PM,2026-09-21T18:15:11.950481+00:00,156.66,153.36,154.99,155.01,MAS,1.0774888702496854,1.0516807535970032
standardized,uob,CHF,SGD,CHF/SGD,100,Indicative board,board,"SGD 40,000 – 100,000",std_40k_100k,forex_sgd,21 September 2026 05:40:56 PM,21 September 2026 05:40:56 PM,2026-09-21T18:15:11.950481+00:00,156.66,153.36,154.99,155.01,MAS,1.0774888702496854,1.0516807535970032
standardized,uob,CHF,SGD,CHF/SGD,100,Indicative board,board,SGD 50 – 200,std_50_200,forex_sgd,21 September 2026 05:40:56 PM,21 September 2026 05:40:56 PM,2026-09-21T18:15:11.950481+00:00,156.66,153.36,154.99,155.01,MAS,1.0774888702496854,1.0516807535970032
standardized,uob,CHF,SGD,CHF/SGD,100,Indicative board,board,SGD < 50,std_lt_50,forex_sgd,21 September 2026 05:40:56 PM,21 September 2026 05:40:56 PM,2026-09-21T18:15:11.950481+00:00,156.66,153.36,154.99,155.01,MAS,1.0774888702496854,1.0516807535970032
standardized,uob,CNH,SGD,CNH/SGD,100,Indicative board,board,"SGD 200 – 39,999.99",std_200_40k,forex_sgd,21 September 2026 05:40:56 PM,21 September 2026 05:40:56 PM,2026-09-21T18:15:11.950481+00:00,19.29,18.83,,19.06,,,
standardized,uob,CNH,SGD,CNH/SGD,100,Indicative board,board,"SGD 40,000 – 100,000",std_40k_100k,forex_sgd,21 September 2026 05:40:56 PM,21 September 2026 05:40:56 PM,2026-09-21T18:15:11.950481+00:00,19.29,18.83,,19.06,,,
standardized,uob,CNH,SGD,CNH/SGD,100,Indicative board,board,SGD 50 – 200,std_50_200,forex_sgd,21 September 2026 05:40:56 PM,21 September 2026 05:40:56 PM,2026-09-21T18:15:11.950481+00:00,19.29,18.83,,19.06,,,
standardized,uob,CNH,SGD,CNH/SGD,100,Indicative board,board,SGD < 50,std_lt_50,forex_sgd,21 September 2026 05:40:56 PM,21 September 2026 05:40:56 PM,2026-09-21T18:15:11.950481+00:00,19.29,18.83,,19.06,,,
standardized,uob,DKK,SGD,DKK/SGD,100,Indicative board,board,"SGD 200 – 39,999.99",std_200_40k,forex_sgd,21 September 2026 05:40:56 PM,21 September 2026 05:40:56 PM,2026-09-21T18:15:11.950481+00:00,19.94,19.24,,19.59,,,
standardized,uob,DKK,SGD,DKK/SGD,100,Indicative board,board,"SGD 40,000 – 100,000",std_40k_100k,forex_sgd,21 September 2026 05:40:56 PM,21 September 2026 05:40:56 PM,2026-09-21T18:15:11.950481+00:00,19.94,19.24,,19.59,,,
standardized,uob,DKK,SGD,DKK/SGD,100,Indicative board,board,SGD 50 – 200,std_50_200,forex_sgd,21 September 2026 05:40:56 PM,21 September 2026 05:40:56 PM,2026-09-21T18:15:11.950481+00:00,19.94,19.24,,19.59,,,
standardized,uob,DKK,SGD,DKK/SGD,100,Indicative board,board,SGD < 50,std_lt_50,forex_sgd,21 September 2026 05:40:56 PM,21 September 2026 05:40:56 PM,2026-09-21T18:15:11.950481+00:00,19.94,19.24,,19.59,,,
standardized,uob,EGP,SGD,EGP/SGD,100,Indicative board,board,"SGD 200 – 39,999.99",std_200_40k,forex_sgd,21 September 2026 05:40:56 PM,21 September 2026 05:40:56 PM,2026-09-21T18:15:11.950481+00:00,2.5231,,,,,,
standardized,uob,EGP,SGD,EGP/SGD,100,Indicative board,board,"SGD 40,000 – 100,000",std_40k_100k,forex_sgd,21 September 2026 05:40:56 PM,21 September 2026 05:40:56 PM,2026-09-21T18:15:11.950481+00:00,2.5231,,,,,,
standardized,uob,EGP,SGD,EGP/SGD,100,Indicative board,board,SGD 50 – 200,std_50_200,forex_sgd,21 September 2026 05:40:56 PM,21 September 2026 05:40:56 PM,2026-09-21T18:15:11.950481+00:00,2.5231,,,,,,
standardized,uob,EGP,SGD,EGP/SGD,100,Indicative board,board,SGD < 50,std_lt_50,forex_sgd,21 September 2026 05:40:56 PM,21 September 2026 05:40:56 PM,2026-09-21T18:15:11.950481+00:00,2.5231,,,,,,
standardized,uob,EUR,SGD,EUR/SGD,1,Indicative board,board,"SGD 200 – 39,999.99",std_200_40k,forex_sgd,21 September 2026 05:40:56 PM,21 September 2026 05:40:56 PM,2026-09-21T18:15:11.950481+00:00,1.4834,1.4454,1.4638,1.4644,MAS,1.3389807350731018,1.2570023227216813
standardized,uob,EUR,SGD,EUR/SGD,1,Indicative board,board,"SGD 40,000 – 100,000",std_40k_100k,forex_sgd,21 September 2026 05:40:56 PM,21 September 2026 05:40:56 PM,2026-09-21T18:15:11.950481+00:00,1.4834,1.4454,1.4638,1.4644,MAS,1.3389807350731018,1.2570023227216813
standardized,uob,EUR,SGD,EUR/SGD,1,Indicative board,board,SGD 50 – 200,std_50_200,forex_sgd,21 September 2026 05:40:56 PM,21 September 2026 05:40:56 PM,2026-09-21T18:15:11.950481+00:00,1.4834,1.4454,1.4638,1.4644,MAS,1.3389807350731018,1.2570023227216813
standardized,uob,EUR,SGD,EUR/SGD,1,Indicative board,board,SGD < 50,std_lt_50,forex_sgd,21 September 2026 05:40:56 PM,21 September 2026 05:40:56 PM,2026-09-21T18:15:11.950481+00:00,1.4834,1.4454,1.4638,1.4644,MAS,1.3389807350731018,1.2570023227216813
standardized,uob,GBP,SGD,GBP/SGD,1,Indicative board,board,"SGD 200 – 39,999.99",std_200_40k,forex_sgd,21 September 2026 05:40:56 PM,21 September 2026 05:40:56 PM,2026-09-21T18:15:11.950481+00:00,1.7302,1.6852,1.7071,1.7077,MAS,1.3531720461601486,1.282877394411577
standardized,uob,GBP,SGD,GBP/SGD,1,Indicative board,board,"SGD 40,000 – 100,000",std_40k_100k,forex_sgd,21 September 2026 05:40:56 PM,21 September 2026 05:40:56 PM,2026-09-21T18:15:11.950481+00:00,1.7302,1.6852,1.7071,1.7077,MAS,1.3531720461601486,1.282877394411577
standardized,uob,GBP,SGD,GBP/SGD,1,Indicative board,board,SGD 50 – 200,std_50_200,forex_sgd,21 September 2026 05:40:56 PM,21 September 2026 05:40:56 PM,2026-09-21T18:15:11.950481+00:00,1.7302,1.6852,1.7071,1.7077,MAS,1.3531720461601486,1.282877394411577
standardized,uob,GBP,SGD,GBP/SGD,1,Indicative board,board,SGD < 50,std_lt_50,forex_sgd,21 September 2026 05:40:56 PM,21 September 2026 05:40:56 PM,2026-09-21T18:15:11.950481+00:00,1.7302,1.6852,1.7071,1.7077,MAS,1.3531720461601486,1.282877394411577
standardized,uob,HKD,SGD,HKD/SGD,100,Indicative board,board,"SGD 200 – 39,999.99",std_200_40k,forex_sgd,21 September 2026 05:40:56 PM,21 September 2026 05:40:56 PM,2026-09-21T18:15:11.950481+00:00,16.439,16.081,16.26,16.259999999999998,MAS,1.1008610086100767,1.1008610086100985
standardized,uob,HKD,SGD,HKD/SGD,100,Indicative board,board,"SGD 40,000 – 100,000",std_40k_100k,forex_sgd,21 September 2026 05:40:56 PM,21 September 2026 05:40:56 PM,2026-09-21T18:15:11.950481+00:00,16.439,16.081,16.26,16.259999999999998,MAS,1.1008610086100767,1.1008610086100985
standardized,uob,HKD,SGD,HKD/SGD,100,Indicative board,board,SGD 50 – 200,std_50_200,forex_sgd,21 September 2026 05:40:56 PM,21 September 2026 05:40:56 PM,2026-09-21T18:15:11.950481+00:00,16.439,16.081,16.26,16.259999999999998,MAS,1.1008610086100767,1.1008610086100985
standardized,uob,HKD,SGD,HKD/SGD,100,Indicative board,board,SGD < 50,std_lt_50,forex_sgd,21 September 2026 05:40:56 PM,21 September 2026 05:40:56 PM,2026-09-21T18:15:11.950481+00:00,16.439,16.081,16.26,16.259999999999998,MAS,1.1008610086100767,1.1008610086100985
standardized,uob,INR,SGD,INR/SGD,100,Indicative board,board,"SGD 200 – 39,999.99",std_200_40k,forex_sgd,21 September 2026 05:40:56 PM,21 September 2026 05:40:56 PM,2026-09-21T18:15:11.950481+00:00,1.3687,,1.3325,,MAS,2.716697936210132,
standardized,uob,INR,SGD,INR/SGD,100,Indicative board,board,"SGD 40,000 – 100,000",std_40k_100k,forex_sgd,21 September 2026 05:40:56 PM,21 September 2026 05:40:56 PM,2026-09-21T18:15:11.950481+00:00,1.3687,,1.3325,,MAS,2.716697936210132,
standardized,uob,INR,SGD,INR/SGD,100,Indicative board,board,SGD 50 – 200,std_50_200,forex_sgd,21 September 2026 05:40:56 PM,21 September 2026 05:40:56 PM,2026-09-21T18:15:11.950481+00:00,1.3687,,1.3325,,MAS,2.716697936210132,
standardized,uob,INR,SGD,INR/SGD,100,Indicative board,board,SGD < 50,std_lt_50,forex_sgd,21 September 2026 05:40:56 PM,21 September 2026 05:40:56 PM,2026-09-21T18:15:11.950481+00:00,1.3687,,1.3325,,MAS,2.716697936210132,
standardized,uob,JPY,SGD,JPY/SGD,100,Indicative board,board,"SGD 200 – 39,999.99",std_200_40k,forex_sgd,21 September 2026 05:40:56 PM,21 September 2026 05:40:56 PM,2026-09-21T18:15:11.950481+00:00,0.8284,0.7944,0.8127000000000001,0.8114,MAS,1.9318321643902958,2.2517534145441234
standardized,uob,JPY,SGD,JPY/SGD,100,Indicative board,board,"SGD 40,000 – 100,000",std_40k_100k,forex_sgd,21 September 2026 05:40:56 PM,21 September 2026 05:40:56 PM,2026-09-21T18:15:11.950481+00:00,0.8284,0.7944,0.8127000000000001,0.8114,MAS,1.9318321643902958,2.2517534145441234
standardized,uob,JPY,SGD,JPY/SGD,100,Indicative board,board,SGD 50 – 200,std_50_200,forex_sgd,21 September 2026 05:40:56 PM,21 September 2026 05:40:56 PM,2026-09-21T18:15:11.950481+00:00,0.8284,0.7944,0.8127000000000001,0.8114,MAS,1.9318321643902958,2.2517534145441234
standardized,uob,JPY,SGD,JPY/SGD,100,Indicative board,board,SGD < 50,std_lt_50,forex_sgd,21 September 2026 05:40:56 PM,21 September 2026 05:40:56 PM,2026-09-21T18:15:11.950481+00:00,0.8284,0.7944,0.8127000000000001,0.8114,MAS,1.9318321643902958,2.2517534145441234
standardized,uob,KRW,SGD,KRW/SGD,1000,Indicative board,board,"SGD 200 – 39,999.99",std_200_40k,forex_sgd,21 September 2026 05:40:56 PM,21 September 2026 05:40:56 PM,2026-09-21T18:15:11.950481+00:00,0.9356,,0.922,,MAS,1.475054229934918,
standardized,uob,KRW,SGD,KRW/SGD,1000,Indicative board,board,"SGD 40,000 – 100,000",std_40k_100k,forex_sgd,21 September 2026 05:40:56 PM,21 September 2026 05:40:56 PM,2026-09-21T18:15:11.950481+00:00,0.9356,,0.922,,MAS,1.475054229934918,
standardized,uob,KRW,SGD,KRW/SGD,1000,Indicative board,board,SGD 50 – 200,std_50_200,forex_sgd,21 September 2026 05:40:56 PM,21 September 2026 05:40:56 PM,2026-09-21T18:15:11.950481+00:00,0.9356,,0.922,,MAS,1.475054229934918,
standardized,uob,KRW,SGD,KRW/SGD,1000,Indicative board,board,SGD < 50,std_lt_50,forex_sgd,21 September 2026 05:40:56 PM,21 September 2026 05:40:56 PM,2026-09-21T18:15:11.950481+00:00,0.9356,,0.922,,MAS,1.475054229934918,
standardized,uob,KWD,SGD,KWD/SGD,1,Indicative board,board,"SGD 200 – 39,999.99",std_200_40k,forex_sgd,21 September 2026 05:40:56 PM,21 September 2026 05:40:56 PM,2026-09-21T18:15:11.950481+00:00,4.1916,,,,,,
standardized,uob,KWD,SGD,KWD/SGD,1,Indicative board,board,"SGD 40,000 – 100,000",std_40k_100k,forex_sgd,21 September 2026 05:40:56 PM,21 September 2026 05:40:56 PM,2026-09-21T18:15:11.950481+00:00,4.1916,,,,,,
standardized,uob,KWD,SGD,KWD/SGD,1,Indicative board,board,SGD 50 – 200,std_50_200,forex_sgd,21 September 2026 05:40:56 PM,21 September 2026 05:40:56 PM,2026-09-21T18:15:11.950481+00:00,4.1916,,,,,,
standardized,uob,KWD,SGD,KWD/SGD,1,Indicative board,board,SGD < 50,std_lt_50,forex_sgd,21 September 2026 05:40:56 PM,21 September 2026 05:40:56 PM,2026-09-21T18:15:11.950481+00:00,4.1916,,,,,,
standardized,uob,LKR,SGD,LKR/SGD,100,Indicative board,board,"SGD 200 – 39,999.99",std_200_40k,forex_sgd,21 September 2026 05:40:56 PM,21 September 2026 05:40:56 PM,2026-09-21T18:15:11.950481+00:00,0.3921,,,,,,
standardized,uob,LKR,SGD,LKR/SGD,100,Indicative board,board,"SGD 40,000 – 100,000",std_40k_100k,forex_sgd,21 September 2026 05:40:56 PM,21 September 2026 05:40:56 PM,2026-09-21T18:15:11.950481+00:00,0.3921,,,,,,
standardized,uob,LKR,SGD,LKR/SGD,100,Indicative board,board,SGD 50 – 200,std_50_200,forex_sgd,21 September 2026 05:40:56 PM,21 September 2026 05:40:56 PM,2026-09-21T18:15:11.950481+00:00,0.3921,,,,,,
standardized,uob,LKR,SGD,LKR/SGD,100,Indicative board,board,SGD < 50,std_lt_50,forex_sgd,21 September 2026 05:40:56 PM,21 September 2026 05:40:56 PM,2026-09-21T18:15:11.950481+00:00,0.3921,,,,,,
standardized,uob,MXN,SGD,MXN/SGD,100,Indicative board,board,"SGD 200 – 39,999.99",std_200_40k,forex_sgd,21 September 2026 05:40:56 PM,21 September 2026 05:40:56 PM,2026-09-21T18:15:11.950481+00:00,7.4916,,,,,,
standardized,uob,MXN,SGD,MXN/SGD,100,Indicative board,board,"SGD 40,000 – 100,000",std_40k_100k,forex_sgd,21 September 2026 05:40:56 PM,21 September 2026 05:40:56 PM,2026-09-21T18:15:11.950481+00:00,7.4916,,,,,,
standardized,uob,MXN,SGD,MXN/SGD,100,Indicative board,board,SGD 50 – 200,std_50_200,forex_sgd,21 September 2026 05:40:56 PM,21 September 2026 05:40:56 PM,2026-09-21T18:15:11.950481+00:00,7.4916,,,,,,
standardized,uob,MXN,SGD,MXN/SGD,100,Indicative board,board,SGD < 50,std_lt_50,forex_sgd,21 September 2026 05:40:56 PM,21 September 2026 05:40:56 PM,2026-09-21T18:15:11.950481+00:00,7.4916,,,,,,
standardized,uob,MYR,SGD,MYR/SGD,100,Indicative board,board,"SGD 200 – 39,999.99",std_200_40k,forex_sgd,21 September 2026 05:40:56 PM,21 September 2026 05:40:56 PM,2026-09-21T18:15:11.950481+00:00,31.7561,,31.290000000000003,,MAS,1.4896132949824137,
standardized,uob,MYR,SGD,MYR/SGD,100,Indicative board,board,"SGD 40,000 – 100,000",std_40k_100k,forex_sgd,21 September 2026 05:40:56 PM,21 September 2026 05:40:56 PM,2026-09-21T18:15:11.950481+00:00,31.7561,,31.290000000000003,,MAS,1.4896132949824137,
standardized,uob,MYR,SGD,MYR/SGD,100,Indicative board,board,SGD 50 – 200,std_50_200,forex_sgd,21 September 2026 05:40:56 PM,21 September 2026 05:40:56 PM,2026-09-21T18:15:11.950481+00:00,31.7561,,31.290000000000003,,MAS,1.4896132949824137,
standardized,uob,MYR,SGD,MYR/SGD,100,Indicative board,board,SGD < 50,std_lt_50,forex_sgd,21 September 2026 05:40:56 PM,21 September 2026 05:40:56 PM,2026-09-21T18:15:11.950481+00:00,31.7561,,31.290000000000003,,MAS,1.4896132949824137,
standardized,uob,NOK,SGD,NOK/SGD,100,Indicative board,board,"SGD 200 – 39,999.99",std_200_40k,forex_sgd,21 September 2026 05:40:56 PM,21 September 2026 05:40:56 PM,2026-09-21T18:15:11.950481+00:00,13.8,13.36,,13.58,,,
standardized,uob,NOK,SGD,NOK/SGD,100,Indicative board,board,"SGD 40,000 – 100,000",std_40k_100k,forex_sgd,21 September 2026 05:40:56 PM,21 September 2026 05:40:56 PM,2026-09-21T18:15:11.950481+00:00,13.8,13.36,,13.58,,,
standardized,uob,NOK,SGD,NOK/SGD,100,Indicative board,board,SGD 50 – 200,std_50_200,forex_sgd,21 September 2026 05:40:56 PM,21 September 2026 05:40:56 PM,2026-09-21T18:15:11.950481+00:00,13.8,13.36,,13.58,,,
standardized,uob,NOK,SGD,NOK/SGD,100,Indicative board,board,SGD < 50,std_lt_50,forex_sgd,21 September 2026 05:40:56 PM,21 September 2026 05:40:56 PM,2026-09-21T18:15:11.950481+00:00,13.8,13.36,,13.58,,,
standardized,uob,NZD,SGD,NZD/SGD,1,Indicative board,board,"SGD 200 – 39,999.99",std_200_40k,forex_sgd,21 September 2026 05:40:56 PM,21 September 2026 05:40:56 PM,2026-09-21T18:15:11.950481+00:00,0.7408,0.7208,0.7304,0.7308,MAS,1.4238773274917804,1.3143483023001166
standardized,uob,NZD,SGD,NZD/SGD,1,Indicative board,board,"SGD 40,000 – 100,000",std_40k_100k,forex_sgd,21 September 2026 05:40:56 PM,21 September 2026 05:40:56 PM,2026-09-21T18:15:11.950481+00:00,0.7408,0.7208,0.7304,0.7308,MAS,1.4238773274917804,1.3143483023001166
standardized,uob,NZD,SGD,NZD/SGD,1,Indicative board,board,SGD 50 – 200,std_50_200,forex_sgd,21 September 2026 05:40:56 PM,21 September 2026 05:40:56 PM,2026-09-21T18:15:11.950481+00:00,0.7408,0.7208,0.7304,0.7308,MAS,1.4238773274917804,1.3143483023001166
standardized,uob,NZD,SGD,NZD/SGD,1,Indicative board,board,SGD < 50,std_lt_50,forex_sgd,21 September 2026 05:40:56 PM,21 September 2026 05:40:56 PM,2026-09-21T18:15:11.950481+00:00,0.7408,0.7208,0.7304,0.7308,MAS,1.4238773274917804,1.3143483023001166
standardized,uob,PHP,SGD,PHP/SGD,100,Indicative board,board,"SGD 200 – 39,999.99",std_200_40k,forex_sgd,21 September 2026 05:40:56 PM,21 September 2026 05:40:56 PM,2026-09-21T18:15:11.950481+00:00,2.0793,,2.0307,,MAS,2.393263406707046,
standardized,uob,PHP,SGD,PHP/SGD,100,Indicative board,board,"SGD 40,000 – 100,000",std_40k_100k,forex_sgd,21 September 2026 05:40:56 PM,21 September 2026 05:40:56 PM,2026-09-21T18:15:11.950481+00:00,2.0793,,2.0307,,MAS,2.393263406707046,
standardized,uob,PHP,SGD,PHP/SGD,100,Indicative board,board,SGD 50 – 200,std_50_200,forex_sgd,21 September 2026 05:40:56 PM,21 September 2026 05:40:56 PM,2026-09-21T18:15:11.950481+00:00,2.0793,,2.0307,,MAS,2.393263406707046,
standardized,uob,PHP,SGD,PHP/SGD,100,Indicative board,board,SGD < 50,std_lt_50,forex_sgd,21 September 2026 05:40:56 PM,21 September 2026 05:40:56 PM,2026-09-21T18:15:11.950481+00:00,2.0793,,2.0307,,MAS,2.393263406707046,
standardized,uob,PKR,SGD,PKR/SGD,100,Indicative board,board,"SGD 200 – 39,999.99",std_200_40k,forex_sgd,21 September 2026 05:40:56 PM,21 September 2026 05:40:56 PM,2026-09-21T18:15:11.950481+00:00,0.467,,,,,,
standardized,uob,PKR,SGD,PKR/SGD,100,Indicative board,board,"SGD 40,000 – 100,000",std_40k_100k,forex_sgd,21 September 2026 05:40:56 PM,21 September 2026 05:40:56 PM,2026-09-21T18:15:11.950481+00:00,0.467,,,,,,
standardized,uob,PKR,SGD,PKR/SGD,100,Indicative board,board,SGD 50 – 200,std_50_200,forex_sgd,21 September 2026 05:40:56 PM,21 September 2026 05:40:56 PM,2026-09-21T18:15:11.950481+00:00,0.467,,,,,,
standardized,uob,PKR,SGD,PKR/SGD,100,Indicative board,board,SGD < 50,std_lt_50,forex_sgd,21 September 2026 05:40:56 PM,21 September 2026 05:40:56 PM,2026-09-21T18:15:11.950481+00:00,0.467,,,,,,
standardized,uob,SAR,SGD,SAR/SGD,100,Indicative board,board,"SGD 200 – 39,999.99",std_200_40k,forex_sgd,21 September 2026 05:40:56 PM,21 September 2026 05:40:56 PM,2026-09-21T18:15:11.950481+00:00,,,33.96,,MAS,,
standardized,uob,SAR,SGD,SAR/SGD,100,Indicative board,board,"SGD 40,000 – 100,000",std_40k_100k,forex_sgd,21 September 2026 05:40:56 PM,21 September 2026 05:40:56 PM,2026-09-21T18:15:11.950481+00:00,,,33.96,,MAS,,
standardized,uob,SAR,SGD,SAR/SGD,100,Indicative board,board,SGD 50 – 200,std_50_200,forex_sgd,21 September 2026 05:40:56 PM,21 September 2026 05:40:56 PM,2026-09-21T18:15:11.950481+00:00,,,33.96,,MAS,,
standardized,uob,SAR,SGD,SAR/SGD,100,Indicative board,board,SGD < 50,std_lt_50,forex_sgd,21 September 2026 05:40:56 PM,21 September 2026 05:40:56 PM,2026-09-21T18:15:11.950481+00:00,,,33.96,,MAS,,
standardized,uob,SEK,SGD,SEK/SGD,100,Indicative board,board,"SGD 200 – 39,999.99",std_200_40k,forex_sgd,21 September 2026 05:40:56 PM,21 September 2026 05:40:56 PM,2026-09-21T18:15:11.950481+00:00,13.23,12.75,,12.99,,,
standardized,uob,SEK,SGD,SEK/SGD,100,Indicative board,board,"SGD 40,000 – 100,000",std_40k_100k,forex_sgd,21 September 2026 05:40:56 PM,21 September 2026 05:40:56 PM,2026-09-21T18:15:11.950481+00:00,13.23,12.75,,12.99,,,
standardized,uob,SEK,SGD,SEK/SGD,100,Indicative board,board,SGD 50 – 200,std_50_200,forex_sgd,21 September 2026 05:40:56 PM,21 September 2026 05:40:56 PM,2026-09-21T18:15:11.950481+00:00,13.23,12.75,,12.99,,,
standardized,uob,SEK,SGD,SEK/SGD,100,Indicative board,board,SGD < 50,std_lt_50,forex_sgd,21 September 2026 05:40:56 PM,21 September 2026 05:40:56 PM,2026-09-21T18:15:11.950481+00:00,13.23,12.75,,12.99,,,
standardized,uob,THB,SGD,THB/SGD,100,Indicative board,board,"SGD 200 – 39,999.99",std_200_40k,forex_sgd,21 September 2026 05:40:56 PM,21 September 2026 05:40:56 PM,2026-09-21T18:15:11.950481+00:00,3.93,3.73,3.8324,3.83,MAS,2.546707024318974,2.6719549107608764
standardized,uob,THB,SGD,THB/SGD,100,Indicative board,board,"SGD 40,000 – 100,000",std_40k_100k,forex_sgd,21 September 2026 05:40:56 PM,21 September 2026 05:40:56 PM,2026-09-21T18:15:11.950481+00:00,3.93,3.73,3.8324,3.83,MAS,2.546707024318974,2.6719549107608764
standardized,uob,THB,SGD,THB/SGD,100,Indicative board,board,SGD 50 – 200,std_50_200,forex_sgd,21 September 2026 05:40:56 PM,21 September 2026 05:40:56 PM,2026-09-21T18:15:11.950481+00:00,3.93,3.73,3.8324,3.83,MAS,2.546707024318974,2.6719549107608764
standardized,uob,THB,SGD,THB/SGD,100,Indicative board,board,SGD < 50,std_lt_50,forex_sgd,21 September 2026 05:40:56 PM,21 September 2026 05:40:56 PM,2026-09-21T18:15:11.950481+00:00,3.93,3.73,3.8324,3.83,MAS,2.546707024318974,2.6719549107608764
standardized,uob,TWD,SGD,TWD/SGD,100,Indicative board,board,"SGD 200 – 39,999.99",std_200_40k,forex_sgd,21 September 2026 05:40:56 PM,21 September 2026 05:40:56 PM,2026-09-21T18:15:11.950481+00:00,4.1077,,4.0121,,MAS,2.3827920540365426,
standardized,uob,TWD,SGD,TWD/SGD,100,Indicative board,board,"SGD 40,000 – 100,000",std_40k_100k,forex_sgd,21 September 2026 05:40:56 PM,21 September 2026 05:40:56 PM,2026-09-21T18:15:11.950481+00:00,4.1077,,4.0121,,MAS,2.3827920540365426,
standardized,uob,TWD,SGD,TWD/SGD,100,Indicative board,board,SGD 50 – 200,std_50_200,forex_sgd,21 September 2026 05:40:56 PM,21 September 2026 05:40:56 PM,2026-09-21T18:15:11.950481+00:00,4.1077,,4.0121,,MAS,2.3827920540365426,
standardized,uob,TWD,SGD,TWD/SGD,100,Indicative board,board,SGD < 50,std_lt_50,forex_sgd,21 September 2026 05:40:56 PM,21 September 2026 05:40:56 PM,2026-09-21T18:15:11.950481+00:00,4.1077,,4.0121,,MAS,2.3827920540365426,
standardized,uob,USD,SGD,USD/SGD,1,Indicative board,board,"SGD 200 – 39,999.99",std_200_40k,forex_sgd,21 September 2026 05:40:56 PM,21 September 2026 05:40:56 PM,2026-09-21T18:15:11.950481+00:00,1.2877,1.2637,1.2756,1.2757,MAS,0.9485732204452806,0.9328943242395752
standardized,uob,USD,SGD,USD/SGD,1,Indicative board,board,"SGD 40,000 – 100,000",std_40k_100k,forex_sgd,21 September 2026 05:40:56 PM,21 September 2026 05:40:56 PM,2026-09-21T18:15:11.950481+00:00,1.2877,1.2637,1.2756,1.2757,MAS,0.9485732204452806,0.9328943242395752
standardized,uob,USD,SGD,USD/SGD,1,Indicative board,board,SGD 50 – 200,std_50_200,forex_sgd,21 September 2026 05:40:56 PM,21 September 2026 05:40:56 PM,2026-09-21T18:15:11.950481+00:00,1.2877,1.2637,1.2756,1.2757,MAS,0.9485732204452806,0.9328943242395752
standardized,uob,USD,SGD,USD/SGD,1,Indicative board,board,SGD < 50,std_lt_50,forex_sgd,21 September 2026 05:40:56 PM,21 September 2026 05:40:56 PM,2026-09-21T18:15:11.950481+00:00,1.2877,1.2637,1.2756,1.2757,MAS,0.9485732204452806,0.9328943242395752
standardized,uob,VND,SGD,VND/SGD,1000,Indicative board,board,"SGD 200 – 39,999.99",std_200_40k,forex_sgd,21 September 2026 05:40:56 PM,21 September 2026 05:40:56 PM,2026-09-21T18:15:11.950481+00:00,0.0503,,0.04902,,MAS,2.6111791105671083,
standardized,uob,VND,SGD,VND/SGD,1000,Indicative board,board,"SGD 40,000 – 100,000",std_40k_100k,forex_sgd,21 September 2026 05:40:56 PM,21 September 2026 05:40:56 PM,2026-09-21T18:15:11.950481+00:00,0.0503,,0.04902,,MAS,2.6111791105671083,
standardized,uob,VND,SGD,VND/SGD,1000,Indicative board,board,SGD 50 – 200,std_50_200,forex_sgd,21 September 2026 05:40:56 PM,21 September 2026 05:40:56 PM,2026-09-21T18:15:11.950481+00:00,0.0503,,0.04902,,MAS,2.6111791105671083,
standardized,uob,VND,SGD,VND/SGD,1000,Indicative board,board,SGD < 50,std_lt_50,forex_sgd,21 September 2026 05:40:56 PM,21 September 2026 05:40:56 PM,2026-09-21T18:15:11.950481+00:00,0.0503,,0.04902,,MAS,2.6111791105671083,
standardized,uob,XAF,SGD,XAF/SGD,100,Indicative board,board,"SGD 200 – 39,999.99",std_200_40k,forex_sgd,21 September 2026 05:40:56 PM,21 September 2026 05:40:56 PM,2026-09-21T18:15:11.950481+00:00,0.2294,,,,,,
standardized,uob,XAF,SGD,XAF/SGD,100,Indicative board,board,"SGD 40,000 – 100,000",std_40k_100k,forex_sgd,21 September 2026 05:40:56 PM,21 September 2026 05:40:56 PM,2026-09-21T18:15:11.950481+00:00,0.2294,,,,,,
standardized,uob,XAF,SGD,XAF/SGD,100,Indicative board,board,SGD 50 – 200,std_50_200,forex_sgd,21 September 2026 05:40:56 PM,21 September 2026 05:40:56 PM,2026-09-21T18:15:11.950481+00:00,0.2294,,,,,,
standardized,uob,XAF,SGD,XAF/SGD,100,Indicative board,board,SGD < 50,std_lt_50,forex_sgd,21 September 2026 05:40:56 PM,21 September 2026 05:40:56 PM,2026-09-21T18:15:11.950481+00:00,0.2294,,,,,,
standardized,uob,XOF,SGD,XOF/SGD,100,Indicative board,board,"SGD 200 – 39,999.99",std_200_40k,forex_sgd,21 September 2026 05:40:56 PM,21 September 2026 05:40:56 PM,2026-09-21T18:15:11.950481+00:00,0.2308,,,,,,
standardized,uob,XOF,SGD,XOF/SGD,100,Indicative board,board,"SGD 40,000 – 100,000",std_40k_100k,forex_sgd,21 September 2026 05:40:56 PM,21 September 2026 05:40:56 PM,2026-09-21T18:15:11.950481+00:00,0.2308,,,,,,
standardized,uob,XOF,SGD,XOF/SGD,100,Indicative board,board,SGD 50 – 200,std_50_200,forex_sgd,21 September 2026 05:40:56 PM,21 September 2026 05:40:56 PM,2026-09-21T18:15:11.950481+00:00,0.2308,,,,,,
standardized,uob,XOF,SGD,XOF/SGD,100,Indicative board,board,SGD < 50,std_lt_50,forex_sgd,21 September 2026 05:40:56 PM,21 September 2026 05:40:56 PM,2026-09-21T18:15:11.950481+00:00,0.2308,,,,,,
standardized,uob,ZAR,SGD,ZAR/SGD,1,Indicative board,board,"SGD 200 – 39,999.99",std_200_40k,forex_sgd,21 September 2026 05:40:56 PM,21 September 2026 05:40:56 PM,2026-09-21T18:15:11.950481+00:00,0.0804,0.0764,,0.0784,,,
standardized,uob,ZAR,SGD,ZAR/SGD,1,Indicative board,board,"SGD 40,000 – 100,000",std_40k_100k,forex_sgd,21 September 2026 05:40:56 PM,21 September 2026 05:40:56 PM,2026-09-21T18:15:11.950481+00:00,0.0804,0.0764,,0.0784,,,
standardized,uob,ZAR,SGD,ZAR/SGD,1,Indicative board,board,SGD 50 – 200,std_50_200,forex_sgd,21 September 2026 05:40:56 PM,21 September 2026 05:40:56 PM,2026-09-21T18:15:11.950481+00:00,0.0804,0.0764,,0.0784,,,
standardized,uob,ZAR,SGD,ZAR/SGD,1,Indicative board,board,SGD < 50,std_lt_50,forex_sgd,21 September 2026 05:40:56 PM,21 September 2026 05:40:56 PM,2026-09-21T18:15:11.950481+00:00,0.0804,0.0764,,0.0784,,,
