record_type,bank,base_currency,quote_currency,currency_pair,unit,transaction_value,amount_tier,std_transaction_value,std_amount_tier,group,effective_date,last_updated,scraped_at,tt_od_sell,tt_buy,mid_rate,bank_mid_rate,mid_source,sell_margin_pct,buy_margin_pct
native,dbs,AED,SGD,AED/SGD,1,SGD 50 – 200,amtBtw50And200,,,mainCurrencies,2026-10-07 02:30:00,2026-10-06 18:30:14,2026-10-06T18:31:05.884785+00:00,0.3502,0.3454,0.3483,0.3478,MAS,0.5455067470571383,0.8326155612977358
native,dbs,AED,SGD,AED/SGD,1,SGD < 50,amtLessThan50,,,mainCurrencies,2026-10-07 02:30:00,2026-10-06 18:30:14,2026-10-06T18:31:05.884785+00:00,0.353,0.3427,0.3483,0.34785,MAS,1.3494114269308017,1.6078093597473426
native,dbs,AUD,SGD,AUD/SGD,1,SGD 50 – 200,amtBtw50And200,,,mainCurrencies,2026-10-07 02:30:00,2026-10-06 18:30:14,2026-10-06T18:31:05.884785+00:00,0.9022,0.8825,0.8920999999999999,0.89235,MAS,1.1321600717408487,1.0761125434368282
native,dbs,AUD,SGD,AUD/SGD,1,SGD < 50,amtLessThan50,,,mainCurrencies,2026-10-07 02:30:00,2026-10-06 18:30:14,2026-10-06T18:31:05.884785+00:00,0.9027,0.882,0.8920999999999999,0.89235,MAS,1.1882076000448443,1.1321600717408236
native,dbs,BDT,SGD,BDT/SGD,100,SGD 50 – 200,amtBtw50And200,,,otherCurrencies,2026-10-07 02:30:00,2026-10-06 18:30:14,2026-10-06T18:31:05.884785+00:00,1.0542,,,,,,
native,dbs,BDT,SGD,BDT/SGD,100,SGD < 50,amtLessThan50,,,otherCurrencies,2026-10-07 02:30:00,2026-10-06 18:30:14,2026-10-06T18:31:05.884785+00:00,1.0542,,,,,,
native,dbs,BHD,SGD,BHD/SGD,1,SGD 50 – 200,amtBtw50And200,,,otherCurrencies,2026-10-07 02:30:00,2026-10-06 18:30:14,2026-10-06T18:31:05.884785+00:00,3.4509,,,,,,
native,dbs,BHD,SGD,BHD/SGD,1,SGD < 50,amtLessThan50,,,otherCurrencies,2026-10-07 02:30:00,2026-10-06 18:30:14,2026-10-06T18:31:05.884785+00:00,3.4646,,,,,,
native,dbs,BND,SGD,BND/SGD,1,SGD 50 – 200,amtBtw50And200,,,otherCurrencies,2026-10-07 02:30:00,2026-10-06 18:30:14,2026-10-06T18:31:05.884785+00:00,1.0,1.0,,1.0,,,
native,dbs,BND,SGD,BND/SGD,1,SGD < 50,amtLessThan50,,,otherCurrencies,2026-10-07 02:30:00,2026-10-06 18:30:14,2026-10-06T18:31:05.884785+00:00,1.0,1.0,,1.0,,,
native,dbs,CAD,SGD,CAD/SGD,1,SGD 50 – 200,amtBtw50And200,,,mainCurrencies,2026-10-07 02:30:00,2026-10-06 18:30:14,2026-10-06T18:31:05.884785+00:00,0.9058,0.8922,0.8969,0.899,MAS,0.9923068346526946,0.5240272048165947
native,dbs,CAD,SGD,CAD/SGD,1,SGD < 50,amtLessThan50,,,mainCurrencies,2026-10-07 02:30:00,2026-10-06 18:30:14,2026-10-06T18:31:05.884785+00:00,0.909,0.8891,0.8969,0.89905,MAS,1.349091314527818,0.8696621696956215
native,dbs,CHF,SGD,CHF/SGD,1,SGD 50 – 200,amtBtw50And200,,,mainCurrencies,2026-10-07 02:30:00,2026-10-06 18:30:14,2026-10-06T18:31:05.884785+00:00,1.5511,1.5217,1.5393000000000001,1.5364,MAS,0.7665822126940693,1.1433768596115157
native,dbs,CHF,SGD,CHF/SGD,1,SGD < 50,amtLessThan50,,,mainCurrencies,2026-10-07 02:30:00,2026-10-06 18:30:14,2026-10-06T18:31:05.884785+00:00,1.5519,1.5209,1.5393000000000001,1.5364,MAS,0.818553888130965,1.1953485350484112
native,dbs,CNH,SGD,CNH/SGD,1,SGD 50 – 200,amtBtw50And200,,,mainCurrencies,2026-10-07 02:30:00,2026-10-06 18:30:14,2026-10-06T18:31:05.884785+00:00,0.1928,0.1884,,0.1906,,,
native,dbs,CNH,SGD,CNH/SGD,1,SGD < 50,amtLessThan50,,,mainCurrencies,2026-10-07 02:30:00,2026-10-06 18:30:14,2026-10-06T18:31:05.884785+00:00,0.1934,0.1877,,0.19055,,,
native,dbs,CNY,SGD,CNY/SGD,1,SGD 50 – 200,amtBtw50And200,,,otherCurrencies,2026-10-07 02:30:00,2026-10-06 18:30:14,2026-10-06T18:31:05.884785+00:00,0.1905,,0.19079999999999997,,MAS,-0.15723270440249842,
native,dbs,CNY,SGD,CNY/SGD,1,SGD < 50,amtLessThan50,,,otherCurrencies,2026-10-07 02:30:00,2026-10-06 18:30:14,2026-10-06T18:31:05.884785+00:00,0.1922,,0.19079999999999997,,MAS,0.7337526205450945,
native,dbs,DKK,SGD,DKK/SGD,1,SGD 50 – 200,amtBtw50And200,,,mainCurrencies,2026-10-07 02:30:00,2026-10-06 18:30:14,2026-10-06T18:31:05.884785+00:00,0.195,0.1897,,0.19235000000000002,,,
native,dbs,DKK,SGD,DKK/SGD,1,SGD < 50,amtLessThan50,,,mainCurrencies,2026-10-07 02:30:00,2026-10-06 18:30:14,2026-10-06T18:31:05.884785+00:00,0.1954,0.1894,,0.19240000000000002,,,
native,dbs,EUR,SGD,EUR/SGD,1,SGD 50 – 200,amtBtw50And200,,,mainCurrencies,2026-10-07 02:30:00,2026-10-06 18:30:14,2026-10-06T18:31:05.884785+00:00,1.4507,1.4261,1.4358,1.4384000000000001,MAS,1.0377489901100525,0.6755815573199639
native,dbs,EUR,SGD,EUR/SGD,1,SGD < 50,amtLessThan50,,,mainCurrencies,2026-10-07 02:30:00,2026-10-06 18:30:14,2026-10-06T18:31:05.884785+00:00,1.4514,1.4254,1.4358,1.4384000000000001,MAS,1.0865022983702506,0.724334865580162
native,dbs,GBP,SGD,GBP/SGD,1,SGD 50 – 200,amtBtw50And200,,,mainCurrencies,2026-10-07 02:30:00,2026-10-06 18:30:14,2026-10-06T18:31:05.884785+00:00,1.709,1.6834,1.6914,1.6962000000000002,MAS,1.0405581175357728,0.47298096251625915
native,dbs,GBP,SGD,GBP/SGD,1,SGD < 50,amtLessThan50,,,mainCurrencies,2026-10-07 02:30:00,2026-10-06 18:30:14,2026-10-06T18:31:05.884785+00:00,1.7107,1.6817,1.6914,1.6962000000000002,MAS,1.1410665720704798,0.5734894170509662
native,dbs,HKD,SGD,HKD/SGD,1,SGD 50 – 200,amtBtw50And200,,,mainCurrencies,2026-10-07 02:30:00,2026-10-06 18:30:14,2026-10-06T18:31:05.884785+00:00,0.1644,0.1611,0.163,0.16275,MAS,0.8588957055214629,1.165644171779149
native,dbs,HKD,SGD,HKD/SGD,1,SGD < 50,amtLessThan50,,,mainCurrencies,2026-10-07 02:30:00,2026-10-06 18:30:14,2026-10-06T18:31:05.884785+00:00,0.1646,0.1609,0.163,0.16275,MAS,0.9815950920245339,1.2883435582822198
native,dbs,HUF,SGD,HUF/SGD,100,SGD 50 – 200,amtBtw50And200,,,otherCurrencies,2026-10-07 02:30:00,2026-10-06 18:30:14,2026-10-06T18:31:05.884785+00:00,0.3979,,,,,,
native,dbs,HUF,SGD,HUF/SGD,100,SGD < 50,amtLessThan50,,,otherCurrencies,2026-10-07 02:30:00,2026-10-06 18:30:14,2026-10-06T18:31:05.884785+00:00,0.3994,,,,,,
native,dbs,ID0,SGD,ID0/SGD,100,SGD 50 – 200,amtBtw50And200,,,otherCurrencies,2026-10-07 02:30:00,2026-10-06 18:30:14,2026-10-06T18:31:05.884785+00:00,,,,,,,
native,dbs,ID0,SGD,ID0/SGD,100,SGD < 50,amtLessThan50,,,otherCurrencies,2026-10-07 02:30:00,2026-10-06 18:30:14,2026-10-06T18:31:05.884785+00:00,,0.0071,,,,,
native,dbs,IDR,SGD,IDR/SGD,100,SGD 50 – 200,amtBtw50And200,,,mainCurrencies,2026-10-07 02:30:00,2026-10-06 18:30:14,2026-10-06T18:31:05.884785+00:00,0.0073,,0.007146999999999999,,MAS,2.14075836015113,
native,dbs,IDR,SGD,IDR/SGD,100,SGD < 50,amtLessThan50,,,mainCurrencies,2026-10-07 02:30:00,2026-10-06 18:30:14,2026-10-06T18:31:05.884785+00:00,0.0073,,0.007146999999999999,,MAS,2.14075836015113,
native,dbs,IN0,SGD,IN0/SGD,100,SGD 50 – 200,amtBtw50And200,,,otherCurrencies,2026-10-07 02:30:00,2026-10-06 18:30:14,2026-10-06T18:31:05.884785+00:00,,1.3219,,,,,
native,dbs,IN0,SGD,IN0/SGD,100,SGD < 50,amtLessThan50,,,otherCurrencies,2026-10-07 02:30:00,2026-10-06 18:30:14,2026-10-06T18:31:05.884785+00:00,,1.3219,,,,,
native,dbs,INR,SGD,INR/SGD,100,SGD 50 – 200,amtBtw50And200,,,otherCurrencies,2026-10-07 02:30:00,2026-10-06 18:30:14,2026-10-06T18:31:05.884785+00:00,1.3394,,1.3268,,MAS,0.9496533011757571,
native,dbs,INR,SGD,INR/SGD,100,SGD < 50,amtLessThan50,,,otherCurrencies,2026-10-07 02:30:00,2026-10-06 18:30:14,2026-10-06T18:31:05.884785+00:00,1.35,,1.3268,,MAS,1.748567983117283,
native,dbs,JPY,SGD,JPY/SGD,100,SGD 50 – 200,amtBtw50And200,,,mainCurrencies,2026-10-07 02:30:00,2026-10-06 18:30:14,2026-10-06T18:31:05.884785+00:00,0.8162,0.7999,0.8098,0.80805,MAS,0.790318597184499,1.2225240800197468
native,dbs,JPY,SGD,JPY/SGD,100,SGD < 50,amtLessThan50,,,mainCurrencies,2026-10-07 02:30:00,2026-10-06 18:30:14,2026-10-06T18:31:05.884785+00:00,0.817,0.7991,0.8098,0.8080499999999999,MAS,0.8891084218325493,1.3213139046678108
native,dbs,KRW,SGD,KRW/SGD,100,SGD 50 – 200,amtBtw50And200,,,otherCurrencies,2026-10-07 02:30:00,2026-10-06 18:30:14,2026-10-06T18:31:05.884785+00:00,0.0967,,0.0953,,MAS,1.4690451206715618,
native,dbs,KRW,SGD,KRW/SGD,100,SGD < 50,amtLessThan50,,,otherCurrencies,2026-10-07 02:30:00,2026-10-06 18:30:14,2026-10-06T18:31:05.884785+00:00,0.0967,,0.0953,,MAS,1.4690451206715618,
native,dbs,KWD,SGD,KWD/SGD,100,SGD 50 – 200,amtBtw50And200,,,otherCurrencies,2026-10-07 02:30:00,2026-10-06 18:30:14,2026-10-06T18:31:05.884785+00:00,423.3674,,,,,,
native,dbs,KWD,SGD,KWD/SGD,100,SGD < 50,amtLessThan50,,,otherCurrencies,2026-10-07 02:30:00,2026-10-06 18:30:14,2026-10-06T18:31:05.884785+00:00,425.0372,,,,,,
native,dbs,LKR,SGD,LKR/SGD,100,SGD 50 – 200,amtBtw50And200,,,otherCurrencies,2026-10-07 02:30:00,2026-10-06 18:30:14,2026-10-06T18:31:05.884785+00:00,0.3936,,,,,,
native,dbs,LKR,SGD,LKR/SGD,100,SGD < 50,amtLessThan50,,,otherCurrencies,2026-10-07 02:30:00,2026-10-06 18:30:14,2026-10-06T18:31:05.884785+00:00,0.3936,,,,,,
native,dbs,MM1,SGD,MM1/SGD,100,SGD 50 – 200,amtBtw50And200,,,otherCurrencies,2026-10-07 02:30:00,2026-10-06 18:30:14,2026-10-06T18:31:05.884785+00:00,,,,,,,
native,dbs,MM1,SGD,MM1/SGD,100,SGD < 50,amtLessThan50,,,otherCurrencies,2026-10-07 02:30:00,2026-10-06 18:30:14,2026-10-06T18:31:05.884785+00:00,,,,,,,
native,dbs,MMK,SGD,MMK/SGD,100,SGD 50 – 200,amtBtw50And200,,,otherCurrencies,2026-10-07 02:30:00,2026-10-06 18:30:14,2026-10-06T18:31:05.884785+00:00,0.0325,,,,,,
native,dbs,MMK,SGD,MMK/SGD,100,SGD < 50,amtLessThan50,,,otherCurrencies,2026-10-07 02:30:00,2026-10-06 18:30:14,2026-10-06T18:31:05.884785+00:00,0.0325,,,,,,
native,dbs,MUR,SGD,MUR/SGD,100,SGD 50 – 200,amtBtw50And200,,,otherCurrencies,2026-10-07 02:30:00,2026-10-06 18:30:14,2026-10-06T18:31:05.884785+00:00,2.6911,,,,,,
native,dbs,MUR,SGD,MUR/SGD,100,SGD < 50,amtLessThan50,,,otherCurrencies,2026-10-07 02:30:00,2026-10-06 18:30:14,2026-10-06T18:31:05.884785+00:00,2.7017,,,,,,
native,dbs,MXN,SGD,MXN/SGD,100,SGD 50 – 200,amtBtw50And200,,,mainCurrencies,2026-10-07 02:30:00,2026-10-06 18:30:14,2026-10-06T18:31:05.884785+00:00,7.2119,,,,,,
native,dbs,MXN,SGD,MXN/SGD,100,SGD < 50,amtLessThan50,,,mainCurrencies,2026-10-07 02:30:00,2026-10-06 18:30:14,2026-10-06T18:31:05.884785+00:00,7.2133,,,,,,
native,dbs,MY0,SGD,MY0/SGD,1,SGD 50 – 200,amtBtw50And200,,,otherCurrencies,2026-10-07 02:30:00,2026-10-06 18:30:14,2026-10-06T18:31:05.884785+00:00,,0.312,,,,,
native,dbs,MY0,SGD,MY0/SGD,1,SGD < 50,amtLessThan50,,,otherCurrencies,2026-10-07 02:30:00,2026-10-06 18:30:14,2026-10-06T18:31:05.884785+00:00,,0.312,,,,,
native,dbs,MYR,SGD,MYR/SGD,1,SGD 50 – 200,amtBtw50And200,,,otherCurrencies,2026-10-07 02:30:00,2026-10-06 18:30:14,2026-10-06T18:31:05.884785+00:00,0.3161,,0.3132,,MAS,0.9259259259259304,
native,dbs,MYR,SGD,MYR/SGD,1,SGD < 50,amtLessThan50,,,otherCurrencies,2026-10-07 02:30:00,2026-10-06 18:30:14,2026-10-06T18:31:05.884785+00:00,0.3161,,0.3132,,MAS,0.9259259259259304,
native,dbs,NOK,SGD,NOK/SGD,1,SGD 50 – 200,amtBtw50And200,,,mainCurrencies,2026-10-07 02:30:00,2026-10-06 18:30:14,2026-10-06T18:31:05.884785+00:00,0.1355,0.1318,,0.13365,,,
native,dbs,NOK,SGD,NOK/SGD,1,SGD < 50,amtLessThan50,,,mainCurrencies,2026-10-07 02:30:00,2026-10-06 18:30:14,2026-10-06T18:31:05.884785+00:00,0.1359,0.1314,,0.13365,,,
native,dbs,NZD,SGD,NZD/SGD,1,SGD 50 – 200,amtBtw50And200,,,mainCurrencies,2026-10-07 02:30:00,2026-10-06 18:30:14,2026-10-06T18:31:05.884785+00:00,0.7268,0.7102,0.7164,0.7185,MAS,1.4517029592406427,0.8654383026242298
native,dbs,NZD,SGD,NZD/SGD,1,SGD < 50,amtLessThan50,,,mainCurrencies,2026-10-07 02:30:00,2026-10-06 18:30:14,2026-10-06T18:31:05.884785+00:00,0.7276,0.7095,0.7164,0.71855,MAS,1.5633724176437727,0.9631490787269705
native,dbs,OMR,SGD,OMR/SGD,1,SGD 50 – 200,amtBtw50And200,,,otherCurrencies,2026-10-07 02:30:00,2026-10-06 18:30:14,2026-10-06T18:31:05.884785+00:00,3.3432,,,,,,
native,dbs,OMR,SGD,OMR/SGD,1,SGD < 50,amtLessThan50,,,otherCurrencies,2026-10-07 02:30:00,2026-10-06 18:30:14,2026-10-06T18:31:05.884785+00:00,3.3432,,,,,,
native,dbs,PH0,SGD,PH0/SGD,100,SGD 50 – 200,amtBtw50And200,,,otherCurrencies,2026-10-07 02:30:00,2026-10-06 18:30:14,2026-10-06T18:31:05.884785+00:00,,2.0275,,,,,
native,dbs,PH0,SGD,PH0/SGD,100,SGD < 50,amtLessThan50,,,otherCurrencies,2026-10-07 02:30:00,2026-10-06 18:30:14,2026-10-06T18:31:05.884785+00:00,,2.0275,,,,,
native,dbs,PHP,SGD,PHP/SGD,100,SGD 50 – 200,amtBtw50And200,,,otherCurrencies,2026-10-07 02:30:00,2026-10-06 18:30:14,2026-10-06T18:31:05.884785+00:00,2.0584,,2.0382,,MAS,0.9910705524482385,
native,dbs,PHP,SGD,PHP/SGD,100,SGD < 50,amtLessThan50,,,otherCurrencies,2026-10-07 02:30:00,2026-10-06 18:30:14,2026-10-06T18:31:05.884785+00:00,2.0739,,2.0382,,MAS,1.75154548130705,
native,dbs,PLN,SGD,PLN/SGD,1,SGD 50 – 200,amtBtw50And200,,,otherCurrencies,2026-10-07 02:30:00,2026-10-06 18:30:14,2026-10-06T18:31:05.884785+00:00,0.3335,,,,,,
native,dbs,PLN,SGD,PLN/SGD,1,SGD < 50,amtLessThan50,,,otherCurrencies,2026-10-07 02:30:00,2026-10-06 18:30:14,2026-10-06T18:31:05.884785+00:00,0.3348,,,,,,
native,dbs,QAR,SGD,QAR/SGD,1,SGD 50 – 200,amtBtw50And200,,,otherCurrencies,2026-10-07 02:30:00,2026-10-06 18:30:14,2026-10-06T18:31:05.884785+00:00,0.3583,,0.35109999999999997,,MAS,2.0506978068926345,
native,dbs,QAR,SGD,QAR/SGD,1,SGD < 50,amtLessThan50,,,otherCurrencies,2026-10-07 02:30:00,2026-10-06 18:30:14,2026-10-06T18:31:05.884785+00:00,0.3597,,0.35109999999999997,,MAS,2.449444602677315,
native,dbs,RUB,SGD,RUB/SGD,100,SGD 50 – 200,amtBtw50And200,,,mainCurrencies,2026-10-07 02:30:00,2026-10-06 18:30:14,2026-10-06T18:31:05.884785+00:00,,,,,,,
native,dbs,RUB,SGD,RUB/SGD,100,SGD < 50,amtLessThan50,,,mainCurrencies,2026-10-07 02:30:00,2026-10-06 18:30:14,2026-10-06T18:31:05.884785+00:00,,,,,,,
native,dbs,SAR,SGD,SAR/SGD,100,SGD 50 – 200,amtBtw50And200,,,otherCurrencies,2026-10-07 02:30:00,2026-10-06 18:30:14,2026-10-06T18:31:05.884785+00:00,34.4593,,34.08,,MAS,1.112969483568077,
native,dbs,SAR,SGD,SAR/SGD,100,SGD < 50,amtLessThan50,,,otherCurrencies,2026-10-07 02:30:00,2026-10-06 18:30:14,2026-10-06T18:31:05.884785+00:00,34.4593,,34.08,,MAS,1.112969483568077,
native,dbs,SEK,SGD,SEK/SGD,1,SGD 50 – 200,amtBtw50And200,,,mainCurrencies,2026-10-07 02:30:00,2026-10-06 18:30:14,2026-10-06T18:31:05.884785+00:00,0.1296,0.1261,,0.12785,,,
native,dbs,SEK,SGD,SEK/SGD,1,SGD < 50,amtLessThan50,,,mainCurrencies,2026-10-07 02:30:00,2026-10-06 18:30:14,2026-10-06T18:31:05.884785+00:00,0.1301,0.1256,,0.12785,,,
native,dbs,THB,SGD,THB/SGD,100,SGD 50 – 200,amtBtw50And200,,,mainCurrencies,2026-10-07 02:30:00,2026-10-06 18:30:14,2026-10-06T18:31:05.884785+00:00,3.86,3.7447,3.8014,3.8023499999999997,MAS,1.5415373283527058,1.4915557426211445
native,dbs,THB,SGD,THB/SGD,100,SGD < 50,amtLessThan50,,,mainCurrencies,2026-10-07 02:30:00,2026-10-06 18:30:14,2026-10-06T18:31:05.884785+00:00,3.8642,3.7405,3.8014,3.8023499999999997,MAS,1.652022938917234,1.602041353185673
native,dbs,TND,SGD,TND/SGD,1,SGD 50 – 200,amtBtw50And200,,,otherCurrencies,2026-10-07 02:30:00,2026-10-06 18:30:14,2026-10-06T18:31:05.884785+00:00,0.4367,,,,,,
native,dbs,TND,SGD,TND/SGD,1,SGD < 50,amtLessThan50,,,otherCurrencies,2026-10-07 02:30:00,2026-10-06 18:30:14,2026-10-06T18:31:05.884785+00:00,0.4367,,,,,,
native,dbs,TWD,SGD,TWD/SGD,100,SGD 50 – 200,amtBtw50And200,,,otherCurrencies,2026-10-07 02:30:00,2026-10-06 18:30:14,2026-10-06T18:31:05.884785+00:00,4.0684,,4.0275,,MAS,1.01551831160769,
native,dbs,TWD,SGD,TWD/SGD,100,SGD < 50,amtLessThan50,,,otherCurrencies,2026-10-07 02:30:00,2026-10-06 18:30:14,2026-10-06T18:31:05.884785+00:00,4.0724,,4.0275,,MAS,1.1148355058969626,
native,dbs,USD,SGD,USD/SGD,1,SGD 50 – 200,amtBtw50And200,,,mainCurrencies,2026-10-07 02:30:00,2026-10-06 18:30:14,2026-10-06T18:31:05.884785+00:00,1.2882,1.2669,1.2794,1.27755,MAS,0.6878224167578489,0.97702047834924
native,dbs,USD,SGD,USD/SGD,1,SGD < 50,amtLessThan50,,,mainCurrencies,2026-10-07 02:30:00,2026-10-06 18:30:14,2026-10-06T18:31:05.884785+00:00,1.2891,1.266,1.2794,1.27755,MAS,0.7581678911989854,1.0473659527903765
native,dbs,VND,SGD,VND/SGD,100,SGD 50 – 200,amtBtw50And200,,,otherCurrencies,2026-10-07 02:30:00,2026-10-06 18:30:14,2026-10-06T18:31:05.884785+00:00,0.0051,,0.004922,,MAS,3.616416091019915,
native,dbs,VND,SGD,VND/SGD,100,SGD < 50,amtLessThan50,,,otherCurrencies,2026-10-07 02:30:00,2026-10-06 18:30:14,2026-10-06T18:31:05.884785+00:00,0.0051,,0.004922,,MAS,3.616416091019915,
native,dbs,XAU,SGD,XAU/SGD,1,SGD 50 – 200,amtBtw50And200,,,otherCurrencies,2026-10-07 02:30:00,2026-10-06 18:30:14,2026-10-06T18:31:05.884785+00:00,5357.91,5293.107,,5325.5085,,,
native,dbs,XAU,SGD,XAU/SGD,1,SGD < 50,amtLessThan50,,,otherCurrencies,2026-10-07 02:30:00,2026-10-06 18:30:14,2026-10-06T18:31:05.884785+00:00,5357.768,5293.005,,5325.3865000000005,,,
native,dbs,ZAR,SGD,ZAR/SGD,1,SGD 50 – 200,amtBtw50And200,,,otherCurrencies,2026-10-07 02:30:00,2026-10-06 18:30:14,2026-10-06T18:31:05.884785+00:00,0.0782,0.0763,,0.07725000000000001,,,
native,dbs,ZAR,SGD,ZAR/SGD,1,SGD < 50,amtLessThan50,,,otherCurrencies,2026-10-07 02:30:00,2026-10-06 18:30:14,2026-10-06T18:31:05.884785+00:00,0.0785,0.076,,0.07725,,,
native,hsbc,AED,SGD,AED/SGD,100,Indicative board,board,,,indicative_fx,2026-10-6,2026-10-6,2026-10-06T18:31:10.272900+00:00,35.98,33.71,34.83,34.845,MAS,3.301751363766864,3.2156187194946813
native,hsbc,AUD,SGD,AUD/SGD,1,Indicative board,board,,,indicative_fx,2026-10-6,2026-10-6,2026-10-06T18:31:10.272900+00:00,0.918,0.8643,0.8920999999999999,0.89115,MAS,2.9032619661473094,3.116242573702493
native,hsbc,CAD,SGD,CAD/SGD,1,Indicative board,board,,,indicative_fx,2026-10-6,2026-10-6,2026-10-06T18:31:10.272900+00:00,0.924,0.8699,0.8969,0.89695,MAS,3.02151856394247,3.010369048946373
native,hsbc,CHF,SGD,CHF/SGD,100,Indicative board,board,,,indicative_fx,2026-10-6,2026-10-6,2026-10-06T18:31:10.272900+00:00,158.5,149.23,153.93,153.865,MAS,2.9688819593321596,3.053335931917116
native,hsbc,CNY,SGD,CNY/SGD,100,Indicative board,board,,,indicative_fx,2026-10-6,2026-10-6,2026-10-06T18:31:10.272900+00:00,19.7,18.46,19.08,19.08,MAS,3.2494758909853303,3.2494758909853116
native,hsbc,DKK,SGD,DKK/SGD,100,Indicative board,board,,,indicative_fx,2026-10-6,2026-10-6,2026-10-06T18:31:10.272900+00:00,19.78,18.62,,19.200000000000003,,,
native,hsbc,EUR,SGD,EUR/SGD,1,Indicative board,board,,,indicative_fx,2026-10-6,2026-10-6,2026-10-06T18:31:10.272900+00:00,1.4784,1.3919,1.4358,1.43515,MAS,2.9669870455495175,3.0575289037470434
native,hsbc,FJD,SGD,FJD/SGD,1,Indicative board,board,,,indicative_fx,2026-10-6,2026-10-6,2026-10-06T18:31:10.272900+00:00,0.5945,,,,,,
native,hsbc,GBP,SGD,GBP/SGD,1,Indicative board,board,,,indicative_fx,2026-10-6,2026-10-6,2026-10-06T18:31:10.272900+00:00,1.7423,1.6404,1.6914,1.69135,MAS,3.0093413740096926,3.0152536360411455
native,hsbc,HKD,SGD,HKD/SGD,100,Indicative board,board,,,indicative_fx,2026-10-6,2026-10-6,2026-10-06T18:31:10.272900+00:00,16.51,16.1,16.3,16.305,MAS,1.2883435582822138,1.2269938650306704
native,hsbc,IDR,SGD,IDR/SGD,100,Indicative board,board,,,indicative_fx,2026-10-6,2026-10-6,2026-10-06T18:31:10.272900+00:00,0.0074,,0.007146999999999999,,MAS,3.539946830838135,
native,hsbc,INR,SGD,INR/SGD,100,Indicative board,board,,,indicative_fx,2026-10-6,2026-10-6,2026-10-06T18:31:10.272900+00:00,1.37,,1.3268,,MAS,3.2559541754597623,
native,hsbc,JPY,SGD,JPY/SGD,100,Indicative board,board,,,indicative_fx,2026-10-6,2026-10-6,2026-10-06T18:31:10.272900+00:00,0.8348,0.7859,0.8098,0.81035,MAS,3.087182020251917,2.9513460113608203
native,hsbc,LKR,SGD,LKR/SGD,100,Indicative board,board,,,indicative_fx,2026-10-6,2026-10-6,2026-10-06T18:31:10.272900+00:00,0.4,,,,,,
native,hsbc,MUR,SGD,MUR/SGD,100,Indicative board,board,,,indicative_fx,2026-10-6,2026-10-6,2026-10-06T18:31:10.272900+00:00,2.79,2.6,,2.6950000000000003,,,
native,hsbc,NOK,SGD,NOK/SGD,100,Indicative board,board,,,indicative_fx,2026-10-6,2026-10-6,2026-10-06T18:31:10.272900+00:00,13.74,12.93,,13.335,,,
native,hsbc,NZD,SGD,NZD/SGD,1,Indicative board,board,,,indicative_fx,2026-10-6,2026-10-6,2026-10-06T18:31:10.272900+00:00,0.7377,0.6945,0.7164,0.7161,MAS,2.973199329983247,3.056951423785599
native,hsbc,PHP,SGD,PHP/SGD,100,Indicative board,board,,,indicative_fx,2026-10-6,2026-10-6,2026-10-06T18:31:10.272900+00:00,2.11,,2.0382,,MAS,3.522716122068496,
native,hsbc,PKR,SGD,PKR/SGD,100,Indicative board,board,,,indicative_fx,2026-10-6,2026-10-6,2026-10-06T18:31:10.272900+00:00,0.48,,,,,,
native,hsbc,QAR,SGD,QAR/SGD,100,Indicative board,board,,,indicative_fx,2026-10-6,2026-10-6,2026-10-06T18:31:10.272900+00:00,35.59,34.66,35.11,35.125,MAS,1.3671318712617602,1.2816861293078976
native,hsbc,RUB,SGD,RUB/SGD,100,Indicative board,board,,,indicative_fx,2026-10-6,2026-10-6,2026-10-06T18:31:10.272900+00:00,15.64,14.53,,15.085,,,
native,hsbc,SAR,SGD,SAR/SGD,100,Indicative board,board,,,indicative_fx,2026-10-6,2026-10-6,2026-10-06T18:31:10.272900+00:00,34.52,33.66,34.08,34.09,MAS,1.291079812206587,1.2323943661971881
native,hsbc,SEK,SGD,SEK/SGD,100,Indicative board,board,,,indicative_fx,2026-10-6,2026-10-6,2026-10-06T18:31:10.272900+00:00,13.13,12.36,,12.745000000000001,,,
native,hsbc,THB,SGD,THB/SGD,100,Indicative board,board,,,indicative_fx,2026-10-6,2026-10-6,2026-10-06T18:31:10.272900+00:00,3.92,,3.8014,,MAS,3.1199031935602624,
native,hsbc,TRY,SGD,TRY/SGD,1,Indicative board,board,,,indicative_fx,2026-10-6,2026-10-6,2026-10-06T18:31:10.272900+00:00,0.0269,,,,,,
native,hsbc,USD,SGD,USD/SGD,1,Indicative board,board,,,indicative_fx,2026-10-6,2026-10-6,2026-10-06T18:31:10.272900+00:00,1.3054,1.254,1.2794,1.2797,MAS,2.0322025949663747,1.9853056120056345
native,hsbc,ZAR,SGD,ZAR/SGD,1,Indicative board,board,,,indicative_fx,2026-10-6,2026-10-6,2026-10-06T18:31:10.272900+00:00,0.0794,0.0744,,0.0769,,,
native,ocbc,AED,SGD,AED/SGD,100,"SGD 0 – 39,999.99",tier_1,,,fxRatesSgd,2026-10-06T07:00:14,2026-10-06T07:00:14,2026-10-06T18:31:07.886928+00:00,35.7073,33.6879,34.83,34.6976,MAS,2.518805627332754,3.2790697674418583
native,ocbc,AED,SGD,AED/SGD,100,"SGD 40,000 – 100,000",tier_2,,,fxRatesSgd,2026-10-06T07:00:14,2026-10-06T07:00:14,2026-10-06T18:31:07.886928+00:00,35.6967,33.7051,34.83,34.6976,MAS,2.4883720930232602,3.2296870513924687
native,ocbc,AUD,SGD,AUD/SGD,1,"SGD 0 – 39,999.99",tier_1,,,fxRatesSgd,2026-10-06T07:00:14,2026-10-06T07:00:14,2026-10-06T18:31:07.886928+00:00,0.907,0.8784,0.8920999999999999,0.8927,MAS,1.6702163434592687,1.5357022755296421
native,ocbc,AUD,SGD,AUD/SGD,1,"SGD 40,000 – 100,000",tier_2,,,fxRatesSgd,2026-10-06T07:00:14,2026-10-06T07:00:14,2026-10-06T18:31:07.886928+00:00,0.9052,0.8801,0.8920999999999999,0.8927,MAS,1.4684452415648597,1.3451406792960319
native,ocbc,BGN,SGD,BGN/SGD,100,"SGD 0 – 39,999.99",tier_1,,,fxRatesSgd,2026-10-06T07:00:14,2026-10-06T07:00:14,2026-10-06T18:31:07.886928+00:00,0.0,0.0,,0.0,,,
native,ocbc,BGN,SGD,BGN/SGD,100,"SGD 40,000 – 100,000",tier_2,,,fxRatesSgd,2026-10-06T07:00:14,2026-10-06T07:00:14,2026-10-06T18:31:07.886928+00:00,0.0,0.0,,0.0,,,
native,ocbc,BHD,SGD,BHD/SGD,1,"SGD 0 – 39,999.99",tier_1,,,fxRatesSgd,2026-10-06T07:00:14,2026-10-06T07:00:14,2026-10-06T18:31:07.886928+00:00,0.0,0.0,,0.0,,,
native,ocbc,BHD,SGD,BHD/SGD,1,"SGD 40,000 – 100,000",tier_2,,,fxRatesSgd,2026-10-06T07:00:14,2026-10-06T07:00:14,2026-10-06T18:31:07.886928+00:00,0.0,0.0,,0.0,,,
native,ocbc,CAD,SGD,CAD/SGD,1,"SGD 0 – 39,999.99",tier_1,,,fxRatesSgd,2026-10-06T07:00:14,2026-10-06T07:00:14,2026-10-06T18:31:07.886928+00:00,0.9117,0.8794,0.8969,0.8956,MAS,1.6501282194224465,1.9511651243171002
native,ocbc,CAD,SGD,CAD/SGD,1,"SGD 40,000 – 100,000",tier_2,,,fxRatesSgd,2026-10-06T07:00:14,2026-10-06T07:00:14,2026-10-06T18:31:07.886928+00:00,0.9099,0.8812,0.8969,0.8956,MAS,1.4494369494926984,1.7504738543873393
native,ocbc,CHF,SGD,CHF/SGD,100,"SGD 0 – 39,999.99",tier_1,,,fxRatesSgd,2026-10-06T07:00:14,2026-10-06T07:00:14,2026-10-06T18:31:07.886928+00:00,156.5636,151.0083,153.93,153.786,MAS,1.7109075553823172,1.8980705515494154
native,ocbc,CHF,SGD,CHF/SGD,100,"SGD 40,000 – 100,000",tier_2,,,fxRatesSgd,2026-10-06T07:00:14,2026-10-06T07:00:14,2026-10-06T18:31:07.886928+00:00,156.256,151.3159,153.93,153.786,MAS,1.5110764633274822,1.6982394594945802
native,ocbc,CNH,SGD,CNH/SGD,100,"SGD 0 – 39,999.99",tier_1,,,fxRatesSgd,2026-10-06T07:00:14,2026-10-06T07:00:14,2026-10-06T18:31:07.886928+00:00,19.4196,18.8462,,19.1329,,,
native,ocbc,CNH,SGD,CNH/SGD,100,"SGD 40,000 – 100,000",tier_2,,,fxRatesSgd,2026-10-06T07:00:14,2026-10-06T07:00:14,2026-10-06T18:31:07.886928+00:00,19.4005,18.8653,,19.1329,,,
native,ocbc,CZK,SGD,CZK/SGD,100,"SGD 0 – 39,999.99",tier_1,,,fxRatesSgd,2026-10-06T07:00:14,2026-10-06T07:00:14,2026-10-06T18:31:07.886928+00:00,0.0,0.0,,0.0,,,
native,ocbc,CZK,SGD,CZK/SGD,100,"SGD 40,000 – 100,000",tier_2,,,fxRatesSgd,2026-10-06T07:00:14,2026-10-06T07:00:14,2026-10-06T18:31:07.886928+00:00,0.0,0.0,,0.0,,,
native,ocbc,DKK,SGD,DKK/SGD,100,"SGD 0 – 39,999.99",tier_1,,,fxRatesSgd,2026-10-06T07:00:14,2026-10-06T07:00:14,2026-10-06T18:31:07.886928+00:00,19.5773,18.8836,,19.2305,,,
native,ocbc,DKK,SGD,DKK/SGD,100,"SGD 40,000 – 100,000",tier_2,,,fxRatesSgd,2026-10-06T07:00:14,2026-10-06T07:00:14,2026-10-06T18:31:07.886928+00:00,19.5389,18.9221,,19.2305,,,
native,ocbc,EUR,SGD,EUR/SGD,1,"SGD 0 – 39,999.99",tier_1,,,fxRatesSgd,2026-10-06T07:00:14,2026-10-06T07:00:14,2026-10-06T18:31:07.886928+00:00,1.4535,1.4179,1.4358,1.4357,MAS,1.2327622231508601,1.246691739796631
native,ocbc,EUR,SGD,EUR/SGD,1,"SGD 40,000 – 100,000",tier_2,,,fxRatesSgd,2026-10-06T07:00:14,2026-10-06T07:00:14,2026-10-06T18:31:07.886928+00:00,1.4518,1.4198,1.4358,1.4357,MAS,1.1143613316617924,1.1143613316617924
native,ocbc,GBP,SGD,GBP/SGD,1,"SGD 0 – 39,999.99",tier_1,,,fxRatesSgd,2026-10-06T07:00:14,2026-10-06T07:00:14,2026-10-06T18:31:07.886928+00:00,1.7157,1.6702,1.6914,1.693,MAS,1.436679673643135,1.253399550668092
native,ocbc,GBP,SGD,GBP/SGD,1,"SGD 40,000 – 100,000",tier_2,,,fxRatesSgd,2026-10-06T07:00:14,2026-10-06T07:00:14,2026-10-06T18:31:07.886928+00:00,1.714,1.6723,1.6914,1.693,MAS,1.336171219108428,1.1292420480075747
native,ocbc,HKD,SGD,HKD/SGD,100,"SGD 0 – 39,999.99",tier_1,,,fxRatesSgd,2026-10-06T07:00:14,2026-10-06T07:00:14,2026-10-06T18:31:07.886928+00:00,16.4996,16.1012,16.3,16.3004,MAS,1.2245398773006149,1.2196319018405035
native,ocbc,HKD,SGD,HKD/SGD,100,"SGD 40,000 – 100,000",tier_2,,,fxRatesSgd,2026-10-06T07:00:14,2026-10-06T07:00:14,2026-10-06T18:31:07.886928+00:00,16.4703,16.111,16.3,16.3004,MAS,1.0447852760736258,1.159509202453988
native,ocbc,HUF,SGD,HUF/SGD,100,"SGD 0 – 39,999.99",tier_1,,,fxRatesSgd,2026-10-06T07:00:14,2026-10-06T07:00:14,2026-10-06T18:31:07.886928+00:00,0.0,0.0,,0.0,,,
native,ocbc,HUF,SGD,HUF/SGD,100,"SGD 40,000 – 100,000",tier_2,,,fxRatesSgd,2026-10-06T07:00:14,2026-10-06T07:00:14,2026-10-06T18:31:07.886928+00:00,0.0,0.0,,0.0,,,
native,ocbc,IDR,SGD,IDR/SGD,100,"SGD 0 – 39,999.99",tier_1,,,fxRatesSgd,2026-10-06T07:00:14,2026-10-06T07:00:14,2026-10-06T18:31:07.886928+00:00,0.0073,0.0,0.007146999999999999,0.0073,MAS,2.14075836015113,100.0
native,ocbc,IDR,SGD,IDR/SGD,100,"SGD 40,000 – 100,000",tier_2,,,fxRatesSgd,2026-10-06T07:00:14,2026-10-06T07:00:14,2026-10-06T18:31:07.886928+00:00,0.0073,0.0,0.007146999999999999,0.0073,MAS,2.14075836015113,100.0
native,ocbc,ILS,SGD,ILS/SGD,100,"SGD 0 – 39,999.99",tier_1,,,fxRatesSgd,2026-10-06T07:00:14,2026-10-06T07:00:14,2026-10-06T18:31:07.886928+00:00,0.0,0.0,,0.0,,,
native,ocbc,ILS,SGD,ILS/SGD,100,"SGD 40,000 – 100,000",tier_2,,,fxRatesSgd,2026-10-06T07:00:14,2026-10-06T07:00:14,2026-10-06T18:31:07.886928+00:00,0.0,0.0,,0.0,,,
native,ocbc,INR,SGD,INR/SGD,100,"SGD 0 – 39,999.99",tier_1,,,fxRatesSgd,2026-10-06T07:00:14,2026-10-06T07:00:14,2026-10-06T18:31:07.886928+00:00,1.368,0.0,1.3268,1.368,MAS,3.1052155562255144,100.0
native,ocbc,INR,SGD,INR/SGD,100,"SGD 40,000 – 100,000",tier_2,,,fxRatesSgd,2026-10-06T07:00:14,2026-10-06T07:00:14,2026-10-06T18:31:07.886928+00:00,1.3654,0.0,1.3268,1.368,MAS,2.9092553512209802,100.0
native,ocbc,JOD,SGD,JOD/SGD,1,"SGD 0 – 39,999.99",tier_1,,,fxRatesSgd,2026-10-06T07:00:14,2026-10-06T07:00:14,2026-10-06T18:31:07.886928+00:00,0.0,0.0,,0.0,,,
native,ocbc,JOD,SGD,JOD/SGD,1,"SGD 40,000 – 100,000",tier_2,,,fxRatesSgd,2026-10-06T07:00:14,2026-10-06T07:00:14,2026-10-06T18:31:07.886928+00:00,0.0,0.0,,0.0,,,
native,ocbc,JPY,SGD,JPY/SGD,100,"SGD 0 – 39,999.99",tier_1,,,fxRatesSgd,2026-10-06T07:00:14,2026-10-06T07:00:14,2026-10-06T18:31:07.886928+00:00,0.8187,0.7986,0.8098,0.8087,MAS,1.099036799209684,1.383057545072856
native,ocbc,JPY,SGD,JPY/SGD,100,"SGD 40,000 – 100,000",tier_2,,,fxRatesSgd,2026-10-06T07:00:14,2026-10-06T07:00:14,2026-10-06T18:31:07.886928+00:00,0.8179,0.8,0.8098,0.8087,MAS,1.0002469745616198,1.2101753519387404
native,ocbc,KRW,SGD,KRW/SGD,100,"SGD 0 – 39,999.99",tier_1,,,fxRatesSgd,2026-10-06T07:00:14,2026-10-06T07:00:14,2026-10-06T18:31:07.886928+00:00,0.0,0.0,0.0953,0.0,MAS,-100.0,100.0
native,ocbc,KRW,SGD,KRW/SGD,100,"SGD 40,000 – 100,000",tier_2,,,fxRatesSgd,2026-10-06T07:00:14,2026-10-06T07:00:14,2026-10-06T18:31:07.886928+00:00,0.0,0.0,0.0953,0.0,MAS,-100.0,100.0
native,ocbc,LKR,SGD,LKR/SGD,100,"SGD 0 – 39,999.99",tier_1,,,fxRatesSgd,2026-10-06T07:00:14,2026-10-06T07:00:14,2026-10-06T18:31:07.886928+00:00,0.3993,0.0,,0.3993,,,
native,ocbc,LKR,SGD,LKR/SGD,100,"SGD 40,000 – 100,000",tier_2,,,fxRatesSgd,2026-10-06T07:00:14,2026-10-06T07:00:14,2026-10-06T18:31:07.886928+00:00,0.3985,0.0,,0.3993,,,
native,ocbc,MAD,SGD,MAD/SGD,100,"SGD 0 – 39,999.99",tier_1,,,fxRatesSgd,2026-10-06T07:00:14,2026-10-06T07:00:14,2026-10-06T18:31:07.886928+00:00,0.0,0.0,,0.0,,,
native,ocbc,MAD,SGD,MAD/SGD,100,"SGD 40,000 – 100,000",tier_2,,,fxRatesSgd,2026-10-06T07:00:14,2026-10-06T07:00:14,2026-10-06T18:31:07.886928+00:00,0.0,0.0,,0.0,,,
native,ocbc,MXN,SGD,MXN/SGD,100,"SGD 0 – 39,999.99",tier_1,,,fxRatesSgd,2026-10-06T07:00:14,2026-10-06T07:00:14,2026-10-06T18:31:07.886928+00:00,7.2995,0.0,,7.2995,,,
native,ocbc,MXN,SGD,MXN/SGD,100,"SGD 40,000 – 100,000",tier_2,,,fxRatesSgd,2026-10-06T07:00:14,2026-10-06T07:00:14,2026-10-06T18:31:07.886928+00:00,7.298,0.0,,7.2995,,,
native,ocbc,MYR,SGD,MYR/SGD,100,"SGD 0 – 39,999.99",tier_1,,,fxRatesSgd,2026-10-06T07:00:14,2026-10-06T07:00:14,2026-10-06T18:31:07.886928+00:00,0.0,0.0,31.319999999999997,0.0,MAS,-100.0,100.0
native,ocbc,MYR,SGD,MYR/SGD,100,"SGD 40,000 – 100,000",tier_2,,,fxRatesSgd,2026-10-06T07:00:14,2026-10-06T07:00:14,2026-10-06T18:31:07.886928+00:00,0.0,0.0,31.319999999999997,0.0,MAS,-100.0,100.0
native,ocbc,NOK,SGD,NOK/SGD,100,"SGD 0 – 39,999.99",tier_1,,,fxRatesSgd,2026-10-06T07:00:14,2026-10-06T07:00:14,2026-10-06T18:31:07.886928+00:00,13.5769,13.0936,,13.3353,,,
native,ocbc,NOK,SGD,NOK/SGD,100,"SGD 40,000 – 100,000",tier_2,,,fxRatesSgd,2026-10-06T07:00:14,2026-10-06T07:00:14,2026-10-06T18:31:07.886928+00:00,13.5502,13.1202,,13.3353,,,
native,ocbc,NZD,SGD,NZD/SGD,1,"SGD 0 – 39,999.99",tier_1,,,fxRatesSgd,2026-10-06T07:00:14,2026-10-06T07:00:14,2026-10-06T18:31:07.886928+00:00,0.7311,0.7063,0.7164,0.7187,MAS,2.051926298157445,1.4098269123394747
native,ocbc,NZD,SGD,NZD/SGD,1,"SGD 40,000 – 100,000",tier_2,,,fxRatesSgd,2026-10-06T07:00:14,2026-10-06T07:00:14,2026-10-06T18:31:07.886928+00:00,0.7293,0.7084,0.7164,0.7187,MAS,1.8006700167504064,1.1166945840312683
native,ocbc,OMR,SGD,OMR/SGD,1,"SGD 0 – 39,999.99",tier_1,,,fxRatesSgd,2026-10-06T07:00:14,2026-10-06T07:00:14,2026-10-06T18:31:07.886928+00:00,0.0,0.0,,0.0,,,
native,ocbc,OMR,SGD,OMR/SGD,1,"SGD 40,000 – 100,000",tier_2,,,fxRatesSgd,2026-10-06T07:00:14,2026-10-06T07:00:14,2026-10-06T18:31:07.886928+00:00,0.0,0.0,,0.0,,,
native,ocbc,PHP,SGD,PHP/SGD,100,"SGD 0 – 39,999.99",tier_1,,,fxRatesSgd,2026-10-06T07:00:14,2026-10-06T07:00:14,2026-10-06T18:31:07.886928+00:00,2.1019,0.0,2.0382,2.1019,MAS,3.1253066431164913,100.0
native,ocbc,PHP,SGD,PHP/SGD,100,"SGD 40,000 – 100,000",tier_2,,,fxRatesSgd,2026-10-06T07:00:14,2026-10-06T07:00:14,2026-10-06T18:31:07.886928+00:00,2.1009,0.0,2.0382,2.1019,MAS,3.076243744480445,100.0
native,ocbc,PLN,SGD,PLN/SGD,100,"SGD 0 – 39,999.99",tier_1,,,fxRatesSgd,2026-10-06T07:00:14,2026-10-06T07:00:14,2026-10-06T18:31:07.886928+00:00,33.734,31.6326,,32.6833,,,
native,ocbc,PLN,SGD,PLN/SGD,100,"SGD 40,000 – 100,000",tier_2,,,fxRatesSgd,2026-10-06T07:00:14,2026-10-06T07:00:14,2026-10-06T18:31:07.886928+00:00,33.7174,31.6584,,32.6833,,,
native,ocbc,QAR,SGD,QAR/SGD,100,"SGD 0 – 39,999.99",tier_1,,,fxRatesSgd,2026-10-06T07:00:14,2026-10-06T07:00:14,2026-10-06T18:31:07.886928+00:00,36.1146,34.0135,35.11,35.0641,MAS,2.861293078894912,3.123041868413554
native,ocbc,QAR,SGD,QAR/SGD,100,"SGD 40,000 – 100,000",tier_2,,,fxRatesSgd,2026-10-06T07:00:14,2026-10-06T07:00:14,2026-10-06T18:31:07.886928+00:00,36.0932,34.0307,35.11,35.0641,MAS,2.800341782967826,3.0740529763600013
native,ocbc,RON,SGD,RON/SGD,100,"SGD 0 – 39,999.99",tier_1,,,fxRatesSgd,2026-10-06T07:00:14,2026-10-06T07:00:14,2026-10-06T18:31:07.886928+00:00,0.0,0.0,,0.0,,,
native,ocbc,RON,SGD,RON/SGD,100,"SGD 40,000 – 100,000",tier_2,,,fxRatesSgd,2026-10-06T07:00:14,2026-10-06T07:00:14,2026-10-06T18:31:07.886928+00:00,0.0,0.0,,0.0,,,
native,ocbc,RUB,SGD,RUB/SGD,100,"SGD 0 – 39,999.99",tier_1,,,fxRatesSgd,2026-10-06T07:00:14,2026-10-06T07:00:14,2026-10-06T18:31:07.886928+00:00,0.0,0.0,,0.0,,,
native,ocbc,RUB,SGD,RUB/SGD,100,"SGD 40,000 – 100,000",tier_2,,,fxRatesSgd,2026-10-06T07:00:14,2026-10-06T07:00:14,2026-10-06T18:31:07.886928+00:00,0.0,0.0,,0.0,,,
native,ocbc,SAR,SGD,SAR/SGD,100,"SGD 0 – 39,999.99",tier_1,,,fxRatesSgd,2026-10-06T07:00:14,2026-10-06T07:00:14,2026-10-06T18:31:07.886928+00:00,35.0068,33.0801,34.08,34.0435,MAS,2.719483568075118,2.9339788732394267
native,ocbc,SAR,SGD,SAR/SGD,100,"SGD 40,000 – 100,000",tier_2,,,fxRatesSgd,2026-10-06T07:00:14,2026-10-06T07:00:14,2026-10-06T18:31:07.886928+00:00,34.9895,33.0969,34.08,34.0435,MAS,2.6687206572769995,2.8846830985915504
native,ocbc,SEK,SGD,SEK/SGD,100,"SGD 0 – 39,999.99",tier_1,,,fxRatesSgd,2026-10-06T07:00:14,2026-10-06T07:00:14,2026-10-06T18:31:07.886928+00:00,13.0079,12.5449,,12.7764,,,
native,ocbc,SEK,SGD,SEK/SGD,100,"SGD 40,000 – 100,000",tier_2,,,fxRatesSgd,2026-10-06T07:00:14,2026-10-06T07:00:14,2026-10-06T18:31:07.886928+00:00,12.9824,12.5705,,12.7764,,,
native,ocbc,THB,SGD,THB/SGD,100,"SGD 0 – 39,999.99",tier_1,,,fxRatesSgd,2026-10-06T07:00:14,2026-10-06T07:00:14,2026-10-06T18:31:07.886928+00:00,3.91,3.6958,3.8014,3.8029,MAS,2.8568422160256755,2.7779239227652948
native,ocbc,THB,SGD,THB/SGD,100,"SGD 40,000 – 100,000",tier_2,,,fxRatesSgd,2026-10-06T07:00:14,2026-10-06T07:00:14,2026-10-06T18:31:07.886928+00:00,3.9024,3.7034,3.8014,3.8029,MAS,2.6569158730993836,2.5779975798390145
native,ocbc,TRY,SGD,TRY/SGD,100,"SGD 0 – 39,999.99",tier_1,,,fxRatesSgd,2026-10-06T07:00:14,2026-10-06T07:00:14,2026-10-06T18:31:07.886928+00:00,2.6704,2.5599,,2.6152,,,
native,ocbc,TRY,SGD,TRY/SGD,100,"SGD 40,000 – 100,000",tier_2,,,fxRatesSgd,2026-10-06T07:00:14,2026-10-06T07:00:14,2026-10-06T18:31:07.886928+00:00,2.6691,2.5601,,2.6152,,,
native,ocbc,TWD,SGD,TWD/SGD,100,"SGD 0 – 39,999.99",tier_1,,,fxRatesSgd,2026-10-06T07:00:14,2026-10-06T07:00:14,2026-10-06T18:31:07.886928+00:00,4.1758,0.0,4.0275,4.1758,MAS,3.682184978274361,100.0
native,ocbc,TWD,SGD,TWD/SGD,100,"SGD 40,000 – 100,000",tier_2,,,fxRatesSgd,2026-10-06T07:00:14,2026-10-06T07:00:14,2026-10-06T18:31:07.886928+00:00,0.0,0.0,4.0275,4.1758,MAS,-100.0,100.0
native,ocbc,USD,SGD,USD/SGD,1,"SGD 0 – 39,999.99",tier_1,,,fxRatesSgd,2026-10-06T07:00:14,2026-10-06T07:00:14,2026-10-06T18:31:07.886928+00:00,1.2906,1.2663,1.2794,1.2785,MAS,0.8754103486008971,1.0239174613099977
native,ocbc,USD,SGD,USD/SGD,1,"SGD 40,000 – 100,000",tier_2,,,fxRatesSgd,2026-10-06T07:00:14,2026-10-06T07:00:14,2026-10-06T18:31:07.886928+00:00,1.2894,1.2686,1.2794,1.2785,MAS,0.7816163826793817,0.8441456932937426
native,ocbc,ZAR,SGD,ZAR/SGD,100,"SGD 0 – 39,999.99",tier_1,,,fxRatesSgd,2026-10-06T07:00:14,2026-10-06T07:00:14,2026-10-06T18:31:07.886928+00:00,7.9556,7.4884,,7.722,,,
native,ocbc,ZAR,SGD,ZAR/SGD,100,"SGD 40,000 – 100,000",tier_2,,,fxRatesSgd,2026-10-06T07:00:14,2026-10-06T07:00:14,2026-10-06T18:31:07.886928+00:00,7.9518,7.4923,,7.722,,,
native,uob,AED,SGD,AED/SGD,100,Indicative board,board,,,forex_sgd,06 October 2026 05:21:56 PM,06 October 2026 05:21:56 PM,2026-10-06T18:31:09.438135+00:00,35.67,33.97,34.83,34.82,MAS,2.411714039621026,2.4691358024691343
native,uob,AOA,SGD,AOA/SGD,100,Indicative board,board,,,forex_sgd,06 October 2026 05:21:56 PM,06 October 2026 05:21:56 PM,2026-10-06T18:31:09.438135+00:00,0.1439,,,,,,
native,uob,AUD,SGD,AUD/SGD,1,Indicative board,board,,,forex_sgd,06 October 2026 05:21:56 PM,06 October 2026 05:21:56 PM,2026-10-06T18:31:09.438135+00:00,0.907,0.876,0.8920999999999999,0.8915,MAS,1.6702163434592687,1.8047304113888458
native,uob,BDT,SGD,BDT/SGD,100,Indicative board,board,,,forex_sgd,06 October 2026 05:21:56 PM,06 October 2026 05:21:56 PM,2026-10-06T18:31:09.438135+00:00,1.0696,,,,,,
native,uob,BND,SGD,BND/SGD,1,Indicative board,board,,,forex_sgd,06 October 2026 05:21:56 PM,06 October 2026 05:21:56 PM,2026-10-06T18:31:09.438135+00:00,1.0,1.0,,1.0,,,
native,uob,CAD,SGD,CAD/SGD,1,Indicative board,board,,,forex_sgd,06 October 2026 05:21:56 PM,06 October 2026 05:21:56 PM,2026-10-06T18:31:09.438135+00:00,0.9058,0.8858,0.8969,0.8958,MAS,0.9923068346526946,1.2375961645668412
native,uob,CHF,SGD,CHF/SGD,100,Indicative board,board,,,forex_sgd,06 October 2026 05:21:56 PM,06 October 2026 05:21:56 PM,2026-10-06T18:31:09.438135+00:00,155.43,152.13,153.93,153.78,MAS,0.9744689144416292,1.1693626973299625
native,uob,CNH,SGD,CNH/SGD,100,Indicative board,board,,,forex_sgd,06 October 2026 05:21:56 PM,06 October 2026 05:21:56 PM,2026-10-06T18:31:09.438135+00:00,19.31,18.85,,19.08,,,
native,uob,DKK,SGD,DKK/SGD,100,Indicative board,board,,,forex_sgd,06 October 2026 05:21:56 PM,06 October 2026 05:21:56 PM,2026-10-06T18:31:09.438135+00:00,19.58,18.88,,19.229999999999997,,,
native,uob,EGP,SGD,EGP/SGD,100,Indicative board,board,,,forex_sgd,06 October 2026 05:21:56 PM,06 October 2026 05:21:56 PM,2026-10-06T18:31:09.438135+00:00,2.5106,,,,,,
native,uob,EUR,SGD,EUR/SGD,1,Indicative board,board,,,forex_sgd,06 October 2026 05:21:56 PM,06 October 2026 05:21:56 PM,2026-10-06T18:31:09.438135+00:00,1.456,1.418,1.4358,1.4369999999999998,MAS,1.4068811812230113,1.2397269814737455
native,uob,GBP,SGD,GBP/SGD,1,Indicative board,board,,,forex_sgd,06 October 2026 05:21:56 PM,06 October 2026 05:21:56 PM,2026-10-06T18:31:09.438135+00:00,1.7155,1.6705,1.6914,1.693,MAS,1.42485514958023,1.235662764573721
native,uob,HKD,SGD,HKD/SGD,100,Indicative board,board,,,forex_sgd,06 October 2026 05:21:56 PM,06 October 2026 05:21:56 PM,2026-10-06T18:31:09.438135+00:00,16.479,16.121,16.3,16.299999999999997,MAS,1.0981595092024448,1.0981595092024665
native,uob,INR,SGD,INR/SGD,100,Indicative board,board,,,forex_sgd,06 October 2026 05:21:56 PM,06 October 2026 05:21:56 PM,2026-10-06T18:31:09.438135+00:00,1.3636,,1.3268,,MAS,2.7735905939101557,
native,uob,JPY,SGD,JPY/SGD,100,Indicative board,board,,,forex_sgd,06 October 2026 05:21:56 PM,06 October 2026 05:21:56 PM,2026-10-06T18:31:09.438135+00:00,0.8256,0.7916,0.8098,0.8086,MAS,1.9510990367992143,2.247468510743393
native,uob,KRW,SGD,KRW/SGD,1000,Indicative board,board,,,forex_sgd,06 October 2026 05:21:56 PM,06 October 2026 05:21:56 PM,2026-10-06T18:31:09.438135+00:00,0.9677,,0.953,,MAS,1.5424973767051466,
native,uob,KWD,SGD,KWD/SGD,1,Indicative board,board,,,forex_sgd,06 October 2026 05:21:56 PM,06 October 2026 05:21:56 PM,2026-10-06T18:31:09.438135+00:00,4.1898,,,,,,
native,uob,LKR,SGD,LKR/SGD,100,Indicative board,board,,,forex_sgd,06 October 2026 05:21:56 PM,06 October 2026 05:21:56 PM,2026-10-06T18:31:09.438135+00:00,0.3936,,,,,,
native,uob,MXN,SGD,MXN/SGD,100,Indicative board,board,,,forex_sgd,06 October 2026 05:21:56 PM,06 October 2026 05:21:56 PM,2026-10-06T18:31:09.438135+00:00,7.1545,,,,,,
native,uob,MYR,SGD,MYR/SGD,100,Indicative board,board,,,forex_sgd,06 October 2026 05:21:56 PM,06 October 2026 05:21:56 PM,2026-10-06T18:31:09.438135+00:00,31.7965,,31.319999999999997,,MAS,1.5213920817369255,
native,uob,NOK,SGD,NOK/SGD,100,Indicative board,board,,,forex_sgd,06 October 2026 05:21:56 PM,06 October 2026 05:21:56 PM,2026-10-06T18:31:09.438135+00:00,13.56,13.12,,13.34,,,
native,uob,NZD,SGD,NZD/SGD,1,Indicative board,board,,,forex_sgd,06 October 2026 05:21:56 PM,06 October 2026 05:21:56 PM,2026-10-06T18:31:09.438135+00:00,0.7263,0.7063,0.7164,0.7162999999999999,MAS,1.3819095477386807,1.4098269123394747
native,uob,PHP,SGD,PHP/SGD,100,Indicative board,board,,,forex_sgd,06 October 2026 05:21:56 PM,06 October 2026 05:21:56 PM,2026-10-06T18:31:09.438135+00:00,2.0853,,2.0382,,MAS,2.31086252575804,
native,uob,PKR,SGD,PKR/SGD,100,Indicative board,board,,,forex_sgd,06 October 2026 05:21:56 PM,06 October 2026 05:21:56 PM,2026-10-06T18:31:09.438135+00:00,0.4685,,,,,,
native,uob,SAR,SGD,SAR/SGD,100,Indicative board,board,,,forex_sgd,06 October 2026 05:21:56 PM,06 October 2026 05:21:56 PM,2026-10-06T18:31:09.438135+00:00,,,34.08,,MAS,,
native,uob,SEK,SGD,SEK/SGD,100,Indicative board,board,,,forex_sgd,06 October 2026 05:21:56 PM,06 October 2026 05:21:56 PM,2026-10-06T18:31:09.438135+00:00,13.01,12.53,,12.77,,,
native,uob,THB,SGD,THB/SGD,100,Indicative board,board,,,forex_sgd,06 October 2026 05:21:56 PM,06 October 2026 05:21:56 PM,2026-10-06T18:31:09.438135+00:00,3.91,3.71,3.8014,3.81,MAS,2.8568422160256755,2.4043773346661794
native,uob,TWD,SGD,TWD/SGD,100,Indicative board,board,,,forex_sgd,06 October 2026 05:21:56 PM,06 October 2026 05:21:56 PM,2026-10-06T18:31:09.438135+00:00,4.1183,,4.0275,,MAS,2.2545003103662262,
native,uob,USD,SGD,USD/SGD,1,Indicative board,board,,,forex_sgd,06 October 2026 05:21:56 PM,06 October 2026 05:21:56 PM,2026-10-06T18:31:09.438135+00:00,1.2909,1.2669,1.2794,1.2789,MAS,0.8988588400812758,0.97702047834924
native,uob,VND,SGD,VND/SGD,1000,Indicative board,board,,,forex_sgd,06 October 2026 05:21:56 PM,06 October 2026 05:21:56 PM,2026-10-06T18:31:09.438135+00:00,0.0504,,0.04922,,MAS,2.3973994311255598,
native,uob,XAF,SGD,XAF/SGD,100,Indicative board,board,,,forex_sgd,06 October 2026 05:21:56 PM,06 October 2026 05:21:56 PM,2026-10-06T18:31:09.438135+00:00,0.2248,,,,,,
native,uob,XOF,SGD,XOF/SGD,100,Indicative board,board,,,forex_sgd,06 October 2026 05:21:56 PM,06 October 2026 05:21:56 PM,2026-10-06T18:31:09.438135+00:00,0.2255,,,,,,
native,uob,ZAR,SGD,ZAR/SGD,1,Indicative board,board,,,forex_sgd,06 October 2026 05:21:56 PM,06 October 2026 05:21:56 PM,2026-10-06T18:31:09.438135+00:00,0.0792,0.0752,,0.0772,,,
standardized,dbs,AED,SGD,AED/SGD,1,SGD 50 – 200,amtBtw50And200,"SGD 200 – 39,999.99",std_200_40k,mainCurrencies,2026-10-07 02:30:00,2026-10-06 18:30:14,2026-10-06T18:31:05.884785+00:00,0.3502,0.3454,0.3483,0.3478,MAS,0.5455067470571383,0.8326155612977358
standardized,dbs,AED,SGD,AED/SGD,1,SGD 50 – 200,amtBtw50And200,"SGD 40,000 – 100,000",std_40k_100k,mainCurrencies,2026-10-07 02:30:00,2026-10-06 18:30:14,2026-10-06T18:31:05.884785+00:00,0.3502,0.3454,0.3483,0.3478,MAS,0.5455067470571383,0.8326155612977358
standardized,dbs,AED,SGD,AED/SGD,1,SGD 50 – 200,amtBtw50And200,SGD 50 – 200,std_50_200,mainCurrencies,2026-10-07 02:30:00,2026-10-06 18:30:14,2026-10-06T18:31:05.884785+00:00,0.3502,0.3454,0.3483,0.3478,MAS,0.5455067470571383,0.8326155612977358
standardized,dbs,AED,SGD,AED/SGD,1,SGD < 50,amtLessThan50,SGD < 50,std_lt_50,mainCurrencies,2026-10-07 02:30:00,2026-10-06 18:30:14,2026-10-06T18:31:05.884785+00:00,0.353,0.3427,0.3483,0.34785,MAS,1.3494114269308017,1.6078093597473426
standardized,dbs,AUD,SGD,AUD/SGD,1,SGD 50 – 200,amtBtw50And200,"SGD 200 – 39,999.99",std_200_40k,mainCurrencies,2026-10-07 02:30:00,2026-10-06 18:30:14,2026-10-06T18:31:05.884785+00:00,0.9022,0.8825,0.8920999999999999,0.89235,MAS,1.1321600717408487,1.0761125434368282
standardized,dbs,AUD,SGD,AUD/SGD,1,SGD 50 – 200,amtBtw50And200,"SGD 40,000 – 100,000",std_40k_100k,mainCurrencies,2026-10-07 02:30:00,2026-10-06 18:30:14,2026-10-06T18:31:05.884785+00:00,0.9022,0.8825,0.8920999999999999,0.89235,MAS,1.1321600717408487,1.0761125434368282
standardized,dbs,AUD,SGD,AUD/SGD,1,SGD 50 – 200,amtBtw50And200,SGD 50 – 200,std_50_200,mainCurrencies,2026-10-07 02:30:00,2026-10-06 18:30:14,2026-10-06T18:31:05.884785+00:00,0.9022,0.8825,0.8920999999999999,0.89235,MAS,1.1321600717408487,1.0761125434368282
standardized,dbs,AUD,SGD,AUD/SGD,1,SGD < 50,amtLessThan50,SGD < 50,std_lt_50,mainCurrencies,2026-10-07 02:30:00,2026-10-06 18:30:14,2026-10-06T18:31:05.884785+00:00,0.9027,0.882,0.8920999999999999,0.89235,MAS,1.1882076000448443,1.1321600717408236
standardized,dbs,BDT,SGD,BDT/SGD,100,SGD 50 – 200,amtBtw50And200,"SGD 200 – 39,999.99",std_200_40k,otherCurrencies,2026-10-07 02:30:00,2026-10-06 18:30:14,2026-10-06T18:31:05.884785+00:00,1.0542,,,,,,
standardized,dbs,BDT,SGD,BDT/SGD,100,SGD 50 – 200,amtBtw50And200,"SGD 40,000 – 100,000",std_40k_100k,otherCurrencies,2026-10-07 02:30:00,2026-10-06 18:30:14,2026-10-06T18:31:05.884785+00:00,1.0542,,,,,,
standardized,dbs,BDT,SGD,BDT/SGD,100,SGD 50 – 200,amtBtw50And200,SGD 50 – 200,std_50_200,otherCurrencies,2026-10-07 02:30:00,2026-10-06 18:30:14,2026-10-06T18:31:05.884785+00:00,1.0542,,,,,,
standardized,dbs,BDT,SGD,BDT/SGD,100,SGD < 50,amtLessThan50,SGD < 50,std_lt_50,otherCurrencies,2026-10-07 02:30:00,2026-10-06 18:30:14,2026-10-06T18:31:05.884785+00:00,1.0542,,,,,,
standardized,dbs,BHD,SGD,BHD/SGD,1,SGD 50 – 200,amtBtw50And200,"SGD 200 – 39,999.99",std_200_40k,otherCurrencies,2026-10-07 02:30:00,2026-10-06 18:30:14,2026-10-06T18:31:05.884785+00:00,3.4509,,,,,,
standardized,dbs,BHD,SGD,BHD/SGD,1,SGD 50 – 200,amtBtw50And200,"SGD 40,000 – 100,000",std_40k_100k,otherCurrencies,2026-10-07 02:30:00,2026-10-06 18:30:14,2026-10-06T18:31:05.884785+00:00,3.4509,,,,,,
standardized,dbs,BHD,SGD,BHD/SGD,1,SGD 50 – 200,amtBtw50And200,SGD 50 – 200,std_50_200,otherCurrencies,2026-10-07 02:30:00,2026-10-06 18:30:14,2026-10-06T18:31:05.884785+00:00,3.4509,,,,,,
standardized,dbs,BHD,SGD,BHD/SGD,1,SGD < 50,amtLessThan50,SGD < 50,std_lt_50,otherCurrencies,2026-10-07 02:30:00,2026-10-06 18:30:14,2026-10-06T18:31:05.884785+00:00,3.4646,,,,,,
standardized,dbs,BND,SGD,BND/SGD,1,SGD 50 – 200,amtBtw50And200,"SGD 200 – 39,999.99",std_200_40k,otherCurrencies,2026-10-07 02:30:00,2026-10-06 18:30:14,2026-10-06T18:31:05.884785+00:00,1.0,1.0,,1.0,,,
standardized,dbs,BND,SGD,BND/SGD,1,SGD 50 – 200,amtBtw50And200,"SGD 40,000 – 100,000",std_40k_100k,otherCurrencies,2026-10-07 02:30:00,2026-10-06 18:30:14,2026-10-06T18:31:05.884785+00:00,1.0,1.0,,1.0,,,
standardized,dbs,BND,SGD,BND/SGD,1,SGD 50 – 200,amtBtw50And200,SGD 50 – 200,std_50_200,otherCurrencies,2026-10-07 02:30:00,2026-10-06 18:30:14,2026-10-06T18:31:05.884785+00:00,1.0,1.0,,1.0,,,
standardized,dbs,BND,SGD,BND/SGD,1,SGD < 50,amtLessThan50,SGD < 50,std_lt_50,otherCurrencies,2026-10-07 02:30:00,2026-10-06 18:30:14,2026-10-06T18:31:05.884785+00:00,1.0,1.0,,1.0,,,
standardized,dbs,CAD,SGD,CAD/SGD,1,SGD 50 – 200,amtBtw50And200,"SGD 200 – 39,999.99",std_200_40k,mainCurrencies,2026-10-07 02:30:00,2026-10-06 18:30:14,2026-10-06T18:31:05.884785+00:00,0.9058,0.8922,0.8969,0.899,MAS,0.9923068346526946,0.5240272048165947
standardized,dbs,CAD,SGD,CAD/SGD,1,SGD 50 – 200,amtBtw50And200,"SGD 40,000 – 100,000",std_40k_100k,mainCurrencies,2026-10-07 02:30:00,2026-10-06 18:30:14,2026-10-06T18:31:05.884785+00:00,0.9058,0.8922,0.8969,0.899,MAS,0.9923068346526946,0.5240272048165947
standardized,dbs,CAD,SGD,CAD/SGD,1,SGD 50 – 200,amtBtw50And200,SGD 50 – 200,std_50_200,mainCurrencies,2026-10-07 02:30:00,2026-10-06 18:30:14,2026-10-06T18:31:05.884785+00:00,0.9058,0.8922,0.8969,0.899,MAS,0.9923068346526946,0.5240272048165947
standardized,dbs,CAD,SGD,CAD/SGD,1,SGD < 50,amtLessThan50,SGD < 50,std_lt_50,mainCurrencies,2026-10-07 02:30:00,2026-10-06 18:30:14,2026-10-06T18:31:05.884785+00:00,0.909,0.8891,0.8969,0.89905,MAS,1.349091314527818,0.8696621696956215
standardized,dbs,CHF,SGD,CHF/SGD,1,SGD 50 – 200,amtBtw50And200,"SGD 200 – 39,999.99",std_200_40k,mainCurrencies,2026-10-07 02:30:00,2026-10-06 18:30:14,2026-10-06T18:31:05.884785+00:00,1.5511,1.5217,1.5393000000000001,1.5364,MAS,0.7665822126940693,1.1433768596115157
standardized,dbs,CHF,SGD,CHF/SGD,1,SGD 50 – 200,amtBtw50And200,"SGD 40,000 – 100,000",std_40k_100k,mainCurrencies,2026-10-07 02:30:00,2026-10-06 18:30:14,2026-10-06T18:31:05.884785+00:00,1.5511,1.5217,1.5393000000000001,1.5364,MAS,0.7665822126940693,1.1433768596115157
standardized,dbs,CHF,SGD,CHF/SGD,1,SGD 50 – 200,amtBtw50And200,SGD 50 – 200,std_50_200,mainCurrencies,2026-10-07 02:30:00,2026-10-06 18:30:14,2026-10-06T18:31:05.884785+00:00,1.5511,1.5217,1.5393000000000001,1.5364,MAS,0.7665822126940693,1.1433768596115157
standardized,dbs,CHF,SGD,CHF/SGD,1,SGD < 50,amtLessThan50,SGD < 50,std_lt_50,mainCurrencies,2026-10-07 02:30:00,2026-10-06 18:30:14,2026-10-06T18:31:05.884785+00:00,1.5519,1.5209,1.5393000000000001,1.5364,MAS,0.818553888130965,1.1953485350484112
standardized,dbs,CNH,SGD,CNH/SGD,1,SGD 50 – 200,amtBtw50And200,"SGD 200 – 39,999.99",std_200_40k,mainCurrencies,2026-10-07 02:30:00,2026-10-06 18:30:14,2026-10-06T18:31:05.884785+00:00,0.1928,0.1884,,0.1906,,,
standardized,dbs,CNH,SGD,CNH/SGD,1,SGD 50 – 200,amtBtw50And200,"SGD 40,000 – 100,000",std_40k_100k,mainCurrencies,2026-10-07 02:30:00,2026-10-06 18:30:14,2026-10-06T18:31:05.884785+00:00,0.1928,0.1884,,0.1906,,,
standardized,dbs,CNH,SGD,CNH/SGD,1,SGD 50 – 200,amtBtw50And200,SGD 50 – 200,std_50_200,mainCurrencies,2026-10-07 02:30:00,2026-10-06 18:30:14,2026-10-06T18:31:05.884785+00:00,0.1928,0.1884,,0.1906,,,
standardized,dbs,CNH,SGD,CNH/SGD,1,SGD < 50,amtLessThan50,SGD < 50,std_lt_50,mainCurrencies,2026-10-07 02:30:00,2026-10-06 18:30:14,2026-10-06T18:31:05.884785+00:00,0.1934,0.1877,,0.19055,,,
standardized,dbs,CNY,SGD,CNY/SGD,1,SGD 50 – 200,amtBtw50And200,"SGD 200 – 39,999.99",std_200_40k,otherCurrencies,2026-10-07 02:30:00,2026-10-06 18:30:14,2026-10-06T18:31:05.884785+00:00,0.1905,,0.19079999999999997,,MAS,-0.15723270440249842,
standardized,dbs,CNY,SGD,CNY/SGD,1,SGD 50 – 200,amtBtw50And200,"SGD 40,000 – 100,000",std_40k_100k,otherCurrencies,2026-10-07 02:30:00,2026-10-06 18:30:14,2026-10-06T18:31:05.884785+00:00,0.1905,,0.19079999999999997,,MAS,-0.15723270440249842,
standardized,dbs,CNY,SGD,CNY/SGD,1,SGD 50 – 200,amtBtw50And200,SGD 50 – 200,std_50_200,otherCurrencies,2026-10-07 02:30:00,2026-10-06 18:30:14,2026-10-06T18:31:05.884785+00:00,0.1905,,0.19079999999999997,,MAS,-0.15723270440249842,
standardized,dbs,CNY,SGD,CNY/SGD,1,SGD < 50,amtLessThan50,SGD < 50,std_lt_50,otherCurrencies,2026-10-07 02:30:00,2026-10-06 18:30:14,2026-10-06T18:31:05.884785+00:00,0.1922,,0.19079999999999997,,MAS,0.7337526205450945,
standardized,dbs,DKK,SGD,DKK/SGD,1,SGD 50 – 200,amtBtw50And200,"SGD 200 – 39,999.99",std_200_40k,mainCurrencies,2026-10-07 02:30:00,2026-10-06 18:30:14,2026-10-06T18:31:05.884785+00:00,0.195,0.1897,,0.19235000000000002,,,
standardized,dbs,DKK,SGD,DKK/SGD,1,SGD 50 – 200,amtBtw50And200,"SGD 40,000 – 100,000",std_40k_100k,mainCurrencies,2026-10-07 02:30:00,2026-10-06 18:30:14,2026-10-06T18:31:05.884785+00:00,0.195,0.1897,,0.19235000000000002,,,
standardized,dbs,DKK,SGD,DKK/SGD,1,SGD 50 – 200,amtBtw50And200,SGD 50 – 200,std_50_200,mainCurrencies,2026-10-07 02:30:00,2026-10-06 18:30:14,2026-10-06T18:31:05.884785+00:00,0.195,0.1897,,0.19235000000000002,,,
standardized,dbs,DKK,SGD,DKK/SGD,1,SGD < 50,amtLessThan50,SGD < 50,std_lt_50,mainCurrencies,2026-10-07 02:30:00,2026-10-06 18:30:14,2026-10-06T18:31:05.884785+00:00,0.1954,0.1894,,0.19240000000000002,,,
standardized,dbs,EUR,SGD,EUR/SGD,1,SGD 50 – 200,amtBtw50And200,"SGD 200 – 39,999.99",std_200_40k,mainCurrencies,2026-10-07 02:30:00,2026-10-06 18:30:14,2026-10-06T18:31:05.884785+00:00,1.4507,1.4261,1.4358,1.4384000000000001,MAS,1.0377489901100525,0.6755815573199639
standardized,dbs,EUR,SGD,EUR/SGD,1,SGD 50 – 200,amtBtw50And200,"SGD 40,000 – 100,000",std_40k_100k,mainCurrencies,2026-10-07 02:30:00,2026-10-06 18:30:14,2026-10-06T18:31:05.884785+00:00,1.4507,1.4261,1.4358,1.4384000000000001,MAS,1.0377489901100525,0.6755815573199639
standardized,dbs,EUR,SGD,EUR/SGD,1,SGD 50 – 200,amtBtw50And200,SGD 50 – 200,std_50_200,mainCurrencies,2026-10-07 02:30:00,2026-10-06 18:30:14,2026-10-06T18:31:05.884785+00:00,1.4507,1.4261,1.4358,1.4384000000000001,MAS,1.0377489901100525,0.6755815573199639
standardized,dbs,EUR,SGD,EUR/SGD,1,SGD < 50,amtLessThan50,SGD < 50,std_lt_50,mainCurrencies,2026-10-07 02:30:00,2026-10-06 18:30:14,2026-10-06T18:31:05.884785+00:00,1.4514,1.4254,1.4358,1.4384000000000001,MAS,1.0865022983702506,0.724334865580162
standardized,dbs,GBP,SGD,GBP/SGD,1,SGD 50 – 200,amtBtw50And200,"SGD 200 – 39,999.99",std_200_40k,mainCurrencies,2026-10-07 02:30:00,2026-10-06 18:30:14,2026-10-06T18:31:05.884785+00:00,1.709,1.6834,1.6914,1.6962000000000002,MAS,1.0405581175357728,0.47298096251625915
standardized,dbs,GBP,SGD,GBP/SGD,1,SGD 50 – 200,amtBtw50And200,"SGD 40,000 – 100,000",std_40k_100k,mainCurrencies,2026-10-07 02:30:00,2026-10-06 18:30:14,2026-10-06T18:31:05.884785+00:00,1.709,1.6834,1.6914,1.6962000000000002,MAS,1.0405581175357728,0.47298096251625915
standardized,dbs,GBP,SGD,GBP/SGD,1,SGD 50 – 200,amtBtw50And200,SGD 50 – 200,std_50_200,mainCurrencies,2026-10-07 02:30:00,2026-10-06 18:30:14,2026-10-06T18:31:05.884785+00:00,1.709,1.6834,1.6914,1.6962000000000002,MAS,1.0405581175357728,0.47298096251625915
standardized,dbs,GBP,SGD,GBP/SGD,1,SGD < 50,amtLessThan50,SGD < 50,std_lt_50,mainCurrencies,2026-10-07 02:30:00,2026-10-06 18:30:14,2026-10-06T18:31:05.884785+00:00,1.7107,1.6817,1.6914,1.6962000000000002,MAS,1.1410665720704798,0.5734894170509662
standardized,dbs,HKD,SGD,HKD/SGD,1,SGD 50 – 200,amtBtw50And200,"SGD 200 – 39,999.99",std_200_40k,mainCurrencies,2026-10-07 02:30:00,2026-10-06 18:30:14,2026-10-06T18:31:05.884785+00:00,0.1644,0.1611,0.163,0.16275,MAS,0.8588957055214629,1.165644171779149
standardized,dbs,HKD,SGD,HKD/SGD,1,SGD 50 – 200,amtBtw50And200,"SGD 40,000 – 100,000",std_40k_100k,mainCurrencies,2026-10-07 02:30:00,2026-10-06 18:30:14,2026-10-06T18:31:05.884785+00:00,0.1644,0.1611,0.163,0.16275,MAS,0.8588957055214629,1.165644171779149
standardized,dbs,HKD,SGD,HKD/SGD,1,SGD 50 – 200,amtBtw50And200,SGD 50 – 200,std_50_200,mainCurrencies,2026-10-07 02:30:00,2026-10-06 18:30:14,2026-10-06T18:31:05.884785+00:00,0.1644,0.1611,0.163,0.16275,MAS,0.8588957055214629,1.165644171779149
standardized,dbs,HKD,SGD,HKD/SGD,1,SGD < 50,amtLessThan50,SGD < 50,std_lt_50,mainCurrencies,2026-10-07 02:30:00,2026-10-06 18:30:14,2026-10-06T18:31:05.884785+00:00,0.1646,0.1609,0.163,0.16275,MAS,0.9815950920245339,1.2883435582822198
standardized,dbs,HUF,SGD,HUF/SGD,100,SGD 50 – 200,amtBtw50And200,"SGD 200 – 39,999.99",std_200_40k,otherCurrencies,2026-10-07 02:30:00,2026-10-06 18:30:14,2026-10-06T18:31:05.884785+00:00,0.3979,,,,,,
standardized,dbs,HUF,SGD,HUF/SGD,100,SGD 50 – 200,amtBtw50And200,"SGD 40,000 – 100,000",std_40k_100k,otherCurrencies,2026-10-07 02:30:00,2026-10-06 18:30:14,2026-10-06T18:31:05.884785+00:00,0.3979,,,,,,
standardized,dbs,HUF,SGD,HUF/SGD,100,SGD 50 – 200,amtBtw50And200,SGD 50 – 200,std_50_200,otherCurrencies,2026-10-07 02:30:00,2026-10-06 18:30:14,2026-10-06T18:31:05.884785+00:00,0.3979,,,,,,
standardized,dbs,HUF,SGD,HUF/SGD,100,SGD < 50,amtLessThan50,SGD < 50,std_lt_50,otherCurrencies,2026-10-07 02:30:00,2026-10-06 18:30:14,2026-10-06T18:31:05.884785+00:00,0.3994,,,,,,
standardized,dbs,ID0,SGD,ID0/SGD,100,SGD 50 – 200,amtBtw50And200,"SGD 200 – 39,999.99",std_200_40k,otherCurrencies,2026-10-07 02:30:00,2026-10-06 18:30:14,2026-10-06T18:31:05.884785+00:00,,,,,,,
standardized,dbs,ID0,SGD,ID0/SGD,100,SGD 50 – 200,amtBtw50And200,"SGD 40,000 – 100,000",std_40k_100k,otherCurrencies,2026-10-07 02:30:00,2026-10-06 18:30:14,2026-10-06T18:31:05.884785+00:00,,,,,,,
standardized,dbs,ID0,SGD,ID0/SGD,100,SGD 50 – 200,amtBtw50And200,SGD 50 – 200,std_50_200,otherCurrencies,2026-10-07 02:30:00,2026-10-06 18:30:14,2026-10-06T18:31:05.884785+00:00,,,,,,,
standardized,dbs,ID0,SGD,ID0/SGD,100,SGD < 50,amtLessThan50,SGD < 50,std_lt_50,otherCurrencies,2026-10-07 02:30:00,2026-10-06 18:30:14,2026-10-06T18:31:05.884785+00:00,,0.0071,,,,,
standardized,dbs,IDR,SGD,IDR/SGD,100,SGD 50 – 200,amtBtw50And200,"SGD 200 – 39,999.99",std_200_40k,mainCurrencies,2026-10-07 02:30:00,2026-10-06 18:30:14,2026-10-06T18:31:05.884785+00:00,0.0073,,0.007146999999999999,,MAS,2.14075836015113,
standardized,dbs,IDR,SGD,IDR/SGD,100,SGD 50 – 200,amtBtw50And200,"SGD 40,000 – 100,000",std_40k_100k,mainCurrencies,2026-10-07 02:30:00,2026-10-06 18:30:14,2026-10-06T18:31:05.884785+00:00,0.0073,,0.007146999999999999,,MAS,2.14075836015113,
standardized,dbs,IDR,SGD,IDR/SGD,100,SGD 50 – 200,amtBtw50And200,SGD 50 – 200,std_50_200,mainCurrencies,2026-10-07 02:30:00,2026-10-06 18:30:14,2026-10-06T18:31:05.884785+00:00,0.0073,,0.007146999999999999,,MAS,2.14075836015113,
standardized,dbs,IDR,SGD,IDR/SGD,100,SGD < 50,amtLessThan50,SGD < 50,std_lt_50,mainCurrencies,2026-10-07 02:30:00,2026-10-06 18:30:14,2026-10-06T18:31:05.884785+00:00,0.0073,,0.007146999999999999,,MAS,2.14075836015113,
standardized,dbs,IN0,SGD,IN0/SGD,100,SGD 50 – 200,amtBtw50And200,"SGD 200 – 39,999.99",std_200_40k,otherCurrencies,2026-10-07 02:30:00,2026-10-06 18:30:14,2026-10-06T18:31:05.884785+00:00,,1.3219,,,,,
standardized,dbs,IN0,SGD,IN0/SGD,100,SGD 50 – 200,amtBtw50And200,"SGD 40,000 – 100,000",std_40k_100k,otherCurrencies,2026-10-07 02:30:00,2026-10-06 18:30:14,2026-10-06T18:31:05.884785+00:00,,1.3219,,,,,
standardized,dbs,IN0,SGD,IN0/SGD,100,SGD 50 – 200,amtBtw50And200,SGD 50 – 200,std_50_200,otherCurrencies,2026-10-07 02:30:00,2026-10-06 18:30:14,2026-10-06T18:31:05.884785+00:00,,1.3219,,,,,
standardized,dbs,IN0,SGD,IN0/SGD,100,SGD < 50,amtLessThan50,SGD < 50,std_lt_50,otherCurrencies,2026-10-07 02:30:00,2026-10-06 18:30:14,2026-10-06T18:31:05.884785+00:00,,1.3219,,,,,
standardized,dbs,INR,SGD,INR/SGD,100,SGD 50 – 200,amtBtw50And200,"SGD 200 – 39,999.99",std_200_40k,otherCurrencies,2026-10-07 02:30:00,2026-10-06 18:30:14,2026-10-06T18:31:05.884785+00:00,1.3394,,1.3268,,MAS,0.9496533011757571,
standardized,dbs,INR,SGD,INR/SGD,100,SGD 50 – 200,amtBtw50And200,"SGD 40,000 – 100,000",std_40k_100k,otherCurrencies,2026-10-07 02:30:00,2026-10-06 18:30:14,2026-10-06T18:31:05.884785+00:00,1.3394,,1.3268,,MAS,0.9496533011757571,
standardized,dbs,INR,SGD,INR/SGD,100,SGD 50 – 200,amtBtw50And200,SGD 50 – 200,std_50_200,otherCurrencies,2026-10-07 02:30:00,2026-10-06 18:30:14,2026-10-06T18:31:05.884785+00:00,1.3394,,1.3268,,MAS,0.9496533011757571,
standardized,dbs,INR,SGD,INR/SGD,100,SGD < 50,amtLessThan50,SGD < 50,std_lt_50,otherCurrencies,2026-10-07 02:30:00,2026-10-06 18:30:14,2026-10-06T18:31:05.884785+00:00,1.35,,1.3268,,MAS,1.748567983117283,
standardized,dbs,JPY,SGD,JPY/SGD,100,SGD 50 – 200,amtBtw50And200,"SGD 200 – 39,999.99",std_200_40k,mainCurrencies,2026-10-07 02:30:00,2026-10-06 18:30:14,2026-10-06T18:31:05.884785+00:00,0.8162,0.7999,0.8098,0.80805,MAS,0.790318597184499,1.2225240800197468
standardized,dbs,JPY,SGD,JPY/SGD,100,SGD 50 – 200,amtBtw50And200,"SGD 40,000 – 100,000",std_40k_100k,mainCurrencies,2026-10-07 02:30:00,2026-10-06 18:30:14,2026-10-06T18:31:05.884785+00:00,0.8162,0.7999,0.8098,0.80805,MAS,0.790318597184499,1.2225240800197468
standardized,dbs,JPY,SGD,JPY/SGD,100,SGD 50 – 200,amtBtw50And200,SGD 50 – 200,std_50_200,mainCurrencies,2026-10-07 02:30:00,2026-10-06 18:30:14,2026-10-06T18:31:05.884785+00:00,0.8162,0.7999,0.8098,0.80805,MAS,0.790318597184499,1.2225240800197468
standardized,dbs,JPY,SGD,JPY/SGD,100,SGD < 50,amtLessThan50,SGD < 50,std_lt_50,mainCurrencies,2026-10-07 02:30:00,2026-10-06 18:30:14,2026-10-06T18:31:05.884785+00:00,0.817,0.7991,0.8098,0.8080499999999999,MAS,0.8891084218325493,1.3213139046678108
standardized,dbs,KRW,SGD,KRW/SGD,100,SGD 50 – 200,amtBtw50And200,"SGD 200 – 39,999.99",std_200_40k,otherCurrencies,2026-10-07 02:30:00,2026-10-06 18:30:14,2026-10-06T18:31:05.884785+00:00,0.0967,,0.0953,,MAS,1.4690451206715618,
standardized,dbs,KRW,SGD,KRW/SGD,100,SGD 50 – 200,amtBtw50And200,"SGD 40,000 – 100,000",std_40k_100k,otherCurrencies,2026-10-07 02:30:00,2026-10-06 18:30:14,2026-10-06T18:31:05.884785+00:00,0.0967,,0.0953,,MAS,1.4690451206715618,
standardized,dbs,KRW,SGD,KRW/SGD,100,SGD 50 – 200,amtBtw50And200,SGD 50 – 200,std_50_200,otherCurrencies,2026-10-07 02:30:00,2026-10-06 18:30:14,2026-10-06T18:31:05.884785+00:00,0.0967,,0.0953,,MAS,1.4690451206715618,
standardized,dbs,KRW,SGD,KRW/SGD,100,SGD < 50,amtLessThan50,SGD < 50,std_lt_50,otherCurrencies,2026-10-07 02:30:00,2026-10-06 18:30:14,2026-10-06T18:31:05.884785+00:00,0.0967,,0.0953,,MAS,1.4690451206715618,
standardized,dbs,KWD,SGD,KWD/SGD,100,SGD 50 – 200,amtBtw50And200,"SGD 200 – 39,999.99",std_200_40k,otherCurrencies,2026-10-07 02:30:00,2026-10-06 18:30:14,2026-10-06T18:31:05.884785+00:00,423.3674,,,,,,
standardized,dbs,KWD,SGD,KWD/SGD,100,SGD 50 – 200,amtBtw50And200,"SGD 40,000 – 100,000",std_40k_100k,otherCurrencies,2026-10-07 02:30:00,2026-10-06 18:30:14,2026-10-06T18:31:05.884785+00:00,423.3674,,,,,,
standardized,dbs,KWD,SGD,KWD/SGD,100,SGD 50 – 200,amtBtw50And200,SGD 50 – 200,std_50_200,otherCurrencies,2026-10-07 02:30:00,2026-10-06 18:30:14,2026-10-06T18:31:05.884785+00:00,423.3674,,,,,,
standardized,dbs,KWD,SGD,KWD/SGD,100,SGD < 50,amtLessThan50,SGD < 50,std_lt_50,otherCurrencies,2026-10-07 02:30:00,2026-10-06 18:30:14,2026-10-06T18:31:05.884785+00:00,425.0372,,,,,,
standardized,dbs,LKR,SGD,LKR/SGD,100,SGD 50 – 200,amtBtw50And200,"SGD 200 – 39,999.99",std_200_40k,otherCurrencies,2026-10-07 02:30:00,2026-10-06 18:30:14,2026-10-06T18:31:05.884785+00:00,0.3936,,,,,,
standardized,dbs,LKR,SGD,LKR/SGD,100,SGD 50 – 200,amtBtw50And200,"SGD 40,000 – 100,000",std_40k_100k,otherCurrencies,2026-10-07 02:30:00,2026-10-06 18:30:14,2026-10-06T18:31:05.884785+00:00,0.3936,,,,,,
standardized,dbs,LKR,SGD,LKR/SGD,100,SGD 50 – 200,amtBtw50And200,SGD 50 – 200,std_50_200,otherCurrencies,2026-10-07 02:30:00,2026-10-06 18:30:14,2026-10-06T18:31:05.884785+00:00,0.3936,,,,,,
standardized,dbs,LKR,SGD,LKR/SGD,100,SGD < 50,amtLessThan50,SGD < 50,std_lt_50,otherCurrencies,2026-10-07 02:30:00,2026-10-06 18:30:14,2026-10-06T18:31:05.884785+00:00,0.3936,,,,,,
standardized,dbs,MM1,SGD,MM1/SGD,100,SGD 50 – 200,amtBtw50And200,"SGD 200 – 39,999.99",std_200_40k,otherCurrencies,2026-10-07 02:30:00,2026-10-06 18:30:14,2026-10-06T18:31:05.884785+00:00,,,,,,,
standardized,dbs,MM1,SGD,MM1/SGD,100,SGD 50 – 200,amtBtw50And200,"SGD 40,000 – 100,000",std_40k_100k,otherCurrencies,2026-10-07 02:30:00,2026-10-06 18:30:14,2026-10-06T18:31:05.884785+00:00,,,,,,,
standardized,dbs,MM1,SGD,MM1/SGD,100,SGD 50 – 200,amtBtw50And200,SGD 50 – 200,std_50_200,otherCurrencies,2026-10-07 02:30:00,2026-10-06 18:30:14,2026-10-06T18:31:05.884785+00:00,,,,,,,
standardized,dbs,MM1,SGD,MM1/SGD,100,SGD < 50,amtLessThan50,SGD < 50,std_lt_50,otherCurrencies,2026-10-07 02:30:00,2026-10-06 18:30:14,2026-10-06T18:31:05.884785+00:00,,,,,,,
standardized,dbs,MMK,SGD,MMK/SGD,100,SGD 50 – 200,amtBtw50And200,"SGD 200 – 39,999.99",std_200_40k,otherCurrencies,2026-10-07 02:30:00,2026-10-06 18:30:14,2026-10-06T18:31:05.884785+00:00,0.0325,,,,,,
standardized,dbs,MMK,SGD,MMK/SGD,100,SGD 50 – 200,amtBtw50And200,"SGD 40,000 – 100,000",std_40k_100k,otherCurrencies,2026-10-07 02:30:00,2026-10-06 18:30:14,2026-10-06T18:31:05.884785+00:00,0.0325,,,,,,
standardized,dbs,MMK,SGD,MMK/SGD,100,SGD 50 – 200,amtBtw50And200,SGD 50 – 200,std_50_200,otherCurrencies,2026-10-07 02:30:00,2026-10-06 18:30:14,2026-10-06T18:31:05.884785+00:00,0.0325,,,,,,
standardized,dbs,MMK,SGD,MMK/SGD,100,SGD < 50,amtLessThan50,SGD < 50,std_lt_50,otherCurrencies,2026-10-07 02:30:00,2026-10-06 18:30:14,2026-10-06T18:31:05.884785+00:00,0.0325,,,,,,
standardized,dbs,MUR,SGD,MUR/SGD,100,SGD 50 – 200,amtBtw50And200,"SGD 200 – 39,999.99",std_200_40k,otherCurrencies,2026-10-07 02:30:00,2026-10-06 18:30:14,2026-10-06T18:31:05.884785+00:00,2.6911,,,,,,
standardized,dbs,MUR,SGD,MUR/SGD,100,SGD 50 – 200,amtBtw50And200,"SGD 40,000 – 100,000",std_40k_100k,otherCurrencies,2026-10-07 02:30:00,2026-10-06 18:30:14,2026-10-06T18:31:05.884785+00:00,2.6911,,,,,,
standardized,dbs,MUR,SGD,MUR/SGD,100,SGD 50 – 200,amtBtw50And200,SGD 50 – 200,std_50_200,otherCurrencies,2026-10-07 02:30:00,2026-10-06 18:30:14,2026-10-06T18:31:05.884785+00:00,2.6911,,,,,,
standardized,dbs,MUR,SGD,MUR/SGD,100,SGD < 50,amtLessThan50,SGD < 50,std_lt_50,otherCurrencies,2026-10-07 02:30:00,2026-10-06 18:30:14,2026-10-06T18:31:05.884785+00:00,2.7017,,,,,,
standardized,dbs,MXN,SGD,MXN/SGD,100,SGD 50 – 200,amtBtw50And200,"SGD 200 – 39,999.99",std_200_40k,mainCurrencies,2026-10-07 02:30:00,2026-10-06 18:30:14,2026-10-06T18:31:05.884785+00:00,7.2119,,,,,,
standardized,dbs,MXN,SGD,MXN/SGD,100,SGD 50 – 200,amtBtw50And200,"SGD 40,000 – 100,000",std_40k_100k,mainCurrencies,2026-10-07 02:30:00,2026-10-06 18:30:14,2026-10-06T18:31:05.884785+00:00,7.2119,,,,,,
standardized,dbs,MXN,SGD,MXN/SGD,100,SGD 50 – 200,amtBtw50And200,SGD 50 – 200,std_50_200,mainCurrencies,2026-10-07 02:30:00,2026-10-06 18:30:14,2026-10-06T18:31:05.884785+00:00,7.2119,,,,,,
standardized,dbs,MXN,SGD,MXN/SGD,100,SGD < 50,amtLessThan50,SGD < 50,std_lt_50,mainCurrencies,2026-10-07 02:30:00,2026-10-06 18:30:14,2026-10-06T18:31:05.884785+00:00,7.2133,,,,,,
standardized,dbs,MY0,SGD,MY0/SGD,1,SGD 50 – 200,amtBtw50And200,"SGD 200 – 39,999.99",std_200_40k,otherCurrencies,2026-10-07 02:30:00,2026-10-06 18:30:14,2026-10-06T18:31:05.884785+00:00,,0.312,,,,,
standardized,dbs,MY0,SGD,MY0/SGD,1,SGD 50 – 200,amtBtw50And200,"SGD 40,000 – 100,000",std_40k_100k,otherCurrencies,2026-10-07 02:30:00,2026-10-06 18:30:14,2026-10-06T18:31:05.884785+00:00,,0.312,,,,,
standardized,dbs,MY0,SGD,MY0/SGD,1,SGD 50 – 200,amtBtw50And200,SGD 50 – 200,std_50_200,otherCurrencies,2026-10-07 02:30:00,2026-10-06 18:30:14,2026-10-06T18:31:05.884785+00:00,,0.312,,,,,
standardized,dbs,MY0,SGD,MY0/SGD,1,SGD < 50,amtLessThan50,SGD < 50,std_lt_50,otherCurrencies,2026-10-07 02:30:00,2026-10-06 18:30:14,2026-10-06T18:31:05.884785+00:00,,0.312,,,,,
standardized,dbs,MYR,SGD,MYR/SGD,1,SGD 50 – 200,amtBtw50And200,"SGD 200 – 39,999.99",std_200_40k,otherCurrencies,2026-10-07 02:30:00,2026-10-06 18:30:14,2026-10-06T18:31:05.884785+00:00,0.3161,,0.3132,,MAS,0.9259259259259304,
standardized,dbs,MYR,SGD,MYR/SGD,1,SGD 50 – 200,amtBtw50And200,"SGD 40,000 – 100,000",std_40k_100k,otherCurrencies,2026-10-07 02:30:00,2026-10-06 18:30:14,2026-10-06T18:31:05.884785+00:00,0.3161,,0.3132,,MAS,0.9259259259259304,
standardized,dbs,MYR,SGD,MYR/SGD,1,SGD 50 – 200,amtBtw50And200,SGD 50 – 200,std_50_200,otherCurrencies,2026-10-07 02:30:00,2026-10-06 18:30:14,2026-10-06T18:31:05.884785+00:00,0.3161,,0.3132,,MAS,0.9259259259259304,
standardized,dbs,MYR,SGD,MYR/SGD,1,SGD < 50,amtLessThan50,SGD < 50,std_lt_50,otherCurrencies,2026-10-07 02:30:00,2026-10-06 18:30:14,2026-10-06T18:31:05.884785+00:00,0.3161,,0.3132,,MAS,0.9259259259259304,
standardized,dbs,NOK,SGD,NOK/SGD,1,SGD 50 – 200,amtBtw50And200,"SGD 200 – 39,999.99",std_200_40k,mainCurrencies,2026-10-07 02:30:00,2026-10-06 18:30:14,2026-10-06T18:31:05.884785+00:00,0.1355,0.1318,,0.13365,,,
standardized,dbs,NOK,SGD,NOK/SGD,1,SGD 50 – 200,amtBtw50And200,"SGD 40,000 – 100,000",std_40k_100k,mainCurrencies,2026-10-07 02:30:00,2026-10-06 18:30:14,2026-10-06T18:31:05.884785+00:00,0.1355,0.1318,,0.13365,,,
standardized,dbs,NOK,SGD,NOK/SGD,1,SGD 50 – 200,amtBtw50And200,SGD 50 – 200,std_50_200,mainCurrencies,2026-10-07 02:30:00,2026-10-06 18:30:14,2026-10-06T18:31:05.884785+00:00,0.1355,0.1318,,0.13365,,,
standardized,dbs,NOK,SGD,NOK/SGD,1,SGD < 50,amtLessThan50,SGD < 50,std_lt_50,mainCurrencies,2026-10-07 02:30:00,2026-10-06 18:30:14,2026-10-06T18:31:05.884785+00:00,0.1359,0.1314,,0.13365,,,
standardized,dbs,NZD,SGD,NZD/SGD,1,SGD 50 – 200,amtBtw50And200,"SGD 200 – 39,999.99",std_200_40k,mainCurrencies,2026-10-07 02:30:00,2026-10-06 18:30:14,2026-10-06T18:31:05.884785+00:00,0.7268,0.7102,0.7164,0.7185,MAS,1.4517029592406427,0.8654383026242298
standardized,dbs,NZD,SGD,NZD/SGD,1,SGD 50 – 200,amtBtw50And200,"SGD 40,000 – 100,000",std_40k_100k,mainCurrencies,2026-10-07 02:30:00,2026-10-06 18:30:14,2026-10-06T18:31:05.884785+00:00,0.7268,0.7102,0.7164,0.7185,MAS,1.4517029592406427,0.8654383026242298
standardized,dbs,NZD,SGD,NZD/SGD,1,SGD 50 – 200,amtBtw50And200,SGD 50 – 200,std_50_200,mainCurrencies,2026-10-07 02:30:00,2026-10-06 18:30:14,2026-10-06T18:31:05.884785+00:00,0.7268,0.7102,0.7164,0.7185,MAS,1.4517029592406427,0.8654383026242298
standardized,dbs,NZD,SGD,NZD/SGD,1,SGD < 50,amtLessThan50,SGD < 50,std_lt_50,mainCurrencies,2026-10-07 02:30:00,2026-10-06 18:30:14,2026-10-06T18:31:05.884785+00:00,0.7276,0.7095,0.7164,0.71855,MAS,1.5633724176437727,0.9631490787269705
standardized,dbs,OMR,SGD,OMR/SGD,1,SGD 50 – 200,amtBtw50And200,"SGD 200 – 39,999.99",std_200_40k,otherCurrencies,2026-10-07 02:30:00,2026-10-06 18:30:14,2026-10-06T18:31:05.884785+00:00,3.3432,,,,,,
standardized,dbs,OMR,SGD,OMR/SGD,1,SGD 50 – 200,amtBtw50And200,"SGD 40,000 – 100,000",std_40k_100k,otherCurrencies,2026-10-07 02:30:00,2026-10-06 18:30:14,2026-10-06T18:31:05.884785+00:00,3.3432,,,,,,
standardized,dbs,OMR,SGD,OMR/SGD,1,SGD 50 – 200,amtBtw50And200,SGD 50 – 200,std_50_200,otherCurrencies,2026-10-07 02:30:00,2026-10-06 18:30:14,2026-10-06T18:31:05.884785+00:00,3.3432,,,,,,
standardized,dbs,OMR,SGD,OMR/SGD,1,SGD < 50,amtLessThan50,SGD < 50,std_lt_50,otherCurrencies,2026-10-07 02:30:00,2026-10-06 18:30:14,2026-10-06T18:31:05.884785+00:00,3.3432,,,,,,
standardized,dbs,PH0,SGD,PH0/SGD,100,SGD 50 – 200,amtBtw50And200,"SGD 200 – 39,999.99",std_200_40k,otherCurrencies,2026-10-07 02:30:00,2026-10-06 18:30:14,2026-10-06T18:31:05.884785+00:00,,2.0275,,,,,
standardized,dbs,PH0,SGD,PH0/SGD,100,SGD 50 – 200,amtBtw50And200,"SGD 40,000 – 100,000",std_40k_100k,otherCurrencies,2026-10-07 02:30:00,2026-10-06 18:30:14,2026-10-06T18:31:05.884785+00:00,,2.0275,,,,,
standardized,dbs,PH0,SGD,PH0/SGD,100,SGD 50 – 200,amtBtw50And200,SGD 50 – 200,std_50_200,otherCurrencies,2026-10-07 02:30:00,2026-10-06 18:30:14,2026-10-06T18:31:05.884785+00:00,,2.0275,,,,,
standardized,dbs,PH0,SGD,PH0/SGD,100,SGD < 50,amtLessThan50,SGD < 50,std_lt_50,otherCurrencies,2026-10-07 02:30:00,2026-10-06 18:30:14,2026-10-06T18:31:05.884785+00:00,,2.0275,,,,,
standardized,dbs,PHP,SGD,PHP/SGD,100,SGD 50 – 200,amtBtw50And200,"SGD 200 – 39,999.99",std_200_40k,otherCurrencies,2026-10-07 02:30:00,2026-10-06 18:30:14,2026-10-06T18:31:05.884785+00:00,2.0584,,2.0382,,MAS,0.9910705524482385,
standardized,dbs,PHP,SGD,PHP/SGD,100,SGD 50 – 200,amtBtw50And200,"SGD 40,000 – 100,000",std_40k_100k,otherCurrencies,2026-10-07 02:30:00,2026-10-06 18:30:14,2026-10-06T18:31:05.884785+00:00,2.0584,,2.0382,,MAS,0.9910705524482385,
standardized,dbs,PHP,SGD,PHP/SGD,100,SGD 50 – 200,amtBtw50And200,SGD 50 – 200,std_50_200,otherCurrencies,2026-10-07 02:30:00,2026-10-06 18:30:14,2026-10-06T18:31:05.884785+00:00,2.0584,,2.0382,,MAS,0.9910705524482385,
standardized,dbs,PHP,SGD,PHP/SGD,100,SGD < 50,amtLessThan50,SGD < 50,std_lt_50,otherCurrencies,2026-10-07 02:30:00,2026-10-06 18:30:14,2026-10-06T18:31:05.884785+00:00,2.0739,,2.0382,,MAS,1.75154548130705,
standardized,dbs,PLN,SGD,PLN/SGD,1,SGD 50 – 200,amtBtw50And200,"SGD 200 – 39,999.99",std_200_40k,otherCurrencies,2026-10-07 02:30:00,2026-10-06 18:30:14,2026-10-06T18:31:05.884785+00:00,0.3335,,,,,,
standardized,dbs,PLN,SGD,PLN/SGD,1,SGD 50 – 200,amtBtw50And200,"SGD 40,000 – 100,000",std_40k_100k,otherCurrencies,2026-10-07 02:30:00,2026-10-06 18:30:14,2026-10-06T18:31:05.884785+00:00,0.3335,,,,,,
standardized,dbs,PLN,SGD,PLN/SGD,1,SGD 50 – 200,amtBtw50And200,SGD 50 – 200,std_50_200,otherCurrencies,2026-10-07 02:30:00,2026-10-06 18:30:14,2026-10-06T18:31:05.884785+00:00,0.3335,,,,,,
standardized,dbs,PLN,SGD,PLN/SGD,1,SGD < 50,amtLessThan50,SGD < 50,std_lt_50,otherCurrencies,2026-10-07 02:30:00,2026-10-06 18:30:14,2026-10-06T18:31:05.884785+00:00,0.3348,,,,,,
standardized,dbs,QAR,SGD,QAR/SGD,1,SGD 50 – 200,amtBtw50And200,"SGD 200 – 39,999.99",std_200_40k,otherCurrencies,2026-10-07 02:30:00,2026-10-06 18:30:14,2026-10-06T18:31:05.884785+00:00,0.3583,,0.35109999999999997,,MAS,2.0506978068926345,
standardized,dbs,QAR,SGD,QAR/SGD,1,SGD 50 – 200,amtBtw50And200,"SGD 40,000 – 100,000",std_40k_100k,otherCurrencies,2026-10-07 02:30:00,2026-10-06 18:30:14,2026-10-06T18:31:05.884785+00:00,0.3583,,0.35109999999999997,,MAS,2.0506978068926345,
standardized,dbs,QAR,SGD,QAR/SGD,1,SGD 50 – 200,amtBtw50And200,SGD 50 – 200,std_50_200,otherCurrencies,2026-10-07 02:30:00,2026-10-06 18:30:14,2026-10-06T18:31:05.884785+00:00,0.3583,,0.35109999999999997,,MAS,2.0506978068926345,
standardized,dbs,QAR,SGD,QAR/SGD,1,SGD < 50,amtLessThan50,SGD < 50,std_lt_50,otherCurrencies,2026-10-07 02:30:00,2026-10-06 18:30:14,2026-10-06T18:31:05.884785+00:00,0.3597,,0.35109999999999997,,MAS,2.449444602677315,
standardized,dbs,RUB,SGD,RUB/SGD,100,SGD 50 – 200,amtBtw50And200,"SGD 200 – 39,999.99",std_200_40k,mainCurrencies,2026-10-07 02:30:00,2026-10-06 18:30:14,2026-10-06T18:31:05.884785+00:00,,,,,,,
standardized,dbs,RUB,SGD,RUB/SGD,100,SGD 50 – 200,amtBtw50And200,"SGD 40,000 – 100,000",std_40k_100k,mainCurrencies,2026-10-07 02:30:00,2026-10-06 18:30:14,2026-10-06T18:31:05.884785+00:00,,,,,,,
standardized,dbs,RUB,SGD,RUB/SGD,100,SGD 50 – 200,amtBtw50And200,SGD 50 – 200,std_50_200,mainCurrencies,2026-10-07 02:30:00,2026-10-06 18:30:14,2026-10-06T18:31:05.884785+00:00,,,,,,,
standardized,dbs,RUB,SGD,RUB/SGD,100,SGD < 50,amtLessThan50,SGD < 50,std_lt_50,mainCurrencies,2026-10-07 02:30:00,2026-10-06 18:30:14,2026-10-06T18:31:05.884785+00:00,,,,,,,
standardized,dbs,SAR,SGD,SAR/SGD,100,SGD 50 – 200,amtBtw50And200,"SGD 200 – 39,999.99",std_200_40k,otherCurrencies,2026-10-07 02:30:00,2026-10-06 18:30:14,2026-10-06T18:31:05.884785+00:00,34.4593,,34.08,,MAS,1.112969483568077,
standardized,dbs,SAR,SGD,SAR/SGD,100,SGD 50 – 200,amtBtw50And200,"SGD 40,000 – 100,000",std_40k_100k,otherCurrencies,2026-10-07 02:30:00,2026-10-06 18:30:14,2026-10-06T18:31:05.884785+00:00,34.4593,,34.08,,MAS,1.112969483568077,
standardized,dbs,SAR,SGD,SAR/SGD,100,SGD 50 – 200,amtBtw50And200,SGD 50 – 200,std_50_200,otherCurrencies,2026-10-07 02:30:00,2026-10-06 18:30:14,2026-10-06T18:31:05.884785+00:00,34.4593,,34.08,,MAS,1.112969483568077,
standardized,dbs,SAR,SGD,SAR/SGD,100,SGD < 50,amtLessThan50,SGD < 50,std_lt_50,otherCurrencies,2026-10-07 02:30:00,2026-10-06 18:30:14,2026-10-06T18:31:05.884785+00:00,34.4593,,34.08,,MAS,1.112969483568077,
standardized,dbs,SEK,SGD,SEK/SGD,1,SGD 50 – 200,amtBtw50And200,"SGD 200 – 39,999.99",std_200_40k,mainCurrencies,2026-10-07 02:30:00,2026-10-06 18:30:14,2026-10-06T18:31:05.884785+00:00,0.1296,0.1261,,0.12785,,,
standardized,dbs,SEK,SGD,SEK/SGD,1,SGD 50 – 200,amtBtw50And200,"SGD 40,000 – 100,000",std_40k_100k,mainCurrencies,2026-10-07 02:30:00,2026-10-06 18:30:14,2026-10-06T18:31:05.884785+00:00,0.1296,0.1261,,0.12785,,,
standardized,dbs,SEK,SGD,SEK/SGD,1,SGD 50 – 200,amtBtw50And200,SGD 50 – 200,std_50_200,mainCurrencies,2026-10-07 02:30:00,2026-10-06 18:30:14,2026-10-06T18:31:05.884785+00:00,0.1296,0.1261,,0.12785,,,
standardized,dbs,SEK,SGD,SEK/SGD,1,SGD < 50,amtLessThan50,SGD < 50,std_lt_50,mainCurrencies,2026-10-07 02:30:00,2026-10-06 18:30:14,2026-10-06T18:31:05.884785+00:00,0.1301,0.1256,,0.12785,,,
standardized,dbs,THB,SGD,THB/SGD,100,SGD 50 – 200,amtBtw50And200,"SGD 200 – 39,999.99",std_200_40k,mainCurrencies,2026-10-07 02:30:00,2026-10-06 18:30:14,2026-10-06T18:31:05.884785+00:00,3.86,3.7447,3.8014,3.8023499999999997,MAS,1.5415373283527058,1.4915557426211445
standardized,dbs,THB,SGD,THB/SGD,100,SGD 50 – 200,amtBtw50And200,"SGD 40,000 – 100,000",std_40k_100k,mainCurrencies,2026-10-07 02:30:00,2026-10-06 18:30:14,2026-10-06T18:31:05.884785+00:00,3.86,3.7447,3.8014,3.8023499999999997,MAS,1.5415373283527058,1.4915557426211445
standardized,dbs,THB,SGD,THB/SGD,100,SGD 50 – 200,amtBtw50And200,SGD 50 – 200,std_50_200,mainCurrencies,2026-10-07 02:30:00,2026-10-06 18:30:14,2026-10-06T18:31:05.884785+00:00,3.86,3.7447,3.8014,3.8023499999999997,MAS,1.5415373283527058,1.4915557426211445
standardized,dbs,THB,SGD,THB/SGD,100,SGD < 50,amtLessThan50,SGD < 50,std_lt_50,mainCurrencies,2026-10-07 02:30:00,2026-10-06 18:30:14,2026-10-06T18:31:05.884785+00:00,3.8642,3.7405,3.8014,3.8023499999999997,MAS,1.652022938917234,1.602041353185673
standardized,dbs,TND,SGD,TND/SGD,1,SGD 50 – 200,amtBtw50And200,"SGD 200 – 39,999.99",std_200_40k,otherCurrencies,2026-10-07 02:30:00,2026-10-06 18:30:14,2026-10-06T18:31:05.884785+00:00,0.4367,,,,,,
standardized,dbs,TND,SGD,TND/SGD,1,SGD 50 – 200,amtBtw50And200,"SGD 40,000 – 100,000",std_40k_100k,otherCurrencies,2026-10-07 02:30:00,2026-10-06 18:30:14,2026-10-06T18:31:05.884785+00:00,0.4367,,,,,,
standardized,dbs,TND,SGD,TND/SGD,1,SGD 50 – 200,amtBtw50And200,SGD 50 – 200,std_50_200,otherCurrencies,2026-10-07 02:30:00,2026-10-06 18:30:14,2026-10-06T18:31:05.884785+00:00,0.4367,,,,,,
standardized,dbs,TND,SGD,TND/SGD,1,SGD < 50,amtLessThan50,SGD < 50,std_lt_50,otherCurrencies,2026-10-07 02:30:00,2026-10-06 18:30:14,2026-10-06T18:31:05.884785+00:00,0.4367,,,,,,
standardized,dbs,TWD,SGD,TWD/SGD,100,SGD 50 – 200,amtBtw50And200,"SGD 200 – 39,999.99",std_200_40k,otherCurrencies,2026-10-07 02:30:00,2026-10-06 18:30:14,2026-10-06T18:31:05.884785+00:00,4.0684,,4.0275,,MAS,1.01551831160769,
standardized,dbs,TWD,SGD,TWD/SGD,100,SGD 50 – 200,amtBtw50And200,"SGD 40,000 – 100,000",std_40k_100k,otherCurrencies,2026-10-07 02:30:00,2026-10-06 18:30:14,2026-10-06T18:31:05.884785+00:00,4.0684,,4.0275,,MAS,1.01551831160769,
standardized,dbs,TWD,SGD,TWD/SGD,100,SGD 50 – 200,amtBtw50And200,SGD 50 – 200,std_50_200,otherCurrencies,2026-10-07 02:30:00,2026-10-06 18:30:14,2026-10-06T18:31:05.884785+00:00,4.0684,,4.0275,,MAS,1.01551831160769,
standardized,dbs,TWD,SGD,TWD/SGD,100,SGD < 50,amtLessThan50,SGD < 50,std_lt_50,otherCurrencies,2026-10-07 02:30:00,2026-10-06 18:30:14,2026-10-06T18:31:05.884785+00:00,4.0724,,4.0275,,MAS,1.1148355058969626,
standardized,dbs,USD,SGD,USD/SGD,1,SGD 50 – 200,amtBtw50And200,"SGD 200 – 39,999.99",std_200_40k,mainCurrencies,2026-10-07 02:30:00,2026-10-06 18:30:14,2026-10-06T18:31:05.884785+00:00,1.2882,1.2669,1.2794,1.27755,MAS,0.6878224167578489,0.97702047834924
standardized,dbs,USD,SGD,USD/SGD,1,SGD 50 – 200,amtBtw50And200,"SGD 40,000 – 100,000",std_40k_100k,mainCurrencies,2026-10-07 02:30:00,2026-10-06 18:30:14,2026-10-06T18:31:05.884785+00:00,1.2882,1.2669,1.2794,1.27755,MAS,0.6878224167578489,0.97702047834924
standardized,dbs,USD,SGD,USD/SGD,1,SGD 50 – 200,amtBtw50And200,SGD 50 – 200,std_50_200,mainCurrencies,2026-10-07 02:30:00,2026-10-06 18:30:14,2026-10-06T18:31:05.884785+00:00,1.2882,1.2669,1.2794,1.27755,MAS,0.6878224167578489,0.97702047834924
standardized,dbs,USD,SGD,USD/SGD,1,SGD < 50,amtLessThan50,SGD < 50,std_lt_50,mainCurrencies,2026-10-07 02:30:00,2026-10-06 18:30:14,2026-10-06T18:31:05.884785+00:00,1.2891,1.266,1.2794,1.27755,MAS,0.7581678911989854,1.0473659527903765
standardized,dbs,VND,SGD,VND/SGD,100,SGD 50 – 200,amtBtw50And200,"SGD 200 – 39,999.99",std_200_40k,otherCurrencies,2026-10-07 02:30:00,2026-10-06 18:30:14,2026-10-06T18:31:05.884785+00:00,0.0051,,0.004922,,MAS,3.616416091019915,
standardized,dbs,VND,SGD,VND/SGD,100,SGD 50 – 200,amtBtw50And200,"SGD 40,000 – 100,000",std_40k_100k,otherCurrencies,2026-10-07 02:30:00,2026-10-06 18:30:14,2026-10-06T18:31:05.884785+00:00,0.0051,,0.004922,,MAS,3.616416091019915,
standardized,dbs,VND,SGD,VND/SGD,100,SGD 50 – 200,amtBtw50And200,SGD 50 – 200,std_50_200,otherCurrencies,2026-10-07 02:30:00,2026-10-06 18:30:14,2026-10-06T18:31:05.884785+00:00,0.0051,,0.004922,,MAS,3.616416091019915,
standardized,dbs,VND,SGD,VND/SGD,100,SGD < 50,amtLessThan50,SGD < 50,std_lt_50,otherCurrencies,2026-10-07 02:30:00,2026-10-06 18:30:14,2026-10-06T18:31:05.884785+00:00,0.0051,,0.004922,,MAS,3.616416091019915,
standardized,dbs,XAU,SGD,XAU/SGD,1,SGD 50 – 200,amtBtw50And200,"SGD 200 – 39,999.99",std_200_40k,otherCurrencies,2026-10-07 02:30:00,2026-10-06 18:30:14,2026-10-06T18:31:05.884785+00:00,5357.91,5293.107,,5325.5085,,,
standardized,dbs,XAU,SGD,XAU/SGD,1,SGD 50 – 200,amtBtw50And200,"SGD 40,000 – 100,000",std_40k_100k,otherCurrencies,2026-10-07 02:30:00,2026-10-06 18:30:14,2026-10-06T18:31:05.884785+00:00,5357.91,5293.107,,5325.5085,,,
standardized,dbs,XAU,SGD,XAU/SGD,1,SGD 50 – 200,amtBtw50And200,SGD 50 – 200,std_50_200,otherCurrencies,2026-10-07 02:30:00,2026-10-06 18:30:14,2026-10-06T18:31:05.884785+00:00,5357.91,5293.107,,5325.5085,,,
standardized,dbs,XAU,SGD,XAU/SGD,1,SGD < 50,amtLessThan50,SGD < 50,std_lt_50,otherCurrencies,2026-10-07 02:30:00,2026-10-06 18:30:14,2026-10-06T18:31:05.884785+00:00,5357.768,5293.005,,5325.3865000000005,,,
standardized,dbs,ZAR,SGD,ZAR/SGD,1,SGD 50 – 200,amtBtw50And200,"SGD 200 – 39,999.99",std_200_40k,otherCurrencies,2026-10-07 02:30:00,2026-10-06 18:30:14,2026-10-06T18:31:05.884785+00:00,0.0782,0.0763,,0.07725000000000001,,,
standardized,dbs,ZAR,SGD,ZAR/SGD,1,SGD 50 – 200,amtBtw50And200,"SGD 40,000 – 100,000",std_40k_100k,otherCurrencies,2026-10-07 02:30:00,2026-10-06 18:30:14,2026-10-06T18:31:05.884785+00:00,0.0782,0.0763,,0.07725000000000001,,,
standardized,dbs,ZAR,SGD,ZAR/SGD,1,SGD 50 – 200,amtBtw50And200,SGD 50 – 200,std_50_200,otherCurrencies,2026-10-07 02:30:00,2026-10-06 18:30:14,2026-10-06T18:31:05.884785+00:00,0.0782,0.0763,,0.07725000000000001,,,
standardized,dbs,ZAR,SGD,ZAR/SGD,1,SGD < 50,amtLessThan50,SGD < 50,std_lt_50,otherCurrencies,2026-10-07 02:30:00,2026-10-06 18:30:14,2026-10-06T18:31:05.884785+00:00,0.0785,0.076,,0.07725,,,
standardized,hsbc,AED,SGD,AED/SGD,100,Indicative board,board,"SGD 200 – 39,999.99",std_200_40k,indicative_fx,2026-10-6,2026-10-6,2026-10-06T18:31:10.272900+00:00,35.98,33.71,34.83,34.845,MAS,3.301751363766864,3.2156187194946813
standardized,hsbc,AED,SGD,AED/SGD,100,Indicative board,board,"SGD 40,000 – 100,000",std_40k_100k,indicative_fx,2026-10-6,2026-10-6,2026-10-06T18:31:10.272900+00:00,35.98,33.71,34.83,34.845,MAS,3.301751363766864,3.2156187194946813
standardized,hsbc,AED,SGD,AED/SGD,100,Indicative board,board,SGD 50 – 200,std_50_200,indicative_fx,2026-10-6,2026-10-6,2026-10-06T18:31:10.272900+00:00,35.98,33.71,34.83,34.845,MAS,3.301751363766864,3.2156187194946813
standardized,hsbc,AED,SGD,AED/SGD,100,Indicative board,board,SGD < 50,std_lt_50,indicative_fx,2026-10-6,2026-10-6,2026-10-06T18:31:10.272900+00:00,35.98,33.71,34.83,34.845,MAS,3.301751363766864,3.2156187194946813
standardized,hsbc,AUD,SGD,AUD/SGD,1,Indicative board,board,"SGD 200 – 39,999.99",std_200_40k,indicative_fx,2026-10-6,2026-10-6,2026-10-06T18:31:10.272900+00:00,0.918,0.8643,0.8920999999999999,0.89115,MAS,2.9032619661473094,3.116242573702493
standardized,hsbc,AUD,SGD,AUD/SGD,1,Indicative board,board,"SGD 40,000 – 100,000",std_40k_100k,indicative_fx,2026-10-6,2026-10-6,2026-10-06T18:31:10.272900+00:00,0.918,0.8643,0.8920999999999999,0.89115,MAS,2.9032619661473094,3.116242573702493
standardized,hsbc,AUD,SGD,AUD/SGD,1,Indicative board,board,SGD 50 – 200,std_50_200,indicative_fx,2026-10-6,2026-10-6,2026-10-06T18:31:10.272900+00:00,0.918,0.8643,0.8920999999999999,0.89115,MAS,2.9032619661473094,3.116242573702493
standardized,hsbc,AUD,SGD,AUD/SGD,1,Indicative board,board,SGD < 50,std_lt_50,indicative_fx,2026-10-6,2026-10-6,2026-10-06T18:31:10.272900+00:00,0.918,0.8643,0.8920999999999999,0.89115,MAS,2.9032619661473094,3.116242573702493
standardized,hsbc,CAD,SGD,CAD/SGD,1,Indicative board,board,"SGD 200 – 39,999.99",std_200_40k,indicative_fx,2026-10-6,2026-10-6,2026-10-06T18:31:10.272900+00:00,0.924,0.8699,0.8969,0.89695,MAS,3.02151856394247,3.010369048946373
standardized,hsbc,CAD,SGD,CAD/SGD,1,Indicative board,board,"SGD 40,000 – 100,000",std_40k_100k,indicative_fx,2026-10-6,2026-10-6,2026-10-06T18:31:10.272900+00:00,0.924,0.8699,0.8969,0.89695,MAS,3.02151856394247,3.010369048946373
standardized,hsbc,CAD,SGD,CAD/SGD,1,Indicative board,board,SGD 50 – 200,std_50_200,indicative_fx,2026-10-6,2026-10-6,2026-10-06T18:31:10.272900+00:00,0.924,0.8699,0.8969,0.89695,MAS,3.02151856394247,3.010369048946373
standardized,hsbc,CAD,SGD,CAD/SGD,1,Indicative board,board,SGD < 50,std_lt_50,indicative_fx,2026-10-6,2026-10-6,2026-10-06T18:31:10.272900+00:00,0.924,0.8699,0.8969,0.89695,MAS,3.02151856394247,3.010369048946373
standardized,hsbc,CHF,SGD,CHF/SGD,100,Indicative board,board,"SGD 200 – 39,999.99",std_200_40k,indicative_fx,2026-10-6,2026-10-6,2026-10-06T18:31:10.272900+00:00,158.5,149.23,153.93,153.865,MAS,2.9688819593321596,3.053335931917116
standardized,hsbc,CHF,SGD,CHF/SGD,100,Indicative board,board,"SGD 40,000 – 100,000",std_40k_100k,indicative_fx,2026-10-6,2026-10-6,2026-10-06T18:31:10.272900+00:00,158.5,149.23,153.93,153.865,MAS,2.9688819593321596,3.053335931917116
standardized,hsbc,CHF,SGD,CHF/SGD,100,Indicative board,board,SGD 50 – 200,std_50_200,indicative_fx,2026-10-6,2026-10-6,2026-10-06T18:31:10.272900+00:00,158.5,149.23,153.93,153.865,MAS,2.9688819593321596,3.053335931917116
standardized,hsbc,CHF,SGD,CHF/SGD,100,Indicative board,board,SGD < 50,std_lt_50,indicative_fx,2026-10-6,2026-10-6,2026-10-06T18:31:10.272900+00:00,158.5,149.23,153.93,153.865,MAS,2.9688819593321596,3.053335931917116
standardized,hsbc,CNY,SGD,CNY/SGD,100,Indicative board,board,"SGD 200 – 39,999.99",std_200_40k,indicative_fx,2026-10-6,2026-10-6,2026-10-06T18:31:10.272900+00:00,19.7,18.46,19.08,19.08,MAS,3.2494758909853303,3.2494758909853116
standardized,hsbc,CNY,SGD,CNY/SGD,100,Indicative board,board,"SGD 40,000 – 100,000",std_40k_100k,indicative_fx,2026-10-6,2026-10-6,2026-10-06T18:31:10.272900+00:00,19.7,18.46,19.08,19.08,MAS,3.2494758909853303,3.2494758909853116
standardized,hsbc,CNY,SGD,CNY/SGD,100,Indicative board,board,SGD 50 – 200,std_50_200,indicative_fx,2026-10-6,2026-10-6,2026-10-06T18:31:10.272900+00:00,19.7,18.46,19.08,19.08,MAS,3.2494758909853303,3.2494758909853116
standardized,hsbc,CNY,SGD,CNY/SGD,100,Indicative board,board,SGD < 50,std_lt_50,indicative_fx,2026-10-6,2026-10-6,2026-10-06T18:31:10.272900+00:00,19.7,18.46,19.08,19.08,MAS,3.2494758909853303,3.2494758909853116
standardized,hsbc,DKK,SGD,DKK/SGD,100,Indicative board,board,"SGD 200 – 39,999.99",std_200_40k,indicative_fx,2026-10-6,2026-10-6,2026-10-06T18:31:10.272900+00:00,19.78,18.62,,19.200000000000003,,,
standardized,hsbc,DKK,SGD,DKK/SGD,100,Indicative board,board,"SGD 40,000 – 100,000",std_40k_100k,indicative_fx,2026-10-6,2026-10-6,2026-10-06T18:31:10.272900+00:00,19.78,18.62,,19.200000000000003,,,
standardized,hsbc,DKK,SGD,DKK/SGD,100,Indicative board,board,SGD 50 – 200,std_50_200,indicative_fx,2026-10-6,2026-10-6,2026-10-06T18:31:10.272900+00:00,19.78,18.62,,19.200000000000003,,,
standardized,hsbc,DKK,SGD,DKK/SGD,100,Indicative board,board,SGD < 50,std_lt_50,indicative_fx,2026-10-6,2026-10-6,2026-10-06T18:31:10.272900+00:00,19.78,18.62,,19.200000000000003,,,
standardized,hsbc,EUR,SGD,EUR/SGD,1,Indicative board,board,"SGD 200 – 39,999.99",std_200_40k,indicative_fx,2026-10-6,2026-10-6,2026-10-06T18:31:10.272900+00:00,1.4784,1.3919,1.4358,1.43515,MAS,2.9669870455495175,3.0575289037470434
standardized,hsbc,EUR,SGD,EUR/SGD,1,Indicative board,board,"SGD 40,000 – 100,000",std_40k_100k,indicative_fx,2026-10-6,2026-10-6,2026-10-06T18:31:10.272900+00:00,1.4784,1.3919,1.4358,1.43515,MAS,2.9669870455495175,3.0575289037470434
standardized,hsbc,EUR,SGD,EUR/SGD,1,Indicative board,board,SGD 50 – 200,std_50_200,indicative_fx,2026-10-6,2026-10-6,2026-10-06T18:31:10.272900+00:00,1.4784,1.3919,1.4358,1.43515,MAS,2.9669870455495175,3.0575289037470434
standardized,hsbc,EUR,SGD,EUR/SGD,1,Indicative board,board,SGD < 50,std_lt_50,indicative_fx,2026-10-6,2026-10-6,2026-10-06T18:31:10.272900+00:00,1.4784,1.3919,1.4358,1.43515,MAS,2.9669870455495175,3.0575289037470434
standardized,hsbc,FJD,SGD,FJD/SGD,1,Indicative board,board,"SGD 200 – 39,999.99",std_200_40k,indicative_fx,2026-10-6,2026-10-6,2026-10-06T18:31:10.272900+00:00,0.5945,,,,,,
standardized,hsbc,FJD,SGD,FJD/SGD,1,Indicative board,board,"SGD 40,000 – 100,000",std_40k_100k,indicative_fx,2026-10-6,2026-10-6,2026-10-06T18:31:10.272900+00:00,0.5945,,,,,,
standardized,hsbc,FJD,SGD,FJD/SGD,1,Indicative board,board,SGD 50 – 200,std_50_200,indicative_fx,2026-10-6,2026-10-6,2026-10-06T18:31:10.272900+00:00,0.5945,,,,,,
standardized,hsbc,FJD,SGD,FJD/SGD,1,Indicative board,board,SGD < 50,std_lt_50,indicative_fx,2026-10-6,2026-10-6,2026-10-06T18:31:10.272900+00:00,0.5945,,,,,,
standardized,hsbc,GBP,SGD,GBP/SGD,1,Indicative board,board,"SGD 200 – 39,999.99",std_200_40k,indicative_fx,2026-10-6,2026-10-6,2026-10-06T18:31:10.272900+00:00,1.7423,1.6404,1.6914,1.69135,MAS,3.0093413740096926,3.0152536360411455
standardized,hsbc,GBP,SGD,GBP/SGD,1,Indicative board,board,"SGD 40,000 – 100,000",std_40k_100k,indicative_fx,2026-10-6,2026-10-6,2026-10-06T18:31:10.272900+00:00,1.7423,1.6404,1.6914,1.69135,MAS,3.0093413740096926,3.0152536360411455
standardized,hsbc,GBP,SGD,GBP/SGD,1,Indicative board,board,SGD 50 – 200,std_50_200,indicative_fx,2026-10-6,2026-10-6,2026-10-06T18:31:10.272900+00:00,1.7423,1.6404,1.6914,1.69135,MAS,3.0093413740096926,3.0152536360411455
standardized,hsbc,GBP,SGD,GBP/SGD,1,Indicative board,board,SGD < 50,std_lt_50,indicative_fx,2026-10-6,2026-10-6,2026-10-06T18:31:10.272900+00:00,1.7423,1.6404,1.6914,1.69135,MAS,3.0093413740096926,3.0152536360411455
standardized,hsbc,HKD,SGD,HKD/SGD,100,Indicative board,board,"SGD 200 – 39,999.99",std_200_40k,indicative_fx,2026-10-6,2026-10-6,2026-10-06T18:31:10.272900+00:00,16.51,16.1,16.3,16.305,MAS,1.2883435582822138,1.2269938650306704
standardized,hsbc,HKD,SGD,HKD/SGD,100,Indicative board,board,"SGD 40,000 – 100,000",std_40k_100k,indicative_fx,2026-10-6,2026-10-6,2026-10-06T18:31:10.272900+00:00,16.51,16.1,16.3,16.305,MAS,1.2883435582822138,1.2269938650306704
standardized,hsbc,HKD,SGD,HKD/SGD,100,Indicative board,board,SGD 50 – 200,std_50_200,indicative_fx,2026-10-6,2026-10-6,2026-10-06T18:31:10.272900+00:00,16.51,16.1,16.3,16.305,MAS,1.2883435582822138,1.2269938650306704
standardized,hsbc,HKD,SGD,HKD/SGD,100,Indicative board,board,SGD < 50,std_lt_50,indicative_fx,2026-10-6,2026-10-6,2026-10-06T18:31:10.272900+00:00,16.51,16.1,16.3,16.305,MAS,1.2883435582822138,1.2269938650306704
standardized,hsbc,IDR,SGD,IDR/SGD,100,Indicative board,board,"SGD 200 – 39,999.99",std_200_40k,indicative_fx,2026-10-6,2026-10-6,2026-10-06T18:31:10.272900+00:00,0.0074,,0.007146999999999999,,MAS,3.539946830838135,
standardized,hsbc,IDR,SGD,IDR/SGD,100,Indicative board,board,"SGD 40,000 – 100,000",std_40k_100k,indicative_fx,2026-10-6,2026-10-6,2026-10-06T18:31:10.272900+00:00,0.0074,,0.007146999999999999,,MAS,3.539946830838135,
standardized,hsbc,IDR,SGD,IDR/SGD,100,Indicative board,board,SGD 50 – 200,std_50_200,indicative_fx,2026-10-6,2026-10-6,2026-10-06T18:31:10.272900+00:00,0.0074,,0.007146999999999999,,MAS,3.539946830838135,
standardized,hsbc,IDR,SGD,IDR/SGD,100,Indicative board,board,SGD < 50,std_lt_50,indicative_fx,2026-10-6,2026-10-6,2026-10-06T18:31:10.272900+00:00,0.0074,,0.007146999999999999,,MAS,3.539946830838135,
standardized,hsbc,INR,SGD,INR/SGD,100,Indicative board,board,"SGD 200 – 39,999.99",std_200_40k,indicative_fx,2026-10-6,2026-10-6,2026-10-06T18:31:10.272900+00:00,1.37,,1.3268,,MAS,3.2559541754597623,
standardized,hsbc,INR,SGD,INR/SGD,100,Indicative board,board,"SGD 40,000 – 100,000",std_40k_100k,indicative_fx,2026-10-6,2026-10-6,2026-10-06T18:31:10.272900+00:00,1.37,,1.3268,,MAS,3.2559541754597623,
standardized,hsbc,INR,SGD,INR/SGD,100,Indicative board,board,SGD 50 – 200,std_50_200,indicative_fx,2026-10-6,2026-10-6,2026-10-06T18:31:10.272900+00:00,1.37,,1.3268,,MAS,3.2559541754597623,
standardized,hsbc,INR,SGD,INR/SGD,100,Indicative board,board,SGD < 50,std_lt_50,indicative_fx,2026-10-6,2026-10-6,2026-10-06T18:31:10.272900+00:00,1.37,,1.3268,,MAS,3.2559541754597623,
standardized,hsbc,JPY,SGD,JPY/SGD,100,Indicative board,board,"SGD 200 – 39,999.99",std_200_40k,indicative_fx,2026-10-6,2026-10-6,2026-10-06T18:31:10.272900+00:00,0.8348,0.7859,0.8098,0.81035,MAS,3.087182020251917,2.9513460113608203
standardized,hsbc,JPY,SGD,JPY/SGD,100,Indicative board,board,"SGD 40,000 – 100,000",std_40k_100k,indicative_fx,2026-10-6,2026-10-6,2026-10-06T18:31:10.272900+00:00,0.8348,0.7859,0.8098,0.81035,MAS,3.087182020251917,2.9513460113608203
standardized,hsbc,JPY,SGD,JPY/SGD,100,Indicative board,board,SGD 50 – 200,std_50_200,indicative_fx,2026-10-6,2026-10-6,2026-10-06T18:31:10.272900+00:00,0.8348,0.7859,0.8098,0.81035,MAS,3.087182020251917,2.9513460113608203
standardized,hsbc,JPY,SGD,JPY/SGD,100,Indicative board,board,SGD < 50,std_lt_50,indicative_fx,2026-10-6,2026-10-6,2026-10-06T18:31:10.272900+00:00,0.8348,0.7859,0.8098,0.81035,MAS,3.087182020251917,2.9513460113608203
standardized,hsbc,LKR,SGD,LKR/SGD,100,Indicative board,board,"SGD 200 – 39,999.99",std_200_40k,indicative_fx,2026-10-6,2026-10-6,2026-10-06T18:31:10.272900+00:00,0.4,,,,,,
standardized,hsbc,LKR,SGD,LKR/SGD,100,Indicative board,board,"SGD 40,000 – 100,000",std_40k_100k,indicative_fx,2026-10-6,2026-10-6,2026-10-06T18:31:10.272900+00:00,0.4,,,,,,
standardized,hsbc,LKR,SGD,LKR/SGD,100,Indicative board,board,SGD 50 – 200,std_50_200,indicative_fx,2026-10-6,2026-10-6,2026-10-06T18:31:10.272900+00:00,0.4,,,,,,
standardized,hsbc,LKR,SGD,LKR/SGD,100,Indicative board,board,SGD < 50,std_lt_50,indicative_fx,2026-10-6,2026-10-6,2026-10-06T18:31:10.272900+00:00,0.4,,,,,,
standardized,hsbc,MUR,SGD,MUR/SGD,100,Indicative board,board,"SGD 200 – 39,999.99",std_200_40k,indicative_fx,2026-10-6,2026-10-6,2026-10-06T18:31:10.272900+00:00,2.79,2.6,,2.6950000000000003,,,
standardized,hsbc,MUR,SGD,MUR/SGD,100,Indicative board,board,"SGD 40,000 – 100,000",std_40k_100k,indicative_fx,2026-10-6,2026-10-6,2026-10-06T18:31:10.272900+00:00,2.79,2.6,,2.6950000000000003,,,
standardized,hsbc,MUR,SGD,MUR/SGD,100,Indicative board,board,SGD 50 – 200,std_50_200,indicative_fx,2026-10-6,2026-10-6,2026-10-06T18:31:10.272900+00:00,2.79,2.6,,2.6950000000000003,,,
standardized,hsbc,MUR,SGD,MUR/SGD,100,Indicative board,board,SGD < 50,std_lt_50,indicative_fx,2026-10-6,2026-10-6,2026-10-06T18:31:10.272900+00:00,2.79,2.6,,2.6950000000000003,,,
standardized,hsbc,NOK,SGD,NOK/SGD,100,Indicative board,board,"SGD 200 – 39,999.99",std_200_40k,indicative_fx,2026-10-6,2026-10-6,2026-10-06T18:31:10.272900+00:00,13.74,12.93,,13.335,,,
standardized,hsbc,NOK,SGD,NOK/SGD,100,Indicative board,board,"SGD 40,000 – 100,000",std_40k_100k,indicative_fx,2026-10-6,2026-10-6,2026-10-06T18:31:10.272900+00:00,13.74,12.93,,13.335,,,
standardized,hsbc,NOK,SGD,NOK/SGD,100,Indicative board,board,SGD 50 – 200,std_50_200,indicative_fx,2026-10-6,2026-10-6,2026-10-06T18:31:10.272900+00:00,13.74,12.93,,13.335,,,
standardized,hsbc,NOK,SGD,NOK/SGD,100,Indicative board,board,SGD < 50,std_lt_50,indicative_fx,2026-10-6,2026-10-6,2026-10-06T18:31:10.272900+00:00,13.74,12.93,,13.335,,,
standardized,hsbc,NZD,SGD,NZD/SGD,1,Indicative board,board,"SGD 200 – 39,999.99",std_200_40k,indicative_fx,2026-10-6,2026-10-6,2026-10-06T18:31:10.272900+00:00,0.7377,0.6945,0.7164,0.7161,MAS,2.973199329983247,3.056951423785599
standardized,hsbc,NZD,SGD,NZD/SGD,1,Indicative board,board,"SGD 40,000 – 100,000",std_40k_100k,indicative_fx,2026-10-6,2026-10-6,2026-10-06T18:31:10.272900+00:00,0.7377,0.6945,0.7164,0.7161,MAS,2.973199329983247,3.056951423785599
standardized,hsbc,NZD,SGD,NZD/SGD,1,Indicative board,board,SGD 50 – 200,std_50_200,indicative_fx,2026-10-6,2026-10-6,2026-10-06T18:31:10.272900+00:00,0.7377,0.6945,0.7164,0.7161,MAS,2.973199329983247,3.056951423785599
standardized,hsbc,NZD,SGD,NZD/SGD,1,Indicative board,board,SGD < 50,std_lt_50,indicative_fx,2026-10-6,2026-10-6,2026-10-06T18:31:10.272900+00:00,0.7377,0.6945,0.7164,0.7161,MAS,2.973199329983247,3.056951423785599
standardized,hsbc,PHP,SGD,PHP/SGD,100,Indicative board,board,"SGD 200 – 39,999.99",std_200_40k,indicative_fx,2026-10-6,2026-10-6,2026-10-06T18:31:10.272900+00:00,2.11,,2.0382,,MAS,3.522716122068496,
standardized,hsbc,PHP,SGD,PHP/SGD,100,Indicative board,board,"SGD 40,000 – 100,000",std_40k_100k,indicative_fx,2026-10-6,2026-10-6,2026-10-06T18:31:10.272900+00:00,2.11,,2.0382,,MAS,3.522716122068496,
standardized,hsbc,PHP,SGD,PHP/SGD,100,Indicative board,board,SGD 50 – 200,std_50_200,indicative_fx,2026-10-6,2026-10-6,2026-10-06T18:31:10.272900+00:00,2.11,,2.0382,,MAS,3.522716122068496,
standardized,hsbc,PHP,SGD,PHP/SGD,100,Indicative board,board,SGD < 50,std_lt_50,indicative_fx,2026-10-6,2026-10-6,2026-10-06T18:31:10.272900+00:00,2.11,,2.0382,,MAS,3.522716122068496,
standardized,hsbc,PKR,SGD,PKR/SGD,100,Indicative board,board,"SGD 200 – 39,999.99",std_200_40k,indicative_fx,2026-10-6,2026-10-6,2026-10-06T18:31:10.272900+00:00,0.48,,,,,,
standardized,hsbc,PKR,SGD,PKR/SGD,100,Indicative board,board,"SGD 40,000 – 100,000",std_40k_100k,indicative_fx,2026-10-6,2026-10-6,2026-10-06T18:31:10.272900+00:00,0.48,,,,,,
standardized,hsbc,PKR,SGD,PKR/SGD,100,Indicative board,board,SGD 50 – 200,std_50_200,indicative_fx,2026-10-6,2026-10-6,2026-10-06T18:31:10.272900+00:00,0.48,,,,,,
standardized,hsbc,PKR,SGD,PKR/SGD,100,Indicative board,board,SGD < 50,std_lt_50,indicative_fx,2026-10-6,2026-10-6,2026-10-06T18:31:10.272900+00:00,0.48,,,,,,
standardized,hsbc,QAR,SGD,QAR/SGD,100,Indicative board,board,"SGD 200 – 39,999.99",std_200_40k,indicative_fx,2026-10-6,2026-10-6,2026-10-06T18:31:10.272900+00:00,35.59,34.66,35.11,35.125,MAS,1.3671318712617602,1.2816861293078976
standardized,hsbc,QAR,SGD,QAR/SGD,100,Indicative board,board,"SGD 40,000 – 100,000",std_40k_100k,indicative_fx,2026-10-6,2026-10-6,2026-10-06T18:31:10.272900+00:00,35.59,34.66,35.11,35.125,MAS,1.3671318712617602,1.2816861293078976
standardized,hsbc,QAR,SGD,QAR/SGD,100,Indicative board,board,SGD 50 – 200,std_50_200,indicative_fx,2026-10-6,2026-10-6,2026-10-06T18:31:10.272900+00:00,35.59,34.66,35.11,35.125,MAS,1.3671318712617602,1.2816861293078976
standardized,hsbc,QAR,SGD,QAR/SGD,100,Indicative board,board,SGD < 50,std_lt_50,indicative_fx,2026-10-6,2026-10-6,2026-10-06T18:31:10.272900+00:00,35.59,34.66,35.11,35.125,MAS,1.3671318712617602,1.2816861293078976
standardized,hsbc,RUB,SGD,RUB/SGD,100,Indicative board,board,"SGD 200 – 39,999.99",std_200_40k,indicative_fx,2026-10-6,2026-10-6,2026-10-06T18:31:10.272900+00:00,15.64,14.53,,15.085,,,
standardized,hsbc,RUB,SGD,RUB/SGD,100,Indicative board,board,"SGD 40,000 – 100,000",std_40k_100k,indicative_fx,2026-10-6,2026-10-6,2026-10-06T18:31:10.272900+00:00,15.64,14.53,,15.085,,,
standardized,hsbc,RUB,SGD,RUB/SGD,100,Indicative board,board,SGD 50 – 200,std_50_200,indicative_fx,2026-10-6,2026-10-6,2026-10-06T18:31:10.272900+00:00,15.64,14.53,,15.085,,,
standardized,hsbc,RUB,SGD,RUB/SGD,100,Indicative board,board,SGD < 50,std_lt_50,indicative_fx,2026-10-6,2026-10-6,2026-10-06T18:31:10.272900+00:00,15.64,14.53,,15.085,,,
standardized,hsbc,SAR,SGD,SAR/SGD,100,Indicative board,board,"SGD 200 – 39,999.99",std_200_40k,indicative_fx,2026-10-6,2026-10-6,2026-10-06T18:31:10.272900+00:00,34.52,33.66,34.08,34.09,MAS,1.291079812206587,1.2323943661971881
standardized,hsbc,SAR,SGD,SAR/SGD,100,Indicative board,board,"SGD 40,000 – 100,000",std_40k_100k,indicative_fx,2026-10-6,2026-10-6,2026-10-06T18:31:10.272900+00:00,34.52,33.66,34.08,34.09,MAS,1.291079812206587,1.2323943661971881
standardized,hsbc,SAR,SGD,SAR/SGD,100,Indicative board,board,SGD 50 – 200,std_50_200,indicative_fx,2026-10-6,2026-10-6,2026-10-06T18:31:10.272900+00:00,34.52,33.66,34.08,34.09,MAS,1.291079812206587,1.2323943661971881
standardized,hsbc,SAR,SGD,SAR/SGD,100,Indicative board,board,SGD < 50,std_lt_50,indicative_fx,2026-10-6,2026-10-6,2026-10-06T18:31:10.272900+00:00,34.52,33.66,34.08,34.09,MAS,1.291079812206587,1.2323943661971881
standardized,hsbc,SEK,SGD,SEK/SGD,100,Indicative board,board,"SGD 200 – 39,999.99",std_200_40k,indicative_fx,2026-10-6,2026-10-6,2026-10-06T18:31:10.272900+00:00,13.13,12.36,,12.745000000000001,,,
standardized,hsbc,SEK,SGD,SEK/SGD,100,Indicative board,board,"SGD 40,000 – 100,000",std_40k_100k,indicative_fx,2026-10-6,2026-10-6,2026-10-06T18:31:10.272900+00:00,13.13,12.36,,12.745000000000001,,,
standardized,hsbc,SEK,SGD,SEK/SGD,100,Indicative board,board,SGD 50 – 200,std_50_200,indicative_fx,2026-10-6,2026-10-6,2026-10-06T18:31:10.272900+00:00,13.13,12.36,,12.745000000000001,,,
standardized,hsbc,SEK,SGD,SEK/SGD,100,Indicative board,board,SGD < 50,std_lt_50,indicative_fx,2026-10-6,2026-10-6,2026-10-06T18:31:10.272900+00:00,13.13,12.36,,12.745000000000001,,,
standardized,hsbc,THB,SGD,THB/SGD,100,Indicative board,board,"SGD 200 – 39,999.99",std_200_40k,indicative_fx,2026-10-6,2026-10-6,2026-10-06T18:31:10.272900+00:00,3.92,,3.8014,,MAS,3.1199031935602624,
standardized,hsbc,THB,SGD,THB/SGD,100,Indicative board,board,"SGD 40,000 – 100,000",std_40k_100k,indicative_fx,2026-10-6,2026-10-6,2026-10-06T18:31:10.272900+00:00,3.92,,3.8014,,MAS,3.1199031935602624,
standardized,hsbc,THB,SGD,THB/SGD,100,Indicative board,board,SGD 50 – 200,std_50_200,indicative_fx,2026-10-6,2026-10-6,2026-10-06T18:31:10.272900+00:00,3.92,,3.8014,,MAS,3.1199031935602624,
standardized,hsbc,THB,SGD,THB/SGD,100,Indicative board,board,SGD < 50,std_lt_50,indicative_fx,2026-10-6,2026-10-6,2026-10-06T18:31:10.272900+00:00,3.92,,3.8014,,MAS,3.1199031935602624,
standardized,hsbc,TRY,SGD,TRY/SGD,1,Indicative board,board,"SGD 200 – 39,999.99",std_200_40k,indicative_fx,2026-10-6,2026-10-6,2026-10-06T18:31:10.272900+00:00,0.0269,,,,,,
standardized,hsbc,TRY,SGD,TRY/SGD,1,Indicative board,board,"SGD 40,000 – 100,000",std_40k_100k,indicative_fx,2026-10-6,2026-10-6,2026-10-06T18:31:10.272900+00:00,0.0269,,,,,,
standardized,hsbc,TRY,SGD,TRY/SGD,1,Indicative board,board,SGD 50 – 200,std_50_200,indicative_fx,2026-10-6,2026-10-6,2026-10-06T18:31:10.272900+00:00,0.0269,,,,,,
standardized,hsbc,TRY,SGD,TRY/SGD,1,Indicative board,board,SGD < 50,std_lt_50,indicative_fx,2026-10-6,2026-10-6,2026-10-06T18:31:10.272900+00:00,0.0269,,,,,,
standardized,hsbc,USD,SGD,USD/SGD,1,Indicative board,board,"SGD 200 – 39,999.99",std_200_40k,indicative_fx,2026-10-6,2026-10-6,2026-10-06T18:31:10.272900+00:00,1.3054,1.254,1.2794,1.2797,MAS,2.0322025949663747,1.9853056120056345
standardized,hsbc,USD,SGD,USD/SGD,1,Indicative board,board,"SGD 40,000 – 100,000",std_40k_100k,indicative_fx,2026-10-6,2026-10-6,2026-10-06T18:31:10.272900+00:00,1.3054,1.254,1.2794,1.2797,MAS,2.0322025949663747,1.9853056120056345
standardized,hsbc,USD,SGD,USD/SGD,1,Indicative board,board,SGD 50 – 200,std_50_200,indicative_fx,2026-10-6,2026-10-6,2026-10-06T18:31:10.272900+00:00,1.3054,1.254,1.2794,1.2797,MAS,2.0322025949663747,1.9853056120056345
standardized,hsbc,USD,SGD,USD/SGD,1,Indicative board,board,SGD < 50,std_lt_50,indicative_fx,2026-10-6,2026-10-6,2026-10-06T18:31:10.272900+00:00,1.3054,1.254,1.2794,1.2797,MAS,2.0322025949663747,1.9853056120056345
standardized,hsbc,ZAR,SGD,ZAR/SGD,1,Indicative board,board,"SGD 200 – 39,999.99",std_200_40k,indicative_fx,2026-10-6,2026-10-6,2026-10-06T18:31:10.272900+00:00,0.0794,0.0744,,0.0769,,,
standardized,hsbc,ZAR,SGD,ZAR/SGD,1,Indicative board,board,"SGD 40,000 – 100,000",std_40k_100k,indicative_fx,2026-10-6,2026-10-6,2026-10-06T18:31:10.272900+00:00,0.0794,0.0744,,0.0769,,,
standardized,hsbc,ZAR,SGD,ZAR/SGD,1,Indicative board,board,SGD 50 – 200,std_50_200,indicative_fx,2026-10-6,2026-10-6,2026-10-06T18:31:10.272900+00:00,0.0794,0.0744,,0.0769,,,
standardized,hsbc,ZAR,SGD,ZAR/SGD,1,Indicative board,board,SGD < 50,std_lt_50,indicative_fx,2026-10-6,2026-10-6,2026-10-06T18:31:10.272900+00:00,0.0794,0.0744,,0.0769,,,
standardized,ocbc,AED,SGD,AED/SGD,100,"SGD 0 – 39,999.99",tier_1,"SGD 200 – 39,999.99",std_200_40k,fxRatesSgd,2026-10-06T07:00:14,2026-10-06T07:00:14,2026-10-06T18:31:07.886928+00:00,35.7073,33.6879,34.83,34.6976,MAS,2.518805627332754,3.2790697674418583
standardized,ocbc,AED,SGD,AED/SGD,100,"SGD 40,000 – 100,000",tier_2,"SGD 40,000 – 100,000",std_40k_100k,fxRatesSgd,2026-10-06T07:00:14,2026-10-06T07:00:14,2026-10-06T18:31:07.886928+00:00,35.6967,33.7051,34.83,34.6976,MAS,2.4883720930232602,3.2296870513924687
standardized,ocbc,AED,SGD,AED/SGD,100,"SGD 0 – 39,999.99",tier_1,SGD 50 – 200,std_50_200,fxRatesSgd,2026-10-06T07:00:14,2026-10-06T07:00:14,2026-10-06T18:31:07.886928+00:00,35.7073,33.6879,34.83,34.6976,MAS,2.518805627332754,3.2790697674418583
standardized,ocbc,AED,SGD,AED/SGD,100,"SGD 0 – 39,999.99",tier_1,SGD < 50,std_lt_50,fxRatesSgd,2026-10-06T07:00:14,2026-10-06T07:00:14,2026-10-06T18:31:07.886928+00:00,35.7073,33.6879,34.83,34.6976,MAS,2.518805627332754,3.2790697674418583
standardized,ocbc,AUD,SGD,AUD/SGD,1,"SGD 0 – 39,999.99",tier_1,"SGD 200 – 39,999.99",std_200_40k,fxRatesSgd,2026-10-06T07:00:14,2026-10-06T07:00:14,2026-10-06T18:31:07.886928+00:00,0.907,0.8784,0.8920999999999999,0.8927,MAS,1.6702163434592687,1.5357022755296421
standardized,ocbc,AUD,SGD,AUD/SGD,1,"SGD 40,000 – 100,000",tier_2,"SGD 40,000 – 100,000",std_40k_100k,fxRatesSgd,2026-10-06T07:00:14,2026-10-06T07:00:14,2026-10-06T18:31:07.886928+00:00,0.9052,0.8801,0.8920999999999999,0.8927,MAS,1.4684452415648597,1.3451406792960319
standardized,ocbc,AUD,SGD,AUD/SGD,1,"SGD 0 – 39,999.99",tier_1,SGD 50 – 200,std_50_200,fxRatesSgd,2026-10-06T07:00:14,2026-10-06T07:00:14,2026-10-06T18:31:07.886928+00:00,0.907,0.8784,0.8920999999999999,0.8927,MAS,1.6702163434592687,1.5357022755296421
standardized,ocbc,AUD,SGD,AUD/SGD,1,"SGD 0 – 39,999.99",tier_1,SGD < 50,std_lt_50,fxRatesSgd,2026-10-06T07:00:14,2026-10-06T07:00:14,2026-10-06T18:31:07.886928+00:00,0.907,0.8784,0.8920999999999999,0.8927,MAS,1.6702163434592687,1.5357022755296421
standardized,ocbc,BGN,SGD,BGN/SGD,100,"SGD 0 – 39,999.99",tier_1,"SGD 200 – 39,999.99",std_200_40k,fxRatesSgd,2026-10-06T07:00:14,2026-10-06T07:00:14,2026-10-06T18:31:07.886928+00:00,0.0,0.0,,0.0,,,
standardized,ocbc,BGN,SGD,BGN/SGD,100,"SGD 40,000 – 100,000",tier_2,"SGD 40,000 – 100,000",std_40k_100k,fxRatesSgd,2026-10-06T07:00:14,2026-10-06T07:00:14,2026-10-06T18:31:07.886928+00:00,0.0,0.0,,0.0,,,
standardized,ocbc,BGN,SGD,BGN/SGD,100,"SGD 0 – 39,999.99",tier_1,SGD 50 – 200,std_50_200,fxRatesSgd,2026-10-06T07:00:14,2026-10-06T07:00:14,2026-10-06T18:31:07.886928+00:00,0.0,0.0,,0.0,,,
standardized,ocbc,BGN,SGD,BGN/SGD,100,"SGD 0 – 39,999.99",tier_1,SGD < 50,std_lt_50,fxRatesSgd,2026-10-06T07:00:14,2026-10-06T07:00:14,2026-10-06T18:31:07.886928+00:00,0.0,0.0,,0.0,,,
standardized,ocbc,BHD,SGD,BHD/SGD,1,"SGD 0 – 39,999.99",tier_1,"SGD 200 – 39,999.99",std_200_40k,fxRatesSgd,2026-10-06T07:00:14,2026-10-06T07:00:14,2026-10-06T18:31:07.886928+00:00,0.0,0.0,,0.0,,,
standardized,ocbc,BHD,SGD,BHD/SGD,1,"SGD 40,000 – 100,000",tier_2,"SGD 40,000 – 100,000",std_40k_100k,fxRatesSgd,2026-10-06T07:00:14,2026-10-06T07:00:14,2026-10-06T18:31:07.886928+00:00,0.0,0.0,,0.0,,,
standardized,ocbc,BHD,SGD,BHD/SGD,1,"SGD 0 – 39,999.99",tier_1,SGD 50 – 200,std_50_200,fxRatesSgd,2026-10-06T07:00:14,2026-10-06T07:00:14,2026-10-06T18:31:07.886928+00:00,0.0,0.0,,0.0,,,
standardized,ocbc,BHD,SGD,BHD/SGD,1,"SGD 0 – 39,999.99",tier_1,SGD < 50,std_lt_50,fxRatesSgd,2026-10-06T07:00:14,2026-10-06T07:00:14,2026-10-06T18:31:07.886928+00:00,0.0,0.0,,0.0,,,
standardized,ocbc,CAD,SGD,CAD/SGD,1,"SGD 0 – 39,999.99",tier_1,"SGD 200 – 39,999.99",std_200_40k,fxRatesSgd,2026-10-06T07:00:14,2026-10-06T07:00:14,2026-10-06T18:31:07.886928+00:00,0.9117,0.8794,0.8969,0.8956,MAS,1.6501282194224465,1.9511651243171002
standardized,ocbc,CAD,SGD,CAD/SGD,1,"SGD 40,000 – 100,000",tier_2,"SGD 40,000 – 100,000",std_40k_100k,fxRatesSgd,2026-10-06T07:00:14,2026-10-06T07:00:14,2026-10-06T18:31:07.886928+00:00,0.9099,0.8812,0.8969,0.8956,MAS,1.4494369494926984,1.7504738543873393
standardized,ocbc,CAD,SGD,CAD/SGD,1,"SGD 0 – 39,999.99",tier_1,SGD 50 – 200,std_50_200,fxRatesSgd,2026-10-06T07:00:14,2026-10-06T07:00:14,2026-10-06T18:31:07.886928+00:00,0.9117,0.8794,0.8969,0.8956,MAS,1.6501282194224465,1.9511651243171002
standardized,ocbc,CAD,SGD,CAD/SGD,1,"SGD 0 – 39,999.99",tier_1,SGD < 50,std_lt_50,fxRatesSgd,2026-10-06T07:00:14,2026-10-06T07:00:14,2026-10-06T18:31:07.886928+00:00,0.9117,0.8794,0.8969,0.8956,MAS,1.6501282194224465,1.9511651243171002
standardized,ocbc,CHF,SGD,CHF/SGD,100,"SGD 0 – 39,999.99",tier_1,"SGD 200 – 39,999.99",std_200_40k,fxRatesSgd,2026-10-06T07:00:14,2026-10-06T07:00:14,2026-10-06T18:31:07.886928+00:00,156.5636,151.0083,153.93,153.786,MAS,1.7109075553823172,1.8980705515494154
standardized,ocbc,CHF,SGD,CHF/SGD,100,"SGD 40,000 – 100,000",tier_2,"SGD 40,000 – 100,000",std_40k_100k,fxRatesSgd,2026-10-06T07:00:14,2026-10-06T07:00:14,2026-10-06T18:31:07.886928+00:00,156.256,151.3159,153.93,153.786,MAS,1.5110764633274822,1.6982394594945802
standardized,ocbc,CHF,SGD,CHF/SGD,100,"SGD 0 – 39,999.99",tier_1,SGD 50 – 200,std_50_200,fxRatesSgd,2026-10-06T07:00:14,2026-10-06T07:00:14,2026-10-06T18:31:07.886928+00:00,156.5636,151.0083,153.93,153.786,MAS,1.7109075553823172,1.8980705515494154
standardized,ocbc,CHF,SGD,CHF/SGD,100,"SGD 0 – 39,999.99",tier_1,SGD < 50,std_lt_50,fxRatesSgd,2026-10-06T07:00:14,2026-10-06T07:00:14,2026-10-06T18:31:07.886928+00:00,156.5636,151.0083,153.93,153.786,MAS,1.7109075553823172,1.8980705515494154
standardized,ocbc,CNH,SGD,CNH/SGD,100,"SGD 0 – 39,999.99",tier_1,"SGD 200 – 39,999.99",std_200_40k,fxRatesSgd,2026-10-06T07:00:14,2026-10-06T07:00:14,2026-10-06T18:31:07.886928+00:00,19.4196,18.8462,,19.1329,,,
standardized,ocbc,CNH,SGD,CNH/SGD,100,"SGD 40,000 – 100,000",tier_2,"SGD 40,000 – 100,000",std_40k_100k,fxRatesSgd,2026-10-06T07:00:14,2026-10-06T07:00:14,2026-10-06T18:31:07.886928+00:00,19.4005,18.8653,,19.1329,,,
standardized,ocbc,CNH,SGD,CNH/SGD,100,"SGD 0 – 39,999.99",tier_1,SGD 50 – 200,std_50_200,fxRatesSgd,2026-10-06T07:00:14,2026-10-06T07:00:14,2026-10-06T18:31:07.886928+00:00,19.4196,18.8462,,19.1329,,,
standardized,ocbc,CNH,SGD,CNH/SGD,100,"SGD 0 – 39,999.99",tier_1,SGD < 50,std_lt_50,fxRatesSgd,2026-10-06T07:00:14,2026-10-06T07:00:14,2026-10-06T18:31:07.886928+00:00,19.4196,18.8462,,19.1329,,,
standardized,ocbc,CZK,SGD,CZK/SGD,100,"SGD 0 – 39,999.99",tier_1,"SGD 200 – 39,999.99",std_200_40k,fxRatesSgd,2026-10-06T07:00:14,2026-10-06T07:00:14,2026-10-06T18:31:07.886928+00:00,0.0,0.0,,0.0,,,
standardized,ocbc,CZK,SGD,CZK/SGD,100,"SGD 40,000 – 100,000",tier_2,"SGD 40,000 – 100,000",std_40k_100k,fxRatesSgd,2026-10-06T07:00:14,2026-10-06T07:00:14,2026-10-06T18:31:07.886928+00:00,0.0,0.0,,0.0,,,
standardized,ocbc,CZK,SGD,CZK/SGD,100,"SGD 0 – 39,999.99",tier_1,SGD 50 – 200,std_50_200,fxRatesSgd,2026-10-06T07:00:14,2026-10-06T07:00:14,2026-10-06T18:31:07.886928+00:00,0.0,0.0,,0.0,,,
standardized,ocbc,CZK,SGD,CZK/SGD,100,"SGD 0 – 39,999.99",tier_1,SGD < 50,std_lt_50,fxRatesSgd,2026-10-06T07:00:14,2026-10-06T07:00:14,2026-10-06T18:31:07.886928+00:00,0.0,0.0,,0.0,,,
standardized,ocbc,DKK,SGD,DKK/SGD,100,"SGD 0 – 39,999.99",tier_1,"SGD 200 – 39,999.99",std_200_40k,fxRatesSgd,2026-10-06T07:00:14,2026-10-06T07:00:14,2026-10-06T18:31:07.886928+00:00,19.5773,18.8836,,19.2305,,,
standardized,ocbc,DKK,SGD,DKK/SGD,100,"SGD 40,000 – 100,000",tier_2,"SGD 40,000 – 100,000",std_40k_100k,fxRatesSgd,2026-10-06T07:00:14,2026-10-06T07:00:14,2026-10-06T18:31:07.886928+00:00,19.5389,18.9221,,19.2305,,,
standardized,ocbc,DKK,SGD,DKK/SGD,100,"SGD 0 – 39,999.99",tier_1,SGD 50 – 200,std_50_200,fxRatesSgd,2026-10-06T07:00:14,2026-10-06T07:00:14,2026-10-06T18:31:07.886928+00:00,19.5773,18.8836,,19.2305,,,
standardized,ocbc,DKK,SGD,DKK/SGD,100,"SGD 0 – 39,999.99",tier_1,SGD < 50,std_lt_50,fxRatesSgd,2026-10-06T07:00:14,2026-10-06T07:00:14,2026-10-06T18:31:07.886928+00:00,19.5773,18.8836,,19.2305,,,
standardized,ocbc,EUR,SGD,EUR/SGD,1,"SGD 0 – 39,999.99",tier_1,"SGD 200 – 39,999.99",std_200_40k,fxRatesSgd,2026-10-06T07:00:14,2026-10-06T07:00:14,2026-10-06T18:31:07.886928+00:00,1.4535,1.4179,1.4358,1.4357,MAS,1.2327622231508601,1.246691739796631
standardized,ocbc,EUR,SGD,EUR/SGD,1,"SGD 40,000 – 100,000",tier_2,"SGD 40,000 – 100,000",std_40k_100k,fxRatesSgd,2026-10-06T07:00:14,2026-10-06T07:00:14,2026-10-06T18:31:07.886928+00:00,1.4518,1.4198,1.4358,1.4357,MAS,1.1143613316617924,1.1143613316617924
standardized,ocbc,EUR,SGD,EUR/SGD,1,"SGD 0 – 39,999.99",tier_1,SGD 50 – 200,std_50_200,fxRatesSgd,2026-10-06T07:00:14,2026-10-06T07:00:14,2026-10-06T18:31:07.886928+00:00,1.4535,1.4179,1.4358,1.4357,MAS,1.2327622231508601,1.246691739796631
standardized,ocbc,EUR,SGD,EUR/SGD,1,"SGD 0 – 39,999.99",tier_1,SGD < 50,std_lt_50,fxRatesSgd,2026-10-06T07:00:14,2026-10-06T07:00:14,2026-10-06T18:31:07.886928+00:00,1.4535,1.4179,1.4358,1.4357,MAS,1.2327622231508601,1.246691739796631
standardized,ocbc,GBP,SGD,GBP/SGD,1,"SGD 0 – 39,999.99",tier_1,"SGD 200 – 39,999.99",std_200_40k,fxRatesSgd,2026-10-06T07:00:14,2026-10-06T07:00:14,2026-10-06T18:31:07.886928+00:00,1.7157,1.6702,1.6914,1.693,MAS,1.436679673643135,1.253399550668092
standardized,ocbc,GBP,SGD,GBP/SGD,1,"SGD 40,000 – 100,000",tier_2,"SGD 40,000 – 100,000",std_40k_100k,fxRatesSgd,2026-10-06T07:00:14,2026-10-06T07:00:14,2026-10-06T18:31:07.886928+00:00,1.714,1.6723,1.6914,1.693,MAS,1.336171219108428,1.1292420480075747
standardized,ocbc,GBP,SGD,GBP/SGD,1,"SGD 0 – 39,999.99",tier_1,SGD 50 – 200,std_50_200,fxRatesSgd,2026-10-06T07:00:14,2026-10-06T07:00:14,2026-10-06T18:31:07.886928+00:00,1.7157,1.6702,1.6914,1.693,MAS,1.436679673643135,1.253399550668092
standardized,ocbc,GBP,SGD,GBP/SGD,1,"SGD 0 – 39,999.99",tier_1,SGD < 50,std_lt_50,fxRatesSgd,2026-10-06T07:00:14,2026-10-06T07:00:14,2026-10-06T18:31:07.886928+00:00,1.7157,1.6702,1.6914,1.693,MAS,1.436679673643135,1.253399550668092
standardized,ocbc,HKD,SGD,HKD/SGD,100,"SGD 0 – 39,999.99",tier_1,"SGD 200 – 39,999.99",std_200_40k,fxRatesSgd,2026-10-06T07:00:14,2026-10-06T07:00:14,2026-10-06T18:31:07.886928+00:00,16.4996,16.1012,16.3,16.3004,MAS,1.2245398773006149,1.2196319018405035
standardized,ocbc,HKD,SGD,HKD/SGD,100,"SGD 40,000 – 100,000",tier_2,"SGD 40,000 – 100,000",std_40k_100k,fxRatesSgd,2026-10-06T07:00:14,2026-10-06T07:00:14,2026-10-06T18:31:07.886928+00:00,16.4703,16.111,16.3,16.3004,MAS,1.0447852760736258,1.159509202453988
standardized,ocbc,HKD,SGD,HKD/SGD,100,"SGD 0 – 39,999.99",tier_1,SGD 50 – 200,std_50_200,fxRatesSgd,2026-10-06T07:00:14,2026-10-06T07:00:14,2026-10-06T18:31:07.886928+00:00,16.4996,16.1012,16.3,16.3004,MAS,1.2245398773006149,1.2196319018405035
standardized,ocbc,HKD,SGD,HKD/SGD,100,"SGD 0 – 39,999.99",tier_1,SGD < 50,std_lt_50,fxRatesSgd,2026-10-06T07:00:14,2026-10-06T07:00:14,2026-10-06T18:31:07.886928+00:00,16.4996,16.1012,16.3,16.3004,MAS,1.2245398773006149,1.2196319018405035
standardized,ocbc,HUF,SGD,HUF/SGD,100,"SGD 0 – 39,999.99",tier_1,"SGD 200 – 39,999.99",std_200_40k,fxRatesSgd,2026-10-06T07:00:14,2026-10-06T07:00:14,2026-10-06T18:31:07.886928+00:00,0.0,0.0,,0.0,,,
standardized,ocbc,HUF,SGD,HUF/SGD,100,"SGD 40,000 – 100,000",tier_2,"SGD 40,000 – 100,000",std_40k_100k,fxRatesSgd,2026-10-06T07:00:14,2026-10-06T07:00:14,2026-10-06T18:31:07.886928+00:00,0.0,0.0,,0.0,,,
standardized,ocbc,HUF,SGD,HUF/SGD,100,"SGD 0 – 39,999.99",tier_1,SGD 50 – 200,std_50_200,fxRatesSgd,2026-10-06T07:00:14,2026-10-06T07:00:14,2026-10-06T18:31:07.886928+00:00,0.0,0.0,,0.0,,,
standardized,ocbc,HUF,SGD,HUF/SGD,100,"SGD 0 – 39,999.99",tier_1,SGD < 50,std_lt_50,fxRatesSgd,2026-10-06T07:00:14,2026-10-06T07:00:14,2026-10-06T18:31:07.886928+00:00,0.0,0.0,,0.0,,,
standardized,ocbc,IDR,SGD,IDR/SGD,100,"SGD 0 – 39,999.99",tier_1,"SGD 200 – 39,999.99",std_200_40k,fxRatesSgd,2026-10-06T07:00:14,2026-10-06T07:00:14,2026-10-06T18:31:07.886928+00:00,0.0073,0.0,0.007146999999999999,0.0073,MAS,2.14075836015113,100.0
standardized,ocbc,IDR,SGD,IDR/SGD,100,"SGD 40,000 – 100,000",tier_2,"SGD 40,000 – 100,000",std_40k_100k,fxRatesSgd,2026-10-06T07:00:14,2026-10-06T07:00:14,2026-10-06T18:31:07.886928+00:00,0.0073,0.0,0.007146999999999999,0.0073,MAS,2.14075836015113,100.0
standardized,ocbc,IDR,SGD,IDR/SGD,100,"SGD 0 – 39,999.99",tier_1,SGD 50 – 200,std_50_200,fxRatesSgd,2026-10-06T07:00:14,2026-10-06T07:00:14,2026-10-06T18:31:07.886928+00:00,0.0073,0.0,0.007146999999999999,0.0073,MAS,2.14075836015113,100.0
standardized,ocbc,IDR,SGD,IDR/SGD,100,"SGD 0 – 39,999.99",tier_1,SGD < 50,std_lt_50,fxRatesSgd,2026-10-06T07:00:14,2026-10-06T07:00:14,2026-10-06T18:31:07.886928+00:00,0.0073,0.0,0.007146999999999999,0.0073,MAS,2.14075836015113,100.0
standardized,ocbc,ILS,SGD,ILS/SGD,100,"SGD 0 – 39,999.99",tier_1,"SGD 200 – 39,999.99",std_200_40k,fxRatesSgd,2026-10-06T07:00:14,2026-10-06T07:00:14,2026-10-06T18:31:07.886928+00:00,0.0,0.0,,0.0,,,
standardized,ocbc,ILS,SGD,ILS/SGD,100,"SGD 40,000 – 100,000",tier_2,"SGD 40,000 – 100,000",std_40k_100k,fxRatesSgd,2026-10-06T07:00:14,2026-10-06T07:00:14,2026-10-06T18:31:07.886928+00:00,0.0,0.0,,0.0,,,
standardized,ocbc,ILS,SGD,ILS/SGD,100,"SGD 0 – 39,999.99",tier_1,SGD 50 – 200,std_50_200,fxRatesSgd,2026-10-06T07:00:14,2026-10-06T07:00:14,2026-10-06T18:31:07.886928+00:00,0.0,0.0,,0.0,,,
standardized,ocbc,ILS,SGD,ILS/SGD,100,"SGD 0 – 39,999.99",tier_1,SGD < 50,std_lt_50,fxRatesSgd,2026-10-06T07:00:14,2026-10-06T07:00:14,2026-10-06T18:31:07.886928+00:00,0.0,0.0,,0.0,,,
standardized,ocbc,INR,SGD,INR/SGD,100,"SGD 0 – 39,999.99",tier_1,"SGD 200 – 39,999.99",std_200_40k,fxRatesSgd,2026-10-06T07:00:14,2026-10-06T07:00:14,2026-10-06T18:31:07.886928+00:00,1.368,0.0,1.3268,1.368,MAS,3.1052155562255144,100.0
standardized,ocbc,INR,SGD,INR/SGD,100,"SGD 40,000 – 100,000",tier_2,"SGD 40,000 – 100,000",std_40k_100k,fxRatesSgd,2026-10-06T07:00:14,2026-10-06T07:00:14,2026-10-06T18:31:07.886928+00:00,1.3654,0.0,1.3268,1.368,MAS,2.9092553512209802,100.0
standardized,ocbc,INR,SGD,INR/SGD,100,"SGD 0 – 39,999.99",tier_1,SGD 50 – 200,std_50_200,fxRatesSgd,2026-10-06T07:00:14,2026-10-06T07:00:14,2026-10-06T18:31:07.886928+00:00,1.368,0.0,1.3268,1.368,MAS,3.1052155562255144,100.0
standardized,ocbc,INR,SGD,INR/SGD,100,"SGD 0 – 39,999.99",tier_1,SGD < 50,std_lt_50,fxRatesSgd,2026-10-06T07:00:14,2026-10-06T07:00:14,2026-10-06T18:31:07.886928+00:00,1.368,0.0,1.3268,1.368,MAS,3.1052155562255144,100.0
standardized,ocbc,JOD,SGD,JOD/SGD,1,"SGD 0 – 39,999.99",tier_1,"SGD 200 – 39,999.99",std_200_40k,fxRatesSgd,2026-10-06T07:00:14,2026-10-06T07:00:14,2026-10-06T18:31:07.886928+00:00,0.0,0.0,,0.0,,,
standardized,ocbc,JOD,SGD,JOD/SGD,1,"SGD 40,000 – 100,000",tier_2,"SGD 40,000 – 100,000",std_40k_100k,fxRatesSgd,2026-10-06T07:00:14,2026-10-06T07:00:14,2026-10-06T18:31:07.886928+00:00,0.0,0.0,,0.0,,,
standardized,ocbc,JOD,SGD,JOD/SGD,1,"SGD 0 – 39,999.99",tier_1,SGD 50 – 200,std_50_200,fxRatesSgd,2026-10-06T07:00:14,2026-10-06T07:00:14,2026-10-06T18:31:07.886928+00:00,0.0,0.0,,0.0,,,
standardized,ocbc,JOD,SGD,JOD/SGD,1,"SGD 0 – 39,999.99",tier_1,SGD < 50,std_lt_50,fxRatesSgd,2026-10-06T07:00:14,2026-10-06T07:00:14,2026-10-06T18:31:07.886928+00:00,0.0,0.0,,0.0,,,
standardized,ocbc,JPY,SGD,JPY/SGD,100,"SGD 0 – 39,999.99",tier_1,"SGD 200 – 39,999.99",std_200_40k,fxRatesSgd,2026-10-06T07:00:14,2026-10-06T07:00:14,2026-10-06T18:31:07.886928+00:00,0.8187,0.7986,0.8098,0.8087,MAS,1.099036799209684,1.383057545072856
standardized,ocbc,JPY,SGD,JPY/SGD,100,"SGD 40,000 – 100,000",tier_2,"SGD 40,000 – 100,000",std_40k_100k,fxRatesSgd,2026-10-06T07:00:14,2026-10-06T07:00:14,2026-10-06T18:31:07.886928+00:00,0.8179,0.8,0.8098,0.8087,MAS,1.0002469745616198,1.2101753519387404
standardized,ocbc,JPY,SGD,JPY/SGD,100,"SGD 0 – 39,999.99",tier_1,SGD 50 – 200,std_50_200,fxRatesSgd,2026-10-06T07:00:14,2026-10-06T07:00:14,2026-10-06T18:31:07.886928+00:00,0.8187,0.7986,0.8098,0.8087,MAS,1.099036799209684,1.383057545072856
standardized,ocbc,JPY,SGD,JPY/SGD,100,"SGD 0 – 39,999.99",tier_1,SGD < 50,std_lt_50,fxRatesSgd,2026-10-06T07:00:14,2026-10-06T07:00:14,2026-10-06T18:31:07.886928+00:00,0.8187,0.7986,0.8098,0.8087,MAS,1.099036799209684,1.383057545072856
standardized,ocbc,KRW,SGD,KRW/SGD,100,"SGD 0 – 39,999.99",tier_1,"SGD 200 – 39,999.99",std_200_40k,fxRatesSgd,2026-10-06T07:00:14,2026-10-06T07:00:14,2026-10-06T18:31:07.886928+00:00,0.0,0.0,0.0953,0.0,MAS,-100.0,100.0
standardized,ocbc,KRW,SGD,KRW/SGD,100,"SGD 40,000 – 100,000",tier_2,"SGD 40,000 – 100,000",std_40k_100k,fxRatesSgd,2026-10-06T07:00:14,2026-10-06T07:00:14,2026-10-06T18:31:07.886928+00:00,0.0,0.0,0.0953,0.0,MAS,-100.0,100.0
standardized,ocbc,KRW,SGD,KRW/SGD,100,"SGD 0 – 39,999.99",tier_1,SGD 50 – 200,std_50_200,fxRatesSgd,2026-10-06T07:00:14,2026-10-06T07:00:14,2026-10-06T18:31:07.886928+00:00,0.0,0.0,0.0953,0.0,MAS,-100.0,100.0
standardized,ocbc,KRW,SGD,KRW/SGD,100,"SGD 0 – 39,999.99",tier_1,SGD < 50,std_lt_50,fxRatesSgd,2026-10-06T07:00:14,2026-10-06T07:00:14,2026-10-06T18:31:07.886928+00:00,0.0,0.0,0.0953,0.0,MAS,-100.0,100.0
standardized,ocbc,LKR,SGD,LKR/SGD,100,"SGD 0 – 39,999.99",tier_1,"SGD 200 – 39,999.99",std_200_40k,fxRatesSgd,2026-10-06T07:00:14,2026-10-06T07:00:14,2026-10-06T18:31:07.886928+00:00,0.3993,0.0,,0.3993,,,
standardized,ocbc,LKR,SGD,LKR/SGD,100,"SGD 40,000 – 100,000",tier_2,"SGD 40,000 – 100,000",std_40k_100k,fxRatesSgd,2026-10-06T07:00:14,2026-10-06T07:00:14,2026-10-06T18:31:07.886928+00:00,0.3985,0.0,,0.3993,,,
standardized,ocbc,LKR,SGD,LKR/SGD,100,"SGD 0 – 39,999.99",tier_1,SGD 50 – 200,std_50_200,fxRatesSgd,2026-10-06T07:00:14,2026-10-06T07:00:14,2026-10-06T18:31:07.886928+00:00,0.3993,0.0,,0.3993,,,
standardized,ocbc,LKR,SGD,LKR/SGD,100,"SGD 0 – 39,999.99",tier_1,SGD < 50,std_lt_50,fxRatesSgd,2026-10-06T07:00:14,2026-10-06T07:00:14,2026-10-06T18:31:07.886928+00:00,0.3993,0.0,,0.3993,,,
standardized,ocbc,MAD,SGD,MAD/SGD,100,"SGD 0 – 39,999.99",tier_1,"SGD 200 – 39,999.99",std_200_40k,fxRatesSgd,2026-10-06T07:00:14,2026-10-06T07:00:14,2026-10-06T18:31:07.886928+00:00,0.0,0.0,,0.0,,,
standardized,ocbc,MAD,SGD,MAD/SGD,100,"SGD 40,000 – 100,000",tier_2,"SGD 40,000 – 100,000",std_40k_100k,fxRatesSgd,2026-10-06T07:00:14,2026-10-06T07:00:14,2026-10-06T18:31:07.886928+00:00,0.0,0.0,,0.0,,,
standardized,ocbc,MAD,SGD,MAD/SGD,100,"SGD 0 – 39,999.99",tier_1,SGD 50 – 200,std_50_200,fxRatesSgd,2026-10-06T07:00:14,2026-10-06T07:00:14,2026-10-06T18:31:07.886928+00:00,0.0,0.0,,0.0,,,
standardized,ocbc,MAD,SGD,MAD/SGD,100,"SGD 0 – 39,999.99",tier_1,SGD < 50,std_lt_50,fxRatesSgd,2026-10-06T07:00:14,2026-10-06T07:00:14,2026-10-06T18:31:07.886928+00:00,0.0,0.0,,0.0,,,
standardized,ocbc,MXN,SGD,MXN/SGD,100,"SGD 0 – 39,999.99",tier_1,"SGD 200 – 39,999.99",std_200_40k,fxRatesSgd,2026-10-06T07:00:14,2026-10-06T07:00:14,2026-10-06T18:31:07.886928+00:00,7.2995,0.0,,7.2995,,,
standardized,ocbc,MXN,SGD,MXN/SGD,100,"SGD 40,000 – 100,000",tier_2,"SGD 40,000 – 100,000",std_40k_100k,fxRatesSgd,2026-10-06T07:00:14,2026-10-06T07:00:14,2026-10-06T18:31:07.886928+00:00,7.298,0.0,,7.2995,,,
standardized,ocbc,MXN,SGD,MXN/SGD,100,"SGD 0 – 39,999.99",tier_1,SGD 50 – 200,std_50_200,fxRatesSgd,2026-10-06T07:00:14,2026-10-06T07:00:14,2026-10-06T18:31:07.886928+00:00,7.2995,0.0,,7.2995,,,
standardized,ocbc,MXN,SGD,MXN/SGD,100,"SGD 0 – 39,999.99",tier_1,SGD < 50,std_lt_50,fxRatesSgd,2026-10-06T07:00:14,2026-10-06T07:00:14,2026-10-06T18:31:07.886928+00:00,7.2995,0.0,,7.2995,,,
standardized,ocbc,MYR,SGD,MYR/SGD,100,"SGD 0 – 39,999.99",tier_1,"SGD 200 – 39,999.99",std_200_40k,fxRatesSgd,2026-10-06T07:00:14,2026-10-06T07:00:14,2026-10-06T18:31:07.886928+00:00,0.0,0.0,31.319999999999997,0.0,MAS,-100.0,100.0
standardized,ocbc,MYR,SGD,MYR/SGD,100,"SGD 40,000 – 100,000",tier_2,"SGD 40,000 – 100,000",std_40k_100k,fxRatesSgd,2026-10-06T07:00:14,2026-10-06T07:00:14,2026-10-06T18:31:07.886928+00:00,0.0,0.0,31.319999999999997,0.0,MAS,-100.0,100.0
standardized,ocbc,MYR,SGD,MYR/SGD,100,"SGD 0 – 39,999.99",tier_1,SGD 50 – 200,std_50_200,fxRatesSgd,2026-10-06T07:00:14,2026-10-06T07:00:14,2026-10-06T18:31:07.886928+00:00,0.0,0.0,31.319999999999997,0.0,MAS,-100.0,100.0
standardized,ocbc,MYR,SGD,MYR/SGD,100,"SGD 0 – 39,999.99",tier_1,SGD < 50,std_lt_50,fxRatesSgd,2026-10-06T07:00:14,2026-10-06T07:00:14,2026-10-06T18:31:07.886928+00:00,0.0,0.0,31.319999999999997,0.0,MAS,-100.0,100.0
standardized,ocbc,NOK,SGD,NOK/SGD,100,"SGD 0 – 39,999.99",tier_1,"SGD 200 – 39,999.99",std_200_40k,fxRatesSgd,2026-10-06T07:00:14,2026-10-06T07:00:14,2026-10-06T18:31:07.886928+00:00,13.5769,13.0936,,13.3353,,,
standardized,ocbc,NOK,SGD,NOK/SGD,100,"SGD 40,000 – 100,000",tier_2,"SGD 40,000 – 100,000",std_40k_100k,fxRatesSgd,2026-10-06T07:00:14,2026-10-06T07:00:14,2026-10-06T18:31:07.886928+00:00,13.5502,13.1202,,13.3353,,,
standardized,ocbc,NOK,SGD,NOK/SGD,100,"SGD 0 – 39,999.99",tier_1,SGD 50 – 200,std_50_200,fxRatesSgd,2026-10-06T07:00:14,2026-10-06T07:00:14,2026-10-06T18:31:07.886928+00:00,13.5769,13.0936,,13.3353,,,
standardized,ocbc,NOK,SGD,NOK/SGD,100,"SGD 0 – 39,999.99",tier_1,SGD < 50,std_lt_50,fxRatesSgd,2026-10-06T07:00:14,2026-10-06T07:00:14,2026-10-06T18:31:07.886928+00:00,13.5769,13.0936,,13.3353,,,
standardized,ocbc,NZD,SGD,NZD/SGD,1,"SGD 0 – 39,999.99",tier_1,"SGD 200 – 39,999.99",std_200_40k,fxRatesSgd,2026-10-06T07:00:14,2026-10-06T07:00:14,2026-10-06T18:31:07.886928+00:00,0.7311,0.7063,0.7164,0.7187,MAS,2.051926298157445,1.4098269123394747
standardized,ocbc,NZD,SGD,NZD/SGD,1,"SGD 40,000 – 100,000",tier_2,"SGD 40,000 – 100,000",std_40k_100k,fxRatesSgd,2026-10-06T07:00:14,2026-10-06T07:00:14,2026-10-06T18:31:07.886928+00:00,0.7293,0.7084,0.7164,0.7187,MAS,1.8006700167504064,1.1166945840312683
standardized,ocbc,NZD,SGD,NZD/SGD,1,"SGD 0 – 39,999.99",tier_1,SGD 50 – 200,std_50_200,fxRatesSgd,2026-10-06T07:00:14,2026-10-06T07:00:14,2026-10-06T18:31:07.886928+00:00,0.7311,0.7063,0.7164,0.7187,MAS,2.051926298157445,1.4098269123394747
standardized,ocbc,NZD,SGD,NZD/SGD,1,"SGD 0 – 39,999.99",tier_1,SGD < 50,std_lt_50,fxRatesSgd,2026-10-06T07:00:14,2026-10-06T07:00:14,2026-10-06T18:31:07.886928+00:00,0.7311,0.7063,0.7164,0.7187,MAS,2.051926298157445,1.4098269123394747
standardized,ocbc,OMR,SGD,OMR/SGD,1,"SGD 0 – 39,999.99",tier_1,"SGD 200 – 39,999.99",std_200_40k,fxRatesSgd,2026-10-06T07:00:14,2026-10-06T07:00:14,2026-10-06T18:31:07.886928+00:00,0.0,0.0,,0.0,,,
standardized,ocbc,OMR,SGD,OMR/SGD,1,"SGD 40,000 – 100,000",tier_2,"SGD 40,000 – 100,000",std_40k_100k,fxRatesSgd,2026-10-06T07:00:14,2026-10-06T07:00:14,2026-10-06T18:31:07.886928+00:00,0.0,0.0,,0.0,,,
standardized,ocbc,OMR,SGD,OMR/SGD,1,"SGD 0 – 39,999.99",tier_1,SGD 50 – 200,std_50_200,fxRatesSgd,2026-10-06T07:00:14,2026-10-06T07:00:14,2026-10-06T18:31:07.886928+00:00,0.0,0.0,,0.0,,,
standardized,ocbc,OMR,SGD,OMR/SGD,1,"SGD 0 – 39,999.99",tier_1,SGD < 50,std_lt_50,fxRatesSgd,2026-10-06T07:00:14,2026-10-06T07:00:14,2026-10-06T18:31:07.886928+00:00,0.0,0.0,,0.0,,,
standardized,ocbc,PHP,SGD,PHP/SGD,100,"SGD 0 – 39,999.99",tier_1,"SGD 200 – 39,999.99",std_200_40k,fxRatesSgd,2026-10-06T07:00:14,2026-10-06T07:00:14,2026-10-06T18:31:07.886928+00:00,2.1019,0.0,2.0382,2.1019,MAS,3.1253066431164913,100.0
standardized,ocbc,PHP,SGD,PHP/SGD,100,"SGD 40,000 – 100,000",tier_2,"SGD 40,000 – 100,000",std_40k_100k,fxRatesSgd,2026-10-06T07:00:14,2026-10-06T07:00:14,2026-10-06T18:31:07.886928+00:00,2.1009,0.0,2.0382,2.1019,MAS,3.076243744480445,100.0
standardized,ocbc,PHP,SGD,PHP/SGD,100,"SGD 0 – 39,999.99",tier_1,SGD 50 – 200,std_50_200,fxRatesSgd,2026-10-06T07:00:14,2026-10-06T07:00:14,2026-10-06T18:31:07.886928+00:00,2.1019,0.0,2.0382,2.1019,MAS,3.1253066431164913,100.0
standardized,ocbc,PHP,SGD,PHP/SGD,100,"SGD 0 – 39,999.99",tier_1,SGD < 50,std_lt_50,fxRatesSgd,2026-10-06T07:00:14,2026-10-06T07:00:14,2026-10-06T18:31:07.886928+00:00,2.1019,0.0,2.0382,2.1019,MAS,3.1253066431164913,100.0
standardized,ocbc,PLN,SGD,PLN/SGD,100,"SGD 0 – 39,999.99",tier_1,"SGD 200 – 39,999.99",std_200_40k,fxRatesSgd,2026-10-06T07:00:14,2026-10-06T07:00:14,2026-10-06T18:31:07.886928+00:00,33.734,31.6326,,32.6833,,,
standardized,ocbc,PLN,SGD,PLN/SGD,100,"SGD 40,000 – 100,000",tier_2,"SGD 40,000 – 100,000",std_40k_100k,fxRatesSgd,2026-10-06T07:00:14,2026-10-06T07:00:14,2026-10-06T18:31:07.886928+00:00,33.7174,31.6584,,32.6833,,,
standardized,ocbc,PLN,SGD,PLN/SGD,100,"SGD 0 – 39,999.99",tier_1,SGD 50 – 200,std_50_200,fxRatesSgd,2026-10-06T07:00:14,2026-10-06T07:00:14,2026-10-06T18:31:07.886928+00:00,33.734,31.6326,,32.6833,,,
standardized,ocbc,PLN,SGD,PLN/SGD,100,"SGD 0 – 39,999.99",tier_1,SGD < 50,std_lt_50,fxRatesSgd,2026-10-06T07:00:14,2026-10-06T07:00:14,2026-10-06T18:31:07.886928+00:00,33.734,31.6326,,32.6833,,,
standardized,ocbc,QAR,SGD,QAR/SGD,100,"SGD 0 – 39,999.99",tier_1,"SGD 200 – 39,999.99",std_200_40k,fxRatesSgd,2026-10-06T07:00:14,2026-10-06T07:00:14,2026-10-06T18:31:07.886928+00:00,36.1146,34.0135,35.11,35.0641,MAS,2.861293078894912,3.123041868413554
standardized,ocbc,QAR,SGD,QAR/SGD,100,"SGD 40,000 – 100,000",tier_2,"SGD 40,000 – 100,000",std_40k_100k,fxRatesSgd,2026-10-06T07:00:14,2026-10-06T07:00:14,2026-10-06T18:31:07.886928+00:00,36.0932,34.0307,35.11,35.0641,MAS,2.800341782967826,3.0740529763600013
standardized,ocbc,QAR,SGD,QAR/SGD,100,"SGD 0 – 39,999.99",tier_1,SGD 50 – 200,std_50_200,fxRatesSgd,2026-10-06T07:00:14,2026-10-06T07:00:14,2026-10-06T18:31:07.886928+00:00,36.1146,34.0135,35.11,35.0641,MAS,2.861293078894912,3.123041868413554
standardized,ocbc,QAR,SGD,QAR/SGD,100,"SGD 0 – 39,999.99",tier_1,SGD < 50,std_lt_50,fxRatesSgd,2026-10-06T07:00:14,2026-10-06T07:00:14,2026-10-06T18:31:07.886928+00:00,36.1146,34.0135,35.11,35.0641,MAS,2.861293078894912,3.123041868413554
standardized,ocbc,RON,SGD,RON/SGD,100,"SGD 0 – 39,999.99",tier_1,"SGD 200 – 39,999.99",std_200_40k,fxRatesSgd,2026-10-06T07:00:14,2026-10-06T07:00:14,2026-10-06T18:31:07.886928+00:00,0.0,0.0,,0.0,,,
standardized,ocbc,RON,SGD,RON/SGD,100,"SGD 40,000 – 100,000",tier_2,"SGD 40,000 – 100,000",std_40k_100k,fxRatesSgd,2026-10-06T07:00:14,2026-10-06T07:00:14,2026-10-06T18:31:07.886928+00:00,0.0,0.0,,0.0,,,
standardized,ocbc,RON,SGD,RON/SGD,100,"SGD 0 – 39,999.99",tier_1,SGD 50 – 200,std_50_200,fxRatesSgd,2026-10-06T07:00:14,2026-10-06T07:00:14,2026-10-06T18:31:07.886928+00:00,0.0,0.0,,0.0,,,
standardized,ocbc,RON,SGD,RON/SGD,100,"SGD 0 – 39,999.99",tier_1,SGD < 50,std_lt_50,fxRatesSgd,2026-10-06T07:00:14,2026-10-06T07:00:14,2026-10-06T18:31:07.886928+00:00,0.0,0.0,,0.0,,,
standardized,ocbc,RUB,SGD,RUB/SGD,100,"SGD 0 – 39,999.99",tier_1,"SGD 200 – 39,999.99",std_200_40k,fxRatesSgd,2026-10-06T07:00:14,2026-10-06T07:00:14,2026-10-06T18:31:07.886928+00:00,0.0,0.0,,0.0,,,
standardized,ocbc,RUB,SGD,RUB/SGD,100,"SGD 40,000 – 100,000",tier_2,"SGD 40,000 – 100,000",std_40k_100k,fxRatesSgd,2026-10-06T07:00:14,2026-10-06T07:00:14,2026-10-06T18:31:07.886928+00:00,0.0,0.0,,0.0,,,
standardized,ocbc,RUB,SGD,RUB/SGD,100,"SGD 0 – 39,999.99",tier_1,SGD 50 – 200,std_50_200,fxRatesSgd,2026-10-06T07:00:14,2026-10-06T07:00:14,2026-10-06T18:31:07.886928+00:00,0.0,0.0,,0.0,,,
standardized,ocbc,RUB,SGD,RUB/SGD,100,"SGD 0 – 39,999.99",tier_1,SGD < 50,std_lt_50,fxRatesSgd,2026-10-06T07:00:14,2026-10-06T07:00:14,2026-10-06T18:31:07.886928+00:00,0.0,0.0,,0.0,,,
standardized,ocbc,SAR,SGD,SAR/SGD,100,"SGD 0 – 39,999.99",tier_1,"SGD 200 – 39,999.99",std_200_40k,fxRatesSgd,2026-10-06T07:00:14,2026-10-06T07:00:14,2026-10-06T18:31:07.886928+00:00,35.0068,33.0801,34.08,34.0435,MAS,2.719483568075118,2.9339788732394267
standardized,ocbc,SAR,SGD,SAR/SGD,100,"SGD 40,000 – 100,000",tier_2,"SGD 40,000 – 100,000",std_40k_100k,fxRatesSgd,2026-10-06T07:00:14,2026-10-06T07:00:14,2026-10-06T18:31:07.886928+00:00,34.9895,33.0969,34.08,34.0435,MAS,2.6687206572769995,2.8846830985915504
standardized,ocbc,SAR,SGD,SAR/SGD,100,"SGD 0 – 39,999.99",tier_1,SGD 50 – 200,std_50_200,fxRatesSgd,2026-10-06T07:00:14,2026-10-06T07:00:14,2026-10-06T18:31:07.886928+00:00,35.0068,33.0801,34.08,34.0435,MAS,2.719483568075118,2.9339788732394267
standardized,ocbc,SAR,SGD,SAR/SGD,100,"SGD 0 – 39,999.99",tier_1,SGD < 50,std_lt_50,fxRatesSgd,2026-10-06T07:00:14,2026-10-06T07:00:14,2026-10-06T18:31:07.886928+00:00,35.0068,33.0801,34.08,34.0435,MAS,2.719483568075118,2.9339788732394267
standardized,ocbc,SEK,SGD,SEK/SGD,100,"SGD 0 – 39,999.99",tier_1,"SGD 200 – 39,999.99",std_200_40k,fxRatesSgd,2026-10-06T07:00:14,2026-10-06T07:00:14,2026-10-06T18:31:07.886928+00:00,13.0079,12.5449,,12.7764,,,
standardized,ocbc,SEK,SGD,SEK/SGD,100,"SGD 40,000 – 100,000",tier_2,"SGD 40,000 – 100,000",std_40k_100k,fxRatesSgd,2026-10-06T07:00:14,2026-10-06T07:00:14,2026-10-06T18:31:07.886928+00:00,12.9824,12.5705,,12.7764,,,
standardized,ocbc,SEK,SGD,SEK/SGD,100,"SGD 0 – 39,999.99",tier_1,SGD 50 – 200,std_50_200,fxRatesSgd,2026-10-06T07:00:14,2026-10-06T07:00:14,2026-10-06T18:31:07.886928+00:00,13.0079,12.5449,,12.7764,,,
standardized,ocbc,SEK,SGD,SEK/SGD,100,"SGD 0 – 39,999.99",tier_1,SGD < 50,std_lt_50,fxRatesSgd,2026-10-06T07:00:14,2026-10-06T07:00:14,2026-10-06T18:31:07.886928+00:00,13.0079,12.5449,,12.7764,,,
standardized,ocbc,THB,SGD,THB/SGD,100,"SGD 0 – 39,999.99",tier_1,"SGD 200 – 39,999.99",std_200_40k,fxRatesSgd,2026-10-06T07:00:14,2026-10-06T07:00:14,2026-10-06T18:31:07.886928+00:00,3.91,3.6958,3.8014,3.8029,MAS,2.8568422160256755,2.7779239227652948
standardized,ocbc,THB,SGD,THB/SGD,100,"SGD 40,000 – 100,000",tier_2,"SGD 40,000 – 100,000",std_40k_100k,fxRatesSgd,2026-10-06T07:00:14,2026-10-06T07:00:14,2026-10-06T18:31:07.886928+00:00,3.9024,3.7034,3.8014,3.8029,MAS,2.6569158730993836,2.5779975798390145
standardized,ocbc,THB,SGD,THB/SGD,100,"SGD 0 – 39,999.99",tier_1,SGD 50 – 200,std_50_200,fxRatesSgd,2026-10-06T07:00:14,2026-10-06T07:00:14,2026-10-06T18:31:07.886928+00:00,3.91,3.6958,3.8014,3.8029,MAS,2.8568422160256755,2.7779239227652948
standardized,ocbc,THB,SGD,THB/SGD,100,"SGD 0 – 39,999.99",tier_1,SGD < 50,std_lt_50,fxRatesSgd,2026-10-06T07:00:14,2026-10-06T07:00:14,2026-10-06T18:31:07.886928+00:00,3.91,3.6958,3.8014,3.8029,MAS,2.8568422160256755,2.7779239227652948
standardized,ocbc,TRY,SGD,TRY/SGD,100,"SGD 0 – 39,999.99",tier_1,"SGD 200 – 39,999.99",std_200_40k,fxRatesSgd,2026-10-06T07:00:14,2026-10-06T07:00:14,2026-10-06T18:31:07.886928+00:00,2.6704,2.5599,,2.6152,,,
standardized,ocbc,TRY,SGD,TRY/SGD,100,"SGD 40,000 – 100,000",tier_2,"SGD 40,000 – 100,000",std_40k_100k,fxRatesSgd,2026-10-06T07:00:14,2026-10-06T07:00:14,2026-10-06T18:31:07.886928+00:00,2.6691,2.5601,,2.6152,,,
standardized,ocbc,TRY,SGD,TRY/SGD,100,"SGD 0 – 39,999.99",tier_1,SGD 50 – 200,std_50_200,fxRatesSgd,2026-10-06T07:00:14,2026-10-06T07:00:14,2026-10-06T18:31:07.886928+00:00,2.6704,2.5599,,2.6152,,,
standardized,ocbc,TRY,SGD,TRY/SGD,100,"SGD 0 – 39,999.99",tier_1,SGD < 50,std_lt_50,fxRatesSgd,2026-10-06T07:00:14,2026-10-06T07:00:14,2026-10-06T18:31:07.886928+00:00,2.6704,2.5599,,2.6152,,,
standardized,ocbc,TWD,SGD,TWD/SGD,100,"SGD 0 – 39,999.99",tier_1,"SGD 200 – 39,999.99",std_200_40k,fxRatesSgd,2026-10-06T07:00:14,2026-10-06T07:00:14,2026-10-06T18:31:07.886928+00:00,4.1758,0.0,4.0275,4.1758,MAS,3.682184978274361,100.0
standardized,ocbc,TWD,SGD,TWD/SGD,100,"SGD 40,000 – 100,000",tier_2,"SGD 40,000 – 100,000",std_40k_100k,fxRatesSgd,2026-10-06T07:00:14,2026-10-06T07:00:14,2026-10-06T18:31:07.886928+00:00,0.0,0.0,4.0275,4.1758,MAS,-100.0,100.0
standardized,ocbc,TWD,SGD,TWD/SGD,100,"SGD 0 – 39,999.99",tier_1,SGD 50 – 200,std_50_200,fxRatesSgd,2026-10-06T07:00:14,2026-10-06T07:00:14,2026-10-06T18:31:07.886928+00:00,4.1758,0.0,4.0275,4.1758,MAS,3.682184978274361,100.0
standardized,ocbc,TWD,SGD,TWD/SGD,100,"SGD 0 – 39,999.99",tier_1,SGD < 50,std_lt_50,fxRatesSgd,2026-10-06T07:00:14,2026-10-06T07:00:14,2026-10-06T18:31:07.886928+00:00,4.1758,0.0,4.0275,4.1758,MAS,3.682184978274361,100.0
standardized,ocbc,USD,SGD,USD/SGD,1,"SGD 0 – 39,999.99",tier_1,"SGD 200 – 39,999.99",std_200_40k,fxRatesSgd,2026-10-06T07:00:14,2026-10-06T07:00:14,2026-10-06T18:31:07.886928+00:00,1.2906,1.2663,1.2794,1.2785,MAS,0.8754103486008971,1.0239174613099977
standardized,ocbc,USD,SGD,USD/SGD,1,"SGD 40,000 – 100,000",tier_2,"SGD 40,000 – 100,000",std_40k_100k,fxRatesSgd,2026-10-06T07:00:14,2026-10-06T07:00:14,2026-10-06T18:31:07.886928+00:00,1.2894,1.2686,1.2794,1.2785,MAS,0.7816163826793817,0.8441456932937426
standardized,ocbc,USD,SGD,USD/SGD,1,"SGD 0 – 39,999.99",tier_1,SGD 50 – 200,std_50_200,fxRatesSgd,2026-10-06T07:00:14,2026-10-06T07:00:14,2026-10-06T18:31:07.886928+00:00,1.2906,1.2663,1.2794,1.2785,MAS,0.8754103486008971,1.0239174613099977
standardized,ocbc,USD,SGD,USD/SGD,1,"SGD 0 – 39,999.99",tier_1,SGD < 50,std_lt_50,fxRatesSgd,2026-10-06T07:00:14,2026-10-06T07:00:14,2026-10-06T18:31:07.886928+00:00,1.2906,1.2663,1.2794,1.2785,MAS,0.8754103486008971,1.0239174613099977
standardized,ocbc,ZAR,SGD,ZAR/SGD,100,"SGD 0 – 39,999.99",tier_1,"SGD 200 – 39,999.99",std_200_40k,fxRatesSgd,2026-10-06T07:00:14,2026-10-06T07:00:14,2026-10-06T18:31:07.886928+00:00,7.9556,7.4884,,7.722,,,
standardized,ocbc,ZAR,SGD,ZAR/SGD,100,"SGD 40,000 – 100,000",tier_2,"SGD 40,000 – 100,000",std_40k_100k,fxRatesSgd,2026-10-06T07:00:14,2026-10-06T07:00:14,2026-10-06T18:31:07.886928+00:00,7.9518,7.4923,,7.722,,,
standardized,ocbc,ZAR,SGD,ZAR/SGD,100,"SGD 0 – 39,999.99",tier_1,SGD 50 – 200,std_50_200,fxRatesSgd,2026-10-06T07:00:14,2026-10-06T07:00:14,2026-10-06T18:31:07.886928+00:00,7.9556,7.4884,,7.722,,,
standardized,ocbc,ZAR,SGD,ZAR/SGD,100,"SGD 0 – 39,999.99",tier_1,SGD < 50,std_lt_50,fxRatesSgd,2026-10-06T07:00:14,2026-10-06T07:00:14,2026-10-06T18:31:07.886928+00:00,7.9556,7.4884,,7.722,,,
standardized,uob,AED,SGD,AED/SGD,100,Indicative board,board,"SGD 200 – 39,999.99",std_200_40k,forex_sgd,06 October 2026 05:21:56 PM,06 October 2026 05:21:56 PM,2026-10-06T18:31:09.438135+00:00,35.67,33.97,34.83,34.82,MAS,2.411714039621026,2.4691358024691343
standardized,uob,AED,SGD,AED/SGD,100,Indicative board,board,"SGD 40,000 – 100,000",std_40k_100k,forex_sgd,06 October 2026 05:21:56 PM,06 October 2026 05:21:56 PM,2026-10-06T18:31:09.438135+00:00,35.67,33.97,34.83,34.82,MAS,2.411714039621026,2.4691358024691343
standardized,uob,AED,SGD,AED/SGD,100,Indicative board,board,SGD 50 – 200,std_50_200,forex_sgd,06 October 2026 05:21:56 PM,06 October 2026 05:21:56 PM,2026-10-06T18:31:09.438135+00:00,35.67,33.97,34.83,34.82,MAS,2.411714039621026,2.4691358024691343
standardized,uob,AED,SGD,AED/SGD,100,Indicative board,board,SGD < 50,std_lt_50,forex_sgd,06 October 2026 05:21:56 PM,06 October 2026 05:21:56 PM,2026-10-06T18:31:09.438135+00:00,35.67,33.97,34.83,34.82,MAS,2.411714039621026,2.4691358024691343
standardized,uob,AOA,SGD,AOA/SGD,100,Indicative board,board,"SGD 200 – 39,999.99",std_200_40k,forex_sgd,06 October 2026 05:21:56 PM,06 October 2026 05:21:56 PM,2026-10-06T18:31:09.438135+00:00,0.1439,,,,,,
standardized,uob,AOA,SGD,AOA/SGD,100,Indicative board,board,"SGD 40,000 – 100,000",std_40k_100k,forex_sgd,06 October 2026 05:21:56 PM,06 October 2026 05:21:56 PM,2026-10-06T18:31:09.438135+00:00,0.1439,,,,,,
standardized,uob,AOA,SGD,AOA/SGD,100,Indicative board,board,SGD 50 – 200,std_50_200,forex_sgd,06 October 2026 05:21:56 PM,06 October 2026 05:21:56 PM,2026-10-06T18:31:09.438135+00:00,0.1439,,,,,,
standardized,uob,AOA,SGD,AOA/SGD,100,Indicative board,board,SGD < 50,std_lt_50,forex_sgd,06 October 2026 05:21:56 PM,06 October 2026 05:21:56 PM,2026-10-06T18:31:09.438135+00:00,0.1439,,,,,,
standardized,uob,AUD,SGD,AUD/SGD,1,Indicative board,board,"SGD 200 – 39,999.99",std_200_40k,forex_sgd,06 October 2026 05:21:56 PM,06 October 2026 05:21:56 PM,2026-10-06T18:31:09.438135+00:00,0.907,0.876,0.8920999999999999,0.8915,MAS,1.6702163434592687,1.8047304113888458
standardized,uob,AUD,SGD,AUD/SGD,1,Indicative board,board,"SGD 40,000 – 100,000",std_40k_100k,forex_sgd,06 October 2026 05:21:56 PM,06 October 2026 05:21:56 PM,2026-10-06T18:31:09.438135+00:00,0.907,0.876,0.8920999999999999,0.8915,MAS,1.6702163434592687,1.8047304113888458
standardized,uob,AUD,SGD,AUD/SGD,1,Indicative board,board,SGD 50 – 200,std_50_200,forex_sgd,06 October 2026 05:21:56 PM,06 October 2026 05:21:56 PM,2026-10-06T18:31:09.438135+00:00,0.907,0.876,0.8920999999999999,0.8915,MAS,1.6702163434592687,1.8047304113888458
standardized,uob,AUD,SGD,AUD/SGD,1,Indicative board,board,SGD < 50,std_lt_50,forex_sgd,06 October 2026 05:21:56 PM,06 October 2026 05:21:56 PM,2026-10-06T18:31:09.438135+00:00,0.907,0.876,0.8920999999999999,0.8915,MAS,1.6702163434592687,1.8047304113888458
standardized,uob,BDT,SGD,BDT/SGD,100,Indicative board,board,"SGD 200 – 39,999.99",std_200_40k,forex_sgd,06 October 2026 05:21:56 PM,06 October 2026 05:21:56 PM,2026-10-06T18:31:09.438135+00:00,1.0696,,,,,,
standardized,uob,BDT,SGD,BDT/SGD,100,Indicative board,board,"SGD 40,000 – 100,000",std_40k_100k,forex_sgd,06 October 2026 05:21:56 PM,06 October 2026 05:21:56 PM,2026-10-06T18:31:09.438135+00:00,1.0696,,,,,,
standardized,uob,BDT,SGD,BDT/SGD,100,Indicative board,board,SGD 50 – 200,std_50_200,forex_sgd,06 October 2026 05:21:56 PM,06 October 2026 05:21:56 PM,2026-10-06T18:31:09.438135+00:00,1.0696,,,,,,
standardized,uob,BDT,SGD,BDT/SGD,100,Indicative board,board,SGD < 50,std_lt_50,forex_sgd,06 October 2026 05:21:56 PM,06 October 2026 05:21:56 PM,2026-10-06T18:31:09.438135+00:00,1.0696,,,,,,
standardized,uob,BND,SGD,BND/SGD,1,Indicative board,board,"SGD 200 – 39,999.99",std_200_40k,forex_sgd,06 October 2026 05:21:56 PM,06 October 2026 05:21:56 PM,2026-10-06T18:31:09.438135+00:00,1.0,1.0,,1.0,,,
standardized,uob,BND,SGD,BND/SGD,1,Indicative board,board,"SGD 40,000 – 100,000",std_40k_100k,forex_sgd,06 October 2026 05:21:56 PM,06 October 2026 05:21:56 PM,2026-10-06T18:31:09.438135+00:00,1.0,1.0,,1.0,,,
standardized,uob,BND,SGD,BND/SGD,1,Indicative board,board,SGD 50 – 200,std_50_200,forex_sgd,06 October 2026 05:21:56 PM,06 October 2026 05:21:56 PM,2026-10-06T18:31:09.438135+00:00,1.0,1.0,,1.0,,,
standardized,uob,BND,SGD,BND/SGD,1,Indicative board,board,SGD < 50,std_lt_50,forex_sgd,06 October 2026 05:21:56 PM,06 October 2026 05:21:56 PM,2026-10-06T18:31:09.438135+00:00,1.0,1.0,,1.0,,,
standardized,uob,CAD,SGD,CAD/SGD,1,Indicative board,board,"SGD 200 – 39,999.99",std_200_40k,forex_sgd,06 October 2026 05:21:56 PM,06 October 2026 05:21:56 PM,2026-10-06T18:31:09.438135+00:00,0.9058,0.8858,0.8969,0.8958,MAS,0.9923068346526946,1.2375961645668412
standardized,uob,CAD,SGD,CAD/SGD,1,Indicative board,board,"SGD 40,000 – 100,000",std_40k_100k,forex_sgd,06 October 2026 05:21:56 PM,06 October 2026 05:21:56 PM,2026-10-06T18:31:09.438135+00:00,0.9058,0.8858,0.8969,0.8958,MAS,0.9923068346526946,1.2375961645668412
standardized,uob,CAD,SGD,CAD/SGD,1,Indicative board,board,SGD 50 – 200,std_50_200,forex_sgd,06 October 2026 05:21:56 PM,06 October 2026 05:21:56 PM,2026-10-06T18:31:09.438135+00:00,0.9058,0.8858,0.8969,0.8958,MAS,0.9923068346526946,1.2375961645668412
standardized,uob,CAD,SGD,CAD/SGD,1,Indicative board,board,SGD < 50,std_lt_50,forex_sgd,06 October 2026 05:21:56 PM,06 October 2026 05:21:56 PM,2026-10-06T18:31:09.438135+00:00,0.9058,0.8858,0.8969,0.8958,MAS,0.9923068346526946,1.2375961645668412
standardized,uob,CHF,SGD,CHF/SGD,100,Indicative board,board,"SGD 200 – 39,999.99",std_200_40k,forex_sgd,06 October 2026 05:21:56 PM,06 October 2026 05:21:56 PM,2026-10-06T18:31:09.438135+00:00,155.43,152.13,153.93,153.78,MAS,0.9744689144416292,1.1693626973299625
standardized,uob,CHF,SGD,CHF/SGD,100,Indicative board,board,"SGD 40,000 – 100,000",std_40k_100k,forex_sgd,06 October 2026 05:21:56 PM,06 October 2026 05:21:56 PM,2026-10-06T18:31:09.438135+00:00,155.43,152.13,153.93,153.78,MAS,0.9744689144416292,1.1693626973299625
standardized,uob,CHF,SGD,CHF/SGD,100,Indicative board,board,SGD 50 – 200,std_50_200,forex_sgd,06 October 2026 05:21:56 PM,06 October 2026 05:21:56 PM,2026-10-06T18:31:09.438135+00:00,155.43,152.13,153.93,153.78,MAS,0.9744689144416292,1.1693626973299625
standardized,uob,CHF,SGD,CHF/SGD,100,Indicative board,board,SGD < 50,std_lt_50,forex_sgd,06 October 2026 05:21:56 PM,06 October 2026 05:21:56 PM,2026-10-06T18:31:09.438135+00:00,155.43,152.13,153.93,153.78,MAS,0.9744689144416292,1.1693626973299625
standardized,uob,CNH,SGD,CNH/SGD,100,Indicative board,board,"SGD 200 – 39,999.99",std_200_40k,forex_sgd,06 October 2026 05:21:56 PM,06 October 2026 05:21:56 PM,2026-10-06T18:31:09.438135+00:00,19.31,18.85,,19.08,,,
standardized,uob,CNH,SGD,CNH/SGD,100,Indicative board,board,"SGD 40,000 – 100,000",std_40k_100k,forex_sgd,06 October 2026 05:21:56 PM,06 October 2026 05:21:56 PM,2026-10-06T18:31:09.438135+00:00,19.31,18.85,,19.08,,,
standardized,uob,CNH,SGD,CNH/SGD,100,Indicative board,board,SGD 50 – 200,std_50_200,forex_sgd,06 October 2026 05:21:56 PM,06 October 2026 05:21:56 PM,2026-10-06T18:31:09.438135+00:00,19.31,18.85,,19.08,,,
standardized,uob,CNH,SGD,CNH/SGD,100,Indicative board,board,SGD < 50,std_lt_50,forex_sgd,06 October 2026 05:21:56 PM,06 October 2026 05:21:56 PM,2026-10-06T18:31:09.438135+00:00,19.31,18.85,,19.08,,,
standardized,uob,DKK,SGD,DKK/SGD,100,Indicative board,board,"SGD 200 – 39,999.99",std_200_40k,forex_sgd,06 October 2026 05:21:56 PM,06 October 2026 05:21:56 PM,2026-10-06T18:31:09.438135+00:00,19.58,18.88,,19.229999999999997,,,
standardized,uob,DKK,SGD,DKK/SGD,100,Indicative board,board,"SGD 40,000 – 100,000",std_40k_100k,forex_sgd,06 October 2026 05:21:56 PM,06 October 2026 05:21:56 PM,2026-10-06T18:31:09.438135+00:00,19.58,18.88,,19.229999999999997,,,
standardized,uob,DKK,SGD,DKK/SGD,100,Indicative board,board,SGD 50 – 200,std_50_200,forex_sgd,06 October 2026 05:21:56 PM,06 October 2026 05:21:56 PM,2026-10-06T18:31:09.438135+00:00,19.58,18.88,,19.229999999999997,,,
standardized,uob,DKK,SGD,DKK/SGD,100,Indicative board,board,SGD < 50,std_lt_50,forex_sgd,06 October 2026 05:21:56 PM,06 October 2026 05:21:56 PM,2026-10-06T18:31:09.438135+00:00,19.58,18.88,,19.229999999999997,,,
standardized,uob,EGP,SGD,EGP/SGD,100,Indicative board,board,"SGD 200 – 39,999.99",std_200_40k,forex_sgd,06 October 2026 05:21:56 PM,06 October 2026 05:21:56 PM,2026-10-06T18:31:09.438135+00:00,2.5106,,,,,,
standardized,uob,EGP,SGD,EGP/SGD,100,Indicative board,board,"SGD 40,000 – 100,000",std_40k_100k,forex_sgd,06 October 2026 05:21:56 PM,06 October 2026 05:21:56 PM,2026-10-06T18:31:09.438135+00:00,2.5106,,,,,,
standardized,uob,EGP,SGD,EGP/SGD,100,Indicative board,board,SGD 50 – 200,std_50_200,forex_sgd,06 October 2026 05:21:56 PM,06 October 2026 05:21:56 PM,2026-10-06T18:31:09.438135+00:00,2.5106,,,,,,
standardized,uob,EGP,SGD,EGP/SGD,100,Indicative board,board,SGD < 50,std_lt_50,forex_sgd,06 October 2026 05:21:56 PM,06 October 2026 05:21:56 PM,2026-10-06T18:31:09.438135+00:00,2.5106,,,,,,
standardized,uob,EUR,SGD,EUR/SGD,1,Indicative board,board,"SGD 200 – 39,999.99",std_200_40k,forex_sgd,06 October 2026 05:21:56 PM,06 October 2026 05:21:56 PM,2026-10-06T18:31:09.438135+00:00,1.456,1.418,1.4358,1.4369999999999998,MAS,1.4068811812230113,1.2397269814737455
standardized,uob,EUR,SGD,EUR/SGD,1,Indicative board,board,"SGD 40,000 – 100,000",std_40k_100k,forex_sgd,06 October 2026 05:21:56 PM,06 October 2026 05:21:56 PM,2026-10-06T18:31:09.438135+00:00,1.456,1.418,1.4358,1.4369999999999998,MAS,1.4068811812230113,1.2397269814737455
standardized,uob,EUR,SGD,EUR/SGD,1,Indicative board,board,SGD 50 – 200,std_50_200,forex_sgd,06 October 2026 05:21:56 PM,06 October 2026 05:21:56 PM,2026-10-06T18:31:09.438135+00:00,1.456,1.418,1.4358,1.4369999999999998,MAS,1.4068811812230113,1.2397269814737455
standardized,uob,EUR,SGD,EUR/SGD,1,Indicative board,board,SGD < 50,std_lt_50,forex_sgd,06 October 2026 05:21:56 PM,06 October 2026 05:21:56 PM,2026-10-06T18:31:09.438135+00:00,1.456,1.418,1.4358,1.4369999999999998,MAS,1.4068811812230113,1.2397269814737455
standardized,uob,GBP,SGD,GBP/SGD,1,Indicative board,board,"SGD 200 – 39,999.99",std_200_40k,forex_sgd,06 October 2026 05:21:56 PM,06 October 2026 05:21:56 PM,2026-10-06T18:31:09.438135+00:00,1.7155,1.6705,1.6914,1.693,MAS,1.42485514958023,1.235662764573721
standardized,uob,GBP,SGD,GBP/SGD,1,Indicative board,board,"SGD 40,000 – 100,000",std_40k_100k,forex_sgd,06 October 2026 05:21:56 PM,06 October 2026 05:21:56 PM,2026-10-06T18:31:09.438135+00:00,1.7155,1.6705,1.6914,1.693,MAS,1.42485514958023,1.235662764573721
standardized,uob,GBP,SGD,GBP/SGD,1,Indicative board,board,SGD 50 – 200,std_50_200,forex_sgd,06 October 2026 05:21:56 PM,06 October 2026 05:21:56 PM,2026-10-06T18:31:09.438135+00:00,1.7155,1.6705,1.6914,1.693,MAS,1.42485514958023,1.235662764573721
standardized,uob,GBP,SGD,GBP/SGD,1,Indicative board,board,SGD < 50,std_lt_50,forex_sgd,06 October 2026 05:21:56 PM,06 October 2026 05:21:56 PM,2026-10-06T18:31:09.438135+00:00,1.7155,1.6705,1.6914,1.693,MAS,1.42485514958023,1.235662764573721
standardized,uob,HKD,SGD,HKD/SGD,100,Indicative board,board,"SGD 200 – 39,999.99",std_200_40k,forex_sgd,06 October 2026 05:21:56 PM,06 October 2026 05:21:56 PM,2026-10-06T18:31:09.438135+00:00,16.479,16.121,16.3,16.299999999999997,MAS,1.0981595092024448,1.0981595092024665
standardized,uob,HKD,SGD,HKD/SGD,100,Indicative board,board,"SGD 40,000 – 100,000",std_40k_100k,forex_sgd,06 October 2026 05:21:56 PM,06 October 2026 05:21:56 PM,2026-10-06T18:31:09.438135+00:00,16.479,16.121,16.3,16.299999999999997,MAS,1.0981595092024448,1.0981595092024665
standardized,uob,HKD,SGD,HKD/SGD,100,Indicative board,board,SGD 50 – 200,std_50_200,forex_sgd,06 October 2026 05:21:56 PM,06 October 2026 05:21:56 PM,2026-10-06T18:31:09.438135+00:00,16.479,16.121,16.3,16.299999999999997,MAS,1.0981595092024448,1.0981595092024665
standardized,uob,HKD,SGD,HKD/SGD,100,Indicative board,board,SGD < 50,std_lt_50,forex_sgd,06 October 2026 05:21:56 PM,06 October 2026 05:21:56 PM,2026-10-06T18:31:09.438135+00:00,16.479,16.121,16.3,16.299999999999997,MAS,1.0981595092024448,1.0981595092024665
standardized,uob,INR,SGD,INR/SGD,100,Indicative board,board,"SGD 200 – 39,999.99",std_200_40k,forex_sgd,06 October 2026 05:21:56 PM,06 October 2026 05:21:56 PM,2026-10-06T18:31:09.438135+00:00,1.3636,,1.3268,,MAS,2.7735905939101557,
standardized,uob,INR,SGD,INR/SGD,100,Indicative board,board,"SGD 40,000 – 100,000",std_40k_100k,forex_sgd,06 October 2026 05:21:56 PM,06 October 2026 05:21:56 PM,2026-10-06T18:31:09.438135+00:00,1.3636,,1.3268,,MAS,2.7735905939101557,
standardized,uob,INR,SGD,INR/SGD,100,Indicative board,board,SGD 50 – 200,std_50_200,forex_sgd,06 October 2026 05:21:56 PM,06 October 2026 05:21:56 PM,2026-10-06T18:31:09.438135+00:00,1.3636,,1.3268,,MAS,2.7735905939101557,
standardized,uob,INR,SGD,INR/SGD,100,Indicative board,board,SGD < 50,std_lt_50,forex_sgd,06 October 2026 05:21:56 PM,06 October 2026 05:21:56 PM,2026-10-06T18:31:09.438135+00:00,1.3636,,1.3268,,MAS,2.7735905939101557,
standardized,uob,JPY,SGD,JPY/SGD,100,Indicative board,board,"SGD 200 – 39,999.99",std_200_40k,forex_sgd,06 October 2026 05:21:56 PM,06 October 2026 05:21:56 PM,2026-10-06T18:31:09.438135+00:00,0.8256,0.7916,0.8098,0.8086,MAS,1.9510990367992143,2.247468510743393
standardized,uob,JPY,SGD,JPY/SGD,100,Indicative board,board,"SGD 40,000 – 100,000",std_40k_100k,forex_sgd,06 October 2026 05:21:56 PM,06 October 2026 05:21:56 PM,2026-10-06T18:31:09.438135+00:00,0.8256,0.7916,0.8098,0.8086,MAS,1.9510990367992143,2.247468510743393
standardized,uob,JPY,SGD,JPY/SGD,100,Indicative board,board,SGD 50 – 200,std_50_200,forex_sgd,06 October 2026 05:21:56 PM,06 October 2026 05:21:56 PM,2026-10-06T18:31:09.438135+00:00,0.8256,0.7916,0.8098,0.8086,MAS,1.9510990367992143,2.247468510743393
standardized,uob,JPY,SGD,JPY/SGD,100,Indicative board,board,SGD < 50,std_lt_50,forex_sgd,06 October 2026 05:21:56 PM,06 October 2026 05:21:56 PM,2026-10-06T18:31:09.438135+00:00,0.8256,0.7916,0.8098,0.8086,MAS,1.9510990367992143,2.247468510743393
standardized,uob,KRW,SGD,KRW/SGD,1000,Indicative board,board,"SGD 200 – 39,999.99",std_200_40k,forex_sgd,06 October 2026 05:21:56 PM,06 October 2026 05:21:56 PM,2026-10-06T18:31:09.438135+00:00,0.9677,,0.953,,MAS,1.5424973767051466,
standardized,uob,KRW,SGD,KRW/SGD,1000,Indicative board,board,"SGD 40,000 – 100,000",std_40k_100k,forex_sgd,06 October 2026 05:21:56 PM,06 October 2026 05:21:56 PM,2026-10-06T18:31:09.438135+00:00,0.9677,,0.953,,MAS,1.5424973767051466,
standardized,uob,KRW,SGD,KRW/SGD,1000,Indicative board,board,SGD 50 – 200,std_50_200,forex_sgd,06 October 2026 05:21:56 PM,06 October 2026 05:21:56 PM,2026-10-06T18:31:09.438135+00:00,0.9677,,0.953,,MAS,1.5424973767051466,
standardized,uob,KRW,SGD,KRW/SGD,1000,Indicative board,board,SGD < 50,std_lt_50,forex_sgd,06 October 2026 05:21:56 PM,06 October 2026 05:21:56 PM,2026-10-06T18:31:09.438135+00:00,0.9677,,0.953,,MAS,1.5424973767051466,
standardized,uob,KWD,SGD,KWD/SGD,1,Indicative board,board,"SGD 200 – 39,999.99",std_200_40k,forex_sgd,06 October 2026 05:21:56 PM,06 October 2026 05:21:56 PM,2026-10-06T18:31:09.438135+00:00,4.1898,,,,,,
standardized,uob,KWD,SGD,KWD/SGD,1,Indicative board,board,"SGD 40,000 – 100,000",std_40k_100k,forex_sgd,06 October 2026 05:21:56 PM,06 October 2026 05:21:56 PM,2026-10-06T18:31:09.438135+00:00,4.1898,,,,,,
standardized,uob,KWD,SGD,KWD/SGD,1,Indicative board,board,SGD 50 – 200,std_50_200,forex_sgd,06 October 2026 05:21:56 PM,06 October 2026 05:21:56 PM,2026-10-06T18:31:09.438135+00:00,4.1898,,,,,,
standardized,uob,KWD,SGD,KWD/SGD,1,Indicative board,board,SGD < 50,std_lt_50,forex_sgd,06 October 2026 05:21:56 PM,06 October 2026 05:21:56 PM,2026-10-06T18:31:09.438135+00:00,4.1898,,,,,,
standardized,uob,LKR,SGD,LKR/SGD,100,Indicative board,board,"SGD 200 – 39,999.99",std_200_40k,forex_sgd,06 October 2026 05:21:56 PM,06 October 2026 05:21:56 PM,2026-10-06T18:31:09.438135+00:00,0.3936,,,,,,
standardized,uob,LKR,SGD,LKR/SGD,100,Indicative board,board,"SGD 40,000 – 100,000",std_40k_100k,forex_sgd,06 October 2026 05:21:56 PM,06 October 2026 05:21:56 PM,2026-10-06T18:31:09.438135+00:00,0.3936,,,,,,
standardized,uob,LKR,SGD,LKR/SGD,100,Indicative board,board,SGD 50 – 200,std_50_200,forex_sgd,06 October 2026 05:21:56 PM,06 October 2026 05:21:56 PM,2026-10-06T18:31:09.438135+00:00,0.3936,,,,,,
standardized,uob,LKR,SGD,LKR/SGD,100,Indicative board,board,SGD < 50,std_lt_50,forex_sgd,06 October 2026 05:21:56 PM,06 October 2026 05:21:56 PM,2026-10-06T18:31:09.438135+00:00,0.3936,,,,,,
standardized,uob,MXN,SGD,MXN/SGD,100,Indicative board,board,"SGD 200 – 39,999.99",std_200_40k,forex_sgd,06 October 2026 05:21:56 PM,06 October 2026 05:21:56 PM,2026-10-06T18:31:09.438135+00:00,7.1545,,,,,,
standardized,uob,MXN,SGD,MXN/SGD,100,Indicative board,board,"SGD 40,000 – 100,000",std_40k_100k,forex_sgd,06 October 2026 05:21:56 PM,06 October 2026 05:21:56 PM,2026-10-06T18:31:09.438135+00:00,7.1545,,,,,,
standardized,uob,MXN,SGD,MXN/SGD,100,Indicative board,board,SGD 50 – 200,std_50_200,forex_sgd,06 October 2026 05:21:56 PM,06 October 2026 05:21:56 PM,2026-10-06T18:31:09.438135+00:00,7.1545,,,,,,
standardized,uob,MXN,SGD,MXN/SGD,100,Indicative board,board,SGD < 50,std_lt_50,forex_sgd,06 October 2026 05:21:56 PM,06 October 2026 05:21:56 PM,2026-10-06T18:31:09.438135+00:00,7.1545,,,,,,
standardized,uob,MYR,SGD,MYR/SGD,100,Indicative board,board,"SGD 200 – 39,999.99",std_200_40k,forex_sgd,06 October 2026 05:21:56 PM,06 October 2026 05:21:56 PM,2026-10-06T18:31:09.438135+00:00,31.7965,,31.319999999999997,,MAS,1.5213920817369255,
standardized,uob,MYR,SGD,MYR/SGD,100,Indicative board,board,"SGD 40,000 – 100,000",std_40k_100k,forex_sgd,06 October 2026 05:21:56 PM,06 October 2026 05:21:56 PM,2026-10-06T18:31:09.438135+00:00,31.7965,,31.319999999999997,,MAS,1.5213920817369255,
standardized,uob,MYR,SGD,MYR/SGD,100,Indicative board,board,SGD 50 – 200,std_50_200,forex_sgd,06 October 2026 05:21:56 PM,06 October 2026 05:21:56 PM,2026-10-06T18:31:09.438135+00:00,31.7965,,31.319999999999997,,MAS,1.5213920817369255,
standardized,uob,MYR,SGD,MYR/SGD,100,Indicative board,board,SGD < 50,std_lt_50,forex_sgd,06 October 2026 05:21:56 PM,06 October 2026 05:21:56 PM,2026-10-06T18:31:09.438135+00:00,31.7965,,31.319999999999997,,MAS,1.5213920817369255,
standardized,uob,NOK,SGD,NOK/SGD,100,Indicative board,board,"SGD 200 – 39,999.99",std_200_40k,forex_sgd,06 October 2026 05:21:56 PM,06 October 2026 05:21:56 PM,2026-10-06T18:31:09.438135+00:00,13.56,13.12,,13.34,,,
standardized,uob,NOK,SGD,NOK/SGD,100,Indicative board,board,"SGD 40,000 – 100,000",std_40k_100k,forex_sgd,06 October 2026 05:21:56 PM,06 October 2026 05:21:56 PM,2026-10-06T18:31:09.438135+00:00,13.56,13.12,,13.34,,,
standardized,uob,NOK,SGD,NOK/SGD,100,Indicative board,board,SGD 50 – 200,std_50_200,forex_sgd,06 October 2026 05:21:56 PM,06 October 2026 05:21:56 PM,2026-10-06T18:31:09.438135+00:00,13.56,13.12,,13.34,,,
standardized,uob,NOK,SGD,NOK/SGD,100,Indicative board,board,SGD < 50,std_lt_50,forex_sgd,06 October 2026 05:21:56 PM,06 October 2026 05:21:56 PM,2026-10-06T18:31:09.438135+00:00,13.56,13.12,,13.34,,,
standardized,uob,NZD,SGD,NZD/SGD,1,Indicative board,board,"SGD 200 – 39,999.99",std_200_40k,forex_sgd,06 October 2026 05:21:56 PM,06 October 2026 05:21:56 PM,2026-10-06T18:31:09.438135+00:00,0.7263,0.7063,0.7164,0.7162999999999999,MAS,1.3819095477386807,1.4098269123394747
standardized,uob,NZD,SGD,NZD/SGD,1,Indicative board,board,"SGD 40,000 – 100,000",std_40k_100k,forex_sgd,06 October 2026 05:21:56 PM,06 October 2026 05:21:56 PM,2026-10-06T18:31:09.438135+00:00,0.7263,0.7063,0.7164,0.7162999999999999,MAS,1.3819095477386807,1.4098269123394747
standardized,uob,NZD,SGD,NZD/SGD,1,Indicative board,board,SGD 50 – 200,std_50_200,forex_sgd,06 October 2026 05:21:56 PM,06 October 2026 05:21:56 PM,2026-10-06T18:31:09.438135+00:00,0.7263,0.7063,0.7164,0.7162999999999999,MAS,1.3819095477386807,1.4098269123394747
standardized,uob,NZD,SGD,NZD/SGD,1,Indicative board,board,SGD < 50,std_lt_50,forex_sgd,06 October 2026 05:21:56 PM,06 October 2026 05:21:56 PM,2026-10-06T18:31:09.438135+00:00,0.7263,0.7063,0.7164,0.7162999999999999,MAS,1.3819095477386807,1.4098269123394747
standardized,uob,PHP,SGD,PHP/SGD,100,Indicative board,board,"SGD 200 – 39,999.99",std_200_40k,forex_sgd,06 October 2026 05:21:56 PM,06 October 2026 05:21:56 PM,2026-10-06T18:31:09.438135+00:00,2.0853,,2.0382,,MAS,2.31086252575804,
standardized,uob,PHP,SGD,PHP/SGD,100,Indicative board,board,"SGD 40,000 – 100,000",std_40k_100k,forex_sgd,06 October 2026 05:21:56 PM,06 October 2026 05:21:56 PM,2026-10-06T18:31:09.438135+00:00,2.0853,,2.0382,,MAS,2.31086252575804,
standardized,uob,PHP,SGD,PHP/SGD,100,Indicative board,board,SGD 50 – 200,std_50_200,forex_sgd,06 October 2026 05:21:56 PM,06 October 2026 05:21:56 PM,2026-10-06T18:31:09.438135+00:00,2.0853,,2.0382,,MAS,2.31086252575804,
standardized,uob,PHP,SGD,PHP/SGD,100,Indicative board,board,SGD < 50,std_lt_50,forex_sgd,06 October 2026 05:21:56 PM,06 October 2026 05:21:56 PM,2026-10-06T18:31:09.438135+00:00,2.0853,,2.0382,,MAS,2.31086252575804,
standardized,uob,PKR,SGD,PKR/SGD,100,Indicative board,board,"SGD 200 – 39,999.99",std_200_40k,forex_sgd,06 October 2026 05:21:56 PM,06 October 2026 05:21:56 PM,2026-10-06T18:31:09.438135+00:00,0.4685,,,,,,
standardized,uob,PKR,SGD,PKR/SGD,100,Indicative board,board,"SGD 40,000 – 100,000",std_40k_100k,forex_sgd,06 October 2026 05:21:56 PM,06 October 2026 05:21:56 PM,2026-10-06T18:31:09.438135+00:00,0.4685,,,,,,
standardized,uob,PKR,SGD,PKR/SGD,100,Indicative board,board,SGD 50 – 200,std_50_200,forex_sgd,06 October 2026 05:21:56 PM,06 October 2026 05:21:56 PM,2026-10-06T18:31:09.438135+00:00,0.4685,,,,,,
standardized,uob,PKR,SGD,PKR/SGD,100,Indicative board,board,SGD < 50,std_lt_50,forex_sgd,06 October 2026 05:21:56 PM,06 October 2026 05:21:56 PM,2026-10-06T18:31:09.438135+00:00,0.4685,,,,,,
standardized,uob,SAR,SGD,SAR/SGD,100,Indicative board,board,"SGD 200 – 39,999.99",std_200_40k,forex_sgd,06 October 2026 05:21:56 PM,06 October 2026 05:21:56 PM,2026-10-06T18:31:09.438135+00:00,,,34.08,,MAS,,
standardized,uob,SAR,SGD,SAR/SGD,100,Indicative board,board,"SGD 40,000 – 100,000",std_40k_100k,forex_sgd,06 October 2026 05:21:56 PM,06 October 2026 05:21:56 PM,2026-10-06T18:31:09.438135+00:00,,,34.08,,MAS,,
standardized,uob,SAR,SGD,SAR/SGD,100,Indicative board,board,SGD 50 – 200,std_50_200,forex_sgd,06 October 2026 05:21:56 PM,06 October 2026 05:21:56 PM,2026-10-06T18:31:09.438135+00:00,,,34.08,,MAS,,
standardized,uob,SAR,SGD,SAR/SGD,100,Indicative board,board,SGD < 50,std_lt_50,forex_sgd,06 October 2026 05:21:56 PM,06 October 2026 05:21:56 PM,2026-10-06T18:31:09.438135+00:00,,,34.08,,MAS,,
standardized,uob,SEK,SGD,SEK/SGD,100,Indicative board,board,"SGD 200 – 39,999.99",std_200_40k,forex_sgd,06 October 2026 05:21:56 PM,06 October 2026 05:21:56 PM,2026-10-06T18:31:09.438135+00:00,13.01,12.53,,12.77,,,
standardized,uob,SEK,SGD,SEK/SGD,100,Indicative board,board,"SGD 40,000 – 100,000",std_40k_100k,forex_sgd,06 October 2026 05:21:56 PM,06 October 2026 05:21:56 PM,2026-10-06T18:31:09.438135+00:00,13.01,12.53,,12.77,,,
standardized,uob,SEK,SGD,SEK/SGD,100,Indicative board,board,SGD 50 – 200,std_50_200,forex_sgd,06 October 2026 05:21:56 PM,06 October 2026 05:21:56 PM,2026-10-06T18:31:09.438135+00:00,13.01,12.53,,12.77,,,
standardized,uob,SEK,SGD,SEK/SGD,100,Indicative board,board,SGD < 50,std_lt_50,forex_sgd,06 October 2026 05:21:56 PM,06 October 2026 05:21:56 PM,2026-10-06T18:31:09.438135+00:00,13.01,12.53,,12.77,,,
standardized,uob,THB,SGD,THB/SGD,100,Indicative board,board,"SGD 200 – 39,999.99",std_200_40k,forex_sgd,06 October 2026 05:21:56 PM,06 October 2026 05:21:56 PM,2026-10-06T18:31:09.438135+00:00,3.91,3.71,3.8014,3.81,MAS,2.8568422160256755,2.4043773346661794
standardized,uob,THB,SGD,THB/SGD,100,Indicative board,board,"SGD 40,000 – 100,000",std_40k_100k,forex_sgd,06 October 2026 05:21:56 PM,06 October 2026 05:21:56 PM,2026-10-06T18:31:09.438135+00:00,3.91,3.71,3.8014,3.81,MAS,2.8568422160256755,2.4043773346661794
standardized,uob,THB,SGD,THB/SGD,100,Indicative board,board,SGD 50 – 200,std_50_200,forex_sgd,06 October 2026 05:21:56 PM,06 October 2026 05:21:56 PM,2026-10-06T18:31:09.438135+00:00,3.91,3.71,3.8014,3.81,MAS,2.8568422160256755,2.4043773346661794
standardized,uob,THB,SGD,THB/SGD,100,Indicative board,board,SGD < 50,std_lt_50,forex_sgd,06 October 2026 05:21:56 PM,06 October 2026 05:21:56 PM,2026-10-06T18:31:09.438135+00:00,3.91,3.71,3.8014,3.81,MAS,2.8568422160256755,2.4043773346661794
standardized,uob,TWD,SGD,TWD/SGD,100,Indicative board,board,"SGD 200 – 39,999.99",std_200_40k,forex_sgd,06 October 2026 05:21:56 PM,06 October 2026 05:21:56 PM,2026-10-06T18:31:09.438135+00:00,4.1183,,4.0275,,MAS,2.2545003103662262,
standardized,uob,TWD,SGD,TWD/SGD,100,Indicative board,board,"SGD 40,000 – 100,000",std_40k_100k,forex_sgd,06 October 2026 05:21:56 PM,06 October 2026 05:21:56 PM,2026-10-06T18:31:09.438135+00:00,4.1183,,4.0275,,MAS,2.2545003103662262,
standardized,uob,TWD,SGD,TWD/SGD,100,Indicative board,board,SGD 50 – 200,std_50_200,forex_sgd,06 October 2026 05:21:56 PM,06 October 2026 05:21:56 PM,2026-10-06T18:31:09.438135+00:00,4.1183,,4.0275,,MAS,2.2545003103662262,
standardized,uob,TWD,SGD,TWD/SGD,100,Indicative board,board,SGD < 50,std_lt_50,forex_sgd,06 October 2026 05:21:56 PM,06 October 2026 05:21:56 PM,2026-10-06T18:31:09.438135+00:00,4.1183,,4.0275,,MAS,2.2545003103662262,
standardized,uob,USD,SGD,USD/SGD,1,Indicative board,board,"SGD 200 – 39,999.99",std_200_40k,forex_sgd,06 October 2026 05:21:56 PM,06 October 2026 05:21:56 PM,2026-10-06T18:31:09.438135+00:00,1.2909,1.2669,1.2794,1.2789,MAS,0.8988588400812758,0.97702047834924
standardized,uob,USD,SGD,USD/SGD,1,Indicative board,board,"SGD 40,000 – 100,000",std_40k_100k,forex_sgd,06 October 2026 05:21:56 PM,06 October 2026 05:21:56 PM,2026-10-06T18:31:09.438135+00:00,1.2909,1.2669,1.2794,1.2789,MAS,0.8988588400812758,0.97702047834924
standardized,uob,USD,SGD,USD/SGD,1,Indicative board,board,SGD 50 – 200,std_50_200,forex_sgd,06 October 2026 05:21:56 PM,06 October 2026 05:21:56 PM,2026-10-06T18:31:09.438135+00:00,1.2909,1.2669,1.2794,1.2789,MAS,0.8988588400812758,0.97702047834924
standardized,uob,USD,SGD,USD/SGD,1,Indicative board,board,SGD < 50,std_lt_50,forex_sgd,06 October 2026 05:21:56 PM,06 October 2026 05:21:56 PM,2026-10-06T18:31:09.438135+00:00,1.2909,1.2669,1.2794,1.2789,MAS,0.8988588400812758,0.97702047834924
standardized,uob,VND,SGD,VND/SGD,1000,Indicative board,board,"SGD 200 – 39,999.99",std_200_40k,forex_sgd,06 October 2026 05:21:56 PM,06 October 2026 05:21:56 PM,2026-10-06T18:31:09.438135+00:00,0.0504,,0.04922,,MAS,2.3973994311255598,
standardized,uob,VND,SGD,VND/SGD,1000,Indicative board,board,"SGD 40,000 – 100,000",std_40k_100k,forex_sgd,06 October 2026 05:21:56 PM,06 October 2026 05:21:56 PM,2026-10-06T18:31:09.438135+00:00,0.0504,,0.04922,,MAS,2.3973994311255598,
standardized,uob,VND,SGD,VND/SGD,1000,Indicative board,board,SGD 50 – 200,std_50_200,forex_sgd,06 October 2026 05:21:56 PM,06 October 2026 05:21:56 PM,2026-10-06T18:31:09.438135+00:00,0.0504,,0.04922,,MAS,2.3973994311255598,
standardized,uob,VND,SGD,VND/SGD,1000,Indicative board,board,SGD < 50,std_lt_50,forex_sgd,06 October 2026 05:21:56 PM,06 October 2026 05:21:56 PM,2026-10-06T18:31:09.438135+00:00,0.0504,,0.04922,,MAS,2.3973994311255598,
standardized,uob,XAF,SGD,XAF/SGD,100,Indicative board,board,"SGD 200 – 39,999.99",std_200_40k,forex_sgd,06 October 2026 05:21:56 PM,06 October 2026 05:21:56 PM,2026-10-06T18:31:09.438135+00:00,0.2248,,,,,,
standardized,uob,XAF,SGD,XAF/SGD,100,Indicative board,board,"SGD 40,000 – 100,000",std_40k_100k,forex_sgd,06 October 2026 05:21:56 PM,06 October 2026 05:21:56 PM,2026-10-06T18:31:09.438135+00:00,0.2248,,,,,,
standardized,uob,XAF,SGD,XAF/SGD,100,Indicative board,board,SGD 50 – 200,std_50_200,forex_sgd,06 October 2026 05:21:56 PM,06 October 2026 05:21:56 PM,2026-10-06T18:31:09.438135+00:00,0.2248,,,,,,
standardized,uob,XAF,SGD,XAF/SGD,100,Indicative board,board,SGD < 50,std_lt_50,forex_sgd,06 October 2026 05:21:56 PM,06 October 2026 05:21:56 PM,2026-10-06T18:31:09.438135+00:00,0.2248,,,,,,
standardized,uob,XOF,SGD,XOF/SGD,100,Indicative board,board,"SGD 200 – 39,999.99",std_200_40k,forex_sgd,06 October 2026 05:21:56 PM,06 October 2026 05:21:56 PM,2026-10-06T18:31:09.438135+00:00,0.2255,,,,,,
standardized,uob,XOF,SGD,XOF/SGD,100,Indicative board,board,"SGD 40,000 – 100,000",std_40k_100k,forex_sgd,06 October 2026 05:21:56 PM,06 October 2026 05:21:56 PM,2026-10-06T18:31:09.438135+00:00,0.2255,,,,,,
standardized,uob,XOF,SGD,XOF/SGD,100,Indicative board,board,SGD 50 – 200,std_50_200,forex_sgd,06 October 2026 05:21:56 PM,06 October 2026 05:21:56 PM,2026-10-06T18:31:09.438135+00:00,0.2255,,,,,,
standardized,uob,XOF,SGD,XOF/SGD,100,Indicative board,board,SGD < 50,std_lt_50,forex_sgd,06 October 2026 05:21:56 PM,06 October 2026 05:21:56 PM,2026-10-06T18:31:09.438135+00:00,0.2255,,,,,,
standardized,uob,ZAR,SGD,ZAR/SGD,1,Indicative board,board,"SGD 200 – 39,999.99",std_200_40k,forex_sgd,06 October 2026 05:21:56 PM,06 October 2026 05:21:56 PM,2026-10-06T18:31:09.438135+00:00,0.0792,0.0752,,0.0772,,,
standardized,uob,ZAR,SGD,ZAR/SGD,1,Indicative board,board,"SGD 40,000 – 100,000",std_40k_100k,forex_sgd,06 October 2026 05:21:56 PM,06 October 2026 05:21:56 PM,2026-10-06T18:31:09.438135+00:00,0.0792,0.0752,,0.0772,,,
standardized,uob,ZAR,SGD,ZAR/SGD,1,Indicative board,board,SGD 50 – 200,std_50_200,forex_sgd,06 October 2026 05:21:56 PM,06 October 2026 05:21:56 PM,2026-10-06T18:31:09.438135+00:00,0.0792,0.0752,,0.0772,,,
standardized,uob,ZAR,SGD,ZAR/SGD,1,Indicative board,board,SGD < 50,std_lt_50,forex_sgd,06 October 2026 05:21:56 PM,06 October 2026 05:21:56 PM,2026-10-06T18:31:09.438135+00:00,0.0792,0.0752,,0.0772,,,
