record_type,bank,base_currency,quote_currency,currency_pair,unit,transaction_value,amount_tier,std_transaction_value,std_amount_tier,group,effective_date,last_updated,scraped_at,tt_od_sell,tt_buy,mid_rate,sell_margin_pct,buy_margin_pct
native,dbs,AED,SGD,AED/SGD,1,SGD 50 – 200,amtBtw50And200,,,mainCurrencies,2026-09-05 00:15:00,2026-09-04 16:15:15,2026-09-04T16:30:35.531769+00:00,0.3473,0.3425,0.3449,0.6958538706871595,0.6958538706871434
native,dbs,AED,SGD,AED/SGD,1,SGD < 50,amtLessThan50,,,mainCurrencies,2026-09-05 00:15:00,2026-09-04 16:15:15,2026-09-04T16:30:35.531769+00:00,0.35,0.3397,0.34485,1.493402928809624,1.493402928809624
native,dbs,AUD,SGD,AUD/SGD,1,SGD 50 – 200,amtBtw50And200,,,mainCurrencies,2026-09-05 00:15:00,2026-09-04 16:15:15,2026-09-04T16:30:35.531769+00:00,0.9236,0.9033,0.91345,1.1111719305928067,1.1111719305928067
native,dbs,AUD,SGD,AUD/SGD,1,SGD < 50,amtLessThan50,,,mainCurrencies,2026-09-05 00:15:00,2026-09-04 16:15:15,2026-09-04T16:30:35.531769+00:00,0.9241,0.9029,0.9135,1.1603721948549595,1.1603721948549472
native,dbs,BDT,SGD,BDT/SGD,100,SGD 50 – 200,amtBtw50And200,,,otherCurrencies,2026-09-05 00:15:00,2026-09-04 16:15:15,2026-09-04T16:30:35.531769+00:00,1.041,,,,
native,dbs,BDT,SGD,BDT/SGD,100,SGD < 50,amtLessThan50,,,otherCurrencies,2026-09-05 00:15:00,2026-09-04 16:15:15,2026-09-04T16:30:35.531769+00:00,1.041,,,,
native,dbs,BHD,SGD,BHD/SGD,1,SGD 50 – 200,amtBtw50And200,,,otherCurrencies,2026-09-05 00:15:00,2026-09-04 16:15:15,2026-09-04T16:30:35.531769+00:00,3.4228,,,,
native,dbs,BHD,SGD,BHD/SGD,1,SGD < 50,amtLessThan50,,,otherCurrencies,2026-09-05 00:15:00,2026-09-04 16:15:15,2026-09-04T16:30:35.531769+00:00,3.4363,,,,
native,dbs,BND,SGD,BND/SGD,1,SGD 50 – 200,amtBtw50And200,,,otherCurrencies,2026-09-05 00:15:00,2026-09-04 16:15:15,2026-09-04T16:30:35.531769+00:00,1.0,1.0,1.0,0.0,0.0
native,dbs,BND,SGD,BND/SGD,1,SGD < 50,amtLessThan50,,,otherCurrencies,2026-09-05 00:15:00,2026-09-04 16:15:15,2026-09-04T16:30:35.531769+00:00,1.0,1.0,1.0,0.0,0.0
native,dbs,CAD,SGD,CAD/SGD,1,SGD 50 – 200,amtBtw50And200,,,mainCurrencies,2026-09-05 00:15:00,2026-09-04 16:15:15,2026-09-04T16:30:35.531769+00:00,0.9224,0.9085,0.91545,0.7591894696597314,0.7591894696597314
native,dbs,CAD,SGD,CAD/SGD,1,SGD < 50,amtLessThan50,,,mainCurrencies,2026-09-05 00:15:00,2026-09-04 16:15:15,2026-09-04T16:30:35.531769+00:00,0.9256,0.9053,0.91545,1.1087443333879505,1.1087443333879505
native,dbs,CHF,SGD,CHF/SGD,1,SGD 50 – 200,amtBtw50And200,,,mainCurrencies,2026-09-05 00:15:00,2026-09-04 16:15:15,2026-09-04T16:30:35.531769+00:00,1.5796,1.5496,1.5646,0.958711491755075,0.958711491755075
native,dbs,CHF,SGD,CHF/SGD,1,SGD < 50,amtLessThan50,,,mainCurrencies,2026-09-05 00:15:00,2026-09-04 16:15:15,2026-09-04T16:30:35.531769+00:00,1.5803,1.5488,1.56455,1.0066792368412596,1.006679236841274
native,dbs,CNH,SGD,CNH/SGD,1,SGD 50 – 200,amtBtw50And200,,,mainCurrencies,2026-09-05 00:15:00,2026-09-04 16:15:15,2026-09-04T16:30:35.531769+00:00,0.191,0.1866,0.1888,1.1652542372881396,1.1652542372881396
native,dbs,CNH,SGD,CNH/SGD,1,SGD < 50,amtLessThan50,,,mainCurrencies,2026-09-05 00:15:00,2026-09-04 16:15:15,2026-09-04T16:30:35.531769+00:00,0.1916,0.1859,0.18875,1.5099337748344326,1.5099337748344326
native,dbs,CNY,SGD,CNY/SGD,1,SGD 50 – 200,amtBtw50And200,,,otherCurrencies,2026-09-05 00:15:00,2026-09-04 16:15:15,2026-09-04T16:30:35.531769+00:00,0.1887,,,,
native,dbs,CNY,SGD,CNY/SGD,1,SGD < 50,amtLessThan50,,,otherCurrencies,2026-09-05 00:15:00,2026-09-04 16:15:15,2026-09-04T16:30:35.531769+00:00,0.1904,,,,
native,dbs,DKK,SGD,DKK/SGD,1,SGD 50 – 200,amtBtw50And200,,,mainCurrencies,2026-09-05 00:15:00,2026-09-04 16:15:15,2026-09-04T16:30:35.531769+00:00,0.1996,0.1942,0.19690000000000002,1.371254443880132,1.371254443880146
native,dbs,DKK,SGD,DKK/SGD,1,SGD < 50,amtLessThan50,,,mainCurrencies,2026-09-05 00:15:00,2026-09-04 16:15:15,2026-09-04T16:30:35.531769+00:00,0.2,0.1938,0.19690000000000002,1.5744032503808996,1.5744032503809138
native,dbs,EUR,SGD,EUR/SGD,1,SGD 50 – 200,amtBtw50And200,,,mainCurrencies,2026-09-05 00:15:00,2026-09-04 16:15:15,2026-09-04T16:30:35.531769+00:00,1.4846,1.4594,1.472,0.8559782608695615,0.8559782608695615
native,dbs,EUR,SGD,EUR/SGD,1,SGD < 50,amtLessThan50,,,mainCurrencies,2026-09-05 00:15:00,2026-09-04 16:15:15,2026-09-04T16:30:35.531769+00:00,1.4853,1.4586,1.47195,0.9069601548965639,0.906960154896579
native,dbs,GBP,SGD,GBP/SGD,1,SGD 50 – 200,amtBtw50And200,,,mainCurrencies,2026-09-05 00:15:00,2026-09-04 16:15:15,2026-09-04T16:30:35.531769+00:00,1.7262,1.7002,1.7132,0.758813915479798,0.758813915479811
native,dbs,GBP,SGD,GBP/SGD,1,SGD < 50,amtLessThan50,,,mainCurrencies,2026-09-05 00:15:00,2026-09-04 16:15:15,2026-09-04T16:30:35.531769+00:00,1.7279,1.6985,1.7132,0.8580434275040821,0.8580434275040951
native,dbs,HKD,SGD,HKD/SGD,1,SGD 50 – 200,amtBtw50And200,,,mainCurrencies,2026-09-05 00:15:00,2026-09-04 16:15:15,2026-09-04T16:30:35.531769+00:00,0.1631,0.1599,0.16149999999999998,0.9907120743034169,0.9907120743033997
native,dbs,HKD,SGD,HKD/SGD,1,SGD < 50,amtLessThan50,,,mainCurrencies,2026-09-05 00:15:00,2026-09-04 16:15:15,2026-09-04T16:30:35.531769+00:00,0.1633,0.1597,0.1615,1.1145510835913288,1.1145510835913288
native,dbs,HUF,SGD,HUF/SGD,100,SGD 50 – 200,amtBtw50And200,,,otherCurrencies,2026-09-05 00:15:00,2026-09-04 16:15:15,2026-09-04T16:30:35.531769+00:00,0.4154,,,,
native,dbs,HUF,SGD,HUF/SGD,100,SGD < 50,amtLessThan50,,,otherCurrencies,2026-09-05 00:15:00,2026-09-04 16:15:15,2026-09-04T16:30:35.531769+00:00,0.417,,,,
native,dbs,ID0,SGD,ID0/SGD,100,SGD 50 – 200,amtBtw50And200,,,otherCurrencies,2026-09-05 00:15:00,2026-09-04 16:15:15,2026-09-04T16:30:35.531769+00:00,,,,,
native,dbs,ID0,SGD,ID0/SGD,100,SGD < 50,amtLessThan50,,,otherCurrencies,2026-09-05 00:15:00,2026-09-04 16:15:15,2026-09-04T16:30:35.531769+00:00,,0.0071,,,
native,dbs,IDR,SGD,IDR/SGD,100,SGD 50 – 200,amtBtw50And200,,,mainCurrencies,2026-09-05 00:15:00,2026-09-04 16:15:15,2026-09-04T16:30:35.531769+00:00,0.0073,,,,
native,dbs,IDR,SGD,IDR/SGD,100,SGD < 50,amtLessThan50,,,mainCurrencies,2026-09-05 00:15:00,2026-09-04 16:15:15,2026-09-04T16:30:35.531769+00:00,0.0073,,,,
native,dbs,IN0,SGD,IN0/SGD,100,SGD 50 – 200,amtBtw50And200,,,otherCurrencies,2026-09-05 00:15:00,2026-09-04 16:15:15,2026-09-04T16:30:35.531769+00:00,,1.3388,,,
native,dbs,IN0,SGD,IN0/SGD,100,SGD < 50,amtLessThan50,,,otherCurrencies,2026-09-05 00:15:00,2026-09-04 16:15:15,2026-09-04T16:30:35.531769+00:00,,1.3388,,,
native,dbs,INR,SGD,INR/SGD,100,SGD 50 – 200,amtBtw50And200,,,otherCurrencies,2026-09-05 00:15:00,2026-09-04 16:15:15,2026-09-04T16:30:35.531769+00:00,1.3554,,,,
native,dbs,INR,SGD,INR/SGD,100,SGD < 50,amtLessThan50,,,otherCurrencies,2026-09-05 00:15:00,2026-09-04 16:15:15,2026-09-04T16:30:35.531769+00:00,1.3662,,,,
native,dbs,JPY,SGD,JPY/SGD,100,SGD 50 – 200,amtBtw50And200,,,mainCurrencies,2026-09-05 00:15:00,2026-09-04 16:15:15,2026-09-04T16:30:35.531769+00:00,0.8196,0.8032,0.8114,1.0105989647522782,1.0105989647522782
native,dbs,JPY,SGD,JPY/SGD,100,SGD < 50,amtLessThan50,,,mainCurrencies,2026-09-05 00:15:00,2026-09-04 16:15:15,2026-09-04T16:30:35.531769+00:00,0.8204,0.8024,0.8114,1.109193985703723,1.109193985703723
native,dbs,KRW,SGD,KRW/SGD,100,SGD 50 – 200,amtBtw50And200,,,otherCurrencies,2026-09-05 00:15:00,2026-09-04 16:15:15,2026-09-04T16:30:35.531769+00:00,0.0953,,,,
native,dbs,KRW,SGD,KRW/SGD,100,SGD < 50,amtLessThan50,,,otherCurrencies,2026-09-05 00:15:00,2026-09-04 16:15:15,2026-09-04T16:30:35.531769+00:00,0.0953,,,,
native,dbs,KWD,SGD,KWD/SGD,100,SGD 50 – 200,amtBtw50And200,,,otherCurrencies,2026-09-05 00:15:00,2026-09-04 16:15:15,2026-09-04T16:30:35.531769+00:00,420.3468,,,,
native,dbs,KWD,SGD,KWD/SGD,100,SGD < 50,amtLessThan50,,,otherCurrencies,2026-09-05 00:15:00,2026-09-04 16:15:15,2026-09-04T16:30:35.531769+00:00,422.0044,,,,
native,dbs,LKR,SGD,LKR/SGD,100,SGD 50 – 200,amtBtw50And200,,,otherCurrencies,2026-09-05 00:15:00,2026-09-04 16:15:15,2026-09-04T16:30:35.531769+00:00,0.3935,,,,
native,dbs,LKR,SGD,LKR/SGD,100,SGD < 50,amtLessThan50,,,otherCurrencies,2026-09-05 00:15:00,2026-09-04 16:15:15,2026-09-04T16:30:35.531769+00:00,0.3935,,,,
native,dbs,MM1,SGD,MM1/SGD,100,SGD 50 – 200,amtBtw50And200,,,otherCurrencies,2026-09-05 00:15:00,2026-09-04 16:15:15,2026-09-04T16:30:35.531769+00:00,,,,,
native,dbs,MM1,SGD,MM1/SGD,100,SGD < 50,amtLessThan50,,,otherCurrencies,2026-09-05 00:15:00,2026-09-04 16:15:15,2026-09-04T16:30:35.531769+00:00,,,,,
native,dbs,MMK,SGD,MMK/SGD,100,SGD 50 – 200,amtBtw50And200,,,otherCurrencies,2026-09-05 00:15:00,2026-09-04 16:15:15,2026-09-04T16:30:35.531769+00:00,0.0322,,,,
native,dbs,MMK,SGD,MMK/SGD,100,SGD < 50,amtLessThan50,,,otherCurrencies,2026-09-05 00:15:00,2026-09-04 16:15:15,2026-09-04T16:30:35.531769+00:00,0.0322,,,,
native,dbs,MUR,SGD,MUR/SGD,100,SGD 50 – 200,amtBtw50And200,,,otherCurrencies,2026-09-05 00:15:00,2026-09-04 16:15:15,2026-09-04T16:30:35.531769+00:00,2.6987,,,,
native,dbs,MUR,SGD,MUR/SGD,100,SGD < 50,amtLessThan50,,,otherCurrencies,2026-09-05 00:15:00,2026-09-04 16:15:15,2026-09-04T16:30:35.531769+00:00,2.7093,,,,
native,dbs,MXN,SGD,MXN/SGD,100,SGD 50 – 200,amtBtw50And200,,,mainCurrencies,2026-09-05 00:15:00,2026-09-04 16:15:15,2026-09-04T16:30:35.531769+00:00,7.6249,,,,
native,dbs,MXN,SGD,MXN/SGD,100,SGD < 50,amtLessThan50,,,mainCurrencies,2026-09-05 00:15:00,2026-09-04 16:15:15,2026-09-04T16:30:35.531769+00:00,7.6248,,,,
native,dbs,MY0,SGD,MY0/SGD,1,SGD 50 – 200,amtBtw50And200,,,otherCurrencies,2026-09-05 00:15:00,2026-09-04 16:15:15,2026-09-04T16:30:35.531769+00:00,,0.3124,,,
native,dbs,MY0,SGD,MY0/SGD,1,SGD < 50,amtLessThan50,,,otherCurrencies,2026-09-05 00:15:00,2026-09-04 16:15:15,2026-09-04T16:30:35.531769+00:00,,0.3124,,,
native,dbs,MYR,SGD,MYR/SGD,1,SGD 50 – 200,amtBtw50And200,,,otherCurrencies,2026-09-05 00:15:00,2026-09-04 16:15:15,2026-09-04T16:30:35.531769+00:00,0.3162,,,,
native,dbs,MYR,SGD,MYR/SGD,1,SGD < 50,amtLessThan50,,,otherCurrencies,2026-09-05 00:15:00,2026-09-04 16:15:15,2026-09-04T16:30:35.531769+00:00,0.3162,,,,
native,dbs,NOK,SGD,NOK/SGD,1,SGD 50 – 200,amtBtw50And200,,,mainCurrencies,2026-09-05 00:15:00,2026-09-04 16:15:15,2026-09-04T16:30:35.531769+00:00,0.1382,0.1343,0.13624999999999998,1.4311926605504641,1.431192660550444
native,dbs,NOK,SGD,NOK/SGD,1,SGD < 50,amtLessThan50,,,mainCurrencies,2026-09-05 00:15:00,2026-09-04 16:15:15,2026-09-04T16:30:35.531769+00:00,0.1386,0.1339,0.13624999999999998,1.7247706422018487,1.7247706422018287
native,dbs,NZD,SGD,NZD/SGD,1,SGD 50 – 200,amtBtw50And200,,,mainCurrencies,2026-09-05 00:15:00,2026-09-04 16:15:15,2026-09-04T16:30:35.531769+00:00,0.7548,0.7374,0.7461,1.1660635303578664,1.1660635303578515
native,dbs,NZD,SGD,NZD/SGD,1,SGD < 50,amtLessThan50,,,mainCurrencies,2026-09-05 00:15:00,2026-09-04 16:15:15,2026-09-04T16:30:35.531769+00:00,0.7556,0.7367,0.7461500000000001,1.2665013737184154,1.2665013737184305
native,dbs,OMR,SGD,OMR/SGD,1,SGD 50 – 200,amtBtw50And200,,,otherCurrencies,2026-09-05 00:15:00,2026-09-04 16:15:15,2026-09-04T16:30:35.531769+00:00,3.3116,,,,
native,dbs,OMR,SGD,OMR/SGD,1,SGD < 50,amtLessThan50,,,otherCurrencies,2026-09-05 00:15:00,2026-09-04 16:15:15,2026-09-04T16:30:35.531769+00:00,3.3116,,,,
native,dbs,PH0,SGD,PH0/SGD,100,SGD 50 – 200,amtBtw50And200,,,otherCurrencies,2026-09-05 00:15:00,2026-09-04 16:15:15,2026-09-04T16:30:35.531769+00:00,,2.0152,,,
native,dbs,PH0,SGD,PH0/SGD,100,SGD < 50,amtLessThan50,,,otherCurrencies,2026-09-05 00:15:00,2026-09-04 16:15:15,2026-09-04T16:30:35.531769+00:00,,2.0152,,,
native,dbs,PHP,SGD,PHP/SGD,100,SGD 50 – 200,amtBtw50And200,,,otherCurrencies,2026-09-05 00:15:00,2026-09-04 16:15:15,2026-09-04T16:30:35.531769+00:00,2.0489,,,,
native,dbs,PHP,SGD,PHP/SGD,100,SGD < 50,amtLessThan50,,,otherCurrencies,2026-09-05 00:15:00,2026-09-04 16:15:15,2026-09-04T16:30:35.531769+00:00,2.0643,,,,
native,dbs,PLN,SGD,PLN/SGD,1,SGD 50 – 200,amtBtw50And200,,,otherCurrencies,2026-09-05 00:15:00,2026-09-04 16:15:15,2026-09-04T16:30:35.531769+00:00,0.3474,,,,
native,dbs,PLN,SGD,PLN/SGD,1,SGD < 50,amtLessThan50,,,otherCurrencies,2026-09-05 00:15:00,2026-09-04 16:15:15,2026-09-04T16:30:35.531769+00:00,0.3487,,,,
native,dbs,QAR,SGD,QAR/SGD,1,SGD 50 – 200,amtBtw50And200,,,otherCurrencies,2026-09-05 00:15:00,2026-09-04 16:15:15,2026-09-04T16:30:35.531769+00:00,0.3552,,,,
native,dbs,QAR,SGD,QAR/SGD,1,SGD < 50,amtLessThan50,,,otherCurrencies,2026-09-05 00:15:00,2026-09-04 16:15:15,2026-09-04T16:30:35.531769+00:00,0.3567,,,,
native,dbs,RUB,SGD,RUB/SGD,100,SGD 50 – 200,amtBtw50And200,,,mainCurrencies,2026-09-05 00:15:00,2026-09-04 16:15:15,2026-09-04T16:30:35.531769+00:00,,,,,
native,dbs,RUB,SGD,RUB/SGD,100,SGD < 50,amtLessThan50,,,mainCurrencies,2026-09-05 00:15:00,2026-09-04 16:15:15,2026-09-04T16:30:35.531769+00:00,,,,,
native,dbs,SAR,SGD,SAR/SGD,100,SGD 50 – 200,amtBtw50And200,,,otherCurrencies,2026-09-05 00:15:00,2026-09-04 16:15:15,2026-09-04T16:30:35.531769+00:00,34.157,,,,
native,dbs,SAR,SGD,SAR/SGD,100,SGD < 50,amtLessThan50,,,otherCurrencies,2026-09-05 00:15:00,2026-09-04 16:15:15,2026-09-04T16:30:35.531769+00:00,34.1572,,,,
native,dbs,SEK,SGD,SEK/SGD,1,SGD 50 – 200,amtBtw50And200,,,mainCurrencies,2026-09-05 00:15:00,2026-09-04 16:15:15,2026-09-04T16:30:35.531769+00:00,0.1342,0.1306,0.13240000000000002,1.3595166163141963,1.3595166163142172
native,dbs,SEK,SGD,SEK/SGD,1,SGD < 50,amtLessThan50,,,mainCurrencies,2026-09-05 00:15:00,2026-09-04 16:15:15,2026-09-04T16:30:35.531769+00:00,0.1347,0.1301,0.1324,1.7371601208459189,1.7371601208459189
native,dbs,THB,SGD,THB/SGD,100,SGD 50 – 200,amtBtw50And200,,,mainCurrencies,2026-09-05 00:15:00,2026-09-04 16:15:15,2026-09-04T16:30:35.531769+00:00,3.9065,3.7963,3.8514,1.430648595315987,1.430648595315987
native,dbs,THB,SGD,THB/SGD,100,SGD < 50,amtLessThan50,,,mainCurrencies,2026-09-05 00:15:00,2026-09-04 16:15:15,2026-09-04T16:30:35.531769+00:00,3.9108,3.7921,3.85145,1.5409780731932192,1.5409780731932075
native,dbs,TND,SGD,TND/SGD,1,SGD 50 – 200,amtBtw50And200,,,otherCurrencies,2026-09-05 00:15:00,2026-09-04 16:15:15,2026-09-04T16:30:35.531769+00:00,0.4421,,,,
native,dbs,TND,SGD,TND/SGD,1,SGD < 50,amtLessThan50,,,otherCurrencies,2026-09-05 00:15:00,2026-09-04 16:15:15,2026-09-04T16:30:35.531769+00:00,0.4421,,,,
native,dbs,TWD,SGD,TWD/SGD,100,SGD 50 – 200,amtBtw50And200,,,otherCurrencies,2026-09-05 00:15:00,2026-09-04 16:15:15,2026-09-04T16:30:35.531769+00:00,4.0533,,,,
native,dbs,TWD,SGD,TWD/SGD,100,SGD < 50,amtLessThan50,,,otherCurrencies,2026-09-05 00:15:00,2026-09-04 16:15:15,2026-09-04T16:30:35.531769+00:00,4.0573,,,,
native,dbs,USD,SGD,USD/SGD,1,SGD 50 – 200,amtBtw50And200,,,mainCurrencies,2026-09-05 00:15:00,2026-09-04 16:15:15,2026-09-04T16:30:35.531769+00:00,1.2773,1.2562,1.26675,0.8328399447404822,0.8328399447404822
native,dbs,USD,SGD,USD/SGD,1,SGD < 50,amtLessThan50,,,mainCurrencies,2026-09-05 00:15:00,2026-09-04 16:15:15,2026-09-04T16:30:35.531769+00:00,1.2782,1.2553,1.26675,0.9038879021117,0.9038879021117
native,dbs,VND,SGD,VND/SGD,100,SGD 50 – 200,amtBtw50And200,,,otherCurrencies,2026-09-05 00:15:00,2026-09-04 16:15:15,2026-09-04T16:30:35.531769+00:00,0.005,,,,
native,dbs,VND,SGD,VND/SGD,100,SGD < 50,amtLessThan50,,,otherCurrencies,2026-09-05 00:15:00,2026-09-04 16:15:15,2026-09-04T16:30:35.531769+00:00,0.005,,,,
native,dbs,XAU,SGD,XAU/SGD,1,SGD 50 – 200,amtBtw50And200,,,otherCurrencies,2026-09-05 00:15:00,2026-09-04 16:15:15,2026-09-04T16:30:35.531769+00:00,5654.673,5585.703,5620.188,0.6135915738049985,0.6135915738049985
native,dbs,XAU,SGD,XAU/SGD,1,SGD < 50,amtLessThan50,,,otherCurrencies,2026-09-05 00:15:00,2026-09-04 16:15:15,2026-09-04T16:30:35.531769+00:00,5654.685,5585.817,5620.251,0.612677262990571,0.612677262990571
native,dbs,ZAR,SGD,ZAR/SGD,1,SGD 50 – 200,amtBtw50And200,,,otherCurrencies,2026-09-05 00:15:00,2026-09-04 16:15:15,2026-09-04T16:30:35.531769+00:00,0.0805,0.0785,0.0795,1.2578616352201268,1.2578616352201268
native,dbs,ZAR,SGD,ZAR/SGD,1,SGD < 50,amtLessThan50,,,otherCurrencies,2026-09-05 00:15:00,2026-09-04 16:15:15,2026-09-04T16:30:35.531769+00:00,0.0808,0.0782,0.0795,1.635220125786158,1.635220125786158
native,hsbc,AED,SGD,AED/SGD,100,Indicative board,board,,,indicative_fx,2026-9-4,2026-9-4,2026-09-04T16:30:39.346350+00:00,35.62,33.38,34.5,3.2463768115941956,3.2463768115941956
native,hsbc,AUD,SGD,AUD/SGD,1,Indicative board,board,,,indicative_fx,2026-9-4,2026-9-4,2026-09-04T16:30:39.346350+00:00,0.9401,0.8852,0.91265,3.0077247575741066,3.0077247575740946
native,hsbc,CAD,SGD,CAD/SGD,1,Indicative board,board,,,indicative_fx,2026-9-4,2026-9-4,2026-09-04T16:30:39.346350+00:00,0.9462,0.8909,0.91855,3.0101790866038933,3.0101790866038813
native,hsbc,CHF,SGD,CHF/SGD,100,Indicative board,board,,,indicative_fx,2026-9-4,2026-9-4,2026-09-04T16:30:39.346350+00:00,161.56,152.11,156.835,3.0127203749163094,3.0127203749163094
native,hsbc,CNY,SGD,CNY/SGD,100,Indicative board,board,,,indicative_fx,2026-9-4,2026-9-4,2026-09-04T16:30:39.346350+00:00,19.47,18.25,18.86,3.234358430540824,3.234358430540824
native,hsbc,DKK,SGD,DKK/SGD,100,Indicative board,board,,,indicative_fx,2026-9-4,2026-9-4,2026-09-04T16:30:39.346350+00:00,20.3,19.12,19.71,2.993404363267376,2.993404363267376
native,hsbc,EUR,SGD,EUR/SGD,1,Indicative board,board,,,indicative_fx,2026-9-4,2026-9-4,2026-09-04T16:30:39.346350+00:00,1.5174,1.4288,1.4731,3.007263593781821,3.007263593781821
native,hsbc,FJD,SGD,FJD/SGD,1,Indicative board,board,,,indicative_fx,2026-9-4,2026-9-4,2026-09-04T16:30:39.346350+00:00,0.6034,,,,
native,hsbc,GBP,SGD,GBP/SGD,1,Indicative board,board,,,indicative_fx,2026-9-4,2026-9-4,2026-09-04T16:30:39.346350+00:00,1.7654,1.6622,1.7138,3.0108530750379328,3.0108530750379328
native,hsbc,HKD,SGD,HKD/SGD,100,Indicative board,board,,,indicative_fx,2026-9-4,2026-9-4,2026-09-04T16:30:39.346350+00:00,16.36,15.96,16.16,1.2376237623762332,1.2376237623762332
native,hsbc,IDR,SGD,IDR/SGD,100,Indicative board,board,,,indicative_fx,2026-9-4,2026-9-4,2026-09-04T16:30:39.346350+00:00,0.0074,,,,
native,hsbc,INR,SGD,INR/SGD,100,Indicative board,board,,,indicative_fx,2026-9-4,2026-9-4,2026-09-04T16:30:39.346350+00:00,1.38,,,,
native,hsbc,JPY,SGD,JPY/SGD,100,Indicative board,board,,,indicative_fx,2026-9-4,2026-9-4,2026-09-04T16:30:39.346350+00:00,0.8375,0.7886,0.81305,3.0071951294508295,3.007195129450843
native,hsbc,LKR,SGD,LKR/SGD,100,Indicative board,board,,,indicative_fx,2026-9-4,2026-9-4,2026-09-04T16:30:39.346350+00:00,0.4,,,,
native,hsbc,MUR,SGD,MUR/SGD,100,Indicative board,board,,,indicative_fx,2026-9-4,2026-9-4,2026-09-04T16:30:39.346350+00:00,2.8,2.61,2.705,3.512014787430675,3.512014787430691
native,hsbc,NOK,SGD,NOK/SGD,100,Indicative board,board,,,indicative_fx,2026-9-4,2026-9-4,2026-09-04T16:30:39.346350+00:00,14.04,13.22,13.629999999999999,3.0080704328686734,3.00807043286866
native,hsbc,NZD,SGD,NZD/SGD,1,Indicative board,board,,,indicative_fx,2026-9-4,2026-9-4,2026-09-04T16:30:39.346350+00:00,0.7681,0.7231,0.7456,3.017703862660939,3.0177038626609543
native,hsbc,PHP,SGD,PHP/SGD,100,Indicative board,board,,,indicative_fx,2026-9-4,2026-9-4,2026-09-04T16:30:39.346350+00:00,2.09,,,,
native,hsbc,PKR,SGD,PKR/SGD,100,Indicative board,board,,,indicative_fx,2026-9-4,2026-9-4,2026-09-04T16:30:39.346350+00:00,0.47,,,,
native,hsbc,QAR,SGD,QAR/SGD,100,Indicative board,board,,,indicative_fx,2026-9-4,2026-9-4,2026-09-04T16:30:39.346350+00:00,35.2,34.32,34.760000000000005,1.2658227848101198,1.2658227848101402
native,hsbc,RUB,SGD,RUB/SGD,100,Indicative board,board,,,indicative_fx,2026-9-4,2026-9-4,2026-09-04T16:30:39.346350+00:00,15.46,13.83,14.645,5.565039262546953,5.565039262546941
native,hsbc,SAR,SGD,SAR/SGD,100,Indicative board,board,,,indicative_fx,2026-9-4,2026-9-4,2026-09-04T16:30:39.346350+00:00,34.17,33.32,33.745000000000005,1.2594458438287068,1.259445843828728
native,hsbc,SEK,SGD,SEK/SGD,100,Indicative board,board,,,indicative_fx,2026-9-4,2026-9-4,2026-09-04T16:30:39.346350+00:00,13.69,12.88,13.285,3.048550997365445,3.048550997365445
native,hsbc,THB,SGD,THB/SGD,100,Indicative board,board,,,indicative_fx,2026-9-4,2026-9-4,2026-09-04T16:30:39.346350+00:00,3.98,,,,
native,hsbc,TRY,SGD,TRY/SGD,1,Indicative board,board,,,indicative_fx,2026-9-4,2026-9-4,2026-09-04T16:30:39.346350+00:00,0.027,,,,
native,hsbc,USD,SGD,USD/SGD,1,Indicative board,board,,,indicative_fx,2026-9-4,2026-9-4,2026-09-04T16:30:39.346350+00:00,1.2924,1.2417,1.26705,2.0007103113531417,2.0007103113531417
native,hsbc,ZAR,SGD,ZAR/SGD,1,Indicative board,board,,,indicative_fx,2026-9-4,2026-9-4,2026-09-04T16:30:39.346350+00:00,0.0818,0.0766,0.07919999999999999,3.2828282828282895,3.282828282828272
native,ocbc,AED,SGD,AED/SGD,100,"SGD 0 – 39,999.99",tier_1,,,fxRatesSgd,2026-09-04T07:00:14,2026-09-04T07:00:14,2026-09-04T16:30:37.183028+00:00,35.3906,33.3878,34.3892,2.9119607318576666,2.911960731857687
native,ocbc,AED,SGD,AED/SGD,100,"SGD 40,000 – 100,000",tier_2,,,fxRatesSgd,2026-09-04T07:00:14,2026-09-04T07:00:14,2026-09-04T16:30:37.183028+00:00,35.3801,33.4049,34.3892,2.8814278901515484,2.8622358182220133
native,ocbc,AUD,SGD,AUD/SGD,1,"SGD 0 – 39,999.99",tier_1,,,fxRatesSgd,2026-09-04T07:00:14,2026-09-04T07:00:14,2026-09-04T16:30:37.183028+00:00,0.929,0.8995,0.9143,1.6077873783222187,1.6187247074264504
native,ocbc,AUD,SGD,AUD/SGD,1,"SGD 40,000 – 100,000",tier_2,,,fxRatesSgd,2026-09-04T07:00:14,2026-09-04T07:00:14,2026-09-04T16:30:37.183028+00:00,0.9271,0.9013,0.9143,1.3999781253417953,1.4218527835502583
native,ocbc,BGN,SGD,BGN/SGD,100,"SGD 0 – 39,999.99",tier_1,,,fxRatesSgd,2026-09-04T07:00:14,2026-09-04T07:00:14,2026-09-04T16:30:37.183028+00:00,0.0,0.0,0.0,,
native,ocbc,BGN,SGD,BGN/SGD,100,"SGD 40,000 – 100,000",tier_2,,,fxRatesSgd,2026-09-04T07:00:14,2026-09-04T07:00:14,2026-09-04T16:30:37.183028+00:00,0.0,0.0,0.0,,
native,ocbc,BHD,SGD,BHD/SGD,1,"SGD 0 – 39,999.99",tier_1,,,fxRatesSgd,2026-09-04T07:00:14,2026-09-04T07:00:14,2026-09-04T16:30:37.183028+00:00,0.0,0.0,0.0,,
native,ocbc,BHD,SGD,BHD/SGD,1,"SGD 40,000 – 100,000",tier_2,,,fxRatesSgd,2026-09-04T07:00:14,2026-09-04T07:00:14,2026-09-04T16:30:37.183028+00:00,0.0,0.0,0.0,,
native,ocbc,CAD,SGD,CAD/SGD,1,"SGD 0 – 39,999.99",tier_1,,,fxRatesSgd,2026-09-04T07:00:14,2026-09-04T07:00:14,2026-09-04T16:30:37.183028+00:00,0.9344,0.9012,0.9178,1.808672913488784,1.8086729134887718
native,ocbc,CAD,SGD,CAD/SGD,1,"SGD 40,000 – 100,000",tier_2,,,fxRatesSgd,2026-09-04T07:00:14,2026-09-04T07:00:14,2026-09-04T16:30:37.183028+00:00,0.9326,0.903,0.9178,1.6125517541948176,1.6125517541948056
native,ocbc,CHF,SGD,CHF/SGD,100,"SGD 0 – 39,999.99",tier_1,,,fxRatesSgd,2026-09-04T07:00:14,2026-09-04T07:00:14,2026-09-04T16:30:37.183028+00:00,159.4463,153.7743,156.6103,1.8108642918122326,1.8108642918122146
native,ocbc,CHF,SGD,CHF/SGD,100,"SGD 40,000 – 100,000",tier_2,,,fxRatesSgd,2026-09-04T07:00:14,2026-09-04T07:00:14,2026-09-04T16:30:37.183028+00:00,159.133,154.0875,156.6103,1.6108135927202838,1.6108774454809098
native,ocbc,CNH,SGD,CNH/SGD,100,"SGD 0 – 39,999.99",tier_1,,,fxRatesSgd,2026-09-04T07:00:14,2026-09-04T07:00:14,2026-09-04T16:30:37.183028+00:00,19.228,18.6584,18.9432,1.503441868322145,1.503441868322145
native,ocbc,CNH,SGD,CNH/SGD,100,"SGD 40,000 – 100,000",tier_2,,,fxRatesSgd,2026-09-04T07:00:14,2026-09-04T07:00:14,2026-09-04T16:30:37.183028+00:00,19.2091,18.6773,18.9432,1.4036699184931716,1.4036699184931902
native,ocbc,CZK,SGD,CZK/SGD,100,"SGD 0 – 39,999.99",tier_1,,,fxRatesSgd,2026-09-04T07:00:14,2026-09-04T07:00:14,2026-09-04T16:30:37.183028+00:00,0.0,0.0,0.0,,
native,ocbc,CZK,SGD,CZK/SGD,100,"SGD 40,000 – 100,000",tier_2,,,fxRatesSgd,2026-09-04T07:00:14,2026-09-04T07:00:14,2026-09-04T16:30:37.183028+00:00,0.0,0.0,0.0,,
native,ocbc,DKK,SGD,DKK/SGD,100,"SGD 0 – 39,999.99",tier_1,,,fxRatesSgd,2026-09-04T07:00:14,2026-09-04T07:00:14,2026-09-04T16:30:37.183028+00:00,20.0577,19.3454,19.7016,1.8074674138141136,1.8079749868030903
native,ocbc,DKK,SGD,DKK/SGD,100,"SGD 40,000 – 100,000",tier_2,,,fxRatesSgd,2026-09-04T07:00:14,2026-09-04T07:00:14,2026-09-04T16:30:37.183028+00:00,20.0182,19.3848,19.7016,1.6069760831607642,1.6079912291387535
native,ocbc,EUR,SGD,EUR/SGD,1,"SGD 0 – 39,999.99",tier_1,,,fxRatesSgd,2026-09-04T07:00:14,2026-09-04T07:00:14,2026-09-04T16:30:37.183028+00:00,1.4892,1.4526,1.4709,1.244136243116458,1.244136243116473
native,ocbc,EUR,SGD,EUR/SGD,1,"SGD 40,000 – 100,000",tier_2,,,fxRatesSgd,2026-09-04T07:00:14,2026-09-04T07:00:14,2026-09-04T16:30:37.183028+00:00,1.4874,1.4545,1.4709,1.1217621864164768,1.1149636277109383
native,ocbc,GBP,SGD,GBP/SGD,1,"SGD 0 – 39,999.99",tier_1,,,fxRatesSgd,2026-09-04T07:00:14,2026-09-04T07:00:14,2026-09-04T16:30:37.183028+00:00,1.7372,1.6911,1.7142,1.341733753354342,1.3475673783689126
native,ocbc,GBP,SGD,GBP/SGD,1,"SGD 40,000 – 100,000",tier_2,,,fxRatesSgd,2026-09-04T07:00:14,2026-09-04T07:00:14,2026-09-04T16:30:37.183028+00:00,1.7355,1.6932,1.7142,1.242562128106411,1.2250612530626477
native,ocbc,HKD,SGD,HKD/SGD,100,"SGD 0 – 39,999.99",tier_1,,,fxRatesSgd,2026-09-04T07:00:14,2026-09-04T07:00:14,2026-09-04T16:30:37.183028+00:00,16.3709,15.9745,16.1727,1.2255220216785072,1.225522021678496
native,ocbc,HKD,SGD,HKD/SGD,100,"SGD 40,000 – 100,000",tier_2,,,fxRatesSgd,2026-09-04T07:00:14,2026-09-04T07:00:14,2026-09-04T16:30:37.183028+00:00,16.3418,15.9842,16.1727,1.0455891718760644,1.1655444050776893
native,ocbc,HUF,SGD,HUF/SGD,100,"SGD 0 – 39,999.99",tier_1,,,fxRatesSgd,2026-09-04T07:00:14,2026-09-04T07:00:14,2026-09-04T16:30:37.183028+00:00,0.0,0.0,0.0,,
native,ocbc,HUF,SGD,HUF/SGD,100,"SGD 40,000 – 100,000",tier_2,,,fxRatesSgd,2026-09-04T07:00:14,2026-09-04T07:00:14,2026-09-04T16:30:37.183028+00:00,0.0,0.0,0.0,,
native,ocbc,IDR,SGD,IDR/SGD,100,"SGD 0 – 39,999.99",tier_1,,,fxRatesSgd,2026-09-04T07:00:14,2026-09-04T07:00:14,2026-09-04T16:30:37.183028+00:00,0.0074,0.0,0.0074,0.0,100.0
native,ocbc,IDR,SGD,IDR/SGD,100,"SGD 40,000 – 100,000",tier_2,,,fxRatesSgd,2026-09-04T07:00:14,2026-09-04T07:00:14,2026-09-04T16:30:37.183028+00:00,0.0074,0.0,0.0074,0.0,100.0
native,ocbc,ILS,SGD,ILS/SGD,100,"SGD 0 – 39,999.99",tier_1,,,fxRatesSgd,2026-09-04T07:00:14,2026-09-04T07:00:14,2026-09-04T16:30:37.183028+00:00,0.0,0.0,0.0,,
native,ocbc,ILS,SGD,ILS/SGD,100,"SGD 40,000 – 100,000",tier_2,,,fxRatesSgd,2026-09-04T07:00:14,2026-09-04T07:00:14,2026-09-04T16:30:37.183028+00:00,0.0,0.0,0.0,,
native,ocbc,INR,SGD,INR/SGD,100,"SGD 0 – 39,999.99",tier_1,,,fxRatesSgd,2026-09-04T07:00:14,2026-09-04T07:00:14,2026-09-04T16:30:37.183028+00:00,1.3823,0.0,1.3823,0.0,100.0
native,ocbc,INR,SGD,INR/SGD,100,"SGD 40,000 – 100,000",tier_2,,,fxRatesSgd,2026-09-04T07:00:14,2026-09-04T07:00:14,2026-09-04T16:30:37.183028+00:00,1.3796,0.0,1.3823,-0.19532662953050325,100.0
native,ocbc,JOD,SGD,JOD/SGD,1,"SGD 0 – 39,999.99",tier_1,,,fxRatesSgd,2026-09-04T07:00:14,2026-09-04T07:00:14,2026-09-04T16:30:37.183028+00:00,0.0,0.0,0.0,,
native,ocbc,JOD,SGD,JOD/SGD,1,"SGD 40,000 – 100,000",tier_2,,,fxRatesSgd,2026-09-04T07:00:14,2026-09-04T07:00:14,2026-09-04T16:30:37.183028+00:00,0.0,0.0,0.0,,
native,ocbc,JPY,SGD,JPY/SGD,100,"SGD 0 – 39,999.99",tier_1,,,fxRatesSgd,2026-09-04T07:00:14,2026-09-04T07:00:14,2026-09-04T16:30:37.183028+00:00,0.8212,0.8011,0.8112,1.2327416173570032,1.2450690335305719
native,ocbc,JPY,SGD,JPY/SGD,100,"SGD 40,000 – 100,000",tier_2,,,fxRatesSgd,2026-09-04T07:00:14,2026-09-04T07:00:14,2026-09-04T16:30:37.183028+00:00,0.8204,0.8024,0.8112,1.13412228796844,1.0848126232741653
native,ocbc,KRW,SGD,KRW/SGD,100,"SGD 0 – 39,999.99",tier_1,,,fxRatesSgd,2026-09-04T07:00:14,2026-09-04T07:00:14,2026-09-04T16:30:37.183028+00:00,0.0,0.0,0.0,,
native,ocbc,KRW,SGD,KRW/SGD,100,"SGD 40,000 – 100,000",tier_2,,,fxRatesSgd,2026-09-04T07:00:14,2026-09-04T07:00:14,2026-09-04T16:30:37.183028+00:00,0.0,0.0,0.0,,
native,ocbc,LKR,SGD,LKR/SGD,100,"SGD 0 – 39,999.99",tier_1,,,fxRatesSgd,2026-09-04T07:00:14,2026-09-04T07:00:14,2026-09-04T16:30:37.183028+00:00,0.3981,0.0,0.3981,0.0,100.0
native,ocbc,LKR,SGD,LKR/SGD,100,"SGD 40,000 – 100,000",tier_2,,,fxRatesSgd,2026-09-04T07:00:14,2026-09-04T07:00:14,2026-09-04T16:30:37.183028+00:00,0.3974,0.0,0.3981,-0.17583521728209844,100.0
native,ocbc,MAD,SGD,MAD/SGD,100,"SGD 0 – 39,999.99",tier_1,,,fxRatesSgd,2026-09-04T07:00:14,2026-09-04T07:00:14,2026-09-04T16:30:37.183028+00:00,0.0,0.0,0.0,,
native,ocbc,MAD,SGD,MAD/SGD,100,"SGD 40,000 – 100,000",tier_2,,,fxRatesSgd,2026-09-04T07:00:14,2026-09-04T07:00:14,2026-09-04T16:30:37.183028+00:00,0.0,0.0,0.0,,
native,ocbc,MXN,SGD,MXN/SGD,100,"SGD 0 – 39,999.99",tier_1,,,fxRatesSgd,2026-09-04T07:00:14,2026-09-04T07:00:14,2026-09-04T16:30:37.183028+00:00,7.7237,0.0,7.7237,0.0,100.0
native,ocbc,MXN,SGD,MXN/SGD,100,"SGD 40,000 – 100,000",tier_2,,,fxRatesSgd,2026-09-04T07:00:14,2026-09-04T07:00:14,2026-09-04T16:30:37.183028+00:00,7.7222,0.0,7.7237,-0.019420743943965417,100.0
native,ocbc,MYR,SGD,MYR/SGD,100,"SGD 0 – 39,999.99",tier_1,,,fxRatesSgd,2026-09-04T07:00:14,2026-09-04T07:00:14,2026-09-04T16:30:37.183028+00:00,0.0,0.0,0.0,,
native,ocbc,MYR,SGD,MYR/SGD,100,"SGD 40,000 – 100,000",tier_2,,,fxRatesSgd,2026-09-04T07:00:14,2026-09-04T07:00:14,2026-09-04T16:30:37.183028+00:00,0.0,0.0,0.0,,
native,ocbc,NOK,SGD,NOK/SGD,100,"SGD 0 – 39,999.99",tier_1,,,fxRatesSgd,2026-09-04T07:00:14,2026-09-04T07:00:14,2026-09-04T16:30:37.183028+00:00,13.8641,13.3699,13.617,1.814643460380404,1.8146434603804174
native,ocbc,NOK,SGD,NOK/SGD,100,"SGD 40,000 – 100,000",tier_2,,,fxRatesSgd,2026-09-04T07:00:14,2026-09-04T07:00:14,2026-09-04T16:30:37.183028+00:00,13.8369,13.3972,13.617,1.6148931482705373,1.6141587721230892
native,ocbc,NZD,SGD,NZD/SGD,1,"SGD 0 – 39,999.99",tier_1,,,fxRatesSgd,2026-09-04T07:00:14,2026-09-04T07:00:14,2026-09-04T16:30:37.183028+00:00,0.7603,0.7344,0.7474,1.7259834091517292,1.7393631255017261
native,ocbc,NZD,SGD,NZD/SGD,1,"SGD 40,000 – 100,000",tier_2,,,fxRatesSgd,2026-09-04T07:00:14,2026-09-04T07:00:14,2026-09-04T16:30:37.183028+00:00,0.7585,0.7366,0.7474,1.4851485148514851,1.4450093658014345
native,ocbc,OMR,SGD,OMR/SGD,1,"SGD 0 – 39,999.99",tier_1,,,fxRatesSgd,2026-09-04T07:00:14,2026-09-04T07:00:14,2026-09-04T16:30:37.183028+00:00,0.0,0.0,0.0,,
native,ocbc,OMR,SGD,OMR/SGD,1,"SGD 40,000 – 100,000",tier_2,,,fxRatesSgd,2026-09-04T07:00:14,2026-09-04T07:00:14,2026-09-04T16:30:37.183028+00:00,0.0,0.0,0.0,,
native,ocbc,PHP,SGD,PHP/SGD,100,"SGD 0 – 39,999.99",tier_1,,,fxRatesSgd,2026-09-04T07:00:14,2026-09-04T07:00:14,2026-09-04T16:30:37.183028+00:00,2.0901,0.0,2.0901,0.0,100.0
native,ocbc,PHP,SGD,PHP/SGD,100,"SGD 40,000 – 100,000",tier_2,,,fxRatesSgd,2026-09-04T07:00:14,2026-09-04T07:00:14,2026-09-04T16:30:37.183028+00:00,2.0891,0.0,2.0901,-0.04784460073680158,100.0
native,ocbc,PLN,SGD,PLN/SGD,100,"SGD 0 – 39,999.99",tier_1,,,fxRatesSgd,2026-09-04T07:00:14,2026-09-04T07:00:14,2026-09-04T16:30:37.183028+00:00,35.1325,32.9486,34.0406,3.2076402883615525,3.2079340552164144
native,ocbc,PLN,SGD,PLN/SGD,100,"SGD 40,000 – 100,000",tier_2,,,fxRatesSgd,2026-09-04T07:00:14,2026-09-04T07:00:14,2026-09-04T16:30:37.183028+00:00,35.1152,32.9755,34.0406,3.1568186224684753,3.1289107712555038
native,ocbc,QAR,SGD,QAR/SGD,100,"SGD 0 – 39,999.99",tier_1,,,fxRatesSgd,2026-09-04T07:00:14,2026-09-04T07:00:14,2026-09-04T16:30:37.183028+00:00,35.7583,33.7141,34.7362,2.9424634819007314,2.942463481900711
native,ocbc,QAR,SGD,QAR/SGD,100,"SGD 40,000 – 100,000",tier_2,,,fxRatesSgd,2026-09-04T07:00:14,2026-09-04T07:00:14,2026-09-04T16:30:37.183028+00:00,35.7371,33.7312,34.7362,2.881432050713669,2.893235299197942
native,ocbc,RON,SGD,RON/SGD,100,"SGD 0 – 39,999.99",tier_1,,,fxRatesSgd,2026-09-04T07:00:14,2026-09-04T07:00:14,2026-09-04T16:30:37.183028+00:00,0.0,0.0,0.0,,
native,ocbc,RON,SGD,RON/SGD,100,"SGD 40,000 – 100,000",tier_2,,,fxRatesSgd,2026-09-04T07:00:14,2026-09-04T07:00:14,2026-09-04T16:30:37.183028+00:00,0.0,0.0,0.0,,
native,ocbc,RUB,SGD,RUB/SGD,100,"SGD 0 – 39,999.99",tier_1,,,fxRatesSgd,2026-09-04T07:00:14,2026-09-04T07:00:14,2026-09-04T16:30:37.183028+00:00,0.0,0.0,0.0,,
native,ocbc,RUB,SGD,RUB/SGD,100,"SGD 40,000 – 100,000",tier_2,,,fxRatesSgd,2026-09-04T07:00:14,2026-09-04T07:00:14,2026-09-04T16:30:37.183028+00:00,0.0,0.0,0.0,,
native,ocbc,SAR,SGD,SAR/SGD,100,"SGD 0 – 39,999.99",tier_1,,,fxRatesSgd,2026-09-04T07:00:14,2026-09-04T07:00:14,2026-09-04T16:30:37.183028+00:00,34.6907,32.7803,33.7355,2.8314386921788555,2.8314386921788763
native,ocbc,SAR,SGD,SAR/SGD,100,"SGD 40,000 – 100,000",tier_2,,,fxRatesSgd,2026-09-04T07:00:14,2026-09-04T07:00:14,2026-09-04T16:30:37.183028+00:00,34.6736,32.797,33.7355,2.7807502482548014,2.7819359428495347
native,ocbc,SEK,SGD,SEK/SGD,100,"SGD 0 – 39,999.99",tier_1,,,fxRatesSgd,2026-09-04T07:00:14,2026-09-04T07:00:14,2026-09-04T16:30:37.183028+00:00,13.4977,13.0184,13.2581,1.8071971096914292,1.8079513655802935
native,ocbc,SEK,SGD,SEK/SGD,100,"SGD 40,000 – 100,000",tier_2,,,fxRatesSgd,2026-09-04T07:00:14,2026-09-04T07:00:14,2026-09-04T16:30:37.183028+00:00,13.4711,13.0449,13.2581,1.6065650432565688,1.6080735550342846
native,ocbc,THB,SGD,THB/SGD,100,"SGD 0 – 39,999.99",tier_1,,,fxRatesSgd,2026-09-04T07:00:14,2026-09-04T07:00:14,2026-09-04T16:30:37.183028+00:00,3.9588,3.7403,3.8496,2.836658354114712,2.8392560266001707
native,ocbc,THB,SGD,THB/SGD,100,"SGD 40,000 – 100,000",tier_2,,,fxRatesSgd,2026-09-04T07:00:14,2026-09-04T07:00:14,2026-09-04T16:30:37.183028+00:00,3.9511,3.748,3.8496,2.6366375727348217,2.6392352452202803
native,ocbc,TRY,SGD,TRY/SGD,100,"SGD 0 – 39,999.99",tier_1,,,fxRatesSgd,2026-09-04T07:00:14,2026-09-04T07:00:14,2026-09-04T16:30:37.183028+00:00,2.6891,2.5776,2.6334,2.115136325662636,2.118933697881069
native,ocbc,TRY,SGD,TRY/SGD,100,"SGD 40,000 – 100,000",tier_2,,,fxRatesSgd,2026-09-04T07:00:14,2026-09-04T07:00:14,2026-09-04T16:30:37.183028+00:00,2.6878,2.5778,2.6334,2.0657704868231272,2.1113389534442204
native,ocbc,TWD,SGD,TWD/SGD,100,"SGD 0 – 39,999.99",tier_1,,,fxRatesSgd,2026-09-04T07:00:14,2026-09-04T07:00:14,2026-09-04T16:30:37.183028+00:00,4.139,0.0,4.139,0.0,100.0
native,ocbc,TWD,SGD,TWD/SGD,100,"SGD 40,000 – 100,000",tier_2,,,fxRatesSgd,2026-09-04T07:00:14,2026-09-04T07:00:14,2026-09-04T16:30:37.183028+00:00,0.0,0.0,4.139,-100.0,100.0
native,ocbc,USD,SGD,USD/SGD,1,"SGD 0 – 39,999.99",tier_1,,,fxRatesSgd,2026-09-04T07:00:14,2026-09-04T07:00:14,2026-09-04T16:30:37.183028+00:00,1.2793,1.2564,1.2679,0.8991245366353875,0.9070115939742933
native,ocbc,USD,SGD,USD/SGD,1,"SGD 40,000 – 100,000",tier_2,,,fxRatesSgd,2026-09-04T07:00:14,2026-09-04T07:00:14,2026-09-04T16:30:37.183028+00:00,1.278,1.2574,1.2679,0.796592791229592,0.828141020585216
native,ocbc,ZAR,SGD,ZAR/SGD,100,"SGD 0 – 39,999.99",tier_1,,,fxRatesSgd,2026-09-04T07:00:14,2026-09-04T07:00:14,2026-09-04T16:30:37.183028+00:00,8.17,7.6902,7.9301,3.0251825323766353,3.0251825323766464
native,ocbc,ZAR,SGD,ZAR/SGD,100,"SGD 40,000 – 100,000",tier_2,,,fxRatesSgd,2026-09-04T07:00:14,2026-09-04T07:00:14,2026-09-04T16:30:37.183028+00:00,8.166,7.6941,7.9301,2.974741806534596,2.976002824680655
native,uob,AED,SGD,AED/SGD,100,Indicative board,board,,,forex_sgd,04 September 2026 05:10:51 PM,04 September 2026 05:10:51 PM,2026-09-04T16:30:38.578210+00:00,35.36,33.66,34.51,2.4630541871921223,2.4630541871921223
native,uob,AOA,SGD,AOA/SGD,100,Indicative board,board,,,forex_sgd,04 September 2026 05:10:51 PM,04 September 2026 05:10:51 PM,2026-09-04T16:30:38.578210+00:00,0.143,,,,
native,uob,AUD,SGD,AUD/SGD,1,Indicative board,board,,,forex_sgd,04 September 2026 05:10:51 PM,04 September 2026 05:10:51 PM,2026-09-04T16:30:38.578210+00:00,0.9282,0.8972,0.9127000000000001,1.698257916073185,1.698257916073197
native,uob,BDT,SGD,BDT/SGD,100,Indicative board,board,,,forex_sgd,04 September 2026 05:10:51 PM,04 September 2026 05:10:51 PM,2026-09-04T16:30:38.578210+00:00,1.062,,,,
native,uob,BND,SGD,BND/SGD,1,Indicative board,board,,,forex_sgd,04 September 2026 05:10:51 PM,04 September 2026 05:10:51 PM,2026-09-04T16:30:38.578210+00:00,1.0,1.0,1.0,0.0,0.0
native,uob,CAD,SGD,CAD/SGD,1,Indicative board,board,,,forex_sgd,04 September 2026 05:10:51 PM,04 September 2026 05:10:51 PM,2026-09-04T16:30:38.578210+00:00,0.9285,0.9085,0.9185,1.0887316276537844,1.0887316276537844
native,uob,CHF,SGD,CHF/SGD,100,Indicative board,board,,,forex_sgd,04 September 2026 05:10:51 PM,04 September 2026 05:10:51 PM,2026-09-04T16:30:38.578210+00:00,158.4,155.1,156.75,1.0526315789473721,1.0526315789473721
native,uob,CNH,SGD,CNH/SGD,100,Indicative board,board,,,forex_sgd,04 September 2026 05:10:51 PM,04 September 2026 05:10:51 PM,2026-09-04T16:30:38.578210+00:00,19.12,18.66,18.89,1.2175754367390177,1.2175754367390177
native,uob,DKK,SGD,DKK/SGD,100,Indicative board,board,,,forex_sgd,04 September 2026 05:10:51 PM,04 September 2026 05:10:51 PM,2026-09-04T16:30:38.578210+00:00,20.06,19.36,19.71,1.775748351090806,1.775748351090824
native,uob,EGP,SGD,EGP/SGD,100,Indicative board,board,,,forex_sgd,04 September 2026 05:10:51 PM,04 September 2026 05:10:51 PM,2026-09-04T16:30:38.578210+00:00,2.5681,,,,
native,uob,EUR,SGD,EUR/SGD,1,Indicative board,board,,,forex_sgd,04 September 2026 05:10:51 PM,04 September 2026 05:10:51 PM,2026-09-04T16:30:38.578210+00:00,1.4923,1.4543,1.4733,1.2896219371478927,1.2896219371479078
native,uob,GBP,SGD,GBP/SGD,1,Indicative board,board,,,forex_sgd,04 September 2026 05:10:51 PM,04 September 2026 05:10:51 PM,2026-09-04T16:30:38.578210+00:00,1.7378,1.6928,1.7153,1.3117238966944536,1.3117238966944536
native,uob,HKD,SGD,HKD/SGD,100,Indicative board,board,,,forex_sgd,04 September 2026 05:10:51 PM,04 September 2026 05:10:51 PM,2026-09-04T16:30:38.578210+00:00,16.349,15.991,16.17,1.1069882498453834,1.1069882498454051
native,uob,INR,SGD,INR/SGD,100,Indicative board,board,,,forex_sgd,04 September 2026 05:10:51 PM,04 September 2026 05:10:51 PM,2026-09-04T16:30:38.578210+00:00,1.3784,,,,
native,uob,JPY,SGD,JPY/SGD,100,Indicative board,board,,,forex_sgd,04 September 2026 05:10:51 PM,04 September 2026 05:10:51 PM,2026-09-04T16:30:38.578210+00:00,0.8273,0.7933,0.8103,2.097988399358264,2.097988399358264
native,uob,KRW,SGD,KRW/SGD,1000,Indicative board,board,,,forex_sgd,04 September 2026 05:10:51 PM,04 September 2026 05:10:51 PM,2026-09-04T16:30:38.578210+00:00,0.9481,,,,
native,uob,KWD,SGD,KWD/SGD,1,Indicative board,board,,,forex_sgd,04 September 2026 05:10:51 PM,04 September 2026 05:10:51 PM,2026-09-04T16:30:38.578210+00:00,4.176,,,,
native,uob,LKR,SGD,LKR/SGD,100,Indicative board,board,,,forex_sgd,04 September 2026 05:10:51 PM,04 September 2026 05:10:51 PM,2026-09-04T16:30:38.578210+00:00,0.3933,,,,
native,uob,MXN,SGD,MXN/SGD,100,Indicative board,board,,,forex_sgd,04 September 2026 05:10:51 PM,04 September 2026 05:10:51 PM,2026-09-04T16:30:38.578210+00:00,7.5798,,,,
native,uob,MYR,SGD,MYR/SGD,100,Indicative board,board,,,forex_sgd,04 September 2026 05:10:51 PM,04 September 2026 05:10:51 PM,2026-09-04T16:30:38.578210+00:00,31.8471,,,,
native,uob,NOK,SGD,NOK/SGD,100,Indicative board,board,,,forex_sgd,04 September 2026 05:10:51 PM,04 September 2026 05:10:51 PM,2026-09-04T16:30:38.578210+00:00,13.84,13.4,13.620000000000001,1.6152716593245142,1.6152716593245273
native,uob,NZD,SGD,NZD/SGD,1,Indicative board,board,,,forex_sgd,04 September 2026 05:10:51 PM,04 September 2026 05:10:51 PM,2026-09-04T16:30:38.578210+00:00,0.7555,0.7355,0.7455,1.3413816230717501,1.341381623071765
native,uob,PHP,SGD,PHP/SGD,100,Indicative board,board,,,forex_sgd,04 September 2026 05:10:51 PM,04 September 2026 05:10:51 PM,2026-09-04T16:30:38.578210+00:00,2.0715,,,,
native,uob,PKR,SGD,PKR/SGD,100,Indicative board,board,,,forex_sgd,04 September 2026 05:10:51 PM,04 September 2026 05:10:51 PM,2026-09-04T16:30:38.578210+00:00,0.4642,,,,
native,uob,SAR,SGD,SAR/SGD,100,Indicative board,board,,,forex_sgd,04 September 2026 05:10:51 PM,04 September 2026 05:10:51 PM,2026-09-04T16:30:38.578210+00:00,,,,,
native,uob,SEK,SGD,SEK/SGD,100,Indicative board,board,,,forex_sgd,04 September 2026 05:10:51 PM,04 September 2026 05:10:51 PM,2026-09-04T16:30:38.578210+00:00,13.52,13.04,13.28,1.8072289156626522,1.8072289156626522
native,uob,THB,SGD,THB/SGD,100,Indicative board,board,,,forex_sgd,04 September 2026 05:10:51 PM,04 September 2026 05:10:51 PM,2026-09-04T16:30:38.578210+00:00,3.95,3.75,3.85,2.5974025974025996,2.5974025974025996
native,uob,TWD,SGD,TWD/SGD,100,Indicative board,board,,,forex_sgd,04 September 2026 05:10:51 PM,04 September 2026 05:10:51 PM,2026-09-04T16:30:38.578210+00:00,4.0951,,,,
native,uob,USD,SGD,USD/SGD,1,Indicative board,board,,,forex_sgd,04 September 2026 05:10:51 PM,04 September 2026 05:10:51 PM,2026-09-04T16:30:38.578210+00:00,1.2795,1.2555,1.2675,0.9467455621301782,0.9467455621301782
native,uob,VND,SGD,VND/SGD,1000,Indicative board,board,,,forex_sgd,04 September 2026 05:10:51 PM,04 September 2026 05:10:51 PM,2026-09-04T16:30:38.578210+00:00,0.0497,,,,
native,uob,XAF,SGD,XAF/SGD,100,Indicative board,board,,,forex_sgd,04 September 2026 05:10:51 PM,04 September 2026 05:10:51 PM,2026-09-04T16:30:38.578210+00:00,0.2313,,,,
native,uob,XOF,SGD,XOF/SGD,100,Indicative board,board,,,forex_sgd,04 September 2026 05:10:51 PM,04 September 2026 05:10:51 PM,2026-09-04T16:30:38.578210+00:00,0.2316,,,,
native,uob,ZAR,SGD,ZAR/SGD,1,Indicative board,board,,,forex_sgd,04 September 2026 05:10:51 PM,04 September 2026 05:10:51 PM,2026-09-04T16:30:38.578210+00:00,0.0814,0.0774,0.0794,2.5188916876574328,2.5188916876574328
standardized,dbs,AED,SGD,AED/SGD,1,SGD 50 – 200,amtBtw50And200,"SGD 200 – 39,999.99",std_200_40k,mainCurrencies,2026-09-05 00:15:00,2026-09-04 16:15:15,2026-09-04T16:30:35.531769+00:00,0.3473,0.3425,0.3449,0.6958538706871595,0.6958538706871434
standardized,dbs,AED,SGD,AED/SGD,1,SGD 50 – 200,amtBtw50And200,"SGD 40,000 – 100,000",std_40k_100k,mainCurrencies,2026-09-05 00:15:00,2026-09-04 16:15:15,2026-09-04T16:30:35.531769+00:00,0.3473,0.3425,0.3449,0.6958538706871595,0.6958538706871434
standardized,dbs,AED,SGD,AED/SGD,1,SGD 50 – 200,amtBtw50And200,SGD 50 – 200,std_50_200,mainCurrencies,2026-09-05 00:15:00,2026-09-04 16:15:15,2026-09-04T16:30:35.531769+00:00,0.3473,0.3425,0.3449,0.6958538706871595,0.6958538706871434
standardized,dbs,AED,SGD,AED/SGD,1,SGD < 50,amtLessThan50,SGD < 50,std_lt_50,mainCurrencies,2026-09-05 00:15:00,2026-09-04 16:15:15,2026-09-04T16:30:35.531769+00:00,0.35,0.3397,0.34485,1.493402928809624,1.493402928809624
standardized,dbs,AUD,SGD,AUD/SGD,1,SGD 50 – 200,amtBtw50And200,"SGD 200 – 39,999.99",std_200_40k,mainCurrencies,2026-09-05 00:15:00,2026-09-04 16:15:15,2026-09-04T16:30:35.531769+00:00,0.9236,0.9033,0.91345,1.1111719305928067,1.1111719305928067
standardized,dbs,AUD,SGD,AUD/SGD,1,SGD 50 – 200,amtBtw50And200,"SGD 40,000 – 100,000",std_40k_100k,mainCurrencies,2026-09-05 00:15:00,2026-09-04 16:15:15,2026-09-04T16:30:35.531769+00:00,0.9236,0.9033,0.91345,1.1111719305928067,1.1111719305928067
standardized,dbs,AUD,SGD,AUD/SGD,1,SGD 50 – 200,amtBtw50And200,SGD 50 – 200,std_50_200,mainCurrencies,2026-09-05 00:15:00,2026-09-04 16:15:15,2026-09-04T16:30:35.531769+00:00,0.9236,0.9033,0.91345,1.1111719305928067,1.1111719305928067
standardized,dbs,AUD,SGD,AUD/SGD,1,SGD < 50,amtLessThan50,SGD < 50,std_lt_50,mainCurrencies,2026-09-05 00:15:00,2026-09-04 16:15:15,2026-09-04T16:30:35.531769+00:00,0.9241,0.9029,0.9135,1.1603721948549595,1.1603721948549472
standardized,dbs,BDT,SGD,BDT/SGD,100,SGD 50 – 200,amtBtw50And200,"SGD 200 – 39,999.99",std_200_40k,otherCurrencies,2026-09-05 00:15:00,2026-09-04 16:15:15,2026-09-04T16:30:35.531769+00:00,1.041,,,,
standardized,dbs,BDT,SGD,BDT/SGD,100,SGD 50 – 200,amtBtw50And200,"SGD 40,000 – 100,000",std_40k_100k,otherCurrencies,2026-09-05 00:15:00,2026-09-04 16:15:15,2026-09-04T16:30:35.531769+00:00,1.041,,,,
standardized,dbs,BDT,SGD,BDT/SGD,100,SGD 50 – 200,amtBtw50And200,SGD 50 – 200,std_50_200,otherCurrencies,2026-09-05 00:15:00,2026-09-04 16:15:15,2026-09-04T16:30:35.531769+00:00,1.041,,,,
standardized,dbs,BDT,SGD,BDT/SGD,100,SGD < 50,amtLessThan50,SGD < 50,std_lt_50,otherCurrencies,2026-09-05 00:15:00,2026-09-04 16:15:15,2026-09-04T16:30:35.531769+00:00,1.041,,,,
standardized,dbs,BHD,SGD,BHD/SGD,1,SGD 50 – 200,amtBtw50And200,"SGD 200 – 39,999.99",std_200_40k,otherCurrencies,2026-09-05 00:15:00,2026-09-04 16:15:15,2026-09-04T16:30:35.531769+00:00,3.4228,,,,
standardized,dbs,BHD,SGD,BHD/SGD,1,SGD 50 – 200,amtBtw50And200,"SGD 40,000 – 100,000",std_40k_100k,otherCurrencies,2026-09-05 00:15:00,2026-09-04 16:15:15,2026-09-04T16:30:35.531769+00:00,3.4228,,,,
standardized,dbs,BHD,SGD,BHD/SGD,1,SGD 50 – 200,amtBtw50And200,SGD 50 – 200,std_50_200,otherCurrencies,2026-09-05 00:15:00,2026-09-04 16:15:15,2026-09-04T16:30:35.531769+00:00,3.4228,,,,
standardized,dbs,BHD,SGD,BHD/SGD,1,SGD < 50,amtLessThan50,SGD < 50,std_lt_50,otherCurrencies,2026-09-05 00:15:00,2026-09-04 16:15:15,2026-09-04T16:30:35.531769+00:00,3.4363,,,,
standardized,dbs,BND,SGD,BND/SGD,1,SGD 50 – 200,amtBtw50And200,"SGD 200 – 39,999.99",std_200_40k,otherCurrencies,2026-09-05 00:15:00,2026-09-04 16:15:15,2026-09-04T16:30:35.531769+00:00,1.0,1.0,1.0,0.0,0.0
standardized,dbs,BND,SGD,BND/SGD,1,SGD 50 – 200,amtBtw50And200,"SGD 40,000 – 100,000",std_40k_100k,otherCurrencies,2026-09-05 00:15:00,2026-09-04 16:15:15,2026-09-04T16:30:35.531769+00:00,1.0,1.0,1.0,0.0,0.0
standardized,dbs,BND,SGD,BND/SGD,1,SGD 50 – 200,amtBtw50And200,SGD 50 – 200,std_50_200,otherCurrencies,2026-09-05 00:15:00,2026-09-04 16:15:15,2026-09-04T16:30:35.531769+00:00,1.0,1.0,1.0,0.0,0.0
standardized,dbs,BND,SGD,BND/SGD,1,SGD < 50,amtLessThan50,SGD < 50,std_lt_50,otherCurrencies,2026-09-05 00:15:00,2026-09-04 16:15:15,2026-09-04T16:30:35.531769+00:00,1.0,1.0,1.0,0.0,0.0
standardized,dbs,CAD,SGD,CAD/SGD,1,SGD 50 – 200,amtBtw50And200,"SGD 200 – 39,999.99",std_200_40k,mainCurrencies,2026-09-05 00:15:00,2026-09-04 16:15:15,2026-09-04T16:30:35.531769+00:00,0.9224,0.9085,0.91545,0.7591894696597314,0.7591894696597314
standardized,dbs,CAD,SGD,CAD/SGD,1,SGD 50 – 200,amtBtw50And200,"SGD 40,000 – 100,000",std_40k_100k,mainCurrencies,2026-09-05 00:15:00,2026-09-04 16:15:15,2026-09-04T16:30:35.531769+00:00,0.9224,0.9085,0.91545,0.7591894696597314,0.7591894696597314
standardized,dbs,CAD,SGD,CAD/SGD,1,SGD 50 – 200,amtBtw50And200,SGD 50 – 200,std_50_200,mainCurrencies,2026-09-05 00:15:00,2026-09-04 16:15:15,2026-09-04T16:30:35.531769+00:00,0.9224,0.9085,0.91545,0.7591894696597314,0.7591894696597314
standardized,dbs,CAD,SGD,CAD/SGD,1,SGD < 50,amtLessThan50,SGD < 50,std_lt_50,mainCurrencies,2026-09-05 00:15:00,2026-09-04 16:15:15,2026-09-04T16:30:35.531769+00:00,0.9256,0.9053,0.91545,1.1087443333879505,1.1087443333879505
standardized,dbs,CHF,SGD,CHF/SGD,1,SGD 50 – 200,amtBtw50And200,"SGD 200 – 39,999.99",std_200_40k,mainCurrencies,2026-09-05 00:15:00,2026-09-04 16:15:15,2026-09-04T16:30:35.531769+00:00,1.5796,1.5496,1.5646,0.958711491755075,0.958711491755075
standardized,dbs,CHF,SGD,CHF/SGD,1,SGD 50 – 200,amtBtw50And200,"SGD 40,000 – 100,000",std_40k_100k,mainCurrencies,2026-09-05 00:15:00,2026-09-04 16:15:15,2026-09-04T16:30:35.531769+00:00,1.5796,1.5496,1.5646,0.958711491755075,0.958711491755075
standardized,dbs,CHF,SGD,CHF/SGD,1,SGD 50 – 200,amtBtw50And200,SGD 50 – 200,std_50_200,mainCurrencies,2026-09-05 00:15:00,2026-09-04 16:15:15,2026-09-04T16:30:35.531769+00:00,1.5796,1.5496,1.5646,0.958711491755075,0.958711491755075
standardized,dbs,CHF,SGD,CHF/SGD,1,SGD < 50,amtLessThan50,SGD < 50,std_lt_50,mainCurrencies,2026-09-05 00:15:00,2026-09-04 16:15:15,2026-09-04T16:30:35.531769+00:00,1.5803,1.5488,1.56455,1.0066792368412596,1.006679236841274
standardized,dbs,CNH,SGD,CNH/SGD,1,SGD 50 – 200,amtBtw50And200,"SGD 200 – 39,999.99",std_200_40k,mainCurrencies,2026-09-05 00:15:00,2026-09-04 16:15:15,2026-09-04T16:30:35.531769+00:00,0.191,0.1866,0.1888,1.1652542372881396,1.1652542372881396
standardized,dbs,CNH,SGD,CNH/SGD,1,SGD 50 – 200,amtBtw50And200,"SGD 40,000 – 100,000",std_40k_100k,mainCurrencies,2026-09-05 00:15:00,2026-09-04 16:15:15,2026-09-04T16:30:35.531769+00:00,0.191,0.1866,0.1888,1.1652542372881396,1.1652542372881396
standardized,dbs,CNH,SGD,CNH/SGD,1,SGD 50 – 200,amtBtw50And200,SGD 50 – 200,std_50_200,mainCurrencies,2026-09-05 00:15:00,2026-09-04 16:15:15,2026-09-04T16:30:35.531769+00:00,0.191,0.1866,0.1888,1.1652542372881396,1.1652542372881396
standardized,dbs,CNH,SGD,CNH/SGD,1,SGD < 50,amtLessThan50,SGD < 50,std_lt_50,mainCurrencies,2026-09-05 00:15:00,2026-09-04 16:15:15,2026-09-04T16:30:35.531769+00:00,0.1916,0.1859,0.18875,1.5099337748344326,1.5099337748344326
standardized,dbs,CNY,SGD,CNY/SGD,1,SGD 50 – 200,amtBtw50And200,"SGD 200 – 39,999.99",std_200_40k,otherCurrencies,2026-09-05 00:15:00,2026-09-04 16:15:15,2026-09-04T16:30:35.531769+00:00,0.1887,,,,
standardized,dbs,CNY,SGD,CNY/SGD,1,SGD 50 – 200,amtBtw50And200,"SGD 40,000 – 100,000",std_40k_100k,otherCurrencies,2026-09-05 00:15:00,2026-09-04 16:15:15,2026-09-04T16:30:35.531769+00:00,0.1887,,,,
standardized,dbs,CNY,SGD,CNY/SGD,1,SGD 50 – 200,amtBtw50And200,SGD 50 – 200,std_50_200,otherCurrencies,2026-09-05 00:15:00,2026-09-04 16:15:15,2026-09-04T16:30:35.531769+00:00,0.1887,,,,
standardized,dbs,CNY,SGD,CNY/SGD,1,SGD < 50,amtLessThan50,SGD < 50,std_lt_50,otherCurrencies,2026-09-05 00:15:00,2026-09-04 16:15:15,2026-09-04T16:30:35.531769+00:00,0.1904,,,,
standardized,dbs,DKK,SGD,DKK/SGD,1,SGD 50 – 200,amtBtw50And200,"SGD 200 – 39,999.99",std_200_40k,mainCurrencies,2026-09-05 00:15:00,2026-09-04 16:15:15,2026-09-04T16:30:35.531769+00:00,0.1996,0.1942,0.19690000000000002,1.371254443880132,1.371254443880146
standardized,dbs,DKK,SGD,DKK/SGD,1,SGD 50 – 200,amtBtw50And200,"SGD 40,000 – 100,000",std_40k_100k,mainCurrencies,2026-09-05 00:15:00,2026-09-04 16:15:15,2026-09-04T16:30:35.531769+00:00,0.1996,0.1942,0.19690000000000002,1.371254443880132,1.371254443880146
standardized,dbs,DKK,SGD,DKK/SGD,1,SGD 50 – 200,amtBtw50And200,SGD 50 – 200,std_50_200,mainCurrencies,2026-09-05 00:15:00,2026-09-04 16:15:15,2026-09-04T16:30:35.531769+00:00,0.1996,0.1942,0.19690000000000002,1.371254443880132,1.371254443880146
standardized,dbs,DKK,SGD,DKK/SGD,1,SGD < 50,amtLessThan50,SGD < 50,std_lt_50,mainCurrencies,2026-09-05 00:15:00,2026-09-04 16:15:15,2026-09-04T16:30:35.531769+00:00,0.2,0.1938,0.19690000000000002,1.5744032503808996,1.5744032503809138
standardized,dbs,EUR,SGD,EUR/SGD,1,SGD 50 – 200,amtBtw50And200,"SGD 200 – 39,999.99",std_200_40k,mainCurrencies,2026-09-05 00:15:00,2026-09-04 16:15:15,2026-09-04T16:30:35.531769+00:00,1.4846,1.4594,1.472,0.8559782608695615,0.8559782608695615
standardized,dbs,EUR,SGD,EUR/SGD,1,SGD 50 – 200,amtBtw50And200,"SGD 40,000 – 100,000",std_40k_100k,mainCurrencies,2026-09-05 00:15:00,2026-09-04 16:15:15,2026-09-04T16:30:35.531769+00:00,1.4846,1.4594,1.472,0.8559782608695615,0.8559782608695615
standardized,dbs,EUR,SGD,EUR/SGD,1,SGD 50 – 200,amtBtw50And200,SGD 50 – 200,std_50_200,mainCurrencies,2026-09-05 00:15:00,2026-09-04 16:15:15,2026-09-04T16:30:35.531769+00:00,1.4846,1.4594,1.472,0.8559782608695615,0.8559782608695615
standardized,dbs,EUR,SGD,EUR/SGD,1,SGD < 50,amtLessThan50,SGD < 50,std_lt_50,mainCurrencies,2026-09-05 00:15:00,2026-09-04 16:15:15,2026-09-04T16:30:35.531769+00:00,1.4853,1.4586,1.47195,0.9069601548965639,0.906960154896579
standardized,dbs,GBP,SGD,GBP/SGD,1,SGD 50 – 200,amtBtw50And200,"SGD 200 – 39,999.99",std_200_40k,mainCurrencies,2026-09-05 00:15:00,2026-09-04 16:15:15,2026-09-04T16:30:35.531769+00:00,1.7262,1.7002,1.7132,0.758813915479798,0.758813915479811
standardized,dbs,GBP,SGD,GBP/SGD,1,SGD 50 – 200,amtBtw50And200,"SGD 40,000 – 100,000",std_40k_100k,mainCurrencies,2026-09-05 00:15:00,2026-09-04 16:15:15,2026-09-04T16:30:35.531769+00:00,1.7262,1.7002,1.7132,0.758813915479798,0.758813915479811
standardized,dbs,GBP,SGD,GBP/SGD,1,SGD 50 – 200,amtBtw50And200,SGD 50 – 200,std_50_200,mainCurrencies,2026-09-05 00:15:00,2026-09-04 16:15:15,2026-09-04T16:30:35.531769+00:00,1.7262,1.7002,1.7132,0.758813915479798,0.758813915479811
standardized,dbs,GBP,SGD,GBP/SGD,1,SGD < 50,amtLessThan50,SGD < 50,std_lt_50,mainCurrencies,2026-09-05 00:15:00,2026-09-04 16:15:15,2026-09-04T16:30:35.531769+00:00,1.7279,1.6985,1.7132,0.8580434275040821,0.8580434275040951
standardized,dbs,HKD,SGD,HKD/SGD,1,SGD 50 – 200,amtBtw50And200,"SGD 200 – 39,999.99",std_200_40k,mainCurrencies,2026-09-05 00:15:00,2026-09-04 16:15:15,2026-09-04T16:30:35.531769+00:00,0.1631,0.1599,0.16149999999999998,0.9907120743034169,0.9907120743033997
standardized,dbs,HKD,SGD,HKD/SGD,1,SGD 50 – 200,amtBtw50And200,"SGD 40,000 – 100,000",std_40k_100k,mainCurrencies,2026-09-05 00:15:00,2026-09-04 16:15:15,2026-09-04T16:30:35.531769+00:00,0.1631,0.1599,0.16149999999999998,0.9907120743034169,0.9907120743033997
standardized,dbs,HKD,SGD,HKD/SGD,1,SGD 50 – 200,amtBtw50And200,SGD 50 – 200,std_50_200,mainCurrencies,2026-09-05 00:15:00,2026-09-04 16:15:15,2026-09-04T16:30:35.531769+00:00,0.1631,0.1599,0.16149999999999998,0.9907120743034169,0.9907120743033997
standardized,dbs,HKD,SGD,HKD/SGD,1,SGD < 50,amtLessThan50,SGD < 50,std_lt_50,mainCurrencies,2026-09-05 00:15:00,2026-09-04 16:15:15,2026-09-04T16:30:35.531769+00:00,0.1633,0.1597,0.1615,1.1145510835913288,1.1145510835913288
standardized,dbs,HUF,SGD,HUF/SGD,100,SGD 50 – 200,amtBtw50And200,"SGD 200 – 39,999.99",std_200_40k,otherCurrencies,2026-09-05 00:15:00,2026-09-04 16:15:15,2026-09-04T16:30:35.531769+00:00,0.4154,,,,
standardized,dbs,HUF,SGD,HUF/SGD,100,SGD 50 – 200,amtBtw50And200,"SGD 40,000 – 100,000",std_40k_100k,otherCurrencies,2026-09-05 00:15:00,2026-09-04 16:15:15,2026-09-04T16:30:35.531769+00:00,0.4154,,,,
standardized,dbs,HUF,SGD,HUF/SGD,100,SGD 50 – 200,amtBtw50And200,SGD 50 – 200,std_50_200,otherCurrencies,2026-09-05 00:15:00,2026-09-04 16:15:15,2026-09-04T16:30:35.531769+00:00,0.4154,,,,
standardized,dbs,HUF,SGD,HUF/SGD,100,SGD < 50,amtLessThan50,SGD < 50,std_lt_50,otherCurrencies,2026-09-05 00:15:00,2026-09-04 16:15:15,2026-09-04T16:30:35.531769+00:00,0.417,,,,
standardized,dbs,ID0,SGD,ID0/SGD,100,SGD 50 – 200,amtBtw50And200,"SGD 200 – 39,999.99",std_200_40k,otherCurrencies,2026-09-05 00:15:00,2026-09-04 16:15:15,2026-09-04T16:30:35.531769+00:00,,,,,
standardized,dbs,ID0,SGD,ID0/SGD,100,SGD 50 – 200,amtBtw50And200,"SGD 40,000 – 100,000",std_40k_100k,otherCurrencies,2026-09-05 00:15:00,2026-09-04 16:15:15,2026-09-04T16:30:35.531769+00:00,,,,,
standardized,dbs,ID0,SGD,ID0/SGD,100,SGD 50 – 200,amtBtw50And200,SGD 50 – 200,std_50_200,otherCurrencies,2026-09-05 00:15:00,2026-09-04 16:15:15,2026-09-04T16:30:35.531769+00:00,,,,,
standardized,dbs,ID0,SGD,ID0/SGD,100,SGD < 50,amtLessThan50,SGD < 50,std_lt_50,otherCurrencies,2026-09-05 00:15:00,2026-09-04 16:15:15,2026-09-04T16:30:35.531769+00:00,,0.0071,,,
standardized,dbs,IDR,SGD,IDR/SGD,100,SGD 50 – 200,amtBtw50And200,"SGD 200 – 39,999.99",std_200_40k,mainCurrencies,2026-09-05 00:15:00,2026-09-04 16:15:15,2026-09-04T16:30:35.531769+00:00,0.0073,,,,
standardized,dbs,IDR,SGD,IDR/SGD,100,SGD 50 – 200,amtBtw50And200,"SGD 40,000 – 100,000",std_40k_100k,mainCurrencies,2026-09-05 00:15:00,2026-09-04 16:15:15,2026-09-04T16:30:35.531769+00:00,0.0073,,,,
standardized,dbs,IDR,SGD,IDR/SGD,100,SGD 50 – 200,amtBtw50And200,SGD 50 – 200,std_50_200,mainCurrencies,2026-09-05 00:15:00,2026-09-04 16:15:15,2026-09-04T16:30:35.531769+00:00,0.0073,,,,
standardized,dbs,IDR,SGD,IDR/SGD,100,SGD < 50,amtLessThan50,SGD < 50,std_lt_50,mainCurrencies,2026-09-05 00:15:00,2026-09-04 16:15:15,2026-09-04T16:30:35.531769+00:00,0.0073,,,,
standardized,dbs,IN0,SGD,IN0/SGD,100,SGD 50 – 200,amtBtw50And200,"SGD 200 – 39,999.99",std_200_40k,otherCurrencies,2026-09-05 00:15:00,2026-09-04 16:15:15,2026-09-04T16:30:35.531769+00:00,,1.3388,,,
standardized,dbs,IN0,SGD,IN0/SGD,100,SGD 50 – 200,amtBtw50And200,"SGD 40,000 – 100,000",std_40k_100k,otherCurrencies,2026-09-05 00:15:00,2026-09-04 16:15:15,2026-09-04T16:30:35.531769+00:00,,1.3388,,,
standardized,dbs,IN0,SGD,IN0/SGD,100,SGD 50 – 200,amtBtw50And200,SGD 50 – 200,std_50_200,otherCurrencies,2026-09-05 00:15:00,2026-09-04 16:15:15,2026-09-04T16:30:35.531769+00:00,,1.3388,,,
standardized,dbs,IN0,SGD,IN0/SGD,100,SGD < 50,amtLessThan50,SGD < 50,std_lt_50,otherCurrencies,2026-09-05 00:15:00,2026-09-04 16:15:15,2026-09-04T16:30:35.531769+00:00,,1.3388,,,
standardized,dbs,INR,SGD,INR/SGD,100,SGD 50 – 200,amtBtw50And200,"SGD 200 – 39,999.99",std_200_40k,otherCurrencies,2026-09-05 00:15:00,2026-09-04 16:15:15,2026-09-04T16:30:35.531769+00:00,1.3554,,,,
standardized,dbs,INR,SGD,INR/SGD,100,SGD 50 – 200,amtBtw50And200,"SGD 40,000 – 100,000",std_40k_100k,otherCurrencies,2026-09-05 00:15:00,2026-09-04 16:15:15,2026-09-04T16:30:35.531769+00:00,1.3554,,,,
standardized,dbs,INR,SGD,INR/SGD,100,SGD 50 – 200,amtBtw50And200,SGD 50 – 200,std_50_200,otherCurrencies,2026-09-05 00:15:00,2026-09-04 16:15:15,2026-09-04T16:30:35.531769+00:00,1.3554,,,,
standardized,dbs,INR,SGD,INR/SGD,100,SGD < 50,amtLessThan50,SGD < 50,std_lt_50,otherCurrencies,2026-09-05 00:15:00,2026-09-04 16:15:15,2026-09-04T16:30:35.531769+00:00,1.3662,,,,
standardized,dbs,JPY,SGD,JPY/SGD,100,SGD 50 – 200,amtBtw50And200,"SGD 200 – 39,999.99",std_200_40k,mainCurrencies,2026-09-05 00:15:00,2026-09-04 16:15:15,2026-09-04T16:30:35.531769+00:00,0.8196,0.8032,0.8114,1.0105989647522782,1.0105989647522782
standardized,dbs,JPY,SGD,JPY/SGD,100,SGD 50 – 200,amtBtw50And200,"SGD 40,000 – 100,000",std_40k_100k,mainCurrencies,2026-09-05 00:15:00,2026-09-04 16:15:15,2026-09-04T16:30:35.531769+00:00,0.8196,0.8032,0.8114,1.0105989647522782,1.0105989647522782
standardized,dbs,JPY,SGD,JPY/SGD,100,SGD 50 – 200,amtBtw50And200,SGD 50 – 200,std_50_200,mainCurrencies,2026-09-05 00:15:00,2026-09-04 16:15:15,2026-09-04T16:30:35.531769+00:00,0.8196,0.8032,0.8114,1.0105989647522782,1.0105989647522782
standardized,dbs,JPY,SGD,JPY/SGD,100,SGD < 50,amtLessThan50,SGD < 50,std_lt_50,mainCurrencies,2026-09-05 00:15:00,2026-09-04 16:15:15,2026-09-04T16:30:35.531769+00:00,0.8204,0.8024,0.8114,1.109193985703723,1.109193985703723
standardized,dbs,KRW,SGD,KRW/SGD,100,SGD 50 – 200,amtBtw50And200,"SGD 200 – 39,999.99",std_200_40k,otherCurrencies,2026-09-05 00:15:00,2026-09-04 16:15:15,2026-09-04T16:30:35.531769+00:00,0.0953,,,,
standardized,dbs,KRW,SGD,KRW/SGD,100,SGD 50 – 200,amtBtw50And200,"SGD 40,000 – 100,000",std_40k_100k,otherCurrencies,2026-09-05 00:15:00,2026-09-04 16:15:15,2026-09-04T16:30:35.531769+00:00,0.0953,,,,
standardized,dbs,KRW,SGD,KRW/SGD,100,SGD 50 – 200,amtBtw50And200,SGD 50 – 200,std_50_200,otherCurrencies,2026-09-05 00:15:00,2026-09-04 16:15:15,2026-09-04T16:30:35.531769+00:00,0.0953,,,,
standardized,dbs,KRW,SGD,KRW/SGD,100,SGD < 50,amtLessThan50,SGD < 50,std_lt_50,otherCurrencies,2026-09-05 00:15:00,2026-09-04 16:15:15,2026-09-04T16:30:35.531769+00:00,0.0953,,,,
standardized,dbs,KWD,SGD,KWD/SGD,100,SGD 50 – 200,amtBtw50And200,"SGD 200 – 39,999.99",std_200_40k,otherCurrencies,2026-09-05 00:15:00,2026-09-04 16:15:15,2026-09-04T16:30:35.531769+00:00,420.3468,,,,
standardized,dbs,KWD,SGD,KWD/SGD,100,SGD 50 – 200,amtBtw50And200,"SGD 40,000 – 100,000",std_40k_100k,otherCurrencies,2026-09-05 00:15:00,2026-09-04 16:15:15,2026-09-04T16:30:35.531769+00:00,420.3468,,,,
standardized,dbs,KWD,SGD,KWD/SGD,100,SGD 50 – 200,amtBtw50And200,SGD 50 – 200,std_50_200,otherCurrencies,2026-09-05 00:15:00,2026-09-04 16:15:15,2026-09-04T16:30:35.531769+00:00,420.3468,,,,
standardized,dbs,KWD,SGD,KWD/SGD,100,SGD < 50,amtLessThan50,SGD < 50,std_lt_50,otherCurrencies,2026-09-05 00:15:00,2026-09-04 16:15:15,2026-09-04T16:30:35.531769+00:00,422.0044,,,,
standardized,dbs,LKR,SGD,LKR/SGD,100,SGD 50 – 200,amtBtw50And200,"SGD 200 – 39,999.99",std_200_40k,otherCurrencies,2026-09-05 00:15:00,2026-09-04 16:15:15,2026-09-04T16:30:35.531769+00:00,0.3935,,,,
standardized,dbs,LKR,SGD,LKR/SGD,100,SGD 50 – 200,amtBtw50And200,"SGD 40,000 – 100,000",std_40k_100k,otherCurrencies,2026-09-05 00:15:00,2026-09-04 16:15:15,2026-09-04T16:30:35.531769+00:00,0.3935,,,,
standardized,dbs,LKR,SGD,LKR/SGD,100,SGD 50 – 200,amtBtw50And200,SGD 50 – 200,std_50_200,otherCurrencies,2026-09-05 00:15:00,2026-09-04 16:15:15,2026-09-04T16:30:35.531769+00:00,0.3935,,,,
standardized,dbs,LKR,SGD,LKR/SGD,100,SGD < 50,amtLessThan50,SGD < 50,std_lt_50,otherCurrencies,2026-09-05 00:15:00,2026-09-04 16:15:15,2026-09-04T16:30:35.531769+00:00,0.3935,,,,
standardized,dbs,MM1,SGD,MM1/SGD,100,SGD 50 – 200,amtBtw50And200,"SGD 200 – 39,999.99",std_200_40k,otherCurrencies,2026-09-05 00:15:00,2026-09-04 16:15:15,2026-09-04T16:30:35.531769+00:00,,,,,
standardized,dbs,MM1,SGD,MM1/SGD,100,SGD 50 – 200,amtBtw50And200,"SGD 40,000 – 100,000",std_40k_100k,otherCurrencies,2026-09-05 00:15:00,2026-09-04 16:15:15,2026-09-04T16:30:35.531769+00:00,,,,,
standardized,dbs,MM1,SGD,MM1/SGD,100,SGD 50 – 200,amtBtw50And200,SGD 50 – 200,std_50_200,otherCurrencies,2026-09-05 00:15:00,2026-09-04 16:15:15,2026-09-04T16:30:35.531769+00:00,,,,,
standardized,dbs,MM1,SGD,MM1/SGD,100,SGD < 50,amtLessThan50,SGD < 50,std_lt_50,otherCurrencies,2026-09-05 00:15:00,2026-09-04 16:15:15,2026-09-04T16:30:35.531769+00:00,,,,,
standardized,dbs,MMK,SGD,MMK/SGD,100,SGD 50 – 200,amtBtw50And200,"SGD 200 – 39,999.99",std_200_40k,otherCurrencies,2026-09-05 00:15:00,2026-09-04 16:15:15,2026-09-04T16:30:35.531769+00:00,0.0322,,,,
standardized,dbs,MMK,SGD,MMK/SGD,100,SGD 50 – 200,amtBtw50And200,"SGD 40,000 – 100,000",std_40k_100k,otherCurrencies,2026-09-05 00:15:00,2026-09-04 16:15:15,2026-09-04T16:30:35.531769+00:00,0.0322,,,,
standardized,dbs,MMK,SGD,MMK/SGD,100,SGD 50 – 200,amtBtw50And200,SGD 50 – 200,std_50_200,otherCurrencies,2026-09-05 00:15:00,2026-09-04 16:15:15,2026-09-04T16:30:35.531769+00:00,0.0322,,,,
standardized,dbs,MMK,SGD,MMK/SGD,100,SGD < 50,amtLessThan50,SGD < 50,std_lt_50,otherCurrencies,2026-09-05 00:15:00,2026-09-04 16:15:15,2026-09-04T16:30:35.531769+00:00,0.0322,,,,
standardized,dbs,MUR,SGD,MUR/SGD,100,SGD 50 – 200,amtBtw50And200,"SGD 200 – 39,999.99",std_200_40k,otherCurrencies,2026-09-05 00:15:00,2026-09-04 16:15:15,2026-09-04T16:30:35.531769+00:00,2.6987,,,,
standardized,dbs,MUR,SGD,MUR/SGD,100,SGD 50 – 200,amtBtw50And200,"SGD 40,000 – 100,000",std_40k_100k,otherCurrencies,2026-09-05 00:15:00,2026-09-04 16:15:15,2026-09-04T16:30:35.531769+00:00,2.6987,,,,
standardized,dbs,MUR,SGD,MUR/SGD,100,SGD 50 – 200,amtBtw50And200,SGD 50 – 200,std_50_200,otherCurrencies,2026-09-05 00:15:00,2026-09-04 16:15:15,2026-09-04T16:30:35.531769+00:00,2.6987,,,,
standardized,dbs,MUR,SGD,MUR/SGD,100,SGD < 50,amtLessThan50,SGD < 50,std_lt_50,otherCurrencies,2026-09-05 00:15:00,2026-09-04 16:15:15,2026-09-04T16:30:35.531769+00:00,2.7093,,,,
standardized,dbs,MXN,SGD,MXN/SGD,100,SGD 50 – 200,amtBtw50And200,"SGD 200 – 39,999.99",std_200_40k,mainCurrencies,2026-09-05 00:15:00,2026-09-04 16:15:15,2026-09-04T16:30:35.531769+00:00,7.6249,,,,
standardized,dbs,MXN,SGD,MXN/SGD,100,SGD 50 – 200,amtBtw50And200,"SGD 40,000 – 100,000",std_40k_100k,mainCurrencies,2026-09-05 00:15:00,2026-09-04 16:15:15,2026-09-04T16:30:35.531769+00:00,7.6249,,,,
standardized,dbs,MXN,SGD,MXN/SGD,100,SGD 50 – 200,amtBtw50And200,SGD 50 – 200,std_50_200,mainCurrencies,2026-09-05 00:15:00,2026-09-04 16:15:15,2026-09-04T16:30:35.531769+00:00,7.6249,,,,
standardized,dbs,MXN,SGD,MXN/SGD,100,SGD < 50,amtLessThan50,SGD < 50,std_lt_50,mainCurrencies,2026-09-05 00:15:00,2026-09-04 16:15:15,2026-09-04T16:30:35.531769+00:00,7.6248,,,,
standardized,dbs,MY0,SGD,MY0/SGD,1,SGD 50 – 200,amtBtw50And200,"SGD 200 – 39,999.99",std_200_40k,otherCurrencies,2026-09-05 00:15:00,2026-09-04 16:15:15,2026-09-04T16:30:35.531769+00:00,,0.3124,,,
standardized,dbs,MY0,SGD,MY0/SGD,1,SGD 50 – 200,amtBtw50And200,"SGD 40,000 – 100,000",std_40k_100k,otherCurrencies,2026-09-05 00:15:00,2026-09-04 16:15:15,2026-09-04T16:30:35.531769+00:00,,0.3124,,,
standardized,dbs,MY0,SGD,MY0/SGD,1,SGD 50 – 200,amtBtw50And200,SGD 50 – 200,std_50_200,otherCurrencies,2026-09-05 00:15:00,2026-09-04 16:15:15,2026-09-04T16:30:35.531769+00:00,,0.3124,,,
standardized,dbs,MY0,SGD,MY0/SGD,1,SGD < 50,amtLessThan50,SGD < 50,std_lt_50,otherCurrencies,2026-09-05 00:15:00,2026-09-04 16:15:15,2026-09-04T16:30:35.531769+00:00,,0.3124,,,
standardized,dbs,MYR,SGD,MYR/SGD,1,SGD 50 – 200,amtBtw50And200,"SGD 200 – 39,999.99",std_200_40k,otherCurrencies,2026-09-05 00:15:00,2026-09-04 16:15:15,2026-09-04T16:30:35.531769+00:00,0.3162,,,,
standardized,dbs,MYR,SGD,MYR/SGD,1,SGD 50 – 200,amtBtw50And200,"SGD 40,000 – 100,000",std_40k_100k,otherCurrencies,2026-09-05 00:15:00,2026-09-04 16:15:15,2026-09-04T16:30:35.531769+00:00,0.3162,,,,
standardized,dbs,MYR,SGD,MYR/SGD,1,SGD 50 – 200,amtBtw50And200,SGD 50 – 200,std_50_200,otherCurrencies,2026-09-05 00:15:00,2026-09-04 16:15:15,2026-09-04T16:30:35.531769+00:00,0.3162,,,,
standardized,dbs,MYR,SGD,MYR/SGD,1,SGD < 50,amtLessThan50,SGD < 50,std_lt_50,otherCurrencies,2026-09-05 00:15:00,2026-09-04 16:15:15,2026-09-04T16:30:35.531769+00:00,0.3162,,,,
standardized,dbs,NOK,SGD,NOK/SGD,1,SGD 50 – 200,amtBtw50And200,"SGD 200 – 39,999.99",std_200_40k,mainCurrencies,2026-09-05 00:15:00,2026-09-04 16:15:15,2026-09-04T16:30:35.531769+00:00,0.1382,0.1343,0.13624999999999998,1.4311926605504641,1.431192660550444
standardized,dbs,NOK,SGD,NOK/SGD,1,SGD 50 – 200,amtBtw50And200,"SGD 40,000 – 100,000",std_40k_100k,mainCurrencies,2026-09-05 00:15:00,2026-09-04 16:15:15,2026-09-04T16:30:35.531769+00:00,0.1382,0.1343,0.13624999999999998,1.4311926605504641,1.431192660550444
standardized,dbs,NOK,SGD,NOK/SGD,1,SGD 50 – 200,amtBtw50And200,SGD 50 – 200,std_50_200,mainCurrencies,2026-09-05 00:15:00,2026-09-04 16:15:15,2026-09-04T16:30:35.531769+00:00,0.1382,0.1343,0.13624999999999998,1.4311926605504641,1.431192660550444
standardized,dbs,NOK,SGD,NOK/SGD,1,SGD < 50,amtLessThan50,SGD < 50,std_lt_50,mainCurrencies,2026-09-05 00:15:00,2026-09-04 16:15:15,2026-09-04T16:30:35.531769+00:00,0.1386,0.1339,0.13624999999999998,1.7247706422018487,1.7247706422018287
standardized,dbs,NZD,SGD,NZD/SGD,1,SGD 50 – 200,amtBtw50And200,"SGD 200 – 39,999.99",std_200_40k,mainCurrencies,2026-09-05 00:15:00,2026-09-04 16:15:15,2026-09-04T16:30:35.531769+00:00,0.7548,0.7374,0.7461,1.1660635303578664,1.1660635303578515
standardized,dbs,NZD,SGD,NZD/SGD,1,SGD 50 – 200,amtBtw50And200,"SGD 40,000 – 100,000",std_40k_100k,mainCurrencies,2026-09-05 00:15:00,2026-09-04 16:15:15,2026-09-04T16:30:35.531769+00:00,0.7548,0.7374,0.7461,1.1660635303578664,1.1660635303578515
standardized,dbs,NZD,SGD,NZD/SGD,1,SGD 50 – 200,amtBtw50And200,SGD 50 – 200,std_50_200,mainCurrencies,2026-09-05 00:15:00,2026-09-04 16:15:15,2026-09-04T16:30:35.531769+00:00,0.7548,0.7374,0.7461,1.1660635303578664,1.1660635303578515
standardized,dbs,NZD,SGD,NZD/SGD,1,SGD < 50,amtLessThan50,SGD < 50,std_lt_50,mainCurrencies,2026-09-05 00:15:00,2026-09-04 16:15:15,2026-09-04T16:30:35.531769+00:00,0.7556,0.7367,0.7461500000000001,1.2665013737184154,1.2665013737184305
standardized,dbs,OMR,SGD,OMR/SGD,1,SGD 50 – 200,amtBtw50And200,"SGD 200 – 39,999.99",std_200_40k,otherCurrencies,2026-09-05 00:15:00,2026-09-04 16:15:15,2026-09-04T16:30:35.531769+00:00,3.3116,,,,
standardized,dbs,OMR,SGD,OMR/SGD,1,SGD 50 – 200,amtBtw50And200,"SGD 40,000 – 100,000",std_40k_100k,otherCurrencies,2026-09-05 00:15:00,2026-09-04 16:15:15,2026-09-04T16:30:35.531769+00:00,3.3116,,,,
standardized,dbs,OMR,SGD,OMR/SGD,1,SGD 50 – 200,amtBtw50And200,SGD 50 – 200,std_50_200,otherCurrencies,2026-09-05 00:15:00,2026-09-04 16:15:15,2026-09-04T16:30:35.531769+00:00,3.3116,,,,
standardized,dbs,OMR,SGD,OMR/SGD,1,SGD < 50,amtLessThan50,SGD < 50,std_lt_50,otherCurrencies,2026-09-05 00:15:00,2026-09-04 16:15:15,2026-09-04T16:30:35.531769+00:00,3.3116,,,,
standardized,dbs,PH0,SGD,PH0/SGD,100,SGD 50 – 200,amtBtw50And200,"SGD 200 – 39,999.99",std_200_40k,otherCurrencies,2026-09-05 00:15:00,2026-09-04 16:15:15,2026-09-04T16:30:35.531769+00:00,,2.0152,,,
standardized,dbs,PH0,SGD,PH0/SGD,100,SGD 50 – 200,amtBtw50And200,"SGD 40,000 – 100,000",std_40k_100k,otherCurrencies,2026-09-05 00:15:00,2026-09-04 16:15:15,2026-09-04T16:30:35.531769+00:00,,2.0152,,,
standardized,dbs,PH0,SGD,PH0/SGD,100,SGD 50 – 200,amtBtw50And200,SGD 50 – 200,std_50_200,otherCurrencies,2026-09-05 00:15:00,2026-09-04 16:15:15,2026-09-04T16:30:35.531769+00:00,,2.0152,,,
standardized,dbs,PH0,SGD,PH0/SGD,100,SGD < 50,amtLessThan50,SGD < 50,std_lt_50,otherCurrencies,2026-09-05 00:15:00,2026-09-04 16:15:15,2026-09-04T16:30:35.531769+00:00,,2.0152,,,
standardized,dbs,PHP,SGD,PHP/SGD,100,SGD 50 – 200,amtBtw50And200,"SGD 200 – 39,999.99",std_200_40k,otherCurrencies,2026-09-05 00:15:00,2026-09-04 16:15:15,2026-09-04T16:30:35.531769+00:00,2.0489,,,,
standardized,dbs,PHP,SGD,PHP/SGD,100,SGD 50 – 200,amtBtw50And200,"SGD 40,000 – 100,000",std_40k_100k,otherCurrencies,2026-09-05 00:15:00,2026-09-04 16:15:15,2026-09-04T16:30:35.531769+00:00,2.0489,,,,
standardized,dbs,PHP,SGD,PHP/SGD,100,SGD 50 – 200,amtBtw50And200,SGD 50 – 200,std_50_200,otherCurrencies,2026-09-05 00:15:00,2026-09-04 16:15:15,2026-09-04T16:30:35.531769+00:00,2.0489,,,,
standardized,dbs,PHP,SGD,PHP/SGD,100,SGD < 50,amtLessThan50,SGD < 50,std_lt_50,otherCurrencies,2026-09-05 00:15:00,2026-09-04 16:15:15,2026-09-04T16:30:35.531769+00:00,2.0643,,,,
standardized,dbs,PLN,SGD,PLN/SGD,1,SGD 50 – 200,amtBtw50And200,"SGD 200 – 39,999.99",std_200_40k,otherCurrencies,2026-09-05 00:15:00,2026-09-04 16:15:15,2026-09-04T16:30:35.531769+00:00,0.3474,,,,
standardized,dbs,PLN,SGD,PLN/SGD,1,SGD 50 – 200,amtBtw50And200,"SGD 40,000 – 100,000",std_40k_100k,otherCurrencies,2026-09-05 00:15:00,2026-09-04 16:15:15,2026-09-04T16:30:35.531769+00:00,0.3474,,,,
standardized,dbs,PLN,SGD,PLN/SGD,1,SGD 50 – 200,amtBtw50And200,SGD 50 – 200,std_50_200,otherCurrencies,2026-09-05 00:15:00,2026-09-04 16:15:15,2026-09-04T16:30:35.531769+00:00,0.3474,,,,
standardized,dbs,PLN,SGD,PLN/SGD,1,SGD < 50,amtLessThan50,SGD < 50,std_lt_50,otherCurrencies,2026-09-05 00:15:00,2026-09-04 16:15:15,2026-09-04T16:30:35.531769+00:00,0.3487,,,,
standardized,dbs,QAR,SGD,QAR/SGD,1,SGD 50 – 200,amtBtw50And200,"SGD 200 – 39,999.99",std_200_40k,otherCurrencies,2026-09-05 00:15:00,2026-09-04 16:15:15,2026-09-04T16:30:35.531769+00:00,0.3552,,,,
standardized,dbs,QAR,SGD,QAR/SGD,1,SGD 50 – 200,amtBtw50And200,"SGD 40,000 – 100,000",std_40k_100k,otherCurrencies,2026-09-05 00:15:00,2026-09-04 16:15:15,2026-09-04T16:30:35.531769+00:00,0.3552,,,,
standardized,dbs,QAR,SGD,QAR/SGD,1,SGD 50 – 200,amtBtw50And200,SGD 50 – 200,std_50_200,otherCurrencies,2026-09-05 00:15:00,2026-09-04 16:15:15,2026-09-04T16:30:35.531769+00:00,0.3552,,,,
standardized,dbs,QAR,SGD,QAR/SGD,1,SGD < 50,amtLessThan50,SGD < 50,std_lt_50,otherCurrencies,2026-09-05 00:15:00,2026-09-04 16:15:15,2026-09-04T16:30:35.531769+00:00,0.3567,,,,
standardized,dbs,RUB,SGD,RUB/SGD,100,SGD 50 – 200,amtBtw50And200,"SGD 200 – 39,999.99",std_200_40k,mainCurrencies,2026-09-05 00:15:00,2026-09-04 16:15:15,2026-09-04T16:30:35.531769+00:00,,,,,
standardized,dbs,RUB,SGD,RUB/SGD,100,SGD 50 – 200,amtBtw50And200,"SGD 40,000 – 100,000",std_40k_100k,mainCurrencies,2026-09-05 00:15:00,2026-09-04 16:15:15,2026-09-04T16:30:35.531769+00:00,,,,,
standardized,dbs,RUB,SGD,RUB/SGD,100,SGD 50 – 200,amtBtw50And200,SGD 50 – 200,std_50_200,mainCurrencies,2026-09-05 00:15:00,2026-09-04 16:15:15,2026-09-04T16:30:35.531769+00:00,,,,,
standardized,dbs,RUB,SGD,RUB/SGD,100,SGD < 50,amtLessThan50,SGD < 50,std_lt_50,mainCurrencies,2026-09-05 00:15:00,2026-09-04 16:15:15,2026-09-04T16:30:35.531769+00:00,,,,,
standardized,dbs,SAR,SGD,SAR/SGD,100,SGD 50 – 200,amtBtw50And200,"SGD 200 – 39,999.99",std_200_40k,otherCurrencies,2026-09-05 00:15:00,2026-09-04 16:15:15,2026-09-04T16:30:35.531769+00:00,34.157,,,,
standardized,dbs,SAR,SGD,SAR/SGD,100,SGD 50 – 200,amtBtw50And200,"SGD 40,000 – 100,000",std_40k_100k,otherCurrencies,2026-09-05 00:15:00,2026-09-04 16:15:15,2026-09-04T16:30:35.531769+00:00,34.157,,,,
standardized,dbs,SAR,SGD,SAR/SGD,100,SGD 50 – 200,amtBtw50And200,SGD 50 – 200,std_50_200,otherCurrencies,2026-09-05 00:15:00,2026-09-04 16:15:15,2026-09-04T16:30:35.531769+00:00,34.157,,,,
standardized,dbs,SAR,SGD,SAR/SGD,100,SGD < 50,amtLessThan50,SGD < 50,std_lt_50,otherCurrencies,2026-09-05 00:15:00,2026-09-04 16:15:15,2026-09-04T16:30:35.531769+00:00,34.1572,,,,
standardized,dbs,SEK,SGD,SEK/SGD,1,SGD 50 – 200,amtBtw50And200,"SGD 200 – 39,999.99",std_200_40k,mainCurrencies,2026-09-05 00:15:00,2026-09-04 16:15:15,2026-09-04T16:30:35.531769+00:00,0.1342,0.1306,0.13240000000000002,1.3595166163141963,1.3595166163142172
standardized,dbs,SEK,SGD,SEK/SGD,1,SGD 50 – 200,amtBtw50And200,"SGD 40,000 – 100,000",std_40k_100k,mainCurrencies,2026-09-05 00:15:00,2026-09-04 16:15:15,2026-09-04T16:30:35.531769+00:00,0.1342,0.1306,0.13240000000000002,1.3595166163141963,1.3595166163142172
standardized,dbs,SEK,SGD,SEK/SGD,1,SGD 50 – 200,amtBtw50And200,SGD 50 – 200,std_50_200,mainCurrencies,2026-09-05 00:15:00,2026-09-04 16:15:15,2026-09-04T16:30:35.531769+00:00,0.1342,0.1306,0.13240000000000002,1.3595166163141963,1.3595166163142172
standardized,dbs,SEK,SGD,SEK/SGD,1,SGD < 50,amtLessThan50,SGD < 50,std_lt_50,mainCurrencies,2026-09-05 00:15:00,2026-09-04 16:15:15,2026-09-04T16:30:35.531769+00:00,0.1347,0.1301,0.1324,1.7371601208459189,1.7371601208459189
standardized,dbs,THB,SGD,THB/SGD,100,SGD 50 – 200,amtBtw50And200,"SGD 200 – 39,999.99",std_200_40k,mainCurrencies,2026-09-05 00:15:00,2026-09-04 16:15:15,2026-09-04T16:30:35.531769+00:00,3.9065,3.7963,3.8514,1.430648595315987,1.430648595315987
standardized,dbs,THB,SGD,THB/SGD,100,SGD 50 – 200,amtBtw50And200,"SGD 40,000 – 100,000",std_40k_100k,mainCurrencies,2026-09-05 00:15:00,2026-09-04 16:15:15,2026-09-04T16:30:35.531769+00:00,3.9065,3.7963,3.8514,1.430648595315987,1.430648595315987
standardized,dbs,THB,SGD,THB/SGD,100,SGD 50 – 200,amtBtw50And200,SGD 50 – 200,std_50_200,mainCurrencies,2026-09-05 00:15:00,2026-09-04 16:15:15,2026-09-04T16:30:35.531769+00:00,3.9065,3.7963,3.8514,1.430648595315987,1.430648595315987
standardized,dbs,THB,SGD,THB/SGD,100,SGD < 50,amtLessThan50,SGD < 50,std_lt_50,mainCurrencies,2026-09-05 00:15:00,2026-09-04 16:15:15,2026-09-04T16:30:35.531769+00:00,3.9108,3.7921,3.85145,1.5409780731932192,1.5409780731932075
standardized,dbs,TND,SGD,TND/SGD,1,SGD 50 – 200,amtBtw50And200,"SGD 200 – 39,999.99",std_200_40k,otherCurrencies,2026-09-05 00:15:00,2026-09-04 16:15:15,2026-09-04T16:30:35.531769+00:00,0.4421,,,,
standardized,dbs,TND,SGD,TND/SGD,1,SGD 50 – 200,amtBtw50And200,"SGD 40,000 – 100,000",std_40k_100k,otherCurrencies,2026-09-05 00:15:00,2026-09-04 16:15:15,2026-09-04T16:30:35.531769+00:00,0.4421,,,,
standardized,dbs,TND,SGD,TND/SGD,1,SGD 50 – 200,amtBtw50And200,SGD 50 – 200,std_50_200,otherCurrencies,2026-09-05 00:15:00,2026-09-04 16:15:15,2026-09-04T16:30:35.531769+00:00,0.4421,,,,
standardized,dbs,TND,SGD,TND/SGD,1,SGD < 50,amtLessThan50,SGD < 50,std_lt_50,otherCurrencies,2026-09-05 00:15:00,2026-09-04 16:15:15,2026-09-04T16:30:35.531769+00:00,0.4421,,,,
standardized,dbs,TWD,SGD,TWD/SGD,100,SGD 50 – 200,amtBtw50And200,"SGD 200 – 39,999.99",std_200_40k,otherCurrencies,2026-09-05 00:15:00,2026-09-04 16:15:15,2026-09-04T16:30:35.531769+00:00,4.0533,,,,
standardized,dbs,TWD,SGD,TWD/SGD,100,SGD 50 – 200,amtBtw50And200,"SGD 40,000 – 100,000",std_40k_100k,otherCurrencies,2026-09-05 00:15:00,2026-09-04 16:15:15,2026-09-04T16:30:35.531769+00:00,4.0533,,,,
standardized,dbs,TWD,SGD,TWD/SGD,100,SGD 50 – 200,amtBtw50And200,SGD 50 – 200,std_50_200,otherCurrencies,2026-09-05 00:15:00,2026-09-04 16:15:15,2026-09-04T16:30:35.531769+00:00,4.0533,,,,
standardized,dbs,TWD,SGD,TWD/SGD,100,SGD < 50,amtLessThan50,SGD < 50,std_lt_50,otherCurrencies,2026-09-05 00:15:00,2026-09-04 16:15:15,2026-09-04T16:30:35.531769+00:00,4.0573,,,,
standardized,dbs,USD,SGD,USD/SGD,1,SGD 50 – 200,amtBtw50And200,"SGD 200 – 39,999.99",std_200_40k,mainCurrencies,2026-09-05 00:15:00,2026-09-04 16:15:15,2026-09-04T16:30:35.531769+00:00,1.2773,1.2562,1.26675,0.8328399447404822,0.8328399447404822
standardized,dbs,USD,SGD,USD/SGD,1,SGD 50 – 200,amtBtw50And200,"SGD 40,000 – 100,000",std_40k_100k,mainCurrencies,2026-09-05 00:15:00,2026-09-04 16:15:15,2026-09-04T16:30:35.531769+00:00,1.2773,1.2562,1.26675,0.8328399447404822,0.8328399447404822
standardized,dbs,USD,SGD,USD/SGD,1,SGD 50 – 200,amtBtw50And200,SGD 50 – 200,std_50_200,mainCurrencies,2026-09-05 00:15:00,2026-09-04 16:15:15,2026-09-04T16:30:35.531769+00:00,1.2773,1.2562,1.26675,0.8328399447404822,0.8328399447404822
standardized,dbs,USD,SGD,USD/SGD,1,SGD < 50,amtLessThan50,SGD < 50,std_lt_50,mainCurrencies,2026-09-05 00:15:00,2026-09-04 16:15:15,2026-09-04T16:30:35.531769+00:00,1.2782,1.2553,1.26675,0.9038879021117,0.9038879021117
standardized,dbs,VND,SGD,VND/SGD,100,SGD 50 – 200,amtBtw50And200,"SGD 200 – 39,999.99",std_200_40k,otherCurrencies,2026-09-05 00:15:00,2026-09-04 16:15:15,2026-09-04T16:30:35.531769+00:00,0.005,,,,
standardized,dbs,VND,SGD,VND/SGD,100,SGD 50 – 200,amtBtw50And200,"SGD 40,000 – 100,000",std_40k_100k,otherCurrencies,2026-09-05 00:15:00,2026-09-04 16:15:15,2026-09-04T16:30:35.531769+00:00,0.005,,,,
standardized,dbs,VND,SGD,VND/SGD,100,SGD 50 – 200,amtBtw50And200,SGD 50 – 200,std_50_200,otherCurrencies,2026-09-05 00:15:00,2026-09-04 16:15:15,2026-09-04T16:30:35.531769+00:00,0.005,,,,
standardized,dbs,VND,SGD,VND/SGD,100,SGD < 50,amtLessThan50,SGD < 50,std_lt_50,otherCurrencies,2026-09-05 00:15:00,2026-09-04 16:15:15,2026-09-04T16:30:35.531769+00:00,0.005,,,,
standardized,dbs,XAU,SGD,XAU/SGD,1,SGD 50 – 200,amtBtw50And200,"SGD 200 – 39,999.99",std_200_40k,otherCurrencies,2026-09-05 00:15:00,2026-09-04 16:15:15,2026-09-04T16:30:35.531769+00:00,5654.673,5585.703,5620.188,0.6135915738049985,0.6135915738049985
standardized,dbs,XAU,SGD,XAU/SGD,1,SGD 50 – 200,amtBtw50And200,"SGD 40,000 – 100,000",std_40k_100k,otherCurrencies,2026-09-05 00:15:00,2026-09-04 16:15:15,2026-09-04T16:30:35.531769+00:00,5654.673,5585.703,5620.188,0.6135915738049985,0.6135915738049985
standardized,dbs,XAU,SGD,XAU/SGD,1,SGD 50 – 200,amtBtw50And200,SGD 50 – 200,std_50_200,otherCurrencies,2026-09-05 00:15:00,2026-09-04 16:15:15,2026-09-04T16:30:35.531769+00:00,5654.673,5585.703,5620.188,0.6135915738049985,0.6135915738049985
standardized,dbs,XAU,SGD,XAU/SGD,1,SGD < 50,amtLessThan50,SGD < 50,std_lt_50,otherCurrencies,2026-09-05 00:15:00,2026-09-04 16:15:15,2026-09-04T16:30:35.531769+00:00,5654.685,5585.817,5620.251,0.612677262990571,0.612677262990571
standardized,dbs,ZAR,SGD,ZAR/SGD,1,SGD 50 – 200,amtBtw50And200,"SGD 200 – 39,999.99",std_200_40k,otherCurrencies,2026-09-05 00:15:00,2026-09-04 16:15:15,2026-09-04T16:30:35.531769+00:00,0.0805,0.0785,0.0795,1.2578616352201268,1.2578616352201268
standardized,dbs,ZAR,SGD,ZAR/SGD,1,SGD 50 – 200,amtBtw50And200,"SGD 40,000 – 100,000",std_40k_100k,otherCurrencies,2026-09-05 00:15:00,2026-09-04 16:15:15,2026-09-04T16:30:35.531769+00:00,0.0805,0.0785,0.0795,1.2578616352201268,1.2578616352201268
standardized,dbs,ZAR,SGD,ZAR/SGD,1,SGD 50 – 200,amtBtw50And200,SGD 50 – 200,std_50_200,otherCurrencies,2026-09-05 00:15:00,2026-09-04 16:15:15,2026-09-04T16:30:35.531769+00:00,0.0805,0.0785,0.0795,1.2578616352201268,1.2578616352201268
standardized,dbs,ZAR,SGD,ZAR/SGD,1,SGD < 50,amtLessThan50,SGD < 50,std_lt_50,otherCurrencies,2026-09-05 00:15:00,2026-09-04 16:15:15,2026-09-04T16:30:35.531769+00:00,0.0808,0.0782,0.0795,1.635220125786158,1.635220125786158
standardized,hsbc,AED,SGD,AED/SGD,100,Indicative board,board,"SGD 200 – 39,999.99",std_200_40k,indicative_fx,2026-9-4,2026-9-4,2026-09-04T16:30:39.346350+00:00,35.62,33.38,34.5,3.2463768115941956,3.2463768115941956
standardized,hsbc,AED,SGD,AED/SGD,100,Indicative board,board,"SGD 40,000 – 100,000",std_40k_100k,indicative_fx,2026-9-4,2026-9-4,2026-09-04T16:30:39.346350+00:00,35.62,33.38,34.5,3.2463768115941956,3.2463768115941956
standardized,hsbc,AED,SGD,AED/SGD,100,Indicative board,board,SGD 50 – 200,std_50_200,indicative_fx,2026-9-4,2026-9-4,2026-09-04T16:30:39.346350+00:00,35.62,33.38,34.5,3.2463768115941956,3.2463768115941956
standardized,hsbc,AED,SGD,AED/SGD,100,Indicative board,board,SGD < 50,std_lt_50,indicative_fx,2026-9-4,2026-9-4,2026-09-04T16:30:39.346350+00:00,35.62,33.38,34.5,3.2463768115941956,3.2463768115941956
standardized,hsbc,AUD,SGD,AUD/SGD,1,Indicative board,board,"SGD 200 – 39,999.99",std_200_40k,indicative_fx,2026-9-4,2026-9-4,2026-09-04T16:30:39.346350+00:00,0.9401,0.8852,0.91265,3.0077247575741066,3.0077247575740946
standardized,hsbc,AUD,SGD,AUD/SGD,1,Indicative board,board,"SGD 40,000 – 100,000",std_40k_100k,indicative_fx,2026-9-4,2026-9-4,2026-09-04T16:30:39.346350+00:00,0.9401,0.8852,0.91265,3.0077247575741066,3.0077247575740946
standardized,hsbc,AUD,SGD,AUD/SGD,1,Indicative board,board,SGD 50 – 200,std_50_200,indicative_fx,2026-9-4,2026-9-4,2026-09-04T16:30:39.346350+00:00,0.9401,0.8852,0.91265,3.0077247575741066,3.0077247575740946
standardized,hsbc,AUD,SGD,AUD/SGD,1,Indicative board,board,SGD < 50,std_lt_50,indicative_fx,2026-9-4,2026-9-4,2026-09-04T16:30:39.346350+00:00,0.9401,0.8852,0.91265,3.0077247575741066,3.0077247575740946
standardized,hsbc,CAD,SGD,CAD/SGD,1,Indicative board,board,"SGD 200 – 39,999.99",std_200_40k,indicative_fx,2026-9-4,2026-9-4,2026-09-04T16:30:39.346350+00:00,0.9462,0.8909,0.91855,3.0101790866038933,3.0101790866038813
standardized,hsbc,CAD,SGD,CAD/SGD,1,Indicative board,board,"SGD 40,000 – 100,000",std_40k_100k,indicative_fx,2026-9-4,2026-9-4,2026-09-04T16:30:39.346350+00:00,0.9462,0.8909,0.91855,3.0101790866038933,3.0101790866038813
standardized,hsbc,CAD,SGD,CAD/SGD,1,Indicative board,board,SGD 50 – 200,std_50_200,indicative_fx,2026-9-4,2026-9-4,2026-09-04T16:30:39.346350+00:00,0.9462,0.8909,0.91855,3.0101790866038933,3.0101790866038813
standardized,hsbc,CAD,SGD,CAD/SGD,1,Indicative board,board,SGD < 50,std_lt_50,indicative_fx,2026-9-4,2026-9-4,2026-09-04T16:30:39.346350+00:00,0.9462,0.8909,0.91855,3.0101790866038933,3.0101790866038813
standardized,hsbc,CHF,SGD,CHF/SGD,100,Indicative board,board,"SGD 200 – 39,999.99",std_200_40k,indicative_fx,2026-9-4,2026-9-4,2026-09-04T16:30:39.346350+00:00,161.56,152.11,156.835,3.0127203749163094,3.0127203749163094
standardized,hsbc,CHF,SGD,CHF/SGD,100,Indicative board,board,"SGD 40,000 – 100,000",std_40k_100k,indicative_fx,2026-9-4,2026-9-4,2026-09-04T16:30:39.346350+00:00,161.56,152.11,156.835,3.0127203749163094,3.0127203749163094
standardized,hsbc,CHF,SGD,CHF/SGD,100,Indicative board,board,SGD 50 – 200,std_50_200,indicative_fx,2026-9-4,2026-9-4,2026-09-04T16:30:39.346350+00:00,161.56,152.11,156.835,3.0127203749163094,3.0127203749163094
standardized,hsbc,CHF,SGD,CHF/SGD,100,Indicative board,board,SGD < 50,std_lt_50,indicative_fx,2026-9-4,2026-9-4,2026-09-04T16:30:39.346350+00:00,161.56,152.11,156.835,3.0127203749163094,3.0127203749163094
standardized,hsbc,CNY,SGD,CNY/SGD,100,Indicative board,board,"SGD 200 – 39,999.99",std_200_40k,indicative_fx,2026-9-4,2026-9-4,2026-09-04T16:30:39.346350+00:00,19.47,18.25,18.86,3.234358430540824,3.234358430540824
standardized,hsbc,CNY,SGD,CNY/SGD,100,Indicative board,board,"SGD 40,000 – 100,000",std_40k_100k,indicative_fx,2026-9-4,2026-9-4,2026-09-04T16:30:39.346350+00:00,19.47,18.25,18.86,3.234358430540824,3.234358430540824
standardized,hsbc,CNY,SGD,CNY/SGD,100,Indicative board,board,SGD 50 – 200,std_50_200,indicative_fx,2026-9-4,2026-9-4,2026-09-04T16:30:39.346350+00:00,19.47,18.25,18.86,3.234358430540824,3.234358430540824
standardized,hsbc,CNY,SGD,CNY/SGD,100,Indicative board,board,SGD < 50,std_lt_50,indicative_fx,2026-9-4,2026-9-4,2026-09-04T16:30:39.346350+00:00,19.47,18.25,18.86,3.234358430540824,3.234358430540824
standardized,hsbc,DKK,SGD,DKK/SGD,100,Indicative board,board,"SGD 200 – 39,999.99",std_200_40k,indicative_fx,2026-9-4,2026-9-4,2026-09-04T16:30:39.346350+00:00,20.3,19.12,19.71,2.993404363267376,2.993404363267376
standardized,hsbc,DKK,SGD,DKK/SGD,100,Indicative board,board,"SGD 40,000 – 100,000",std_40k_100k,indicative_fx,2026-9-4,2026-9-4,2026-09-04T16:30:39.346350+00:00,20.3,19.12,19.71,2.993404363267376,2.993404363267376
standardized,hsbc,DKK,SGD,DKK/SGD,100,Indicative board,board,SGD 50 – 200,std_50_200,indicative_fx,2026-9-4,2026-9-4,2026-09-04T16:30:39.346350+00:00,20.3,19.12,19.71,2.993404363267376,2.993404363267376
standardized,hsbc,DKK,SGD,DKK/SGD,100,Indicative board,board,SGD < 50,std_lt_50,indicative_fx,2026-9-4,2026-9-4,2026-09-04T16:30:39.346350+00:00,20.3,19.12,19.71,2.993404363267376,2.993404363267376
standardized,hsbc,EUR,SGD,EUR/SGD,1,Indicative board,board,"SGD 200 – 39,999.99",std_200_40k,indicative_fx,2026-9-4,2026-9-4,2026-09-04T16:30:39.346350+00:00,1.5174,1.4288,1.4731,3.007263593781821,3.007263593781821
standardized,hsbc,EUR,SGD,EUR/SGD,1,Indicative board,board,"SGD 40,000 – 100,000",std_40k_100k,indicative_fx,2026-9-4,2026-9-4,2026-09-04T16:30:39.346350+00:00,1.5174,1.4288,1.4731,3.007263593781821,3.007263593781821
standardized,hsbc,EUR,SGD,EUR/SGD,1,Indicative board,board,SGD 50 – 200,std_50_200,indicative_fx,2026-9-4,2026-9-4,2026-09-04T16:30:39.346350+00:00,1.5174,1.4288,1.4731,3.007263593781821,3.007263593781821
standardized,hsbc,EUR,SGD,EUR/SGD,1,Indicative board,board,SGD < 50,std_lt_50,indicative_fx,2026-9-4,2026-9-4,2026-09-04T16:30:39.346350+00:00,1.5174,1.4288,1.4731,3.007263593781821,3.007263593781821
standardized,hsbc,FJD,SGD,FJD/SGD,1,Indicative board,board,"SGD 200 – 39,999.99",std_200_40k,indicative_fx,2026-9-4,2026-9-4,2026-09-04T16:30:39.346350+00:00,0.6034,,,,
standardized,hsbc,FJD,SGD,FJD/SGD,1,Indicative board,board,"SGD 40,000 – 100,000",std_40k_100k,indicative_fx,2026-9-4,2026-9-4,2026-09-04T16:30:39.346350+00:00,0.6034,,,,
standardized,hsbc,FJD,SGD,FJD/SGD,1,Indicative board,board,SGD 50 – 200,std_50_200,indicative_fx,2026-9-4,2026-9-4,2026-09-04T16:30:39.346350+00:00,0.6034,,,,
standardized,hsbc,FJD,SGD,FJD/SGD,1,Indicative board,board,SGD < 50,std_lt_50,indicative_fx,2026-9-4,2026-9-4,2026-09-04T16:30:39.346350+00:00,0.6034,,,,
standardized,hsbc,GBP,SGD,GBP/SGD,1,Indicative board,board,"SGD 200 – 39,999.99",std_200_40k,indicative_fx,2026-9-4,2026-9-4,2026-09-04T16:30:39.346350+00:00,1.7654,1.6622,1.7138,3.0108530750379328,3.0108530750379328
standardized,hsbc,GBP,SGD,GBP/SGD,1,Indicative board,board,"SGD 40,000 – 100,000",std_40k_100k,indicative_fx,2026-9-4,2026-9-4,2026-09-04T16:30:39.346350+00:00,1.7654,1.6622,1.7138,3.0108530750379328,3.0108530750379328
standardized,hsbc,GBP,SGD,GBP/SGD,1,Indicative board,board,SGD 50 – 200,std_50_200,indicative_fx,2026-9-4,2026-9-4,2026-09-04T16:30:39.346350+00:00,1.7654,1.6622,1.7138,3.0108530750379328,3.0108530750379328
standardized,hsbc,GBP,SGD,GBP/SGD,1,Indicative board,board,SGD < 50,std_lt_50,indicative_fx,2026-9-4,2026-9-4,2026-09-04T16:30:39.346350+00:00,1.7654,1.6622,1.7138,3.0108530750379328,3.0108530750379328
standardized,hsbc,HKD,SGD,HKD/SGD,100,Indicative board,board,"SGD 200 – 39,999.99",std_200_40k,indicative_fx,2026-9-4,2026-9-4,2026-09-04T16:30:39.346350+00:00,16.36,15.96,16.16,1.2376237623762332,1.2376237623762332
standardized,hsbc,HKD,SGD,HKD/SGD,100,Indicative board,board,"SGD 40,000 – 100,000",std_40k_100k,indicative_fx,2026-9-4,2026-9-4,2026-09-04T16:30:39.346350+00:00,16.36,15.96,16.16,1.2376237623762332,1.2376237623762332
standardized,hsbc,HKD,SGD,HKD/SGD,100,Indicative board,board,SGD 50 – 200,std_50_200,indicative_fx,2026-9-4,2026-9-4,2026-09-04T16:30:39.346350+00:00,16.36,15.96,16.16,1.2376237623762332,1.2376237623762332
standardized,hsbc,HKD,SGD,HKD/SGD,100,Indicative board,board,SGD < 50,std_lt_50,indicative_fx,2026-9-4,2026-9-4,2026-09-04T16:30:39.346350+00:00,16.36,15.96,16.16,1.2376237623762332,1.2376237623762332
standardized,hsbc,IDR,SGD,IDR/SGD,100,Indicative board,board,"SGD 200 – 39,999.99",std_200_40k,indicative_fx,2026-9-4,2026-9-4,2026-09-04T16:30:39.346350+00:00,0.0074,,,,
standardized,hsbc,IDR,SGD,IDR/SGD,100,Indicative board,board,"SGD 40,000 – 100,000",std_40k_100k,indicative_fx,2026-9-4,2026-9-4,2026-09-04T16:30:39.346350+00:00,0.0074,,,,
standardized,hsbc,IDR,SGD,IDR/SGD,100,Indicative board,board,SGD 50 – 200,std_50_200,indicative_fx,2026-9-4,2026-9-4,2026-09-04T16:30:39.346350+00:00,0.0074,,,,
standardized,hsbc,IDR,SGD,IDR/SGD,100,Indicative board,board,SGD < 50,std_lt_50,indicative_fx,2026-9-4,2026-9-4,2026-09-04T16:30:39.346350+00:00,0.0074,,,,
standardized,hsbc,INR,SGD,INR/SGD,100,Indicative board,board,"SGD 200 – 39,999.99",std_200_40k,indicative_fx,2026-9-4,2026-9-4,2026-09-04T16:30:39.346350+00:00,1.38,,,,
standardized,hsbc,INR,SGD,INR/SGD,100,Indicative board,board,"SGD 40,000 – 100,000",std_40k_100k,indicative_fx,2026-9-4,2026-9-4,2026-09-04T16:30:39.346350+00:00,1.38,,,,
standardized,hsbc,INR,SGD,INR/SGD,100,Indicative board,board,SGD 50 – 200,std_50_200,indicative_fx,2026-9-4,2026-9-4,2026-09-04T16:30:39.346350+00:00,1.38,,,,
standardized,hsbc,INR,SGD,INR/SGD,100,Indicative board,board,SGD < 50,std_lt_50,indicative_fx,2026-9-4,2026-9-4,2026-09-04T16:30:39.346350+00:00,1.38,,,,
standardized,hsbc,JPY,SGD,JPY/SGD,100,Indicative board,board,"SGD 200 – 39,999.99",std_200_40k,indicative_fx,2026-9-4,2026-9-4,2026-09-04T16:30:39.346350+00:00,0.8375,0.7886,0.81305,3.0071951294508295,3.007195129450843
standardized,hsbc,JPY,SGD,JPY/SGD,100,Indicative board,board,"SGD 40,000 – 100,000",std_40k_100k,indicative_fx,2026-9-4,2026-9-4,2026-09-04T16:30:39.346350+00:00,0.8375,0.7886,0.81305,3.0071951294508295,3.007195129450843
standardized,hsbc,JPY,SGD,JPY/SGD,100,Indicative board,board,SGD 50 – 200,std_50_200,indicative_fx,2026-9-4,2026-9-4,2026-09-04T16:30:39.346350+00:00,0.8375,0.7886,0.81305,3.0071951294508295,3.007195129450843
standardized,hsbc,JPY,SGD,JPY/SGD,100,Indicative board,board,SGD < 50,std_lt_50,indicative_fx,2026-9-4,2026-9-4,2026-09-04T16:30:39.346350+00:00,0.8375,0.7886,0.81305,3.0071951294508295,3.007195129450843
standardized,hsbc,LKR,SGD,LKR/SGD,100,Indicative board,board,"SGD 200 – 39,999.99",std_200_40k,indicative_fx,2026-9-4,2026-9-4,2026-09-04T16:30:39.346350+00:00,0.4,,,,
standardized,hsbc,LKR,SGD,LKR/SGD,100,Indicative board,board,"SGD 40,000 – 100,000",std_40k_100k,indicative_fx,2026-9-4,2026-9-4,2026-09-04T16:30:39.346350+00:00,0.4,,,,
standardized,hsbc,LKR,SGD,LKR/SGD,100,Indicative board,board,SGD 50 – 200,std_50_200,indicative_fx,2026-9-4,2026-9-4,2026-09-04T16:30:39.346350+00:00,0.4,,,,
standardized,hsbc,LKR,SGD,LKR/SGD,100,Indicative board,board,SGD < 50,std_lt_50,indicative_fx,2026-9-4,2026-9-4,2026-09-04T16:30:39.346350+00:00,0.4,,,,
standardized,hsbc,MUR,SGD,MUR/SGD,100,Indicative board,board,"SGD 200 – 39,999.99",std_200_40k,indicative_fx,2026-9-4,2026-9-4,2026-09-04T16:30:39.346350+00:00,2.8,2.61,2.705,3.512014787430675,3.512014787430691
standardized,hsbc,MUR,SGD,MUR/SGD,100,Indicative board,board,"SGD 40,000 – 100,000",std_40k_100k,indicative_fx,2026-9-4,2026-9-4,2026-09-04T16:30:39.346350+00:00,2.8,2.61,2.705,3.512014787430675,3.512014787430691
standardized,hsbc,MUR,SGD,MUR/SGD,100,Indicative board,board,SGD 50 – 200,std_50_200,indicative_fx,2026-9-4,2026-9-4,2026-09-04T16:30:39.346350+00:00,2.8,2.61,2.705,3.512014787430675,3.512014787430691
standardized,hsbc,MUR,SGD,MUR/SGD,100,Indicative board,board,SGD < 50,std_lt_50,indicative_fx,2026-9-4,2026-9-4,2026-09-04T16:30:39.346350+00:00,2.8,2.61,2.705,3.512014787430675,3.512014787430691
standardized,hsbc,NOK,SGD,NOK/SGD,100,Indicative board,board,"SGD 200 – 39,999.99",std_200_40k,indicative_fx,2026-9-4,2026-9-4,2026-09-04T16:30:39.346350+00:00,14.04,13.22,13.629999999999999,3.0080704328686734,3.00807043286866
standardized,hsbc,NOK,SGD,NOK/SGD,100,Indicative board,board,"SGD 40,000 – 100,000",std_40k_100k,indicative_fx,2026-9-4,2026-9-4,2026-09-04T16:30:39.346350+00:00,14.04,13.22,13.629999999999999,3.0080704328686734,3.00807043286866
standardized,hsbc,NOK,SGD,NOK/SGD,100,Indicative board,board,SGD 50 – 200,std_50_200,indicative_fx,2026-9-4,2026-9-4,2026-09-04T16:30:39.346350+00:00,14.04,13.22,13.629999999999999,3.0080704328686734,3.00807043286866
standardized,hsbc,NOK,SGD,NOK/SGD,100,Indicative board,board,SGD < 50,std_lt_50,indicative_fx,2026-9-4,2026-9-4,2026-09-04T16:30:39.346350+00:00,14.04,13.22,13.629999999999999,3.0080704328686734,3.00807043286866
standardized,hsbc,NZD,SGD,NZD/SGD,1,Indicative board,board,"SGD 200 – 39,999.99",std_200_40k,indicative_fx,2026-9-4,2026-9-4,2026-09-04T16:30:39.346350+00:00,0.7681,0.7231,0.7456,3.017703862660939,3.0177038626609543
standardized,hsbc,NZD,SGD,NZD/SGD,1,Indicative board,board,"SGD 40,000 – 100,000",std_40k_100k,indicative_fx,2026-9-4,2026-9-4,2026-09-04T16:30:39.346350+00:00,0.7681,0.7231,0.7456,3.017703862660939,3.0177038626609543
standardized,hsbc,NZD,SGD,NZD/SGD,1,Indicative board,board,SGD 50 – 200,std_50_200,indicative_fx,2026-9-4,2026-9-4,2026-09-04T16:30:39.346350+00:00,0.7681,0.7231,0.7456,3.017703862660939,3.0177038626609543
standardized,hsbc,NZD,SGD,NZD/SGD,1,Indicative board,board,SGD < 50,std_lt_50,indicative_fx,2026-9-4,2026-9-4,2026-09-04T16:30:39.346350+00:00,0.7681,0.7231,0.7456,3.017703862660939,3.0177038626609543
standardized,hsbc,PHP,SGD,PHP/SGD,100,Indicative board,board,"SGD 200 – 39,999.99",std_200_40k,indicative_fx,2026-9-4,2026-9-4,2026-09-04T16:30:39.346350+00:00,2.09,,,,
standardized,hsbc,PHP,SGD,PHP/SGD,100,Indicative board,board,"SGD 40,000 – 100,000",std_40k_100k,indicative_fx,2026-9-4,2026-9-4,2026-09-04T16:30:39.346350+00:00,2.09,,,,
standardized,hsbc,PHP,SGD,PHP/SGD,100,Indicative board,board,SGD 50 – 200,std_50_200,indicative_fx,2026-9-4,2026-9-4,2026-09-04T16:30:39.346350+00:00,2.09,,,,
standardized,hsbc,PHP,SGD,PHP/SGD,100,Indicative board,board,SGD < 50,std_lt_50,indicative_fx,2026-9-4,2026-9-4,2026-09-04T16:30:39.346350+00:00,2.09,,,,
standardized,hsbc,PKR,SGD,PKR/SGD,100,Indicative board,board,"SGD 200 – 39,999.99",std_200_40k,indicative_fx,2026-9-4,2026-9-4,2026-09-04T16:30:39.346350+00:00,0.47,,,,
standardized,hsbc,PKR,SGD,PKR/SGD,100,Indicative board,board,"SGD 40,000 – 100,000",std_40k_100k,indicative_fx,2026-9-4,2026-9-4,2026-09-04T16:30:39.346350+00:00,0.47,,,,
standardized,hsbc,PKR,SGD,PKR/SGD,100,Indicative board,board,SGD 50 – 200,std_50_200,indicative_fx,2026-9-4,2026-9-4,2026-09-04T16:30:39.346350+00:00,0.47,,,,
standardized,hsbc,PKR,SGD,PKR/SGD,100,Indicative board,board,SGD < 50,std_lt_50,indicative_fx,2026-9-4,2026-9-4,2026-09-04T16:30:39.346350+00:00,0.47,,,,
standardized,hsbc,QAR,SGD,QAR/SGD,100,Indicative board,board,"SGD 200 – 39,999.99",std_200_40k,indicative_fx,2026-9-4,2026-9-4,2026-09-04T16:30:39.346350+00:00,35.2,34.32,34.760000000000005,1.2658227848101198,1.2658227848101402
standardized,hsbc,QAR,SGD,QAR/SGD,100,Indicative board,board,"SGD 40,000 – 100,000",std_40k_100k,indicative_fx,2026-9-4,2026-9-4,2026-09-04T16:30:39.346350+00:00,35.2,34.32,34.760000000000005,1.2658227848101198,1.2658227848101402
standardized,hsbc,QAR,SGD,QAR/SGD,100,Indicative board,board,SGD 50 – 200,std_50_200,indicative_fx,2026-9-4,2026-9-4,2026-09-04T16:30:39.346350+00:00,35.2,34.32,34.760000000000005,1.2658227848101198,1.2658227848101402
standardized,hsbc,QAR,SGD,QAR/SGD,100,Indicative board,board,SGD < 50,std_lt_50,indicative_fx,2026-9-4,2026-9-4,2026-09-04T16:30:39.346350+00:00,35.2,34.32,34.760000000000005,1.2658227848101198,1.2658227848101402
standardized,hsbc,RUB,SGD,RUB/SGD,100,Indicative board,board,"SGD 200 – 39,999.99",std_200_40k,indicative_fx,2026-9-4,2026-9-4,2026-09-04T16:30:39.346350+00:00,15.46,13.83,14.645,5.565039262546953,5.565039262546941
standardized,hsbc,RUB,SGD,RUB/SGD,100,Indicative board,board,"SGD 40,000 – 100,000",std_40k_100k,indicative_fx,2026-9-4,2026-9-4,2026-09-04T16:30:39.346350+00:00,15.46,13.83,14.645,5.565039262546953,5.565039262546941
standardized,hsbc,RUB,SGD,RUB/SGD,100,Indicative board,board,SGD 50 – 200,std_50_200,indicative_fx,2026-9-4,2026-9-4,2026-09-04T16:30:39.346350+00:00,15.46,13.83,14.645,5.565039262546953,5.565039262546941
standardized,hsbc,RUB,SGD,RUB/SGD,100,Indicative board,board,SGD < 50,std_lt_50,indicative_fx,2026-9-4,2026-9-4,2026-09-04T16:30:39.346350+00:00,15.46,13.83,14.645,5.565039262546953,5.565039262546941
standardized,hsbc,SAR,SGD,SAR/SGD,100,Indicative board,board,"SGD 200 – 39,999.99",std_200_40k,indicative_fx,2026-9-4,2026-9-4,2026-09-04T16:30:39.346350+00:00,34.17,33.32,33.745000000000005,1.2594458438287068,1.259445843828728
standardized,hsbc,SAR,SGD,SAR/SGD,100,Indicative board,board,"SGD 40,000 – 100,000",std_40k_100k,indicative_fx,2026-9-4,2026-9-4,2026-09-04T16:30:39.346350+00:00,34.17,33.32,33.745000000000005,1.2594458438287068,1.259445843828728
standardized,hsbc,SAR,SGD,SAR/SGD,100,Indicative board,board,SGD 50 – 200,std_50_200,indicative_fx,2026-9-4,2026-9-4,2026-09-04T16:30:39.346350+00:00,34.17,33.32,33.745000000000005,1.2594458438287068,1.259445843828728
standardized,hsbc,SAR,SGD,SAR/SGD,100,Indicative board,board,SGD < 50,std_lt_50,indicative_fx,2026-9-4,2026-9-4,2026-09-04T16:30:39.346350+00:00,34.17,33.32,33.745000000000005,1.2594458438287068,1.259445843828728
standardized,hsbc,SEK,SGD,SEK/SGD,100,Indicative board,board,"SGD 200 – 39,999.99",std_200_40k,indicative_fx,2026-9-4,2026-9-4,2026-09-04T16:30:39.346350+00:00,13.69,12.88,13.285,3.048550997365445,3.048550997365445
standardized,hsbc,SEK,SGD,SEK/SGD,100,Indicative board,board,"SGD 40,000 – 100,000",std_40k_100k,indicative_fx,2026-9-4,2026-9-4,2026-09-04T16:30:39.346350+00:00,13.69,12.88,13.285,3.048550997365445,3.048550997365445
standardized,hsbc,SEK,SGD,SEK/SGD,100,Indicative board,board,SGD 50 – 200,std_50_200,indicative_fx,2026-9-4,2026-9-4,2026-09-04T16:30:39.346350+00:00,13.69,12.88,13.285,3.048550997365445,3.048550997365445
standardized,hsbc,SEK,SGD,SEK/SGD,100,Indicative board,board,SGD < 50,std_lt_50,indicative_fx,2026-9-4,2026-9-4,2026-09-04T16:30:39.346350+00:00,13.69,12.88,13.285,3.048550997365445,3.048550997365445
standardized,hsbc,THB,SGD,THB/SGD,100,Indicative board,board,"SGD 200 – 39,999.99",std_200_40k,indicative_fx,2026-9-4,2026-9-4,2026-09-04T16:30:39.346350+00:00,3.98,,,,
standardized,hsbc,THB,SGD,THB/SGD,100,Indicative board,board,"SGD 40,000 – 100,000",std_40k_100k,indicative_fx,2026-9-4,2026-9-4,2026-09-04T16:30:39.346350+00:00,3.98,,,,
standardized,hsbc,THB,SGD,THB/SGD,100,Indicative board,board,SGD 50 – 200,std_50_200,indicative_fx,2026-9-4,2026-9-4,2026-09-04T16:30:39.346350+00:00,3.98,,,,
standardized,hsbc,THB,SGD,THB/SGD,100,Indicative board,board,SGD < 50,std_lt_50,indicative_fx,2026-9-4,2026-9-4,2026-09-04T16:30:39.346350+00:00,3.98,,,,
standardized,hsbc,TRY,SGD,TRY/SGD,1,Indicative board,board,"SGD 200 – 39,999.99",std_200_40k,indicative_fx,2026-9-4,2026-9-4,2026-09-04T16:30:39.346350+00:00,0.027,,,,
standardized,hsbc,TRY,SGD,TRY/SGD,1,Indicative board,board,"SGD 40,000 – 100,000",std_40k_100k,indicative_fx,2026-9-4,2026-9-4,2026-09-04T16:30:39.346350+00:00,0.027,,,,
standardized,hsbc,TRY,SGD,TRY/SGD,1,Indicative board,board,SGD 50 – 200,std_50_200,indicative_fx,2026-9-4,2026-9-4,2026-09-04T16:30:39.346350+00:00,0.027,,,,
standardized,hsbc,TRY,SGD,TRY/SGD,1,Indicative board,board,SGD < 50,std_lt_50,indicative_fx,2026-9-4,2026-9-4,2026-09-04T16:30:39.346350+00:00,0.027,,,,
standardized,hsbc,USD,SGD,USD/SGD,1,Indicative board,board,"SGD 200 – 39,999.99",std_200_40k,indicative_fx,2026-9-4,2026-9-4,2026-09-04T16:30:39.346350+00:00,1.2924,1.2417,1.26705,2.0007103113531417,2.0007103113531417
standardized,hsbc,USD,SGD,USD/SGD,1,Indicative board,board,"SGD 40,000 – 100,000",std_40k_100k,indicative_fx,2026-9-4,2026-9-4,2026-09-04T16:30:39.346350+00:00,1.2924,1.2417,1.26705,2.0007103113531417,2.0007103113531417
standardized,hsbc,USD,SGD,USD/SGD,1,Indicative board,board,SGD 50 – 200,std_50_200,indicative_fx,2026-9-4,2026-9-4,2026-09-04T16:30:39.346350+00:00,1.2924,1.2417,1.26705,2.0007103113531417,2.0007103113531417
standardized,hsbc,USD,SGD,USD/SGD,1,Indicative board,board,SGD < 50,std_lt_50,indicative_fx,2026-9-4,2026-9-4,2026-09-04T16:30:39.346350+00:00,1.2924,1.2417,1.26705,2.0007103113531417,2.0007103113531417
standardized,hsbc,ZAR,SGD,ZAR/SGD,1,Indicative board,board,"SGD 200 – 39,999.99",std_200_40k,indicative_fx,2026-9-4,2026-9-4,2026-09-04T16:30:39.346350+00:00,0.0818,0.0766,0.07919999999999999,3.2828282828282895,3.282828282828272
standardized,hsbc,ZAR,SGD,ZAR/SGD,1,Indicative board,board,"SGD 40,000 – 100,000",std_40k_100k,indicative_fx,2026-9-4,2026-9-4,2026-09-04T16:30:39.346350+00:00,0.0818,0.0766,0.07919999999999999,3.2828282828282895,3.282828282828272
standardized,hsbc,ZAR,SGD,ZAR/SGD,1,Indicative board,board,SGD 50 – 200,std_50_200,indicative_fx,2026-9-4,2026-9-4,2026-09-04T16:30:39.346350+00:00,0.0818,0.0766,0.07919999999999999,3.2828282828282895,3.282828282828272
standardized,hsbc,ZAR,SGD,ZAR/SGD,1,Indicative board,board,SGD < 50,std_lt_50,indicative_fx,2026-9-4,2026-9-4,2026-09-04T16:30:39.346350+00:00,0.0818,0.0766,0.07919999999999999,3.2828282828282895,3.282828282828272
standardized,ocbc,AED,SGD,AED/SGD,100,"SGD 0 – 39,999.99",tier_1,"SGD 200 – 39,999.99",std_200_40k,fxRatesSgd,2026-09-04T07:00:14,2026-09-04T07:00:14,2026-09-04T16:30:37.183028+00:00,35.3906,33.3878,34.3892,2.9119607318576666,2.911960731857687
standardized,ocbc,AED,SGD,AED/SGD,100,"SGD 40,000 – 100,000",tier_2,"SGD 40,000 – 100,000",std_40k_100k,fxRatesSgd,2026-09-04T07:00:14,2026-09-04T07:00:14,2026-09-04T16:30:37.183028+00:00,35.3801,33.4049,34.3892,2.8814278901515484,2.8622358182220133
standardized,ocbc,AED,SGD,AED/SGD,100,"SGD 0 – 39,999.99",tier_1,SGD 50 – 200,std_50_200,fxRatesSgd,2026-09-04T07:00:14,2026-09-04T07:00:14,2026-09-04T16:30:37.183028+00:00,35.3906,33.3878,34.3892,2.9119607318576666,2.911960731857687
standardized,ocbc,AED,SGD,AED/SGD,100,"SGD 0 – 39,999.99",tier_1,SGD < 50,std_lt_50,fxRatesSgd,2026-09-04T07:00:14,2026-09-04T07:00:14,2026-09-04T16:30:37.183028+00:00,35.3906,33.3878,34.3892,2.9119607318576666,2.911960731857687
standardized,ocbc,AUD,SGD,AUD/SGD,1,"SGD 0 – 39,999.99",tier_1,"SGD 200 – 39,999.99",std_200_40k,fxRatesSgd,2026-09-04T07:00:14,2026-09-04T07:00:14,2026-09-04T16:30:37.183028+00:00,0.929,0.8995,0.9143,1.6077873783222187,1.6187247074264504
standardized,ocbc,AUD,SGD,AUD/SGD,1,"SGD 40,000 – 100,000",tier_2,"SGD 40,000 – 100,000",std_40k_100k,fxRatesSgd,2026-09-04T07:00:14,2026-09-04T07:00:14,2026-09-04T16:30:37.183028+00:00,0.9271,0.9013,0.9143,1.3999781253417953,1.4218527835502583
standardized,ocbc,AUD,SGD,AUD/SGD,1,"SGD 0 – 39,999.99",tier_1,SGD 50 – 200,std_50_200,fxRatesSgd,2026-09-04T07:00:14,2026-09-04T07:00:14,2026-09-04T16:30:37.183028+00:00,0.929,0.8995,0.9143,1.6077873783222187,1.6187247074264504
standardized,ocbc,AUD,SGD,AUD/SGD,1,"SGD 0 – 39,999.99",tier_1,SGD < 50,std_lt_50,fxRatesSgd,2026-09-04T07:00:14,2026-09-04T07:00:14,2026-09-04T16:30:37.183028+00:00,0.929,0.8995,0.9143,1.6077873783222187,1.6187247074264504
standardized,ocbc,BGN,SGD,BGN/SGD,100,"SGD 0 – 39,999.99",tier_1,"SGD 200 – 39,999.99",std_200_40k,fxRatesSgd,2026-09-04T07:00:14,2026-09-04T07:00:14,2026-09-04T16:30:37.183028+00:00,0.0,0.0,0.0,,
standardized,ocbc,BGN,SGD,BGN/SGD,100,"SGD 40,000 – 100,000",tier_2,"SGD 40,000 – 100,000",std_40k_100k,fxRatesSgd,2026-09-04T07:00:14,2026-09-04T07:00:14,2026-09-04T16:30:37.183028+00:00,0.0,0.0,0.0,,
standardized,ocbc,BGN,SGD,BGN/SGD,100,"SGD 0 – 39,999.99",tier_1,SGD 50 – 200,std_50_200,fxRatesSgd,2026-09-04T07:00:14,2026-09-04T07:00:14,2026-09-04T16:30:37.183028+00:00,0.0,0.0,0.0,,
standardized,ocbc,BGN,SGD,BGN/SGD,100,"SGD 0 – 39,999.99",tier_1,SGD < 50,std_lt_50,fxRatesSgd,2026-09-04T07:00:14,2026-09-04T07:00:14,2026-09-04T16:30:37.183028+00:00,0.0,0.0,0.0,,
standardized,ocbc,BHD,SGD,BHD/SGD,1,"SGD 0 – 39,999.99",tier_1,"SGD 200 – 39,999.99",std_200_40k,fxRatesSgd,2026-09-04T07:00:14,2026-09-04T07:00:14,2026-09-04T16:30:37.183028+00:00,0.0,0.0,0.0,,
standardized,ocbc,BHD,SGD,BHD/SGD,1,"SGD 40,000 – 100,000",tier_2,"SGD 40,000 – 100,000",std_40k_100k,fxRatesSgd,2026-09-04T07:00:14,2026-09-04T07:00:14,2026-09-04T16:30:37.183028+00:00,0.0,0.0,0.0,,
standardized,ocbc,BHD,SGD,BHD/SGD,1,"SGD 0 – 39,999.99",tier_1,SGD 50 – 200,std_50_200,fxRatesSgd,2026-09-04T07:00:14,2026-09-04T07:00:14,2026-09-04T16:30:37.183028+00:00,0.0,0.0,0.0,,
standardized,ocbc,BHD,SGD,BHD/SGD,1,"SGD 0 – 39,999.99",tier_1,SGD < 50,std_lt_50,fxRatesSgd,2026-09-04T07:00:14,2026-09-04T07:00:14,2026-09-04T16:30:37.183028+00:00,0.0,0.0,0.0,,
standardized,ocbc,CAD,SGD,CAD/SGD,1,"SGD 0 – 39,999.99",tier_1,"SGD 200 – 39,999.99",std_200_40k,fxRatesSgd,2026-09-04T07:00:14,2026-09-04T07:00:14,2026-09-04T16:30:37.183028+00:00,0.9344,0.9012,0.9178,1.808672913488784,1.8086729134887718
standardized,ocbc,CAD,SGD,CAD/SGD,1,"SGD 40,000 – 100,000",tier_2,"SGD 40,000 – 100,000",std_40k_100k,fxRatesSgd,2026-09-04T07:00:14,2026-09-04T07:00:14,2026-09-04T16:30:37.183028+00:00,0.9326,0.903,0.9178,1.6125517541948176,1.6125517541948056
standardized,ocbc,CAD,SGD,CAD/SGD,1,"SGD 0 – 39,999.99",tier_1,SGD 50 – 200,std_50_200,fxRatesSgd,2026-09-04T07:00:14,2026-09-04T07:00:14,2026-09-04T16:30:37.183028+00:00,0.9344,0.9012,0.9178,1.808672913488784,1.8086729134887718
standardized,ocbc,CAD,SGD,CAD/SGD,1,"SGD 0 – 39,999.99",tier_1,SGD < 50,std_lt_50,fxRatesSgd,2026-09-04T07:00:14,2026-09-04T07:00:14,2026-09-04T16:30:37.183028+00:00,0.9344,0.9012,0.9178,1.808672913488784,1.8086729134887718
standardized,ocbc,CHF,SGD,CHF/SGD,100,"SGD 0 – 39,999.99",tier_1,"SGD 200 – 39,999.99",std_200_40k,fxRatesSgd,2026-09-04T07:00:14,2026-09-04T07:00:14,2026-09-04T16:30:37.183028+00:00,159.4463,153.7743,156.6103,1.8108642918122326,1.8108642918122146
standardized,ocbc,CHF,SGD,CHF/SGD,100,"SGD 40,000 – 100,000",tier_2,"SGD 40,000 – 100,000",std_40k_100k,fxRatesSgd,2026-09-04T07:00:14,2026-09-04T07:00:14,2026-09-04T16:30:37.183028+00:00,159.133,154.0875,156.6103,1.6108135927202838,1.6108774454809098
standardized,ocbc,CHF,SGD,CHF/SGD,100,"SGD 0 – 39,999.99",tier_1,SGD 50 – 200,std_50_200,fxRatesSgd,2026-09-04T07:00:14,2026-09-04T07:00:14,2026-09-04T16:30:37.183028+00:00,159.4463,153.7743,156.6103,1.8108642918122326,1.8108642918122146
standardized,ocbc,CHF,SGD,CHF/SGD,100,"SGD 0 – 39,999.99",tier_1,SGD < 50,std_lt_50,fxRatesSgd,2026-09-04T07:00:14,2026-09-04T07:00:14,2026-09-04T16:30:37.183028+00:00,159.4463,153.7743,156.6103,1.8108642918122326,1.8108642918122146
standardized,ocbc,CNH,SGD,CNH/SGD,100,"SGD 0 – 39,999.99",tier_1,"SGD 200 – 39,999.99",std_200_40k,fxRatesSgd,2026-09-04T07:00:14,2026-09-04T07:00:14,2026-09-04T16:30:37.183028+00:00,19.228,18.6584,18.9432,1.503441868322145,1.503441868322145
standardized,ocbc,CNH,SGD,CNH/SGD,100,"SGD 40,000 – 100,000",tier_2,"SGD 40,000 – 100,000",std_40k_100k,fxRatesSgd,2026-09-04T07:00:14,2026-09-04T07:00:14,2026-09-04T16:30:37.183028+00:00,19.2091,18.6773,18.9432,1.4036699184931716,1.4036699184931902
standardized,ocbc,CNH,SGD,CNH/SGD,100,"SGD 0 – 39,999.99",tier_1,SGD 50 – 200,std_50_200,fxRatesSgd,2026-09-04T07:00:14,2026-09-04T07:00:14,2026-09-04T16:30:37.183028+00:00,19.228,18.6584,18.9432,1.503441868322145,1.503441868322145
standardized,ocbc,CNH,SGD,CNH/SGD,100,"SGD 0 – 39,999.99",tier_1,SGD < 50,std_lt_50,fxRatesSgd,2026-09-04T07:00:14,2026-09-04T07:00:14,2026-09-04T16:30:37.183028+00:00,19.228,18.6584,18.9432,1.503441868322145,1.503441868322145
standardized,ocbc,CZK,SGD,CZK/SGD,100,"SGD 0 – 39,999.99",tier_1,"SGD 200 – 39,999.99",std_200_40k,fxRatesSgd,2026-09-04T07:00:14,2026-09-04T07:00:14,2026-09-04T16:30:37.183028+00:00,0.0,0.0,0.0,,
standardized,ocbc,CZK,SGD,CZK/SGD,100,"SGD 40,000 – 100,000",tier_2,"SGD 40,000 – 100,000",std_40k_100k,fxRatesSgd,2026-09-04T07:00:14,2026-09-04T07:00:14,2026-09-04T16:30:37.183028+00:00,0.0,0.0,0.0,,
standardized,ocbc,CZK,SGD,CZK/SGD,100,"SGD 0 – 39,999.99",tier_1,SGD 50 – 200,std_50_200,fxRatesSgd,2026-09-04T07:00:14,2026-09-04T07:00:14,2026-09-04T16:30:37.183028+00:00,0.0,0.0,0.0,,
standardized,ocbc,CZK,SGD,CZK/SGD,100,"SGD 0 – 39,999.99",tier_1,SGD < 50,std_lt_50,fxRatesSgd,2026-09-04T07:00:14,2026-09-04T07:00:14,2026-09-04T16:30:37.183028+00:00,0.0,0.0,0.0,,
standardized,ocbc,DKK,SGD,DKK/SGD,100,"SGD 0 – 39,999.99",tier_1,"SGD 200 – 39,999.99",std_200_40k,fxRatesSgd,2026-09-04T07:00:14,2026-09-04T07:00:14,2026-09-04T16:30:37.183028+00:00,20.0577,19.3454,19.7016,1.8074674138141136,1.8079749868030903
standardized,ocbc,DKK,SGD,DKK/SGD,100,"SGD 40,000 – 100,000",tier_2,"SGD 40,000 – 100,000",std_40k_100k,fxRatesSgd,2026-09-04T07:00:14,2026-09-04T07:00:14,2026-09-04T16:30:37.183028+00:00,20.0182,19.3848,19.7016,1.6069760831607642,1.6079912291387535
standardized,ocbc,DKK,SGD,DKK/SGD,100,"SGD 0 – 39,999.99",tier_1,SGD 50 – 200,std_50_200,fxRatesSgd,2026-09-04T07:00:14,2026-09-04T07:00:14,2026-09-04T16:30:37.183028+00:00,20.0577,19.3454,19.7016,1.8074674138141136,1.8079749868030903
standardized,ocbc,DKK,SGD,DKK/SGD,100,"SGD 0 – 39,999.99",tier_1,SGD < 50,std_lt_50,fxRatesSgd,2026-09-04T07:00:14,2026-09-04T07:00:14,2026-09-04T16:30:37.183028+00:00,20.0577,19.3454,19.7016,1.8074674138141136,1.8079749868030903
standardized,ocbc,EUR,SGD,EUR/SGD,1,"SGD 0 – 39,999.99",tier_1,"SGD 200 – 39,999.99",std_200_40k,fxRatesSgd,2026-09-04T07:00:14,2026-09-04T07:00:14,2026-09-04T16:30:37.183028+00:00,1.4892,1.4526,1.4709,1.244136243116458,1.244136243116473
standardized,ocbc,EUR,SGD,EUR/SGD,1,"SGD 40,000 – 100,000",tier_2,"SGD 40,000 – 100,000",std_40k_100k,fxRatesSgd,2026-09-04T07:00:14,2026-09-04T07:00:14,2026-09-04T16:30:37.183028+00:00,1.4874,1.4545,1.4709,1.1217621864164768,1.1149636277109383
standardized,ocbc,EUR,SGD,EUR/SGD,1,"SGD 0 – 39,999.99",tier_1,SGD 50 – 200,std_50_200,fxRatesSgd,2026-09-04T07:00:14,2026-09-04T07:00:14,2026-09-04T16:30:37.183028+00:00,1.4892,1.4526,1.4709,1.244136243116458,1.244136243116473
standardized,ocbc,EUR,SGD,EUR/SGD,1,"SGD 0 – 39,999.99",tier_1,SGD < 50,std_lt_50,fxRatesSgd,2026-09-04T07:00:14,2026-09-04T07:00:14,2026-09-04T16:30:37.183028+00:00,1.4892,1.4526,1.4709,1.244136243116458,1.244136243116473
standardized,ocbc,GBP,SGD,GBP/SGD,1,"SGD 0 – 39,999.99",tier_1,"SGD 200 – 39,999.99",std_200_40k,fxRatesSgd,2026-09-04T07:00:14,2026-09-04T07:00:14,2026-09-04T16:30:37.183028+00:00,1.7372,1.6911,1.7142,1.341733753354342,1.3475673783689126
standardized,ocbc,GBP,SGD,GBP/SGD,1,"SGD 40,000 – 100,000",tier_2,"SGD 40,000 – 100,000",std_40k_100k,fxRatesSgd,2026-09-04T07:00:14,2026-09-04T07:00:14,2026-09-04T16:30:37.183028+00:00,1.7355,1.6932,1.7142,1.242562128106411,1.2250612530626477
standardized,ocbc,GBP,SGD,GBP/SGD,1,"SGD 0 – 39,999.99",tier_1,SGD 50 – 200,std_50_200,fxRatesSgd,2026-09-04T07:00:14,2026-09-04T07:00:14,2026-09-04T16:30:37.183028+00:00,1.7372,1.6911,1.7142,1.341733753354342,1.3475673783689126
standardized,ocbc,GBP,SGD,GBP/SGD,1,"SGD 0 – 39,999.99",tier_1,SGD < 50,std_lt_50,fxRatesSgd,2026-09-04T07:00:14,2026-09-04T07:00:14,2026-09-04T16:30:37.183028+00:00,1.7372,1.6911,1.7142,1.341733753354342,1.3475673783689126
standardized,ocbc,HKD,SGD,HKD/SGD,100,"SGD 0 – 39,999.99",tier_1,"SGD 200 – 39,999.99",std_200_40k,fxRatesSgd,2026-09-04T07:00:14,2026-09-04T07:00:14,2026-09-04T16:30:37.183028+00:00,16.3709,15.9745,16.1727,1.2255220216785072,1.225522021678496
standardized,ocbc,HKD,SGD,HKD/SGD,100,"SGD 40,000 – 100,000",tier_2,"SGD 40,000 – 100,000",std_40k_100k,fxRatesSgd,2026-09-04T07:00:14,2026-09-04T07:00:14,2026-09-04T16:30:37.183028+00:00,16.3418,15.9842,16.1727,1.0455891718760644,1.1655444050776893
standardized,ocbc,HKD,SGD,HKD/SGD,100,"SGD 0 – 39,999.99",tier_1,SGD 50 – 200,std_50_200,fxRatesSgd,2026-09-04T07:00:14,2026-09-04T07:00:14,2026-09-04T16:30:37.183028+00:00,16.3709,15.9745,16.1727,1.2255220216785072,1.225522021678496
standardized,ocbc,HKD,SGD,HKD/SGD,100,"SGD 0 – 39,999.99",tier_1,SGD < 50,std_lt_50,fxRatesSgd,2026-09-04T07:00:14,2026-09-04T07:00:14,2026-09-04T16:30:37.183028+00:00,16.3709,15.9745,16.1727,1.2255220216785072,1.225522021678496
standardized,ocbc,HUF,SGD,HUF/SGD,100,"SGD 0 – 39,999.99",tier_1,"SGD 200 – 39,999.99",std_200_40k,fxRatesSgd,2026-09-04T07:00:14,2026-09-04T07:00:14,2026-09-04T16:30:37.183028+00:00,0.0,0.0,0.0,,
standardized,ocbc,HUF,SGD,HUF/SGD,100,"SGD 40,000 – 100,000",tier_2,"SGD 40,000 – 100,000",std_40k_100k,fxRatesSgd,2026-09-04T07:00:14,2026-09-04T07:00:14,2026-09-04T16:30:37.183028+00:00,0.0,0.0,0.0,,
standardized,ocbc,HUF,SGD,HUF/SGD,100,"SGD 0 – 39,999.99",tier_1,SGD 50 – 200,std_50_200,fxRatesSgd,2026-09-04T07:00:14,2026-09-04T07:00:14,2026-09-04T16:30:37.183028+00:00,0.0,0.0,0.0,,
standardized,ocbc,HUF,SGD,HUF/SGD,100,"SGD 0 – 39,999.99",tier_1,SGD < 50,std_lt_50,fxRatesSgd,2026-09-04T07:00:14,2026-09-04T07:00:14,2026-09-04T16:30:37.183028+00:00,0.0,0.0,0.0,,
standardized,ocbc,IDR,SGD,IDR/SGD,100,"SGD 0 – 39,999.99",tier_1,"SGD 200 – 39,999.99",std_200_40k,fxRatesSgd,2026-09-04T07:00:14,2026-09-04T07:00:14,2026-09-04T16:30:37.183028+00:00,0.0074,0.0,0.0074,0.0,100.0
standardized,ocbc,IDR,SGD,IDR/SGD,100,"SGD 40,000 – 100,000",tier_2,"SGD 40,000 – 100,000",std_40k_100k,fxRatesSgd,2026-09-04T07:00:14,2026-09-04T07:00:14,2026-09-04T16:30:37.183028+00:00,0.0074,0.0,0.0074,0.0,100.0
standardized,ocbc,IDR,SGD,IDR/SGD,100,"SGD 0 – 39,999.99",tier_1,SGD 50 – 200,std_50_200,fxRatesSgd,2026-09-04T07:00:14,2026-09-04T07:00:14,2026-09-04T16:30:37.183028+00:00,0.0074,0.0,0.0074,0.0,100.0
standardized,ocbc,IDR,SGD,IDR/SGD,100,"SGD 0 – 39,999.99",tier_1,SGD < 50,std_lt_50,fxRatesSgd,2026-09-04T07:00:14,2026-09-04T07:00:14,2026-09-04T16:30:37.183028+00:00,0.0074,0.0,0.0074,0.0,100.0
standardized,ocbc,ILS,SGD,ILS/SGD,100,"SGD 0 – 39,999.99",tier_1,"SGD 200 – 39,999.99",std_200_40k,fxRatesSgd,2026-09-04T07:00:14,2026-09-04T07:00:14,2026-09-04T16:30:37.183028+00:00,0.0,0.0,0.0,,
standardized,ocbc,ILS,SGD,ILS/SGD,100,"SGD 40,000 – 100,000",tier_2,"SGD 40,000 – 100,000",std_40k_100k,fxRatesSgd,2026-09-04T07:00:14,2026-09-04T07:00:14,2026-09-04T16:30:37.183028+00:00,0.0,0.0,0.0,,
standardized,ocbc,ILS,SGD,ILS/SGD,100,"SGD 0 – 39,999.99",tier_1,SGD 50 – 200,std_50_200,fxRatesSgd,2026-09-04T07:00:14,2026-09-04T07:00:14,2026-09-04T16:30:37.183028+00:00,0.0,0.0,0.0,,
standardized,ocbc,ILS,SGD,ILS/SGD,100,"SGD 0 – 39,999.99",tier_1,SGD < 50,std_lt_50,fxRatesSgd,2026-09-04T07:00:14,2026-09-04T07:00:14,2026-09-04T16:30:37.183028+00:00,0.0,0.0,0.0,,
standardized,ocbc,INR,SGD,INR/SGD,100,"SGD 0 – 39,999.99",tier_1,"SGD 200 – 39,999.99",std_200_40k,fxRatesSgd,2026-09-04T07:00:14,2026-09-04T07:00:14,2026-09-04T16:30:37.183028+00:00,1.3823,0.0,1.3823,0.0,100.0
standardized,ocbc,INR,SGD,INR/SGD,100,"SGD 40,000 – 100,000",tier_2,"SGD 40,000 – 100,000",std_40k_100k,fxRatesSgd,2026-09-04T07:00:14,2026-09-04T07:00:14,2026-09-04T16:30:37.183028+00:00,1.3796,0.0,1.3823,-0.19532662953050325,100.0
standardized,ocbc,INR,SGD,INR/SGD,100,"SGD 0 – 39,999.99",tier_1,SGD 50 – 200,std_50_200,fxRatesSgd,2026-09-04T07:00:14,2026-09-04T07:00:14,2026-09-04T16:30:37.183028+00:00,1.3823,0.0,1.3823,0.0,100.0
standardized,ocbc,INR,SGD,INR/SGD,100,"SGD 0 – 39,999.99",tier_1,SGD < 50,std_lt_50,fxRatesSgd,2026-09-04T07:00:14,2026-09-04T07:00:14,2026-09-04T16:30:37.183028+00:00,1.3823,0.0,1.3823,0.0,100.0
standardized,ocbc,JOD,SGD,JOD/SGD,1,"SGD 0 – 39,999.99",tier_1,"SGD 200 – 39,999.99",std_200_40k,fxRatesSgd,2026-09-04T07:00:14,2026-09-04T07:00:14,2026-09-04T16:30:37.183028+00:00,0.0,0.0,0.0,,
standardized,ocbc,JOD,SGD,JOD/SGD,1,"SGD 40,000 – 100,000",tier_2,"SGD 40,000 – 100,000",std_40k_100k,fxRatesSgd,2026-09-04T07:00:14,2026-09-04T07:00:14,2026-09-04T16:30:37.183028+00:00,0.0,0.0,0.0,,
standardized,ocbc,JOD,SGD,JOD/SGD,1,"SGD 0 – 39,999.99",tier_1,SGD 50 – 200,std_50_200,fxRatesSgd,2026-09-04T07:00:14,2026-09-04T07:00:14,2026-09-04T16:30:37.183028+00:00,0.0,0.0,0.0,,
standardized,ocbc,JOD,SGD,JOD/SGD,1,"SGD 0 – 39,999.99",tier_1,SGD < 50,std_lt_50,fxRatesSgd,2026-09-04T07:00:14,2026-09-04T07:00:14,2026-09-04T16:30:37.183028+00:00,0.0,0.0,0.0,,
standardized,ocbc,JPY,SGD,JPY/SGD,100,"SGD 0 – 39,999.99",tier_1,"SGD 200 – 39,999.99",std_200_40k,fxRatesSgd,2026-09-04T07:00:14,2026-09-04T07:00:14,2026-09-04T16:30:37.183028+00:00,0.8212,0.8011,0.8112,1.2327416173570032,1.2450690335305719
standardized,ocbc,JPY,SGD,JPY/SGD,100,"SGD 40,000 – 100,000",tier_2,"SGD 40,000 – 100,000",std_40k_100k,fxRatesSgd,2026-09-04T07:00:14,2026-09-04T07:00:14,2026-09-04T16:30:37.183028+00:00,0.8204,0.8024,0.8112,1.13412228796844,1.0848126232741653
standardized,ocbc,JPY,SGD,JPY/SGD,100,"SGD 0 – 39,999.99",tier_1,SGD 50 – 200,std_50_200,fxRatesSgd,2026-09-04T07:00:14,2026-09-04T07:00:14,2026-09-04T16:30:37.183028+00:00,0.8212,0.8011,0.8112,1.2327416173570032,1.2450690335305719
standardized,ocbc,JPY,SGD,JPY/SGD,100,"SGD 0 – 39,999.99",tier_1,SGD < 50,std_lt_50,fxRatesSgd,2026-09-04T07:00:14,2026-09-04T07:00:14,2026-09-04T16:30:37.183028+00:00,0.8212,0.8011,0.8112,1.2327416173570032,1.2450690335305719
standardized,ocbc,KRW,SGD,KRW/SGD,100,"SGD 0 – 39,999.99",tier_1,"SGD 200 – 39,999.99",std_200_40k,fxRatesSgd,2026-09-04T07:00:14,2026-09-04T07:00:14,2026-09-04T16:30:37.183028+00:00,0.0,0.0,0.0,,
standardized,ocbc,KRW,SGD,KRW/SGD,100,"SGD 40,000 – 100,000",tier_2,"SGD 40,000 – 100,000",std_40k_100k,fxRatesSgd,2026-09-04T07:00:14,2026-09-04T07:00:14,2026-09-04T16:30:37.183028+00:00,0.0,0.0,0.0,,
standardized,ocbc,KRW,SGD,KRW/SGD,100,"SGD 0 – 39,999.99",tier_1,SGD 50 – 200,std_50_200,fxRatesSgd,2026-09-04T07:00:14,2026-09-04T07:00:14,2026-09-04T16:30:37.183028+00:00,0.0,0.0,0.0,,
standardized,ocbc,KRW,SGD,KRW/SGD,100,"SGD 0 – 39,999.99",tier_1,SGD < 50,std_lt_50,fxRatesSgd,2026-09-04T07:00:14,2026-09-04T07:00:14,2026-09-04T16:30:37.183028+00:00,0.0,0.0,0.0,,
standardized,ocbc,LKR,SGD,LKR/SGD,100,"SGD 0 – 39,999.99",tier_1,"SGD 200 – 39,999.99",std_200_40k,fxRatesSgd,2026-09-04T07:00:14,2026-09-04T07:00:14,2026-09-04T16:30:37.183028+00:00,0.3981,0.0,0.3981,0.0,100.0
standardized,ocbc,LKR,SGD,LKR/SGD,100,"SGD 40,000 – 100,000",tier_2,"SGD 40,000 – 100,000",std_40k_100k,fxRatesSgd,2026-09-04T07:00:14,2026-09-04T07:00:14,2026-09-04T16:30:37.183028+00:00,0.3974,0.0,0.3981,-0.17583521728209844,100.0
standardized,ocbc,LKR,SGD,LKR/SGD,100,"SGD 0 – 39,999.99",tier_1,SGD 50 – 200,std_50_200,fxRatesSgd,2026-09-04T07:00:14,2026-09-04T07:00:14,2026-09-04T16:30:37.183028+00:00,0.3981,0.0,0.3981,0.0,100.0
standardized,ocbc,LKR,SGD,LKR/SGD,100,"SGD 0 – 39,999.99",tier_1,SGD < 50,std_lt_50,fxRatesSgd,2026-09-04T07:00:14,2026-09-04T07:00:14,2026-09-04T16:30:37.183028+00:00,0.3981,0.0,0.3981,0.0,100.0
standardized,ocbc,MAD,SGD,MAD/SGD,100,"SGD 0 – 39,999.99",tier_1,"SGD 200 – 39,999.99",std_200_40k,fxRatesSgd,2026-09-04T07:00:14,2026-09-04T07:00:14,2026-09-04T16:30:37.183028+00:00,0.0,0.0,0.0,,
standardized,ocbc,MAD,SGD,MAD/SGD,100,"SGD 40,000 – 100,000",tier_2,"SGD 40,000 – 100,000",std_40k_100k,fxRatesSgd,2026-09-04T07:00:14,2026-09-04T07:00:14,2026-09-04T16:30:37.183028+00:00,0.0,0.0,0.0,,
standardized,ocbc,MAD,SGD,MAD/SGD,100,"SGD 0 – 39,999.99",tier_1,SGD 50 – 200,std_50_200,fxRatesSgd,2026-09-04T07:00:14,2026-09-04T07:00:14,2026-09-04T16:30:37.183028+00:00,0.0,0.0,0.0,,
standardized,ocbc,MAD,SGD,MAD/SGD,100,"SGD 0 – 39,999.99",tier_1,SGD < 50,std_lt_50,fxRatesSgd,2026-09-04T07:00:14,2026-09-04T07:00:14,2026-09-04T16:30:37.183028+00:00,0.0,0.0,0.0,,
standardized,ocbc,MXN,SGD,MXN/SGD,100,"SGD 0 – 39,999.99",tier_1,"SGD 200 – 39,999.99",std_200_40k,fxRatesSgd,2026-09-04T07:00:14,2026-09-04T07:00:14,2026-09-04T16:30:37.183028+00:00,7.7237,0.0,7.7237,0.0,100.0
standardized,ocbc,MXN,SGD,MXN/SGD,100,"SGD 40,000 – 100,000",tier_2,"SGD 40,000 – 100,000",std_40k_100k,fxRatesSgd,2026-09-04T07:00:14,2026-09-04T07:00:14,2026-09-04T16:30:37.183028+00:00,7.7222,0.0,7.7237,-0.019420743943965417,100.0
standardized,ocbc,MXN,SGD,MXN/SGD,100,"SGD 0 – 39,999.99",tier_1,SGD 50 – 200,std_50_200,fxRatesSgd,2026-09-04T07:00:14,2026-09-04T07:00:14,2026-09-04T16:30:37.183028+00:00,7.7237,0.0,7.7237,0.0,100.0
standardized,ocbc,MXN,SGD,MXN/SGD,100,"SGD 0 – 39,999.99",tier_1,SGD < 50,std_lt_50,fxRatesSgd,2026-09-04T07:00:14,2026-09-04T07:00:14,2026-09-04T16:30:37.183028+00:00,7.7237,0.0,7.7237,0.0,100.0
standardized,ocbc,MYR,SGD,MYR/SGD,100,"SGD 0 – 39,999.99",tier_1,"SGD 200 – 39,999.99",std_200_40k,fxRatesSgd,2026-09-04T07:00:14,2026-09-04T07:00:14,2026-09-04T16:30:37.183028+00:00,0.0,0.0,0.0,,
standardized,ocbc,MYR,SGD,MYR/SGD,100,"SGD 40,000 – 100,000",tier_2,"SGD 40,000 – 100,000",std_40k_100k,fxRatesSgd,2026-09-04T07:00:14,2026-09-04T07:00:14,2026-09-04T16:30:37.183028+00:00,0.0,0.0,0.0,,
standardized,ocbc,MYR,SGD,MYR/SGD,100,"SGD 0 – 39,999.99",tier_1,SGD 50 – 200,std_50_200,fxRatesSgd,2026-09-04T07:00:14,2026-09-04T07:00:14,2026-09-04T16:30:37.183028+00:00,0.0,0.0,0.0,,
standardized,ocbc,MYR,SGD,MYR/SGD,100,"SGD 0 – 39,999.99",tier_1,SGD < 50,std_lt_50,fxRatesSgd,2026-09-04T07:00:14,2026-09-04T07:00:14,2026-09-04T16:30:37.183028+00:00,0.0,0.0,0.0,,
standardized,ocbc,NOK,SGD,NOK/SGD,100,"SGD 0 – 39,999.99",tier_1,"SGD 200 – 39,999.99",std_200_40k,fxRatesSgd,2026-09-04T07:00:14,2026-09-04T07:00:14,2026-09-04T16:30:37.183028+00:00,13.8641,13.3699,13.617,1.814643460380404,1.8146434603804174
standardized,ocbc,NOK,SGD,NOK/SGD,100,"SGD 40,000 – 100,000",tier_2,"SGD 40,000 – 100,000",std_40k_100k,fxRatesSgd,2026-09-04T07:00:14,2026-09-04T07:00:14,2026-09-04T16:30:37.183028+00:00,13.8369,13.3972,13.617,1.6148931482705373,1.6141587721230892
standardized,ocbc,NOK,SGD,NOK/SGD,100,"SGD 0 – 39,999.99",tier_1,SGD 50 – 200,std_50_200,fxRatesSgd,2026-09-04T07:00:14,2026-09-04T07:00:14,2026-09-04T16:30:37.183028+00:00,13.8641,13.3699,13.617,1.814643460380404,1.8146434603804174
standardized,ocbc,NOK,SGD,NOK/SGD,100,"SGD 0 – 39,999.99",tier_1,SGD < 50,std_lt_50,fxRatesSgd,2026-09-04T07:00:14,2026-09-04T07:00:14,2026-09-04T16:30:37.183028+00:00,13.8641,13.3699,13.617,1.814643460380404,1.8146434603804174
standardized,ocbc,NZD,SGD,NZD/SGD,1,"SGD 0 – 39,999.99",tier_1,"SGD 200 – 39,999.99",std_200_40k,fxRatesSgd,2026-09-04T07:00:14,2026-09-04T07:00:14,2026-09-04T16:30:37.183028+00:00,0.7603,0.7344,0.7474,1.7259834091517292,1.7393631255017261
standardized,ocbc,NZD,SGD,NZD/SGD,1,"SGD 40,000 – 100,000",tier_2,"SGD 40,000 – 100,000",std_40k_100k,fxRatesSgd,2026-09-04T07:00:14,2026-09-04T07:00:14,2026-09-04T16:30:37.183028+00:00,0.7585,0.7366,0.7474,1.4851485148514851,1.4450093658014345
standardized,ocbc,NZD,SGD,NZD/SGD,1,"SGD 0 – 39,999.99",tier_1,SGD 50 – 200,std_50_200,fxRatesSgd,2026-09-04T07:00:14,2026-09-04T07:00:14,2026-09-04T16:30:37.183028+00:00,0.7603,0.7344,0.7474,1.7259834091517292,1.7393631255017261
standardized,ocbc,NZD,SGD,NZD/SGD,1,"SGD 0 – 39,999.99",tier_1,SGD < 50,std_lt_50,fxRatesSgd,2026-09-04T07:00:14,2026-09-04T07:00:14,2026-09-04T16:30:37.183028+00:00,0.7603,0.7344,0.7474,1.7259834091517292,1.7393631255017261
standardized,ocbc,OMR,SGD,OMR/SGD,1,"SGD 0 – 39,999.99",tier_1,"SGD 200 – 39,999.99",std_200_40k,fxRatesSgd,2026-09-04T07:00:14,2026-09-04T07:00:14,2026-09-04T16:30:37.183028+00:00,0.0,0.0,0.0,,
standardized,ocbc,OMR,SGD,OMR/SGD,1,"SGD 40,000 – 100,000",tier_2,"SGD 40,000 – 100,000",std_40k_100k,fxRatesSgd,2026-09-04T07:00:14,2026-09-04T07:00:14,2026-09-04T16:30:37.183028+00:00,0.0,0.0,0.0,,
standardized,ocbc,OMR,SGD,OMR/SGD,1,"SGD 0 – 39,999.99",tier_1,SGD 50 – 200,std_50_200,fxRatesSgd,2026-09-04T07:00:14,2026-09-04T07:00:14,2026-09-04T16:30:37.183028+00:00,0.0,0.0,0.0,,
standardized,ocbc,OMR,SGD,OMR/SGD,1,"SGD 0 – 39,999.99",tier_1,SGD < 50,std_lt_50,fxRatesSgd,2026-09-04T07:00:14,2026-09-04T07:00:14,2026-09-04T16:30:37.183028+00:00,0.0,0.0,0.0,,
standardized,ocbc,PHP,SGD,PHP/SGD,100,"SGD 0 – 39,999.99",tier_1,"SGD 200 – 39,999.99",std_200_40k,fxRatesSgd,2026-09-04T07:00:14,2026-09-04T07:00:14,2026-09-04T16:30:37.183028+00:00,2.0901,0.0,2.0901,0.0,100.0
standardized,ocbc,PHP,SGD,PHP/SGD,100,"SGD 40,000 – 100,000",tier_2,"SGD 40,000 – 100,000",std_40k_100k,fxRatesSgd,2026-09-04T07:00:14,2026-09-04T07:00:14,2026-09-04T16:30:37.183028+00:00,2.0891,0.0,2.0901,-0.04784460073680158,100.0
standardized,ocbc,PHP,SGD,PHP/SGD,100,"SGD 0 – 39,999.99",tier_1,SGD 50 – 200,std_50_200,fxRatesSgd,2026-09-04T07:00:14,2026-09-04T07:00:14,2026-09-04T16:30:37.183028+00:00,2.0901,0.0,2.0901,0.0,100.0
standardized,ocbc,PHP,SGD,PHP/SGD,100,"SGD 0 – 39,999.99",tier_1,SGD < 50,std_lt_50,fxRatesSgd,2026-09-04T07:00:14,2026-09-04T07:00:14,2026-09-04T16:30:37.183028+00:00,2.0901,0.0,2.0901,0.0,100.0
standardized,ocbc,PLN,SGD,PLN/SGD,100,"SGD 0 – 39,999.99",tier_1,"SGD 200 – 39,999.99",std_200_40k,fxRatesSgd,2026-09-04T07:00:14,2026-09-04T07:00:14,2026-09-04T16:30:37.183028+00:00,35.1325,32.9486,34.0406,3.2076402883615525,3.2079340552164144
standardized,ocbc,PLN,SGD,PLN/SGD,100,"SGD 40,000 – 100,000",tier_2,"SGD 40,000 – 100,000",std_40k_100k,fxRatesSgd,2026-09-04T07:00:14,2026-09-04T07:00:14,2026-09-04T16:30:37.183028+00:00,35.1152,32.9755,34.0406,3.1568186224684753,3.1289107712555038
standardized,ocbc,PLN,SGD,PLN/SGD,100,"SGD 0 – 39,999.99",tier_1,SGD 50 – 200,std_50_200,fxRatesSgd,2026-09-04T07:00:14,2026-09-04T07:00:14,2026-09-04T16:30:37.183028+00:00,35.1325,32.9486,34.0406,3.2076402883615525,3.2079340552164144
standardized,ocbc,PLN,SGD,PLN/SGD,100,"SGD 0 – 39,999.99",tier_1,SGD < 50,std_lt_50,fxRatesSgd,2026-09-04T07:00:14,2026-09-04T07:00:14,2026-09-04T16:30:37.183028+00:00,35.1325,32.9486,34.0406,3.2076402883615525,3.2079340552164144
standardized,ocbc,QAR,SGD,QAR/SGD,100,"SGD 0 – 39,999.99",tier_1,"SGD 200 – 39,999.99",std_200_40k,fxRatesSgd,2026-09-04T07:00:14,2026-09-04T07:00:14,2026-09-04T16:30:37.183028+00:00,35.7583,33.7141,34.7362,2.9424634819007314,2.942463481900711
standardized,ocbc,QAR,SGD,QAR/SGD,100,"SGD 40,000 – 100,000",tier_2,"SGD 40,000 – 100,000",std_40k_100k,fxRatesSgd,2026-09-04T07:00:14,2026-09-04T07:00:14,2026-09-04T16:30:37.183028+00:00,35.7371,33.7312,34.7362,2.881432050713669,2.893235299197942
standardized,ocbc,QAR,SGD,QAR/SGD,100,"SGD 0 – 39,999.99",tier_1,SGD 50 – 200,std_50_200,fxRatesSgd,2026-09-04T07:00:14,2026-09-04T07:00:14,2026-09-04T16:30:37.183028+00:00,35.7583,33.7141,34.7362,2.9424634819007314,2.942463481900711
standardized,ocbc,QAR,SGD,QAR/SGD,100,"SGD 0 – 39,999.99",tier_1,SGD < 50,std_lt_50,fxRatesSgd,2026-09-04T07:00:14,2026-09-04T07:00:14,2026-09-04T16:30:37.183028+00:00,35.7583,33.7141,34.7362,2.9424634819007314,2.942463481900711
standardized,ocbc,RON,SGD,RON/SGD,100,"SGD 0 – 39,999.99",tier_1,"SGD 200 – 39,999.99",std_200_40k,fxRatesSgd,2026-09-04T07:00:14,2026-09-04T07:00:14,2026-09-04T16:30:37.183028+00:00,0.0,0.0,0.0,,
standardized,ocbc,RON,SGD,RON/SGD,100,"SGD 40,000 – 100,000",tier_2,"SGD 40,000 – 100,000",std_40k_100k,fxRatesSgd,2026-09-04T07:00:14,2026-09-04T07:00:14,2026-09-04T16:30:37.183028+00:00,0.0,0.0,0.0,,
standardized,ocbc,RON,SGD,RON/SGD,100,"SGD 0 – 39,999.99",tier_1,SGD 50 – 200,std_50_200,fxRatesSgd,2026-09-04T07:00:14,2026-09-04T07:00:14,2026-09-04T16:30:37.183028+00:00,0.0,0.0,0.0,,
standardized,ocbc,RON,SGD,RON/SGD,100,"SGD 0 – 39,999.99",tier_1,SGD < 50,std_lt_50,fxRatesSgd,2026-09-04T07:00:14,2026-09-04T07:00:14,2026-09-04T16:30:37.183028+00:00,0.0,0.0,0.0,,
standardized,ocbc,RUB,SGD,RUB/SGD,100,"SGD 0 – 39,999.99",tier_1,"SGD 200 – 39,999.99",std_200_40k,fxRatesSgd,2026-09-04T07:00:14,2026-09-04T07:00:14,2026-09-04T16:30:37.183028+00:00,0.0,0.0,0.0,,
standardized,ocbc,RUB,SGD,RUB/SGD,100,"SGD 40,000 – 100,000",tier_2,"SGD 40,000 – 100,000",std_40k_100k,fxRatesSgd,2026-09-04T07:00:14,2026-09-04T07:00:14,2026-09-04T16:30:37.183028+00:00,0.0,0.0,0.0,,
standardized,ocbc,RUB,SGD,RUB/SGD,100,"SGD 0 – 39,999.99",tier_1,SGD 50 – 200,std_50_200,fxRatesSgd,2026-09-04T07:00:14,2026-09-04T07:00:14,2026-09-04T16:30:37.183028+00:00,0.0,0.0,0.0,,
standardized,ocbc,RUB,SGD,RUB/SGD,100,"SGD 0 – 39,999.99",tier_1,SGD < 50,std_lt_50,fxRatesSgd,2026-09-04T07:00:14,2026-09-04T07:00:14,2026-09-04T16:30:37.183028+00:00,0.0,0.0,0.0,,
standardized,ocbc,SAR,SGD,SAR/SGD,100,"SGD 0 – 39,999.99",tier_1,"SGD 200 – 39,999.99",std_200_40k,fxRatesSgd,2026-09-04T07:00:14,2026-09-04T07:00:14,2026-09-04T16:30:37.183028+00:00,34.6907,32.7803,33.7355,2.8314386921788555,2.8314386921788763
standardized,ocbc,SAR,SGD,SAR/SGD,100,"SGD 40,000 – 100,000",tier_2,"SGD 40,000 – 100,000",std_40k_100k,fxRatesSgd,2026-09-04T07:00:14,2026-09-04T07:00:14,2026-09-04T16:30:37.183028+00:00,34.6736,32.797,33.7355,2.7807502482548014,2.7819359428495347
standardized,ocbc,SAR,SGD,SAR/SGD,100,"SGD 0 – 39,999.99",tier_1,SGD 50 – 200,std_50_200,fxRatesSgd,2026-09-04T07:00:14,2026-09-04T07:00:14,2026-09-04T16:30:37.183028+00:00,34.6907,32.7803,33.7355,2.8314386921788555,2.8314386921788763
standardized,ocbc,SAR,SGD,SAR/SGD,100,"SGD 0 – 39,999.99",tier_1,SGD < 50,std_lt_50,fxRatesSgd,2026-09-04T07:00:14,2026-09-04T07:00:14,2026-09-04T16:30:37.183028+00:00,34.6907,32.7803,33.7355,2.8314386921788555,2.8314386921788763
standardized,ocbc,SEK,SGD,SEK/SGD,100,"SGD 0 – 39,999.99",tier_1,"SGD 200 – 39,999.99",std_200_40k,fxRatesSgd,2026-09-04T07:00:14,2026-09-04T07:00:14,2026-09-04T16:30:37.183028+00:00,13.4977,13.0184,13.2581,1.8071971096914292,1.8079513655802935
standardized,ocbc,SEK,SGD,SEK/SGD,100,"SGD 40,000 – 100,000",tier_2,"SGD 40,000 – 100,000",std_40k_100k,fxRatesSgd,2026-09-04T07:00:14,2026-09-04T07:00:14,2026-09-04T16:30:37.183028+00:00,13.4711,13.0449,13.2581,1.6065650432565688,1.6080735550342846
standardized,ocbc,SEK,SGD,SEK/SGD,100,"SGD 0 – 39,999.99",tier_1,SGD 50 – 200,std_50_200,fxRatesSgd,2026-09-04T07:00:14,2026-09-04T07:00:14,2026-09-04T16:30:37.183028+00:00,13.4977,13.0184,13.2581,1.8071971096914292,1.8079513655802935
standardized,ocbc,SEK,SGD,SEK/SGD,100,"SGD 0 – 39,999.99",tier_1,SGD < 50,std_lt_50,fxRatesSgd,2026-09-04T07:00:14,2026-09-04T07:00:14,2026-09-04T16:30:37.183028+00:00,13.4977,13.0184,13.2581,1.8071971096914292,1.8079513655802935
standardized,ocbc,THB,SGD,THB/SGD,100,"SGD 0 – 39,999.99",tier_1,"SGD 200 – 39,999.99",std_200_40k,fxRatesSgd,2026-09-04T07:00:14,2026-09-04T07:00:14,2026-09-04T16:30:37.183028+00:00,3.9588,3.7403,3.8496,2.836658354114712,2.8392560266001707
standardized,ocbc,THB,SGD,THB/SGD,100,"SGD 40,000 – 100,000",tier_2,"SGD 40,000 – 100,000",std_40k_100k,fxRatesSgd,2026-09-04T07:00:14,2026-09-04T07:00:14,2026-09-04T16:30:37.183028+00:00,3.9511,3.748,3.8496,2.6366375727348217,2.6392352452202803
standardized,ocbc,THB,SGD,THB/SGD,100,"SGD 0 – 39,999.99",tier_1,SGD 50 – 200,std_50_200,fxRatesSgd,2026-09-04T07:00:14,2026-09-04T07:00:14,2026-09-04T16:30:37.183028+00:00,3.9588,3.7403,3.8496,2.836658354114712,2.8392560266001707
standardized,ocbc,THB,SGD,THB/SGD,100,"SGD 0 – 39,999.99",tier_1,SGD < 50,std_lt_50,fxRatesSgd,2026-09-04T07:00:14,2026-09-04T07:00:14,2026-09-04T16:30:37.183028+00:00,3.9588,3.7403,3.8496,2.836658354114712,2.8392560266001707
standardized,ocbc,TRY,SGD,TRY/SGD,100,"SGD 0 – 39,999.99",tier_1,"SGD 200 – 39,999.99",std_200_40k,fxRatesSgd,2026-09-04T07:00:14,2026-09-04T07:00:14,2026-09-04T16:30:37.183028+00:00,2.6891,2.5776,2.6334,2.115136325662636,2.118933697881069
standardized,ocbc,TRY,SGD,TRY/SGD,100,"SGD 40,000 – 100,000",tier_2,"SGD 40,000 – 100,000",std_40k_100k,fxRatesSgd,2026-09-04T07:00:14,2026-09-04T07:00:14,2026-09-04T16:30:37.183028+00:00,2.6878,2.5778,2.6334,2.0657704868231272,2.1113389534442204
standardized,ocbc,TRY,SGD,TRY/SGD,100,"SGD 0 – 39,999.99",tier_1,SGD 50 – 200,std_50_200,fxRatesSgd,2026-09-04T07:00:14,2026-09-04T07:00:14,2026-09-04T16:30:37.183028+00:00,2.6891,2.5776,2.6334,2.115136325662636,2.118933697881069
standardized,ocbc,TRY,SGD,TRY/SGD,100,"SGD 0 – 39,999.99",tier_1,SGD < 50,std_lt_50,fxRatesSgd,2026-09-04T07:00:14,2026-09-04T07:00:14,2026-09-04T16:30:37.183028+00:00,2.6891,2.5776,2.6334,2.115136325662636,2.118933697881069
standardized,ocbc,TWD,SGD,TWD/SGD,100,"SGD 0 – 39,999.99",tier_1,"SGD 200 – 39,999.99",std_200_40k,fxRatesSgd,2026-09-04T07:00:14,2026-09-04T07:00:14,2026-09-04T16:30:37.183028+00:00,4.139,0.0,4.139,0.0,100.0
standardized,ocbc,TWD,SGD,TWD/SGD,100,"SGD 40,000 – 100,000",tier_2,"SGD 40,000 – 100,000",std_40k_100k,fxRatesSgd,2026-09-04T07:00:14,2026-09-04T07:00:14,2026-09-04T16:30:37.183028+00:00,0.0,0.0,4.139,-100.0,100.0
standardized,ocbc,TWD,SGD,TWD/SGD,100,"SGD 0 – 39,999.99",tier_1,SGD 50 – 200,std_50_200,fxRatesSgd,2026-09-04T07:00:14,2026-09-04T07:00:14,2026-09-04T16:30:37.183028+00:00,4.139,0.0,4.139,0.0,100.0
standardized,ocbc,TWD,SGD,TWD/SGD,100,"SGD 0 – 39,999.99",tier_1,SGD < 50,std_lt_50,fxRatesSgd,2026-09-04T07:00:14,2026-09-04T07:00:14,2026-09-04T16:30:37.183028+00:00,4.139,0.0,4.139,0.0,100.0
standardized,ocbc,USD,SGD,USD/SGD,1,"SGD 0 – 39,999.99",tier_1,"SGD 200 – 39,999.99",std_200_40k,fxRatesSgd,2026-09-04T07:00:14,2026-09-04T07:00:14,2026-09-04T16:30:37.183028+00:00,1.2793,1.2564,1.2679,0.8991245366353875,0.9070115939742933
standardized,ocbc,USD,SGD,USD/SGD,1,"SGD 40,000 – 100,000",tier_2,"SGD 40,000 – 100,000",std_40k_100k,fxRatesSgd,2026-09-04T07:00:14,2026-09-04T07:00:14,2026-09-04T16:30:37.183028+00:00,1.278,1.2574,1.2679,0.796592791229592,0.828141020585216
standardized,ocbc,USD,SGD,USD/SGD,1,"SGD 0 – 39,999.99",tier_1,SGD 50 – 200,std_50_200,fxRatesSgd,2026-09-04T07:00:14,2026-09-04T07:00:14,2026-09-04T16:30:37.183028+00:00,1.2793,1.2564,1.2679,0.8991245366353875,0.9070115939742933
standardized,ocbc,USD,SGD,USD/SGD,1,"SGD 0 – 39,999.99",tier_1,SGD < 50,std_lt_50,fxRatesSgd,2026-09-04T07:00:14,2026-09-04T07:00:14,2026-09-04T16:30:37.183028+00:00,1.2793,1.2564,1.2679,0.8991245366353875,0.9070115939742933
standardized,ocbc,ZAR,SGD,ZAR/SGD,100,"SGD 0 – 39,999.99",tier_1,"SGD 200 – 39,999.99",std_200_40k,fxRatesSgd,2026-09-04T07:00:14,2026-09-04T07:00:14,2026-09-04T16:30:37.183028+00:00,8.17,7.6902,7.9301,3.0251825323766353,3.0251825323766464
standardized,ocbc,ZAR,SGD,ZAR/SGD,100,"SGD 40,000 – 100,000",tier_2,"SGD 40,000 – 100,000",std_40k_100k,fxRatesSgd,2026-09-04T07:00:14,2026-09-04T07:00:14,2026-09-04T16:30:37.183028+00:00,8.166,7.6941,7.9301,2.974741806534596,2.976002824680655
standardized,ocbc,ZAR,SGD,ZAR/SGD,100,"SGD 0 – 39,999.99",tier_1,SGD 50 – 200,std_50_200,fxRatesSgd,2026-09-04T07:00:14,2026-09-04T07:00:14,2026-09-04T16:30:37.183028+00:00,8.17,7.6902,7.9301,3.0251825323766353,3.0251825323766464
standardized,ocbc,ZAR,SGD,ZAR/SGD,100,"SGD 0 – 39,999.99",tier_1,SGD < 50,std_lt_50,fxRatesSgd,2026-09-04T07:00:14,2026-09-04T07:00:14,2026-09-04T16:30:37.183028+00:00,8.17,7.6902,7.9301,3.0251825323766353,3.0251825323766464
standardized,uob,AED,SGD,AED/SGD,100,Indicative board,board,"SGD 200 – 39,999.99",std_200_40k,forex_sgd,04 September 2026 05:10:51 PM,04 September 2026 05:10:51 PM,2026-09-04T16:30:38.578210+00:00,35.36,33.66,34.51,2.4630541871921223,2.4630541871921223
standardized,uob,AED,SGD,AED/SGD,100,Indicative board,board,"SGD 40,000 – 100,000",std_40k_100k,forex_sgd,04 September 2026 05:10:51 PM,04 September 2026 05:10:51 PM,2026-09-04T16:30:38.578210+00:00,35.36,33.66,34.51,2.4630541871921223,2.4630541871921223
standardized,uob,AED,SGD,AED/SGD,100,Indicative board,board,SGD 50 – 200,std_50_200,forex_sgd,04 September 2026 05:10:51 PM,04 September 2026 05:10:51 PM,2026-09-04T16:30:38.578210+00:00,35.36,33.66,34.51,2.4630541871921223,2.4630541871921223
standardized,uob,AED,SGD,AED/SGD,100,Indicative board,board,SGD < 50,std_lt_50,forex_sgd,04 September 2026 05:10:51 PM,04 September 2026 05:10:51 PM,2026-09-04T16:30:38.578210+00:00,35.36,33.66,34.51,2.4630541871921223,2.4630541871921223
standardized,uob,AOA,SGD,AOA/SGD,100,Indicative board,board,"SGD 200 – 39,999.99",std_200_40k,forex_sgd,04 September 2026 05:10:51 PM,04 September 2026 05:10:51 PM,2026-09-04T16:30:38.578210+00:00,0.143,,,,
standardized,uob,AOA,SGD,AOA/SGD,100,Indicative board,board,"SGD 40,000 – 100,000",std_40k_100k,forex_sgd,04 September 2026 05:10:51 PM,04 September 2026 05:10:51 PM,2026-09-04T16:30:38.578210+00:00,0.143,,,,
standardized,uob,AOA,SGD,AOA/SGD,100,Indicative board,board,SGD 50 – 200,std_50_200,forex_sgd,04 September 2026 05:10:51 PM,04 September 2026 05:10:51 PM,2026-09-04T16:30:38.578210+00:00,0.143,,,,
standardized,uob,AOA,SGD,AOA/SGD,100,Indicative board,board,SGD < 50,std_lt_50,forex_sgd,04 September 2026 05:10:51 PM,04 September 2026 05:10:51 PM,2026-09-04T16:30:38.578210+00:00,0.143,,,,
standardized,uob,AUD,SGD,AUD/SGD,1,Indicative board,board,"SGD 200 – 39,999.99",std_200_40k,forex_sgd,04 September 2026 05:10:51 PM,04 September 2026 05:10:51 PM,2026-09-04T16:30:38.578210+00:00,0.9282,0.8972,0.9127000000000001,1.698257916073185,1.698257916073197
standardized,uob,AUD,SGD,AUD/SGD,1,Indicative board,board,"SGD 40,000 – 100,000",std_40k_100k,forex_sgd,04 September 2026 05:10:51 PM,04 September 2026 05:10:51 PM,2026-09-04T16:30:38.578210+00:00,0.9282,0.8972,0.9127000000000001,1.698257916073185,1.698257916073197
standardized,uob,AUD,SGD,AUD/SGD,1,Indicative board,board,SGD 50 – 200,std_50_200,forex_sgd,04 September 2026 05:10:51 PM,04 September 2026 05:10:51 PM,2026-09-04T16:30:38.578210+00:00,0.9282,0.8972,0.9127000000000001,1.698257916073185,1.698257916073197
standardized,uob,AUD,SGD,AUD/SGD,1,Indicative board,board,SGD < 50,std_lt_50,forex_sgd,04 September 2026 05:10:51 PM,04 September 2026 05:10:51 PM,2026-09-04T16:30:38.578210+00:00,0.9282,0.8972,0.9127000000000001,1.698257916073185,1.698257916073197
standardized,uob,BDT,SGD,BDT/SGD,100,Indicative board,board,"SGD 200 – 39,999.99",std_200_40k,forex_sgd,04 September 2026 05:10:51 PM,04 September 2026 05:10:51 PM,2026-09-04T16:30:38.578210+00:00,1.062,,,,
standardized,uob,BDT,SGD,BDT/SGD,100,Indicative board,board,"SGD 40,000 – 100,000",std_40k_100k,forex_sgd,04 September 2026 05:10:51 PM,04 September 2026 05:10:51 PM,2026-09-04T16:30:38.578210+00:00,1.062,,,,
standardized,uob,BDT,SGD,BDT/SGD,100,Indicative board,board,SGD 50 – 200,std_50_200,forex_sgd,04 September 2026 05:10:51 PM,04 September 2026 05:10:51 PM,2026-09-04T16:30:38.578210+00:00,1.062,,,,
standardized,uob,BDT,SGD,BDT/SGD,100,Indicative board,board,SGD < 50,std_lt_50,forex_sgd,04 September 2026 05:10:51 PM,04 September 2026 05:10:51 PM,2026-09-04T16:30:38.578210+00:00,1.062,,,,
standardized,uob,BND,SGD,BND/SGD,1,Indicative board,board,"SGD 200 – 39,999.99",std_200_40k,forex_sgd,04 September 2026 05:10:51 PM,04 September 2026 05:10:51 PM,2026-09-04T16:30:38.578210+00:00,1.0,1.0,1.0,0.0,0.0
standardized,uob,BND,SGD,BND/SGD,1,Indicative board,board,"SGD 40,000 – 100,000",std_40k_100k,forex_sgd,04 September 2026 05:10:51 PM,04 September 2026 05:10:51 PM,2026-09-04T16:30:38.578210+00:00,1.0,1.0,1.0,0.0,0.0
standardized,uob,BND,SGD,BND/SGD,1,Indicative board,board,SGD 50 – 200,std_50_200,forex_sgd,04 September 2026 05:10:51 PM,04 September 2026 05:10:51 PM,2026-09-04T16:30:38.578210+00:00,1.0,1.0,1.0,0.0,0.0
standardized,uob,BND,SGD,BND/SGD,1,Indicative board,board,SGD < 50,std_lt_50,forex_sgd,04 September 2026 05:10:51 PM,04 September 2026 05:10:51 PM,2026-09-04T16:30:38.578210+00:00,1.0,1.0,1.0,0.0,0.0
standardized,uob,CAD,SGD,CAD/SGD,1,Indicative board,board,"SGD 200 – 39,999.99",std_200_40k,forex_sgd,04 September 2026 05:10:51 PM,04 September 2026 05:10:51 PM,2026-09-04T16:30:38.578210+00:00,0.9285,0.9085,0.9185,1.0887316276537844,1.0887316276537844
standardized,uob,CAD,SGD,CAD/SGD,1,Indicative board,board,"SGD 40,000 – 100,000",std_40k_100k,forex_sgd,04 September 2026 05:10:51 PM,04 September 2026 05:10:51 PM,2026-09-04T16:30:38.578210+00:00,0.9285,0.9085,0.9185,1.0887316276537844,1.0887316276537844
standardized,uob,CAD,SGD,CAD/SGD,1,Indicative board,board,SGD 50 – 200,std_50_200,forex_sgd,04 September 2026 05:10:51 PM,04 September 2026 05:10:51 PM,2026-09-04T16:30:38.578210+00:00,0.9285,0.9085,0.9185,1.0887316276537844,1.0887316276537844
standardized,uob,CAD,SGD,CAD/SGD,1,Indicative board,board,SGD < 50,std_lt_50,forex_sgd,04 September 2026 05:10:51 PM,04 September 2026 05:10:51 PM,2026-09-04T16:30:38.578210+00:00,0.9285,0.9085,0.9185,1.0887316276537844,1.0887316276537844
standardized,uob,CHF,SGD,CHF/SGD,100,Indicative board,board,"SGD 200 – 39,999.99",std_200_40k,forex_sgd,04 September 2026 05:10:51 PM,04 September 2026 05:10:51 PM,2026-09-04T16:30:38.578210+00:00,158.4,155.1,156.75,1.0526315789473721,1.0526315789473721
standardized,uob,CHF,SGD,CHF/SGD,100,Indicative board,board,"SGD 40,000 – 100,000",std_40k_100k,forex_sgd,04 September 2026 05:10:51 PM,04 September 2026 05:10:51 PM,2026-09-04T16:30:38.578210+00:00,158.4,155.1,156.75,1.0526315789473721,1.0526315789473721
standardized,uob,CHF,SGD,CHF/SGD,100,Indicative board,board,SGD 50 – 200,std_50_200,forex_sgd,04 September 2026 05:10:51 PM,04 September 2026 05:10:51 PM,2026-09-04T16:30:38.578210+00:00,158.4,155.1,156.75,1.0526315789473721,1.0526315789473721
standardized,uob,CHF,SGD,CHF/SGD,100,Indicative board,board,SGD < 50,std_lt_50,forex_sgd,04 September 2026 05:10:51 PM,04 September 2026 05:10:51 PM,2026-09-04T16:30:38.578210+00:00,158.4,155.1,156.75,1.0526315789473721,1.0526315789473721
standardized,uob,CNH,SGD,CNH/SGD,100,Indicative board,board,"SGD 200 – 39,999.99",std_200_40k,forex_sgd,04 September 2026 05:10:51 PM,04 September 2026 05:10:51 PM,2026-09-04T16:30:38.578210+00:00,19.12,18.66,18.89,1.2175754367390177,1.2175754367390177
standardized,uob,CNH,SGD,CNH/SGD,100,Indicative board,board,"SGD 40,000 – 100,000",std_40k_100k,forex_sgd,04 September 2026 05:10:51 PM,04 September 2026 05:10:51 PM,2026-09-04T16:30:38.578210+00:00,19.12,18.66,18.89,1.2175754367390177,1.2175754367390177
standardized,uob,CNH,SGD,CNH/SGD,100,Indicative board,board,SGD 50 – 200,std_50_200,forex_sgd,04 September 2026 05:10:51 PM,04 September 2026 05:10:51 PM,2026-09-04T16:30:38.578210+00:00,19.12,18.66,18.89,1.2175754367390177,1.2175754367390177
standardized,uob,CNH,SGD,CNH/SGD,100,Indicative board,board,SGD < 50,std_lt_50,forex_sgd,04 September 2026 05:10:51 PM,04 September 2026 05:10:51 PM,2026-09-04T16:30:38.578210+00:00,19.12,18.66,18.89,1.2175754367390177,1.2175754367390177
standardized,uob,DKK,SGD,DKK/SGD,100,Indicative board,board,"SGD 200 – 39,999.99",std_200_40k,forex_sgd,04 September 2026 05:10:51 PM,04 September 2026 05:10:51 PM,2026-09-04T16:30:38.578210+00:00,20.06,19.36,19.71,1.775748351090806,1.775748351090824
standardized,uob,DKK,SGD,DKK/SGD,100,Indicative board,board,"SGD 40,000 – 100,000",std_40k_100k,forex_sgd,04 September 2026 05:10:51 PM,04 September 2026 05:10:51 PM,2026-09-04T16:30:38.578210+00:00,20.06,19.36,19.71,1.775748351090806,1.775748351090824
standardized,uob,DKK,SGD,DKK/SGD,100,Indicative board,board,SGD 50 – 200,std_50_200,forex_sgd,04 September 2026 05:10:51 PM,04 September 2026 05:10:51 PM,2026-09-04T16:30:38.578210+00:00,20.06,19.36,19.71,1.775748351090806,1.775748351090824
standardized,uob,DKK,SGD,DKK/SGD,100,Indicative board,board,SGD < 50,std_lt_50,forex_sgd,04 September 2026 05:10:51 PM,04 September 2026 05:10:51 PM,2026-09-04T16:30:38.578210+00:00,20.06,19.36,19.71,1.775748351090806,1.775748351090824
standardized,uob,EGP,SGD,EGP/SGD,100,Indicative board,board,"SGD 200 – 39,999.99",std_200_40k,forex_sgd,04 September 2026 05:10:51 PM,04 September 2026 05:10:51 PM,2026-09-04T16:30:38.578210+00:00,2.5681,,,,
standardized,uob,EGP,SGD,EGP/SGD,100,Indicative board,board,"SGD 40,000 – 100,000",std_40k_100k,forex_sgd,04 September 2026 05:10:51 PM,04 September 2026 05:10:51 PM,2026-09-04T16:30:38.578210+00:00,2.5681,,,,
standardized,uob,EGP,SGD,EGP/SGD,100,Indicative board,board,SGD 50 – 200,std_50_200,forex_sgd,04 September 2026 05:10:51 PM,04 September 2026 05:10:51 PM,2026-09-04T16:30:38.578210+00:00,2.5681,,,,
standardized,uob,EGP,SGD,EGP/SGD,100,Indicative board,board,SGD < 50,std_lt_50,forex_sgd,04 September 2026 05:10:51 PM,04 September 2026 05:10:51 PM,2026-09-04T16:30:38.578210+00:00,2.5681,,,,
standardized,uob,EUR,SGD,EUR/SGD,1,Indicative board,board,"SGD 200 – 39,999.99",std_200_40k,forex_sgd,04 September 2026 05:10:51 PM,04 September 2026 05:10:51 PM,2026-09-04T16:30:38.578210+00:00,1.4923,1.4543,1.4733,1.2896219371478927,1.2896219371479078
standardized,uob,EUR,SGD,EUR/SGD,1,Indicative board,board,"SGD 40,000 – 100,000",std_40k_100k,forex_sgd,04 September 2026 05:10:51 PM,04 September 2026 05:10:51 PM,2026-09-04T16:30:38.578210+00:00,1.4923,1.4543,1.4733,1.2896219371478927,1.2896219371479078
standardized,uob,EUR,SGD,EUR/SGD,1,Indicative board,board,SGD 50 – 200,std_50_200,forex_sgd,04 September 2026 05:10:51 PM,04 September 2026 05:10:51 PM,2026-09-04T16:30:38.578210+00:00,1.4923,1.4543,1.4733,1.2896219371478927,1.2896219371479078
standardized,uob,EUR,SGD,EUR/SGD,1,Indicative board,board,SGD < 50,std_lt_50,forex_sgd,04 September 2026 05:10:51 PM,04 September 2026 05:10:51 PM,2026-09-04T16:30:38.578210+00:00,1.4923,1.4543,1.4733,1.2896219371478927,1.2896219371479078
standardized,uob,GBP,SGD,GBP/SGD,1,Indicative board,board,"SGD 200 – 39,999.99",std_200_40k,forex_sgd,04 September 2026 05:10:51 PM,04 September 2026 05:10:51 PM,2026-09-04T16:30:38.578210+00:00,1.7378,1.6928,1.7153,1.3117238966944536,1.3117238966944536
standardized,uob,GBP,SGD,GBP/SGD,1,Indicative board,board,"SGD 40,000 – 100,000",std_40k_100k,forex_sgd,04 September 2026 05:10:51 PM,04 September 2026 05:10:51 PM,2026-09-04T16:30:38.578210+00:00,1.7378,1.6928,1.7153,1.3117238966944536,1.3117238966944536
standardized,uob,GBP,SGD,GBP/SGD,1,Indicative board,board,SGD 50 – 200,std_50_200,forex_sgd,04 September 2026 05:10:51 PM,04 September 2026 05:10:51 PM,2026-09-04T16:30:38.578210+00:00,1.7378,1.6928,1.7153,1.3117238966944536,1.3117238966944536
standardized,uob,GBP,SGD,GBP/SGD,1,Indicative board,board,SGD < 50,std_lt_50,forex_sgd,04 September 2026 05:10:51 PM,04 September 2026 05:10:51 PM,2026-09-04T16:30:38.578210+00:00,1.7378,1.6928,1.7153,1.3117238966944536,1.3117238966944536
standardized,uob,HKD,SGD,HKD/SGD,100,Indicative board,board,"SGD 200 – 39,999.99",std_200_40k,forex_sgd,04 September 2026 05:10:51 PM,04 September 2026 05:10:51 PM,2026-09-04T16:30:38.578210+00:00,16.349,15.991,16.17,1.1069882498453834,1.1069882498454051
standardized,uob,HKD,SGD,HKD/SGD,100,Indicative board,board,"SGD 40,000 – 100,000",std_40k_100k,forex_sgd,04 September 2026 05:10:51 PM,04 September 2026 05:10:51 PM,2026-09-04T16:30:38.578210+00:00,16.349,15.991,16.17,1.1069882498453834,1.1069882498454051
standardized,uob,HKD,SGD,HKD/SGD,100,Indicative board,board,SGD 50 – 200,std_50_200,forex_sgd,04 September 2026 05:10:51 PM,04 September 2026 05:10:51 PM,2026-09-04T16:30:38.578210+00:00,16.349,15.991,16.17,1.1069882498453834,1.1069882498454051
standardized,uob,HKD,SGD,HKD/SGD,100,Indicative board,board,SGD < 50,std_lt_50,forex_sgd,04 September 2026 05:10:51 PM,04 September 2026 05:10:51 PM,2026-09-04T16:30:38.578210+00:00,16.349,15.991,16.17,1.1069882498453834,1.1069882498454051
standardized,uob,INR,SGD,INR/SGD,100,Indicative board,board,"SGD 200 – 39,999.99",std_200_40k,forex_sgd,04 September 2026 05:10:51 PM,04 September 2026 05:10:51 PM,2026-09-04T16:30:38.578210+00:00,1.3784,,,,
standardized,uob,INR,SGD,INR/SGD,100,Indicative board,board,"SGD 40,000 – 100,000",std_40k_100k,forex_sgd,04 September 2026 05:10:51 PM,04 September 2026 05:10:51 PM,2026-09-04T16:30:38.578210+00:00,1.3784,,,,
standardized,uob,INR,SGD,INR/SGD,100,Indicative board,board,SGD 50 – 200,std_50_200,forex_sgd,04 September 2026 05:10:51 PM,04 September 2026 05:10:51 PM,2026-09-04T16:30:38.578210+00:00,1.3784,,,,
standardized,uob,INR,SGD,INR/SGD,100,Indicative board,board,SGD < 50,std_lt_50,forex_sgd,04 September 2026 05:10:51 PM,04 September 2026 05:10:51 PM,2026-09-04T16:30:38.578210+00:00,1.3784,,,,
standardized,uob,JPY,SGD,JPY/SGD,100,Indicative board,board,"SGD 200 – 39,999.99",std_200_40k,forex_sgd,04 September 2026 05:10:51 PM,04 September 2026 05:10:51 PM,2026-09-04T16:30:38.578210+00:00,0.8273,0.7933,0.8103,2.097988399358264,2.097988399358264
standardized,uob,JPY,SGD,JPY/SGD,100,Indicative board,board,"SGD 40,000 – 100,000",std_40k_100k,forex_sgd,04 September 2026 05:10:51 PM,04 September 2026 05:10:51 PM,2026-09-04T16:30:38.578210+00:00,0.8273,0.7933,0.8103,2.097988399358264,2.097988399358264
standardized,uob,JPY,SGD,JPY/SGD,100,Indicative board,board,SGD 50 – 200,std_50_200,forex_sgd,04 September 2026 05:10:51 PM,04 September 2026 05:10:51 PM,2026-09-04T16:30:38.578210+00:00,0.8273,0.7933,0.8103,2.097988399358264,2.097988399358264
standardized,uob,JPY,SGD,JPY/SGD,100,Indicative board,board,SGD < 50,std_lt_50,forex_sgd,04 September 2026 05:10:51 PM,04 September 2026 05:10:51 PM,2026-09-04T16:30:38.578210+00:00,0.8273,0.7933,0.8103,2.097988399358264,2.097988399358264
standardized,uob,KRW,SGD,KRW/SGD,1000,Indicative board,board,"SGD 200 – 39,999.99",std_200_40k,forex_sgd,04 September 2026 05:10:51 PM,04 September 2026 05:10:51 PM,2026-09-04T16:30:38.578210+00:00,0.9481,,,,
standardized,uob,KRW,SGD,KRW/SGD,1000,Indicative board,board,"SGD 40,000 – 100,000",std_40k_100k,forex_sgd,04 September 2026 05:10:51 PM,04 September 2026 05:10:51 PM,2026-09-04T16:30:38.578210+00:00,0.9481,,,,
standardized,uob,KRW,SGD,KRW/SGD,1000,Indicative board,board,SGD 50 – 200,std_50_200,forex_sgd,04 September 2026 05:10:51 PM,04 September 2026 05:10:51 PM,2026-09-04T16:30:38.578210+00:00,0.9481,,,,
standardized,uob,KRW,SGD,KRW/SGD,1000,Indicative board,board,SGD < 50,std_lt_50,forex_sgd,04 September 2026 05:10:51 PM,04 September 2026 05:10:51 PM,2026-09-04T16:30:38.578210+00:00,0.9481,,,,
standardized,uob,KWD,SGD,KWD/SGD,1,Indicative board,board,"SGD 200 – 39,999.99",std_200_40k,forex_sgd,04 September 2026 05:10:51 PM,04 September 2026 05:10:51 PM,2026-09-04T16:30:38.578210+00:00,4.176,,,,
standardized,uob,KWD,SGD,KWD/SGD,1,Indicative board,board,"SGD 40,000 – 100,000",std_40k_100k,forex_sgd,04 September 2026 05:10:51 PM,04 September 2026 05:10:51 PM,2026-09-04T16:30:38.578210+00:00,4.176,,,,
standardized,uob,KWD,SGD,KWD/SGD,1,Indicative board,board,SGD 50 – 200,std_50_200,forex_sgd,04 September 2026 05:10:51 PM,04 September 2026 05:10:51 PM,2026-09-04T16:30:38.578210+00:00,4.176,,,,
standardized,uob,KWD,SGD,KWD/SGD,1,Indicative board,board,SGD < 50,std_lt_50,forex_sgd,04 September 2026 05:10:51 PM,04 September 2026 05:10:51 PM,2026-09-04T16:30:38.578210+00:00,4.176,,,,
standardized,uob,LKR,SGD,LKR/SGD,100,Indicative board,board,"SGD 200 – 39,999.99",std_200_40k,forex_sgd,04 September 2026 05:10:51 PM,04 September 2026 05:10:51 PM,2026-09-04T16:30:38.578210+00:00,0.3933,,,,
standardized,uob,LKR,SGD,LKR/SGD,100,Indicative board,board,"SGD 40,000 – 100,000",std_40k_100k,forex_sgd,04 September 2026 05:10:51 PM,04 September 2026 05:10:51 PM,2026-09-04T16:30:38.578210+00:00,0.3933,,,,
standardized,uob,LKR,SGD,LKR/SGD,100,Indicative board,board,SGD 50 – 200,std_50_200,forex_sgd,04 September 2026 05:10:51 PM,04 September 2026 05:10:51 PM,2026-09-04T16:30:38.578210+00:00,0.3933,,,,
standardized,uob,LKR,SGD,LKR/SGD,100,Indicative board,board,SGD < 50,std_lt_50,forex_sgd,04 September 2026 05:10:51 PM,04 September 2026 05:10:51 PM,2026-09-04T16:30:38.578210+00:00,0.3933,,,,
standardized,uob,MXN,SGD,MXN/SGD,100,Indicative board,board,"SGD 200 – 39,999.99",std_200_40k,forex_sgd,04 September 2026 05:10:51 PM,04 September 2026 05:10:51 PM,2026-09-04T16:30:38.578210+00:00,7.5798,,,,
standardized,uob,MXN,SGD,MXN/SGD,100,Indicative board,board,"SGD 40,000 – 100,000",std_40k_100k,forex_sgd,04 September 2026 05:10:51 PM,04 September 2026 05:10:51 PM,2026-09-04T16:30:38.578210+00:00,7.5798,,,,
standardized,uob,MXN,SGD,MXN/SGD,100,Indicative board,board,SGD 50 – 200,std_50_200,forex_sgd,04 September 2026 05:10:51 PM,04 September 2026 05:10:51 PM,2026-09-04T16:30:38.578210+00:00,7.5798,,,,
standardized,uob,MXN,SGD,MXN/SGD,100,Indicative board,board,SGD < 50,std_lt_50,forex_sgd,04 September 2026 05:10:51 PM,04 September 2026 05:10:51 PM,2026-09-04T16:30:38.578210+00:00,7.5798,,,,
standardized,uob,MYR,SGD,MYR/SGD,100,Indicative board,board,"SGD 200 – 39,999.99",std_200_40k,forex_sgd,04 September 2026 05:10:51 PM,04 September 2026 05:10:51 PM,2026-09-04T16:30:38.578210+00:00,31.8471,,,,
standardized,uob,MYR,SGD,MYR/SGD,100,Indicative board,board,"SGD 40,000 – 100,000",std_40k_100k,forex_sgd,04 September 2026 05:10:51 PM,04 September 2026 05:10:51 PM,2026-09-04T16:30:38.578210+00:00,31.8471,,,,
standardized,uob,MYR,SGD,MYR/SGD,100,Indicative board,board,SGD 50 – 200,std_50_200,forex_sgd,04 September 2026 05:10:51 PM,04 September 2026 05:10:51 PM,2026-09-04T16:30:38.578210+00:00,31.8471,,,,
standardized,uob,MYR,SGD,MYR/SGD,100,Indicative board,board,SGD < 50,std_lt_50,forex_sgd,04 September 2026 05:10:51 PM,04 September 2026 05:10:51 PM,2026-09-04T16:30:38.578210+00:00,31.8471,,,,
standardized,uob,NOK,SGD,NOK/SGD,100,Indicative board,board,"SGD 200 – 39,999.99",std_200_40k,forex_sgd,04 September 2026 05:10:51 PM,04 September 2026 05:10:51 PM,2026-09-04T16:30:38.578210+00:00,13.84,13.4,13.620000000000001,1.6152716593245142,1.6152716593245273
standardized,uob,NOK,SGD,NOK/SGD,100,Indicative board,board,"SGD 40,000 – 100,000",std_40k_100k,forex_sgd,04 September 2026 05:10:51 PM,04 September 2026 05:10:51 PM,2026-09-04T16:30:38.578210+00:00,13.84,13.4,13.620000000000001,1.6152716593245142,1.6152716593245273
standardized,uob,NOK,SGD,NOK/SGD,100,Indicative board,board,SGD 50 – 200,std_50_200,forex_sgd,04 September 2026 05:10:51 PM,04 September 2026 05:10:51 PM,2026-09-04T16:30:38.578210+00:00,13.84,13.4,13.620000000000001,1.6152716593245142,1.6152716593245273
standardized,uob,NOK,SGD,NOK/SGD,100,Indicative board,board,SGD < 50,std_lt_50,forex_sgd,04 September 2026 05:10:51 PM,04 September 2026 05:10:51 PM,2026-09-04T16:30:38.578210+00:00,13.84,13.4,13.620000000000001,1.6152716593245142,1.6152716593245273
standardized,uob,NZD,SGD,NZD/SGD,1,Indicative board,board,"SGD 200 – 39,999.99",std_200_40k,forex_sgd,04 September 2026 05:10:51 PM,04 September 2026 05:10:51 PM,2026-09-04T16:30:38.578210+00:00,0.7555,0.7355,0.7455,1.3413816230717501,1.341381623071765
standardized,uob,NZD,SGD,NZD/SGD,1,Indicative board,board,"SGD 40,000 – 100,000",std_40k_100k,forex_sgd,04 September 2026 05:10:51 PM,04 September 2026 05:10:51 PM,2026-09-04T16:30:38.578210+00:00,0.7555,0.7355,0.7455,1.3413816230717501,1.341381623071765
standardized,uob,NZD,SGD,NZD/SGD,1,Indicative board,board,SGD 50 – 200,std_50_200,forex_sgd,04 September 2026 05:10:51 PM,04 September 2026 05:10:51 PM,2026-09-04T16:30:38.578210+00:00,0.7555,0.7355,0.7455,1.3413816230717501,1.341381623071765
standardized,uob,NZD,SGD,NZD/SGD,1,Indicative board,board,SGD < 50,std_lt_50,forex_sgd,04 September 2026 05:10:51 PM,04 September 2026 05:10:51 PM,2026-09-04T16:30:38.578210+00:00,0.7555,0.7355,0.7455,1.3413816230717501,1.341381623071765
standardized,uob,PHP,SGD,PHP/SGD,100,Indicative board,board,"SGD 200 – 39,999.99",std_200_40k,forex_sgd,04 September 2026 05:10:51 PM,04 September 2026 05:10:51 PM,2026-09-04T16:30:38.578210+00:00,2.0715,,,,
standardized,uob,PHP,SGD,PHP/SGD,100,Indicative board,board,"SGD 40,000 – 100,000",std_40k_100k,forex_sgd,04 September 2026 05:10:51 PM,04 September 2026 05:10:51 PM,2026-09-04T16:30:38.578210+00:00,2.0715,,,,
standardized,uob,PHP,SGD,PHP/SGD,100,Indicative board,board,SGD 50 – 200,std_50_200,forex_sgd,04 September 2026 05:10:51 PM,04 September 2026 05:10:51 PM,2026-09-04T16:30:38.578210+00:00,2.0715,,,,
standardized,uob,PHP,SGD,PHP/SGD,100,Indicative board,board,SGD < 50,std_lt_50,forex_sgd,04 September 2026 05:10:51 PM,04 September 2026 05:10:51 PM,2026-09-04T16:30:38.578210+00:00,2.0715,,,,
standardized,uob,PKR,SGD,PKR/SGD,100,Indicative board,board,"SGD 200 – 39,999.99",std_200_40k,forex_sgd,04 September 2026 05:10:51 PM,04 September 2026 05:10:51 PM,2026-09-04T16:30:38.578210+00:00,0.4642,,,,
standardized,uob,PKR,SGD,PKR/SGD,100,Indicative board,board,"SGD 40,000 – 100,000",std_40k_100k,forex_sgd,04 September 2026 05:10:51 PM,04 September 2026 05:10:51 PM,2026-09-04T16:30:38.578210+00:00,0.4642,,,,
standardized,uob,PKR,SGD,PKR/SGD,100,Indicative board,board,SGD 50 – 200,std_50_200,forex_sgd,04 September 2026 05:10:51 PM,04 September 2026 05:10:51 PM,2026-09-04T16:30:38.578210+00:00,0.4642,,,,
standardized,uob,PKR,SGD,PKR/SGD,100,Indicative board,board,SGD < 50,std_lt_50,forex_sgd,04 September 2026 05:10:51 PM,04 September 2026 05:10:51 PM,2026-09-04T16:30:38.578210+00:00,0.4642,,,,
standardized,uob,SAR,SGD,SAR/SGD,100,Indicative board,board,"SGD 200 – 39,999.99",std_200_40k,forex_sgd,04 September 2026 05:10:51 PM,04 September 2026 05:10:51 PM,2026-09-04T16:30:38.578210+00:00,,,,,
standardized,uob,SAR,SGD,SAR/SGD,100,Indicative board,board,"SGD 40,000 – 100,000",std_40k_100k,forex_sgd,04 September 2026 05:10:51 PM,04 September 2026 05:10:51 PM,2026-09-04T16:30:38.578210+00:00,,,,,
standardized,uob,SAR,SGD,SAR/SGD,100,Indicative board,board,SGD 50 – 200,std_50_200,forex_sgd,04 September 2026 05:10:51 PM,04 September 2026 05:10:51 PM,2026-09-04T16:30:38.578210+00:00,,,,,
standardized,uob,SAR,SGD,SAR/SGD,100,Indicative board,board,SGD < 50,std_lt_50,forex_sgd,04 September 2026 05:10:51 PM,04 September 2026 05:10:51 PM,2026-09-04T16:30:38.578210+00:00,,,,,
standardized,uob,SEK,SGD,SEK/SGD,100,Indicative board,board,"SGD 200 – 39,999.99",std_200_40k,forex_sgd,04 September 2026 05:10:51 PM,04 September 2026 05:10:51 PM,2026-09-04T16:30:38.578210+00:00,13.52,13.04,13.28,1.8072289156626522,1.8072289156626522
standardized,uob,SEK,SGD,SEK/SGD,100,Indicative board,board,"SGD 40,000 – 100,000",std_40k_100k,forex_sgd,04 September 2026 05:10:51 PM,04 September 2026 05:10:51 PM,2026-09-04T16:30:38.578210+00:00,13.52,13.04,13.28,1.8072289156626522,1.8072289156626522
standardized,uob,SEK,SGD,SEK/SGD,100,Indicative board,board,SGD 50 – 200,std_50_200,forex_sgd,04 September 2026 05:10:51 PM,04 September 2026 05:10:51 PM,2026-09-04T16:30:38.578210+00:00,13.52,13.04,13.28,1.8072289156626522,1.8072289156626522
standardized,uob,SEK,SGD,SEK/SGD,100,Indicative board,board,SGD < 50,std_lt_50,forex_sgd,04 September 2026 05:10:51 PM,04 September 2026 05:10:51 PM,2026-09-04T16:30:38.578210+00:00,13.52,13.04,13.28,1.8072289156626522,1.8072289156626522
standardized,uob,THB,SGD,THB/SGD,100,Indicative board,board,"SGD 200 – 39,999.99",std_200_40k,forex_sgd,04 September 2026 05:10:51 PM,04 September 2026 05:10:51 PM,2026-09-04T16:30:38.578210+00:00,3.95,3.75,3.85,2.5974025974025996,2.5974025974025996
standardized,uob,THB,SGD,THB/SGD,100,Indicative board,board,"SGD 40,000 – 100,000",std_40k_100k,forex_sgd,04 September 2026 05:10:51 PM,04 September 2026 05:10:51 PM,2026-09-04T16:30:38.578210+00:00,3.95,3.75,3.85,2.5974025974025996,2.5974025974025996
standardized,uob,THB,SGD,THB/SGD,100,Indicative board,board,SGD 50 – 200,std_50_200,forex_sgd,04 September 2026 05:10:51 PM,04 September 2026 05:10:51 PM,2026-09-04T16:30:38.578210+00:00,3.95,3.75,3.85,2.5974025974025996,2.5974025974025996
standardized,uob,THB,SGD,THB/SGD,100,Indicative board,board,SGD < 50,std_lt_50,forex_sgd,04 September 2026 05:10:51 PM,04 September 2026 05:10:51 PM,2026-09-04T16:30:38.578210+00:00,3.95,3.75,3.85,2.5974025974025996,2.5974025974025996
standardized,uob,TWD,SGD,TWD/SGD,100,Indicative board,board,"SGD 200 – 39,999.99",std_200_40k,forex_sgd,04 September 2026 05:10:51 PM,04 September 2026 05:10:51 PM,2026-09-04T16:30:38.578210+00:00,4.0951,,,,
standardized,uob,TWD,SGD,TWD/SGD,100,Indicative board,board,"SGD 40,000 – 100,000",std_40k_100k,forex_sgd,04 September 2026 05:10:51 PM,04 September 2026 05:10:51 PM,2026-09-04T16:30:38.578210+00:00,4.0951,,,,
standardized,uob,TWD,SGD,TWD/SGD,100,Indicative board,board,SGD 50 – 200,std_50_200,forex_sgd,04 September 2026 05:10:51 PM,04 September 2026 05:10:51 PM,2026-09-04T16:30:38.578210+00:00,4.0951,,,,
standardized,uob,TWD,SGD,TWD/SGD,100,Indicative board,board,SGD < 50,std_lt_50,forex_sgd,04 September 2026 05:10:51 PM,04 September 2026 05:10:51 PM,2026-09-04T16:30:38.578210+00:00,4.0951,,,,
standardized,uob,USD,SGD,USD/SGD,1,Indicative board,board,"SGD 200 – 39,999.99",std_200_40k,forex_sgd,04 September 2026 05:10:51 PM,04 September 2026 05:10:51 PM,2026-09-04T16:30:38.578210+00:00,1.2795,1.2555,1.2675,0.9467455621301782,0.9467455621301782
standardized,uob,USD,SGD,USD/SGD,1,Indicative board,board,"SGD 40,000 – 100,000",std_40k_100k,forex_sgd,04 September 2026 05:10:51 PM,04 September 2026 05:10:51 PM,2026-09-04T16:30:38.578210+00:00,1.2795,1.2555,1.2675,0.9467455621301782,0.9467455621301782
standardized,uob,USD,SGD,USD/SGD,1,Indicative board,board,SGD 50 – 200,std_50_200,forex_sgd,04 September 2026 05:10:51 PM,04 September 2026 05:10:51 PM,2026-09-04T16:30:38.578210+00:00,1.2795,1.2555,1.2675,0.9467455621301782,0.9467455621301782
standardized,uob,USD,SGD,USD/SGD,1,Indicative board,board,SGD < 50,std_lt_50,forex_sgd,04 September 2026 05:10:51 PM,04 September 2026 05:10:51 PM,2026-09-04T16:30:38.578210+00:00,1.2795,1.2555,1.2675,0.9467455621301782,0.9467455621301782
standardized,uob,VND,SGD,VND/SGD,1000,Indicative board,board,"SGD 200 – 39,999.99",std_200_40k,forex_sgd,04 September 2026 05:10:51 PM,04 September 2026 05:10:51 PM,2026-09-04T16:30:38.578210+00:00,0.0497,,,,
standardized,uob,VND,SGD,VND/SGD,1000,Indicative board,board,"SGD 40,000 – 100,000",std_40k_100k,forex_sgd,04 September 2026 05:10:51 PM,04 September 2026 05:10:51 PM,2026-09-04T16:30:38.578210+00:00,0.0497,,,,
standardized,uob,VND,SGD,VND/SGD,1000,Indicative board,board,SGD 50 – 200,std_50_200,forex_sgd,04 September 2026 05:10:51 PM,04 September 2026 05:10:51 PM,2026-09-04T16:30:38.578210+00:00,0.0497,,,,
standardized,uob,VND,SGD,VND/SGD,1000,Indicative board,board,SGD < 50,std_lt_50,forex_sgd,04 September 2026 05:10:51 PM,04 September 2026 05:10:51 PM,2026-09-04T16:30:38.578210+00:00,0.0497,,,,
standardized,uob,XAF,SGD,XAF/SGD,100,Indicative board,board,"SGD 200 – 39,999.99",std_200_40k,forex_sgd,04 September 2026 05:10:51 PM,04 September 2026 05:10:51 PM,2026-09-04T16:30:38.578210+00:00,0.2313,,,,
standardized,uob,XAF,SGD,XAF/SGD,100,Indicative board,board,"SGD 40,000 – 100,000",std_40k_100k,forex_sgd,04 September 2026 05:10:51 PM,04 September 2026 05:10:51 PM,2026-09-04T16:30:38.578210+00:00,0.2313,,,,
standardized,uob,XAF,SGD,XAF/SGD,100,Indicative board,board,SGD 50 – 200,std_50_200,forex_sgd,04 September 2026 05:10:51 PM,04 September 2026 05:10:51 PM,2026-09-04T16:30:38.578210+00:00,0.2313,,,,
standardized,uob,XAF,SGD,XAF/SGD,100,Indicative board,board,SGD < 50,std_lt_50,forex_sgd,04 September 2026 05:10:51 PM,04 September 2026 05:10:51 PM,2026-09-04T16:30:38.578210+00:00,0.2313,,,,
standardized,uob,XOF,SGD,XOF/SGD,100,Indicative board,board,"SGD 200 – 39,999.99",std_200_40k,forex_sgd,04 September 2026 05:10:51 PM,04 September 2026 05:10:51 PM,2026-09-04T16:30:38.578210+00:00,0.2316,,,,
standardized,uob,XOF,SGD,XOF/SGD,100,Indicative board,board,"SGD 40,000 – 100,000",std_40k_100k,forex_sgd,04 September 2026 05:10:51 PM,04 September 2026 05:10:51 PM,2026-09-04T16:30:38.578210+00:00,0.2316,,,,
standardized,uob,XOF,SGD,XOF/SGD,100,Indicative board,board,SGD 50 – 200,std_50_200,forex_sgd,04 September 2026 05:10:51 PM,04 September 2026 05:10:51 PM,2026-09-04T16:30:38.578210+00:00,0.2316,,,,
standardized,uob,XOF,SGD,XOF/SGD,100,Indicative board,board,SGD < 50,std_lt_50,forex_sgd,04 September 2026 05:10:51 PM,04 September 2026 05:10:51 PM,2026-09-04T16:30:38.578210+00:00,0.2316,,,,
standardized,uob,ZAR,SGD,ZAR/SGD,1,Indicative board,board,"SGD 200 – 39,999.99",std_200_40k,forex_sgd,04 September 2026 05:10:51 PM,04 September 2026 05:10:51 PM,2026-09-04T16:30:38.578210+00:00,0.0814,0.0774,0.0794,2.5188916876574328,2.5188916876574328
standardized,uob,ZAR,SGD,ZAR/SGD,1,Indicative board,board,"SGD 40,000 – 100,000",std_40k_100k,forex_sgd,04 September 2026 05:10:51 PM,04 September 2026 05:10:51 PM,2026-09-04T16:30:38.578210+00:00,0.0814,0.0774,0.0794,2.5188916876574328,2.5188916876574328
standardized,uob,ZAR,SGD,ZAR/SGD,1,Indicative board,board,SGD 50 – 200,std_50_200,forex_sgd,04 September 2026 05:10:51 PM,04 September 2026 05:10:51 PM,2026-09-04T16:30:38.578210+00:00,0.0814,0.0774,0.0794,2.5188916876574328,2.5188916876574328
standardized,uob,ZAR,SGD,ZAR/SGD,1,Indicative board,board,SGD < 50,std_lt_50,forex_sgd,04 September 2026 05:10:51 PM,04 September 2026 05:10:51 PM,2026-09-04T16:30:38.578210+00:00,0.0814,0.0774,0.0794,2.5188916876574328,2.5188916876574328
