record_type,bank,base_currency,quote_currency,currency_pair,unit,transaction_value,amount_tier,std_transaction_value,std_amount_tier,group,effective_date,last_updated,scraped_at,tt_od_sell,tt_buy,mid_rate,sell_margin_pct,buy_margin_pct
native,dbs,AED,SGD,AED/SGD,1,SGD 50 – 200,amtBtw50And200,,,mainCurrencies,2026-09-02 00:30:00,2026-09-01 16:30:14,2026-09-01T16:47:58.278460+00:00,0.3491,0.3443,0.3467,0.6922411306605173,0.6922411306605173
native,dbs,AED,SGD,AED/SGD,1,SGD < 50,amtLessThan50,,,mainCurrencies,2026-09-02 00:30:00,2026-09-01 16:30:14,2026-09-01T16:47:58.278460+00:00,0.3518,0.3415,0.34665,1.4856483484782887,1.4856483484782887
native,dbs,AUD,SGD,AUD/SGD,1,SGD 50 – 200,amtBtw50And200,,,mainCurrencies,2026-09-02 00:30:00,2026-09-01 16:30:14,2026-09-01T16:47:58.278460+00:00,0.9208,0.9006,0.9107,1.1090370045020312,1.1090370045020312
native,dbs,AUD,SGD,AUD/SGD,1,SGD < 50,amtLessThan50,,,mainCurrencies,2026-09-02 00:30:00,2026-09-01 16:30:14,2026-09-01T16:47:58.278460+00:00,0.9213,0.9002,0.91075,1.1583859456491967,1.1583859456491847
native,dbs,BDT,SGD,BDT/SGD,100,SGD 50 – 200,amtBtw50And200,,,otherCurrencies,2026-09-02 00:30:00,2026-09-01 16:30:14,2026-09-01T16:47:58.278460+00:00,1.0533,,,,
native,dbs,BDT,SGD,BDT/SGD,100,SGD < 50,amtLessThan50,,,otherCurrencies,2026-09-02 00:30:00,2026-09-01 16:30:14,2026-09-01T16:47:58.278460+00:00,1.0532,,,,
native,dbs,BHD,SGD,BHD/SGD,1,SGD 50 – 200,amtBtw50And200,,,otherCurrencies,2026-09-02 00:30:00,2026-09-01 16:30:14,2026-09-01T16:47:58.278460+00:00,3.4405,,,,
native,dbs,BHD,SGD,BHD/SGD,1,SGD < 50,amtLessThan50,,,otherCurrencies,2026-09-02 00:30:00,2026-09-01 16:30:14,2026-09-01T16:47:58.278460+00:00,3.454,,,,
native,dbs,BND,SGD,BND/SGD,1,SGD 50 – 200,amtBtw50And200,,,otherCurrencies,2026-09-02 00:30:00,2026-09-01 16:30:14,2026-09-01T16:47:58.278460+00:00,1.0,1.0,1.0,0.0,0.0
native,dbs,BND,SGD,BND/SGD,1,SGD < 50,amtLessThan50,,,otherCurrencies,2026-09-02 00:30:00,2026-09-01 16:30:14,2026-09-01T16:47:58.278460+00:00,1.0,1.0,1.0,0.0,0.0
native,dbs,CAD,SGD,CAD/SGD,1,SGD 50 – 200,amtBtw50And200,,,mainCurrencies,2026-09-02 00:30:00,2026-09-01 16:30:14,2026-09-01T16:47:58.278460+00:00,0.9228,0.909,0.9158999999999999,0.7533573534228647,0.7533573534228526
native,dbs,CAD,SGD,CAD/SGD,1,SGD < 50,amtLessThan50,,,mainCurrencies,2026-09-02 00:30:00,2026-09-01 16:30:14,2026-09-01T16:47:58.278460+00:00,0.9261,0.9058,0.91595,1.108139090561711,1.108139090561711
native,dbs,CHF,SGD,CHF/SGD,1,SGD 50 – 200,amtBtw50And200,,,mainCurrencies,2026-09-02 00:30:00,2026-09-01 16:30:14,2026-09-01T16:47:58.278460+00:00,1.5823,1.5523,1.5673,0.9570599119504961,0.957059911950482
native,dbs,CHF,SGD,CHF/SGD,1,SGD < 50,amtLessThan50,,,mainCurrencies,2026-09-02 00:30:00,2026-09-01 16:30:14,2026-09-01T16:47:58.278460+00:00,1.5831,1.5516,1.56735,1.0048808498420858,1.0048808498420858
native,dbs,CNH,SGD,CNH/SGD,1,SGD 50 – 200,amtBtw50And200,,,mainCurrencies,2026-09-02 00:30:00,2026-09-01 16:30:14,2026-09-01T16:47:58.278460+00:00,0.1916,0.1872,0.1894,1.1615628299894296,1.1615628299894443
native,dbs,CNH,SGD,CNH/SGD,1,SGD < 50,amtLessThan50,,,mainCurrencies,2026-09-02 00:30:00,2026-09-01 16:30:14,2026-09-01T16:47:58.278460+00:00,0.1922,0.1865,0.18935000000000002,1.5051491946131457,1.50514919461316
native,dbs,CNY,SGD,CNY/SGD,1,SGD 50 – 200,amtBtw50And200,,,otherCurrencies,2026-09-02 00:30:00,2026-09-01 16:30:14,2026-09-01T16:47:58.278460+00:00,0.1894,,,,
native,dbs,CNY,SGD,CNY/SGD,1,SGD < 50,amtLessThan50,,,otherCurrencies,2026-09-02 00:30:00,2026-09-01 16:30:14,2026-09-01T16:47:58.278460+00:00,0.1911,,,,
native,dbs,DKK,SGD,DKK/SGD,1,SGD 50 – 200,amtBtw50And200,,,mainCurrencies,2026-09-02 00:30:00,2026-09-01 16:30:14,2026-09-01T16:47:58.278460+00:00,0.2,0.1946,0.1973,1.368474404460217,1.368474404460217
native,dbs,DKK,SGD,DKK/SGD,1,SGD < 50,amtLessThan50,,,mainCurrencies,2026-09-02 00:30:00,2026-09-01 16:30:14,2026-09-01T16:47:58.278460+00:00,0.2004,0.1942,0.1973,1.571211353269129,1.571211353269129
native,dbs,EUR,SGD,EUR/SGD,1,SGD 50 – 200,amtBtw50And200,,,mainCurrencies,2026-09-02 00:30:00,2026-09-01 16:30:14,2026-09-01T16:47:58.278460+00:00,1.4879,1.4627,1.4752999999999998,0.8540635802887662,0.8540635802887511
native,dbs,EUR,SGD,EUR/SGD,1,SGD < 50,amtLessThan50,,,mainCurrencies,2026-09-02 00:30:00,2026-09-01 16:30:14,2026-09-01T16:47:58.278460+00:00,1.4887,1.462,1.47535,0.9048700308401378,0.9048700308401378
native,dbs,GBP,SGD,GBP/SGD,1,SGD 50 – 200,amtBtw50And200,,,mainCurrencies,2026-09-02 00:30:00,2026-09-01 16:30:14,2026-09-01T16:47:58.278460+00:00,1.7349,1.7089,1.7219000000000002,0.7549799639932574,0.7549799639932703
native,dbs,GBP,SGD,GBP/SGD,1,SGD < 50,amtLessThan50,,,mainCurrencies,2026-09-02 00:30:00,2026-09-01 16:30:14,2026-09-01T16:47:58.278460+00:00,1.7366,1.7072,1.7219,0.85370811313084,0.85370811313084
native,dbs,HKD,SGD,HKD/SGD,1,SGD 50 – 200,amtBtw50And200,,,mainCurrencies,2026-09-02 00:30:00,2026-09-01 16:30:14,2026-09-01T16:47:58.278460+00:00,0.164,0.1607,0.16235,1.0163227594702882,1.0163227594702708
native,dbs,HKD,SGD,HKD/SGD,1,SGD < 50,amtLessThan50,,,mainCurrencies,2026-09-02 00:30:00,2026-09-01 16:30:14,2026-09-01T16:47:58.278460+00:00,0.1641,0.1605,0.1623,1.1090573012938978,1.1090573012938978
native,dbs,HUF,SGD,HUF/SGD,100,SGD 50 – 200,amtBtw50And200,,,otherCurrencies,2026-09-02 00:30:00,2026-09-01 16:30:14,2026-09-01T16:47:58.278460+00:00,0.4125,,,,
native,dbs,HUF,SGD,HUF/SGD,100,SGD < 50,amtLessThan50,,,otherCurrencies,2026-09-02 00:30:00,2026-09-01 16:30:14,2026-09-01T16:47:58.278460+00:00,0.4141,,,,
native,dbs,ID0,SGD,ID0/SGD,100,SGD 50 – 200,amtBtw50And200,,,otherCurrencies,2026-09-02 00:30:00,2026-09-01 16:30:14,2026-09-01T16:47:58.278460+00:00,,,,,
native,dbs,ID0,SGD,ID0/SGD,100,SGD < 50,amtLessThan50,,,otherCurrencies,2026-09-02 00:30:00,2026-09-01 16:30:14,2026-09-01T16:47:58.278460+00:00,,0.0072,,,
native,dbs,IDR,SGD,IDR/SGD,100,SGD 50 – 200,amtBtw50And200,,,mainCurrencies,2026-09-02 00:30:00,2026-09-01 16:30:14,2026-09-01T16:47:58.278460+00:00,0.0073,,,,
native,dbs,IDR,SGD,IDR/SGD,100,SGD < 50,amtLessThan50,,,mainCurrencies,2026-09-02 00:30:00,2026-09-01 16:30:14,2026-09-01T16:47:58.278460+00:00,0.0073,,,,
native,dbs,IN0,SGD,IN0/SGD,100,SGD 50 – 200,amtBtw50And200,,,otherCurrencies,2026-09-02 00:30:00,2026-09-01 16:30:14,2026-09-01T16:47:58.278460+00:00,,1.3375,,,
native,dbs,IN0,SGD,IN0/SGD,100,SGD < 50,amtLessThan50,,,otherCurrencies,2026-09-02 00:30:00,2026-09-01 16:30:14,2026-09-01T16:47:58.278460+00:00,,1.3375,,,
native,dbs,INR,SGD,INR/SGD,100,SGD 50 – 200,amtBtw50And200,,,otherCurrencies,2026-09-02 00:30:00,2026-09-01 16:30:14,2026-09-01T16:47:58.278460+00:00,1.3561,,,,
native,dbs,INR,SGD,INR/SGD,100,SGD < 50,amtLessThan50,,,otherCurrencies,2026-09-02 00:30:00,2026-09-01 16:30:14,2026-09-01T16:47:58.278460+00:00,1.3668,,,,
native,dbs,JPY,SGD,JPY/SGD,100,SGD 50 – 200,amtBtw50And200,,,mainCurrencies,2026-09-02 00:30:00,2026-09-01 16:30:14,2026-09-01T16:47:58.278460+00:00,0.803,0.7869,0.79495,1.012642304547456,1.012642304547456
native,dbs,JPY,SGD,JPY/SGD,100,SGD < 50,amtLessThan50,,,mainCurrencies,2026-09-02 00:30:00,2026-09-01 16:30:14,2026-09-01T16:47:58.278460+00:00,0.8038,0.7862,0.7949999999999999,1.1069182389937144,1.1069182389937007
native,dbs,KRW,SGD,KRW/SGD,100,SGD 50 – 200,amtBtw50And200,,,otherCurrencies,2026-09-02 00:30:00,2026-09-01 16:30:14,2026-09-01T16:47:58.278460+00:00,0.0939,,,,
native,dbs,KRW,SGD,KRW/SGD,100,SGD < 50,amtLessThan50,,,otherCurrencies,2026-09-02 00:30:00,2026-09-01 16:30:14,2026-09-01T16:47:58.278460+00:00,0.0939,,,,
native,dbs,KWD,SGD,KWD/SGD,100,SGD 50 – 200,amtBtw50And200,,,otherCurrencies,2026-09-02 00:30:00,2026-09-01 16:30:14,2026-09-01T16:47:58.278460+00:00,422.1133,,,,
native,dbs,KWD,SGD,KWD/SGD,100,SGD < 50,amtLessThan50,,,otherCurrencies,2026-09-02 00:30:00,2026-09-01 16:30:14,2026-09-01T16:47:58.278460+00:00,423.7716,,,,
native,dbs,LKR,SGD,LKR/SGD,100,SGD 50 – 200,amtBtw50And200,,,otherCurrencies,2026-09-02 00:30:00,2026-09-01 16:30:14,2026-09-01T16:47:58.278460+00:00,0.3958,,,,
native,dbs,LKR,SGD,LKR/SGD,100,SGD < 50,amtLessThan50,,,otherCurrencies,2026-09-02 00:30:00,2026-09-01 16:30:14,2026-09-01T16:47:58.278460+00:00,0.3958,,,,
native,dbs,MM1,SGD,MM1/SGD,100,SGD 50 – 200,amtBtw50And200,,,otherCurrencies,2026-09-02 00:30:00,2026-09-01 16:30:14,2026-09-01T16:47:58.278460+00:00,,,,,
native,dbs,MM1,SGD,MM1/SGD,100,SGD < 50,amtLessThan50,,,otherCurrencies,2026-09-02 00:30:00,2026-09-01 16:30:14,2026-09-01T16:47:58.278460+00:00,,,,,
native,dbs,MMK,SGD,MMK/SGD,100,SGD 50 – 200,amtBtw50And200,,,otherCurrencies,2026-09-02 00:30:00,2026-09-01 16:30:14,2026-09-01T16:47:58.278460+00:00,0.0323,,,,
native,dbs,MMK,SGD,MMK/SGD,100,SGD < 50,amtLessThan50,,,otherCurrencies,2026-09-02 00:30:00,2026-09-01 16:30:14,2026-09-01T16:47:58.278460+00:00,0.0323,,,,
native,dbs,MUR,SGD,MUR/SGD,100,SGD 50 – 200,amtBtw50And200,,,otherCurrencies,2026-09-02 00:30:00,2026-09-01 16:30:14,2026-09-01T16:47:58.278460+00:00,2.7491,,,,
native,dbs,MUR,SGD,MUR/SGD,100,SGD < 50,amtLessThan50,,,otherCurrencies,2026-09-02 00:30:00,2026-09-01 16:30:14,2026-09-01T16:47:58.278460+00:00,2.7599,,,,
native,dbs,MXN,SGD,MXN/SGD,100,SGD 50 – 200,amtBtw50And200,,,mainCurrencies,2026-09-02 00:30:00,2026-09-01 16:30:14,2026-09-01T16:47:58.278460+00:00,7.6101,,,,
native,dbs,MXN,SGD,MXN/SGD,100,SGD < 50,amtLessThan50,,,mainCurrencies,2026-09-02 00:30:00,2026-09-01 16:30:14,2026-09-01T16:47:58.278460+00:00,7.61,,,,
native,dbs,MY0,SGD,MY0/SGD,1,SGD 50 – 200,amtBtw50And200,,,otherCurrencies,2026-09-02 00:30:00,2026-09-01 16:30:14,2026-09-01T16:47:58.278460+00:00,,0.3145,,,
native,dbs,MY0,SGD,MY0/SGD,1,SGD < 50,amtLessThan50,,,otherCurrencies,2026-09-02 00:30:00,2026-09-01 16:30:14,2026-09-01T16:47:58.278460+00:00,,0.3145,,,
native,dbs,MYR,SGD,MYR/SGD,1,SGD 50 – 200,amtBtw50And200,,,otherCurrencies,2026-09-02 00:30:00,2026-09-01 16:30:14,2026-09-01T16:47:58.278460+00:00,0.3186,,,,
native,dbs,MYR,SGD,MYR/SGD,1,SGD < 50,amtLessThan50,,,otherCurrencies,2026-09-02 00:30:00,2026-09-01 16:30:14,2026-09-01T16:47:58.278460+00:00,0.3185,,,,
native,dbs,NOK,SGD,NOK/SGD,1,SGD 50 – 200,amtBtw50And200,,,mainCurrencies,2026-09-02 00:30:00,2026-09-01 16:30:14,2026-09-01T16:47:58.278460+00:00,0.1385,0.1347,0.1366,1.3909224011713124,1.3909224011713124
native,dbs,NOK,SGD,NOK/SGD,1,SGD < 50,amtLessThan50,,,mainCurrencies,2026-09-02 00:30:00,2026-09-01 16:30:14,2026-09-01T16:47:58.278460+00:00,0.1389,0.1343,0.1366,1.6837481698389432,1.6837481698389432
native,dbs,NZD,SGD,NZD/SGD,1,SGD 50 – 200,amtBtw50And200,,,mainCurrencies,2026-09-02 00:30:00,2026-09-01 16:30:14,2026-09-01T16:47:58.278460+00:00,0.7592,0.7418,0.7505,1.159227181878753,1.1592271818787383
native,dbs,NZD,SGD,NZD/SGD,1,SGD < 50,amtLessThan50,,,mainCurrencies,2026-09-02 00:30:00,2026-09-01 16:30:14,2026-09-01T16:47:58.278460+00:00,0.7599,0.741,0.7504500000000001,1.2592444533279976,1.2592444533280123
native,dbs,OMR,SGD,OMR/SGD,1,SGD 50 – 200,amtBtw50And200,,,otherCurrencies,2026-09-02 00:30:00,2026-09-01 16:30:14,2026-09-01T16:47:58.278460+00:00,3.3305,,,,
native,dbs,OMR,SGD,OMR/SGD,1,SGD < 50,amtLessThan50,,,otherCurrencies,2026-09-02 00:30:00,2026-09-01 16:30:14,2026-09-01T16:47:58.278460+00:00,3.3305,,,,
native,dbs,PH0,SGD,PH0/SGD,100,SGD 50 – 200,amtBtw50And200,,,otherCurrencies,2026-09-02 00:30:00,2026-09-01 16:30:14,2026-09-01T16:47:58.278460+00:00,,2.0315,,,
native,dbs,PH0,SGD,PH0/SGD,100,SGD < 50,amtLessThan50,,,otherCurrencies,2026-09-02 00:30:00,2026-09-01 16:30:14,2026-09-01T16:47:58.278460+00:00,,2.0315,,,
native,dbs,PHP,SGD,PHP/SGD,100,SGD 50 – 200,amtBtw50And200,,,otherCurrencies,2026-09-02 00:30:00,2026-09-01 16:30:14,2026-09-01T16:47:58.278460+00:00,2.0631,,,,
native,dbs,PHP,SGD,PHP/SGD,100,SGD < 50,amtLessThan50,,,otherCurrencies,2026-09-02 00:30:00,2026-09-01 16:30:14,2026-09-01T16:47:58.278460+00:00,2.0786,,,,
native,dbs,PLN,SGD,PLN/SGD,1,SGD 50 – 200,amtBtw50And200,,,otherCurrencies,2026-09-02 00:30:00,2026-09-01 16:30:14,2026-09-01T16:47:58.278460+00:00,0.3481,,,,
native,dbs,PLN,SGD,PLN/SGD,1,SGD < 50,amtLessThan50,,,otherCurrencies,2026-09-02 00:30:00,2026-09-01 16:30:14,2026-09-01T16:47:58.278460+00:00,0.3495,,,,
native,dbs,QAR,SGD,QAR/SGD,1,SGD 50 – 200,amtBtw50And200,,,otherCurrencies,2026-09-02 00:30:00,2026-09-01 16:30:14,2026-09-01T16:47:58.278460+00:00,0.3571,,,,
native,dbs,QAR,SGD,QAR/SGD,1,SGD < 50,amtLessThan50,,,otherCurrencies,2026-09-02 00:30:00,2026-09-01 16:30:14,2026-09-01T16:47:58.278460+00:00,0.3585,,,,
native,dbs,RUB,SGD,RUB/SGD,100,SGD 50 – 200,amtBtw50And200,,,mainCurrencies,2026-09-02 00:30:00,2026-09-01 16:30:14,2026-09-01T16:47:58.278460+00:00,,,,,
native,dbs,RUB,SGD,RUB/SGD,100,SGD < 50,amtLessThan50,,,mainCurrencies,2026-09-02 00:30:00,2026-09-01 16:30:14,2026-09-01T16:47:58.278460+00:00,,,,,
native,dbs,SAR,SGD,SAR/SGD,100,SGD 50 – 200,amtBtw50And200,,,otherCurrencies,2026-09-02 00:30:00,2026-09-01 16:30:14,2026-09-01T16:47:58.278460+00:00,34.3387,,,,
native,dbs,SAR,SGD,SAR/SGD,100,SGD < 50,amtLessThan50,,,otherCurrencies,2026-09-02 00:30:00,2026-09-01 16:30:14,2026-09-01T16:47:58.278460+00:00,34.3382,,,,
native,dbs,SEK,SGD,SEK/SGD,1,SGD 50 – 200,amtBtw50And200,,,mainCurrencies,2026-09-02 00:30:00,2026-09-01 16:30:14,2026-09-01T16:47:58.278460+00:00,0.1342,0.1306,0.13240000000000002,1.3595166163141963,1.3595166163142172
native,dbs,SEK,SGD,SEK/SGD,1,SGD < 50,amtLessThan50,,,mainCurrencies,2026-09-02 00:30:00,2026-09-01 16:30:14,2026-09-01T16:47:58.278460+00:00,0.1347,0.1301,0.1324,1.7371601208459189,1.7371601208459189
native,dbs,THB,SGD,THB/SGD,100,SGD 50 – 200,amtBtw50And200,,,mainCurrencies,2026-09-02 00:30:00,2026-09-01 16:30:14,2026-09-01T16:47:58.278460+00:00,3.8859,3.7704,3.82815,1.5085615767407226,1.5085615767407226
native,dbs,THB,SGD,THB/SGD,100,SGD < 50,amtLessThan50,,,mainCurrencies,2026-09-02 00:30:00,2026-09-01 16:30:14,2026-09-01T16:47:58.278460+00:00,3.8894,3.7656,3.8275,1.6172436316133263,1.6172436316133263
native,dbs,TND,SGD,TND/SGD,1,SGD 50 – 200,amtBtw50And200,,,otherCurrencies,2026-09-02 00:30:00,2026-09-01 16:30:14,2026-09-01T16:47:58.278460+00:00,0.4469,,,,
native,dbs,TND,SGD,TND/SGD,1,SGD < 50,amtLessThan50,,,otherCurrencies,2026-09-02 00:30:00,2026-09-01 16:30:14,2026-09-01T16:47:58.278460+00:00,0.4431,,,,
native,dbs,TWD,SGD,TWD/SGD,100,SGD 50 – 200,amtBtw50And200,,,otherCurrencies,2026-09-02 00:30:00,2026-09-01 16:30:14,2026-09-01T16:47:58.278460+00:00,4.0727,,,,
native,dbs,TWD,SGD,TWD/SGD,100,SGD < 50,amtLessThan50,,,otherCurrencies,2026-09-02 00:30:00,2026-09-01 16:30:14,2026-09-01T16:47:58.278460+00:00,4.0767,,,,
native,dbs,USD,SGD,USD/SGD,1,SGD 50 – 200,amtBtw50And200,,,mainCurrencies,2026-09-02 00:30:00,2026-09-01 16:30:14,2026-09-01T16:47:58.278460+00:00,1.284,1.2627,1.27335,0.8363764872187575,0.8363764872187575
native,dbs,USD,SGD,USD/SGD,1,SGD < 50,amtLessThan50,,,mainCurrencies,2026-09-02 00:30:00,2026-09-01 16:30:14,2026-09-01T16:47:58.278460+00:00,1.2848,1.2618,1.2732999999999999,0.9031650043194901,0.9031650043194726
native,dbs,VND,SGD,VND/SGD,100,SGD 50 – 200,amtBtw50And200,,,otherCurrencies,2026-09-02 00:30:00,2026-09-01 16:30:14,2026-09-01T16:47:58.278460+00:00,0.005,,,,
native,dbs,VND,SGD,VND/SGD,100,SGD < 50,amtLessThan50,,,otherCurrencies,2026-09-02 00:30:00,2026-09-01 16:30:14,2026-09-01T16:47:58.278460+00:00,0.005,,,,
native,dbs,XAU,SGD,XAU/SGD,1,SGD 50 – 200,amtBtw50And200,,,otherCurrencies,2026-09-02 00:30:00,2026-09-01 16:30:14,2026-09-01T16:47:58.278460+00:00,5573.474,5506.059,5539.7665,0.6084642737198479,0.6084642737198315
native,dbs,XAU,SGD,XAU/SGD,1,SGD < 50,amtLessThan50,,,otherCurrencies,2026-09-02 00:30:00,2026-09-01 16:30:14,2026-09-01T16:47:58.278460+00:00,5572.988,5505.586,5539.287,0.6083996008872626,0.6083996008872626
native,dbs,ZAR,SGD,ZAR/SGD,1,SGD 50 – 200,amtBtw50And200,,,otherCurrencies,2026-09-02 00:30:00,2026-09-01 16:30:14,2026-09-01T16:47:58.278460+00:00,0.0798,0.0778,0.0788,1.269035532994925,1.269035532994925
native,dbs,ZAR,SGD,ZAR/SGD,1,SGD < 50,amtLessThan50,,,otherCurrencies,2026-09-02 00:30:00,2026-09-01 16:30:14,2026-09-01T16:47:58.278460+00:00,0.0801,0.0775,0.07880000000000001,1.6497461928933952,1.649746192893413
native,hsbc,AED,SGD,AED/SGD,100,Indicative board,board,,,indicative_fx,2026-9-1,2026-9-1,2026-09-01T16:48:02.239276+00:00,35.72,33.47,34.595,3.2519150166208988,3.2519150166208988
native,hsbc,AUD,SGD,AUD/SGD,1,Indicative board,board,,,indicative_fx,2026-9-1,2026-9-1,2026-09-01T16:48:02.239276+00:00,0.9397,0.8847,0.9122,3.0146897610173173,3.0146897610173173
native,hsbc,CAD,SGD,CAD/SGD,1,Indicative board,board,,,indicative_fx,2026-9-1,2026-9-1,2026-09-01T16:48:02.239276+00:00,0.9453,0.89,0.9176500000000001,3.013131368168686,3.0131313681686986
native,hsbc,CHF,SGD,CHF/SGD,100,Indicative board,board,,,indicative_fx,2026-9-1,2026-9-1,2026-09-01T16:48:02.239276+00:00,162.0,152.52,157.26,3.014116749332322,3.014116749332304
native,hsbc,CNY,SGD,CNY/SGD,100,Indicative board,board,,,indicative_fx,2026-9-1,2026-9-1,2026-09-01T16:48:02.239276+00:00,19.53,18.3,18.915,3.2513877874702724,3.2513877874702537
native,hsbc,DKK,SGD,DKK/SGD,100,Indicative board,board,,,indicative_fx,2026-9-1,2026-9-1,2026-09-01T16:48:02.239276+00:00,20.35,19.16,19.755000000000003,3.0118957226018668,3.011895722601885
native,hsbc,EUR,SGD,EUR/SGD,1,Indicative board,board,,,indicative_fx,2026-9-1,2026-9-1,2026-09-01T16:48:02.239276+00:00,1.5214,1.4324,1.4769,3.013067912519465,3.0130679125194804
native,hsbc,FJD,SGD,FJD/SGD,1,Indicative board,board,,,indicative_fx,2026-9-1,2026-9-1,2026-09-01T16:48:02.239276+00:00,0.6048,,,,
native,hsbc,GBP,SGD,GBP/SGD,1,Indicative board,board,,,indicative_fx,2026-9-1,2026-9-1,2026-09-01T16:48:02.239276+00:00,1.7747,1.6709,1.7227999999999999,3.0125377292779234,3.01253772927791
native,hsbc,HKD,SGD,HKD/SGD,100,Indicative board,board,,,indicative_fx,2026-9-1,2026-9-1,2026-09-01T16:48:02.239276+00:00,16.41,16.0,16.205,1.2650416538105638,1.2650416538105418
native,hsbc,IDR,SGD,IDR/SGD,100,Indicative board,board,,,indicative_fx,2026-9-1,2026-9-1,2026-09-01T16:48:02.239276+00:00,0.0074,,,,
native,hsbc,INR,SGD,INR/SGD,100,Indicative board,board,,,indicative_fx,2026-9-1,2026-9-1,2026-09-01T16:48:02.239276+00:00,1.38,,,,
native,hsbc,JPY,SGD,JPY/SGD,100,Indicative board,board,,,indicative_fx,2026-9-1,2026-9-1,2026-09-01T16:48:02.239276+00:00,0.8198,0.7718,0.7958000000000001,3.015833123900466,3.01583312390048
native,hsbc,LKR,SGD,LKR/SGD,100,Indicative board,board,,,indicative_fx,2026-9-1,2026-9-1,2026-09-01T16:48:02.239276+00:00,0.4,,,,
native,hsbc,MUR,SGD,MUR/SGD,100,Indicative board,board,,,indicative_fx,2026-9-1,2026-9-1,2026-09-01T16:48:02.239276+00:00,2.79,2.6,2.6950000000000003,3.52504638218923,3.525046382189246
native,hsbc,NOK,SGD,NOK/SGD,100,Indicative board,board,,,indicative_fx,2026-9-1,2026-9-1,2026-09-01T16:48:02.239276+00:00,14.03,13.2,13.614999999999998,3.048108703635703,3.04810870363569
native,hsbc,NZD,SGD,NZD/SGD,1,Indicative board,board,,,indicative_fx,2026-9-1,2026-9-1,2026-09-01T16:48:02.239276+00:00,0.7759,0.7305,0.7532000000000001,3.013807753584697,3.013807753584712
native,hsbc,PHP,SGD,PHP/SGD,100,Indicative board,board,,,indicative_fx,2026-9-1,2026-9-1,2026-09-01T16:48:02.239276+00:00,2.11,,,,
native,hsbc,PKR,SGD,PKR/SGD,100,Indicative board,board,,,indicative_fx,2026-9-1,2026-9-1,2026-09-01T16:48:02.239276+00:00,0.47,,,,
native,hsbc,QAR,SGD,QAR/SGD,100,Indicative board,board,,,indicative_fx,2026-9-1,2026-9-1,2026-09-01T16:48:02.239276+00:00,35.3,34.42,34.86,1.2621916236374002,1.2621916236374002
native,hsbc,RUB,SGD,RUB/SGD,100,Indicative board,board,,,indicative_fx,2026-9-1,2026-9-1,2026-09-01T16:48:02.239276+00:00,15.47,14.0,14.735,4.9881235154394385,4.988123515439426
native,hsbc,SAR,SGD,SAR/SGD,100,Indicative board,board,,,indicative_fx,2026-9-1,2026-9-1,2026-09-01T16:48:02.239276+00:00,34.27,33.41,33.84,1.2706855791962166,1.2706855791962375
native,hsbc,SEK,SGD,SEK/SGD,100,Indicative board,board,,,indicative_fx,2026-9-1,2026-9-1,2026-09-01T16:48:02.239276+00:00,13.68,12.87,13.274999999999999,3.0508474576271274,3.050847457627114
native,hsbc,THB,SGD,THB/SGD,100,Indicative board,board,,,indicative_fx,2026-9-1,2026-9-1,2026-09-01T16:48:02.239276+00:00,3.96,,,,
native,hsbc,TRY,SGD,TRY/SGD,1,Indicative board,board,,,indicative_fx,2026-9-1,2026-9-1,2026-09-01T16:48:02.239276+00:00,0.0272,,,,
native,hsbc,USD,SGD,USD/SGD,1,Indicative board,board,,,indicative_fx,2026-9-1,2026-9-1,2026-09-01T16:48:02.239276+00:00,1.2961,1.2451,1.2706,2.0069258617975825,2.0069258617975647
native,hsbc,ZAR,SGD,ZAR/SGD,1,Indicative board,board,,,indicative_fx,2026-9-1,2026-9-1,2026-09-01T16:48:02.239276+00:00,0.0816,0.0764,0.079,3.2911392405063356,3.2911392405063356
native,ocbc,AED,SGD,AED/SGD,100,"SGD 0 – 39,999.99",tier_1,,,fxRatesSgd,2026-09-01T07:00:13,2026-09-01T07:00:13,2026-09-01T16:47:59.598219+00:00,35.5643,33.5519,34.5581,2.9116184049470304,2.9116184049470304
native,ocbc,AED,SGD,AED/SGD,100,"SGD 40,000 – 100,000",tier_2,,,fxRatesSgd,2026-09-01T07:00:13,2026-09-01T07:00:13,2026-09-01T16:47:59.598219+00:00,35.5538,33.5691,34.5581,2.8812347901070927,2.861847150161624
native,ocbc,AUD,SGD,AUD/SGD,1,"SGD 0 – 39,999.99",tier_1,,,fxRatesSgd,2026-09-01T07:00:13,2026-09-01T07:00:13,2026-09-01T16:47:59.598219+00:00,0.9262,0.8968,0.9115,1.6127262753702738,1.6127262753702618
native,ocbc,AUD,SGD,AUD/SGD,1,"SGD 40,000 – 100,000",tier_2,,,fxRatesSgd,2026-09-01T07:00:13,2026-09-01T07:00:13,2026-09-01T16:47:59.598219+00:00,0.9244,0.8987,0.9115,1.4152495885902383,1.4042786615468923
native,ocbc,BGN,SGD,BGN/SGD,100,"SGD 0 – 39,999.99",tier_1,,,fxRatesSgd,2026-09-01T07:00:13,2026-09-01T07:00:13,2026-09-01T16:47:59.598219+00:00,0.0,0.0,0.0,,
native,ocbc,BGN,SGD,BGN/SGD,100,"SGD 40,000 – 100,000",tier_2,,,fxRatesSgd,2026-09-01T07:00:13,2026-09-01T07:00:13,2026-09-01T16:47:59.598219+00:00,0.0,0.0,0.0,,
native,ocbc,BHD,SGD,BHD/SGD,1,"SGD 0 – 39,999.99",tier_1,,,fxRatesSgd,2026-09-01T07:00:13,2026-09-01T07:00:13,2026-09-01T16:47:59.598219+00:00,0.0,0.0,0.0,,
native,ocbc,BHD,SGD,BHD/SGD,1,"SGD 40,000 – 100,000",tier_2,,,fxRatesSgd,2026-09-01T07:00:13,2026-09-01T07:00:13,2026-09-01T16:47:59.598219+00:00,0.0,0.0,0.0,,
native,ocbc,CAD,SGD,CAD/SGD,1,"SGD 0 – 39,999.99",tier_1,,,fxRatesSgd,2026-09-01T07:00:13,2026-09-01T07:00:13,2026-09-01T16:47:59.598219+00:00,0.9345,0.9013,0.9179,1.8084758688310216,1.8084758688310336
native,ocbc,CAD,SGD,CAD/SGD,1,"SGD 40,000 – 100,000",tier_2,,,fxRatesSgd,2026-09-01T07:00:13,2026-09-01T07:00:13,2026-09-01T16:47:59.598219+00:00,0.9326,0.9031,0.9179,1.6014816428804808,1.612376075825257
native,ocbc,CHF,SGD,CHF/SGD,100,"SGD 0 – 39,999.99",tier_1,,,fxRatesSgd,2026-09-01T07:00:13,2026-09-01T07:00:13,2026-09-01T16:47:59.598219+00:00,160.0245,154.3331,157.1788,1.8104858924994933,1.8104858924994933
native,ocbc,CHF,SGD,CHF/SGD,100,"SGD 40,000 – 100,000",tier_2,,,fxRatesSgd,2026-09-01T07:00:13,2026-09-01T07:00:13,2026-09-01T16:47:59.598219+00:00,159.7101,154.6474,157.1788,1.610458916851392,1.6105225386629691
native,ocbc,CNH,SGD,CNH/SGD,100,"SGD 0 – 39,999.99",tier_1,,,fxRatesSgd,2026-09-01T07:00:13,2026-09-01T07:00:13,2026-09-01T16:47:59.598219+00:00,19.2799,18.7088,18.9944,1.5030745904056066,1.5036010613654485
native,ocbc,CNH,SGD,CNH/SGD,100,"SGD 40,000 – 100,000",tier_2,,,fxRatesSgd,2026-09-01T07:00:13,2026-09-01T07:00:13,2026-09-01T16:47:59.598219+00:00,19.261,18.7277,18.9944,1.403571578991705,1.4040980499515656
native,ocbc,CZK,SGD,CZK/SGD,100,"SGD 0 – 39,999.99",tier_1,,,fxRatesSgd,2026-09-01T07:00:13,2026-09-01T07:00:13,2026-09-01T16:47:59.598219+00:00,0.0,0.0,0.0,,
native,ocbc,CZK,SGD,CZK/SGD,100,"SGD 40,000 – 100,000",tier_2,,,fxRatesSgd,2026-09-01T07:00:13,2026-09-01T07:00:13,2026-09-01T16:47:59.598219+00:00,0.0,0.0,0.0,,
native,ocbc,DKK,SGD,DKK/SGD,100,"SGD 0 – 39,999.99",tier_1,,,fxRatesSgd,2026-09-01T07:00:13,2026-09-01T07:00:13,2026-09-01T16:47:59.598219+00:00,20.1045,19.3906,19.7476,1.8073082298608596,1.8078146205108436
native,ocbc,DKK,SGD,DKK/SGD,100,"SGD 40,000 – 100,000",tier_2,,,fxRatesSgd,2026-09-01T07:00:13,2026-09-01T07:00:13,2026-09-01T16:47:59.598219+00:00,20.065,19.4301,19.7476,1.607283923109658,1.6077903137596419
native,ocbc,EUR,SGD,EUR/SGD,1,"SGD 0 – 39,999.99",tier_1,,,fxRatesSgd,2026-09-01T07:00:13,2026-09-01T07:00:13,2026-09-01T16:47:59.598219+00:00,1.4928,1.456,1.4744,1.2479652740097649,1.2479652740097649
native,ocbc,EUR,SGD,EUR/SGD,1,"SGD 40,000 – 100,000",tier_2,,,fxRatesSgd,2026-09-01T07:00:13,2026-09-01T07:00:13,2026-09-01T16:47:59.598219+00:00,1.491,1.458,1.4744,1.1258817145957793,1.1123168746608771
native,ocbc,GBP,SGD,GBP/SGD,1,"SGD 0 – 39,999.99",tier_1,,,fxRatesSgd,2026-09-01T07:00:13,2026-09-01T07:00:13,2026-09-01T16:47:59.598219+00:00,1.746,1.6997,1.7229,1.3407626675953275,1.3465668349875273
native,ocbc,GBP,SGD,GBP/SGD,1,"SGD 40,000 – 100,000",tier_2,,,fxRatesSgd,2026-09-01T07:00:13,2026-09-01T07:00:13,2026-09-01T16:47:59.598219+00:00,1.7443,1.7018,1.7229,1.2420918219281363,1.2246793197515884
native,ocbc,HKD,SGD,HKD/SGD,100,"SGD 0 – 39,999.99",tier_1,,,fxRatesSgd,2026-09-01T07:00:13,2026-09-01T07:00:13,2026-09-01T16:47:59.598219+00:00,16.4499,16.0506,16.2503,1.228285016276624,1.2289003895312702
native,ocbc,HKD,SGD,HKD/SGD,100,"SGD 40,000 – 100,000",tier_2,,,fxRatesSgd,2026-09-01T07:00:13,2026-09-01T07:00:13,2026-09-01T16:47:59.598219+00:00,16.4207,16.0604,16.2503,1.0485960259195264,1.1685938105757923
native,ocbc,HUF,SGD,HUF/SGD,100,"SGD 0 – 39,999.99",tier_1,,,fxRatesSgd,2026-09-01T07:00:13,2026-09-01T07:00:13,2026-09-01T16:47:59.598219+00:00,0.0,0.0,0.0,,
native,ocbc,HUF,SGD,HUF/SGD,100,"SGD 40,000 – 100,000",tier_2,,,fxRatesSgd,2026-09-01T07:00:13,2026-09-01T07:00:13,2026-09-01T16:47:59.598219+00:00,0.0,0.0,0.0,,
native,ocbc,IDR,SGD,IDR/SGD,100,"SGD 0 – 39,999.99",tier_1,,,fxRatesSgd,2026-09-01T07:00:13,2026-09-01T07:00:13,2026-09-01T16:47:59.598219+00:00,0.0074,0.0,0.0074,0.0,100.0
native,ocbc,IDR,SGD,IDR/SGD,100,"SGD 40,000 – 100,000",tier_2,,,fxRatesSgd,2026-09-01T07:00:13,2026-09-01T07:00:13,2026-09-01T16:47:59.598219+00:00,0.0074,0.0,0.0074,0.0,100.0
native,ocbc,ILS,SGD,ILS/SGD,100,"SGD 0 – 39,999.99",tier_1,,,fxRatesSgd,2026-09-01T07:00:13,2026-09-01T07:00:13,2026-09-01T16:47:59.598219+00:00,0.0,0.0,0.0,,
native,ocbc,ILS,SGD,ILS/SGD,100,"SGD 40,000 – 100,000",tier_2,,,fxRatesSgd,2026-09-01T07:00:13,2026-09-01T07:00:13,2026-09-01T16:47:59.598219+00:00,0.0,0.0,0.0,,
native,ocbc,INR,SGD,INR/SGD,100,"SGD 0 – 39,999.99",tier_1,,,fxRatesSgd,2026-09-01T07:00:13,2026-09-01T07:00:13,2026-09-01T16:47:59.598219+00:00,1.3823,0.0,1.3823,0.0,100.0
native,ocbc,INR,SGD,INR/SGD,100,"SGD 40,000 – 100,000",tier_2,,,fxRatesSgd,2026-09-01T07:00:13,2026-09-01T07:00:13,2026-09-01T16:47:59.598219+00:00,1.3796,0.0,1.3823,-0.19532662953050325,100.0
native,ocbc,JOD,SGD,JOD/SGD,1,"SGD 0 – 39,999.99",tier_1,,,fxRatesSgd,2026-09-01T07:00:13,2026-09-01T07:00:13,2026-09-01T16:47:59.598219+00:00,0.0,0.0,0.0,,
native,ocbc,JOD,SGD,JOD/SGD,1,"SGD 40,000 – 100,000",tier_2,,,fxRatesSgd,2026-09-01T07:00:13,2026-09-01T07:00:13,2026-09-01T16:47:59.598219+00:00,0.0,0.0,0.0,,
native,ocbc,JPY,SGD,JPY/SGD,100,"SGD 0 – 39,999.99",tier_1,,,fxRatesSgd,2026-09-01T07:00:13,2026-09-01T07:00:13,2026-09-01T16:47:59.598219+00:00,0.8058,0.786,0.7959,1.2438748586505728,1.2438748586505866
native,ocbc,JPY,SGD,JPY/SGD,100,"SGD 40,000 – 100,000",tier_2,,,fxRatesSgd,2026-09-01T07:00:13,2026-09-01T07:00:13,2026-09-01T16:47:59.598219+00:00,0.805,0.7874,0.7959,1.1433597185576072,1.0679733634878832
native,ocbc,KRW,SGD,KRW/SGD,100,"SGD 0 – 39,999.99",tier_1,,,fxRatesSgd,2026-09-01T07:00:13,2026-09-01T07:00:13,2026-09-01T16:47:59.598219+00:00,0.0,0.0,0.0,,
native,ocbc,KRW,SGD,KRW/SGD,100,"SGD 40,000 – 100,000",tier_2,,,fxRatesSgd,2026-09-01T07:00:13,2026-09-01T07:00:13,2026-09-01T16:47:59.598219+00:00,0.0,0.0,0.0,,
native,ocbc,LKR,SGD,LKR/SGD,100,"SGD 0 – 39,999.99",tier_1,,,fxRatesSgd,2026-09-01T07:00:13,2026-09-01T07:00:13,2026-09-01T16:47:59.598219+00:00,0.4,0.0,0.4,0.0,100.0
native,ocbc,LKR,SGD,LKR/SGD,100,"SGD 40,000 – 100,000",tier_2,,,fxRatesSgd,2026-09-01T07:00:13,2026-09-01T07:00:13,2026-09-01T16:47:59.598219+00:00,0.3992,0.0,0.4,-0.20000000000000573,100.0
native,ocbc,MAD,SGD,MAD/SGD,100,"SGD 0 – 39,999.99",tier_1,,,fxRatesSgd,2026-09-01T07:00:13,2026-09-01T07:00:13,2026-09-01T16:47:59.598219+00:00,0.0,0.0,0.0,,
native,ocbc,MAD,SGD,MAD/SGD,100,"SGD 40,000 – 100,000",tier_2,,,fxRatesSgd,2026-09-01T07:00:13,2026-09-01T07:00:13,2026-09-01T16:47:59.598219+00:00,0.0,0.0,0.0,,
native,ocbc,MXN,SGD,MXN/SGD,100,"SGD 0 – 39,999.99",tier_1,,,fxRatesSgd,2026-09-01T07:00:13,2026-09-01T07:00:13,2026-09-01T16:47:59.598219+00:00,7.7283,0.0,7.7283,0.0,100.0
native,ocbc,MXN,SGD,MXN/SGD,100,"SGD 40,000 – 100,000",tier_2,,,fxRatesSgd,2026-09-01T07:00:13,2026-09-01T07:00:13,2026-09-01T16:47:59.598219+00:00,7.7267,0.0,7.7283,-0.02070313005447283,100.0
native,ocbc,MYR,SGD,MYR/SGD,100,"SGD 0 – 39,999.99",tier_1,,,fxRatesSgd,2026-09-01T07:00:13,2026-09-01T07:00:13,2026-09-01T16:47:59.598219+00:00,0.0,0.0,0.0,,
native,ocbc,MYR,SGD,MYR/SGD,100,"SGD 40,000 – 100,000",tier_2,,,fxRatesSgd,2026-09-01T07:00:13,2026-09-01T07:00:13,2026-09-01T16:47:59.598219+00:00,0.0,0.0,0.0,,
native,ocbc,NOK,SGD,NOK/SGD,100,"SGD 0 – 39,999.99",tier_1,,,fxRatesSgd,2026-09-01T07:00:13,2026-09-01T07:00:13,2026-09-01T16:47:59.598219+00:00,13.8988,13.4033,13.6511,1.8145057907421385,1.8152383324420727
native,ocbc,NOK,SGD,NOK/SGD,100,"SGD 40,000 – 100,000",tier_2,,,fxRatesSgd,2026-09-01T07:00:13,2026-09-01T07:00:13,2026-09-01T16:47:59.598219+00:00,13.8714,13.4306,13.6511,1.6137893649595998,1.615254448359469
native,ocbc,NZD,SGD,NZD/SGD,1,"SGD 0 – 39,999.99",tier_1,,,fxRatesSgd,2026-09-01T07:00:13,2026-09-01T07:00:13,2026-09-01T16:47:59.598219+00:00,0.7663,0.7402,0.7533,1.725740076994559,1.7390150006637466
native,ocbc,NZD,SGD,NZD/SGD,1,"SGD 40,000 – 100,000",tier_2,,,fxRatesSgd,2026-09-01T07:00:13,2026-09-01T07:00:13,2026-09-01T16:47:59.598219+00:00,0.7644,0.7424,0.7533,1.473516527279968,1.4469666799415932
native,ocbc,OMR,SGD,OMR/SGD,1,"SGD 0 – 39,999.99",tier_1,,,fxRatesSgd,2026-09-01T07:00:13,2026-09-01T07:00:13,2026-09-01T16:47:59.598219+00:00,0.0,0.0,0.0,,
native,ocbc,OMR,SGD,OMR/SGD,1,"SGD 40,000 – 100,000",tier_2,,,fxRatesSgd,2026-09-01T07:00:13,2026-09-01T07:00:13,2026-09-01T16:47:59.598219+00:00,0.0,0.0,0.0,,
native,ocbc,PHP,SGD,PHP/SGD,100,"SGD 0 – 39,999.99",tier_1,,,fxRatesSgd,2026-09-01T07:00:13,2026-09-01T07:00:13,2026-09-01T16:47:59.598219+00:00,2.1071,0.0,2.1071,0.0,100.0
native,ocbc,PHP,SGD,PHP/SGD,100,"SGD 40,000 – 100,000",tier_2,,,fxRatesSgd,2026-09-01T07:00:13,2026-09-01T07:00:13,2026-09-01T16:47:59.598219+00:00,2.1061,0.0,2.1071,-0.047458592378144836,100.0
native,ocbc,PLN,SGD,PLN/SGD,100,"SGD 0 – 39,999.99",tier_1,,,fxRatesSgd,2026-09-01T07:00:13,2026-09-01T07:00:13,2026-09-01T16:47:59.598219+00:00,35.2096,33.0109,34.1103,3.222780215946501,3.2230733825266937
native,ocbc,PLN,SGD,PLN/SGD,100,"SGD 40,000 – 100,000",tier_2,,,fxRatesSgd,2026-09-01T07:00:13,2026-09-01T07:00:13,2026-09-01T16:47:59.598219+00:00,35.1923,33.0378,34.1103,3.1720623975749285,3.144211572457601
native,ocbc,QAR,SGD,QAR/SGD,100,"SGD 0 – 39,999.99",tier_1,,,fxRatesSgd,2026-09-01T07:00:13,2026-09-01T07:00:13,2026-09-01T16:47:59.598219+00:00,35.9338,33.8799,34.9069,2.941825255178769,2.9421117314914844
native,ocbc,QAR,SGD,QAR/SGD,100,"SGD 40,000 – 100,000",tier_2,,,fxRatesSgd,2026-09-01T07:00:13,2026-09-01T07:00:13,2026-09-01T16:47:59.598219+00:00,35.9125,33.8971,34.9069,2.8808058005723827,2.892837805706031
native,ocbc,RON,SGD,RON/SGD,100,"SGD 0 – 39,999.99",tier_1,,,fxRatesSgd,2026-09-01T07:00:13,2026-09-01T07:00:13,2026-09-01T16:47:59.598219+00:00,0.0,0.0,0.0,,
native,ocbc,RON,SGD,RON/SGD,100,"SGD 40,000 – 100,000",tier_2,,,fxRatesSgd,2026-09-01T07:00:13,2026-09-01T07:00:13,2026-09-01T16:47:59.598219+00:00,0.0,0.0,0.0,,
native,ocbc,RUB,SGD,RUB/SGD,100,"SGD 0 – 39,999.99",tier_1,,,fxRatesSgd,2026-09-01T07:00:13,2026-09-01T07:00:13,2026-09-01T16:47:59.598219+00:00,0.0,0.0,0.0,,
native,ocbc,RUB,SGD,RUB/SGD,100,"SGD 40,000 – 100,000",tier_2,,,fxRatesSgd,2026-09-01T07:00:13,2026-09-01T07:00:13,2026-09-01T16:47:59.598219+00:00,0.0,0.0,0.0,,
native,ocbc,SAR,SGD,SAR/SGD,100,"SGD 0 – 39,999.99",tier_1,,,fxRatesSgd,2026-09-01T07:00:13,2026-09-01T07:00:13,2026-09-01T16:47:59.598219+00:00,34.8647,32.945,33.9049,2.830859256331685,2.8311541989505873
native,ocbc,SAR,SGD,SAR/SGD,100,"SGD 40,000 – 100,000",tier_2,,,fxRatesSgd,2026-09-01T07:00:13,2026-09-01T07:00:13,2026-09-01T16:47:59.598219+00:00,34.8475,32.9617,33.9049,2.780129125878557,2.7818987815920337
native,ocbc,SEK,SGD,SEK/SGD,100,"SGD 0 – 39,999.99",tier_1,,,fxRatesSgd,2026-09-01T07:00:13,2026-09-01T07:00:13,2026-09-01T16:47:59.598219+00:00,13.516,13.0341,13.2751,1.814675595664062,1.8154288856581091
native,ocbc,SEK,SGD,SEK/SGD,100,"SGD 40,000 – 100,000",tier_2,,,fxRatesSgd,2026-09-01T07:00:13,2026-09-01T07:00:13,2026-09-01T16:47:59.598219+00:00,13.4894,13.0606,13.2751,1.6143004572470243,1.6158070372351188
native,ocbc,THB,SGD,THB/SGD,100,"SGD 0 – 39,999.99",tier_1,,,fxRatesSgd,2026-09-01T07:00:13,2026-09-01T07:00:13,2026-09-01T16:47:59.598219+00:00,3.9383,3.7208,3.8296,2.838416544808852,2.8410277835805307
native,ocbc,THB,SGD,THB/SGD,100,"SGD 40,000 – 100,000",tier_2,,,fxRatesSgd,2026-09-01T07:00:13,2026-09-01T07:00:13,2026-09-01T16:47:59.598219+00:00,3.9306,3.7285,3.8296,2.637351159390014,2.6399623981616926
native,ocbc,TRY,SGD,TRY/SGD,100,"SGD 0 – 39,999.99",tier_1,,,fxRatesSgd,2026-09-01T07:00:13,2026-09-01T07:00:13,2026-09-01T16:47:59.598219+00:00,2.709,2.5962,2.6526,2.126215788283194,2.126215788283194
native,ocbc,TRY,SGD,TRY/SGD,100,"SGD 40,000 – 100,000",tier_2,,,fxRatesSgd,2026-09-01T07:00:13,2026-09-01T07:00:13,2026-09-01T16:47:59.598219+00:00,2.7077,2.5965,2.6526,2.0772072683404934,2.1149061298348886
native,ocbc,TWD,SGD,TWD/SGD,100,"SGD 0 – 39,999.99",tier_1,,,fxRatesSgd,2026-09-01T07:00:13,2026-09-01T07:00:13,2026-09-01T16:47:59.598219+00:00,4.1703,0.0,4.1703,0.0,100.0
native,ocbc,TWD,SGD,TWD/SGD,100,"SGD 40,000 – 100,000",tier_2,,,fxRatesSgd,2026-09-01T07:00:13,2026-09-01T07:00:13,2026-09-01T16:47:59.598219+00:00,0.0,0.0,4.1703,-100.0,100.0
native,ocbc,USD,SGD,USD/SGD,1,"SGD 0 – 39,999.99",tier_1,,,fxRatesSgd,2026-09-01T07:00:13,2026-09-01T07:00:13,2026-09-01T16:47:59.598219+00:00,1.2855,1.2625,1.274,0.9026687598116222,0.9026687598116222
native,ocbc,USD,SGD,USD/SGD,1,"SGD 40,000 – 100,000",tier_2,,,fxRatesSgd,2026-09-01T07:00:13,2026-09-01T07:00:13,2026-09-01T16:47:59.598219+00:00,1.2843,1.2636,1.274,0.8084772370486637,0.8163265306122423
native,ocbc,ZAR,SGD,ZAR/SGD,100,"SGD 0 – 39,999.99",tier_1,,,fxRatesSgd,2026-09-01T07:00:13,2026-09-01T07:00:13,2026-09-01T16:47:59.598219+00:00,8.1215,7.6455,7.8835,3.018963658273604,3.018963658273604
native,ocbc,ZAR,SGD,ZAR/SGD,100,"SGD 40,000 – 100,000",tier_2,,,fxRatesSgd,2026-09-01T07:00:13,2026-09-01T07:00:13,2026-09-01T16:47:59.598219+00:00,8.1176,7.6495,7.8835,2.9694932453859297,2.9682247732606073
native,uob,AED,SGD,AED/SGD,100,Indicative board,board,,,forex_sgd,01 September 2026 05:31:57 PM,01 September 2026 05:31:57 PM,2026-09-01T16:48:01.456844+00:00,35.52,33.82,34.67,2.451687337755989,2.451687337755989
native,uob,AOA,SGD,AOA/SGD,100,Indicative board,board,,,forex_sgd,01 September 2026 05:31:57 PM,01 September 2026 05:31:57 PM,2026-09-01T16:48:01.456844+00:00,0.143,,,,
native,uob,AUD,SGD,AUD/SGD,1,Indicative board,board,,,forex_sgd,01 September 2026 05:31:57 PM,01 September 2026 05:31:57 PM,2026-09-01T16:48:01.456844+00:00,0.9248,0.8938,0.9093,1.7046079401737555,1.7046079401737555
native,uob,BDT,SGD,BDT/SGD,100,Indicative board,board,,,forex_sgd,01 September 2026 05:31:57 PM,01 September 2026 05:31:57 PM,2026-09-01T16:48:01.456844+00:00,1.0628,,,,
native,uob,BND,SGD,BND/SGD,1,Indicative board,board,,,forex_sgd,01 September 2026 05:31:57 PM,01 September 2026 05:31:57 PM,2026-09-01T16:48:01.456844+00:00,1.0,1.0,1.0,0.0,0.0
native,uob,CAD,SGD,CAD/SGD,1,Indicative board,board,,,forex_sgd,01 September 2026 05:31:57 PM,01 September 2026 05:31:57 PM,2026-09-01T16:48:01.456844+00:00,0.928,0.908,0.918,1.0893246187363843,1.0893246187363843
native,uob,CHF,SGD,CHF/SGD,100,Indicative board,board,,,forex_sgd,01 September 2026 05:31:57 PM,01 September 2026 05:31:57 PM,2026-09-01T16:48:01.456844+00:00,158.89,155.59,157.24,1.049351310099197,1.049351310099215
native,uob,CNH,SGD,CNH/SGD,100,Indicative board,board,,,forex_sgd,01 September 2026 05:31:57 PM,01 September 2026 05:31:57 PM,2026-09-01T16:48:01.456844+00:00,19.17,18.71,18.94,1.214361140443508,1.214361140443508
native,uob,DKK,SGD,DKK/SGD,100,Indicative board,board,,,forex_sgd,01 September 2026 05:31:57 PM,01 September 2026 05:31:57 PM,2026-09-01T16:48:01.456844+00:00,20.1,19.4,19.75,1.7721518987341847,1.7721518987341847
native,uob,EGP,SGD,EGP/SGD,100,Indicative board,board,,,forex_sgd,01 September 2026 05:31:57 PM,01 September 2026 05:31:57 PM,2026-09-01T16:48:01.456844+00:00,2.5709,,,,
native,uob,EUR,SGD,EUR/SGD,1,Indicative board,board,,,forex_sgd,01 September 2026 05:31:57 PM,01 September 2026 05:31:57 PM,2026-09-01T16:48:01.456844+00:00,1.4955,1.4575,1.4765000000000001,1.2868269556383274,1.2868269556383423
native,uob,GBP,SGD,GBP/SGD,1,Indicative board,board,,,forex_sgd,01 September 2026 05:31:57 PM,01 September 2026 05:31:57 PM,2026-09-01T16:48:01.456844+00:00,1.7471,1.7021,1.7246000000000001,1.3046503537052048,1.3046503537052179
native,uob,HKD,SGD,HKD/SGD,100,Indicative board,board,,,forex_sgd,01 September 2026 05:31:57 PM,01 September 2026 05:31:57 PM,2026-09-01T16:48:01.456844+00:00,16.419,16.061,16.240000000000002,1.1022167487684635,1.1022167487684853
native,uob,INR,SGD,INR/SGD,100,Indicative board,board,,,forex_sgd,01 September 2026 05:31:57 PM,01 September 2026 05:31:57 PM,2026-09-01T16:48:01.456844+00:00,1.3782,,,,
native,uob,JPY,SGD,JPY/SGD,100,Indicative board,board,,,forex_sgd,01 September 2026 05:31:57 PM,01 September 2026 05:31:57 PM,2026-09-01T16:48:01.456844+00:00,0.8132,0.7792,0.7962,2.135141924139665,2.135141924139665
native,uob,KRW,SGD,KRW/SGD,1000,Indicative board,board,,,forex_sgd,01 September 2026 05:31:57 PM,01 September 2026 05:31:57 PM,2026-09-01T16:48:01.456844+00:00,0.943,,,,
native,uob,KWD,SGD,KWD/SGD,1,Indicative board,board,,,forex_sgd,01 September 2026 05:31:57 PM,01 September 2026 05:31:57 PM,2026-09-01T16:48:01.456844+00:00,4.1777,,,,
native,uob,LKR,SGD,LKR/SGD,100,Indicative board,board,,,forex_sgd,01 September 2026 05:31:57 PM,01 September 2026 05:31:57 PM,2026-09-01T16:48:01.456844+00:00,0.3939,,,,
native,uob,MXN,SGD,MXN/SGD,100,Indicative board,board,,,forex_sgd,01 September 2026 05:31:57 PM,01 September 2026 05:31:57 PM,2026-09-01T16:48:01.456844+00:00,7.5538,,,,
native,uob,MYR,SGD,MYR/SGD,100,Indicative board,board,,,forex_sgd,01 September 2026 05:31:57 PM,01 September 2026 05:31:57 PM,2026-09-01T16:48:01.456844+00:00,31.9693,,,,
native,uob,NOK,SGD,NOK/SGD,100,Indicative board,board,,,forex_sgd,01 September 2026 05:31:57 PM,01 September 2026 05:31:57 PM,2026-09-01T16:48:01.456844+00:00,13.87,13.43,13.649999999999999,1.6117216117216164,1.6117216117216036
native,uob,NZD,SGD,NZD/SGD,1,Indicative board,board,,,forex_sgd,01 September 2026 05:31:57 PM,01 September 2026 05:31:57 PM,2026-09-01T16:48:01.456844+00:00,0.7606,0.7406,0.7506,1.3322675193178801,1.3322675193178801
native,uob,PHP,SGD,PHP/SGD,100,Indicative board,board,,,forex_sgd,01 September 2026 05:31:57 PM,01 September 2026 05:31:57 PM,2026-09-01T16:48:01.456844+00:00,2.0859,,,,
native,uob,PKR,SGD,PKR/SGD,100,Indicative board,board,,,forex_sgd,01 September 2026 05:31:57 PM,01 September 2026 05:31:57 PM,2026-09-01T16:48:01.456844+00:00,0.4646,,,,
native,uob,SAR,SGD,SAR/SGD,100,Indicative board,board,,,forex_sgd,01 September 2026 05:31:57 PM,01 September 2026 05:31:57 PM,2026-09-01T16:48:01.456844+00:00,,,,,
native,uob,SEK,SGD,SEK/SGD,100,Indicative board,board,,,forex_sgd,01 September 2026 05:31:57 PM,01 September 2026 05:31:57 PM,2026-09-01T16:48:01.456844+00:00,13.51,13.03,13.27,1.8085908063300695,1.8085908063300695
native,uob,THB,SGD,THB/SGD,100,Indicative board,board,,,forex_sgd,01 September 2026 05:31:57 PM,01 September 2026 05:31:57 PM,2026-09-01T16:48:01.456844+00:00,3.93,3.73,3.83,2.6109660574412556,2.6109660574412556
native,uob,TWD,SGD,TWD/SGD,100,Indicative board,board,,,forex_sgd,01 September 2026 05:31:57 PM,01 September 2026 05:31:57 PM,2026-09-01T16:48:01.456844+00:00,4.1077,,,,
native,uob,USD,SGD,USD/SGD,1,Indicative board,board,,,forex_sgd,01 September 2026 05:31:57 PM,01 September 2026 05:31:57 PM,2026-09-01T16:48:01.456844+00:00,1.2853,1.2613,1.2733,0.94243304798555,0.94243304798555
native,uob,VND,SGD,VND/SGD,1000,Indicative board,board,,,forex_sgd,01 September 2026 05:31:57 PM,01 September 2026 05:31:57 PM,2026-09-01T16:48:01.456844+00:00,,,,,
native,uob,XAF,SGD,XAF/SGD,100,Indicative board,board,,,forex_sgd,01 September 2026 05:31:57 PM,01 September 2026 05:31:57 PM,2026-09-01T16:48:01.456844+00:00,0.2312,,,,
native,uob,XOF,SGD,XOF/SGD,100,Indicative board,board,,,forex_sgd,01 September 2026 05:31:57 PM,01 September 2026 05:31:57 PM,2026-09-01T16:48:01.456844+00:00,0.2321,,,,
native,uob,ZAR,SGD,ZAR/SGD,1,Indicative board,board,,,forex_sgd,01 September 2026 05:31:57 PM,01 September 2026 05:31:57 PM,2026-09-01T16:48:01.456844+00:00,0.0807,0.0767,0.07869999999999999,2.5412960609911077,2.5412960609910904
standardized,dbs,AED,SGD,AED/SGD,1,SGD 50 – 200,amtBtw50And200,"SGD 200 – 39,999.99",std_200_40k,mainCurrencies,2026-09-02 00:30:00,2026-09-01 16:30:14,2026-09-01T16:47:58.278460+00:00,0.3491,0.3443,0.3467,0.6922411306605173,0.6922411306605173
standardized,dbs,AED,SGD,AED/SGD,1,SGD 50 – 200,amtBtw50And200,"SGD 40,000 – 100,000",std_40k_100k,mainCurrencies,2026-09-02 00:30:00,2026-09-01 16:30:14,2026-09-01T16:47:58.278460+00:00,0.3491,0.3443,0.3467,0.6922411306605173,0.6922411306605173
standardized,dbs,AED,SGD,AED/SGD,1,SGD 50 – 200,amtBtw50And200,SGD 50 – 200,std_50_200,mainCurrencies,2026-09-02 00:30:00,2026-09-01 16:30:14,2026-09-01T16:47:58.278460+00:00,0.3491,0.3443,0.3467,0.6922411306605173,0.6922411306605173
standardized,dbs,AED,SGD,AED/SGD,1,SGD < 50,amtLessThan50,SGD < 50,std_lt_50,mainCurrencies,2026-09-02 00:30:00,2026-09-01 16:30:14,2026-09-01T16:47:58.278460+00:00,0.3518,0.3415,0.34665,1.4856483484782887,1.4856483484782887
standardized,dbs,AUD,SGD,AUD/SGD,1,SGD 50 – 200,amtBtw50And200,"SGD 200 – 39,999.99",std_200_40k,mainCurrencies,2026-09-02 00:30:00,2026-09-01 16:30:14,2026-09-01T16:47:58.278460+00:00,0.9208,0.9006,0.9107,1.1090370045020312,1.1090370045020312
standardized,dbs,AUD,SGD,AUD/SGD,1,SGD 50 – 200,amtBtw50And200,"SGD 40,000 – 100,000",std_40k_100k,mainCurrencies,2026-09-02 00:30:00,2026-09-01 16:30:14,2026-09-01T16:47:58.278460+00:00,0.9208,0.9006,0.9107,1.1090370045020312,1.1090370045020312
standardized,dbs,AUD,SGD,AUD/SGD,1,SGD 50 – 200,amtBtw50And200,SGD 50 – 200,std_50_200,mainCurrencies,2026-09-02 00:30:00,2026-09-01 16:30:14,2026-09-01T16:47:58.278460+00:00,0.9208,0.9006,0.9107,1.1090370045020312,1.1090370045020312
standardized,dbs,AUD,SGD,AUD/SGD,1,SGD < 50,amtLessThan50,SGD < 50,std_lt_50,mainCurrencies,2026-09-02 00:30:00,2026-09-01 16:30:14,2026-09-01T16:47:58.278460+00:00,0.9213,0.9002,0.91075,1.1583859456491967,1.1583859456491847
standardized,dbs,BDT,SGD,BDT/SGD,100,SGD 50 – 200,amtBtw50And200,"SGD 200 – 39,999.99",std_200_40k,otherCurrencies,2026-09-02 00:30:00,2026-09-01 16:30:14,2026-09-01T16:47:58.278460+00:00,1.0533,,,,
standardized,dbs,BDT,SGD,BDT/SGD,100,SGD 50 – 200,amtBtw50And200,"SGD 40,000 – 100,000",std_40k_100k,otherCurrencies,2026-09-02 00:30:00,2026-09-01 16:30:14,2026-09-01T16:47:58.278460+00:00,1.0533,,,,
standardized,dbs,BDT,SGD,BDT/SGD,100,SGD 50 – 200,amtBtw50And200,SGD 50 – 200,std_50_200,otherCurrencies,2026-09-02 00:30:00,2026-09-01 16:30:14,2026-09-01T16:47:58.278460+00:00,1.0533,,,,
standardized,dbs,BDT,SGD,BDT/SGD,100,SGD < 50,amtLessThan50,SGD < 50,std_lt_50,otherCurrencies,2026-09-02 00:30:00,2026-09-01 16:30:14,2026-09-01T16:47:58.278460+00:00,1.0532,,,,
standardized,dbs,BHD,SGD,BHD/SGD,1,SGD 50 – 200,amtBtw50And200,"SGD 200 – 39,999.99",std_200_40k,otherCurrencies,2026-09-02 00:30:00,2026-09-01 16:30:14,2026-09-01T16:47:58.278460+00:00,3.4405,,,,
standardized,dbs,BHD,SGD,BHD/SGD,1,SGD 50 – 200,amtBtw50And200,"SGD 40,000 – 100,000",std_40k_100k,otherCurrencies,2026-09-02 00:30:00,2026-09-01 16:30:14,2026-09-01T16:47:58.278460+00:00,3.4405,,,,
standardized,dbs,BHD,SGD,BHD/SGD,1,SGD 50 – 200,amtBtw50And200,SGD 50 – 200,std_50_200,otherCurrencies,2026-09-02 00:30:00,2026-09-01 16:30:14,2026-09-01T16:47:58.278460+00:00,3.4405,,,,
standardized,dbs,BHD,SGD,BHD/SGD,1,SGD < 50,amtLessThan50,SGD < 50,std_lt_50,otherCurrencies,2026-09-02 00:30:00,2026-09-01 16:30:14,2026-09-01T16:47:58.278460+00:00,3.454,,,,
standardized,dbs,BND,SGD,BND/SGD,1,SGD 50 – 200,amtBtw50And200,"SGD 200 – 39,999.99",std_200_40k,otherCurrencies,2026-09-02 00:30:00,2026-09-01 16:30:14,2026-09-01T16:47:58.278460+00:00,1.0,1.0,1.0,0.0,0.0
standardized,dbs,BND,SGD,BND/SGD,1,SGD 50 – 200,amtBtw50And200,"SGD 40,000 – 100,000",std_40k_100k,otherCurrencies,2026-09-02 00:30:00,2026-09-01 16:30:14,2026-09-01T16:47:58.278460+00:00,1.0,1.0,1.0,0.0,0.0
standardized,dbs,BND,SGD,BND/SGD,1,SGD 50 – 200,amtBtw50And200,SGD 50 – 200,std_50_200,otherCurrencies,2026-09-02 00:30:00,2026-09-01 16:30:14,2026-09-01T16:47:58.278460+00:00,1.0,1.0,1.0,0.0,0.0
standardized,dbs,BND,SGD,BND/SGD,1,SGD < 50,amtLessThan50,SGD < 50,std_lt_50,otherCurrencies,2026-09-02 00:30:00,2026-09-01 16:30:14,2026-09-01T16:47:58.278460+00:00,1.0,1.0,1.0,0.0,0.0
standardized,dbs,CAD,SGD,CAD/SGD,1,SGD 50 – 200,amtBtw50And200,"SGD 200 – 39,999.99",std_200_40k,mainCurrencies,2026-09-02 00:30:00,2026-09-01 16:30:14,2026-09-01T16:47:58.278460+00:00,0.9228,0.909,0.9158999999999999,0.7533573534228647,0.7533573534228526
standardized,dbs,CAD,SGD,CAD/SGD,1,SGD 50 – 200,amtBtw50And200,"SGD 40,000 – 100,000",std_40k_100k,mainCurrencies,2026-09-02 00:30:00,2026-09-01 16:30:14,2026-09-01T16:47:58.278460+00:00,0.9228,0.909,0.9158999999999999,0.7533573534228647,0.7533573534228526
standardized,dbs,CAD,SGD,CAD/SGD,1,SGD 50 – 200,amtBtw50And200,SGD 50 – 200,std_50_200,mainCurrencies,2026-09-02 00:30:00,2026-09-01 16:30:14,2026-09-01T16:47:58.278460+00:00,0.9228,0.909,0.9158999999999999,0.7533573534228647,0.7533573534228526
standardized,dbs,CAD,SGD,CAD/SGD,1,SGD < 50,amtLessThan50,SGD < 50,std_lt_50,mainCurrencies,2026-09-02 00:30:00,2026-09-01 16:30:14,2026-09-01T16:47:58.278460+00:00,0.9261,0.9058,0.91595,1.108139090561711,1.108139090561711
standardized,dbs,CHF,SGD,CHF/SGD,1,SGD 50 – 200,amtBtw50And200,"SGD 200 – 39,999.99",std_200_40k,mainCurrencies,2026-09-02 00:30:00,2026-09-01 16:30:14,2026-09-01T16:47:58.278460+00:00,1.5823,1.5523,1.5673,0.9570599119504961,0.957059911950482
standardized,dbs,CHF,SGD,CHF/SGD,1,SGD 50 – 200,amtBtw50And200,"SGD 40,000 – 100,000",std_40k_100k,mainCurrencies,2026-09-02 00:30:00,2026-09-01 16:30:14,2026-09-01T16:47:58.278460+00:00,1.5823,1.5523,1.5673,0.9570599119504961,0.957059911950482
standardized,dbs,CHF,SGD,CHF/SGD,1,SGD 50 – 200,amtBtw50And200,SGD 50 – 200,std_50_200,mainCurrencies,2026-09-02 00:30:00,2026-09-01 16:30:14,2026-09-01T16:47:58.278460+00:00,1.5823,1.5523,1.5673,0.9570599119504961,0.957059911950482
standardized,dbs,CHF,SGD,CHF/SGD,1,SGD < 50,amtLessThan50,SGD < 50,std_lt_50,mainCurrencies,2026-09-02 00:30:00,2026-09-01 16:30:14,2026-09-01T16:47:58.278460+00:00,1.5831,1.5516,1.56735,1.0048808498420858,1.0048808498420858
standardized,dbs,CNH,SGD,CNH/SGD,1,SGD 50 – 200,amtBtw50And200,"SGD 200 – 39,999.99",std_200_40k,mainCurrencies,2026-09-02 00:30:00,2026-09-01 16:30:14,2026-09-01T16:47:58.278460+00:00,0.1916,0.1872,0.1894,1.1615628299894296,1.1615628299894443
standardized,dbs,CNH,SGD,CNH/SGD,1,SGD 50 – 200,amtBtw50And200,"SGD 40,000 – 100,000",std_40k_100k,mainCurrencies,2026-09-02 00:30:00,2026-09-01 16:30:14,2026-09-01T16:47:58.278460+00:00,0.1916,0.1872,0.1894,1.1615628299894296,1.1615628299894443
standardized,dbs,CNH,SGD,CNH/SGD,1,SGD 50 – 200,amtBtw50And200,SGD 50 – 200,std_50_200,mainCurrencies,2026-09-02 00:30:00,2026-09-01 16:30:14,2026-09-01T16:47:58.278460+00:00,0.1916,0.1872,0.1894,1.1615628299894296,1.1615628299894443
standardized,dbs,CNH,SGD,CNH/SGD,1,SGD < 50,amtLessThan50,SGD < 50,std_lt_50,mainCurrencies,2026-09-02 00:30:00,2026-09-01 16:30:14,2026-09-01T16:47:58.278460+00:00,0.1922,0.1865,0.18935000000000002,1.5051491946131457,1.50514919461316
standardized,dbs,CNY,SGD,CNY/SGD,1,SGD 50 – 200,amtBtw50And200,"SGD 200 – 39,999.99",std_200_40k,otherCurrencies,2026-09-02 00:30:00,2026-09-01 16:30:14,2026-09-01T16:47:58.278460+00:00,0.1894,,,,
standardized,dbs,CNY,SGD,CNY/SGD,1,SGD 50 – 200,amtBtw50And200,"SGD 40,000 – 100,000",std_40k_100k,otherCurrencies,2026-09-02 00:30:00,2026-09-01 16:30:14,2026-09-01T16:47:58.278460+00:00,0.1894,,,,
standardized,dbs,CNY,SGD,CNY/SGD,1,SGD 50 – 200,amtBtw50And200,SGD 50 – 200,std_50_200,otherCurrencies,2026-09-02 00:30:00,2026-09-01 16:30:14,2026-09-01T16:47:58.278460+00:00,0.1894,,,,
standardized,dbs,CNY,SGD,CNY/SGD,1,SGD < 50,amtLessThan50,SGD < 50,std_lt_50,otherCurrencies,2026-09-02 00:30:00,2026-09-01 16:30:14,2026-09-01T16:47:58.278460+00:00,0.1911,,,,
standardized,dbs,DKK,SGD,DKK/SGD,1,SGD 50 – 200,amtBtw50And200,"SGD 200 – 39,999.99",std_200_40k,mainCurrencies,2026-09-02 00:30:00,2026-09-01 16:30:14,2026-09-01T16:47:58.278460+00:00,0.2,0.1946,0.1973,1.368474404460217,1.368474404460217
standardized,dbs,DKK,SGD,DKK/SGD,1,SGD 50 – 200,amtBtw50And200,"SGD 40,000 – 100,000",std_40k_100k,mainCurrencies,2026-09-02 00:30:00,2026-09-01 16:30:14,2026-09-01T16:47:58.278460+00:00,0.2,0.1946,0.1973,1.368474404460217,1.368474404460217
standardized,dbs,DKK,SGD,DKK/SGD,1,SGD 50 – 200,amtBtw50And200,SGD 50 – 200,std_50_200,mainCurrencies,2026-09-02 00:30:00,2026-09-01 16:30:14,2026-09-01T16:47:58.278460+00:00,0.2,0.1946,0.1973,1.368474404460217,1.368474404460217
standardized,dbs,DKK,SGD,DKK/SGD,1,SGD < 50,amtLessThan50,SGD < 50,std_lt_50,mainCurrencies,2026-09-02 00:30:00,2026-09-01 16:30:14,2026-09-01T16:47:58.278460+00:00,0.2004,0.1942,0.1973,1.571211353269129,1.571211353269129
standardized,dbs,EUR,SGD,EUR/SGD,1,SGD 50 – 200,amtBtw50And200,"SGD 200 – 39,999.99",std_200_40k,mainCurrencies,2026-09-02 00:30:00,2026-09-01 16:30:14,2026-09-01T16:47:58.278460+00:00,1.4879,1.4627,1.4752999999999998,0.8540635802887662,0.8540635802887511
standardized,dbs,EUR,SGD,EUR/SGD,1,SGD 50 – 200,amtBtw50And200,"SGD 40,000 – 100,000",std_40k_100k,mainCurrencies,2026-09-02 00:30:00,2026-09-01 16:30:14,2026-09-01T16:47:58.278460+00:00,1.4879,1.4627,1.4752999999999998,0.8540635802887662,0.8540635802887511
standardized,dbs,EUR,SGD,EUR/SGD,1,SGD 50 – 200,amtBtw50And200,SGD 50 – 200,std_50_200,mainCurrencies,2026-09-02 00:30:00,2026-09-01 16:30:14,2026-09-01T16:47:58.278460+00:00,1.4879,1.4627,1.4752999999999998,0.8540635802887662,0.8540635802887511
standardized,dbs,EUR,SGD,EUR/SGD,1,SGD < 50,amtLessThan50,SGD < 50,std_lt_50,mainCurrencies,2026-09-02 00:30:00,2026-09-01 16:30:14,2026-09-01T16:47:58.278460+00:00,1.4887,1.462,1.47535,0.9048700308401378,0.9048700308401378
standardized,dbs,GBP,SGD,GBP/SGD,1,SGD 50 – 200,amtBtw50And200,"SGD 200 – 39,999.99",std_200_40k,mainCurrencies,2026-09-02 00:30:00,2026-09-01 16:30:14,2026-09-01T16:47:58.278460+00:00,1.7349,1.7089,1.7219000000000002,0.7549799639932574,0.7549799639932703
standardized,dbs,GBP,SGD,GBP/SGD,1,SGD 50 – 200,amtBtw50And200,"SGD 40,000 – 100,000",std_40k_100k,mainCurrencies,2026-09-02 00:30:00,2026-09-01 16:30:14,2026-09-01T16:47:58.278460+00:00,1.7349,1.7089,1.7219000000000002,0.7549799639932574,0.7549799639932703
standardized,dbs,GBP,SGD,GBP/SGD,1,SGD 50 – 200,amtBtw50And200,SGD 50 – 200,std_50_200,mainCurrencies,2026-09-02 00:30:00,2026-09-01 16:30:14,2026-09-01T16:47:58.278460+00:00,1.7349,1.7089,1.7219000000000002,0.7549799639932574,0.7549799639932703
standardized,dbs,GBP,SGD,GBP/SGD,1,SGD < 50,amtLessThan50,SGD < 50,std_lt_50,mainCurrencies,2026-09-02 00:30:00,2026-09-01 16:30:14,2026-09-01T16:47:58.278460+00:00,1.7366,1.7072,1.7219,0.85370811313084,0.85370811313084
standardized,dbs,HKD,SGD,HKD/SGD,1,SGD 50 – 200,amtBtw50And200,"SGD 200 – 39,999.99",std_200_40k,mainCurrencies,2026-09-02 00:30:00,2026-09-01 16:30:14,2026-09-01T16:47:58.278460+00:00,0.164,0.1607,0.16235,1.0163227594702882,1.0163227594702708
standardized,dbs,HKD,SGD,HKD/SGD,1,SGD 50 – 200,amtBtw50And200,"SGD 40,000 – 100,000",std_40k_100k,mainCurrencies,2026-09-02 00:30:00,2026-09-01 16:30:14,2026-09-01T16:47:58.278460+00:00,0.164,0.1607,0.16235,1.0163227594702882,1.0163227594702708
standardized,dbs,HKD,SGD,HKD/SGD,1,SGD 50 – 200,amtBtw50And200,SGD 50 – 200,std_50_200,mainCurrencies,2026-09-02 00:30:00,2026-09-01 16:30:14,2026-09-01T16:47:58.278460+00:00,0.164,0.1607,0.16235,1.0163227594702882,1.0163227594702708
standardized,dbs,HKD,SGD,HKD/SGD,1,SGD < 50,amtLessThan50,SGD < 50,std_lt_50,mainCurrencies,2026-09-02 00:30:00,2026-09-01 16:30:14,2026-09-01T16:47:58.278460+00:00,0.1641,0.1605,0.1623,1.1090573012938978,1.1090573012938978
standardized,dbs,HUF,SGD,HUF/SGD,100,SGD 50 – 200,amtBtw50And200,"SGD 200 – 39,999.99",std_200_40k,otherCurrencies,2026-09-02 00:30:00,2026-09-01 16:30:14,2026-09-01T16:47:58.278460+00:00,0.4125,,,,
standardized,dbs,HUF,SGD,HUF/SGD,100,SGD 50 – 200,amtBtw50And200,"SGD 40,000 – 100,000",std_40k_100k,otherCurrencies,2026-09-02 00:30:00,2026-09-01 16:30:14,2026-09-01T16:47:58.278460+00:00,0.4125,,,,
standardized,dbs,HUF,SGD,HUF/SGD,100,SGD 50 – 200,amtBtw50And200,SGD 50 – 200,std_50_200,otherCurrencies,2026-09-02 00:30:00,2026-09-01 16:30:14,2026-09-01T16:47:58.278460+00:00,0.4125,,,,
standardized,dbs,HUF,SGD,HUF/SGD,100,SGD < 50,amtLessThan50,SGD < 50,std_lt_50,otherCurrencies,2026-09-02 00:30:00,2026-09-01 16:30:14,2026-09-01T16:47:58.278460+00:00,0.4141,,,,
standardized,dbs,ID0,SGD,ID0/SGD,100,SGD 50 – 200,amtBtw50And200,"SGD 200 – 39,999.99",std_200_40k,otherCurrencies,2026-09-02 00:30:00,2026-09-01 16:30:14,2026-09-01T16:47:58.278460+00:00,,,,,
standardized,dbs,ID0,SGD,ID0/SGD,100,SGD 50 – 200,amtBtw50And200,"SGD 40,000 – 100,000",std_40k_100k,otherCurrencies,2026-09-02 00:30:00,2026-09-01 16:30:14,2026-09-01T16:47:58.278460+00:00,,,,,
standardized,dbs,ID0,SGD,ID0/SGD,100,SGD 50 – 200,amtBtw50And200,SGD 50 – 200,std_50_200,otherCurrencies,2026-09-02 00:30:00,2026-09-01 16:30:14,2026-09-01T16:47:58.278460+00:00,,,,,
standardized,dbs,ID0,SGD,ID0/SGD,100,SGD < 50,amtLessThan50,SGD < 50,std_lt_50,otherCurrencies,2026-09-02 00:30:00,2026-09-01 16:30:14,2026-09-01T16:47:58.278460+00:00,,0.0072,,,
standardized,dbs,IDR,SGD,IDR/SGD,100,SGD 50 – 200,amtBtw50And200,"SGD 200 – 39,999.99",std_200_40k,mainCurrencies,2026-09-02 00:30:00,2026-09-01 16:30:14,2026-09-01T16:47:58.278460+00:00,0.0073,,,,
standardized,dbs,IDR,SGD,IDR/SGD,100,SGD 50 – 200,amtBtw50And200,"SGD 40,000 – 100,000",std_40k_100k,mainCurrencies,2026-09-02 00:30:00,2026-09-01 16:30:14,2026-09-01T16:47:58.278460+00:00,0.0073,,,,
standardized,dbs,IDR,SGD,IDR/SGD,100,SGD 50 – 200,amtBtw50And200,SGD 50 – 200,std_50_200,mainCurrencies,2026-09-02 00:30:00,2026-09-01 16:30:14,2026-09-01T16:47:58.278460+00:00,0.0073,,,,
standardized,dbs,IDR,SGD,IDR/SGD,100,SGD < 50,amtLessThan50,SGD < 50,std_lt_50,mainCurrencies,2026-09-02 00:30:00,2026-09-01 16:30:14,2026-09-01T16:47:58.278460+00:00,0.0073,,,,
standardized,dbs,IN0,SGD,IN0/SGD,100,SGD 50 – 200,amtBtw50And200,"SGD 200 – 39,999.99",std_200_40k,otherCurrencies,2026-09-02 00:30:00,2026-09-01 16:30:14,2026-09-01T16:47:58.278460+00:00,,1.3375,,,
standardized,dbs,IN0,SGD,IN0/SGD,100,SGD 50 – 200,amtBtw50And200,"SGD 40,000 – 100,000",std_40k_100k,otherCurrencies,2026-09-02 00:30:00,2026-09-01 16:30:14,2026-09-01T16:47:58.278460+00:00,,1.3375,,,
standardized,dbs,IN0,SGD,IN0/SGD,100,SGD 50 – 200,amtBtw50And200,SGD 50 – 200,std_50_200,otherCurrencies,2026-09-02 00:30:00,2026-09-01 16:30:14,2026-09-01T16:47:58.278460+00:00,,1.3375,,,
standardized,dbs,IN0,SGD,IN0/SGD,100,SGD < 50,amtLessThan50,SGD < 50,std_lt_50,otherCurrencies,2026-09-02 00:30:00,2026-09-01 16:30:14,2026-09-01T16:47:58.278460+00:00,,1.3375,,,
standardized,dbs,INR,SGD,INR/SGD,100,SGD 50 – 200,amtBtw50And200,"SGD 200 – 39,999.99",std_200_40k,otherCurrencies,2026-09-02 00:30:00,2026-09-01 16:30:14,2026-09-01T16:47:58.278460+00:00,1.3561,,,,
standardized,dbs,INR,SGD,INR/SGD,100,SGD 50 – 200,amtBtw50And200,"SGD 40,000 – 100,000",std_40k_100k,otherCurrencies,2026-09-02 00:30:00,2026-09-01 16:30:14,2026-09-01T16:47:58.278460+00:00,1.3561,,,,
standardized,dbs,INR,SGD,INR/SGD,100,SGD 50 – 200,amtBtw50And200,SGD 50 – 200,std_50_200,otherCurrencies,2026-09-02 00:30:00,2026-09-01 16:30:14,2026-09-01T16:47:58.278460+00:00,1.3561,,,,
standardized,dbs,INR,SGD,INR/SGD,100,SGD < 50,amtLessThan50,SGD < 50,std_lt_50,otherCurrencies,2026-09-02 00:30:00,2026-09-01 16:30:14,2026-09-01T16:47:58.278460+00:00,1.3668,,,,
standardized,dbs,JPY,SGD,JPY/SGD,100,SGD 50 – 200,amtBtw50And200,"SGD 200 – 39,999.99",std_200_40k,mainCurrencies,2026-09-02 00:30:00,2026-09-01 16:30:14,2026-09-01T16:47:58.278460+00:00,0.803,0.7869,0.79495,1.012642304547456,1.012642304547456
standardized,dbs,JPY,SGD,JPY/SGD,100,SGD 50 – 200,amtBtw50And200,"SGD 40,000 – 100,000",std_40k_100k,mainCurrencies,2026-09-02 00:30:00,2026-09-01 16:30:14,2026-09-01T16:47:58.278460+00:00,0.803,0.7869,0.79495,1.012642304547456,1.012642304547456
standardized,dbs,JPY,SGD,JPY/SGD,100,SGD 50 – 200,amtBtw50And200,SGD 50 – 200,std_50_200,mainCurrencies,2026-09-02 00:30:00,2026-09-01 16:30:14,2026-09-01T16:47:58.278460+00:00,0.803,0.7869,0.79495,1.012642304547456,1.012642304547456
standardized,dbs,JPY,SGD,JPY/SGD,100,SGD < 50,amtLessThan50,SGD < 50,std_lt_50,mainCurrencies,2026-09-02 00:30:00,2026-09-01 16:30:14,2026-09-01T16:47:58.278460+00:00,0.8038,0.7862,0.7949999999999999,1.1069182389937144,1.1069182389937007
standardized,dbs,KRW,SGD,KRW/SGD,100,SGD 50 – 200,amtBtw50And200,"SGD 200 – 39,999.99",std_200_40k,otherCurrencies,2026-09-02 00:30:00,2026-09-01 16:30:14,2026-09-01T16:47:58.278460+00:00,0.0939,,,,
standardized,dbs,KRW,SGD,KRW/SGD,100,SGD 50 – 200,amtBtw50And200,"SGD 40,000 – 100,000",std_40k_100k,otherCurrencies,2026-09-02 00:30:00,2026-09-01 16:30:14,2026-09-01T16:47:58.278460+00:00,0.0939,,,,
standardized,dbs,KRW,SGD,KRW/SGD,100,SGD 50 – 200,amtBtw50And200,SGD 50 – 200,std_50_200,otherCurrencies,2026-09-02 00:30:00,2026-09-01 16:30:14,2026-09-01T16:47:58.278460+00:00,0.0939,,,,
standardized,dbs,KRW,SGD,KRW/SGD,100,SGD < 50,amtLessThan50,SGD < 50,std_lt_50,otherCurrencies,2026-09-02 00:30:00,2026-09-01 16:30:14,2026-09-01T16:47:58.278460+00:00,0.0939,,,,
standardized,dbs,KWD,SGD,KWD/SGD,100,SGD 50 – 200,amtBtw50And200,"SGD 200 – 39,999.99",std_200_40k,otherCurrencies,2026-09-02 00:30:00,2026-09-01 16:30:14,2026-09-01T16:47:58.278460+00:00,422.1133,,,,
standardized,dbs,KWD,SGD,KWD/SGD,100,SGD 50 – 200,amtBtw50And200,"SGD 40,000 – 100,000",std_40k_100k,otherCurrencies,2026-09-02 00:30:00,2026-09-01 16:30:14,2026-09-01T16:47:58.278460+00:00,422.1133,,,,
standardized,dbs,KWD,SGD,KWD/SGD,100,SGD 50 – 200,amtBtw50And200,SGD 50 – 200,std_50_200,otherCurrencies,2026-09-02 00:30:00,2026-09-01 16:30:14,2026-09-01T16:47:58.278460+00:00,422.1133,,,,
standardized,dbs,KWD,SGD,KWD/SGD,100,SGD < 50,amtLessThan50,SGD < 50,std_lt_50,otherCurrencies,2026-09-02 00:30:00,2026-09-01 16:30:14,2026-09-01T16:47:58.278460+00:00,423.7716,,,,
standardized,dbs,LKR,SGD,LKR/SGD,100,SGD 50 – 200,amtBtw50And200,"SGD 200 – 39,999.99",std_200_40k,otherCurrencies,2026-09-02 00:30:00,2026-09-01 16:30:14,2026-09-01T16:47:58.278460+00:00,0.3958,,,,
standardized,dbs,LKR,SGD,LKR/SGD,100,SGD 50 – 200,amtBtw50And200,"SGD 40,000 – 100,000",std_40k_100k,otherCurrencies,2026-09-02 00:30:00,2026-09-01 16:30:14,2026-09-01T16:47:58.278460+00:00,0.3958,,,,
standardized,dbs,LKR,SGD,LKR/SGD,100,SGD 50 – 200,amtBtw50And200,SGD 50 – 200,std_50_200,otherCurrencies,2026-09-02 00:30:00,2026-09-01 16:30:14,2026-09-01T16:47:58.278460+00:00,0.3958,,,,
standardized,dbs,LKR,SGD,LKR/SGD,100,SGD < 50,amtLessThan50,SGD < 50,std_lt_50,otherCurrencies,2026-09-02 00:30:00,2026-09-01 16:30:14,2026-09-01T16:47:58.278460+00:00,0.3958,,,,
standardized,dbs,MM1,SGD,MM1/SGD,100,SGD 50 – 200,amtBtw50And200,"SGD 200 – 39,999.99",std_200_40k,otherCurrencies,2026-09-02 00:30:00,2026-09-01 16:30:14,2026-09-01T16:47:58.278460+00:00,,,,,
standardized,dbs,MM1,SGD,MM1/SGD,100,SGD 50 – 200,amtBtw50And200,"SGD 40,000 – 100,000",std_40k_100k,otherCurrencies,2026-09-02 00:30:00,2026-09-01 16:30:14,2026-09-01T16:47:58.278460+00:00,,,,,
standardized,dbs,MM1,SGD,MM1/SGD,100,SGD 50 – 200,amtBtw50And200,SGD 50 – 200,std_50_200,otherCurrencies,2026-09-02 00:30:00,2026-09-01 16:30:14,2026-09-01T16:47:58.278460+00:00,,,,,
standardized,dbs,MM1,SGD,MM1/SGD,100,SGD < 50,amtLessThan50,SGD < 50,std_lt_50,otherCurrencies,2026-09-02 00:30:00,2026-09-01 16:30:14,2026-09-01T16:47:58.278460+00:00,,,,,
standardized,dbs,MMK,SGD,MMK/SGD,100,SGD 50 – 200,amtBtw50And200,"SGD 200 – 39,999.99",std_200_40k,otherCurrencies,2026-09-02 00:30:00,2026-09-01 16:30:14,2026-09-01T16:47:58.278460+00:00,0.0323,,,,
standardized,dbs,MMK,SGD,MMK/SGD,100,SGD 50 – 200,amtBtw50And200,"SGD 40,000 – 100,000",std_40k_100k,otherCurrencies,2026-09-02 00:30:00,2026-09-01 16:30:14,2026-09-01T16:47:58.278460+00:00,0.0323,,,,
standardized,dbs,MMK,SGD,MMK/SGD,100,SGD 50 – 200,amtBtw50And200,SGD 50 – 200,std_50_200,otherCurrencies,2026-09-02 00:30:00,2026-09-01 16:30:14,2026-09-01T16:47:58.278460+00:00,0.0323,,,,
standardized,dbs,MMK,SGD,MMK/SGD,100,SGD < 50,amtLessThan50,SGD < 50,std_lt_50,otherCurrencies,2026-09-02 00:30:00,2026-09-01 16:30:14,2026-09-01T16:47:58.278460+00:00,0.0323,,,,
standardized,dbs,MUR,SGD,MUR/SGD,100,SGD 50 – 200,amtBtw50And200,"SGD 200 – 39,999.99",std_200_40k,otherCurrencies,2026-09-02 00:30:00,2026-09-01 16:30:14,2026-09-01T16:47:58.278460+00:00,2.7491,,,,
standardized,dbs,MUR,SGD,MUR/SGD,100,SGD 50 – 200,amtBtw50And200,"SGD 40,000 – 100,000",std_40k_100k,otherCurrencies,2026-09-02 00:30:00,2026-09-01 16:30:14,2026-09-01T16:47:58.278460+00:00,2.7491,,,,
standardized,dbs,MUR,SGD,MUR/SGD,100,SGD 50 – 200,amtBtw50And200,SGD 50 – 200,std_50_200,otherCurrencies,2026-09-02 00:30:00,2026-09-01 16:30:14,2026-09-01T16:47:58.278460+00:00,2.7491,,,,
standardized,dbs,MUR,SGD,MUR/SGD,100,SGD < 50,amtLessThan50,SGD < 50,std_lt_50,otherCurrencies,2026-09-02 00:30:00,2026-09-01 16:30:14,2026-09-01T16:47:58.278460+00:00,2.7599,,,,
standardized,dbs,MXN,SGD,MXN/SGD,100,SGD 50 – 200,amtBtw50And200,"SGD 200 – 39,999.99",std_200_40k,mainCurrencies,2026-09-02 00:30:00,2026-09-01 16:30:14,2026-09-01T16:47:58.278460+00:00,7.6101,,,,
standardized,dbs,MXN,SGD,MXN/SGD,100,SGD 50 – 200,amtBtw50And200,"SGD 40,000 – 100,000",std_40k_100k,mainCurrencies,2026-09-02 00:30:00,2026-09-01 16:30:14,2026-09-01T16:47:58.278460+00:00,7.6101,,,,
standardized,dbs,MXN,SGD,MXN/SGD,100,SGD 50 – 200,amtBtw50And200,SGD 50 – 200,std_50_200,mainCurrencies,2026-09-02 00:30:00,2026-09-01 16:30:14,2026-09-01T16:47:58.278460+00:00,7.6101,,,,
standardized,dbs,MXN,SGD,MXN/SGD,100,SGD < 50,amtLessThan50,SGD < 50,std_lt_50,mainCurrencies,2026-09-02 00:30:00,2026-09-01 16:30:14,2026-09-01T16:47:58.278460+00:00,7.61,,,,
standardized,dbs,MY0,SGD,MY0/SGD,1,SGD 50 – 200,amtBtw50And200,"SGD 200 – 39,999.99",std_200_40k,otherCurrencies,2026-09-02 00:30:00,2026-09-01 16:30:14,2026-09-01T16:47:58.278460+00:00,,0.3145,,,
standardized,dbs,MY0,SGD,MY0/SGD,1,SGD 50 – 200,amtBtw50And200,"SGD 40,000 – 100,000",std_40k_100k,otherCurrencies,2026-09-02 00:30:00,2026-09-01 16:30:14,2026-09-01T16:47:58.278460+00:00,,0.3145,,,
standardized,dbs,MY0,SGD,MY0/SGD,1,SGD 50 – 200,amtBtw50And200,SGD 50 – 200,std_50_200,otherCurrencies,2026-09-02 00:30:00,2026-09-01 16:30:14,2026-09-01T16:47:58.278460+00:00,,0.3145,,,
standardized,dbs,MY0,SGD,MY0/SGD,1,SGD < 50,amtLessThan50,SGD < 50,std_lt_50,otherCurrencies,2026-09-02 00:30:00,2026-09-01 16:30:14,2026-09-01T16:47:58.278460+00:00,,0.3145,,,
standardized,dbs,MYR,SGD,MYR/SGD,1,SGD 50 – 200,amtBtw50And200,"SGD 200 – 39,999.99",std_200_40k,otherCurrencies,2026-09-02 00:30:00,2026-09-01 16:30:14,2026-09-01T16:47:58.278460+00:00,0.3186,,,,
standardized,dbs,MYR,SGD,MYR/SGD,1,SGD 50 – 200,amtBtw50And200,"SGD 40,000 – 100,000",std_40k_100k,otherCurrencies,2026-09-02 00:30:00,2026-09-01 16:30:14,2026-09-01T16:47:58.278460+00:00,0.3186,,,,
standardized,dbs,MYR,SGD,MYR/SGD,1,SGD 50 – 200,amtBtw50And200,SGD 50 – 200,std_50_200,otherCurrencies,2026-09-02 00:30:00,2026-09-01 16:30:14,2026-09-01T16:47:58.278460+00:00,0.3186,,,,
standardized,dbs,MYR,SGD,MYR/SGD,1,SGD < 50,amtLessThan50,SGD < 50,std_lt_50,otherCurrencies,2026-09-02 00:30:00,2026-09-01 16:30:14,2026-09-01T16:47:58.278460+00:00,0.3185,,,,
standardized,dbs,NOK,SGD,NOK/SGD,1,SGD 50 – 200,amtBtw50And200,"SGD 200 – 39,999.99",std_200_40k,mainCurrencies,2026-09-02 00:30:00,2026-09-01 16:30:14,2026-09-01T16:47:58.278460+00:00,0.1385,0.1347,0.1366,1.3909224011713124,1.3909224011713124
standardized,dbs,NOK,SGD,NOK/SGD,1,SGD 50 – 200,amtBtw50And200,"SGD 40,000 – 100,000",std_40k_100k,mainCurrencies,2026-09-02 00:30:00,2026-09-01 16:30:14,2026-09-01T16:47:58.278460+00:00,0.1385,0.1347,0.1366,1.3909224011713124,1.3909224011713124
standardized,dbs,NOK,SGD,NOK/SGD,1,SGD 50 – 200,amtBtw50And200,SGD 50 – 200,std_50_200,mainCurrencies,2026-09-02 00:30:00,2026-09-01 16:30:14,2026-09-01T16:47:58.278460+00:00,0.1385,0.1347,0.1366,1.3909224011713124,1.3909224011713124
standardized,dbs,NOK,SGD,NOK/SGD,1,SGD < 50,amtLessThan50,SGD < 50,std_lt_50,mainCurrencies,2026-09-02 00:30:00,2026-09-01 16:30:14,2026-09-01T16:47:58.278460+00:00,0.1389,0.1343,0.1366,1.6837481698389432,1.6837481698389432
standardized,dbs,NZD,SGD,NZD/SGD,1,SGD 50 – 200,amtBtw50And200,"SGD 200 – 39,999.99",std_200_40k,mainCurrencies,2026-09-02 00:30:00,2026-09-01 16:30:14,2026-09-01T16:47:58.278460+00:00,0.7592,0.7418,0.7505,1.159227181878753,1.1592271818787383
standardized,dbs,NZD,SGD,NZD/SGD,1,SGD 50 – 200,amtBtw50And200,"SGD 40,000 – 100,000",std_40k_100k,mainCurrencies,2026-09-02 00:30:00,2026-09-01 16:30:14,2026-09-01T16:47:58.278460+00:00,0.7592,0.7418,0.7505,1.159227181878753,1.1592271818787383
standardized,dbs,NZD,SGD,NZD/SGD,1,SGD 50 – 200,amtBtw50And200,SGD 50 – 200,std_50_200,mainCurrencies,2026-09-02 00:30:00,2026-09-01 16:30:14,2026-09-01T16:47:58.278460+00:00,0.7592,0.7418,0.7505,1.159227181878753,1.1592271818787383
standardized,dbs,NZD,SGD,NZD/SGD,1,SGD < 50,amtLessThan50,SGD < 50,std_lt_50,mainCurrencies,2026-09-02 00:30:00,2026-09-01 16:30:14,2026-09-01T16:47:58.278460+00:00,0.7599,0.741,0.7504500000000001,1.2592444533279976,1.2592444533280123
standardized,dbs,OMR,SGD,OMR/SGD,1,SGD 50 – 200,amtBtw50And200,"SGD 200 – 39,999.99",std_200_40k,otherCurrencies,2026-09-02 00:30:00,2026-09-01 16:30:14,2026-09-01T16:47:58.278460+00:00,3.3305,,,,
standardized,dbs,OMR,SGD,OMR/SGD,1,SGD 50 – 200,amtBtw50And200,"SGD 40,000 – 100,000",std_40k_100k,otherCurrencies,2026-09-02 00:30:00,2026-09-01 16:30:14,2026-09-01T16:47:58.278460+00:00,3.3305,,,,
standardized,dbs,OMR,SGD,OMR/SGD,1,SGD 50 – 200,amtBtw50And200,SGD 50 – 200,std_50_200,otherCurrencies,2026-09-02 00:30:00,2026-09-01 16:30:14,2026-09-01T16:47:58.278460+00:00,3.3305,,,,
standardized,dbs,OMR,SGD,OMR/SGD,1,SGD < 50,amtLessThan50,SGD < 50,std_lt_50,otherCurrencies,2026-09-02 00:30:00,2026-09-01 16:30:14,2026-09-01T16:47:58.278460+00:00,3.3305,,,,
standardized,dbs,PH0,SGD,PH0/SGD,100,SGD 50 – 200,amtBtw50And200,"SGD 200 – 39,999.99",std_200_40k,otherCurrencies,2026-09-02 00:30:00,2026-09-01 16:30:14,2026-09-01T16:47:58.278460+00:00,,2.0315,,,
standardized,dbs,PH0,SGD,PH0/SGD,100,SGD 50 – 200,amtBtw50And200,"SGD 40,000 – 100,000",std_40k_100k,otherCurrencies,2026-09-02 00:30:00,2026-09-01 16:30:14,2026-09-01T16:47:58.278460+00:00,,2.0315,,,
standardized,dbs,PH0,SGD,PH0/SGD,100,SGD 50 – 200,amtBtw50And200,SGD 50 – 200,std_50_200,otherCurrencies,2026-09-02 00:30:00,2026-09-01 16:30:14,2026-09-01T16:47:58.278460+00:00,,2.0315,,,
standardized,dbs,PH0,SGD,PH0/SGD,100,SGD < 50,amtLessThan50,SGD < 50,std_lt_50,otherCurrencies,2026-09-02 00:30:00,2026-09-01 16:30:14,2026-09-01T16:47:58.278460+00:00,,2.0315,,,
standardized,dbs,PHP,SGD,PHP/SGD,100,SGD 50 – 200,amtBtw50And200,"SGD 200 – 39,999.99",std_200_40k,otherCurrencies,2026-09-02 00:30:00,2026-09-01 16:30:14,2026-09-01T16:47:58.278460+00:00,2.0631,,,,
standardized,dbs,PHP,SGD,PHP/SGD,100,SGD 50 – 200,amtBtw50And200,"SGD 40,000 – 100,000",std_40k_100k,otherCurrencies,2026-09-02 00:30:00,2026-09-01 16:30:14,2026-09-01T16:47:58.278460+00:00,2.0631,,,,
standardized,dbs,PHP,SGD,PHP/SGD,100,SGD 50 – 200,amtBtw50And200,SGD 50 – 200,std_50_200,otherCurrencies,2026-09-02 00:30:00,2026-09-01 16:30:14,2026-09-01T16:47:58.278460+00:00,2.0631,,,,
standardized,dbs,PHP,SGD,PHP/SGD,100,SGD < 50,amtLessThan50,SGD < 50,std_lt_50,otherCurrencies,2026-09-02 00:30:00,2026-09-01 16:30:14,2026-09-01T16:47:58.278460+00:00,2.0786,,,,
standardized,dbs,PLN,SGD,PLN/SGD,1,SGD 50 – 200,amtBtw50And200,"SGD 200 – 39,999.99",std_200_40k,otherCurrencies,2026-09-02 00:30:00,2026-09-01 16:30:14,2026-09-01T16:47:58.278460+00:00,0.3481,,,,
standardized,dbs,PLN,SGD,PLN/SGD,1,SGD 50 – 200,amtBtw50And200,"SGD 40,000 – 100,000",std_40k_100k,otherCurrencies,2026-09-02 00:30:00,2026-09-01 16:30:14,2026-09-01T16:47:58.278460+00:00,0.3481,,,,
standardized,dbs,PLN,SGD,PLN/SGD,1,SGD 50 – 200,amtBtw50And200,SGD 50 – 200,std_50_200,otherCurrencies,2026-09-02 00:30:00,2026-09-01 16:30:14,2026-09-01T16:47:58.278460+00:00,0.3481,,,,
standardized,dbs,PLN,SGD,PLN/SGD,1,SGD < 50,amtLessThan50,SGD < 50,std_lt_50,otherCurrencies,2026-09-02 00:30:00,2026-09-01 16:30:14,2026-09-01T16:47:58.278460+00:00,0.3495,,,,
standardized,dbs,QAR,SGD,QAR/SGD,1,SGD 50 – 200,amtBtw50And200,"SGD 200 – 39,999.99",std_200_40k,otherCurrencies,2026-09-02 00:30:00,2026-09-01 16:30:14,2026-09-01T16:47:58.278460+00:00,0.3571,,,,
standardized,dbs,QAR,SGD,QAR/SGD,1,SGD 50 – 200,amtBtw50And200,"SGD 40,000 – 100,000",std_40k_100k,otherCurrencies,2026-09-02 00:30:00,2026-09-01 16:30:14,2026-09-01T16:47:58.278460+00:00,0.3571,,,,
standardized,dbs,QAR,SGD,QAR/SGD,1,SGD 50 – 200,amtBtw50And200,SGD 50 – 200,std_50_200,otherCurrencies,2026-09-02 00:30:00,2026-09-01 16:30:14,2026-09-01T16:47:58.278460+00:00,0.3571,,,,
standardized,dbs,QAR,SGD,QAR/SGD,1,SGD < 50,amtLessThan50,SGD < 50,std_lt_50,otherCurrencies,2026-09-02 00:30:00,2026-09-01 16:30:14,2026-09-01T16:47:58.278460+00:00,0.3585,,,,
standardized,dbs,RUB,SGD,RUB/SGD,100,SGD 50 – 200,amtBtw50And200,"SGD 200 – 39,999.99",std_200_40k,mainCurrencies,2026-09-02 00:30:00,2026-09-01 16:30:14,2026-09-01T16:47:58.278460+00:00,,,,,
standardized,dbs,RUB,SGD,RUB/SGD,100,SGD 50 – 200,amtBtw50And200,"SGD 40,000 – 100,000",std_40k_100k,mainCurrencies,2026-09-02 00:30:00,2026-09-01 16:30:14,2026-09-01T16:47:58.278460+00:00,,,,,
standardized,dbs,RUB,SGD,RUB/SGD,100,SGD 50 – 200,amtBtw50And200,SGD 50 – 200,std_50_200,mainCurrencies,2026-09-02 00:30:00,2026-09-01 16:30:14,2026-09-01T16:47:58.278460+00:00,,,,,
standardized,dbs,RUB,SGD,RUB/SGD,100,SGD < 50,amtLessThan50,SGD < 50,std_lt_50,mainCurrencies,2026-09-02 00:30:00,2026-09-01 16:30:14,2026-09-01T16:47:58.278460+00:00,,,,,
standardized,dbs,SAR,SGD,SAR/SGD,100,SGD 50 – 200,amtBtw50And200,"SGD 200 – 39,999.99",std_200_40k,otherCurrencies,2026-09-02 00:30:00,2026-09-01 16:30:14,2026-09-01T16:47:58.278460+00:00,34.3387,,,,
standardized,dbs,SAR,SGD,SAR/SGD,100,SGD 50 – 200,amtBtw50And200,"SGD 40,000 – 100,000",std_40k_100k,otherCurrencies,2026-09-02 00:30:00,2026-09-01 16:30:14,2026-09-01T16:47:58.278460+00:00,34.3387,,,,
standardized,dbs,SAR,SGD,SAR/SGD,100,SGD 50 – 200,amtBtw50And200,SGD 50 – 200,std_50_200,otherCurrencies,2026-09-02 00:30:00,2026-09-01 16:30:14,2026-09-01T16:47:58.278460+00:00,34.3387,,,,
standardized,dbs,SAR,SGD,SAR/SGD,100,SGD < 50,amtLessThan50,SGD < 50,std_lt_50,otherCurrencies,2026-09-02 00:30:00,2026-09-01 16:30:14,2026-09-01T16:47:58.278460+00:00,34.3382,,,,
standardized,dbs,SEK,SGD,SEK/SGD,1,SGD 50 – 200,amtBtw50And200,"SGD 200 – 39,999.99",std_200_40k,mainCurrencies,2026-09-02 00:30:00,2026-09-01 16:30:14,2026-09-01T16:47:58.278460+00:00,0.1342,0.1306,0.13240000000000002,1.3595166163141963,1.3595166163142172
standardized,dbs,SEK,SGD,SEK/SGD,1,SGD 50 – 200,amtBtw50And200,"SGD 40,000 – 100,000",std_40k_100k,mainCurrencies,2026-09-02 00:30:00,2026-09-01 16:30:14,2026-09-01T16:47:58.278460+00:00,0.1342,0.1306,0.13240000000000002,1.3595166163141963,1.3595166163142172
standardized,dbs,SEK,SGD,SEK/SGD,1,SGD 50 – 200,amtBtw50And200,SGD 50 – 200,std_50_200,mainCurrencies,2026-09-02 00:30:00,2026-09-01 16:30:14,2026-09-01T16:47:58.278460+00:00,0.1342,0.1306,0.13240000000000002,1.3595166163141963,1.3595166163142172
standardized,dbs,SEK,SGD,SEK/SGD,1,SGD < 50,amtLessThan50,SGD < 50,std_lt_50,mainCurrencies,2026-09-02 00:30:00,2026-09-01 16:30:14,2026-09-01T16:47:58.278460+00:00,0.1347,0.1301,0.1324,1.7371601208459189,1.7371601208459189
standardized,dbs,THB,SGD,THB/SGD,100,SGD 50 – 200,amtBtw50And200,"SGD 200 – 39,999.99",std_200_40k,mainCurrencies,2026-09-02 00:30:00,2026-09-01 16:30:14,2026-09-01T16:47:58.278460+00:00,3.8859,3.7704,3.82815,1.5085615767407226,1.5085615767407226
standardized,dbs,THB,SGD,THB/SGD,100,SGD 50 – 200,amtBtw50And200,"SGD 40,000 – 100,000",std_40k_100k,mainCurrencies,2026-09-02 00:30:00,2026-09-01 16:30:14,2026-09-01T16:47:58.278460+00:00,3.8859,3.7704,3.82815,1.5085615767407226,1.5085615767407226
standardized,dbs,THB,SGD,THB/SGD,100,SGD 50 – 200,amtBtw50And200,SGD 50 – 200,std_50_200,mainCurrencies,2026-09-02 00:30:00,2026-09-01 16:30:14,2026-09-01T16:47:58.278460+00:00,3.8859,3.7704,3.82815,1.5085615767407226,1.5085615767407226
standardized,dbs,THB,SGD,THB/SGD,100,SGD < 50,amtLessThan50,SGD < 50,std_lt_50,mainCurrencies,2026-09-02 00:30:00,2026-09-01 16:30:14,2026-09-01T16:47:58.278460+00:00,3.8894,3.7656,3.8275,1.6172436316133263,1.6172436316133263
standardized,dbs,TND,SGD,TND/SGD,1,SGD 50 – 200,amtBtw50And200,"SGD 200 – 39,999.99",std_200_40k,otherCurrencies,2026-09-02 00:30:00,2026-09-01 16:30:14,2026-09-01T16:47:58.278460+00:00,0.4469,,,,
standardized,dbs,TND,SGD,TND/SGD,1,SGD 50 – 200,amtBtw50And200,"SGD 40,000 – 100,000",std_40k_100k,otherCurrencies,2026-09-02 00:30:00,2026-09-01 16:30:14,2026-09-01T16:47:58.278460+00:00,0.4469,,,,
standardized,dbs,TND,SGD,TND/SGD,1,SGD 50 – 200,amtBtw50And200,SGD 50 – 200,std_50_200,otherCurrencies,2026-09-02 00:30:00,2026-09-01 16:30:14,2026-09-01T16:47:58.278460+00:00,0.4469,,,,
standardized,dbs,TND,SGD,TND/SGD,1,SGD < 50,amtLessThan50,SGD < 50,std_lt_50,otherCurrencies,2026-09-02 00:30:00,2026-09-01 16:30:14,2026-09-01T16:47:58.278460+00:00,0.4431,,,,
standardized,dbs,TWD,SGD,TWD/SGD,100,SGD 50 – 200,amtBtw50And200,"SGD 200 – 39,999.99",std_200_40k,otherCurrencies,2026-09-02 00:30:00,2026-09-01 16:30:14,2026-09-01T16:47:58.278460+00:00,4.0727,,,,
standardized,dbs,TWD,SGD,TWD/SGD,100,SGD 50 – 200,amtBtw50And200,"SGD 40,000 – 100,000",std_40k_100k,otherCurrencies,2026-09-02 00:30:00,2026-09-01 16:30:14,2026-09-01T16:47:58.278460+00:00,4.0727,,,,
standardized,dbs,TWD,SGD,TWD/SGD,100,SGD 50 – 200,amtBtw50And200,SGD 50 – 200,std_50_200,otherCurrencies,2026-09-02 00:30:00,2026-09-01 16:30:14,2026-09-01T16:47:58.278460+00:00,4.0727,,,,
standardized,dbs,TWD,SGD,TWD/SGD,100,SGD < 50,amtLessThan50,SGD < 50,std_lt_50,otherCurrencies,2026-09-02 00:30:00,2026-09-01 16:30:14,2026-09-01T16:47:58.278460+00:00,4.0767,,,,
standardized,dbs,USD,SGD,USD/SGD,1,SGD 50 – 200,amtBtw50And200,"SGD 200 – 39,999.99",std_200_40k,mainCurrencies,2026-09-02 00:30:00,2026-09-01 16:30:14,2026-09-01T16:47:58.278460+00:00,1.284,1.2627,1.27335,0.8363764872187575,0.8363764872187575
standardized,dbs,USD,SGD,USD/SGD,1,SGD 50 – 200,amtBtw50And200,"SGD 40,000 – 100,000",std_40k_100k,mainCurrencies,2026-09-02 00:30:00,2026-09-01 16:30:14,2026-09-01T16:47:58.278460+00:00,1.284,1.2627,1.27335,0.8363764872187575,0.8363764872187575
standardized,dbs,USD,SGD,USD/SGD,1,SGD 50 – 200,amtBtw50And200,SGD 50 – 200,std_50_200,mainCurrencies,2026-09-02 00:30:00,2026-09-01 16:30:14,2026-09-01T16:47:58.278460+00:00,1.284,1.2627,1.27335,0.8363764872187575,0.8363764872187575
standardized,dbs,USD,SGD,USD/SGD,1,SGD < 50,amtLessThan50,SGD < 50,std_lt_50,mainCurrencies,2026-09-02 00:30:00,2026-09-01 16:30:14,2026-09-01T16:47:58.278460+00:00,1.2848,1.2618,1.2732999999999999,0.9031650043194901,0.9031650043194726
standardized,dbs,VND,SGD,VND/SGD,100,SGD 50 – 200,amtBtw50And200,"SGD 200 – 39,999.99",std_200_40k,otherCurrencies,2026-09-02 00:30:00,2026-09-01 16:30:14,2026-09-01T16:47:58.278460+00:00,0.005,,,,
standardized,dbs,VND,SGD,VND/SGD,100,SGD 50 – 200,amtBtw50And200,"SGD 40,000 – 100,000",std_40k_100k,otherCurrencies,2026-09-02 00:30:00,2026-09-01 16:30:14,2026-09-01T16:47:58.278460+00:00,0.005,,,,
standardized,dbs,VND,SGD,VND/SGD,100,SGD 50 – 200,amtBtw50And200,SGD 50 – 200,std_50_200,otherCurrencies,2026-09-02 00:30:00,2026-09-01 16:30:14,2026-09-01T16:47:58.278460+00:00,0.005,,,,
standardized,dbs,VND,SGD,VND/SGD,100,SGD < 50,amtLessThan50,SGD < 50,std_lt_50,otherCurrencies,2026-09-02 00:30:00,2026-09-01 16:30:14,2026-09-01T16:47:58.278460+00:00,0.005,,,,
standardized,dbs,XAU,SGD,XAU/SGD,1,SGD 50 – 200,amtBtw50And200,"SGD 200 – 39,999.99",std_200_40k,otherCurrencies,2026-09-02 00:30:00,2026-09-01 16:30:14,2026-09-01T16:47:58.278460+00:00,5573.474,5506.059,5539.7665,0.6084642737198479,0.6084642737198315
standardized,dbs,XAU,SGD,XAU/SGD,1,SGD 50 – 200,amtBtw50And200,"SGD 40,000 – 100,000",std_40k_100k,otherCurrencies,2026-09-02 00:30:00,2026-09-01 16:30:14,2026-09-01T16:47:58.278460+00:00,5573.474,5506.059,5539.7665,0.6084642737198479,0.6084642737198315
standardized,dbs,XAU,SGD,XAU/SGD,1,SGD 50 – 200,amtBtw50And200,SGD 50 – 200,std_50_200,otherCurrencies,2026-09-02 00:30:00,2026-09-01 16:30:14,2026-09-01T16:47:58.278460+00:00,5573.474,5506.059,5539.7665,0.6084642737198479,0.6084642737198315
standardized,dbs,XAU,SGD,XAU/SGD,1,SGD < 50,amtLessThan50,SGD < 50,std_lt_50,otherCurrencies,2026-09-02 00:30:00,2026-09-01 16:30:14,2026-09-01T16:47:58.278460+00:00,5572.988,5505.586,5539.287,0.6083996008872626,0.6083996008872626
standardized,dbs,ZAR,SGD,ZAR/SGD,1,SGD 50 – 200,amtBtw50And200,"SGD 200 – 39,999.99",std_200_40k,otherCurrencies,2026-09-02 00:30:00,2026-09-01 16:30:14,2026-09-01T16:47:58.278460+00:00,0.0798,0.0778,0.0788,1.269035532994925,1.269035532994925
standardized,dbs,ZAR,SGD,ZAR/SGD,1,SGD 50 – 200,amtBtw50And200,"SGD 40,000 – 100,000",std_40k_100k,otherCurrencies,2026-09-02 00:30:00,2026-09-01 16:30:14,2026-09-01T16:47:58.278460+00:00,0.0798,0.0778,0.0788,1.269035532994925,1.269035532994925
standardized,dbs,ZAR,SGD,ZAR/SGD,1,SGD 50 – 200,amtBtw50And200,SGD 50 – 200,std_50_200,otherCurrencies,2026-09-02 00:30:00,2026-09-01 16:30:14,2026-09-01T16:47:58.278460+00:00,0.0798,0.0778,0.0788,1.269035532994925,1.269035532994925
standardized,dbs,ZAR,SGD,ZAR/SGD,1,SGD < 50,amtLessThan50,SGD < 50,std_lt_50,otherCurrencies,2026-09-02 00:30:00,2026-09-01 16:30:14,2026-09-01T16:47:58.278460+00:00,0.0801,0.0775,0.07880000000000001,1.6497461928933952,1.649746192893413
standardized,hsbc,AED,SGD,AED/SGD,100,Indicative board,board,"SGD 200 – 39,999.99",std_200_40k,indicative_fx,2026-9-1,2026-9-1,2026-09-01T16:48:02.239276+00:00,35.72,33.47,34.595,3.2519150166208988,3.2519150166208988
standardized,hsbc,AED,SGD,AED/SGD,100,Indicative board,board,"SGD 40,000 – 100,000",std_40k_100k,indicative_fx,2026-9-1,2026-9-1,2026-09-01T16:48:02.239276+00:00,35.72,33.47,34.595,3.2519150166208988,3.2519150166208988
standardized,hsbc,AED,SGD,AED/SGD,100,Indicative board,board,SGD 50 – 200,std_50_200,indicative_fx,2026-9-1,2026-9-1,2026-09-01T16:48:02.239276+00:00,35.72,33.47,34.595,3.2519150166208988,3.2519150166208988
standardized,hsbc,AED,SGD,AED/SGD,100,Indicative board,board,SGD < 50,std_lt_50,indicative_fx,2026-9-1,2026-9-1,2026-09-01T16:48:02.239276+00:00,35.72,33.47,34.595,3.2519150166208988,3.2519150166208988
standardized,hsbc,AUD,SGD,AUD/SGD,1,Indicative board,board,"SGD 200 – 39,999.99",std_200_40k,indicative_fx,2026-9-1,2026-9-1,2026-09-01T16:48:02.239276+00:00,0.9397,0.8847,0.9122,3.0146897610173173,3.0146897610173173
standardized,hsbc,AUD,SGD,AUD/SGD,1,Indicative board,board,"SGD 40,000 – 100,000",std_40k_100k,indicative_fx,2026-9-1,2026-9-1,2026-09-01T16:48:02.239276+00:00,0.9397,0.8847,0.9122,3.0146897610173173,3.0146897610173173
standardized,hsbc,AUD,SGD,AUD/SGD,1,Indicative board,board,SGD 50 – 200,std_50_200,indicative_fx,2026-9-1,2026-9-1,2026-09-01T16:48:02.239276+00:00,0.9397,0.8847,0.9122,3.0146897610173173,3.0146897610173173
standardized,hsbc,AUD,SGD,AUD/SGD,1,Indicative board,board,SGD < 50,std_lt_50,indicative_fx,2026-9-1,2026-9-1,2026-09-01T16:48:02.239276+00:00,0.9397,0.8847,0.9122,3.0146897610173173,3.0146897610173173
standardized,hsbc,CAD,SGD,CAD/SGD,1,Indicative board,board,"SGD 200 – 39,999.99",std_200_40k,indicative_fx,2026-9-1,2026-9-1,2026-09-01T16:48:02.239276+00:00,0.9453,0.89,0.9176500000000001,3.013131368168686,3.0131313681686986
standardized,hsbc,CAD,SGD,CAD/SGD,1,Indicative board,board,"SGD 40,000 – 100,000",std_40k_100k,indicative_fx,2026-9-1,2026-9-1,2026-09-01T16:48:02.239276+00:00,0.9453,0.89,0.9176500000000001,3.013131368168686,3.0131313681686986
standardized,hsbc,CAD,SGD,CAD/SGD,1,Indicative board,board,SGD 50 – 200,std_50_200,indicative_fx,2026-9-1,2026-9-1,2026-09-01T16:48:02.239276+00:00,0.9453,0.89,0.9176500000000001,3.013131368168686,3.0131313681686986
standardized,hsbc,CAD,SGD,CAD/SGD,1,Indicative board,board,SGD < 50,std_lt_50,indicative_fx,2026-9-1,2026-9-1,2026-09-01T16:48:02.239276+00:00,0.9453,0.89,0.9176500000000001,3.013131368168686,3.0131313681686986
standardized,hsbc,CHF,SGD,CHF/SGD,100,Indicative board,board,"SGD 200 – 39,999.99",std_200_40k,indicative_fx,2026-9-1,2026-9-1,2026-09-01T16:48:02.239276+00:00,162.0,152.52,157.26,3.014116749332322,3.014116749332304
standardized,hsbc,CHF,SGD,CHF/SGD,100,Indicative board,board,"SGD 40,000 – 100,000",std_40k_100k,indicative_fx,2026-9-1,2026-9-1,2026-09-01T16:48:02.239276+00:00,162.0,152.52,157.26,3.014116749332322,3.014116749332304
standardized,hsbc,CHF,SGD,CHF/SGD,100,Indicative board,board,SGD 50 – 200,std_50_200,indicative_fx,2026-9-1,2026-9-1,2026-09-01T16:48:02.239276+00:00,162.0,152.52,157.26,3.014116749332322,3.014116749332304
standardized,hsbc,CHF,SGD,CHF/SGD,100,Indicative board,board,SGD < 50,std_lt_50,indicative_fx,2026-9-1,2026-9-1,2026-09-01T16:48:02.239276+00:00,162.0,152.52,157.26,3.014116749332322,3.014116749332304
standardized,hsbc,CNY,SGD,CNY/SGD,100,Indicative board,board,"SGD 200 – 39,999.99",std_200_40k,indicative_fx,2026-9-1,2026-9-1,2026-09-01T16:48:02.239276+00:00,19.53,18.3,18.915,3.2513877874702724,3.2513877874702537
standardized,hsbc,CNY,SGD,CNY/SGD,100,Indicative board,board,"SGD 40,000 – 100,000",std_40k_100k,indicative_fx,2026-9-1,2026-9-1,2026-09-01T16:48:02.239276+00:00,19.53,18.3,18.915,3.2513877874702724,3.2513877874702537
standardized,hsbc,CNY,SGD,CNY/SGD,100,Indicative board,board,SGD 50 – 200,std_50_200,indicative_fx,2026-9-1,2026-9-1,2026-09-01T16:48:02.239276+00:00,19.53,18.3,18.915,3.2513877874702724,3.2513877874702537
standardized,hsbc,CNY,SGD,CNY/SGD,100,Indicative board,board,SGD < 50,std_lt_50,indicative_fx,2026-9-1,2026-9-1,2026-09-01T16:48:02.239276+00:00,19.53,18.3,18.915,3.2513877874702724,3.2513877874702537
standardized,hsbc,DKK,SGD,DKK/SGD,100,Indicative board,board,"SGD 200 – 39,999.99",std_200_40k,indicative_fx,2026-9-1,2026-9-1,2026-09-01T16:48:02.239276+00:00,20.35,19.16,19.755000000000003,3.0118957226018668,3.011895722601885
standardized,hsbc,DKK,SGD,DKK/SGD,100,Indicative board,board,"SGD 40,000 – 100,000",std_40k_100k,indicative_fx,2026-9-1,2026-9-1,2026-09-01T16:48:02.239276+00:00,20.35,19.16,19.755000000000003,3.0118957226018668,3.011895722601885
standardized,hsbc,DKK,SGD,DKK/SGD,100,Indicative board,board,SGD 50 – 200,std_50_200,indicative_fx,2026-9-1,2026-9-1,2026-09-01T16:48:02.239276+00:00,20.35,19.16,19.755000000000003,3.0118957226018668,3.011895722601885
standardized,hsbc,DKK,SGD,DKK/SGD,100,Indicative board,board,SGD < 50,std_lt_50,indicative_fx,2026-9-1,2026-9-1,2026-09-01T16:48:02.239276+00:00,20.35,19.16,19.755000000000003,3.0118957226018668,3.011895722601885
standardized,hsbc,EUR,SGD,EUR/SGD,1,Indicative board,board,"SGD 200 – 39,999.99",std_200_40k,indicative_fx,2026-9-1,2026-9-1,2026-09-01T16:48:02.239276+00:00,1.5214,1.4324,1.4769,3.013067912519465,3.0130679125194804
standardized,hsbc,EUR,SGD,EUR/SGD,1,Indicative board,board,"SGD 40,000 – 100,000",std_40k_100k,indicative_fx,2026-9-1,2026-9-1,2026-09-01T16:48:02.239276+00:00,1.5214,1.4324,1.4769,3.013067912519465,3.0130679125194804
standardized,hsbc,EUR,SGD,EUR/SGD,1,Indicative board,board,SGD 50 – 200,std_50_200,indicative_fx,2026-9-1,2026-9-1,2026-09-01T16:48:02.239276+00:00,1.5214,1.4324,1.4769,3.013067912519465,3.0130679125194804
standardized,hsbc,EUR,SGD,EUR/SGD,1,Indicative board,board,SGD < 50,std_lt_50,indicative_fx,2026-9-1,2026-9-1,2026-09-01T16:48:02.239276+00:00,1.5214,1.4324,1.4769,3.013067912519465,3.0130679125194804
standardized,hsbc,FJD,SGD,FJD/SGD,1,Indicative board,board,"SGD 200 – 39,999.99",std_200_40k,indicative_fx,2026-9-1,2026-9-1,2026-09-01T16:48:02.239276+00:00,0.6048,,,,
standardized,hsbc,FJD,SGD,FJD/SGD,1,Indicative board,board,"SGD 40,000 – 100,000",std_40k_100k,indicative_fx,2026-9-1,2026-9-1,2026-09-01T16:48:02.239276+00:00,0.6048,,,,
standardized,hsbc,FJD,SGD,FJD/SGD,1,Indicative board,board,SGD 50 – 200,std_50_200,indicative_fx,2026-9-1,2026-9-1,2026-09-01T16:48:02.239276+00:00,0.6048,,,,
standardized,hsbc,FJD,SGD,FJD/SGD,1,Indicative board,board,SGD < 50,std_lt_50,indicative_fx,2026-9-1,2026-9-1,2026-09-01T16:48:02.239276+00:00,0.6048,,,,
standardized,hsbc,GBP,SGD,GBP/SGD,1,Indicative board,board,"SGD 200 – 39,999.99",std_200_40k,indicative_fx,2026-9-1,2026-9-1,2026-09-01T16:48:02.239276+00:00,1.7747,1.6709,1.7227999999999999,3.0125377292779234,3.01253772927791
standardized,hsbc,GBP,SGD,GBP/SGD,1,Indicative board,board,"SGD 40,000 – 100,000",std_40k_100k,indicative_fx,2026-9-1,2026-9-1,2026-09-01T16:48:02.239276+00:00,1.7747,1.6709,1.7227999999999999,3.0125377292779234,3.01253772927791
standardized,hsbc,GBP,SGD,GBP/SGD,1,Indicative board,board,SGD 50 – 200,std_50_200,indicative_fx,2026-9-1,2026-9-1,2026-09-01T16:48:02.239276+00:00,1.7747,1.6709,1.7227999999999999,3.0125377292779234,3.01253772927791
standardized,hsbc,GBP,SGD,GBP/SGD,1,Indicative board,board,SGD < 50,std_lt_50,indicative_fx,2026-9-1,2026-9-1,2026-09-01T16:48:02.239276+00:00,1.7747,1.6709,1.7227999999999999,3.0125377292779234,3.01253772927791
standardized,hsbc,HKD,SGD,HKD/SGD,100,Indicative board,board,"SGD 200 – 39,999.99",std_200_40k,indicative_fx,2026-9-1,2026-9-1,2026-09-01T16:48:02.239276+00:00,16.41,16.0,16.205,1.2650416538105638,1.2650416538105418
standardized,hsbc,HKD,SGD,HKD/SGD,100,Indicative board,board,"SGD 40,000 – 100,000",std_40k_100k,indicative_fx,2026-9-1,2026-9-1,2026-09-01T16:48:02.239276+00:00,16.41,16.0,16.205,1.2650416538105638,1.2650416538105418
standardized,hsbc,HKD,SGD,HKD/SGD,100,Indicative board,board,SGD 50 – 200,std_50_200,indicative_fx,2026-9-1,2026-9-1,2026-09-01T16:48:02.239276+00:00,16.41,16.0,16.205,1.2650416538105638,1.2650416538105418
standardized,hsbc,HKD,SGD,HKD/SGD,100,Indicative board,board,SGD < 50,std_lt_50,indicative_fx,2026-9-1,2026-9-1,2026-09-01T16:48:02.239276+00:00,16.41,16.0,16.205,1.2650416538105638,1.2650416538105418
standardized,hsbc,IDR,SGD,IDR/SGD,100,Indicative board,board,"SGD 200 – 39,999.99",std_200_40k,indicative_fx,2026-9-1,2026-9-1,2026-09-01T16:48:02.239276+00:00,0.0074,,,,
standardized,hsbc,IDR,SGD,IDR/SGD,100,Indicative board,board,"SGD 40,000 – 100,000",std_40k_100k,indicative_fx,2026-9-1,2026-9-1,2026-09-01T16:48:02.239276+00:00,0.0074,,,,
standardized,hsbc,IDR,SGD,IDR/SGD,100,Indicative board,board,SGD 50 – 200,std_50_200,indicative_fx,2026-9-1,2026-9-1,2026-09-01T16:48:02.239276+00:00,0.0074,,,,
standardized,hsbc,IDR,SGD,IDR/SGD,100,Indicative board,board,SGD < 50,std_lt_50,indicative_fx,2026-9-1,2026-9-1,2026-09-01T16:48:02.239276+00:00,0.0074,,,,
standardized,hsbc,INR,SGD,INR/SGD,100,Indicative board,board,"SGD 200 – 39,999.99",std_200_40k,indicative_fx,2026-9-1,2026-9-1,2026-09-01T16:48:02.239276+00:00,1.38,,,,
standardized,hsbc,INR,SGD,INR/SGD,100,Indicative board,board,"SGD 40,000 – 100,000",std_40k_100k,indicative_fx,2026-9-1,2026-9-1,2026-09-01T16:48:02.239276+00:00,1.38,,,,
standardized,hsbc,INR,SGD,INR/SGD,100,Indicative board,board,SGD 50 – 200,std_50_200,indicative_fx,2026-9-1,2026-9-1,2026-09-01T16:48:02.239276+00:00,1.38,,,,
standardized,hsbc,INR,SGD,INR/SGD,100,Indicative board,board,SGD < 50,std_lt_50,indicative_fx,2026-9-1,2026-9-1,2026-09-01T16:48:02.239276+00:00,1.38,,,,
standardized,hsbc,JPY,SGD,JPY/SGD,100,Indicative board,board,"SGD 200 – 39,999.99",std_200_40k,indicative_fx,2026-9-1,2026-9-1,2026-09-01T16:48:02.239276+00:00,0.8198,0.7718,0.7958000000000001,3.015833123900466,3.01583312390048
standardized,hsbc,JPY,SGD,JPY/SGD,100,Indicative board,board,"SGD 40,000 – 100,000",std_40k_100k,indicative_fx,2026-9-1,2026-9-1,2026-09-01T16:48:02.239276+00:00,0.8198,0.7718,0.7958000000000001,3.015833123900466,3.01583312390048
standardized,hsbc,JPY,SGD,JPY/SGD,100,Indicative board,board,SGD 50 – 200,std_50_200,indicative_fx,2026-9-1,2026-9-1,2026-09-01T16:48:02.239276+00:00,0.8198,0.7718,0.7958000000000001,3.015833123900466,3.01583312390048
standardized,hsbc,JPY,SGD,JPY/SGD,100,Indicative board,board,SGD < 50,std_lt_50,indicative_fx,2026-9-1,2026-9-1,2026-09-01T16:48:02.239276+00:00,0.8198,0.7718,0.7958000000000001,3.015833123900466,3.01583312390048
standardized,hsbc,LKR,SGD,LKR/SGD,100,Indicative board,board,"SGD 200 – 39,999.99",std_200_40k,indicative_fx,2026-9-1,2026-9-1,2026-09-01T16:48:02.239276+00:00,0.4,,,,
standardized,hsbc,LKR,SGD,LKR/SGD,100,Indicative board,board,"SGD 40,000 – 100,000",std_40k_100k,indicative_fx,2026-9-1,2026-9-1,2026-09-01T16:48:02.239276+00:00,0.4,,,,
standardized,hsbc,LKR,SGD,LKR/SGD,100,Indicative board,board,SGD 50 – 200,std_50_200,indicative_fx,2026-9-1,2026-9-1,2026-09-01T16:48:02.239276+00:00,0.4,,,,
standardized,hsbc,LKR,SGD,LKR/SGD,100,Indicative board,board,SGD < 50,std_lt_50,indicative_fx,2026-9-1,2026-9-1,2026-09-01T16:48:02.239276+00:00,0.4,,,,
standardized,hsbc,MUR,SGD,MUR/SGD,100,Indicative board,board,"SGD 200 – 39,999.99",std_200_40k,indicative_fx,2026-9-1,2026-9-1,2026-09-01T16:48:02.239276+00:00,2.79,2.6,2.6950000000000003,3.52504638218923,3.525046382189246
standardized,hsbc,MUR,SGD,MUR/SGD,100,Indicative board,board,"SGD 40,000 – 100,000",std_40k_100k,indicative_fx,2026-9-1,2026-9-1,2026-09-01T16:48:02.239276+00:00,2.79,2.6,2.6950000000000003,3.52504638218923,3.525046382189246
standardized,hsbc,MUR,SGD,MUR/SGD,100,Indicative board,board,SGD 50 – 200,std_50_200,indicative_fx,2026-9-1,2026-9-1,2026-09-01T16:48:02.239276+00:00,2.79,2.6,2.6950000000000003,3.52504638218923,3.525046382189246
standardized,hsbc,MUR,SGD,MUR/SGD,100,Indicative board,board,SGD < 50,std_lt_50,indicative_fx,2026-9-1,2026-9-1,2026-09-01T16:48:02.239276+00:00,2.79,2.6,2.6950000000000003,3.52504638218923,3.525046382189246
standardized,hsbc,NOK,SGD,NOK/SGD,100,Indicative board,board,"SGD 200 – 39,999.99",std_200_40k,indicative_fx,2026-9-1,2026-9-1,2026-09-01T16:48:02.239276+00:00,14.03,13.2,13.614999999999998,3.048108703635703,3.04810870363569
standardized,hsbc,NOK,SGD,NOK/SGD,100,Indicative board,board,"SGD 40,000 – 100,000",std_40k_100k,indicative_fx,2026-9-1,2026-9-1,2026-09-01T16:48:02.239276+00:00,14.03,13.2,13.614999999999998,3.048108703635703,3.04810870363569
standardized,hsbc,NOK,SGD,NOK/SGD,100,Indicative board,board,SGD 50 – 200,std_50_200,indicative_fx,2026-9-1,2026-9-1,2026-09-01T16:48:02.239276+00:00,14.03,13.2,13.614999999999998,3.048108703635703,3.04810870363569
standardized,hsbc,NOK,SGD,NOK/SGD,100,Indicative board,board,SGD < 50,std_lt_50,indicative_fx,2026-9-1,2026-9-1,2026-09-01T16:48:02.239276+00:00,14.03,13.2,13.614999999999998,3.048108703635703,3.04810870363569
standardized,hsbc,NZD,SGD,NZD/SGD,1,Indicative board,board,"SGD 200 – 39,999.99",std_200_40k,indicative_fx,2026-9-1,2026-9-1,2026-09-01T16:48:02.239276+00:00,0.7759,0.7305,0.7532000000000001,3.013807753584697,3.013807753584712
standardized,hsbc,NZD,SGD,NZD/SGD,1,Indicative board,board,"SGD 40,000 – 100,000",std_40k_100k,indicative_fx,2026-9-1,2026-9-1,2026-09-01T16:48:02.239276+00:00,0.7759,0.7305,0.7532000000000001,3.013807753584697,3.013807753584712
standardized,hsbc,NZD,SGD,NZD/SGD,1,Indicative board,board,SGD 50 – 200,std_50_200,indicative_fx,2026-9-1,2026-9-1,2026-09-01T16:48:02.239276+00:00,0.7759,0.7305,0.7532000000000001,3.013807753584697,3.013807753584712
standardized,hsbc,NZD,SGD,NZD/SGD,1,Indicative board,board,SGD < 50,std_lt_50,indicative_fx,2026-9-1,2026-9-1,2026-09-01T16:48:02.239276+00:00,0.7759,0.7305,0.7532000000000001,3.013807753584697,3.013807753584712
standardized,hsbc,PHP,SGD,PHP/SGD,100,Indicative board,board,"SGD 200 – 39,999.99",std_200_40k,indicative_fx,2026-9-1,2026-9-1,2026-09-01T16:48:02.239276+00:00,2.11,,,,
standardized,hsbc,PHP,SGD,PHP/SGD,100,Indicative board,board,"SGD 40,000 – 100,000",std_40k_100k,indicative_fx,2026-9-1,2026-9-1,2026-09-01T16:48:02.239276+00:00,2.11,,,,
standardized,hsbc,PHP,SGD,PHP/SGD,100,Indicative board,board,SGD 50 – 200,std_50_200,indicative_fx,2026-9-1,2026-9-1,2026-09-01T16:48:02.239276+00:00,2.11,,,,
standardized,hsbc,PHP,SGD,PHP/SGD,100,Indicative board,board,SGD < 50,std_lt_50,indicative_fx,2026-9-1,2026-9-1,2026-09-01T16:48:02.239276+00:00,2.11,,,,
standardized,hsbc,PKR,SGD,PKR/SGD,100,Indicative board,board,"SGD 200 – 39,999.99",std_200_40k,indicative_fx,2026-9-1,2026-9-1,2026-09-01T16:48:02.239276+00:00,0.47,,,,
standardized,hsbc,PKR,SGD,PKR/SGD,100,Indicative board,board,"SGD 40,000 – 100,000",std_40k_100k,indicative_fx,2026-9-1,2026-9-1,2026-09-01T16:48:02.239276+00:00,0.47,,,,
standardized,hsbc,PKR,SGD,PKR/SGD,100,Indicative board,board,SGD 50 – 200,std_50_200,indicative_fx,2026-9-1,2026-9-1,2026-09-01T16:48:02.239276+00:00,0.47,,,,
standardized,hsbc,PKR,SGD,PKR/SGD,100,Indicative board,board,SGD < 50,std_lt_50,indicative_fx,2026-9-1,2026-9-1,2026-09-01T16:48:02.239276+00:00,0.47,,,,
standardized,hsbc,QAR,SGD,QAR/SGD,100,Indicative board,board,"SGD 200 – 39,999.99",std_200_40k,indicative_fx,2026-9-1,2026-9-1,2026-09-01T16:48:02.239276+00:00,35.3,34.42,34.86,1.2621916236374002,1.2621916236374002
standardized,hsbc,QAR,SGD,QAR/SGD,100,Indicative board,board,"SGD 40,000 – 100,000",std_40k_100k,indicative_fx,2026-9-1,2026-9-1,2026-09-01T16:48:02.239276+00:00,35.3,34.42,34.86,1.2621916236374002,1.2621916236374002
standardized,hsbc,QAR,SGD,QAR/SGD,100,Indicative board,board,SGD 50 – 200,std_50_200,indicative_fx,2026-9-1,2026-9-1,2026-09-01T16:48:02.239276+00:00,35.3,34.42,34.86,1.2621916236374002,1.2621916236374002
standardized,hsbc,QAR,SGD,QAR/SGD,100,Indicative board,board,SGD < 50,std_lt_50,indicative_fx,2026-9-1,2026-9-1,2026-09-01T16:48:02.239276+00:00,35.3,34.42,34.86,1.2621916236374002,1.2621916236374002
standardized,hsbc,RUB,SGD,RUB/SGD,100,Indicative board,board,"SGD 200 – 39,999.99",std_200_40k,indicative_fx,2026-9-1,2026-9-1,2026-09-01T16:48:02.239276+00:00,15.47,14.0,14.735,4.9881235154394385,4.988123515439426
standardized,hsbc,RUB,SGD,RUB/SGD,100,Indicative board,board,"SGD 40,000 – 100,000",std_40k_100k,indicative_fx,2026-9-1,2026-9-1,2026-09-01T16:48:02.239276+00:00,15.47,14.0,14.735,4.9881235154394385,4.988123515439426
standardized,hsbc,RUB,SGD,RUB/SGD,100,Indicative board,board,SGD 50 – 200,std_50_200,indicative_fx,2026-9-1,2026-9-1,2026-09-01T16:48:02.239276+00:00,15.47,14.0,14.735,4.9881235154394385,4.988123515439426
standardized,hsbc,RUB,SGD,RUB/SGD,100,Indicative board,board,SGD < 50,std_lt_50,indicative_fx,2026-9-1,2026-9-1,2026-09-01T16:48:02.239276+00:00,15.47,14.0,14.735,4.9881235154394385,4.988123515439426
standardized,hsbc,SAR,SGD,SAR/SGD,100,Indicative board,board,"SGD 200 – 39,999.99",std_200_40k,indicative_fx,2026-9-1,2026-9-1,2026-09-01T16:48:02.239276+00:00,34.27,33.41,33.84,1.2706855791962166,1.2706855791962375
standardized,hsbc,SAR,SGD,SAR/SGD,100,Indicative board,board,"SGD 40,000 – 100,000",std_40k_100k,indicative_fx,2026-9-1,2026-9-1,2026-09-01T16:48:02.239276+00:00,34.27,33.41,33.84,1.2706855791962166,1.2706855791962375
standardized,hsbc,SAR,SGD,SAR/SGD,100,Indicative board,board,SGD 50 – 200,std_50_200,indicative_fx,2026-9-1,2026-9-1,2026-09-01T16:48:02.239276+00:00,34.27,33.41,33.84,1.2706855791962166,1.2706855791962375
standardized,hsbc,SAR,SGD,SAR/SGD,100,Indicative board,board,SGD < 50,std_lt_50,indicative_fx,2026-9-1,2026-9-1,2026-09-01T16:48:02.239276+00:00,34.27,33.41,33.84,1.2706855791962166,1.2706855791962375
standardized,hsbc,SEK,SGD,SEK/SGD,100,Indicative board,board,"SGD 200 – 39,999.99",std_200_40k,indicative_fx,2026-9-1,2026-9-1,2026-09-01T16:48:02.239276+00:00,13.68,12.87,13.274999999999999,3.0508474576271274,3.050847457627114
standardized,hsbc,SEK,SGD,SEK/SGD,100,Indicative board,board,"SGD 40,000 – 100,000",std_40k_100k,indicative_fx,2026-9-1,2026-9-1,2026-09-01T16:48:02.239276+00:00,13.68,12.87,13.274999999999999,3.0508474576271274,3.050847457627114
standardized,hsbc,SEK,SGD,SEK/SGD,100,Indicative board,board,SGD 50 – 200,std_50_200,indicative_fx,2026-9-1,2026-9-1,2026-09-01T16:48:02.239276+00:00,13.68,12.87,13.274999999999999,3.0508474576271274,3.050847457627114
standardized,hsbc,SEK,SGD,SEK/SGD,100,Indicative board,board,SGD < 50,std_lt_50,indicative_fx,2026-9-1,2026-9-1,2026-09-01T16:48:02.239276+00:00,13.68,12.87,13.274999999999999,3.0508474576271274,3.050847457627114
standardized,hsbc,THB,SGD,THB/SGD,100,Indicative board,board,"SGD 200 – 39,999.99",std_200_40k,indicative_fx,2026-9-1,2026-9-1,2026-09-01T16:48:02.239276+00:00,3.96,,,,
standardized,hsbc,THB,SGD,THB/SGD,100,Indicative board,board,"SGD 40,000 – 100,000",std_40k_100k,indicative_fx,2026-9-1,2026-9-1,2026-09-01T16:48:02.239276+00:00,3.96,,,,
standardized,hsbc,THB,SGD,THB/SGD,100,Indicative board,board,SGD 50 – 200,std_50_200,indicative_fx,2026-9-1,2026-9-1,2026-09-01T16:48:02.239276+00:00,3.96,,,,
standardized,hsbc,THB,SGD,THB/SGD,100,Indicative board,board,SGD < 50,std_lt_50,indicative_fx,2026-9-1,2026-9-1,2026-09-01T16:48:02.239276+00:00,3.96,,,,
standardized,hsbc,TRY,SGD,TRY/SGD,1,Indicative board,board,"SGD 200 – 39,999.99",std_200_40k,indicative_fx,2026-9-1,2026-9-1,2026-09-01T16:48:02.239276+00:00,0.0272,,,,
standardized,hsbc,TRY,SGD,TRY/SGD,1,Indicative board,board,"SGD 40,000 – 100,000",std_40k_100k,indicative_fx,2026-9-1,2026-9-1,2026-09-01T16:48:02.239276+00:00,0.0272,,,,
standardized,hsbc,TRY,SGD,TRY/SGD,1,Indicative board,board,SGD 50 – 200,std_50_200,indicative_fx,2026-9-1,2026-9-1,2026-09-01T16:48:02.239276+00:00,0.0272,,,,
standardized,hsbc,TRY,SGD,TRY/SGD,1,Indicative board,board,SGD < 50,std_lt_50,indicative_fx,2026-9-1,2026-9-1,2026-09-01T16:48:02.239276+00:00,0.0272,,,,
standardized,hsbc,USD,SGD,USD/SGD,1,Indicative board,board,"SGD 200 – 39,999.99",std_200_40k,indicative_fx,2026-9-1,2026-9-1,2026-09-01T16:48:02.239276+00:00,1.2961,1.2451,1.2706,2.0069258617975825,2.0069258617975647
standardized,hsbc,USD,SGD,USD/SGD,1,Indicative board,board,"SGD 40,000 – 100,000",std_40k_100k,indicative_fx,2026-9-1,2026-9-1,2026-09-01T16:48:02.239276+00:00,1.2961,1.2451,1.2706,2.0069258617975825,2.0069258617975647
standardized,hsbc,USD,SGD,USD/SGD,1,Indicative board,board,SGD 50 – 200,std_50_200,indicative_fx,2026-9-1,2026-9-1,2026-09-01T16:48:02.239276+00:00,1.2961,1.2451,1.2706,2.0069258617975825,2.0069258617975647
standardized,hsbc,USD,SGD,USD/SGD,1,Indicative board,board,SGD < 50,std_lt_50,indicative_fx,2026-9-1,2026-9-1,2026-09-01T16:48:02.239276+00:00,1.2961,1.2451,1.2706,2.0069258617975825,2.0069258617975647
standardized,hsbc,ZAR,SGD,ZAR/SGD,1,Indicative board,board,"SGD 200 – 39,999.99",std_200_40k,indicative_fx,2026-9-1,2026-9-1,2026-09-01T16:48:02.239276+00:00,0.0816,0.0764,0.079,3.2911392405063356,3.2911392405063356
standardized,hsbc,ZAR,SGD,ZAR/SGD,1,Indicative board,board,"SGD 40,000 – 100,000",std_40k_100k,indicative_fx,2026-9-1,2026-9-1,2026-09-01T16:48:02.239276+00:00,0.0816,0.0764,0.079,3.2911392405063356,3.2911392405063356
standardized,hsbc,ZAR,SGD,ZAR/SGD,1,Indicative board,board,SGD 50 – 200,std_50_200,indicative_fx,2026-9-1,2026-9-1,2026-09-01T16:48:02.239276+00:00,0.0816,0.0764,0.079,3.2911392405063356,3.2911392405063356
standardized,hsbc,ZAR,SGD,ZAR/SGD,1,Indicative board,board,SGD < 50,std_lt_50,indicative_fx,2026-9-1,2026-9-1,2026-09-01T16:48:02.239276+00:00,0.0816,0.0764,0.079,3.2911392405063356,3.2911392405063356
standardized,ocbc,AED,SGD,AED/SGD,100,"SGD 0 – 39,999.99",tier_1,"SGD 200 – 39,999.99",std_200_40k,fxRatesSgd,2026-09-01T07:00:13,2026-09-01T07:00:13,2026-09-01T16:47:59.598219+00:00,35.5643,33.5519,34.5581,2.9116184049470304,2.9116184049470304
standardized,ocbc,AED,SGD,AED/SGD,100,"SGD 40,000 – 100,000",tier_2,"SGD 40,000 – 100,000",std_40k_100k,fxRatesSgd,2026-09-01T07:00:13,2026-09-01T07:00:13,2026-09-01T16:47:59.598219+00:00,35.5538,33.5691,34.5581,2.8812347901070927,2.861847150161624
standardized,ocbc,AED,SGD,AED/SGD,100,"SGD 0 – 39,999.99",tier_1,SGD 50 – 200,std_50_200,fxRatesSgd,2026-09-01T07:00:13,2026-09-01T07:00:13,2026-09-01T16:47:59.598219+00:00,35.5643,33.5519,34.5581,2.9116184049470304,2.9116184049470304
standardized,ocbc,AED,SGD,AED/SGD,100,"SGD 0 – 39,999.99",tier_1,SGD < 50,std_lt_50,fxRatesSgd,2026-09-01T07:00:13,2026-09-01T07:00:13,2026-09-01T16:47:59.598219+00:00,35.5643,33.5519,34.5581,2.9116184049470304,2.9116184049470304
standardized,ocbc,AUD,SGD,AUD/SGD,1,"SGD 0 – 39,999.99",tier_1,"SGD 200 – 39,999.99",std_200_40k,fxRatesSgd,2026-09-01T07:00:13,2026-09-01T07:00:13,2026-09-01T16:47:59.598219+00:00,0.9262,0.8968,0.9115,1.6127262753702738,1.6127262753702618
standardized,ocbc,AUD,SGD,AUD/SGD,1,"SGD 40,000 – 100,000",tier_2,"SGD 40,000 – 100,000",std_40k_100k,fxRatesSgd,2026-09-01T07:00:13,2026-09-01T07:00:13,2026-09-01T16:47:59.598219+00:00,0.9244,0.8987,0.9115,1.4152495885902383,1.4042786615468923
standardized,ocbc,AUD,SGD,AUD/SGD,1,"SGD 0 – 39,999.99",tier_1,SGD 50 – 200,std_50_200,fxRatesSgd,2026-09-01T07:00:13,2026-09-01T07:00:13,2026-09-01T16:47:59.598219+00:00,0.9262,0.8968,0.9115,1.6127262753702738,1.6127262753702618
standardized,ocbc,AUD,SGD,AUD/SGD,1,"SGD 0 – 39,999.99",tier_1,SGD < 50,std_lt_50,fxRatesSgd,2026-09-01T07:00:13,2026-09-01T07:00:13,2026-09-01T16:47:59.598219+00:00,0.9262,0.8968,0.9115,1.6127262753702738,1.6127262753702618
standardized,ocbc,BGN,SGD,BGN/SGD,100,"SGD 0 – 39,999.99",tier_1,"SGD 200 – 39,999.99",std_200_40k,fxRatesSgd,2026-09-01T07:00:13,2026-09-01T07:00:13,2026-09-01T16:47:59.598219+00:00,0.0,0.0,0.0,,
standardized,ocbc,BGN,SGD,BGN/SGD,100,"SGD 40,000 – 100,000",tier_2,"SGD 40,000 – 100,000",std_40k_100k,fxRatesSgd,2026-09-01T07:00:13,2026-09-01T07:00:13,2026-09-01T16:47:59.598219+00:00,0.0,0.0,0.0,,
standardized,ocbc,BGN,SGD,BGN/SGD,100,"SGD 0 – 39,999.99",tier_1,SGD 50 – 200,std_50_200,fxRatesSgd,2026-09-01T07:00:13,2026-09-01T07:00:13,2026-09-01T16:47:59.598219+00:00,0.0,0.0,0.0,,
standardized,ocbc,BGN,SGD,BGN/SGD,100,"SGD 0 – 39,999.99",tier_1,SGD < 50,std_lt_50,fxRatesSgd,2026-09-01T07:00:13,2026-09-01T07:00:13,2026-09-01T16:47:59.598219+00:00,0.0,0.0,0.0,,
standardized,ocbc,BHD,SGD,BHD/SGD,1,"SGD 0 – 39,999.99",tier_1,"SGD 200 – 39,999.99",std_200_40k,fxRatesSgd,2026-09-01T07:00:13,2026-09-01T07:00:13,2026-09-01T16:47:59.598219+00:00,0.0,0.0,0.0,,
standardized,ocbc,BHD,SGD,BHD/SGD,1,"SGD 40,000 – 100,000",tier_2,"SGD 40,000 – 100,000",std_40k_100k,fxRatesSgd,2026-09-01T07:00:13,2026-09-01T07:00:13,2026-09-01T16:47:59.598219+00:00,0.0,0.0,0.0,,
standardized,ocbc,BHD,SGD,BHD/SGD,1,"SGD 0 – 39,999.99",tier_1,SGD 50 – 200,std_50_200,fxRatesSgd,2026-09-01T07:00:13,2026-09-01T07:00:13,2026-09-01T16:47:59.598219+00:00,0.0,0.0,0.0,,
standardized,ocbc,BHD,SGD,BHD/SGD,1,"SGD 0 – 39,999.99",tier_1,SGD < 50,std_lt_50,fxRatesSgd,2026-09-01T07:00:13,2026-09-01T07:00:13,2026-09-01T16:47:59.598219+00:00,0.0,0.0,0.0,,
standardized,ocbc,CAD,SGD,CAD/SGD,1,"SGD 0 – 39,999.99",tier_1,"SGD 200 – 39,999.99",std_200_40k,fxRatesSgd,2026-09-01T07:00:13,2026-09-01T07:00:13,2026-09-01T16:47:59.598219+00:00,0.9345,0.9013,0.9179,1.8084758688310216,1.8084758688310336
standardized,ocbc,CAD,SGD,CAD/SGD,1,"SGD 40,000 – 100,000",tier_2,"SGD 40,000 – 100,000",std_40k_100k,fxRatesSgd,2026-09-01T07:00:13,2026-09-01T07:00:13,2026-09-01T16:47:59.598219+00:00,0.9326,0.9031,0.9179,1.6014816428804808,1.612376075825257
standardized,ocbc,CAD,SGD,CAD/SGD,1,"SGD 0 – 39,999.99",tier_1,SGD 50 – 200,std_50_200,fxRatesSgd,2026-09-01T07:00:13,2026-09-01T07:00:13,2026-09-01T16:47:59.598219+00:00,0.9345,0.9013,0.9179,1.8084758688310216,1.8084758688310336
standardized,ocbc,CAD,SGD,CAD/SGD,1,"SGD 0 – 39,999.99",tier_1,SGD < 50,std_lt_50,fxRatesSgd,2026-09-01T07:00:13,2026-09-01T07:00:13,2026-09-01T16:47:59.598219+00:00,0.9345,0.9013,0.9179,1.8084758688310216,1.8084758688310336
standardized,ocbc,CHF,SGD,CHF/SGD,100,"SGD 0 – 39,999.99",tier_1,"SGD 200 – 39,999.99",std_200_40k,fxRatesSgd,2026-09-01T07:00:13,2026-09-01T07:00:13,2026-09-01T16:47:59.598219+00:00,160.0245,154.3331,157.1788,1.8104858924994933,1.8104858924994933
standardized,ocbc,CHF,SGD,CHF/SGD,100,"SGD 40,000 – 100,000",tier_2,"SGD 40,000 – 100,000",std_40k_100k,fxRatesSgd,2026-09-01T07:00:13,2026-09-01T07:00:13,2026-09-01T16:47:59.598219+00:00,159.7101,154.6474,157.1788,1.610458916851392,1.6105225386629691
standardized,ocbc,CHF,SGD,CHF/SGD,100,"SGD 0 – 39,999.99",tier_1,SGD 50 – 200,std_50_200,fxRatesSgd,2026-09-01T07:00:13,2026-09-01T07:00:13,2026-09-01T16:47:59.598219+00:00,160.0245,154.3331,157.1788,1.8104858924994933,1.8104858924994933
standardized,ocbc,CHF,SGD,CHF/SGD,100,"SGD 0 – 39,999.99",tier_1,SGD < 50,std_lt_50,fxRatesSgd,2026-09-01T07:00:13,2026-09-01T07:00:13,2026-09-01T16:47:59.598219+00:00,160.0245,154.3331,157.1788,1.8104858924994933,1.8104858924994933
standardized,ocbc,CNH,SGD,CNH/SGD,100,"SGD 0 – 39,999.99",tier_1,"SGD 200 – 39,999.99",std_200_40k,fxRatesSgd,2026-09-01T07:00:13,2026-09-01T07:00:13,2026-09-01T16:47:59.598219+00:00,19.2799,18.7088,18.9944,1.5030745904056066,1.5036010613654485
standardized,ocbc,CNH,SGD,CNH/SGD,100,"SGD 40,000 – 100,000",tier_2,"SGD 40,000 – 100,000",std_40k_100k,fxRatesSgd,2026-09-01T07:00:13,2026-09-01T07:00:13,2026-09-01T16:47:59.598219+00:00,19.261,18.7277,18.9944,1.403571578991705,1.4040980499515656
standardized,ocbc,CNH,SGD,CNH/SGD,100,"SGD 0 – 39,999.99",tier_1,SGD 50 – 200,std_50_200,fxRatesSgd,2026-09-01T07:00:13,2026-09-01T07:00:13,2026-09-01T16:47:59.598219+00:00,19.2799,18.7088,18.9944,1.5030745904056066,1.5036010613654485
standardized,ocbc,CNH,SGD,CNH/SGD,100,"SGD 0 – 39,999.99",tier_1,SGD < 50,std_lt_50,fxRatesSgd,2026-09-01T07:00:13,2026-09-01T07:00:13,2026-09-01T16:47:59.598219+00:00,19.2799,18.7088,18.9944,1.5030745904056066,1.5036010613654485
standardized,ocbc,CZK,SGD,CZK/SGD,100,"SGD 0 – 39,999.99",tier_1,"SGD 200 – 39,999.99",std_200_40k,fxRatesSgd,2026-09-01T07:00:13,2026-09-01T07:00:13,2026-09-01T16:47:59.598219+00:00,0.0,0.0,0.0,,
standardized,ocbc,CZK,SGD,CZK/SGD,100,"SGD 40,000 – 100,000",tier_2,"SGD 40,000 – 100,000",std_40k_100k,fxRatesSgd,2026-09-01T07:00:13,2026-09-01T07:00:13,2026-09-01T16:47:59.598219+00:00,0.0,0.0,0.0,,
standardized,ocbc,CZK,SGD,CZK/SGD,100,"SGD 0 – 39,999.99",tier_1,SGD 50 – 200,std_50_200,fxRatesSgd,2026-09-01T07:00:13,2026-09-01T07:00:13,2026-09-01T16:47:59.598219+00:00,0.0,0.0,0.0,,
standardized,ocbc,CZK,SGD,CZK/SGD,100,"SGD 0 – 39,999.99",tier_1,SGD < 50,std_lt_50,fxRatesSgd,2026-09-01T07:00:13,2026-09-01T07:00:13,2026-09-01T16:47:59.598219+00:00,0.0,0.0,0.0,,
standardized,ocbc,DKK,SGD,DKK/SGD,100,"SGD 0 – 39,999.99",tier_1,"SGD 200 – 39,999.99",std_200_40k,fxRatesSgd,2026-09-01T07:00:13,2026-09-01T07:00:13,2026-09-01T16:47:59.598219+00:00,20.1045,19.3906,19.7476,1.8073082298608596,1.8078146205108436
standardized,ocbc,DKK,SGD,DKK/SGD,100,"SGD 40,000 – 100,000",tier_2,"SGD 40,000 – 100,000",std_40k_100k,fxRatesSgd,2026-09-01T07:00:13,2026-09-01T07:00:13,2026-09-01T16:47:59.598219+00:00,20.065,19.4301,19.7476,1.607283923109658,1.6077903137596419
standardized,ocbc,DKK,SGD,DKK/SGD,100,"SGD 0 – 39,999.99",tier_1,SGD 50 – 200,std_50_200,fxRatesSgd,2026-09-01T07:00:13,2026-09-01T07:00:13,2026-09-01T16:47:59.598219+00:00,20.1045,19.3906,19.7476,1.8073082298608596,1.8078146205108436
standardized,ocbc,DKK,SGD,DKK/SGD,100,"SGD 0 – 39,999.99",tier_1,SGD < 50,std_lt_50,fxRatesSgd,2026-09-01T07:00:13,2026-09-01T07:00:13,2026-09-01T16:47:59.598219+00:00,20.1045,19.3906,19.7476,1.8073082298608596,1.8078146205108436
standardized,ocbc,EUR,SGD,EUR/SGD,1,"SGD 0 – 39,999.99",tier_1,"SGD 200 – 39,999.99",std_200_40k,fxRatesSgd,2026-09-01T07:00:13,2026-09-01T07:00:13,2026-09-01T16:47:59.598219+00:00,1.4928,1.456,1.4744,1.2479652740097649,1.2479652740097649
standardized,ocbc,EUR,SGD,EUR/SGD,1,"SGD 40,000 – 100,000",tier_2,"SGD 40,000 – 100,000",std_40k_100k,fxRatesSgd,2026-09-01T07:00:13,2026-09-01T07:00:13,2026-09-01T16:47:59.598219+00:00,1.491,1.458,1.4744,1.1258817145957793,1.1123168746608771
standardized,ocbc,EUR,SGD,EUR/SGD,1,"SGD 0 – 39,999.99",tier_1,SGD 50 – 200,std_50_200,fxRatesSgd,2026-09-01T07:00:13,2026-09-01T07:00:13,2026-09-01T16:47:59.598219+00:00,1.4928,1.456,1.4744,1.2479652740097649,1.2479652740097649
standardized,ocbc,EUR,SGD,EUR/SGD,1,"SGD 0 – 39,999.99",tier_1,SGD < 50,std_lt_50,fxRatesSgd,2026-09-01T07:00:13,2026-09-01T07:00:13,2026-09-01T16:47:59.598219+00:00,1.4928,1.456,1.4744,1.2479652740097649,1.2479652740097649
standardized,ocbc,GBP,SGD,GBP/SGD,1,"SGD 0 – 39,999.99",tier_1,"SGD 200 – 39,999.99",std_200_40k,fxRatesSgd,2026-09-01T07:00:13,2026-09-01T07:00:13,2026-09-01T16:47:59.598219+00:00,1.746,1.6997,1.7229,1.3407626675953275,1.3465668349875273
standardized,ocbc,GBP,SGD,GBP/SGD,1,"SGD 40,000 – 100,000",tier_2,"SGD 40,000 – 100,000",std_40k_100k,fxRatesSgd,2026-09-01T07:00:13,2026-09-01T07:00:13,2026-09-01T16:47:59.598219+00:00,1.7443,1.7018,1.7229,1.2420918219281363,1.2246793197515884
standardized,ocbc,GBP,SGD,GBP/SGD,1,"SGD 0 – 39,999.99",tier_1,SGD 50 – 200,std_50_200,fxRatesSgd,2026-09-01T07:00:13,2026-09-01T07:00:13,2026-09-01T16:47:59.598219+00:00,1.746,1.6997,1.7229,1.3407626675953275,1.3465668349875273
standardized,ocbc,GBP,SGD,GBP/SGD,1,"SGD 0 – 39,999.99",tier_1,SGD < 50,std_lt_50,fxRatesSgd,2026-09-01T07:00:13,2026-09-01T07:00:13,2026-09-01T16:47:59.598219+00:00,1.746,1.6997,1.7229,1.3407626675953275,1.3465668349875273
standardized,ocbc,HKD,SGD,HKD/SGD,100,"SGD 0 – 39,999.99",tier_1,"SGD 200 – 39,999.99",std_200_40k,fxRatesSgd,2026-09-01T07:00:13,2026-09-01T07:00:13,2026-09-01T16:47:59.598219+00:00,16.4499,16.0506,16.2503,1.228285016276624,1.2289003895312702
standardized,ocbc,HKD,SGD,HKD/SGD,100,"SGD 40,000 – 100,000",tier_2,"SGD 40,000 – 100,000",std_40k_100k,fxRatesSgd,2026-09-01T07:00:13,2026-09-01T07:00:13,2026-09-01T16:47:59.598219+00:00,16.4207,16.0604,16.2503,1.0485960259195264,1.1685938105757923
standardized,ocbc,HKD,SGD,HKD/SGD,100,"SGD 0 – 39,999.99",tier_1,SGD 50 – 200,std_50_200,fxRatesSgd,2026-09-01T07:00:13,2026-09-01T07:00:13,2026-09-01T16:47:59.598219+00:00,16.4499,16.0506,16.2503,1.228285016276624,1.2289003895312702
standardized,ocbc,HKD,SGD,HKD/SGD,100,"SGD 0 – 39,999.99",tier_1,SGD < 50,std_lt_50,fxRatesSgd,2026-09-01T07:00:13,2026-09-01T07:00:13,2026-09-01T16:47:59.598219+00:00,16.4499,16.0506,16.2503,1.228285016276624,1.2289003895312702
standardized,ocbc,HUF,SGD,HUF/SGD,100,"SGD 0 – 39,999.99",tier_1,"SGD 200 – 39,999.99",std_200_40k,fxRatesSgd,2026-09-01T07:00:13,2026-09-01T07:00:13,2026-09-01T16:47:59.598219+00:00,0.0,0.0,0.0,,
standardized,ocbc,HUF,SGD,HUF/SGD,100,"SGD 40,000 – 100,000",tier_2,"SGD 40,000 – 100,000",std_40k_100k,fxRatesSgd,2026-09-01T07:00:13,2026-09-01T07:00:13,2026-09-01T16:47:59.598219+00:00,0.0,0.0,0.0,,
standardized,ocbc,HUF,SGD,HUF/SGD,100,"SGD 0 – 39,999.99",tier_1,SGD 50 – 200,std_50_200,fxRatesSgd,2026-09-01T07:00:13,2026-09-01T07:00:13,2026-09-01T16:47:59.598219+00:00,0.0,0.0,0.0,,
standardized,ocbc,HUF,SGD,HUF/SGD,100,"SGD 0 – 39,999.99",tier_1,SGD < 50,std_lt_50,fxRatesSgd,2026-09-01T07:00:13,2026-09-01T07:00:13,2026-09-01T16:47:59.598219+00:00,0.0,0.0,0.0,,
standardized,ocbc,IDR,SGD,IDR/SGD,100,"SGD 0 – 39,999.99",tier_1,"SGD 200 – 39,999.99",std_200_40k,fxRatesSgd,2026-09-01T07:00:13,2026-09-01T07:00:13,2026-09-01T16:47:59.598219+00:00,0.0074,0.0,0.0074,0.0,100.0
standardized,ocbc,IDR,SGD,IDR/SGD,100,"SGD 40,000 – 100,000",tier_2,"SGD 40,000 – 100,000",std_40k_100k,fxRatesSgd,2026-09-01T07:00:13,2026-09-01T07:00:13,2026-09-01T16:47:59.598219+00:00,0.0074,0.0,0.0074,0.0,100.0
standardized,ocbc,IDR,SGD,IDR/SGD,100,"SGD 0 – 39,999.99",tier_1,SGD 50 – 200,std_50_200,fxRatesSgd,2026-09-01T07:00:13,2026-09-01T07:00:13,2026-09-01T16:47:59.598219+00:00,0.0074,0.0,0.0074,0.0,100.0
standardized,ocbc,IDR,SGD,IDR/SGD,100,"SGD 0 – 39,999.99",tier_1,SGD < 50,std_lt_50,fxRatesSgd,2026-09-01T07:00:13,2026-09-01T07:00:13,2026-09-01T16:47:59.598219+00:00,0.0074,0.0,0.0074,0.0,100.0
standardized,ocbc,ILS,SGD,ILS/SGD,100,"SGD 0 – 39,999.99",tier_1,"SGD 200 – 39,999.99",std_200_40k,fxRatesSgd,2026-09-01T07:00:13,2026-09-01T07:00:13,2026-09-01T16:47:59.598219+00:00,0.0,0.0,0.0,,
standardized,ocbc,ILS,SGD,ILS/SGD,100,"SGD 40,000 – 100,000",tier_2,"SGD 40,000 – 100,000",std_40k_100k,fxRatesSgd,2026-09-01T07:00:13,2026-09-01T07:00:13,2026-09-01T16:47:59.598219+00:00,0.0,0.0,0.0,,
standardized,ocbc,ILS,SGD,ILS/SGD,100,"SGD 0 – 39,999.99",tier_1,SGD 50 – 200,std_50_200,fxRatesSgd,2026-09-01T07:00:13,2026-09-01T07:00:13,2026-09-01T16:47:59.598219+00:00,0.0,0.0,0.0,,
standardized,ocbc,ILS,SGD,ILS/SGD,100,"SGD 0 – 39,999.99",tier_1,SGD < 50,std_lt_50,fxRatesSgd,2026-09-01T07:00:13,2026-09-01T07:00:13,2026-09-01T16:47:59.598219+00:00,0.0,0.0,0.0,,
standardized,ocbc,INR,SGD,INR/SGD,100,"SGD 0 – 39,999.99",tier_1,"SGD 200 – 39,999.99",std_200_40k,fxRatesSgd,2026-09-01T07:00:13,2026-09-01T07:00:13,2026-09-01T16:47:59.598219+00:00,1.3823,0.0,1.3823,0.0,100.0
standardized,ocbc,INR,SGD,INR/SGD,100,"SGD 40,000 – 100,000",tier_2,"SGD 40,000 – 100,000",std_40k_100k,fxRatesSgd,2026-09-01T07:00:13,2026-09-01T07:00:13,2026-09-01T16:47:59.598219+00:00,1.3796,0.0,1.3823,-0.19532662953050325,100.0
standardized,ocbc,INR,SGD,INR/SGD,100,"SGD 0 – 39,999.99",tier_1,SGD 50 – 200,std_50_200,fxRatesSgd,2026-09-01T07:00:13,2026-09-01T07:00:13,2026-09-01T16:47:59.598219+00:00,1.3823,0.0,1.3823,0.0,100.0
standardized,ocbc,INR,SGD,INR/SGD,100,"SGD 0 – 39,999.99",tier_1,SGD < 50,std_lt_50,fxRatesSgd,2026-09-01T07:00:13,2026-09-01T07:00:13,2026-09-01T16:47:59.598219+00:00,1.3823,0.0,1.3823,0.0,100.0
standardized,ocbc,JOD,SGD,JOD/SGD,1,"SGD 0 – 39,999.99",tier_1,"SGD 200 – 39,999.99",std_200_40k,fxRatesSgd,2026-09-01T07:00:13,2026-09-01T07:00:13,2026-09-01T16:47:59.598219+00:00,0.0,0.0,0.0,,
standardized,ocbc,JOD,SGD,JOD/SGD,1,"SGD 40,000 – 100,000",tier_2,"SGD 40,000 – 100,000",std_40k_100k,fxRatesSgd,2026-09-01T07:00:13,2026-09-01T07:00:13,2026-09-01T16:47:59.598219+00:00,0.0,0.0,0.0,,
standardized,ocbc,JOD,SGD,JOD/SGD,1,"SGD 0 – 39,999.99",tier_1,SGD 50 – 200,std_50_200,fxRatesSgd,2026-09-01T07:00:13,2026-09-01T07:00:13,2026-09-01T16:47:59.598219+00:00,0.0,0.0,0.0,,
standardized,ocbc,JOD,SGD,JOD/SGD,1,"SGD 0 – 39,999.99",tier_1,SGD < 50,std_lt_50,fxRatesSgd,2026-09-01T07:00:13,2026-09-01T07:00:13,2026-09-01T16:47:59.598219+00:00,0.0,0.0,0.0,,
standardized,ocbc,JPY,SGD,JPY/SGD,100,"SGD 0 – 39,999.99",tier_1,"SGD 200 – 39,999.99",std_200_40k,fxRatesSgd,2026-09-01T07:00:13,2026-09-01T07:00:13,2026-09-01T16:47:59.598219+00:00,0.8058,0.786,0.7959,1.2438748586505728,1.2438748586505866
standardized,ocbc,JPY,SGD,JPY/SGD,100,"SGD 40,000 – 100,000",tier_2,"SGD 40,000 – 100,000",std_40k_100k,fxRatesSgd,2026-09-01T07:00:13,2026-09-01T07:00:13,2026-09-01T16:47:59.598219+00:00,0.805,0.7874,0.7959,1.1433597185576072,1.0679733634878832
standardized,ocbc,JPY,SGD,JPY/SGD,100,"SGD 0 – 39,999.99",tier_1,SGD 50 – 200,std_50_200,fxRatesSgd,2026-09-01T07:00:13,2026-09-01T07:00:13,2026-09-01T16:47:59.598219+00:00,0.8058,0.786,0.7959,1.2438748586505728,1.2438748586505866
standardized,ocbc,JPY,SGD,JPY/SGD,100,"SGD 0 – 39,999.99",tier_1,SGD < 50,std_lt_50,fxRatesSgd,2026-09-01T07:00:13,2026-09-01T07:00:13,2026-09-01T16:47:59.598219+00:00,0.8058,0.786,0.7959,1.2438748586505728,1.2438748586505866
standardized,ocbc,KRW,SGD,KRW/SGD,100,"SGD 0 – 39,999.99",tier_1,"SGD 200 – 39,999.99",std_200_40k,fxRatesSgd,2026-09-01T07:00:13,2026-09-01T07:00:13,2026-09-01T16:47:59.598219+00:00,0.0,0.0,0.0,,
standardized,ocbc,KRW,SGD,KRW/SGD,100,"SGD 40,000 – 100,000",tier_2,"SGD 40,000 – 100,000",std_40k_100k,fxRatesSgd,2026-09-01T07:00:13,2026-09-01T07:00:13,2026-09-01T16:47:59.598219+00:00,0.0,0.0,0.0,,
standardized,ocbc,KRW,SGD,KRW/SGD,100,"SGD 0 – 39,999.99",tier_1,SGD 50 – 200,std_50_200,fxRatesSgd,2026-09-01T07:00:13,2026-09-01T07:00:13,2026-09-01T16:47:59.598219+00:00,0.0,0.0,0.0,,
standardized,ocbc,KRW,SGD,KRW/SGD,100,"SGD 0 – 39,999.99",tier_1,SGD < 50,std_lt_50,fxRatesSgd,2026-09-01T07:00:13,2026-09-01T07:00:13,2026-09-01T16:47:59.598219+00:00,0.0,0.0,0.0,,
standardized,ocbc,LKR,SGD,LKR/SGD,100,"SGD 0 – 39,999.99",tier_1,"SGD 200 – 39,999.99",std_200_40k,fxRatesSgd,2026-09-01T07:00:13,2026-09-01T07:00:13,2026-09-01T16:47:59.598219+00:00,0.4,0.0,0.4,0.0,100.0
standardized,ocbc,LKR,SGD,LKR/SGD,100,"SGD 40,000 – 100,000",tier_2,"SGD 40,000 – 100,000",std_40k_100k,fxRatesSgd,2026-09-01T07:00:13,2026-09-01T07:00:13,2026-09-01T16:47:59.598219+00:00,0.3992,0.0,0.4,-0.20000000000000573,100.0
standardized,ocbc,LKR,SGD,LKR/SGD,100,"SGD 0 – 39,999.99",tier_1,SGD 50 – 200,std_50_200,fxRatesSgd,2026-09-01T07:00:13,2026-09-01T07:00:13,2026-09-01T16:47:59.598219+00:00,0.4,0.0,0.4,0.0,100.0
standardized,ocbc,LKR,SGD,LKR/SGD,100,"SGD 0 – 39,999.99",tier_1,SGD < 50,std_lt_50,fxRatesSgd,2026-09-01T07:00:13,2026-09-01T07:00:13,2026-09-01T16:47:59.598219+00:00,0.4,0.0,0.4,0.0,100.0
standardized,ocbc,MAD,SGD,MAD/SGD,100,"SGD 0 – 39,999.99",tier_1,"SGD 200 – 39,999.99",std_200_40k,fxRatesSgd,2026-09-01T07:00:13,2026-09-01T07:00:13,2026-09-01T16:47:59.598219+00:00,0.0,0.0,0.0,,
standardized,ocbc,MAD,SGD,MAD/SGD,100,"SGD 40,000 – 100,000",tier_2,"SGD 40,000 – 100,000",std_40k_100k,fxRatesSgd,2026-09-01T07:00:13,2026-09-01T07:00:13,2026-09-01T16:47:59.598219+00:00,0.0,0.0,0.0,,
standardized,ocbc,MAD,SGD,MAD/SGD,100,"SGD 0 – 39,999.99",tier_1,SGD 50 – 200,std_50_200,fxRatesSgd,2026-09-01T07:00:13,2026-09-01T07:00:13,2026-09-01T16:47:59.598219+00:00,0.0,0.0,0.0,,
standardized,ocbc,MAD,SGD,MAD/SGD,100,"SGD 0 – 39,999.99",tier_1,SGD < 50,std_lt_50,fxRatesSgd,2026-09-01T07:00:13,2026-09-01T07:00:13,2026-09-01T16:47:59.598219+00:00,0.0,0.0,0.0,,
standardized,ocbc,MXN,SGD,MXN/SGD,100,"SGD 0 – 39,999.99",tier_1,"SGD 200 – 39,999.99",std_200_40k,fxRatesSgd,2026-09-01T07:00:13,2026-09-01T07:00:13,2026-09-01T16:47:59.598219+00:00,7.7283,0.0,7.7283,0.0,100.0
standardized,ocbc,MXN,SGD,MXN/SGD,100,"SGD 40,000 – 100,000",tier_2,"SGD 40,000 – 100,000",std_40k_100k,fxRatesSgd,2026-09-01T07:00:13,2026-09-01T07:00:13,2026-09-01T16:47:59.598219+00:00,7.7267,0.0,7.7283,-0.02070313005447283,100.0
standardized,ocbc,MXN,SGD,MXN/SGD,100,"SGD 0 – 39,999.99",tier_1,SGD 50 – 200,std_50_200,fxRatesSgd,2026-09-01T07:00:13,2026-09-01T07:00:13,2026-09-01T16:47:59.598219+00:00,7.7283,0.0,7.7283,0.0,100.0
standardized,ocbc,MXN,SGD,MXN/SGD,100,"SGD 0 – 39,999.99",tier_1,SGD < 50,std_lt_50,fxRatesSgd,2026-09-01T07:00:13,2026-09-01T07:00:13,2026-09-01T16:47:59.598219+00:00,7.7283,0.0,7.7283,0.0,100.0
standardized,ocbc,MYR,SGD,MYR/SGD,100,"SGD 0 – 39,999.99",tier_1,"SGD 200 – 39,999.99",std_200_40k,fxRatesSgd,2026-09-01T07:00:13,2026-09-01T07:00:13,2026-09-01T16:47:59.598219+00:00,0.0,0.0,0.0,,
standardized,ocbc,MYR,SGD,MYR/SGD,100,"SGD 40,000 – 100,000",tier_2,"SGD 40,000 – 100,000",std_40k_100k,fxRatesSgd,2026-09-01T07:00:13,2026-09-01T07:00:13,2026-09-01T16:47:59.598219+00:00,0.0,0.0,0.0,,
standardized,ocbc,MYR,SGD,MYR/SGD,100,"SGD 0 – 39,999.99",tier_1,SGD 50 – 200,std_50_200,fxRatesSgd,2026-09-01T07:00:13,2026-09-01T07:00:13,2026-09-01T16:47:59.598219+00:00,0.0,0.0,0.0,,
standardized,ocbc,MYR,SGD,MYR/SGD,100,"SGD 0 – 39,999.99",tier_1,SGD < 50,std_lt_50,fxRatesSgd,2026-09-01T07:00:13,2026-09-01T07:00:13,2026-09-01T16:47:59.598219+00:00,0.0,0.0,0.0,,
standardized,ocbc,NOK,SGD,NOK/SGD,100,"SGD 0 – 39,999.99",tier_1,"SGD 200 – 39,999.99",std_200_40k,fxRatesSgd,2026-09-01T07:00:13,2026-09-01T07:00:13,2026-09-01T16:47:59.598219+00:00,13.8988,13.4033,13.6511,1.8145057907421385,1.8152383324420727
standardized,ocbc,NOK,SGD,NOK/SGD,100,"SGD 40,000 – 100,000",tier_2,"SGD 40,000 – 100,000",std_40k_100k,fxRatesSgd,2026-09-01T07:00:13,2026-09-01T07:00:13,2026-09-01T16:47:59.598219+00:00,13.8714,13.4306,13.6511,1.6137893649595998,1.615254448359469
standardized,ocbc,NOK,SGD,NOK/SGD,100,"SGD 0 – 39,999.99",tier_1,SGD 50 – 200,std_50_200,fxRatesSgd,2026-09-01T07:00:13,2026-09-01T07:00:13,2026-09-01T16:47:59.598219+00:00,13.8988,13.4033,13.6511,1.8145057907421385,1.8152383324420727
standardized,ocbc,NOK,SGD,NOK/SGD,100,"SGD 0 – 39,999.99",tier_1,SGD < 50,std_lt_50,fxRatesSgd,2026-09-01T07:00:13,2026-09-01T07:00:13,2026-09-01T16:47:59.598219+00:00,13.8988,13.4033,13.6511,1.8145057907421385,1.8152383324420727
standardized,ocbc,NZD,SGD,NZD/SGD,1,"SGD 0 – 39,999.99",tier_1,"SGD 200 – 39,999.99",std_200_40k,fxRatesSgd,2026-09-01T07:00:13,2026-09-01T07:00:13,2026-09-01T16:47:59.598219+00:00,0.7663,0.7402,0.7533,1.725740076994559,1.7390150006637466
standardized,ocbc,NZD,SGD,NZD/SGD,1,"SGD 40,000 – 100,000",tier_2,"SGD 40,000 – 100,000",std_40k_100k,fxRatesSgd,2026-09-01T07:00:13,2026-09-01T07:00:13,2026-09-01T16:47:59.598219+00:00,0.7644,0.7424,0.7533,1.473516527279968,1.4469666799415932
standardized,ocbc,NZD,SGD,NZD/SGD,1,"SGD 0 – 39,999.99",tier_1,SGD 50 – 200,std_50_200,fxRatesSgd,2026-09-01T07:00:13,2026-09-01T07:00:13,2026-09-01T16:47:59.598219+00:00,0.7663,0.7402,0.7533,1.725740076994559,1.7390150006637466
standardized,ocbc,NZD,SGD,NZD/SGD,1,"SGD 0 – 39,999.99",tier_1,SGD < 50,std_lt_50,fxRatesSgd,2026-09-01T07:00:13,2026-09-01T07:00:13,2026-09-01T16:47:59.598219+00:00,0.7663,0.7402,0.7533,1.725740076994559,1.7390150006637466
standardized,ocbc,OMR,SGD,OMR/SGD,1,"SGD 0 – 39,999.99",tier_1,"SGD 200 – 39,999.99",std_200_40k,fxRatesSgd,2026-09-01T07:00:13,2026-09-01T07:00:13,2026-09-01T16:47:59.598219+00:00,0.0,0.0,0.0,,
standardized,ocbc,OMR,SGD,OMR/SGD,1,"SGD 40,000 – 100,000",tier_2,"SGD 40,000 – 100,000",std_40k_100k,fxRatesSgd,2026-09-01T07:00:13,2026-09-01T07:00:13,2026-09-01T16:47:59.598219+00:00,0.0,0.0,0.0,,
standardized,ocbc,OMR,SGD,OMR/SGD,1,"SGD 0 – 39,999.99",tier_1,SGD 50 – 200,std_50_200,fxRatesSgd,2026-09-01T07:00:13,2026-09-01T07:00:13,2026-09-01T16:47:59.598219+00:00,0.0,0.0,0.0,,
standardized,ocbc,OMR,SGD,OMR/SGD,1,"SGD 0 – 39,999.99",tier_1,SGD < 50,std_lt_50,fxRatesSgd,2026-09-01T07:00:13,2026-09-01T07:00:13,2026-09-01T16:47:59.598219+00:00,0.0,0.0,0.0,,
standardized,ocbc,PHP,SGD,PHP/SGD,100,"SGD 0 – 39,999.99",tier_1,"SGD 200 – 39,999.99",std_200_40k,fxRatesSgd,2026-09-01T07:00:13,2026-09-01T07:00:13,2026-09-01T16:47:59.598219+00:00,2.1071,0.0,2.1071,0.0,100.0
standardized,ocbc,PHP,SGD,PHP/SGD,100,"SGD 40,000 – 100,000",tier_2,"SGD 40,000 – 100,000",std_40k_100k,fxRatesSgd,2026-09-01T07:00:13,2026-09-01T07:00:13,2026-09-01T16:47:59.598219+00:00,2.1061,0.0,2.1071,-0.047458592378144836,100.0
standardized,ocbc,PHP,SGD,PHP/SGD,100,"SGD 0 – 39,999.99",tier_1,SGD 50 – 200,std_50_200,fxRatesSgd,2026-09-01T07:00:13,2026-09-01T07:00:13,2026-09-01T16:47:59.598219+00:00,2.1071,0.0,2.1071,0.0,100.0
standardized,ocbc,PHP,SGD,PHP/SGD,100,"SGD 0 – 39,999.99",tier_1,SGD < 50,std_lt_50,fxRatesSgd,2026-09-01T07:00:13,2026-09-01T07:00:13,2026-09-01T16:47:59.598219+00:00,2.1071,0.0,2.1071,0.0,100.0
standardized,ocbc,PLN,SGD,PLN/SGD,100,"SGD 0 – 39,999.99",tier_1,"SGD 200 – 39,999.99",std_200_40k,fxRatesSgd,2026-09-01T07:00:13,2026-09-01T07:00:13,2026-09-01T16:47:59.598219+00:00,35.2096,33.0109,34.1103,3.222780215946501,3.2230733825266937
standardized,ocbc,PLN,SGD,PLN/SGD,100,"SGD 40,000 – 100,000",tier_2,"SGD 40,000 – 100,000",std_40k_100k,fxRatesSgd,2026-09-01T07:00:13,2026-09-01T07:00:13,2026-09-01T16:47:59.598219+00:00,35.1923,33.0378,34.1103,3.1720623975749285,3.144211572457601
standardized,ocbc,PLN,SGD,PLN/SGD,100,"SGD 0 – 39,999.99",tier_1,SGD 50 – 200,std_50_200,fxRatesSgd,2026-09-01T07:00:13,2026-09-01T07:00:13,2026-09-01T16:47:59.598219+00:00,35.2096,33.0109,34.1103,3.222780215946501,3.2230733825266937
standardized,ocbc,PLN,SGD,PLN/SGD,100,"SGD 0 – 39,999.99",tier_1,SGD < 50,std_lt_50,fxRatesSgd,2026-09-01T07:00:13,2026-09-01T07:00:13,2026-09-01T16:47:59.598219+00:00,35.2096,33.0109,34.1103,3.222780215946501,3.2230733825266937
standardized,ocbc,QAR,SGD,QAR/SGD,100,"SGD 0 – 39,999.99",tier_1,"SGD 200 – 39,999.99",std_200_40k,fxRatesSgd,2026-09-01T07:00:13,2026-09-01T07:00:13,2026-09-01T16:47:59.598219+00:00,35.9338,33.8799,34.9069,2.941825255178769,2.9421117314914844
standardized,ocbc,QAR,SGD,QAR/SGD,100,"SGD 40,000 – 100,000",tier_2,"SGD 40,000 – 100,000",std_40k_100k,fxRatesSgd,2026-09-01T07:00:13,2026-09-01T07:00:13,2026-09-01T16:47:59.598219+00:00,35.9125,33.8971,34.9069,2.8808058005723827,2.892837805706031
standardized,ocbc,QAR,SGD,QAR/SGD,100,"SGD 0 – 39,999.99",tier_1,SGD 50 – 200,std_50_200,fxRatesSgd,2026-09-01T07:00:13,2026-09-01T07:00:13,2026-09-01T16:47:59.598219+00:00,35.9338,33.8799,34.9069,2.941825255178769,2.9421117314914844
standardized,ocbc,QAR,SGD,QAR/SGD,100,"SGD 0 – 39,999.99",tier_1,SGD < 50,std_lt_50,fxRatesSgd,2026-09-01T07:00:13,2026-09-01T07:00:13,2026-09-01T16:47:59.598219+00:00,35.9338,33.8799,34.9069,2.941825255178769,2.9421117314914844
standardized,ocbc,RON,SGD,RON/SGD,100,"SGD 0 – 39,999.99",tier_1,"SGD 200 – 39,999.99",std_200_40k,fxRatesSgd,2026-09-01T07:00:13,2026-09-01T07:00:13,2026-09-01T16:47:59.598219+00:00,0.0,0.0,0.0,,
standardized,ocbc,RON,SGD,RON/SGD,100,"SGD 40,000 – 100,000",tier_2,"SGD 40,000 – 100,000",std_40k_100k,fxRatesSgd,2026-09-01T07:00:13,2026-09-01T07:00:13,2026-09-01T16:47:59.598219+00:00,0.0,0.0,0.0,,
standardized,ocbc,RON,SGD,RON/SGD,100,"SGD 0 – 39,999.99",tier_1,SGD 50 – 200,std_50_200,fxRatesSgd,2026-09-01T07:00:13,2026-09-01T07:00:13,2026-09-01T16:47:59.598219+00:00,0.0,0.0,0.0,,
standardized,ocbc,RON,SGD,RON/SGD,100,"SGD 0 – 39,999.99",tier_1,SGD < 50,std_lt_50,fxRatesSgd,2026-09-01T07:00:13,2026-09-01T07:00:13,2026-09-01T16:47:59.598219+00:00,0.0,0.0,0.0,,
standardized,ocbc,RUB,SGD,RUB/SGD,100,"SGD 0 – 39,999.99",tier_1,"SGD 200 – 39,999.99",std_200_40k,fxRatesSgd,2026-09-01T07:00:13,2026-09-01T07:00:13,2026-09-01T16:47:59.598219+00:00,0.0,0.0,0.0,,
standardized,ocbc,RUB,SGD,RUB/SGD,100,"SGD 40,000 – 100,000",tier_2,"SGD 40,000 – 100,000",std_40k_100k,fxRatesSgd,2026-09-01T07:00:13,2026-09-01T07:00:13,2026-09-01T16:47:59.598219+00:00,0.0,0.0,0.0,,
standardized,ocbc,RUB,SGD,RUB/SGD,100,"SGD 0 – 39,999.99",tier_1,SGD 50 – 200,std_50_200,fxRatesSgd,2026-09-01T07:00:13,2026-09-01T07:00:13,2026-09-01T16:47:59.598219+00:00,0.0,0.0,0.0,,
standardized,ocbc,RUB,SGD,RUB/SGD,100,"SGD 0 – 39,999.99",tier_1,SGD < 50,std_lt_50,fxRatesSgd,2026-09-01T07:00:13,2026-09-01T07:00:13,2026-09-01T16:47:59.598219+00:00,0.0,0.0,0.0,,
standardized,ocbc,SAR,SGD,SAR/SGD,100,"SGD 0 – 39,999.99",tier_1,"SGD 200 – 39,999.99",std_200_40k,fxRatesSgd,2026-09-01T07:00:13,2026-09-01T07:00:13,2026-09-01T16:47:59.598219+00:00,34.8647,32.945,33.9049,2.830859256331685,2.8311541989505873
standardized,ocbc,SAR,SGD,SAR/SGD,100,"SGD 40,000 – 100,000",tier_2,"SGD 40,000 – 100,000",std_40k_100k,fxRatesSgd,2026-09-01T07:00:13,2026-09-01T07:00:13,2026-09-01T16:47:59.598219+00:00,34.8475,32.9617,33.9049,2.780129125878557,2.7818987815920337
standardized,ocbc,SAR,SGD,SAR/SGD,100,"SGD 0 – 39,999.99",tier_1,SGD 50 – 200,std_50_200,fxRatesSgd,2026-09-01T07:00:13,2026-09-01T07:00:13,2026-09-01T16:47:59.598219+00:00,34.8647,32.945,33.9049,2.830859256331685,2.8311541989505873
standardized,ocbc,SAR,SGD,SAR/SGD,100,"SGD 0 – 39,999.99",tier_1,SGD < 50,std_lt_50,fxRatesSgd,2026-09-01T07:00:13,2026-09-01T07:00:13,2026-09-01T16:47:59.598219+00:00,34.8647,32.945,33.9049,2.830859256331685,2.8311541989505873
standardized,ocbc,SEK,SGD,SEK/SGD,100,"SGD 0 – 39,999.99",tier_1,"SGD 200 – 39,999.99",std_200_40k,fxRatesSgd,2026-09-01T07:00:13,2026-09-01T07:00:13,2026-09-01T16:47:59.598219+00:00,13.516,13.0341,13.2751,1.814675595664062,1.8154288856581091
standardized,ocbc,SEK,SGD,SEK/SGD,100,"SGD 40,000 – 100,000",tier_2,"SGD 40,000 – 100,000",std_40k_100k,fxRatesSgd,2026-09-01T07:00:13,2026-09-01T07:00:13,2026-09-01T16:47:59.598219+00:00,13.4894,13.0606,13.2751,1.6143004572470243,1.6158070372351188
standardized,ocbc,SEK,SGD,SEK/SGD,100,"SGD 0 – 39,999.99",tier_1,SGD 50 – 200,std_50_200,fxRatesSgd,2026-09-01T07:00:13,2026-09-01T07:00:13,2026-09-01T16:47:59.598219+00:00,13.516,13.0341,13.2751,1.814675595664062,1.8154288856581091
standardized,ocbc,SEK,SGD,SEK/SGD,100,"SGD 0 – 39,999.99",tier_1,SGD < 50,std_lt_50,fxRatesSgd,2026-09-01T07:00:13,2026-09-01T07:00:13,2026-09-01T16:47:59.598219+00:00,13.516,13.0341,13.2751,1.814675595664062,1.8154288856581091
standardized,ocbc,THB,SGD,THB/SGD,100,"SGD 0 – 39,999.99",tier_1,"SGD 200 – 39,999.99",std_200_40k,fxRatesSgd,2026-09-01T07:00:13,2026-09-01T07:00:13,2026-09-01T16:47:59.598219+00:00,3.9383,3.7208,3.8296,2.838416544808852,2.8410277835805307
standardized,ocbc,THB,SGD,THB/SGD,100,"SGD 40,000 – 100,000",tier_2,"SGD 40,000 – 100,000",std_40k_100k,fxRatesSgd,2026-09-01T07:00:13,2026-09-01T07:00:13,2026-09-01T16:47:59.598219+00:00,3.9306,3.7285,3.8296,2.637351159390014,2.6399623981616926
standardized,ocbc,THB,SGD,THB/SGD,100,"SGD 0 – 39,999.99",tier_1,SGD 50 – 200,std_50_200,fxRatesSgd,2026-09-01T07:00:13,2026-09-01T07:00:13,2026-09-01T16:47:59.598219+00:00,3.9383,3.7208,3.8296,2.838416544808852,2.8410277835805307
standardized,ocbc,THB,SGD,THB/SGD,100,"SGD 0 – 39,999.99",tier_1,SGD < 50,std_lt_50,fxRatesSgd,2026-09-01T07:00:13,2026-09-01T07:00:13,2026-09-01T16:47:59.598219+00:00,3.9383,3.7208,3.8296,2.838416544808852,2.8410277835805307
standardized,ocbc,TRY,SGD,TRY/SGD,100,"SGD 0 – 39,999.99",tier_1,"SGD 200 – 39,999.99",std_200_40k,fxRatesSgd,2026-09-01T07:00:13,2026-09-01T07:00:13,2026-09-01T16:47:59.598219+00:00,2.709,2.5962,2.6526,2.126215788283194,2.126215788283194
standardized,ocbc,TRY,SGD,TRY/SGD,100,"SGD 40,000 – 100,000",tier_2,"SGD 40,000 – 100,000",std_40k_100k,fxRatesSgd,2026-09-01T07:00:13,2026-09-01T07:00:13,2026-09-01T16:47:59.598219+00:00,2.7077,2.5965,2.6526,2.0772072683404934,2.1149061298348886
standardized,ocbc,TRY,SGD,TRY/SGD,100,"SGD 0 – 39,999.99",tier_1,SGD 50 – 200,std_50_200,fxRatesSgd,2026-09-01T07:00:13,2026-09-01T07:00:13,2026-09-01T16:47:59.598219+00:00,2.709,2.5962,2.6526,2.126215788283194,2.126215788283194
standardized,ocbc,TRY,SGD,TRY/SGD,100,"SGD 0 – 39,999.99",tier_1,SGD < 50,std_lt_50,fxRatesSgd,2026-09-01T07:00:13,2026-09-01T07:00:13,2026-09-01T16:47:59.598219+00:00,2.709,2.5962,2.6526,2.126215788283194,2.126215788283194
standardized,ocbc,TWD,SGD,TWD/SGD,100,"SGD 0 – 39,999.99",tier_1,"SGD 200 – 39,999.99",std_200_40k,fxRatesSgd,2026-09-01T07:00:13,2026-09-01T07:00:13,2026-09-01T16:47:59.598219+00:00,4.1703,0.0,4.1703,0.0,100.0
standardized,ocbc,TWD,SGD,TWD/SGD,100,"SGD 40,000 – 100,000",tier_2,"SGD 40,000 – 100,000",std_40k_100k,fxRatesSgd,2026-09-01T07:00:13,2026-09-01T07:00:13,2026-09-01T16:47:59.598219+00:00,0.0,0.0,4.1703,-100.0,100.0
standardized,ocbc,TWD,SGD,TWD/SGD,100,"SGD 0 – 39,999.99",tier_1,SGD 50 – 200,std_50_200,fxRatesSgd,2026-09-01T07:00:13,2026-09-01T07:00:13,2026-09-01T16:47:59.598219+00:00,4.1703,0.0,4.1703,0.0,100.0
standardized,ocbc,TWD,SGD,TWD/SGD,100,"SGD 0 – 39,999.99",tier_1,SGD < 50,std_lt_50,fxRatesSgd,2026-09-01T07:00:13,2026-09-01T07:00:13,2026-09-01T16:47:59.598219+00:00,4.1703,0.0,4.1703,0.0,100.0
standardized,ocbc,USD,SGD,USD/SGD,1,"SGD 0 – 39,999.99",tier_1,"SGD 200 – 39,999.99",std_200_40k,fxRatesSgd,2026-09-01T07:00:13,2026-09-01T07:00:13,2026-09-01T16:47:59.598219+00:00,1.2855,1.2625,1.274,0.9026687598116222,0.9026687598116222
standardized,ocbc,USD,SGD,USD/SGD,1,"SGD 40,000 – 100,000",tier_2,"SGD 40,000 – 100,000",std_40k_100k,fxRatesSgd,2026-09-01T07:00:13,2026-09-01T07:00:13,2026-09-01T16:47:59.598219+00:00,1.2843,1.2636,1.274,0.8084772370486637,0.8163265306122423
standardized,ocbc,USD,SGD,USD/SGD,1,"SGD 0 – 39,999.99",tier_1,SGD 50 – 200,std_50_200,fxRatesSgd,2026-09-01T07:00:13,2026-09-01T07:00:13,2026-09-01T16:47:59.598219+00:00,1.2855,1.2625,1.274,0.9026687598116222,0.9026687598116222
standardized,ocbc,USD,SGD,USD/SGD,1,"SGD 0 – 39,999.99",tier_1,SGD < 50,std_lt_50,fxRatesSgd,2026-09-01T07:00:13,2026-09-01T07:00:13,2026-09-01T16:47:59.598219+00:00,1.2855,1.2625,1.274,0.9026687598116222,0.9026687598116222
standardized,ocbc,ZAR,SGD,ZAR/SGD,100,"SGD 0 – 39,999.99",tier_1,"SGD 200 – 39,999.99",std_200_40k,fxRatesSgd,2026-09-01T07:00:13,2026-09-01T07:00:13,2026-09-01T16:47:59.598219+00:00,8.1215,7.6455,7.8835,3.018963658273604,3.018963658273604
standardized,ocbc,ZAR,SGD,ZAR/SGD,100,"SGD 40,000 – 100,000",tier_2,"SGD 40,000 – 100,000",std_40k_100k,fxRatesSgd,2026-09-01T07:00:13,2026-09-01T07:00:13,2026-09-01T16:47:59.598219+00:00,8.1176,7.6495,7.8835,2.9694932453859297,2.9682247732606073
standardized,ocbc,ZAR,SGD,ZAR/SGD,100,"SGD 0 – 39,999.99",tier_1,SGD 50 – 200,std_50_200,fxRatesSgd,2026-09-01T07:00:13,2026-09-01T07:00:13,2026-09-01T16:47:59.598219+00:00,8.1215,7.6455,7.8835,3.018963658273604,3.018963658273604
standardized,ocbc,ZAR,SGD,ZAR/SGD,100,"SGD 0 – 39,999.99",tier_1,SGD < 50,std_lt_50,fxRatesSgd,2026-09-01T07:00:13,2026-09-01T07:00:13,2026-09-01T16:47:59.598219+00:00,8.1215,7.6455,7.8835,3.018963658273604,3.018963658273604
standardized,uob,AED,SGD,AED/SGD,100,Indicative board,board,"SGD 200 – 39,999.99",std_200_40k,forex_sgd,01 September 2026 05:31:57 PM,01 September 2026 05:31:57 PM,2026-09-01T16:48:01.456844+00:00,35.52,33.82,34.67,2.451687337755989,2.451687337755989
standardized,uob,AED,SGD,AED/SGD,100,Indicative board,board,"SGD 40,000 – 100,000",std_40k_100k,forex_sgd,01 September 2026 05:31:57 PM,01 September 2026 05:31:57 PM,2026-09-01T16:48:01.456844+00:00,35.52,33.82,34.67,2.451687337755989,2.451687337755989
standardized,uob,AED,SGD,AED/SGD,100,Indicative board,board,SGD 50 – 200,std_50_200,forex_sgd,01 September 2026 05:31:57 PM,01 September 2026 05:31:57 PM,2026-09-01T16:48:01.456844+00:00,35.52,33.82,34.67,2.451687337755989,2.451687337755989
standardized,uob,AED,SGD,AED/SGD,100,Indicative board,board,SGD < 50,std_lt_50,forex_sgd,01 September 2026 05:31:57 PM,01 September 2026 05:31:57 PM,2026-09-01T16:48:01.456844+00:00,35.52,33.82,34.67,2.451687337755989,2.451687337755989
standardized,uob,AOA,SGD,AOA/SGD,100,Indicative board,board,"SGD 200 – 39,999.99",std_200_40k,forex_sgd,01 September 2026 05:31:57 PM,01 September 2026 05:31:57 PM,2026-09-01T16:48:01.456844+00:00,0.143,,,,
standardized,uob,AOA,SGD,AOA/SGD,100,Indicative board,board,"SGD 40,000 – 100,000",std_40k_100k,forex_sgd,01 September 2026 05:31:57 PM,01 September 2026 05:31:57 PM,2026-09-01T16:48:01.456844+00:00,0.143,,,,
standardized,uob,AOA,SGD,AOA/SGD,100,Indicative board,board,SGD 50 – 200,std_50_200,forex_sgd,01 September 2026 05:31:57 PM,01 September 2026 05:31:57 PM,2026-09-01T16:48:01.456844+00:00,0.143,,,,
standardized,uob,AOA,SGD,AOA/SGD,100,Indicative board,board,SGD < 50,std_lt_50,forex_sgd,01 September 2026 05:31:57 PM,01 September 2026 05:31:57 PM,2026-09-01T16:48:01.456844+00:00,0.143,,,,
standardized,uob,AUD,SGD,AUD/SGD,1,Indicative board,board,"SGD 200 – 39,999.99",std_200_40k,forex_sgd,01 September 2026 05:31:57 PM,01 September 2026 05:31:57 PM,2026-09-01T16:48:01.456844+00:00,0.9248,0.8938,0.9093,1.7046079401737555,1.7046079401737555
standardized,uob,AUD,SGD,AUD/SGD,1,Indicative board,board,"SGD 40,000 – 100,000",std_40k_100k,forex_sgd,01 September 2026 05:31:57 PM,01 September 2026 05:31:57 PM,2026-09-01T16:48:01.456844+00:00,0.9248,0.8938,0.9093,1.7046079401737555,1.7046079401737555
standardized,uob,AUD,SGD,AUD/SGD,1,Indicative board,board,SGD 50 – 200,std_50_200,forex_sgd,01 September 2026 05:31:57 PM,01 September 2026 05:31:57 PM,2026-09-01T16:48:01.456844+00:00,0.9248,0.8938,0.9093,1.7046079401737555,1.7046079401737555
standardized,uob,AUD,SGD,AUD/SGD,1,Indicative board,board,SGD < 50,std_lt_50,forex_sgd,01 September 2026 05:31:57 PM,01 September 2026 05:31:57 PM,2026-09-01T16:48:01.456844+00:00,0.9248,0.8938,0.9093,1.7046079401737555,1.7046079401737555
standardized,uob,BDT,SGD,BDT/SGD,100,Indicative board,board,"SGD 200 – 39,999.99",std_200_40k,forex_sgd,01 September 2026 05:31:57 PM,01 September 2026 05:31:57 PM,2026-09-01T16:48:01.456844+00:00,1.0628,,,,
standardized,uob,BDT,SGD,BDT/SGD,100,Indicative board,board,"SGD 40,000 – 100,000",std_40k_100k,forex_sgd,01 September 2026 05:31:57 PM,01 September 2026 05:31:57 PM,2026-09-01T16:48:01.456844+00:00,1.0628,,,,
standardized,uob,BDT,SGD,BDT/SGD,100,Indicative board,board,SGD 50 – 200,std_50_200,forex_sgd,01 September 2026 05:31:57 PM,01 September 2026 05:31:57 PM,2026-09-01T16:48:01.456844+00:00,1.0628,,,,
standardized,uob,BDT,SGD,BDT/SGD,100,Indicative board,board,SGD < 50,std_lt_50,forex_sgd,01 September 2026 05:31:57 PM,01 September 2026 05:31:57 PM,2026-09-01T16:48:01.456844+00:00,1.0628,,,,
standardized,uob,BND,SGD,BND/SGD,1,Indicative board,board,"SGD 200 – 39,999.99",std_200_40k,forex_sgd,01 September 2026 05:31:57 PM,01 September 2026 05:31:57 PM,2026-09-01T16:48:01.456844+00:00,1.0,1.0,1.0,0.0,0.0
standardized,uob,BND,SGD,BND/SGD,1,Indicative board,board,"SGD 40,000 – 100,000",std_40k_100k,forex_sgd,01 September 2026 05:31:57 PM,01 September 2026 05:31:57 PM,2026-09-01T16:48:01.456844+00:00,1.0,1.0,1.0,0.0,0.0
standardized,uob,BND,SGD,BND/SGD,1,Indicative board,board,SGD 50 – 200,std_50_200,forex_sgd,01 September 2026 05:31:57 PM,01 September 2026 05:31:57 PM,2026-09-01T16:48:01.456844+00:00,1.0,1.0,1.0,0.0,0.0
standardized,uob,BND,SGD,BND/SGD,1,Indicative board,board,SGD < 50,std_lt_50,forex_sgd,01 September 2026 05:31:57 PM,01 September 2026 05:31:57 PM,2026-09-01T16:48:01.456844+00:00,1.0,1.0,1.0,0.0,0.0
standardized,uob,CAD,SGD,CAD/SGD,1,Indicative board,board,"SGD 200 – 39,999.99",std_200_40k,forex_sgd,01 September 2026 05:31:57 PM,01 September 2026 05:31:57 PM,2026-09-01T16:48:01.456844+00:00,0.928,0.908,0.918,1.0893246187363843,1.0893246187363843
standardized,uob,CAD,SGD,CAD/SGD,1,Indicative board,board,"SGD 40,000 – 100,000",std_40k_100k,forex_sgd,01 September 2026 05:31:57 PM,01 September 2026 05:31:57 PM,2026-09-01T16:48:01.456844+00:00,0.928,0.908,0.918,1.0893246187363843,1.0893246187363843
standardized,uob,CAD,SGD,CAD/SGD,1,Indicative board,board,SGD 50 – 200,std_50_200,forex_sgd,01 September 2026 05:31:57 PM,01 September 2026 05:31:57 PM,2026-09-01T16:48:01.456844+00:00,0.928,0.908,0.918,1.0893246187363843,1.0893246187363843
standardized,uob,CAD,SGD,CAD/SGD,1,Indicative board,board,SGD < 50,std_lt_50,forex_sgd,01 September 2026 05:31:57 PM,01 September 2026 05:31:57 PM,2026-09-01T16:48:01.456844+00:00,0.928,0.908,0.918,1.0893246187363843,1.0893246187363843
standardized,uob,CHF,SGD,CHF/SGD,100,Indicative board,board,"SGD 200 – 39,999.99",std_200_40k,forex_sgd,01 September 2026 05:31:57 PM,01 September 2026 05:31:57 PM,2026-09-01T16:48:01.456844+00:00,158.89,155.59,157.24,1.049351310099197,1.049351310099215
standardized,uob,CHF,SGD,CHF/SGD,100,Indicative board,board,"SGD 40,000 – 100,000",std_40k_100k,forex_sgd,01 September 2026 05:31:57 PM,01 September 2026 05:31:57 PM,2026-09-01T16:48:01.456844+00:00,158.89,155.59,157.24,1.049351310099197,1.049351310099215
standardized,uob,CHF,SGD,CHF/SGD,100,Indicative board,board,SGD 50 – 200,std_50_200,forex_sgd,01 September 2026 05:31:57 PM,01 September 2026 05:31:57 PM,2026-09-01T16:48:01.456844+00:00,158.89,155.59,157.24,1.049351310099197,1.049351310099215
standardized,uob,CHF,SGD,CHF/SGD,100,Indicative board,board,SGD < 50,std_lt_50,forex_sgd,01 September 2026 05:31:57 PM,01 September 2026 05:31:57 PM,2026-09-01T16:48:01.456844+00:00,158.89,155.59,157.24,1.049351310099197,1.049351310099215
standardized,uob,CNH,SGD,CNH/SGD,100,Indicative board,board,"SGD 200 – 39,999.99",std_200_40k,forex_sgd,01 September 2026 05:31:57 PM,01 September 2026 05:31:57 PM,2026-09-01T16:48:01.456844+00:00,19.17,18.71,18.94,1.214361140443508,1.214361140443508
standardized,uob,CNH,SGD,CNH/SGD,100,Indicative board,board,"SGD 40,000 – 100,000",std_40k_100k,forex_sgd,01 September 2026 05:31:57 PM,01 September 2026 05:31:57 PM,2026-09-01T16:48:01.456844+00:00,19.17,18.71,18.94,1.214361140443508,1.214361140443508
standardized,uob,CNH,SGD,CNH/SGD,100,Indicative board,board,SGD 50 – 200,std_50_200,forex_sgd,01 September 2026 05:31:57 PM,01 September 2026 05:31:57 PM,2026-09-01T16:48:01.456844+00:00,19.17,18.71,18.94,1.214361140443508,1.214361140443508
standardized,uob,CNH,SGD,CNH/SGD,100,Indicative board,board,SGD < 50,std_lt_50,forex_sgd,01 September 2026 05:31:57 PM,01 September 2026 05:31:57 PM,2026-09-01T16:48:01.456844+00:00,19.17,18.71,18.94,1.214361140443508,1.214361140443508
standardized,uob,DKK,SGD,DKK/SGD,100,Indicative board,board,"SGD 200 – 39,999.99",std_200_40k,forex_sgd,01 September 2026 05:31:57 PM,01 September 2026 05:31:57 PM,2026-09-01T16:48:01.456844+00:00,20.1,19.4,19.75,1.7721518987341847,1.7721518987341847
standardized,uob,DKK,SGD,DKK/SGD,100,Indicative board,board,"SGD 40,000 – 100,000",std_40k_100k,forex_sgd,01 September 2026 05:31:57 PM,01 September 2026 05:31:57 PM,2026-09-01T16:48:01.456844+00:00,20.1,19.4,19.75,1.7721518987341847,1.7721518987341847
standardized,uob,DKK,SGD,DKK/SGD,100,Indicative board,board,SGD 50 – 200,std_50_200,forex_sgd,01 September 2026 05:31:57 PM,01 September 2026 05:31:57 PM,2026-09-01T16:48:01.456844+00:00,20.1,19.4,19.75,1.7721518987341847,1.7721518987341847
standardized,uob,DKK,SGD,DKK/SGD,100,Indicative board,board,SGD < 50,std_lt_50,forex_sgd,01 September 2026 05:31:57 PM,01 September 2026 05:31:57 PM,2026-09-01T16:48:01.456844+00:00,20.1,19.4,19.75,1.7721518987341847,1.7721518987341847
standardized,uob,EGP,SGD,EGP/SGD,100,Indicative board,board,"SGD 200 – 39,999.99",std_200_40k,forex_sgd,01 September 2026 05:31:57 PM,01 September 2026 05:31:57 PM,2026-09-01T16:48:01.456844+00:00,2.5709,,,,
standardized,uob,EGP,SGD,EGP/SGD,100,Indicative board,board,"SGD 40,000 – 100,000",std_40k_100k,forex_sgd,01 September 2026 05:31:57 PM,01 September 2026 05:31:57 PM,2026-09-01T16:48:01.456844+00:00,2.5709,,,,
standardized,uob,EGP,SGD,EGP/SGD,100,Indicative board,board,SGD 50 – 200,std_50_200,forex_sgd,01 September 2026 05:31:57 PM,01 September 2026 05:31:57 PM,2026-09-01T16:48:01.456844+00:00,2.5709,,,,
standardized,uob,EGP,SGD,EGP/SGD,100,Indicative board,board,SGD < 50,std_lt_50,forex_sgd,01 September 2026 05:31:57 PM,01 September 2026 05:31:57 PM,2026-09-01T16:48:01.456844+00:00,2.5709,,,,
standardized,uob,EUR,SGD,EUR/SGD,1,Indicative board,board,"SGD 200 – 39,999.99",std_200_40k,forex_sgd,01 September 2026 05:31:57 PM,01 September 2026 05:31:57 PM,2026-09-01T16:48:01.456844+00:00,1.4955,1.4575,1.4765000000000001,1.2868269556383274,1.2868269556383423
standardized,uob,EUR,SGD,EUR/SGD,1,Indicative board,board,"SGD 40,000 – 100,000",std_40k_100k,forex_sgd,01 September 2026 05:31:57 PM,01 September 2026 05:31:57 PM,2026-09-01T16:48:01.456844+00:00,1.4955,1.4575,1.4765000000000001,1.2868269556383274,1.2868269556383423
standardized,uob,EUR,SGD,EUR/SGD,1,Indicative board,board,SGD 50 – 200,std_50_200,forex_sgd,01 September 2026 05:31:57 PM,01 September 2026 05:31:57 PM,2026-09-01T16:48:01.456844+00:00,1.4955,1.4575,1.4765000000000001,1.2868269556383274,1.2868269556383423
standardized,uob,EUR,SGD,EUR/SGD,1,Indicative board,board,SGD < 50,std_lt_50,forex_sgd,01 September 2026 05:31:57 PM,01 September 2026 05:31:57 PM,2026-09-01T16:48:01.456844+00:00,1.4955,1.4575,1.4765000000000001,1.2868269556383274,1.2868269556383423
standardized,uob,GBP,SGD,GBP/SGD,1,Indicative board,board,"SGD 200 – 39,999.99",std_200_40k,forex_sgd,01 September 2026 05:31:57 PM,01 September 2026 05:31:57 PM,2026-09-01T16:48:01.456844+00:00,1.7471,1.7021,1.7246000000000001,1.3046503537052048,1.3046503537052179
standardized,uob,GBP,SGD,GBP/SGD,1,Indicative board,board,"SGD 40,000 – 100,000",std_40k_100k,forex_sgd,01 September 2026 05:31:57 PM,01 September 2026 05:31:57 PM,2026-09-01T16:48:01.456844+00:00,1.7471,1.7021,1.7246000000000001,1.3046503537052048,1.3046503537052179
standardized,uob,GBP,SGD,GBP/SGD,1,Indicative board,board,SGD 50 – 200,std_50_200,forex_sgd,01 September 2026 05:31:57 PM,01 September 2026 05:31:57 PM,2026-09-01T16:48:01.456844+00:00,1.7471,1.7021,1.7246000000000001,1.3046503537052048,1.3046503537052179
standardized,uob,GBP,SGD,GBP/SGD,1,Indicative board,board,SGD < 50,std_lt_50,forex_sgd,01 September 2026 05:31:57 PM,01 September 2026 05:31:57 PM,2026-09-01T16:48:01.456844+00:00,1.7471,1.7021,1.7246000000000001,1.3046503537052048,1.3046503537052179
standardized,uob,HKD,SGD,HKD/SGD,100,Indicative board,board,"SGD 200 – 39,999.99",std_200_40k,forex_sgd,01 September 2026 05:31:57 PM,01 September 2026 05:31:57 PM,2026-09-01T16:48:01.456844+00:00,16.419,16.061,16.240000000000002,1.1022167487684635,1.1022167487684853
standardized,uob,HKD,SGD,HKD/SGD,100,Indicative board,board,"SGD 40,000 – 100,000",std_40k_100k,forex_sgd,01 September 2026 05:31:57 PM,01 September 2026 05:31:57 PM,2026-09-01T16:48:01.456844+00:00,16.419,16.061,16.240000000000002,1.1022167487684635,1.1022167487684853
standardized,uob,HKD,SGD,HKD/SGD,100,Indicative board,board,SGD 50 – 200,std_50_200,forex_sgd,01 September 2026 05:31:57 PM,01 September 2026 05:31:57 PM,2026-09-01T16:48:01.456844+00:00,16.419,16.061,16.240000000000002,1.1022167487684635,1.1022167487684853
standardized,uob,HKD,SGD,HKD/SGD,100,Indicative board,board,SGD < 50,std_lt_50,forex_sgd,01 September 2026 05:31:57 PM,01 September 2026 05:31:57 PM,2026-09-01T16:48:01.456844+00:00,16.419,16.061,16.240000000000002,1.1022167487684635,1.1022167487684853
standardized,uob,INR,SGD,INR/SGD,100,Indicative board,board,"SGD 200 – 39,999.99",std_200_40k,forex_sgd,01 September 2026 05:31:57 PM,01 September 2026 05:31:57 PM,2026-09-01T16:48:01.456844+00:00,1.3782,,,,
standardized,uob,INR,SGD,INR/SGD,100,Indicative board,board,"SGD 40,000 – 100,000",std_40k_100k,forex_sgd,01 September 2026 05:31:57 PM,01 September 2026 05:31:57 PM,2026-09-01T16:48:01.456844+00:00,1.3782,,,,
standardized,uob,INR,SGD,INR/SGD,100,Indicative board,board,SGD 50 – 200,std_50_200,forex_sgd,01 September 2026 05:31:57 PM,01 September 2026 05:31:57 PM,2026-09-01T16:48:01.456844+00:00,1.3782,,,,
standardized,uob,INR,SGD,INR/SGD,100,Indicative board,board,SGD < 50,std_lt_50,forex_sgd,01 September 2026 05:31:57 PM,01 September 2026 05:31:57 PM,2026-09-01T16:48:01.456844+00:00,1.3782,,,,
standardized,uob,JPY,SGD,JPY/SGD,100,Indicative board,board,"SGD 200 – 39,999.99",std_200_40k,forex_sgd,01 September 2026 05:31:57 PM,01 September 2026 05:31:57 PM,2026-09-01T16:48:01.456844+00:00,0.8132,0.7792,0.7962,2.135141924139665,2.135141924139665
standardized,uob,JPY,SGD,JPY/SGD,100,Indicative board,board,"SGD 40,000 – 100,000",std_40k_100k,forex_sgd,01 September 2026 05:31:57 PM,01 September 2026 05:31:57 PM,2026-09-01T16:48:01.456844+00:00,0.8132,0.7792,0.7962,2.135141924139665,2.135141924139665
standardized,uob,JPY,SGD,JPY/SGD,100,Indicative board,board,SGD 50 – 200,std_50_200,forex_sgd,01 September 2026 05:31:57 PM,01 September 2026 05:31:57 PM,2026-09-01T16:48:01.456844+00:00,0.8132,0.7792,0.7962,2.135141924139665,2.135141924139665
standardized,uob,JPY,SGD,JPY/SGD,100,Indicative board,board,SGD < 50,std_lt_50,forex_sgd,01 September 2026 05:31:57 PM,01 September 2026 05:31:57 PM,2026-09-01T16:48:01.456844+00:00,0.8132,0.7792,0.7962,2.135141924139665,2.135141924139665
standardized,uob,KRW,SGD,KRW/SGD,1000,Indicative board,board,"SGD 200 – 39,999.99",std_200_40k,forex_sgd,01 September 2026 05:31:57 PM,01 September 2026 05:31:57 PM,2026-09-01T16:48:01.456844+00:00,0.943,,,,
standardized,uob,KRW,SGD,KRW/SGD,1000,Indicative board,board,"SGD 40,000 – 100,000",std_40k_100k,forex_sgd,01 September 2026 05:31:57 PM,01 September 2026 05:31:57 PM,2026-09-01T16:48:01.456844+00:00,0.943,,,,
standardized,uob,KRW,SGD,KRW/SGD,1000,Indicative board,board,SGD 50 – 200,std_50_200,forex_sgd,01 September 2026 05:31:57 PM,01 September 2026 05:31:57 PM,2026-09-01T16:48:01.456844+00:00,0.943,,,,
standardized,uob,KRW,SGD,KRW/SGD,1000,Indicative board,board,SGD < 50,std_lt_50,forex_sgd,01 September 2026 05:31:57 PM,01 September 2026 05:31:57 PM,2026-09-01T16:48:01.456844+00:00,0.943,,,,
standardized,uob,KWD,SGD,KWD/SGD,1,Indicative board,board,"SGD 200 – 39,999.99",std_200_40k,forex_sgd,01 September 2026 05:31:57 PM,01 September 2026 05:31:57 PM,2026-09-01T16:48:01.456844+00:00,4.1777,,,,
standardized,uob,KWD,SGD,KWD/SGD,1,Indicative board,board,"SGD 40,000 – 100,000",std_40k_100k,forex_sgd,01 September 2026 05:31:57 PM,01 September 2026 05:31:57 PM,2026-09-01T16:48:01.456844+00:00,4.1777,,,,
standardized,uob,KWD,SGD,KWD/SGD,1,Indicative board,board,SGD 50 – 200,std_50_200,forex_sgd,01 September 2026 05:31:57 PM,01 September 2026 05:31:57 PM,2026-09-01T16:48:01.456844+00:00,4.1777,,,,
standardized,uob,KWD,SGD,KWD/SGD,1,Indicative board,board,SGD < 50,std_lt_50,forex_sgd,01 September 2026 05:31:57 PM,01 September 2026 05:31:57 PM,2026-09-01T16:48:01.456844+00:00,4.1777,,,,
standardized,uob,LKR,SGD,LKR/SGD,100,Indicative board,board,"SGD 200 – 39,999.99",std_200_40k,forex_sgd,01 September 2026 05:31:57 PM,01 September 2026 05:31:57 PM,2026-09-01T16:48:01.456844+00:00,0.3939,,,,
standardized,uob,LKR,SGD,LKR/SGD,100,Indicative board,board,"SGD 40,000 – 100,000",std_40k_100k,forex_sgd,01 September 2026 05:31:57 PM,01 September 2026 05:31:57 PM,2026-09-01T16:48:01.456844+00:00,0.3939,,,,
standardized,uob,LKR,SGD,LKR/SGD,100,Indicative board,board,SGD 50 – 200,std_50_200,forex_sgd,01 September 2026 05:31:57 PM,01 September 2026 05:31:57 PM,2026-09-01T16:48:01.456844+00:00,0.3939,,,,
standardized,uob,LKR,SGD,LKR/SGD,100,Indicative board,board,SGD < 50,std_lt_50,forex_sgd,01 September 2026 05:31:57 PM,01 September 2026 05:31:57 PM,2026-09-01T16:48:01.456844+00:00,0.3939,,,,
standardized,uob,MXN,SGD,MXN/SGD,100,Indicative board,board,"SGD 200 – 39,999.99",std_200_40k,forex_sgd,01 September 2026 05:31:57 PM,01 September 2026 05:31:57 PM,2026-09-01T16:48:01.456844+00:00,7.5538,,,,
standardized,uob,MXN,SGD,MXN/SGD,100,Indicative board,board,"SGD 40,000 – 100,000",std_40k_100k,forex_sgd,01 September 2026 05:31:57 PM,01 September 2026 05:31:57 PM,2026-09-01T16:48:01.456844+00:00,7.5538,,,,
standardized,uob,MXN,SGD,MXN/SGD,100,Indicative board,board,SGD 50 – 200,std_50_200,forex_sgd,01 September 2026 05:31:57 PM,01 September 2026 05:31:57 PM,2026-09-01T16:48:01.456844+00:00,7.5538,,,,
standardized,uob,MXN,SGD,MXN/SGD,100,Indicative board,board,SGD < 50,std_lt_50,forex_sgd,01 September 2026 05:31:57 PM,01 September 2026 05:31:57 PM,2026-09-01T16:48:01.456844+00:00,7.5538,,,,
standardized,uob,MYR,SGD,MYR/SGD,100,Indicative board,board,"SGD 200 – 39,999.99",std_200_40k,forex_sgd,01 September 2026 05:31:57 PM,01 September 2026 05:31:57 PM,2026-09-01T16:48:01.456844+00:00,31.9693,,,,
standardized,uob,MYR,SGD,MYR/SGD,100,Indicative board,board,"SGD 40,000 – 100,000",std_40k_100k,forex_sgd,01 September 2026 05:31:57 PM,01 September 2026 05:31:57 PM,2026-09-01T16:48:01.456844+00:00,31.9693,,,,
standardized,uob,MYR,SGD,MYR/SGD,100,Indicative board,board,SGD 50 – 200,std_50_200,forex_sgd,01 September 2026 05:31:57 PM,01 September 2026 05:31:57 PM,2026-09-01T16:48:01.456844+00:00,31.9693,,,,
standardized,uob,MYR,SGD,MYR/SGD,100,Indicative board,board,SGD < 50,std_lt_50,forex_sgd,01 September 2026 05:31:57 PM,01 September 2026 05:31:57 PM,2026-09-01T16:48:01.456844+00:00,31.9693,,,,
standardized,uob,NOK,SGD,NOK/SGD,100,Indicative board,board,"SGD 200 – 39,999.99",std_200_40k,forex_sgd,01 September 2026 05:31:57 PM,01 September 2026 05:31:57 PM,2026-09-01T16:48:01.456844+00:00,13.87,13.43,13.649999999999999,1.6117216117216164,1.6117216117216036
standardized,uob,NOK,SGD,NOK/SGD,100,Indicative board,board,"SGD 40,000 – 100,000",std_40k_100k,forex_sgd,01 September 2026 05:31:57 PM,01 September 2026 05:31:57 PM,2026-09-01T16:48:01.456844+00:00,13.87,13.43,13.649999999999999,1.6117216117216164,1.6117216117216036
standardized,uob,NOK,SGD,NOK/SGD,100,Indicative board,board,SGD 50 – 200,std_50_200,forex_sgd,01 September 2026 05:31:57 PM,01 September 2026 05:31:57 PM,2026-09-01T16:48:01.456844+00:00,13.87,13.43,13.649999999999999,1.6117216117216164,1.6117216117216036
standardized,uob,NOK,SGD,NOK/SGD,100,Indicative board,board,SGD < 50,std_lt_50,forex_sgd,01 September 2026 05:31:57 PM,01 September 2026 05:31:57 PM,2026-09-01T16:48:01.456844+00:00,13.87,13.43,13.649999999999999,1.6117216117216164,1.6117216117216036
standardized,uob,NZD,SGD,NZD/SGD,1,Indicative board,board,"SGD 200 – 39,999.99",std_200_40k,forex_sgd,01 September 2026 05:31:57 PM,01 September 2026 05:31:57 PM,2026-09-01T16:48:01.456844+00:00,0.7606,0.7406,0.7506,1.3322675193178801,1.3322675193178801
standardized,uob,NZD,SGD,NZD/SGD,1,Indicative board,board,"SGD 40,000 – 100,000",std_40k_100k,forex_sgd,01 September 2026 05:31:57 PM,01 September 2026 05:31:57 PM,2026-09-01T16:48:01.456844+00:00,0.7606,0.7406,0.7506,1.3322675193178801,1.3322675193178801
standardized,uob,NZD,SGD,NZD/SGD,1,Indicative board,board,SGD 50 – 200,std_50_200,forex_sgd,01 September 2026 05:31:57 PM,01 September 2026 05:31:57 PM,2026-09-01T16:48:01.456844+00:00,0.7606,0.7406,0.7506,1.3322675193178801,1.3322675193178801
standardized,uob,NZD,SGD,NZD/SGD,1,Indicative board,board,SGD < 50,std_lt_50,forex_sgd,01 September 2026 05:31:57 PM,01 September 2026 05:31:57 PM,2026-09-01T16:48:01.456844+00:00,0.7606,0.7406,0.7506,1.3322675193178801,1.3322675193178801
standardized,uob,PHP,SGD,PHP/SGD,100,Indicative board,board,"SGD 200 – 39,999.99",std_200_40k,forex_sgd,01 September 2026 05:31:57 PM,01 September 2026 05:31:57 PM,2026-09-01T16:48:01.456844+00:00,2.0859,,,,
standardized,uob,PHP,SGD,PHP/SGD,100,Indicative board,board,"SGD 40,000 – 100,000",std_40k_100k,forex_sgd,01 September 2026 05:31:57 PM,01 September 2026 05:31:57 PM,2026-09-01T16:48:01.456844+00:00,2.0859,,,,
standardized,uob,PHP,SGD,PHP/SGD,100,Indicative board,board,SGD 50 – 200,std_50_200,forex_sgd,01 September 2026 05:31:57 PM,01 September 2026 05:31:57 PM,2026-09-01T16:48:01.456844+00:00,2.0859,,,,
standardized,uob,PHP,SGD,PHP/SGD,100,Indicative board,board,SGD < 50,std_lt_50,forex_sgd,01 September 2026 05:31:57 PM,01 September 2026 05:31:57 PM,2026-09-01T16:48:01.456844+00:00,2.0859,,,,
standardized,uob,PKR,SGD,PKR/SGD,100,Indicative board,board,"SGD 200 – 39,999.99",std_200_40k,forex_sgd,01 September 2026 05:31:57 PM,01 September 2026 05:31:57 PM,2026-09-01T16:48:01.456844+00:00,0.4646,,,,
standardized,uob,PKR,SGD,PKR/SGD,100,Indicative board,board,"SGD 40,000 – 100,000",std_40k_100k,forex_sgd,01 September 2026 05:31:57 PM,01 September 2026 05:31:57 PM,2026-09-01T16:48:01.456844+00:00,0.4646,,,,
standardized,uob,PKR,SGD,PKR/SGD,100,Indicative board,board,SGD 50 – 200,std_50_200,forex_sgd,01 September 2026 05:31:57 PM,01 September 2026 05:31:57 PM,2026-09-01T16:48:01.456844+00:00,0.4646,,,,
standardized,uob,PKR,SGD,PKR/SGD,100,Indicative board,board,SGD < 50,std_lt_50,forex_sgd,01 September 2026 05:31:57 PM,01 September 2026 05:31:57 PM,2026-09-01T16:48:01.456844+00:00,0.4646,,,,
standardized,uob,SAR,SGD,SAR/SGD,100,Indicative board,board,"SGD 200 – 39,999.99",std_200_40k,forex_sgd,01 September 2026 05:31:57 PM,01 September 2026 05:31:57 PM,2026-09-01T16:48:01.456844+00:00,,,,,
standardized,uob,SAR,SGD,SAR/SGD,100,Indicative board,board,"SGD 40,000 – 100,000",std_40k_100k,forex_sgd,01 September 2026 05:31:57 PM,01 September 2026 05:31:57 PM,2026-09-01T16:48:01.456844+00:00,,,,,
standardized,uob,SAR,SGD,SAR/SGD,100,Indicative board,board,SGD 50 – 200,std_50_200,forex_sgd,01 September 2026 05:31:57 PM,01 September 2026 05:31:57 PM,2026-09-01T16:48:01.456844+00:00,,,,,
standardized,uob,SAR,SGD,SAR/SGD,100,Indicative board,board,SGD < 50,std_lt_50,forex_sgd,01 September 2026 05:31:57 PM,01 September 2026 05:31:57 PM,2026-09-01T16:48:01.456844+00:00,,,,,
standardized,uob,SEK,SGD,SEK/SGD,100,Indicative board,board,"SGD 200 – 39,999.99",std_200_40k,forex_sgd,01 September 2026 05:31:57 PM,01 September 2026 05:31:57 PM,2026-09-01T16:48:01.456844+00:00,13.51,13.03,13.27,1.8085908063300695,1.8085908063300695
standardized,uob,SEK,SGD,SEK/SGD,100,Indicative board,board,"SGD 40,000 – 100,000",std_40k_100k,forex_sgd,01 September 2026 05:31:57 PM,01 September 2026 05:31:57 PM,2026-09-01T16:48:01.456844+00:00,13.51,13.03,13.27,1.8085908063300695,1.8085908063300695
standardized,uob,SEK,SGD,SEK/SGD,100,Indicative board,board,SGD 50 – 200,std_50_200,forex_sgd,01 September 2026 05:31:57 PM,01 September 2026 05:31:57 PM,2026-09-01T16:48:01.456844+00:00,13.51,13.03,13.27,1.8085908063300695,1.8085908063300695
standardized,uob,SEK,SGD,SEK/SGD,100,Indicative board,board,SGD < 50,std_lt_50,forex_sgd,01 September 2026 05:31:57 PM,01 September 2026 05:31:57 PM,2026-09-01T16:48:01.456844+00:00,13.51,13.03,13.27,1.8085908063300695,1.8085908063300695
standardized,uob,THB,SGD,THB/SGD,100,Indicative board,board,"SGD 200 – 39,999.99",std_200_40k,forex_sgd,01 September 2026 05:31:57 PM,01 September 2026 05:31:57 PM,2026-09-01T16:48:01.456844+00:00,3.93,3.73,3.83,2.6109660574412556,2.6109660574412556
standardized,uob,THB,SGD,THB/SGD,100,Indicative board,board,"SGD 40,000 – 100,000",std_40k_100k,forex_sgd,01 September 2026 05:31:57 PM,01 September 2026 05:31:57 PM,2026-09-01T16:48:01.456844+00:00,3.93,3.73,3.83,2.6109660574412556,2.6109660574412556
standardized,uob,THB,SGD,THB/SGD,100,Indicative board,board,SGD 50 – 200,std_50_200,forex_sgd,01 September 2026 05:31:57 PM,01 September 2026 05:31:57 PM,2026-09-01T16:48:01.456844+00:00,3.93,3.73,3.83,2.6109660574412556,2.6109660574412556
standardized,uob,THB,SGD,THB/SGD,100,Indicative board,board,SGD < 50,std_lt_50,forex_sgd,01 September 2026 05:31:57 PM,01 September 2026 05:31:57 PM,2026-09-01T16:48:01.456844+00:00,3.93,3.73,3.83,2.6109660574412556,2.6109660574412556
standardized,uob,TWD,SGD,TWD/SGD,100,Indicative board,board,"SGD 200 – 39,999.99",std_200_40k,forex_sgd,01 September 2026 05:31:57 PM,01 September 2026 05:31:57 PM,2026-09-01T16:48:01.456844+00:00,4.1077,,,,
standardized,uob,TWD,SGD,TWD/SGD,100,Indicative board,board,"SGD 40,000 – 100,000",std_40k_100k,forex_sgd,01 September 2026 05:31:57 PM,01 September 2026 05:31:57 PM,2026-09-01T16:48:01.456844+00:00,4.1077,,,,
standardized,uob,TWD,SGD,TWD/SGD,100,Indicative board,board,SGD 50 – 200,std_50_200,forex_sgd,01 September 2026 05:31:57 PM,01 September 2026 05:31:57 PM,2026-09-01T16:48:01.456844+00:00,4.1077,,,,
standardized,uob,TWD,SGD,TWD/SGD,100,Indicative board,board,SGD < 50,std_lt_50,forex_sgd,01 September 2026 05:31:57 PM,01 September 2026 05:31:57 PM,2026-09-01T16:48:01.456844+00:00,4.1077,,,,
standardized,uob,USD,SGD,USD/SGD,1,Indicative board,board,"SGD 200 – 39,999.99",std_200_40k,forex_sgd,01 September 2026 05:31:57 PM,01 September 2026 05:31:57 PM,2026-09-01T16:48:01.456844+00:00,1.2853,1.2613,1.2733,0.94243304798555,0.94243304798555
standardized,uob,USD,SGD,USD/SGD,1,Indicative board,board,"SGD 40,000 – 100,000",std_40k_100k,forex_sgd,01 September 2026 05:31:57 PM,01 September 2026 05:31:57 PM,2026-09-01T16:48:01.456844+00:00,1.2853,1.2613,1.2733,0.94243304798555,0.94243304798555
standardized,uob,USD,SGD,USD/SGD,1,Indicative board,board,SGD 50 – 200,std_50_200,forex_sgd,01 September 2026 05:31:57 PM,01 September 2026 05:31:57 PM,2026-09-01T16:48:01.456844+00:00,1.2853,1.2613,1.2733,0.94243304798555,0.94243304798555
standardized,uob,USD,SGD,USD/SGD,1,Indicative board,board,SGD < 50,std_lt_50,forex_sgd,01 September 2026 05:31:57 PM,01 September 2026 05:31:57 PM,2026-09-01T16:48:01.456844+00:00,1.2853,1.2613,1.2733,0.94243304798555,0.94243304798555
standardized,uob,VND,SGD,VND/SGD,1000,Indicative board,board,"SGD 200 – 39,999.99",std_200_40k,forex_sgd,01 September 2026 05:31:57 PM,01 September 2026 05:31:57 PM,2026-09-01T16:48:01.456844+00:00,,,,,
standardized,uob,VND,SGD,VND/SGD,1000,Indicative board,board,"SGD 40,000 – 100,000",std_40k_100k,forex_sgd,01 September 2026 05:31:57 PM,01 September 2026 05:31:57 PM,2026-09-01T16:48:01.456844+00:00,,,,,
standardized,uob,VND,SGD,VND/SGD,1000,Indicative board,board,SGD 50 – 200,std_50_200,forex_sgd,01 September 2026 05:31:57 PM,01 September 2026 05:31:57 PM,2026-09-01T16:48:01.456844+00:00,,,,,
standardized,uob,VND,SGD,VND/SGD,1000,Indicative board,board,SGD < 50,std_lt_50,forex_sgd,01 September 2026 05:31:57 PM,01 September 2026 05:31:57 PM,2026-09-01T16:48:01.456844+00:00,,,,,
standardized,uob,XAF,SGD,XAF/SGD,100,Indicative board,board,"SGD 200 – 39,999.99",std_200_40k,forex_sgd,01 September 2026 05:31:57 PM,01 September 2026 05:31:57 PM,2026-09-01T16:48:01.456844+00:00,0.2312,,,,
standardized,uob,XAF,SGD,XAF/SGD,100,Indicative board,board,"SGD 40,000 – 100,000",std_40k_100k,forex_sgd,01 September 2026 05:31:57 PM,01 September 2026 05:31:57 PM,2026-09-01T16:48:01.456844+00:00,0.2312,,,,
standardized,uob,XAF,SGD,XAF/SGD,100,Indicative board,board,SGD 50 – 200,std_50_200,forex_sgd,01 September 2026 05:31:57 PM,01 September 2026 05:31:57 PM,2026-09-01T16:48:01.456844+00:00,0.2312,,,,
standardized,uob,XAF,SGD,XAF/SGD,100,Indicative board,board,SGD < 50,std_lt_50,forex_sgd,01 September 2026 05:31:57 PM,01 September 2026 05:31:57 PM,2026-09-01T16:48:01.456844+00:00,0.2312,,,,
standardized,uob,XOF,SGD,XOF/SGD,100,Indicative board,board,"SGD 200 – 39,999.99",std_200_40k,forex_sgd,01 September 2026 05:31:57 PM,01 September 2026 05:31:57 PM,2026-09-01T16:48:01.456844+00:00,0.2321,,,,
standardized,uob,XOF,SGD,XOF/SGD,100,Indicative board,board,"SGD 40,000 – 100,000",std_40k_100k,forex_sgd,01 September 2026 05:31:57 PM,01 September 2026 05:31:57 PM,2026-09-01T16:48:01.456844+00:00,0.2321,,,,
standardized,uob,XOF,SGD,XOF/SGD,100,Indicative board,board,SGD 50 – 200,std_50_200,forex_sgd,01 September 2026 05:31:57 PM,01 September 2026 05:31:57 PM,2026-09-01T16:48:01.456844+00:00,0.2321,,,,
standardized,uob,XOF,SGD,XOF/SGD,100,Indicative board,board,SGD < 50,std_lt_50,forex_sgd,01 September 2026 05:31:57 PM,01 September 2026 05:31:57 PM,2026-09-01T16:48:01.456844+00:00,0.2321,,,,
standardized,uob,ZAR,SGD,ZAR/SGD,1,Indicative board,board,"SGD 200 – 39,999.99",std_200_40k,forex_sgd,01 September 2026 05:31:57 PM,01 September 2026 05:31:57 PM,2026-09-01T16:48:01.456844+00:00,0.0807,0.0767,0.07869999999999999,2.5412960609911077,2.5412960609910904
standardized,uob,ZAR,SGD,ZAR/SGD,1,Indicative board,board,"SGD 40,000 – 100,000",std_40k_100k,forex_sgd,01 September 2026 05:31:57 PM,01 September 2026 05:31:57 PM,2026-09-01T16:48:01.456844+00:00,0.0807,0.0767,0.07869999999999999,2.5412960609911077,2.5412960609910904
standardized,uob,ZAR,SGD,ZAR/SGD,1,Indicative board,board,SGD 50 – 200,std_50_200,forex_sgd,01 September 2026 05:31:57 PM,01 September 2026 05:31:57 PM,2026-09-01T16:48:01.456844+00:00,0.0807,0.0767,0.07869999999999999,2.5412960609911077,2.5412960609910904
standardized,uob,ZAR,SGD,ZAR/SGD,1,Indicative board,board,SGD < 50,std_lt_50,forex_sgd,01 September 2026 05:31:57 PM,01 September 2026 05:31:57 PM,2026-09-01T16:48:01.456844+00:00,0.0807,0.0767,0.07869999999999999,2.5412960609911077,2.5412960609910904
