record_type,bank,base_currency,quote_currency,currency_pair,unit,transaction_value,amount_tier,std_transaction_value,std_amount_tier,group,effective_date,last_updated,scraped_at,tt_od_sell,tt_buy,mid_rate,bank_mid_rate,mid_source,sell_margin_pct,buy_margin_pct
native,dbs,AED,SGD,AED/SGD,1,SGD 50 – 200,amtBtw50And200,,,mainCurrencies,2026-09-26 01:15:00,2026-09-25 17:15:15,2026-09-25T17:24:08.797692+00:00,0.3504,0.3456,0.3483,0.348,MAS,0.6029285099052514,0.7751937984496068
native,dbs,AED,SGD,AED/SGD,1,SGD < 50,amtLessThan50,,,mainCurrencies,2026-09-26 01:15:00,2026-09-25 17:15:15,2026-09-25T17:24:08.797692+00:00,0.3531,0.3428,0.3483,0.34795,MAS,1.3781223083548741,1.5790984783232858
native,dbs,AUD,SGD,AUD/SGD,1,SGD 50 – 200,amtBtw50And200,,,mainCurrencies,2026-09-26 01:15:00,2026-09-25 17:15:15,2026-09-25T17:24:08.797692+00:00,0.9083,0.8884,0.8973,0.89835,MAS,1.2258999219881879,0.9918644823358987
native,dbs,AUD,SGD,AUD/SGD,1,SGD < 50,amtLessThan50,,,mainCurrencies,2026-09-26 01:15:00,2026-09-25 17:15:15,2026-09-25T17:24:08.797692+00:00,0.9087,0.8879,0.8973,0.8983,MAS,1.2704781009695716,1.0475872060626283
native,dbs,BDT,SGD,BDT/SGD,100,SGD 50 – 200,amtBtw50And200,,,otherCurrencies,2026-09-26 01:15:00,2026-09-25 17:15:15,2026-09-25T17:24:08.797692+00:00,1.0533,,,,,,
native,dbs,BDT,SGD,BDT/SGD,100,SGD < 50,amtLessThan50,,,otherCurrencies,2026-09-26 01:15:00,2026-09-25 17:15:15,2026-09-25T17:24:08.797692+00:00,1.0533,,,,,,
native,dbs,BHD,SGD,BHD/SGD,1,SGD 50 – 200,amtBtw50And200,,,otherCurrencies,2026-09-26 01:15:00,2026-09-25 17:15:15,2026-09-25T17:24:08.797692+00:00,3.4542,,,,,,
native,dbs,BHD,SGD,BHD/SGD,1,SGD < 50,amtLessThan50,,,otherCurrencies,2026-09-26 01:15:00,2026-09-25 17:15:15,2026-09-25T17:24:08.797692+00:00,3.4678,,,,,,
native,dbs,BND,SGD,BND/SGD,1,SGD 50 – 200,amtBtw50And200,,,otherCurrencies,2026-09-26 01:15:00,2026-09-25 17:15:15,2026-09-25T17:24:08.797692+00:00,1.0,1.0,,1.0,,,
native,dbs,BND,SGD,BND/SGD,1,SGD < 50,amtLessThan50,,,otherCurrencies,2026-09-26 01:15:00,2026-09-25 17:15:15,2026-09-25T17:24:08.797692+00:00,1.0,1.0,,1.0,,,
native,dbs,CAD,SGD,CAD/SGD,1,SGD 50 – 200,amtBtw50And200,,,mainCurrencies,2026-09-26 01:15:00,2026-09-25 17:15:15,2026-09-25T17:24:08.797692+00:00,0.9098,0.8962,0.9042,0.903,MAS,0.6193320061933255,0.8847600088476009
native,dbs,CAD,SGD,CAD/SGD,1,SGD < 50,amtLessThan50,,,mainCurrencies,2026-09-26 01:15:00,2026-09-25 17:15:15,2026-09-25T17:24:08.797692+00:00,0.913,0.893,0.9042,0.903,MAS,0.9732360097323635,1.2386640123866388
native,dbs,CHF,SGD,CHF/SGD,1,SGD 50 – 200,amtBtw50And200,,,mainCurrencies,2026-09-26 01:15:00,2026-09-25 17:15:15,2026-09-25T17:24:08.797692+00:00,1.5563,1.5268,1.5428,1.54155,MAS,0.8750324086077306,1.0370754472387878
native,dbs,CHF,SGD,CHF/SGD,1,SGD < 50,amtLessThan50,,,mainCurrencies,2026-09-26 01:15:00,2026-09-25 17:15:15,2026-09-25T17:24:08.797692+00:00,1.5571,1.526,1.5428,1.54155,MAS,0.9268861809696642,1.0889292196007212
native,dbs,CNH,SGD,CNH/SGD,1,SGD 50 – 200,amtBtw50And200,,,mainCurrencies,2026-09-26 01:15:00,2026-09-25 17:15:15,2026-09-25T17:24:08.797692+00:00,0.1922,0.1878,,0.19,,,
native,dbs,CNH,SGD,CNH/SGD,1,SGD < 50,amtLessThan50,,,mainCurrencies,2026-09-26 01:15:00,2026-09-25 17:15:15,2026-09-25T17:24:08.797692+00:00,0.1929,0.1872,,0.19005,,,
native,dbs,CNY,SGD,CNY/SGD,1,SGD 50 – 200,amtBtw50And200,,,otherCurrencies,2026-09-26 01:15:00,2026-09-25 17:15:15,2026-09-25T17:24:08.797692+00:00,0.1903,,0.1906,,MAS,-0.15739769150052188,
native,dbs,CNY,SGD,CNY/SGD,1,SGD < 50,amtLessThan50,,,otherCurrencies,2026-09-26 01:15:00,2026-09-25 17:15:15,2026-09-25T17:24:08.797692+00:00,0.192,,0.1906,,MAS,0.7345225603357882,
native,dbs,DKK,SGD,DKK/SGD,1,SGD 50 – 200,amtBtw50And200,,,mainCurrencies,2026-09-26 01:15:00,2026-09-25 17:15:15,2026-09-25T17:24:08.797692+00:00,0.1973,0.192,,0.19465,,,
native,dbs,DKK,SGD,DKK/SGD,1,SGD < 50,amtLessThan50,,,mainCurrencies,2026-09-26 01:15:00,2026-09-25 17:15:15,2026-09-25T17:24:08.797692+00:00,0.1977,0.1916,,0.19465,,,
native,dbs,EUR,SGD,EUR/SGD,1,SGD 50 – 200,amtBtw50And200,,,mainCurrencies,2026-09-26 01:15:00,2026-09-25 17:15:15,2026-09-25T17:24:08.797692+00:00,1.4679,1.443,1.4544,1.45545,MAS,0.9282178217821828,0.7838283828382739
native,dbs,EUR,SGD,EUR/SGD,1,SGD < 50,amtLessThan50,,,mainCurrencies,2026-09-26 01:15:00,2026-09-25 17:15:15,2026-09-25T17:24:08.797692+00:00,1.4686,1.4423,1.4544,1.45545,MAS,0.9763476347634757,0.8319581958195819
native,dbs,GBP,SGD,GBP/SGD,1,SGD 50 – 200,amtBtw50And200,,,mainCurrencies,2026-09-26 01:15:00,2026-09-25 17:15:15,2026-09-25T17:24:08.797692+00:00,1.7052,1.6796,1.6901,1.6924000000000001,MAS,0.8934382580912439,0.6212650139045
native,dbs,GBP,SGD,GBP/SGD,1,SGD < 50,amtLessThan50,,,mainCurrencies,2026-09-26 01:15:00,2026-09-25 17:15:15,2026-09-25T17:24:08.797692+00:00,1.7069,1.6779,1.6901,1.6924000000000001,MAS,0.9940240222472131,0.7218507780604692
native,dbs,HKD,SGD,HKD/SGD,1,SGD 50 – 200,amtBtw50And200,,,mainCurrencies,2026-09-26 01:15:00,2026-09-25 17:15:15,2026-09-25T17:24:08.797692+00:00,0.1645,0.1612,0.1631,0.16285,MAS,0.8583690987124539,1.1649294911097394
native,dbs,HKD,SGD,HKD/SGD,1,SGD < 50,amtLessThan50,,,mainCurrencies,2026-09-26 01:15:00,2026-09-25 17:15:15,2026-09-25T17:24:08.797692+00:00,0.1647,0.1611,0.1631,0.1629,MAS,0.9809932556713783,1.2262415695892102
native,dbs,HUF,SGD,HUF/SGD,100,SGD 50 – 200,amtBtw50And200,,,otherCurrencies,2026-09-26 01:15:00,2026-09-25 17:15:15,2026-09-25T17:24:08.797692+00:00,0.4044,,,,,,
native,dbs,HUF,SGD,HUF/SGD,100,SGD < 50,amtLessThan50,,,otherCurrencies,2026-09-26 01:15:00,2026-09-25 17:15:15,2026-09-25T17:24:08.797692+00:00,0.406,,,,,,
native,dbs,ID0,SGD,ID0/SGD,100,SGD 50 – 200,amtBtw50And200,,,otherCurrencies,2026-09-26 01:15:00,2026-09-25 17:15:15,2026-09-25T17:24:08.797692+00:00,,,,,,,
native,dbs,ID0,SGD,ID0/SGD,100,SGD < 50,amtLessThan50,,,otherCurrencies,2026-09-26 01:15:00,2026-09-25 17:15:15,2026-09-25T17:24:08.797692+00:00,,0.0071,,,,,
native,dbs,IDR,SGD,IDR/SGD,100,SGD 50 – 200,amtBtw50And200,,,mainCurrencies,2026-09-26 01:15:00,2026-09-25 17:15:15,2026-09-25T17:24:08.797692+00:00,0.0073,,0.007135999999999999,,MAS,2.2982062780269192,
native,dbs,IDR,SGD,IDR/SGD,100,SGD < 50,amtLessThan50,,,mainCurrencies,2026-09-26 01:15:00,2026-09-25 17:15:15,2026-09-25T17:24:08.797692+00:00,0.0073,,0.007135999999999999,,MAS,2.2982062780269192,
native,dbs,IN0,SGD,IN0/SGD,100,SGD 50 – 200,amtBtw50And200,,,otherCurrencies,2026-09-26 01:15:00,2026-09-25 17:15:15,2026-09-25T17:24:08.797692+00:00,,1.3314,,,,,
native,dbs,IN0,SGD,IN0/SGD,100,SGD < 50,amtLessThan50,,,otherCurrencies,2026-09-26 01:15:00,2026-09-25 17:15:15,2026-09-25T17:24:08.797692+00:00,,1.3314,,,,,
native,dbs,INR,SGD,INR/SGD,100,SGD 50 – 200,amtBtw50And200,,,otherCurrencies,2026-09-26 01:15:00,2026-09-25 17:15:15,2026-09-25T17:24:08.797692+00:00,1.3474,,1.3335,,MAS,1.0423697037870283,
native,dbs,INR,SGD,INR/SGD,100,SGD < 50,amtLessThan50,,,otherCurrencies,2026-09-26 01:15:00,2026-09-25 17:15:15,2026-09-25T17:24:08.797692+00:00,1.3581,,1.3335,,MAS,1.8447694038245352,
native,dbs,JPY,SGD,JPY/SGD,100,SGD 50 – 200,amtBtw50And200,,,mainCurrencies,2026-09-26 01:15:00,2026-09-25 17:15:15,2026-09-25T17:24:08.797692+00:00,0.8206,0.804,0.8078,0.8123,MAS,1.5845506313443964,0.4704134686803559
native,dbs,JPY,SGD,JPY/SGD,100,SGD < 50,amtLessThan50,,,mainCurrencies,2026-09-26 01:15:00,2026-09-25 17:15:15,2026-09-25T17:24:08.797692+00:00,0.8214,0.8032,0.8078,0.8123,MAS,1.6835850458034238,0.5694478831393832
native,dbs,KRW,SGD,KRW/SGD,100,SGD 50 – 200,amtBtw50And200,,,otherCurrencies,2026-09-26 01:15:00,2026-09-25 17:15:15,2026-09-25T17:24:08.797692+00:00,0.0953,,0.0941,,MAS,1.2752391073326172,
native,dbs,KRW,SGD,KRW/SGD,100,SGD < 50,amtLessThan50,,,otherCurrencies,2026-09-26 01:15:00,2026-09-25 17:15:15,2026-09-25T17:24:08.797692+00:00,0.0953,,0.0941,,MAS,1.2752391073326172,
native,dbs,KWD,SGD,KWD/SGD,100,SGD 50 – 200,amtBtw50And200,,,otherCurrencies,2026-09-26 01:15:00,2026-09-25 17:15:15,2026-09-25T17:24:08.797692+00:00,424.2292,,,,,,
native,dbs,KWD,SGD,KWD/SGD,100,SGD < 50,amtLessThan50,,,otherCurrencies,2026-09-26 01:15:00,2026-09-25 17:15:15,2026-09-25T17:24:08.797692+00:00,425.8989,,,,,,
native,dbs,LKR,SGD,LKR/SGD,100,SGD 50 – 200,amtBtw50And200,,,otherCurrencies,2026-09-26 01:15:00,2026-09-25 17:15:15,2026-09-25T17:24:08.797692+00:00,0.3945,,,,,,
native,dbs,LKR,SGD,LKR/SGD,100,SGD < 50,amtLessThan50,,,otherCurrencies,2026-09-26 01:15:00,2026-09-25 17:15:15,2026-09-25T17:24:08.797692+00:00,0.3945,,,,,,
native,dbs,MM1,SGD,MM1/SGD,100,SGD 50 – 200,amtBtw50And200,,,otherCurrencies,2026-09-26 01:15:00,2026-09-25 17:15:15,2026-09-25T17:24:08.797692+00:00,,,,,,,
native,dbs,MM1,SGD,MM1/SGD,100,SGD < 50,amtLessThan50,,,otherCurrencies,2026-09-26 01:15:00,2026-09-25 17:15:15,2026-09-25T17:24:08.797692+00:00,,,,,,,
native,dbs,MMK,SGD,MMK/SGD,100,SGD 50 – 200,amtBtw50And200,,,otherCurrencies,2026-09-26 01:15:00,2026-09-25 17:15:15,2026-09-25T17:24:08.797692+00:00,0.0325,,,,,,
native,dbs,MMK,SGD,MMK/SGD,100,SGD < 50,amtLessThan50,,,otherCurrencies,2026-09-26 01:15:00,2026-09-25 17:15:15,2026-09-25T17:24:08.797692+00:00,0.0325,,,,,,
native,dbs,MUR,SGD,MUR/SGD,100,SGD 50 – 200,amtBtw50And200,,,otherCurrencies,2026-09-26 01:15:00,2026-09-25 17:15:15,2026-09-25T17:24:08.797692+00:00,2.7028,,,,,,
native,dbs,MUR,SGD,MUR/SGD,100,SGD < 50,amtLessThan50,,,otherCurrencies,2026-09-26 01:15:00,2026-09-25 17:15:15,2026-09-25T17:24:08.797692+00:00,2.7135,,,,,,
native,dbs,MXN,SGD,MXN/SGD,100,SGD 50 – 200,amtBtw50And200,,,mainCurrencies,2026-09-26 01:15:00,2026-09-25 17:15:15,2026-09-25T17:24:08.797692+00:00,7.3201,,,,,,
native,dbs,MXN,SGD,MXN/SGD,100,SGD < 50,amtLessThan50,,,mainCurrencies,2026-09-26 01:15:00,2026-09-25 17:15:15,2026-09-25T17:24:08.797692+00:00,7.3201,,,,,,
native,dbs,MY0,SGD,MY0/SGD,1,SGD 50 – 200,amtBtw50And200,,,otherCurrencies,2026-09-26 01:15:00,2026-09-25 17:15:15,2026-09-25T17:24:08.797692+00:00,,0.3131,,,,,
native,dbs,MY0,SGD,MY0/SGD,1,SGD < 50,amtLessThan50,,,otherCurrencies,2026-09-26 01:15:00,2026-09-25 17:15:15,2026-09-25T17:24:08.797692+00:00,,0.3131,,,,,
native,dbs,MYR,SGD,MYR/SGD,1,SGD 50 – 200,amtBtw50And200,,,otherCurrencies,2026-09-26 01:15:00,2026-09-25 17:15:15,2026-09-25T17:24:08.797692+00:00,0.3171,,0.31379999999999997,,MAS,1.0516252390057443,
native,dbs,MYR,SGD,MYR/SGD,1,SGD < 50,amtLessThan50,,,otherCurrencies,2026-09-26 01:15:00,2026-09-25 17:15:15,2026-09-25T17:24:08.797692+00:00,0.3171,,0.31379999999999997,,MAS,1.0516252390057443,
native,dbs,NOK,SGD,NOK/SGD,1,SGD 50 – 200,amtBtw50And200,,,mainCurrencies,2026-09-26 01:15:00,2026-09-25 17:15:15,2026-09-25T17:24:08.797692+00:00,0.1363,0.1325,,0.13440000000000002,,,
native,dbs,NOK,SGD,NOK/SGD,1,SGD < 50,amtLessThan50,,,mainCurrencies,2026-09-26 01:15:00,2026-09-25 17:15:15,2026-09-25T17:24:08.797692+00:00,0.1367,0.1321,,0.1344,,,
native,dbs,NZD,SGD,NZD/SGD,1,SGD 50 – 200,amtBtw50And200,,,mainCurrencies,2026-09-26 01:15:00,2026-09-25 17:15:15,2026-09-25T17:24:08.797692+00:00,0.7322,0.7154,0.7232,0.7238,MAS,1.2444690265486738,1.0785398230088383
native,dbs,NZD,SGD,NZD/SGD,1,SGD < 50,amtLessThan50,,,mainCurrencies,2026-09-26 01:15:00,2026-09-25 17:15:15,2026-09-25T17:24:08.797692+00:00,0.733,0.7146,0.7232,0.7238,MAS,1.3550884955752256,1.1891592920353902
native,dbs,OMR,SGD,OMR/SGD,1,SGD 50 – 200,amtBtw50And200,,,otherCurrencies,2026-09-26 01:15:00,2026-09-25 17:15:15,2026-09-25T17:24:08.797692+00:00,3.3411,,,,,,
native,dbs,OMR,SGD,OMR/SGD,1,SGD < 50,amtLessThan50,,,otherCurrencies,2026-09-26 01:15:00,2026-09-25 17:15:15,2026-09-25T17:24:08.797692+00:00,3.3411,,,,,,
native,dbs,PH0,SGD,PH0/SGD,100,SGD 50 – 200,amtBtw50And200,,,otherCurrencies,2026-09-26 01:15:00,2026-09-25 17:15:15,2026-09-25T17:24:08.797692+00:00,,2.0393,,,,,
native,dbs,PH0,SGD,PH0/SGD,100,SGD < 50,amtLessThan50,,,otherCurrencies,2026-09-26 01:15:00,2026-09-25 17:15:15,2026-09-25T17:24:08.797692+00:00,,2.0393,,,,,
native,dbs,PHP,SGD,PHP/SGD,100,SGD 50 – 200,amtBtw50And200,,,otherCurrencies,2026-09-26 01:15:00,2026-09-25 17:15:15,2026-09-25T17:24:08.797692+00:00,2.0677,,2.0446,,MAS,1.1298053408979702,
native,dbs,PHP,SGD,PHP/SGD,100,SGD < 50,amtLessThan50,,,otherCurrencies,2026-09-26 01:15:00,2026-09-25 17:15:15,2026-09-25T17:24:08.797692+00:00,2.0833,,2.0446,,MAS,1.8927907659199823,
native,dbs,PLN,SGD,PLN/SGD,1,SGD 50 – 200,amtBtw50And200,,,otherCurrencies,2026-09-26 01:15:00,2026-09-25 17:15:15,2026-09-25T17:24:08.797692+00:00,0.3377,,,,,,
native,dbs,PLN,SGD,PLN/SGD,1,SGD < 50,amtLessThan50,,,otherCurrencies,2026-09-26 01:15:00,2026-09-25 17:15:15,2026-09-25T17:24:08.797692+00:00,0.3391,,,,,,
native,dbs,QAR,SGD,QAR/SGD,1,SGD 50 – 200,amtBtw50And200,,,otherCurrencies,2026-09-26 01:15:00,2026-09-25 17:15:15,2026-09-25T17:24:08.797692+00:00,0.3584,,0.35109999999999997,,MAS,2.0791797208772516,
native,dbs,QAR,SGD,QAR/SGD,1,SGD < 50,amtLessThan50,,,otherCurrencies,2026-09-26 01:15:00,2026-09-25 17:15:15,2026-09-25T17:24:08.797692+00:00,0.3598,,0.35109999999999997,,MAS,2.4779265166619315,
native,dbs,RUB,SGD,RUB/SGD,100,SGD 50 – 200,amtBtw50And200,,,mainCurrencies,2026-09-26 01:15:00,2026-09-25 17:15:15,2026-09-25T17:24:08.797692+00:00,,,,,,,
native,dbs,RUB,SGD,RUB/SGD,100,SGD < 50,amtLessThan50,,,mainCurrencies,2026-09-26 01:15:00,2026-09-25 17:15:15,2026-09-25T17:24:08.797692+00:00,,,,,,,
native,dbs,SAR,SGD,SAR/SGD,100,SGD 50 – 200,amtBtw50And200,,,otherCurrencies,2026-09-26 01:15:00,2026-09-25 17:15:15,2026-09-25T17:24:08.797692+00:00,34.4667,,34.07,,MAS,1.1643674787202898,
native,dbs,SAR,SGD,SAR/SGD,100,SGD < 50,amtLessThan50,,,otherCurrencies,2026-09-26 01:15:00,2026-09-25 17:15:15,2026-09-25T17:24:08.797692+00:00,34.4664,,34.07,,MAS,1.1634869386557085,
native,dbs,SEK,SGD,SEK/SGD,1,SGD 50 – 200,amtBtw50And200,,,mainCurrencies,2026-09-26 01:15:00,2026-09-25 17:15:15,2026-09-25T17:24:08.797692+00:00,0.1306,0.1271,,0.12885,,,
native,dbs,SEK,SGD,SEK/SGD,1,SGD < 50,amtLessThan50,,,mainCurrencies,2026-09-26 01:15:00,2026-09-25 17:15:15,2026-09-25T17:24:08.797692+00:00,0.1311,0.1266,,0.12885,,,
native,dbs,THB,SGD,THB/SGD,100,SGD 50 – 200,amtBtw50And200,,,mainCurrencies,2026-09-26 01:15:00,2026-09-25 17:15:15,2026-09-25T17:24:08.797692+00:00,3.8869,3.772,3.8234999999999997,3.8294499999999996,MAS,1.6581666012815517,1.3469334379495197
native,dbs,THB,SGD,THB/SGD,100,SGD < 50,amtLessThan50,,,mainCurrencies,2026-09-26 01:15:00,2026-09-25 17:15:15,2026-09-25T17:24:08.797692+00:00,3.8923,3.7689,3.8234999999999997,3.8306,MAS,1.7993984569112182,1.4280109846998763
native,dbs,TND,SGD,TND/SGD,1,SGD 50 – 200,amtBtw50And200,,,otherCurrencies,2026-09-26 01:15:00,2026-09-25 17:15:15,2026-09-25T17:24:08.797692+00:00,0.4438,,,,,,
native,dbs,TND,SGD,TND/SGD,1,SGD < 50,amtLessThan50,,,otherCurrencies,2026-09-26 01:15:00,2026-09-25 17:15:15,2026-09-25T17:24:08.797692+00:00,0.4438,,,,,,
native,dbs,TWD,SGD,TWD/SGD,100,SGD 50 – 200,amtBtw50And200,,,otherCurrencies,2026-09-26 01:15:00,2026-09-25 17:15:15,2026-09-25T17:24:08.797692+00:00,4.0694,,4.0272,,MAS,1.0478744537147457,
native,dbs,TWD,SGD,TWD/SGD,100,SGD < 50,amtLessThan50,,,otherCurrencies,2026-09-26 01:15:00,2026-09-25 17:15:15,2026-09-25T17:24:08.797692+00:00,4.0734,,4.0272,,MAS,1.1471990464839266,
native,dbs,USD,SGD,USD/SGD,1,SGD 50 – 200,amtBtw50And200,,,mainCurrencies,2026-09-26 01:15:00,2026-09-25 17:15:15,2026-09-25T17:24:08.797692+00:00,1.2887,1.2674,1.2794,1.27805,MAS,0.7269032358918136,0.9379396592152579
native,dbs,USD,SGD,USD/SGD,1,SGD < 50,amtLessThan50,,,mainCurrencies,2026-09-26 01:15:00,2026-09-25 17:15:15,2026-09-25T17:24:08.797692+00:00,1.2896,1.2665,1.2794,1.27805,MAS,0.7972487103329675,1.0082851336564118
native,dbs,VND,SGD,VND/SGD,100,SGD 50 – 200,amtBtw50And200,,,otherCurrencies,2026-09-26 01:15:00,2026-09-25 17:15:15,2026-09-25T17:24:08.797692+00:00,0.0051,,0.004926,,MAS,3.5322777101096334,
native,dbs,VND,SGD,VND/SGD,100,SGD < 50,amtLessThan50,,,otherCurrencies,2026-09-26 01:15:00,2026-09-25 17:15:15,2026-09-25T17:24:08.797692+00:00,0.0051,,0.004926,,MAS,3.5322777101096334,
native,dbs,XAU,SGD,XAU/SGD,1,SGD 50 – 200,amtBtw50And200,,,otherCurrencies,2026-09-26 01:15:00,2026-09-25 17:15:15,2026-09-25T17:24:08.797692+00:00,5515.323,5448.395,,5481.859,,,
native,dbs,XAU,SGD,XAU/SGD,1,SGD < 50,amtLessThan50,,,otherCurrencies,2026-09-26 01:15:00,2026-09-25 17:15:15,2026-09-25T17:24:08.797692+00:00,5515.499,5448.568,,5482.0335,,,
native,dbs,ZAR,SGD,ZAR/SGD,1,SGD 50 – 200,amtBtw50And200,,,otherCurrencies,2026-09-26 01:15:00,2026-09-25 17:15:15,2026-09-25T17:24:08.797692+00:00,0.0793,0.0774,,0.07835,,,
native,dbs,ZAR,SGD,ZAR/SGD,1,SGD < 50,amtLessThan50,,,otherCurrencies,2026-09-26 01:15:00,2026-09-25 17:15:15,2026-09-25T17:24:08.797692+00:00,0.0796,0.077,,0.07830000000000001,,,
native,hsbc,AED,SGD,AED/SGD,100,Indicative board,board,,,indicative_fx,2026-9-25,2026-9-25,2026-09-25T17:24:16.573372+00:00,35.99,33.72,34.83,34.855000000000004,MAS,3.3304622451909385,3.1869078380706273
native,hsbc,AUD,SGD,AUD/SGD,1,Indicative board,board,,,indicative_fx,2026-9-25,2026-9-25,2026-09-25T17:24:16.573372+00:00,0.924,0.8699,0.8973,0.89695,MAS,2.975593447007696,3.0536052602251176
native,hsbc,CAD,SGD,CAD/SGD,1,Indicative board,board,,,indicative_fx,2026-9-25,2026-9-25,2026-09-25T17:24:16.573372+00:00,0.9321,0.8776,0.9042,0.90485,MAS,3.0856005308560093,2.9418270294182656
native,hsbc,CHF,SGD,CHF/SGD,100,Indicative board,board,,,indicative_fx,2026-9-25,2026-9-25,2026-09-25T17:24:16.573372+00:00,159.19,149.89,154.28,154.54,MAS,3.182525278714024,2.8454757583614305
native,hsbc,CNY,SGD,CNY/SGD,100,Indicative board,board,,,indicative_fx,2026-9-25,2026-9-25,2026-09-25T17:24:16.573372+00:00,19.68,18.43,19.06,19.055,MAS,3.2528856243441817,3.305351521511013
native,hsbc,DKK,SGD,DKK/SGD,100,Indicative board,board,,,indicative_fx,2026-9-25,2026-9-25,2026-09-25T17:24:16.573372+00:00,20.06,18.88,,19.47,,,
native,hsbc,EUR,SGD,EUR/SGD,1,Indicative board,board,,,indicative_fx,2026-9-25,2026-9-25,2026-09-25T17:24:16.573372+00:00,1.4993,1.4118,1.4544,1.4555500000000001,MAS,3.0871837183718482,2.9290429042904274
native,hsbc,FJD,SGD,FJD/SGD,1,Indicative board,board,,,indicative_fx,2026-9-25,2026-9-25,2026-09-25T17:24:16.573372+00:00,0.5987,,,,,,
native,hsbc,GBP,SGD,GBP/SGD,1,Indicative board,board,,,indicative_fx,2026-9-25,2026-9-25,2026-09-25T17:24:16.573372+00:00,1.7419,1.6401,1.6901,1.6909999999999998,MAS,3.064907401928884,2.958404828116682
native,hsbc,HKD,SGD,HKD/SGD,100,Indicative board,board,,,indicative_fx,2026-9-25,2026-9-25,2026-09-25T17:24:16.573372+00:00,16.53,16.12,16.31,16.325000000000003,MAS,1.348865726548145,1.1649294911097348
native,hsbc,IDR,SGD,IDR/SGD,100,Indicative board,board,,,indicative_fx,2026-9-25,2026-9-25,2026-09-25T17:24:16.573372+00:00,0.0074,,0.007135999999999999,,MAS,3.699551569506744,
native,hsbc,INR,SGD,INR/SGD,100,Indicative board,board,,,indicative_fx,2026-9-25,2026-9-25,2026-09-25T17:24:16.573372+00:00,1.38,,1.3335,,MAS,3.4870641169853758,
native,hsbc,JPY,SGD,JPY/SGD,100,Indicative board,board,,,indicative_fx,2026-9-25,2026-9-25,2026-09-25T17:24:16.573372+00:00,0.8306,0.782,0.8078,0.8063,MAS,2.8224808120822042,3.1938598663035327
native,hsbc,LKR,SGD,LKR/SGD,100,Indicative board,board,,,indicative_fx,2026-9-25,2026-9-25,2026-09-25T17:24:16.573372+00:00,0.4,,,,,,
native,hsbc,MUR,SGD,MUR/SGD,100,Indicative board,board,,,indicative_fx,2026-9-25,2026-9-25,2026-09-25T17:24:16.573372+00:00,2.79,2.6,,2.6950000000000003,,,
native,hsbc,NOK,SGD,NOK/SGD,100,Indicative board,board,,,indicative_fx,2026-9-25,2026-9-25,2026-09-25T17:24:16.573372+00:00,13.85,13.03,,13.44,,,
native,hsbc,NZD,SGD,NZD/SGD,1,Indicative board,board,,,indicative_fx,2026-9-25,2026-9-25,2026-09-25T17:24:16.573372+00:00,0.7463,0.7026,0.7232,0.72445,MAS,3.194137168141595,2.848451327433622
native,hsbc,PHP,SGD,PHP/SGD,100,Indicative board,board,,,indicative_fx,2026-9-25,2026-9-25,2026-09-25T17:24:16.573372+00:00,2.11,,2.0446,,MAS,3.198669666438418,
native,hsbc,PKR,SGD,PKR/SGD,100,Indicative board,board,,,indicative_fx,2026-9-25,2026-9-25,2026-09-25T17:24:16.573372+00:00,0.48,,,,,,
native,hsbc,QAR,SGD,QAR/SGD,100,Indicative board,board,,,indicative_fx,2026-9-25,2026-9-25,2026-09-25T17:24:16.573372+00:00,35.59,34.67,35.11,35.13,MAS,1.3671318712617602,1.2532042153232634
native,hsbc,RUB,SGD,RUB/SGD,100,Indicative board,board,,,indicative_fx,2026-9-25,2026-9-25,2026-09-25T17:24:16.573372+00:00,15.58,14.51,,15.045,,,
native,hsbc,SAR,SGD,SAR/SGD,100,Indicative board,board,,,indicative_fx,2026-9-25,2026-9-25,2026-09-25T17:24:16.573372+00:00,34.52,33.66,34.07,34.09,MAS,1.3208100968594154,1.2034047549163596
native,hsbc,SEK,SGD,SEK/SGD,100,Indicative board,board,,,indicative_fx,2026-9-25,2026-9-25,2026-09-25T17:24:16.573372+00:00,13.28,12.5,,12.89,,,
native,hsbc,THB,SGD,THB/SGD,100,Indicative board,board,,,indicative_fx,2026-9-25,2026-9-25,2026-09-25T17:24:16.573372+00:00,3.95,,3.8234999999999997,,MAS,3.3084869883614623,
native,hsbc,TRY,SGD,TRY/SGD,1,Indicative board,board,,,indicative_fx,2026-9-25,2026-9-25,2026-09-25T17:24:16.573372+00:00,0.027,,,,,,
native,hsbc,USD,SGD,USD/SGD,1,Indicative board,board,,,indicative_fx,2026-9-25,2026-9-25,2026-09-25T17:24:16.573372+00:00,1.3056,1.2543,1.2794,1.27995,MAS,2.047834922619978,1.9618571205252555
native,hsbc,ZAR,SGD,ZAR/SGD,1,Indicative board,board,,,indicative_fx,2026-9-25,2026-9-25,2026-09-25T17:24:16.573372+00:00,0.0804,0.0753,,0.07785,,,
native,ocbc,AED,SGD,AED/SGD,100,"SGD 0 – 39,999.99",tier_1,,,fxRatesSgd,2026-09-25T07:00:13,2026-09-25T07:00:13,2026-09-25T17:24:10.419405+00:00,35.6792,33.6611,34.83,34.6702,MAS,2.438128050531161,3.356014929658343
native,ocbc,AED,SGD,AED/SGD,100,"SGD 40,000 – 100,000",tier_2,,,fxRatesSgd,2026-09-25T07:00:13,2026-09-25T07:00:13,2026-09-25T17:24:10.419405+00:00,35.6687,33.6783,34.83,34.6702,MAS,2.407981625035897,3.3066322136089523
native,ocbc,AUD,SGD,AUD/SGD,1,"SGD 0 – 39,999.99",tier_1,,,fxRatesSgd,2026-09-25T07:00:13,2026-09-25T07:00:13,2026-09-25T17:24:10.419405+00:00,0.9141,0.8853,0.8973,0.8997,MAS,1.8722835172183256,1.3373453694416595
native,ocbc,AUD,SGD,AUD/SGD,1,"SGD 40,000 – 100,000",tier_2,,,fxRatesSgd,2026-09-25T07:00:13,2026-09-25T07:00:13,2026-09-25T17:24:10.419405+00:00,0.9123,0.8871,0.8973,0.8997,MAS,1.6716817118020744,1.1367435640254082
native,ocbc,BGN,SGD,BGN/SGD,100,"SGD 0 – 39,999.99",tier_1,,,fxRatesSgd,2026-09-25T07:00:13,2026-09-25T07:00:13,2026-09-25T17:24:10.419405+00:00,0.0,0.0,,0.0,,,
native,ocbc,BGN,SGD,BGN/SGD,100,"SGD 40,000 – 100,000",tier_2,,,fxRatesSgd,2026-09-25T07:00:13,2026-09-25T07:00:13,2026-09-25T17:24:10.419405+00:00,0.0,0.0,,0.0,,,
native,ocbc,BHD,SGD,BHD/SGD,1,"SGD 0 – 39,999.99",tier_1,,,fxRatesSgd,2026-09-25T07:00:13,2026-09-25T07:00:13,2026-09-25T17:24:10.419405+00:00,0.0,0.0,,0.0,,,
native,ocbc,BHD,SGD,BHD/SGD,1,"SGD 40,000 – 100,000",tier_2,,,fxRatesSgd,2026-09-25T07:00:13,2026-09-25T07:00:13,2026-09-25T17:24:10.419405+00:00,0.0,0.0,,0.0,,,
native,ocbc,CAD,SGD,CAD/SGD,1,"SGD 0 – 39,999.99",tier_1,,,fxRatesSgd,2026-09-25T07:00:13,2026-09-25T07:00:13,2026-09-25T17:24:10.419405+00:00,0.9198,0.8871,0.9042,0.9035,MAS,1.7252820172528143,1.8911745189117455
native,ocbc,CAD,SGD,CAD/SGD,1,"SGD 40,000 – 100,000",tier_2,,,fxRatesSgd,2026-09-25T07:00:13,2026-09-25T07:00:13,2026-09-25T17:24:10.419405+00:00,0.9179,0.889,0.9042,0.9035,MAS,1.5151515151515202,1.681044016810439
native,ocbc,CHF,SGD,CHF/SGD,100,"SGD 0 – 39,999.99",tier_1,,,fxRatesSgd,2026-09-25T07:00:13,2026-09-25T07:00:13,2026-09-25T17:24:10.419405+00:00,156.841,151.2729,154.28,154.057,MAS,1.6599688877365872,1.9491184858698523
native,ocbc,CHF,SGD,CHF/SGD,100,"SGD 40,000 – 100,000",tier_2,,,fxRatesSgd,2026-09-25T07:00:13,2026-09-25T07:00:13,2026-09-25T17:24:10.419405+00:00,156.5329,151.5809,154.28,154.057,MAS,1.460267046927671,1.7494814622763724
native,ocbc,CNH,SGD,CNH/SGD,100,"SGD 0 – 39,999.99",tier_1,,,fxRatesSgd,2026-09-25T07:00:13,2026-09-25T07:00:13,2026-09-25T17:24:10.419405+00:00,19.3469,18.7754,,19.0612,,,
native,ocbc,CNH,SGD,CNH/SGD,100,"SGD 40,000 – 100,000",tier_2,,,fxRatesSgd,2026-09-25T07:00:13,2026-09-25T07:00:13,2026-09-25T17:24:10.419405+00:00,19.3279,18.7944,,19.0612,,,
native,ocbc,CZK,SGD,CZK/SGD,100,"SGD 0 – 39,999.99",tier_1,,,fxRatesSgd,2026-09-25T07:00:13,2026-09-25T07:00:13,2026-09-25T17:24:10.419405+00:00,0.0,0.0,,0.0,,,
native,ocbc,CZK,SGD,CZK/SGD,100,"SGD 40,000 – 100,000",tier_2,,,fxRatesSgd,2026-09-25T07:00:13,2026-09-25T07:00:13,2026-09-25T17:24:10.419405+00:00,0.0,0.0,,0.0,,,
native,ocbc,DKK,SGD,DKK/SGD,100,"SGD 0 – 39,999.99",tier_1,,,fxRatesSgd,2026-09-25T07:00:13,2026-09-25T07:00:13,2026-09-25T17:24:10.419405+00:00,19.8298,19.127,,19.4784,,,
native,ocbc,DKK,SGD,DKK/SGD,100,"SGD 40,000 – 100,000",tier_2,,,fxRatesSgd,2026-09-25T07:00:13,2026-09-25T07:00:13,2026-09-25T17:24:10.419405+00:00,19.7908,19.166,,19.4784,,,
native,ocbc,EUR,SGD,EUR/SGD,1,"SGD 0 – 39,999.99",tier_1,,,fxRatesSgd,2026-09-25T07:00:13,2026-09-25T07:00:13,2026-09-25T17:24:10.419405+00:00,1.4725,1.4364,1.4544,1.4545,MAS,1.2444994499449948,1.2376237623762387
native,ocbc,EUR,SGD,EUR/SGD,1,"SGD 40,000 – 100,000",tier_2,,,fxRatesSgd,2026-09-25T07:00:13,2026-09-25T07:00:13,2026-09-25T17:24:10.419405+00:00,1.4707,1.4382,1.4544,1.4545,MAS,1.1207370737073694,1.1138613861386135
native,ocbc,GBP,SGD,GBP/SGD,1,"SGD 0 – 39,999.99",tier_1,,,fxRatesSgd,2026-09-25T07:00:13,2026-09-25T07:00:13,2026-09-25T17:24:10.419405+00:00,1.714,1.6686,1.6901,1.6913,MAS,1.4141175078397747,1.2721140760901635
native,ocbc,GBP,SGD,GBP/SGD,1,"SGD 40,000 – 100,000",tier_2,,,fxRatesSgd,2026-09-25T07:00:13,2026-09-25T07:00:13,2026-09-25T17:24:10.419405+00:00,1.7123,1.6706,1.6901,1.6913,MAS,1.3135317436838057,1.153777882965496
native,ocbc,HKD,SGD,HKD/SGD,100,"SGD 0 – 39,999.99",tier_1,,,fxRatesSgd,2026-09-25T07:00:13,2026-09-25T07:00:13,2026-09-25T17:24:10.419405+00:00,16.4957,16.0973,16.31,16.2965,MAS,1.1385652973635847,1.3041079092581125
native,ocbc,HKD,SGD,HKD/SGD,100,"SGD 40,000 – 100,000",tier_2,,,fxRatesSgd,2026-09-25T07:00:13,2026-09-25T07:00:13,2026-09-25T17:24:10.419405+00:00,16.4664,16.1071,16.31,16.2965,MAS,0.9589209074187702,1.2440220723482505
native,ocbc,HUF,SGD,HUF/SGD,100,"SGD 0 – 39,999.99",tier_1,,,fxRatesSgd,2026-09-25T07:00:13,2026-09-25T07:00:13,2026-09-25T17:24:10.419405+00:00,0.0,0.0,,0.0,,,
native,ocbc,HUF,SGD,HUF/SGD,100,"SGD 40,000 – 100,000",tier_2,,,fxRatesSgd,2026-09-25T07:00:13,2026-09-25T07:00:13,2026-09-25T17:24:10.419405+00:00,0.0,0.0,,0.0,,,
native,ocbc,IDR,SGD,IDR/SGD,100,"SGD 0 – 39,999.99",tier_1,,,fxRatesSgd,2026-09-25T07:00:13,2026-09-25T07:00:13,2026-09-25T17:24:10.419405+00:00,0.0073,0.0,0.007135999999999999,0.0073,MAS,2.2982062780269192,100.0
native,ocbc,IDR,SGD,IDR/SGD,100,"SGD 40,000 – 100,000",tier_2,,,fxRatesSgd,2026-09-25T07:00:13,2026-09-25T07:00:13,2026-09-25T17:24:10.419405+00:00,0.0073,0.0,0.007135999999999999,0.0073,MAS,2.2982062780269192,100.0
native,ocbc,ILS,SGD,ILS/SGD,100,"SGD 0 – 39,999.99",tier_1,,,fxRatesSgd,2026-09-25T07:00:13,2026-09-25T07:00:13,2026-09-25T17:24:10.419405+00:00,0.0,0.0,,0.0,,,
native,ocbc,ILS,SGD,ILS/SGD,100,"SGD 40,000 – 100,000",tier_2,,,fxRatesSgd,2026-09-25T07:00:13,2026-09-25T07:00:13,2026-09-25T17:24:10.419405+00:00,0.0,0.0,,0.0,,,
native,ocbc,INR,SGD,INR/SGD,100,"SGD 0 – 39,999.99",tier_1,,,fxRatesSgd,2026-09-25T07:00:13,2026-09-25T07:00:13,2026-09-25T17:24:10.419405+00:00,1.3721,0.0,1.3335,1.3721,MAS,2.8946381702287356,100.0
native,ocbc,INR,SGD,INR/SGD,100,"SGD 40,000 – 100,000",tier_2,,,fxRatesSgd,2026-09-25T07:00:13,2026-09-25T07:00:13,2026-09-25T17:24:10.419405+00:00,1.3694,0.0,1.3335,1.3721,MAS,2.6921634795650577,100.0
native,ocbc,JOD,SGD,JOD/SGD,1,"SGD 0 – 39,999.99",tier_1,,,fxRatesSgd,2026-09-25T07:00:13,2026-09-25T07:00:13,2026-09-25T17:24:10.419405+00:00,0.0,0.0,,0.0,,,
native,ocbc,JOD,SGD,JOD/SGD,1,"SGD 40,000 – 100,000",tier_2,,,fxRatesSgd,2026-09-25T07:00:13,2026-09-25T07:00:13,2026-09-25T17:24:10.419405+00:00,0.0,0.0,,0.0,,,
native,ocbc,JPY,SGD,JPY/SGD,100,"SGD 0 – 39,999.99",tier_1,,,fxRatesSgd,2026-09-25T07:00:13,2026-09-25T07:00:13,2026-09-25T17:24:10.419405+00:00,0.82,0.7999,0.8078,0.81,MAS,1.5102748205001226,0.9779648427828556
native,ocbc,JPY,SGD,JPY/SGD,100,"SGD 40,000 – 100,000",tier_2,,,fxRatesSgd,2026-09-25T07:00:13,2026-09-25T07:00:13,2026-09-25T17:24:10.419405+00:00,0.8192,0.8013,0.8078,0.81,MAS,1.4112404060411088,0.8046546174795679
native,ocbc,KRW,SGD,KRW/SGD,100,"SGD 0 – 39,999.99",tier_1,,,fxRatesSgd,2026-09-25T07:00:13,2026-09-25T07:00:13,2026-09-25T17:24:10.419405+00:00,0.0,0.0,0.0941,0.0,MAS,-100.0,100.0
native,ocbc,KRW,SGD,KRW/SGD,100,"SGD 40,000 – 100,000",tier_2,,,fxRatesSgd,2026-09-25T07:00:13,2026-09-25T07:00:13,2026-09-25T17:24:10.419405+00:00,0.0,0.0,0.0941,0.0,MAS,-100.0,100.0
native,ocbc,LKR,SGD,LKR/SGD,100,"SGD 0 – 39,999.99",tier_1,,,fxRatesSgd,2026-09-25T07:00:13,2026-09-25T07:00:13,2026-09-25T17:24:10.419405+00:00,0.3987,0.0,,0.3987,,,
native,ocbc,LKR,SGD,LKR/SGD,100,"SGD 40,000 – 100,000",tier_2,,,fxRatesSgd,2026-09-25T07:00:13,2026-09-25T07:00:13,2026-09-25T17:24:10.419405+00:00,0.398,0.0,,0.3987,,,
native,ocbc,MAD,SGD,MAD/SGD,100,"SGD 0 – 39,999.99",tier_1,,,fxRatesSgd,2026-09-25T07:00:13,2026-09-25T07:00:13,2026-09-25T17:24:10.419405+00:00,0.0,0.0,,0.0,,,
native,ocbc,MAD,SGD,MAD/SGD,100,"SGD 40,000 – 100,000",tier_2,,,fxRatesSgd,2026-09-25T07:00:13,2026-09-25T07:00:13,2026-09-25T17:24:10.419405+00:00,0.0,0.0,,0.0,,,
native,ocbc,MXN,SGD,MXN/SGD,100,"SGD 0 – 39,999.99",tier_1,,,fxRatesSgd,2026-09-25T07:00:13,2026-09-25T07:00:13,2026-09-25T17:24:10.419405+00:00,7.4369,0.0,,7.4369,,,
native,ocbc,MXN,SGD,MXN/SGD,100,"SGD 40,000 – 100,000",tier_2,,,fxRatesSgd,2026-09-25T07:00:13,2026-09-25T07:00:13,2026-09-25T17:24:10.419405+00:00,7.4354,0.0,,7.4369,,,
native,ocbc,MYR,SGD,MYR/SGD,100,"SGD 0 – 39,999.99",tier_1,,,fxRatesSgd,2026-09-25T07:00:13,2026-09-25T07:00:13,2026-09-25T17:24:10.419405+00:00,0.0,0.0,31.379999999999995,0.0,MAS,-100.0,100.0
native,ocbc,MYR,SGD,MYR/SGD,100,"SGD 40,000 – 100,000",tier_2,,,fxRatesSgd,2026-09-25T07:00:13,2026-09-25T07:00:13,2026-09-25T17:24:10.419405+00:00,0.0,0.0,31.379999999999995,0.0,MAS,-100.0,100.0
native,ocbc,NOK,SGD,NOK/SGD,100,"SGD 0 – 39,999.99",tier_1,,,fxRatesSgd,2026-09-25T07:00:13,2026-09-25T07:00:13,2026-09-25T17:24:10.419405+00:00,13.6774,13.1902,,13.4338,,,
native,ocbc,NOK,SGD,NOK/SGD,100,"SGD 40,000 – 100,000",tier_2,,,fxRatesSgd,2026-09-25T07:00:13,2026-09-25T07:00:13,2026-09-25T17:24:10.419405+00:00,13.6505,13.217,,13.4338,,,
native,ocbc,NZD,SGD,NZD/SGD,1,"SGD 0 – 39,999.99",tier_1,,,fxRatesSgd,2026-09-25T07:00:13,2026-09-25T07:00:13,2026-09-25T17:24:10.419405+00:00,0.7388,0.7136,0.7232,0.7262,MAS,2.1570796460177073,1.3274336283185761
native,ocbc,NZD,SGD,NZD/SGD,1,"SGD 40,000 – 100,000",tier_2,,,fxRatesSgd,2026-09-25T07:00:13,2026-09-25T07:00:13,2026-09-25T17:24:10.419405+00:00,0.7369,0.7158,0.7232,0.7262,MAS,1.8943584070796524,1.02323008849557
native,ocbc,OMR,SGD,OMR/SGD,1,"SGD 0 – 39,999.99",tier_1,,,fxRatesSgd,2026-09-25T07:00:13,2026-09-25T07:00:13,2026-09-25T17:24:10.419405+00:00,0.0,0.0,,0.0,,,
native,ocbc,OMR,SGD,OMR/SGD,1,"SGD 40,000 – 100,000",tier_2,,,fxRatesSgd,2026-09-25T07:00:13,2026-09-25T07:00:13,2026-09-25T17:24:10.419405+00:00,0.0,0.0,,0.0,,,
native,ocbc,PHP,SGD,PHP/SGD,100,"SGD 0 – 39,999.99",tier_1,,,fxRatesSgd,2026-09-25T07:00:13,2026-09-25T07:00:13,2026-09-25T17:24:10.419405+00:00,2.0987,0.0,2.0446,2.0987,MAS,2.645994326518636,100.0
native,ocbc,PHP,SGD,PHP/SGD,100,"SGD 40,000 – 100,000",tier_2,,,fxRatesSgd,2026-09-25T07:00:13,2026-09-25T07:00:13,2026-09-25T17:24:10.419405+00:00,2.0976,0.0,2.0446,2.0987,MAS,2.592194072190156,100.0
native,ocbc,PLN,SGD,PLN/SGD,100,"SGD 0 – 39,999.99",tier_1,,,fxRatesSgd,2026-09-25T07:00:13,2026-09-25T07:00:13,2026-09-25T17:24:10.419405+00:00,34.2042,32.0715,,33.1379,,,
native,ocbc,PLN,SGD,PLN/SGD,100,"SGD 40,000 – 100,000",tier_2,,,fxRatesSgd,2026-09-25T07:00:13,2026-09-25T07:00:13,2026-09-25T17:24:10.419405+00:00,34.1873,32.0976,,33.1379,,,
native,ocbc,QAR,SGD,QAR/SGD,100,"SGD 0 – 39,999.99",tier_1,,,fxRatesSgd,2026-09-25T07:00:13,2026-09-25T07:00:13,2026-09-25T17:24:10.419405+00:00,36.0872,33.9874,35.11,35.0373,MAS,2.783252634577053,3.1973796639134107
native,ocbc,QAR,SGD,QAR/SGD,100,"SGD 40,000 – 100,000",tier_2,,,fxRatesSgd,2026-09-25T07:00:13,2026-09-25T07:00:13,2026-09-25T17:24:10.419405+00:00,36.0658,34.0046,35.11,35.0373,MAS,2.7223013386499675,3.1483907718598574
native,ocbc,RON,SGD,RON/SGD,100,"SGD 0 – 39,999.99",tier_1,,,fxRatesSgd,2026-09-25T07:00:13,2026-09-25T07:00:13,2026-09-25T17:24:10.419405+00:00,0.0,0.0,,0.0,,,
native,ocbc,RON,SGD,RON/SGD,100,"SGD 40,000 – 100,000",tier_2,,,fxRatesSgd,2026-09-25T07:00:13,2026-09-25T07:00:13,2026-09-25T17:24:10.419405+00:00,0.0,0.0,,0.0,,,
native,ocbc,RUB,SGD,RUB/SGD,100,"SGD 0 – 39,999.99",tier_1,,,fxRatesSgd,2026-09-25T07:00:13,2026-09-25T07:00:13,2026-09-25T17:24:10.419405+00:00,0.0,0.0,,0.0,,,
native,ocbc,RUB,SGD,RUB/SGD,100,"SGD 40,000 – 100,000",tier_2,,,fxRatesSgd,2026-09-25T07:00:13,2026-09-25T07:00:13,2026-09-25T17:24:10.419405+00:00,0.0,0.0,,0.0,,,
native,ocbc,SAR,SGD,SAR/SGD,100,"SGD 0 – 39,999.99",tier_1,,,fxRatesSgd,2026-09-25T07:00:13,2026-09-25T07:00:13,2026-09-25T17:24:10.419405+00:00,34.9755,33.0504,34.07,34.013,MAS,2.6577634282359743,2.9926621661285497
native,ocbc,SAR,SGD,SAR/SGD,100,"SGD 40,000 – 100,000",tier_2,,,fxRatesSgd,2026-09-25T07:00:13,2026-09-25T07:00:13,2026-09-25T17:24:10.419405+00:00,34.9582,33.0672,34.07,34.013,MAS,2.6069856178456052,2.943351922512476
native,ocbc,SEK,SGD,SEK/SGD,100,"SGD 0 – 39,999.99",tier_1,,,fxRatesSgd,2026-09-25T07:00:13,2026-09-25T07:00:13,2026-09-25T17:24:10.419405+00:00,13.1233,12.6563,,12.8898,,,
native,ocbc,SEK,SGD,SEK/SGD,100,"SGD 40,000 – 100,000",tier_2,,,fxRatesSgd,2026-09-25T07:00:13,2026-09-25T07:00:13,2026-09-25T17:24:10.419405+00:00,13.0975,12.682,,12.8898,,,
native,ocbc,THB,SGD,THB/SGD,100,"SGD 0 – 39,999.99",tier_1,,,fxRatesSgd,2026-09-25T07:00:13,2026-09-25T07:00:13,2026-09-25T17:24:10.419405+00:00,3.9402,3.7246,3.8234999999999997,3.8324,MAS,3.0521773244409642,2.586635281809848
native,ocbc,THB,SGD,THB/SGD,100,"SGD 40,000 – 100,000",tier_2,,,fxRatesSgd,2026-09-25T07:00:13,2026-09-25T07:00:13,2026-09-25T17:24:10.419405+00:00,3.9325,3.7322,3.8234999999999997,3.8324,MAS,2.8507911599320113,2.387864522034772
native,ocbc,TRY,SGD,TRY/SGD,100,"SGD 0 – 39,999.99",tier_1,,,fxRatesSgd,2026-09-25T07:00:13,2026-09-25T07:00:13,2026-09-25T17:24:10.419405+00:00,2.6805,2.5698,,2.6252,,,
native,ocbc,TRY,SGD,TRY/SGD,100,"SGD 40,000 – 100,000",tier_2,,,fxRatesSgd,2026-09-25T07:00:13,2026-09-25T07:00:13,2026-09-25T17:24:10.419405+00:00,2.6792,2.57,,2.6252,,,
native,ocbc,TWD,SGD,TWD/SGD,100,"SGD 0 – 39,999.99",tier_1,,,fxRatesSgd,2026-09-25T07:00:13,2026-09-25T07:00:13,2026-09-25T17:24:10.419405+00:00,4.1726,0.0,4.0272,4.1726,MAS,3.6104489471593273,100.0
native,ocbc,TWD,SGD,TWD/SGD,100,"SGD 40,000 – 100,000",tier_2,,,fxRatesSgd,2026-09-25T07:00:13,2026-09-25T07:00:13,2026-09-25T17:24:10.419405+00:00,0.0,0.0,4.0272,4.1726,MAS,-100.0,100.0
native,ocbc,USD,SGD,USD/SGD,1,"SGD 0 – 39,999.99",tier_1,,,fxRatesSgd,2026-09-25T07:00:13,2026-09-25T07:00:13,2026-09-25T17:24:10.419405+00:00,1.2897,1.2653,1.2794,1.2775,MAS,0.8050648741597605,1.1020790995779273
native,ocbc,USD,SGD,USD/SGD,1,"SGD 40,000 – 100,000",tier_2,,,fxRatesSgd,2026-09-25T07:00:13,2026-09-25T07:00:13,2026-09-25T17:24:10.419405+00:00,1.2884,1.2676,1.2794,1.2775,MAS,0.7034547444114347,0.922307331561672
native,ocbc,ZAR,SGD,ZAR/SGD,100,"SGD 0 – 39,999.99",tier_1,,,fxRatesSgd,2026-09-25T07:00:13,2026-09-25T07:00:13,2026-09-25T17:24:10.419405+00:00,8.0702,7.5962,,7.8332,,,
native,ocbc,ZAR,SGD,ZAR/SGD,100,"SGD 40,000 – 100,000",tier_2,,,fxRatesSgd,2026-09-25T07:00:13,2026-09-25T07:00:13,2026-09-25T17:24:10.419405+00:00,8.0662,7.6001,,7.8332,,,
native,uob,AED,SGD,AED/SGD,100,Indicative board,board,,,forex_sgd,25 September 2026 05:51:22 PM,25 September 2026 05:51:22 PM,2026-09-25T17:24:12.189579+00:00,35.65,33.95,34.83,34.8,MAS,2.354292276772898,2.5265575653172423
native,uob,AOA,SGD,AOA/SGD,100,Indicative board,board,,,forex_sgd,25 September 2026 05:51:22 PM,25 September 2026 05:51:22 PM,2026-09-25T17:24:12.189579+00:00,0.1439,,,,,,
native,uob,AUD,SGD,AUD/SGD,1,Indicative board,board,,,forex_sgd,25 September 2026 05:51:22 PM,25 September 2026 05:51:22 PM,2026-09-25T17:24:12.189579+00:00,0.9139,0.8829,0.8973,0.8984000000000001,MAS,1.849994427727634,1.6048144433299865
native,uob,BDT,SGD,BDT/SGD,100,Indicative board,board,,,forex_sgd,25 September 2026 05:51:22 PM,25 September 2026 05:51:22 PM,2026-09-25T17:24:12.189579+00:00,1.0732,,,,,,
native,uob,BND,SGD,BND/SGD,1,Indicative board,board,,,forex_sgd,25 September 2026 05:51:22 PM,25 September 2026 05:51:22 PM,2026-09-25T17:24:12.189579+00:00,1.0,1.0,,1.0,,,
native,uob,CAD,SGD,CAD/SGD,1,Indicative board,board,,,forex_sgd,25 September 2026 05:51:22 PM,25 September 2026 05:51:22 PM,2026-09-25T17:24:12.189579+00:00,0.9137,0.8937,0.9042,0.9037,MAS,1.0506525105065199,1.16124751161247
native,uob,CHF,SGD,CHF/SGD,100,Indicative board,board,,,forex_sgd,25 September 2026 05:51:22 PM,25 September 2026 05:51:22 PM,2026-09-25T17:24:12.189579+00:00,155.81,152.51,154.28,154.16,MAS,0.9917033964220905,1.1472647135079144
native,uob,CNH,SGD,CNH/SGD,100,Indicative board,board,,,forex_sgd,25 September 2026 05:51:22 PM,25 September 2026 05:51:22 PM,2026-09-25T17:24:12.189579+00:00,19.24,18.78,,19.009999999999998,,,
native,uob,DKK,SGD,DKK/SGD,100,Indicative board,board,,,forex_sgd,25 September 2026 05:51:22 PM,25 September 2026 05:51:22 PM,2026-09-25T17:24:12.189579+00:00,19.82,19.12,,19.47,,,
native,uob,EGP,SGD,EGP/SGD,100,Indicative board,board,,,forex_sgd,25 September 2026 05:51:22 PM,25 September 2026 05:51:22 PM,2026-09-25T17:24:12.189579+00:00,2.5417,,,,,,
native,uob,EUR,SGD,EUR/SGD,1,Indicative board,board,,,forex_sgd,25 September 2026 05:51:22 PM,25 September 2026 05:51:22 PM,2026-09-25T17:24:12.189579+00:00,1.4748,1.4368,1.4544,1.4558,MAS,1.4026402640264162,1.210121012101199
native,uob,GBP,SGD,GBP/SGD,1,Indicative board,board,,,forex_sgd,25 September 2026 05:51:22 PM,25 September 2026 05:51:22 PM,2026-09-25T17:24:12.189579+00:00,1.7143,1.6693,1.6901,1.6918,MAS,1.4318679368084728,1.2306964084965346
native,uob,HKD,SGD,HKD/SGD,100,Indicative board,board,,,forex_sgd,25 September 2026 05:51:22 PM,25 September 2026 05:51:22 PM,2026-09-25T17:24:12.189579+00:00,16.469,16.111,16.31,16.29,MAS,0.9748620478234364,1.2201103617412512
native,uob,INR,SGD,INR/SGD,100,Indicative board,board,,,forex_sgd,25 September 2026 05:51:22 PM,25 September 2026 05:51:22 PM,2026-09-25T17:24:12.189579+00:00,1.3703,,1.3335,,MAS,2.7596550431196225,
native,uob,JPY,SGD,JPY/SGD,100,Indicative board,board,,,forex_sgd,25 September 2026 05:51:22 PM,25 September 2026 05:51:22 PM,2026-09-25T17:24:12.189579+00:00,0.8263,0.7923,0.8078,0.8093,MAS,2.2901708343649507,1.9187917801435947
native,uob,KRW,SGD,KRW/SGD,1000,Indicative board,board,,,forex_sgd,25 September 2026 05:51:22 PM,25 September 2026 05:51:22 PM,2026-09-25T17:24:12.189579+00:00,,,0.941,,MAS,,
native,uob,KWD,SGD,KWD/SGD,1,Indicative board,board,,,forex_sgd,25 September 2026 05:51:22 PM,25 September 2026 05:51:22 PM,2026-09-25T17:24:12.189579+00:00,4.1986,,,,,,
native,uob,LKR,SGD,LKR/SGD,100,Indicative board,board,,,forex_sgd,25 September 2026 05:51:22 PM,25 September 2026 05:51:22 PM,2026-09-25T17:24:12.189579+00:00,0.3937,,,,,,
native,uob,MXN,SGD,MXN/SGD,100,Indicative board,board,,,forex_sgd,25 September 2026 05:51:22 PM,25 September 2026 05:51:22 PM,2026-09-25T17:24:12.189579+00:00,7.2947,,,,,,
native,uob,MYR,SGD,MYR/SGD,100,Indicative board,board,,,forex_sgd,25 September 2026 05:51:22 PM,25 September 2026 05:51:22 PM,2026-09-25T17:24:12.189579+00:00,31.8066,,31.379999999999995,,MAS,1.3594646271510649,
native,uob,NOK,SGD,NOK/SGD,100,Indicative board,board,,,forex_sgd,25 September 2026 05:51:22 PM,25 September 2026 05:51:22 PM,2026-09-25T17:24:12.189579+00:00,13.65,13.21,,13.43,,,
native,uob,NZD,SGD,NZD/SGD,1,Indicative board,board,,,forex_sgd,25 September 2026 05:51:22 PM,25 September 2026 05:51:22 PM,2026-09-25T17:24:12.189579+00:00,0.7344,0.7144,0.7232,0.7244,MAS,1.5486725663716951,1.2168141592920243
native,uob,PHP,SGD,PHP/SGD,100,Indicative board,board,,,forex_sgd,25 September 2026 05:51:22 PM,25 September 2026 05:51:22 PM,2026-09-25T17:24:12.189579+00:00,2.0922,,2.0446,,MAS,2.328083732759468,
native,uob,PKR,SGD,PKR/SGD,100,Indicative board,board,,,forex_sgd,25 September 2026 05:51:22 PM,25 September 2026 05:51:22 PM,2026-09-25T17:24:12.189579+00:00,0.4685,,,,,,
native,uob,SAR,SGD,SAR/SGD,100,Indicative board,board,,,forex_sgd,25 September 2026 05:51:22 PM,25 September 2026 05:51:22 PM,2026-09-25T17:24:12.189579+00:00,,,34.07,,MAS,,
native,uob,SEK,SGD,SEK/SGD,100,Indicative board,board,,,forex_sgd,25 September 2026 05:51:22 PM,25 September 2026 05:51:22 PM,2026-09-25T17:24:12.189579+00:00,13.14,12.66,,12.9,,,
native,uob,THB,SGD,THB/SGD,100,Indicative board,board,,,forex_sgd,25 September 2026 05:51:22 PM,25 September 2026 05:51:22 PM,2026-09-25T17:24:12.189579+00:00,3.94,3.74,3.8234999999999997,3.84,MAS,3.0469465149731993,2.1838629527919307
native,uob,TWD,SGD,TWD/SGD,100,Indicative board,board,,,forex_sgd,25 September 2026 05:51:22 PM,25 September 2026 05:51:22 PM,2026-09-25T17:24:12.189579+00:00,,,4.0272,,MAS,,
native,uob,USD,SGD,USD/SGD,1,Indicative board,board,,,forex_sgd,25 September 2026 05:51:22 PM,25 September 2026 05:51:22 PM,2026-09-25T17:24:12.189579+00:00,1.29,1.266,1.2794,1.278,MAS,0.8285133656401393,1.0473659527903765
native,uob,VND,SGD,VND/SGD,1000,Indicative board,board,,,forex_sgd,25 September 2026 05:51:22 PM,25 September 2026 05:51:22 PM,2026-09-25T17:24:12.189579+00:00,0.0504,,0.04926,,MAS,2.3142509135201017,
native,uob,XAF,SGD,XAF/SGD,100,Indicative board,board,,,forex_sgd,25 September 2026 05:51:22 PM,25 September 2026 05:51:22 PM,2026-09-25T17:24:12.189579+00:00,0.2279,,,,,,
native,uob,XOF,SGD,XOF/SGD,100,Indicative board,board,,,forex_sgd,25 September 2026 05:51:22 PM,25 September 2026 05:51:22 PM,2026-09-25T17:24:12.189579+00:00,0.2296,,,,,,
native,uob,ZAR,SGD,ZAR/SGD,1,Indicative board,board,,,forex_sgd,25 September 2026 05:51:22 PM,25 September 2026 05:51:22 PM,2026-09-25T17:24:12.189579+00:00,0.0803,0.0763,,0.07830000000000001,,,
standardized,dbs,AED,SGD,AED/SGD,1,SGD 50 – 200,amtBtw50And200,"SGD 200 – 39,999.99",std_200_40k,mainCurrencies,2026-09-26 01:15:00,2026-09-25 17:15:15,2026-09-25T17:24:08.797692+00:00,0.3504,0.3456,0.3483,0.348,MAS,0.6029285099052514,0.7751937984496068
standardized,dbs,AED,SGD,AED/SGD,1,SGD 50 – 200,amtBtw50And200,"SGD 40,000 – 100,000",std_40k_100k,mainCurrencies,2026-09-26 01:15:00,2026-09-25 17:15:15,2026-09-25T17:24:08.797692+00:00,0.3504,0.3456,0.3483,0.348,MAS,0.6029285099052514,0.7751937984496068
standardized,dbs,AED,SGD,AED/SGD,1,SGD 50 – 200,amtBtw50And200,SGD 50 – 200,std_50_200,mainCurrencies,2026-09-26 01:15:00,2026-09-25 17:15:15,2026-09-25T17:24:08.797692+00:00,0.3504,0.3456,0.3483,0.348,MAS,0.6029285099052514,0.7751937984496068
standardized,dbs,AED,SGD,AED/SGD,1,SGD < 50,amtLessThan50,SGD < 50,std_lt_50,mainCurrencies,2026-09-26 01:15:00,2026-09-25 17:15:15,2026-09-25T17:24:08.797692+00:00,0.3531,0.3428,0.3483,0.34795,MAS,1.3781223083548741,1.5790984783232858
standardized,dbs,AUD,SGD,AUD/SGD,1,SGD 50 – 200,amtBtw50And200,"SGD 200 – 39,999.99",std_200_40k,mainCurrencies,2026-09-26 01:15:00,2026-09-25 17:15:15,2026-09-25T17:24:08.797692+00:00,0.9083,0.8884,0.8973,0.89835,MAS,1.2258999219881879,0.9918644823358987
standardized,dbs,AUD,SGD,AUD/SGD,1,SGD 50 – 200,amtBtw50And200,"SGD 40,000 – 100,000",std_40k_100k,mainCurrencies,2026-09-26 01:15:00,2026-09-25 17:15:15,2026-09-25T17:24:08.797692+00:00,0.9083,0.8884,0.8973,0.89835,MAS,1.2258999219881879,0.9918644823358987
standardized,dbs,AUD,SGD,AUD/SGD,1,SGD 50 – 200,amtBtw50And200,SGD 50 – 200,std_50_200,mainCurrencies,2026-09-26 01:15:00,2026-09-25 17:15:15,2026-09-25T17:24:08.797692+00:00,0.9083,0.8884,0.8973,0.89835,MAS,1.2258999219881879,0.9918644823358987
standardized,dbs,AUD,SGD,AUD/SGD,1,SGD < 50,amtLessThan50,SGD < 50,std_lt_50,mainCurrencies,2026-09-26 01:15:00,2026-09-25 17:15:15,2026-09-25T17:24:08.797692+00:00,0.9087,0.8879,0.8973,0.8983,MAS,1.2704781009695716,1.0475872060626283
standardized,dbs,BDT,SGD,BDT/SGD,100,SGD 50 – 200,amtBtw50And200,"SGD 200 – 39,999.99",std_200_40k,otherCurrencies,2026-09-26 01:15:00,2026-09-25 17:15:15,2026-09-25T17:24:08.797692+00:00,1.0533,,,,,,
standardized,dbs,BDT,SGD,BDT/SGD,100,SGD 50 – 200,amtBtw50And200,"SGD 40,000 – 100,000",std_40k_100k,otherCurrencies,2026-09-26 01:15:00,2026-09-25 17:15:15,2026-09-25T17:24:08.797692+00:00,1.0533,,,,,,
standardized,dbs,BDT,SGD,BDT/SGD,100,SGD 50 – 200,amtBtw50And200,SGD 50 – 200,std_50_200,otherCurrencies,2026-09-26 01:15:00,2026-09-25 17:15:15,2026-09-25T17:24:08.797692+00:00,1.0533,,,,,,
standardized,dbs,BDT,SGD,BDT/SGD,100,SGD < 50,amtLessThan50,SGD < 50,std_lt_50,otherCurrencies,2026-09-26 01:15:00,2026-09-25 17:15:15,2026-09-25T17:24:08.797692+00:00,1.0533,,,,,,
standardized,dbs,BHD,SGD,BHD/SGD,1,SGD 50 – 200,amtBtw50And200,"SGD 200 – 39,999.99",std_200_40k,otherCurrencies,2026-09-26 01:15:00,2026-09-25 17:15:15,2026-09-25T17:24:08.797692+00:00,3.4542,,,,,,
standardized,dbs,BHD,SGD,BHD/SGD,1,SGD 50 – 200,amtBtw50And200,"SGD 40,000 – 100,000",std_40k_100k,otherCurrencies,2026-09-26 01:15:00,2026-09-25 17:15:15,2026-09-25T17:24:08.797692+00:00,3.4542,,,,,,
standardized,dbs,BHD,SGD,BHD/SGD,1,SGD 50 – 200,amtBtw50And200,SGD 50 – 200,std_50_200,otherCurrencies,2026-09-26 01:15:00,2026-09-25 17:15:15,2026-09-25T17:24:08.797692+00:00,3.4542,,,,,,
standardized,dbs,BHD,SGD,BHD/SGD,1,SGD < 50,amtLessThan50,SGD < 50,std_lt_50,otherCurrencies,2026-09-26 01:15:00,2026-09-25 17:15:15,2026-09-25T17:24:08.797692+00:00,3.4678,,,,,,
standardized,dbs,BND,SGD,BND/SGD,1,SGD 50 – 200,amtBtw50And200,"SGD 200 – 39,999.99",std_200_40k,otherCurrencies,2026-09-26 01:15:00,2026-09-25 17:15:15,2026-09-25T17:24:08.797692+00:00,1.0,1.0,,1.0,,,
standardized,dbs,BND,SGD,BND/SGD,1,SGD 50 – 200,amtBtw50And200,"SGD 40,000 – 100,000",std_40k_100k,otherCurrencies,2026-09-26 01:15:00,2026-09-25 17:15:15,2026-09-25T17:24:08.797692+00:00,1.0,1.0,,1.0,,,
standardized,dbs,BND,SGD,BND/SGD,1,SGD 50 – 200,amtBtw50And200,SGD 50 – 200,std_50_200,otherCurrencies,2026-09-26 01:15:00,2026-09-25 17:15:15,2026-09-25T17:24:08.797692+00:00,1.0,1.0,,1.0,,,
standardized,dbs,BND,SGD,BND/SGD,1,SGD < 50,amtLessThan50,SGD < 50,std_lt_50,otherCurrencies,2026-09-26 01:15:00,2026-09-25 17:15:15,2026-09-25T17:24:08.797692+00:00,1.0,1.0,,1.0,,,
standardized,dbs,CAD,SGD,CAD/SGD,1,SGD 50 – 200,amtBtw50And200,"SGD 200 – 39,999.99",std_200_40k,mainCurrencies,2026-09-26 01:15:00,2026-09-25 17:15:15,2026-09-25T17:24:08.797692+00:00,0.9098,0.8962,0.9042,0.903,MAS,0.6193320061933255,0.8847600088476009
standardized,dbs,CAD,SGD,CAD/SGD,1,SGD 50 – 200,amtBtw50And200,"SGD 40,000 – 100,000",std_40k_100k,mainCurrencies,2026-09-26 01:15:00,2026-09-25 17:15:15,2026-09-25T17:24:08.797692+00:00,0.9098,0.8962,0.9042,0.903,MAS,0.6193320061933255,0.8847600088476009
standardized,dbs,CAD,SGD,CAD/SGD,1,SGD 50 – 200,amtBtw50And200,SGD 50 – 200,std_50_200,mainCurrencies,2026-09-26 01:15:00,2026-09-25 17:15:15,2026-09-25T17:24:08.797692+00:00,0.9098,0.8962,0.9042,0.903,MAS,0.6193320061933255,0.8847600088476009
standardized,dbs,CAD,SGD,CAD/SGD,1,SGD < 50,amtLessThan50,SGD < 50,std_lt_50,mainCurrencies,2026-09-26 01:15:00,2026-09-25 17:15:15,2026-09-25T17:24:08.797692+00:00,0.913,0.893,0.9042,0.903,MAS,0.9732360097323635,1.2386640123866388
standardized,dbs,CHF,SGD,CHF/SGD,1,SGD 50 – 200,amtBtw50And200,"SGD 200 – 39,999.99",std_200_40k,mainCurrencies,2026-09-26 01:15:00,2026-09-25 17:15:15,2026-09-25T17:24:08.797692+00:00,1.5563,1.5268,1.5428,1.54155,MAS,0.8750324086077306,1.0370754472387878
standardized,dbs,CHF,SGD,CHF/SGD,1,SGD 50 – 200,amtBtw50And200,"SGD 40,000 – 100,000",std_40k_100k,mainCurrencies,2026-09-26 01:15:00,2026-09-25 17:15:15,2026-09-25T17:24:08.797692+00:00,1.5563,1.5268,1.5428,1.54155,MAS,0.8750324086077306,1.0370754472387878
standardized,dbs,CHF,SGD,CHF/SGD,1,SGD 50 – 200,amtBtw50And200,SGD 50 – 200,std_50_200,mainCurrencies,2026-09-26 01:15:00,2026-09-25 17:15:15,2026-09-25T17:24:08.797692+00:00,1.5563,1.5268,1.5428,1.54155,MAS,0.8750324086077306,1.0370754472387878
standardized,dbs,CHF,SGD,CHF/SGD,1,SGD < 50,amtLessThan50,SGD < 50,std_lt_50,mainCurrencies,2026-09-26 01:15:00,2026-09-25 17:15:15,2026-09-25T17:24:08.797692+00:00,1.5571,1.526,1.5428,1.54155,MAS,0.9268861809696642,1.0889292196007212
standardized,dbs,CNH,SGD,CNH/SGD,1,SGD 50 – 200,amtBtw50And200,"SGD 200 – 39,999.99",std_200_40k,mainCurrencies,2026-09-26 01:15:00,2026-09-25 17:15:15,2026-09-25T17:24:08.797692+00:00,0.1922,0.1878,,0.19,,,
standardized,dbs,CNH,SGD,CNH/SGD,1,SGD 50 – 200,amtBtw50And200,"SGD 40,000 – 100,000",std_40k_100k,mainCurrencies,2026-09-26 01:15:00,2026-09-25 17:15:15,2026-09-25T17:24:08.797692+00:00,0.1922,0.1878,,0.19,,,
standardized,dbs,CNH,SGD,CNH/SGD,1,SGD 50 – 200,amtBtw50And200,SGD 50 – 200,std_50_200,mainCurrencies,2026-09-26 01:15:00,2026-09-25 17:15:15,2026-09-25T17:24:08.797692+00:00,0.1922,0.1878,,0.19,,,
standardized,dbs,CNH,SGD,CNH/SGD,1,SGD < 50,amtLessThan50,SGD < 50,std_lt_50,mainCurrencies,2026-09-26 01:15:00,2026-09-25 17:15:15,2026-09-25T17:24:08.797692+00:00,0.1929,0.1872,,0.19005,,,
standardized,dbs,CNY,SGD,CNY/SGD,1,SGD 50 – 200,amtBtw50And200,"SGD 200 – 39,999.99",std_200_40k,otherCurrencies,2026-09-26 01:15:00,2026-09-25 17:15:15,2026-09-25T17:24:08.797692+00:00,0.1903,,0.1906,,MAS,-0.15739769150052188,
standardized,dbs,CNY,SGD,CNY/SGD,1,SGD 50 – 200,amtBtw50And200,"SGD 40,000 – 100,000",std_40k_100k,otherCurrencies,2026-09-26 01:15:00,2026-09-25 17:15:15,2026-09-25T17:24:08.797692+00:00,0.1903,,0.1906,,MAS,-0.15739769150052188,
standardized,dbs,CNY,SGD,CNY/SGD,1,SGD 50 – 200,amtBtw50And200,SGD 50 – 200,std_50_200,otherCurrencies,2026-09-26 01:15:00,2026-09-25 17:15:15,2026-09-25T17:24:08.797692+00:00,0.1903,,0.1906,,MAS,-0.15739769150052188,
standardized,dbs,CNY,SGD,CNY/SGD,1,SGD < 50,amtLessThan50,SGD < 50,std_lt_50,otherCurrencies,2026-09-26 01:15:00,2026-09-25 17:15:15,2026-09-25T17:24:08.797692+00:00,0.192,,0.1906,,MAS,0.7345225603357882,
standardized,dbs,DKK,SGD,DKK/SGD,1,SGD 50 – 200,amtBtw50And200,"SGD 200 – 39,999.99",std_200_40k,mainCurrencies,2026-09-26 01:15:00,2026-09-25 17:15:15,2026-09-25T17:24:08.797692+00:00,0.1973,0.192,,0.19465,,,
standardized,dbs,DKK,SGD,DKK/SGD,1,SGD 50 – 200,amtBtw50And200,"SGD 40,000 – 100,000",std_40k_100k,mainCurrencies,2026-09-26 01:15:00,2026-09-25 17:15:15,2026-09-25T17:24:08.797692+00:00,0.1973,0.192,,0.19465,,,
standardized,dbs,DKK,SGD,DKK/SGD,1,SGD 50 – 200,amtBtw50And200,SGD 50 – 200,std_50_200,mainCurrencies,2026-09-26 01:15:00,2026-09-25 17:15:15,2026-09-25T17:24:08.797692+00:00,0.1973,0.192,,0.19465,,,
standardized,dbs,DKK,SGD,DKK/SGD,1,SGD < 50,amtLessThan50,SGD < 50,std_lt_50,mainCurrencies,2026-09-26 01:15:00,2026-09-25 17:15:15,2026-09-25T17:24:08.797692+00:00,0.1977,0.1916,,0.19465,,,
standardized,dbs,EUR,SGD,EUR/SGD,1,SGD 50 – 200,amtBtw50And200,"SGD 200 – 39,999.99",std_200_40k,mainCurrencies,2026-09-26 01:15:00,2026-09-25 17:15:15,2026-09-25T17:24:08.797692+00:00,1.4679,1.443,1.4544,1.45545,MAS,0.9282178217821828,0.7838283828382739
standardized,dbs,EUR,SGD,EUR/SGD,1,SGD 50 – 200,amtBtw50And200,"SGD 40,000 – 100,000",std_40k_100k,mainCurrencies,2026-09-26 01:15:00,2026-09-25 17:15:15,2026-09-25T17:24:08.797692+00:00,1.4679,1.443,1.4544,1.45545,MAS,0.9282178217821828,0.7838283828382739
standardized,dbs,EUR,SGD,EUR/SGD,1,SGD 50 – 200,amtBtw50And200,SGD 50 – 200,std_50_200,mainCurrencies,2026-09-26 01:15:00,2026-09-25 17:15:15,2026-09-25T17:24:08.797692+00:00,1.4679,1.443,1.4544,1.45545,MAS,0.9282178217821828,0.7838283828382739
standardized,dbs,EUR,SGD,EUR/SGD,1,SGD < 50,amtLessThan50,SGD < 50,std_lt_50,mainCurrencies,2026-09-26 01:15:00,2026-09-25 17:15:15,2026-09-25T17:24:08.797692+00:00,1.4686,1.4423,1.4544,1.45545,MAS,0.9763476347634757,0.8319581958195819
standardized,dbs,GBP,SGD,GBP/SGD,1,SGD 50 – 200,amtBtw50And200,"SGD 200 – 39,999.99",std_200_40k,mainCurrencies,2026-09-26 01:15:00,2026-09-25 17:15:15,2026-09-25T17:24:08.797692+00:00,1.7052,1.6796,1.6901,1.6924000000000001,MAS,0.8934382580912439,0.6212650139045
standardized,dbs,GBP,SGD,GBP/SGD,1,SGD 50 – 200,amtBtw50And200,"SGD 40,000 – 100,000",std_40k_100k,mainCurrencies,2026-09-26 01:15:00,2026-09-25 17:15:15,2026-09-25T17:24:08.797692+00:00,1.7052,1.6796,1.6901,1.6924000000000001,MAS,0.8934382580912439,0.6212650139045
standardized,dbs,GBP,SGD,GBP/SGD,1,SGD 50 – 200,amtBtw50And200,SGD 50 – 200,std_50_200,mainCurrencies,2026-09-26 01:15:00,2026-09-25 17:15:15,2026-09-25T17:24:08.797692+00:00,1.7052,1.6796,1.6901,1.6924000000000001,MAS,0.8934382580912439,0.6212650139045
standardized,dbs,GBP,SGD,GBP/SGD,1,SGD < 50,amtLessThan50,SGD < 50,std_lt_50,mainCurrencies,2026-09-26 01:15:00,2026-09-25 17:15:15,2026-09-25T17:24:08.797692+00:00,1.7069,1.6779,1.6901,1.6924000000000001,MAS,0.9940240222472131,0.7218507780604692
standardized,dbs,HKD,SGD,HKD/SGD,1,SGD 50 – 200,amtBtw50And200,"SGD 200 – 39,999.99",std_200_40k,mainCurrencies,2026-09-26 01:15:00,2026-09-25 17:15:15,2026-09-25T17:24:08.797692+00:00,0.1645,0.1612,0.1631,0.16285,MAS,0.8583690987124539,1.1649294911097394
standardized,dbs,HKD,SGD,HKD/SGD,1,SGD 50 – 200,amtBtw50And200,"SGD 40,000 – 100,000",std_40k_100k,mainCurrencies,2026-09-26 01:15:00,2026-09-25 17:15:15,2026-09-25T17:24:08.797692+00:00,0.1645,0.1612,0.1631,0.16285,MAS,0.8583690987124539,1.1649294911097394
standardized,dbs,HKD,SGD,HKD/SGD,1,SGD 50 – 200,amtBtw50And200,SGD 50 – 200,std_50_200,mainCurrencies,2026-09-26 01:15:00,2026-09-25 17:15:15,2026-09-25T17:24:08.797692+00:00,0.1645,0.1612,0.1631,0.16285,MAS,0.8583690987124539,1.1649294911097394
standardized,dbs,HKD,SGD,HKD/SGD,1,SGD < 50,amtLessThan50,SGD < 50,std_lt_50,mainCurrencies,2026-09-26 01:15:00,2026-09-25 17:15:15,2026-09-25T17:24:08.797692+00:00,0.1647,0.1611,0.1631,0.1629,MAS,0.9809932556713783,1.2262415695892102
standardized,dbs,HUF,SGD,HUF/SGD,100,SGD 50 – 200,amtBtw50And200,"SGD 200 – 39,999.99",std_200_40k,otherCurrencies,2026-09-26 01:15:00,2026-09-25 17:15:15,2026-09-25T17:24:08.797692+00:00,0.4044,,,,,,
standardized,dbs,HUF,SGD,HUF/SGD,100,SGD 50 – 200,amtBtw50And200,"SGD 40,000 – 100,000",std_40k_100k,otherCurrencies,2026-09-26 01:15:00,2026-09-25 17:15:15,2026-09-25T17:24:08.797692+00:00,0.4044,,,,,,
standardized,dbs,HUF,SGD,HUF/SGD,100,SGD 50 – 200,amtBtw50And200,SGD 50 – 200,std_50_200,otherCurrencies,2026-09-26 01:15:00,2026-09-25 17:15:15,2026-09-25T17:24:08.797692+00:00,0.4044,,,,,,
standardized,dbs,HUF,SGD,HUF/SGD,100,SGD < 50,amtLessThan50,SGD < 50,std_lt_50,otherCurrencies,2026-09-26 01:15:00,2026-09-25 17:15:15,2026-09-25T17:24:08.797692+00:00,0.406,,,,,,
standardized,dbs,ID0,SGD,ID0/SGD,100,SGD 50 – 200,amtBtw50And200,"SGD 200 – 39,999.99",std_200_40k,otherCurrencies,2026-09-26 01:15:00,2026-09-25 17:15:15,2026-09-25T17:24:08.797692+00:00,,,,,,,
standardized,dbs,ID0,SGD,ID0/SGD,100,SGD 50 – 200,amtBtw50And200,"SGD 40,000 – 100,000",std_40k_100k,otherCurrencies,2026-09-26 01:15:00,2026-09-25 17:15:15,2026-09-25T17:24:08.797692+00:00,,,,,,,
standardized,dbs,ID0,SGD,ID0/SGD,100,SGD 50 – 200,amtBtw50And200,SGD 50 – 200,std_50_200,otherCurrencies,2026-09-26 01:15:00,2026-09-25 17:15:15,2026-09-25T17:24:08.797692+00:00,,,,,,,
standardized,dbs,ID0,SGD,ID0/SGD,100,SGD < 50,amtLessThan50,SGD < 50,std_lt_50,otherCurrencies,2026-09-26 01:15:00,2026-09-25 17:15:15,2026-09-25T17:24:08.797692+00:00,,0.0071,,,,,
standardized,dbs,IDR,SGD,IDR/SGD,100,SGD 50 – 200,amtBtw50And200,"SGD 200 – 39,999.99",std_200_40k,mainCurrencies,2026-09-26 01:15:00,2026-09-25 17:15:15,2026-09-25T17:24:08.797692+00:00,0.0073,,0.007135999999999999,,MAS,2.2982062780269192,
standardized,dbs,IDR,SGD,IDR/SGD,100,SGD 50 – 200,amtBtw50And200,"SGD 40,000 – 100,000",std_40k_100k,mainCurrencies,2026-09-26 01:15:00,2026-09-25 17:15:15,2026-09-25T17:24:08.797692+00:00,0.0073,,0.007135999999999999,,MAS,2.2982062780269192,
standardized,dbs,IDR,SGD,IDR/SGD,100,SGD 50 – 200,amtBtw50And200,SGD 50 – 200,std_50_200,mainCurrencies,2026-09-26 01:15:00,2026-09-25 17:15:15,2026-09-25T17:24:08.797692+00:00,0.0073,,0.007135999999999999,,MAS,2.2982062780269192,
standardized,dbs,IDR,SGD,IDR/SGD,100,SGD < 50,amtLessThan50,SGD < 50,std_lt_50,mainCurrencies,2026-09-26 01:15:00,2026-09-25 17:15:15,2026-09-25T17:24:08.797692+00:00,0.0073,,0.007135999999999999,,MAS,2.2982062780269192,
standardized,dbs,IN0,SGD,IN0/SGD,100,SGD 50 – 200,amtBtw50And200,"SGD 200 – 39,999.99",std_200_40k,otherCurrencies,2026-09-26 01:15:00,2026-09-25 17:15:15,2026-09-25T17:24:08.797692+00:00,,1.3314,,,,,
standardized,dbs,IN0,SGD,IN0/SGD,100,SGD 50 – 200,amtBtw50And200,"SGD 40,000 – 100,000",std_40k_100k,otherCurrencies,2026-09-26 01:15:00,2026-09-25 17:15:15,2026-09-25T17:24:08.797692+00:00,,1.3314,,,,,
standardized,dbs,IN0,SGD,IN0/SGD,100,SGD 50 – 200,amtBtw50And200,SGD 50 – 200,std_50_200,otherCurrencies,2026-09-26 01:15:00,2026-09-25 17:15:15,2026-09-25T17:24:08.797692+00:00,,1.3314,,,,,
standardized,dbs,IN0,SGD,IN0/SGD,100,SGD < 50,amtLessThan50,SGD < 50,std_lt_50,otherCurrencies,2026-09-26 01:15:00,2026-09-25 17:15:15,2026-09-25T17:24:08.797692+00:00,,1.3314,,,,,
standardized,dbs,INR,SGD,INR/SGD,100,SGD 50 – 200,amtBtw50And200,"SGD 200 – 39,999.99",std_200_40k,otherCurrencies,2026-09-26 01:15:00,2026-09-25 17:15:15,2026-09-25T17:24:08.797692+00:00,1.3474,,1.3335,,MAS,1.0423697037870283,
standardized,dbs,INR,SGD,INR/SGD,100,SGD 50 – 200,amtBtw50And200,"SGD 40,000 – 100,000",std_40k_100k,otherCurrencies,2026-09-26 01:15:00,2026-09-25 17:15:15,2026-09-25T17:24:08.797692+00:00,1.3474,,1.3335,,MAS,1.0423697037870283,
standardized,dbs,INR,SGD,INR/SGD,100,SGD 50 – 200,amtBtw50And200,SGD 50 – 200,std_50_200,otherCurrencies,2026-09-26 01:15:00,2026-09-25 17:15:15,2026-09-25T17:24:08.797692+00:00,1.3474,,1.3335,,MAS,1.0423697037870283,
standardized,dbs,INR,SGD,INR/SGD,100,SGD < 50,amtLessThan50,SGD < 50,std_lt_50,otherCurrencies,2026-09-26 01:15:00,2026-09-25 17:15:15,2026-09-25T17:24:08.797692+00:00,1.3581,,1.3335,,MAS,1.8447694038245352,
standardized,dbs,JPY,SGD,JPY/SGD,100,SGD 50 – 200,amtBtw50And200,"SGD 200 – 39,999.99",std_200_40k,mainCurrencies,2026-09-26 01:15:00,2026-09-25 17:15:15,2026-09-25T17:24:08.797692+00:00,0.8206,0.804,0.8078,0.8123,MAS,1.5845506313443964,0.4704134686803559
standardized,dbs,JPY,SGD,JPY/SGD,100,SGD 50 – 200,amtBtw50And200,"SGD 40,000 – 100,000",std_40k_100k,mainCurrencies,2026-09-26 01:15:00,2026-09-25 17:15:15,2026-09-25T17:24:08.797692+00:00,0.8206,0.804,0.8078,0.8123,MAS,1.5845506313443964,0.4704134686803559
standardized,dbs,JPY,SGD,JPY/SGD,100,SGD 50 – 200,amtBtw50And200,SGD 50 – 200,std_50_200,mainCurrencies,2026-09-26 01:15:00,2026-09-25 17:15:15,2026-09-25T17:24:08.797692+00:00,0.8206,0.804,0.8078,0.8123,MAS,1.5845506313443964,0.4704134686803559
standardized,dbs,JPY,SGD,JPY/SGD,100,SGD < 50,amtLessThan50,SGD < 50,std_lt_50,mainCurrencies,2026-09-26 01:15:00,2026-09-25 17:15:15,2026-09-25T17:24:08.797692+00:00,0.8214,0.8032,0.8078,0.8123,MAS,1.6835850458034238,0.5694478831393832
standardized,dbs,KRW,SGD,KRW/SGD,100,SGD 50 – 200,amtBtw50And200,"SGD 200 – 39,999.99",std_200_40k,otherCurrencies,2026-09-26 01:15:00,2026-09-25 17:15:15,2026-09-25T17:24:08.797692+00:00,0.0953,,0.0941,,MAS,1.2752391073326172,
standardized,dbs,KRW,SGD,KRW/SGD,100,SGD 50 – 200,amtBtw50And200,"SGD 40,000 – 100,000",std_40k_100k,otherCurrencies,2026-09-26 01:15:00,2026-09-25 17:15:15,2026-09-25T17:24:08.797692+00:00,0.0953,,0.0941,,MAS,1.2752391073326172,
standardized,dbs,KRW,SGD,KRW/SGD,100,SGD 50 – 200,amtBtw50And200,SGD 50 – 200,std_50_200,otherCurrencies,2026-09-26 01:15:00,2026-09-25 17:15:15,2026-09-25T17:24:08.797692+00:00,0.0953,,0.0941,,MAS,1.2752391073326172,
standardized,dbs,KRW,SGD,KRW/SGD,100,SGD < 50,amtLessThan50,SGD < 50,std_lt_50,otherCurrencies,2026-09-26 01:15:00,2026-09-25 17:15:15,2026-09-25T17:24:08.797692+00:00,0.0953,,0.0941,,MAS,1.2752391073326172,
standardized,dbs,KWD,SGD,KWD/SGD,100,SGD 50 – 200,amtBtw50And200,"SGD 200 – 39,999.99",std_200_40k,otherCurrencies,2026-09-26 01:15:00,2026-09-25 17:15:15,2026-09-25T17:24:08.797692+00:00,424.2292,,,,,,
standardized,dbs,KWD,SGD,KWD/SGD,100,SGD 50 – 200,amtBtw50And200,"SGD 40,000 – 100,000",std_40k_100k,otherCurrencies,2026-09-26 01:15:00,2026-09-25 17:15:15,2026-09-25T17:24:08.797692+00:00,424.2292,,,,,,
standardized,dbs,KWD,SGD,KWD/SGD,100,SGD 50 – 200,amtBtw50And200,SGD 50 – 200,std_50_200,otherCurrencies,2026-09-26 01:15:00,2026-09-25 17:15:15,2026-09-25T17:24:08.797692+00:00,424.2292,,,,,,
standardized,dbs,KWD,SGD,KWD/SGD,100,SGD < 50,amtLessThan50,SGD < 50,std_lt_50,otherCurrencies,2026-09-26 01:15:00,2026-09-25 17:15:15,2026-09-25T17:24:08.797692+00:00,425.8989,,,,,,
standardized,dbs,LKR,SGD,LKR/SGD,100,SGD 50 – 200,amtBtw50And200,"SGD 200 – 39,999.99",std_200_40k,otherCurrencies,2026-09-26 01:15:00,2026-09-25 17:15:15,2026-09-25T17:24:08.797692+00:00,0.3945,,,,,,
standardized,dbs,LKR,SGD,LKR/SGD,100,SGD 50 – 200,amtBtw50And200,"SGD 40,000 – 100,000",std_40k_100k,otherCurrencies,2026-09-26 01:15:00,2026-09-25 17:15:15,2026-09-25T17:24:08.797692+00:00,0.3945,,,,,,
standardized,dbs,LKR,SGD,LKR/SGD,100,SGD 50 – 200,amtBtw50And200,SGD 50 – 200,std_50_200,otherCurrencies,2026-09-26 01:15:00,2026-09-25 17:15:15,2026-09-25T17:24:08.797692+00:00,0.3945,,,,,,
standardized,dbs,LKR,SGD,LKR/SGD,100,SGD < 50,amtLessThan50,SGD < 50,std_lt_50,otherCurrencies,2026-09-26 01:15:00,2026-09-25 17:15:15,2026-09-25T17:24:08.797692+00:00,0.3945,,,,,,
standardized,dbs,MM1,SGD,MM1/SGD,100,SGD 50 – 200,amtBtw50And200,"SGD 200 – 39,999.99",std_200_40k,otherCurrencies,2026-09-26 01:15:00,2026-09-25 17:15:15,2026-09-25T17:24:08.797692+00:00,,,,,,,
standardized,dbs,MM1,SGD,MM1/SGD,100,SGD 50 – 200,amtBtw50And200,"SGD 40,000 – 100,000",std_40k_100k,otherCurrencies,2026-09-26 01:15:00,2026-09-25 17:15:15,2026-09-25T17:24:08.797692+00:00,,,,,,,
standardized,dbs,MM1,SGD,MM1/SGD,100,SGD 50 – 200,amtBtw50And200,SGD 50 – 200,std_50_200,otherCurrencies,2026-09-26 01:15:00,2026-09-25 17:15:15,2026-09-25T17:24:08.797692+00:00,,,,,,,
standardized,dbs,MM1,SGD,MM1/SGD,100,SGD < 50,amtLessThan50,SGD < 50,std_lt_50,otherCurrencies,2026-09-26 01:15:00,2026-09-25 17:15:15,2026-09-25T17:24:08.797692+00:00,,,,,,,
standardized,dbs,MMK,SGD,MMK/SGD,100,SGD 50 – 200,amtBtw50And200,"SGD 200 – 39,999.99",std_200_40k,otherCurrencies,2026-09-26 01:15:00,2026-09-25 17:15:15,2026-09-25T17:24:08.797692+00:00,0.0325,,,,,,
standardized,dbs,MMK,SGD,MMK/SGD,100,SGD 50 – 200,amtBtw50And200,"SGD 40,000 – 100,000",std_40k_100k,otherCurrencies,2026-09-26 01:15:00,2026-09-25 17:15:15,2026-09-25T17:24:08.797692+00:00,0.0325,,,,,,
standardized,dbs,MMK,SGD,MMK/SGD,100,SGD 50 – 200,amtBtw50And200,SGD 50 – 200,std_50_200,otherCurrencies,2026-09-26 01:15:00,2026-09-25 17:15:15,2026-09-25T17:24:08.797692+00:00,0.0325,,,,,,
standardized,dbs,MMK,SGD,MMK/SGD,100,SGD < 50,amtLessThan50,SGD < 50,std_lt_50,otherCurrencies,2026-09-26 01:15:00,2026-09-25 17:15:15,2026-09-25T17:24:08.797692+00:00,0.0325,,,,,,
standardized,dbs,MUR,SGD,MUR/SGD,100,SGD 50 – 200,amtBtw50And200,"SGD 200 – 39,999.99",std_200_40k,otherCurrencies,2026-09-26 01:15:00,2026-09-25 17:15:15,2026-09-25T17:24:08.797692+00:00,2.7028,,,,,,
standardized,dbs,MUR,SGD,MUR/SGD,100,SGD 50 – 200,amtBtw50And200,"SGD 40,000 – 100,000",std_40k_100k,otherCurrencies,2026-09-26 01:15:00,2026-09-25 17:15:15,2026-09-25T17:24:08.797692+00:00,2.7028,,,,,,
standardized,dbs,MUR,SGD,MUR/SGD,100,SGD 50 – 200,amtBtw50And200,SGD 50 – 200,std_50_200,otherCurrencies,2026-09-26 01:15:00,2026-09-25 17:15:15,2026-09-25T17:24:08.797692+00:00,2.7028,,,,,,
standardized,dbs,MUR,SGD,MUR/SGD,100,SGD < 50,amtLessThan50,SGD < 50,std_lt_50,otherCurrencies,2026-09-26 01:15:00,2026-09-25 17:15:15,2026-09-25T17:24:08.797692+00:00,2.7135,,,,,,
standardized,dbs,MXN,SGD,MXN/SGD,100,SGD 50 – 200,amtBtw50And200,"SGD 200 – 39,999.99",std_200_40k,mainCurrencies,2026-09-26 01:15:00,2026-09-25 17:15:15,2026-09-25T17:24:08.797692+00:00,7.3201,,,,,,
standardized,dbs,MXN,SGD,MXN/SGD,100,SGD 50 – 200,amtBtw50And200,"SGD 40,000 – 100,000",std_40k_100k,mainCurrencies,2026-09-26 01:15:00,2026-09-25 17:15:15,2026-09-25T17:24:08.797692+00:00,7.3201,,,,,,
standardized,dbs,MXN,SGD,MXN/SGD,100,SGD 50 – 200,amtBtw50And200,SGD 50 – 200,std_50_200,mainCurrencies,2026-09-26 01:15:00,2026-09-25 17:15:15,2026-09-25T17:24:08.797692+00:00,7.3201,,,,,,
standardized,dbs,MXN,SGD,MXN/SGD,100,SGD < 50,amtLessThan50,SGD < 50,std_lt_50,mainCurrencies,2026-09-26 01:15:00,2026-09-25 17:15:15,2026-09-25T17:24:08.797692+00:00,7.3201,,,,,,
standardized,dbs,MY0,SGD,MY0/SGD,1,SGD 50 – 200,amtBtw50And200,"SGD 200 – 39,999.99",std_200_40k,otherCurrencies,2026-09-26 01:15:00,2026-09-25 17:15:15,2026-09-25T17:24:08.797692+00:00,,0.3131,,,,,
standardized,dbs,MY0,SGD,MY0/SGD,1,SGD 50 – 200,amtBtw50And200,"SGD 40,000 – 100,000",std_40k_100k,otherCurrencies,2026-09-26 01:15:00,2026-09-25 17:15:15,2026-09-25T17:24:08.797692+00:00,,0.3131,,,,,
standardized,dbs,MY0,SGD,MY0/SGD,1,SGD 50 – 200,amtBtw50And200,SGD 50 – 200,std_50_200,otherCurrencies,2026-09-26 01:15:00,2026-09-25 17:15:15,2026-09-25T17:24:08.797692+00:00,,0.3131,,,,,
standardized,dbs,MY0,SGD,MY0/SGD,1,SGD < 50,amtLessThan50,SGD < 50,std_lt_50,otherCurrencies,2026-09-26 01:15:00,2026-09-25 17:15:15,2026-09-25T17:24:08.797692+00:00,,0.3131,,,,,
standardized,dbs,MYR,SGD,MYR/SGD,1,SGD 50 – 200,amtBtw50And200,"SGD 200 – 39,999.99",std_200_40k,otherCurrencies,2026-09-26 01:15:00,2026-09-25 17:15:15,2026-09-25T17:24:08.797692+00:00,0.3171,,0.31379999999999997,,MAS,1.0516252390057443,
standardized,dbs,MYR,SGD,MYR/SGD,1,SGD 50 – 200,amtBtw50And200,"SGD 40,000 – 100,000",std_40k_100k,otherCurrencies,2026-09-26 01:15:00,2026-09-25 17:15:15,2026-09-25T17:24:08.797692+00:00,0.3171,,0.31379999999999997,,MAS,1.0516252390057443,
standardized,dbs,MYR,SGD,MYR/SGD,1,SGD 50 – 200,amtBtw50And200,SGD 50 – 200,std_50_200,otherCurrencies,2026-09-26 01:15:00,2026-09-25 17:15:15,2026-09-25T17:24:08.797692+00:00,0.3171,,0.31379999999999997,,MAS,1.0516252390057443,
standardized,dbs,MYR,SGD,MYR/SGD,1,SGD < 50,amtLessThan50,SGD < 50,std_lt_50,otherCurrencies,2026-09-26 01:15:00,2026-09-25 17:15:15,2026-09-25T17:24:08.797692+00:00,0.3171,,0.31379999999999997,,MAS,1.0516252390057443,
standardized,dbs,NOK,SGD,NOK/SGD,1,SGD 50 – 200,amtBtw50And200,"SGD 200 – 39,999.99",std_200_40k,mainCurrencies,2026-09-26 01:15:00,2026-09-25 17:15:15,2026-09-25T17:24:08.797692+00:00,0.1363,0.1325,,0.13440000000000002,,,
standardized,dbs,NOK,SGD,NOK/SGD,1,SGD 50 – 200,amtBtw50And200,"SGD 40,000 – 100,000",std_40k_100k,mainCurrencies,2026-09-26 01:15:00,2026-09-25 17:15:15,2026-09-25T17:24:08.797692+00:00,0.1363,0.1325,,0.13440000000000002,,,
standardized,dbs,NOK,SGD,NOK/SGD,1,SGD 50 – 200,amtBtw50And200,SGD 50 – 200,std_50_200,mainCurrencies,2026-09-26 01:15:00,2026-09-25 17:15:15,2026-09-25T17:24:08.797692+00:00,0.1363,0.1325,,0.13440000000000002,,,
standardized,dbs,NOK,SGD,NOK/SGD,1,SGD < 50,amtLessThan50,SGD < 50,std_lt_50,mainCurrencies,2026-09-26 01:15:00,2026-09-25 17:15:15,2026-09-25T17:24:08.797692+00:00,0.1367,0.1321,,0.1344,,,
standardized,dbs,NZD,SGD,NZD/SGD,1,SGD 50 – 200,amtBtw50And200,"SGD 200 – 39,999.99",std_200_40k,mainCurrencies,2026-09-26 01:15:00,2026-09-25 17:15:15,2026-09-25T17:24:08.797692+00:00,0.7322,0.7154,0.7232,0.7238,MAS,1.2444690265486738,1.0785398230088383
standardized,dbs,NZD,SGD,NZD/SGD,1,SGD 50 – 200,amtBtw50And200,"SGD 40,000 – 100,000",std_40k_100k,mainCurrencies,2026-09-26 01:15:00,2026-09-25 17:15:15,2026-09-25T17:24:08.797692+00:00,0.7322,0.7154,0.7232,0.7238,MAS,1.2444690265486738,1.0785398230088383
standardized,dbs,NZD,SGD,NZD/SGD,1,SGD 50 – 200,amtBtw50And200,SGD 50 – 200,std_50_200,mainCurrencies,2026-09-26 01:15:00,2026-09-25 17:15:15,2026-09-25T17:24:08.797692+00:00,0.7322,0.7154,0.7232,0.7238,MAS,1.2444690265486738,1.0785398230088383
standardized,dbs,NZD,SGD,NZD/SGD,1,SGD < 50,amtLessThan50,SGD < 50,std_lt_50,mainCurrencies,2026-09-26 01:15:00,2026-09-25 17:15:15,2026-09-25T17:24:08.797692+00:00,0.733,0.7146,0.7232,0.7238,MAS,1.3550884955752256,1.1891592920353902
standardized,dbs,OMR,SGD,OMR/SGD,1,SGD 50 – 200,amtBtw50And200,"SGD 200 – 39,999.99",std_200_40k,otherCurrencies,2026-09-26 01:15:00,2026-09-25 17:15:15,2026-09-25T17:24:08.797692+00:00,3.3411,,,,,,
standardized,dbs,OMR,SGD,OMR/SGD,1,SGD 50 – 200,amtBtw50And200,"SGD 40,000 – 100,000",std_40k_100k,otherCurrencies,2026-09-26 01:15:00,2026-09-25 17:15:15,2026-09-25T17:24:08.797692+00:00,3.3411,,,,,,
standardized,dbs,OMR,SGD,OMR/SGD,1,SGD 50 – 200,amtBtw50And200,SGD 50 – 200,std_50_200,otherCurrencies,2026-09-26 01:15:00,2026-09-25 17:15:15,2026-09-25T17:24:08.797692+00:00,3.3411,,,,,,
standardized,dbs,OMR,SGD,OMR/SGD,1,SGD < 50,amtLessThan50,SGD < 50,std_lt_50,otherCurrencies,2026-09-26 01:15:00,2026-09-25 17:15:15,2026-09-25T17:24:08.797692+00:00,3.3411,,,,,,
standardized,dbs,PH0,SGD,PH0/SGD,100,SGD 50 – 200,amtBtw50And200,"SGD 200 – 39,999.99",std_200_40k,otherCurrencies,2026-09-26 01:15:00,2026-09-25 17:15:15,2026-09-25T17:24:08.797692+00:00,,2.0393,,,,,
standardized,dbs,PH0,SGD,PH0/SGD,100,SGD 50 – 200,amtBtw50And200,"SGD 40,000 – 100,000",std_40k_100k,otherCurrencies,2026-09-26 01:15:00,2026-09-25 17:15:15,2026-09-25T17:24:08.797692+00:00,,2.0393,,,,,
standardized,dbs,PH0,SGD,PH0/SGD,100,SGD 50 – 200,amtBtw50And200,SGD 50 – 200,std_50_200,otherCurrencies,2026-09-26 01:15:00,2026-09-25 17:15:15,2026-09-25T17:24:08.797692+00:00,,2.0393,,,,,
standardized,dbs,PH0,SGD,PH0/SGD,100,SGD < 50,amtLessThan50,SGD < 50,std_lt_50,otherCurrencies,2026-09-26 01:15:00,2026-09-25 17:15:15,2026-09-25T17:24:08.797692+00:00,,2.0393,,,,,
standardized,dbs,PHP,SGD,PHP/SGD,100,SGD 50 – 200,amtBtw50And200,"SGD 200 – 39,999.99",std_200_40k,otherCurrencies,2026-09-26 01:15:00,2026-09-25 17:15:15,2026-09-25T17:24:08.797692+00:00,2.0677,,2.0446,,MAS,1.1298053408979702,
standardized,dbs,PHP,SGD,PHP/SGD,100,SGD 50 – 200,amtBtw50And200,"SGD 40,000 – 100,000",std_40k_100k,otherCurrencies,2026-09-26 01:15:00,2026-09-25 17:15:15,2026-09-25T17:24:08.797692+00:00,2.0677,,2.0446,,MAS,1.1298053408979702,
standardized,dbs,PHP,SGD,PHP/SGD,100,SGD 50 – 200,amtBtw50And200,SGD 50 – 200,std_50_200,otherCurrencies,2026-09-26 01:15:00,2026-09-25 17:15:15,2026-09-25T17:24:08.797692+00:00,2.0677,,2.0446,,MAS,1.1298053408979702,
standardized,dbs,PHP,SGD,PHP/SGD,100,SGD < 50,amtLessThan50,SGD < 50,std_lt_50,otherCurrencies,2026-09-26 01:15:00,2026-09-25 17:15:15,2026-09-25T17:24:08.797692+00:00,2.0833,,2.0446,,MAS,1.8927907659199823,
standardized,dbs,PLN,SGD,PLN/SGD,1,SGD 50 – 200,amtBtw50And200,"SGD 200 – 39,999.99",std_200_40k,otherCurrencies,2026-09-26 01:15:00,2026-09-25 17:15:15,2026-09-25T17:24:08.797692+00:00,0.3377,,,,,,
standardized,dbs,PLN,SGD,PLN/SGD,1,SGD 50 – 200,amtBtw50And200,"SGD 40,000 – 100,000",std_40k_100k,otherCurrencies,2026-09-26 01:15:00,2026-09-25 17:15:15,2026-09-25T17:24:08.797692+00:00,0.3377,,,,,,
standardized,dbs,PLN,SGD,PLN/SGD,1,SGD 50 – 200,amtBtw50And200,SGD 50 – 200,std_50_200,otherCurrencies,2026-09-26 01:15:00,2026-09-25 17:15:15,2026-09-25T17:24:08.797692+00:00,0.3377,,,,,,
standardized,dbs,PLN,SGD,PLN/SGD,1,SGD < 50,amtLessThan50,SGD < 50,std_lt_50,otherCurrencies,2026-09-26 01:15:00,2026-09-25 17:15:15,2026-09-25T17:24:08.797692+00:00,0.3391,,,,,,
standardized,dbs,QAR,SGD,QAR/SGD,1,SGD 50 – 200,amtBtw50And200,"SGD 200 – 39,999.99",std_200_40k,otherCurrencies,2026-09-26 01:15:00,2026-09-25 17:15:15,2026-09-25T17:24:08.797692+00:00,0.3584,,0.35109999999999997,,MAS,2.0791797208772516,
standardized,dbs,QAR,SGD,QAR/SGD,1,SGD 50 – 200,amtBtw50And200,"SGD 40,000 – 100,000",std_40k_100k,otherCurrencies,2026-09-26 01:15:00,2026-09-25 17:15:15,2026-09-25T17:24:08.797692+00:00,0.3584,,0.35109999999999997,,MAS,2.0791797208772516,
standardized,dbs,QAR,SGD,QAR/SGD,1,SGD 50 – 200,amtBtw50And200,SGD 50 – 200,std_50_200,otherCurrencies,2026-09-26 01:15:00,2026-09-25 17:15:15,2026-09-25T17:24:08.797692+00:00,0.3584,,0.35109999999999997,,MAS,2.0791797208772516,
standardized,dbs,QAR,SGD,QAR/SGD,1,SGD < 50,amtLessThan50,SGD < 50,std_lt_50,otherCurrencies,2026-09-26 01:15:00,2026-09-25 17:15:15,2026-09-25T17:24:08.797692+00:00,0.3598,,0.35109999999999997,,MAS,2.4779265166619315,
standardized,dbs,RUB,SGD,RUB/SGD,100,SGD 50 – 200,amtBtw50And200,"SGD 200 – 39,999.99",std_200_40k,mainCurrencies,2026-09-26 01:15:00,2026-09-25 17:15:15,2026-09-25T17:24:08.797692+00:00,,,,,,,
standardized,dbs,RUB,SGD,RUB/SGD,100,SGD 50 – 200,amtBtw50And200,"SGD 40,000 – 100,000",std_40k_100k,mainCurrencies,2026-09-26 01:15:00,2026-09-25 17:15:15,2026-09-25T17:24:08.797692+00:00,,,,,,,
standardized,dbs,RUB,SGD,RUB/SGD,100,SGD 50 – 200,amtBtw50And200,SGD 50 – 200,std_50_200,mainCurrencies,2026-09-26 01:15:00,2026-09-25 17:15:15,2026-09-25T17:24:08.797692+00:00,,,,,,,
standardized,dbs,RUB,SGD,RUB/SGD,100,SGD < 50,amtLessThan50,SGD < 50,std_lt_50,mainCurrencies,2026-09-26 01:15:00,2026-09-25 17:15:15,2026-09-25T17:24:08.797692+00:00,,,,,,,
standardized,dbs,SAR,SGD,SAR/SGD,100,SGD 50 – 200,amtBtw50And200,"SGD 200 – 39,999.99",std_200_40k,otherCurrencies,2026-09-26 01:15:00,2026-09-25 17:15:15,2026-09-25T17:24:08.797692+00:00,34.4667,,34.07,,MAS,1.1643674787202898,
standardized,dbs,SAR,SGD,SAR/SGD,100,SGD 50 – 200,amtBtw50And200,"SGD 40,000 – 100,000",std_40k_100k,otherCurrencies,2026-09-26 01:15:00,2026-09-25 17:15:15,2026-09-25T17:24:08.797692+00:00,34.4667,,34.07,,MAS,1.1643674787202898,
standardized,dbs,SAR,SGD,SAR/SGD,100,SGD 50 – 200,amtBtw50And200,SGD 50 – 200,std_50_200,otherCurrencies,2026-09-26 01:15:00,2026-09-25 17:15:15,2026-09-25T17:24:08.797692+00:00,34.4667,,34.07,,MAS,1.1643674787202898,
standardized,dbs,SAR,SGD,SAR/SGD,100,SGD < 50,amtLessThan50,SGD < 50,std_lt_50,otherCurrencies,2026-09-26 01:15:00,2026-09-25 17:15:15,2026-09-25T17:24:08.797692+00:00,34.4664,,34.07,,MAS,1.1634869386557085,
standardized,dbs,SEK,SGD,SEK/SGD,1,SGD 50 – 200,amtBtw50And200,"SGD 200 – 39,999.99",std_200_40k,mainCurrencies,2026-09-26 01:15:00,2026-09-25 17:15:15,2026-09-25T17:24:08.797692+00:00,0.1306,0.1271,,0.12885,,,
standardized,dbs,SEK,SGD,SEK/SGD,1,SGD 50 – 200,amtBtw50And200,"SGD 40,000 – 100,000",std_40k_100k,mainCurrencies,2026-09-26 01:15:00,2026-09-25 17:15:15,2026-09-25T17:24:08.797692+00:00,0.1306,0.1271,,0.12885,,,
standardized,dbs,SEK,SGD,SEK/SGD,1,SGD 50 – 200,amtBtw50And200,SGD 50 – 200,std_50_200,mainCurrencies,2026-09-26 01:15:00,2026-09-25 17:15:15,2026-09-25T17:24:08.797692+00:00,0.1306,0.1271,,0.12885,,,
standardized,dbs,SEK,SGD,SEK/SGD,1,SGD < 50,amtLessThan50,SGD < 50,std_lt_50,mainCurrencies,2026-09-26 01:15:00,2026-09-25 17:15:15,2026-09-25T17:24:08.797692+00:00,0.1311,0.1266,,0.12885,,,
standardized,dbs,THB,SGD,THB/SGD,100,SGD 50 – 200,amtBtw50And200,"SGD 200 – 39,999.99",std_200_40k,mainCurrencies,2026-09-26 01:15:00,2026-09-25 17:15:15,2026-09-25T17:24:08.797692+00:00,3.8869,3.772,3.8234999999999997,3.8294499999999996,MAS,1.6581666012815517,1.3469334379495197
standardized,dbs,THB,SGD,THB/SGD,100,SGD 50 – 200,amtBtw50And200,"SGD 40,000 – 100,000",std_40k_100k,mainCurrencies,2026-09-26 01:15:00,2026-09-25 17:15:15,2026-09-25T17:24:08.797692+00:00,3.8869,3.772,3.8234999999999997,3.8294499999999996,MAS,1.6581666012815517,1.3469334379495197
standardized,dbs,THB,SGD,THB/SGD,100,SGD 50 – 200,amtBtw50And200,SGD 50 – 200,std_50_200,mainCurrencies,2026-09-26 01:15:00,2026-09-25 17:15:15,2026-09-25T17:24:08.797692+00:00,3.8869,3.772,3.8234999999999997,3.8294499999999996,MAS,1.6581666012815517,1.3469334379495197
standardized,dbs,THB,SGD,THB/SGD,100,SGD < 50,amtLessThan50,SGD < 50,std_lt_50,mainCurrencies,2026-09-26 01:15:00,2026-09-25 17:15:15,2026-09-25T17:24:08.797692+00:00,3.8923,3.7689,3.8234999999999997,3.8306,MAS,1.7993984569112182,1.4280109846998763
standardized,dbs,TND,SGD,TND/SGD,1,SGD 50 – 200,amtBtw50And200,"SGD 200 – 39,999.99",std_200_40k,otherCurrencies,2026-09-26 01:15:00,2026-09-25 17:15:15,2026-09-25T17:24:08.797692+00:00,0.4438,,,,,,
standardized,dbs,TND,SGD,TND/SGD,1,SGD 50 – 200,amtBtw50And200,"SGD 40,000 – 100,000",std_40k_100k,otherCurrencies,2026-09-26 01:15:00,2026-09-25 17:15:15,2026-09-25T17:24:08.797692+00:00,0.4438,,,,,,
standardized,dbs,TND,SGD,TND/SGD,1,SGD 50 – 200,amtBtw50And200,SGD 50 – 200,std_50_200,otherCurrencies,2026-09-26 01:15:00,2026-09-25 17:15:15,2026-09-25T17:24:08.797692+00:00,0.4438,,,,,,
standardized,dbs,TND,SGD,TND/SGD,1,SGD < 50,amtLessThan50,SGD < 50,std_lt_50,otherCurrencies,2026-09-26 01:15:00,2026-09-25 17:15:15,2026-09-25T17:24:08.797692+00:00,0.4438,,,,,,
standardized,dbs,TWD,SGD,TWD/SGD,100,SGD 50 – 200,amtBtw50And200,"SGD 200 – 39,999.99",std_200_40k,otherCurrencies,2026-09-26 01:15:00,2026-09-25 17:15:15,2026-09-25T17:24:08.797692+00:00,4.0694,,4.0272,,MAS,1.0478744537147457,
standardized,dbs,TWD,SGD,TWD/SGD,100,SGD 50 – 200,amtBtw50And200,"SGD 40,000 – 100,000",std_40k_100k,otherCurrencies,2026-09-26 01:15:00,2026-09-25 17:15:15,2026-09-25T17:24:08.797692+00:00,4.0694,,4.0272,,MAS,1.0478744537147457,
standardized,dbs,TWD,SGD,TWD/SGD,100,SGD 50 – 200,amtBtw50And200,SGD 50 – 200,std_50_200,otherCurrencies,2026-09-26 01:15:00,2026-09-25 17:15:15,2026-09-25T17:24:08.797692+00:00,4.0694,,4.0272,,MAS,1.0478744537147457,
standardized,dbs,TWD,SGD,TWD/SGD,100,SGD < 50,amtLessThan50,SGD < 50,std_lt_50,otherCurrencies,2026-09-26 01:15:00,2026-09-25 17:15:15,2026-09-25T17:24:08.797692+00:00,4.0734,,4.0272,,MAS,1.1471990464839266,
standardized,dbs,USD,SGD,USD/SGD,1,SGD 50 – 200,amtBtw50And200,"SGD 200 – 39,999.99",std_200_40k,mainCurrencies,2026-09-26 01:15:00,2026-09-25 17:15:15,2026-09-25T17:24:08.797692+00:00,1.2887,1.2674,1.2794,1.27805,MAS,0.7269032358918136,0.9379396592152579
standardized,dbs,USD,SGD,USD/SGD,1,SGD 50 – 200,amtBtw50And200,"SGD 40,000 – 100,000",std_40k_100k,mainCurrencies,2026-09-26 01:15:00,2026-09-25 17:15:15,2026-09-25T17:24:08.797692+00:00,1.2887,1.2674,1.2794,1.27805,MAS,0.7269032358918136,0.9379396592152579
standardized,dbs,USD,SGD,USD/SGD,1,SGD 50 – 200,amtBtw50And200,SGD 50 – 200,std_50_200,mainCurrencies,2026-09-26 01:15:00,2026-09-25 17:15:15,2026-09-25T17:24:08.797692+00:00,1.2887,1.2674,1.2794,1.27805,MAS,0.7269032358918136,0.9379396592152579
standardized,dbs,USD,SGD,USD/SGD,1,SGD < 50,amtLessThan50,SGD < 50,std_lt_50,mainCurrencies,2026-09-26 01:15:00,2026-09-25 17:15:15,2026-09-25T17:24:08.797692+00:00,1.2896,1.2665,1.2794,1.27805,MAS,0.7972487103329675,1.0082851336564118
standardized,dbs,VND,SGD,VND/SGD,100,SGD 50 – 200,amtBtw50And200,"SGD 200 – 39,999.99",std_200_40k,otherCurrencies,2026-09-26 01:15:00,2026-09-25 17:15:15,2026-09-25T17:24:08.797692+00:00,0.0051,,0.004926,,MAS,3.5322777101096334,
standardized,dbs,VND,SGD,VND/SGD,100,SGD 50 – 200,amtBtw50And200,"SGD 40,000 – 100,000",std_40k_100k,otherCurrencies,2026-09-26 01:15:00,2026-09-25 17:15:15,2026-09-25T17:24:08.797692+00:00,0.0051,,0.004926,,MAS,3.5322777101096334,
standardized,dbs,VND,SGD,VND/SGD,100,SGD 50 – 200,amtBtw50And200,SGD 50 – 200,std_50_200,otherCurrencies,2026-09-26 01:15:00,2026-09-25 17:15:15,2026-09-25T17:24:08.797692+00:00,0.0051,,0.004926,,MAS,3.5322777101096334,
standardized,dbs,VND,SGD,VND/SGD,100,SGD < 50,amtLessThan50,SGD < 50,std_lt_50,otherCurrencies,2026-09-26 01:15:00,2026-09-25 17:15:15,2026-09-25T17:24:08.797692+00:00,0.0051,,0.004926,,MAS,3.5322777101096334,
standardized,dbs,XAU,SGD,XAU/SGD,1,SGD 50 – 200,amtBtw50And200,"SGD 200 – 39,999.99",std_200_40k,otherCurrencies,2026-09-26 01:15:00,2026-09-25 17:15:15,2026-09-25T17:24:08.797692+00:00,5515.323,5448.395,,5481.859,,,
standardized,dbs,XAU,SGD,XAU/SGD,1,SGD 50 – 200,amtBtw50And200,"SGD 40,000 – 100,000",std_40k_100k,otherCurrencies,2026-09-26 01:15:00,2026-09-25 17:15:15,2026-09-25T17:24:08.797692+00:00,5515.323,5448.395,,5481.859,,,
standardized,dbs,XAU,SGD,XAU/SGD,1,SGD 50 – 200,amtBtw50And200,SGD 50 – 200,std_50_200,otherCurrencies,2026-09-26 01:15:00,2026-09-25 17:15:15,2026-09-25T17:24:08.797692+00:00,5515.323,5448.395,,5481.859,,,
standardized,dbs,XAU,SGD,XAU/SGD,1,SGD < 50,amtLessThan50,SGD < 50,std_lt_50,otherCurrencies,2026-09-26 01:15:00,2026-09-25 17:15:15,2026-09-25T17:24:08.797692+00:00,5515.499,5448.568,,5482.0335,,,
standardized,dbs,ZAR,SGD,ZAR/SGD,1,SGD 50 – 200,amtBtw50And200,"SGD 200 – 39,999.99",std_200_40k,otherCurrencies,2026-09-26 01:15:00,2026-09-25 17:15:15,2026-09-25T17:24:08.797692+00:00,0.0793,0.0774,,0.07835,,,
standardized,dbs,ZAR,SGD,ZAR/SGD,1,SGD 50 – 200,amtBtw50And200,"SGD 40,000 – 100,000",std_40k_100k,otherCurrencies,2026-09-26 01:15:00,2026-09-25 17:15:15,2026-09-25T17:24:08.797692+00:00,0.0793,0.0774,,0.07835,,,
standardized,dbs,ZAR,SGD,ZAR/SGD,1,SGD 50 – 200,amtBtw50And200,SGD 50 – 200,std_50_200,otherCurrencies,2026-09-26 01:15:00,2026-09-25 17:15:15,2026-09-25T17:24:08.797692+00:00,0.0793,0.0774,,0.07835,,,
standardized,dbs,ZAR,SGD,ZAR/SGD,1,SGD < 50,amtLessThan50,SGD < 50,std_lt_50,otherCurrencies,2026-09-26 01:15:00,2026-09-25 17:15:15,2026-09-25T17:24:08.797692+00:00,0.0796,0.077,,0.07830000000000001,,,
standardized,hsbc,AED,SGD,AED/SGD,100,Indicative board,board,"SGD 200 – 39,999.99",std_200_40k,indicative_fx,2026-9-25,2026-9-25,2026-09-25T17:24:16.573372+00:00,35.99,33.72,34.83,34.855000000000004,MAS,3.3304622451909385,3.1869078380706273
standardized,hsbc,AED,SGD,AED/SGD,100,Indicative board,board,"SGD 40,000 – 100,000",std_40k_100k,indicative_fx,2026-9-25,2026-9-25,2026-09-25T17:24:16.573372+00:00,35.99,33.72,34.83,34.855000000000004,MAS,3.3304622451909385,3.1869078380706273
standardized,hsbc,AED,SGD,AED/SGD,100,Indicative board,board,SGD 50 – 200,std_50_200,indicative_fx,2026-9-25,2026-9-25,2026-09-25T17:24:16.573372+00:00,35.99,33.72,34.83,34.855000000000004,MAS,3.3304622451909385,3.1869078380706273
standardized,hsbc,AED,SGD,AED/SGD,100,Indicative board,board,SGD < 50,std_lt_50,indicative_fx,2026-9-25,2026-9-25,2026-09-25T17:24:16.573372+00:00,35.99,33.72,34.83,34.855000000000004,MAS,3.3304622451909385,3.1869078380706273
standardized,hsbc,AUD,SGD,AUD/SGD,1,Indicative board,board,"SGD 200 – 39,999.99",std_200_40k,indicative_fx,2026-9-25,2026-9-25,2026-09-25T17:24:16.573372+00:00,0.924,0.8699,0.8973,0.89695,MAS,2.975593447007696,3.0536052602251176
standardized,hsbc,AUD,SGD,AUD/SGD,1,Indicative board,board,"SGD 40,000 – 100,000",std_40k_100k,indicative_fx,2026-9-25,2026-9-25,2026-09-25T17:24:16.573372+00:00,0.924,0.8699,0.8973,0.89695,MAS,2.975593447007696,3.0536052602251176
standardized,hsbc,AUD,SGD,AUD/SGD,1,Indicative board,board,SGD 50 – 200,std_50_200,indicative_fx,2026-9-25,2026-9-25,2026-09-25T17:24:16.573372+00:00,0.924,0.8699,0.8973,0.89695,MAS,2.975593447007696,3.0536052602251176
standardized,hsbc,AUD,SGD,AUD/SGD,1,Indicative board,board,SGD < 50,std_lt_50,indicative_fx,2026-9-25,2026-9-25,2026-09-25T17:24:16.573372+00:00,0.924,0.8699,0.8973,0.89695,MAS,2.975593447007696,3.0536052602251176
standardized,hsbc,CAD,SGD,CAD/SGD,1,Indicative board,board,"SGD 200 – 39,999.99",std_200_40k,indicative_fx,2026-9-25,2026-9-25,2026-09-25T17:24:16.573372+00:00,0.9321,0.8776,0.9042,0.90485,MAS,3.0856005308560093,2.9418270294182656
standardized,hsbc,CAD,SGD,CAD/SGD,1,Indicative board,board,"SGD 40,000 – 100,000",std_40k_100k,indicative_fx,2026-9-25,2026-9-25,2026-09-25T17:24:16.573372+00:00,0.9321,0.8776,0.9042,0.90485,MAS,3.0856005308560093,2.9418270294182656
standardized,hsbc,CAD,SGD,CAD/SGD,1,Indicative board,board,SGD 50 – 200,std_50_200,indicative_fx,2026-9-25,2026-9-25,2026-09-25T17:24:16.573372+00:00,0.9321,0.8776,0.9042,0.90485,MAS,3.0856005308560093,2.9418270294182656
standardized,hsbc,CAD,SGD,CAD/SGD,1,Indicative board,board,SGD < 50,std_lt_50,indicative_fx,2026-9-25,2026-9-25,2026-09-25T17:24:16.573372+00:00,0.9321,0.8776,0.9042,0.90485,MAS,3.0856005308560093,2.9418270294182656
standardized,hsbc,CHF,SGD,CHF/SGD,100,Indicative board,board,"SGD 200 – 39,999.99",std_200_40k,indicative_fx,2026-9-25,2026-9-25,2026-09-25T17:24:16.573372+00:00,159.19,149.89,154.28,154.54,MAS,3.182525278714024,2.8454757583614305
standardized,hsbc,CHF,SGD,CHF/SGD,100,Indicative board,board,"SGD 40,000 – 100,000",std_40k_100k,indicative_fx,2026-9-25,2026-9-25,2026-09-25T17:24:16.573372+00:00,159.19,149.89,154.28,154.54,MAS,3.182525278714024,2.8454757583614305
standardized,hsbc,CHF,SGD,CHF/SGD,100,Indicative board,board,SGD 50 – 200,std_50_200,indicative_fx,2026-9-25,2026-9-25,2026-09-25T17:24:16.573372+00:00,159.19,149.89,154.28,154.54,MAS,3.182525278714024,2.8454757583614305
standardized,hsbc,CHF,SGD,CHF/SGD,100,Indicative board,board,SGD < 50,std_lt_50,indicative_fx,2026-9-25,2026-9-25,2026-09-25T17:24:16.573372+00:00,159.19,149.89,154.28,154.54,MAS,3.182525278714024,2.8454757583614305
standardized,hsbc,CNY,SGD,CNY/SGD,100,Indicative board,board,"SGD 200 – 39,999.99",std_200_40k,indicative_fx,2026-9-25,2026-9-25,2026-09-25T17:24:16.573372+00:00,19.68,18.43,19.06,19.055,MAS,3.2528856243441817,3.305351521511013
standardized,hsbc,CNY,SGD,CNY/SGD,100,Indicative board,board,"SGD 40,000 – 100,000",std_40k_100k,indicative_fx,2026-9-25,2026-9-25,2026-09-25T17:24:16.573372+00:00,19.68,18.43,19.06,19.055,MAS,3.2528856243441817,3.305351521511013
standardized,hsbc,CNY,SGD,CNY/SGD,100,Indicative board,board,SGD 50 – 200,std_50_200,indicative_fx,2026-9-25,2026-9-25,2026-09-25T17:24:16.573372+00:00,19.68,18.43,19.06,19.055,MAS,3.2528856243441817,3.305351521511013
standardized,hsbc,CNY,SGD,CNY/SGD,100,Indicative board,board,SGD < 50,std_lt_50,indicative_fx,2026-9-25,2026-9-25,2026-09-25T17:24:16.573372+00:00,19.68,18.43,19.06,19.055,MAS,3.2528856243441817,3.305351521511013
standardized,hsbc,DKK,SGD,DKK/SGD,100,Indicative board,board,"SGD 200 – 39,999.99",std_200_40k,indicative_fx,2026-9-25,2026-9-25,2026-09-25T17:24:16.573372+00:00,20.06,18.88,,19.47,,,
standardized,hsbc,DKK,SGD,DKK/SGD,100,Indicative board,board,"SGD 40,000 – 100,000",std_40k_100k,indicative_fx,2026-9-25,2026-9-25,2026-09-25T17:24:16.573372+00:00,20.06,18.88,,19.47,,,
standardized,hsbc,DKK,SGD,DKK/SGD,100,Indicative board,board,SGD 50 – 200,std_50_200,indicative_fx,2026-9-25,2026-9-25,2026-09-25T17:24:16.573372+00:00,20.06,18.88,,19.47,,,
standardized,hsbc,DKK,SGD,DKK/SGD,100,Indicative board,board,SGD < 50,std_lt_50,indicative_fx,2026-9-25,2026-9-25,2026-09-25T17:24:16.573372+00:00,20.06,18.88,,19.47,,,
standardized,hsbc,EUR,SGD,EUR/SGD,1,Indicative board,board,"SGD 200 – 39,999.99",std_200_40k,indicative_fx,2026-9-25,2026-9-25,2026-09-25T17:24:16.573372+00:00,1.4993,1.4118,1.4544,1.4555500000000001,MAS,3.0871837183718482,2.9290429042904274
standardized,hsbc,EUR,SGD,EUR/SGD,1,Indicative board,board,"SGD 40,000 – 100,000",std_40k_100k,indicative_fx,2026-9-25,2026-9-25,2026-09-25T17:24:16.573372+00:00,1.4993,1.4118,1.4544,1.4555500000000001,MAS,3.0871837183718482,2.9290429042904274
standardized,hsbc,EUR,SGD,EUR/SGD,1,Indicative board,board,SGD 50 – 200,std_50_200,indicative_fx,2026-9-25,2026-9-25,2026-09-25T17:24:16.573372+00:00,1.4993,1.4118,1.4544,1.4555500000000001,MAS,3.0871837183718482,2.9290429042904274
standardized,hsbc,EUR,SGD,EUR/SGD,1,Indicative board,board,SGD < 50,std_lt_50,indicative_fx,2026-9-25,2026-9-25,2026-09-25T17:24:16.573372+00:00,1.4993,1.4118,1.4544,1.4555500000000001,MAS,3.0871837183718482,2.9290429042904274
standardized,hsbc,FJD,SGD,FJD/SGD,1,Indicative board,board,"SGD 200 – 39,999.99",std_200_40k,indicative_fx,2026-9-25,2026-9-25,2026-09-25T17:24:16.573372+00:00,0.5987,,,,,,
standardized,hsbc,FJD,SGD,FJD/SGD,1,Indicative board,board,"SGD 40,000 – 100,000",std_40k_100k,indicative_fx,2026-9-25,2026-9-25,2026-09-25T17:24:16.573372+00:00,0.5987,,,,,,
standardized,hsbc,FJD,SGD,FJD/SGD,1,Indicative board,board,SGD 50 – 200,std_50_200,indicative_fx,2026-9-25,2026-9-25,2026-09-25T17:24:16.573372+00:00,0.5987,,,,,,
standardized,hsbc,FJD,SGD,FJD/SGD,1,Indicative board,board,SGD < 50,std_lt_50,indicative_fx,2026-9-25,2026-9-25,2026-09-25T17:24:16.573372+00:00,0.5987,,,,,,
standardized,hsbc,GBP,SGD,GBP/SGD,1,Indicative board,board,"SGD 200 – 39,999.99",std_200_40k,indicative_fx,2026-9-25,2026-9-25,2026-09-25T17:24:16.573372+00:00,1.7419,1.6401,1.6901,1.6909999999999998,MAS,3.064907401928884,2.958404828116682
standardized,hsbc,GBP,SGD,GBP/SGD,1,Indicative board,board,"SGD 40,000 – 100,000",std_40k_100k,indicative_fx,2026-9-25,2026-9-25,2026-09-25T17:24:16.573372+00:00,1.7419,1.6401,1.6901,1.6909999999999998,MAS,3.064907401928884,2.958404828116682
standardized,hsbc,GBP,SGD,GBP/SGD,1,Indicative board,board,SGD 50 – 200,std_50_200,indicative_fx,2026-9-25,2026-9-25,2026-09-25T17:24:16.573372+00:00,1.7419,1.6401,1.6901,1.6909999999999998,MAS,3.064907401928884,2.958404828116682
standardized,hsbc,GBP,SGD,GBP/SGD,1,Indicative board,board,SGD < 50,std_lt_50,indicative_fx,2026-9-25,2026-9-25,2026-09-25T17:24:16.573372+00:00,1.7419,1.6401,1.6901,1.6909999999999998,MAS,3.064907401928884,2.958404828116682
standardized,hsbc,HKD,SGD,HKD/SGD,100,Indicative board,board,"SGD 200 – 39,999.99",std_200_40k,indicative_fx,2026-9-25,2026-9-25,2026-09-25T17:24:16.573372+00:00,16.53,16.12,16.31,16.325000000000003,MAS,1.348865726548145,1.1649294911097348
standardized,hsbc,HKD,SGD,HKD/SGD,100,Indicative board,board,"SGD 40,000 – 100,000",std_40k_100k,indicative_fx,2026-9-25,2026-9-25,2026-09-25T17:24:16.573372+00:00,16.53,16.12,16.31,16.325000000000003,MAS,1.348865726548145,1.1649294911097348
standardized,hsbc,HKD,SGD,HKD/SGD,100,Indicative board,board,SGD 50 – 200,std_50_200,indicative_fx,2026-9-25,2026-9-25,2026-09-25T17:24:16.573372+00:00,16.53,16.12,16.31,16.325000000000003,MAS,1.348865726548145,1.1649294911097348
standardized,hsbc,HKD,SGD,HKD/SGD,100,Indicative board,board,SGD < 50,std_lt_50,indicative_fx,2026-9-25,2026-9-25,2026-09-25T17:24:16.573372+00:00,16.53,16.12,16.31,16.325000000000003,MAS,1.348865726548145,1.1649294911097348
standardized,hsbc,IDR,SGD,IDR/SGD,100,Indicative board,board,"SGD 200 – 39,999.99",std_200_40k,indicative_fx,2026-9-25,2026-9-25,2026-09-25T17:24:16.573372+00:00,0.0074,,0.007135999999999999,,MAS,3.699551569506744,
standardized,hsbc,IDR,SGD,IDR/SGD,100,Indicative board,board,"SGD 40,000 – 100,000",std_40k_100k,indicative_fx,2026-9-25,2026-9-25,2026-09-25T17:24:16.573372+00:00,0.0074,,0.007135999999999999,,MAS,3.699551569506744,
standardized,hsbc,IDR,SGD,IDR/SGD,100,Indicative board,board,SGD 50 – 200,std_50_200,indicative_fx,2026-9-25,2026-9-25,2026-09-25T17:24:16.573372+00:00,0.0074,,0.007135999999999999,,MAS,3.699551569506744,
standardized,hsbc,IDR,SGD,IDR/SGD,100,Indicative board,board,SGD < 50,std_lt_50,indicative_fx,2026-9-25,2026-9-25,2026-09-25T17:24:16.573372+00:00,0.0074,,0.007135999999999999,,MAS,3.699551569506744,
standardized,hsbc,INR,SGD,INR/SGD,100,Indicative board,board,"SGD 200 – 39,999.99",std_200_40k,indicative_fx,2026-9-25,2026-9-25,2026-09-25T17:24:16.573372+00:00,1.38,,1.3335,,MAS,3.4870641169853758,
standardized,hsbc,INR,SGD,INR/SGD,100,Indicative board,board,"SGD 40,000 – 100,000",std_40k_100k,indicative_fx,2026-9-25,2026-9-25,2026-09-25T17:24:16.573372+00:00,1.38,,1.3335,,MAS,3.4870641169853758,
standardized,hsbc,INR,SGD,INR/SGD,100,Indicative board,board,SGD 50 – 200,std_50_200,indicative_fx,2026-9-25,2026-9-25,2026-09-25T17:24:16.573372+00:00,1.38,,1.3335,,MAS,3.4870641169853758,
standardized,hsbc,INR,SGD,INR/SGD,100,Indicative board,board,SGD < 50,std_lt_50,indicative_fx,2026-9-25,2026-9-25,2026-09-25T17:24:16.573372+00:00,1.38,,1.3335,,MAS,3.4870641169853758,
standardized,hsbc,JPY,SGD,JPY/SGD,100,Indicative board,board,"SGD 200 – 39,999.99",std_200_40k,indicative_fx,2026-9-25,2026-9-25,2026-09-25T17:24:16.573372+00:00,0.8306,0.782,0.8078,0.8063,MAS,2.8224808120822042,3.1938598663035327
standardized,hsbc,JPY,SGD,JPY/SGD,100,Indicative board,board,"SGD 40,000 – 100,000",std_40k_100k,indicative_fx,2026-9-25,2026-9-25,2026-09-25T17:24:16.573372+00:00,0.8306,0.782,0.8078,0.8063,MAS,2.8224808120822042,3.1938598663035327
standardized,hsbc,JPY,SGD,JPY/SGD,100,Indicative board,board,SGD 50 – 200,std_50_200,indicative_fx,2026-9-25,2026-9-25,2026-09-25T17:24:16.573372+00:00,0.8306,0.782,0.8078,0.8063,MAS,2.8224808120822042,3.1938598663035327
standardized,hsbc,JPY,SGD,JPY/SGD,100,Indicative board,board,SGD < 50,std_lt_50,indicative_fx,2026-9-25,2026-9-25,2026-09-25T17:24:16.573372+00:00,0.8306,0.782,0.8078,0.8063,MAS,2.8224808120822042,3.1938598663035327
standardized,hsbc,LKR,SGD,LKR/SGD,100,Indicative board,board,"SGD 200 – 39,999.99",std_200_40k,indicative_fx,2026-9-25,2026-9-25,2026-09-25T17:24:16.573372+00:00,0.4,,,,,,
standardized,hsbc,LKR,SGD,LKR/SGD,100,Indicative board,board,"SGD 40,000 – 100,000",std_40k_100k,indicative_fx,2026-9-25,2026-9-25,2026-09-25T17:24:16.573372+00:00,0.4,,,,,,
standardized,hsbc,LKR,SGD,LKR/SGD,100,Indicative board,board,SGD 50 – 200,std_50_200,indicative_fx,2026-9-25,2026-9-25,2026-09-25T17:24:16.573372+00:00,0.4,,,,,,
standardized,hsbc,LKR,SGD,LKR/SGD,100,Indicative board,board,SGD < 50,std_lt_50,indicative_fx,2026-9-25,2026-9-25,2026-09-25T17:24:16.573372+00:00,0.4,,,,,,
standardized,hsbc,MUR,SGD,MUR/SGD,100,Indicative board,board,"SGD 200 – 39,999.99",std_200_40k,indicative_fx,2026-9-25,2026-9-25,2026-09-25T17:24:16.573372+00:00,2.79,2.6,,2.6950000000000003,,,
standardized,hsbc,MUR,SGD,MUR/SGD,100,Indicative board,board,"SGD 40,000 – 100,000",std_40k_100k,indicative_fx,2026-9-25,2026-9-25,2026-09-25T17:24:16.573372+00:00,2.79,2.6,,2.6950000000000003,,,
standardized,hsbc,MUR,SGD,MUR/SGD,100,Indicative board,board,SGD 50 – 200,std_50_200,indicative_fx,2026-9-25,2026-9-25,2026-09-25T17:24:16.573372+00:00,2.79,2.6,,2.6950000000000003,,,
standardized,hsbc,MUR,SGD,MUR/SGD,100,Indicative board,board,SGD < 50,std_lt_50,indicative_fx,2026-9-25,2026-9-25,2026-09-25T17:24:16.573372+00:00,2.79,2.6,,2.6950000000000003,,,
standardized,hsbc,NOK,SGD,NOK/SGD,100,Indicative board,board,"SGD 200 – 39,999.99",std_200_40k,indicative_fx,2026-9-25,2026-9-25,2026-09-25T17:24:16.573372+00:00,13.85,13.03,,13.44,,,
standardized,hsbc,NOK,SGD,NOK/SGD,100,Indicative board,board,"SGD 40,000 – 100,000",std_40k_100k,indicative_fx,2026-9-25,2026-9-25,2026-09-25T17:24:16.573372+00:00,13.85,13.03,,13.44,,,
standardized,hsbc,NOK,SGD,NOK/SGD,100,Indicative board,board,SGD 50 – 200,std_50_200,indicative_fx,2026-9-25,2026-9-25,2026-09-25T17:24:16.573372+00:00,13.85,13.03,,13.44,,,
standardized,hsbc,NOK,SGD,NOK/SGD,100,Indicative board,board,SGD < 50,std_lt_50,indicative_fx,2026-9-25,2026-9-25,2026-09-25T17:24:16.573372+00:00,13.85,13.03,,13.44,,,
standardized,hsbc,NZD,SGD,NZD/SGD,1,Indicative board,board,"SGD 200 – 39,999.99",std_200_40k,indicative_fx,2026-9-25,2026-9-25,2026-09-25T17:24:16.573372+00:00,0.7463,0.7026,0.7232,0.72445,MAS,3.194137168141595,2.848451327433622
standardized,hsbc,NZD,SGD,NZD/SGD,1,Indicative board,board,"SGD 40,000 – 100,000",std_40k_100k,indicative_fx,2026-9-25,2026-9-25,2026-09-25T17:24:16.573372+00:00,0.7463,0.7026,0.7232,0.72445,MAS,3.194137168141595,2.848451327433622
standardized,hsbc,NZD,SGD,NZD/SGD,1,Indicative board,board,SGD 50 – 200,std_50_200,indicative_fx,2026-9-25,2026-9-25,2026-09-25T17:24:16.573372+00:00,0.7463,0.7026,0.7232,0.72445,MAS,3.194137168141595,2.848451327433622
standardized,hsbc,NZD,SGD,NZD/SGD,1,Indicative board,board,SGD < 50,std_lt_50,indicative_fx,2026-9-25,2026-9-25,2026-09-25T17:24:16.573372+00:00,0.7463,0.7026,0.7232,0.72445,MAS,3.194137168141595,2.848451327433622
standardized,hsbc,PHP,SGD,PHP/SGD,100,Indicative board,board,"SGD 200 – 39,999.99",std_200_40k,indicative_fx,2026-9-25,2026-9-25,2026-09-25T17:24:16.573372+00:00,2.11,,2.0446,,MAS,3.198669666438418,
standardized,hsbc,PHP,SGD,PHP/SGD,100,Indicative board,board,"SGD 40,000 – 100,000",std_40k_100k,indicative_fx,2026-9-25,2026-9-25,2026-09-25T17:24:16.573372+00:00,2.11,,2.0446,,MAS,3.198669666438418,
standardized,hsbc,PHP,SGD,PHP/SGD,100,Indicative board,board,SGD 50 – 200,std_50_200,indicative_fx,2026-9-25,2026-9-25,2026-09-25T17:24:16.573372+00:00,2.11,,2.0446,,MAS,3.198669666438418,
standardized,hsbc,PHP,SGD,PHP/SGD,100,Indicative board,board,SGD < 50,std_lt_50,indicative_fx,2026-9-25,2026-9-25,2026-09-25T17:24:16.573372+00:00,2.11,,2.0446,,MAS,3.198669666438418,
standardized,hsbc,PKR,SGD,PKR/SGD,100,Indicative board,board,"SGD 200 – 39,999.99",std_200_40k,indicative_fx,2026-9-25,2026-9-25,2026-09-25T17:24:16.573372+00:00,0.48,,,,,,
standardized,hsbc,PKR,SGD,PKR/SGD,100,Indicative board,board,"SGD 40,000 – 100,000",std_40k_100k,indicative_fx,2026-9-25,2026-9-25,2026-09-25T17:24:16.573372+00:00,0.48,,,,,,
standardized,hsbc,PKR,SGD,PKR/SGD,100,Indicative board,board,SGD 50 – 200,std_50_200,indicative_fx,2026-9-25,2026-9-25,2026-09-25T17:24:16.573372+00:00,0.48,,,,,,
standardized,hsbc,PKR,SGD,PKR/SGD,100,Indicative board,board,SGD < 50,std_lt_50,indicative_fx,2026-9-25,2026-9-25,2026-09-25T17:24:16.573372+00:00,0.48,,,,,,
standardized,hsbc,QAR,SGD,QAR/SGD,100,Indicative board,board,"SGD 200 – 39,999.99",std_200_40k,indicative_fx,2026-9-25,2026-9-25,2026-09-25T17:24:16.573372+00:00,35.59,34.67,35.11,35.13,MAS,1.3671318712617602,1.2532042153232634
standardized,hsbc,QAR,SGD,QAR/SGD,100,Indicative board,board,"SGD 40,000 – 100,000",std_40k_100k,indicative_fx,2026-9-25,2026-9-25,2026-09-25T17:24:16.573372+00:00,35.59,34.67,35.11,35.13,MAS,1.3671318712617602,1.2532042153232634
standardized,hsbc,QAR,SGD,QAR/SGD,100,Indicative board,board,SGD 50 – 200,std_50_200,indicative_fx,2026-9-25,2026-9-25,2026-09-25T17:24:16.573372+00:00,35.59,34.67,35.11,35.13,MAS,1.3671318712617602,1.2532042153232634
standardized,hsbc,QAR,SGD,QAR/SGD,100,Indicative board,board,SGD < 50,std_lt_50,indicative_fx,2026-9-25,2026-9-25,2026-09-25T17:24:16.573372+00:00,35.59,34.67,35.11,35.13,MAS,1.3671318712617602,1.2532042153232634
standardized,hsbc,RUB,SGD,RUB/SGD,100,Indicative board,board,"SGD 200 – 39,999.99",std_200_40k,indicative_fx,2026-9-25,2026-9-25,2026-09-25T17:24:16.573372+00:00,15.58,14.51,,15.045,,,
standardized,hsbc,RUB,SGD,RUB/SGD,100,Indicative board,board,"SGD 40,000 – 100,000",std_40k_100k,indicative_fx,2026-9-25,2026-9-25,2026-09-25T17:24:16.573372+00:00,15.58,14.51,,15.045,,,
standardized,hsbc,RUB,SGD,RUB/SGD,100,Indicative board,board,SGD 50 – 200,std_50_200,indicative_fx,2026-9-25,2026-9-25,2026-09-25T17:24:16.573372+00:00,15.58,14.51,,15.045,,,
standardized,hsbc,RUB,SGD,RUB/SGD,100,Indicative board,board,SGD < 50,std_lt_50,indicative_fx,2026-9-25,2026-9-25,2026-09-25T17:24:16.573372+00:00,15.58,14.51,,15.045,,,
standardized,hsbc,SAR,SGD,SAR/SGD,100,Indicative board,board,"SGD 200 – 39,999.99",std_200_40k,indicative_fx,2026-9-25,2026-9-25,2026-09-25T17:24:16.573372+00:00,34.52,33.66,34.07,34.09,MAS,1.3208100968594154,1.2034047549163596
standardized,hsbc,SAR,SGD,SAR/SGD,100,Indicative board,board,"SGD 40,000 – 100,000",std_40k_100k,indicative_fx,2026-9-25,2026-9-25,2026-09-25T17:24:16.573372+00:00,34.52,33.66,34.07,34.09,MAS,1.3208100968594154,1.2034047549163596
standardized,hsbc,SAR,SGD,SAR/SGD,100,Indicative board,board,SGD 50 – 200,std_50_200,indicative_fx,2026-9-25,2026-9-25,2026-09-25T17:24:16.573372+00:00,34.52,33.66,34.07,34.09,MAS,1.3208100968594154,1.2034047549163596
standardized,hsbc,SAR,SGD,SAR/SGD,100,Indicative board,board,SGD < 50,std_lt_50,indicative_fx,2026-9-25,2026-9-25,2026-09-25T17:24:16.573372+00:00,34.52,33.66,34.07,34.09,MAS,1.3208100968594154,1.2034047549163596
standardized,hsbc,SEK,SGD,SEK/SGD,100,Indicative board,board,"SGD 200 – 39,999.99",std_200_40k,indicative_fx,2026-9-25,2026-9-25,2026-09-25T17:24:16.573372+00:00,13.28,12.5,,12.89,,,
standardized,hsbc,SEK,SGD,SEK/SGD,100,Indicative board,board,"SGD 40,000 – 100,000",std_40k_100k,indicative_fx,2026-9-25,2026-9-25,2026-09-25T17:24:16.573372+00:00,13.28,12.5,,12.89,,,
standardized,hsbc,SEK,SGD,SEK/SGD,100,Indicative board,board,SGD 50 – 200,std_50_200,indicative_fx,2026-9-25,2026-9-25,2026-09-25T17:24:16.573372+00:00,13.28,12.5,,12.89,,,
standardized,hsbc,SEK,SGD,SEK/SGD,100,Indicative board,board,SGD < 50,std_lt_50,indicative_fx,2026-9-25,2026-9-25,2026-09-25T17:24:16.573372+00:00,13.28,12.5,,12.89,,,
standardized,hsbc,THB,SGD,THB/SGD,100,Indicative board,board,"SGD 200 – 39,999.99",std_200_40k,indicative_fx,2026-9-25,2026-9-25,2026-09-25T17:24:16.573372+00:00,3.95,,3.8234999999999997,,MAS,3.3084869883614623,
standardized,hsbc,THB,SGD,THB/SGD,100,Indicative board,board,"SGD 40,000 – 100,000",std_40k_100k,indicative_fx,2026-9-25,2026-9-25,2026-09-25T17:24:16.573372+00:00,3.95,,3.8234999999999997,,MAS,3.3084869883614623,
standardized,hsbc,THB,SGD,THB/SGD,100,Indicative board,board,SGD 50 – 200,std_50_200,indicative_fx,2026-9-25,2026-9-25,2026-09-25T17:24:16.573372+00:00,3.95,,3.8234999999999997,,MAS,3.3084869883614623,
standardized,hsbc,THB,SGD,THB/SGD,100,Indicative board,board,SGD < 50,std_lt_50,indicative_fx,2026-9-25,2026-9-25,2026-09-25T17:24:16.573372+00:00,3.95,,3.8234999999999997,,MAS,3.3084869883614623,
standardized,hsbc,TRY,SGD,TRY/SGD,1,Indicative board,board,"SGD 200 – 39,999.99",std_200_40k,indicative_fx,2026-9-25,2026-9-25,2026-09-25T17:24:16.573372+00:00,0.027,,,,,,
standardized,hsbc,TRY,SGD,TRY/SGD,1,Indicative board,board,"SGD 40,000 – 100,000",std_40k_100k,indicative_fx,2026-9-25,2026-9-25,2026-09-25T17:24:16.573372+00:00,0.027,,,,,,
standardized,hsbc,TRY,SGD,TRY/SGD,1,Indicative board,board,SGD 50 – 200,std_50_200,indicative_fx,2026-9-25,2026-9-25,2026-09-25T17:24:16.573372+00:00,0.027,,,,,,
standardized,hsbc,TRY,SGD,TRY/SGD,1,Indicative board,board,SGD < 50,std_lt_50,indicative_fx,2026-9-25,2026-9-25,2026-09-25T17:24:16.573372+00:00,0.027,,,,,,
standardized,hsbc,USD,SGD,USD/SGD,1,Indicative board,board,"SGD 200 – 39,999.99",std_200_40k,indicative_fx,2026-9-25,2026-9-25,2026-09-25T17:24:16.573372+00:00,1.3056,1.2543,1.2794,1.27995,MAS,2.047834922619978,1.9618571205252555
standardized,hsbc,USD,SGD,USD/SGD,1,Indicative board,board,"SGD 40,000 – 100,000",std_40k_100k,indicative_fx,2026-9-25,2026-9-25,2026-09-25T17:24:16.573372+00:00,1.3056,1.2543,1.2794,1.27995,MAS,2.047834922619978,1.9618571205252555
standardized,hsbc,USD,SGD,USD/SGD,1,Indicative board,board,SGD 50 – 200,std_50_200,indicative_fx,2026-9-25,2026-9-25,2026-09-25T17:24:16.573372+00:00,1.3056,1.2543,1.2794,1.27995,MAS,2.047834922619978,1.9618571205252555
standardized,hsbc,USD,SGD,USD/SGD,1,Indicative board,board,SGD < 50,std_lt_50,indicative_fx,2026-9-25,2026-9-25,2026-09-25T17:24:16.573372+00:00,1.3056,1.2543,1.2794,1.27995,MAS,2.047834922619978,1.9618571205252555
standardized,hsbc,ZAR,SGD,ZAR/SGD,1,Indicative board,board,"SGD 200 – 39,999.99",std_200_40k,indicative_fx,2026-9-25,2026-9-25,2026-09-25T17:24:16.573372+00:00,0.0804,0.0753,,0.07785,,,
standardized,hsbc,ZAR,SGD,ZAR/SGD,1,Indicative board,board,"SGD 40,000 – 100,000",std_40k_100k,indicative_fx,2026-9-25,2026-9-25,2026-09-25T17:24:16.573372+00:00,0.0804,0.0753,,0.07785,,,
standardized,hsbc,ZAR,SGD,ZAR/SGD,1,Indicative board,board,SGD 50 – 200,std_50_200,indicative_fx,2026-9-25,2026-9-25,2026-09-25T17:24:16.573372+00:00,0.0804,0.0753,,0.07785,,,
standardized,hsbc,ZAR,SGD,ZAR/SGD,1,Indicative board,board,SGD < 50,std_lt_50,indicative_fx,2026-9-25,2026-9-25,2026-09-25T17:24:16.573372+00:00,0.0804,0.0753,,0.07785,,,
standardized,ocbc,AED,SGD,AED/SGD,100,"SGD 0 – 39,999.99",tier_1,"SGD 200 – 39,999.99",std_200_40k,fxRatesSgd,2026-09-25T07:00:13,2026-09-25T07:00:13,2026-09-25T17:24:10.419405+00:00,35.6792,33.6611,34.83,34.6702,MAS,2.438128050531161,3.356014929658343
standardized,ocbc,AED,SGD,AED/SGD,100,"SGD 40,000 – 100,000",tier_2,"SGD 40,000 – 100,000",std_40k_100k,fxRatesSgd,2026-09-25T07:00:13,2026-09-25T07:00:13,2026-09-25T17:24:10.419405+00:00,35.6687,33.6783,34.83,34.6702,MAS,2.407981625035897,3.3066322136089523
standardized,ocbc,AED,SGD,AED/SGD,100,"SGD 0 – 39,999.99",tier_1,SGD 50 – 200,std_50_200,fxRatesSgd,2026-09-25T07:00:13,2026-09-25T07:00:13,2026-09-25T17:24:10.419405+00:00,35.6792,33.6611,34.83,34.6702,MAS,2.438128050531161,3.356014929658343
standardized,ocbc,AED,SGD,AED/SGD,100,"SGD 0 – 39,999.99",tier_1,SGD < 50,std_lt_50,fxRatesSgd,2026-09-25T07:00:13,2026-09-25T07:00:13,2026-09-25T17:24:10.419405+00:00,35.6792,33.6611,34.83,34.6702,MAS,2.438128050531161,3.356014929658343
standardized,ocbc,AUD,SGD,AUD/SGD,1,"SGD 0 – 39,999.99",tier_1,"SGD 200 – 39,999.99",std_200_40k,fxRatesSgd,2026-09-25T07:00:13,2026-09-25T07:00:13,2026-09-25T17:24:10.419405+00:00,0.9141,0.8853,0.8973,0.8997,MAS,1.8722835172183256,1.3373453694416595
standardized,ocbc,AUD,SGD,AUD/SGD,1,"SGD 40,000 – 100,000",tier_2,"SGD 40,000 – 100,000",std_40k_100k,fxRatesSgd,2026-09-25T07:00:13,2026-09-25T07:00:13,2026-09-25T17:24:10.419405+00:00,0.9123,0.8871,0.8973,0.8997,MAS,1.6716817118020744,1.1367435640254082
standardized,ocbc,AUD,SGD,AUD/SGD,1,"SGD 0 – 39,999.99",tier_1,SGD 50 – 200,std_50_200,fxRatesSgd,2026-09-25T07:00:13,2026-09-25T07:00:13,2026-09-25T17:24:10.419405+00:00,0.9141,0.8853,0.8973,0.8997,MAS,1.8722835172183256,1.3373453694416595
standardized,ocbc,AUD,SGD,AUD/SGD,1,"SGD 0 – 39,999.99",tier_1,SGD < 50,std_lt_50,fxRatesSgd,2026-09-25T07:00:13,2026-09-25T07:00:13,2026-09-25T17:24:10.419405+00:00,0.9141,0.8853,0.8973,0.8997,MAS,1.8722835172183256,1.3373453694416595
standardized,ocbc,BGN,SGD,BGN/SGD,100,"SGD 0 – 39,999.99",tier_1,"SGD 200 – 39,999.99",std_200_40k,fxRatesSgd,2026-09-25T07:00:13,2026-09-25T07:00:13,2026-09-25T17:24:10.419405+00:00,0.0,0.0,,0.0,,,
standardized,ocbc,BGN,SGD,BGN/SGD,100,"SGD 40,000 – 100,000",tier_2,"SGD 40,000 – 100,000",std_40k_100k,fxRatesSgd,2026-09-25T07:00:13,2026-09-25T07:00:13,2026-09-25T17:24:10.419405+00:00,0.0,0.0,,0.0,,,
standardized,ocbc,BGN,SGD,BGN/SGD,100,"SGD 0 – 39,999.99",tier_1,SGD 50 – 200,std_50_200,fxRatesSgd,2026-09-25T07:00:13,2026-09-25T07:00:13,2026-09-25T17:24:10.419405+00:00,0.0,0.0,,0.0,,,
standardized,ocbc,BGN,SGD,BGN/SGD,100,"SGD 0 – 39,999.99",tier_1,SGD < 50,std_lt_50,fxRatesSgd,2026-09-25T07:00:13,2026-09-25T07:00:13,2026-09-25T17:24:10.419405+00:00,0.0,0.0,,0.0,,,
standardized,ocbc,BHD,SGD,BHD/SGD,1,"SGD 0 – 39,999.99",tier_1,"SGD 200 – 39,999.99",std_200_40k,fxRatesSgd,2026-09-25T07:00:13,2026-09-25T07:00:13,2026-09-25T17:24:10.419405+00:00,0.0,0.0,,0.0,,,
standardized,ocbc,BHD,SGD,BHD/SGD,1,"SGD 40,000 – 100,000",tier_2,"SGD 40,000 – 100,000",std_40k_100k,fxRatesSgd,2026-09-25T07:00:13,2026-09-25T07:00:13,2026-09-25T17:24:10.419405+00:00,0.0,0.0,,0.0,,,
standardized,ocbc,BHD,SGD,BHD/SGD,1,"SGD 0 – 39,999.99",tier_1,SGD 50 – 200,std_50_200,fxRatesSgd,2026-09-25T07:00:13,2026-09-25T07:00:13,2026-09-25T17:24:10.419405+00:00,0.0,0.0,,0.0,,,
standardized,ocbc,BHD,SGD,BHD/SGD,1,"SGD 0 – 39,999.99",tier_1,SGD < 50,std_lt_50,fxRatesSgd,2026-09-25T07:00:13,2026-09-25T07:00:13,2026-09-25T17:24:10.419405+00:00,0.0,0.0,,0.0,,,
standardized,ocbc,CAD,SGD,CAD/SGD,1,"SGD 0 – 39,999.99",tier_1,"SGD 200 – 39,999.99",std_200_40k,fxRatesSgd,2026-09-25T07:00:13,2026-09-25T07:00:13,2026-09-25T17:24:10.419405+00:00,0.9198,0.8871,0.9042,0.9035,MAS,1.7252820172528143,1.8911745189117455
standardized,ocbc,CAD,SGD,CAD/SGD,1,"SGD 40,000 – 100,000",tier_2,"SGD 40,000 – 100,000",std_40k_100k,fxRatesSgd,2026-09-25T07:00:13,2026-09-25T07:00:13,2026-09-25T17:24:10.419405+00:00,0.9179,0.889,0.9042,0.9035,MAS,1.5151515151515202,1.681044016810439
standardized,ocbc,CAD,SGD,CAD/SGD,1,"SGD 0 – 39,999.99",tier_1,SGD 50 – 200,std_50_200,fxRatesSgd,2026-09-25T07:00:13,2026-09-25T07:00:13,2026-09-25T17:24:10.419405+00:00,0.9198,0.8871,0.9042,0.9035,MAS,1.7252820172528143,1.8911745189117455
standardized,ocbc,CAD,SGD,CAD/SGD,1,"SGD 0 – 39,999.99",tier_1,SGD < 50,std_lt_50,fxRatesSgd,2026-09-25T07:00:13,2026-09-25T07:00:13,2026-09-25T17:24:10.419405+00:00,0.9198,0.8871,0.9042,0.9035,MAS,1.7252820172528143,1.8911745189117455
standardized,ocbc,CHF,SGD,CHF/SGD,100,"SGD 0 – 39,999.99",tier_1,"SGD 200 – 39,999.99",std_200_40k,fxRatesSgd,2026-09-25T07:00:13,2026-09-25T07:00:13,2026-09-25T17:24:10.419405+00:00,156.841,151.2729,154.28,154.057,MAS,1.6599688877365872,1.9491184858698523
standardized,ocbc,CHF,SGD,CHF/SGD,100,"SGD 40,000 – 100,000",tier_2,"SGD 40,000 – 100,000",std_40k_100k,fxRatesSgd,2026-09-25T07:00:13,2026-09-25T07:00:13,2026-09-25T17:24:10.419405+00:00,156.5329,151.5809,154.28,154.057,MAS,1.460267046927671,1.7494814622763724
standardized,ocbc,CHF,SGD,CHF/SGD,100,"SGD 0 – 39,999.99",tier_1,SGD 50 – 200,std_50_200,fxRatesSgd,2026-09-25T07:00:13,2026-09-25T07:00:13,2026-09-25T17:24:10.419405+00:00,156.841,151.2729,154.28,154.057,MAS,1.6599688877365872,1.9491184858698523
standardized,ocbc,CHF,SGD,CHF/SGD,100,"SGD 0 – 39,999.99",tier_1,SGD < 50,std_lt_50,fxRatesSgd,2026-09-25T07:00:13,2026-09-25T07:00:13,2026-09-25T17:24:10.419405+00:00,156.841,151.2729,154.28,154.057,MAS,1.6599688877365872,1.9491184858698523
standardized,ocbc,CNH,SGD,CNH/SGD,100,"SGD 0 – 39,999.99",tier_1,"SGD 200 – 39,999.99",std_200_40k,fxRatesSgd,2026-09-25T07:00:13,2026-09-25T07:00:13,2026-09-25T17:24:10.419405+00:00,19.3469,18.7754,,19.0612,,,
standardized,ocbc,CNH,SGD,CNH/SGD,100,"SGD 40,000 – 100,000",tier_2,"SGD 40,000 – 100,000",std_40k_100k,fxRatesSgd,2026-09-25T07:00:13,2026-09-25T07:00:13,2026-09-25T17:24:10.419405+00:00,19.3279,18.7944,,19.0612,,,
standardized,ocbc,CNH,SGD,CNH/SGD,100,"SGD 0 – 39,999.99",tier_1,SGD 50 – 200,std_50_200,fxRatesSgd,2026-09-25T07:00:13,2026-09-25T07:00:13,2026-09-25T17:24:10.419405+00:00,19.3469,18.7754,,19.0612,,,
standardized,ocbc,CNH,SGD,CNH/SGD,100,"SGD 0 – 39,999.99",tier_1,SGD < 50,std_lt_50,fxRatesSgd,2026-09-25T07:00:13,2026-09-25T07:00:13,2026-09-25T17:24:10.419405+00:00,19.3469,18.7754,,19.0612,,,
standardized,ocbc,CZK,SGD,CZK/SGD,100,"SGD 0 – 39,999.99",tier_1,"SGD 200 – 39,999.99",std_200_40k,fxRatesSgd,2026-09-25T07:00:13,2026-09-25T07:00:13,2026-09-25T17:24:10.419405+00:00,0.0,0.0,,0.0,,,
standardized,ocbc,CZK,SGD,CZK/SGD,100,"SGD 40,000 – 100,000",tier_2,"SGD 40,000 – 100,000",std_40k_100k,fxRatesSgd,2026-09-25T07:00:13,2026-09-25T07:00:13,2026-09-25T17:24:10.419405+00:00,0.0,0.0,,0.0,,,
standardized,ocbc,CZK,SGD,CZK/SGD,100,"SGD 0 – 39,999.99",tier_1,SGD 50 – 200,std_50_200,fxRatesSgd,2026-09-25T07:00:13,2026-09-25T07:00:13,2026-09-25T17:24:10.419405+00:00,0.0,0.0,,0.0,,,
standardized,ocbc,CZK,SGD,CZK/SGD,100,"SGD 0 – 39,999.99",tier_1,SGD < 50,std_lt_50,fxRatesSgd,2026-09-25T07:00:13,2026-09-25T07:00:13,2026-09-25T17:24:10.419405+00:00,0.0,0.0,,0.0,,,
standardized,ocbc,DKK,SGD,DKK/SGD,100,"SGD 0 – 39,999.99",tier_1,"SGD 200 – 39,999.99",std_200_40k,fxRatesSgd,2026-09-25T07:00:13,2026-09-25T07:00:13,2026-09-25T17:24:10.419405+00:00,19.8298,19.127,,19.4784,,,
standardized,ocbc,DKK,SGD,DKK/SGD,100,"SGD 40,000 – 100,000",tier_2,"SGD 40,000 – 100,000",std_40k_100k,fxRatesSgd,2026-09-25T07:00:13,2026-09-25T07:00:13,2026-09-25T17:24:10.419405+00:00,19.7908,19.166,,19.4784,,,
standardized,ocbc,DKK,SGD,DKK/SGD,100,"SGD 0 – 39,999.99",tier_1,SGD 50 – 200,std_50_200,fxRatesSgd,2026-09-25T07:00:13,2026-09-25T07:00:13,2026-09-25T17:24:10.419405+00:00,19.8298,19.127,,19.4784,,,
standardized,ocbc,DKK,SGD,DKK/SGD,100,"SGD 0 – 39,999.99",tier_1,SGD < 50,std_lt_50,fxRatesSgd,2026-09-25T07:00:13,2026-09-25T07:00:13,2026-09-25T17:24:10.419405+00:00,19.8298,19.127,,19.4784,,,
standardized,ocbc,EUR,SGD,EUR/SGD,1,"SGD 0 – 39,999.99",tier_1,"SGD 200 – 39,999.99",std_200_40k,fxRatesSgd,2026-09-25T07:00:13,2026-09-25T07:00:13,2026-09-25T17:24:10.419405+00:00,1.4725,1.4364,1.4544,1.4545,MAS,1.2444994499449948,1.2376237623762387
standardized,ocbc,EUR,SGD,EUR/SGD,1,"SGD 40,000 – 100,000",tier_2,"SGD 40,000 – 100,000",std_40k_100k,fxRatesSgd,2026-09-25T07:00:13,2026-09-25T07:00:13,2026-09-25T17:24:10.419405+00:00,1.4707,1.4382,1.4544,1.4545,MAS,1.1207370737073694,1.1138613861386135
standardized,ocbc,EUR,SGD,EUR/SGD,1,"SGD 0 – 39,999.99",tier_1,SGD 50 – 200,std_50_200,fxRatesSgd,2026-09-25T07:00:13,2026-09-25T07:00:13,2026-09-25T17:24:10.419405+00:00,1.4725,1.4364,1.4544,1.4545,MAS,1.2444994499449948,1.2376237623762387
standardized,ocbc,EUR,SGD,EUR/SGD,1,"SGD 0 – 39,999.99",tier_1,SGD < 50,std_lt_50,fxRatesSgd,2026-09-25T07:00:13,2026-09-25T07:00:13,2026-09-25T17:24:10.419405+00:00,1.4725,1.4364,1.4544,1.4545,MAS,1.2444994499449948,1.2376237623762387
standardized,ocbc,GBP,SGD,GBP/SGD,1,"SGD 0 – 39,999.99",tier_1,"SGD 200 – 39,999.99",std_200_40k,fxRatesSgd,2026-09-25T07:00:13,2026-09-25T07:00:13,2026-09-25T17:24:10.419405+00:00,1.714,1.6686,1.6901,1.6913,MAS,1.4141175078397747,1.2721140760901635
standardized,ocbc,GBP,SGD,GBP/SGD,1,"SGD 40,000 – 100,000",tier_2,"SGD 40,000 – 100,000",std_40k_100k,fxRatesSgd,2026-09-25T07:00:13,2026-09-25T07:00:13,2026-09-25T17:24:10.419405+00:00,1.7123,1.6706,1.6901,1.6913,MAS,1.3135317436838057,1.153777882965496
standardized,ocbc,GBP,SGD,GBP/SGD,1,"SGD 0 – 39,999.99",tier_1,SGD 50 – 200,std_50_200,fxRatesSgd,2026-09-25T07:00:13,2026-09-25T07:00:13,2026-09-25T17:24:10.419405+00:00,1.714,1.6686,1.6901,1.6913,MAS,1.4141175078397747,1.2721140760901635
standardized,ocbc,GBP,SGD,GBP/SGD,1,"SGD 0 – 39,999.99",tier_1,SGD < 50,std_lt_50,fxRatesSgd,2026-09-25T07:00:13,2026-09-25T07:00:13,2026-09-25T17:24:10.419405+00:00,1.714,1.6686,1.6901,1.6913,MAS,1.4141175078397747,1.2721140760901635
standardized,ocbc,HKD,SGD,HKD/SGD,100,"SGD 0 – 39,999.99",tier_1,"SGD 200 – 39,999.99",std_200_40k,fxRatesSgd,2026-09-25T07:00:13,2026-09-25T07:00:13,2026-09-25T17:24:10.419405+00:00,16.4957,16.0973,16.31,16.2965,MAS,1.1385652973635847,1.3041079092581125
standardized,ocbc,HKD,SGD,HKD/SGD,100,"SGD 40,000 – 100,000",tier_2,"SGD 40,000 – 100,000",std_40k_100k,fxRatesSgd,2026-09-25T07:00:13,2026-09-25T07:00:13,2026-09-25T17:24:10.419405+00:00,16.4664,16.1071,16.31,16.2965,MAS,0.9589209074187702,1.2440220723482505
standardized,ocbc,HKD,SGD,HKD/SGD,100,"SGD 0 – 39,999.99",tier_1,SGD 50 – 200,std_50_200,fxRatesSgd,2026-09-25T07:00:13,2026-09-25T07:00:13,2026-09-25T17:24:10.419405+00:00,16.4957,16.0973,16.31,16.2965,MAS,1.1385652973635847,1.3041079092581125
standardized,ocbc,HKD,SGD,HKD/SGD,100,"SGD 0 – 39,999.99",tier_1,SGD < 50,std_lt_50,fxRatesSgd,2026-09-25T07:00:13,2026-09-25T07:00:13,2026-09-25T17:24:10.419405+00:00,16.4957,16.0973,16.31,16.2965,MAS,1.1385652973635847,1.3041079092581125
standardized,ocbc,HUF,SGD,HUF/SGD,100,"SGD 0 – 39,999.99",tier_1,"SGD 200 – 39,999.99",std_200_40k,fxRatesSgd,2026-09-25T07:00:13,2026-09-25T07:00:13,2026-09-25T17:24:10.419405+00:00,0.0,0.0,,0.0,,,
standardized,ocbc,HUF,SGD,HUF/SGD,100,"SGD 40,000 – 100,000",tier_2,"SGD 40,000 – 100,000",std_40k_100k,fxRatesSgd,2026-09-25T07:00:13,2026-09-25T07:00:13,2026-09-25T17:24:10.419405+00:00,0.0,0.0,,0.0,,,
standardized,ocbc,HUF,SGD,HUF/SGD,100,"SGD 0 – 39,999.99",tier_1,SGD 50 – 200,std_50_200,fxRatesSgd,2026-09-25T07:00:13,2026-09-25T07:00:13,2026-09-25T17:24:10.419405+00:00,0.0,0.0,,0.0,,,
standardized,ocbc,HUF,SGD,HUF/SGD,100,"SGD 0 – 39,999.99",tier_1,SGD < 50,std_lt_50,fxRatesSgd,2026-09-25T07:00:13,2026-09-25T07:00:13,2026-09-25T17:24:10.419405+00:00,0.0,0.0,,0.0,,,
standardized,ocbc,IDR,SGD,IDR/SGD,100,"SGD 0 – 39,999.99",tier_1,"SGD 200 – 39,999.99",std_200_40k,fxRatesSgd,2026-09-25T07:00:13,2026-09-25T07:00:13,2026-09-25T17:24:10.419405+00:00,0.0073,0.0,0.007135999999999999,0.0073,MAS,2.2982062780269192,100.0
standardized,ocbc,IDR,SGD,IDR/SGD,100,"SGD 40,000 – 100,000",tier_2,"SGD 40,000 – 100,000",std_40k_100k,fxRatesSgd,2026-09-25T07:00:13,2026-09-25T07:00:13,2026-09-25T17:24:10.419405+00:00,0.0073,0.0,0.007135999999999999,0.0073,MAS,2.2982062780269192,100.0
standardized,ocbc,IDR,SGD,IDR/SGD,100,"SGD 0 – 39,999.99",tier_1,SGD 50 – 200,std_50_200,fxRatesSgd,2026-09-25T07:00:13,2026-09-25T07:00:13,2026-09-25T17:24:10.419405+00:00,0.0073,0.0,0.007135999999999999,0.0073,MAS,2.2982062780269192,100.0
standardized,ocbc,IDR,SGD,IDR/SGD,100,"SGD 0 – 39,999.99",tier_1,SGD < 50,std_lt_50,fxRatesSgd,2026-09-25T07:00:13,2026-09-25T07:00:13,2026-09-25T17:24:10.419405+00:00,0.0073,0.0,0.007135999999999999,0.0073,MAS,2.2982062780269192,100.0
standardized,ocbc,ILS,SGD,ILS/SGD,100,"SGD 0 – 39,999.99",tier_1,"SGD 200 – 39,999.99",std_200_40k,fxRatesSgd,2026-09-25T07:00:13,2026-09-25T07:00:13,2026-09-25T17:24:10.419405+00:00,0.0,0.0,,0.0,,,
standardized,ocbc,ILS,SGD,ILS/SGD,100,"SGD 40,000 – 100,000",tier_2,"SGD 40,000 – 100,000",std_40k_100k,fxRatesSgd,2026-09-25T07:00:13,2026-09-25T07:00:13,2026-09-25T17:24:10.419405+00:00,0.0,0.0,,0.0,,,
standardized,ocbc,ILS,SGD,ILS/SGD,100,"SGD 0 – 39,999.99",tier_1,SGD 50 – 200,std_50_200,fxRatesSgd,2026-09-25T07:00:13,2026-09-25T07:00:13,2026-09-25T17:24:10.419405+00:00,0.0,0.0,,0.0,,,
standardized,ocbc,ILS,SGD,ILS/SGD,100,"SGD 0 – 39,999.99",tier_1,SGD < 50,std_lt_50,fxRatesSgd,2026-09-25T07:00:13,2026-09-25T07:00:13,2026-09-25T17:24:10.419405+00:00,0.0,0.0,,0.0,,,
standardized,ocbc,INR,SGD,INR/SGD,100,"SGD 0 – 39,999.99",tier_1,"SGD 200 – 39,999.99",std_200_40k,fxRatesSgd,2026-09-25T07:00:13,2026-09-25T07:00:13,2026-09-25T17:24:10.419405+00:00,1.3721,0.0,1.3335,1.3721,MAS,2.8946381702287356,100.0
standardized,ocbc,INR,SGD,INR/SGD,100,"SGD 40,000 – 100,000",tier_2,"SGD 40,000 – 100,000",std_40k_100k,fxRatesSgd,2026-09-25T07:00:13,2026-09-25T07:00:13,2026-09-25T17:24:10.419405+00:00,1.3694,0.0,1.3335,1.3721,MAS,2.6921634795650577,100.0
standardized,ocbc,INR,SGD,INR/SGD,100,"SGD 0 – 39,999.99",tier_1,SGD 50 – 200,std_50_200,fxRatesSgd,2026-09-25T07:00:13,2026-09-25T07:00:13,2026-09-25T17:24:10.419405+00:00,1.3721,0.0,1.3335,1.3721,MAS,2.8946381702287356,100.0
standardized,ocbc,INR,SGD,INR/SGD,100,"SGD 0 – 39,999.99",tier_1,SGD < 50,std_lt_50,fxRatesSgd,2026-09-25T07:00:13,2026-09-25T07:00:13,2026-09-25T17:24:10.419405+00:00,1.3721,0.0,1.3335,1.3721,MAS,2.8946381702287356,100.0
standardized,ocbc,JOD,SGD,JOD/SGD,1,"SGD 0 – 39,999.99",tier_1,"SGD 200 – 39,999.99",std_200_40k,fxRatesSgd,2026-09-25T07:00:13,2026-09-25T07:00:13,2026-09-25T17:24:10.419405+00:00,0.0,0.0,,0.0,,,
standardized,ocbc,JOD,SGD,JOD/SGD,1,"SGD 40,000 – 100,000",tier_2,"SGD 40,000 – 100,000",std_40k_100k,fxRatesSgd,2026-09-25T07:00:13,2026-09-25T07:00:13,2026-09-25T17:24:10.419405+00:00,0.0,0.0,,0.0,,,
standardized,ocbc,JOD,SGD,JOD/SGD,1,"SGD 0 – 39,999.99",tier_1,SGD 50 – 200,std_50_200,fxRatesSgd,2026-09-25T07:00:13,2026-09-25T07:00:13,2026-09-25T17:24:10.419405+00:00,0.0,0.0,,0.0,,,
standardized,ocbc,JOD,SGD,JOD/SGD,1,"SGD 0 – 39,999.99",tier_1,SGD < 50,std_lt_50,fxRatesSgd,2026-09-25T07:00:13,2026-09-25T07:00:13,2026-09-25T17:24:10.419405+00:00,0.0,0.0,,0.0,,,
standardized,ocbc,JPY,SGD,JPY/SGD,100,"SGD 0 – 39,999.99",tier_1,"SGD 200 – 39,999.99",std_200_40k,fxRatesSgd,2026-09-25T07:00:13,2026-09-25T07:00:13,2026-09-25T17:24:10.419405+00:00,0.82,0.7999,0.8078,0.81,MAS,1.5102748205001226,0.9779648427828556
standardized,ocbc,JPY,SGD,JPY/SGD,100,"SGD 40,000 – 100,000",tier_2,"SGD 40,000 – 100,000",std_40k_100k,fxRatesSgd,2026-09-25T07:00:13,2026-09-25T07:00:13,2026-09-25T17:24:10.419405+00:00,0.8192,0.8013,0.8078,0.81,MAS,1.4112404060411088,0.8046546174795679
standardized,ocbc,JPY,SGD,JPY/SGD,100,"SGD 0 – 39,999.99",tier_1,SGD 50 – 200,std_50_200,fxRatesSgd,2026-09-25T07:00:13,2026-09-25T07:00:13,2026-09-25T17:24:10.419405+00:00,0.82,0.7999,0.8078,0.81,MAS,1.5102748205001226,0.9779648427828556
standardized,ocbc,JPY,SGD,JPY/SGD,100,"SGD 0 – 39,999.99",tier_1,SGD < 50,std_lt_50,fxRatesSgd,2026-09-25T07:00:13,2026-09-25T07:00:13,2026-09-25T17:24:10.419405+00:00,0.82,0.7999,0.8078,0.81,MAS,1.5102748205001226,0.9779648427828556
standardized,ocbc,KRW,SGD,KRW/SGD,100,"SGD 0 – 39,999.99",tier_1,"SGD 200 – 39,999.99",std_200_40k,fxRatesSgd,2026-09-25T07:00:13,2026-09-25T07:00:13,2026-09-25T17:24:10.419405+00:00,0.0,0.0,0.0941,0.0,MAS,-100.0,100.0
standardized,ocbc,KRW,SGD,KRW/SGD,100,"SGD 40,000 – 100,000",tier_2,"SGD 40,000 – 100,000",std_40k_100k,fxRatesSgd,2026-09-25T07:00:13,2026-09-25T07:00:13,2026-09-25T17:24:10.419405+00:00,0.0,0.0,0.0941,0.0,MAS,-100.0,100.0
standardized,ocbc,KRW,SGD,KRW/SGD,100,"SGD 0 – 39,999.99",tier_1,SGD 50 – 200,std_50_200,fxRatesSgd,2026-09-25T07:00:13,2026-09-25T07:00:13,2026-09-25T17:24:10.419405+00:00,0.0,0.0,0.0941,0.0,MAS,-100.0,100.0
standardized,ocbc,KRW,SGD,KRW/SGD,100,"SGD 0 – 39,999.99",tier_1,SGD < 50,std_lt_50,fxRatesSgd,2026-09-25T07:00:13,2026-09-25T07:00:13,2026-09-25T17:24:10.419405+00:00,0.0,0.0,0.0941,0.0,MAS,-100.0,100.0
standardized,ocbc,LKR,SGD,LKR/SGD,100,"SGD 0 – 39,999.99",tier_1,"SGD 200 – 39,999.99",std_200_40k,fxRatesSgd,2026-09-25T07:00:13,2026-09-25T07:00:13,2026-09-25T17:24:10.419405+00:00,0.3987,0.0,,0.3987,,,
standardized,ocbc,LKR,SGD,LKR/SGD,100,"SGD 40,000 – 100,000",tier_2,"SGD 40,000 – 100,000",std_40k_100k,fxRatesSgd,2026-09-25T07:00:13,2026-09-25T07:00:13,2026-09-25T17:24:10.419405+00:00,0.398,0.0,,0.3987,,,
standardized,ocbc,LKR,SGD,LKR/SGD,100,"SGD 0 – 39,999.99",tier_1,SGD 50 – 200,std_50_200,fxRatesSgd,2026-09-25T07:00:13,2026-09-25T07:00:13,2026-09-25T17:24:10.419405+00:00,0.3987,0.0,,0.3987,,,
standardized,ocbc,LKR,SGD,LKR/SGD,100,"SGD 0 – 39,999.99",tier_1,SGD < 50,std_lt_50,fxRatesSgd,2026-09-25T07:00:13,2026-09-25T07:00:13,2026-09-25T17:24:10.419405+00:00,0.3987,0.0,,0.3987,,,
standardized,ocbc,MAD,SGD,MAD/SGD,100,"SGD 0 – 39,999.99",tier_1,"SGD 200 – 39,999.99",std_200_40k,fxRatesSgd,2026-09-25T07:00:13,2026-09-25T07:00:13,2026-09-25T17:24:10.419405+00:00,0.0,0.0,,0.0,,,
standardized,ocbc,MAD,SGD,MAD/SGD,100,"SGD 40,000 – 100,000",tier_2,"SGD 40,000 – 100,000",std_40k_100k,fxRatesSgd,2026-09-25T07:00:13,2026-09-25T07:00:13,2026-09-25T17:24:10.419405+00:00,0.0,0.0,,0.0,,,
standardized,ocbc,MAD,SGD,MAD/SGD,100,"SGD 0 – 39,999.99",tier_1,SGD 50 – 200,std_50_200,fxRatesSgd,2026-09-25T07:00:13,2026-09-25T07:00:13,2026-09-25T17:24:10.419405+00:00,0.0,0.0,,0.0,,,
standardized,ocbc,MAD,SGD,MAD/SGD,100,"SGD 0 – 39,999.99",tier_1,SGD < 50,std_lt_50,fxRatesSgd,2026-09-25T07:00:13,2026-09-25T07:00:13,2026-09-25T17:24:10.419405+00:00,0.0,0.0,,0.0,,,
standardized,ocbc,MXN,SGD,MXN/SGD,100,"SGD 0 – 39,999.99",tier_1,"SGD 200 – 39,999.99",std_200_40k,fxRatesSgd,2026-09-25T07:00:13,2026-09-25T07:00:13,2026-09-25T17:24:10.419405+00:00,7.4369,0.0,,7.4369,,,
standardized,ocbc,MXN,SGD,MXN/SGD,100,"SGD 40,000 – 100,000",tier_2,"SGD 40,000 – 100,000",std_40k_100k,fxRatesSgd,2026-09-25T07:00:13,2026-09-25T07:00:13,2026-09-25T17:24:10.419405+00:00,7.4354,0.0,,7.4369,,,
standardized,ocbc,MXN,SGD,MXN/SGD,100,"SGD 0 – 39,999.99",tier_1,SGD 50 – 200,std_50_200,fxRatesSgd,2026-09-25T07:00:13,2026-09-25T07:00:13,2026-09-25T17:24:10.419405+00:00,7.4369,0.0,,7.4369,,,
standardized,ocbc,MXN,SGD,MXN/SGD,100,"SGD 0 – 39,999.99",tier_1,SGD < 50,std_lt_50,fxRatesSgd,2026-09-25T07:00:13,2026-09-25T07:00:13,2026-09-25T17:24:10.419405+00:00,7.4369,0.0,,7.4369,,,
standardized,ocbc,MYR,SGD,MYR/SGD,100,"SGD 0 – 39,999.99",tier_1,"SGD 200 – 39,999.99",std_200_40k,fxRatesSgd,2026-09-25T07:00:13,2026-09-25T07:00:13,2026-09-25T17:24:10.419405+00:00,0.0,0.0,31.379999999999995,0.0,MAS,-100.0,100.0
standardized,ocbc,MYR,SGD,MYR/SGD,100,"SGD 40,000 – 100,000",tier_2,"SGD 40,000 – 100,000",std_40k_100k,fxRatesSgd,2026-09-25T07:00:13,2026-09-25T07:00:13,2026-09-25T17:24:10.419405+00:00,0.0,0.0,31.379999999999995,0.0,MAS,-100.0,100.0
standardized,ocbc,MYR,SGD,MYR/SGD,100,"SGD 0 – 39,999.99",tier_1,SGD 50 – 200,std_50_200,fxRatesSgd,2026-09-25T07:00:13,2026-09-25T07:00:13,2026-09-25T17:24:10.419405+00:00,0.0,0.0,31.379999999999995,0.0,MAS,-100.0,100.0
standardized,ocbc,MYR,SGD,MYR/SGD,100,"SGD 0 – 39,999.99",tier_1,SGD < 50,std_lt_50,fxRatesSgd,2026-09-25T07:00:13,2026-09-25T07:00:13,2026-09-25T17:24:10.419405+00:00,0.0,0.0,31.379999999999995,0.0,MAS,-100.0,100.0
standardized,ocbc,NOK,SGD,NOK/SGD,100,"SGD 0 – 39,999.99",tier_1,"SGD 200 – 39,999.99",std_200_40k,fxRatesSgd,2026-09-25T07:00:13,2026-09-25T07:00:13,2026-09-25T17:24:10.419405+00:00,13.6774,13.1902,,13.4338,,,
standardized,ocbc,NOK,SGD,NOK/SGD,100,"SGD 40,000 – 100,000",tier_2,"SGD 40,000 – 100,000",std_40k_100k,fxRatesSgd,2026-09-25T07:00:13,2026-09-25T07:00:13,2026-09-25T17:24:10.419405+00:00,13.6505,13.217,,13.4338,,,
standardized,ocbc,NOK,SGD,NOK/SGD,100,"SGD 0 – 39,999.99",tier_1,SGD 50 – 200,std_50_200,fxRatesSgd,2026-09-25T07:00:13,2026-09-25T07:00:13,2026-09-25T17:24:10.419405+00:00,13.6774,13.1902,,13.4338,,,
standardized,ocbc,NOK,SGD,NOK/SGD,100,"SGD 0 – 39,999.99",tier_1,SGD < 50,std_lt_50,fxRatesSgd,2026-09-25T07:00:13,2026-09-25T07:00:13,2026-09-25T17:24:10.419405+00:00,13.6774,13.1902,,13.4338,,,
standardized,ocbc,NZD,SGD,NZD/SGD,1,"SGD 0 – 39,999.99",tier_1,"SGD 200 – 39,999.99",std_200_40k,fxRatesSgd,2026-09-25T07:00:13,2026-09-25T07:00:13,2026-09-25T17:24:10.419405+00:00,0.7388,0.7136,0.7232,0.7262,MAS,2.1570796460177073,1.3274336283185761
standardized,ocbc,NZD,SGD,NZD/SGD,1,"SGD 40,000 – 100,000",tier_2,"SGD 40,000 – 100,000",std_40k_100k,fxRatesSgd,2026-09-25T07:00:13,2026-09-25T07:00:13,2026-09-25T17:24:10.419405+00:00,0.7369,0.7158,0.7232,0.7262,MAS,1.8943584070796524,1.02323008849557
standardized,ocbc,NZD,SGD,NZD/SGD,1,"SGD 0 – 39,999.99",tier_1,SGD 50 – 200,std_50_200,fxRatesSgd,2026-09-25T07:00:13,2026-09-25T07:00:13,2026-09-25T17:24:10.419405+00:00,0.7388,0.7136,0.7232,0.7262,MAS,2.1570796460177073,1.3274336283185761
standardized,ocbc,NZD,SGD,NZD/SGD,1,"SGD 0 – 39,999.99",tier_1,SGD < 50,std_lt_50,fxRatesSgd,2026-09-25T07:00:13,2026-09-25T07:00:13,2026-09-25T17:24:10.419405+00:00,0.7388,0.7136,0.7232,0.7262,MAS,2.1570796460177073,1.3274336283185761
standardized,ocbc,OMR,SGD,OMR/SGD,1,"SGD 0 – 39,999.99",tier_1,"SGD 200 – 39,999.99",std_200_40k,fxRatesSgd,2026-09-25T07:00:13,2026-09-25T07:00:13,2026-09-25T17:24:10.419405+00:00,0.0,0.0,,0.0,,,
standardized,ocbc,OMR,SGD,OMR/SGD,1,"SGD 40,000 – 100,000",tier_2,"SGD 40,000 – 100,000",std_40k_100k,fxRatesSgd,2026-09-25T07:00:13,2026-09-25T07:00:13,2026-09-25T17:24:10.419405+00:00,0.0,0.0,,0.0,,,
standardized,ocbc,OMR,SGD,OMR/SGD,1,"SGD 0 – 39,999.99",tier_1,SGD 50 – 200,std_50_200,fxRatesSgd,2026-09-25T07:00:13,2026-09-25T07:00:13,2026-09-25T17:24:10.419405+00:00,0.0,0.0,,0.0,,,
standardized,ocbc,OMR,SGD,OMR/SGD,1,"SGD 0 – 39,999.99",tier_1,SGD < 50,std_lt_50,fxRatesSgd,2026-09-25T07:00:13,2026-09-25T07:00:13,2026-09-25T17:24:10.419405+00:00,0.0,0.0,,0.0,,,
standardized,ocbc,PHP,SGD,PHP/SGD,100,"SGD 0 – 39,999.99",tier_1,"SGD 200 – 39,999.99",std_200_40k,fxRatesSgd,2026-09-25T07:00:13,2026-09-25T07:00:13,2026-09-25T17:24:10.419405+00:00,2.0987,0.0,2.0446,2.0987,MAS,2.645994326518636,100.0
standardized,ocbc,PHP,SGD,PHP/SGD,100,"SGD 40,000 – 100,000",tier_2,"SGD 40,000 – 100,000",std_40k_100k,fxRatesSgd,2026-09-25T07:00:13,2026-09-25T07:00:13,2026-09-25T17:24:10.419405+00:00,2.0976,0.0,2.0446,2.0987,MAS,2.592194072190156,100.0
standardized,ocbc,PHP,SGD,PHP/SGD,100,"SGD 0 – 39,999.99",tier_1,SGD 50 – 200,std_50_200,fxRatesSgd,2026-09-25T07:00:13,2026-09-25T07:00:13,2026-09-25T17:24:10.419405+00:00,2.0987,0.0,2.0446,2.0987,MAS,2.645994326518636,100.0
standardized,ocbc,PHP,SGD,PHP/SGD,100,"SGD 0 – 39,999.99",tier_1,SGD < 50,std_lt_50,fxRatesSgd,2026-09-25T07:00:13,2026-09-25T07:00:13,2026-09-25T17:24:10.419405+00:00,2.0987,0.0,2.0446,2.0987,MAS,2.645994326518636,100.0
standardized,ocbc,PLN,SGD,PLN/SGD,100,"SGD 0 – 39,999.99",tier_1,"SGD 200 – 39,999.99",std_200_40k,fxRatesSgd,2026-09-25T07:00:13,2026-09-25T07:00:13,2026-09-25T17:24:10.419405+00:00,34.2042,32.0715,,33.1379,,,
standardized,ocbc,PLN,SGD,PLN/SGD,100,"SGD 40,000 – 100,000",tier_2,"SGD 40,000 – 100,000",std_40k_100k,fxRatesSgd,2026-09-25T07:00:13,2026-09-25T07:00:13,2026-09-25T17:24:10.419405+00:00,34.1873,32.0976,,33.1379,,,
standardized,ocbc,PLN,SGD,PLN/SGD,100,"SGD 0 – 39,999.99",tier_1,SGD 50 – 200,std_50_200,fxRatesSgd,2026-09-25T07:00:13,2026-09-25T07:00:13,2026-09-25T17:24:10.419405+00:00,34.2042,32.0715,,33.1379,,,
standardized,ocbc,PLN,SGD,PLN/SGD,100,"SGD 0 – 39,999.99",tier_1,SGD < 50,std_lt_50,fxRatesSgd,2026-09-25T07:00:13,2026-09-25T07:00:13,2026-09-25T17:24:10.419405+00:00,34.2042,32.0715,,33.1379,,,
standardized,ocbc,QAR,SGD,QAR/SGD,100,"SGD 0 – 39,999.99",tier_1,"SGD 200 – 39,999.99",std_200_40k,fxRatesSgd,2026-09-25T07:00:13,2026-09-25T07:00:13,2026-09-25T17:24:10.419405+00:00,36.0872,33.9874,35.11,35.0373,MAS,2.783252634577053,3.1973796639134107
standardized,ocbc,QAR,SGD,QAR/SGD,100,"SGD 40,000 – 100,000",tier_2,"SGD 40,000 – 100,000",std_40k_100k,fxRatesSgd,2026-09-25T07:00:13,2026-09-25T07:00:13,2026-09-25T17:24:10.419405+00:00,36.0658,34.0046,35.11,35.0373,MAS,2.7223013386499675,3.1483907718598574
standardized,ocbc,QAR,SGD,QAR/SGD,100,"SGD 0 – 39,999.99",tier_1,SGD 50 – 200,std_50_200,fxRatesSgd,2026-09-25T07:00:13,2026-09-25T07:00:13,2026-09-25T17:24:10.419405+00:00,36.0872,33.9874,35.11,35.0373,MAS,2.783252634577053,3.1973796639134107
standardized,ocbc,QAR,SGD,QAR/SGD,100,"SGD 0 – 39,999.99",tier_1,SGD < 50,std_lt_50,fxRatesSgd,2026-09-25T07:00:13,2026-09-25T07:00:13,2026-09-25T17:24:10.419405+00:00,36.0872,33.9874,35.11,35.0373,MAS,2.783252634577053,3.1973796639134107
standardized,ocbc,RON,SGD,RON/SGD,100,"SGD 0 – 39,999.99",tier_1,"SGD 200 – 39,999.99",std_200_40k,fxRatesSgd,2026-09-25T07:00:13,2026-09-25T07:00:13,2026-09-25T17:24:10.419405+00:00,0.0,0.0,,0.0,,,
standardized,ocbc,RON,SGD,RON/SGD,100,"SGD 40,000 – 100,000",tier_2,"SGD 40,000 – 100,000",std_40k_100k,fxRatesSgd,2026-09-25T07:00:13,2026-09-25T07:00:13,2026-09-25T17:24:10.419405+00:00,0.0,0.0,,0.0,,,
standardized,ocbc,RON,SGD,RON/SGD,100,"SGD 0 – 39,999.99",tier_1,SGD 50 – 200,std_50_200,fxRatesSgd,2026-09-25T07:00:13,2026-09-25T07:00:13,2026-09-25T17:24:10.419405+00:00,0.0,0.0,,0.0,,,
standardized,ocbc,RON,SGD,RON/SGD,100,"SGD 0 – 39,999.99",tier_1,SGD < 50,std_lt_50,fxRatesSgd,2026-09-25T07:00:13,2026-09-25T07:00:13,2026-09-25T17:24:10.419405+00:00,0.0,0.0,,0.0,,,
standardized,ocbc,RUB,SGD,RUB/SGD,100,"SGD 0 – 39,999.99",tier_1,"SGD 200 – 39,999.99",std_200_40k,fxRatesSgd,2026-09-25T07:00:13,2026-09-25T07:00:13,2026-09-25T17:24:10.419405+00:00,0.0,0.0,,0.0,,,
standardized,ocbc,RUB,SGD,RUB/SGD,100,"SGD 40,000 – 100,000",tier_2,"SGD 40,000 – 100,000",std_40k_100k,fxRatesSgd,2026-09-25T07:00:13,2026-09-25T07:00:13,2026-09-25T17:24:10.419405+00:00,0.0,0.0,,0.0,,,
standardized,ocbc,RUB,SGD,RUB/SGD,100,"SGD 0 – 39,999.99",tier_1,SGD 50 – 200,std_50_200,fxRatesSgd,2026-09-25T07:00:13,2026-09-25T07:00:13,2026-09-25T17:24:10.419405+00:00,0.0,0.0,,0.0,,,
standardized,ocbc,RUB,SGD,RUB/SGD,100,"SGD 0 – 39,999.99",tier_1,SGD < 50,std_lt_50,fxRatesSgd,2026-09-25T07:00:13,2026-09-25T07:00:13,2026-09-25T17:24:10.419405+00:00,0.0,0.0,,0.0,,,
standardized,ocbc,SAR,SGD,SAR/SGD,100,"SGD 0 – 39,999.99",tier_1,"SGD 200 – 39,999.99",std_200_40k,fxRatesSgd,2026-09-25T07:00:13,2026-09-25T07:00:13,2026-09-25T17:24:10.419405+00:00,34.9755,33.0504,34.07,34.013,MAS,2.6577634282359743,2.9926621661285497
standardized,ocbc,SAR,SGD,SAR/SGD,100,"SGD 40,000 – 100,000",tier_2,"SGD 40,000 – 100,000",std_40k_100k,fxRatesSgd,2026-09-25T07:00:13,2026-09-25T07:00:13,2026-09-25T17:24:10.419405+00:00,34.9582,33.0672,34.07,34.013,MAS,2.6069856178456052,2.943351922512476
standardized,ocbc,SAR,SGD,SAR/SGD,100,"SGD 0 – 39,999.99",tier_1,SGD 50 – 200,std_50_200,fxRatesSgd,2026-09-25T07:00:13,2026-09-25T07:00:13,2026-09-25T17:24:10.419405+00:00,34.9755,33.0504,34.07,34.013,MAS,2.6577634282359743,2.9926621661285497
standardized,ocbc,SAR,SGD,SAR/SGD,100,"SGD 0 – 39,999.99",tier_1,SGD < 50,std_lt_50,fxRatesSgd,2026-09-25T07:00:13,2026-09-25T07:00:13,2026-09-25T17:24:10.419405+00:00,34.9755,33.0504,34.07,34.013,MAS,2.6577634282359743,2.9926621661285497
standardized,ocbc,SEK,SGD,SEK/SGD,100,"SGD 0 – 39,999.99",tier_1,"SGD 200 – 39,999.99",std_200_40k,fxRatesSgd,2026-09-25T07:00:13,2026-09-25T07:00:13,2026-09-25T17:24:10.419405+00:00,13.1233,12.6563,,12.8898,,,
standardized,ocbc,SEK,SGD,SEK/SGD,100,"SGD 40,000 – 100,000",tier_2,"SGD 40,000 – 100,000",std_40k_100k,fxRatesSgd,2026-09-25T07:00:13,2026-09-25T07:00:13,2026-09-25T17:24:10.419405+00:00,13.0975,12.682,,12.8898,,,
standardized,ocbc,SEK,SGD,SEK/SGD,100,"SGD 0 – 39,999.99",tier_1,SGD 50 – 200,std_50_200,fxRatesSgd,2026-09-25T07:00:13,2026-09-25T07:00:13,2026-09-25T17:24:10.419405+00:00,13.1233,12.6563,,12.8898,,,
standardized,ocbc,SEK,SGD,SEK/SGD,100,"SGD 0 – 39,999.99",tier_1,SGD < 50,std_lt_50,fxRatesSgd,2026-09-25T07:00:13,2026-09-25T07:00:13,2026-09-25T17:24:10.419405+00:00,13.1233,12.6563,,12.8898,,,
standardized,ocbc,THB,SGD,THB/SGD,100,"SGD 0 – 39,999.99",tier_1,"SGD 200 – 39,999.99",std_200_40k,fxRatesSgd,2026-09-25T07:00:13,2026-09-25T07:00:13,2026-09-25T17:24:10.419405+00:00,3.9402,3.7246,3.8234999999999997,3.8324,MAS,3.0521773244409642,2.586635281809848
standardized,ocbc,THB,SGD,THB/SGD,100,"SGD 40,000 – 100,000",tier_2,"SGD 40,000 – 100,000",std_40k_100k,fxRatesSgd,2026-09-25T07:00:13,2026-09-25T07:00:13,2026-09-25T17:24:10.419405+00:00,3.9325,3.7322,3.8234999999999997,3.8324,MAS,2.8507911599320113,2.387864522034772
standardized,ocbc,THB,SGD,THB/SGD,100,"SGD 0 – 39,999.99",tier_1,SGD 50 – 200,std_50_200,fxRatesSgd,2026-09-25T07:00:13,2026-09-25T07:00:13,2026-09-25T17:24:10.419405+00:00,3.9402,3.7246,3.8234999999999997,3.8324,MAS,3.0521773244409642,2.586635281809848
standardized,ocbc,THB,SGD,THB/SGD,100,"SGD 0 – 39,999.99",tier_1,SGD < 50,std_lt_50,fxRatesSgd,2026-09-25T07:00:13,2026-09-25T07:00:13,2026-09-25T17:24:10.419405+00:00,3.9402,3.7246,3.8234999999999997,3.8324,MAS,3.0521773244409642,2.586635281809848
standardized,ocbc,TRY,SGD,TRY/SGD,100,"SGD 0 – 39,999.99",tier_1,"SGD 200 – 39,999.99",std_200_40k,fxRatesSgd,2026-09-25T07:00:13,2026-09-25T07:00:13,2026-09-25T17:24:10.419405+00:00,2.6805,2.5698,,2.6252,,,
standardized,ocbc,TRY,SGD,TRY/SGD,100,"SGD 40,000 – 100,000",tier_2,"SGD 40,000 – 100,000",std_40k_100k,fxRatesSgd,2026-09-25T07:00:13,2026-09-25T07:00:13,2026-09-25T17:24:10.419405+00:00,2.6792,2.57,,2.6252,,,
standardized,ocbc,TRY,SGD,TRY/SGD,100,"SGD 0 – 39,999.99",tier_1,SGD 50 – 200,std_50_200,fxRatesSgd,2026-09-25T07:00:13,2026-09-25T07:00:13,2026-09-25T17:24:10.419405+00:00,2.6805,2.5698,,2.6252,,,
standardized,ocbc,TRY,SGD,TRY/SGD,100,"SGD 0 – 39,999.99",tier_1,SGD < 50,std_lt_50,fxRatesSgd,2026-09-25T07:00:13,2026-09-25T07:00:13,2026-09-25T17:24:10.419405+00:00,2.6805,2.5698,,2.6252,,,
standardized,ocbc,TWD,SGD,TWD/SGD,100,"SGD 0 – 39,999.99",tier_1,"SGD 200 – 39,999.99",std_200_40k,fxRatesSgd,2026-09-25T07:00:13,2026-09-25T07:00:13,2026-09-25T17:24:10.419405+00:00,4.1726,0.0,4.0272,4.1726,MAS,3.6104489471593273,100.0
standardized,ocbc,TWD,SGD,TWD/SGD,100,"SGD 40,000 – 100,000",tier_2,"SGD 40,000 – 100,000",std_40k_100k,fxRatesSgd,2026-09-25T07:00:13,2026-09-25T07:00:13,2026-09-25T17:24:10.419405+00:00,0.0,0.0,4.0272,4.1726,MAS,-100.0,100.0
standardized,ocbc,TWD,SGD,TWD/SGD,100,"SGD 0 – 39,999.99",tier_1,SGD 50 – 200,std_50_200,fxRatesSgd,2026-09-25T07:00:13,2026-09-25T07:00:13,2026-09-25T17:24:10.419405+00:00,4.1726,0.0,4.0272,4.1726,MAS,3.6104489471593273,100.0
standardized,ocbc,TWD,SGD,TWD/SGD,100,"SGD 0 – 39,999.99",tier_1,SGD < 50,std_lt_50,fxRatesSgd,2026-09-25T07:00:13,2026-09-25T07:00:13,2026-09-25T17:24:10.419405+00:00,4.1726,0.0,4.0272,4.1726,MAS,3.6104489471593273,100.0
standardized,ocbc,USD,SGD,USD/SGD,1,"SGD 0 – 39,999.99",tier_1,"SGD 200 – 39,999.99",std_200_40k,fxRatesSgd,2026-09-25T07:00:13,2026-09-25T07:00:13,2026-09-25T17:24:10.419405+00:00,1.2897,1.2653,1.2794,1.2775,MAS,0.8050648741597605,1.1020790995779273
standardized,ocbc,USD,SGD,USD/SGD,1,"SGD 40,000 – 100,000",tier_2,"SGD 40,000 – 100,000",std_40k_100k,fxRatesSgd,2026-09-25T07:00:13,2026-09-25T07:00:13,2026-09-25T17:24:10.419405+00:00,1.2884,1.2676,1.2794,1.2775,MAS,0.7034547444114347,0.922307331561672
standardized,ocbc,USD,SGD,USD/SGD,1,"SGD 0 – 39,999.99",tier_1,SGD 50 – 200,std_50_200,fxRatesSgd,2026-09-25T07:00:13,2026-09-25T07:00:13,2026-09-25T17:24:10.419405+00:00,1.2897,1.2653,1.2794,1.2775,MAS,0.8050648741597605,1.1020790995779273
standardized,ocbc,USD,SGD,USD/SGD,1,"SGD 0 – 39,999.99",tier_1,SGD < 50,std_lt_50,fxRatesSgd,2026-09-25T07:00:13,2026-09-25T07:00:13,2026-09-25T17:24:10.419405+00:00,1.2897,1.2653,1.2794,1.2775,MAS,0.8050648741597605,1.1020790995779273
standardized,ocbc,ZAR,SGD,ZAR/SGD,100,"SGD 0 – 39,999.99",tier_1,"SGD 200 – 39,999.99",std_200_40k,fxRatesSgd,2026-09-25T07:00:13,2026-09-25T07:00:13,2026-09-25T17:24:10.419405+00:00,8.0702,7.5962,,7.8332,,,
standardized,ocbc,ZAR,SGD,ZAR/SGD,100,"SGD 40,000 – 100,000",tier_2,"SGD 40,000 – 100,000",std_40k_100k,fxRatesSgd,2026-09-25T07:00:13,2026-09-25T07:00:13,2026-09-25T17:24:10.419405+00:00,8.0662,7.6001,,7.8332,,,
standardized,ocbc,ZAR,SGD,ZAR/SGD,100,"SGD 0 – 39,999.99",tier_1,SGD 50 – 200,std_50_200,fxRatesSgd,2026-09-25T07:00:13,2026-09-25T07:00:13,2026-09-25T17:24:10.419405+00:00,8.0702,7.5962,,7.8332,,,
standardized,ocbc,ZAR,SGD,ZAR/SGD,100,"SGD 0 – 39,999.99",tier_1,SGD < 50,std_lt_50,fxRatesSgd,2026-09-25T07:00:13,2026-09-25T07:00:13,2026-09-25T17:24:10.419405+00:00,8.0702,7.5962,,7.8332,,,
standardized,uob,AED,SGD,AED/SGD,100,Indicative board,board,"SGD 200 – 39,999.99",std_200_40k,forex_sgd,25 September 2026 05:51:22 PM,25 September 2026 05:51:22 PM,2026-09-25T17:24:12.189579+00:00,35.65,33.95,34.83,34.8,MAS,2.354292276772898,2.5265575653172423
standardized,uob,AED,SGD,AED/SGD,100,Indicative board,board,"SGD 40,000 – 100,000",std_40k_100k,forex_sgd,25 September 2026 05:51:22 PM,25 September 2026 05:51:22 PM,2026-09-25T17:24:12.189579+00:00,35.65,33.95,34.83,34.8,MAS,2.354292276772898,2.5265575653172423
standardized,uob,AED,SGD,AED/SGD,100,Indicative board,board,SGD 50 – 200,std_50_200,forex_sgd,25 September 2026 05:51:22 PM,25 September 2026 05:51:22 PM,2026-09-25T17:24:12.189579+00:00,35.65,33.95,34.83,34.8,MAS,2.354292276772898,2.5265575653172423
standardized,uob,AED,SGD,AED/SGD,100,Indicative board,board,SGD < 50,std_lt_50,forex_sgd,25 September 2026 05:51:22 PM,25 September 2026 05:51:22 PM,2026-09-25T17:24:12.189579+00:00,35.65,33.95,34.83,34.8,MAS,2.354292276772898,2.5265575653172423
standardized,uob,AOA,SGD,AOA/SGD,100,Indicative board,board,"SGD 200 – 39,999.99",std_200_40k,forex_sgd,25 September 2026 05:51:22 PM,25 September 2026 05:51:22 PM,2026-09-25T17:24:12.189579+00:00,0.1439,,,,,,
standardized,uob,AOA,SGD,AOA/SGD,100,Indicative board,board,"SGD 40,000 – 100,000",std_40k_100k,forex_sgd,25 September 2026 05:51:22 PM,25 September 2026 05:51:22 PM,2026-09-25T17:24:12.189579+00:00,0.1439,,,,,,
standardized,uob,AOA,SGD,AOA/SGD,100,Indicative board,board,SGD 50 – 200,std_50_200,forex_sgd,25 September 2026 05:51:22 PM,25 September 2026 05:51:22 PM,2026-09-25T17:24:12.189579+00:00,0.1439,,,,,,
standardized,uob,AOA,SGD,AOA/SGD,100,Indicative board,board,SGD < 50,std_lt_50,forex_sgd,25 September 2026 05:51:22 PM,25 September 2026 05:51:22 PM,2026-09-25T17:24:12.189579+00:00,0.1439,,,,,,
standardized,uob,AUD,SGD,AUD/SGD,1,Indicative board,board,"SGD 200 – 39,999.99",std_200_40k,forex_sgd,25 September 2026 05:51:22 PM,25 September 2026 05:51:22 PM,2026-09-25T17:24:12.189579+00:00,0.9139,0.8829,0.8973,0.8984000000000001,MAS,1.849994427727634,1.6048144433299865
standardized,uob,AUD,SGD,AUD/SGD,1,Indicative board,board,"SGD 40,000 – 100,000",std_40k_100k,forex_sgd,25 September 2026 05:51:22 PM,25 September 2026 05:51:22 PM,2026-09-25T17:24:12.189579+00:00,0.9139,0.8829,0.8973,0.8984000000000001,MAS,1.849994427727634,1.6048144433299865
standardized,uob,AUD,SGD,AUD/SGD,1,Indicative board,board,SGD 50 – 200,std_50_200,forex_sgd,25 September 2026 05:51:22 PM,25 September 2026 05:51:22 PM,2026-09-25T17:24:12.189579+00:00,0.9139,0.8829,0.8973,0.8984000000000001,MAS,1.849994427727634,1.6048144433299865
standardized,uob,AUD,SGD,AUD/SGD,1,Indicative board,board,SGD < 50,std_lt_50,forex_sgd,25 September 2026 05:51:22 PM,25 September 2026 05:51:22 PM,2026-09-25T17:24:12.189579+00:00,0.9139,0.8829,0.8973,0.8984000000000001,MAS,1.849994427727634,1.6048144433299865
standardized,uob,BDT,SGD,BDT/SGD,100,Indicative board,board,"SGD 200 – 39,999.99",std_200_40k,forex_sgd,25 September 2026 05:51:22 PM,25 September 2026 05:51:22 PM,2026-09-25T17:24:12.189579+00:00,1.0732,,,,,,
standardized,uob,BDT,SGD,BDT/SGD,100,Indicative board,board,"SGD 40,000 – 100,000",std_40k_100k,forex_sgd,25 September 2026 05:51:22 PM,25 September 2026 05:51:22 PM,2026-09-25T17:24:12.189579+00:00,1.0732,,,,,,
standardized,uob,BDT,SGD,BDT/SGD,100,Indicative board,board,SGD 50 – 200,std_50_200,forex_sgd,25 September 2026 05:51:22 PM,25 September 2026 05:51:22 PM,2026-09-25T17:24:12.189579+00:00,1.0732,,,,,,
standardized,uob,BDT,SGD,BDT/SGD,100,Indicative board,board,SGD < 50,std_lt_50,forex_sgd,25 September 2026 05:51:22 PM,25 September 2026 05:51:22 PM,2026-09-25T17:24:12.189579+00:00,1.0732,,,,,,
standardized,uob,BND,SGD,BND/SGD,1,Indicative board,board,"SGD 200 – 39,999.99",std_200_40k,forex_sgd,25 September 2026 05:51:22 PM,25 September 2026 05:51:22 PM,2026-09-25T17:24:12.189579+00:00,1.0,1.0,,1.0,,,
standardized,uob,BND,SGD,BND/SGD,1,Indicative board,board,"SGD 40,000 – 100,000",std_40k_100k,forex_sgd,25 September 2026 05:51:22 PM,25 September 2026 05:51:22 PM,2026-09-25T17:24:12.189579+00:00,1.0,1.0,,1.0,,,
standardized,uob,BND,SGD,BND/SGD,1,Indicative board,board,SGD 50 – 200,std_50_200,forex_sgd,25 September 2026 05:51:22 PM,25 September 2026 05:51:22 PM,2026-09-25T17:24:12.189579+00:00,1.0,1.0,,1.0,,,
standardized,uob,BND,SGD,BND/SGD,1,Indicative board,board,SGD < 50,std_lt_50,forex_sgd,25 September 2026 05:51:22 PM,25 September 2026 05:51:22 PM,2026-09-25T17:24:12.189579+00:00,1.0,1.0,,1.0,,,
standardized,uob,CAD,SGD,CAD/SGD,1,Indicative board,board,"SGD 200 – 39,999.99",std_200_40k,forex_sgd,25 September 2026 05:51:22 PM,25 September 2026 05:51:22 PM,2026-09-25T17:24:12.189579+00:00,0.9137,0.8937,0.9042,0.9037,MAS,1.0506525105065199,1.16124751161247
standardized,uob,CAD,SGD,CAD/SGD,1,Indicative board,board,"SGD 40,000 – 100,000",std_40k_100k,forex_sgd,25 September 2026 05:51:22 PM,25 September 2026 05:51:22 PM,2026-09-25T17:24:12.189579+00:00,0.9137,0.8937,0.9042,0.9037,MAS,1.0506525105065199,1.16124751161247
standardized,uob,CAD,SGD,CAD/SGD,1,Indicative board,board,SGD 50 – 200,std_50_200,forex_sgd,25 September 2026 05:51:22 PM,25 September 2026 05:51:22 PM,2026-09-25T17:24:12.189579+00:00,0.9137,0.8937,0.9042,0.9037,MAS,1.0506525105065199,1.16124751161247
standardized,uob,CAD,SGD,CAD/SGD,1,Indicative board,board,SGD < 50,std_lt_50,forex_sgd,25 September 2026 05:51:22 PM,25 September 2026 05:51:22 PM,2026-09-25T17:24:12.189579+00:00,0.9137,0.8937,0.9042,0.9037,MAS,1.0506525105065199,1.16124751161247
standardized,uob,CHF,SGD,CHF/SGD,100,Indicative board,board,"SGD 200 – 39,999.99",std_200_40k,forex_sgd,25 September 2026 05:51:22 PM,25 September 2026 05:51:22 PM,2026-09-25T17:24:12.189579+00:00,155.81,152.51,154.28,154.16,MAS,0.9917033964220905,1.1472647135079144
standardized,uob,CHF,SGD,CHF/SGD,100,Indicative board,board,"SGD 40,000 – 100,000",std_40k_100k,forex_sgd,25 September 2026 05:51:22 PM,25 September 2026 05:51:22 PM,2026-09-25T17:24:12.189579+00:00,155.81,152.51,154.28,154.16,MAS,0.9917033964220905,1.1472647135079144
standardized,uob,CHF,SGD,CHF/SGD,100,Indicative board,board,SGD 50 – 200,std_50_200,forex_sgd,25 September 2026 05:51:22 PM,25 September 2026 05:51:22 PM,2026-09-25T17:24:12.189579+00:00,155.81,152.51,154.28,154.16,MAS,0.9917033964220905,1.1472647135079144
standardized,uob,CHF,SGD,CHF/SGD,100,Indicative board,board,SGD < 50,std_lt_50,forex_sgd,25 September 2026 05:51:22 PM,25 September 2026 05:51:22 PM,2026-09-25T17:24:12.189579+00:00,155.81,152.51,154.28,154.16,MAS,0.9917033964220905,1.1472647135079144
standardized,uob,CNH,SGD,CNH/SGD,100,Indicative board,board,"SGD 200 – 39,999.99",std_200_40k,forex_sgd,25 September 2026 05:51:22 PM,25 September 2026 05:51:22 PM,2026-09-25T17:24:12.189579+00:00,19.24,18.78,,19.009999999999998,,,
standardized,uob,CNH,SGD,CNH/SGD,100,Indicative board,board,"SGD 40,000 – 100,000",std_40k_100k,forex_sgd,25 September 2026 05:51:22 PM,25 September 2026 05:51:22 PM,2026-09-25T17:24:12.189579+00:00,19.24,18.78,,19.009999999999998,,,
standardized,uob,CNH,SGD,CNH/SGD,100,Indicative board,board,SGD 50 – 200,std_50_200,forex_sgd,25 September 2026 05:51:22 PM,25 September 2026 05:51:22 PM,2026-09-25T17:24:12.189579+00:00,19.24,18.78,,19.009999999999998,,,
standardized,uob,CNH,SGD,CNH/SGD,100,Indicative board,board,SGD < 50,std_lt_50,forex_sgd,25 September 2026 05:51:22 PM,25 September 2026 05:51:22 PM,2026-09-25T17:24:12.189579+00:00,19.24,18.78,,19.009999999999998,,,
standardized,uob,DKK,SGD,DKK/SGD,100,Indicative board,board,"SGD 200 – 39,999.99",std_200_40k,forex_sgd,25 September 2026 05:51:22 PM,25 September 2026 05:51:22 PM,2026-09-25T17:24:12.189579+00:00,19.82,19.12,,19.47,,,
standardized,uob,DKK,SGD,DKK/SGD,100,Indicative board,board,"SGD 40,000 – 100,000",std_40k_100k,forex_sgd,25 September 2026 05:51:22 PM,25 September 2026 05:51:22 PM,2026-09-25T17:24:12.189579+00:00,19.82,19.12,,19.47,,,
standardized,uob,DKK,SGD,DKK/SGD,100,Indicative board,board,SGD 50 – 200,std_50_200,forex_sgd,25 September 2026 05:51:22 PM,25 September 2026 05:51:22 PM,2026-09-25T17:24:12.189579+00:00,19.82,19.12,,19.47,,,
standardized,uob,DKK,SGD,DKK/SGD,100,Indicative board,board,SGD < 50,std_lt_50,forex_sgd,25 September 2026 05:51:22 PM,25 September 2026 05:51:22 PM,2026-09-25T17:24:12.189579+00:00,19.82,19.12,,19.47,,,
standardized,uob,EGP,SGD,EGP/SGD,100,Indicative board,board,"SGD 200 – 39,999.99",std_200_40k,forex_sgd,25 September 2026 05:51:22 PM,25 September 2026 05:51:22 PM,2026-09-25T17:24:12.189579+00:00,2.5417,,,,,,
standardized,uob,EGP,SGD,EGP/SGD,100,Indicative board,board,"SGD 40,000 – 100,000",std_40k_100k,forex_sgd,25 September 2026 05:51:22 PM,25 September 2026 05:51:22 PM,2026-09-25T17:24:12.189579+00:00,2.5417,,,,,,
standardized,uob,EGP,SGD,EGP/SGD,100,Indicative board,board,SGD 50 – 200,std_50_200,forex_sgd,25 September 2026 05:51:22 PM,25 September 2026 05:51:22 PM,2026-09-25T17:24:12.189579+00:00,2.5417,,,,,,
standardized,uob,EGP,SGD,EGP/SGD,100,Indicative board,board,SGD < 50,std_lt_50,forex_sgd,25 September 2026 05:51:22 PM,25 September 2026 05:51:22 PM,2026-09-25T17:24:12.189579+00:00,2.5417,,,,,,
standardized,uob,EUR,SGD,EUR/SGD,1,Indicative board,board,"SGD 200 – 39,999.99",std_200_40k,forex_sgd,25 September 2026 05:51:22 PM,25 September 2026 05:51:22 PM,2026-09-25T17:24:12.189579+00:00,1.4748,1.4368,1.4544,1.4558,MAS,1.4026402640264162,1.210121012101199
standardized,uob,EUR,SGD,EUR/SGD,1,Indicative board,board,"SGD 40,000 – 100,000",std_40k_100k,forex_sgd,25 September 2026 05:51:22 PM,25 September 2026 05:51:22 PM,2026-09-25T17:24:12.189579+00:00,1.4748,1.4368,1.4544,1.4558,MAS,1.4026402640264162,1.210121012101199
standardized,uob,EUR,SGD,EUR/SGD,1,Indicative board,board,SGD 50 – 200,std_50_200,forex_sgd,25 September 2026 05:51:22 PM,25 September 2026 05:51:22 PM,2026-09-25T17:24:12.189579+00:00,1.4748,1.4368,1.4544,1.4558,MAS,1.4026402640264162,1.210121012101199
standardized,uob,EUR,SGD,EUR/SGD,1,Indicative board,board,SGD < 50,std_lt_50,forex_sgd,25 September 2026 05:51:22 PM,25 September 2026 05:51:22 PM,2026-09-25T17:24:12.189579+00:00,1.4748,1.4368,1.4544,1.4558,MAS,1.4026402640264162,1.210121012101199
standardized,uob,GBP,SGD,GBP/SGD,1,Indicative board,board,"SGD 200 – 39,999.99",std_200_40k,forex_sgd,25 September 2026 05:51:22 PM,25 September 2026 05:51:22 PM,2026-09-25T17:24:12.189579+00:00,1.7143,1.6693,1.6901,1.6918,MAS,1.4318679368084728,1.2306964084965346
standardized,uob,GBP,SGD,GBP/SGD,1,Indicative board,board,"SGD 40,000 – 100,000",std_40k_100k,forex_sgd,25 September 2026 05:51:22 PM,25 September 2026 05:51:22 PM,2026-09-25T17:24:12.189579+00:00,1.7143,1.6693,1.6901,1.6918,MAS,1.4318679368084728,1.2306964084965346
standardized,uob,GBP,SGD,GBP/SGD,1,Indicative board,board,SGD 50 – 200,std_50_200,forex_sgd,25 September 2026 05:51:22 PM,25 September 2026 05:51:22 PM,2026-09-25T17:24:12.189579+00:00,1.7143,1.6693,1.6901,1.6918,MAS,1.4318679368084728,1.2306964084965346
standardized,uob,GBP,SGD,GBP/SGD,1,Indicative board,board,SGD < 50,std_lt_50,forex_sgd,25 September 2026 05:51:22 PM,25 September 2026 05:51:22 PM,2026-09-25T17:24:12.189579+00:00,1.7143,1.6693,1.6901,1.6918,MAS,1.4318679368084728,1.2306964084965346
standardized,uob,HKD,SGD,HKD/SGD,100,Indicative board,board,"SGD 200 – 39,999.99",std_200_40k,forex_sgd,25 September 2026 05:51:22 PM,25 September 2026 05:51:22 PM,2026-09-25T17:24:12.189579+00:00,16.469,16.111,16.31,16.29,MAS,0.9748620478234364,1.2201103617412512
standardized,uob,HKD,SGD,HKD/SGD,100,Indicative board,board,"SGD 40,000 – 100,000",std_40k_100k,forex_sgd,25 September 2026 05:51:22 PM,25 September 2026 05:51:22 PM,2026-09-25T17:24:12.189579+00:00,16.469,16.111,16.31,16.29,MAS,0.9748620478234364,1.2201103617412512
standardized,uob,HKD,SGD,HKD/SGD,100,Indicative board,board,SGD 50 – 200,std_50_200,forex_sgd,25 September 2026 05:51:22 PM,25 September 2026 05:51:22 PM,2026-09-25T17:24:12.189579+00:00,16.469,16.111,16.31,16.29,MAS,0.9748620478234364,1.2201103617412512
standardized,uob,HKD,SGD,HKD/SGD,100,Indicative board,board,SGD < 50,std_lt_50,forex_sgd,25 September 2026 05:51:22 PM,25 September 2026 05:51:22 PM,2026-09-25T17:24:12.189579+00:00,16.469,16.111,16.31,16.29,MAS,0.9748620478234364,1.2201103617412512
standardized,uob,INR,SGD,INR/SGD,100,Indicative board,board,"SGD 200 – 39,999.99",std_200_40k,forex_sgd,25 September 2026 05:51:22 PM,25 September 2026 05:51:22 PM,2026-09-25T17:24:12.189579+00:00,1.3703,,1.3335,,MAS,2.7596550431196225,
standardized,uob,INR,SGD,INR/SGD,100,Indicative board,board,"SGD 40,000 – 100,000",std_40k_100k,forex_sgd,25 September 2026 05:51:22 PM,25 September 2026 05:51:22 PM,2026-09-25T17:24:12.189579+00:00,1.3703,,1.3335,,MAS,2.7596550431196225,
standardized,uob,INR,SGD,INR/SGD,100,Indicative board,board,SGD 50 – 200,std_50_200,forex_sgd,25 September 2026 05:51:22 PM,25 September 2026 05:51:22 PM,2026-09-25T17:24:12.189579+00:00,1.3703,,1.3335,,MAS,2.7596550431196225,
standardized,uob,INR,SGD,INR/SGD,100,Indicative board,board,SGD < 50,std_lt_50,forex_sgd,25 September 2026 05:51:22 PM,25 September 2026 05:51:22 PM,2026-09-25T17:24:12.189579+00:00,1.3703,,1.3335,,MAS,2.7596550431196225,
standardized,uob,JPY,SGD,JPY/SGD,100,Indicative board,board,"SGD 200 – 39,999.99",std_200_40k,forex_sgd,25 September 2026 05:51:22 PM,25 September 2026 05:51:22 PM,2026-09-25T17:24:12.189579+00:00,0.8263,0.7923,0.8078,0.8093,MAS,2.2901708343649507,1.9187917801435947
standardized,uob,JPY,SGD,JPY/SGD,100,Indicative board,board,"SGD 40,000 – 100,000",std_40k_100k,forex_sgd,25 September 2026 05:51:22 PM,25 September 2026 05:51:22 PM,2026-09-25T17:24:12.189579+00:00,0.8263,0.7923,0.8078,0.8093,MAS,2.2901708343649507,1.9187917801435947
standardized,uob,JPY,SGD,JPY/SGD,100,Indicative board,board,SGD 50 – 200,std_50_200,forex_sgd,25 September 2026 05:51:22 PM,25 September 2026 05:51:22 PM,2026-09-25T17:24:12.189579+00:00,0.8263,0.7923,0.8078,0.8093,MAS,2.2901708343649507,1.9187917801435947
standardized,uob,JPY,SGD,JPY/SGD,100,Indicative board,board,SGD < 50,std_lt_50,forex_sgd,25 September 2026 05:51:22 PM,25 September 2026 05:51:22 PM,2026-09-25T17:24:12.189579+00:00,0.8263,0.7923,0.8078,0.8093,MAS,2.2901708343649507,1.9187917801435947
standardized,uob,KRW,SGD,KRW/SGD,1000,Indicative board,board,"SGD 200 – 39,999.99",std_200_40k,forex_sgd,25 September 2026 05:51:22 PM,25 September 2026 05:51:22 PM,2026-09-25T17:24:12.189579+00:00,,,0.941,,MAS,,
standardized,uob,KRW,SGD,KRW/SGD,1000,Indicative board,board,"SGD 40,000 – 100,000",std_40k_100k,forex_sgd,25 September 2026 05:51:22 PM,25 September 2026 05:51:22 PM,2026-09-25T17:24:12.189579+00:00,,,0.941,,MAS,,
standardized,uob,KRW,SGD,KRW/SGD,1000,Indicative board,board,SGD 50 – 200,std_50_200,forex_sgd,25 September 2026 05:51:22 PM,25 September 2026 05:51:22 PM,2026-09-25T17:24:12.189579+00:00,,,0.941,,MAS,,
standardized,uob,KRW,SGD,KRW/SGD,1000,Indicative board,board,SGD < 50,std_lt_50,forex_sgd,25 September 2026 05:51:22 PM,25 September 2026 05:51:22 PM,2026-09-25T17:24:12.189579+00:00,,,0.941,,MAS,,
standardized,uob,KWD,SGD,KWD/SGD,1,Indicative board,board,"SGD 200 – 39,999.99",std_200_40k,forex_sgd,25 September 2026 05:51:22 PM,25 September 2026 05:51:22 PM,2026-09-25T17:24:12.189579+00:00,4.1986,,,,,,
standardized,uob,KWD,SGD,KWD/SGD,1,Indicative board,board,"SGD 40,000 – 100,000",std_40k_100k,forex_sgd,25 September 2026 05:51:22 PM,25 September 2026 05:51:22 PM,2026-09-25T17:24:12.189579+00:00,4.1986,,,,,,
standardized,uob,KWD,SGD,KWD/SGD,1,Indicative board,board,SGD 50 – 200,std_50_200,forex_sgd,25 September 2026 05:51:22 PM,25 September 2026 05:51:22 PM,2026-09-25T17:24:12.189579+00:00,4.1986,,,,,,
standardized,uob,KWD,SGD,KWD/SGD,1,Indicative board,board,SGD < 50,std_lt_50,forex_sgd,25 September 2026 05:51:22 PM,25 September 2026 05:51:22 PM,2026-09-25T17:24:12.189579+00:00,4.1986,,,,,,
standardized,uob,LKR,SGD,LKR/SGD,100,Indicative board,board,"SGD 200 – 39,999.99",std_200_40k,forex_sgd,25 September 2026 05:51:22 PM,25 September 2026 05:51:22 PM,2026-09-25T17:24:12.189579+00:00,0.3937,,,,,,
standardized,uob,LKR,SGD,LKR/SGD,100,Indicative board,board,"SGD 40,000 – 100,000",std_40k_100k,forex_sgd,25 September 2026 05:51:22 PM,25 September 2026 05:51:22 PM,2026-09-25T17:24:12.189579+00:00,0.3937,,,,,,
standardized,uob,LKR,SGD,LKR/SGD,100,Indicative board,board,SGD 50 – 200,std_50_200,forex_sgd,25 September 2026 05:51:22 PM,25 September 2026 05:51:22 PM,2026-09-25T17:24:12.189579+00:00,0.3937,,,,,,
standardized,uob,LKR,SGD,LKR/SGD,100,Indicative board,board,SGD < 50,std_lt_50,forex_sgd,25 September 2026 05:51:22 PM,25 September 2026 05:51:22 PM,2026-09-25T17:24:12.189579+00:00,0.3937,,,,,,
standardized,uob,MXN,SGD,MXN/SGD,100,Indicative board,board,"SGD 200 – 39,999.99",std_200_40k,forex_sgd,25 September 2026 05:51:22 PM,25 September 2026 05:51:22 PM,2026-09-25T17:24:12.189579+00:00,7.2947,,,,,,
standardized,uob,MXN,SGD,MXN/SGD,100,Indicative board,board,"SGD 40,000 – 100,000",std_40k_100k,forex_sgd,25 September 2026 05:51:22 PM,25 September 2026 05:51:22 PM,2026-09-25T17:24:12.189579+00:00,7.2947,,,,,,
standardized,uob,MXN,SGD,MXN/SGD,100,Indicative board,board,SGD 50 – 200,std_50_200,forex_sgd,25 September 2026 05:51:22 PM,25 September 2026 05:51:22 PM,2026-09-25T17:24:12.189579+00:00,7.2947,,,,,,
standardized,uob,MXN,SGD,MXN/SGD,100,Indicative board,board,SGD < 50,std_lt_50,forex_sgd,25 September 2026 05:51:22 PM,25 September 2026 05:51:22 PM,2026-09-25T17:24:12.189579+00:00,7.2947,,,,,,
standardized,uob,MYR,SGD,MYR/SGD,100,Indicative board,board,"SGD 200 – 39,999.99",std_200_40k,forex_sgd,25 September 2026 05:51:22 PM,25 September 2026 05:51:22 PM,2026-09-25T17:24:12.189579+00:00,31.8066,,31.379999999999995,,MAS,1.3594646271510649,
standardized,uob,MYR,SGD,MYR/SGD,100,Indicative board,board,"SGD 40,000 – 100,000",std_40k_100k,forex_sgd,25 September 2026 05:51:22 PM,25 September 2026 05:51:22 PM,2026-09-25T17:24:12.189579+00:00,31.8066,,31.379999999999995,,MAS,1.3594646271510649,
standardized,uob,MYR,SGD,MYR/SGD,100,Indicative board,board,SGD 50 – 200,std_50_200,forex_sgd,25 September 2026 05:51:22 PM,25 September 2026 05:51:22 PM,2026-09-25T17:24:12.189579+00:00,31.8066,,31.379999999999995,,MAS,1.3594646271510649,
standardized,uob,MYR,SGD,MYR/SGD,100,Indicative board,board,SGD < 50,std_lt_50,forex_sgd,25 September 2026 05:51:22 PM,25 September 2026 05:51:22 PM,2026-09-25T17:24:12.189579+00:00,31.8066,,31.379999999999995,,MAS,1.3594646271510649,
standardized,uob,NOK,SGD,NOK/SGD,100,Indicative board,board,"SGD 200 – 39,999.99",std_200_40k,forex_sgd,25 September 2026 05:51:22 PM,25 September 2026 05:51:22 PM,2026-09-25T17:24:12.189579+00:00,13.65,13.21,,13.43,,,
standardized,uob,NOK,SGD,NOK/SGD,100,Indicative board,board,"SGD 40,000 – 100,000",std_40k_100k,forex_sgd,25 September 2026 05:51:22 PM,25 September 2026 05:51:22 PM,2026-09-25T17:24:12.189579+00:00,13.65,13.21,,13.43,,,
standardized,uob,NOK,SGD,NOK/SGD,100,Indicative board,board,SGD 50 – 200,std_50_200,forex_sgd,25 September 2026 05:51:22 PM,25 September 2026 05:51:22 PM,2026-09-25T17:24:12.189579+00:00,13.65,13.21,,13.43,,,
standardized,uob,NOK,SGD,NOK/SGD,100,Indicative board,board,SGD < 50,std_lt_50,forex_sgd,25 September 2026 05:51:22 PM,25 September 2026 05:51:22 PM,2026-09-25T17:24:12.189579+00:00,13.65,13.21,,13.43,,,
standardized,uob,NZD,SGD,NZD/SGD,1,Indicative board,board,"SGD 200 – 39,999.99",std_200_40k,forex_sgd,25 September 2026 05:51:22 PM,25 September 2026 05:51:22 PM,2026-09-25T17:24:12.189579+00:00,0.7344,0.7144,0.7232,0.7244,MAS,1.5486725663716951,1.2168141592920243
standardized,uob,NZD,SGD,NZD/SGD,1,Indicative board,board,"SGD 40,000 – 100,000",std_40k_100k,forex_sgd,25 September 2026 05:51:22 PM,25 September 2026 05:51:22 PM,2026-09-25T17:24:12.189579+00:00,0.7344,0.7144,0.7232,0.7244,MAS,1.5486725663716951,1.2168141592920243
standardized,uob,NZD,SGD,NZD/SGD,1,Indicative board,board,SGD 50 – 200,std_50_200,forex_sgd,25 September 2026 05:51:22 PM,25 September 2026 05:51:22 PM,2026-09-25T17:24:12.189579+00:00,0.7344,0.7144,0.7232,0.7244,MAS,1.5486725663716951,1.2168141592920243
standardized,uob,NZD,SGD,NZD/SGD,1,Indicative board,board,SGD < 50,std_lt_50,forex_sgd,25 September 2026 05:51:22 PM,25 September 2026 05:51:22 PM,2026-09-25T17:24:12.189579+00:00,0.7344,0.7144,0.7232,0.7244,MAS,1.5486725663716951,1.2168141592920243
standardized,uob,PHP,SGD,PHP/SGD,100,Indicative board,board,"SGD 200 – 39,999.99",std_200_40k,forex_sgd,25 September 2026 05:51:22 PM,25 September 2026 05:51:22 PM,2026-09-25T17:24:12.189579+00:00,2.0922,,2.0446,,MAS,2.328083732759468,
standardized,uob,PHP,SGD,PHP/SGD,100,Indicative board,board,"SGD 40,000 – 100,000",std_40k_100k,forex_sgd,25 September 2026 05:51:22 PM,25 September 2026 05:51:22 PM,2026-09-25T17:24:12.189579+00:00,2.0922,,2.0446,,MAS,2.328083732759468,
standardized,uob,PHP,SGD,PHP/SGD,100,Indicative board,board,SGD 50 – 200,std_50_200,forex_sgd,25 September 2026 05:51:22 PM,25 September 2026 05:51:22 PM,2026-09-25T17:24:12.189579+00:00,2.0922,,2.0446,,MAS,2.328083732759468,
standardized,uob,PHP,SGD,PHP/SGD,100,Indicative board,board,SGD < 50,std_lt_50,forex_sgd,25 September 2026 05:51:22 PM,25 September 2026 05:51:22 PM,2026-09-25T17:24:12.189579+00:00,2.0922,,2.0446,,MAS,2.328083732759468,
standardized,uob,PKR,SGD,PKR/SGD,100,Indicative board,board,"SGD 200 – 39,999.99",std_200_40k,forex_sgd,25 September 2026 05:51:22 PM,25 September 2026 05:51:22 PM,2026-09-25T17:24:12.189579+00:00,0.4685,,,,,,
standardized,uob,PKR,SGD,PKR/SGD,100,Indicative board,board,"SGD 40,000 – 100,000",std_40k_100k,forex_sgd,25 September 2026 05:51:22 PM,25 September 2026 05:51:22 PM,2026-09-25T17:24:12.189579+00:00,0.4685,,,,,,
standardized,uob,PKR,SGD,PKR/SGD,100,Indicative board,board,SGD 50 – 200,std_50_200,forex_sgd,25 September 2026 05:51:22 PM,25 September 2026 05:51:22 PM,2026-09-25T17:24:12.189579+00:00,0.4685,,,,,,
standardized,uob,PKR,SGD,PKR/SGD,100,Indicative board,board,SGD < 50,std_lt_50,forex_sgd,25 September 2026 05:51:22 PM,25 September 2026 05:51:22 PM,2026-09-25T17:24:12.189579+00:00,0.4685,,,,,,
standardized,uob,SAR,SGD,SAR/SGD,100,Indicative board,board,"SGD 200 – 39,999.99",std_200_40k,forex_sgd,25 September 2026 05:51:22 PM,25 September 2026 05:51:22 PM,2026-09-25T17:24:12.189579+00:00,,,34.07,,MAS,,
standardized,uob,SAR,SGD,SAR/SGD,100,Indicative board,board,"SGD 40,000 – 100,000",std_40k_100k,forex_sgd,25 September 2026 05:51:22 PM,25 September 2026 05:51:22 PM,2026-09-25T17:24:12.189579+00:00,,,34.07,,MAS,,
standardized,uob,SAR,SGD,SAR/SGD,100,Indicative board,board,SGD 50 – 200,std_50_200,forex_sgd,25 September 2026 05:51:22 PM,25 September 2026 05:51:22 PM,2026-09-25T17:24:12.189579+00:00,,,34.07,,MAS,,
standardized,uob,SAR,SGD,SAR/SGD,100,Indicative board,board,SGD < 50,std_lt_50,forex_sgd,25 September 2026 05:51:22 PM,25 September 2026 05:51:22 PM,2026-09-25T17:24:12.189579+00:00,,,34.07,,MAS,,
standardized,uob,SEK,SGD,SEK/SGD,100,Indicative board,board,"SGD 200 – 39,999.99",std_200_40k,forex_sgd,25 September 2026 05:51:22 PM,25 September 2026 05:51:22 PM,2026-09-25T17:24:12.189579+00:00,13.14,12.66,,12.9,,,
standardized,uob,SEK,SGD,SEK/SGD,100,Indicative board,board,"SGD 40,000 – 100,000",std_40k_100k,forex_sgd,25 September 2026 05:51:22 PM,25 September 2026 05:51:22 PM,2026-09-25T17:24:12.189579+00:00,13.14,12.66,,12.9,,,
standardized,uob,SEK,SGD,SEK/SGD,100,Indicative board,board,SGD 50 – 200,std_50_200,forex_sgd,25 September 2026 05:51:22 PM,25 September 2026 05:51:22 PM,2026-09-25T17:24:12.189579+00:00,13.14,12.66,,12.9,,,
standardized,uob,SEK,SGD,SEK/SGD,100,Indicative board,board,SGD < 50,std_lt_50,forex_sgd,25 September 2026 05:51:22 PM,25 September 2026 05:51:22 PM,2026-09-25T17:24:12.189579+00:00,13.14,12.66,,12.9,,,
standardized,uob,THB,SGD,THB/SGD,100,Indicative board,board,"SGD 200 – 39,999.99",std_200_40k,forex_sgd,25 September 2026 05:51:22 PM,25 September 2026 05:51:22 PM,2026-09-25T17:24:12.189579+00:00,3.94,3.74,3.8234999999999997,3.84,MAS,3.0469465149731993,2.1838629527919307
standardized,uob,THB,SGD,THB/SGD,100,Indicative board,board,"SGD 40,000 – 100,000",std_40k_100k,forex_sgd,25 September 2026 05:51:22 PM,25 September 2026 05:51:22 PM,2026-09-25T17:24:12.189579+00:00,3.94,3.74,3.8234999999999997,3.84,MAS,3.0469465149731993,2.1838629527919307
standardized,uob,THB,SGD,THB/SGD,100,Indicative board,board,SGD 50 – 200,std_50_200,forex_sgd,25 September 2026 05:51:22 PM,25 September 2026 05:51:22 PM,2026-09-25T17:24:12.189579+00:00,3.94,3.74,3.8234999999999997,3.84,MAS,3.0469465149731993,2.1838629527919307
standardized,uob,THB,SGD,THB/SGD,100,Indicative board,board,SGD < 50,std_lt_50,forex_sgd,25 September 2026 05:51:22 PM,25 September 2026 05:51:22 PM,2026-09-25T17:24:12.189579+00:00,3.94,3.74,3.8234999999999997,3.84,MAS,3.0469465149731993,2.1838629527919307
standardized,uob,TWD,SGD,TWD/SGD,100,Indicative board,board,"SGD 200 – 39,999.99",std_200_40k,forex_sgd,25 September 2026 05:51:22 PM,25 September 2026 05:51:22 PM,2026-09-25T17:24:12.189579+00:00,,,4.0272,,MAS,,
standardized,uob,TWD,SGD,TWD/SGD,100,Indicative board,board,"SGD 40,000 – 100,000",std_40k_100k,forex_sgd,25 September 2026 05:51:22 PM,25 September 2026 05:51:22 PM,2026-09-25T17:24:12.189579+00:00,,,4.0272,,MAS,,
standardized,uob,TWD,SGD,TWD/SGD,100,Indicative board,board,SGD 50 – 200,std_50_200,forex_sgd,25 September 2026 05:51:22 PM,25 September 2026 05:51:22 PM,2026-09-25T17:24:12.189579+00:00,,,4.0272,,MAS,,
standardized,uob,TWD,SGD,TWD/SGD,100,Indicative board,board,SGD < 50,std_lt_50,forex_sgd,25 September 2026 05:51:22 PM,25 September 2026 05:51:22 PM,2026-09-25T17:24:12.189579+00:00,,,4.0272,,MAS,,
standardized,uob,USD,SGD,USD/SGD,1,Indicative board,board,"SGD 200 – 39,999.99",std_200_40k,forex_sgd,25 September 2026 05:51:22 PM,25 September 2026 05:51:22 PM,2026-09-25T17:24:12.189579+00:00,1.29,1.266,1.2794,1.278,MAS,0.8285133656401393,1.0473659527903765
standardized,uob,USD,SGD,USD/SGD,1,Indicative board,board,"SGD 40,000 – 100,000",std_40k_100k,forex_sgd,25 September 2026 05:51:22 PM,25 September 2026 05:51:22 PM,2026-09-25T17:24:12.189579+00:00,1.29,1.266,1.2794,1.278,MAS,0.8285133656401393,1.0473659527903765
standardized,uob,USD,SGD,USD/SGD,1,Indicative board,board,SGD 50 – 200,std_50_200,forex_sgd,25 September 2026 05:51:22 PM,25 September 2026 05:51:22 PM,2026-09-25T17:24:12.189579+00:00,1.29,1.266,1.2794,1.278,MAS,0.8285133656401393,1.0473659527903765
standardized,uob,USD,SGD,USD/SGD,1,Indicative board,board,SGD < 50,std_lt_50,forex_sgd,25 September 2026 05:51:22 PM,25 September 2026 05:51:22 PM,2026-09-25T17:24:12.189579+00:00,1.29,1.266,1.2794,1.278,MAS,0.8285133656401393,1.0473659527903765
standardized,uob,VND,SGD,VND/SGD,1000,Indicative board,board,"SGD 200 – 39,999.99",std_200_40k,forex_sgd,25 September 2026 05:51:22 PM,25 September 2026 05:51:22 PM,2026-09-25T17:24:12.189579+00:00,0.0504,,0.04926,,MAS,2.3142509135201017,
standardized,uob,VND,SGD,VND/SGD,1000,Indicative board,board,"SGD 40,000 – 100,000",std_40k_100k,forex_sgd,25 September 2026 05:51:22 PM,25 September 2026 05:51:22 PM,2026-09-25T17:24:12.189579+00:00,0.0504,,0.04926,,MAS,2.3142509135201017,
standardized,uob,VND,SGD,VND/SGD,1000,Indicative board,board,SGD 50 – 200,std_50_200,forex_sgd,25 September 2026 05:51:22 PM,25 September 2026 05:51:22 PM,2026-09-25T17:24:12.189579+00:00,0.0504,,0.04926,,MAS,2.3142509135201017,
standardized,uob,VND,SGD,VND/SGD,1000,Indicative board,board,SGD < 50,std_lt_50,forex_sgd,25 September 2026 05:51:22 PM,25 September 2026 05:51:22 PM,2026-09-25T17:24:12.189579+00:00,0.0504,,0.04926,,MAS,2.3142509135201017,
standardized,uob,XAF,SGD,XAF/SGD,100,Indicative board,board,"SGD 200 – 39,999.99",std_200_40k,forex_sgd,25 September 2026 05:51:22 PM,25 September 2026 05:51:22 PM,2026-09-25T17:24:12.189579+00:00,0.2279,,,,,,
standardized,uob,XAF,SGD,XAF/SGD,100,Indicative board,board,"SGD 40,000 – 100,000",std_40k_100k,forex_sgd,25 September 2026 05:51:22 PM,25 September 2026 05:51:22 PM,2026-09-25T17:24:12.189579+00:00,0.2279,,,,,,
standardized,uob,XAF,SGD,XAF/SGD,100,Indicative board,board,SGD 50 – 200,std_50_200,forex_sgd,25 September 2026 05:51:22 PM,25 September 2026 05:51:22 PM,2026-09-25T17:24:12.189579+00:00,0.2279,,,,,,
standardized,uob,XAF,SGD,XAF/SGD,100,Indicative board,board,SGD < 50,std_lt_50,forex_sgd,25 September 2026 05:51:22 PM,25 September 2026 05:51:22 PM,2026-09-25T17:24:12.189579+00:00,0.2279,,,,,,
standardized,uob,XOF,SGD,XOF/SGD,100,Indicative board,board,"SGD 200 – 39,999.99",std_200_40k,forex_sgd,25 September 2026 05:51:22 PM,25 September 2026 05:51:22 PM,2026-09-25T17:24:12.189579+00:00,0.2296,,,,,,
standardized,uob,XOF,SGD,XOF/SGD,100,Indicative board,board,"SGD 40,000 – 100,000",std_40k_100k,forex_sgd,25 September 2026 05:51:22 PM,25 September 2026 05:51:22 PM,2026-09-25T17:24:12.189579+00:00,0.2296,,,,,,
standardized,uob,XOF,SGD,XOF/SGD,100,Indicative board,board,SGD 50 – 200,std_50_200,forex_sgd,25 September 2026 05:51:22 PM,25 September 2026 05:51:22 PM,2026-09-25T17:24:12.189579+00:00,0.2296,,,,,,
standardized,uob,XOF,SGD,XOF/SGD,100,Indicative board,board,SGD < 50,std_lt_50,forex_sgd,25 September 2026 05:51:22 PM,25 September 2026 05:51:22 PM,2026-09-25T17:24:12.189579+00:00,0.2296,,,,,,
standardized,uob,ZAR,SGD,ZAR/SGD,1,Indicative board,board,"SGD 200 – 39,999.99",std_200_40k,forex_sgd,25 September 2026 05:51:22 PM,25 September 2026 05:51:22 PM,2026-09-25T17:24:12.189579+00:00,0.0803,0.0763,,0.07830000000000001,,,
standardized,uob,ZAR,SGD,ZAR/SGD,1,Indicative board,board,"SGD 40,000 – 100,000",std_40k_100k,forex_sgd,25 September 2026 05:51:22 PM,25 September 2026 05:51:22 PM,2026-09-25T17:24:12.189579+00:00,0.0803,0.0763,,0.07830000000000001,,,
standardized,uob,ZAR,SGD,ZAR/SGD,1,Indicative board,board,SGD 50 – 200,std_50_200,forex_sgd,25 September 2026 05:51:22 PM,25 September 2026 05:51:22 PM,2026-09-25T17:24:12.189579+00:00,0.0803,0.0763,,0.07830000000000001,,,
standardized,uob,ZAR,SGD,ZAR/SGD,1,Indicative board,board,SGD < 50,std_lt_50,forex_sgd,25 September 2026 05:51:22 PM,25 September 2026 05:51:22 PM,2026-09-25T17:24:12.189579+00:00,0.0803,0.0763,,0.07830000000000001,,,
