record_type,bank,base_currency,quote_currency,currency_pair,unit,transaction_value,amount_tier,std_transaction_value,std_amount_tier,group,effective_date,last_updated,scraped_at,tt_od_sell,tt_buy,mid_rate,bank_mid_rate,mid_source,sell_margin_pct,buy_margin_pct
native,dbs,AED,SGD,AED/SGD,1,SGD 50 – 200,amtBtw50And200,,,mainCurrencies,2026-09-30 02:00:00,2026-09-29 18:00:16,2026-09-29T18:10:41.375699+00:00,0.3506,0.3458,0.3481,0.3482,MAS,0.7181844297615634,0.6607296753806446
native,dbs,AED,SGD,AED/SGD,1,SGD < 50,amtLessThan50,,,mainCurrencies,2026-09-30 02:00:00,2026-09-29 18:00:16,2026-09-29T18:10:41.375699+00:00,0.3535,0.3431,0.3481,0.3483,MAS,1.5512783682849642,1.4363688595231268
native,dbs,AUD,SGD,AUD/SGD,1,SGD 50 – 200,amtBtw50And200,,,mainCurrencies,2026-09-30 02:00:00,2026-09-29 18:00:16,2026-09-29T18:10:41.375699+00:00,0.9016,0.8819,0.8965000000000001,0.89175,MAS,0.5688789737869361,1.6285554935861746
native,dbs,AUD,SGD,AUD/SGD,1,SGD < 50,amtLessThan50,,,mainCurrencies,2026-09-30 02:00:00,2026-09-29 18:00:16,2026-09-29T18:10:41.375699+00:00,0.9019,0.8813,0.8965000000000001,0.8916,MAS,0.6023424428332359,1.695482431678762
native,dbs,BDT,SGD,BDT/SGD,100,SGD 50 – 200,amtBtw50And200,,,otherCurrencies,2026-09-30 02:00:00,2026-09-29 18:00:16,2026-09-29T18:10:41.375699+00:00,1.0551,,,,,,
native,dbs,BDT,SGD,BDT/SGD,100,SGD < 50,amtLessThan50,,,otherCurrencies,2026-09-30 02:00:00,2026-09-29 18:00:16,2026-09-29T18:10:41.375699+00:00,1.0552,,,,,,
native,dbs,BHD,SGD,BHD/SGD,1,SGD 50 – 200,amtBtw50And200,,,otherCurrencies,2026-09-30 02:00:00,2026-09-29 18:00:16,2026-09-29T18:10:41.375699+00:00,3.4559,,,,,,
native,dbs,BHD,SGD,BHD/SGD,1,SGD < 50,amtLessThan50,,,otherCurrencies,2026-09-30 02:00:00,2026-09-29 18:00:16,2026-09-29T18:10:41.375699+00:00,3.4703,,,,,,
native,dbs,BND,SGD,BND/SGD,1,SGD 50 – 200,amtBtw50And200,,,otherCurrencies,2026-09-30 02:00:00,2026-09-29 18:00:16,2026-09-29T18:10:41.375699+00:00,1.0,1.0,,1.0,,,
native,dbs,BND,SGD,BND/SGD,1,SGD < 50,amtLessThan50,,,otherCurrencies,2026-09-30 02:00:00,2026-09-29 18:00:16,2026-09-29T18:10:41.375699+00:00,1.0,1.0,,1.0,,,
native,dbs,CAD,SGD,CAD/SGD,1,SGD 50 – 200,amtBtw50And200,,,mainCurrencies,2026-09-30 02:00:00,2026-09-29 18:00:16,2026-09-29T18:10:41.375699+00:00,0.9077,0.894,0.9014,0.9008499999999999,MAS,0.6989128023075186,0.8209451963612117
native,dbs,CAD,SGD,CAD/SGD,1,SGD < 50,amtLessThan50,,,mainCurrencies,2026-09-30 02:00:00,2026-09-29 18:00:16,2026-09-29T18:10:41.375699+00:00,0.9109,0.8909,0.9014,0.9009,MAS,1.0539161304637301,1.1648546705125309
native,dbs,CHF,SGD,CHF/SGD,1,SGD 50 – 200,amtBtw50And200,,,mainCurrencies,2026-09-30 02:00:00,2026-09-29 18:00:16,2026-09-29T18:10:41.375699+00:00,1.5454,1.5161,1.535,1.53075,MAS,0.6775244299674389,1.2312703583061837
native,dbs,CHF,SGD,CHF/SGD,1,SGD < 50,amtLessThan50,,,mainCurrencies,2026-09-30 02:00:00,2026-09-29 18:00:16,2026-09-29T18:10:41.375699+00:00,1.5461,1.515,1.535,1.5305499999999999,MAS,0.7231270358306261,1.3029315960912065
native,dbs,CNH,SGD,CNH/SGD,1,SGD 50 – 200,amtBtw50And200,,,mainCurrencies,2026-09-30 02:00:00,2026-09-29 18:00:16,2026-09-29T18:10:41.375699+00:00,0.1927,0.1883,,0.1905,,,
native,dbs,CNH,SGD,CNH/SGD,1,SGD < 50,amtLessThan50,,,mainCurrencies,2026-09-30 02:00:00,2026-09-29 18:00:16,2026-09-29T18:10:41.375699+00:00,0.1934,0.1876,,0.1905,,,
native,dbs,CNY,SGD,CNY/SGD,1,SGD 50 – 200,amtBtw50And200,,,otherCurrencies,2026-09-30 02:00:00,2026-09-29 18:00:16,2026-09-29T18:10:41.375699+00:00,0.1908,,0.1907,,MAS,0.052438384897739374,
native,dbs,CNY,SGD,CNY/SGD,1,SGD < 50,amtLessThan50,,,otherCurrencies,2026-09-30 02:00:00,2026-09-29 18:00:16,2026-09-29T18:10:41.375699+00:00,0.1925,,0.1907,,MAS,0.9438909281594107,
native,dbs,DKK,SGD,DKK/SGD,1,SGD 50 – 200,amtBtw50And200,,,mainCurrencies,2026-09-30 02:00:00,2026-09-29 18:00:16,2026-09-29T18:10:41.375699+00:00,0.1962,0.1909,,0.19355,,,
native,dbs,DKK,SGD,DKK/SGD,1,SGD < 50,amtLessThan50,,,mainCurrencies,2026-09-30 02:00:00,2026-09-29 18:00:16,2026-09-29T18:10:41.375699+00:00,0.1966,0.1905,,0.19355,,,
native,dbs,EUR,SGD,EUR/SGD,1,SGD 50 – 200,amtBtw50And200,,,mainCurrencies,2026-09-30 02:00:00,2026-09-29 18:00:16,2026-09-29T18:10:41.375699+00:00,1.4601,1.4353,1.4525,1.4477,MAS,0.5232358003442376,1.1841652323579954
native,dbs,EUR,SGD,EUR/SGD,1,SGD < 50,amtLessThan50,,,mainCurrencies,2026-09-30 02:00:00,2026-09-29 18:00:16,2026-09-29T18:10:41.375699+00:00,1.4608,1.4346,1.4525,1.4477000000000002,MAS,0.5714285714285849,1.2323580034423274
native,dbs,GBP,SGD,GBP/SGD,1,SGD 50 – 200,amtBtw50And200,,,mainCurrencies,2026-09-30 02:00:00,2026-09-29 18:00:16,2026-09-29T18:10:41.375699+00:00,1.7024,1.6769,1.6928,1.6896499999999999,MAS,0.5671077504725798,0.9392722117202283
native,dbs,GBP,SGD,GBP/SGD,1,SGD < 50,amtLessThan50,,,mainCurrencies,2026-09-30 02:00:00,2026-09-29 18:00:16,2026-09-29T18:10:41.375699+00:00,1.7042,1.6753,1.6928,1.68975,MAS,0.6734404536861918,1.0337901701323293
native,dbs,HKD,SGD,HKD/SGD,1,SGD 50 – 200,amtBtw50And200,,,mainCurrencies,2026-09-30 02:00:00,2026-09-29 18:00:16,2026-09-29T18:10:41.375699+00:00,0.1646,0.1613,0.163,0.16294999999999998,MAS,0.9815950920245339,1.0429447852760778
native,dbs,HKD,SGD,HKD/SGD,1,SGD < 50,amtLessThan50,,,mainCurrencies,2026-09-30 02:00:00,2026-09-29 18:00:16,2026-09-29T18:10:41.375699+00:00,0.1648,0.1612,0.163,0.163,MAS,1.104294478527605,1.104294478527605
native,dbs,HUF,SGD,HUF/SGD,100,SGD 50 – 200,amtBtw50And200,,,otherCurrencies,2026-09-30 02:00:00,2026-09-29 18:00:16,2026-09-29T18:10:41.375699+00:00,0.4029,,,,,,
native,dbs,HUF,SGD,HUF/SGD,100,SGD < 50,amtLessThan50,,,otherCurrencies,2026-09-30 02:00:00,2026-09-29 18:00:16,2026-09-29T18:10:41.375699+00:00,0.4046,,,,,,
native,dbs,ID0,SGD,ID0/SGD,100,SGD 50 – 200,amtBtw50And200,,,otherCurrencies,2026-09-30 02:00:00,2026-09-29 18:00:16,2026-09-29T18:10:41.375699+00:00,,,,,,,
native,dbs,ID0,SGD,ID0/SGD,100,SGD < 50,amtLessThan50,,,otherCurrencies,2026-09-30 02:00:00,2026-09-29 18:00:16,2026-09-29T18:10:41.375699+00:00,,0.0071,,,,,
native,dbs,IDR,SGD,IDR/SGD,100,SGD 50 – 200,amtBtw50And200,,,mainCurrencies,2026-09-30 02:00:00,2026-09-29 18:00:16,2026-09-29T18:10:41.375699+00:00,0.0073,,0.007105,,MAS,2.744546094299787,
native,dbs,IDR,SGD,IDR/SGD,100,SGD < 50,amtLessThan50,,,mainCurrencies,2026-09-30 02:00:00,2026-09-29 18:00:16,2026-09-29T18:10:41.375699+00:00,0.0073,,0.007105,,MAS,2.744546094299787,
native,dbs,IN0,SGD,IN0/SGD,100,SGD 50 – 200,amtBtw50And200,,,otherCurrencies,2026-09-30 02:00:00,2026-09-29 18:00:16,2026-09-29T18:10:41.375699+00:00,,1.3293,,,,,
native,dbs,IN0,SGD,IN0/SGD,100,SGD < 50,amtLessThan50,,,otherCurrencies,2026-09-30 02:00:00,2026-09-29 18:00:16,2026-09-29T18:10:41.375699+00:00,,1.3295,,,,,
native,dbs,INR,SGD,INR/SGD,100,SGD 50 – 200,amtBtw50And200,,,otherCurrencies,2026-09-30 02:00:00,2026-09-29 18:00:16,2026-09-29T18:10:41.375699+00:00,1.3468,,1.33,,MAS,1.2631578947368365,
native,dbs,INR,SGD,INR/SGD,100,SGD < 50,amtLessThan50,,,otherCurrencies,2026-09-30 02:00:00,2026-09-29 18:00:16,2026-09-29T18:10:41.375699+00:00,1.3576,,1.33,,MAS,2.0751879699248006,
native,dbs,JPY,SGD,JPY/SGD,100,SGD 50 – 200,amtBtw50And200,,,mainCurrencies,2026-09-30 02:00:00,2026-09-29 18:00:16,2026-09-29T18:10:41.375699+00:00,0.8206,0.8042,0.8122,0.8124,MAS,1.0342280226545142,0.9849790691947805
native,dbs,JPY,SGD,JPY/SGD,100,SGD < 50,amtLessThan50,,,mainCurrencies,2026-09-30 02:00:00,2026-09-29 18:00:16,2026-09-29T18:10:41.375699+00:00,0.8214,0.8034,0.8122,0.8124,MAS,1.1327259295739946,1.083476976114261
native,dbs,KRW,SGD,KRW/SGD,100,SGD 50 – 200,amtBtw50And200,,,otherCurrencies,2026-09-30 02:00:00,2026-09-29 18:00:16,2026-09-29T18:10:41.375699+00:00,0.0956,,0.0941,,MAS,1.5940488841657825,
native,dbs,KRW,SGD,KRW/SGD,100,SGD < 50,amtLessThan50,,,otherCurrencies,2026-09-30 02:00:00,2026-09-29 18:00:16,2026-09-29T18:10:41.375699+00:00,0.0956,,0.0941,,MAS,1.5940488841657825,
native,dbs,KWD,SGD,KWD/SGD,100,SGD 50 – 200,amtBtw50And200,,,otherCurrencies,2026-09-30 02:00:00,2026-09-29 18:00:16,2026-09-29T18:10:41.375699+00:00,424.5644,,,,,,
native,dbs,KWD,SGD,KWD/SGD,100,SGD < 50,amtLessThan50,,,otherCurrencies,2026-09-30 02:00:00,2026-09-29 18:00:16,2026-09-29T18:10:41.375699+00:00,426.2925,,,,,,
native,dbs,LKR,SGD,LKR/SGD,100,SGD 50 – 200,amtBtw50And200,,,otherCurrencies,2026-09-30 02:00:00,2026-09-29 18:00:16,2026-09-29T18:10:41.375699+00:00,0.394,,,,,,
native,dbs,LKR,SGD,LKR/SGD,100,SGD < 50,amtLessThan50,,,otherCurrencies,2026-09-30 02:00:00,2026-09-29 18:00:16,2026-09-29T18:10:41.375699+00:00,0.3941,,,,,,
native,dbs,MM1,SGD,MM1/SGD,100,SGD 50 – 200,amtBtw50And200,,,otherCurrencies,2026-09-30 02:00:00,2026-09-29 18:00:16,2026-09-29T18:10:41.375699+00:00,,,,,,,
native,dbs,MM1,SGD,MM1/SGD,100,SGD < 50,amtLessThan50,,,otherCurrencies,2026-09-30 02:00:00,2026-09-29 18:00:16,2026-09-29T18:10:41.375699+00:00,,,,,,,
native,dbs,MMK,SGD,MMK/SGD,100,SGD 50 – 200,amtBtw50And200,,,otherCurrencies,2026-09-30 02:00:00,2026-09-29 18:00:16,2026-09-29T18:10:41.375699+00:00,0.0325,,,,,,
native,dbs,MMK,SGD,MMK/SGD,100,SGD < 50,amtLessThan50,,,otherCurrencies,2026-09-30 02:00:00,2026-09-29 18:00:16,2026-09-29T18:10:41.375699+00:00,0.0325,,,,,,
native,dbs,MUR,SGD,MUR/SGD,100,SGD 50 – 200,amtBtw50And200,,,otherCurrencies,2026-09-30 02:00:00,2026-09-29 18:00:16,2026-09-29T18:10:41.375699+00:00,2.7051,,,,,,
native,dbs,MUR,SGD,MUR/SGD,100,SGD < 50,amtLessThan50,,,otherCurrencies,2026-09-30 02:00:00,2026-09-29 18:00:16,2026-09-29T18:10:41.375699+00:00,2.7159,,,,,,
native,dbs,MXN,SGD,MXN/SGD,100,SGD 50 – 200,amtBtw50And200,,,mainCurrencies,2026-09-30 02:00:00,2026-09-29 18:00:16,2026-09-29T18:10:41.375699+00:00,7.1611,,,,,,
native,dbs,MXN,SGD,MXN/SGD,100,SGD < 50,amtLessThan50,,,mainCurrencies,2026-09-30 02:00:00,2026-09-29 18:00:16,2026-09-29T18:10:41.375699+00:00,7.1614,,,,,,
native,dbs,MY0,SGD,MY0/SGD,1,SGD 50 – 200,amtBtw50And200,,,otherCurrencies,2026-09-30 02:00:00,2026-09-29 18:00:16,2026-09-29T18:10:41.375699+00:00,,0.3128,,,,,
native,dbs,MY0,SGD,MY0/SGD,1,SGD < 50,amtLessThan50,,,otherCurrencies,2026-09-30 02:00:00,2026-09-29 18:00:16,2026-09-29T18:10:41.375699+00:00,,0.3129,,,,,
native,dbs,MYR,SGD,MYR/SGD,1,SGD 50 – 200,amtBtw50And200,,,otherCurrencies,2026-09-30 02:00:00,2026-09-29 18:00:16,2026-09-29T18:10:41.375699+00:00,0.3169,,0.3131,,MAS,1.2136697540721897,
native,dbs,MYR,SGD,MYR/SGD,1,SGD < 50,amtLessThan50,,,otherCurrencies,2026-09-30 02:00:00,2026-09-29 18:00:16,2026-09-29T18:10:41.375699+00:00,0.3169,,0.3131,,MAS,1.2136697540721897,
native,dbs,NOK,SGD,NOK/SGD,1,SGD 50 – 200,amtBtw50And200,,,mainCurrencies,2026-09-30 02:00:00,2026-09-29 18:00:16,2026-09-29T18:10:41.375699+00:00,0.1348,0.1311,,0.13295,,,
native,dbs,NOK,SGD,NOK/SGD,1,SGD < 50,amtLessThan50,,,mainCurrencies,2026-09-30 02:00:00,2026-09-29 18:00:16,2026-09-29T18:10:41.375699+00:00,0.1352,0.1307,,0.13295,,,
native,dbs,NZD,SGD,NZD/SGD,1,SGD 50 – 200,amtBtw50And200,,,mainCurrencies,2026-09-30 02:00:00,2026-09-29 18:00:16,2026-09-29T18:10:41.375699+00:00,0.7284,0.7117,0.7240000000000001,0.7200500000000001,MAS,0.6077348066298286,1.6988950276243215
native,dbs,NZD,SGD,NZD/SGD,1,SGD < 50,amtLessThan50,,,mainCurrencies,2026-09-30 02:00:00,2026-09-29 18:00:16,2026-09-29T18:10:41.375699+00:00,0.7291,0.7109,0.7240000000000001,0.72,MAS,0.704419889502746,1.8093922651933854
native,dbs,OMR,SGD,OMR/SGD,1,SGD 50 – 200,amtBtw50And200,,,otherCurrencies,2026-09-30 02:00:00,2026-09-29 18:00:16,2026-09-29T18:10:41.375699+00:00,3.3472,,,,,,
native,dbs,OMR,SGD,OMR/SGD,1,SGD < 50,amtLessThan50,,,otherCurrencies,2026-09-30 02:00:00,2026-09-29 18:00:16,2026-09-29T18:10:41.375699+00:00,3.3476,,,,,,
native,dbs,PH0,SGD,PH0/SGD,100,SGD 50 – 200,amtBtw50And200,,,otherCurrencies,2026-09-30 02:00:00,2026-09-29 18:00:16,2026-09-29T18:10:41.375699+00:00,,2.0348,,,,,
native,dbs,PH0,SGD,PH0/SGD,100,SGD < 50,amtLessThan50,,,otherCurrencies,2026-09-30 02:00:00,2026-09-29 18:00:16,2026-09-29T18:10:41.375699+00:00,,2.0351,,,,,
native,dbs,PHP,SGD,PHP/SGD,100,SGD 50 – 200,amtBtw50And200,,,otherCurrencies,2026-09-30 02:00:00,2026-09-29 18:00:16,2026-09-29T18:10:41.375699+00:00,2.0677,,2.0468,,MAS,1.021106116865336,
native,dbs,PHP,SGD,PHP/SGD,100,SGD < 50,amtLessThan50,,,otherCurrencies,2026-09-30 02:00:00,2026-09-29 18:00:16,2026-09-29T18:10:41.375699+00:00,2.0836,,2.0468,,MAS,1.7979284737150645,
native,dbs,PLN,SGD,PLN/SGD,1,SGD 50 – 200,amtBtw50And200,,,otherCurrencies,2026-09-30 02:00:00,2026-09-29 18:00:16,2026-09-29T18:10:41.375699+00:00,0.3388,,,,,,
native,dbs,PLN,SGD,PLN/SGD,1,SGD < 50,amtLessThan50,,,otherCurrencies,2026-09-30 02:00:00,2026-09-29 18:00:16,2026-09-29T18:10:41.375699+00:00,0.3402,,,,,,
native,dbs,QAR,SGD,QAR/SGD,1,SGD 50 – 200,amtBtw50And200,,,otherCurrencies,2026-09-30 02:00:00,2026-09-29 18:00:16,2026-09-29T18:10:41.375699+00:00,0.3587,,0.3508,,MAS,2.2519954389965844,
native,dbs,QAR,SGD,QAR/SGD,1,SGD < 50,amtLessThan50,,,otherCurrencies,2026-09-30 02:00:00,2026-09-29 18:00:16,2026-09-29T18:10:41.375699+00:00,0.3602,,0.3508,,MAS,2.679589509692138,
native,dbs,RUB,SGD,RUB/SGD,100,SGD 50 – 200,amtBtw50And200,,,mainCurrencies,2026-09-30 02:00:00,2026-09-29 18:00:16,2026-09-29T18:10:41.375699+00:00,,,,,,,
native,dbs,RUB,SGD,RUB/SGD,100,SGD < 50,amtLessThan50,,,mainCurrencies,2026-09-30 02:00:00,2026-09-29 18:00:16,2026-09-29T18:10:41.375699+00:00,,,,,,,
native,dbs,SAR,SGD,SAR/SGD,100,SGD 50 – 200,amtBtw50And200,,,otherCurrencies,2026-09-30 02:00:00,2026-09-29 18:00:16,2026-09-29T18:10:41.375699+00:00,34.4893,,34.06,,MAS,1.2604227833235402,
native,dbs,SAR,SGD,SAR/SGD,100,SGD < 50,amtLessThan50,,,otherCurrencies,2026-09-30 02:00:00,2026-09-29 18:00:16,2026-09-29T18:10:41.375699+00:00,34.4941,,34.06,,MAS,1.274515560775105,
native,dbs,SEK,SGD,SEK/SGD,1,SGD 50 – 200,amtBtw50And200,,,mainCurrencies,2026-09-30 02:00:00,2026-09-29 18:00:16,2026-09-29T18:10:41.375699+00:00,0.1293,0.1258,,0.12755,,,
native,dbs,SEK,SGD,SEK/SGD,1,SGD < 50,amtLessThan50,,,mainCurrencies,2026-09-30 02:00:00,2026-09-29 18:00:16,2026-09-29T18:10:41.375699+00:00,0.1298,0.1253,,0.12755,,,
native,dbs,THB,SGD,THB/SGD,100,SGD 50 – 200,amtBtw50And200,,,mainCurrencies,2026-09-30 02:00:00,2026-09-29 18:00:16,2026-09-29T18:10:41.375699+00:00,3.8653,3.7498,3.8007,3.80755,MAS,1.6996868997816188,1.3392269845028533
native,dbs,THB,SGD,THB/SGD,100,SGD < 50,amtLessThan50,,,mainCurrencies,2026-09-30 02:00:00,2026-09-29 18:00:16,2026-09-29T18:10:41.375699+00:00,3.87,3.7461,3.8007,3.80805,MAS,1.8233483305706881,1.436577472570836
native,dbs,TND,SGD,TND/SGD,1,SGD 50 – 200,amtBtw50And200,,,otherCurrencies,2026-09-30 02:00:00,2026-09-29 18:00:16,2026-09-29T18:10:41.375699+00:00,0.4388,,,,,,
native,dbs,TND,SGD,TND/SGD,1,SGD < 50,amtLessThan50,,,otherCurrencies,2026-09-30 02:00:00,2026-09-29 18:00:16,2026-09-29T18:10:41.375699+00:00,0.4388,,,,,,
native,dbs,TWD,SGD,TWD/SGD,100,SGD 50 – 200,amtBtw50And200,,,otherCurrencies,2026-09-30 02:00:00,2026-09-29 18:00:16,2026-09-29T18:10:41.375699+00:00,4.0609,,4.0155,,MAS,1.130618851948696,
native,dbs,TWD,SGD,TWD/SGD,100,SGD < 50,amtLessThan50,,,otherCurrencies,2026-09-30 02:00:00,2026-09-29 18:00:16,2026-09-29T18:10:41.375699+00:00,4.0655,,4.0155,,MAS,1.2451749470800604,
native,dbs,USD,SGD,USD/SGD,1,SGD 50 – 200,amtBtw50And200,,,mainCurrencies,2026-09-30 02:00:00,2026-09-29 18:00:16,2026-09-29T18:10:41.375699+00:00,1.2898,1.2684,1.2786,1.2791000000000001,MAS,0.875958079149077,0.7977475363679013
native,dbs,USD,SGD,USD/SGD,1,SGD < 50,amtLessThan50,,,mainCurrencies,2026-09-30 02:00:00,2026-09-29 18:00:16,2026-09-29T18:10:41.375699+00:00,1.2908,1.2676,1.2786,1.2792,MAS,0.9541686219302353,0.860315970592828
native,dbs,VND,SGD,VND/SGD,100,SGD 50 – 200,amtBtw50And200,,,otherCurrencies,2026-09-30 02:00:00,2026-09-29 18:00:16,2026-09-29T18:10:41.375699+00:00,0.0051,,0.004923,,MAS,3.5953686776355895,
native,dbs,VND,SGD,VND/SGD,100,SGD < 50,amtLessThan50,,,otherCurrencies,2026-09-30 02:00:00,2026-09-29 18:00:16,2026-09-29T18:10:41.375699+00:00,0.0051,,0.004923,,MAS,3.5953686776355895,
native,dbs,XAU,SGD,XAU/SGD,1,SGD 50 – 200,amtBtw50And200,,,otherCurrencies,2026-09-30 02:00:00,2026-09-29 18:00:16,2026-09-29T18:10:41.375699+00:00,5337.299,5272.699,,5304.999,,,
native,dbs,XAU,SGD,XAU/SGD,1,SGD < 50,amtLessThan50,,,otherCurrencies,2026-09-30 02:00:00,2026-09-29 18:00:16,2026-09-29T18:10:41.375699+00:00,5336.012,5271.398,,5303.705,,,
native,dbs,ZAR,SGD,ZAR/SGD,1,SGD 50 – 200,amtBtw50And200,,,otherCurrencies,2026-09-30 02:00:00,2026-09-29 18:00:16,2026-09-29T18:10:41.375699+00:00,0.0787,0.0767,,0.0777,,,
native,dbs,ZAR,SGD,ZAR/SGD,1,SGD < 50,amtLessThan50,,,otherCurrencies,2026-09-30 02:00:00,2026-09-29 18:00:16,2026-09-29T18:10:41.375699+00:00,0.079,0.0764,,0.07769999999999999,,,
native,hsbc,AED,SGD,AED/SGD,100,Indicative board,board,,,indicative_fx,2026-9-29,2026-9-29,2026-09-29T18:10:45.521344+00:00,35.93,33.66,34.81,34.795,MAS,3.217466245331794,3.303648376903205
native,hsbc,AUD,SGD,AUD/SGD,1,Indicative board,board,,,indicative_fx,2026-9-29,2026-9-29,2026-09-29T18:10:45.521344+00:00,0.9228,0.8689,0.8965000000000001,0.89585,MAS,2.9336307863915088,3.0786391522587917
native,hsbc,CAD,SGD,CAD/SGD,1,Indicative board,board,,,indicative_fx,2026-9-29,2026-9-29,2026-09-29T18:10:45.521344+00:00,0.928,0.8739,0.9014,0.90095,MAS,2.9509651652984323,3.050809851342353
native,hsbc,CHF,SGD,CHF/SGD,100,Indicative board,board,,,indicative_fx,2026-9-29,2026-9-29,2026-09-29T18:10:45.521344+00:00,158.14,148.9,153.5,153.51999999999998,MAS,3.022801302931587,2.9967426710097684
native,hsbc,CNY,SGD,CNY/SGD,100,Indicative board,board,,,indicative_fx,2026-9-29,2026-9-29,2026-09-29T18:10:45.521344+00:00,19.66,18.42,19.07,19.04,MAS,3.093864708966963,3.4084950183534275
native,hsbc,DKK,SGD,DKK/SGD,100,Indicative board,board,,,indicative_fx,2026-9-29,2026-9-29,2026-09-29T18:10:45.521344+00:00,20.01,18.84,,19.425,,,
native,hsbc,EUR,SGD,EUR/SGD,1,Indicative board,board,,,indicative_fx,2026-9-29,2026-9-29,2026-09-29T18:10:45.521344+00:00,1.4959,1.4085,1.4525,1.4522,MAS,2.987951807228923,3.029259896729764
native,hsbc,FJD,SGD,FJD/SGD,1,Indicative board,board,,,indicative_fx,2026-9-29,2026-9-29,2026-09-29T18:10:45.521344+00:00,0.5967,,,,,,
native,hsbc,GBP,SGD,GBP/SGD,1,Indicative board,board,,,indicative_fx,2026-9-29,2026-9-29,2026-09-29T18:10:45.521344+00:00,1.7436,1.6417,1.6928,1.69265,MAS,3.0009451795841184,3.018667296786398
native,hsbc,HKD,SGD,HKD/SGD,100,Indicative board,board,,,indicative_fx,2026-9-29,2026-9-29,2026-09-29T18:10:45.521344+00:00,16.49,16.08,16.3,16.284999999999997,MAS,1.165644171779127,1.3496932515337572
native,hsbc,IDR,SGD,IDR/SGD,100,Indicative board,board,,,indicative_fx,2026-9-29,2026-9-29,2026-09-29T18:10:45.521344+00:00,0.0073,,0.007105,,MAS,2.744546094299787,
native,hsbc,INR,SGD,INR/SGD,100,Indicative board,board,,,indicative_fx,2026-9-29,2026-9-29,2026-09-29T18:10:45.521344+00:00,1.37,,1.33,,MAS,3.0075187969924837,
native,hsbc,JPY,SGD,JPY/SGD,100,Indicative board,board,,,indicative_fx,2026-9-29,2026-9-29,2026-09-29T18:10:45.521344+00:00,0.836,0.7872,0.8122,0.8116,MAS,2.9303127308544608,3.0780595912336888
native,hsbc,LKR,SGD,LKR/SGD,100,Indicative board,board,,,indicative_fx,2026-9-29,2026-9-29,2026-09-29T18:10:45.521344+00:00,0.4,,,,,,
native,hsbc,MUR,SGD,MUR/SGD,100,Indicative board,board,,,indicative_fx,2026-9-29,2026-9-29,2026-09-29T18:10:45.521344+00:00,2.79,2.6,,2.6950000000000003,,,
native,hsbc,NOK,SGD,NOK/SGD,100,Indicative board,board,,,indicative_fx,2026-9-29,2026-9-29,2026-09-29T18:10:45.521344+00:00,13.79,12.98,,13.385,,,
native,hsbc,NZD,SGD,NZD/SGD,1,Indicative board,board,,,indicative_fx,2026-9-29,2026-9-29,2026-09-29T18:10:45.521344+00:00,0.7447,0.7011,0.7240000000000001,0.7229,MAS,2.859116022099439,3.1629834254143843
native,hsbc,PHP,SGD,PHP/SGD,100,Indicative board,board,,,indicative_fx,2026-9-29,2026-9-29,2026-09-29T18:10:45.521344+00:00,2.11,,2.0468,,MAS,3.087746726597601,
native,hsbc,PKR,SGD,PKR/SGD,100,Indicative board,board,,,indicative_fx,2026-9-29,2026-9-29,2026-09-29T18:10:45.521344+00:00,0.48,,,,,,
native,hsbc,QAR,SGD,QAR/SGD,100,Indicative board,board,,,indicative_fx,2026-9-29,2026-9-29,2026-09-29T18:10:45.521344+00:00,35.5,34.62,35.08,35.06,MAS,1.1972633979475533,1.3112884834663652
native,hsbc,RUB,SGD,RUB/SGD,100,Indicative board,board,,,indicative_fx,2026-9-29,2026-9-29,2026-09-29T18:10:45.521344+00:00,15.89,14.37,,15.129999999999999,,,
native,hsbc,SAR,SGD,SAR/SGD,100,Indicative board,board,,,indicative_fx,2026-9-29,2026-9-29,2026-09-29T18:10:45.521344+00:00,34.47,33.61,34.06,34.04,MAS,1.2037580739870717,1.3211978860833906
native,hsbc,SEK,SGD,SEK/SGD,100,Indicative board,board,,,indicative_fx,2026-9-29,2026-9-29,2026-09-29T18:10:45.521344+00:00,13.21,12.43,,12.82,,,
native,hsbc,THB,SGD,THB/SGD,100,Indicative board,board,,,indicative_fx,2026-9-29,2026-9-29,2026-09-29T18:10:45.521344+00:00,3.93,,3.8007,,MAS,3.402004893835351,
native,hsbc,TRY,SGD,TRY/SGD,1,Indicative board,board,,,indicative_fx,2026-9-29,2026-9-29,2026-09-29T18:10:45.521344+00:00,0.0269,,,,,,
native,hsbc,USD,SGD,USD/SGD,1,Indicative board,board,,,indicative_fx,2026-9-29,2026-9-29,2026-09-29T18:10:45.521344+00:00,1.3037,1.2523,1.2786,1.278,MAS,1.963084623807299,2.056937275144689
native,hsbc,ZAR,SGD,ZAR/SGD,1,Indicative board,board,,,indicative_fx,2026-9-29,2026-9-29,2026-09-29T18:10:45.521344+00:00,0.0804,0.0753,,0.07785,,,
native,ocbc,AED,SGD,AED/SGD,100,"SGD 0 – 39,999.99",tier_1,,,fxRatesSgd,2026-09-29T07:00:12,2026-09-29T07:00:12,2026-09-29T18:10:43.054516+00:00,35.6842,33.6659,34.81,34.6751,MAS,2.5113473139902176,3.2866992243608206
native,ocbc,AED,SGD,AED/SGD,100,"SGD 40,000 – 100,000",tier_2,,,fxRatesSgd,2026-09-29T07:00:12,2026-09-29T07:00:12,2026-09-29T18:10:43.054516+00:00,35.6737,33.6831,34.81,34.6751,MAS,2.4811835679402305,3.237288135593218
native,ocbc,AUD,SGD,AUD/SGD,1,"SGD 0 – 39,999.99",tier_1,,,fxRatesSgd,2026-09-29T07:00:12,2026-09-29T07:00:12,2026-09-29T18:10:43.054516+00:00,0.9104,0.8816,0.8965000000000001,0.896,MAS,1.5504740658114793,1.6620189626324622
native,ocbc,AUD,SGD,AUD/SGD,1,"SGD 40,000 – 100,000",tier_2,,,fxRatesSgd,2026-09-29T07:00:12,2026-09-29T07:00:12,2026-09-29T18:10:43.054516+00:00,0.9086,0.8834,0.8965000000000001,0.896,MAS,1.3496932515337299,1.4612381483547252
native,ocbc,BGN,SGD,BGN/SGD,100,"SGD 0 – 39,999.99",tier_1,,,fxRatesSgd,2026-09-29T07:00:12,2026-09-29T07:00:12,2026-09-29T18:10:43.054516+00:00,0.0,0.0,,0.0,,,
native,ocbc,BGN,SGD,BGN/SGD,100,"SGD 40,000 – 100,000",tier_2,,,fxRatesSgd,2026-09-29T07:00:12,2026-09-29T07:00:12,2026-09-29T18:10:43.054516+00:00,0.0,0.0,,0.0,,,
native,ocbc,BHD,SGD,BHD/SGD,1,"SGD 0 – 39,999.99",tier_1,,,fxRatesSgd,2026-09-29T07:00:12,2026-09-29T07:00:12,2026-09-29T18:10:43.054516+00:00,0.0,0.0,,0.0,,,
native,ocbc,BHD,SGD,BHD/SGD,1,"SGD 40,000 – 100,000",tier_2,,,fxRatesSgd,2026-09-29T07:00:12,2026-09-29T07:00:12,2026-09-29T18:10:43.054516+00:00,0.0,0.0,,0.0,,,
native,ocbc,CAD,SGD,CAD/SGD,1,"SGD 0 – 39,999.99",tier_1,,,fxRatesSgd,2026-09-29T07:00:12,2026-09-29T07:00:12,2026-09-29T18:10:43.054516+00:00,0.9165,0.884,0.9014,0.9003,MAS,1.6751719547370758,1.9303305968493425
native,ocbc,CAD,SGD,CAD/SGD,1,"SGD 40,000 – 100,000",tier_2,,,fxRatesSgd,2026-09-29T07:00:12,2026-09-29T07:00:12,2026-09-29T18:10:43.054516+00:00,0.9146,0.8858,0.9014,0.9003,MAS,1.46438872864433,1.7306412247614762
native,ocbc,CHF,SGD,CHF/SGD,100,"SGD 0 – 39,999.99",tier_1,,,fxRatesSgd,2026-09-29T07:00:12,2026-09-29T07:00:12,2026-09-29T18:10:43.054516+00:00,156.11,150.5697,153.5,153.3399,MAS,1.7003257328990318,1.9089902280130215
native,ocbc,CHF,SGD,CHF/SGD,100,"SGD 40,000 – 100,000",tier_2,,,fxRatesSgd,2026-09-29T07:00:12,2026-09-29T07:00:12,2026-09-29T18:10:43.054516+00:00,155.8033,150.8764,153.5,153.3399,MAS,1.500521172638441,1.7091856677524497
native,ocbc,CNH,SGD,CNH/SGD,100,"SGD 0 – 39,999.99",tier_1,,,fxRatesSgd,2026-09-29T07:00:12,2026-09-29T07:00:12,2026-09-29T18:10:43.054516+00:00,19.3989,18.826,,19.1125,,,
native,ocbc,CNH,SGD,CNH/SGD,100,"SGD 40,000 – 100,000",tier_2,,,fxRatesSgd,2026-09-29T07:00:12,2026-09-29T07:00:12,2026-09-29T18:10:43.054516+00:00,19.3798,18.845,,19.1125,,,
native,ocbc,CZK,SGD,CZK/SGD,100,"SGD 0 – 39,999.99",tier_1,,,fxRatesSgd,2026-09-29T07:00:12,2026-09-29T07:00:12,2026-09-29T18:10:43.054516+00:00,0.0,0.0,,0.0,,,
native,ocbc,CZK,SGD,CZK/SGD,100,"SGD 40,000 – 100,000",tier_2,,,fxRatesSgd,2026-09-29T07:00:12,2026-09-29T07:00:12,2026-09-29T18:10:43.054516+00:00,0.0,0.0,,0.0,,,
native,ocbc,DKK,SGD,DKK/SGD,100,"SGD 0 – 39,999.99",tier_1,,,fxRatesSgd,2026-09-29T07:00:12,2026-09-29T07:00:12,2026-09-29T18:10:43.054516+00:00,19.7483,19.0482,,19.3983,,,
native,ocbc,DKK,SGD,DKK/SGD,100,"SGD 40,000 – 100,000",tier_2,,,fxRatesSgd,2026-09-29T07:00:12,2026-09-29T07:00:12,2026-09-29T18:10:43.054516+00:00,19.7095,19.087,,19.3983,,,
native,ocbc,EUR,SGD,EUR/SGD,1,"SGD 0 – 39,999.99",tier_1,,,fxRatesSgd,2026-09-29T07:00:12,2026-09-29T07:00:12,2026-09-29T18:10:43.054516+00:00,1.4664,1.4304,1.4525,1.4484,MAS,0.956970740103272,1.5215146299483655
native,ocbc,EUR,SGD,EUR/SGD,1,"SGD 40,000 – 100,000",tier_2,,,fxRatesSgd,2026-09-29T07:00:12,2026-09-29T07:00:12,2026-09-29T18:10:43.054516+00:00,1.4646,1.4323,1.4525,1.4484,MAS,0.8330464716006885,1.390705679862306
native,ocbc,GBP,SGD,GBP/SGD,1,"SGD 0 – 39,999.99",tier_1,,,fxRatesSgd,2026-09-29T07:00:12,2026-09-29T07:00:12,2026-09-29T18:10:43.054516+00:00,1.7136,1.6682,1.6928,1.6909,MAS,1.2287334593572736,1.4532136105860218
native,ocbc,GBP,SGD,GBP/SGD,1,"SGD 40,000 – 100,000",tier_2,,,fxRatesSgd,2026-09-29T07:00:12,2026-09-29T07:00:12,2026-09-29T18:10:43.054516+00:00,1.7119,1.6702,1.6928,1.6909,MAS,1.1283081285444172,1.3350661625708988
native,ocbc,HKD,SGD,HKD/SGD,100,"SGD 0 – 39,999.99",tier_1,,,fxRatesSgd,2026-09-29T07:00:12,2026-09-29T07:00:12,2026-09-29T18:10:43.054516+00:00,16.494,16.0957,16.3,16.2949,MAS,1.1901840490797488,1.253374233128834
native,ocbc,HKD,SGD,HKD/SGD,100,"SGD 40,000 – 100,000",tier_2,,,fxRatesSgd,2026-09-29T07:00:12,2026-09-29T07:00:12,2026-09-29T18:10:43.054516+00:00,16.4647,16.1054,16.3,16.2949,MAS,1.0104294478527598,1.193865030674854
native,ocbc,HUF,SGD,HUF/SGD,100,"SGD 0 – 39,999.99",tier_1,,,fxRatesSgd,2026-09-29T07:00:12,2026-09-29T07:00:12,2026-09-29T18:10:43.054516+00:00,0.0,0.0,,0.0,,,
native,ocbc,HUF,SGD,HUF/SGD,100,"SGD 40,000 – 100,000",tier_2,,,fxRatesSgd,2026-09-29T07:00:12,2026-09-29T07:00:12,2026-09-29T18:10:43.054516+00:00,0.0,0.0,,0.0,,,
native,ocbc,IDR,SGD,IDR/SGD,100,"SGD 0 – 39,999.99",tier_1,,,fxRatesSgd,2026-09-29T07:00:12,2026-09-29T07:00:12,2026-09-29T18:10:43.054516+00:00,0.0073,0.0,0.007105,0.0073,MAS,2.744546094299787,100.0
native,ocbc,IDR,SGD,IDR/SGD,100,"SGD 40,000 – 100,000",tier_2,,,fxRatesSgd,2026-09-29T07:00:12,2026-09-29T07:00:12,2026-09-29T18:10:43.054516+00:00,0.0073,0.0,0.007105,0.0073,MAS,2.744546094299787,100.0
native,ocbc,ILS,SGD,ILS/SGD,100,"SGD 0 – 39,999.99",tier_1,,,fxRatesSgd,2026-09-29T07:00:12,2026-09-29T07:00:12,2026-09-29T18:10:43.054516+00:00,0.0,0.0,,0.0,,,
native,ocbc,ILS,SGD,ILS/SGD,100,"SGD 40,000 – 100,000",tier_2,,,fxRatesSgd,2026-09-29T07:00:12,2026-09-29T07:00:12,2026-09-29T18:10:43.054516+00:00,0.0,0.0,,0.0,,,
native,ocbc,INR,SGD,INR/SGD,100,"SGD 0 – 39,999.99",tier_1,,,fxRatesSgd,2026-09-29T07:00:12,2026-09-29T07:00:12,2026-09-29T18:10:43.054516+00:00,1.3694,0.0,1.33,1.3694,MAS,2.9624060150375846,100.0
native,ocbc,INR,SGD,INR/SGD,100,"SGD 40,000 – 100,000",tier_2,,,fxRatesSgd,2026-09-29T07:00:12,2026-09-29T07:00:12,2026-09-29T18:10:43.054516+00:00,1.3668,0.0,1.33,1.3694,MAS,2.7669172932330786,100.0
native,ocbc,JOD,SGD,JOD/SGD,1,"SGD 0 – 39,999.99",tier_1,,,fxRatesSgd,2026-09-29T07:00:12,2026-09-29T07:00:12,2026-09-29T18:10:43.054516+00:00,0.0,0.0,,0.0,,,
native,ocbc,JOD,SGD,JOD/SGD,1,"SGD 40,000 – 100,000",tier_2,,,fxRatesSgd,2026-09-29T07:00:12,2026-09-29T07:00:12,2026-09-29T18:10:43.054516+00:00,0.0,0.0,,0.0,,,
native,ocbc,JPY,SGD,JPY/SGD,100,"SGD 0 – 39,999.99",tier_1,,,fxRatesSgd,2026-09-29T07:00:12,2026-09-29T07:00:12,2026-09-29T18:10:43.054516+00:00,0.8233,0.8031,0.8122,0.8132,MAS,1.3666584585077566,1.1204136912090612
native,ocbc,JPY,SGD,JPY/SGD,100,"SGD 40,000 – 100,000",tier_2,,,fxRatesSgd,2026-09-29T07:00:12,2026-09-29T07:00:12,2026-09-29T18:10:43.054516+00:00,0.8225,0.8045,0.8122,0.8132,MAS,1.2681605515882757,0.9480423540999803
native,ocbc,KRW,SGD,KRW/SGD,100,"SGD 0 – 39,999.99",tier_1,,,fxRatesSgd,2026-09-29T07:00:12,2026-09-29T07:00:12,2026-09-29T18:10:43.054516+00:00,0.0,0.0,0.0941,0.0,MAS,-100.0,100.0
native,ocbc,KRW,SGD,KRW/SGD,100,"SGD 40,000 – 100,000",tier_2,,,fxRatesSgd,2026-09-29T07:00:12,2026-09-29T07:00:12,2026-09-29T18:10:43.054516+00:00,0.0,0.0,0.0941,0.0,MAS,-100.0,100.0
native,ocbc,LKR,SGD,LKR/SGD,100,"SGD 0 – 39,999.99",tier_1,,,fxRatesSgd,2026-09-29T07:00:12,2026-09-29T07:00:12,2026-09-29T18:10:43.054516+00:00,0.3978,0.0,,0.3978,,,
native,ocbc,LKR,SGD,LKR/SGD,100,"SGD 40,000 – 100,000",tier_2,,,fxRatesSgd,2026-09-29T07:00:12,2026-09-29T07:00:12,2026-09-29T18:10:43.054516+00:00,0.397,0.0,,0.3978,,,
native,ocbc,MAD,SGD,MAD/SGD,100,"SGD 0 – 39,999.99",tier_1,,,fxRatesSgd,2026-09-29T07:00:12,2026-09-29T07:00:12,2026-09-29T18:10:43.054516+00:00,0.0,0.0,,0.0,,,
native,ocbc,MAD,SGD,MAD/SGD,100,"SGD 40,000 – 100,000",tier_2,,,fxRatesSgd,2026-09-29T07:00:12,2026-09-29T07:00:12,2026-09-29T18:10:43.054516+00:00,0.0,0.0,,0.0,,,
native,ocbc,MXN,SGD,MXN/SGD,100,"SGD 0 – 39,999.99",tier_1,,,fxRatesSgd,2026-09-29T07:00:12,2026-09-29T07:00:12,2026-09-29T18:10:43.054516+00:00,7.3262,0.0,,7.3262,,,
native,ocbc,MXN,SGD,MXN/SGD,100,"SGD 40,000 – 100,000",tier_2,,,fxRatesSgd,2026-09-29T07:00:12,2026-09-29T07:00:12,2026-09-29T18:10:43.054516+00:00,7.3247,0.0,,7.3262,,,
native,ocbc,MYR,SGD,MYR/SGD,100,"SGD 0 – 39,999.99",tier_1,,,fxRatesSgd,2026-09-29T07:00:12,2026-09-29T07:00:12,2026-09-29T18:10:43.054516+00:00,0.0,0.0,31.31,0.0,MAS,-100.0,100.0
native,ocbc,MYR,SGD,MYR/SGD,100,"SGD 40,000 – 100,000",tier_2,,,fxRatesSgd,2026-09-29T07:00:12,2026-09-29T07:00:12,2026-09-29T18:10:43.054516+00:00,0.0,0.0,31.31,0.0,MAS,-100.0,100.0
native,ocbc,NOK,SGD,NOK/SGD,100,"SGD 0 – 39,999.99",tier_1,,,fxRatesSgd,2026-09-29T07:00:12,2026-09-29T07:00:12,2026-09-29T18:10:43.054516+00:00,13.5619,13.0785,,13.3202,,,
native,ocbc,NOK,SGD,NOK/SGD,100,"SGD 40,000 – 100,000",tier_2,,,fxRatesSgd,2026-09-29T07:00:12,2026-09-29T07:00:12,2026-09-29T18:10:43.054516+00:00,13.5352,13.1051,,13.3202,,,
native,ocbc,NZD,SGD,NZD/SGD,1,"SGD 0 – 39,999.99",tier_1,,,fxRatesSgd,2026-09-29T07:00:12,2026-09-29T07:00:12,2026-09-29T18:10:43.054516+00:00,0.7377,0.7126,0.7240000000000001,0.7252,MAS,1.8922651933701566,1.5745856353591263
native,ocbc,NZD,SGD,NZD/SGD,1,"SGD 40,000 – 100,000",tier_2,,,fxRatesSgd,2026-09-29T07:00:12,2026-09-29T07:00:12,2026-09-29T18:10:43.054516+00:00,0.7359,0.7148,0.7240000000000001,0.7252,MAS,1.6436464088397666,1.270718232044212
native,ocbc,OMR,SGD,OMR/SGD,1,"SGD 0 – 39,999.99",tier_1,,,fxRatesSgd,2026-09-29T07:00:12,2026-09-29T07:00:12,2026-09-29T18:10:43.054516+00:00,0.0,0.0,,0.0,,,
native,ocbc,OMR,SGD,OMR/SGD,1,"SGD 40,000 – 100,000",tier_2,,,fxRatesSgd,2026-09-29T07:00:12,2026-09-29T07:00:12,2026-09-29T18:10:43.054516+00:00,0.0,0.0,,0.0,,,
native,ocbc,PHP,SGD,PHP/SGD,100,"SGD 0 – 39,999.99",tier_1,,,fxRatesSgd,2026-09-29T07:00:12,2026-09-29T07:00:12,2026-09-29T18:10:43.054516+00:00,2.1043,0.0,2.0468,2.1043,MAS,2.809263240179776,100.0
native,ocbc,PHP,SGD,PHP/SGD,100,"SGD 40,000 – 100,000",tier_2,,,fxRatesSgd,2026-09-29T07:00:12,2026-09-29T07:00:12,2026-09-29T18:10:43.054516+00:00,2.1032,0.0,2.0468,2.1043,MAS,2.7555208129763535,100.0
native,ocbc,PLN,SGD,PLN/SGD,100,"SGD 0 – 39,999.99",tier_1,,,fxRatesSgd,2026-09-29T07:00:12,2026-09-29T07:00:12,2026-09-29T18:10:43.054516+00:00,34.2597,32.1105,,33.1851,,,
native,ocbc,PLN,SGD,PLN/SGD,100,"SGD 40,000 – 100,000",tier_2,,,fxRatesSgd,2026-09-29T07:00:12,2026-09-29T07:00:12,2026-09-29T18:10:43.054516+00:00,34.2428,32.1367,,33.1851,,,
native,ocbc,QAR,SGD,QAR/SGD,100,"SGD 0 – 39,999.99",tier_1,,,fxRatesSgd,2026-09-29T07:00:12,2026-09-29T07:00:12,2026-09-29T18:10:43.054516+00:00,36.057,33.9958,35.08,35.0264,MAS,2.7850627137970463,3.090649942987445
native,ocbc,QAR,SGD,QAR/SGD,100,"SGD 40,000 – 100,000",tier_2,,,fxRatesSgd,2026-09-29T07:00:12,2026-09-29T07:00:12,2026-09-29T18:10:43.054516+00:00,36.0357,34.0131,35.08,35.0264,MAS,2.7243443557582676,3.041334093500561
native,ocbc,RON,SGD,RON/SGD,100,"SGD 0 – 39,999.99",tier_1,,,fxRatesSgd,2026-09-29T07:00:12,2026-09-29T07:00:12,2026-09-29T18:10:43.054516+00:00,0.0,0.0,,0.0,,,
native,ocbc,RON,SGD,RON/SGD,100,"SGD 40,000 – 100,000",tier_2,,,fxRatesSgd,2026-09-29T07:00:12,2026-09-29T07:00:12,2026-09-29T18:10:43.054516+00:00,0.0,0.0,,0.0,,,
native,ocbc,RUB,SGD,RUB/SGD,100,"SGD 0 – 39,999.99",tier_1,,,fxRatesSgd,2026-09-29T07:00:12,2026-09-29T07:00:12,2026-09-29T18:10:43.054516+00:00,0.0,0.0,,0.0,,,
native,ocbc,RUB,SGD,RUB/SGD,100,"SGD 40,000 – 100,000",tier_2,,,fxRatesSgd,2026-09-29T07:00:12,2026-09-29T07:00:12,2026-09-29T18:10:43.054516+00:00,0.0,0.0,,0.0,,,
native,ocbc,SAR,SGD,SAR/SGD,100,"SGD 0 – 39,999.99",tier_1,,,fxRatesSgd,2026-09-29T07:00:12,2026-09-29T07:00:12,2026-09-29T18:10:43.054516+00:00,34.9852,33.0594,34.06,34.0223,MAS,2.7163828537874237,2.9377568995889773
native,ocbc,SAR,SGD,SAR/SGD,100,"SGD 40,000 – 100,000",tier_2,,,fxRatesSgd,2026-09-29T07:00:12,2026-09-29T07:00:12,2026-09-29T18:10:43.054516+00:00,34.9679,33.0762,34.06,34.0223,MAS,2.6655901350557776,2.8884321785085207
native,ocbc,SEK,SGD,SEK/SGD,100,"SGD 0 – 39,999.99",tier_1,,,fxRatesSgd,2026-09-29T07:00:12,2026-09-29T07:00:12,2026-09-29T18:10:43.054516+00:00,13.0358,12.5723,,12.8041,,,
native,ocbc,SEK,SGD,SEK/SGD,100,"SGD 40,000 – 100,000",tier_2,,,fxRatesSgd,2026-09-29T07:00:12,2026-09-29T07:00:12,2026-09-29T18:10:43.054516+00:00,13.0102,12.5979,,12.8041,,,
native,ocbc,THB,SGD,THB/SGD,100,"SGD 0 – 39,999.99",tier_1,,,fxRatesSgd,2026-09-29T07:00:12,2026-09-29T07:00:12,2026-09-29T18:10:43.054516+00:00,3.9184,3.704,3.8007,3.8112,MAS,3.0967979582708485,2.5442681611282074
native,ocbc,THB,SGD,THB/SGD,100,"SGD 40,000 – 100,000",tier_2,,,fxRatesSgd,2026-09-29T07:00:12,2026-09-29T07:00:12,2026-09-29T18:10:43.054516+00:00,3.9108,3.7116,3.8007,3.8112,MAS,2.8968347935906564,2.3443049964480274
native,ocbc,TRY,SGD,TRY/SGD,100,"SGD 0 – 39,999.99",tier_1,,,fxRatesSgd,2026-09-29T07:00:12,2026-09-29T07:00:12,2026-09-29T18:10:43.054516+00:00,2.6771,2.5665,,2.6218,,,
native,ocbc,TRY,SGD,TRY/SGD,100,"SGD 40,000 – 100,000",tier_2,,,fxRatesSgd,2026-09-29T07:00:12,2026-09-29T07:00:12,2026-09-29T18:10:43.054516+00:00,2.6758,2.5667,,2.6218,,,
native,ocbc,TWD,SGD,TWD/SGD,100,"SGD 0 – 39,999.99",tier_1,,,fxRatesSgd,2026-09-29T07:00:12,2026-09-29T07:00:12,2026-09-29T18:10:43.054516+00:00,4.1692,0.0,4.0155,4.1692,MAS,3.827667787324112,100.0
native,ocbc,TWD,SGD,TWD/SGD,100,"SGD 40,000 – 100,000",tier_2,,,fxRatesSgd,2026-09-29T07:00:12,2026-09-29T07:00:12,2026-09-29T18:10:43.054516+00:00,0.0,0.0,4.0155,4.1692,MAS,-100.0,100.0
native,ocbc,USD,SGD,USD/SGD,1,"SGD 0 – 39,999.99",tier_1,,,fxRatesSgd,2026-09-29T07:00:12,2026-09-29T07:00:12,2026-09-29T18:10:43.054516+00:00,1.2898,1.2655,1.2786,1.2777,MAS,0.875958079149077,1.024558110433278
native,ocbc,USD,SGD,USD/SGD,1,"SGD 40,000 – 100,000",tier_2,,,fxRatesSgd,2026-09-29T07:00:12,2026-09-29T07:00:12,2026-09-29T18:10:43.054516+00:00,1.2886,1.2678,1.2786,1.2777,MAS,0.7821054278116697,0.8446738620365964
native,ocbc,ZAR,SGD,ZAR/SGD,100,"SGD 0 – 39,999.99",tier_1,,,fxRatesSgd,2026-09-29T07:00:12,2026-09-29T07:00:12,2026-09-29T18:10:43.054516+00:00,8.0358,7.5641,,7.8,,,
native,ocbc,ZAR,SGD,ZAR/SGD,100,"SGD 40,000 – 100,000",tier_2,,,fxRatesSgd,2026-09-29T07:00:12,2026-09-29T07:00:12,2026-09-29T18:10:43.054516+00:00,8.0319,7.568,,7.8,,,
native,uob,AED,SGD,AED/SGD,100,Indicative board,board,,,forex_sgd,29 September 2026 06:14:02 PM,29 September 2026 06:14:02 PM,2026-09-29T18:10:44.959391+00:00,35.68,33.98,34.81,34.83,MAS,2.4992818155702308,2.384372306808404
native,uob,AOA,SGD,AOA/SGD,100,Indicative board,board,,,forex_sgd,29 September 2026 06:14:02 PM,29 September 2026 06:14:02 PM,2026-09-29T18:10:44.959391+00:00,0.1437,,,,,,
native,uob,AUD,SGD,AUD/SGD,1,Indicative board,board,,,forex_sgd,29 September 2026 06:14:02 PM,29 September 2026 06:14:02 PM,2026-09-29T18:10:44.959391+00:00,0.909,0.878,0.8965000000000001,0.8935,MAS,1.3943112102621253,2.063580591187961
native,uob,BDT,SGD,BDT/SGD,100,Indicative board,board,,,forex_sgd,29 September 2026 06:14:02 PM,29 September 2026 06:14:02 PM,2026-09-29T18:10:44.959391+00:00,1.0695,,,,,,
native,uob,BND,SGD,BND/SGD,1,Indicative board,board,,,forex_sgd,29 September 2026 06:14:02 PM,29 September 2026 06:14:02 PM,2026-09-29T18:10:44.959391+00:00,1.0,1.0,,1.0,,,
native,uob,CAD,SGD,CAD/SGD,1,Indicative board,board,,,forex_sgd,29 September 2026 06:14:02 PM,29 September 2026 06:14:02 PM,2026-09-29T18:10:44.959391+00:00,0.911,0.891,0.9014,0.901,MAS,1.0650099844686103,1.153760816507651
native,uob,CHF,SGD,CHF/SGD,100,Indicative board,board,,,forex_sgd,29 September 2026 06:14:02 PM,29 September 2026 06:14:02 PM,2026-09-29T18:10:44.959391+00:00,154.94,151.64,153.5,153.29,MAS,0.9381107491856663,1.2117263843648296
native,uob,CNH,SGD,CNH/SGD,100,Indicative board,board,,,forex_sgd,29 September 2026 06:14:02 PM,29 September 2026 06:14:02 PM,2026-09-29T18:10:44.959391+00:00,19.31,18.85,,19.08,,,
native,uob,DKK,SGD,DKK/SGD,100,Indicative board,board,,,forex_sgd,29 September 2026 06:14:02 PM,29 September 2026 06:14:02 PM,2026-09-29T18:10:44.959391+00:00,19.75,19.05,,19.4,,,
native,uob,EGP,SGD,EGP/SGD,100,Indicative board,board,,,forex_sgd,29 September 2026 06:14:02 PM,29 September 2026 06:14:02 PM,2026-09-29T18:10:44.959391+00:00,2.5212,,,,,,
native,uob,EUR,SGD,EUR/SGD,1,Indicative board,board,,,forex_sgd,29 September 2026 06:14:02 PM,29 September 2026 06:14:02 PM,2026-09-29T18:10:44.959391+00:00,1.4695,1.4315,1.4525,1.4505,MAS,1.1703958691910588,1.4457831325301143
native,uob,GBP,SGD,GBP/SGD,1,Indicative board,board,,,forex_sgd,29 September 2026 06:14:02 PM,29 September 2026 06:14:02 PM,2026-09-29T18:10:44.959391+00:00,1.7146,1.6696,1.6928,1.6921,MAS,1.2878071833648286,1.3705103969754318
native,uob,HKD,SGD,HKD/SGD,100,Indicative board,board,,,forex_sgd,29 September 2026 06:14:02 PM,29 September 2026 06:14:02 PM,2026-09-29T18:10:44.959391+00:00,16.489,16.131,16.3,16.310000000000002,MAS,1.159509202453988,1.0368098159509231
native,uob,INR,SGD,INR/SGD,100,Indicative board,board,,,forex_sgd,29 September 2026 06:14:02 PM,29 September 2026 06:14:02 PM,2026-09-29T18:10:44.959391+00:00,1.37,,1.33,,MAS,3.0075187969924837,
native,uob,JPY,SGD,JPY/SGD,100,Indicative board,board,,,forex_sgd,29 September 2026 06:14:02 PM,29 September 2026 06:14:02 PM,2026-09-29T18:10:44.959391+00:00,0.8284,0.7944,0.8122,0.8114,MAS,1.9945826151194275,2.191578428958389
native,uob,KRW,SGD,KRW/SGD,1000,Indicative board,board,,,forex_sgd,29 September 2026 06:14:02 PM,29 September 2026 06:14:02 PM,2026-09-29T18:10:44.959391+00:00,0.9544,,0.941,,MAS,1.424017003188106,
native,uob,KWD,SGD,KWD/SGD,1,Indicative board,board,,,forex_sgd,29 September 2026 06:14:02 PM,29 September 2026 06:14:02 PM,2026-09-29T18:10:44.959391+00:00,4.1933,,,,,,
native,uob,LKR,SGD,LKR/SGD,100,Indicative board,board,,,forex_sgd,29 September 2026 06:14:02 PM,29 September 2026 06:14:02 PM,2026-09-29T18:10:44.959391+00:00,0.3926,,,,,,
native,uob,MXN,SGD,MXN/SGD,100,Indicative board,board,,,forex_sgd,29 September 2026 06:14:02 PM,29 September 2026 06:14:02 PM,2026-09-29T18:10:44.959391+00:00,7.1756,,,,,,
native,uob,MYR,SGD,MYR/SGD,100,Indicative board,board,,,forex_sgd,29 September 2026 06:14:02 PM,29 September 2026 06:14:02 PM,2026-09-29T18:10:44.959391+00:00,31.7662,,31.31,,MAS,1.457042478441401,
native,uob,NOK,SGD,NOK/SGD,100,Indicative board,board,,,forex_sgd,29 September 2026 06:14:02 PM,29 September 2026 06:14:02 PM,2026-09-29T18:10:44.959391+00:00,13.54,13.1,,13.32,,,
native,uob,NZD,SGD,NZD/SGD,1,Indicative board,board,,,forex_sgd,29 September 2026 06:14:02 PM,29 September 2026 06:14:02 PM,2026-09-29T18:10:44.959391+00:00,0.732,0.712,0.7240000000000001,0.722,MAS,1.1049723756905934,1.6574585635359282
native,uob,PHP,SGD,PHP/SGD,100,Indicative board,board,,,forex_sgd,29 September 2026 06:14:02 PM,29 September 2026 06:14:02 PM,2026-09-29T18:10:44.959391+00:00,2.0931,,2.0468,,MAS,2.2620676177447727,
native,uob,PKR,SGD,PKR/SGD,100,Indicative board,board,,,forex_sgd,29 September 2026 06:14:02 PM,29 September 2026 06:14:02 PM,2026-09-29T18:10:44.959391+00:00,0.4676,,,,,,
native,uob,SAR,SGD,SAR/SGD,100,Indicative board,board,,,forex_sgd,29 September 2026 06:14:02 PM,29 September 2026 06:14:02 PM,2026-09-29T18:10:44.959391+00:00,,,34.06,,MAS,,
native,uob,SEK,SGD,SEK/SGD,100,Indicative board,board,,,forex_sgd,29 September 2026 06:14:02 PM,29 September 2026 06:14:02 PM,2026-09-29T18:10:44.959391+00:00,13.03,12.55,,12.79,,,
native,uob,THB,SGD,THB/SGD,100,Indicative board,board,,,forex_sgd,29 September 2026 06:14:02 PM,29 September 2026 06:14:02 PM,2026-09-29T18:10:44.959391+00:00,3.91,3.71,3.8007,3.81,MAS,2.875786039413797,2.3864025048017474
native,uob,TWD,SGD,TWD/SGD,100,Indicative board,board,,,forex_sgd,29 September 2026 06:14:02 PM,29 September 2026 06:14:02 PM,2026-09-29T18:10:44.959391+00:00,4.1069,,4.0155,,MAS,2.276179803262362,
native,uob,USD,SGD,USD/SGD,1,Indicative board,board,,,forex_sgd,29 September 2026 06:14:02 PM,29 September 2026 06:14:02 PM,2026-09-29T18:10:44.959391+00:00,1.2914,1.2674,1.2786,1.2794,MAS,1.0010949475989477,0.8759580791490597
native,uob,VND,SGD,VND/SGD,1000,Indicative board,board,,,forex_sgd,29 September 2026 06:14:02 PM,29 September 2026 06:14:02 PM,2026-09-29T18:10:44.959391+00:00,0.0504,,0.04923,,MAS,2.3765996343692817,
native,uob,XAF,SGD,XAF/SGD,100,Indicative board,board,,,forex_sgd,29 September 2026 06:14:02 PM,29 September 2026 06:14:02 PM,2026-09-29T18:10:44.959391+00:00,0.2275,,,,,,
native,uob,XOF,SGD,XOF/SGD,100,Indicative board,board,,,forex_sgd,29 September 2026 06:14:02 PM,29 September 2026 06:14:02 PM,2026-09-29T18:10:44.959391+00:00,0.2291,,,,,,
native,uob,ZAR,SGD,ZAR/SGD,1,Indicative board,board,,,forex_sgd,29 September 2026 06:14:02 PM,29 September 2026 06:14:02 PM,2026-09-29T18:10:44.959391+00:00,0.0799,0.0759,,0.0779,,,
standardized,dbs,AED,SGD,AED/SGD,1,SGD 50 – 200,amtBtw50And200,"SGD 200 – 39,999.99",std_200_40k,mainCurrencies,2026-09-30 02:00:00,2026-09-29 18:00:16,2026-09-29T18:10:41.375699+00:00,0.3506,0.3458,0.3481,0.3482,MAS,0.7181844297615634,0.6607296753806446
standardized,dbs,AED,SGD,AED/SGD,1,SGD 50 – 200,amtBtw50And200,"SGD 40,000 – 100,000",std_40k_100k,mainCurrencies,2026-09-30 02:00:00,2026-09-29 18:00:16,2026-09-29T18:10:41.375699+00:00,0.3506,0.3458,0.3481,0.3482,MAS,0.7181844297615634,0.6607296753806446
standardized,dbs,AED,SGD,AED/SGD,1,SGD 50 – 200,amtBtw50And200,SGD 50 – 200,std_50_200,mainCurrencies,2026-09-30 02:00:00,2026-09-29 18:00:16,2026-09-29T18:10:41.375699+00:00,0.3506,0.3458,0.3481,0.3482,MAS,0.7181844297615634,0.6607296753806446
standardized,dbs,AED,SGD,AED/SGD,1,SGD < 50,amtLessThan50,SGD < 50,std_lt_50,mainCurrencies,2026-09-30 02:00:00,2026-09-29 18:00:16,2026-09-29T18:10:41.375699+00:00,0.3535,0.3431,0.3481,0.3483,MAS,1.5512783682849642,1.4363688595231268
standardized,dbs,AUD,SGD,AUD/SGD,1,SGD 50 – 200,amtBtw50And200,"SGD 200 – 39,999.99",std_200_40k,mainCurrencies,2026-09-30 02:00:00,2026-09-29 18:00:16,2026-09-29T18:10:41.375699+00:00,0.9016,0.8819,0.8965000000000001,0.89175,MAS,0.5688789737869361,1.6285554935861746
standardized,dbs,AUD,SGD,AUD/SGD,1,SGD 50 – 200,amtBtw50And200,"SGD 40,000 – 100,000",std_40k_100k,mainCurrencies,2026-09-30 02:00:00,2026-09-29 18:00:16,2026-09-29T18:10:41.375699+00:00,0.9016,0.8819,0.8965000000000001,0.89175,MAS,0.5688789737869361,1.6285554935861746
standardized,dbs,AUD,SGD,AUD/SGD,1,SGD 50 – 200,amtBtw50And200,SGD 50 – 200,std_50_200,mainCurrencies,2026-09-30 02:00:00,2026-09-29 18:00:16,2026-09-29T18:10:41.375699+00:00,0.9016,0.8819,0.8965000000000001,0.89175,MAS,0.5688789737869361,1.6285554935861746
standardized,dbs,AUD,SGD,AUD/SGD,1,SGD < 50,amtLessThan50,SGD < 50,std_lt_50,mainCurrencies,2026-09-30 02:00:00,2026-09-29 18:00:16,2026-09-29T18:10:41.375699+00:00,0.9019,0.8813,0.8965000000000001,0.8916,MAS,0.6023424428332359,1.695482431678762
standardized,dbs,BDT,SGD,BDT/SGD,100,SGD 50 – 200,amtBtw50And200,"SGD 200 – 39,999.99",std_200_40k,otherCurrencies,2026-09-30 02:00:00,2026-09-29 18:00:16,2026-09-29T18:10:41.375699+00:00,1.0551,,,,,,
standardized,dbs,BDT,SGD,BDT/SGD,100,SGD 50 – 200,amtBtw50And200,"SGD 40,000 – 100,000",std_40k_100k,otherCurrencies,2026-09-30 02:00:00,2026-09-29 18:00:16,2026-09-29T18:10:41.375699+00:00,1.0551,,,,,,
standardized,dbs,BDT,SGD,BDT/SGD,100,SGD 50 – 200,amtBtw50And200,SGD 50 – 200,std_50_200,otherCurrencies,2026-09-30 02:00:00,2026-09-29 18:00:16,2026-09-29T18:10:41.375699+00:00,1.0551,,,,,,
standardized,dbs,BDT,SGD,BDT/SGD,100,SGD < 50,amtLessThan50,SGD < 50,std_lt_50,otherCurrencies,2026-09-30 02:00:00,2026-09-29 18:00:16,2026-09-29T18:10:41.375699+00:00,1.0552,,,,,,
standardized,dbs,BHD,SGD,BHD/SGD,1,SGD 50 – 200,amtBtw50And200,"SGD 200 – 39,999.99",std_200_40k,otherCurrencies,2026-09-30 02:00:00,2026-09-29 18:00:16,2026-09-29T18:10:41.375699+00:00,3.4559,,,,,,
standardized,dbs,BHD,SGD,BHD/SGD,1,SGD 50 – 200,amtBtw50And200,"SGD 40,000 – 100,000",std_40k_100k,otherCurrencies,2026-09-30 02:00:00,2026-09-29 18:00:16,2026-09-29T18:10:41.375699+00:00,3.4559,,,,,,
standardized,dbs,BHD,SGD,BHD/SGD,1,SGD 50 – 200,amtBtw50And200,SGD 50 – 200,std_50_200,otherCurrencies,2026-09-30 02:00:00,2026-09-29 18:00:16,2026-09-29T18:10:41.375699+00:00,3.4559,,,,,,
standardized,dbs,BHD,SGD,BHD/SGD,1,SGD < 50,amtLessThan50,SGD < 50,std_lt_50,otherCurrencies,2026-09-30 02:00:00,2026-09-29 18:00:16,2026-09-29T18:10:41.375699+00:00,3.4703,,,,,,
standardized,dbs,BND,SGD,BND/SGD,1,SGD 50 – 200,amtBtw50And200,"SGD 200 – 39,999.99",std_200_40k,otherCurrencies,2026-09-30 02:00:00,2026-09-29 18:00:16,2026-09-29T18:10:41.375699+00:00,1.0,1.0,,1.0,,,
standardized,dbs,BND,SGD,BND/SGD,1,SGD 50 – 200,amtBtw50And200,"SGD 40,000 – 100,000",std_40k_100k,otherCurrencies,2026-09-30 02:00:00,2026-09-29 18:00:16,2026-09-29T18:10:41.375699+00:00,1.0,1.0,,1.0,,,
standardized,dbs,BND,SGD,BND/SGD,1,SGD 50 – 200,amtBtw50And200,SGD 50 – 200,std_50_200,otherCurrencies,2026-09-30 02:00:00,2026-09-29 18:00:16,2026-09-29T18:10:41.375699+00:00,1.0,1.0,,1.0,,,
standardized,dbs,BND,SGD,BND/SGD,1,SGD < 50,amtLessThan50,SGD < 50,std_lt_50,otherCurrencies,2026-09-30 02:00:00,2026-09-29 18:00:16,2026-09-29T18:10:41.375699+00:00,1.0,1.0,,1.0,,,
standardized,dbs,CAD,SGD,CAD/SGD,1,SGD 50 – 200,amtBtw50And200,"SGD 200 – 39,999.99",std_200_40k,mainCurrencies,2026-09-30 02:00:00,2026-09-29 18:00:16,2026-09-29T18:10:41.375699+00:00,0.9077,0.894,0.9014,0.9008499999999999,MAS,0.6989128023075186,0.8209451963612117
standardized,dbs,CAD,SGD,CAD/SGD,1,SGD 50 – 200,amtBtw50And200,"SGD 40,000 – 100,000",std_40k_100k,mainCurrencies,2026-09-30 02:00:00,2026-09-29 18:00:16,2026-09-29T18:10:41.375699+00:00,0.9077,0.894,0.9014,0.9008499999999999,MAS,0.6989128023075186,0.8209451963612117
standardized,dbs,CAD,SGD,CAD/SGD,1,SGD 50 – 200,amtBtw50And200,SGD 50 – 200,std_50_200,mainCurrencies,2026-09-30 02:00:00,2026-09-29 18:00:16,2026-09-29T18:10:41.375699+00:00,0.9077,0.894,0.9014,0.9008499999999999,MAS,0.6989128023075186,0.8209451963612117
standardized,dbs,CAD,SGD,CAD/SGD,1,SGD < 50,amtLessThan50,SGD < 50,std_lt_50,mainCurrencies,2026-09-30 02:00:00,2026-09-29 18:00:16,2026-09-29T18:10:41.375699+00:00,0.9109,0.8909,0.9014,0.9009,MAS,1.0539161304637301,1.1648546705125309
standardized,dbs,CHF,SGD,CHF/SGD,1,SGD 50 – 200,amtBtw50And200,"SGD 200 – 39,999.99",std_200_40k,mainCurrencies,2026-09-30 02:00:00,2026-09-29 18:00:16,2026-09-29T18:10:41.375699+00:00,1.5454,1.5161,1.535,1.53075,MAS,0.6775244299674389,1.2312703583061837
standardized,dbs,CHF,SGD,CHF/SGD,1,SGD 50 – 200,amtBtw50And200,"SGD 40,000 – 100,000",std_40k_100k,mainCurrencies,2026-09-30 02:00:00,2026-09-29 18:00:16,2026-09-29T18:10:41.375699+00:00,1.5454,1.5161,1.535,1.53075,MAS,0.6775244299674389,1.2312703583061837
standardized,dbs,CHF,SGD,CHF/SGD,1,SGD 50 – 200,amtBtw50And200,SGD 50 – 200,std_50_200,mainCurrencies,2026-09-30 02:00:00,2026-09-29 18:00:16,2026-09-29T18:10:41.375699+00:00,1.5454,1.5161,1.535,1.53075,MAS,0.6775244299674389,1.2312703583061837
standardized,dbs,CHF,SGD,CHF/SGD,1,SGD < 50,amtLessThan50,SGD < 50,std_lt_50,mainCurrencies,2026-09-30 02:00:00,2026-09-29 18:00:16,2026-09-29T18:10:41.375699+00:00,1.5461,1.515,1.535,1.5305499999999999,MAS,0.7231270358306261,1.3029315960912065
standardized,dbs,CNH,SGD,CNH/SGD,1,SGD 50 – 200,amtBtw50And200,"SGD 200 – 39,999.99",std_200_40k,mainCurrencies,2026-09-30 02:00:00,2026-09-29 18:00:16,2026-09-29T18:10:41.375699+00:00,0.1927,0.1883,,0.1905,,,
standardized,dbs,CNH,SGD,CNH/SGD,1,SGD 50 – 200,amtBtw50And200,"SGD 40,000 – 100,000",std_40k_100k,mainCurrencies,2026-09-30 02:00:00,2026-09-29 18:00:16,2026-09-29T18:10:41.375699+00:00,0.1927,0.1883,,0.1905,,,
standardized,dbs,CNH,SGD,CNH/SGD,1,SGD 50 – 200,amtBtw50And200,SGD 50 – 200,std_50_200,mainCurrencies,2026-09-30 02:00:00,2026-09-29 18:00:16,2026-09-29T18:10:41.375699+00:00,0.1927,0.1883,,0.1905,,,
standardized,dbs,CNH,SGD,CNH/SGD,1,SGD < 50,amtLessThan50,SGD < 50,std_lt_50,mainCurrencies,2026-09-30 02:00:00,2026-09-29 18:00:16,2026-09-29T18:10:41.375699+00:00,0.1934,0.1876,,0.1905,,,
standardized,dbs,CNY,SGD,CNY/SGD,1,SGD 50 – 200,amtBtw50And200,"SGD 200 – 39,999.99",std_200_40k,otherCurrencies,2026-09-30 02:00:00,2026-09-29 18:00:16,2026-09-29T18:10:41.375699+00:00,0.1908,,0.1907,,MAS,0.052438384897739374,
standardized,dbs,CNY,SGD,CNY/SGD,1,SGD 50 – 200,amtBtw50And200,"SGD 40,000 – 100,000",std_40k_100k,otherCurrencies,2026-09-30 02:00:00,2026-09-29 18:00:16,2026-09-29T18:10:41.375699+00:00,0.1908,,0.1907,,MAS,0.052438384897739374,
standardized,dbs,CNY,SGD,CNY/SGD,1,SGD 50 – 200,amtBtw50And200,SGD 50 – 200,std_50_200,otherCurrencies,2026-09-30 02:00:00,2026-09-29 18:00:16,2026-09-29T18:10:41.375699+00:00,0.1908,,0.1907,,MAS,0.052438384897739374,
standardized,dbs,CNY,SGD,CNY/SGD,1,SGD < 50,amtLessThan50,SGD < 50,std_lt_50,otherCurrencies,2026-09-30 02:00:00,2026-09-29 18:00:16,2026-09-29T18:10:41.375699+00:00,0.1925,,0.1907,,MAS,0.9438909281594107,
standardized,dbs,DKK,SGD,DKK/SGD,1,SGD 50 – 200,amtBtw50And200,"SGD 200 – 39,999.99",std_200_40k,mainCurrencies,2026-09-30 02:00:00,2026-09-29 18:00:16,2026-09-29T18:10:41.375699+00:00,0.1962,0.1909,,0.19355,,,
standardized,dbs,DKK,SGD,DKK/SGD,1,SGD 50 – 200,amtBtw50And200,"SGD 40,000 – 100,000",std_40k_100k,mainCurrencies,2026-09-30 02:00:00,2026-09-29 18:00:16,2026-09-29T18:10:41.375699+00:00,0.1962,0.1909,,0.19355,,,
standardized,dbs,DKK,SGD,DKK/SGD,1,SGD 50 – 200,amtBtw50And200,SGD 50 – 200,std_50_200,mainCurrencies,2026-09-30 02:00:00,2026-09-29 18:00:16,2026-09-29T18:10:41.375699+00:00,0.1962,0.1909,,0.19355,,,
standardized,dbs,DKK,SGD,DKK/SGD,1,SGD < 50,amtLessThan50,SGD < 50,std_lt_50,mainCurrencies,2026-09-30 02:00:00,2026-09-29 18:00:16,2026-09-29T18:10:41.375699+00:00,0.1966,0.1905,,0.19355,,,
standardized,dbs,EUR,SGD,EUR/SGD,1,SGD 50 – 200,amtBtw50And200,"SGD 200 – 39,999.99",std_200_40k,mainCurrencies,2026-09-30 02:00:00,2026-09-29 18:00:16,2026-09-29T18:10:41.375699+00:00,1.4601,1.4353,1.4525,1.4477,MAS,0.5232358003442376,1.1841652323579954
standardized,dbs,EUR,SGD,EUR/SGD,1,SGD 50 – 200,amtBtw50And200,"SGD 40,000 – 100,000",std_40k_100k,mainCurrencies,2026-09-30 02:00:00,2026-09-29 18:00:16,2026-09-29T18:10:41.375699+00:00,1.4601,1.4353,1.4525,1.4477,MAS,0.5232358003442376,1.1841652323579954
standardized,dbs,EUR,SGD,EUR/SGD,1,SGD 50 – 200,amtBtw50And200,SGD 50 – 200,std_50_200,mainCurrencies,2026-09-30 02:00:00,2026-09-29 18:00:16,2026-09-29T18:10:41.375699+00:00,1.4601,1.4353,1.4525,1.4477,MAS,0.5232358003442376,1.1841652323579954
standardized,dbs,EUR,SGD,EUR/SGD,1,SGD < 50,amtLessThan50,SGD < 50,std_lt_50,mainCurrencies,2026-09-30 02:00:00,2026-09-29 18:00:16,2026-09-29T18:10:41.375699+00:00,1.4608,1.4346,1.4525,1.4477000000000002,MAS,0.5714285714285849,1.2323580034423274
standardized,dbs,GBP,SGD,GBP/SGD,1,SGD 50 – 200,amtBtw50And200,"SGD 200 – 39,999.99",std_200_40k,mainCurrencies,2026-09-30 02:00:00,2026-09-29 18:00:16,2026-09-29T18:10:41.375699+00:00,1.7024,1.6769,1.6928,1.6896499999999999,MAS,0.5671077504725798,0.9392722117202283
standardized,dbs,GBP,SGD,GBP/SGD,1,SGD 50 – 200,amtBtw50And200,"SGD 40,000 – 100,000",std_40k_100k,mainCurrencies,2026-09-30 02:00:00,2026-09-29 18:00:16,2026-09-29T18:10:41.375699+00:00,1.7024,1.6769,1.6928,1.6896499999999999,MAS,0.5671077504725798,0.9392722117202283
standardized,dbs,GBP,SGD,GBP/SGD,1,SGD 50 – 200,amtBtw50And200,SGD 50 – 200,std_50_200,mainCurrencies,2026-09-30 02:00:00,2026-09-29 18:00:16,2026-09-29T18:10:41.375699+00:00,1.7024,1.6769,1.6928,1.6896499999999999,MAS,0.5671077504725798,0.9392722117202283
standardized,dbs,GBP,SGD,GBP/SGD,1,SGD < 50,amtLessThan50,SGD < 50,std_lt_50,mainCurrencies,2026-09-30 02:00:00,2026-09-29 18:00:16,2026-09-29T18:10:41.375699+00:00,1.7042,1.6753,1.6928,1.68975,MAS,0.6734404536861918,1.0337901701323293
standardized,dbs,HKD,SGD,HKD/SGD,1,SGD 50 – 200,amtBtw50And200,"SGD 200 – 39,999.99",std_200_40k,mainCurrencies,2026-09-30 02:00:00,2026-09-29 18:00:16,2026-09-29T18:10:41.375699+00:00,0.1646,0.1613,0.163,0.16294999999999998,MAS,0.9815950920245339,1.0429447852760778
standardized,dbs,HKD,SGD,HKD/SGD,1,SGD 50 – 200,amtBtw50And200,"SGD 40,000 – 100,000",std_40k_100k,mainCurrencies,2026-09-30 02:00:00,2026-09-29 18:00:16,2026-09-29T18:10:41.375699+00:00,0.1646,0.1613,0.163,0.16294999999999998,MAS,0.9815950920245339,1.0429447852760778
standardized,dbs,HKD,SGD,HKD/SGD,1,SGD 50 – 200,amtBtw50And200,SGD 50 – 200,std_50_200,mainCurrencies,2026-09-30 02:00:00,2026-09-29 18:00:16,2026-09-29T18:10:41.375699+00:00,0.1646,0.1613,0.163,0.16294999999999998,MAS,0.9815950920245339,1.0429447852760778
standardized,dbs,HKD,SGD,HKD/SGD,1,SGD < 50,amtLessThan50,SGD < 50,std_lt_50,mainCurrencies,2026-09-30 02:00:00,2026-09-29 18:00:16,2026-09-29T18:10:41.375699+00:00,0.1648,0.1612,0.163,0.163,MAS,1.104294478527605,1.104294478527605
standardized,dbs,HUF,SGD,HUF/SGD,100,SGD 50 – 200,amtBtw50And200,"SGD 200 – 39,999.99",std_200_40k,otherCurrencies,2026-09-30 02:00:00,2026-09-29 18:00:16,2026-09-29T18:10:41.375699+00:00,0.4029,,,,,,
standardized,dbs,HUF,SGD,HUF/SGD,100,SGD 50 – 200,amtBtw50And200,"SGD 40,000 – 100,000",std_40k_100k,otherCurrencies,2026-09-30 02:00:00,2026-09-29 18:00:16,2026-09-29T18:10:41.375699+00:00,0.4029,,,,,,
standardized,dbs,HUF,SGD,HUF/SGD,100,SGD 50 – 200,amtBtw50And200,SGD 50 – 200,std_50_200,otherCurrencies,2026-09-30 02:00:00,2026-09-29 18:00:16,2026-09-29T18:10:41.375699+00:00,0.4029,,,,,,
standardized,dbs,HUF,SGD,HUF/SGD,100,SGD < 50,amtLessThan50,SGD < 50,std_lt_50,otherCurrencies,2026-09-30 02:00:00,2026-09-29 18:00:16,2026-09-29T18:10:41.375699+00:00,0.4046,,,,,,
standardized,dbs,ID0,SGD,ID0/SGD,100,SGD 50 – 200,amtBtw50And200,"SGD 200 – 39,999.99",std_200_40k,otherCurrencies,2026-09-30 02:00:00,2026-09-29 18:00:16,2026-09-29T18:10:41.375699+00:00,,,,,,,
standardized,dbs,ID0,SGD,ID0/SGD,100,SGD 50 – 200,amtBtw50And200,"SGD 40,000 – 100,000",std_40k_100k,otherCurrencies,2026-09-30 02:00:00,2026-09-29 18:00:16,2026-09-29T18:10:41.375699+00:00,,,,,,,
standardized,dbs,ID0,SGD,ID0/SGD,100,SGD 50 – 200,amtBtw50And200,SGD 50 – 200,std_50_200,otherCurrencies,2026-09-30 02:00:00,2026-09-29 18:00:16,2026-09-29T18:10:41.375699+00:00,,,,,,,
standardized,dbs,ID0,SGD,ID0/SGD,100,SGD < 50,amtLessThan50,SGD < 50,std_lt_50,otherCurrencies,2026-09-30 02:00:00,2026-09-29 18:00:16,2026-09-29T18:10:41.375699+00:00,,0.0071,,,,,
standardized,dbs,IDR,SGD,IDR/SGD,100,SGD 50 – 200,amtBtw50And200,"SGD 200 – 39,999.99",std_200_40k,mainCurrencies,2026-09-30 02:00:00,2026-09-29 18:00:16,2026-09-29T18:10:41.375699+00:00,0.0073,,0.007105,,MAS,2.744546094299787,
standardized,dbs,IDR,SGD,IDR/SGD,100,SGD 50 – 200,amtBtw50And200,"SGD 40,000 – 100,000",std_40k_100k,mainCurrencies,2026-09-30 02:00:00,2026-09-29 18:00:16,2026-09-29T18:10:41.375699+00:00,0.0073,,0.007105,,MAS,2.744546094299787,
standardized,dbs,IDR,SGD,IDR/SGD,100,SGD 50 – 200,amtBtw50And200,SGD 50 – 200,std_50_200,mainCurrencies,2026-09-30 02:00:00,2026-09-29 18:00:16,2026-09-29T18:10:41.375699+00:00,0.0073,,0.007105,,MAS,2.744546094299787,
standardized,dbs,IDR,SGD,IDR/SGD,100,SGD < 50,amtLessThan50,SGD < 50,std_lt_50,mainCurrencies,2026-09-30 02:00:00,2026-09-29 18:00:16,2026-09-29T18:10:41.375699+00:00,0.0073,,0.007105,,MAS,2.744546094299787,
standardized,dbs,IN0,SGD,IN0/SGD,100,SGD 50 – 200,amtBtw50And200,"SGD 200 – 39,999.99",std_200_40k,otherCurrencies,2026-09-30 02:00:00,2026-09-29 18:00:16,2026-09-29T18:10:41.375699+00:00,,1.3293,,,,,
standardized,dbs,IN0,SGD,IN0/SGD,100,SGD 50 – 200,amtBtw50And200,"SGD 40,000 – 100,000",std_40k_100k,otherCurrencies,2026-09-30 02:00:00,2026-09-29 18:00:16,2026-09-29T18:10:41.375699+00:00,,1.3293,,,,,
standardized,dbs,IN0,SGD,IN0/SGD,100,SGD 50 – 200,amtBtw50And200,SGD 50 – 200,std_50_200,otherCurrencies,2026-09-30 02:00:00,2026-09-29 18:00:16,2026-09-29T18:10:41.375699+00:00,,1.3293,,,,,
standardized,dbs,IN0,SGD,IN0/SGD,100,SGD < 50,amtLessThan50,SGD < 50,std_lt_50,otherCurrencies,2026-09-30 02:00:00,2026-09-29 18:00:16,2026-09-29T18:10:41.375699+00:00,,1.3295,,,,,
standardized,dbs,INR,SGD,INR/SGD,100,SGD 50 – 200,amtBtw50And200,"SGD 200 – 39,999.99",std_200_40k,otherCurrencies,2026-09-30 02:00:00,2026-09-29 18:00:16,2026-09-29T18:10:41.375699+00:00,1.3468,,1.33,,MAS,1.2631578947368365,
standardized,dbs,INR,SGD,INR/SGD,100,SGD 50 – 200,amtBtw50And200,"SGD 40,000 – 100,000",std_40k_100k,otherCurrencies,2026-09-30 02:00:00,2026-09-29 18:00:16,2026-09-29T18:10:41.375699+00:00,1.3468,,1.33,,MAS,1.2631578947368365,
standardized,dbs,INR,SGD,INR/SGD,100,SGD 50 – 200,amtBtw50And200,SGD 50 – 200,std_50_200,otherCurrencies,2026-09-30 02:00:00,2026-09-29 18:00:16,2026-09-29T18:10:41.375699+00:00,1.3468,,1.33,,MAS,1.2631578947368365,
standardized,dbs,INR,SGD,INR/SGD,100,SGD < 50,amtLessThan50,SGD < 50,std_lt_50,otherCurrencies,2026-09-30 02:00:00,2026-09-29 18:00:16,2026-09-29T18:10:41.375699+00:00,1.3576,,1.33,,MAS,2.0751879699248006,
standardized,dbs,JPY,SGD,JPY/SGD,100,SGD 50 – 200,amtBtw50And200,"SGD 200 – 39,999.99",std_200_40k,mainCurrencies,2026-09-30 02:00:00,2026-09-29 18:00:16,2026-09-29T18:10:41.375699+00:00,0.8206,0.8042,0.8122,0.8124,MAS,1.0342280226545142,0.9849790691947805
standardized,dbs,JPY,SGD,JPY/SGD,100,SGD 50 – 200,amtBtw50And200,"SGD 40,000 – 100,000",std_40k_100k,mainCurrencies,2026-09-30 02:00:00,2026-09-29 18:00:16,2026-09-29T18:10:41.375699+00:00,0.8206,0.8042,0.8122,0.8124,MAS,1.0342280226545142,0.9849790691947805
standardized,dbs,JPY,SGD,JPY/SGD,100,SGD 50 – 200,amtBtw50And200,SGD 50 – 200,std_50_200,mainCurrencies,2026-09-30 02:00:00,2026-09-29 18:00:16,2026-09-29T18:10:41.375699+00:00,0.8206,0.8042,0.8122,0.8124,MAS,1.0342280226545142,0.9849790691947805
standardized,dbs,JPY,SGD,JPY/SGD,100,SGD < 50,amtLessThan50,SGD < 50,std_lt_50,mainCurrencies,2026-09-30 02:00:00,2026-09-29 18:00:16,2026-09-29T18:10:41.375699+00:00,0.8214,0.8034,0.8122,0.8124,MAS,1.1327259295739946,1.083476976114261
standardized,dbs,KRW,SGD,KRW/SGD,100,SGD 50 – 200,amtBtw50And200,"SGD 200 – 39,999.99",std_200_40k,otherCurrencies,2026-09-30 02:00:00,2026-09-29 18:00:16,2026-09-29T18:10:41.375699+00:00,0.0956,,0.0941,,MAS,1.5940488841657825,
standardized,dbs,KRW,SGD,KRW/SGD,100,SGD 50 – 200,amtBtw50And200,"SGD 40,000 – 100,000",std_40k_100k,otherCurrencies,2026-09-30 02:00:00,2026-09-29 18:00:16,2026-09-29T18:10:41.375699+00:00,0.0956,,0.0941,,MAS,1.5940488841657825,
standardized,dbs,KRW,SGD,KRW/SGD,100,SGD 50 – 200,amtBtw50And200,SGD 50 – 200,std_50_200,otherCurrencies,2026-09-30 02:00:00,2026-09-29 18:00:16,2026-09-29T18:10:41.375699+00:00,0.0956,,0.0941,,MAS,1.5940488841657825,
standardized,dbs,KRW,SGD,KRW/SGD,100,SGD < 50,amtLessThan50,SGD < 50,std_lt_50,otherCurrencies,2026-09-30 02:00:00,2026-09-29 18:00:16,2026-09-29T18:10:41.375699+00:00,0.0956,,0.0941,,MAS,1.5940488841657825,
standardized,dbs,KWD,SGD,KWD/SGD,100,SGD 50 – 200,amtBtw50And200,"SGD 200 – 39,999.99",std_200_40k,otherCurrencies,2026-09-30 02:00:00,2026-09-29 18:00:16,2026-09-29T18:10:41.375699+00:00,424.5644,,,,,,
standardized,dbs,KWD,SGD,KWD/SGD,100,SGD 50 – 200,amtBtw50And200,"SGD 40,000 – 100,000",std_40k_100k,otherCurrencies,2026-09-30 02:00:00,2026-09-29 18:00:16,2026-09-29T18:10:41.375699+00:00,424.5644,,,,,,
standardized,dbs,KWD,SGD,KWD/SGD,100,SGD 50 – 200,amtBtw50And200,SGD 50 – 200,std_50_200,otherCurrencies,2026-09-30 02:00:00,2026-09-29 18:00:16,2026-09-29T18:10:41.375699+00:00,424.5644,,,,,,
standardized,dbs,KWD,SGD,KWD/SGD,100,SGD < 50,amtLessThan50,SGD < 50,std_lt_50,otherCurrencies,2026-09-30 02:00:00,2026-09-29 18:00:16,2026-09-29T18:10:41.375699+00:00,426.2925,,,,,,
standardized,dbs,LKR,SGD,LKR/SGD,100,SGD 50 – 200,amtBtw50And200,"SGD 200 – 39,999.99",std_200_40k,otherCurrencies,2026-09-30 02:00:00,2026-09-29 18:00:16,2026-09-29T18:10:41.375699+00:00,0.394,,,,,,
standardized,dbs,LKR,SGD,LKR/SGD,100,SGD 50 – 200,amtBtw50And200,"SGD 40,000 – 100,000",std_40k_100k,otherCurrencies,2026-09-30 02:00:00,2026-09-29 18:00:16,2026-09-29T18:10:41.375699+00:00,0.394,,,,,,
standardized,dbs,LKR,SGD,LKR/SGD,100,SGD 50 – 200,amtBtw50And200,SGD 50 – 200,std_50_200,otherCurrencies,2026-09-30 02:00:00,2026-09-29 18:00:16,2026-09-29T18:10:41.375699+00:00,0.394,,,,,,
standardized,dbs,LKR,SGD,LKR/SGD,100,SGD < 50,amtLessThan50,SGD < 50,std_lt_50,otherCurrencies,2026-09-30 02:00:00,2026-09-29 18:00:16,2026-09-29T18:10:41.375699+00:00,0.3941,,,,,,
standardized,dbs,MM1,SGD,MM1/SGD,100,SGD 50 – 200,amtBtw50And200,"SGD 200 – 39,999.99",std_200_40k,otherCurrencies,2026-09-30 02:00:00,2026-09-29 18:00:16,2026-09-29T18:10:41.375699+00:00,,,,,,,
standardized,dbs,MM1,SGD,MM1/SGD,100,SGD 50 – 200,amtBtw50And200,"SGD 40,000 – 100,000",std_40k_100k,otherCurrencies,2026-09-30 02:00:00,2026-09-29 18:00:16,2026-09-29T18:10:41.375699+00:00,,,,,,,
standardized,dbs,MM1,SGD,MM1/SGD,100,SGD 50 – 200,amtBtw50And200,SGD 50 – 200,std_50_200,otherCurrencies,2026-09-30 02:00:00,2026-09-29 18:00:16,2026-09-29T18:10:41.375699+00:00,,,,,,,
standardized,dbs,MM1,SGD,MM1/SGD,100,SGD < 50,amtLessThan50,SGD < 50,std_lt_50,otherCurrencies,2026-09-30 02:00:00,2026-09-29 18:00:16,2026-09-29T18:10:41.375699+00:00,,,,,,,
standardized,dbs,MMK,SGD,MMK/SGD,100,SGD 50 – 200,amtBtw50And200,"SGD 200 – 39,999.99",std_200_40k,otherCurrencies,2026-09-30 02:00:00,2026-09-29 18:00:16,2026-09-29T18:10:41.375699+00:00,0.0325,,,,,,
standardized,dbs,MMK,SGD,MMK/SGD,100,SGD 50 – 200,amtBtw50And200,"SGD 40,000 – 100,000",std_40k_100k,otherCurrencies,2026-09-30 02:00:00,2026-09-29 18:00:16,2026-09-29T18:10:41.375699+00:00,0.0325,,,,,,
standardized,dbs,MMK,SGD,MMK/SGD,100,SGD 50 – 200,amtBtw50And200,SGD 50 – 200,std_50_200,otherCurrencies,2026-09-30 02:00:00,2026-09-29 18:00:16,2026-09-29T18:10:41.375699+00:00,0.0325,,,,,,
standardized,dbs,MMK,SGD,MMK/SGD,100,SGD < 50,amtLessThan50,SGD < 50,std_lt_50,otherCurrencies,2026-09-30 02:00:00,2026-09-29 18:00:16,2026-09-29T18:10:41.375699+00:00,0.0325,,,,,,
standardized,dbs,MUR,SGD,MUR/SGD,100,SGD 50 – 200,amtBtw50And200,"SGD 200 – 39,999.99",std_200_40k,otherCurrencies,2026-09-30 02:00:00,2026-09-29 18:00:16,2026-09-29T18:10:41.375699+00:00,2.7051,,,,,,
standardized,dbs,MUR,SGD,MUR/SGD,100,SGD 50 – 200,amtBtw50And200,"SGD 40,000 – 100,000",std_40k_100k,otherCurrencies,2026-09-30 02:00:00,2026-09-29 18:00:16,2026-09-29T18:10:41.375699+00:00,2.7051,,,,,,
standardized,dbs,MUR,SGD,MUR/SGD,100,SGD 50 – 200,amtBtw50And200,SGD 50 – 200,std_50_200,otherCurrencies,2026-09-30 02:00:00,2026-09-29 18:00:16,2026-09-29T18:10:41.375699+00:00,2.7051,,,,,,
standardized,dbs,MUR,SGD,MUR/SGD,100,SGD < 50,amtLessThan50,SGD < 50,std_lt_50,otherCurrencies,2026-09-30 02:00:00,2026-09-29 18:00:16,2026-09-29T18:10:41.375699+00:00,2.7159,,,,,,
standardized,dbs,MXN,SGD,MXN/SGD,100,SGD 50 – 200,amtBtw50And200,"SGD 200 – 39,999.99",std_200_40k,mainCurrencies,2026-09-30 02:00:00,2026-09-29 18:00:16,2026-09-29T18:10:41.375699+00:00,7.1611,,,,,,
standardized,dbs,MXN,SGD,MXN/SGD,100,SGD 50 – 200,amtBtw50And200,"SGD 40,000 – 100,000",std_40k_100k,mainCurrencies,2026-09-30 02:00:00,2026-09-29 18:00:16,2026-09-29T18:10:41.375699+00:00,7.1611,,,,,,
standardized,dbs,MXN,SGD,MXN/SGD,100,SGD 50 – 200,amtBtw50And200,SGD 50 – 200,std_50_200,mainCurrencies,2026-09-30 02:00:00,2026-09-29 18:00:16,2026-09-29T18:10:41.375699+00:00,7.1611,,,,,,
standardized,dbs,MXN,SGD,MXN/SGD,100,SGD < 50,amtLessThan50,SGD < 50,std_lt_50,mainCurrencies,2026-09-30 02:00:00,2026-09-29 18:00:16,2026-09-29T18:10:41.375699+00:00,7.1614,,,,,,
standardized,dbs,MY0,SGD,MY0/SGD,1,SGD 50 – 200,amtBtw50And200,"SGD 200 – 39,999.99",std_200_40k,otherCurrencies,2026-09-30 02:00:00,2026-09-29 18:00:16,2026-09-29T18:10:41.375699+00:00,,0.3128,,,,,
standardized,dbs,MY0,SGD,MY0/SGD,1,SGD 50 – 200,amtBtw50And200,"SGD 40,000 – 100,000",std_40k_100k,otherCurrencies,2026-09-30 02:00:00,2026-09-29 18:00:16,2026-09-29T18:10:41.375699+00:00,,0.3128,,,,,
standardized,dbs,MY0,SGD,MY0/SGD,1,SGD 50 – 200,amtBtw50And200,SGD 50 – 200,std_50_200,otherCurrencies,2026-09-30 02:00:00,2026-09-29 18:00:16,2026-09-29T18:10:41.375699+00:00,,0.3128,,,,,
standardized,dbs,MY0,SGD,MY0/SGD,1,SGD < 50,amtLessThan50,SGD < 50,std_lt_50,otherCurrencies,2026-09-30 02:00:00,2026-09-29 18:00:16,2026-09-29T18:10:41.375699+00:00,,0.3129,,,,,
standardized,dbs,MYR,SGD,MYR/SGD,1,SGD 50 – 200,amtBtw50And200,"SGD 200 – 39,999.99",std_200_40k,otherCurrencies,2026-09-30 02:00:00,2026-09-29 18:00:16,2026-09-29T18:10:41.375699+00:00,0.3169,,0.3131,,MAS,1.2136697540721897,
standardized,dbs,MYR,SGD,MYR/SGD,1,SGD 50 – 200,amtBtw50And200,"SGD 40,000 – 100,000",std_40k_100k,otherCurrencies,2026-09-30 02:00:00,2026-09-29 18:00:16,2026-09-29T18:10:41.375699+00:00,0.3169,,0.3131,,MAS,1.2136697540721897,
standardized,dbs,MYR,SGD,MYR/SGD,1,SGD 50 – 200,amtBtw50And200,SGD 50 – 200,std_50_200,otherCurrencies,2026-09-30 02:00:00,2026-09-29 18:00:16,2026-09-29T18:10:41.375699+00:00,0.3169,,0.3131,,MAS,1.2136697540721897,
standardized,dbs,MYR,SGD,MYR/SGD,1,SGD < 50,amtLessThan50,SGD < 50,std_lt_50,otherCurrencies,2026-09-30 02:00:00,2026-09-29 18:00:16,2026-09-29T18:10:41.375699+00:00,0.3169,,0.3131,,MAS,1.2136697540721897,
standardized,dbs,NOK,SGD,NOK/SGD,1,SGD 50 – 200,amtBtw50And200,"SGD 200 – 39,999.99",std_200_40k,mainCurrencies,2026-09-30 02:00:00,2026-09-29 18:00:16,2026-09-29T18:10:41.375699+00:00,0.1348,0.1311,,0.13295,,,
standardized,dbs,NOK,SGD,NOK/SGD,1,SGD 50 – 200,amtBtw50And200,"SGD 40,000 – 100,000",std_40k_100k,mainCurrencies,2026-09-30 02:00:00,2026-09-29 18:00:16,2026-09-29T18:10:41.375699+00:00,0.1348,0.1311,,0.13295,,,
standardized,dbs,NOK,SGD,NOK/SGD,1,SGD 50 – 200,amtBtw50And200,SGD 50 – 200,std_50_200,mainCurrencies,2026-09-30 02:00:00,2026-09-29 18:00:16,2026-09-29T18:10:41.375699+00:00,0.1348,0.1311,,0.13295,,,
standardized,dbs,NOK,SGD,NOK/SGD,1,SGD < 50,amtLessThan50,SGD < 50,std_lt_50,mainCurrencies,2026-09-30 02:00:00,2026-09-29 18:00:16,2026-09-29T18:10:41.375699+00:00,0.1352,0.1307,,0.13295,,,
standardized,dbs,NZD,SGD,NZD/SGD,1,SGD 50 – 200,amtBtw50And200,"SGD 200 – 39,999.99",std_200_40k,mainCurrencies,2026-09-30 02:00:00,2026-09-29 18:00:16,2026-09-29T18:10:41.375699+00:00,0.7284,0.7117,0.7240000000000001,0.7200500000000001,MAS,0.6077348066298286,1.6988950276243215
standardized,dbs,NZD,SGD,NZD/SGD,1,SGD 50 – 200,amtBtw50And200,"SGD 40,000 – 100,000",std_40k_100k,mainCurrencies,2026-09-30 02:00:00,2026-09-29 18:00:16,2026-09-29T18:10:41.375699+00:00,0.7284,0.7117,0.7240000000000001,0.7200500000000001,MAS,0.6077348066298286,1.6988950276243215
standardized,dbs,NZD,SGD,NZD/SGD,1,SGD 50 – 200,amtBtw50And200,SGD 50 – 200,std_50_200,mainCurrencies,2026-09-30 02:00:00,2026-09-29 18:00:16,2026-09-29T18:10:41.375699+00:00,0.7284,0.7117,0.7240000000000001,0.7200500000000001,MAS,0.6077348066298286,1.6988950276243215
standardized,dbs,NZD,SGD,NZD/SGD,1,SGD < 50,amtLessThan50,SGD < 50,std_lt_50,mainCurrencies,2026-09-30 02:00:00,2026-09-29 18:00:16,2026-09-29T18:10:41.375699+00:00,0.7291,0.7109,0.7240000000000001,0.72,MAS,0.704419889502746,1.8093922651933854
standardized,dbs,OMR,SGD,OMR/SGD,1,SGD 50 – 200,amtBtw50And200,"SGD 200 – 39,999.99",std_200_40k,otherCurrencies,2026-09-30 02:00:00,2026-09-29 18:00:16,2026-09-29T18:10:41.375699+00:00,3.3472,,,,,,
standardized,dbs,OMR,SGD,OMR/SGD,1,SGD 50 – 200,amtBtw50And200,"SGD 40,000 – 100,000",std_40k_100k,otherCurrencies,2026-09-30 02:00:00,2026-09-29 18:00:16,2026-09-29T18:10:41.375699+00:00,3.3472,,,,,,
standardized,dbs,OMR,SGD,OMR/SGD,1,SGD 50 – 200,amtBtw50And200,SGD 50 – 200,std_50_200,otherCurrencies,2026-09-30 02:00:00,2026-09-29 18:00:16,2026-09-29T18:10:41.375699+00:00,3.3472,,,,,,
standardized,dbs,OMR,SGD,OMR/SGD,1,SGD < 50,amtLessThan50,SGD < 50,std_lt_50,otherCurrencies,2026-09-30 02:00:00,2026-09-29 18:00:16,2026-09-29T18:10:41.375699+00:00,3.3476,,,,,,
standardized,dbs,PH0,SGD,PH0/SGD,100,SGD 50 – 200,amtBtw50And200,"SGD 200 – 39,999.99",std_200_40k,otherCurrencies,2026-09-30 02:00:00,2026-09-29 18:00:16,2026-09-29T18:10:41.375699+00:00,,2.0348,,,,,
standardized,dbs,PH0,SGD,PH0/SGD,100,SGD 50 – 200,amtBtw50And200,"SGD 40,000 – 100,000",std_40k_100k,otherCurrencies,2026-09-30 02:00:00,2026-09-29 18:00:16,2026-09-29T18:10:41.375699+00:00,,2.0348,,,,,
standardized,dbs,PH0,SGD,PH0/SGD,100,SGD 50 – 200,amtBtw50And200,SGD 50 – 200,std_50_200,otherCurrencies,2026-09-30 02:00:00,2026-09-29 18:00:16,2026-09-29T18:10:41.375699+00:00,,2.0348,,,,,
standardized,dbs,PH0,SGD,PH0/SGD,100,SGD < 50,amtLessThan50,SGD < 50,std_lt_50,otherCurrencies,2026-09-30 02:00:00,2026-09-29 18:00:16,2026-09-29T18:10:41.375699+00:00,,2.0351,,,,,
standardized,dbs,PHP,SGD,PHP/SGD,100,SGD 50 – 200,amtBtw50And200,"SGD 200 – 39,999.99",std_200_40k,otherCurrencies,2026-09-30 02:00:00,2026-09-29 18:00:16,2026-09-29T18:10:41.375699+00:00,2.0677,,2.0468,,MAS,1.021106116865336,
standardized,dbs,PHP,SGD,PHP/SGD,100,SGD 50 – 200,amtBtw50And200,"SGD 40,000 – 100,000",std_40k_100k,otherCurrencies,2026-09-30 02:00:00,2026-09-29 18:00:16,2026-09-29T18:10:41.375699+00:00,2.0677,,2.0468,,MAS,1.021106116865336,
standardized,dbs,PHP,SGD,PHP/SGD,100,SGD 50 – 200,amtBtw50And200,SGD 50 – 200,std_50_200,otherCurrencies,2026-09-30 02:00:00,2026-09-29 18:00:16,2026-09-29T18:10:41.375699+00:00,2.0677,,2.0468,,MAS,1.021106116865336,
standardized,dbs,PHP,SGD,PHP/SGD,100,SGD < 50,amtLessThan50,SGD < 50,std_lt_50,otherCurrencies,2026-09-30 02:00:00,2026-09-29 18:00:16,2026-09-29T18:10:41.375699+00:00,2.0836,,2.0468,,MAS,1.7979284737150645,
standardized,dbs,PLN,SGD,PLN/SGD,1,SGD 50 – 200,amtBtw50And200,"SGD 200 – 39,999.99",std_200_40k,otherCurrencies,2026-09-30 02:00:00,2026-09-29 18:00:16,2026-09-29T18:10:41.375699+00:00,0.3388,,,,,,
standardized,dbs,PLN,SGD,PLN/SGD,1,SGD 50 – 200,amtBtw50And200,"SGD 40,000 – 100,000",std_40k_100k,otherCurrencies,2026-09-30 02:00:00,2026-09-29 18:00:16,2026-09-29T18:10:41.375699+00:00,0.3388,,,,,,
standardized,dbs,PLN,SGD,PLN/SGD,1,SGD 50 – 200,amtBtw50And200,SGD 50 – 200,std_50_200,otherCurrencies,2026-09-30 02:00:00,2026-09-29 18:00:16,2026-09-29T18:10:41.375699+00:00,0.3388,,,,,,
standardized,dbs,PLN,SGD,PLN/SGD,1,SGD < 50,amtLessThan50,SGD < 50,std_lt_50,otherCurrencies,2026-09-30 02:00:00,2026-09-29 18:00:16,2026-09-29T18:10:41.375699+00:00,0.3402,,,,,,
standardized,dbs,QAR,SGD,QAR/SGD,1,SGD 50 – 200,amtBtw50And200,"SGD 200 – 39,999.99",std_200_40k,otherCurrencies,2026-09-30 02:00:00,2026-09-29 18:00:16,2026-09-29T18:10:41.375699+00:00,0.3587,,0.3508,,MAS,2.2519954389965844,
standardized,dbs,QAR,SGD,QAR/SGD,1,SGD 50 – 200,amtBtw50And200,"SGD 40,000 – 100,000",std_40k_100k,otherCurrencies,2026-09-30 02:00:00,2026-09-29 18:00:16,2026-09-29T18:10:41.375699+00:00,0.3587,,0.3508,,MAS,2.2519954389965844,
standardized,dbs,QAR,SGD,QAR/SGD,1,SGD 50 – 200,amtBtw50And200,SGD 50 – 200,std_50_200,otherCurrencies,2026-09-30 02:00:00,2026-09-29 18:00:16,2026-09-29T18:10:41.375699+00:00,0.3587,,0.3508,,MAS,2.2519954389965844,
standardized,dbs,QAR,SGD,QAR/SGD,1,SGD < 50,amtLessThan50,SGD < 50,std_lt_50,otherCurrencies,2026-09-30 02:00:00,2026-09-29 18:00:16,2026-09-29T18:10:41.375699+00:00,0.3602,,0.3508,,MAS,2.679589509692138,
standardized,dbs,RUB,SGD,RUB/SGD,100,SGD 50 – 200,amtBtw50And200,"SGD 200 – 39,999.99",std_200_40k,mainCurrencies,2026-09-30 02:00:00,2026-09-29 18:00:16,2026-09-29T18:10:41.375699+00:00,,,,,,,
standardized,dbs,RUB,SGD,RUB/SGD,100,SGD 50 – 200,amtBtw50And200,"SGD 40,000 – 100,000",std_40k_100k,mainCurrencies,2026-09-30 02:00:00,2026-09-29 18:00:16,2026-09-29T18:10:41.375699+00:00,,,,,,,
standardized,dbs,RUB,SGD,RUB/SGD,100,SGD 50 – 200,amtBtw50And200,SGD 50 – 200,std_50_200,mainCurrencies,2026-09-30 02:00:00,2026-09-29 18:00:16,2026-09-29T18:10:41.375699+00:00,,,,,,,
standardized,dbs,RUB,SGD,RUB/SGD,100,SGD < 50,amtLessThan50,SGD < 50,std_lt_50,mainCurrencies,2026-09-30 02:00:00,2026-09-29 18:00:16,2026-09-29T18:10:41.375699+00:00,,,,,,,
standardized,dbs,SAR,SGD,SAR/SGD,100,SGD 50 – 200,amtBtw50And200,"SGD 200 – 39,999.99",std_200_40k,otherCurrencies,2026-09-30 02:00:00,2026-09-29 18:00:16,2026-09-29T18:10:41.375699+00:00,34.4893,,34.06,,MAS,1.2604227833235402,
standardized,dbs,SAR,SGD,SAR/SGD,100,SGD 50 – 200,amtBtw50And200,"SGD 40,000 – 100,000",std_40k_100k,otherCurrencies,2026-09-30 02:00:00,2026-09-29 18:00:16,2026-09-29T18:10:41.375699+00:00,34.4893,,34.06,,MAS,1.2604227833235402,
standardized,dbs,SAR,SGD,SAR/SGD,100,SGD 50 – 200,amtBtw50And200,SGD 50 – 200,std_50_200,otherCurrencies,2026-09-30 02:00:00,2026-09-29 18:00:16,2026-09-29T18:10:41.375699+00:00,34.4893,,34.06,,MAS,1.2604227833235402,
standardized,dbs,SAR,SGD,SAR/SGD,100,SGD < 50,amtLessThan50,SGD < 50,std_lt_50,otherCurrencies,2026-09-30 02:00:00,2026-09-29 18:00:16,2026-09-29T18:10:41.375699+00:00,34.4941,,34.06,,MAS,1.274515560775105,
standardized,dbs,SEK,SGD,SEK/SGD,1,SGD 50 – 200,amtBtw50And200,"SGD 200 – 39,999.99",std_200_40k,mainCurrencies,2026-09-30 02:00:00,2026-09-29 18:00:16,2026-09-29T18:10:41.375699+00:00,0.1293,0.1258,,0.12755,,,
standardized,dbs,SEK,SGD,SEK/SGD,1,SGD 50 – 200,amtBtw50And200,"SGD 40,000 – 100,000",std_40k_100k,mainCurrencies,2026-09-30 02:00:00,2026-09-29 18:00:16,2026-09-29T18:10:41.375699+00:00,0.1293,0.1258,,0.12755,,,
standardized,dbs,SEK,SGD,SEK/SGD,1,SGD 50 – 200,amtBtw50And200,SGD 50 – 200,std_50_200,mainCurrencies,2026-09-30 02:00:00,2026-09-29 18:00:16,2026-09-29T18:10:41.375699+00:00,0.1293,0.1258,,0.12755,,,
standardized,dbs,SEK,SGD,SEK/SGD,1,SGD < 50,amtLessThan50,SGD < 50,std_lt_50,mainCurrencies,2026-09-30 02:00:00,2026-09-29 18:00:16,2026-09-29T18:10:41.375699+00:00,0.1298,0.1253,,0.12755,,,
standardized,dbs,THB,SGD,THB/SGD,100,SGD 50 – 200,amtBtw50And200,"SGD 200 – 39,999.99",std_200_40k,mainCurrencies,2026-09-30 02:00:00,2026-09-29 18:00:16,2026-09-29T18:10:41.375699+00:00,3.8653,3.7498,3.8007,3.80755,MAS,1.6996868997816188,1.3392269845028533
standardized,dbs,THB,SGD,THB/SGD,100,SGD 50 – 200,amtBtw50And200,"SGD 40,000 – 100,000",std_40k_100k,mainCurrencies,2026-09-30 02:00:00,2026-09-29 18:00:16,2026-09-29T18:10:41.375699+00:00,3.8653,3.7498,3.8007,3.80755,MAS,1.6996868997816188,1.3392269845028533
standardized,dbs,THB,SGD,THB/SGD,100,SGD 50 – 200,amtBtw50And200,SGD 50 – 200,std_50_200,mainCurrencies,2026-09-30 02:00:00,2026-09-29 18:00:16,2026-09-29T18:10:41.375699+00:00,3.8653,3.7498,3.8007,3.80755,MAS,1.6996868997816188,1.3392269845028533
standardized,dbs,THB,SGD,THB/SGD,100,SGD < 50,amtLessThan50,SGD < 50,std_lt_50,mainCurrencies,2026-09-30 02:00:00,2026-09-29 18:00:16,2026-09-29T18:10:41.375699+00:00,3.87,3.7461,3.8007,3.80805,MAS,1.8233483305706881,1.436577472570836
standardized,dbs,TND,SGD,TND/SGD,1,SGD 50 – 200,amtBtw50And200,"SGD 200 – 39,999.99",std_200_40k,otherCurrencies,2026-09-30 02:00:00,2026-09-29 18:00:16,2026-09-29T18:10:41.375699+00:00,0.4388,,,,,,
standardized,dbs,TND,SGD,TND/SGD,1,SGD 50 – 200,amtBtw50And200,"SGD 40,000 – 100,000",std_40k_100k,otherCurrencies,2026-09-30 02:00:00,2026-09-29 18:00:16,2026-09-29T18:10:41.375699+00:00,0.4388,,,,,,
standardized,dbs,TND,SGD,TND/SGD,1,SGD 50 – 200,amtBtw50And200,SGD 50 – 200,std_50_200,otherCurrencies,2026-09-30 02:00:00,2026-09-29 18:00:16,2026-09-29T18:10:41.375699+00:00,0.4388,,,,,,
standardized,dbs,TND,SGD,TND/SGD,1,SGD < 50,amtLessThan50,SGD < 50,std_lt_50,otherCurrencies,2026-09-30 02:00:00,2026-09-29 18:00:16,2026-09-29T18:10:41.375699+00:00,0.4388,,,,,,
standardized,dbs,TWD,SGD,TWD/SGD,100,SGD 50 – 200,amtBtw50And200,"SGD 200 – 39,999.99",std_200_40k,otherCurrencies,2026-09-30 02:00:00,2026-09-29 18:00:16,2026-09-29T18:10:41.375699+00:00,4.0609,,4.0155,,MAS,1.130618851948696,
standardized,dbs,TWD,SGD,TWD/SGD,100,SGD 50 – 200,amtBtw50And200,"SGD 40,000 – 100,000",std_40k_100k,otherCurrencies,2026-09-30 02:00:00,2026-09-29 18:00:16,2026-09-29T18:10:41.375699+00:00,4.0609,,4.0155,,MAS,1.130618851948696,
standardized,dbs,TWD,SGD,TWD/SGD,100,SGD 50 – 200,amtBtw50And200,SGD 50 – 200,std_50_200,otherCurrencies,2026-09-30 02:00:00,2026-09-29 18:00:16,2026-09-29T18:10:41.375699+00:00,4.0609,,4.0155,,MAS,1.130618851948696,
standardized,dbs,TWD,SGD,TWD/SGD,100,SGD < 50,amtLessThan50,SGD < 50,std_lt_50,otherCurrencies,2026-09-30 02:00:00,2026-09-29 18:00:16,2026-09-29T18:10:41.375699+00:00,4.0655,,4.0155,,MAS,1.2451749470800604,
standardized,dbs,USD,SGD,USD/SGD,1,SGD 50 – 200,amtBtw50And200,"SGD 200 – 39,999.99",std_200_40k,mainCurrencies,2026-09-30 02:00:00,2026-09-29 18:00:16,2026-09-29T18:10:41.375699+00:00,1.2898,1.2684,1.2786,1.2791000000000001,MAS,0.875958079149077,0.7977475363679013
standardized,dbs,USD,SGD,USD/SGD,1,SGD 50 – 200,amtBtw50And200,"SGD 40,000 – 100,000",std_40k_100k,mainCurrencies,2026-09-30 02:00:00,2026-09-29 18:00:16,2026-09-29T18:10:41.375699+00:00,1.2898,1.2684,1.2786,1.2791000000000001,MAS,0.875958079149077,0.7977475363679013
standardized,dbs,USD,SGD,USD/SGD,1,SGD 50 – 200,amtBtw50And200,SGD 50 – 200,std_50_200,mainCurrencies,2026-09-30 02:00:00,2026-09-29 18:00:16,2026-09-29T18:10:41.375699+00:00,1.2898,1.2684,1.2786,1.2791000000000001,MAS,0.875958079149077,0.7977475363679013
standardized,dbs,USD,SGD,USD/SGD,1,SGD < 50,amtLessThan50,SGD < 50,std_lt_50,mainCurrencies,2026-09-30 02:00:00,2026-09-29 18:00:16,2026-09-29T18:10:41.375699+00:00,1.2908,1.2676,1.2786,1.2792,MAS,0.9541686219302353,0.860315970592828
standardized,dbs,VND,SGD,VND/SGD,100,SGD 50 – 200,amtBtw50And200,"SGD 200 – 39,999.99",std_200_40k,otherCurrencies,2026-09-30 02:00:00,2026-09-29 18:00:16,2026-09-29T18:10:41.375699+00:00,0.0051,,0.004923,,MAS,3.5953686776355895,
standardized,dbs,VND,SGD,VND/SGD,100,SGD 50 – 200,amtBtw50And200,"SGD 40,000 – 100,000",std_40k_100k,otherCurrencies,2026-09-30 02:00:00,2026-09-29 18:00:16,2026-09-29T18:10:41.375699+00:00,0.0051,,0.004923,,MAS,3.5953686776355895,
standardized,dbs,VND,SGD,VND/SGD,100,SGD 50 – 200,amtBtw50And200,SGD 50 – 200,std_50_200,otherCurrencies,2026-09-30 02:00:00,2026-09-29 18:00:16,2026-09-29T18:10:41.375699+00:00,0.0051,,0.004923,,MAS,3.5953686776355895,
standardized,dbs,VND,SGD,VND/SGD,100,SGD < 50,amtLessThan50,SGD < 50,std_lt_50,otherCurrencies,2026-09-30 02:00:00,2026-09-29 18:00:16,2026-09-29T18:10:41.375699+00:00,0.0051,,0.004923,,MAS,3.5953686776355895,
standardized,dbs,XAU,SGD,XAU/SGD,1,SGD 50 – 200,amtBtw50And200,"SGD 200 – 39,999.99",std_200_40k,otherCurrencies,2026-09-30 02:00:00,2026-09-29 18:00:16,2026-09-29T18:10:41.375699+00:00,5337.299,5272.699,,5304.999,,,
standardized,dbs,XAU,SGD,XAU/SGD,1,SGD 50 – 200,amtBtw50And200,"SGD 40,000 – 100,000",std_40k_100k,otherCurrencies,2026-09-30 02:00:00,2026-09-29 18:00:16,2026-09-29T18:10:41.375699+00:00,5337.299,5272.699,,5304.999,,,
standardized,dbs,XAU,SGD,XAU/SGD,1,SGD 50 – 200,amtBtw50And200,SGD 50 – 200,std_50_200,otherCurrencies,2026-09-30 02:00:00,2026-09-29 18:00:16,2026-09-29T18:10:41.375699+00:00,5337.299,5272.699,,5304.999,,,
standardized,dbs,XAU,SGD,XAU/SGD,1,SGD < 50,amtLessThan50,SGD < 50,std_lt_50,otherCurrencies,2026-09-30 02:00:00,2026-09-29 18:00:16,2026-09-29T18:10:41.375699+00:00,5336.012,5271.398,,5303.705,,,
standardized,dbs,ZAR,SGD,ZAR/SGD,1,SGD 50 – 200,amtBtw50And200,"SGD 200 – 39,999.99",std_200_40k,otherCurrencies,2026-09-30 02:00:00,2026-09-29 18:00:16,2026-09-29T18:10:41.375699+00:00,0.0787,0.0767,,0.0777,,,
standardized,dbs,ZAR,SGD,ZAR/SGD,1,SGD 50 – 200,amtBtw50And200,"SGD 40,000 – 100,000",std_40k_100k,otherCurrencies,2026-09-30 02:00:00,2026-09-29 18:00:16,2026-09-29T18:10:41.375699+00:00,0.0787,0.0767,,0.0777,,,
standardized,dbs,ZAR,SGD,ZAR/SGD,1,SGD 50 – 200,amtBtw50And200,SGD 50 – 200,std_50_200,otherCurrencies,2026-09-30 02:00:00,2026-09-29 18:00:16,2026-09-29T18:10:41.375699+00:00,0.0787,0.0767,,0.0777,,,
standardized,dbs,ZAR,SGD,ZAR/SGD,1,SGD < 50,amtLessThan50,SGD < 50,std_lt_50,otherCurrencies,2026-09-30 02:00:00,2026-09-29 18:00:16,2026-09-29T18:10:41.375699+00:00,0.079,0.0764,,0.07769999999999999,,,
standardized,hsbc,AED,SGD,AED/SGD,100,Indicative board,board,"SGD 200 – 39,999.99",std_200_40k,indicative_fx,2026-9-29,2026-9-29,2026-09-29T18:10:45.521344+00:00,35.93,33.66,34.81,34.795,MAS,3.217466245331794,3.303648376903205
standardized,hsbc,AED,SGD,AED/SGD,100,Indicative board,board,"SGD 40,000 – 100,000",std_40k_100k,indicative_fx,2026-9-29,2026-9-29,2026-09-29T18:10:45.521344+00:00,35.93,33.66,34.81,34.795,MAS,3.217466245331794,3.303648376903205
standardized,hsbc,AED,SGD,AED/SGD,100,Indicative board,board,SGD 50 – 200,std_50_200,indicative_fx,2026-9-29,2026-9-29,2026-09-29T18:10:45.521344+00:00,35.93,33.66,34.81,34.795,MAS,3.217466245331794,3.303648376903205
standardized,hsbc,AED,SGD,AED/SGD,100,Indicative board,board,SGD < 50,std_lt_50,indicative_fx,2026-9-29,2026-9-29,2026-09-29T18:10:45.521344+00:00,35.93,33.66,34.81,34.795,MAS,3.217466245331794,3.303648376903205
standardized,hsbc,AUD,SGD,AUD/SGD,1,Indicative board,board,"SGD 200 – 39,999.99",std_200_40k,indicative_fx,2026-9-29,2026-9-29,2026-09-29T18:10:45.521344+00:00,0.9228,0.8689,0.8965000000000001,0.89585,MAS,2.9336307863915088,3.0786391522587917
standardized,hsbc,AUD,SGD,AUD/SGD,1,Indicative board,board,"SGD 40,000 – 100,000",std_40k_100k,indicative_fx,2026-9-29,2026-9-29,2026-09-29T18:10:45.521344+00:00,0.9228,0.8689,0.8965000000000001,0.89585,MAS,2.9336307863915088,3.0786391522587917
standardized,hsbc,AUD,SGD,AUD/SGD,1,Indicative board,board,SGD 50 – 200,std_50_200,indicative_fx,2026-9-29,2026-9-29,2026-09-29T18:10:45.521344+00:00,0.9228,0.8689,0.8965000000000001,0.89585,MAS,2.9336307863915088,3.0786391522587917
standardized,hsbc,AUD,SGD,AUD/SGD,1,Indicative board,board,SGD < 50,std_lt_50,indicative_fx,2026-9-29,2026-9-29,2026-09-29T18:10:45.521344+00:00,0.9228,0.8689,0.8965000000000001,0.89585,MAS,2.9336307863915088,3.0786391522587917
standardized,hsbc,CAD,SGD,CAD/SGD,1,Indicative board,board,"SGD 200 – 39,999.99",std_200_40k,indicative_fx,2026-9-29,2026-9-29,2026-09-29T18:10:45.521344+00:00,0.928,0.8739,0.9014,0.90095,MAS,2.9509651652984323,3.050809851342353
standardized,hsbc,CAD,SGD,CAD/SGD,1,Indicative board,board,"SGD 40,000 – 100,000",std_40k_100k,indicative_fx,2026-9-29,2026-9-29,2026-09-29T18:10:45.521344+00:00,0.928,0.8739,0.9014,0.90095,MAS,2.9509651652984323,3.050809851342353
standardized,hsbc,CAD,SGD,CAD/SGD,1,Indicative board,board,SGD 50 – 200,std_50_200,indicative_fx,2026-9-29,2026-9-29,2026-09-29T18:10:45.521344+00:00,0.928,0.8739,0.9014,0.90095,MAS,2.9509651652984323,3.050809851342353
standardized,hsbc,CAD,SGD,CAD/SGD,1,Indicative board,board,SGD < 50,std_lt_50,indicative_fx,2026-9-29,2026-9-29,2026-09-29T18:10:45.521344+00:00,0.928,0.8739,0.9014,0.90095,MAS,2.9509651652984323,3.050809851342353
standardized,hsbc,CHF,SGD,CHF/SGD,100,Indicative board,board,"SGD 200 – 39,999.99",std_200_40k,indicative_fx,2026-9-29,2026-9-29,2026-09-29T18:10:45.521344+00:00,158.14,148.9,153.5,153.51999999999998,MAS,3.022801302931587,2.9967426710097684
standardized,hsbc,CHF,SGD,CHF/SGD,100,Indicative board,board,"SGD 40,000 – 100,000",std_40k_100k,indicative_fx,2026-9-29,2026-9-29,2026-09-29T18:10:45.521344+00:00,158.14,148.9,153.5,153.51999999999998,MAS,3.022801302931587,2.9967426710097684
standardized,hsbc,CHF,SGD,CHF/SGD,100,Indicative board,board,SGD 50 – 200,std_50_200,indicative_fx,2026-9-29,2026-9-29,2026-09-29T18:10:45.521344+00:00,158.14,148.9,153.5,153.51999999999998,MAS,3.022801302931587,2.9967426710097684
standardized,hsbc,CHF,SGD,CHF/SGD,100,Indicative board,board,SGD < 50,std_lt_50,indicative_fx,2026-9-29,2026-9-29,2026-09-29T18:10:45.521344+00:00,158.14,148.9,153.5,153.51999999999998,MAS,3.022801302931587,2.9967426710097684
standardized,hsbc,CNY,SGD,CNY/SGD,100,Indicative board,board,"SGD 200 – 39,999.99",std_200_40k,indicative_fx,2026-9-29,2026-9-29,2026-09-29T18:10:45.521344+00:00,19.66,18.42,19.07,19.04,MAS,3.093864708966963,3.4084950183534275
standardized,hsbc,CNY,SGD,CNY/SGD,100,Indicative board,board,"SGD 40,000 – 100,000",std_40k_100k,indicative_fx,2026-9-29,2026-9-29,2026-09-29T18:10:45.521344+00:00,19.66,18.42,19.07,19.04,MAS,3.093864708966963,3.4084950183534275
standardized,hsbc,CNY,SGD,CNY/SGD,100,Indicative board,board,SGD 50 – 200,std_50_200,indicative_fx,2026-9-29,2026-9-29,2026-09-29T18:10:45.521344+00:00,19.66,18.42,19.07,19.04,MAS,3.093864708966963,3.4084950183534275
standardized,hsbc,CNY,SGD,CNY/SGD,100,Indicative board,board,SGD < 50,std_lt_50,indicative_fx,2026-9-29,2026-9-29,2026-09-29T18:10:45.521344+00:00,19.66,18.42,19.07,19.04,MAS,3.093864708966963,3.4084950183534275
standardized,hsbc,DKK,SGD,DKK/SGD,100,Indicative board,board,"SGD 200 – 39,999.99",std_200_40k,indicative_fx,2026-9-29,2026-9-29,2026-09-29T18:10:45.521344+00:00,20.01,18.84,,19.425,,,
standardized,hsbc,DKK,SGD,DKK/SGD,100,Indicative board,board,"SGD 40,000 – 100,000",std_40k_100k,indicative_fx,2026-9-29,2026-9-29,2026-09-29T18:10:45.521344+00:00,20.01,18.84,,19.425,,,
standardized,hsbc,DKK,SGD,DKK/SGD,100,Indicative board,board,SGD 50 – 200,std_50_200,indicative_fx,2026-9-29,2026-9-29,2026-09-29T18:10:45.521344+00:00,20.01,18.84,,19.425,,,
standardized,hsbc,DKK,SGD,DKK/SGD,100,Indicative board,board,SGD < 50,std_lt_50,indicative_fx,2026-9-29,2026-9-29,2026-09-29T18:10:45.521344+00:00,20.01,18.84,,19.425,,,
standardized,hsbc,EUR,SGD,EUR/SGD,1,Indicative board,board,"SGD 200 – 39,999.99",std_200_40k,indicative_fx,2026-9-29,2026-9-29,2026-09-29T18:10:45.521344+00:00,1.4959,1.4085,1.4525,1.4522,MAS,2.987951807228923,3.029259896729764
standardized,hsbc,EUR,SGD,EUR/SGD,1,Indicative board,board,"SGD 40,000 – 100,000",std_40k_100k,indicative_fx,2026-9-29,2026-9-29,2026-09-29T18:10:45.521344+00:00,1.4959,1.4085,1.4525,1.4522,MAS,2.987951807228923,3.029259896729764
standardized,hsbc,EUR,SGD,EUR/SGD,1,Indicative board,board,SGD 50 – 200,std_50_200,indicative_fx,2026-9-29,2026-9-29,2026-09-29T18:10:45.521344+00:00,1.4959,1.4085,1.4525,1.4522,MAS,2.987951807228923,3.029259896729764
standardized,hsbc,EUR,SGD,EUR/SGD,1,Indicative board,board,SGD < 50,std_lt_50,indicative_fx,2026-9-29,2026-9-29,2026-09-29T18:10:45.521344+00:00,1.4959,1.4085,1.4525,1.4522,MAS,2.987951807228923,3.029259896729764
standardized,hsbc,FJD,SGD,FJD/SGD,1,Indicative board,board,"SGD 200 – 39,999.99",std_200_40k,indicative_fx,2026-9-29,2026-9-29,2026-09-29T18:10:45.521344+00:00,0.5967,,,,,,
standardized,hsbc,FJD,SGD,FJD/SGD,1,Indicative board,board,"SGD 40,000 – 100,000",std_40k_100k,indicative_fx,2026-9-29,2026-9-29,2026-09-29T18:10:45.521344+00:00,0.5967,,,,,,
standardized,hsbc,FJD,SGD,FJD/SGD,1,Indicative board,board,SGD 50 – 200,std_50_200,indicative_fx,2026-9-29,2026-9-29,2026-09-29T18:10:45.521344+00:00,0.5967,,,,,,
standardized,hsbc,FJD,SGD,FJD/SGD,1,Indicative board,board,SGD < 50,std_lt_50,indicative_fx,2026-9-29,2026-9-29,2026-09-29T18:10:45.521344+00:00,0.5967,,,,,,
standardized,hsbc,GBP,SGD,GBP/SGD,1,Indicative board,board,"SGD 200 – 39,999.99",std_200_40k,indicative_fx,2026-9-29,2026-9-29,2026-09-29T18:10:45.521344+00:00,1.7436,1.6417,1.6928,1.69265,MAS,3.0009451795841184,3.018667296786398
standardized,hsbc,GBP,SGD,GBP/SGD,1,Indicative board,board,"SGD 40,000 – 100,000",std_40k_100k,indicative_fx,2026-9-29,2026-9-29,2026-09-29T18:10:45.521344+00:00,1.7436,1.6417,1.6928,1.69265,MAS,3.0009451795841184,3.018667296786398
standardized,hsbc,GBP,SGD,GBP/SGD,1,Indicative board,board,SGD 50 – 200,std_50_200,indicative_fx,2026-9-29,2026-9-29,2026-09-29T18:10:45.521344+00:00,1.7436,1.6417,1.6928,1.69265,MAS,3.0009451795841184,3.018667296786398
standardized,hsbc,GBP,SGD,GBP/SGD,1,Indicative board,board,SGD < 50,std_lt_50,indicative_fx,2026-9-29,2026-9-29,2026-09-29T18:10:45.521344+00:00,1.7436,1.6417,1.6928,1.69265,MAS,3.0009451795841184,3.018667296786398
standardized,hsbc,HKD,SGD,HKD/SGD,100,Indicative board,board,"SGD 200 – 39,999.99",std_200_40k,indicative_fx,2026-9-29,2026-9-29,2026-09-29T18:10:45.521344+00:00,16.49,16.08,16.3,16.284999999999997,MAS,1.165644171779127,1.3496932515337572
standardized,hsbc,HKD,SGD,HKD/SGD,100,Indicative board,board,"SGD 40,000 – 100,000",std_40k_100k,indicative_fx,2026-9-29,2026-9-29,2026-09-29T18:10:45.521344+00:00,16.49,16.08,16.3,16.284999999999997,MAS,1.165644171779127,1.3496932515337572
standardized,hsbc,HKD,SGD,HKD/SGD,100,Indicative board,board,SGD 50 – 200,std_50_200,indicative_fx,2026-9-29,2026-9-29,2026-09-29T18:10:45.521344+00:00,16.49,16.08,16.3,16.284999999999997,MAS,1.165644171779127,1.3496932515337572
standardized,hsbc,HKD,SGD,HKD/SGD,100,Indicative board,board,SGD < 50,std_lt_50,indicative_fx,2026-9-29,2026-9-29,2026-09-29T18:10:45.521344+00:00,16.49,16.08,16.3,16.284999999999997,MAS,1.165644171779127,1.3496932515337572
standardized,hsbc,IDR,SGD,IDR/SGD,100,Indicative board,board,"SGD 200 – 39,999.99",std_200_40k,indicative_fx,2026-9-29,2026-9-29,2026-09-29T18:10:45.521344+00:00,0.0073,,0.007105,,MAS,2.744546094299787,
standardized,hsbc,IDR,SGD,IDR/SGD,100,Indicative board,board,"SGD 40,000 – 100,000",std_40k_100k,indicative_fx,2026-9-29,2026-9-29,2026-09-29T18:10:45.521344+00:00,0.0073,,0.007105,,MAS,2.744546094299787,
standardized,hsbc,IDR,SGD,IDR/SGD,100,Indicative board,board,SGD 50 – 200,std_50_200,indicative_fx,2026-9-29,2026-9-29,2026-09-29T18:10:45.521344+00:00,0.0073,,0.007105,,MAS,2.744546094299787,
standardized,hsbc,IDR,SGD,IDR/SGD,100,Indicative board,board,SGD < 50,std_lt_50,indicative_fx,2026-9-29,2026-9-29,2026-09-29T18:10:45.521344+00:00,0.0073,,0.007105,,MAS,2.744546094299787,
standardized,hsbc,INR,SGD,INR/SGD,100,Indicative board,board,"SGD 200 – 39,999.99",std_200_40k,indicative_fx,2026-9-29,2026-9-29,2026-09-29T18:10:45.521344+00:00,1.37,,1.33,,MAS,3.0075187969924837,
standardized,hsbc,INR,SGD,INR/SGD,100,Indicative board,board,"SGD 40,000 – 100,000",std_40k_100k,indicative_fx,2026-9-29,2026-9-29,2026-09-29T18:10:45.521344+00:00,1.37,,1.33,,MAS,3.0075187969924837,
standardized,hsbc,INR,SGD,INR/SGD,100,Indicative board,board,SGD 50 – 200,std_50_200,indicative_fx,2026-9-29,2026-9-29,2026-09-29T18:10:45.521344+00:00,1.37,,1.33,,MAS,3.0075187969924837,
standardized,hsbc,INR,SGD,INR/SGD,100,Indicative board,board,SGD < 50,std_lt_50,indicative_fx,2026-9-29,2026-9-29,2026-09-29T18:10:45.521344+00:00,1.37,,1.33,,MAS,3.0075187969924837,
standardized,hsbc,JPY,SGD,JPY/SGD,100,Indicative board,board,"SGD 200 – 39,999.99",std_200_40k,indicative_fx,2026-9-29,2026-9-29,2026-09-29T18:10:45.521344+00:00,0.836,0.7872,0.8122,0.8116,MAS,2.9303127308544608,3.0780595912336888
standardized,hsbc,JPY,SGD,JPY/SGD,100,Indicative board,board,"SGD 40,000 – 100,000",std_40k_100k,indicative_fx,2026-9-29,2026-9-29,2026-09-29T18:10:45.521344+00:00,0.836,0.7872,0.8122,0.8116,MAS,2.9303127308544608,3.0780595912336888
standardized,hsbc,JPY,SGD,JPY/SGD,100,Indicative board,board,SGD 50 – 200,std_50_200,indicative_fx,2026-9-29,2026-9-29,2026-09-29T18:10:45.521344+00:00,0.836,0.7872,0.8122,0.8116,MAS,2.9303127308544608,3.0780595912336888
standardized,hsbc,JPY,SGD,JPY/SGD,100,Indicative board,board,SGD < 50,std_lt_50,indicative_fx,2026-9-29,2026-9-29,2026-09-29T18:10:45.521344+00:00,0.836,0.7872,0.8122,0.8116,MAS,2.9303127308544608,3.0780595912336888
standardized,hsbc,LKR,SGD,LKR/SGD,100,Indicative board,board,"SGD 200 – 39,999.99",std_200_40k,indicative_fx,2026-9-29,2026-9-29,2026-09-29T18:10:45.521344+00:00,0.4,,,,,,
standardized,hsbc,LKR,SGD,LKR/SGD,100,Indicative board,board,"SGD 40,000 – 100,000",std_40k_100k,indicative_fx,2026-9-29,2026-9-29,2026-09-29T18:10:45.521344+00:00,0.4,,,,,,
standardized,hsbc,LKR,SGD,LKR/SGD,100,Indicative board,board,SGD 50 – 200,std_50_200,indicative_fx,2026-9-29,2026-9-29,2026-09-29T18:10:45.521344+00:00,0.4,,,,,,
standardized,hsbc,LKR,SGD,LKR/SGD,100,Indicative board,board,SGD < 50,std_lt_50,indicative_fx,2026-9-29,2026-9-29,2026-09-29T18:10:45.521344+00:00,0.4,,,,,,
standardized,hsbc,MUR,SGD,MUR/SGD,100,Indicative board,board,"SGD 200 – 39,999.99",std_200_40k,indicative_fx,2026-9-29,2026-9-29,2026-09-29T18:10:45.521344+00:00,2.79,2.6,,2.6950000000000003,,,
standardized,hsbc,MUR,SGD,MUR/SGD,100,Indicative board,board,"SGD 40,000 – 100,000",std_40k_100k,indicative_fx,2026-9-29,2026-9-29,2026-09-29T18:10:45.521344+00:00,2.79,2.6,,2.6950000000000003,,,
standardized,hsbc,MUR,SGD,MUR/SGD,100,Indicative board,board,SGD 50 – 200,std_50_200,indicative_fx,2026-9-29,2026-9-29,2026-09-29T18:10:45.521344+00:00,2.79,2.6,,2.6950000000000003,,,
standardized,hsbc,MUR,SGD,MUR/SGD,100,Indicative board,board,SGD < 50,std_lt_50,indicative_fx,2026-9-29,2026-9-29,2026-09-29T18:10:45.521344+00:00,2.79,2.6,,2.6950000000000003,,,
standardized,hsbc,NOK,SGD,NOK/SGD,100,Indicative board,board,"SGD 200 – 39,999.99",std_200_40k,indicative_fx,2026-9-29,2026-9-29,2026-09-29T18:10:45.521344+00:00,13.79,12.98,,13.385,,,
standardized,hsbc,NOK,SGD,NOK/SGD,100,Indicative board,board,"SGD 40,000 – 100,000",std_40k_100k,indicative_fx,2026-9-29,2026-9-29,2026-09-29T18:10:45.521344+00:00,13.79,12.98,,13.385,,,
standardized,hsbc,NOK,SGD,NOK/SGD,100,Indicative board,board,SGD 50 – 200,std_50_200,indicative_fx,2026-9-29,2026-9-29,2026-09-29T18:10:45.521344+00:00,13.79,12.98,,13.385,,,
standardized,hsbc,NOK,SGD,NOK/SGD,100,Indicative board,board,SGD < 50,std_lt_50,indicative_fx,2026-9-29,2026-9-29,2026-09-29T18:10:45.521344+00:00,13.79,12.98,,13.385,,,
standardized,hsbc,NZD,SGD,NZD/SGD,1,Indicative board,board,"SGD 200 – 39,999.99",std_200_40k,indicative_fx,2026-9-29,2026-9-29,2026-09-29T18:10:45.521344+00:00,0.7447,0.7011,0.7240000000000001,0.7229,MAS,2.859116022099439,3.1629834254143843
standardized,hsbc,NZD,SGD,NZD/SGD,1,Indicative board,board,"SGD 40,000 – 100,000",std_40k_100k,indicative_fx,2026-9-29,2026-9-29,2026-09-29T18:10:45.521344+00:00,0.7447,0.7011,0.7240000000000001,0.7229,MAS,2.859116022099439,3.1629834254143843
standardized,hsbc,NZD,SGD,NZD/SGD,1,Indicative board,board,SGD 50 – 200,std_50_200,indicative_fx,2026-9-29,2026-9-29,2026-09-29T18:10:45.521344+00:00,0.7447,0.7011,0.7240000000000001,0.7229,MAS,2.859116022099439,3.1629834254143843
standardized,hsbc,NZD,SGD,NZD/SGD,1,Indicative board,board,SGD < 50,std_lt_50,indicative_fx,2026-9-29,2026-9-29,2026-09-29T18:10:45.521344+00:00,0.7447,0.7011,0.7240000000000001,0.7229,MAS,2.859116022099439,3.1629834254143843
standardized,hsbc,PHP,SGD,PHP/SGD,100,Indicative board,board,"SGD 200 – 39,999.99",std_200_40k,indicative_fx,2026-9-29,2026-9-29,2026-09-29T18:10:45.521344+00:00,2.11,,2.0468,,MAS,3.087746726597601,
standardized,hsbc,PHP,SGD,PHP/SGD,100,Indicative board,board,"SGD 40,000 – 100,000",std_40k_100k,indicative_fx,2026-9-29,2026-9-29,2026-09-29T18:10:45.521344+00:00,2.11,,2.0468,,MAS,3.087746726597601,
standardized,hsbc,PHP,SGD,PHP/SGD,100,Indicative board,board,SGD 50 – 200,std_50_200,indicative_fx,2026-9-29,2026-9-29,2026-09-29T18:10:45.521344+00:00,2.11,,2.0468,,MAS,3.087746726597601,
standardized,hsbc,PHP,SGD,PHP/SGD,100,Indicative board,board,SGD < 50,std_lt_50,indicative_fx,2026-9-29,2026-9-29,2026-09-29T18:10:45.521344+00:00,2.11,,2.0468,,MAS,3.087746726597601,
standardized,hsbc,PKR,SGD,PKR/SGD,100,Indicative board,board,"SGD 200 – 39,999.99",std_200_40k,indicative_fx,2026-9-29,2026-9-29,2026-09-29T18:10:45.521344+00:00,0.48,,,,,,
standardized,hsbc,PKR,SGD,PKR/SGD,100,Indicative board,board,"SGD 40,000 – 100,000",std_40k_100k,indicative_fx,2026-9-29,2026-9-29,2026-09-29T18:10:45.521344+00:00,0.48,,,,,,
standardized,hsbc,PKR,SGD,PKR/SGD,100,Indicative board,board,SGD 50 – 200,std_50_200,indicative_fx,2026-9-29,2026-9-29,2026-09-29T18:10:45.521344+00:00,0.48,,,,,,
standardized,hsbc,PKR,SGD,PKR/SGD,100,Indicative board,board,SGD < 50,std_lt_50,indicative_fx,2026-9-29,2026-9-29,2026-09-29T18:10:45.521344+00:00,0.48,,,,,,
standardized,hsbc,QAR,SGD,QAR/SGD,100,Indicative board,board,"SGD 200 – 39,999.99",std_200_40k,indicative_fx,2026-9-29,2026-9-29,2026-09-29T18:10:45.521344+00:00,35.5,34.62,35.08,35.06,MAS,1.1972633979475533,1.3112884834663652
standardized,hsbc,QAR,SGD,QAR/SGD,100,Indicative board,board,"SGD 40,000 – 100,000",std_40k_100k,indicative_fx,2026-9-29,2026-9-29,2026-09-29T18:10:45.521344+00:00,35.5,34.62,35.08,35.06,MAS,1.1972633979475533,1.3112884834663652
standardized,hsbc,QAR,SGD,QAR/SGD,100,Indicative board,board,SGD 50 – 200,std_50_200,indicative_fx,2026-9-29,2026-9-29,2026-09-29T18:10:45.521344+00:00,35.5,34.62,35.08,35.06,MAS,1.1972633979475533,1.3112884834663652
standardized,hsbc,QAR,SGD,QAR/SGD,100,Indicative board,board,SGD < 50,std_lt_50,indicative_fx,2026-9-29,2026-9-29,2026-09-29T18:10:45.521344+00:00,35.5,34.62,35.08,35.06,MAS,1.1972633979475533,1.3112884834663652
standardized,hsbc,RUB,SGD,RUB/SGD,100,Indicative board,board,"SGD 200 – 39,999.99",std_200_40k,indicative_fx,2026-9-29,2026-9-29,2026-09-29T18:10:45.521344+00:00,15.89,14.37,,15.129999999999999,,,
standardized,hsbc,RUB,SGD,RUB/SGD,100,Indicative board,board,"SGD 40,000 – 100,000",std_40k_100k,indicative_fx,2026-9-29,2026-9-29,2026-09-29T18:10:45.521344+00:00,15.89,14.37,,15.129999999999999,,,
standardized,hsbc,RUB,SGD,RUB/SGD,100,Indicative board,board,SGD 50 – 200,std_50_200,indicative_fx,2026-9-29,2026-9-29,2026-09-29T18:10:45.521344+00:00,15.89,14.37,,15.129999999999999,,,
standardized,hsbc,RUB,SGD,RUB/SGD,100,Indicative board,board,SGD < 50,std_lt_50,indicative_fx,2026-9-29,2026-9-29,2026-09-29T18:10:45.521344+00:00,15.89,14.37,,15.129999999999999,,,
standardized,hsbc,SAR,SGD,SAR/SGD,100,Indicative board,board,"SGD 200 – 39,999.99",std_200_40k,indicative_fx,2026-9-29,2026-9-29,2026-09-29T18:10:45.521344+00:00,34.47,33.61,34.06,34.04,MAS,1.2037580739870717,1.3211978860833906
standardized,hsbc,SAR,SGD,SAR/SGD,100,Indicative board,board,"SGD 40,000 – 100,000",std_40k_100k,indicative_fx,2026-9-29,2026-9-29,2026-09-29T18:10:45.521344+00:00,34.47,33.61,34.06,34.04,MAS,1.2037580739870717,1.3211978860833906
standardized,hsbc,SAR,SGD,SAR/SGD,100,Indicative board,board,SGD 50 – 200,std_50_200,indicative_fx,2026-9-29,2026-9-29,2026-09-29T18:10:45.521344+00:00,34.47,33.61,34.06,34.04,MAS,1.2037580739870717,1.3211978860833906
standardized,hsbc,SAR,SGD,SAR/SGD,100,Indicative board,board,SGD < 50,std_lt_50,indicative_fx,2026-9-29,2026-9-29,2026-09-29T18:10:45.521344+00:00,34.47,33.61,34.06,34.04,MAS,1.2037580739870717,1.3211978860833906
standardized,hsbc,SEK,SGD,SEK/SGD,100,Indicative board,board,"SGD 200 – 39,999.99",std_200_40k,indicative_fx,2026-9-29,2026-9-29,2026-09-29T18:10:45.521344+00:00,13.21,12.43,,12.82,,,
standardized,hsbc,SEK,SGD,SEK/SGD,100,Indicative board,board,"SGD 40,000 – 100,000",std_40k_100k,indicative_fx,2026-9-29,2026-9-29,2026-09-29T18:10:45.521344+00:00,13.21,12.43,,12.82,,,
standardized,hsbc,SEK,SGD,SEK/SGD,100,Indicative board,board,SGD 50 – 200,std_50_200,indicative_fx,2026-9-29,2026-9-29,2026-09-29T18:10:45.521344+00:00,13.21,12.43,,12.82,,,
standardized,hsbc,SEK,SGD,SEK/SGD,100,Indicative board,board,SGD < 50,std_lt_50,indicative_fx,2026-9-29,2026-9-29,2026-09-29T18:10:45.521344+00:00,13.21,12.43,,12.82,,,
standardized,hsbc,THB,SGD,THB/SGD,100,Indicative board,board,"SGD 200 – 39,999.99",std_200_40k,indicative_fx,2026-9-29,2026-9-29,2026-09-29T18:10:45.521344+00:00,3.93,,3.8007,,MAS,3.402004893835351,
standardized,hsbc,THB,SGD,THB/SGD,100,Indicative board,board,"SGD 40,000 – 100,000",std_40k_100k,indicative_fx,2026-9-29,2026-9-29,2026-09-29T18:10:45.521344+00:00,3.93,,3.8007,,MAS,3.402004893835351,
standardized,hsbc,THB,SGD,THB/SGD,100,Indicative board,board,SGD 50 – 200,std_50_200,indicative_fx,2026-9-29,2026-9-29,2026-09-29T18:10:45.521344+00:00,3.93,,3.8007,,MAS,3.402004893835351,
standardized,hsbc,THB,SGD,THB/SGD,100,Indicative board,board,SGD < 50,std_lt_50,indicative_fx,2026-9-29,2026-9-29,2026-09-29T18:10:45.521344+00:00,3.93,,3.8007,,MAS,3.402004893835351,
standardized,hsbc,TRY,SGD,TRY/SGD,1,Indicative board,board,"SGD 200 – 39,999.99",std_200_40k,indicative_fx,2026-9-29,2026-9-29,2026-09-29T18:10:45.521344+00:00,0.0269,,,,,,
standardized,hsbc,TRY,SGD,TRY/SGD,1,Indicative board,board,"SGD 40,000 – 100,000",std_40k_100k,indicative_fx,2026-9-29,2026-9-29,2026-09-29T18:10:45.521344+00:00,0.0269,,,,,,
standardized,hsbc,TRY,SGD,TRY/SGD,1,Indicative board,board,SGD 50 – 200,std_50_200,indicative_fx,2026-9-29,2026-9-29,2026-09-29T18:10:45.521344+00:00,0.0269,,,,,,
standardized,hsbc,TRY,SGD,TRY/SGD,1,Indicative board,board,SGD < 50,std_lt_50,indicative_fx,2026-9-29,2026-9-29,2026-09-29T18:10:45.521344+00:00,0.0269,,,,,,
standardized,hsbc,USD,SGD,USD/SGD,1,Indicative board,board,"SGD 200 – 39,999.99",std_200_40k,indicative_fx,2026-9-29,2026-9-29,2026-09-29T18:10:45.521344+00:00,1.3037,1.2523,1.2786,1.278,MAS,1.963084623807299,2.056937275144689
standardized,hsbc,USD,SGD,USD/SGD,1,Indicative board,board,"SGD 40,000 – 100,000",std_40k_100k,indicative_fx,2026-9-29,2026-9-29,2026-09-29T18:10:45.521344+00:00,1.3037,1.2523,1.2786,1.278,MAS,1.963084623807299,2.056937275144689
standardized,hsbc,USD,SGD,USD/SGD,1,Indicative board,board,SGD 50 – 200,std_50_200,indicative_fx,2026-9-29,2026-9-29,2026-09-29T18:10:45.521344+00:00,1.3037,1.2523,1.2786,1.278,MAS,1.963084623807299,2.056937275144689
standardized,hsbc,USD,SGD,USD/SGD,1,Indicative board,board,SGD < 50,std_lt_50,indicative_fx,2026-9-29,2026-9-29,2026-09-29T18:10:45.521344+00:00,1.3037,1.2523,1.2786,1.278,MAS,1.963084623807299,2.056937275144689
standardized,hsbc,ZAR,SGD,ZAR/SGD,1,Indicative board,board,"SGD 200 – 39,999.99",std_200_40k,indicative_fx,2026-9-29,2026-9-29,2026-09-29T18:10:45.521344+00:00,0.0804,0.0753,,0.07785,,,
standardized,hsbc,ZAR,SGD,ZAR/SGD,1,Indicative board,board,"SGD 40,000 – 100,000",std_40k_100k,indicative_fx,2026-9-29,2026-9-29,2026-09-29T18:10:45.521344+00:00,0.0804,0.0753,,0.07785,,,
standardized,hsbc,ZAR,SGD,ZAR/SGD,1,Indicative board,board,SGD 50 – 200,std_50_200,indicative_fx,2026-9-29,2026-9-29,2026-09-29T18:10:45.521344+00:00,0.0804,0.0753,,0.07785,,,
standardized,hsbc,ZAR,SGD,ZAR/SGD,1,Indicative board,board,SGD < 50,std_lt_50,indicative_fx,2026-9-29,2026-9-29,2026-09-29T18:10:45.521344+00:00,0.0804,0.0753,,0.07785,,,
standardized,ocbc,AED,SGD,AED/SGD,100,"SGD 0 – 39,999.99",tier_1,"SGD 200 – 39,999.99",std_200_40k,fxRatesSgd,2026-09-29T07:00:12,2026-09-29T07:00:12,2026-09-29T18:10:43.054516+00:00,35.6842,33.6659,34.81,34.6751,MAS,2.5113473139902176,3.2866992243608206
standardized,ocbc,AED,SGD,AED/SGD,100,"SGD 40,000 – 100,000",tier_2,"SGD 40,000 – 100,000",std_40k_100k,fxRatesSgd,2026-09-29T07:00:12,2026-09-29T07:00:12,2026-09-29T18:10:43.054516+00:00,35.6737,33.6831,34.81,34.6751,MAS,2.4811835679402305,3.237288135593218
standardized,ocbc,AED,SGD,AED/SGD,100,"SGD 0 – 39,999.99",tier_1,SGD 50 – 200,std_50_200,fxRatesSgd,2026-09-29T07:00:12,2026-09-29T07:00:12,2026-09-29T18:10:43.054516+00:00,35.6842,33.6659,34.81,34.6751,MAS,2.5113473139902176,3.2866992243608206
standardized,ocbc,AED,SGD,AED/SGD,100,"SGD 0 – 39,999.99",tier_1,SGD < 50,std_lt_50,fxRatesSgd,2026-09-29T07:00:12,2026-09-29T07:00:12,2026-09-29T18:10:43.054516+00:00,35.6842,33.6659,34.81,34.6751,MAS,2.5113473139902176,3.2866992243608206
standardized,ocbc,AUD,SGD,AUD/SGD,1,"SGD 0 – 39,999.99",tier_1,"SGD 200 – 39,999.99",std_200_40k,fxRatesSgd,2026-09-29T07:00:12,2026-09-29T07:00:12,2026-09-29T18:10:43.054516+00:00,0.9104,0.8816,0.8965000000000001,0.896,MAS,1.5504740658114793,1.6620189626324622
standardized,ocbc,AUD,SGD,AUD/SGD,1,"SGD 40,000 – 100,000",tier_2,"SGD 40,000 – 100,000",std_40k_100k,fxRatesSgd,2026-09-29T07:00:12,2026-09-29T07:00:12,2026-09-29T18:10:43.054516+00:00,0.9086,0.8834,0.8965000000000001,0.896,MAS,1.3496932515337299,1.4612381483547252
standardized,ocbc,AUD,SGD,AUD/SGD,1,"SGD 0 – 39,999.99",tier_1,SGD 50 – 200,std_50_200,fxRatesSgd,2026-09-29T07:00:12,2026-09-29T07:00:12,2026-09-29T18:10:43.054516+00:00,0.9104,0.8816,0.8965000000000001,0.896,MAS,1.5504740658114793,1.6620189626324622
standardized,ocbc,AUD,SGD,AUD/SGD,1,"SGD 0 – 39,999.99",tier_1,SGD < 50,std_lt_50,fxRatesSgd,2026-09-29T07:00:12,2026-09-29T07:00:12,2026-09-29T18:10:43.054516+00:00,0.9104,0.8816,0.8965000000000001,0.896,MAS,1.5504740658114793,1.6620189626324622
standardized,ocbc,BGN,SGD,BGN/SGD,100,"SGD 0 – 39,999.99",tier_1,"SGD 200 – 39,999.99",std_200_40k,fxRatesSgd,2026-09-29T07:00:12,2026-09-29T07:00:12,2026-09-29T18:10:43.054516+00:00,0.0,0.0,,0.0,,,
standardized,ocbc,BGN,SGD,BGN/SGD,100,"SGD 40,000 – 100,000",tier_2,"SGD 40,000 – 100,000",std_40k_100k,fxRatesSgd,2026-09-29T07:00:12,2026-09-29T07:00:12,2026-09-29T18:10:43.054516+00:00,0.0,0.0,,0.0,,,
standardized,ocbc,BGN,SGD,BGN/SGD,100,"SGD 0 – 39,999.99",tier_1,SGD 50 – 200,std_50_200,fxRatesSgd,2026-09-29T07:00:12,2026-09-29T07:00:12,2026-09-29T18:10:43.054516+00:00,0.0,0.0,,0.0,,,
standardized,ocbc,BGN,SGD,BGN/SGD,100,"SGD 0 – 39,999.99",tier_1,SGD < 50,std_lt_50,fxRatesSgd,2026-09-29T07:00:12,2026-09-29T07:00:12,2026-09-29T18:10:43.054516+00:00,0.0,0.0,,0.0,,,
standardized,ocbc,BHD,SGD,BHD/SGD,1,"SGD 0 – 39,999.99",tier_1,"SGD 200 – 39,999.99",std_200_40k,fxRatesSgd,2026-09-29T07:00:12,2026-09-29T07:00:12,2026-09-29T18:10:43.054516+00:00,0.0,0.0,,0.0,,,
standardized,ocbc,BHD,SGD,BHD/SGD,1,"SGD 40,000 – 100,000",tier_2,"SGD 40,000 – 100,000",std_40k_100k,fxRatesSgd,2026-09-29T07:00:12,2026-09-29T07:00:12,2026-09-29T18:10:43.054516+00:00,0.0,0.0,,0.0,,,
standardized,ocbc,BHD,SGD,BHD/SGD,1,"SGD 0 – 39,999.99",tier_1,SGD 50 – 200,std_50_200,fxRatesSgd,2026-09-29T07:00:12,2026-09-29T07:00:12,2026-09-29T18:10:43.054516+00:00,0.0,0.0,,0.0,,,
standardized,ocbc,BHD,SGD,BHD/SGD,1,"SGD 0 – 39,999.99",tier_1,SGD < 50,std_lt_50,fxRatesSgd,2026-09-29T07:00:12,2026-09-29T07:00:12,2026-09-29T18:10:43.054516+00:00,0.0,0.0,,0.0,,,
standardized,ocbc,CAD,SGD,CAD/SGD,1,"SGD 0 – 39,999.99",tier_1,"SGD 200 – 39,999.99",std_200_40k,fxRatesSgd,2026-09-29T07:00:12,2026-09-29T07:00:12,2026-09-29T18:10:43.054516+00:00,0.9165,0.884,0.9014,0.9003,MAS,1.6751719547370758,1.9303305968493425
standardized,ocbc,CAD,SGD,CAD/SGD,1,"SGD 40,000 – 100,000",tier_2,"SGD 40,000 – 100,000",std_40k_100k,fxRatesSgd,2026-09-29T07:00:12,2026-09-29T07:00:12,2026-09-29T18:10:43.054516+00:00,0.9146,0.8858,0.9014,0.9003,MAS,1.46438872864433,1.7306412247614762
standardized,ocbc,CAD,SGD,CAD/SGD,1,"SGD 0 – 39,999.99",tier_1,SGD 50 – 200,std_50_200,fxRatesSgd,2026-09-29T07:00:12,2026-09-29T07:00:12,2026-09-29T18:10:43.054516+00:00,0.9165,0.884,0.9014,0.9003,MAS,1.6751719547370758,1.9303305968493425
standardized,ocbc,CAD,SGD,CAD/SGD,1,"SGD 0 – 39,999.99",tier_1,SGD < 50,std_lt_50,fxRatesSgd,2026-09-29T07:00:12,2026-09-29T07:00:12,2026-09-29T18:10:43.054516+00:00,0.9165,0.884,0.9014,0.9003,MAS,1.6751719547370758,1.9303305968493425
standardized,ocbc,CHF,SGD,CHF/SGD,100,"SGD 0 – 39,999.99",tier_1,"SGD 200 – 39,999.99",std_200_40k,fxRatesSgd,2026-09-29T07:00:12,2026-09-29T07:00:12,2026-09-29T18:10:43.054516+00:00,156.11,150.5697,153.5,153.3399,MAS,1.7003257328990318,1.9089902280130215
standardized,ocbc,CHF,SGD,CHF/SGD,100,"SGD 40,000 – 100,000",tier_2,"SGD 40,000 – 100,000",std_40k_100k,fxRatesSgd,2026-09-29T07:00:12,2026-09-29T07:00:12,2026-09-29T18:10:43.054516+00:00,155.8033,150.8764,153.5,153.3399,MAS,1.500521172638441,1.7091856677524497
standardized,ocbc,CHF,SGD,CHF/SGD,100,"SGD 0 – 39,999.99",tier_1,SGD 50 – 200,std_50_200,fxRatesSgd,2026-09-29T07:00:12,2026-09-29T07:00:12,2026-09-29T18:10:43.054516+00:00,156.11,150.5697,153.5,153.3399,MAS,1.7003257328990318,1.9089902280130215
standardized,ocbc,CHF,SGD,CHF/SGD,100,"SGD 0 – 39,999.99",tier_1,SGD < 50,std_lt_50,fxRatesSgd,2026-09-29T07:00:12,2026-09-29T07:00:12,2026-09-29T18:10:43.054516+00:00,156.11,150.5697,153.5,153.3399,MAS,1.7003257328990318,1.9089902280130215
standardized,ocbc,CNH,SGD,CNH/SGD,100,"SGD 0 – 39,999.99",tier_1,"SGD 200 – 39,999.99",std_200_40k,fxRatesSgd,2026-09-29T07:00:12,2026-09-29T07:00:12,2026-09-29T18:10:43.054516+00:00,19.3989,18.826,,19.1125,,,
standardized,ocbc,CNH,SGD,CNH/SGD,100,"SGD 40,000 – 100,000",tier_2,"SGD 40,000 – 100,000",std_40k_100k,fxRatesSgd,2026-09-29T07:00:12,2026-09-29T07:00:12,2026-09-29T18:10:43.054516+00:00,19.3798,18.845,,19.1125,,,
standardized,ocbc,CNH,SGD,CNH/SGD,100,"SGD 0 – 39,999.99",tier_1,SGD 50 – 200,std_50_200,fxRatesSgd,2026-09-29T07:00:12,2026-09-29T07:00:12,2026-09-29T18:10:43.054516+00:00,19.3989,18.826,,19.1125,,,
standardized,ocbc,CNH,SGD,CNH/SGD,100,"SGD 0 – 39,999.99",tier_1,SGD < 50,std_lt_50,fxRatesSgd,2026-09-29T07:00:12,2026-09-29T07:00:12,2026-09-29T18:10:43.054516+00:00,19.3989,18.826,,19.1125,,,
standardized,ocbc,CZK,SGD,CZK/SGD,100,"SGD 0 – 39,999.99",tier_1,"SGD 200 – 39,999.99",std_200_40k,fxRatesSgd,2026-09-29T07:00:12,2026-09-29T07:00:12,2026-09-29T18:10:43.054516+00:00,0.0,0.0,,0.0,,,
standardized,ocbc,CZK,SGD,CZK/SGD,100,"SGD 40,000 – 100,000",tier_2,"SGD 40,000 – 100,000",std_40k_100k,fxRatesSgd,2026-09-29T07:00:12,2026-09-29T07:00:12,2026-09-29T18:10:43.054516+00:00,0.0,0.0,,0.0,,,
standardized,ocbc,CZK,SGD,CZK/SGD,100,"SGD 0 – 39,999.99",tier_1,SGD 50 – 200,std_50_200,fxRatesSgd,2026-09-29T07:00:12,2026-09-29T07:00:12,2026-09-29T18:10:43.054516+00:00,0.0,0.0,,0.0,,,
standardized,ocbc,CZK,SGD,CZK/SGD,100,"SGD 0 – 39,999.99",tier_1,SGD < 50,std_lt_50,fxRatesSgd,2026-09-29T07:00:12,2026-09-29T07:00:12,2026-09-29T18:10:43.054516+00:00,0.0,0.0,,0.0,,,
standardized,ocbc,DKK,SGD,DKK/SGD,100,"SGD 0 – 39,999.99",tier_1,"SGD 200 – 39,999.99",std_200_40k,fxRatesSgd,2026-09-29T07:00:12,2026-09-29T07:00:12,2026-09-29T18:10:43.054516+00:00,19.7483,19.0482,,19.3983,,,
standardized,ocbc,DKK,SGD,DKK/SGD,100,"SGD 40,000 – 100,000",tier_2,"SGD 40,000 – 100,000",std_40k_100k,fxRatesSgd,2026-09-29T07:00:12,2026-09-29T07:00:12,2026-09-29T18:10:43.054516+00:00,19.7095,19.087,,19.3983,,,
standardized,ocbc,DKK,SGD,DKK/SGD,100,"SGD 0 – 39,999.99",tier_1,SGD 50 – 200,std_50_200,fxRatesSgd,2026-09-29T07:00:12,2026-09-29T07:00:12,2026-09-29T18:10:43.054516+00:00,19.7483,19.0482,,19.3983,,,
standardized,ocbc,DKK,SGD,DKK/SGD,100,"SGD 0 – 39,999.99",tier_1,SGD < 50,std_lt_50,fxRatesSgd,2026-09-29T07:00:12,2026-09-29T07:00:12,2026-09-29T18:10:43.054516+00:00,19.7483,19.0482,,19.3983,,,
standardized,ocbc,EUR,SGD,EUR/SGD,1,"SGD 0 – 39,999.99",tier_1,"SGD 200 – 39,999.99",std_200_40k,fxRatesSgd,2026-09-29T07:00:12,2026-09-29T07:00:12,2026-09-29T18:10:43.054516+00:00,1.4664,1.4304,1.4525,1.4484,MAS,0.956970740103272,1.5215146299483655
standardized,ocbc,EUR,SGD,EUR/SGD,1,"SGD 40,000 – 100,000",tier_2,"SGD 40,000 – 100,000",std_40k_100k,fxRatesSgd,2026-09-29T07:00:12,2026-09-29T07:00:12,2026-09-29T18:10:43.054516+00:00,1.4646,1.4323,1.4525,1.4484,MAS,0.8330464716006885,1.390705679862306
standardized,ocbc,EUR,SGD,EUR/SGD,1,"SGD 0 – 39,999.99",tier_1,SGD 50 – 200,std_50_200,fxRatesSgd,2026-09-29T07:00:12,2026-09-29T07:00:12,2026-09-29T18:10:43.054516+00:00,1.4664,1.4304,1.4525,1.4484,MAS,0.956970740103272,1.5215146299483655
standardized,ocbc,EUR,SGD,EUR/SGD,1,"SGD 0 – 39,999.99",tier_1,SGD < 50,std_lt_50,fxRatesSgd,2026-09-29T07:00:12,2026-09-29T07:00:12,2026-09-29T18:10:43.054516+00:00,1.4664,1.4304,1.4525,1.4484,MAS,0.956970740103272,1.5215146299483655
standardized,ocbc,GBP,SGD,GBP/SGD,1,"SGD 0 – 39,999.99",tier_1,"SGD 200 – 39,999.99",std_200_40k,fxRatesSgd,2026-09-29T07:00:12,2026-09-29T07:00:12,2026-09-29T18:10:43.054516+00:00,1.7136,1.6682,1.6928,1.6909,MAS,1.2287334593572736,1.4532136105860218
standardized,ocbc,GBP,SGD,GBP/SGD,1,"SGD 40,000 – 100,000",tier_2,"SGD 40,000 – 100,000",std_40k_100k,fxRatesSgd,2026-09-29T07:00:12,2026-09-29T07:00:12,2026-09-29T18:10:43.054516+00:00,1.7119,1.6702,1.6928,1.6909,MAS,1.1283081285444172,1.3350661625708988
standardized,ocbc,GBP,SGD,GBP/SGD,1,"SGD 0 – 39,999.99",tier_1,SGD 50 – 200,std_50_200,fxRatesSgd,2026-09-29T07:00:12,2026-09-29T07:00:12,2026-09-29T18:10:43.054516+00:00,1.7136,1.6682,1.6928,1.6909,MAS,1.2287334593572736,1.4532136105860218
standardized,ocbc,GBP,SGD,GBP/SGD,1,"SGD 0 – 39,999.99",tier_1,SGD < 50,std_lt_50,fxRatesSgd,2026-09-29T07:00:12,2026-09-29T07:00:12,2026-09-29T18:10:43.054516+00:00,1.7136,1.6682,1.6928,1.6909,MAS,1.2287334593572736,1.4532136105860218
standardized,ocbc,HKD,SGD,HKD/SGD,100,"SGD 0 – 39,999.99",tier_1,"SGD 200 – 39,999.99",std_200_40k,fxRatesSgd,2026-09-29T07:00:12,2026-09-29T07:00:12,2026-09-29T18:10:43.054516+00:00,16.494,16.0957,16.3,16.2949,MAS,1.1901840490797488,1.253374233128834
standardized,ocbc,HKD,SGD,HKD/SGD,100,"SGD 40,000 – 100,000",tier_2,"SGD 40,000 – 100,000",std_40k_100k,fxRatesSgd,2026-09-29T07:00:12,2026-09-29T07:00:12,2026-09-29T18:10:43.054516+00:00,16.4647,16.1054,16.3,16.2949,MAS,1.0104294478527598,1.193865030674854
standardized,ocbc,HKD,SGD,HKD/SGD,100,"SGD 0 – 39,999.99",tier_1,SGD 50 – 200,std_50_200,fxRatesSgd,2026-09-29T07:00:12,2026-09-29T07:00:12,2026-09-29T18:10:43.054516+00:00,16.494,16.0957,16.3,16.2949,MAS,1.1901840490797488,1.253374233128834
standardized,ocbc,HKD,SGD,HKD/SGD,100,"SGD 0 – 39,999.99",tier_1,SGD < 50,std_lt_50,fxRatesSgd,2026-09-29T07:00:12,2026-09-29T07:00:12,2026-09-29T18:10:43.054516+00:00,16.494,16.0957,16.3,16.2949,MAS,1.1901840490797488,1.253374233128834
standardized,ocbc,HUF,SGD,HUF/SGD,100,"SGD 0 – 39,999.99",tier_1,"SGD 200 – 39,999.99",std_200_40k,fxRatesSgd,2026-09-29T07:00:12,2026-09-29T07:00:12,2026-09-29T18:10:43.054516+00:00,0.0,0.0,,0.0,,,
standardized,ocbc,HUF,SGD,HUF/SGD,100,"SGD 40,000 – 100,000",tier_2,"SGD 40,000 – 100,000",std_40k_100k,fxRatesSgd,2026-09-29T07:00:12,2026-09-29T07:00:12,2026-09-29T18:10:43.054516+00:00,0.0,0.0,,0.0,,,
standardized,ocbc,HUF,SGD,HUF/SGD,100,"SGD 0 – 39,999.99",tier_1,SGD 50 – 200,std_50_200,fxRatesSgd,2026-09-29T07:00:12,2026-09-29T07:00:12,2026-09-29T18:10:43.054516+00:00,0.0,0.0,,0.0,,,
standardized,ocbc,HUF,SGD,HUF/SGD,100,"SGD 0 – 39,999.99",tier_1,SGD < 50,std_lt_50,fxRatesSgd,2026-09-29T07:00:12,2026-09-29T07:00:12,2026-09-29T18:10:43.054516+00:00,0.0,0.0,,0.0,,,
standardized,ocbc,IDR,SGD,IDR/SGD,100,"SGD 0 – 39,999.99",tier_1,"SGD 200 – 39,999.99",std_200_40k,fxRatesSgd,2026-09-29T07:00:12,2026-09-29T07:00:12,2026-09-29T18:10:43.054516+00:00,0.0073,0.0,0.007105,0.0073,MAS,2.744546094299787,100.0
standardized,ocbc,IDR,SGD,IDR/SGD,100,"SGD 40,000 – 100,000",tier_2,"SGD 40,000 – 100,000",std_40k_100k,fxRatesSgd,2026-09-29T07:00:12,2026-09-29T07:00:12,2026-09-29T18:10:43.054516+00:00,0.0073,0.0,0.007105,0.0073,MAS,2.744546094299787,100.0
standardized,ocbc,IDR,SGD,IDR/SGD,100,"SGD 0 – 39,999.99",tier_1,SGD 50 – 200,std_50_200,fxRatesSgd,2026-09-29T07:00:12,2026-09-29T07:00:12,2026-09-29T18:10:43.054516+00:00,0.0073,0.0,0.007105,0.0073,MAS,2.744546094299787,100.0
standardized,ocbc,IDR,SGD,IDR/SGD,100,"SGD 0 – 39,999.99",tier_1,SGD < 50,std_lt_50,fxRatesSgd,2026-09-29T07:00:12,2026-09-29T07:00:12,2026-09-29T18:10:43.054516+00:00,0.0073,0.0,0.007105,0.0073,MAS,2.744546094299787,100.0
standardized,ocbc,ILS,SGD,ILS/SGD,100,"SGD 0 – 39,999.99",tier_1,"SGD 200 – 39,999.99",std_200_40k,fxRatesSgd,2026-09-29T07:00:12,2026-09-29T07:00:12,2026-09-29T18:10:43.054516+00:00,0.0,0.0,,0.0,,,
standardized,ocbc,ILS,SGD,ILS/SGD,100,"SGD 40,000 – 100,000",tier_2,"SGD 40,000 – 100,000",std_40k_100k,fxRatesSgd,2026-09-29T07:00:12,2026-09-29T07:00:12,2026-09-29T18:10:43.054516+00:00,0.0,0.0,,0.0,,,
standardized,ocbc,ILS,SGD,ILS/SGD,100,"SGD 0 – 39,999.99",tier_1,SGD 50 – 200,std_50_200,fxRatesSgd,2026-09-29T07:00:12,2026-09-29T07:00:12,2026-09-29T18:10:43.054516+00:00,0.0,0.0,,0.0,,,
standardized,ocbc,ILS,SGD,ILS/SGD,100,"SGD 0 – 39,999.99",tier_1,SGD < 50,std_lt_50,fxRatesSgd,2026-09-29T07:00:12,2026-09-29T07:00:12,2026-09-29T18:10:43.054516+00:00,0.0,0.0,,0.0,,,
standardized,ocbc,INR,SGD,INR/SGD,100,"SGD 0 – 39,999.99",tier_1,"SGD 200 – 39,999.99",std_200_40k,fxRatesSgd,2026-09-29T07:00:12,2026-09-29T07:00:12,2026-09-29T18:10:43.054516+00:00,1.3694,0.0,1.33,1.3694,MAS,2.9624060150375846,100.0
standardized,ocbc,INR,SGD,INR/SGD,100,"SGD 40,000 – 100,000",tier_2,"SGD 40,000 – 100,000",std_40k_100k,fxRatesSgd,2026-09-29T07:00:12,2026-09-29T07:00:12,2026-09-29T18:10:43.054516+00:00,1.3668,0.0,1.33,1.3694,MAS,2.7669172932330786,100.0
standardized,ocbc,INR,SGD,INR/SGD,100,"SGD 0 – 39,999.99",tier_1,SGD 50 – 200,std_50_200,fxRatesSgd,2026-09-29T07:00:12,2026-09-29T07:00:12,2026-09-29T18:10:43.054516+00:00,1.3694,0.0,1.33,1.3694,MAS,2.9624060150375846,100.0
standardized,ocbc,INR,SGD,INR/SGD,100,"SGD 0 – 39,999.99",tier_1,SGD < 50,std_lt_50,fxRatesSgd,2026-09-29T07:00:12,2026-09-29T07:00:12,2026-09-29T18:10:43.054516+00:00,1.3694,0.0,1.33,1.3694,MAS,2.9624060150375846,100.0
standardized,ocbc,JOD,SGD,JOD/SGD,1,"SGD 0 – 39,999.99",tier_1,"SGD 200 – 39,999.99",std_200_40k,fxRatesSgd,2026-09-29T07:00:12,2026-09-29T07:00:12,2026-09-29T18:10:43.054516+00:00,0.0,0.0,,0.0,,,
standardized,ocbc,JOD,SGD,JOD/SGD,1,"SGD 40,000 – 100,000",tier_2,"SGD 40,000 – 100,000",std_40k_100k,fxRatesSgd,2026-09-29T07:00:12,2026-09-29T07:00:12,2026-09-29T18:10:43.054516+00:00,0.0,0.0,,0.0,,,
standardized,ocbc,JOD,SGD,JOD/SGD,1,"SGD 0 – 39,999.99",tier_1,SGD 50 – 200,std_50_200,fxRatesSgd,2026-09-29T07:00:12,2026-09-29T07:00:12,2026-09-29T18:10:43.054516+00:00,0.0,0.0,,0.0,,,
standardized,ocbc,JOD,SGD,JOD/SGD,1,"SGD 0 – 39,999.99",tier_1,SGD < 50,std_lt_50,fxRatesSgd,2026-09-29T07:00:12,2026-09-29T07:00:12,2026-09-29T18:10:43.054516+00:00,0.0,0.0,,0.0,,,
standardized,ocbc,JPY,SGD,JPY/SGD,100,"SGD 0 – 39,999.99",tier_1,"SGD 200 – 39,999.99",std_200_40k,fxRatesSgd,2026-09-29T07:00:12,2026-09-29T07:00:12,2026-09-29T18:10:43.054516+00:00,0.8233,0.8031,0.8122,0.8132,MAS,1.3666584585077566,1.1204136912090612
standardized,ocbc,JPY,SGD,JPY/SGD,100,"SGD 40,000 – 100,000",tier_2,"SGD 40,000 – 100,000",std_40k_100k,fxRatesSgd,2026-09-29T07:00:12,2026-09-29T07:00:12,2026-09-29T18:10:43.054516+00:00,0.8225,0.8045,0.8122,0.8132,MAS,1.2681605515882757,0.9480423540999803
standardized,ocbc,JPY,SGD,JPY/SGD,100,"SGD 0 – 39,999.99",tier_1,SGD 50 – 200,std_50_200,fxRatesSgd,2026-09-29T07:00:12,2026-09-29T07:00:12,2026-09-29T18:10:43.054516+00:00,0.8233,0.8031,0.8122,0.8132,MAS,1.3666584585077566,1.1204136912090612
standardized,ocbc,JPY,SGD,JPY/SGD,100,"SGD 0 – 39,999.99",tier_1,SGD < 50,std_lt_50,fxRatesSgd,2026-09-29T07:00:12,2026-09-29T07:00:12,2026-09-29T18:10:43.054516+00:00,0.8233,0.8031,0.8122,0.8132,MAS,1.3666584585077566,1.1204136912090612
standardized,ocbc,KRW,SGD,KRW/SGD,100,"SGD 0 – 39,999.99",tier_1,"SGD 200 – 39,999.99",std_200_40k,fxRatesSgd,2026-09-29T07:00:12,2026-09-29T07:00:12,2026-09-29T18:10:43.054516+00:00,0.0,0.0,0.0941,0.0,MAS,-100.0,100.0
standardized,ocbc,KRW,SGD,KRW/SGD,100,"SGD 40,000 – 100,000",tier_2,"SGD 40,000 – 100,000",std_40k_100k,fxRatesSgd,2026-09-29T07:00:12,2026-09-29T07:00:12,2026-09-29T18:10:43.054516+00:00,0.0,0.0,0.0941,0.0,MAS,-100.0,100.0
standardized,ocbc,KRW,SGD,KRW/SGD,100,"SGD 0 – 39,999.99",tier_1,SGD 50 – 200,std_50_200,fxRatesSgd,2026-09-29T07:00:12,2026-09-29T07:00:12,2026-09-29T18:10:43.054516+00:00,0.0,0.0,0.0941,0.0,MAS,-100.0,100.0
standardized,ocbc,KRW,SGD,KRW/SGD,100,"SGD 0 – 39,999.99",tier_1,SGD < 50,std_lt_50,fxRatesSgd,2026-09-29T07:00:12,2026-09-29T07:00:12,2026-09-29T18:10:43.054516+00:00,0.0,0.0,0.0941,0.0,MAS,-100.0,100.0
standardized,ocbc,LKR,SGD,LKR/SGD,100,"SGD 0 – 39,999.99",tier_1,"SGD 200 – 39,999.99",std_200_40k,fxRatesSgd,2026-09-29T07:00:12,2026-09-29T07:00:12,2026-09-29T18:10:43.054516+00:00,0.3978,0.0,,0.3978,,,
standardized,ocbc,LKR,SGD,LKR/SGD,100,"SGD 40,000 – 100,000",tier_2,"SGD 40,000 – 100,000",std_40k_100k,fxRatesSgd,2026-09-29T07:00:12,2026-09-29T07:00:12,2026-09-29T18:10:43.054516+00:00,0.397,0.0,,0.3978,,,
standardized,ocbc,LKR,SGD,LKR/SGD,100,"SGD 0 – 39,999.99",tier_1,SGD 50 – 200,std_50_200,fxRatesSgd,2026-09-29T07:00:12,2026-09-29T07:00:12,2026-09-29T18:10:43.054516+00:00,0.3978,0.0,,0.3978,,,
standardized,ocbc,LKR,SGD,LKR/SGD,100,"SGD 0 – 39,999.99",tier_1,SGD < 50,std_lt_50,fxRatesSgd,2026-09-29T07:00:12,2026-09-29T07:00:12,2026-09-29T18:10:43.054516+00:00,0.3978,0.0,,0.3978,,,
standardized,ocbc,MAD,SGD,MAD/SGD,100,"SGD 0 – 39,999.99",tier_1,"SGD 200 – 39,999.99",std_200_40k,fxRatesSgd,2026-09-29T07:00:12,2026-09-29T07:00:12,2026-09-29T18:10:43.054516+00:00,0.0,0.0,,0.0,,,
standardized,ocbc,MAD,SGD,MAD/SGD,100,"SGD 40,000 – 100,000",tier_2,"SGD 40,000 – 100,000",std_40k_100k,fxRatesSgd,2026-09-29T07:00:12,2026-09-29T07:00:12,2026-09-29T18:10:43.054516+00:00,0.0,0.0,,0.0,,,
standardized,ocbc,MAD,SGD,MAD/SGD,100,"SGD 0 – 39,999.99",tier_1,SGD 50 – 200,std_50_200,fxRatesSgd,2026-09-29T07:00:12,2026-09-29T07:00:12,2026-09-29T18:10:43.054516+00:00,0.0,0.0,,0.0,,,
standardized,ocbc,MAD,SGD,MAD/SGD,100,"SGD 0 – 39,999.99",tier_1,SGD < 50,std_lt_50,fxRatesSgd,2026-09-29T07:00:12,2026-09-29T07:00:12,2026-09-29T18:10:43.054516+00:00,0.0,0.0,,0.0,,,
standardized,ocbc,MXN,SGD,MXN/SGD,100,"SGD 0 – 39,999.99",tier_1,"SGD 200 – 39,999.99",std_200_40k,fxRatesSgd,2026-09-29T07:00:12,2026-09-29T07:00:12,2026-09-29T18:10:43.054516+00:00,7.3262,0.0,,7.3262,,,
standardized,ocbc,MXN,SGD,MXN/SGD,100,"SGD 40,000 – 100,000",tier_2,"SGD 40,000 – 100,000",std_40k_100k,fxRatesSgd,2026-09-29T07:00:12,2026-09-29T07:00:12,2026-09-29T18:10:43.054516+00:00,7.3247,0.0,,7.3262,,,
standardized,ocbc,MXN,SGD,MXN/SGD,100,"SGD 0 – 39,999.99",tier_1,SGD 50 – 200,std_50_200,fxRatesSgd,2026-09-29T07:00:12,2026-09-29T07:00:12,2026-09-29T18:10:43.054516+00:00,7.3262,0.0,,7.3262,,,
standardized,ocbc,MXN,SGD,MXN/SGD,100,"SGD 0 – 39,999.99",tier_1,SGD < 50,std_lt_50,fxRatesSgd,2026-09-29T07:00:12,2026-09-29T07:00:12,2026-09-29T18:10:43.054516+00:00,7.3262,0.0,,7.3262,,,
standardized,ocbc,MYR,SGD,MYR/SGD,100,"SGD 0 – 39,999.99",tier_1,"SGD 200 – 39,999.99",std_200_40k,fxRatesSgd,2026-09-29T07:00:12,2026-09-29T07:00:12,2026-09-29T18:10:43.054516+00:00,0.0,0.0,31.31,0.0,MAS,-100.0,100.0
standardized,ocbc,MYR,SGD,MYR/SGD,100,"SGD 40,000 – 100,000",tier_2,"SGD 40,000 – 100,000",std_40k_100k,fxRatesSgd,2026-09-29T07:00:12,2026-09-29T07:00:12,2026-09-29T18:10:43.054516+00:00,0.0,0.0,31.31,0.0,MAS,-100.0,100.0
standardized,ocbc,MYR,SGD,MYR/SGD,100,"SGD 0 – 39,999.99",tier_1,SGD 50 – 200,std_50_200,fxRatesSgd,2026-09-29T07:00:12,2026-09-29T07:00:12,2026-09-29T18:10:43.054516+00:00,0.0,0.0,31.31,0.0,MAS,-100.0,100.0
standardized,ocbc,MYR,SGD,MYR/SGD,100,"SGD 0 – 39,999.99",tier_1,SGD < 50,std_lt_50,fxRatesSgd,2026-09-29T07:00:12,2026-09-29T07:00:12,2026-09-29T18:10:43.054516+00:00,0.0,0.0,31.31,0.0,MAS,-100.0,100.0
standardized,ocbc,NOK,SGD,NOK/SGD,100,"SGD 0 – 39,999.99",tier_1,"SGD 200 – 39,999.99",std_200_40k,fxRatesSgd,2026-09-29T07:00:12,2026-09-29T07:00:12,2026-09-29T18:10:43.054516+00:00,13.5619,13.0785,,13.3202,,,
standardized,ocbc,NOK,SGD,NOK/SGD,100,"SGD 40,000 – 100,000",tier_2,"SGD 40,000 – 100,000",std_40k_100k,fxRatesSgd,2026-09-29T07:00:12,2026-09-29T07:00:12,2026-09-29T18:10:43.054516+00:00,13.5352,13.1051,,13.3202,,,
standardized,ocbc,NOK,SGD,NOK/SGD,100,"SGD 0 – 39,999.99",tier_1,SGD 50 – 200,std_50_200,fxRatesSgd,2026-09-29T07:00:12,2026-09-29T07:00:12,2026-09-29T18:10:43.054516+00:00,13.5619,13.0785,,13.3202,,,
standardized,ocbc,NOK,SGD,NOK/SGD,100,"SGD 0 – 39,999.99",tier_1,SGD < 50,std_lt_50,fxRatesSgd,2026-09-29T07:00:12,2026-09-29T07:00:12,2026-09-29T18:10:43.054516+00:00,13.5619,13.0785,,13.3202,,,
standardized,ocbc,NZD,SGD,NZD/SGD,1,"SGD 0 – 39,999.99",tier_1,"SGD 200 – 39,999.99",std_200_40k,fxRatesSgd,2026-09-29T07:00:12,2026-09-29T07:00:12,2026-09-29T18:10:43.054516+00:00,0.7377,0.7126,0.7240000000000001,0.7252,MAS,1.8922651933701566,1.5745856353591263
standardized,ocbc,NZD,SGD,NZD/SGD,1,"SGD 40,000 – 100,000",tier_2,"SGD 40,000 – 100,000",std_40k_100k,fxRatesSgd,2026-09-29T07:00:12,2026-09-29T07:00:12,2026-09-29T18:10:43.054516+00:00,0.7359,0.7148,0.7240000000000001,0.7252,MAS,1.6436464088397666,1.270718232044212
standardized,ocbc,NZD,SGD,NZD/SGD,1,"SGD 0 – 39,999.99",tier_1,SGD 50 – 200,std_50_200,fxRatesSgd,2026-09-29T07:00:12,2026-09-29T07:00:12,2026-09-29T18:10:43.054516+00:00,0.7377,0.7126,0.7240000000000001,0.7252,MAS,1.8922651933701566,1.5745856353591263
standardized,ocbc,NZD,SGD,NZD/SGD,1,"SGD 0 – 39,999.99",tier_1,SGD < 50,std_lt_50,fxRatesSgd,2026-09-29T07:00:12,2026-09-29T07:00:12,2026-09-29T18:10:43.054516+00:00,0.7377,0.7126,0.7240000000000001,0.7252,MAS,1.8922651933701566,1.5745856353591263
standardized,ocbc,OMR,SGD,OMR/SGD,1,"SGD 0 – 39,999.99",tier_1,"SGD 200 – 39,999.99",std_200_40k,fxRatesSgd,2026-09-29T07:00:12,2026-09-29T07:00:12,2026-09-29T18:10:43.054516+00:00,0.0,0.0,,0.0,,,
standardized,ocbc,OMR,SGD,OMR/SGD,1,"SGD 40,000 – 100,000",tier_2,"SGD 40,000 – 100,000",std_40k_100k,fxRatesSgd,2026-09-29T07:00:12,2026-09-29T07:00:12,2026-09-29T18:10:43.054516+00:00,0.0,0.0,,0.0,,,
standardized,ocbc,OMR,SGD,OMR/SGD,1,"SGD 0 – 39,999.99",tier_1,SGD 50 – 200,std_50_200,fxRatesSgd,2026-09-29T07:00:12,2026-09-29T07:00:12,2026-09-29T18:10:43.054516+00:00,0.0,0.0,,0.0,,,
standardized,ocbc,OMR,SGD,OMR/SGD,1,"SGD 0 – 39,999.99",tier_1,SGD < 50,std_lt_50,fxRatesSgd,2026-09-29T07:00:12,2026-09-29T07:00:12,2026-09-29T18:10:43.054516+00:00,0.0,0.0,,0.0,,,
standardized,ocbc,PHP,SGD,PHP/SGD,100,"SGD 0 – 39,999.99",tier_1,"SGD 200 – 39,999.99",std_200_40k,fxRatesSgd,2026-09-29T07:00:12,2026-09-29T07:00:12,2026-09-29T18:10:43.054516+00:00,2.1043,0.0,2.0468,2.1043,MAS,2.809263240179776,100.0
standardized,ocbc,PHP,SGD,PHP/SGD,100,"SGD 40,000 – 100,000",tier_2,"SGD 40,000 – 100,000",std_40k_100k,fxRatesSgd,2026-09-29T07:00:12,2026-09-29T07:00:12,2026-09-29T18:10:43.054516+00:00,2.1032,0.0,2.0468,2.1043,MAS,2.7555208129763535,100.0
standardized,ocbc,PHP,SGD,PHP/SGD,100,"SGD 0 – 39,999.99",tier_1,SGD 50 – 200,std_50_200,fxRatesSgd,2026-09-29T07:00:12,2026-09-29T07:00:12,2026-09-29T18:10:43.054516+00:00,2.1043,0.0,2.0468,2.1043,MAS,2.809263240179776,100.0
standardized,ocbc,PHP,SGD,PHP/SGD,100,"SGD 0 – 39,999.99",tier_1,SGD < 50,std_lt_50,fxRatesSgd,2026-09-29T07:00:12,2026-09-29T07:00:12,2026-09-29T18:10:43.054516+00:00,2.1043,0.0,2.0468,2.1043,MAS,2.809263240179776,100.0
standardized,ocbc,PLN,SGD,PLN/SGD,100,"SGD 0 – 39,999.99",tier_1,"SGD 200 – 39,999.99",std_200_40k,fxRatesSgd,2026-09-29T07:00:12,2026-09-29T07:00:12,2026-09-29T18:10:43.054516+00:00,34.2597,32.1105,,33.1851,,,
standardized,ocbc,PLN,SGD,PLN/SGD,100,"SGD 40,000 – 100,000",tier_2,"SGD 40,000 – 100,000",std_40k_100k,fxRatesSgd,2026-09-29T07:00:12,2026-09-29T07:00:12,2026-09-29T18:10:43.054516+00:00,34.2428,32.1367,,33.1851,,,
standardized,ocbc,PLN,SGD,PLN/SGD,100,"SGD 0 – 39,999.99",tier_1,SGD 50 – 200,std_50_200,fxRatesSgd,2026-09-29T07:00:12,2026-09-29T07:00:12,2026-09-29T18:10:43.054516+00:00,34.2597,32.1105,,33.1851,,,
standardized,ocbc,PLN,SGD,PLN/SGD,100,"SGD 0 – 39,999.99",tier_1,SGD < 50,std_lt_50,fxRatesSgd,2026-09-29T07:00:12,2026-09-29T07:00:12,2026-09-29T18:10:43.054516+00:00,34.2597,32.1105,,33.1851,,,
standardized,ocbc,QAR,SGD,QAR/SGD,100,"SGD 0 – 39,999.99",tier_1,"SGD 200 – 39,999.99",std_200_40k,fxRatesSgd,2026-09-29T07:00:12,2026-09-29T07:00:12,2026-09-29T18:10:43.054516+00:00,36.057,33.9958,35.08,35.0264,MAS,2.7850627137970463,3.090649942987445
standardized,ocbc,QAR,SGD,QAR/SGD,100,"SGD 40,000 – 100,000",tier_2,"SGD 40,000 – 100,000",std_40k_100k,fxRatesSgd,2026-09-29T07:00:12,2026-09-29T07:00:12,2026-09-29T18:10:43.054516+00:00,36.0357,34.0131,35.08,35.0264,MAS,2.7243443557582676,3.041334093500561
standardized,ocbc,QAR,SGD,QAR/SGD,100,"SGD 0 – 39,999.99",tier_1,SGD 50 – 200,std_50_200,fxRatesSgd,2026-09-29T07:00:12,2026-09-29T07:00:12,2026-09-29T18:10:43.054516+00:00,36.057,33.9958,35.08,35.0264,MAS,2.7850627137970463,3.090649942987445
standardized,ocbc,QAR,SGD,QAR/SGD,100,"SGD 0 – 39,999.99",tier_1,SGD < 50,std_lt_50,fxRatesSgd,2026-09-29T07:00:12,2026-09-29T07:00:12,2026-09-29T18:10:43.054516+00:00,36.057,33.9958,35.08,35.0264,MAS,2.7850627137970463,3.090649942987445
standardized,ocbc,RON,SGD,RON/SGD,100,"SGD 0 – 39,999.99",tier_1,"SGD 200 – 39,999.99",std_200_40k,fxRatesSgd,2026-09-29T07:00:12,2026-09-29T07:00:12,2026-09-29T18:10:43.054516+00:00,0.0,0.0,,0.0,,,
standardized,ocbc,RON,SGD,RON/SGD,100,"SGD 40,000 – 100,000",tier_2,"SGD 40,000 – 100,000",std_40k_100k,fxRatesSgd,2026-09-29T07:00:12,2026-09-29T07:00:12,2026-09-29T18:10:43.054516+00:00,0.0,0.0,,0.0,,,
standardized,ocbc,RON,SGD,RON/SGD,100,"SGD 0 – 39,999.99",tier_1,SGD 50 – 200,std_50_200,fxRatesSgd,2026-09-29T07:00:12,2026-09-29T07:00:12,2026-09-29T18:10:43.054516+00:00,0.0,0.0,,0.0,,,
standardized,ocbc,RON,SGD,RON/SGD,100,"SGD 0 – 39,999.99",tier_1,SGD < 50,std_lt_50,fxRatesSgd,2026-09-29T07:00:12,2026-09-29T07:00:12,2026-09-29T18:10:43.054516+00:00,0.0,0.0,,0.0,,,
standardized,ocbc,RUB,SGD,RUB/SGD,100,"SGD 0 – 39,999.99",tier_1,"SGD 200 – 39,999.99",std_200_40k,fxRatesSgd,2026-09-29T07:00:12,2026-09-29T07:00:12,2026-09-29T18:10:43.054516+00:00,0.0,0.0,,0.0,,,
standardized,ocbc,RUB,SGD,RUB/SGD,100,"SGD 40,000 – 100,000",tier_2,"SGD 40,000 – 100,000",std_40k_100k,fxRatesSgd,2026-09-29T07:00:12,2026-09-29T07:00:12,2026-09-29T18:10:43.054516+00:00,0.0,0.0,,0.0,,,
standardized,ocbc,RUB,SGD,RUB/SGD,100,"SGD 0 – 39,999.99",tier_1,SGD 50 – 200,std_50_200,fxRatesSgd,2026-09-29T07:00:12,2026-09-29T07:00:12,2026-09-29T18:10:43.054516+00:00,0.0,0.0,,0.0,,,
standardized,ocbc,RUB,SGD,RUB/SGD,100,"SGD 0 – 39,999.99",tier_1,SGD < 50,std_lt_50,fxRatesSgd,2026-09-29T07:00:12,2026-09-29T07:00:12,2026-09-29T18:10:43.054516+00:00,0.0,0.0,,0.0,,,
standardized,ocbc,SAR,SGD,SAR/SGD,100,"SGD 0 – 39,999.99",tier_1,"SGD 200 – 39,999.99",std_200_40k,fxRatesSgd,2026-09-29T07:00:12,2026-09-29T07:00:12,2026-09-29T18:10:43.054516+00:00,34.9852,33.0594,34.06,34.0223,MAS,2.7163828537874237,2.9377568995889773
standardized,ocbc,SAR,SGD,SAR/SGD,100,"SGD 40,000 – 100,000",tier_2,"SGD 40,000 – 100,000",std_40k_100k,fxRatesSgd,2026-09-29T07:00:12,2026-09-29T07:00:12,2026-09-29T18:10:43.054516+00:00,34.9679,33.0762,34.06,34.0223,MAS,2.6655901350557776,2.8884321785085207
standardized,ocbc,SAR,SGD,SAR/SGD,100,"SGD 0 – 39,999.99",tier_1,SGD 50 – 200,std_50_200,fxRatesSgd,2026-09-29T07:00:12,2026-09-29T07:00:12,2026-09-29T18:10:43.054516+00:00,34.9852,33.0594,34.06,34.0223,MAS,2.7163828537874237,2.9377568995889773
standardized,ocbc,SAR,SGD,SAR/SGD,100,"SGD 0 – 39,999.99",tier_1,SGD < 50,std_lt_50,fxRatesSgd,2026-09-29T07:00:12,2026-09-29T07:00:12,2026-09-29T18:10:43.054516+00:00,34.9852,33.0594,34.06,34.0223,MAS,2.7163828537874237,2.9377568995889773
standardized,ocbc,SEK,SGD,SEK/SGD,100,"SGD 0 – 39,999.99",tier_1,"SGD 200 – 39,999.99",std_200_40k,fxRatesSgd,2026-09-29T07:00:12,2026-09-29T07:00:12,2026-09-29T18:10:43.054516+00:00,13.0358,12.5723,,12.8041,,,
standardized,ocbc,SEK,SGD,SEK/SGD,100,"SGD 40,000 – 100,000",tier_2,"SGD 40,000 – 100,000",std_40k_100k,fxRatesSgd,2026-09-29T07:00:12,2026-09-29T07:00:12,2026-09-29T18:10:43.054516+00:00,13.0102,12.5979,,12.8041,,,
standardized,ocbc,SEK,SGD,SEK/SGD,100,"SGD 0 – 39,999.99",tier_1,SGD 50 – 200,std_50_200,fxRatesSgd,2026-09-29T07:00:12,2026-09-29T07:00:12,2026-09-29T18:10:43.054516+00:00,13.0358,12.5723,,12.8041,,,
standardized,ocbc,SEK,SGD,SEK/SGD,100,"SGD 0 – 39,999.99",tier_1,SGD < 50,std_lt_50,fxRatesSgd,2026-09-29T07:00:12,2026-09-29T07:00:12,2026-09-29T18:10:43.054516+00:00,13.0358,12.5723,,12.8041,,,
standardized,ocbc,THB,SGD,THB/SGD,100,"SGD 0 – 39,999.99",tier_1,"SGD 200 – 39,999.99",std_200_40k,fxRatesSgd,2026-09-29T07:00:12,2026-09-29T07:00:12,2026-09-29T18:10:43.054516+00:00,3.9184,3.704,3.8007,3.8112,MAS,3.0967979582708485,2.5442681611282074
standardized,ocbc,THB,SGD,THB/SGD,100,"SGD 40,000 – 100,000",tier_2,"SGD 40,000 – 100,000",std_40k_100k,fxRatesSgd,2026-09-29T07:00:12,2026-09-29T07:00:12,2026-09-29T18:10:43.054516+00:00,3.9108,3.7116,3.8007,3.8112,MAS,2.8968347935906564,2.3443049964480274
standardized,ocbc,THB,SGD,THB/SGD,100,"SGD 0 – 39,999.99",tier_1,SGD 50 – 200,std_50_200,fxRatesSgd,2026-09-29T07:00:12,2026-09-29T07:00:12,2026-09-29T18:10:43.054516+00:00,3.9184,3.704,3.8007,3.8112,MAS,3.0967979582708485,2.5442681611282074
standardized,ocbc,THB,SGD,THB/SGD,100,"SGD 0 – 39,999.99",tier_1,SGD < 50,std_lt_50,fxRatesSgd,2026-09-29T07:00:12,2026-09-29T07:00:12,2026-09-29T18:10:43.054516+00:00,3.9184,3.704,3.8007,3.8112,MAS,3.0967979582708485,2.5442681611282074
standardized,ocbc,TRY,SGD,TRY/SGD,100,"SGD 0 – 39,999.99",tier_1,"SGD 200 – 39,999.99",std_200_40k,fxRatesSgd,2026-09-29T07:00:12,2026-09-29T07:00:12,2026-09-29T18:10:43.054516+00:00,2.6771,2.5665,,2.6218,,,
standardized,ocbc,TRY,SGD,TRY/SGD,100,"SGD 40,000 – 100,000",tier_2,"SGD 40,000 – 100,000",std_40k_100k,fxRatesSgd,2026-09-29T07:00:12,2026-09-29T07:00:12,2026-09-29T18:10:43.054516+00:00,2.6758,2.5667,,2.6218,,,
standardized,ocbc,TRY,SGD,TRY/SGD,100,"SGD 0 – 39,999.99",tier_1,SGD 50 – 200,std_50_200,fxRatesSgd,2026-09-29T07:00:12,2026-09-29T07:00:12,2026-09-29T18:10:43.054516+00:00,2.6771,2.5665,,2.6218,,,
standardized,ocbc,TRY,SGD,TRY/SGD,100,"SGD 0 – 39,999.99",tier_1,SGD < 50,std_lt_50,fxRatesSgd,2026-09-29T07:00:12,2026-09-29T07:00:12,2026-09-29T18:10:43.054516+00:00,2.6771,2.5665,,2.6218,,,
standardized,ocbc,TWD,SGD,TWD/SGD,100,"SGD 0 – 39,999.99",tier_1,"SGD 200 – 39,999.99",std_200_40k,fxRatesSgd,2026-09-29T07:00:12,2026-09-29T07:00:12,2026-09-29T18:10:43.054516+00:00,4.1692,0.0,4.0155,4.1692,MAS,3.827667787324112,100.0
standardized,ocbc,TWD,SGD,TWD/SGD,100,"SGD 40,000 – 100,000",tier_2,"SGD 40,000 – 100,000",std_40k_100k,fxRatesSgd,2026-09-29T07:00:12,2026-09-29T07:00:12,2026-09-29T18:10:43.054516+00:00,0.0,0.0,4.0155,4.1692,MAS,-100.0,100.0
standardized,ocbc,TWD,SGD,TWD/SGD,100,"SGD 0 – 39,999.99",tier_1,SGD 50 – 200,std_50_200,fxRatesSgd,2026-09-29T07:00:12,2026-09-29T07:00:12,2026-09-29T18:10:43.054516+00:00,4.1692,0.0,4.0155,4.1692,MAS,3.827667787324112,100.0
standardized,ocbc,TWD,SGD,TWD/SGD,100,"SGD 0 – 39,999.99",tier_1,SGD < 50,std_lt_50,fxRatesSgd,2026-09-29T07:00:12,2026-09-29T07:00:12,2026-09-29T18:10:43.054516+00:00,4.1692,0.0,4.0155,4.1692,MAS,3.827667787324112,100.0
standardized,ocbc,USD,SGD,USD/SGD,1,"SGD 0 – 39,999.99",tier_1,"SGD 200 – 39,999.99",std_200_40k,fxRatesSgd,2026-09-29T07:00:12,2026-09-29T07:00:12,2026-09-29T18:10:43.054516+00:00,1.2898,1.2655,1.2786,1.2777,MAS,0.875958079149077,1.024558110433278
standardized,ocbc,USD,SGD,USD/SGD,1,"SGD 40,000 – 100,000",tier_2,"SGD 40,000 – 100,000",std_40k_100k,fxRatesSgd,2026-09-29T07:00:12,2026-09-29T07:00:12,2026-09-29T18:10:43.054516+00:00,1.2886,1.2678,1.2786,1.2777,MAS,0.7821054278116697,0.8446738620365964
standardized,ocbc,USD,SGD,USD/SGD,1,"SGD 0 – 39,999.99",tier_1,SGD 50 – 200,std_50_200,fxRatesSgd,2026-09-29T07:00:12,2026-09-29T07:00:12,2026-09-29T18:10:43.054516+00:00,1.2898,1.2655,1.2786,1.2777,MAS,0.875958079149077,1.024558110433278
standardized,ocbc,USD,SGD,USD/SGD,1,"SGD 0 – 39,999.99",tier_1,SGD < 50,std_lt_50,fxRatesSgd,2026-09-29T07:00:12,2026-09-29T07:00:12,2026-09-29T18:10:43.054516+00:00,1.2898,1.2655,1.2786,1.2777,MAS,0.875958079149077,1.024558110433278
standardized,ocbc,ZAR,SGD,ZAR/SGD,100,"SGD 0 – 39,999.99",tier_1,"SGD 200 – 39,999.99",std_200_40k,fxRatesSgd,2026-09-29T07:00:12,2026-09-29T07:00:12,2026-09-29T18:10:43.054516+00:00,8.0358,7.5641,,7.8,,,
standardized,ocbc,ZAR,SGD,ZAR/SGD,100,"SGD 40,000 – 100,000",tier_2,"SGD 40,000 – 100,000",std_40k_100k,fxRatesSgd,2026-09-29T07:00:12,2026-09-29T07:00:12,2026-09-29T18:10:43.054516+00:00,8.0319,7.568,,7.8,,,
standardized,ocbc,ZAR,SGD,ZAR/SGD,100,"SGD 0 – 39,999.99",tier_1,SGD 50 – 200,std_50_200,fxRatesSgd,2026-09-29T07:00:12,2026-09-29T07:00:12,2026-09-29T18:10:43.054516+00:00,8.0358,7.5641,,7.8,,,
standardized,ocbc,ZAR,SGD,ZAR/SGD,100,"SGD 0 – 39,999.99",tier_1,SGD < 50,std_lt_50,fxRatesSgd,2026-09-29T07:00:12,2026-09-29T07:00:12,2026-09-29T18:10:43.054516+00:00,8.0358,7.5641,,7.8,,,
standardized,uob,AED,SGD,AED/SGD,100,Indicative board,board,"SGD 200 – 39,999.99",std_200_40k,forex_sgd,29 September 2026 06:14:02 PM,29 September 2026 06:14:02 PM,2026-09-29T18:10:44.959391+00:00,35.68,33.98,34.81,34.83,MAS,2.4992818155702308,2.384372306808404
standardized,uob,AED,SGD,AED/SGD,100,Indicative board,board,"SGD 40,000 – 100,000",std_40k_100k,forex_sgd,29 September 2026 06:14:02 PM,29 September 2026 06:14:02 PM,2026-09-29T18:10:44.959391+00:00,35.68,33.98,34.81,34.83,MAS,2.4992818155702308,2.384372306808404
standardized,uob,AED,SGD,AED/SGD,100,Indicative board,board,SGD 50 – 200,std_50_200,forex_sgd,29 September 2026 06:14:02 PM,29 September 2026 06:14:02 PM,2026-09-29T18:10:44.959391+00:00,35.68,33.98,34.81,34.83,MAS,2.4992818155702308,2.384372306808404
standardized,uob,AED,SGD,AED/SGD,100,Indicative board,board,SGD < 50,std_lt_50,forex_sgd,29 September 2026 06:14:02 PM,29 September 2026 06:14:02 PM,2026-09-29T18:10:44.959391+00:00,35.68,33.98,34.81,34.83,MAS,2.4992818155702308,2.384372306808404
standardized,uob,AOA,SGD,AOA/SGD,100,Indicative board,board,"SGD 200 – 39,999.99",std_200_40k,forex_sgd,29 September 2026 06:14:02 PM,29 September 2026 06:14:02 PM,2026-09-29T18:10:44.959391+00:00,0.1437,,,,,,
standardized,uob,AOA,SGD,AOA/SGD,100,Indicative board,board,"SGD 40,000 – 100,000",std_40k_100k,forex_sgd,29 September 2026 06:14:02 PM,29 September 2026 06:14:02 PM,2026-09-29T18:10:44.959391+00:00,0.1437,,,,,,
standardized,uob,AOA,SGD,AOA/SGD,100,Indicative board,board,SGD 50 – 200,std_50_200,forex_sgd,29 September 2026 06:14:02 PM,29 September 2026 06:14:02 PM,2026-09-29T18:10:44.959391+00:00,0.1437,,,,,,
standardized,uob,AOA,SGD,AOA/SGD,100,Indicative board,board,SGD < 50,std_lt_50,forex_sgd,29 September 2026 06:14:02 PM,29 September 2026 06:14:02 PM,2026-09-29T18:10:44.959391+00:00,0.1437,,,,,,
standardized,uob,AUD,SGD,AUD/SGD,1,Indicative board,board,"SGD 200 – 39,999.99",std_200_40k,forex_sgd,29 September 2026 06:14:02 PM,29 September 2026 06:14:02 PM,2026-09-29T18:10:44.959391+00:00,0.909,0.878,0.8965000000000001,0.8935,MAS,1.3943112102621253,2.063580591187961
standardized,uob,AUD,SGD,AUD/SGD,1,Indicative board,board,"SGD 40,000 – 100,000",std_40k_100k,forex_sgd,29 September 2026 06:14:02 PM,29 September 2026 06:14:02 PM,2026-09-29T18:10:44.959391+00:00,0.909,0.878,0.8965000000000001,0.8935,MAS,1.3943112102621253,2.063580591187961
standardized,uob,AUD,SGD,AUD/SGD,1,Indicative board,board,SGD 50 – 200,std_50_200,forex_sgd,29 September 2026 06:14:02 PM,29 September 2026 06:14:02 PM,2026-09-29T18:10:44.959391+00:00,0.909,0.878,0.8965000000000001,0.8935,MAS,1.3943112102621253,2.063580591187961
standardized,uob,AUD,SGD,AUD/SGD,1,Indicative board,board,SGD < 50,std_lt_50,forex_sgd,29 September 2026 06:14:02 PM,29 September 2026 06:14:02 PM,2026-09-29T18:10:44.959391+00:00,0.909,0.878,0.8965000000000001,0.8935,MAS,1.3943112102621253,2.063580591187961
standardized,uob,BDT,SGD,BDT/SGD,100,Indicative board,board,"SGD 200 – 39,999.99",std_200_40k,forex_sgd,29 September 2026 06:14:02 PM,29 September 2026 06:14:02 PM,2026-09-29T18:10:44.959391+00:00,1.0695,,,,,,
standardized,uob,BDT,SGD,BDT/SGD,100,Indicative board,board,"SGD 40,000 – 100,000",std_40k_100k,forex_sgd,29 September 2026 06:14:02 PM,29 September 2026 06:14:02 PM,2026-09-29T18:10:44.959391+00:00,1.0695,,,,,,
standardized,uob,BDT,SGD,BDT/SGD,100,Indicative board,board,SGD 50 – 200,std_50_200,forex_sgd,29 September 2026 06:14:02 PM,29 September 2026 06:14:02 PM,2026-09-29T18:10:44.959391+00:00,1.0695,,,,,,
standardized,uob,BDT,SGD,BDT/SGD,100,Indicative board,board,SGD < 50,std_lt_50,forex_sgd,29 September 2026 06:14:02 PM,29 September 2026 06:14:02 PM,2026-09-29T18:10:44.959391+00:00,1.0695,,,,,,
standardized,uob,BND,SGD,BND/SGD,1,Indicative board,board,"SGD 200 – 39,999.99",std_200_40k,forex_sgd,29 September 2026 06:14:02 PM,29 September 2026 06:14:02 PM,2026-09-29T18:10:44.959391+00:00,1.0,1.0,,1.0,,,
standardized,uob,BND,SGD,BND/SGD,1,Indicative board,board,"SGD 40,000 – 100,000",std_40k_100k,forex_sgd,29 September 2026 06:14:02 PM,29 September 2026 06:14:02 PM,2026-09-29T18:10:44.959391+00:00,1.0,1.0,,1.0,,,
standardized,uob,BND,SGD,BND/SGD,1,Indicative board,board,SGD 50 – 200,std_50_200,forex_sgd,29 September 2026 06:14:02 PM,29 September 2026 06:14:02 PM,2026-09-29T18:10:44.959391+00:00,1.0,1.0,,1.0,,,
standardized,uob,BND,SGD,BND/SGD,1,Indicative board,board,SGD < 50,std_lt_50,forex_sgd,29 September 2026 06:14:02 PM,29 September 2026 06:14:02 PM,2026-09-29T18:10:44.959391+00:00,1.0,1.0,,1.0,,,
standardized,uob,CAD,SGD,CAD/SGD,1,Indicative board,board,"SGD 200 – 39,999.99",std_200_40k,forex_sgd,29 September 2026 06:14:02 PM,29 September 2026 06:14:02 PM,2026-09-29T18:10:44.959391+00:00,0.911,0.891,0.9014,0.901,MAS,1.0650099844686103,1.153760816507651
standardized,uob,CAD,SGD,CAD/SGD,1,Indicative board,board,"SGD 40,000 – 100,000",std_40k_100k,forex_sgd,29 September 2026 06:14:02 PM,29 September 2026 06:14:02 PM,2026-09-29T18:10:44.959391+00:00,0.911,0.891,0.9014,0.901,MAS,1.0650099844686103,1.153760816507651
standardized,uob,CAD,SGD,CAD/SGD,1,Indicative board,board,SGD 50 – 200,std_50_200,forex_sgd,29 September 2026 06:14:02 PM,29 September 2026 06:14:02 PM,2026-09-29T18:10:44.959391+00:00,0.911,0.891,0.9014,0.901,MAS,1.0650099844686103,1.153760816507651
standardized,uob,CAD,SGD,CAD/SGD,1,Indicative board,board,SGD < 50,std_lt_50,forex_sgd,29 September 2026 06:14:02 PM,29 September 2026 06:14:02 PM,2026-09-29T18:10:44.959391+00:00,0.911,0.891,0.9014,0.901,MAS,1.0650099844686103,1.153760816507651
standardized,uob,CHF,SGD,CHF/SGD,100,Indicative board,board,"SGD 200 – 39,999.99",std_200_40k,forex_sgd,29 September 2026 06:14:02 PM,29 September 2026 06:14:02 PM,2026-09-29T18:10:44.959391+00:00,154.94,151.64,153.5,153.29,MAS,0.9381107491856663,1.2117263843648296
standardized,uob,CHF,SGD,CHF/SGD,100,Indicative board,board,"SGD 40,000 – 100,000",std_40k_100k,forex_sgd,29 September 2026 06:14:02 PM,29 September 2026 06:14:02 PM,2026-09-29T18:10:44.959391+00:00,154.94,151.64,153.5,153.29,MAS,0.9381107491856663,1.2117263843648296
standardized,uob,CHF,SGD,CHF/SGD,100,Indicative board,board,SGD 50 – 200,std_50_200,forex_sgd,29 September 2026 06:14:02 PM,29 September 2026 06:14:02 PM,2026-09-29T18:10:44.959391+00:00,154.94,151.64,153.5,153.29,MAS,0.9381107491856663,1.2117263843648296
standardized,uob,CHF,SGD,CHF/SGD,100,Indicative board,board,SGD < 50,std_lt_50,forex_sgd,29 September 2026 06:14:02 PM,29 September 2026 06:14:02 PM,2026-09-29T18:10:44.959391+00:00,154.94,151.64,153.5,153.29,MAS,0.9381107491856663,1.2117263843648296
standardized,uob,CNH,SGD,CNH/SGD,100,Indicative board,board,"SGD 200 – 39,999.99",std_200_40k,forex_sgd,29 September 2026 06:14:02 PM,29 September 2026 06:14:02 PM,2026-09-29T18:10:44.959391+00:00,19.31,18.85,,19.08,,,
standardized,uob,CNH,SGD,CNH/SGD,100,Indicative board,board,"SGD 40,000 – 100,000",std_40k_100k,forex_sgd,29 September 2026 06:14:02 PM,29 September 2026 06:14:02 PM,2026-09-29T18:10:44.959391+00:00,19.31,18.85,,19.08,,,
standardized,uob,CNH,SGD,CNH/SGD,100,Indicative board,board,SGD 50 – 200,std_50_200,forex_sgd,29 September 2026 06:14:02 PM,29 September 2026 06:14:02 PM,2026-09-29T18:10:44.959391+00:00,19.31,18.85,,19.08,,,
standardized,uob,CNH,SGD,CNH/SGD,100,Indicative board,board,SGD < 50,std_lt_50,forex_sgd,29 September 2026 06:14:02 PM,29 September 2026 06:14:02 PM,2026-09-29T18:10:44.959391+00:00,19.31,18.85,,19.08,,,
standardized,uob,DKK,SGD,DKK/SGD,100,Indicative board,board,"SGD 200 – 39,999.99",std_200_40k,forex_sgd,29 September 2026 06:14:02 PM,29 September 2026 06:14:02 PM,2026-09-29T18:10:44.959391+00:00,19.75,19.05,,19.4,,,
standardized,uob,DKK,SGD,DKK/SGD,100,Indicative board,board,"SGD 40,000 – 100,000",std_40k_100k,forex_sgd,29 September 2026 06:14:02 PM,29 September 2026 06:14:02 PM,2026-09-29T18:10:44.959391+00:00,19.75,19.05,,19.4,,,
standardized,uob,DKK,SGD,DKK/SGD,100,Indicative board,board,SGD 50 – 200,std_50_200,forex_sgd,29 September 2026 06:14:02 PM,29 September 2026 06:14:02 PM,2026-09-29T18:10:44.959391+00:00,19.75,19.05,,19.4,,,
standardized,uob,DKK,SGD,DKK/SGD,100,Indicative board,board,SGD < 50,std_lt_50,forex_sgd,29 September 2026 06:14:02 PM,29 September 2026 06:14:02 PM,2026-09-29T18:10:44.959391+00:00,19.75,19.05,,19.4,,,
standardized,uob,EGP,SGD,EGP/SGD,100,Indicative board,board,"SGD 200 – 39,999.99",std_200_40k,forex_sgd,29 September 2026 06:14:02 PM,29 September 2026 06:14:02 PM,2026-09-29T18:10:44.959391+00:00,2.5212,,,,,,
standardized,uob,EGP,SGD,EGP/SGD,100,Indicative board,board,"SGD 40,000 – 100,000",std_40k_100k,forex_sgd,29 September 2026 06:14:02 PM,29 September 2026 06:14:02 PM,2026-09-29T18:10:44.959391+00:00,2.5212,,,,,,
standardized,uob,EGP,SGD,EGP/SGD,100,Indicative board,board,SGD 50 – 200,std_50_200,forex_sgd,29 September 2026 06:14:02 PM,29 September 2026 06:14:02 PM,2026-09-29T18:10:44.959391+00:00,2.5212,,,,,,
standardized,uob,EGP,SGD,EGP/SGD,100,Indicative board,board,SGD < 50,std_lt_50,forex_sgd,29 September 2026 06:14:02 PM,29 September 2026 06:14:02 PM,2026-09-29T18:10:44.959391+00:00,2.5212,,,,,,
standardized,uob,EUR,SGD,EUR/SGD,1,Indicative board,board,"SGD 200 – 39,999.99",std_200_40k,forex_sgd,29 September 2026 06:14:02 PM,29 September 2026 06:14:02 PM,2026-09-29T18:10:44.959391+00:00,1.4695,1.4315,1.4525,1.4505,MAS,1.1703958691910588,1.4457831325301143
standardized,uob,EUR,SGD,EUR/SGD,1,Indicative board,board,"SGD 40,000 – 100,000",std_40k_100k,forex_sgd,29 September 2026 06:14:02 PM,29 September 2026 06:14:02 PM,2026-09-29T18:10:44.959391+00:00,1.4695,1.4315,1.4525,1.4505,MAS,1.1703958691910588,1.4457831325301143
standardized,uob,EUR,SGD,EUR/SGD,1,Indicative board,board,SGD 50 – 200,std_50_200,forex_sgd,29 September 2026 06:14:02 PM,29 September 2026 06:14:02 PM,2026-09-29T18:10:44.959391+00:00,1.4695,1.4315,1.4525,1.4505,MAS,1.1703958691910588,1.4457831325301143
standardized,uob,EUR,SGD,EUR/SGD,1,Indicative board,board,SGD < 50,std_lt_50,forex_sgd,29 September 2026 06:14:02 PM,29 September 2026 06:14:02 PM,2026-09-29T18:10:44.959391+00:00,1.4695,1.4315,1.4525,1.4505,MAS,1.1703958691910588,1.4457831325301143
standardized,uob,GBP,SGD,GBP/SGD,1,Indicative board,board,"SGD 200 – 39,999.99",std_200_40k,forex_sgd,29 September 2026 06:14:02 PM,29 September 2026 06:14:02 PM,2026-09-29T18:10:44.959391+00:00,1.7146,1.6696,1.6928,1.6921,MAS,1.2878071833648286,1.3705103969754318
standardized,uob,GBP,SGD,GBP/SGD,1,Indicative board,board,"SGD 40,000 – 100,000",std_40k_100k,forex_sgd,29 September 2026 06:14:02 PM,29 September 2026 06:14:02 PM,2026-09-29T18:10:44.959391+00:00,1.7146,1.6696,1.6928,1.6921,MAS,1.2878071833648286,1.3705103969754318
standardized,uob,GBP,SGD,GBP/SGD,1,Indicative board,board,SGD 50 – 200,std_50_200,forex_sgd,29 September 2026 06:14:02 PM,29 September 2026 06:14:02 PM,2026-09-29T18:10:44.959391+00:00,1.7146,1.6696,1.6928,1.6921,MAS,1.2878071833648286,1.3705103969754318
standardized,uob,GBP,SGD,GBP/SGD,1,Indicative board,board,SGD < 50,std_lt_50,forex_sgd,29 September 2026 06:14:02 PM,29 September 2026 06:14:02 PM,2026-09-29T18:10:44.959391+00:00,1.7146,1.6696,1.6928,1.6921,MAS,1.2878071833648286,1.3705103969754318
standardized,uob,HKD,SGD,HKD/SGD,100,Indicative board,board,"SGD 200 – 39,999.99",std_200_40k,forex_sgd,29 September 2026 06:14:02 PM,29 September 2026 06:14:02 PM,2026-09-29T18:10:44.959391+00:00,16.489,16.131,16.3,16.310000000000002,MAS,1.159509202453988,1.0368098159509231
standardized,uob,HKD,SGD,HKD/SGD,100,Indicative board,board,"SGD 40,000 – 100,000",std_40k_100k,forex_sgd,29 September 2026 06:14:02 PM,29 September 2026 06:14:02 PM,2026-09-29T18:10:44.959391+00:00,16.489,16.131,16.3,16.310000000000002,MAS,1.159509202453988,1.0368098159509231
standardized,uob,HKD,SGD,HKD/SGD,100,Indicative board,board,SGD 50 – 200,std_50_200,forex_sgd,29 September 2026 06:14:02 PM,29 September 2026 06:14:02 PM,2026-09-29T18:10:44.959391+00:00,16.489,16.131,16.3,16.310000000000002,MAS,1.159509202453988,1.0368098159509231
standardized,uob,HKD,SGD,HKD/SGD,100,Indicative board,board,SGD < 50,std_lt_50,forex_sgd,29 September 2026 06:14:02 PM,29 September 2026 06:14:02 PM,2026-09-29T18:10:44.959391+00:00,16.489,16.131,16.3,16.310000000000002,MAS,1.159509202453988,1.0368098159509231
standardized,uob,INR,SGD,INR/SGD,100,Indicative board,board,"SGD 200 – 39,999.99",std_200_40k,forex_sgd,29 September 2026 06:14:02 PM,29 September 2026 06:14:02 PM,2026-09-29T18:10:44.959391+00:00,1.37,,1.33,,MAS,3.0075187969924837,
standardized,uob,INR,SGD,INR/SGD,100,Indicative board,board,"SGD 40,000 – 100,000",std_40k_100k,forex_sgd,29 September 2026 06:14:02 PM,29 September 2026 06:14:02 PM,2026-09-29T18:10:44.959391+00:00,1.37,,1.33,,MAS,3.0075187969924837,
standardized,uob,INR,SGD,INR/SGD,100,Indicative board,board,SGD 50 – 200,std_50_200,forex_sgd,29 September 2026 06:14:02 PM,29 September 2026 06:14:02 PM,2026-09-29T18:10:44.959391+00:00,1.37,,1.33,,MAS,3.0075187969924837,
standardized,uob,INR,SGD,INR/SGD,100,Indicative board,board,SGD < 50,std_lt_50,forex_sgd,29 September 2026 06:14:02 PM,29 September 2026 06:14:02 PM,2026-09-29T18:10:44.959391+00:00,1.37,,1.33,,MAS,3.0075187969924837,
standardized,uob,JPY,SGD,JPY/SGD,100,Indicative board,board,"SGD 200 – 39,999.99",std_200_40k,forex_sgd,29 September 2026 06:14:02 PM,29 September 2026 06:14:02 PM,2026-09-29T18:10:44.959391+00:00,0.8284,0.7944,0.8122,0.8114,MAS,1.9945826151194275,2.191578428958389
standardized,uob,JPY,SGD,JPY/SGD,100,Indicative board,board,"SGD 40,000 – 100,000",std_40k_100k,forex_sgd,29 September 2026 06:14:02 PM,29 September 2026 06:14:02 PM,2026-09-29T18:10:44.959391+00:00,0.8284,0.7944,0.8122,0.8114,MAS,1.9945826151194275,2.191578428958389
standardized,uob,JPY,SGD,JPY/SGD,100,Indicative board,board,SGD 50 – 200,std_50_200,forex_sgd,29 September 2026 06:14:02 PM,29 September 2026 06:14:02 PM,2026-09-29T18:10:44.959391+00:00,0.8284,0.7944,0.8122,0.8114,MAS,1.9945826151194275,2.191578428958389
standardized,uob,JPY,SGD,JPY/SGD,100,Indicative board,board,SGD < 50,std_lt_50,forex_sgd,29 September 2026 06:14:02 PM,29 September 2026 06:14:02 PM,2026-09-29T18:10:44.959391+00:00,0.8284,0.7944,0.8122,0.8114,MAS,1.9945826151194275,2.191578428958389
standardized,uob,KRW,SGD,KRW/SGD,1000,Indicative board,board,"SGD 200 – 39,999.99",std_200_40k,forex_sgd,29 September 2026 06:14:02 PM,29 September 2026 06:14:02 PM,2026-09-29T18:10:44.959391+00:00,0.9544,,0.941,,MAS,1.424017003188106,
standardized,uob,KRW,SGD,KRW/SGD,1000,Indicative board,board,"SGD 40,000 – 100,000",std_40k_100k,forex_sgd,29 September 2026 06:14:02 PM,29 September 2026 06:14:02 PM,2026-09-29T18:10:44.959391+00:00,0.9544,,0.941,,MAS,1.424017003188106,
standardized,uob,KRW,SGD,KRW/SGD,1000,Indicative board,board,SGD 50 – 200,std_50_200,forex_sgd,29 September 2026 06:14:02 PM,29 September 2026 06:14:02 PM,2026-09-29T18:10:44.959391+00:00,0.9544,,0.941,,MAS,1.424017003188106,
standardized,uob,KRW,SGD,KRW/SGD,1000,Indicative board,board,SGD < 50,std_lt_50,forex_sgd,29 September 2026 06:14:02 PM,29 September 2026 06:14:02 PM,2026-09-29T18:10:44.959391+00:00,0.9544,,0.941,,MAS,1.424017003188106,
standardized,uob,KWD,SGD,KWD/SGD,1,Indicative board,board,"SGD 200 – 39,999.99",std_200_40k,forex_sgd,29 September 2026 06:14:02 PM,29 September 2026 06:14:02 PM,2026-09-29T18:10:44.959391+00:00,4.1933,,,,,,
standardized,uob,KWD,SGD,KWD/SGD,1,Indicative board,board,"SGD 40,000 – 100,000",std_40k_100k,forex_sgd,29 September 2026 06:14:02 PM,29 September 2026 06:14:02 PM,2026-09-29T18:10:44.959391+00:00,4.1933,,,,,,
standardized,uob,KWD,SGD,KWD/SGD,1,Indicative board,board,SGD 50 – 200,std_50_200,forex_sgd,29 September 2026 06:14:02 PM,29 September 2026 06:14:02 PM,2026-09-29T18:10:44.959391+00:00,4.1933,,,,,,
standardized,uob,KWD,SGD,KWD/SGD,1,Indicative board,board,SGD < 50,std_lt_50,forex_sgd,29 September 2026 06:14:02 PM,29 September 2026 06:14:02 PM,2026-09-29T18:10:44.959391+00:00,4.1933,,,,,,
standardized,uob,LKR,SGD,LKR/SGD,100,Indicative board,board,"SGD 200 – 39,999.99",std_200_40k,forex_sgd,29 September 2026 06:14:02 PM,29 September 2026 06:14:02 PM,2026-09-29T18:10:44.959391+00:00,0.3926,,,,,,
standardized,uob,LKR,SGD,LKR/SGD,100,Indicative board,board,"SGD 40,000 – 100,000",std_40k_100k,forex_sgd,29 September 2026 06:14:02 PM,29 September 2026 06:14:02 PM,2026-09-29T18:10:44.959391+00:00,0.3926,,,,,,
standardized,uob,LKR,SGD,LKR/SGD,100,Indicative board,board,SGD 50 – 200,std_50_200,forex_sgd,29 September 2026 06:14:02 PM,29 September 2026 06:14:02 PM,2026-09-29T18:10:44.959391+00:00,0.3926,,,,,,
standardized,uob,LKR,SGD,LKR/SGD,100,Indicative board,board,SGD < 50,std_lt_50,forex_sgd,29 September 2026 06:14:02 PM,29 September 2026 06:14:02 PM,2026-09-29T18:10:44.959391+00:00,0.3926,,,,,,
standardized,uob,MXN,SGD,MXN/SGD,100,Indicative board,board,"SGD 200 – 39,999.99",std_200_40k,forex_sgd,29 September 2026 06:14:02 PM,29 September 2026 06:14:02 PM,2026-09-29T18:10:44.959391+00:00,7.1756,,,,,,
standardized,uob,MXN,SGD,MXN/SGD,100,Indicative board,board,"SGD 40,000 – 100,000",std_40k_100k,forex_sgd,29 September 2026 06:14:02 PM,29 September 2026 06:14:02 PM,2026-09-29T18:10:44.959391+00:00,7.1756,,,,,,
standardized,uob,MXN,SGD,MXN/SGD,100,Indicative board,board,SGD 50 – 200,std_50_200,forex_sgd,29 September 2026 06:14:02 PM,29 September 2026 06:14:02 PM,2026-09-29T18:10:44.959391+00:00,7.1756,,,,,,
standardized,uob,MXN,SGD,MXN/SGD,100,Indicative board,board,SGD < 50,std_lt_50,forex_sgd,29 September 2026 06:14:02 PM,29 September 2026 06:14:02 PM,2026-09-29T18:10:44.959391+00:00,7.1756,,,,,,
standardized,uob,MYR,SGD,MYR/SGD,100,Indicative board,board,"SGD 200 – 39,999.99",std_200_40k,forex_sgd,29 September 2026 06:14:02 PM,29 September 2026 06:14:02 PM,2026-09-29T18:10:44.959391+00:00,31.7662,,31.31,,MAS,1.457042478441401,
standardized,uob,MYR,SGD,MYR/SGD,100,Indicative board,board,"SGD 40,000 – 100,000",std_40k_100k,forex_sgd,29 September 2026 06:14:02 PM,29 September 2026 06:14:02 PM,2026-09-29T18:10:44.959391+00:00,31.7662,,31.31,,MAS,1.457042478441401,
standardized,uob,MYR,SGD,MYR/SGD,100,Indicative board,board,SGD 50 – 200,std_50_200,forex_sgd,29 September 2026 06:14:02 PM,29 September 2026 06:14:02 PM,2026-09-29T18:10:44.959391+00:00,31.7662,,31.31,,MAS,1.457042478441401,
standardized,uob,MYR,SGD,MYR/SGD,100,Indicative board,board,SGD < 50,std_lt_50,forex_sgd,29 September 2026 06:14:02 PM,29 September 2026 06:14:02 PM,2026-09-29T18:10:44.959391+00:00,31.7662,,31.31,,MAS,1.457042478441401,
standardized,uob,NOK,SGD,NOK/SGD,100,Indicative board,board,"SGD 200 – 39,999.99",std_200_40k,forex_sgd,29 September 2026 06:14:02 PM,29 September 2026 06:14:02 PM,2026-09-29T18:10:44.959391+00:00,13.54,13.1,,13.32,,,
standardized,uob,NOK,SGD,NOK/SGD,100,Indicative board,board,"SGD 40,000 – 100,000",std_40k_100k,forex_sgd,29 September 2026 06:14:02 PM,29 September 2026 06:14:02 PM,2026-09-29T18:10:44.959391+00:00,13.54,13.1,,13.32,,,
standardized,uob,NOK,SGD,NOK/SGD,100,Indicative board,board,SGD 50 – 200,std_50_200,forex_sgd,29 September 2026 06:14:02 PM,29 September 2026 06:14:02 PM,2026-09-29T18:10:44.959391+00:00,13.54,13.1,,13.32,,,
standardized,uob,NOK,SGD,NOK/SGD,100,Indicative board,board,SGD < 50,std_lt_50,forex_sgd,29 September 2026 06:14:02 PM,29 September 2026 06:14:02 PM,2026-09-29T18:10:44.959391+00:00,13.54,13.1,,13.32,,,
standardized,uob,NZD,SGD,NZD/SGD,1,Indicative board,board,"SGD 200 – 39,999.99",std_200_40k,forex_sgd,29 September 2026 06:14:02 PM,29 September 2026 06:14:02 PM,2026-09-29T18:10:44.959391+00:00,0.732,0.712,0.7240000000000001,0.722,MAS,1.1049723756905934,1.6574585635359282
standardized,uob,NZD,SGD,NZD/SGD,1,Indicative board,board,"SGD 40,000 – 100,000",std_40k_100k,forex_sgd,29 September 2026 06:14:02 PM,29 September 2026 06:14:02 PM,2026-09-29T18:10:44.959391+00:00,0.732,0.712,0.7240000000000001,0.722,MAS,1.1049723756905934,1.6574585635359282
standardized,uob,NZD,SGD,NZD/SGD,1,Indicative board,board,SGD 50 – 200,std_50_200,forex_sgd,29 September 2026 06:14:02 PM,29 September 2026 06:14:02 PM,2026-09-29T18:10:44.959391+00:00,0.732,0.712,0.7240000000000001,0.722,MAS,1.1049723756905934,1.6574585635359282
standardized,uob,NZD,SGD,NZD/SGD,1,Indicative board,board,SGD < 50,std_lt_50,forex_sgd,29 September 2026 06:14:02 PM,29 September 2026 06:14:02 PM,2026-09-29T18:10:44.959391+00:00,0.732,0.712,0.7240000000000001,0.722,MAS,1.1049723756905934,1.6574585635359282
standardized,uob,PHP,SGD,PHP/SGD,100,Indicative board,board,"SGD 200 – 39,999.99",std_200_40k,forex_sgd,29 September 2026 06:14:02 PM,29 September 2026 06:14:02 PM,2026-09-29T18:10:44.959391+00:00,2.0931,,2.0468,,MAS,2.2620676177447727,
standardized,uob,PHP,SGD,PHP/SGD,100,Indicative board,board,"SGD 40,000 – 100,000",std_40k_100k,forex_sgd,29 September 2026 06:14:02 PM,29 September 2026 06:14:02 PM,2026-09-29T18:10:44.959391+00:00,2.0931,,2.0468,,MAS,2.2620676177447727,
standardized,uob,PHP,SGD,PHP/SGD,100,Indicative board,board,SGD 50 – 200,std_50_200,forex_sgd,29 September 2026 06:14:02 PM,29 September 2026 06:14:02 PM,2026-09-29T18:10:44.959391+00:00,2.0931,,2.0468,,MAS,2.2620676177447727,
standardized,uob,PHP,SGD,PHP/SGD,100,Indicative board,board,SGD < 50,std_lt_50,forex_sgd,29 September 2026 06:14:02 PM,29 September 2026 06:14:02 PM,2026-09-29T18:10:44.959391+00:00,2.0931,,2.0468,,MAS,2.2620676177447727,
standardized,uob,PKR,SGD,PKR/SGD,100,Indicative board,board,"SGD 200 – 39,999.99",std_200_40k,forex_sgd,29 September 2026 06:14:02 PM,29 September 2026 06:14:02 PM,2026-09-29T18:10:44.959391+00:00,0.4676,,,,,,
standardized,uob,PKR,SGD,PKR/SGD,100,Indicative board,board,"SGD 40,000 – 100,000",std_40k_100k,forex_sgd,29 September 2026 06:14:02 PM,29 September 2026 06:14:02 PM,2026-09-29T18:10:44.959391+00:00,0.4676,,,,,,
standardized,uob,PKR,SGD,PKR/SGD,100,Indicative board,board,SGD 50 – 200,std_50_200,forex_sgd,29 September 2026 06:14:02 PM,29 September 2026 06:14:02 PM,2026-09-29T18:10:44.959391+00:00,0.4676,,,,,,
standardized,uob,PKR,SGD,PKR/SGD,100,Indicative board,board,SGD < 50,std_lt_50,forex_sgd,29 September 2026 06:14:02 PM,29 September 2026 06:14:02 PM,2026-09-29T18:10:44.959391+00:00,0.4676,,,,,,
standardized,uob,SAR,SGD,SAR/SGD,100,Indicative board,board,"SGD 200 – 39,999.99",std_200_40k,forex_sgd,29 September 2026 06:14:02 PM,29 September 2026 06:14:02 PM,2026-09-29T18:10:44.959391+00:00,,,34.06,,MAS,,
standardized,uob,SAR,SGD,SAR/SGD,100,Indicative board,board,"SGD 40,000 – 100,000",std_40k_100k,forex_sgd,29 September 2026 06:14:02 PM,29 September 2026 06:14:02 PM,2026-09-29T18:10:44.959391+00:00,,,34.06,,MAS,,
standardized,uob,SAR,SGD,SAR/SGD,100,Indicative board,board,SGD 50 – 200,std_50_200,forex_sgd,29 September 2026 06:14:02 PM,29 September 2026 06:14:02 PM,2026-09-29T18:10:44.959391+00:00,,,34.06,,MAS,,
standardized,uob,SAR,SGD,SAR/SGD,100,Indicative board,board,SGD < 50,std_lt_50,forex_sgd,29 September 2026 06:14:02 PM,29 September 2026 06:14:02 PM,2026-09-29T18:10:44.959391+00:00,,,34.06,,MAS,,
standardized,uob,SEK,SGD,SEK/SGD,100,Indicative board,board,"SGD 200 – 39,999.99",std_200_40k,forex_sgd,29 September 2026 06:14:02 PM,29 September 2026 06:14:02 PM,2026-09-29T18:10:44.959391+00:00,13.03,12.55,,12.79,,,
standardized,uob,SEK,SGD,SEK/SGD,100,Indicative board,board,"SGD 40,000 – 100,000",std_40k_100k,forex_sgd,29 September 2026 06:14:02 PM,29 September 2026 06:14:02 PM,2026-09-29T18:10:44.959391+00:00,13.03,12.55,,12.79,,,
standardized,uob,SEK,SGD,SEK/SGD,100,Indicative board,board,SGD 50 – 200,std_50_200,forex_sgd,29 September 2026 06:14:02 PM,29 September 2026 06:14:02 PM,2026-09-29T18:10:44.959391+00:00,13.03,12.55,,12.79,,,
standardized,uob,SEK,SGD,SEK/SGD,100,Indicative board,board,SGD < 50,std_lt_50,forex_sgd,29 September 2026 06:14:02 PM,29 September 2026 06:14:02 PM,2026-09-29T18:10:44.959391+00:00,13.03,12.55,,12.79,,,
standardized,uob,THB,SGD,THB/SGD,100,Indicative board,board,"SGD 200 – 39,999.99",std_200_40k,forex_sgd,29 September 2026 06:14:02 PM,29 September 2026 06:14:02 PM,2026-09-29T18:10:44.959391+00:00,3.91,3.71,3.8007,3.81,MAS,2.875786039413797,2.3864025048017474
standardized,uob,THB,SGD,THB/SGD,100,Indicative board,board,"SGD 40,000 – 100,000",std_40k_100k,forex_sgd,29 September 2026 06:14:02 PM,29 September 2026 06:14:02 PM,2026-09-29T18:10:44.959391+00:00,3.91,3.71,3.8007,3.81,MAS,2.875786039413797,2.3864025048017474
standardized,uob,THB,SGD,THB/SGD,100,Indicative board,board,SGD 50 – 200,std_50_200,forex_sgd,29 September 2026 06:14:02 PM,29 September 2026 06:14:02 PM,2026-09-29T18:10:44.959391+00:00,3.91,3.71,3.8007,3.81,MAS,2.875786039413797,2.3864025048017474
standardized,uob,THB,SGD,THB/SGD,100,Indicative board,board,SGD < 50,std_lt_50,forex_sgd,29 September 2026 06:14:02 PM,29 September 2026 06:14:02 PM,2026-09-29T18:10:44.959391+00:00,3.91,3.71,3.8007,3.81,MAS,2.875786039413797,2.3864025048017474
standardized,uob,TWD,SGD,TWD/SGD,100,Indicative board,board,"SGD 200 – 39,999.99",std_200_40k,forex_sgd,29 September 2026 06:14:02 PM,29 September 2026 06:14:02 PM,2026-09-29T18:10:44.959391+00:00,4.1069,,4.0155,,MAS,2.276179803262362,
standardized,uob,TWD,SGD,TWD/SGD,100,Indicative board,board,"SGD 40,000 – 100,000",std_40k_100k,forex_sgd,29 September 2026 06:14:02 PM,29 September 2026 06:14:02 PM,2026-09-29T18:10:44.959391+00:00,4.1069,,4.0155,,MAS,2.276179803262362,
standardized,uob,TWD,SGD,TWD/SGD,100,Indicative board,board,SGD 50 – 200,std_50_200,forex_sgd,29 September 2026 06:14:02 PM,29 September 2026 06:14:02 PM,2026-09-29T18:10:44.959391+00:00,4.1069,,4.0155,,MAS,2.276179803262362,
standardized,uob,TWD,SGD,TWD/SGD,100,Indicative board,board,SGD < 50,std_lt_50,forex_sgd,29 September 2026 06:14:02 PM,29 September 2026 06:14:02 PM,2026-09-29T18:10:44.959391+00:00,4.1069,,4.0155,,MAS,2.276179803262362,
standardized,uob,USD,SGD,USD/SGD,1,Indicative board,board,"SGD 200 – 39,999.99",std_200_40k,forex_sgd,29 September 2026 06:14:02 PM,29 September 2026 06:14:02 PM,2026-09-29T18:10:44.959391+00:00,1.2914,1.2674,1.2786,1.2794,MAS,1.0010949475989477,0.8759580791490597
standardized,uob,USD,SGD,USD/SGD,1,Indicative board,board,"SGD 40,000 – 100,000",std_40k_100k,forex_sgd,29 September 2026 06:14:02 PM,29 September 2026 06:14:02 PM,2026-09-29T18:10:44.959391+00:00,1.2914,1.2674,1.2786,1.2794,MAS,1.0010949475989477,0.8759580791490597
standardized,uob,USD,SGD,USD/SGD,1,Indicative board,board,SGD 50 – 200,std_50_200,forex_sgd,29 September 2026 06:14:02 PM,29 September 2026 06:14:02 PM,2026-09-29T18:10:44.959391+00:00,1.2914,1.2674,1.2786,1.2794,MAS,1.0010949475989477,0.8759580791490597
standardized,uob,USD,SGD,USD/SGD,1,Indicative board,board,SGD < 50,std_lt_50,forex_sgd,29 September 2026 06:14:02 PM,29 September 2026 06:14:02 PM,2026-09-29T18:10:44.959391+00:00,1.2914,1.2674,1.2786,1.2794,MAS,1.0010949475989477,0.8759580791490597
standardized,uob,VND,SGD,VND/SGD,1000,Indicative board,board,"SGD 200 – 39,999.99",std_200_40k,forex_sgd,29 September 2026 06:14:02 PM,29 September 2026 06:14:02 PM,2026-09-29T18:10:44.959391+00:00,0.0504,,0.04923,,MAS,2.3765996343692817,
standardized,uob,VND,SGD,VND/SGD,1000,Indicative board,board,"SGD 40,000 – 100,000",std_40k_100k,forex_sgd,29 September 2026 06:14:02 PM,29 September 2026 06:14:02 PM,2026-09-29T18:10:44.959391+00:00,0.0504,,0.04923,,MAS,2.3765996343692817,
standardized,uob,VND,SGD,VND/SGD,1000,Indicative board,board,SGD 50 – 200,std_50_200,forex_sgd,29 September 2026 06:14:02 PM,29 September 2026 06:14:02 PM,2026-09-29T18:10:44.959391+00:00,0.0504,,0.04923,,MAS,2.3765996343692817,
standardized,uob,VND,SGD,VND/SGD,1000,Indicative board,board,SGD < 50,std_lt_50,forex_sgd,29 September 2026 06:14:02 PM,29 September 2026 06:14:02 PM,2026-09-29T18:10:44.959391+00:00,0.0504,,0.04923,,MAS,2.3765996343692817,
standardized,uob,XAF,SGD,XAF/SGD,100,Indicative board,board,"SGD 200 – 39,999.99",std_200_40k,forex_sgd,29 September 2026 06:14:02 PM,29 September 2026 06:14:02 PM,2026-09-29T18:10:44.959391+00:00,0.2275,,,,,,
standardized,uob,XAF,SGD,XAF/SGD,100,Indicative board,board,"SGD 40,000 – 100,000",std_40k_100k,forex_sgd,29 September 2026 06:14:02 PM,29 September 2026 06:14:02 PM,2026-09-29T18:10:44.959391+00:00,0.2275,,,,,,
standardized,uob,XAF,SGD,XAF/SGD,100,Indicative board,board,SGD 50 – 200,std_50_200,forex_sgd,29 September 2026 06:14:02 PM,29 September 2026 06:14:02 PM,2026-09-29T18:10:44.959391+00:00,0.2275,,,,,,
standardized,uob,XAF,SGD,XAF/SGD,100,Indicative board,board,SGD < 50,std_lt_50,forex_sgd,29 September 2026 06:14:02 PM,29 September 2026 06:14:02 PM,2026-09-29T18:10:44.959391+00:00,0.2275,,,,,,
standardized,uob,XOF,SGD,XOF/SGD,100,Indicative board,board,"SGD 200 – 39,999.99",std_200_40k,forex_sgd,29 September 2026 06:14:02 PM,29 September 2026 06:14:02 PM,2026-09-29T18:10:44.959391+00:00,0.2291,,,,,,
standardized,uob,XOF,SGD,XOF/SGD,100,Indicative board,board,"SGD 40,000 – 100,000",std_40k_100k,forex_sgd,29 September 2026 06:14:02 PM,29 September 2026 06:14:02 PM,2026-09-29T18:10:44.959391+00:00,0.2291,,,,,,
standardized,uob,XOF,SGD,XOF/SGD,100,Indicative board,board,SGD 50 – 200,std_50_200,forex_sgd,29 September 2026 06:14:02 PM,29 September 2026 06:14:02 PM,2026-09-29T18:10:44.959391+00:00,0.2291,,,,,,
standardized,uob,XOF,SGD,XOF/SGD,100,Indicative board,board,SGD < 50,std_lt_50,forex_sgd,29 September 2026 06:14:02 PM,29 September 2026 06:14:02 PM,2026-09-29T18:10:44.959391+00:00,0.2291,,,,,,
standardized,uob,ZAR,SGD,ZAR/SGD,1,Indicative board,board,"SGD 200 – 39,999.99",std_200_40k,forex_sgd,29 September 2026 06:14:02 PM,29 September 2026 06:14:02 PM,2026-09-29T18:10:44.959391+00:00,0.0799,0.0759,,0.0779,,,
standardized,uob,ZAR,SGD,ZAR/SGD,1,Indicative board,board,"SGD 40,000 – 100,000",std_40k_100k,forex_sgd,29 September 2026 06:14:02 PM,29 September 2026 06:14:02 PM,2026-09-29T18:10:44.959391+00:00,0.0799,0.0759,,0.0779,,,
standardized,uob,ZAR,SGD,ZAR/SGD,1,Indicative board,board,SGD 50 – 200,std_50_200,forex_sgd,29 September 2026 06:14:02 PM,29 September 2026 06:14:02 PM,2026-09-29T18:10:44.959391+00:00,0.0799,0.0759,,0.0779,,,
standardized,uob,ZAR,SGD,ZAR/SGD,1,Indicative board,board,SGD < 50,std_lt_50,forex_sgd,29 September 2026 06:14:02 PM,29 September 2026 06:14:02 PM,2026-09-29T18:10:44.959391+00:00,0.0799,0.0759,,0.0779,,,
